# Channel: ZSensor
# Width: 2.000 µm
# Height: 0.500 µm
# Value units: m
1.0422e-007	1.0363e-007	1.0358e-007	1.0282e-007	1.0004e-007	9.8047e-008	9.6158e-008	9.6072e-008	9.473e-008	9.1831e-008	8.931e-008	8.7204e-008	8.5989e-008	8.428e-008	8.227e-008	7.8713e-008	7.3209e-008	7.2396e-008	7.0843e-008	6.892e-008	6.6496e-008	6.3381e-008	5.9916e-008	5.5535e-008	5.4244e-008	5.1166e-008	4.9525e-008	4.7394e-008	4.552e-008	4.3572e-008	4.185e-008	3.9222e-008	3.7548e-008	3.6121e-008	3.3876e-008	3.2481e-008	3.0169e-008	2.8125e-008	2.7165e-008	2.6424e-008	2.4295e-008	2.229e-008	2.1011e-008	1.998e-008	1.9255e-008	1.9428e-008	1.8434e-008	1.8089e-008	1.7892e-008	1.7836e-008	1.8157e-008	1.8406e-008	1.8561e-008	1.8196e-008	1.8359e-008	1.8826e-008	1.9422e-008	2.1564e-008	2.4139e-008	2.8028e-008	3.312e-008	3.662e-008	4.1766e-008	4.9301e-008	5.8392e-008	6.6748e-008	7.2946e-008	8.0235e-008	8.7252e-008	9.1149e-008	9.3783e-008	9.642e-008	9.9342e-008	1.0126e-007	1.0311e-007	1.036e-007	1.0378e-007	1.0392e-007	1.0436e-007	1.044e-007	1.046e-007	1.0457e-007	1.0308e-007	1.0128e-007	1.0004e-007	9.8113e-008	9.6906e-008	9.5089e-008	9.3198e-008	9.0915e-008	8.6988e-008	8.5517e-008	8.3951e-008	8.1439e-008	7.8266e-008	7.6596e-008	7.6213e-008	7.4456e-008	7.0988e-008	6.8223e-008	6.5517e-008	6.2892e-008	6.0093e-008	5.7447e-008	5.4832e-008	5.2344e-008	4.9544e-008	4.6997e-008	4.4117e-008	4.1723e-008	3.9578e-008	3.6717e-008	3.4714e-008	3.2744e-008	3.0909e-008	2.7041e-008	2.509e-008	2.2786e-008	2.1016e-008	1.9439e-008	1.8523e-008	1.7926e-008	1.7564e-008	1.6976e-008	1.6808e-008	1.6612e-008	1.6609e-008	1.6991e-008	1.7045e-008	1.6612e-008	1.7238e-008	1.7188e-008	1.74e-008	1.8232e-008	1.7812e-008	1.74e-008	1.7867e-008	1.8355e-008	2.0199e-008	2.2884e-008	2.7719e-008	3.4327e-008	4.2011e-008	4.8013e-008	5.6807e-008	6.3722e-008	6.9967e-008	7.7528e-008	8.4195e-008	8.8327e-008	9.3876e-008	9.738e-008	1.0049e-007	1.0366e-007	1.0596e-007	1.0683e-007	1.0728e-007	1.069e-007	1.0816e-007	1.0851e-007	1.0995e-007	1.108e-007	1.0985e-007	1.0821e-007	1.0501e-007	1.0296e-007	1.0073e-007	9.7469e-008	9.4834e-008	9.3265e-008	8.9352e-008	8.6847e-008	8.4793e-008	8.1545e-008	8.024e-008	7.8339e-008	7.6096e-008	7.4301e-008	7.2916e-008	7.0759e-008	6.7754e-008	6.5043e-008	6.3266e-008	6.1458e-008	6.0244e-008	5.7937e-008	5.5795e-008	5.2877e-008	5.0474e-008	4.7965e-008	4.6114e-008	4.3759e-008	4.1297e-008	3.8673e-008	3.6438e-008	3.4987e-008	3.3251e-008	3.0035e-008	2.816e-008	2.4947e-008	2.2883e-008	2.0628e-008	1.9765e-008	1.9013e-008	1.8185e-008	1.7211e-008	1.7136e-008	1.7111e-008	1.6833e-008	1.6163e-008	1.6689e-008	1.6985e-008	1.6757e-008	1.6645e-008	1.6867e-008	1.8129e-008	1.8896e-008	2.121e-008	2.3393e-008	2.6534e-008	2.9754e-008	3.4506e-008	4.3303e-008	5.2567e-008	5.8972e-008	6.4629e-008	6.98e-008	7.7378e-008	8.4312e-008	8.9839e-008	9.5156e-008	9.9716e-008	1.0021e-007	1.02e-007	1.032e-007	1.0412e-007	1.0494e-007	1.0475e-007	1.0552e-007	1.0483e-007	1.0436e-007	1.0373e-007	1.0335e-007	1.0327e-007	1.009e-007	9.8858e-008	9.7342e-008	9.526e-008	9.3065e-008	9.1916e-008	9.0972e-008	8.9949e-008	8.5907e-008	8.299e-008	8.0225e-008	7.8888e-008	7.6783e-008	7.4369e-008	7.2767e-008	6.9789e-008	6.5618e-008	6.1854e-008	6.0074e-008	5.7296e-008	5.3172e-008	5.131e-008	4.9432e-008	4.6155e-008	4.4087e-008	4.1687e-008	3.8471e-008	3.5015e-008	3.1709e-008	2.9134e-008	2.6058e-008	2.4513e-008	2.2385e-008	2.0302e-008	1.8102e-008	1.6302e-008	1.5923e-008	1.548e-008	1.5881e-008	1.5801e-008	1.5616e-008	1.5124e-008	1.5253e-008	1.533e-008	1.5237e-008	1.54e-008	1.5e-008	1.4858e-008	1.5011e-008	1.5053e-008	1.5034e-008	1.6141e-008	1.7e-008	1.8883e-008	2.1493e-008	2.4579e-008	2.7263e-008	3.3272e-008	4.1704e-008	4.8285e-008	5.5053e-008	6.261e-008	7.2121e-008	7.8912e-008	8.3967e-008	8.6571e-008	8.8862e-008	9.1504e-008	9.5456e-008	9.8314e-008	1.005e-007	1.023e-007	1.029e-007	1.0387e-007	1.0365e-007	1.0297e-007	1.0235e-007	1.0255e-007	1.0202e-007	1.0098e-007	9.8938e-008	9.7136e-008	9.5539e-008	9.5216e-008	9.4456e-008	9.226e-008	8.8765e-008	8.5921e-008	8.3599e-008	8.1356e-008	7.9395e-008	7.8267e-008	7.6373e-008	7.3765e-008	7.2663e-008	7.016e-008	6.6693e-008	6.4305e-008	6.1301e-008	5.9272e-008	5.7081e-008	5.3885e-008	5.038e-008	4.9174e-008	4.6121e-008	4.4455e-008	4.3026e-008	4.037e-008	3.8583e-008	3.5949e-008	3.4325e-008	3.2098e-008	3.0514e-008	2.8722e-008	2.6455e-008	2.5232e-008	2.2942e-008	2.1018e-008	1.9686e-008	1.8139e-008	1.695e-008	1.6226e-008	1.5366e-008	1.4547e-008	1.431e-008	1.4345e-008	1.3672e-008	1.3366e-008	1.3775e-008	1.3421e-008	1.4074e-008	1.5385e-008	1.7877e-008	2.058e-008	2.3018e-008	2.7343e-008	3.1998e-008	3.7395e-008	4.3291e-008	4.9526e-008	5.5189e-008	6.3298e-008	6.973e-008	7.3611e-008	7.7525e-008	8.1887e-008	8.6535e-008	9.0462e-008	9.3585e-008	9.5998e-008	9.8522e-008	1.0048e-007	1.0069e-007	1.0047e-007	1.0099e-007	1.0078e-007	1.0113e-007	1.0146e-007	1.0124e-007	1.0052e-007	9.8951e-008	9.798e-008	9.7807e-008	9.6046e-008	9.2703e-008	9.0697e-008	8.84e-008	8.7181e-008	8.6467e-008	8.5828e-008	8.3443e-008	8.0399e-008	7.7961e-008	7.5649e-008	7.4053e-008	7.159e-008	6.9647e-008	6.7916e-008	6.6294e-008	6.3736e-008	6.1231e-008	5.9454e-008	5.779e-008	5.515e-008	5.2853e-008	5.0049e-008	4.8778e-008	4.6735e-008	4.5253e-008	4.2932e-008	4.1318e-008	3.8839e-008	3.7454e-008	3.4212e-008	3.1669e-008	2.9527e-008	2.7382e-008	2.5032e-008	2.3696e-008	2.249e-008	1.9575e-008	1.7679e-008	1.5808e-008	1.4313e-008	1.3812e-008	1.3268e-008	1.3453e-008	1.3508e-008	1.3816e-008	1.3823e-008	1.4618e-008	1.5656e-008	1.6188e-008	1.8624e-008	2.08e-008	2.2942e-008	2.5852e-008	3.1162e-008	3.6243e-008	4.1873e-008	4.8133e-008	5.2739e-008	5.8922e-008	6.6884e-008	7.3616e-008	7.8254e-008	8.2409e-008	8.6966e-008	8.9424e-008	9.1396e-008	9.4243e-008	9.6655e-008	9.8832e-008	1.004e-007	1.0187e-007	1.0256e-007	1.0185e-007	1.02e-007	1.0218e-007	1.01e-007	9.8962e-008	9.6656e-008	9.5053e-008	9.3344e-008	9.0694e-008	8.9316e-008	8.6876e-008	8.4149e-008	8.2698e-008	7.9548e-008	7.7807e-008	7.5487e-008	7.2302e-008	7.0232e-008	6.8514e-008	6.7097e-008	6.6009e-008	6.4814e-008	6.3105e-008	6.101e-008	5.8475e-008	5.691e-008	5.4864e-008	5.2097e-008	4.9413e-008	4.7949e-008	4.4681e-008	4.3612e-008
1.0228e-007	1.0239e-007	1.0265e-007	1.024e-007	9.9491e-008	9.8358e-008	9.6111e-008	9.5626e-008	9.4711e-008	9.0052e-008	8.9045e-008	8.6137e-008	8.5128e-008	8.3277e-008	8.1237e-008	7.9428e-008	7.7451e-008	7.3139e-008	7.1394e-008	6.9408e-008	6.5642e-008	6.1404e-008	5.8992e-008	5.6005e-008	5.2748e-008	5.0796e-008	4.9142e-008	4.6128e-008	4.4411e-008	4.1017e-008	3.9769e-008	3.8543e-008	3.6424e-008	3.4721e-008	3.2879e-008	3.1001e-008	2.9134e-008	2.7069e-008	2.6663e-008	2.4821e-008	2.2703e-008	2.16e-008	1.9626e-008	1.8503e-008	1.7843e-008	1.7805e-008	1.7017e-008	1.7142e-008	1.7386e-008	1.7061e-008	1.7161e-008	1.7028e-008	1.6731e-008	1.7089e-008	1.7709e-008	1.7828e-008	1.8638e-008	1.9284e-008	2.1329e-008	2.5628e-008	3.0894e-008	3.586e-008	4.0287e-008	4.7266e-008	5.7002e-008	6.434e-008	7.1138e-008	7.9355e-008	8.6813e-008	9.0561e-008	9.259e-008	9.5163e-008	9.7821e-008	9.9179e-008	1.009e-007	1.0165e-007	1.0221e-007	1.0275e-007	1.0299e-007	1.0341e-007	1.029e-007	1.0257e-007	1.0099e-007	9.89e-008	9.7773e-008	9.7292e-008	9.5797e-008	9.385e-008	9.0755e-008	8.7909e-008	8.5939e-008	8.3799e-008	8.1862e-008	7.9893e-008	7.7979e-008	7.5414e-008	7.3463e-008	7.2467e-008	7.0182e-008	6.5935e-008	6.4458e-008	6.0524e-008	5.729e-008	5.6485e-008	5.4142e-008	5.1716e-008	4.9726e-008	4.5516e-008	4.3707e-008	4.1397e-008	3.8758e-008	3.6369e-008	3.3694e-008	3.275e-008	3.0198e-008	2.6699e-008	2.4366e-008	2.1891e-008	1.9905e-008	1.8658e-008	1.7511e-008	1.6702e-008	1.7018e-008	1.655e-008	1.5896e-008	1.5563e-008	1.5412e-008	1.5581e-008	1.5482e-008	1.5688e-008	1.5713e-008	1.5445e-008	1.6701e-008	1.6991e-008	1.7159e-008	1.6993e-008	1.725e-008	1.7923e-008	1.8847e-008	2.2098e-008	2.6379e-008	3.3647e-008	4.1092e-008	4.7835e-008	5.6508e-008	6.3082e-008	6.8889e-008	7.6056e-008	8.3974e-008	8.8217e-008	9.1138e-008	9.6008e-008	9.9745e-008	1.034e-007	1.0518e-007	1.0665e-007	1.0739e-007	1.0744e-007	1.0778e-007	1.0811e-007	1.087e-007	1.0921e-007	1.0846e-007	1.0662e-007	1.0413e-007	1.0142e-007	9.9833e-008	9.8089e-008	9.4498e-008	9.1214e-008	8.8599e-008	8.624e-008	8.3694e-008	8.1083e-008	7.9508e-008	7.7064e-008	7.4589e-008	7.2878e-008	7.1436e-008	6.9682e-008	6.7128e-008	6.5474e-008	6.2154e-008	6.0678e-008	5.9731e-008	5.7562e-008	5.6153e-008	5.2411e-008	4.8453e-008	4.6928e-008	4.4486e-008	4.175e-008	3.9746e-008	3.76e-008	3.6176e-008	3.4042e-008	3.0933e-008	2.8246e-008	2.6624e-008	2.3644e-008	2.1955e-008	1.9744e-008	1.8343e-008	1.7635e-008	1.724e-008	1.6842e-008	1.6186e-008	1.5924e-008	1.5936e-008	1.5246e-008	1.5679e-008	1.5881e-008	1.5443e-008	1.5826e-008	1.6071e-008	1.661e-008	1.8159e-008	2.0317e-008	2.3016e-008	2.5291e-008	2.8407e-008	3.435e-008	4.2131e-008	5.1442e-008	5.8536e-008	6.3609e-008	6.8566e-008	7.6311e-008	8.2575e-008	8.8304e-008	9.3203e-008	9.7613e-008	9.931e-008	1.0041e-007	1.0154e-007	1.0338e-007	1.0376e-007	1.0431e-007	1.0481e-007	1.0454e-007	1.0404e-007	1.0389e-007	1.025e-007	1.0233e-007	1.0043e-007	9.7678e-008	9.6287e-008	9.4454e-008	9.2681e-008	9.1301e-008	8.8832e-008	8.6852e-008	8.3347e-008	8.0923e-008	7.9102e-008	7.7307e-008	7.5106e-008	7.298e-008	7.1441e-008	6.7216e-008	6.3355e-008	6.1033e-008	5.9057e-008	5.5827e-008	5.2944e-008	5.0491e-008	4.868e-008	4.4967e-008	4.2777e-008	4.027e-008	3.7861e-008	3.463e-008	3.1785e-008	2.8585e-008	2.5867e-008	2.3258e-008	2.1368e-008	1.8747e-008	1.7268e-008	1.6155e-008	1.5263e-008	1.4871e-008	1.4867e-008	1.47e-008	1.4304e-008	1.4047e-008	1.4153e-008	1.4263e-008	1.3714e-008	1.3129e-008	1.3831e-008	1.3453e-008	1.3913e-008	1.4131e-008	1.4404e-008	1.5016e-008	1.5451e-008	1.719e-008	1.9852e-008	2.2809e-008	2.6115e-008	3.2638e-008	3.9682e-008	4.6246e-008	5.276e-008	5.9257e-008	7.0489e-008	7.8194e-008	8.1845e-008	8.5063e-008	8.7974e-008	9.0941e-008	9.4218e-008	9.7953e-008	1.008e-007	1.0216e-007	1.0317e-007	1.0258e-007	1.0258e-007	1.0206e-007	1.0107e-007	1.0103e-007	1.011e-007	9.9601e-008	9.8318e-008	9.6967e-008	9.475e-008	9.2872e-008	9.1674e-008	8.9991e-008	8.6932e-008	8.4956e-008	8.3104e-008	8.0355e-008	7.9298e-008	7.6905e-008	7.5179e-008	7.2241e-008	6.9149e-008	6.7543e-008	6.4935e-008	6.297e-008	6.0248e-008	5.81e-008	5.5905e-008	5.274e-008	5.053e-008	4.8046e-008	4.5916e-008	4.297e-008	4.0901e-008	3.9109e-008	3.6563e-008	3.4669e-008	3.2724e-008	3.0996e-008	2.9478e-008	2.7267e-008	2.4529e-008	2.2805e-008	2.106e-008	1.9102e-008	1.7648e-008	1.6224e-008	1.5055e-008	1.4519e-008	1.3791e-008	1.3174e-008	1.3084e-008	1.3297e-008	1.2948e-008	1.2317e-008	1.208e-008	1.2417e-008	1.3141e-008	1.4259e-008	1.5334e-008	1.838e-008	2.1601e-008	2.6087e-008	3.1237e-008	3.6175e-008	4.1926e-008	4.7396e-008	5.4854e-008	6.2625e-008	6.9367e-008	7.3254e-008	7.6861e-008	8.0073e-008	8.4096e-008	8.7966e-008	9.2283e-008	9.4264e-008	9.73e-008	9.9317e-008	9.9796e-008	1.0018e-007	1.0033e-007	1.0032e-007	1.0078e-007	1.011e-007	1.0071e-007	9.8959e-008	9.7385e-008	9.6852e-008	9.641e-008	9.4989e-008	9.3606e-008	9.0179e-008	8.7925e-008	8.6887e-008	8.6052e-008	8.4087e-008	8.033e-008	7.8738e-008	7.6052e-008	7.5113e-008	7.322e-008	7.1812e-008	6.9227e-008	6.6686e-008	6.526e-008	6.2968e-008	5.9968e-008	5.8548e-008	5.5817e-008	5.3438e-008	5.1472e-008	4.971e-008	4.8911e-008	4.5772e-008	4.4132e-008	4.1864e-008	3.9338e-008	3.7483e-008	3.5475e-008	3.3076e-008	3.1733e-008	2.832e-008	2.7567e-008	2.4747e-008	2.2993e-008	2.1007e-008	1.8652e-008	1.7163e-008	1.57e-008	1.434e-008	1.3359e-008	1.265e-008	1.2689e-008	1.2388e-008	1.2448e-008	1.246e-008	1.3039e-008	1.358e-008	1.4344e-008	1.6553e-008	1.8396e-008	2.0881e-008	2.3398e-008	3.0017e-008	3.527e-008	4.0992e-008	4.6898e-008	5.1377e-008	5.9041e-008	6.5662e-008	7.2139e-008	7.6597e-008	8.1508e-008	8.5775e-008	8.8485e-008	9.1795e-008	9.4688e-008	9.5691e-008	9.6421e-008	9.8027e-008	9.9772e-008	1.0059e-007	1.0034e-007	1.004e-007	1.0075e-007	9.9216e-008	9.6091e-008	9.4289e-008	9.3399e-008	9.3008e-008	9.1214e-008	8.904e-008	8.6189e-008	8.3613e-008	8.0701e-008	7.8326e-008	7.697e-008	7.3845e-008	7.1002e-008	6.894e-008	6.7568e-008	6.6643e-008	6.4721e-008	6.3249e-008	6.0987e-008	5.863e-008	5.7539e-008	5.5682e-008	5.3043e-008	5.0444e-008	4.818e-008	4.6395e-008	4.3943e-008	4.2099e-008
1.0133e-007	1.0111e-007	1.012e-007	1.0092e-007	1.0009e-007	9.8292e-008	9.69e-008	9.6199e-008	9.4393e-008	9.0658e-008	8.6839e-008	8.483e-008	8.3123e-008	8.186e-008	8.0684e-008	7.8363e-008	7.6712e-008	7.408e-008	7.0951e-008	6.8876e-008	6.485e-008	6.0866e-008	5.7253e-008	5.5352e-008	5.1857e-008	5.0268e-008	4.8335e-008	4.5131e-008	4.3178e-008	4.055e-008	3.8872e-008	3.7937e-008	3.5594e-008	3.3589e-008	3.1724e-008	3.0393e-008	2.8362e-008	2.689e-008	2.5678e-008	2.3647e-008	2.1903e-008	1.9988e-008	1.8333e-008	1.7754e-008	1.7362e-008	1.6459e-008	1.6046e-008	1.6533e-008	1.6576e-008	1.6208e-008	1.6498e-008	1.7013e-008	1.7243e-008	1.7047e-008	1.7363e-008	1.7724e-008	1.7711e-008	1.7902e-008	2.0476e-008	2.3764e-008	2.8873e-008	3.4372e-008	3.8953e-008	4.54e-008	5.5464e-008	6.3599e-008	7.0769e-008	7.8211e-008	8.4992e-008	9.0604e-008	9.2715e-008	9.5217e-008	9.6338e-008	9.9328e-008	1.0036e-007	1.011e-007	1.0171e-007	1.0238e-007	1.0245e-007	1.025e-007	1.0167e-007	1.0076e-007	9.9318e-008	9.7941e-008	9.6438e-008	9.5506e-008	9.5796e-008	9.2338e-008	8.938e-008	8.7203e-008	8.4748e-008	8.3053e-008	8.145e-008	8.0183e-008	7.7848e-008	7.5011e-008	7.2198e-008	7.0958e-008	6.8189e-008	6.5821e-008	6.3958e-008	6.2249e-008	5.8898e-008	5.5418e-008	5.3929e-008	5.2688e-008	4.8594e-008	4.6307e-008	4.2999e-008	4.0067e-008	3.7982e-008	3.6341e-008	3.4381e-008	3.2048e-008	2.9347e-008	2.6113e-008	2.4233e-008	2.1289e-008	1.8728e-008	1.7269e-008	1.6796e-008	1.6421e-008	1.6542e-008	1.634e-008	1.5036e-008	1.5161e-008	1.4614e-008	1.5229e-008	1.4736e-008	1.4787e-008	1.5326e-008	1.5326e-008	1.5524e-008	1.6235e-008	1.6585e-008	1.6822e-008	1.6679e-008	1.7689e-008	1.847e-008	2.1021e-008	2.506e-008	3.185e-008	3.9896e-008	4.7062e-008	5.5489e-008	6.2244e-008	6.7159e-008	7.3791e-008	8.2411e-008	8.7621e-008	9.0763e-008	9.3398e-008	9.9541e-008	1.0346e-007	1.0516e-007	1.0594e-007	1.069e-007	1.0696e-007	1.0728e-007	1.0741e-007	1.0709e-007	1.0714e-007	1.0668e-007	1.0411e-007	1.0252e-007	1.0017e-007	9.8719e-008	9.6902e-008	9.4095e-008	9.0759e-008	8.8342e-008	8.5531e-008	8.3027e-008	8.1432e-008	7.8593e-008	7.609e-008	7.3602e-008	7.1308e-008	7.0032e-008	6.79e-008	6.5995e-008	6.3351e-008	6.0618e-008	5.931e-008	5.7852e-008	5.6639e-008	5.5098e-008	5.171e-008	4.9344e-008	4.6101e-008	4.3429e-008	3.998e-008	3.8052e-008	3.6334e-008	3.4528e-008	3.2206e-008	3.0046e-008	2.8085e-008	2.5249e-008	2.3327e-008	2.0735e-008	1.794e-008	1.697e-008	1.6516e-008	1.5864e-008	1.5751e-008	1.5259e-008	1.476e-008	1.4736e-008	1.458e-008	1.4571e-008	1.5048e-008	1.4901e-008	1.5178e-008	1.5337e-008	1.5622e-008	1.6872e-008	1.8926e-008	2.1345e-008	2.3442e-008	2.7457e-008	3.3578e-008	4.1245e-008	4.9513e-008	5.6039e-008	6.1771e-008	6.6853e-008	7.373e-008	8.0139e-008	8.6423e-008	9.1594e-008	9.539e-008	9.8161e-008	1.0006e-007	1.0195e-007	1.0269e-007	1.0322e-007	1.0314e-007	1.0354e-007	1.0329e-007	1.0373e-007	1.046e-007	1.0389e-007	1.0199e-007	1.004e-007	9.7502e-008	9.5852e-008	9.4656e-008	9.3212e-008	9.0602e-008	8.8058e-008	8.5424e-008	8.2903e-008	8.0934e-008	7.8645e-008	7.58e-008	7.3597e-008	7.183e-008	6.9863e-008	6.6485e-008	6.2851e-008	6.0732e-008	5.8488e-008	5.5647e-008	5.2228e-008	4.9903e-008	4.7473e-008	4.4609e-008	4.2018e-008	3.9852e-008	3.6209e-008	3.2402e-008	3.1234e-008	2.8268e-008	2.5466e-008	2.3152e-008	2.0923e-008	1.8373e-008	1.6349e-008	1.5026e-008	1.4575e-008	1.3816e-008	1.3843e-008	1.3921e-008	1.4043e-008	1.3869e-008	1.3677e-008	1.4281e-008	1.3749e-008	1.2819e-008	1.3198e-008	1.2931e-008	1.3412e-008	1.3903e-008	1.3842e-008	1.422e-008	1.5038e-008	1.6527e-008	1.9642e-008	2.2127e-008	2.6057e-008	3.4155e-008	3.8904e-008	4.488e-008	5.1155e-008	5.7908e-008	6.8978e-008	7.6671e-008	8.168e-008	8.3848e-008	8.7465e-008	9.1027e-008	9.4012e-008	9.7142e-008	1.0103e-007	1.0258e-007	1.0473e-007	1.0517e-007	1.0422e-007	1.0253e-007	1.0122e-007	1.0056e-007	1.0091e-007	1.0037e-007	9.7581e-008	9.6985e-008	9.3916e-008	9.1976e-008	9.0203e-008	8.8478e-008	8.6414e-008	8.3695e-008	8.1543e-008	8.0471e-008	7.9732e-008	7.7131e-008	7.3009e-008	7.0872e-008	6.8459e-008	6.5785e-008	6.3988e-008	6.1582e-008	5.9313e-008	5.6754e-008	5.5188e-008	5.2546e-008	5.0031e-008	4.6851e-008	4.4061e-008	4.0262e-008	3.8605e-008	3.6549e-008	3.5002e-008	3.3041e-008	3.1452e-008	2.9129e-008	2.7097e-008	2.4546e-008	2.3058e-008	2.0501e-008	1.8534e-008	1.7145e-008	1.5257e-008	1.4842e-008	1.389e-008	1.3075e-008	1.2496e-008	1.2072e-008	1.1553e-008	1.1687e-008	1.1617e-008	1.1597e-008	1.1522e-008	1.1592e-008	1.1805e-008	1.3338e-008	1.4617e-008	1.636e-008	1.9853e-008	2.5005e-008	3.0315e-008	3.5483e-008	4.0773e-008	4.6572e-008	5.3969e-008	6.1967e-008	6.8402e-008	7.2393e-008	7.5502e-008	7.8862e-008	8.1808e-008	8.6982e-008	8.9818e-008	9.3123e-008	9.5069e-008	9.7501e-008	9.9002e-008	9.9843e-008	9.9374e-008	9.9059e-008	9.9883e-008	9.992e-008	9.9446e-008	9.8092e-008	9.6503e-008	9.4275e-008	9.393e-008	9.3597e-008	9.1987e-008	8.8363e-008	8.765e-008	8.5909e-008	8.4378e-008	8.1974e-008	7.9542e-008	7.7076e-008	7.6205e-008	7.4814e-008	7.2723e-008	7.0803e-008	6.8414e-008	6.5797e-008	6.4225e-008	6.0335e-008	5.8798e-008	5.659e-008	5.5079e-008	5.2471e-008	5.0728e-008	4.8825e-008	4.7674e-008	4.5374e-008	4.3557e-008	4.0199e-008	3.8207e-008	3.5728e-008	3.2865e-008	3.1909e-008	2.9798e-008	2.7787e-008	2.5562e-008	2.3984e-008	2.2715e-008	2.0325e-008	1.8054e-008	1.6449e-008	1.4302e-008	1.2702e-008	1.2162e-008	1.1834e-008	1.169e-008	1.1465e-008	1.1402e-008	1.1418e-008	1.1275e-008	1.1841e-008	1.2815e-008	1.4978e-008	1.7084e-008	1.871e-008	2.3254e-008	2.8303e-008	3.3559e-008	3.9353e-008	4.5727e-008	5.1539e-008	5.8169e-008	6.5836e-008	7.1728e-008	7.5385e-008	7.9951e-008	8.3575e-008	8.866e-008	9.1523e-008	9.2346e-008	9.6039e-008	9.6382e-008	9.7226e-008	9.7774e-008	9.8951e-008	9.9232e-008	9.8844e-008	9.767e-008	9.6647e-008	9.5581e-008	9.3787e-008	9.1781e-008	9.1049e-008	9.0309e-008	8.7796e-008	8.5424e-008	8.2682e-008	7.9373e-008	7.6814e-008	7.3484e-008	7.2018e-008	6.9716e-008	6.7483e-008	6.6981e-008	6.5563e-008	6.2844e-008	6.122e-008	5.9512e-008	5.825e-008	5.7358e-008	5.4703e-008	5.0955e-008	4.8541e-008	4.5626e-008	4.2764e-008	4.1357e-008	4.0748e-008
1.0086e-007	1.0002e-007	9.9366e-008	9.9806e-008	1.0003e-007	9.9369e-008	9.6883e-008	9.544e-008	9.3263e-008	8.8572e-008	8.5625e-008	8.3029e-008	8.1277e-008	8.0729e-008	7.9666e-008	7.7267e-008	7.5167e-008	7.2381e-008	6.9156e-008	6.6181e-008	6.3489e-008	6.0156e-008	5.6794e-008	5.3992e-008	5.1803e-008	4.8866e-008	4.6073e-008	4.3796e-008	4.2456e-008	3.9733e-008	3.7698e-008	3.6413e-008	3.4479e-008	3.2404e-008	3.0859e-008	2.9078e-008	2.725e-008	2.5515e-008	2.3439e-008	2.2027e-008	1.9681e-008	1.8605e-008	1.6979e-008	1.6527e-008	1.6021e-008	1.5707e-008	1.5546e-008	1.4999e-008	1.5101e-008	1.4615e-008	1.5088e-008	1.56e-008	1.5749e-008	1.5735e-008	1.5956e-008	1.6698e-008	1.6997e-008	1.7217e-008	1.8832e-008	2.2865e-008	2.7479e-008	3.2421e-008	3.7365e-008	4.3326e-008	5.2136e-008	6.1555e-008	6.903e-008	7.7634e-008	8.3481e-008	8.8102e-008	9.1031e-008	9.3331e-008	9.4805e-008	9.6844e-008	9.9037e-008	1.0041e-007	1.0122e-007	1.0144e-007	1.0129e-007	1.0034e-007	1.0013e-007	9.9449e-008	9.8133e-008	9.669e-008	9.5088e-008	9.4248e-008	9.4214e-008	9.2297e-008	8.8276e-008	8.581e-008	8.4277e-008	8.2451e-008	8.0235e-008	7.932e-008	7.7428e-008	7.5051e-008	7.1332e-008	6.8774e-008	6.8324e-008	6.5879e-008	6.4052e-008	6.1127e-008	5.7461e-008	5.4912e-008	5.2576e-008	5.0597e-008	4.7518e-008	4.5577e-008	4.2161e-008	3.9626e-008	3.6472e-008	3.452e-008	3.2614e-008	3.0562e-008	2.7632e-008	2.5371e-008	2.2702e-008	1.9912e-008	1.7847e-008	1.6681e-008	1.5904e-008	1.602e-008	1.5676e-008	1.5346e-008	1.4017e-008	1.4311e-008	1.4601e-008	1.4594e-008	1.418e-008	1.4124e-008	1.4277e-008	1.4084e-008	1.4831e-008	1.5283e-008	1.5444e-008	1.5488e-008	1.6111e-008	1.6612e-008	1.8295e-008	2.0071e-008	2.4081e-008	2.9828e-008	3.8297e-008	4.4678e-008	5.2122e-008	6.0229e-008	6.5405e-008	7.321e-008	8.0609e-008	8.571e-008	8.8881e-008	9.2004e-008	9.7795e-008	1.0187e-007	1.0337e-007	1.0422e-007	1.05e-007	1.0617e-007	1.0643e-007	1.0665e-007	1.0671e-007	1.0593e-007	1.0517e-007	1.037e-007	1.0231e-007	9.9404e-008	9.7095e-008	9.6064e-008	9.3304e-008	9.0654e-008	8.7894e-008	8.5358e-008	8.3903e-008	8.1881e-008	7.8295e-008	7.6286e-008	7.3152e-008	7.061e-008	6.9551e-008	6.6652e-008	6.4524e-008	6.2824e-008	6.0194e-008	5.8278e-008	5.6799e-008	5.5077e-008	5.2771e-008	5.1056e-008	4.8274e-008	4.4336e-008	4.0842e-008	3.8763e-008	3.7296e-008	3.5579e-008	3.3559e-008	3.0821e-008	2.8733e-008	2.617e-008	2.4387e-008	2.211e-008	1.9008e-008	1.7602e-008	1.6434e-008	1.5067e-008	1.459e-008	1.4125e-008	1.3943e-008	1.3197e-008	1.355e-008	1.3924e-008	1.4121e-008	1.3911e-008	1.3724e-008	1.3946e-008	1.432e-008	1.5126e-008	1.5296e-008	1.7526e-008	1.9695e-008	2.189e-008	2.6693e-008	3.2967e-008	3.9988e-008	4.7509e-008	5.3544e-008	5.9739e-008	6.7132e-008	7.2461e-008	7.8745e-008	8.506e-008	9.0482e-008	9.4486e-008	9.6711e-008	9.9819e-008	1.0155e-007	1.0267e-007	1.0258e-007	1.0266e-007	1.0228e-007	1.0185e-007	1.025e-007	1.0322e-007	1.0206e-007	1.0076e-007	9.8937e-008	9.7237e-008	9.4512e-008	9.3596e-008	9.1476e-008	8.9973e-008	8.6107e-008	8.4125e-008	8.1992e-008	8.0526e-008	7.8098e-008	7.5126e-008	7.27e-008	7.0245e-008	6.791e-008	6.4631e-008	6.3061e-008	6.0577e-008	5.852e-008	5.5323e-008	5.1083e-008	4.8674e-008	4.6401e-008	4.423e-008	4.1858e-008	3.9243e-008	3.5825e-008	3.1323e-008	3.0175e-008	2.8099e-008	2.6142e-008	2.3323e-008	1.9911e-008	1.8069e-008	1.4591e-008	1.4066e-008	1.3308e-008	1.2822e-008	1.3286e-008	1.298e-008	1.3036e-008	1.2829e-008	1.2844e-008	1.3237e-008	1.3297e-008	1.3173e-008	1.2733e-008	1.2032e-008	1.2217e-008	1.2863e-008	1.2639e-008	1.2777e-008	1.3435e-008	1.5673e-008	1.9013e-008	2.1566e-008	2.589e-008	3.3704e-008	3.8514e-008	4.4308e-008	4.9957e-008	5.6877e-008	6.6152e-008	7.5677e-008	8.0714e-008	8.3856e-008	8.6818e-008	9.1742e-008	9.5438e-008	9.7532e-008	1.009e-007	1.0225e-007	1.0381e-007	1.0363e-007	1.026e-007	1.0135e-007	1.0147e-007	1.0186e-007	1.0137e-007	1.0065e-007	9.9212e-008	9.5441e-008	9.3155e-008	9.2165e-008	9.1384e-008	8.8287e-008	8.729e-008	8.2977e-008	8.1007e-008	7.98e-008	7.8454e-008	7.7276e-008	7.2907e-008	6.9076e-008	6.8305e-008	6.5882e-008	6.2413e-008	6.0882e-008	5.8164e-008	5.5177e-008	5.3367e-008	5.0916e-008	4.9088e-008	4.6184e-008	4.1134e-008	3.8717e-008	3.7004e-008	3.5734e-008	3.3841e-008	3.2204e-008	3.006e-008	2.7261e-008	2.5599e-008	2.1904e-008	2.008e-008	1.8735e-008	1.7377e-008	1.6619e-008	1.34e-008	1.2513e-008	1.2068e-008	1.147e-008	1.1243e-008	1.1257e-008	1.0901e-008	1.0863e-008	1.1182e-008	1.1089e-008	1.0594e-008	1.0708e-008	1.1094e-008	1.1532e-008	1.2179e-008	1.5104e-008	1.6918e-008	2.2158e-008	2.7349e-008	3.4543e-008	4.0001e-008	4.5237e-008	5.2675e-008	6.0584e-008	6.5591e-008	7.0503e-008	7.4281e-008	7.7964e-008	8.1389e-008	8.6137e-008	8.9494e-008	9.2393e-008	9.4232e-008	9.7065e-008	9.8036e-008	9.8552e-008	9.7995e-008	9.7629e-008	9.8258e-008	9.8074e-008	9.7386e-008	9.6439e-008	9.4948e-008	9.3278e-008	9.2699e-008	9.1955e-008	9.0395e-008	8.9337e-008	8.7762e-008	8.5342e-008	8.3462e-008	8.1045e-008	7.7899e-008	7.6475e-008	7.5635e-008	7.4427e-008	7.3101e-008	7.0216e-008	6.8086e-008	6.5936e-008	6.2641e-008	6.0517e-008	5.7569e-008	5.5241e-008	5.3421e-008	5.2359e-008	4.9218e-008	4.7499e-008	4.627e-008	4.4004e-008	4.1436e-008	3.8736e-008	3.7119e-008	3.4104e-008	3.278e-008	3.123e-008	2.8602e-008	2.6659e-008	2.5049e-008	2.2936e-008	2.058e-008	1.8411e-008	1.6655e-008	1.4501e-008	1.2907e-008	1.1855e-008	1.0987e-008	1.1104e-008	1.124e-008	1.1615e-008	1.1017e-008	1.0577e-008	1.0642e-008	1.1308e-008	1.2277e-008	1.3954e-008	1.5737e-008	1.8664e-008	2.1977e-008	2.801e-008	3.1357e-008	3.7094e-008	4.3837e-008	5.0611e-008	5.7014e-008	6.3548e-008	6.9502e-008	7.3538e-008	7.8408e-008	8.4063e-008	8.8644e-008	9.2049e-008	9.5038e-008	9.548e-008	9.6535e-008	9.6933e-008	9.7046e-008	9.7559e-008	9.7877e-008	9.7662e-008	9.6642e-008	9.5534e-008	9.4264e-008	9.2393e-008	9.0941e-008	9.054e-008	8.8977e-008	8.5851e-008	8.4865e-008	8.1908e-008	7.83e-008	7.542e-008	7.2722e-008	7.0778e-008	6.7735e-008	6.661e-008	6.6675e-008	6.5153e-008	6.1526e-008	5.9686e-008	5.8444e-008	5.6606e-008	5.3152e-008	5.1675e-008	4.9346e-008	4.676e-008	4.4128e-008	4.232e-008	4.0171e-008	3.8861e-008
1.0108e-007	1.0145e-007	9.9407e-008	9.9522e-008	9.9093e-008	9.7769e-008	9.4805e-008	9.3786e-008	9.1657e-008	8.841e-008	8.5089e-008	8.3278e-008	8.1513e-008	8.0281e-008	7.8693e-008	7.626e-008	7.3605e-008	7e-008	6.7452e-008	6.5445e-008	6.2578e-008	6.0427e-008	5.5993e-008	5.3592e-008	5.0508e-008	4.8313e-008	4.5978e-008	4.3536e-008	4.1984e-008	3.9524e-008	3.6641e-008	3.5307e-008	3.3368e-008	3.1406e-008	2.9573e-008	2.7517e-008	2.638e-008	2.3759e-008	2.1649e-008	2.0045e-008	1.8032e-008	1.7207e-008	1.617e-008	1.5481e-008	1.5283e-008	1.4897e-008	1.4733e-008	1.4568e-008	1.4794e-008	1.512e-008	1.405e-008	1.4781e-008	1.513e-008	1.4456e-008	1.5382e-008	1.6114e-008	1.6197e-008	1.6892e-008	1.8274e-008	2.1678e-008	2.6548e-008	3.1593e-008	3.6823e-008	4.2906e-008	4.9859e-008	6.0302e-008	7.0437e-008	7.7963e-008	8.2746e-008	8.692e-008	8.9612e-008	9.2342e-008	9.4192e-008	9.6191e-008	9.792e-008	1.0005e-007	1.0065e-007	1.0125e-007	1.0118e-007	1.0017e-007	9.9686e-008	9.911e-008	9.7766e-008	9.6328e-008	9.4671e-008	9.3068e-008	9.2493e-008	9.1511e-008	8.9182e-008	8.634e-008	8.263e-008	8.1005e-008	7.9322e-008	7.8348e-008	7.7764e-008	7.6031e-008	7.3948e-008	6.9384e-008	6.818e-008	6.6786e-008	6.4403e-008	5.962e-008	5.7071e-008	5.4548e-008	5.1675e-008	4.9183e-008	4.6827e-008	4.4636e-008	4.1753e-008	3.8489e-008	3.6425e-008	3.3886e-008	3.1882e-008	2.9378e-008	2.7493e-008	2.5223e-008	2.2642e-008	1.9138e-008	1.7188e-008	1.6359e-008	1.5374e-008	1.5097e-008	1.4936e-008	1.4594e-008	1.4005e-008	1.3231e-008	1.3796e-008	1.3586e-008	1.3197e-008	1.3811e-008	1.3288e-008	1.3616e-008	1.4349e-008	1.4816e-008	1.4697e-008	1.4575e-008	1.5156e-008	1.5908e-008	1.7352e-008	1.9302e-008	2.3758e-008	2.9459e-008	3.7219e-008	4.3281e-008	5.12e-008	5.9256e-008	6.4547e-008	7.2746e-008	8.0225e-008	8.4709e-008	8.7894e-008	9.0875e-008	9.5328e-008	9.9782e-008	1.0153e-007	1.0293e-007	1.045e-007	1.0623e-007	1.0674e-007	1.0687e-007	1.0604e-007	1.0598e-007	1.0458e-007	1.0334e-007	1.0175e-007	9.9034e-008	9.7708e-008	9.6119e-008	9.3495e-008	8.8061e-008	8.7005e-008	8.4497e-008	8.2889e-008	8.0171e-008	7.7282e-008	7.4906e-008	7.297e-008	7.1897e-008	7.0432e-008	6.789e-008	6.3347e-008	6.1215e-008	5.8261e-008	5.6906e-008	5.5686e-008	5.2785e-008	5.1056e-008	4.9772e-008	4.7322e-008	4.2873e-008	4.1033e-008	3.8767e-008	3.6333e-008	3.4285e-008	3.2824e-008	2.9716e-008	2.6675e-008	2.4775e-008	2.1817e-008	1.9497e-008	1.8152e-008	1.6536e-008	1.5282e-008	1.399e-008	1.3732e-008	1.3257e-008	1.3118e-008	1.2667e-008	1.275e-008	1.3074e-008	1.349e-008	1.3666e-008	1.3812e-008	1.2975e-008	1.3596e-008	1.4222e-008	1.5075e-008	1.6739e-008	1.9302e-008	2.0761e-008	2.5322e-008	3.1605e-008	3.7578e-008	4.5393e-008	5.1552e-008	5.8439e-008	6.5106e-008	7.1268e-008	7.676e-008	8.2054e-008	8.8875e-008	9.2631e-008	9.5792e-008	9.8776e-008	1.0134e-007	1.0243e-007	1.0245e-007	1.0181e-007	1.0148e-007	1.0138e-007	1.0105e-007	1.0104e-007	9.9987e-008	9.9177e-008	9.7621e-008	9.5829e-008	9.3558e-008	9.2177e-008	9.0117e-008	8.8129e-008	8.4829e-008	8.2626e-008	8.0582e-008	7.9528e-008	7.6346e-008	7.3854e-008	7.0979e-008	6.8465e-008	6.7018e-008	6.5481e-008	6.28e-008	5.9424e-008	5.7788e-008	5.5658e-008	5.1134e-008	4.8522e-008	4.6146e-008	4.3555e-008	4.2411e-008	3.8874e-008	3.6572e-008	3.1943e-008	2.9564e-008	2.7331e-008	2.4804e-008	2.2482e-008	1.93e-008	1.6721e-008	1.4435e-008	1.3932e-008	1.2771e-008	1.2966e-008	1.2863e-008	1.2528e-008	1.2392e-008	1.1441e-008	1.3019e-008	1.2031e-008	1.1874e-008	1.2032e-008	1.2356e-008	1.2087e-008	1.2159e-008	1.2193e-008	1.198e-008	1.2245e-008	1.325e-008	1.4205e-008	1.7736e-008	2.0931e-008	2.5811e-008	3.2405e-008	3.8168e-008	4.3701e-008	5.0155e-008	5.7603e-008	6.3309e-008	7.2427e-008	7.8622e-008	8.3887e-008	8.7145e-008	9.1678e-008	9.5736e-008	9.8821e-008	1.007e-007	1.0193e-007	1.0244e-007	1.0202e-007	1.0184e-007	1.0093e-007	1.0112e-007	1.0141e-007	1.0049e-007	9.949e-008	9.8297e-008	9.6262e-008	9.3242e-008	9.1306e-008	9.1048e-008	9.0061e-008	8.6338e-008	8.3073e-008	8.1545e-008	7.8769e-008	7.6513e-008	7.5548e-008	7.1728e-008	6.9302e-008	6.8105e-008	6.4987e-008	6.1968e-008	6.1045e-008	5.936e-008	5.7722e-008	5.4346e-008	5.1133e-008	4.8322e-008	4.5448e-008	4.2152e-008	3.8966e-008	3.6655e-008	3.4616e-008	3.323e-008	3.1238e-008	2.8353e-008	2.6327e-008	2.3868e-008	1.9451e-008	1.8823e-008	1.7088e-008	1.5297e-008	1.4463e-008	1.252e-008	1.1507e-008	1.0746e-008	1.0221e-008	9.8431e-009	9.9628e-009	1.0326e-008	1.056e-008	1.0255e-008	1.0127e-008	9.8409e-009	9.9511e-009	1.0154e-008	1.0545e-008	1.1305e-008	1.3145e-008	1.6375e-008	2.0192e-008	2.4941e-008	3.2222e-008	3.8691e-008	4.4058e-008	5.1088e-008	5.8872e-008	6.4372e-008	6.938e-008	7.5086e-008	7.8576e-008	8.1105e-008	8.501e-008	8.9545e-008	9.1923e-008	9.3394e-008	9.452e-008	9.6207e-008	9.6203e-008	9.6195e-008	9.6625e-008	9.6784e-008	9.6794e-008	9.573e-008	9.4718e-008	9.3376e-008	9.2331e-008	9.1902e-008	9.0838e-008	8.964e-008	8.7367e-008	8.5693e-008	8.3107e-008	8.2061e-008	7.9665e-008	7.7464e-008	7.5848e-008	7.5024e-008	7.3504e-008	7.1711e-008	7.0071e-008	6.7062e-008	6.5025e-008	6.2292e-008	5.8634e-008	5.6334e-008	5.4646e-008	5.211e-008	5.1607e-008	4.8997e-008	4.6852e-008	4.45e-008	4.2822e-008	3.946e-008	3.8441e-008	3.6961e-008	3.4724e-008	3.1647e-008	3.0718e-008	2.8946e-008	2.4635e-008	2.411e-008	2.197e-008	1.9102e-008	1.7311e-008	1.4681e-008	1.3226e-008	1.1803e-008	1.1138e-008	1.0542e-008	1.0473e-008	1.0269e-008	1.0239e-008	9.5727e-009	9.781e-009	1.0171e-008	1.05e-008	1.1249e-008	1.2604e-008	1.3817e-008	1.7253e-008	2.0204e-008	2.538e-008	2.9499e-008	3.4795e-008	4.0171e-008	4.7667e-008	5.5952e-008	6.0774e-008	6.7521e-008	7.2091e-008	7.6615e-008	8.2073e-008	8.9107e-008	9.176e-008	9.3096e-008	9.4327e-008	9.5609e-008	9.5713e-008	9.6276e-008	9.7265e-008	9.7963e-008	9.7777e-008	9.5932e-008	9.4961e-008	9.3361e-008	9.1245e-008	9.0391e-008	8.8763e-008	8.6764e-008	8.4811e-008	8.3135e-008	7.9802e-008	7.7489e-008	7.4144e-008	7.1997e-008	7.0037e-008	6.6692e-008	6.5728e-008	6.4608e-008	6.265e-008	6.0746e-008	5.8844e-008	5.6962e-008	5.3629e-008	5.1609e-008	4.9955e-008	4.7786e-008	4.5229e-008	4.3177e-008	4.1097e-008	3.9766e-008	3.8976e-008
1.0141e-007	1.0088e-007	1.0056e-007	9.9129e-008	9.7953e-008	9.6112e-008	9.3261e-008	9.2593e-008	9.0452e-008	8.8729e-008	8.4951e-008	8.3353e-008	8.139e-008	7.9595e-008	7.705e-008	7.454e-008	7.1366e-008	6.8776e-008	6.684e-008	6.3597e-008	6.1202e-008	5.8376e-008	5.5344e-008	5.2461e-008	4.8962e-008	4.6976e-008	4.5284e-008	4.236e-008	4.1528e-008	3.9342e-008	3.6693e-008	3.4307e-008	3.229e-008	2.984e-008	2.7721e-008	2.5309e-008	2.4131e-008	2.21e-008	1.9644e-008	1.8236e-008	1.7345e-008	1.5879e-008	1.5261e-008	1.464e-008	1.4344e-008	1.3812e-008	1.428e-008	1.3735e-008	1.3927e-008	1.3989e-008	1.3138e-008	1.4026e-008	1.4146e-008	1.4274e-008	1.4605e-008	1.4927e-008	1.5275e-008	1.5884e-008	1.7437e-008	2.0329e-008	2.3987e-008	2.9392e-008	3.5936e-008	4.1419e-008	4.9139e-008	5.9856e-008	6.8778e-008	7.5074e-008	8.061e-008	8.4201e-008	8.7435e-008	8.9873e-008	9.2426e-008	9.5437e-008	9.7837e-008	9.9001e-008	1.0058e-007	1.0106e-007	1.0148e-007	1.0048e-007	9.9585e-008	9.8147e-008	9.717e-008	9.62e-008	9.3787e-008	9.2161e-008	9.1398e-008	9.0783e-008	8.8801e-008	8.6411e-008	8.3637e-008	7.9623e-008	7.8154e-008	7.7114e-008	7.6247e-008	7.4482e-008	7.3053e-008	6.9361e-008	6.659e-008	6.5171e-008	6.3729e-008	6.1382e-008	5.7343e-008	5.4449e-008	5.1015e-008	4.8396e-008	4.531e-008	4.2743e-008	4.0143e-008	3.8249e-008	3.5335e-008	3.2874e-008	3.1127e-008	2.8646e-008	2.6383e-008	2.4026e-008	2.2018e-008	1.8916e-008	1.6852e-008	1.5409e-008	1.4559e-008	1.3863e-008	1.4065e-008	1.4131e-008	1.369e-008	1.3387e-008	1.2998e-008	1.2942e-008	1.2855e-008	1.3071e-008	1.2945e-008	1.3444e-008	1.3446e-008	1.3816e-008	1.3783e-008	1.3539e-008	1.382e-008	1.4777e-008	1.6198e-008	1.8985e-008	2.2257e-008	2.7296e-008	3.5524e-008	4.2581e-008	5.17e-008	5.9492e-008	6.4786e-008	7.2564e-008	7.9217e-008	8.2169e-008	8.6627e-008	9.1013e-008	9.4679e-008	9.7924e-008	9.9904e-008	1.0191e-007	1.0335e-007	1.0493e-007	1.0609e-007	1.0719e-007	1.0722e-007	1.0601e-007	1.0434e-007	1.023e-007	1.005e-007	9.8151e-008	9.7362e-008	9.5282e-008	9.2774e-008	8.9638e-008	8.6256e-008	8.3631e-008	8.1767e-008	7.8855e-008	7.6636e-008	7.42e-008	7.2023e-008	7.1052e-008	6.8922e-008	6.7232e-008	6.3943e-008	6.157e-008	5.885e-008	5.6357e-008	5.4412e-008	5.19e-008	5.0576e-008	4.9082e-008	4.5969e-008	4.297e-008	4.065e-008	3.8424e-008	3.7195e-008	3.438e-008	3.1547e-008	2.8349e-008	2.6255e-008	2.3405e-008	2.149e-008	1.9105e-008	1.6901e-008	1.5238e-008	1.4121e-008	1.3546e-008	1.3006e-008	1.2685e-008	1.2135e-008	1.2307e-008	1.2319e-008	1.195e-008	1.2595e-008	1.2849e-008	1.2489e-008	1.2121e-008	1.2564e-008	1.3341e-008	1.4233e-008	1.5744e-008	1.841e-008	2.0807e-008	2.4499e-008	2.9702e-008	3.7229e-008	4.463e-008	5.1507e-008	5.8259e-008	6.491e-008	7.1289e-008	7.547e-008	8.0814e-008	8.683e-008	9.1526e-008	9.4969e-008	9.7989e-008	1.0016e-007	1.0124e-007	1.0105e-007	1.0093e-007	1.0089e-007	1.0062e-007	1.0071e-007	9.9765e-008	9.9343e-008	9.8253e-008	9.637e-008	9.4788e-008	9.3516e-008	9.262e-008	8.9306e-008	8.6048e-008	8.3969e-008	8.1691e-008	7.9862e-008	7.9111e-008	7.732e-008	7.4023e-008	7.1998e-008	7.0321e-008	6.6079e-008	6.5166e-008	6.2824e-008	6.0359e-008	5.7654e-008	5.508e-008	5.3106e-008	4.6879e-008	4.4918e-008	4.3439e-008	4.1308e-008	3.8818e-008	3.6458e-008	3.2154e-008	2.9373e-008	2.7112e-008	2.4265e-008	2.1652e-008	1.8405e-008	1.6324e-008	1.4414e-008	1.3348e-008	1.2046e-008	1.2635e-008	1.2564e-008	1.1987e-008	1.1526e-008	1.1e-008	1.2042e-008	1.1389e-008	1.1079e-008	1.1472e-008	1.1896e-008	1.1318e-008	1.1099e-008	1.1012e-008	1.1638e-008	1.1875e-008	1.2244e-008	1.3603e-008	1.6699e-008	2.0322e-008	2.5006e-008	3.1294e-008	3.6808e-008	4.336e-008	5.075e-008	5.8363e-008	6.29e-008	6.9827e-008	7.7963e-008	8.2907e-008	8.6953e-008	9.1798e-008	9.5687e-008	9.9085e-008	1.0073e-007	1.0155e-007	1.0201e-007	1.0199e-007	1.017e-007	1.0158e-007	1.0116e-007	1.0121e-007	9.9912e-008	9.835e-008	9.6729e-008	9.5234e-008	9.2539e-008	9.1212e-008	9.0526e-008	8.9402e-008	8.5019e-008	8.2265e-008	8.0088e-008	7.7232e-008	7.5591e-008	7.4266e-008	7.1317e-008	6.8817e-008	6.7347e-008	6.5406e-008	6.2802e-008	6.048e-008	5.8632e-008	5.6694e-008	5.2935e-008	5.0577e-008	4.7568e-008	4.4521e-008	4.1257e-008	3.8505e-008	3.5941e-008	3.3847e-008	3.2169e-008	2.9951e-008	2.7399e-008	2.5365e-008	2.3484e-008	2.1159e-008	1.8164e-008	1.6728e-008	1.4626e-008	1.2558e-008	1.1479e-008	1.0918e-008	1.0036e-008	9.5227e-009	9.2579e-009	9.2246e-009	9.9677e-009	9.5786e-009	9.2031e-009	9.4997e-009	9.9114e-009	9.5956e-009	1.0101e-008	1.0025e-008	1.0604e-008	1.1997e-008	1.5401e-008	1.9253e-008	2.343e-008	2.9735e-008	3.7288e-008	4.3189e-008	4.9961e-008	5.8327e-008	6.3764e-008	6.9134e-008	7.4314e-008	7.7412e-008	8.0841e-008	8.4253e-008	8.7253e-008	8.967e-008	9.1885e-008	9.2785e-008	9.4452e-008	9.4902e-008	9.4898e-008	9.5267e-008	9.5433e-008	9.5263e-008	9.4498e-008	9.4077e-008	9.2754e-008	9.1602e-008	9.0495e-008	8.9721e-008	8.8046e-008	8.4991e-008	8.2593e-008	8.1327e-008	7.9844e-008	7.8344e-008	7.6362e-008	7.4627e-008	7.3533e-008	7.2076e-008	7.0636e-008	6.8968e-008	6.6351e-008	6.5143e-008	6.2522e-008	5.8801e-008	5.6407e-008	5.4815e-008	5.201e-008	5.0217e-008	4.7796e-008	4.5565e-008	4.3563e-008	4.2108e-008	3.8863e-008	3.8014e-008	3.6024e-008	3.4065e-008	3.1153e-008	2.9517e-008	2.8288e-008	2.4612e-008	2.2417e-008	2.0516e-008	1.82e-008	1.5744e-008	1.3287e-008	1.1763e-008	1.0859e-008	1.0204e-008	1.0051e-008	9.3967e-009	9.181e-009	9.0854e-009	9.2549e-009	9.3436e-009	9.4282e-009	9.4504e-009	1.0518e-008	1.1494e-008	1.3429e-008	1.6548e-008	1.9122e-008	2.332e-008	2.8952e-008	3.4976e-008	3.9781e-008	4.6432e-008	5.4227e-008	6.0164e-008	6.5814e-008	6.9652e-008	7.4531e-008	8.1234e-008	8.7543e-008	9.0455e-008	9.2274e-008	9.3561e-008	9.4558e-008	9.522e-008	9.5572e-008	9.6778e-008	9.7165e-008	9.7046e-008	9.6148e-008	9.4444e-008	9.4428e-008	9.4165e-008	9.0705e-008	8.7912e-008	8.4813e-008	8.3381e-008	8.0515e-008	7.7368e-008	7.5089e-008	7.3231e-008	7.0552e-008	6.7431e-008	6.5184e-008	6.3508e-008	6.2774e-008	6.2302e-008	6.0246e-008	5.7732e-008	5.5984e-008	5.3499e-008	5.1461e-008	4.9151e-008	4.7706e-008	4.5728e-008	4.2436e-008	4.0159e-008	3.8721e-008	3.713e-008
1.0008e-007	9.996e-008	9.9746e-008	9.924e-008	9.8558e-008	9.5885e-008	9.3776e-008	9.2387e-008	8.9968e-008	8.7045e-008	8.5096e-008	8.3561e-008	8.2214e-008	8.0012e-008	7.4885e-008	7.2866e-008	7.0043e-008	6.8724e-008	6.5662e-008	6.3148e-008	5.9857e-008	5.6773e-008	5.3999e-008	5.0718e-008	4.8496e-008	4.6628e-008	4.4985e-008	4.2719e-008	4.0414e-008	3.8131e-008	3.604e-008	3.3741e-008	3.1246e-008	2.891e-008	2.6489e-008	2.4442e-008	2.2686e-008	2.123e-008	1.9799e-008	1.7314e-008	1.6549e-008	1.5193e-008	1.4426e-008	1.3893e-008	1.348e-008	1.3491e-008	1.3501e-008	1.3222e-008	1.2843e-008	1.2847e-008	1.2679e-008	1.361e-008	1.3718e-008	1.3715e-008	1.34e-008	1.3766e-008	1.4395e-008	1.5248e-008	1.6867e-008	1.9489e-008	2.3183e-008	2.7207e-008	3.2472e-008	4.2134e-008	4.9554e-008	5.8152e-008	6.6646e-008	7.3714e-008	7.84e-008	8.2806e-008	8.6079e-008	8.9069e-008	9.2024e-008	9.5376e-008	9.8048e-008	9.9849e-008	1.0108e-007	1.0057e-007	1.0028e-007	9.9452e-008	9.9056e-008	9.7726e-008	9.6355e-008	9.5139e-008	9.3758e-008	9.2014e-008	8.9709e-008	8.9138e-008	8.7525e-008	8.588e-008	8.263e-008	7.8997e-008	7.7013e-008	7.6214e-008	7.4558e-008	7.3094e-008	7.1811e-008	6.9708e-008	6.5755e-008	6.4873e-008	6.3368e-008	5.9573e-008	5.6816e-008	5.4024e-008	5.074e-008	4.8593e-008	4.4615e-008	4.2058e-008	3.8905e-008	3.7289e-008	3.5845e-008	3.3165e-008	3.0949e-008	2.8043e-008	2.6125e-008	2.4356e-008	2.1569e-008	1.9365e-008	1.6376e-008	1.4913e-008	1.4086e-008	1.3321e-008	1.3423e-008	1.3235e-008	1.3169e-008	1.3164e-008	1.3067e-008	1.2225e-008	1.2257e-008	1.1989e-008	1.259e-008	1.2558e-008	1.3001e-008	1.3211e-008	1.3179e-008	1.3252e-008	1.3804e-008	1.5176e-008	1.621e-008	1.7686e-008	2.2418e-008	2.6254e-008	3.2666e-008	4.1362e-008	5.2029e-008	5.8717e-008	6.4363e-008	7.2041e-008	7.8038e-008	8.2087e-008	8.6437e-008	9.0413e-008	9.4198e-008	9.7567e-008	9.9645e-008	1.0057e-007	1.0254e-007	1.0427e-007	1.0545e-007	1.0698e-007	1.0638e-007	1.0521e-007	1.0416e-007	1.0299e-007	1.0065e-007	9.8871e-008	9.726e-008	9.5046e-008	9.163e-008	8.9667e-008	8.6429e-008	8.2546e-008	8.1681e-008	7.8903e-008	7.6843e-008	7.4808e-008	7.2033e-008	7.0153e-008	6.9591e-008	6.6537e-008	6.3254e-008	6.1168e-008	5.9098e-008	5.6891e-008	5.5587e-008	5.3192e-008	5.0028e-008	4.8959e-008	4.3715e-008	4.1804e-008	3.9863e-008	3.7267e-008	3.4738e-008	3.309e-008	3.1101e-008	2.7728e-008	2.4856e-008	2.2825e-008	2.0999e-008	1.9178e-008	1.7083e-008	1.5206e-008	1.3862e-008	1.2615e-008	1.1734e-008	1.1976e-008	1.1799e-008	1.1353e-008	1.2077e-008	1.1698e-008	1.1299e-008	1.1314e-008	1.1164e-008	1.1918e-008	1.2655e-008	1.2515e-008	1.3312e-008	1.475e-008	1.7983e-008	2.0172e-008	2.3194e-008	2.9582e-008	3.5784e-008	4.4024e-008	5.0982e-008	5.7328e-008	6.4263e-008	6.9467e-008	7.4616e-008	8.0688e-008	8.5884e-008	9.1005e-008	9.4017e-008	9.6218e-008	9.8608e-008	9.9256e-008	9.9335e-008	9.9546e-008	1.0001e-007	9.9763e-008	9.935e-008	9.9116e-008	9.8675e-008	9.8095e-008	9.6765e-008	9.5168e-008	9.3093e-008	9.1975e-008	8.9621e-008	8.5256e-008	8.3237e-008	8.1899e-008	8.0866e-008	7.8668e-008	7.6062e-008	7.357e-008	7.1734e-008	7.1096e-008	6.6043e-008	6.4885e-008	6.2439e-008	5.9968e-008	5.7263e-008	5.469e-008	5.1718e-008	4.8147e-008	4.4449e-008	4.2931e-008	4.1068e-008	3.7374e-008	3.5406e-008	3.2137e-008	2.9545e-008	2.6598e-008	2.413e-008	2.0634e-008	1.8339e-008	1.5877e-008	1.3854e-008	1.2499e-008	1.1701e-008	1.1393e-008	1.1304e-008	1.0865e-008	1.0463e-008	1.0925e-008	1.0713e-008	1.1128e-008	1.0561e-008	1.0591e-008	1.056e-008	1.0398e-008	1.0435e-008	1.0842e-008	1.1254e-008	1.1172e-008	1.1562e-008	1.3009e-008	1.5408e-008	1.8343e-008	2.3177e-008	2.9978e-008	3.6927e-008	4.3699e-008	5.124e-008	5.8009e-008	6.3272e-008	6.8483e-008	7.514e-008	8.133e-008	8.617e-008	9.1237e-008	9.5488e-008	9.8518e-008	1.0004e-007	1.0064e-007	1.0182e-007	1.0149e-007	1.0074e-007	1.0077e-007	1.0032e-007	1.0032e-007	9.9702e-008	9.8557e-008	9.6969e-008	9.5027e-008	9.261e-008	9.0792e-008	9.0008e-008	8.7401e-008	8.3276e-008	8.1093e-008	7.8931e-008	7.6426e-008	7.5172e-008	7.3601e-008	7.1331e-008	6.8589e-008	6.6494e-008	6.5403e-008	6.2068e-008	6.0002e-008	5.793e-008	5.5771e-008	5.3084e-008	4.9974e-008	4.52e-008	4.3977e-008	4.1595e-008	3.7921e-008	3.507e-008	3.3566e-008	3.0888e-008	2.8562e-008	2.6241e-008	2.4221e-008	2.2063e-008	1.9586e-008	1.703e-008	1.5118e-008	1.357e-008	1.1661e-008	1.0194e-008	9.6114e-009	9.4773e-009	9.3738e-009	8.44e-009	8.6917e-009	9.1457e-009	8.6012e-009	8.675e-009	8.9051e-009	8.6751e-009	8.8803e-009	9.282e-009	9.4072e-009	9.7575e-009	1.0717e-008	1.3704e-008	1.7701e-008	2.2079e-008	2.7537e-008	3.4908e-008	4.0959e-008	4.8572e-008	5.7272e-008	6.2689e-008	6.808e-008	7.2983e-008	7.6138e-008	7.9249e-008	8.2919e-008	8.5758e-008	8.7975e-008	9.0056e-008	9.2368e-008	9.3499e-008	9.4101e-008	9.4398e-008	9.4249e-008	9.4589e-008	9.406e-008	9.4026e-008	9.3352e-008	9.2235e-008	9.1183e-008	8.993e-008	8.851e-008	8.6989e-008	8.4542e-008	8.273e-008	8.0033e-008	7.8688e-008	7.651e-008	7.5152e-008	7.3515e-008	7.156e-008	7.0942e-008	7.0226e-008	6.8491e-008	6.5671e-008	6.4448e-008	6.2805e-008	5.9046e-008	5.5881e-008	5.3868e-008	5.2073e-008	5.0071e-008	4.7204e-008	4.4902e-008	4.2896e-008	4.1585e-008	3.9504e-008	3.7293e-008	3.5565e-008	3.2388e-008	2.99e-008	2.8079e-008	2.5674e-008	2.3158e-008	2.1885e-008	2.0152e-008	1.7574e-008	1.4524e-008	1.2427e-008	1.0739e-008	1.0045e-008	9.4608e-009	9.0937e-009	8.3953e-009	7.9497e-009	7.8763e-009	7.8915e-009	8.208e-009	8.4097e-009	9.0264e-009	9.6697e-009	1.0487e-008	1.2551e-008	1.5452e-008	1.7702e-008	2.0887e-008	2.7916e-008	3.4875e-008	3.9444e-008	4.4893e-008	5.2797e-008	5.8765e-008	6.3401e-008	6.8122e-008	7.2489e-008	7.95e-008	8.5912e-008	8.9869e-008	9.1111e-008	9.357e-008	9.4259e-008	9.551e-008	9.611e-008	9.6537e-008	9.6547e-008	9.6089e-008	9.5632e-008	9.5161e-008	9.5659e-008	9.3801e-008	9.0546e-008	8.7241e-008	8.3976e-008	8.1224e-008	7.8955e-008	7.6128e-008	7.4457e-008	7.2068e-008	6.8784e-008	6.5503e-008	6.3986e-008	6.2769e-008	6.1599e-008	6.0884e-008	5.9562e-008	5.7976e-008	5.4578e-008	5.2541e-008	5.0853e-008	4.9377e-008	4.7428e-008	4.5001e-008	4.2292e-008	3.987e-008	3.8532e-008	3.7519e-008
9.8157e-008	9.913e-008	9.9212e-008	9.913e-008	9.7884e-008	9.4774e-008	9.3277e-008	9.2124e-008	9.0038e-008	8.6806e-008	8.4991e-008	8.325e-008	8.1876e-008	7.876e-008	7.6333e-008	7.2241e-008	7.0469e-008	6.7568e-008	6.4822e-008	6.124e-008	5.8619e-008	5.593e-008	5.3329e-008	5.0655e-008	4.7166e-008	4.579e-008	4.4354e-008	4.1733e-008	4.0055e-008	3.7613e-008	3.5231e-008	3.2757e-008	3.0744e-008	2.8394e-008	2.52e-008	2.3085e-008	2.1471e-008	1.9765e-008	1.7793e-008	1.5769e-008	1.4661e-008	1.3841e-008	1.3351e-008	1.2599e-008	1.2709e-008	1.2713e-008	1.2919e-008	1.2524e-008	1.2224e-008	1.1669e-008	1.2082e-008	1.2232e-008	1.2545e-008	1.2269e-008	1.2372e-008	1.26e-008	1.304e-008	1.4155e-008	1.6103e-008	1.8995e-008	2.2563e-008	2.654e-008	3.2861e-008	4.0862e-008	4.8776e-008	5.6683e-008	6.4483e-008	7.1931e-008	7.7497e-008	8.1195e-008	8.5327e-008	8.9887e-008	9.2737e-008	9.5359e-008	9.6647e-008	9.8364e-008	9.9097e-008	9.8942e-008	9.8558e-008	9.8183e-008	9.8124e-008	9.7093e-008	9.5189e-008	9.4035e-008	9.2455e-008	8.9504e-008	8.7679e-008	8.6178e-008	8.5172e-008	8.3719e-008	8.1651e-008	7.9131e-008	7.7127e-008	7.5752e-008	7.3849e-008	7.2391e-008	7.0907e-008	6.911e-008	6.6952e-008	6.3376e-008	6.1684e-008	6.0017e-008	5.7108e-008	5.4549e-008	4.9584e-008	4.7803e-008	4.446e-008	4.1208e-008	3.8513e-008	3.6083e-008	3.533e-008	3.3934e-008	3.1169e-008	2.8606e-008	2.6839e-008	2.3459e-008	2.0818e-008	1.7854e-008	1.5789e-008	1.4028e-008	1.3267e-008	1.3094e-008	1.2698e-008	1.2021e-008	1.2269e-008	1.2438e-008	1.19e-008	1.1273e-008	1.1261e-008	1.1033e-008	1.2051e-008	1.1956e-008	1.2011e-008	1.2324e-008	1.2415e-008	1.2631e-008	1.32e-008	1.4152e-008	1.5271e-008	1.7655e-008	2.1101e-008	2.5902e-008	3.1433e-008	4.0272e-008	4.9613e-008	5.6574e-008	6.4381e-008	7.2213e-008	7.8356e-008	8.1296e-008	8.5409e-008	8.9321e-008	9.3412e-008	9.581e-008	9.8875e-008	9.9614e-008	1.0076e-007	1.0293e-007	1.043e-007	1.0525e-007	1.0511e-007	1.0508e-007	1.0444e-007	1.0268e-007	1.0081e-007	9.833e-008	9.5738e-008	9.4225e-008	9.1321e-008	8.9398e-008	8.5939e-008	8.2757e-008	8.0934e-008	7.8604e-008	7.7308e-008	7.3474e-008	7.2038e-008	7.0114e-008	6.7794e-008	6.6196e-008	6.2536e-008	5.975e-008	5.8245e-008	5.7669e-008	5.4969e-008	5.2079e-008	4.9907e-008	4.7609e-008	4.4782e-008	4.1456e-008	3.9184e-008	3.6354e-008	3.3125e-008	3.2415e-008	2.9183e-008	2.665e-008	2.3983e-008	2.0537e-008	1.9989e-008	1.8133e-008	1.5443e-008	1.4258e-008	1.2645e-008	1.0616e-008	1.0661e-008	1.1237e-008	1.109e-008	1.1057e-008	1.1176e-008	1.0421e-008	1.0594e-008	1.02e-008	1.0612e-008	1.0953e-008	1.1712e-008	1.2186e-008	1.2454e-008	1.3724e-008	1.6611e-008	1.9544e-008	2.3085e-008	2.9056e-008	3.4725e-008	4.2395e-008	5.0396e-008	5.7524e-008	6.463e-008	6.9375e-008	7.4256e-008	8.0149e-008	8.5854e-008	9.0276e-008	9.3848e-008	9.5077e-008	9.6604e-008	9.7513e-008	9.8431e-008	9.8702e-008	9.9108e-008	9.8793e-008	9.9414e-008	9.8532e-008	9.7488e-008	9.7027e-008	9.5496e-008	9.4167e-008	9.1837e-008	8.8969e-008	8.6885e-008	8.4623e-008	8.1878e-008	8.0955e-008	7.9801e-008	7.8275e-008	7.5193e-008	7.2941e-008	7.0865e-008	6.9997e-008	6.7276e-008	6.4891e-008	6.1106e-008	5.7633e-008	5.543e-008	5.3597e-008	4.9999e-008	4.7342e-008	4.368e-008	4.1879e-008	3.9559e-008	3.5804e-008	3.3235e-008	3.0248e-008	2.8704e-008	2.5602e-008	2.3108e-008	1.9758e-008	1.7681e-008	1.5187e-008	1.2671e-008	1.1743e-008	1.087e-008	1.0113e-008	9.85e-009	9.5518e-009	9.7153e-009	9.6358e-009	9.9632e-009	9.5504e-009	9.917e-009	9.944e-009	9.7653e-009	1.0033e-008	1.0114e-008	9.9987e-009	1.0523e-008	1.0702e-008	1.0956e-008	1.258e-008	1.5082e-008	1.7703e-008	2.1878e-008	2.8952e-008	3.6001e-008	4.35e-008	5.0457e-008	5.693e-008	6.3893e-008	7.0029e-008	7.4542e-008	8.0572e-008	8.5202e-008	8.9159e-008	9.3812e-008	9.6506e-008	9.8031e-008	9.8867e-008	9.9597e-008	9.9427e-008	9.9194e-008	9.9039e-008	9.933e-008	9.996e-008	1.0028e-007	9.9781e-008	9.6415e-008	9.4603e-008	9.1732e-008	8.9961e-008	8.8841e-008	8.2564e-008	8.1686e-008	8.0043e-008	7.7725e-008	7.5386e-008	7.4449e-008	7.2459e-008	7.0035e-008	6.7585e-008	6.6064e-008	6.4743e-008	6.2483e-008	5.8714e-008	5.6541e-008	5.3981e-008	5.1086e-008	4.8622e-008	4.4777e-008	4.3126e-008	4.0275e-008	3.6784e-008	3.5055e-008	3.3256e-008	3.0362e-008	2.6879e-008	2.419e-008	2.1732e-008	1.9427e-008	1.7807e-008	1.4888e-008	1.3219e-008	1.1664e-008	1.0066e-008	8.6612e-009	8.4979e-009	8.2954e-009	7.7741e-009	7.7618e-009	7.6568e-009	7.4858e-009	7.186e-009	7.7733e-009	7.6552e-009	7.6677e-009	7.9956e-009	8.029e-009	8.4559e-009	8.3766e-009	9.5271e-009	1.2159e-008	1.495e-008	2.0104e-008	2.4851e-008	3.099e-008	3.8335e-008	4.7801e-008	5.5263e-008	6.1541e-008	6.7231e-008	7.0823e-008	7.4595e-008	7.792e-008	8.1856e-008	8.4779e-008	8.8058e-008	8.925e-008	9.1555e-008	9.2714e-008	9.3347e-008	9.3832e-008	9.443e-008	9.5065e-008	9.4257e-008	9.3999e-008	9.289e-008	9.2483e-008	9.0996e-008	8.976e-008	8.7619e-008	8.5673e-008	8.4922e-008	8.3072e-008	8.183e-008	7.8451e-008	7.595e-008	7.4519e-008	7.3313e-008	7.1091e-008	6.9834e-008	6.8687e-008	6.7279e-008	6.4884e-008	6.3239e-008	6.128e-008	5.8191e-008	5.4893e-008	5.3756e-008	5.2037e-008	4.9584e-008	4.6957e-008	4.3514e-008	4.1922e-008	3.9712e-008	3.7285e-008	3.5784e-008	3.411e-008	3.0658e-008	2.7932e-008	2.538e-008	2.392e-008	2.2099e-008	2.0719e-008	1.7601e-008	1.5261e-008	1.2795e-008	1.1035e-008	9.1397e-009	8.4315e-009	8.5741e-009	7.5139e-009	6.967e-009	7.4336e-009	7.2685e-009	7.5295e-009	7.392e-009	7.9689e-009	8.2637e-009	8.6474e-009	9.9422e-009	1.1846e-008	1.3907e-008	1.6758e-008	2.033e-008	2.6601e-008	3.3568e-008	3.8493e-008	4.4286e-008	5.1426e-008	5.7894e-008	6.316e-008	6.7941e-008	7.192e-008	7.9018e-008	8.5467e-008	8.8981e-008	9.1608e-008	9.3584e-008	9.4865e-008	9.5399e-008	9.6344e-008	9.6616e-008	9.668e-008	9.504e-008	9.4745e-008	9.439e-008	9.4462e-008	9.3511e-008	9.0739e-008	8.5961e-008	8.3215e-008	8.0602e-008	7.8111e-008	7.5795e-008	7.3988e-008	7.1462e-008	6.8308e-008	6.6783e-008	6.4822e-008	6.2136e-008	6.051e-008	5.9365e-008	5.7829e-008	5.6221e-008	5.3196e-008	5.161e-008	5.0061e-008	4.8153e-008	4.626e-008	4.2882e-008	4.1593e-008	3.9406e-008	3.7421e-008	3.6487e-008
9.8363e-008	9.8516e-008	9.8784e-008	9.7955e-008	9.6072e-008	9.4231e-008	9.2262e-008	9.0943e-008	8.8865e-008	8.6334e-008	8.4602e-008	8.2857e-008	8.1017e-008	7.931e-008	7.4684e-008	7.2303e-008	7.0628e-008	6.8879e-008	6.5232e-008	6.2348e-008	5.9634e-008	5.6089e-008	5.2758e-008	5.0191e-008	4.9156e-008	4.7011e-008	4.5047e-008	4.2228e-008	3.9984e-008	3.7578e-008	3.4978e-008	3.1689e-008	3.045e-008	2.8028e-008	2.462e-008	2.2461e-008	2.0675e-008	1.8518e-008	1.6685e-008	1.5149e-008	1.35e-008	1.2924e-008	1.2683e-008	1.2499e-008	1.2123e-008	1.2382e-008	1.2636e-008	1.2504e-008	1.26e-008	1.2108e-008	1.1874e-008	1.1797e-008	1.2014e-008	1.2092e-008	1.2805e-008	1.3245e-008	1.3808e-008	1.4421e-008	1.5921e-008	1.8619e-008	2.2053e-008	2.7e-008	3.277e-008	4.0841e-008	4.9742e-008	5.7599e-008	6.5414e-008	7.1783e-008	7.5909e-008	8.1353e-008	8.5105e-008	9.0286e-008	9.3279e-008	9.5416e-008	9.5996e-008	9.7052e-008	9.7872e-008	9.8232e-008	9.8318e-008	9.8163e-008	9.819e-008	9.7024e-008	9.5865e-008	9.4418e-008	9.2779e-008	8.9648e-008	8.7527e-008	8.5615e-008	8.5271e-008	8.2901e-008	8.0829e-008	7.7896e-008	7.6969e-008	7.6412e-008	7.4665e-008	7.316e-008	7.0993e-008	6.8794e-008	6.6291e-008	6.3699e-008	6.2e-008	5.9227e-008	5.6726e-008	5.3924e-008	5.0705e-008	4.7957e-008	4.3869e-008	4.079e-008	3.9379e-008	3.592e-008	3.548e-008	3.3503e-008	3.1807e-008	2.8067e-008	2.5766e-008	2.3835e-008	2.0742e-008	1.7305e-008	1.55e-008	1.4274e-008	1.3455e-008	1.2831e-008	1.2027e-008	1.1853e-008	1.1779e-008	1.1937e-008	1.2093e-008	1.1554e-008	1.0974e-008	1.0965e-008	1.1559e-008	1.1677e-008	1.184e-008	1.2005e-008	1.2217e-008	1.2365e-008	1.2367e-008	1.3479e-008	1.476e-008	1.7304e-008	2.1226e-008	2.6109e-008	3.0736e-008	3.9796e-008	4.8828e-008	5.5476e-008	6.4594e-008	7.32e-008	7.8492e-008	8.3191e-008	8.5821e-008	9.0103e-008	9.3208e-008	9.6079e-008	9.9091e-008	9.987e-008	1.0165e-007	1.0266e-007	1.0404e-007	1.0441e-007	1.0452e-007	1.0416e-007	1.0363e-007	1.0217e-007	9.9903e-008	9.8267e-008	9.5823e-008	9.4039e-008	9.2551e-008	8.8705e-008	8.5761e-008	8.2817e-008	8.0553e-008	7.8346e-008	7.7188e-008	7.6454e-008	7.3448e-008	6.9974e-008	6.6896e-008	6.4931e-008	6.3312e-008	5.9218e-008	5.8195e-008	5.6936e-008	5.5466e-008	5.1919e-008	4.9267e-008	4.7005e-008	4.3273e-008	4.0988e-008	3.895e-008	3.6542e-008	3.4183e-008	3.2557e-008	2.8762e-008	2.5983e-008	2.4678e-008	2.2701e-008	1.9095e-008	1.7581e-008	1.5355e-008	1.3745e-008	1.2576e-008	1.2041e-008	1.1853e-008	1.1348e-008	1.1202e-008	1.1121e-008	1.0364e-008	1.0017e-008	1.079e-008	1.0585e-008	1.0919e-008	1.0755e-008	1.1048e-008	1.1303e-008	1.2129e-008	1.326e-008	1.6313e-008	1.8817e-008	2.1448e-008	2.6961e-008	3.3642e-008	4.0594e-008	4.9441e-008	5.7431e-008	6.5047e-008	7.0909e-008	7.5184e-008	8.0471e-008	8.6937e-008	9.1222e-008	9.4175e-008	9.5693e-008	9.6374e-008	9.7578e-008	9.8584e-008	9.9196e-008	9.9515e-008	9.8822e-008	9.9177e-008	9.8384e-008	9.6801e-008	9.5967e-008	9.4624e-008	9.298e-008	8.984e-008	8.7781e-008	8.5986e-008	8.3653e-008	8.162e-008	8.1063e-008	7.9221e-008	7.8231e-008	7.6073e-008	7.2789e-008	7.0803e-008	6.8968e-008	6.7021e-008	6.5284e-008	6.1063e-008	5.5764e-008	5.4379e-008	5.1612e-008	4.9769e-008	4.7763e-008	4.3876e-008	4.2137e-008	3.9054e-008	3.5819e-008	3.2828e-008	3.073e-008	2.8312e-008	2.4794e-008	2.2147e-008	1.9722e-008	1.8127e-008	1.4616e-008	1.3157e-008	1.1538e-008	1.0521e-008	9.8567e-009	9.6546e-009	9.3771e-009	9.1247e-009	9.003e-009	9.4609e-009	9.6962e-009	9.5403e-009	9.6131e-009	9.8149e-009	1.0216e-008	1.0013e-008	1.0149e-008	1.0074e-008	1.0149e-008	1.1075e-008	1.2675e-008	1.5388e-008	1.792e-008	2.2123e-008	2.712e-008	3.5528e-008	4.3528e-008	4.973e-008	5.8333e-008	6.6095e-008	7.1044e-008	7.5012e-008	7.8958e-008	8.4807e-008	8.8603e-008	9.2487e-008	9.5063e-008	9.7326e-008	9.8546e-008	9.9554e-008	9.8851e-008	9.8807e-008	9.9091e-008	9.9025e-008	9.9764e-008	1.0024e-007	1.0017e-007	9.7535e-008	9.4649e-008	9.1735e-008	8.9572e-008	8.8504e-008	8.6809e-008	8.2517e-008	8.0086e-008	7.8254e-008	7.4753e-008	7.3782e-008	7.209e-008	6.9642e-008	6.6742e-008	6.4946e-008	6.3694e-008	6.0991e-008	5.8185e-008	5.6317e-008	5.2176e-008	4.9661e-008	4.7614e-008	4.4593e-008	4.2027e-008	3.9416e-008	3.6268e-008	3.4138e-008	3.2158e-008	2.8983e-008	2.6365e-008	2.3916e-008	2.1885e-008	1.9245e-008	1.7584e-008	1.471e-008	1.2407e-008	1.005e-008	8.8926e-009	8.0816e-009	7.9843e-009	7.7774e-009	7.5781e-009	6.9585e-009	7.2728e-009	7.2627e-009	7.0803e-009	7.4713e-009	7.6586e-009	7.4278e-009	7.4417e-009	7.6317e-009	8.1292e-009	8.1309e-009	9.2282e-009	1.1764e-008	1.482e-008	1.8352e-008	2.4464e-008	2.9266e-008	3.6588e-008	4.625e-008	5.4832e-008	5.9465e-008	6.5191e-008	7.0366e-008	7.3775e-008	7.8106e-008	8.1749e-008	8.5354e-008	8.8315e-008	9.0113e-008	9.1682e-008	9.2287e-008	9.3622e-008	9.489e-008	9.5327e-008	9.5061e-008	9.5336e-008	9.4476e-008	9.4229e-008	9.3485e-008	9.129e-008	8.9346e-008	8.6856e-008	8.5374e-008	8.4457e-008	8.3024e-008	8.1086e-008	7.834e-008	7.71e-008	7.5101e-008	7.2882e-008	7.1175e-008	6.9737e-008	6.8349e-008	6.679e-008	6.424e-008	6.1435e-008	5.9366e-008	5.7496e-008	5.5862e-008	5.4056e-008	5.1733e-008	4.8892e-008	4.7384e-008	4.3692e-008	4.0889e-008	3.8663e-008	3.704e-008	3.4775e-008	3.2927e-008	3.0976e-008	2.8619e-008	2.5834e-008	2.3208e-008	2.0906e-008	1.8847e-008	1.6181e-008	1.331e-008	1.1367e-008	9.9576e-009	8.5984e-009	8.4646e-009	8.1125e-009	6.795e-009	7.2029e-009	7.0506e-009	6.885e-009	7.5038e-009	7.8328e-009	7.9481e-009	7.7398e-009	8.3166e-009	9.6783e-009	1.0795e-008	1.317e-008	1.603e-008	1.9879e-008	2.6607e-008	3.3454e-008	3.8837e-008	4.3671e-008	5.1018e-008	5.7349e-008	6.2909e-008	6.8669e-008	7.1977e-008	7.7343e-008	8.4135e-008	8.8579e-008	9.0774e-008	9.3729e-008	9.4977e-008	9.5983e-008	9.6144e-008	9.6312e-008	9.6406e-008	9.5385e-008	9.4254e-008	9.3347e-008	9.365e-008	9.2391e-008	9.1141e-008	8.6039e-008	8.2597e-008	8.1389e-008	7.8564e-008	7.7335e-008	7.403e-008	7.102e-008	6.8533e-008	6.6918e-008	6.5227e-008	6.2231e-008	6.0184e-008	5.889e-008	5.7028e-008	5.4926e-008	5.3092e-008	5.1527e-008	4.9651e-008	4.6728e-008	4.3536e-008	4.2099e-008	4.0516e-008	3.9022e-008	3.6556e-008	3.5391e-008
9.889e-008	9.8235e-008	9.7763e-008	9.6889e-008	9.5344e-008	9.4111e-008	9.2049e-008	8.9567e-008	8.8434e-008	8.6348e-008	8.4593e-008	8.2035e-008	8.031e-008	7.7472e-008	7.4334e-008	7.2212e-008	7.0294e-008	6.7954e-008	6.4914e-008	6.3163e-008	5.8464e-008	5.6156e-008	5.2435e-008	5.04e-008	4.9029e-008	4.6113e-008	4.4149e-008	4.1226e-008	3.9157e-008	3.7243e-008	3.344e-008	3.1713e-008	2.9978e-008	2.7199e-008	2.4412e-008	2.1912e-008	1.9481e-008	1.7357e-008	1.6186e-008	1.4498e-008	1.3055e-008	1.2704e-008	1.2713e-008	1.2469e-008	1.2156e-008	1.197e-008	1.2089e-008	1.1758e-008	1.1947e-008	1.1602e-008	1.1627e-008	1.1822e-008	1.2112e-008	1.1998e-008	1.278e-008	1.325e-008	1.3436e-008	1.4223e-008	1.5472e-008	1.787e-008	2.2177e-008	2.6477e-008	3.1932e-008	4.1083e-008	4.9591e-008	5.7521e-008	6.4497e-008	7.0435e-008	7.5114e-008	7.9769e-008	8.3931e-008	8.9197e-008	9.3176e-008	9.3989e-008	9.5172e-008	9.6413e-008	9.7261e-008	9.7501e-008	9.7527e-008	9.7841e-008	9.8582e-008	9.8517e-008	9.6471e-008	9.4124e-008	9.1581e-008	8.8714e-008	8.6895e-008	8.5628e-008	8.5489e-008	8.3434e-008	7.9898e-008	7.7732e-008	7.6914e-008	7.6551e-008	7.5044e-008	7.2828e-008	7.1334e-008	6.9424e-008	6.688e-008	6.4323e-008	6.1845e-008	5.7862e-008	5.5162e-008	5.2855e-008	5.0802e-008	4.6993e-008	4.3992e-008	4.1623e-008	3.9943e-008	3.7584e-008	3.5307e-008	3.4217e-008	3.1105e-008	2.8352e-008	2.5908e-008	2.3147e-008	1.9746e-008	1.6855e-008	1.5223e-008	1.434e-008	1.3528e-008	1.2043e-008	1.1843e-008	1.1534e-008	1.1249e-008	1.1355e-008	1.1716e-008	1.1333e-008	1.077e-008	1.0687e-008	1.1335e-008	1.109e-008	1.1146e-008	1.1388e-008	1.1525e-008	1.1593e-008	1.2122e-008	1.3335e-008	1.5132e-008	1.7534e-008	2.1092e-008	2.5563e-008	3.0915e-008	3.8221e-008	4.8073e-008	5.5322e-008	6.5219e-008	7.385e-008	7.9244e-008	8.2798e-008	8.6504e-008	8.9524e-008	9.294e-008	9.578e-008	9.8544e-008	1.0039e-007	1.0114e-007	1.0256e-007	1.0416e-007	1.0424e-007	1.0448e-007	1.0375e-007	1.0276e-007	1.0109e-007	9.8942e-008	9.8716e-008	9.7207e-008	9.4976e-008	9.0267e-008	8.7194e-008	8.4671e-008	8.3119e-008	7.9741e-008	7.8643e-008	7.7723e-008	7.6421e-008	7.3921e-008	6.9666e-008	6.6331e-008	6.407e-008	6.2813e-008	6.0122e-008	5.8274e-008	5.6391e-008	5.2852e-008	5.0534e-008	4.8988e-008	4.5412e-008	4.3265e-008	4.1017e-008	3.7943e-008	3.5059e-008	3.3586e-008	3.1017e-008	2.7894e-008	2.5368e-008	2.404e-008	2.0959e-008	1.8856e-008	1.6767e-008	1.5007e-008	1.2898e-008	1.2228e-008	1.1827e-008	1.1439e-008	1.1362e-008	1.1048e-008	1.0756e-008	1.0264e-008	1.0181e-008	1.027e-008	1.0536e-008	1.0922e-008	1.1007e-008	1.0818e-008	1.1176e-008	1.2092e-008	1.3192e-008	1.5148e-008	1.7765e-008	2.113e-008	2.5765e-008	3.1673e-008	4.0029e-008	4.8734e-008	5.7359e-008	6.3248e-008	7.1532e-008	7.5274e-008	7.9932e-008	8.6366e-008	9.0668e-008	9.32e-008	9.4753e-008	9.7037e-008	9.8346e-008	9.9233e-008	9.9734e-008	9.9295e-008	9.8919e-008	9.8117e-008	9.747e-008	9.658e-008	9.5068e-008	9.36e-008	9.2131e-008	8.8225e-008	8.6913e-008	8.505e-008	8.3149e-008	8.1904e-008	8.12e-008	7.8856e-008	7.719e-008	7.5026e-008	7.2414e-008	7.036e-008	6.8078e-008	6.6668e-008	6.5218e-008	6.1374e-008	5.616e-008	5.3495e-008	5.1565e-008	4.9524e-008	4.635e-008	4.3167e-008	4.0916e-008	3.7877e-008	3.4924e-008	3.1987e-008	3.0046e-008	2.7844e-008	2.4286e-008	2.1434e-008	1.952e-008	1.7024e-008	1.4395e-008	1.2684e-008	1.0808e-008	1.0052e-008	9.3758e-009	9.2791e-009	8.9011e-009	8.3137e-009	8.7091e-009	9.1695e-009	9.748e-009	9.0211e-009	9.3153e-009	9.5722e-009	9.7745e-009	9.1076e-009	9.7552e-009	9.9706e-009	1.0256e-008	1.1069e-008	1.2395e-008	1.5214e-008	1.8552e-008	2.2652e-008	2.739e-008	3.4435e-008	4.234e-008	4.884e-008	5.7397e-008	6.6103e-008	6.9989e-008	7.5076e-008	7.9837e-008	8.4047e-008	8.9125e-008	9.3922e-008	9.6581e-008	9.7336e-008	9.935e-008	9.912e-008	9.8559e-008	9.9023e-008	9.9664e-008	9.8713e-008	9.8822e-008	9.9976e-008	9.8549e-008	9.6651e-008	9.4468e-008	9.1987e-008	8.9913e-008	8.935e-008	8.4128e-008	8.2015e-008	8.0234e-008	7.7037e-008	7.4534e-008	7.3336e-008	7.1919e-008	6.9881e-008	6.6759e-008	6.4414e-008	6.2969e-008	6.0911e-008	5.8705e-008	5.6756e-008	5.3019e-008	4.9284e-008	4.7518e-008	4.4794e-008	4.1329e-008	3.8382e-008	3.591e-008	3.285e-008	3.1723e-008	2.9193e-008	2.6324e-008	2.4695e-008	2.2093e-008	1.9308e-008	1.7446e-008	1.4338e-008	1.1941e-008	1.0786e-008	9.498e-009	8.596e-009	8.0506e-009	7.7349e-009	7.661e-009	7.0457e-009	6.9867e-009	6.9852e-009	6.8951e-009	7.5365e-009	7.8247e-009	7.7435e-009	7.5508e-009	7.3958e-009	7.2163e-009	7.7399e-009	8.3652e-009	1.1095e-008	1.3458e-008	1.7311e-008	2.3188e-008	2.9184e-008	3.5539e-008	4.4824e-008	5.2645e-008	5.7943e-008	6.3736e-008	6.9766e-008	7.3419e-008	7.8157e-008	8.1923e-008	8.535e-008	8.8758e-008	9.0219e-008	9.1616e-008	9.2395e-008	9.3706e-008	9.4982e-008	9.5572e-008	9.6275e-008	9.5603e-008	9.4651e-008	9.438e-008	9.3861e-008	9.2059e-008	8.901e-008	8.6931e-008	8.4927e-008	8.393e-008	8.3121e-008	8.1779e-008	7.9291e-008	7.7461e-008	7.5257e-008	7.425e-008	7.1268e-008	7.0092e-008	6.801e-008	6.5593e-008	6.2937e-008	6.0633e-008	5.8019e-008	5.7078e-008	5.521e-008	5.328e-008	5.1366e-008	4.9003e-008	4.6643e-008	4.4212e-008	4.0685e-008	3.9739e-008	3.6428e-008	3.5035e-008	3.3122e-008	3.0427e-008	2.7625e-008	2.5455e-008	2.2106e-008	1.9264e-008	1.6883e-008	1.4852e-008	1.2154e-008	1.0824e-008	9.2805e-009	7.3737e-009	6.9865e-009	7.1509e-009	7.1464e-009	7.2929e-009	7.2811e-009	7.3909e-009	7.3248e-009	7.3045e-009	7.8189e-009	7.7288e-009	7.8905e-009	9.371e-009	1.121e-008	1.2937e-008	1.5678e-008	1.9466e-008	2.5537e-008	3.2208e-008	3.8825e-008	4.4324e-008	5.1499e-008	5.6795e-008	6.3415e-008	6.9615e-008	7.3408e-008	7.7448e-008	8.3995e-008	8.7496e-008	9.0418e-008	9.3081e-008	9.4007e-008	9.5001e-008	9.6263e-008	9.6354e-008	9.5624e-008	9.4733e-008	9.3624e-008	9.2348e-008	9.1816e-008	9.0979e-008	8.9711e-008	8.7526e-008	8.4094e-008	8.2563e-008	8.09e-008	7.8185e-008	7.5175e-008	7.1764e-008	6.9158e-008	6.8212e-008	6.6338e-008	6.2988e-008	6.1081e-008	5.8373e-008	5.7283e-008	5.5614e-008	5.3696e-008	5.2123e-008	4.9674e-008	4.6762e-008	4.3712e-008	4.1473e-008	3.9745e-008	3.7899e-008	3.5058e-008	3.4104e-008
9.9343e-008	9.826e-008	9.7397e-008	9.6059e-008	9.521e-008	9.3715e-008	9.2366e-008	9.0509e-008	8.8583e-008	8.53e-008	8.3725e-008	8.1087e-008	7.937e-008	7.7405e-008	7.3401e-008	7.2081e-008	7.0634e-008	6.6805e-008	6.4124e-008	6.3238e-008	6.1007e-008	5.6142e-008	5.2976e-008	5.0869e-008	4.8142e-008	4.72e-008	4.3158e-008	3.9691e-008	3.828e-008	3.6292e-008	3.3712e-008	3.1199e-008	2.9167e-008	2.6724e-008	2.3418e-008	2.1101e-008	1.8923e-008	1.7261e-008	1.5106e-008	1.36e-008	1.2787e-008	1.2481e-008	1.2354e-008	1.2141e-008	1.2108e-008	1.1694e-008	1.1207e-008	1.1375e-008	1.1419e-008	1.1206e-008	1.0897e-008	1.0995e-008	1.1633e-008	1.1651e-008	1.1858e-008	1.2745e-008	1.3191e-008	1.3721e-008	1.5587e-008	1.7676e-008	2.1862e-008	2.6956e-008	3.1566e-008	3.8769e-008	4.8599e-008	5.5968e-008	6.191e-008	6.9018e-008	7.3665e-008	7.8581e-008	8.3088e-008	8.746e-008	9.1958e-008	9.3856e-008	9.516e-008	9.6285e-008	9.7187e-008	9.7133e-008	9.6896e-008	9.7512e-008	9.8199e-008	9.8217e-008	9.7166e-008	9.5308e-008	9.2048e-008	8.8216e-008	8.6907e-008	8.6102e-008	8.4829e-008	8.3191e-008	7.8983e-008	7.7004e-008	7.6511e-008	7.6106e-008	7.3993e-008	7.1324e-008	6.9544e-008	6.7933e-008	6.6985e-008	6.4467e-008	5.9319e-008	5.7445e-008	5.5401e-008	5.3324e-008	5.0021e-008	4.753e-008	4.4487e-008	4.1707e-008	4.0274e-008	3.8457e-008	3.5657e-008	3.3523e-008	2.9902e-008	2.8237e-008	2.4558e-008	2.2912e-008	2.0375e-008	1.7502e-008	1.5491e-008	1.3989e-008	1.2694e-008	1.178e-008	1.1584e-008	1.1299e-008	1.087e-008	1.144e-008	1.1181e-008	1.1039e-008	1.0635e-008	1.0364e-008	1.0868e-008	1.0941e-008	1.0661e-008	1.0821e-008	1.073e-008	1.1496e-008	1.1837e-008	1.2769e-008	1.4482e-008	1.7422e-008	2.076e-008	2.4509e-008	3.039e-008	3.7934e-008	4.7393e-008	5.4719e-008	6.5009e-008	7.3171e-008	7.7891e-008	8.2017e-008	8.6131e-008	8.9531e-008	9.2297e-008	9.5174e-008	9.7648e-008	9.9847e-008	1.0095e-007	1.0228e-007	1.0375e-007	1.0427e-007	1.0347e-007	1.0283e-007	1.0146e-007	1.0034e-007	9.839e-008	9.8157e-008	9.669e-008	9.4622e-008	9.0707e-008	8.6225e-008	8.4234e-008	8.2925e-008	8.0454e-008	7.8377e-008	7.6635e-008	7.5328e-008	7.1804e-008	6.8699e-008	6.5636e-008	6.3446e-008	6.1915e-008	5.9455e-008	5.7591e-008	5.5333e-008	5.2219e-008	4.9554e-008	4.8329e-008	4.5455e-008	4.2893e-008	4.1182e-008	3.7527e-008	3.4669e-008	3.2596e-008	3.0682e-008	2.7548e-008	2.5163e-008	2.2825e-008	2.0533e-008	1.8569e-008	1.6872e-008	1.4329e-008	1.3255e-008	1.2339e-008	1.149e-008	1.0693e-008	1.0857e-008	1.0791e-008	1.0688e-008	1.0445e-008	9.9782e-009	9.3506e-009	1.0016e-008	1.033e-008	1.0666e-008	1.079e-008	1.108e-008	1.1483e-008	1.2466e-008	1.4523e-008	1.7182e-008	2.0446e-008	2.575e-008	3.0456e-008	3.7687e-008	4.5405e-008	5.6203e-008	6.4185e-008	7.0629e-008	7.4912e-008	7.9027e-008	8.5294e-008	9.023e-008	9.2317e-008	9.4891e-008	9.7437e-008	9.8392e-008	9.9259e-008	9.9311e-008	9.9256e-008	9.9278e-008	9.7679e-008	9.646e-008	9.5276e-008	9.416e-008	9.2994e-008	9.1044e-008	8.8732e-008	8.7346e-008	8.5027e-008	8.3434e-008	8.2381e-008	8.0255e-008	7.7918e-008	7.6277e-008	7.4273e-008	7.2031e-008	7.0283e-008	6.8042e-008	6.6208e-008	6.4308e-008	6.0474e-008	5.5344e-008	5.3133e-008	5.1162e-008	4.7866e-008	4.4405e-008	4.177e-008	3.9529e-008	3.6104e-008	3.4152e-008	3.1014e-008	2.9147e-008	2.6997e-008	2.4991e-008	2.0935e-008	1.9122e-008	1.6081e-008	1.4011e-008	1.1561e-008	1.0509e-008	9.5446e-009	9.0758e-009	8.4191e-009	8.1792e-009	8.0752e-009	8.2599e-009	8.7684e-009	9.2666e-009	8.869e-009	8.9856e-009	9.5307e-009	9.7233e-009	9.4567e-009	1.0146e-008	9.9467e-009	1.0016e-008	1.0767e-008	1.2892e-008	1.5994e-008	1.8831e-008	2.3081e-008	2.8311e-008	3.377e-008	4.1296e-008	4.8443e-008	5.7306e-008	6.5729e-008	7.0301e-008	7.5245e-008	7.9917e-008	8.441e-008	8.8839e-008	9.4301e-008	9.5955e-008	9.7244e-008	9.8284e-008	9.8379e-008	9.8123e-008	9.8687e-008	9.8687e-008	9.8057e-008	9.7931e-008	9.7597e-008	9.6814e-008	9.5314e-008	9.3621e-008	9.1573e-008	8.9979e-008	8.8994e-008	8.5659e-008	8.2764e-008	8.1312e-008	7.8935e-008	7.5498e-008	7.4229e-008	7.2065e-008	6.8922e-008	6.6945e-008	6.4158e-008	6.216e-008	5.9303e-008	5.7685e-008	5.5772e-008	5.3201e-008	4.9827e-008	4.6691e-008	4.4673e-008	4.1143e-008	3.8056e-008	3.5412e-008	3.312e-008	3.2065e-008	2.7517e-008	2.5659e-008	2.333e-008	2.0833e-008	1.8752e-008	1.5997e-008	1.3881e-008	1.1352e-008	9.9353e-009	8.9696e-009	8.2658e-009	7.5979e-009	7.0662e-009	6.3577e-009	6.1539e-009	6.0121e-009	6.1807e-009	6.9169e-009	7.0873e-009	7.0127e-009	7.1613e-009	6.955e-009	7.0531e-009	6.6419e-009	7.2421e-009	7.9835e-009	9.9202e-009	1.2502e-008	1.6581e-008	2.2388e-008	2.8411e-008	3.5485e-008	4.3143e-008	5.118e-008	5.6999e-008	6.3672e-008	7.035e-008	7.5401e-008	7.7863e-008	8.1878e-008	8.5674e-008	8.8258e-008	9.0834e-008	9.1485e-008	9.2674e-008	9.3098e-008	9.4376e-008	9.5278e-008	9.6067e-008	9.4894e-008	9.44e-008	9.4118e-008	9.3434e-008	9.0658e-008	8.9012e-008	8.7137e-008	8.5193e-008	8.4065e-008	8.2582e-008	8.1564e-008	7.8522e-008	7.742e-008	7.5457e-008	7.397e-008	7.1632e-008	6.9348e-008	6.7357e-008	6.4906e-008	6.1838e-008	6.002e-008	5.7602e-008	5.6693e-008	5.4479e-008	5.2149e-008	4.9829e-008	4.8363e-008	4.5458e-008	4.3867e-008	4.1488e-008	3.9435e-008	3.6811e-008	3.4844e-008	3.199e-008	2.8081e-008	2.6499e-008	2.4731e-008	2.2175e-008	1.9467e-008	1.6262e-008	1.355e-008	1.111e-008	9.6821e-009	8.2011e-009	7.094e-009	6.898e-009	7.4124e-009	6.8473e-009	6.8719e-009	6.7508e-009	6.5875e-009	6.7438e-009	6.6608e-009	7.4133e-009	8.1776e-009	8.0015e-009	9.0838e-009	1.0708e-008	1.2169e-008	1.4872e-008	1.8576e-008	2.4582e-008	3.1354e-008	3.7671e-008	4.4434e-008	5.1351e-008	5.6772e-008	6.2194e-008	6.9013e-008	7.3528e-008	7.6927e-008	8.342e-008	8.7258e-008	8.929e-008	9.1433e-008	9.2943e-008	9.4795e-008	9.5874e-008	9.6179e-008	9.5868e-008	9.4482e-008	9.3515e-008	9.2222e-008	9.1086e-008	8.9859e-008	8.8065e-008	8.721e-008	8.4271e-008	8.2826e-008	8.0034e-008	7.677e-008	7.4178e-008	7.26e-008	6.9644e-008	6.8255e-008	6.6601e-008	6.3128e-008	6.0148e-008	5.7721e-008	5.6833e-008	5.5162e-008	5.3193e-008	5.0693e-008	4.8793e-008	4.6727e-008	4.3384e-008	4.0455e-008	3.8592e-008	3.6115e-008	3.4445e-008	3.3691e-008
9.8965e-008	9.8026e-008	9.6549e-008	9.5831e-008	9.4996e-008	9.3479e-008	9.1024e-008	8.9603e-008	8.7109e-008	8.432e-008	8.3033e-008	8.1502e-008	7.8162e-008	7.5509e-008	7.3287e-008	7.1267e-008	6.9706e-008	6.6762e-008	6.3741e-008	6.2503e-008	6.0868e-008	5.7143e-008	5.3114e-008	5.0827e-008	4.8373e-008	4.664e-008	4.1652e-008	3.9479e-008	3.7711e-008	3.5679e-008	3.2785e-008	2.9902e-008	2.799e-008	2.601e-008	2.2924e-008	2.0621e-008	1.8322e-008	1.6167e-008	1.4746e-008	1.2668e-008	1.2283e-008	1.2092e-008	1.181e-008	1.1382e-008	1.1346e-008	1.1533e-008	1.1083e-008	1.1039e-008	1.1294e-008	1.101e-008	1.0661e-008	1.0403e-008	1.064e-008	1.0788e-008	1.1364e-008	1.1636e-008	1.2699e-008	1.325e-008	1.4612e-008	1.7505e-008	2.0705e-008	2.4961e-008	3.0964e-008	3.6679e-008	4.7015e-008	5.347e-008	5.9955e-008	6.6052e-008	7.1017e-008	7.7622e-008	8.2492e-008	8.6524e-008	9.0616e-008	9.3693e-008	9.5266e-008	9.5664e-008	9.6447e-008	9.6409e-008	9.6199e-008	9.7759e-008	9.8286e-008	9.751e-008	9.6614e-008	9.5013e-008	9.2386e-008	8.668e-008	8.6515e-008	8.5445e-008	8.3803e-008	8.1691e-008	7.8476e-008	7.609e-008	7.5582e-008	7.4956e-008	7.1067e-008	6.9966e-008	6.8177e-008	6.7613e-008	6.6527e-008	6.414e-008	6.0646e-008	5.8219e-008	5.5891e-008	5.3149e-008	5.078e-008	4.7105e-008	4.413e-008	4.1727e-008	4.0023e-008	3.8306e-008	3.5194e-008	3.3217e-008	3.0716e-008	2.6686e-008	2.4801e-008	2.1944e-008	2.0215e-008	1.7127e-008	1.5777e-008	1.3545e-008	1.2441e-008	1.1267e-008	1.0743e-008	1.0617e-008	1.0898e-008	1.0684e-008	1.0786e-008	1.0495e-008	1.0088e-008	9.5783e-009	1.016e-008	1.0486e-008	1.0193e-008	1.0361e-008	1.0211e-008	1.1152e-008	1.148e-008	1.2e-008	1.3528e-008	1.6103e-008	1.9081e-008	2.4166e-008	3.0322e-008	3.7514e-008	4.6474e-008	5.3968e-008	6.2562e-008	7.0719e-008	7.6052e-008	8.1691e-008	8.47e-008	8.896e-008	9.1618e-008	9.4461e-008	9.6684e-008	9.9118e-008	1.0019e-007	1.0257e-007	1.0364e-007	1.0372e-007	1.0329e-007	1.0238e-007	1.0126e-007	9.9837e-008	9.8016e-008	9.7698e-008	9.6208e-008	9.3497e-008	9.097e-008	8.8621e-008	8.4511e-008	8.269e-008	8.0978e-008	7.8338e-008	7.6519e-008	7.4192e-008	7.1343e-008	6.8468e-008	6.5777e-008	6.2496e-008	6.0546e-008	5.9266e-008	5.7338e-008	5.4391e-008	5.1328e-008	4.9424e-008	4.7707e-008	4.4962e-008	4.2726e-008	4.0533e-008	3.7985e-008	3.4797e-008	3.2122e-008	2.9944e-008	2.7615e-008	2.5051e-008	2.1782e-008	2.0146e-008	1.8401e-008	1.6292e-008	1.4194e-008	1.2954e-008	1.1878e-008	1.0906e-008	1.0154e-008	9.9858e-009	1.0034e-008	9.961e-009	1.0123e-008	9.9e-009	9.302e-009	9.6832e-009	9.5993e-009	1.0238e-008	1.0474e-008	1.0485e-008	1.0965e-008	1.176e-008	1.3956e-008	1.6647e-008	2.018e-008	2.4684e-008	3.0581e-008	3.8181e-008	4.4312e-008	5.3537e-008	6.1856e-008	6.9364e-008	7.4017e-008	7.8177e-008	8.4883e-008	8.9654e-008	9.1931e-008	9.3263e-008	9.5692e-008	9.7365e-008	9.8595e-008	9.8922e-008	9.9015e-008	9.875e-008	9.7339e-008	9.5358e-008	9.4227e-008	9.3834e-008	9.2417e-008	9.0933e-008	8.9098e-008	8.7988e-008	8.7039e-008	8.5725e-008	8.3176e-008	7.8306e-008	7.7072e-008	7.5472e-008	7.2877e-008	7.2056e-008	6.9977e-008	6.8132e-008	6.5222e-008	6.3081e-008	6.0458e-008	5.6556e-008	5.2268e-008	5.0386e-008	4.8269e-008	4.3621e-008	4.0228e-008	3.8717e-008	3.5889e-008	3.3549e-008	3.0996e-008	2.8802e-008	2.622e-008	2.3368e-008	2.1597e-008	1.9202e-008	1.6891e-008	1.3875e-008	1.2197e-008	1.0146e-008	9.8155e-009	8.9716e-009	8.5721e-009	8.0618e-009	7.9727e-009	7.7233e-009	8.2978e-009	8.4923e-009	8.8089e-009	9.1583e-009	9.063e-009	8.9964e-009	9.7497e-009	9.9769e-009	9.6266e-009	9.529e-009	1.0546e-008	1.2642e-008	1.617e-008	2.0114e-008	2.3419e-008	2.8787e-008	3.3894e-008	3.9967e-008	4.7786e-008	5.6855e-008	6.3107e-008	6.9958e-008	7.5689e-008	8.0144e-008	8.3955e-008	8.7354e-008	9.2471e-008	9.458e-008	9.588e-008	9.6925e-008	9.7521e-008	9.7863e-008	9.8193e-008	9.8183e-008	9.8529e-008	9.7892e-008	9.7105e-008	9.5669e-008	9.5068e-008	9.3706e-008	9.1876e-008	9.0723e-008	8.8988e-008	8.6508e-008	8.1372e-008	8.0929e-008	7.976e-008	7.6902e-008	7.4401e-008	7.2746e-008	6.9099e-008	6.6436e-008	6.4413e-008	6.2637e-008	6.0044e-008	5.7009e-008	5.4045e-008	5.2671e-008	4.9417e-008	4.7693e-008	4.494e-008	4.1797e-008	3.8528e-008	3.5663e-008	3.4308e-008	3.1878e-008	2.8411e-008	2.5265e-008	2.2714e-008	1.9462e-008	1.7762e-008	1.5262e-008	1.344e-008	1.0446e-008	8.9512e-009	8.3385e-009	8.1129e-009	7.5313e-009	6.6771e-009	5.9114e-009	5.4505e-009	5.755e-009	5.8217e-009	6.3082e-009	6.4093e-009	6.2303e-009	6.7566e-009	7.0522e-009	7.3119e-009	7.9213e-009	7.8448e-009	8.3488e-009	9.384e-009	1.1897e-008	1.569e-008	2.1505e-008	2.7806e-008	3.3761e-008	4.3439e-008	5.0983e-008	5.5837e-008	6.3597e-008	7.033e-008	7.5207e-008	7.9967e-008	8.1997e-008	8.6402e-008	8.854e-008	9.0171e-008	9.1225e-008	9.2938e-008	9.3159e-008	9.3907e-008	9.5536e-008	9.5825e-008	9.6074e-008	9.48e-008	9.4133e-008	9.243e-008	8.9859e-008	8.8501e-008	8.6723e-008	8.5684e-008	8.4258e-008	8.2258e-008	8.126e-008	7.9307e-008	7.7987e-008	7.559e-008	7.4108e-008	7.1136e-008	6.87e-008	6.6329e-008	6.4607e-008	6.2348e-008	5.9889e-008	5.9037e-008	5.5738e-008	5.3636e-008	5.1017e-008	4.9804e-008	4.7477e-008	4.503e-008	4.2866e-008	4.0649e-008	3.827e-008	3.5836e-008	3.3767e-008	3.1931e-008	2.895e-008	2.6092e-008	2.3944e-008	2.1074e-008	1.8335e-008	1.5987e-008	1.2452e-008	1.0163e-008	8.7797e-009	7.4534e-009	7.3013e-009	7.1074e-009	7.3413e-009	7.1766e-009	7.0457e-009	6.7487e-009	6.826e-009	7.0729e-009	6.6984e-009	7.2063e-009	8.1074e-009	8.1242e-009	8.5141e-009	9.4392e-009	1.151e-008	1.5137e-008	1.8541e-008	2.4069e-008	3.1597e-008	3.7778e-008	4.3279e-008	4.9984e-008	5.4674e-008	6.0919e-008	6.6624e-008	7.2696e-008	7.7007e-008	8.2587e-008	8.615e-008	8.889e-008	9.0598e-008	9.276e-008	9.4904e-008	9.6073e-008	9.6418e-008	9.6001e-008	9.5072e-008	9.3179e-008	9.2775e-008	9.2336e-008	9.033e-008	8.8372e-008	8.7356e-008	8.4512e-008	8.2896e-008	7.8489e-008	7.5689e-008	7.3801e-008	7.2124e-008	7.0236e-008	6.8162e-008	6.5271e-008	6.2391e-008	5.9654e-008	5.8186e-008	5.7025e-008	5.555e-008	5.3084e-008	5.0585e-008	4.8061e-008	4.5923e-008	4.3424e-008	4.1194e-008	3.7229e-008	3.5744e-008	3.4409e-008	3.3324e-008
9.8757e-008	9.8119e-008	9.6643e-008	9.5819e-008	9.4393e-008	9.3024e-008	9.0194e-008	8.9138e-008	8.6705e-008	8.3694e-008	8.2578e-008	8.137e-008	7.8495e-008	7.4074e-008	7.3344e-008	7.163e-008	6.9502e-008	6.6373e-008	6.4328e-008	6.2486e-008	6.0809e-008	5.4853e-008	5.2421e-008	5.1194e-008	4.8626e-008	4.5164e-008	4.1471e-008	3.941e-008	3.7802e-008	3.5485e-008	3.0527e-008	2.9739e-008	2.8278e-008	2.5836e-008	2.2863e-008	1.9622e-008	1.8488e-008	1.6268e-008	1.3631e-008	1.2526e-008	1.2165e-008	1.1933e-008	1.1329e-008	1.0974e-008	1.1087e-008	1.1036e-008	1.1112e-008	1.1266e-008	1.1222e-008	1.0809e-008	1.0546e-008	1.0294e-008	1.056e-008	1.0537e-008	1.1295e-008	1.156e-008	1.2426e-008	1.3021e-008	1.4419e-008	1.6873e-008	2.0706e-008	2.4709e-008	3.1009e-008	3.8169e-008	4.6036e-008	5.3544e-008	5.8991e-008	6.465e-008	7.0537e-008	7.8112e-008	8.2835e-008	8.6432e-008	9.0486e-008	9.3173e-008	9.5206e-008	9.5451e-008	9.5608e-008	9.5284e-008	9.603e-008	9.7185e-008	9.7817e-008	9.7075e-008	9.5767e-008	9.3732e-008	9.1978e-008	8.8465e-008	8.6126e-008	8.4456e-008	8.2416e-008	7.9971e-008	7.7305e-008	7.5256e-008	7.4526e-008	7.2933e-008	7.0982e-008	6.933e-008	6.7587e-008	6.7141e-008	6.5238e-008	6.3171e-008	6.1288e-008	5.7689e-008	5.5885e-008	5.2829e-008	5.1001e-008	4.5863e-008	4.3715e-008	4.1019e-008	3.9153e-008	3.7608e-008	3.5687e-008	3.2865e-008	3.0032e-008	2.789e-008	2.4925e-008	2.1648e-008	2.0088e-008	1.788e-008	1.5779e-008	1.4273e-008	1.1719e-008	1.1482e-008	1.0266e-008	1.018e-008	1.0303e-008	1.0216e-008	1.0257e-008	9.5296e-009	9.5348e-009	9.4089e-009	1.0131e-008	1.0437e-008	1.0191e-008	9.943e-009	1.0161e-008	1.0602e-008	1.1229e-008	1.1963e-008	1.3432e-008	1.6139e-008	1.9206e-008	2.4378e-008	3.1376e-008	3.7483e-008	4.5327e-008	5.393e-008	6.2571e-008	6.9277e-008	7.4717e-008	8.0849e-008	8.5091e-008	8.8369e-008	9.07e-008	9.3587e-008	9.6505e-008	9.8734e-008	1.0032e-007	1.0221e-007	1.0306e-007	1.0337e-007	1.0318e-007	1.0203e-007	1.0027e-007	9.8905e-008	9.7427e-008	9.695e-008	9.5727e-008	9.2916e-008	9.0508e-008	8.813e-008	8.4849e-008	8.3521e-008	8.091e-008	7.7726e-008	7.4922e-008	7.2335e-008	7.0055e-008	6.8058e-008	6.5056e-008	6.2491e-008	6.0733e-008	5.9433e-008	5.702e-008	5.2717e-008	5.022e-008	4.8421e-008	4.664e-008	4.3785e-008	4.1744e-008	3.979e-008	3.7594e-008	3.4029e-008	3.1284e-008	2.8139e-008	2.6823e-008	2.4137e-008	2.1729e-008	1.9681e-008	1.7552e-008	1.574e-008	1.4212e-008	1.2149e-008	1.1089e-008	1.0274e-008	9.851e-009	9.9528e-009	9.6368e-009	9.775e-009	9.449e-009	9.1158e-009	9.0047e-009	9.4681e-009	9.5423e-009	9.587e-009	9.7706e-009	1.0113e-008	1.0286e-008	1.122e-008	1.341e-008	1.6336e-008	2.0151e-008	2.5194e-008	3.1759e-008	3.8405e-008	4.4266e-008	5.2921e-008	6.1149e-008	6.8622e-008	7.3791e-008	7.8407e-008	8.3843e-008	8.8755e-008	9.161e-008	9.2826e-008	9.4442e-008	9.5824e-008	9.6994e-008	9.7921e-008	9.8399e-008	9.7303e-008	9.6748e-008	9.5566e-008	9.3969e-008	9.3227e-008	9.1943e-008	9.0098e-008	8.872e-008	8.7699e-008	8.6562e-008	8.4888e-008	8.0568e-008	7.924e-008	7.6604e-008	7.4769e-008	7.3508e-008	7.1324e-008	6.8838e-008	6.7056e-008	6.3604e-008	6.2033e-008	6.0159e-008	5.6901e-008	5.2624e-008	5.008e-008	4.8395e-008	4.2665e-008	3.993e-008	3.7677e-008	3.5205e-008	3.273e-008	3.0692e-008	2.8562e-008	2.5339e-008	2.271e-008	2.0359e-008	1.807e-008	1.5954e-008	1.3041e-008	1.1181e-008	9.7152e-009	9.4815e-009	8.8178e-009	8.0757e-009	7.8078e-009	7.7667e-009	6.7974e-009	7.4632e-009	7.8869e-009	8.4279e-009	8.5102e-009	8.5824e-009	8.1359e-009	8.5659e-009	8.8907e-009	8.7432e-009	8.5863e-009	9.8947e-009	1.1932e-008	1.5945e-008	1.9768e-008	2.2575e-008	2.6738e-008	3.3671e-008	3.947e-008	4.6337e-008	5.5088e-008	6.2879e-008	6.9327e-008	7.5096e-008	7.8827e-008	8.2807e-008	8.6296e-008	9.0099e-008	9.3113e-008	9.4133e-008	9.5954e-008	9.6471e-008	9.6559e-008	9.7386e-008	9.8228e-008	9.8056e-008	9.7276e-008	9.6651e-008	9.5902e-008	9.4974e-008	9.326e-008	9.1672e-008	9.1045e-008	8.9692e-008	8.6209e-008	8.3278e-008	8.0612e-008	7.8706e-008	7.5842e-008	7.3542e-008	7.2224e-008	6.869e-008	6.5072e-008	6.3753e-008	6.1753e-008	5.8703e-008	5.6021e-008	5.3446e-008	5.1938e-008	4.9301e-008	4.6368e-008	4.2915e-008	4.0032e-008	3.7182e-008	3.4668e-008	3.263e-008	3.0583e-008	2.7057e-008	2.304e-008	2.1396e-008	1.8858e-008	1.6457e-008	1.4627e-008	1.1706e-008	9.6084e-009	8.2119e-009	7.5555e-009	7.0182e-009	6.03e-009	5.7552e-009	5.4512e-009	4.8118e-009	5.1945e-009	5.4675e-009	5.4018e-009	5.6094e-009	5.8407e-009	6.4872e-009	6.731e-009	6.7141e-009	7.2857e-009	7.0582e-009	7.9599e-009	9.0899e-009	1.1709e-008	1.4924e-008	1.9356e-008	2.5914e-008	3.1863e-008	4.254e-008	4.9226e-008	5.5569e-008	6.3084e-008	7.074e-008	7.5028e-008	8.0096e-008	8.33e-008	8.576e-008	8.7262e-008	8.8836e-008	9.0752e-008	9.2351e-008	9.278e-008	9.3208e-008	9.4172e-008	9.4916e-008	9.5536e-008	9.4703e-008	9.3236e-008	9.0462e-008	8.8434e-008	8.6927e-008	8.6249e-008	8.5383e-008	8.3988e-008	8.1386e-008	8.0567e-008	7.8504e-008	7.6791e-008	7.4994e-008	7.3483e-008	6.9755e-008	6.6913e-008	6.5582e-008	6.4452e-008	6.3148e-008	6.0164e-008	5.7894e-008	5.4032e-008	5.2734e-008	5.0999e-008	4.9094e-008	4.7583e-008	4.5225e-008	4.2576e-008	3.9349e-008	3.7332e-008	3.5936e-008	3.3154e-008	3.0823e-008	2.8809e-008	2.5698e-008	2.2782e-008	1.9868e-008	1.7657e-008	1.3979e-008	1.1139e-008	9.3462e-009	7.8064e-009	6.8502e-009	6.3518e-009	6.5665e-009	6.4968e-009	6.3022e-009	6.2554e-009	6.1984e-009	6.0956e-009	6.2525e-009	5.7765e-009	6.0199e-009	6.6688e-009	6.926e-009	7.296e-009	8.6649e-009	1.0644e-008	1.4151e-008	1.8369e-008	2.4667e-008	3.101e-008	3.6444e-008	4.1974e-008	4.8354e-008	5.4193e-008	5.9846e-008	6.5599e-008	7.1212e-008	7.5934e-008	8.1158e-008	8.4859e-008	8.7324e-008	9.0244e-008	9.2051e-008	9.3983e-008	9.5459e-008	9.6157e-008	9.6557e-008	9.4536e-008	9.333e-008	9.2216e-008	9.2073e-008	9.1043e-008	8.8746e-008	8.7023e-008	8.5262e-008	8.1972e-008	7.807e-008	7.5537e-008	7.3335e-008	7.0196e-008	6.8917e-008	6.6932e-008	6.5323e-008	6.2175e-008	6.0218e-008	5.868e-008	5.7331e-008	5.4699e-008	5.2542e-008	5.0312e-008	4.7285e-008	4.5057e-008	4.2954e-008	4.0882e-008	3.703e-008	3.587e-008	3.4073e-008	3.2326e-008
9.8027e-008	9.6887e-008	9.6208e-008	9.552e-008	9.3764e-008	9.2197e-008	8.9172e-008	8.6786e-008	8.46e-008	8.2848e-008	8.1518e-008	8.051e-008	7.7885e-008	7.5667e-008	7.2723e-008	7.0754e-008	6.8476e-008	6.5839e-008	6.3746e-008	6.236e-008	6.013e-008	5.698e-008	5.3711e-008	5.0938e-008	4.7714e-008	4.4904e-008	4.1317e-008	3.938e-008	3.6783e-008	3.4797e-008	3.2411e-008	3.0754e-008	2.8322e-008	2.5555e-008	2.3198e-008	1.9026e-008	1.7328e-008	1.5074e-008	1.3417e-008	1.2062e-008	1.1577e-008	1.0971e-008	1.0648e-008	1.0429e-008	9.7511e-009	1.0171e-008	1.0738e-008	1.136e-008	1.0735e-008	1.0395e-008	9.9989e-009	1.0073e-008	1.0586e-008	1.0014e-008	1.0684e-008	1.0955e-008	1.1979e-008	1.2551e-008	1.38e-008	1.582e-008	1.9595e-008	2.4303e-008	3.1281e-008	3.9153e-008	4.6002e-008	5.2783e-008	5.7964e-008	6.3592e-008	7.1108e-008	7.8713e-008	8.2631e-008	8.6047e-008	8.9851e-008	9.2776e-008	9.4561e-008	9.5053e-008	9.5371e-008	9.5364e-008	9.6243e-008	9.6542e-008	9.658e-008	9.5451e-008	9.4437e-008	9.2845e-008	9.0481e-008	8.8303e-008	8.6108e-008	8.315e-008	8.0583e-008	7.9349e-008	7.736e-008	7.5064e-008	7.3241e-008	7.1142e-008	6.9782e-008	6.7905e-008	6.7065e-008	6.6157e-008	6.4784e-008	6.2939e-008	6.0913e-008	5.6912e-008	5.4774e-008	5.2753e-008	4.9375e-008	4.5737e-008	4.4467e-008	4.1371e-008	3.8838e-008	3.6666e-008	3.5352e-008	3.3151e-008	3.0947e-008	2.8051e-008	2.5027e-008	2.246e-008	2.0427e-008	1.8385e-008	1.6174e-008	1.4128e-008	1.2264e-008	1.0676e-008	9.7027e-009	9.6808e-009	9.5193e-009	9.7669e-009	9.5357e-009	8.8409e-009	8.9559e-009	9.1863e-009	9.9569e-009	1.0079e-008	1.0056e-008	9.5885e-009	9.9391e-009	1.0249e-008	1.1178e-008	1.185e-008	1.3249e-008	1.6033e-008	1.8814e-008	2.5228e-008	3.2337e-008	3.9515e-008	4.6141e-008	5.323e-008	6.3451e-008	6.9829e-008	7.5779e-008	8.2248e-008	8.5487e-008	8.809e-008	9.0651e-008	9.2781e-008	9.4772e-008	9.7969e-008	1.0034e-007	1.0207e-007	1.0292e-007	1.0297e-007	1.0231e-007	1.0121e-007	9.8907e-008	9.7571e-008	9.6675e-008	9.6451e-008	9.4123e-008	9.1374e-008	8.9447e-008	8.7146e-008	8.5206e-008	8.3309e-008	8.1168e-008	7.6981e-008	7.4628e-008	7.1932e-008	6.9761e-008	6.8075e-008	6.432e-008	6.2794e-008	6.0528e-008	5.8545e-008	5.5483e-008	5.1458e-008	4.9589e-008	4.7441e-008	4.5787e-008	4.34e-008	4.0653e-008	3.8622e-008	3.5993e-008	3.3329e-008	3.0569e-008	2.8508e-008	2.5349e-008	2.4346e-008	2.1766e-008	1.96e-008	1.732e-008	1.5423e-008	1.4309e-008	1.2388e-008	1.1145e-008	9.8636e-009	9.2362e-009	9.5379e-009	9.3867e-009	9.3735e-009	8.5333e-009	8.8157e-009	8.6167e-009	9.2834e-009	9.1583e-009	8.8616e-009	8.9682e-009	9.4549e-009	9.8543e-009	1.0761e-008	1.3151e-008	1.6258e-008	2.0147e-008	2.5212e-008	3.1367e-008	3.836e-008	4.437e-008	5.2787e-008	6.119e-008	6.8726e-008	7.3998e-008	7.8788e-008	8.3047e-008	8.867e-008	9.1636e-008	9.2312e-008	9.3636e-008	9.4863e-008	9.6255e-008	9.724e-008	9.7775e-008	9.7259e-008	9.7291e-008	9.5814e-008	9.454e-008	9.3116e-008	9.1331e-008	8.9414e-008	8.8196e-008	8.7167e-008	8.6319e-008	8.5037e-008	8.3198e-008	7.951e-008	7.5684e-008	7.4349e-008	7.3383e-008	7.1689e-008	6.8281e-008	6.5268e-008	6.3146e-008	6.1397e-008	5.956e-008	5.5822e-008	5.3179e-008	5.0523e-008	4.743e-008	4.4236e-008	3.9748e-008	3.8104e-008	3.462e-008	3.2102e-008	3.0325e-008	2.8606e-008	2.572e-008	2.1634e-008	1.8619e-008	1.7051e-008	1.4513e-008	1.249e-008	1.0208e-008	9.1753e-009	8.9594e-009	8.397e-009	8.082e-009	8.0271e-009	7.4634e-009	7.2014e-009	7.0905e-009	7.5238e-009	7.955e-009	8.1956e-009	8.1539e-009	7.8262e-009	8.1924e-009	8.5534e-009	8.1459e-009	8.6917e-009	9.9679e-009	1.1299e-008	1.4826e-008	1.9073e-008	2.189e-008	2.6642e-008	3.3679e-008	3.931e-008	4.6311e-008	5.4075e-008	6.2018e-008	6.9572e-008	7.4743e-008	7.9116e-008	8.1675e-008	8.511e-008	8.6867e-008	9.1224e-008	9.2543e-008	9.3972e-008	9.5619e-008	9.6104e-008	9.6815e-008	9.7792e-008	9.7533e-008	9.725e-008	9.6504e-008	9.5406e-008	9.4943e-008	9.356e-008	9.2293e-008	9.0604e-008	8.89e-008	8.4578e-008	8.2361e-008	7.9791e-008	7.6723e-008	7.4748e-008	7.3505e-008	7.1105e-008	6.782e-008	6.4903e-008	6.3336e-008	6.1235e-008	5.7603e-008	5.6491e-008	5.4029e-008	5.1889e-008	4.6883e-008	4.4611e-008	4.1765e-008	3.906e-008	3.7045e-008	3.4339e-008	3.2296e-008	2.8711e-008	2.7096e-008	2.3046e-008	2.0885e-008	1.9151e-008	1.6567e-008	1.4448e-008	1.182e-008	1.0073e-008	8.0762e-009	7.0015e-009	6.378e-009	6.28e-009	6.2388e-009	5.6369e-009	4.9072e-009	4.7699e-009	5.1154e-009	5.0838e-009	5.4868e-009	5.7729e-009	6.3874e-009	6.2887e-009	6.0277e-009	6.0013e-009	6.686e-009	7.6689e-009	9.0605e-009	1.1315e-008	1.4529e-008	1.8317e-008	2.4793e-008	3.1419e-008	4.008e-008	4.8314e-008	5.3423e-008	6.1535e-008	6.8835e-008	7.4776e-008	7.964e-008	8.351e-008	8.5697e-008	8.6906e-008	8.8799e-008	9.1016e-008	9.2353e-008	9.336e-008	9.3823e-008	9.3685e-008	9.4531e-008	9.5121e-008	9.4758e-008	9.3703e-008	8.988e-008	8.7511e-008	8.6681e-008	8.6591e-008	8.5799e-008	8.4782e-008	8.2656e-008	8.0865e-008	7.8941e-008	7.6323e-008	7.4785e-008	7.3572e-008	6.9501e-008	6.6309e-008	6.4678e-008	6.4672e-008	6.2828e-008	5.9564e-008	5.7541e-008	5.3742e-008	5.1903e-008	5.0549e-008	4.8799e-008	4.7377e-008	4.5417e-008	4.2624e-008	3.9781e-008	3.7679e-008	3.5579e-008	3.2465e-008	3.1087e-008	2.8712e-008	2.682e-008	2.0618e-008	1.9452e-008	1.6177e-008	1.4287e-008	1.0483e-008	8.8456e-009	7.3969e-009	6.8037e-009	6.3618e-009	6.25e-009	6.1699e-009	6.2731e-009	5.9387e-009	5.8703e-009	6.1291e-009	6.3586e-009	6.0657e-009	6.4324e-009	6.7942e-009	6.8034e-009	7.1907e-009	8.6551e-009	1.0845e-008	1.3861e-008	1.8209e-008	2.3603e-008	3.0001e-008	3.5274e-008	4.1157e-008	4.703e-008	5.3652e-008	5.8877e-008	6.5455e-008	7.1653e-008	7.6344e-008	8.0831e-008	8.5454e-008	8.7188e-008	8.9865e-008	9.2276e-008	9.4542e-008	9.584e-008	9.6429e-008	9.6476e-008	9.5336e-008	9.3166e-008	9.2377e-008	9.2156e-008	9.083e-008	8.9446e-008	8.7452e-008	8.5316e-008	8.0991e-008	7.8576e-008	7.6086e-008	7.3129e-008	7.111e-008	6.8734e-008	6.6853e-008	6.5825e-008	6.4155e-008	6.1147e-008	5.9155e-008	5.6889e-008	5.4167e-008	5.1667e-008	4.9592e-008	4.6834e-008	4.4816e-008	4.3344e-008	4.0815e-008	3.7982e-008	3.5847e-008	3.4136e-008	3.2944e-008
9.7027e-008	9.6681e-008	9.6051e-008	9.5062e-008	9.3042e-008	9.1424e-008	8.7834e-008	8.5069e-008	8.3909e-008	8.2387e-008	8.0097e-008	7.8042e-008	7.6419e-008	7.4923e-008	7.2178e-008	6.9986e-008	6.7619e-008	6.5468e-008	6.2507e-008	6.1814e-008	5.9675e-008	5.5489e-008	5.3512e-008	4.9867e-008	4.6128e-008	4.4205e-008	4.1571e-008	3.8937e-008	3.6492e-008	3.3889e-008	3.1959e-008	2.9921e-008	2.7595e-008	2.4497e-008	2.1381e-008	1.9337e-008	1.6795e-008	1.4535e-008	1.2614e-008	1.1362e-008	1.057e-008	1.0248e-008	9.9089e-009	9.6691e-009	9.24e-009	9.6361e-009	1.028e-008	1.0849e-008	9.9573e-009	1.0041e-008	9.8576e-009	9.7203e-009	1.0094e-008	1.0321e-008	1.0161e-008	1.0691e-008	1.1208e-008	1.1817e-008	1.3017e-008	1.4407e-008	1.8457e-008	2.3706e-008	3.119e-008	3.8466e-008	4.6189e-008	5.231e-008	5.6886e-008	6.2429e-008	7.06e-008	7.8578e-008	8.271e-008	8.5569e-008	8.8711e-008	9.1496e-008	9.3058e-008	9.392e-008	9.5136e-008	9.5338e-008	9.588e-008	9.5547e-008	9.5304e-008	9.5569e-008	9.5155e-008	9.1181e-008	9.0312e-008	8.8978e-008	8.4439e-008	8.1988e-008	8.0392e-008	7.9675e-008	7.6219e-008	7.5652e-008	7.2964e-008	7.0992e-008	6.8268e-008	6.6319e-008	6.5824e-008	6.4951e-008	6.3576e-008	6.1773e-008	5.9907e-008	5.6237e-008	5.4487e-008	5.1906e-008	4.8423e-008	4.6401e-008	4.422e-008	3.8763e-008	3.7883e-008	3.6328e-008	3.4204e-008	3.2844e-008	2.9976e-008	2.7201e-008	2.448e-008	2.1673e-008	1.9848e-008	1.7313e-008	1.5446e-008	1.313e-008	1.1103e-008	1.049e-008	9.3482e-009	9.2934e-009	8.6488e-009	8.5784e-009	8.9651e-009	8.2303e-009	8.0682e-009	8.4364e-009	8.7029e-009	8.5036e-009	8.152e-009	8.3837e-009	8.7594e-009	9.8001e-009	1.0893e-008	1.1161e-008	1.3053e-008	1.5826e-008	1.9148e-008	2.4354e-008	3.1823e-008	3.8087e-008	4.4789e-008	5.2406e-008	6.1788e-008	6.92e-008	7.5632e-008	8.2031e-008	8.5532e-008	8.7926e-008	9.02e-008	9.2303e-008	9.4369e-008	9.6106e-008	9.9061e-008	1.0068e-007	1.0178e-007	1.0175e-007	1.0064e-007	1.0013e-007	9.8545e-008	9.7201e-008	9.5656e-008	9.4457e-008	9.2963e-008	9.1089e-008	8.8863e-008	8.541e-008	8.4003e-008	8.2993e-008	7.965e-008	7.6677e-008	7.428e-008	7.2844e-008	6.9072e-008	6.6807e-008	6.4188e-008	6.2457e-008	5.9524e-008	5.7854e-008	5.4307e-008	5.114e-008	4.8844e-008	4.6247e-008	4.4794e-008	4.1463e-008	3.9781e-008	3.7865e-008	3.4689e-008	3.1687e-008	2.9352e-008	2.6505e-008	2.4935e-008	2.3242e-008	2.1444e-008	1.8395e-008	1.6857e-008	1.4639e-008	1.329e-008	1.1749e-008	1.0088e-008	9.3236e-009	8.8823e-009	8.6176e-009	8.6504e-009	8.1755e-009	8.3197e-009	8.556e-009	7.9371e-009	8.2229e-009	8.1005e-009	8.2177e-009	8.3608e-009	8.7395e-009	9.2387e-009	9.7352e-009	1.1897e-008	1.5262e-008	1.8559e-008	2.3781e-008	3.0497e-008	3.7212e-008	4.484e-008	5.3277e-008	6.1146e-008	6.8156e-008	7.296e-008	7.7891e-008	8.1836e-008	8.6087e-008	8.9244e-008	9.0808e-008	9.2082e-008	9.4326e-008	9.5461e-008	9.6615e-008	9.6969e-008	9.6778e-008	9.6362e-008	9.625e-008	9.4255e-008	9.2728e-008	9.106e-008	8.9398e-008	8.6867e-008	8.5377e-008	8.5236e-008	8.414e-008	8.1808e-008	7.9033e-008	7.6084e-008	7.3976e-008	7.2974e-008	7.0897e-008	6.8323e-008	6.4726e-008	6.3057e-008	6.107e-008	5.8877e-008	5.4031e-008	5.2134e-008	5.0361e-008	4.4974e-008	4.307e-008	3.9423e-008	3.6495e-008	3.3964e-008	3.0442e-008	2.9115e-008	2.745e-008	2.3929e-008	2.1205e-008	1.8741e-008	1.7097e-008	1.3458e-008	1.1975e-008	9.5942e-009	8.604e-009	7.867e-009	7.4309e-009	7.3162e-009	7.4402e-009	6.8621e-009	6.52e-009	6.6326e-009	6.8149e-009	6.9468e-009	7.1623e-009	7.2066e-009	6.9593e-009	7.0414e-009	7.4228e-009	7.6002e-009	8.0997e-009	9.3518e-009	1.0946e-008	1.4305e-008	1.6543e-008	2.1288e-008	2.6341e-008	3.3345e-008	3.9028e-008	4.4852e-008	5.1986e-008	5.9206e-008	6.7417e-008	7.2733e-008	7.6002e-008	7.9852e-008	8.3269e-008	8.6317e-008	8.9004e-008	9.1153e-008	9.3442e-008	9.4381e-008	9.5151e-008	9.5369e-008	9.6408e-008	9.7163e-008	9.7284e-008	9.5734e-008	9.4896e-008	9.4397e-008	9.3533e-008	9.0614e-008	8.9345e-008	8.7686e-008	8.4979e-008	8.1313e-008	7.806e-008	7.6147e-008	7.4677e-008	7.2296e-008	7.0388e-008	6.7458e-008	6.4749e-008	6.2849e-008	6.1314e-008	5.8823e-008	5.5215e-008	5.2885e-008	5.0249e-008	4.6032e-008	4.2216e-008	3.9843e-008	3.7725e-008	3.6261e-008	3.3835e-008	3.1078e-008	2.834e-008	2.6099e-008	2.262e-008	1.9214e-008	1.8138e-008	1.6021e-008	1.1808e-008	1.0502e-008	9.2143e-009	7.4281e-009	6.246e-009	5.4472e-009	5.6374e-009	5.1395e-009	4.9784e-009	4.8725e-009	5.008e-009	4.6569e-009	4.085e-009	4.8277e-009	4.9031e-009	5.1373e-009	4.8153e-009	5.3996e-009	5.492e-009	6.0223e-009	6.7362e-009	7.6759e-009	1.0421e-008	1.3905e-008	1.7743e-008	2.3105e-008	3.2078e-008	3.8741e-008	4.6751e-008	5.1652e-008	5.8325e-008	6.7246e-008	7.3288e-008	7.7101e-008	8.1451e-008	8.4692e-008	8.6168e-008	8.7251e-008	9.02e-008	9.2213e-008	9.3709e-008	9.408e-008	9.3718e-008	9.3569e-008	9.4055e-008	9.3767e-008	9.1903e-008	9.0099e-008	8.7655e-008	8.6088e-008	8.5869e-008	8.4896e-008	8.3413e-008	8.1821e-008	8.013e-008	7.7188e-008	7.5058e-008	7.3398e-008	7.0581e-008	6.8189e-008	6.6371e-008	6.3833e-008	6.351e-008	6.138e-008	5.8908e-008	5.4998e-008	5.2767e-008	5.1034e-008	4.963e-008	4.85e-008	4.6105e-008	4.452e-008	4.168e-008	3.8616e-008	3.7159e-008	3.4478e-008	3.1781e-008	3.0162e-008	2.846e-008	2.5939e-008	2.1588e-008	1.8453e-008	1.532e-008	1.2472e-008	1.0075e-008	8.0406e-009	5.9456e-009	5.4536e-009	5.5172e-009	5.1456e-009	5.1935e-009	5.2855e-009	5.0656e-009	5.0156e-009	5.4539e-009	5.4376e-009	5.4367e-009	5.4314e-009	5.8753e-009	5.995e-009	6.6074e-009	7.6555e-009	9.8722e-009	1.2728e-008	1.7081e-008	2.3252e-008	2.8474e-008	3.4235e-008	3.998e-008	4.5341e-008	5.0715e-008	5.7901e-008	6.4308e-008	6.9953e-008	7.5911e-008	8.0403e-008	8.4351e-008	8.703e-008	8.9826e-008	9.1349e-008	9.3084e-008	9.4509e-008	9.5775e-008	9.559e-008	9.4917e-008	9.2545e-008	9.1444e-008	9.0818e-008	8.9552e-008	8.85e-008	8.6977e-008	8.3093e-008	8.0615e-008	7.8057e-008	7.5728e-008	7.2671e-008	7.0126e-008	6.8247e-008	6.6036e-008	6.5247e-008	6.3983e-008	6.0522e-008	5.8627e-008	5.6814e-008	5.3993e-008	5.1333e-008	4.9071e-008	4.7123e-008	4.4735e-008	4.1932e-008	4.041e-008	3.7311e-008	3.5255e-008	3.2928e-008	3.1038e-008
9.6649e-008	9.6717e-008	9.5558e-008	9.4065e-008	9.2713e-008	9.0602e-008	8.7729e-008	8.5117e-008	8.412e-008	8.0605e-008	7.8566e-008	7.726e-008	7.6821e-008	7.4917e-008	7.0764e-008	6.8614e-008	6.6875e-008	6.4828e-008	6.1429e-008	6.0472e-008	5.7962e-008	5.5624e-008	5.3279e-008	5.1612e-008	4.4936e-008	4.3811e-008	4.1778e-008	3.9747e-008	3.6322e-008	3.3504e-008	3.0856e-008	2.9131e-008	2.6812e-008	2.4499e-008	2.1814e-008	1.9031e-008	1.6118e-008	1.437e-008	1.2158e-008	1.1115e-008	1.0071e-008	9.8496e-009	9.4904e-009	8.7265e-009	8.6767e-009	9.131e-009	9.4023e-009	9.6236e-009	9.5897e-009	8.9271e-009	8.7893e-009	8.7591e-009	9.0319e-009	9.8409e-009	1.0386e-008	1.0476e-008	1.0484e-008	1.1007e-008	1.1834e-008	1.3725e-008	1.7895e-008	2.3224e-008	2.9156e-008	3.6859e-008	4.6476e-008	5.2578e-008	5.7342e-008	6.199e-008	6.9171e-008	7.586e-008	8.2318e-008	8.464e-008	8.6554e-008	8.9747e-008	9.1739e-008	9.3518e-008	9.4517e-008	9.4792e-008	9.5347e-008	9.5228e-008	9.5292e-008	9.507e-008	9.4131e-008	9.2487e-008	9.0597e-008	8.8544e-008	8.4316e-008	8.2442e-008	8.0578e-008	7.9766e-008	7.8374e-008	7.6572e-008	7.3733e-008	7.1131e-008	6.7756e-008	6.6208e-008	6.5207e-008	6.4333e-008	6.3267e-008	6.1539e-008	5.9094e-008	5.6882e-008	5.4308e-008	5.1034e-008	4.9781e-008	4.7059e-008	4.4751e-008	4.1873e-008	3.6859e-008	3.5621e-008	3.3861e-008	3.1409e-008	2.6532e-008	2.6279e-008	2.4481e-008	2.0624e-008	1.8336e-008	1.5667e-008	1.4897e-008	1.2854e-008	1.1689e-008	1.0345e-008	9.7619e-009	8.8885e-009	8.444e-009	8.1891e-009	8.2316e-009	7.5896e-009	8.0017e-009	8.1905e-009	8.4434e-009	8.1278e-009	7.9468e-009	8.2653e-009	8.4359e-009	8.932e-009	9.8846e-009	1.0922e-008	1.2652e-008	1.5605e-008	1.9214e-008	2.2864e-008	3.0608e-008	3.6795e-008	4.468e-008	5.1493e-008	5.9698e-008	6.7208e-008	7.4038e-008	8.0032e-008	8.5092e-008	8.7004e-008	8.9747e-008	9.1484e-008	9.3725e-008	9.5951e-008	9.7745e-008	9.9624e-008	1.0001e-007	1.0017e-007	9.9041e-008	9.8463e-008	9.8451e-008	9.7283e-008	9.5074e-008	9.3783e-008	9.1776e-008	8.9783e-008	8.6636e-008	8.4316e-008	8.2231e-008	8.0145e-008	7.745e-008	7.472e-008	7.3524e-008	7.2381e-008	6.9512e-008	6.5407e-008	6.3765e-008	6.2106e-008	5.8707e-008	5.5975e-008	5.3792e-008	5.0039e-008	4.7955e-008	4.542e-008	4.4372e-008	4.1945e-008	3.9065e-008	3.7466e-008	3.3644e-008	3.075e-008	2.9145e-008	2.6773e-008	2.4076e-008	2.2083e-008	1.9909e-008	1.8169e-008	1.6298e-008	1.4455e-008	1.2545e-008	1.0517e-008	9.2167e-009	8.727e-009	8.6065e-009	8.1675e-009	7.2992e-009	7.7549e-009	8.1695e-009	8.1322e-009	7.4413e-009	7.7258e-009	7.9291e-009	7.8183e-009	8.0797e-009	8.1358e-009	8.5354e-009	9.4784e-009	1.1156e-008	1.4366e-008	1.7895e-008	2.285e-008	2.9072e-008	3.7302e-008	4.6294e-008	5.3172e-008	6.053e-008	6.6974e-008	7.3255e-008	7.7149e-008	8.1011e-008	8.4642e-008	8.6985e-008	9.0228e-008	9.1593e-008	9.3281e-008	9.5621e-008	9.6521e-008	9.7465e-008	9.851e-008	9.7725e-008	9.5898e-008	9.4609e-008	9.272e-008	9.1032e-008	8.9952e-008	8.6885e-008	8.4388e-008	8.3521e-008	8.2028e-008	7.9823e-008	7.7899e-008	7.5472e-008	7.328e-008	7.2657e-008	7.0882e-008	6.692e-008	6.4151e-008	6.2503e-008	6.0489e-008	5.8199e-008	5.3711e-008	5.1202e-008	4.9526e-008	4.5623e-008	4.1194e-008	3.9318e-008	3.6357e-008	3.2871e-008	3.0308e-008	2.887e-008	2.5941e-008	2.2918e-008	2.0251e-008	1.8758e-008	1.639e-008	1.3612e-008	1.1691e-008	9.5023e-009	8.7639e-009	8.0696e-009	7.1483e-009	6.9914e-009	7.0995e-009	6.3462e-009	6.818e-009	6.8345e-009	6.7762e-009	6.2716e-009	6.6199e-009	6.8302e-009	6.6634e-009	7.1107e-009	7.4278e-009	6.9773e-009	8.0016e-009	8.9715e-009	1.0477e-008	1.3977e-008	1.7115e-008	2.0606e-008	2.6051e-008	3.3859e-008	3.8944e-008	4.3811e-008	4.9789e-008	5.8588e-008	6.6095e-008	7.1827e-008	7.5781e-008	7.8903e-008	8.2327e-008	8.5089e-008	8.8474e-008	9.0604e-008	9.3107e-008	9.4462e-008	9.5073e-008	9.5512e-008	9.6236e-008	9.6816e-008	9.748e-008	9.6325e-008	9.4949e-008	9.406e-008	9.331e-008	9.0349e-008	8.8318e-008	8.6419e-008	8.3885e-008	7.9531e-008	7.8062e-008	7.5484e-008	7.347e-008	7.1636e-008	6.9658e-008	6.6214e-008	6.4157e-008	6.2124e-008	6.0492e-008	5.6124e-008	5.2917e-008	5.1445e-008	4.9711e-008	4.5445e-008	4.1815e-008	3.9741e-008	3.7559e-008	3.5997e-008	3.2957e-008	3.0308e-008	2.7678e-008	2.6146e-008	2.1879e-008	1.9379e-008	1.7535e-008	1.578e-008	1.3313e-008	9.5535e-009	8.7136e-009	7.3449e-009	5.9786e-009	5.3744e-009	5.3072e-009	4.7852e-009	4.5956e-009	4.5483e-009	4.9278e-009	4.5852e-009	3.9684e-009	4.536e-009	4.3216e-009	4.0956e-009	4.5745e-009	5.1497e-009	5.2494e-009	5.7014e-009	6.5986e-009	7.5693e-009	1.071e-008	1.3649e-008	1.7619e-008	2.2668e-008	3.1766e-008	3.8754e-008	4.6425e-008	5.1598e-008	5.7143e-008	6.4223e-008	7.0781e-008	7.6687e-008	8.1557e-008	8.4033e-008	8.4933e-008	8.7458e-008	8.9695e-008	9.2282e-008	9.4733e-008	9.5699e-008	9.4731e-008	9.39e-008	9.3457e-008	9.2715e-008	9.1812e-008	8.9621e-008	8.7685e-008	8.6132e-008	8.5115e-008	8.344e-008	8.1908e-008	8.0078e-008	7.8626e-008	7.603e-008	7.3499e-008	7.2569e-008	7.0293e-008	6.861e-008	6.6906e-008	6.4835e-008	6.2985e-008	6.1229e-008	5.6742e-008	5.4761e-008	5.2061e-008	5.0645e-008	4.9061e-008	4.7316e-008	4.5826e-008	4.3862e-008	4.1139e-008	3.8395e-008	3.5886e-008	3.2119e-008	3.0967e-008	2.9157e-008	2.7076e-008	2.5302e-008	2.0064e-008	1.7536e-008	1.525e-008	1.2554e-008	9.7781e-009	7.3659e-009	6.2292e-009	4.9074e-009	4.8403e-009	4.299e-009	4.8982e-009	4.963e-009	4.8064e-009	4.6183e-009	4.648e-009	4.3264e-009	4.4869e-009	4.5603e-009	4.8959e-009	5.537e-009	6.3104e-009	7.612e-009	9.5319e-009	1.2628e-008	1.6452e-008	2.2188e-008	2.8363e-008	3.4122e-008	4.0237e-008	4.5341e-008	5.0431e-008	5.7137e-008	6.4426e-008	7.0175e-008	7.517e-008	7.9955e-008	8.4634e-008	8.7346e-008	8.9338e-008	9.118e-008	9.2795e-008	9.4358e-008	9.5181e-008	9.4934e-008	9.4422e-008	9.3132e-008	9.1713e-008	9.051e-008	8.9212e-008	8.7682e-008	8.6295e-008	8.2267e-008	7.9907e-008	7.7634e-008	7.4995e-008	7.246e-008	6.9292e-008	6.7439e-008	6.5203e-008	6.3518e-008	6.2588e-008	5.9661e-008	5.7626e-008	5.5569e-008	5.3609e-008	5.129e-008	4.842e-008	4.7153e-008	4.5018e-008	4.0873e-008	3.958e-008	3.5453e-008	3.4053e-008	3.2246e-008	3.0469e-008
9.6553e-008	9.6608e-008	9.5692e-008	9.4698e-008	9.29e-008	9.0602e-008	8.7976e-008	8.5965e-008	8.4901e-008	8.2953e-008	7.9662e-008	7.7979e-008	7.7271e-008	7.455e-008	7.1252e-008	6.8471e-008	6.6754e-008	6.4543e-008	6.1551e-008	5.9601e-008	5.7325e-008	5.5365e-008	5.2792e-008	5.1187e-008	4.7135e-008	4.3265e-008	4.1352e-008	3.8477e-008	3.5252e-008	3.3888e-008	3.0994e-008	2.9538e-008	2.7966e-008	2.4875e-008	2.1693e-008	1.9666e-008	1.6427e-008	1.4581e-008	1.2742e-008	1.1114e-008	1.0494e-008	1.0257e-008	9.8255e-009	9.3536e-009	8.9132e-009	8.8177e-009	9.002e-009	9.659e-009	9.805e-009	8.9183e-009	8.3756e-009	8.7422e-009	9.0654e-009	9.5713e-009	1.0534e-008	1.0491e-008	1.0562e-008	1.0652e-008	1.108e-008	1.3439e-008	1.7513e-008	2.242e-008	2.8251e-008	3.4854e-008	4.512e-008	5.2768e-008	5.7462e-008	6.1715e-008	6.7045e-008	7.4309e-008	8.0375e-008	8.4015e-008	8.6736e-008	8.9728e-008	9.1951e-008	9.3439e-008	9.4315e-008	9.4879e-008	9.5311e-008	9.5362e-008	9.5715e-008	9.5298e-008	9.4183e-008	9.2724e-008	9.1194e-008	8.9445e-008	8.5369e-008	8.2783e-008	8.2045e-008	7.9793e-008	7.8289e-008	7.6869e-008	7.5211e-008	7.0837e-008	6.8055e-008	6.643e-008	6.5218e-008	6.4546e-008	6.375e-008	6.1416e-008	5.8585e-008	5.6674e-008	5.432e-008	5.1755e-008	4.9637e-008	4.7217e-008	4.5588e-008	3.9888e-008	3.7286e-008	3.5979e-008	3.4021e-008	3.1455e-008	2.6199e-008	2.5425e-008	2.3364e-008	2.0787e-008	1.8947e-008	1.7486e-008	1.4253e-008	1.3006e-008	1.1653e-008	1.0979e-008	9.7539e-009	8.9878e-009	8.5134e-009	8.2576e-009	7.8465e-009	7.7132e-009	8.0961e-009	8.1852e-009	7.9438e-009	8.0621e-009	8.0972e-009	8.2087e-009	8.4396e-009	8.9106e-009	9.5236e-009	1.0232e-008	1.2291e-008	1.5741e-008	1.9163e-008	2.3314e-008	2.9667e-008	3.5976e-008	4.3529e-008	5.3035e-008	5.9428e-008	6.4401e-008	7.2414e-008	7.9581e-008	8.4907e-008	8.72e-008	8.9724e-008	9.1534e-008	9.3983e-008	9.5734e-008	9.8102e-008	9.9202e-008	1.0017e-007	1.0036e-007	9.9393e-008	9.8887e-008	9.8739e-008	9.7755e-008	9.6293e-008	9.3008e-008	9.163e-008	8.8414e-008	8.6166e-008	8.3855e-008	8.1498e-008	7.8342e-008	7.6741e-008	7.489e-008	7.3484e-008	7.1264e-008	6.9334e-008	6.5884e-008	6.3474e-008	6.1477e-008	5.8461e-008	5.6301e-008	5.3038e-008	5.0761e-008	4.6753e-008	4.5264e-008	4.3776e-008	4.1305e-008	3.8087e-008	3.6689e-008	3.3008e-008	3.172e-008	2.91e-008	2.6426e-008	2.3895e-008	2.1797e-008	1.9963e-008	1.8276e-008	1.6186e-008	1.4076e-008	1.2875e-008	1.106e-008	9.504e-009	8.8056e-009	8.5394e-009	7.6946e-009	7.3263e-009	7.7769e-009	8.1188e-009	7.7557e-009	7.0758e-009	7.2903e-009	7.3828e-009	7.8085e-009	8.0531e-009	7.9635e-009	8.7331e-009	9.4027e-009	1.1085e-008	1.3479e-008	1.7582e-008	2.2072e-008	2.8237e-008	3.643e-008	4.5305e-008	5.23e-008	5.9823e-008	6.6283e-008	7.2257e-008	7.6691e-008	8.0297e-008	8.3381e-008	8.6551e-008	8.9027e-008	9.1494e-008	9.381e-008	9.523e-008	9.6837e-008	9.7344e-008	9.8347e-008	9.6877e-008	9.5819e-008	9.4205e-008	9.228e-008	9.0118e-008	8.9358e-008	8.7637e-008	8.5553e-008	8.3599e-008	8.2255e-008	7.9626e-008	7.7138e-008	7.4105e-008	7.3005e-008	7.2362e-008	7.1089e-008	6.8198e-008	6.4398e-008	6.1976e-008	5.9252e-008	5.6644e-008	5.3751e-008	5.1591e-008	4.9203e-008	4.62e-008	4.1144e-008	3.9015e-008	3.5276e-008	3.3187e-008	3.0889e-008	2.8264e-008	2.6705e-008	2.37e-008	2.0293e-008	1.8317e-008	1.6558e-008	1.3977e-008	1.1563e-008	9.2532e-009	8.3979e-009	7.7867e-009	7.1531e-009	6.9325e-009	7.1203e-009	6.6335e-009	6.5492e-009	6.5897e-009	6.4739e-009	6.0916e-009	6.4553e-009	6.4228e-009	6.6636e-009	6.8636e-009	7.1416e-009	6.9737e-009	7.3712e-009	8.3317e-009	1.0282e-008	1.3543e-008	1.7149e-008	2.1248e-008	2.5735e-008	3.3847e-008	3.9386e-008	4.449e-008	4.884e-008	5.7629e-008	6.5565e-008	7.1837e-008	7.5541e-008	7.8665e-008	8.1772e-008	8.5165e-008	8.8395e-008	9.2433e-008	9.4677e-008	9.5632e-008	9.6143e-008	9.5626e-008	9.6105e-008	9.6486e-008	9.6743e-008	9.5649e-008	9.5385e-008	9.4416e-008	9.3037e-008	9.0825e-008	8.8582e-008	8.6362e-008	8.3861e-008	7.9625e-008	7.7574e-008	7.5917e-008	7.377e-008	7.2075e-008	6.9464e-008	6.5272e-008	6.3811e-008	6.2035e-008	6.0069e-008	5.659e-008	5.3615e-008	5.1836e-008	4.9322e-008	4.4264e-008	4.2236e-008	4.0376e-008	3.8353e-008	3.6419e-008	3.2523e-008	2.8853e-008	2.6877e-008	2.5305e-008	2.1392e-008	1.961e-008	1.7476e-008	1.5336e-008	1.3176e-008	1.0788e-008	8.3089e-009	6.4024e-009	6.1591e-009	5.2064e-009	4.9232e-009	4.8141e-009	4.6635e-009	4.3898e-009	4.3688e-009	4.3179e-009	4.0687e-009	4.2856e-009	4.4174e-009	4.3196e-009	4.2768e-009	4.6847e-009	4.9747e-009	4.9303e-009	6.6312e-009	8.242e-009	1.0979e-008	1.4782e-008	1.798e-008	2.2642e-008	3.0211e-008	3.8944e-008	4.7015e-008	5.2706e-008	5.7773e-008	6.4126e-008	7.0103e-008	7.5752e-008	7.9093e-008	8.3263e-008	8.5637e-008	8.741e-008	9.0679e-008	9.2241e-008	9.4325e-008	9.508e-008	9.4707e-008	9.4314e-008	9.3055e-008	9.2476e-008	9.1092e-008	8.9447e-008	8.7526e-008	8.5745e-008	8.3439e-008	8.1675e-008	8.0635e-008	7.9257e-008	7.8211e-008	7.5252e-008	7.3203e-008	7.1239e-008	6.9997e-008	6.8711e-008	6.7613e-008	6.525e-008	6.3658e-008	6.0001e-008	5.6338e-008	5.4811e-008	5.3692e-008	5.0789e-008	4.9035e-008	4.7164e-008	4.5241e-008	4.2816e-008	4.0826e-008	3.82e-008	3.6185e-008	3.376e-008	3.0885e-008	2.836e-008	2.6438e-008	2.3748e-008	2.1039e-008	1.8804e-008	1.4655e-008	1.2141e-008	1.0193e-008	8.3938e-009	6.1186e-009	4.3618e-009	3.6033e-009	3.5826e-009	4.2519e-009	4.5087e-009	4.3354e-009	4.0164e-009	3.2199e-009	3.3882e-009	4.1739e-009	4.4214e-009	3.836e-009	3.9238e-009	5.6058e-009	7.111e-009	8.7268e-009	1.1469e-008	1.6773e-008	2.1771e-008	2.7649e-008	3.466e-008	4.0825e-008	4.5697e-008	4.999e-008	5.6009e-008	6.3158e-008	7.0329e-008	7.5409e-008	7.95e-008	8.3709e-008	8.7448e-008	8.89e-008	9.1186e-008	9.3077e-008	9.3916e-008	9.5039e-008	9.5288e-008	9.3757e-008	9.2206e-008	9.1527e-008	9.047e-008	8.8965e-008	8.7352e-008	8.639e-008	8.2942e-008	8.0699e-008	7.8004e-008	7.5337e-008	7.2042e-008	6.968e-008	6.7851e-008	6.5861e-008	6.3327e-008	6.0849e-008	5.8699e-008	5.6929e-008	5.5564e-008	5.327e-008	5.1686e-008	4.901e-008	4.6546e-008	4.455e-008	4.0407e-008	3.8948e-008	3.7301e-008	3.4879e-008	3.1748e-008	3.0357e-008
9.6551e-008	9.648e-008	9.6984e-008	9.5242e-008	9.3256e-008	9.1558e-008	8.9066e-008	8.6527e-008	8.4438e-008	8.3015e-008	7.8653e-008	7.7809e-008	7.7124e-008	7.455e-008	7.2756e-008	6.998e-008	6.7225e-008	6.4055e-008	6.117e-008	5.9535e-008	5.7534e-008	5.4018e-008	5.1396e-008	4.8763e-008	4.5522e-008	4.3327e-008	4.1058e-008	3.8838e-008	3.6259e-008	3.4179e-008	3.179e-008	2.9445e-008	2.7527e-008	2.4248e-008	2.1867e-008	1.8993e-008	1.6521e-008	1.4683e-008	1.3089e-008	1.1123e-008	1.0505e-008	1.0212e-008	9.882e-009	9.6325e-009	9.6733e-009	8.8818e-009	9.0657e-009	9.2795e-009	9.2583e-009	8.5482e-009	8.3093e-009	9.036e-009	9.4688e-009	9.6423e-009	1.0135e-008	1.0418e-008	1.0464e-008	1.0997e-008	1.1165e-008	1.3268e-008	1.699e-008	2.273e-008	2.9871e-008	3.5431e-008	4.2661e-008	5.1188e-008	5.7358e-008	6.2028e-008	6.7785e-008	7.279e-008	7.8794e-008	8.2739e-008	8.697e-008	8.9998e-008	9.278e-008	9.3347e-008	9.4062e-008	9.4641e-008	9.5225e-008	9.5404e-008	9.5502e-008	9.5916e-008	9.4583e-008	9.2665e-008	9.1157e-008	8.8316e-008	8.488e-008	8.2615e-008	8.253e-008	8.0234e-008	7.7627e-008	7.6333e-008	7.4661e-008	7.104e-008	6.9437e-008	6.6902e-008	6.6373e-008	6.5631e-008	6.4446e-008	6.1334e-008	5.9065e-008	5.5613e-008	5.3735e-008	5.1826e-008	4.9229e-008	4.7033e-008	4.3048e-008	4.0334e-008	3.7551e-008	3.5937e-008	3.3872e-008	3.2212e-008	2.8702e-008	2.6119e-008	2.3811e-008	2.1313e-008	1.9422e-008	1.7032e-008	1.3844e-008	1.2656e-008	1.1229e-008	1.0397e-008	9.342e-009	8.3075e-009	8.2124e-009	7.9841e-009	7.6292e-009	8.0678e-009	7.5465e-009	7.7023e-009	7.6528e-009	7.951e-009	7.9807e-009	8.0931e-009	8.4032e-009	9.237e-009	9.7703e-009	1.0129e-008	1.1827e-008	1.574e-008	1.9642e-008	2.3036e-008	2.9657e-008	3.6946e-008	4.4412e-008	5.2737e-008	5.9368e-008	6.4269e-008	7.1261e-008	7.9507e-008	8.4844e-008	8.7871e-008	8.8628e-008	9.1908e-008	9.3387e-008	9.5794e-008	9.8274e-008	9.9932e-008	1.0032e-007	1.0019e-007	9.9606e-008	9.9037e-008	9.8597e-008	9.8147e-008	9.6549e-008	9.3165e-008	9.1372e-008	8.7434e-008	8.6001e-008	8.3997e-008	8.1719e-008	7.83e-008	7.661e-008	7.4809e-008	7.3192e-008	7.066e-008	6.7875e-008	6.5454e-008	6.1959e-008	6.0562e-008	5.7383e-008	5.5585e-008	5.2999e-008	5.0534e-008	4.7425e-008	4.433e-008	4.2669e-008	4.1059e-008	3.8313e-008	3.5665e-008	3.2938e-008	3.0559e-008	2.898e-008	2.7037e-008	2.4234e-008	2.2087e-008	2.0487e-008	1.7958e-008	1.5477e-008	1.449e-008	1.3134e-008	1.1494e-008	9.4704e-009	8.8589e-009	8.1486e-009	7.5953e-009	7.5908e-009	7.5747e-009	7.4947e-009	7.0798e-009	6.7152e-009	6.6489e-009	7.3327e-009	7.922e-009	8.0851e-009	7.8398e-009	8.5559e-009	9.0398e-009	1.1164e-008	1.3702e-008	1.6796e-008	2.1668e-008	2.8011e-008	3.4705e-008	4.3824e-008	5.135e-008	5.8464e-008	6.5477e-008	7.1583e-008	7.6405e-008	8.0094e-008	8.2065e-008	8.606e-008	8.8868e-008	9.1503e-008	9.4377e-008	9.5944e-008	9.7211e-008	9.6946e-008	9.652e-008	9.5734e-008	9.5579e-008	9.3367e-008	9.2073e-008	8.9551e-008	8.902e-008	8.7269e-008	8.5493e-008	8.3552e-008	8.2111e-008	7.8459e-008	7.63e-008	7.4864e-008	7.3389e-008	7.2218e-008	6.9597e-008	6.7042e-008	6.5275e-008	6.222e-008	5.914e-008	5.6193e-008	5.339e-008	5.1245e-008	4.8524e-008	4.5841e-008	4.1796e-008	3.9419e-008	3.5139e-008	3.1929e-008	3.0355e-008	2.772e-008	2.5853e-008	2.3741e-008	2.0559e-008	1.847e-008	1.5432e-008	1.3264e-008	1.1314e-008	8.9062e-009	7.9849e-009	7.0033e-009	6.4645e-009	6.5764e-009	6.571e-009	6.43e-009	6.599e-009	6.2933e-009	6.048e-009	5.9087e-009	5.9694e-009	5.961e-009	6.1323e-009	6.2532e-009	6.5336e-009	7.038e-009	7.3794e-009	8.8016e-009	1.0547e-008	1.3874e-008	1.7171e-008	2.0917e-008	2.6794e-008	3.4224e-008	3.9274e-008	4.4102e-008	4.8735e-008	5.7274e-008	6.4534e-008	7.011e-008	7.5278e-008	7.8535e-008	8.1656e-008	8.6177e-008	8.9657e-008	9.3082e-008	9.4936e-008	9.5985e-008	9.6036e-008	9.5995e-008	9.6108e-008	9.6187e-008	9.5534e-008	9.5202e-008	9.521e-008	9.359e-008	9.2441e-008	9.0872e-008	8.9365e-008	8.6024e-008	8.2539e-008	7.9799e-008	7.7424e-008	7.5712e-008	7.3357e-008	7.1879e-008	6.8739e-008	6.6181e-008	6.4443e-008	6.2141e-008	5.9216e-008	5.5653e-008	5.3711e-008	5.2146e-008	4.9728e-008	4.6487e-008	4.2776e-008	4.0611e-008	3.7979e-008	3.3737e-008	3.1144e-008	2.9065e-008	2.6784e-008	2.4411e-008	2.2039e-008	1.9904e-008	1.7783e-008	1.5427e-008	1.3085e-008	1.1119e-008	8.3952e-009	6.3136e-009	5.5146e-009	4.3695e-009	4.0873e-009	4.4171e-009	4.7409e-009	4.1768e-009	3.6579e-009	4.0363e-009	4.1577e-009	4.3299e-009	4.4941e-009	4.4001e-009	3.9769e-009	4.6962e-009	5.0812e-009	5.4159e-009	6.9401e-009	8.6988e-009	1.0941e-008	1.4717e-008	1.8791e-008	2.5041e-008	3.214e-008	3.9383e-008	4.6468e-008	5.3443e-008	5.8325e-008	6.3888e-008	7.0383e-008	7.5938e-008	8.1225e-008	8.43e-008	8.6112e-008	8.9329e-008	9.1101e-008	9.2643e-008	9.3639e-008	9.3629e-008	9.4101e-008	9.3122e-008	9.2168e-008	9.1149e-008	9.0855e-008	8.9765e-008	8.7768e-008	8.643e-008	8.3255e-008	8.1951e-008	8.1241e-008	7.9448e-008	7.9152e-008	7.4335e-008	7.3891e-008	7.1807e-008	7.0148e-008	6.9099e-008	6.6483e-008	6.3771e-008	6.1924e-008	5.9437e-008	5.7833e-008	5.5578e-008	5.3267e-008	5.0585e-008	4.8925e-008	4.6047e-008	4.4092e-008	4.1697e-008	3.8427e-008	3.7099e-008	3.5849e-008	3.3611e-008	3.1579e-008	2.955e-008	2.5335e-008	2.4187e-008	2.1512e-008	1.7989e-008	1.5433e-008	1.3021e-008	1.0564e-008	7.9938e-009	5.9822e-009	4.4862e-009	3.4631e-009	3.5848e-009	3.6282e-009	4.0895e-009	4.0501e-009	4.2766e-009	3.899e-009	3.9357e-009	4.084e-009	4.4245e-009	4.339e-009	4.6218e-009	4.6206e-009	5.9868e-009	8.3686e-009	1.1757e-008	1.5963e-008	2.1677e-008	2.779e-008	3.4761e-008	4.0363e-008	4.5509e-008	4.9731e-008	5.5588e-008	6.3694e-008	7.1189e-008	7.6855e-008	8.0036e-008	8.3549e-008	8.7001e-008	8.9212e-008	9.0342e-008	9.2807e-008	9.3543e-008	9.4955e-008	9.5162e-008	9.3352e-008	9.1902e-008	9.1154e-008	9.032e-008	8.8673e-008	8.7591e-008	8.6014e-008	8.2904e-008	7.9274e-008	7.8154e-008	7.5865e-008	7.2992e-008	7.0855e-008	6.8628e-008	6.6122e-008	6.342e-008	6.0762e-008	5.8788e-008	5.7283e-008	5.6611e-008	5.3147e-008	5.0941e-008	4.8356e-008	4.6565e-008	4.4696e-008	4.2717e-008	3.9737e-008	3.742e-008	3.3633e-008	3.1224e-008	2.9908e-008
9.7287e-008	9.7129e-008	9.7036e-008	9.5709e-008	9.3063e-008	9.1278e-008	8.8175e-008	8.6014e-008	8.3976e-008	8.1564e-008	7.8271e-008	7.6964e-008	7.6386e-008	7.479e-008	7.2727e-008	7.0183e-008	6.8517e-008	6.3167e-008	6.0953e-008	5.978e-008	5.6936e-008	5.3446e-008	4.8924e-008	4.7041e-008	4.5506e-008	4.3529e-008	4.1315e-008	3.8972e-008	3.6484e-008	3.3929e-008	3.1501e-008	2.8704e-008	2.7762e-008	2.4931e-008	2.1973e-008	1.9825e-008	1.672e-008	1.5389e-008	1.3225e-008	1.1306e-008	1.065e-008	1.0028e-008	9.7511e-009	9.8149e-009	9.9248e-009	8.9352e-009	8.6914e-009	8.7658e-009	8.9205e-009	8.8812e-009	8.539e-009	8.8623e-009	9.0648e-009	8.7454e-009	9.7516e-009	9.8532e-009	9.9675e-009	1.0646e-008	1.097e-008	1.3226e-008	1.5938e-008	2.2795e-008	2.8909e-008	3.6508e-008	4.2851e-008	4.8799e-008	5.6678e-008	6.2634e-008	6.9047e-008	7.3538e-008	7.814e-008	8.2722e-008	8.6631e-008	9.0519e-008	9.2121e-008	9.3069e-008	9.3836e-008	9.4801e-008	9.5362e-008	9.5305e-008	9.5672e-008	9.5456e-008	9.5236e-008	9.3066e-008	9.03e-008	8.7871e-008	8.4464e-008	8.2079e-008	8.1853e-008	7.9835e-008	7.6612e-008	7.4506e-008	7.2959e-008	7.1008e-008	6.9315e-008	6.8024e-008	6.7248e-008	6.555e-008	6.4277e-008	6.1824e-008	5.8684e-008	5.6102e-008	5.3851e-008	5.1666e-008	5.0038e-008	4.6704e-008	4.386e-008	4.166e-008	3.7834e-008	3.5722e-008	3.3888e-008	3.2278e-008	2.8111e-008	2.588e-008	2.3682e-008	2.121e-008	1.88e-008	1.6158e-008	1.4e-008	1.2461e-008	1.0937e-008	1.0109e-008	9.2694e-009	8.4556e-009	8.0938e-009	7.995e-009	8.1045e-009	8.1728e-009	7.5898e-009	7.1861e-009	7.3145e-009	7.9788e-009	7.2698e-009	7.8652e-009	7.7557e-009	8.8073e-009	9.6668e-009	9.7901e-009	1.132e-008	1.5358e-008	1.8582e-008	2.2512e-008	2.8094e-008	3.6287e-008	4.4831e-008	5.1991e-008	5.8903e-008	6.3866e-008	6.9462e-008	7.7694e-008	8.3984e-008	8.7223e-008	8.8933e-008	9.1967e-008	9.3703e-008	9.5627e-008	9.7367e-008	9.9484e-008	1.0053e-007	9.9636e-008	9.9567e-008	9.9739e-008	9.884e-008	9.8282e-008	9.6217e-008	9.2811e-008	9.0122e-008	8.7514e-008	8.6351e-008	8.4777e-008	8.2477e-008	7.8886e-008	7.6703e-008	7.5019e-008	7.3568e-008	6.9886e-008	6.7726e-008	6.5053e-008	6.2923e-008	6.0434e-008	5.7576e-008	5.5902e-008	5.3767e-008	5.0405e-008	4.7479e-008	4.5293e-008	4.1853e-008	3.9947e-008	3.7732e-008	3.5201e-008	3.2574e-008	3.0492e-008	2.9359e-008	2.6754e-008	2.4448e-008	2.2619e-008	1.997e-008	1.7891e-008	1.5948e-008	1.4476e-008	1.2696e-008	1.0805e-008	8.8936e-009	8.4495e-009	7.994e-009	7.8603e-009	7.6622e-009	7.581e-009	7.6473e-009	7.4332e-009	7.1167e-009	6.8394e-009	7.28e-009	7.8316e-009	8.0932e-009	8.2488e-009	8.4612e-009	9.2383e-009	1.0453e-008	1.3497e-008	1.7059e-008	2.1519e-008	2.7635e-008	3.4163e-008	4.336e-008	5.0591e-008	5.8235e-008	6.6119e-008	7.0991e-008	7.5181e-008	7.942e-008	8.2779e-008	8.5868e-008	8.8207e-008	9.1702e-008	9.4057e-008	9.6043e-008	9.6057e-008	9.6232e-008	9.6346e-008	9.5844e-008	9.5464e-008	9.4006e-008	9.2027e-008	9.0576e-008	8.8987e-008	8.7688e-008	8.5852e-008	8.2638e-008	8.0799e-008	7.8991e-008	7.7738e-008	7.5296e-008	7.3126e-008	7.0449e-008	6.8631e-008	6.7106e-008	6.4576e-008	6.2152e-008	5.9736e-008	5.6272e-008	5.3499e-008	5.1305e-008	4.8024e-008	4.4852e-008	4.2596e-008	3.9177e-008	3.4859e-008	3.2835e-008	2.9185e-008	2.757e-008	2.5104e-008	2.2591e-008	2.0747e-008	1.7651e-008	1.5365e-008	1.2279e-008	1.1159e-008	8.9521e-009	8.1329e-009	6.9621e-009	6.8459e-009	6.618e-009	6.2613e-009	6.6801e-009	6.3987e-009	6.6261e-009	6.5901e-009	6.1867e-009	5.7201e-009	5.6643e-009	5.6275e-009	5.8294e-009	6.1155e-009	6.6015e-009	7.1305e-009	8.5748e-009	1.1531e-008	1.4867e-008	1.8398e-008	2.2267e-008	2.7262e-008	3.2449e-008	3.9244e-008	4.3076e-008	4.7855e-008	5.504e-008	6.3088e-008	6.8792e-008	7.3728e-008	7.8174e-008	8.175e-008	8.6236e-008	8.9099e-008	9.2207e-008	9.449e-008	9.5535e-008	9.544e-008	9.5843e-008	9.5865e-008	9.5878e-008	9.5721e-008	9.4894e-008	9.4256e-008	9.2945e-008	9.2212e-008	9.019e-008	8.7361e-008	8.4801e-008	8.1886e-008	7.9216e-008	7.6713e-008	7.4906e-008	7.283e-008	6.9562e-008	6.6829e-008	6.585e-008	6.4773e-008	6.2665e-008	5.8464e-008	5.6008e-008	5.4002e-008	5.1258e-008	4.9019e-008	4.5839e-008	4.3626e-008	3.9894e-008	3.6463e-008	3.3922e-008	3.1244e-008	2.9307e-008	2.6897e-008	2.4683e-008	2.1031e-008	1.9815e-008	1.7331e-008	1.5325e-008	1.3006e-008	1.0492e-008	8.3679e-009	6.117e-009	5.0054e-009	3.9492e-009	3.4519e-009	3.7267e-009	3.9504e-009	3.7209e-009	3.4584e-009	4.0969e-009	4.0059e-009	3.7081e-009	4.1886e-009	4.2302e-009	4.0859e-009	5.008e-009	4.9197e-009	5.7295e-009	7.0937e-009	9.5687e-009	1.2132e-008	1.5126e-008	1.9009e-008	2.5777e-008	3.2489e-008	4.1713e-008	4.8458e-008	5.3981e-008	5.796e-008	6.4248e-008	7.1299e-008	7.7275e-008	8.1141e-008	8.3799e-008	8.6391e-008	8.8971e-008	9.1205e-008	9.1835e-008	9.2122e-008	9.2775e-008	9.3018e-008	9.2686e-008	9.2287e-008	9.2138e-008	9.1347e-008	9.0455e-008	8.8124e-008	8.6213e-008	8.3577e-008	8.1965e-008	8.1135e-008	7.9821e-008	7.9129e-008	7.7152e-008	7.421e-008	7.2287e-008	7.0286e-008	6.8063e-008	6.5323e-008	6.3122e-008	6.0647e-008	5.9409e-008	5.7219e-008	5.5602e-008	5.4378e-008	5.0752e-008	4.888e-008	4.6387e-008	4.4918e-008	4.2195e-008	3.8203e-008	3.6354e-008	3.5232e-008	3.3479e-008	3.1838e-008	2.9518e-008	2.7265e-008	2.3979e-008	2.0908e-008	1.8294e-008	1.5584e-008	1.2198e-008	1.0223e-008	8.1289e-009	5.6527e-009	4.6617e-009	4.0625e-009	3.6694e-009	3.8164e-009	3.9081e-009	4.2494e-009	4.3734e-009	3.9828e-009	3.9697e-009	4.2393e-009	4.5704e-009	4.5304e-009	4.8026e-009	4.7517e-009	5.6842e-009	8.3004e-009	1.1518e-008	1.617e-008	2.2068e-008	2.6709e-008	3.4883e-008	4.0328e-008	4.5641e-008	5.0542e-008	5.7287e-008	6.5725e-008	7.3425e-008	7.7525e-008	8.0024e-008	8.2984e-008	8.6432e-008	8.9322e-008	9.0603e-008	9.2639e-008	9.377e-008	9.491e-008	9.3613e-008	9.2453e-008	9.1473e-008	9.1444e-008	9.032e-008	8.8703e-008	8.7342e-008	8.6396e-008	8.4294e-008	8.0839e-008	7.9109e-008	7.7233e-008	7.3123e-008	7.1896e-008	6.7748e-008	6.6072e-008	6.3956e-008	6.1083e-008	5.9107e-008	5.828e-008	5.4113e-008	5.32e-008	5.0373e-008	4.7702e-008	4.6154e-008	4.4039e-008	4.1766e-008	3.8759e-008	3.5508e-008	3.3425e-008	3.0975e-008	2.9519e-008
9.8139e-008	9.7873e-008	9.682e-008	9.5421e-008	9.3553e-008	9.0988e-008	8.778e-008	8.4924e-008	8.2419e-008	8.0133e-008	7.7663e-008	7.6287e-008	7.5402e-008	7.4717e-008	7.2751e-008	7.0078e-008	6.8133e-008	6.503e-008	6.1053e-008	6.0196e-008	5.6511e-008	5.3001e-008	4.859e-008	4.7369e-008	4.5777e-008	4.2862e-008	4.1193e-008	3.9272e-008	3.6297e-008	3.3893e-008	3.1372e-008	2.8773e-008	2.7345e-008	2.4309e-008	2.199e-008	1.9304e-008	1.686e-008	1.5609e-008	1.324e-008	1.1617e-008	1.0186e-008	9.7581e-009	9.494e-009	9.2244e-009	8.9517e-009	8.8391e-009	8.8831e-009	8.3419e-009	8.3143e-009	8.2278e-009	8.1227e-009	8.7853e-009	8.6447e-009	8.5029e-009	8.911e-009	9.4155e-009	9.2582e-009	9.9632e-009	1.059e-008	1.2176e-008	1.543e-008	2.1071e-008	2.956e-008	3.6547e-008	4.1959e-008	4.9208e-008	5.6652e-008	6.3033e-008	6.9555e-008	7.4236e-008	7.8422e-008	8.2154e-008	8.711e-008	9.004e-008	9.2189e-008	9.3428e-008	9.3866e-008	9.4207e-008	9.4777e-008	9.4776e-008	9.4818e-008	9.5372e-008	9.4834e-008	9.3402e-008	8.953e-008	8.7773e-008	8.4496e-008	8.2488e-008	8.0731e-008	7.8722e-008	7.6251e-008	7.471e-008	7.2754e-008	7.0602e-008	6.9402e-008	6.8162e-008	6.7325e-008	6.5315e-008	6.1744e-008	5.9774e-008	5.7528e-008	5.5278e-008	5.2622e-008	5.1099e-008	5.0354e-008	4.6796e-008	4.3324e-008	4.1334e-008	3.6084e-008	3.5346e-008	3.2544e-008	3.0068e-008	2.7545e-008	2.499e-008	2.3102e-008	2.0444e-008	1.7401e-008	1.5387e-008	1.3116e-008	1.1804e-008	1.0641e-008	9.0643e-009	8.8371e-009	8.3598e-009	7.974e-009	7.9248e-009	7.9266e-009	7.8948e-009	7.308e-009	7.2448e-009	7.0949e-009	7.2785e-009	7.5362e-009	7.6815e-009	7.7398e-009	7.8313e-009	8.6733e-009	9.5512e-009	1.1117e-008	1.4158e-008	1.8125e-008	2.2166e-008	2.736e-008	3.5151e-008	4.4084e-008	5.2284e-008	5.8354e-008	6.3509e-008	6.8652e-008	7.6487e-008	8.2506e-008	8.68e-008	8.9869e-008	9.1466e-008	9.3289e-008	9.548e-008	9.6713e-008	9.8935e-008	9.9485e-008	9.8674e-008	9.9095e-008	9.9793e-008	9.8354e-008	9.7397e-008	9.4644e-008	9.2816e-008	9.0127e-008	8.7487e-008	8.6133e-008	8.4325e-008	8.2284e-008	7.7674e-008	7.6672e-008	7.4898e-008	7.1963e-008	6.9834e-008	6.6923e-008	6.4381e-008	6.1953e-008	5.9609e-008	5.7333e-008	5.641e-008	5.3285e-008	4.9321e-008	4.7129e-008	4.5655e-008	4.1173e-008	3.9979e-008	3.7146e-008	3.4854e-008	3.3367e-008	3.0979e-008	2.8673e-008	2.5783e-008	2.3963e-008	2.2006e-008	1.9949e-008	1.7852e-008	1.6103e-008	1.4023e-008	1.1893e-008	1.0063e-008	8.8938e-009	8.1079e-009	7.4897e-009	7.5391e-009	7.4574e-009	7.2527e-009	7.0034e-009	7.4283e-009	7.2179e-009	7.0198e-009	7.4199e-009	7.5892e-009	7.8761e-009	8.1872e-009	8.3689e-009	9.002e-009	1.0442e-008	1.2911e-008	1.6521e-008	2.0155e-008	2.6931e-008	3.5149e-008	4.2978e-008	5.1765e-008	5.8182e-008	6.4898e-008	7.067e-008	7.48e-008	7.8462e-008	8.2554e-008	8.5481e-008	8.8792e-008	9.1472e-008	9.3594e-008	9.5408e-008	9.5594e-008	9.6032e-008	9.5947e-008	9.5685e-008	9.5286e-008	9.2629e-008	9.1691e-008	9.0359e-008	8.9209e-008	8.7616e-008	8.4836e-008	8.2059e-008	8.0282e-008	7.8695e-008	7.7559e-008	7.5787e-008	7.2797e-008	7.0658e-008	6.8565e-008	6.7467e-008	6.6456e-008	6.2428e-008	5.9552e-008	5.679e-008	5.3489e-008	5.1364e-008	4.6584e-008	4.4686e-008	4.2609e-008	3.8222e-008	3.5481e-008	3.3091e-008	2.928e-008	2.6466e-008	2.4792e-008	2.2671e-008	2.0317e-008	1.6639e-008	1.4563e-008	1.2651e-008	1.1034e-008	9.1167e-009	7.6465e-009	6.828e-009	6.5355e-009	6.2133e-009	6.5673e-009	6.928e-009	6.3557e-009	6.5738e-009	6.8898e-009	5.9362e-009	5.7094e-009	5.6434e-009	5.1956e-009	5.8188e-009	6.1558e-009	6.6979e-009	7.7881e-009	8.573e-009	1.0937e-008	1.5062e-008	1.88e-008	2.2363e-008	2.7175e-008	3.2174e-008	3.7533e-008	4.1434e-008	4.6465e-008	5.2804e-008	6.0616e-008	6.7419e-008	7.319e-008	7.7656e-008	8.1857e-008	8.5433e-008	8.9097e-008	9.1183e-008	9.3808e-008	9.5039e-008	9.5115e-008	9.598e-008	9.6743e-008	9.7245e-008	9.645e-008	9.4287e-008	9.3266e-008	9.288e-008	9.1626e-008	8.9702e-008	8.8281e-008	8.498e-008	8.1665e-008	7.815e-008	7.5875e-008	7.4315e-008	7.2286e-008	6.924e-008	6.693e-008	6.5914e-008	6.3626e-008	6.1292e-008	5.8674e-008	5.5836e-008	5.4074e-008	5.1467e-008	4.8728e-008	4.5208e-008	4.3486e-008	4.0945e-008	3.7482e-008	3.3938e-008	3.1456e-008	2.9064e-008	2.6554e-008	2.4822e-008	2.1351e-008	1.8941e-008	1.7092e-008	1.4418e-008	1.2119e-008	1.0001e-008	8.0367e-009	5.8347e-009	4.7381e-009	4.161e-009	3.5441e-009	3.3083e-009	3.0124e-009	2.8093e-009	2.7768e-009	3.6849e-009	3.7321e-009	4.1756e-009	4.3121e-009	4.2389e-009	4.0003e-009	4.7488e-009	5.488e-009	6.3973e-009	8.4167e-009	1.0013e-008	1.2451e-008	1.4996e-008	1.8911e-008	2.6075e-008	3.2392e-008	4.0762e-008	4.835e-008	5.3175e-008	5.7258e-008	6.4036e-008	7.2444e-008	7.667e-008	8.0597e-008	8.3292e-008	8.5952e-008	8.7859e-008	8.9627e-008	9.0404e-008	9.1231e-008	9.2991e-008	9.321e-008	9.2755e-008	9.2515e-008	9.2366e-008	9.1869e-008	9.0515e-008	8.8914e-008	8.6484e-008	8.4408e-008	8.1659e-008	8.0581e-008	7.929e-008	7.8674e-008	7.7007e-008	7.4325e-008	7.2222e-008	6.9269e-008	6.7656e-008	6.5959e-008	6.22e-008	6.0499e-008	5.8709e-008	5.6943e-008	5.6234e-008	5.3469e-008	4.9487e-008	4.8422e-008	4.6279e-008	4.5049e-008	4.2569e-008	3.7702e-008	3.5674e-008	3.4519e-008	3.313e-008	3.1707e-008	2.9301e-008	2.7455e-008	2.333e-008	2.1318e-008	1.8163e-008	1.5422e-008	1.2569e-008	1.0055e-008	8.0166e-009	5.993e-009	4.0723e-009	4.266e-009	3.9364e-009	3.7427e-009	3.9466e-009	4.2933e-009	3.9273e-009	4.1286e-009	3.8151e-009	3.6897e-009	3.9316e-009	4.3927e-009	4.8054e-009	5.35e-009	6.0181e-009	7.8097e-009	1.1794e-008	1.6213e-008	2.1048e-008	2.6609e-008	3.3277e-008	3.8872e-008	4.4765e-008	5.0181e-008	5.7935e-008	6.6879e-008	7.3416e-008	7.776e-008	7.9579e-008	8.3059e-008	8.6164e-008	8.8546e-008	9.0612e-008	9.2125e-008	9.3495e-008	9.425e-008	9.307e-008	9.2169e-008	9.1108e-008	9.039e-008	9.0361e-008	8.8724e-008	8.7218e-008	8.6564e-008	8.4645e-008	8.1537e-008	7.9882e-008	7.7087e-008	7.5098e-008	7.1332e-008	6.7989e-008	6.6049e-008	6.39e-008	6.145e-008	6.0029e-008	5.8763e-008	5.6969e-008	5.4172e-008	5.0451e-008	4.7463e-008	4.564e-008	4.3571e-008	4.1523e-008	3.9318e-008	3.6208e-008	3.3579e-008	3.0843e-008	2.9745e-008
9.8369e-008	9.8609e-008	9.6324e-008	9.4999e-008	9.2548e-008	9.0059e-008	8.7281e-008	8.4123e-008	8.1786e-008	7.9354e-008	7.7504e-008	7.598e-008	7.4562e-008	7.3971e-008	7.2654e-008	6.9651e-008	6.7847e-008	6.5392e-008	6.2986e-008	5.9557e-008	5.6182e-008	5.2261e-008	4.9415e-008	4.6761e-008	4.5032e-008	4.4144e-008	4.215e-008	3.9845e-008	3.6065e-008	3.3562e-008	3.1362e-008	2.773e-008	2.622e-008	2.3964e-008	2.2331e-008	1.9845e-008	1.6301e-008	1.4359e-008	1.3186e-008	1.1691e-008	1.0043e-008	9.3767e-009	9.5959e-009	8.8888e-009	8.8788e-009	8.9233e-009	8.561e-009	8.3893e-009	8.7216e-009	8.639e-009	8.0255e-009	8.852e-009	9.4615e-009	8.6744e-009	8.2946e-009	8.6907e-009	9.3869e-009	9.9676e-009	1.0396e-008	1.1959e-008	1.5103e-008	2.0081e-008	2.6882e-008	3.4213e-008	4.1472e-008	4.966e-008	5.8212e-008	6.3672e-008	6.9053e-008	7.4169e-008	7.9046e-008	8.2729e-008	8.6706e-008	8.9825e-008	9.1941e-008	9.3769e-008	9.3509e-008	9.3555e-008	9.4129e-008	9.4348e-008	9.4127e-008	9.4844e-008	9.4582e-008	9.3157e-008	9.0937e-008	8.7029e-008	8.3985e-008	8.2453e-008	8.0178e-008	7.8252e-008	7.6957e-008	7.5026e-008	7.2243e-008	7.0665e-008	6.9279e-008	6.759e-008	6.5259e-008	6.2697e-008	6.085e-008	5.8809e-008	5.6585e-008	5.4446e-008	5.2283e-008	5.1047e-008	4.8526e-008	4.6292e-008	4.3658e-008	4.1654e-008	3.7872e-008	3.498e-008	3.1608e-008	2.9485e-008	2.7178e-008	2.499e-008	2.329e-008	1.9829e-008	1.809e-008	1.5118e-008	1.3514e-008	1.1653e-008	1.0593e-008	8.7225e-009	8.2058e-009	7.5942e-009	7.5577e-009	7.4329e-009	7.2182e-009	7.1866e-009	7.629e-009	7.6058e-009	6.5462e-009	6.9656e-009	7.6546e-009	8.0632e-009	8.1149e-009	8.2346e-009	8.7982e-009	9.3767e-009	1.075e-008	1.3495e-008	1.7962e-008	2.2028e-008	2.8265e-008	3.6064e-008	4.3481e-008	5.1209e-008	5.7875e-008	6.3772e-008	6.907e-008	7.57e-008	8.089e-008	8.4911e-008	9.0232e-008	9.1734e-008	9.4094e-008	9.5051e-008	9.5878e-008	9.8558e-008	9.8534e-008	9.8127e-008	9.6893e-008	9.6602e-008	9.6586e-008	9.6033e-008	9.47e-008	9.3121e-008	9.0668e-008	8.8343e-008	8.6412e-008	8.4264e-008	8.1996e-008	7.7933e-008	7.6321e-008	7.4323e-008	7.0978e-008	6.9956e-008	6.6428e-008	6.404e-008	6.1233e-008	5.9735e-008	5.7431e-008	5.6032e-008	5.4008e-008	5.052e-008	4.7469e-008	4.5773e-008	4.2443e-008	4.0392e-008	3.7091e-008	3.5056e-008	3.2258e-008	3.021e-008	2.9031e-008	2.7144e-008	2.3976e-008	2.2342e-008	1.9743e-008	1.8309e-008	1.6259e-008	1.4567e-008	1.2398e-008	1.0382e-008	8.9685e-009	7.8254e-009	7.7538e-009	7.3079e-009	7.4113e-009	7.4781e-009	7.0553e-009	7.2492e-009	6.8798e-009	6.5928e-009	6.5511e-009	6.981e-009	7.099e-009	7.9223e-009	7.9785e-009	9.0094e-009	1.0259e-008	1.2597e-008	1.6711e-008	1.9728e-008	2.4953e-008	3.4715e-008	4.3417e-008	5.2187e-008	5.7768e-008	6.4542e-008	7.1048e-008	7.5447e-008	7.9137e-008	8.2155e-008	8.5612e-008	8.8776e-008	9.1317e-008	9.3569e-008	9.4834e-008	9.5804e-008	9.6075e-008	9.6253e-008	9.6553e-008	9.5447e-008	9.4042e-008	9.2632e-008	9.0854e-008	8.9435e-008	8.6999e-008	8.328e-008	8.1425e-008	7.9472e-008	7.7997e-008	7.6764e-008	7.3806e-008	7.2247e-008	7.0357e-008	6.8706e-008	6.7267e-008	6.5321e-008	6.3396e-008	5.8813e-008	5.6456e-008	5.3966e-008	5.076e-008	4.7971e-008	4.467e-008	4.1502e-008	3.8701e-008	3.5348e-008	3.1725e-008	2.9965e-008	2.6592e-008	2.461e-008	2.2815e-008	2.0044e-008	1.667e-008	1.4546e-008	1.2481e-008	1.1211e-008	9.2613e-009	7.3414e-009	6.8259e-009	6.2051e-009	5.7948e-009	6.2558e-009	6.8305e-009	6.5297e-009	6.311e-009	5.6151e-009	5.1687e-009	5.8461e-009	5.5833e-009	5.8868e-009	6.0394e-009	6.4666e-009	7.1373e-009	8.0157e-009	9.2091e-009	1.1361e-008	1.4117e-008	1.9453e-008	2.2609e-008	2.6703e-008	3.2183e-008	3.7175e-008	4.2166e-008	4.7115e-008	5.3778e-008	6.0418e-008	6.7669e-008	7.4235e-008	7.8248e-008	8.2767e-008	8.6375e-008	8.9036e-008	9.1448e-008	9.3162e-008	9.4078e-008	9.5135e-008	9.6638e-008	9.7305e-008	9.8102e-008	9.7704e-008	9.5909e-008	9.3383e-008	9.2072e-008	9.0983e-008	8.9189e-008	8.7953e-008	8.4586e-008	8.1266e-008	7.7694e-008	7.5696e-008	7.4322e-008	7.1917e-008	6.9235e-008	6.7374e-008	6.4617e-008	6.2873e-008	6.098e-008	5.7939e-008	5.5151e-008	5.4224e-008	5.1156e-008	4.8732e-008	4.5992e-008	4.3102e-008	4.0036e-008	3.6861e-008	3.3917e-008	3.164e-008	2.8737e-008	2.5994e-008	2.4651e-008	2.1189e-008	1.842e-008	1.6124e-008	1.3402e-008	1.1814e-008	9.1182e-009	7.5023e-009	6.1368e-009	4.8533e-009	4.5106e-009	4.31e-009	3.9943e-009	4.05e-009	3.0355e-009	2.9381e-009	3.2697e-009	3.6756e-009	4.0473e-009	4.4095e-009	4.3656e-009	4.5579e-009	4.8456e-009	5.7045e-009	7.3835e-009	8.583e-009	1.0926e-008	1.3526e-008	1.5408e-008	2.2249e-008	2.693e-008	3.3139e-008	4.1383e-008	4.8364e-008	5.3486e-008	5.7661e-008	6.4317e-008	7.0929e-008	7.7811e-008	8.0874e-008	8.4078e-008	8.4908e-008	8.7115e-008	8.7679e-008	8.9712e-008	9.0875e-008	9.2428e-008	9.3307e-008	9.3459e-008	9.2949e-008	9.2911e-008	9.2512e-008	9.0697e-008	8.8886e-008	8.8324e-008	8.4012e-008	8.2238e-008	8.0985e-008	8.0186e-008	7.7839e-008	7.6279e-008	7.4468e-008	7.2301e-008	7.0909e-008	6.818e-008	6.6087e-008	6.3573e-008	6.1244e-008	5.8955e-008	5.7095e-008	5.544e-008	5.3835e-008	5.113e-008	4.8721e-008	4.5916e-008	4.4619e-008	4.2437e-008	3.695e-008	3.5519e-008	3.4092e-008	3.3586e-008	3.2256e-008	2.9637e-008	2.6843e-008	2.3558e-008	2.1207e-008	1.78e-008	1.5115e-008	1.2227e-008	1.0269e-008	7.8022e-009	6.6971e-009	5.0006e-009	4.0791e-009	4.2574e-009	3.8804e-009	3.1751e-009	3.2227e-009	3.3034e-009	3.4344e-009	3.3763e-009	3.5523e-009	4.1531e-009	4.7562e-009	4.7988e-009	5.1571e-009	6.2384e-009	7.6478e-009	1.2157e-008	1.7051e-008	2.1944e-008	2.7827e-008	3.3281e-008	3.8377e-008	4.3672e-008	5.1606e-008	6.0618e-008	6.8496e-008	7.4981e-008	7.8304e-008	8.0379e-008	8.2623e-008	8.5587e-008	8.7435e-008	8.9826e-008	9.1457e-008	9.2896e-008	9.3003e-008	9.2368e-008	9.1373e-008	9.1002e-008	9.0406e-008	9.0206e-008	8.8894e-008	8.7697e-008	8.6906e-008	8.3724e-008	8.1273e-008	7.974e-008	7.8391e-008	7.5784e-008	7.1187e-008	6.8963e-008	6.5762e-008	6.3471e-008	6.2259e-008	6.066e-008	5.8916e-008	5.5928e-008	5.3666e-008	5.0535e-008	4.7616e-008	4.538e-008	4.3825e-008	4.1807e-008	3.9767e-008	3.6108e-008	3.3985e-008	3.1995e-008	3.0238e-008
9.8452e-008	9.7723e-008	9.5713e-008	9.4178e-008	9.2409e-008	8.887e-008	8.6293e-008	8.3321e-008	8.095e-008	7.9211e-008	7.7789e-008	7.6099e-008	7.454e-008	7.2853e-008	7.0668e-008	6.9284e-008	6.6887e-008	6.4574e-008	6.1636e-008	5.9244e-008	5.7457e-008	5.3773e-008	4.9624e-008	4.6438e-008	4.4752e-008	4.2796e-008	4.121e-008	3.9398e-008	3.732e-008	3.3959e-008	3.2475e-008	2.8817e-008	2.5159e-008	2.3888e-008	2.1272e-008	1.9318e-008	1.7059e-008	1.426e-008	1.2936e-008	1.1078e-008	9.9243e-009	9.0678e-009	8.8356e-009	8.7061e-009	8.546e-009	8.4212e-009	8.2921e-009	8.188e-009	8.4571e-009	8.3443e-009	8.113e-009	8.5123e-009	8.4608e-009	8.0751e-009	8.0576e-009	8.455e-009	9.253e-009	9.6952e-009	9.658e-009	1.107e-008	1.4956e-008	1.8984e-008	2.7018e-008	3.5355e-008	4.2049e-008	5.0934e-008	5.9084e-008	6.4217e-008	6.8864e-008	7.3553e-008	7.9745e-008	8.3127e-008	8.7406e-008	8.9457e-008	9.2686e-008	9.3013e-008	9.3095e-008	9.3122e-008	9.3532e-008	9.3572e-008	9.3526e-008	9.3046e-008	9.267e-008	9.1671e-008	9.042e-008	8.839e-008	8.473e-008	8.2483e-008	8.0984e-008	7.8746e-008	7.7401e-008	7.4585e-008	7.2262e-008	7.0794e-008	6.9502e-008	6.752e-008	6.5611e-008	6.2771e-008	6.0408e-008	5.8137e-008	5.597e-008	5.3799e-008	5.1592e-008	4.9595e-008	4.7268e-008	4.5137e-008	4.3357e-008	4.0805e-008	3.8002e-008	3.4238e-008	3.1555e-008	2.8925e-008	2.6109e-008	2.4188e-008	2.1636e-008	1.9224e-008	1.6798e-008	1.4507e-008	1.2819e-008	1.1211e-008	9.8655e-009	8.4408e-009	7.967e-009	7.7534e-009	7.3286e-009	7.2119e-009	6.9073e-009	7.0562e-009	7.129e-009	6.6488e-009	6.743e-009	7.4603e-009	7.4301e-009	7.7039e-009	7.7507e-009	8.4011e-009	8.7624e-009	8.9203e-009	9.8532e-009	1.3245e-008	1.7362e-008	2.1538e-008	2.7682e-008	3.583e-008	4.3204e-008	4.963e-008	5.6458e-008	6.2884e-008	6.9471e-008	7.5177e-008	7.9331e-008	8.4654e-008	8.8489e-008	9.1215e-008	9.2894e-008	9.3793e-008	9.459e-008	9.5474e-008	9.6955e-008	9.6149e-008	9.4895e-008	9.4135e-008	9.3736e-008	9.3649e-008	9.3156e-008	9.1772e-008	9.0029e-008	8.7996e-008	8.5436e-008	8.2493e-008	8.0613e-008	7.8686e-008	7.6298e-008	7.2656e-008	7.0216e-008	6.9338e-008	6.7192e-008	6.4154e-008	6.1302e-008	6.0243e-008	5.8128e-008	5.592e-008	5.3831e-008	4.932e-008	4.6512e-008	4.4256e-008	4.2297e-008	4.0921e-008	3.6969e-008	3.4144e-008	3.0967e-008	2.9813e-008	2.9274e-008	2.7389e-008	2.4337e-008	2.144e-008	1.9518e-008	1.7699e-008	1.5509e-008	1.3842e-008	1.2104e-008	1.047e-008	9.2356e-009	8.0557e-009	7.3222e-009	7.0154e-009	7.1298e-009	7.2523e-009	6.801e-009	6.7298e-009	6.2921e-009	6.1931e-009	6.3675e-009	6.3035e-009	6.7919e-009	7.3579e-009	7.3182e-009	8.0501e-009	9.6375e-009	1.2109e-008	1.6012e-008	1.9516e-008	2.3693e-008	3.2826e-008	4.3941e-008	5.1264e-008	5.752e-008	6.4562e-008	7.0195e-008	7.4933e-008	7.8415e-008	8.1134e-008	8.4965e-008	8.8114e-008	9.146e-008	9.3776e-008	9.4466e-008	9.5256e-008	9.5789e-008	9.5913e-008	9.5257e-008	9.4559e-008	9.4342e-008	9.2072e-008	9.0436e-008	8.9168e-008	8.5613e-008	8.2679e-008	8.0332e-008	7.8675e-008	7.7e-008	7.5837e-008	7.4385e-008	7.195e-008	6.9097e-008	6.7442e-008	6.5733e-008	6.3551e-008	6.0987e-008	5.8055e-008	5.6378e-008	5.3753e-008	5.1371e-008	4.7334e-008	4.3595e-008	4.0409e-008	3.7525e-008	3.4759e-008	3.1311e-008	2.9537e-008	2.5981e-008	2.4389e-008	2.2599e-008	1.9214e-008	1.5939e-008	1.4143e-008	1.2675e-008	1.0578e-008	8.3317e-009	7.3003e-009	6.3868e-009	5.7726e-009	5.45e-009	5.1692e-009	5.1043e-009	4.6575e-009	4.4931e-009	4.7927e-009	4.763e-009	5.3136e-009	5.6506e-009	5.9582e-009	5.8505e-009	6.0515e-009	6.7732e-009	7.8424e-009	9.1767e-009	1.1133e-008	1.3091e-008	1.7574e-008	2.266e-008	2.6649e-008	3.0562e-008	3.7014e-008	4.2839e-008	4.9606e-008	5.569e-008	6.1883e-008	6.8084e-008	7.4059e-008	7.8111e-008	8.2696e-008	8.5494e-008	8.915e-008	9.1176e-008	9.2513e-008	9.3609e-008	9.5682e-008	9.6124e-008	9.7516e-008	9.7865e-008	9.7424e-008	9.5741e-008	9.3622e-008	9.0752e-008	8.8825e-008	8.7976e-008	8.5776e-008	8.4098e-008	8.0316e-008	7.7328e-008	7.5318e-008	7.4213e-008	7.1261e-008	6.8214e-008	6.6179e-008	6.3747e-008	6.1828e-008	6.0309e-008	5.7615e-008	5.3632e-008	5.2046e-008	4.9978e-008	4.7382e-008	4.4951e-008	4.225e-008	3.9136e-008	3.5982e-008	3.2928e-008	3.0797e-008	2.731e-008	2.607e-008	2.4278e-008	2.1243e-008	1.8659e-008	1.5476e-008	1.3142e-008	1.1361e-008	9.2627e-009	7.3888e-009	6.1162e-009	5.0072e-009	4.3994e-009	4.0808e-009	3.6183e-009	3.0753e-009	2.8165e-009	2.4374e-009	2.583e-009	3.1126e-009	3.4777e-009	3.2435e-009	3.4047e-009	3.8387e-009	4.1816e-009	5.5953e-009	7.6262e-009	8.5705e-009	1.103e-008	1.3574e-008	1.6216e-008	2.2425e-008	2.7748e-008	3.3539e-008	4.0025e-008	4.69e-008	5.3609e-008	5.8494e-008	6.4757e-008	7.1565e-008	7.6315e-008	7.9862e-008	8.266e-008	8.56e-008	8.7485e-008	8.7862e-008	8.9642e-008	9.1034e-008	9.2569e-008	9.3302e-008	9.3886e-008	9.3309e-008	9.3091e-008	9.1841e-008	8.9857e-008	8.9137e-008	8.8117e-008	8.5148e-008	8.29e-008	8.091e-008	7.9245e-008	7.7887e-008	7.5917e-008	7.3545e-008	7.1849e-008	7.0713e-008	6.8237e-008	6.6039e-008	6.4132e-008	6.1469e-008	5.9845e-008	5.7429e-008	5.5343e-008	5.294e-008	5.0849e-008	4.8743e-008	4.5354e-008	4.352e-008	4.1996e-008	4.0344e-008	3.6986e-008	3.4306e-008	3.2861e-008	3.0741e-008	2.9328e-008	2.6523e-008	2.3982e-008	2.1129e-008	1.765e-008	1.535e-008	1.2657e-008	9.9804e-009	7.951e-009	6.1087e-009	4.7442e-009	4.3396e-009	4.045e-009	3.1638e-009	2.7899e-009	2.4386e-009	2.9106e-009	3.4899e-009	3.3952e-009	3.5379e-009	3.4527e-009	4.2624e-009	4.4923e-009	4.9664e-009	6.1597e-009	8.1291e-009	1.1104e-008	1.6471e-008	2.208e-008	2.7901e-008	3.2822e-008	3.7378e-008	4.3071e-008	5.2614e-008	6.0858e-008	6.7789e-008	7.3204e-008	7.7147e-008	7.9301e-008	8.1754e-008	8.4018e-008	8.6507e-008	8.7699e-008	8.9386e-008	9.1137e-008	9.124e-008	9.1161e-008	9.0865e-008	9.0441e-008	8.9876e-008	8.8291e-008	8.7165e-008	8.6818e-008	8.468e-008	8.327e-008	8.0884e-008	7.9057e-008	7.7458e-008	7.4998e-008	7.1563e-008	6.9564e-008	6.6257e-008	6.3863e-008	6.235e-008	6.0438e-008	5.8343e-008	5.6279e-008	5.2019e-008	4.9921e-008	4.7571e-008	4.5629e-008	4.3445e-008	4.1565e-008	3.9394e-008	3.6069e-008	3.2617e-008	3.1347e-008	2.9055e-008
9.7289e-008	9.6617e-008	9.4951e-008	9.3884e-008	9.2503e-008	8.9676e-008	8.53e-008	8.3192e-008	8.0383e-008	7.8887e-008	7.7699e-008	7.6243e-008	7.5623e-008	7.2836e-008	7.0877e-008	6.8238e-008	6.5264e-008	6.2677e-008	6.1168e-008	5.82e-008	5.6038e-008	5.4074e-008	5.0597e-008	4.7724e-008	4.4954e-008	4.3193e-008	4.1622e-008	3.9317e-008	3.6689e-008	3.4192e-008	3.2331e-008	3.0083e-008	2.7043e-008	2.5098e-008	2.2233e-008	1.9192e-008	1.6994e-008	1.5048e-008	1.3339e-008	1.1939e-008	1.0056e-008	9.1101e-009	8.6508e-009	8.8221e-009	8.4697e-009	8.1595e-009	7.8287e-009	8.1999e-009	7.9886e-009	7.8694e-009	7.6254e-009	7.6036e-009	7.3309e-009	7.8769e-009	8.8336e-009	9.2661e-009	9.2391e-009	9.3097e-009	9.6208e-009	1.1064e-008	1.4699e-008	1.8383e-008	2.556e-008	3.4759e-008	4.2964e-008	4.9664e-008	5.7699e-008	6.3273e-008	6.7838e-008	7.3702e-008	7.8488e-008	8.4045e-008	8.7378e-008	9.0439e-008	9.1282e-008	9.2419e-008	9.3003e-008	9.3382e-008	9.3315e-008	9.3102e-008	9.3534e-008	9.325e-008	9.2422e-008	9.145e-008	9.0144e-008	8.8792e-008	8.6287e-008	8.2914e-008	8.1141e-008	8.0188e-008	7.8078e-008	7.5948e-008	7.2922e-008	7.0828e-008	6.9961e-008	6.7774e-008	6.5621e-008	6.3091e-008	6.0679e-008	5.8073e-008	5.6578e-008	5.3938e-008	5.1564e-008	4.9229e-008	4.7463e-008	4.4949e-008	4.2909e-008	4.0376e-008	3.7204e-008	3.4331e-008	3.1792e-008	2.8621e-008	2.552e-008	2.3198e-008	2.0646e-008	1.829e-008	1.5879e-008	1.3843e-008	1.2096e-008	1.0615e-008	8.5821e-009	8.0871e-009	7.8399e-009	7.4179e-009	6.7667e-009	6.7897e-009	7.0033e-009	6.9057e-009	6.6844e-009	6.3435e-009	6.1693e-009	6.5009e-009	6.4404e-009	6.6752e-009	7.5316e-009	7.9048e-009	8.2237e-009	8.2227e-009	9.8808e-009	1.2262e-008	1.6778e-008	2.1105e-008	2.697e-008	3.4827e-008	4.2141e-008	4.9257e-008	5.5724e-008	6.3177e-008	6.8911e-008	7.493e-008	7.8052e-008	8.3371e-008	8.7932e-008	9.1309e-008	9.2526e-008	9.2961e-008	9.3211e-008	9.4023e-008	9.4614e-008	9.4524e-008	9.4353e-008	9.3714e-008	9.3277e-008	9.2484e-008	9.174e-008	9.0016e-008	8.7943e-008	8.5503e-008	8.4e-008	8.2367e-008	8.0126e-008	7.8847e-008	7.5262e-008	7.2103e-008	6.9675e-008	6.8334e-008	6.6823e-008	6.4472e-008	6.2431e-008	6.0874e-008	5.8809e-008	5.6412e-008	5.3552e-008	4.9914e-008	4.7398e-008	4.4288e-008	4.1615e-008	3.9591e-008	3.6306e-008	3.3948e-008	3.1588e-008	2.9878e-008	2.805e-008	2.6124e-008	2.394e-008	2.1706e-008	1.9227e-008	1.7545e-008	1.5391e-008	1.3855e-008	1.2066e-008	1.0295e-008	9.3504e-009	8.0255e-009	7.2822e-009	6.938e-009	6.8319e-009	6.6774e-009	6.5844e-009	6.3386e-009	5.9315e-009	5.7054e-009	6.0628e-009	6.1825e-009	6.918e-009	7.2309e-009	7.0336e-009	7.3377e-009	8.8308e-009	1.2048e-008	1.5487e-008	1.9304e-008	2.3993e-008	3.1545e-008	4.1646e-008	4.8603e-008	5.6621e-008	6.4278e-008	7.0557e-008	7.4814e-008	7.8278e-008	8.1728e-008	8.5011e-008	8.796e-008	9.1472e-008	9.3368e-008	9.4682e-008	9.4894e-008	9.5133e-008	9.5052e-008	9.4574e-008	9.4491e-008	9.358e-008	9.2529e-008	9.0509e-008	8.7892e-008	8.4514e-008	8.1857e-008	7.931e-008	7.7066e-008	7.5354e-008	7.4741e-008	7.4683e-008	7.2853e-008	6.9244e-008	6.6313e-008	6.4514e-008	6.3358e-008	6.037e-008	5.8609e-008	5.5574e-008	5.2922e-008	5.0177e-008	4.6381e-008	4.2532e-008	4.0491e-008	3.7214e-008	3.4461e-008	3.2042e-008	2.9204e-008	2.712e-008	2.4152e-008	2.2798e-008	1.95e-008	1.6654e-008	1.4724e-008	1.2524e-008	1.0049e-008	8.0103e-009	7.504e-009	6.0878e-009	5.3792e-009	5.1376e-009	5.3839e-009	4.9031e-009	4.9944e-009	4.9714e-009	4.8735e-009	4.9423e-009	5.0987e-009	5.3844e-009	5.9796e-009	5.8851e-009	5.6753e-009	7.0144e-009	7.7479e-009	8.7765e-009	1.0578e-008	1.2578e-008	1.5996e-008	2.1905e-008	2.6863e-008	3.0751e-008	3.8144e-008	4.4834e-008	5.1792e-008	5.699e-008	6.2176e-008	6.9609e-008	7.5071e-008	7.9388e-008	8.2521e-008	8.7319e-008	8.9644e-008	9.1448e-008	9.2379e-008	9.4102e-008	9.5756e-008	9.6438e-008	9.7103e-008	9.6946e-008	9.6689e-008	9.4851e-008	9.3289e-008	9.0717e-008	8.8986e-008	8.7055e-008	8.6105e-008	8.2796e-008	8.0202e-008	7.6899e-008	7.5482e-008	7.448e-008	7.2025e-008	6.8583e-008	6.5868e-008	6.2909e-008	6.0431e-008	5.951e-008	5.8093e-008	5.3463e-008	5.2262e-008	4.9582e-008	4.7812e-008	4.4512e-008	4.1622e-008	3.9008e-008	3.5654e-008	3.2416e-008	3.0056e-008	2.8021e-008	2.5884e-008	2.3457e-008	1.8528e-008	1.7673e-008	1.582e-008	1.2392e-008	1.0801e-008	8.6421e-009	7.2258e-009	5.3149e-009	4.1333e-009	3.6871e-009	3.8835e-009	2.8519e-009	2.2028e-009	1.749e-009	1.5125e-009	2.0008e-009	2.3096e-009	2.7367e-009	3.2129e-009	3.0454e-009	3.1766e-009	4.0153e-009	5.2863e-009	6.7991e-009	8.1809e-009	1.0258e-008	1.3342e-008	1.6147e-008	2.0506e-008	2.68e-008	3.358e-008	3.9761e-008	4.6441e-008	5.3754e-008	5.9293e-008	6.5626e-008	7.1752e-008	7.5884e-008	8.0177e-008	8.2377e-008	8.457e-008	8.5888e-008	8.772e-008	8.9207e-008	9.1308e-008	9.2618e-008	9.3306e-008	9.4389e-008	9.3436e-008	9.272e-008	9.1354e-008	8.9102e-008	8.8329e-008	8.6847e-008	8.563e-008	8.3113e-008	8.0525e-008	7.9111e-008	7.7175e-008	7.5247e-008	7.2888e-008	7.0903e-008	7.006e-008	6.8831e-008	6.593e-008	6.3974e-008	6.2694e-008	5.9382e-008	5.56e-008	5.5094e-008	5.3626e-008	5.0929e-008	4.8482e-008	4.5889e-008	4.2849e-008	4.1395e-008	4.0013e-008	3.6861e-008	3.5199e-008	3.3782e-008	3.0819e-008	2.84e-008	2.657e-008	2.4553e-008	2.0823e-008	1.7212e-008	1.5302e-008	1.2601e-008	9.7944e-009	7.3689e-009	5.9393e-009	4.9679e-009	4.2155e-009	3.606e-009	3.0413e-009	2.6651e-009	2.6596e-009	3.1619e-009	3.2984e-009	3.0333e-009	3.3762e-009	3.3326e-009	4.1418e-009	4.2233e-009	5.0138e-009	6.7645e-009	8.1664e-009	9.5995e-009	1.6137e-008	2.1982e-008	2.8312e-008	3.2519e-008	3.7742e-008	4.2985e-008	5.1169e-008	6.0029e-008	6.7846e-008	7.2553e-008	7.5369e-008	7.8458e-008	8.0289e-008	8.3188e-008	8.5142e-008	8.6785e-008	8.7783e-008	8.8957e-008	8.9703e-008	9.002e-008	9.0585e-008	9.0196e-008	8.9186e-008	8.8063e-008	8.6681e-008	8.6023e-008	8.4851e-008	8.2683e-008	8.1069e-008	7.8701e-008	7.6765e-008	7.5152e-008	7.272e-008	7.0341e-008	6.5342e-008	6.4046e-008	6.3156e-008	6.0731e-008	5.7166e-008	5.5236e-008	5.2635e-008	4.997e-008	4.6816e-008	4.6185e-008	4.3589e-008	4.1952e-008	3.7381e-008	3.4265e-008	3.2935e-008	3.0611e-008	2.93e-008
9.5617e-008	9.5126e-008	9.4295e-008	9.3305e-008	9.2158e-008	8.9319e-008	8.6761e-008	8.2533e-008	7.9906e-008	7.8396e-008	7.7533e-008	7.6273e-008	7.5465e-008	7.2678e-008	6.9384e-008	6.63e-008	6.4791e-008	6.2352e-008	6.0322e-008	5.8179e-008	5.54e-008	5.2538e-008	5.014e-008	4.7557e-008	4.4757e-008	4.3217e-008	4.0745e-008	3.8796e-008	3.5437e-008	3.3426e-008	3.107e-008	2.8588e-008	2.6754e-008	2.5152e-008	2.2071e-008	1.9211e-008	1.704e-008	1.5246e-008	1.3424e-008	1.1511e-008	9.8103e-009	8.8669e-009	8.6615e-009	8.5042e-009	8.5431e-009	8.4639e-009	8.2777e-009	8.3881e-009	8.1402e-009	7.8822e-009	7.4441e-009	7.5751e-009	7.3355e-009	7.9414e-009	8.9233e-009	9.3164e-009	9.2408e-009	9.2858e-009	9.8077e-009	1.048e-008	1.356e-008	1.7661e-008	2.5052e-008	3.3999e-008	4.1363e-008	4.7626e-008	5.4315e-008	6.112e-008	6.7368e-008	7.2829e-008	7.9653e-008	8.4264e-008	8.7856e-008	9.0419e-008	9.1782e-008	9.2878e-008	9.3394e-008	9.3584e-008	9.3954e-008	9.3615e-008	9.4006e-008	9.299e-008	9.1999e-008	9.0742e-008	8.9778e-008	8.8288e-008	8.6395e-008	8.3821e-008	8.2572e-008	8.0266e-008	7.8368e-008	7.6402e-008	7.302e-008	7.1285e-008	6.9528e-008	6.8436e-008	6.5247e-008	6.3355e-008	6.1112e-008	5.8955e-008	5.6876e-008	5.4045e-008	5.2017e-008	4.9135e-008	4.698e-008	4.5085e-008	4.2962e-008	4.014e-008	3.6571e-008	3.358e-008	3.0424e-008	2.7041e-008	2.5163e-008	2.3286e-008	2.08e-008	1.785e-008	1.5864e-008	1.3346e-008	1.1232e-008	9.5217e-009	8.2044e-009	8.1598e-009	7.9538e-009	7.4188e-009	6.9459e-009	7.2088e-009	7.6076e-009	7.153e-009	6.7188e-009	6.6826e-009	6.7772e-009	6.8984e-009	7.0392e-009	6.8337e-009	7.5454e-009	8.2246e-009	7.8418e-009	8.0924e-009	9.6498e-009	1.1896e-008	1.5765e-008	2.0134e-008	2.6899e-008	3.3921e-008	4.082e-008	4.8357e-008	5.6098e-008	6.3011e-008	6.8539e-008	7.2935e-008	7.7124e-008	8.1323e-008	8.7359e-008	9.0746e-008	9.2368e-008	9.2065e-008	9.2342e-008	9.3152e-008	9.3697e-008	9.3952e-008	9.3793e-008	9.342e-008	9.2943e-008	9.2081e-008	9.037e-008	8.9431e-008	8.7206e-008	8.5683e-008	8.4791e-008	8.3481e-008	8.0663e-008	7.8776e-008	7.3884e-008	7.1947e-008	6.9198e-008	6.7753e-008	6.6909e-008	6.5097e-008	6.3105e-008	6.0483e-008	5.8451e-008	5.5906e-008	5.2524e-008	4.9861e-008	4.5964e-008	4.3632e-008	4.1267e-008	3.9082e-008	3.5921e-008	3.3498e-008	3.1383e-008	2.9694e-008	2.7683e-008	2.6654e-008	2.4392e-008	2.1201e-008	1.9687e-008	1.7747e-008	1.6001e-008	1.3974e-008	1.2273e-008	1.0595e-008	9.2318e-009	8.2063e-009	6.6664e-009	6.0865e-009	5.7788e-009	5.4589e-009	5.6857e-009	6.104e-009	5.8544e-009	6.0875e-009	6.228e-009	6.4879e-009	6.9746e-009	7.5751e-009	7.1163e-009	7.03e-009	8.7375e-009	1.1947e-008	1.5126e-008	1.9353e-008	2.4198e-008	3.1375e-008	4.0788e-008	4.8701e-008	5.7622e-008	6.4726e-008	7.1233e-008	7.5292e-008	7.8308e-008	8.1806e-008	8.5189e-008	8.7706e-008	9.0295e-008	9.2234e-008	9.3931e-008	9.4591e-008	9.4575e-008	9.4664e-008	9.4037e-008	9.3552e-008	9.2514e-008	9.1687e-008	8.958e-008	8.7853e-008	8.448e-008	8.2488e-008	7.9772e-008	7.6967e-008	7.55e-008	7.4335e-008	7.4034e-008	7.1588e-008	6.8463e-008	6.6122e-008	6.4712e-008	6.317e-008	6.1204e-008	5.7392e-008	5.5006e-008	5.2237e-008	4.9449e-008	4.5914e-008	4.3516e-008	4.1316e-008	3.8647e-008	3.5423e-008	3.188e-008	2.9779e-008	2.7038e-008	2.4793e-008	2.181e-008	2.0384e-008	1.7047e-008	1.4643e-008	1.2815e-008	1.0374e-008	7.5208e-009	6.9021e-009	6.0043e-009	5.6834e-009	5.0041e-009	5.2012e-009	4.9918e-009	5.3181e-009	5.1513e-009	4.5551e-009	4.9006e-009	4.7868e-009	4.9667e-009	5.4716e-009	5.8896e-009	5.9115e-009	6.426e-009	7.1349e-009	7.5415e-009	1.0304e-008	1.3296e-008	1.6648e-008	2.2069e-008	2.6873e-008	3.275e-008	3.9429e-008	4.5857e-008	5.3318e-008	5.7506e-008	6.3512e-008	6.882e-008	7.4906e-008	7.9709e-008	8.3086e-008	8.862e-008	8.9879e-008	9.0873e-008	9.21e-008	9.3599e-008	9.5213e-008	9.6597e-008	9.6523e-008	9.6247e-008	9.5565e-008	9.414e-008	9.2217e-008	9.0545e-008	8.9916e-008	8.6925e-008	8.5277e-008	8.2762e-008	7.963e-008	7.6776e-008	7.4849e-008	7.4218e-008	6.9746e-008	6.7738e-008	6.5261e-008	6.358e-008	6.0156e-008	5.8916e-008	5.7554e-008	5.4903e-008	5.2114e-008	4.9799e-008	4.7103e-008	4.4438e-008	4.0984e-008	3.8624e-008	3.5498e-008	3.1487e-008	2.9127e-008	2.7476e-008	2.5061e-008	2.2523e-008	2.0872e-008	1.8039e-008	1.6076e-008	1.3837e-008	1.0848e-008	9.0089e-009	7.4216e-009	5.6648e-009	4.4608e-009	3.4125e-009	3.246e-009	3.3599e-009	2.7867e-009	2.4449e-009	2.0103e-009	2.3315e-009	2.3673e-009	2.6393e-009	2.9946e-009	2.6959e-009	3.0828e-009	3.5851e-009	5.3585e-009	6.6881e-009	7.764e-009	1.0263e-008	1.3082e-008	1.6494e-008	1.9964e-008	2.6317e-008	3.3109e-008	3.9442e-008	4.7575e-008	5.4696e-008	5.9947e-008	6.5346e-008	7.0315e-008	7.5155e-008	7.9807e-008	8.1973e-008	8.4085e-008	8.6145e-008	8.7807e-008	8.9535e-008	9.0352e-008	9.2203e-008	9.2728e-008	9.4722e-008	9.3547e-008	9.2362e-008	9.0276e-008	8.9036e-008	8.7922e-008	8.6564e-008	8.4675e-008	8.1739e-008	7.9884e-008	7.772e-008	7.5974e-008	7.502e-008	7.2823e-008	7.1145e-008	7.0445e-008	6.9181e-008	6.6465e-008	6.509e-008	6.3959e-008	6.1429e-008	5.7974e-008	5.5438e-008	5.3373e-008	5.1941e-008	4.8801e-008	4.6687e-008	4.3809e-008	4.2052e-008	4.0097e-008	3.675e-008	3.5473e-008	3.3685e-008	3.0956e-008	2.8477e-008	2.6554e-008	2.4793e-008	1.9897e-008	1.7373e-008	1.5722e-008	1.2598e-008	1.0361e-008	7.6786e-009	6.2932e-009	5.164e-009	4.1537e-009	3.8417e-009	3.2826e-009	2.9967e-009	2.8164e-009	3.0511e-009	3.2667e-009	3.2173e-009	3.0372e-009	3.0329e-009	3.6614e-009	4.2679e-009	5.3546e-009	7.2587e-009	8.9708e-009	1.3726e-008	1.8097e-008	2.241e-008	2.7789e-008	3.2767e-008	3.7733e-008	4.3811e-008	4.868e-008	5.6957e-008	6.4364e-008	7.0854e-008	7.432e-008	7.7676e-008	8.0334e-008	8.2331e-008	8.4459e-008	8.5735e-008	8.7066e-008	8.8792e-008	8.9539e-008	9.0212e-008	9.0994e-008	9.0849e-008	8.9854e-008	8.9169e-008	8.7845e-008	8.6549e-008	8.5027e-008	8.2375e-008	8.0509e-008	7.9041e-008	7.7169e-008	7.5981e-008	7.4076e-008	7.1569e-008	6.8114e-008	6.3981e-008	6.2047e-008	6.0045e-008	5.83e-008	5.5805e-008	5.3392e-008	4.982e-008	4.7963e-008	4.596e-008	4.4134e-008	4.0748e-008	3.6955e-008	3.4388e-008	3.3758e-008	3.1914e-008	2.952e-008
9.4746e-008	9.4717e-008	9.4256e-008	9.3217e-008	9.1584e-008	9.0268e-008	8.5695e-008	8.2871e-008	7.9969e-008	7.7666e-008	7.6017e-008	7.5219e-008	7.4009e-008	7.2901e-008	7.1208e-008	6.6394e-008	6.4341e-008	6.2741e-008	6.0598e-008	5.7282e-008	5.5731e-008	5.3871e-008	5.06e-008	4.8694e-008	4.5876e-008	4.2991e-008	3.8794e-008	3.7669e-008	3.6167e-008	3.3603e-008	3.0129e-008	2.8396e-008	2.6765e-008	2.5756e-008	2.1137e-008	1.9669e-008	1.7903e-008	1.5818e-008	1.413e-008	1.2403e-008	1.0058e-008	8.3496e-009	8.7033e-009	8.5063e-009	7.8397e-009	7.9935e-009	7.9507e-009	8.2994e-009	7.4516e-009	7.3008e-009	7.5653e-009	7.8058e-009	7.6271e-009	7.9274e-009	8.5272e-009	8.8168e-009	8.6501e-009	8.8436e-009	9.4493e-009	1.0396e-008	1.3253e-008	1.7345e-008	2.4926e-008	3.2782e-008	3.9956e-008	4.6247e-008	5.3124e-008	5.9913e-008	6.7392e-008	7.3905e-008	7.9389e-008	8.3801e-008	8.69e-008	8.9688e-008	9.1345e-008	9.3153e-008	9.3711e-008	9.3559e-008	9.4907e-008	9.5973e-008	9.5636e-008	9.3874e-008	9.2171e-008	9.0787e-008	8.9695e-008	8.8603e-008	8.596e-008	8.3936e-008	8.243e-008	7.9549e-008	7.7617e-008	7.5125e-008	7.2674e-008	7.0801e-008	6.8786e-008	6.7116e-008	6.4203e-008	6.2009e-008	6.0407e-008	5.8843e-008	5.6977e-008	5.4062e-008	5.2182e-008	4.9609e-008	4.7727e-008	4.4707e-008	4.1652e-008	3.9491e-008	3.6564e-008	3.2432e-008	2.9183e-008	2.6917e-008	2.4079e-008	2.229e-008	1.9503e-008	1.7648e-008	1.5443e-008	1.2159e-008	1.0245e-008	8.8645e-009	7.479e-009	7.56e-009	7.7791e-009	7.3568e-009	6.7184e-009	6.9299e-009	7.1005e-009	6.5322e-009	6.065e-009	5.8813e-009	5.9002e-009	6.1248e-009	6.4457e-009	6.3045e-009	6.7289e-009	7.1666e-009	6.466e-009	7.3674e-009	8.6798e-009	1.1729e-008	1.5131e-008	2.0619e-008	2.7045e-008	3.3862e-008	4.0474e-008	4.7757e-008	5.5369e-008	6.1845e-008	6.7619e-008	7.1655e-008	7.6812e-008	8.1137e-008	8.5658e-008	8.9563e-008	9.1439e-008	9.1749e-008	9.2005e-008	9.2617e-008	9.2999e-008	9.3648e-008	9.3598e-008	9.3055e-008	9.2828e-008	9.1528e-008	8.9777e-008	8.8931e-008	8.7131e-008	8.5632e-008	8.4517e-008	8.2808e-008	8.0991e-008	7.8973e-008	7.5843e-008	7.2397e-008	6.827e-008	6.7264e-008	6.6033e-008	6.4734e-008	6.1411e-008	5.8862e-008	5.6682e-008	5.3768e-008	5.2176e-008	5.033e-008	4.6101e-008	4.3303e-008	3.9955e-008	3.8254e-008	3.6881e-008	3.2201e-008	3.0741e-008	2.9235e-008	2.7826e-008	2.5898e-008	2.3425e-008	2.1212e-008	1.9429e-008	1.7708e-008	1.6207e-008	1.3717e-008	1.1726e-008	1.083e-008	9.2045e-009	8.0117e-009	6.9246e-009	5.5639e-009	5.3057e-009	4.9197e-009	4.8763e-009	5.099e-009	5.3332e-009	5.4088e-009	5.662e-009	5.8396e-009	6.4871e-009	6.5957e-009	6.1334e-009	6.7137e-009	7.9098e-009	1.0777e-008	1.4982e-008	1.8904e-008	2.3882e-008	3.0465e-008	4.0805e-008	4.8861e-008	5.7843e-008	6.4867e-008	7.0038e-008	7.4509e-008	7.768e-008	8.1161e-008	8.4271e-008	8.6452e-008	8.9294e-008	9.1207e-008	9.2429e-008	9.3196e-008	9.417e-008	9.4605e-008	9.401e-008	9.3067e-008	9.2128e-008	9.0097e-008	8.8828e-008	8.6767e-008	8.508e-008	8.1998e-008	8.1123e-008	7.5718e-008	7.4835e-008	7.3905e-008	7.295e-008	7.0173e-008	6.8385e-008	6.6284e-008	6.4851e-008	6.3488e-008	6.1369e-008	5.7605e-008	5.411e-008	5.1956e-008	4.8702e-008	4.5017e-008	4.3544e-008	4.0893e-008	3.786e-008	3.423e-008	3.2172e-008	3.0141e-008	2.6324e-008	2.4833e-008	2.166e-008	1.9703e-008	1.7095e-008	1.4304e-008	1.1615e-008	9.3044e-009	7.8099e-009	6.6265e-009	5.5627e-009	5.2335e-009	4.7974e-009	4.9575e-009	4.7815e-009	5.2375e-009	5.0995e-009	4.4253e-009	4.4756e-009	4.1523e-009	4.2686e-009	4.8442e-009	5.4078e-009	5.4733e-009	6.0022e-009	6.2902e-009	7.743e-009	1.1023e-008	1.3479e-008	1.6959e-008	2.1617e-008	2.7262e-008	3.4227e-008	3.9546e-008	4.5125e-008	5.0859e-008	5.7477e-008	6.3618e-008	6.869e-008	7.2879e-008	7.8897e-008	8.3141e-008	8.7904e-008	8.923e-008	9.022e-008	9.1437e-008	9.3004e-008	9.4343e-008	9.5317e-008	9.5362e-008	9.5351e-008	9.4572e-008	9.2623e-008	9.2491e-008	9.0978e-008	8.9255e-008	8.6694e-008	8.4028e-008	8.2226e-008	7.8574e-008	7.6409e-008	7.3284e-008	7.2329e-008	6.9652e-008	6.605e-008	6.4444e-008	6.2476e-008	6.0771e-008	5.8053e-008	5.6549e-008	5.3985e-008	5.1693e-008	4.8829e-008	4.6192e-008	4.4113e-008	4.0899e-008	3.7485e-008	3.3839e-008	3.2205e-008	2.8523e-008	2.6288e-008	2.3654e-008	2.1216e-008	1.9277e-008	1.7162e-008	1.6024e-008	1.2626e-008	1.1034e-008	8.6102e-009	7.5224e-009	5.7e-009	4.299e-009	3.0753e-009	2.7011e-009	2.7265e-009	2.5945e-009	2.4892e-009	2.2946e-009	2.2078e-009	3.1532e-009	2.4076e-009	1.9081e-009	2.6784e-009	2.5915e-009	3.3635e-009	4.3488e-009	5.8104e-009	7.525e-009	9.4377e-009	1.2864e-008	1.6129e-008	1.9232e-008	2.4779e-008	3.2606e-008	3.894e-008	4.8151e-008	5.5075e-008	5.9798e-008	6.4847e-008	6.9579e-008	7.4272e-008	7.913e-008	8.2596e-008	8.4452e-008	8.5518e-008	8.772e-008	8.8682e-008	9.0025e-008	9.1769e-008	9.2568e-008	9.3892e-008	9.2999e-008	9.143e-008	9.0242e-008	8.9458e-008	8.837e-008	8.5966e-008	8.3823e-008	8.1953e-008	7.9847e-008	7.7342e-008	7.6183e-008	7.3675e-008	7.1405e-008	7.116e-008	7.0257e-008	6.85e-008	6.6176e-008	6.4363e-008	6.3053e-008	6.0441e-008	5.7733e-008	5.4524e-008	5.2584e-008	5.108e-008	4.8889e-008	4.5945e-008	4.3308e-008	4.1226e-008	3.9113e-008	3.5786e-008	3.4795e-008	3.2636e-008	2.921e-008	2.7895e-008	2.4811e-008	2.2878e-008	2.0211e-008	1.6745e-008	1.466e-008	1.1976e-008	9.4564e-009	7.6112e-009	6.0703e-009	4.8981e-009	3.6478e-009	3.469e-009	2.8485e-009	2.4206e-009	2.6767e-009	2.7893e-009	3.0107e-009	3.222e-009	2.8383e-009	2.3309e-009	3.0443e-009	4.1734e-009	5.0029e-009	6.9995e-009	9.841e-009	1.3496e-008	1.82e-008	2.2635e-008	2.7913e-008	3.3068e-008	3.8084e-008	4.4069e-008	4.8417e-008	5.5166e-008	6.3014e-008	6.9733e-008	7.3154e-008	7.6363e-008	7.9417e-008	8.195e-008	8.3402e-008	8.5091e-008	8.6521e-008	8.7768e-008	8.9167e-008	9.0517e-008	9.0687e-008	9.1229e-008	9.0344e-008	8.9636e-008	8.7038e-008	8.5999e-008	8.43e-008	8.1631e-008	7.973e-008	7.8383e-008	7.7271e-008	7.5553e-008	7.3966e-008	7.1548e-008	6.7145e-008	6.3989e-008	6.1794e-008	5.9746e-008	5.8885e-008	5.6552e-008	5.3407e-008	4.9189e-008	4.7595e-008	4.5348e-008	4.3706e-008	3.9819e-008	3.8151e-008	3.6103e-008	3.265e-008	3.155e-008	2.9058e-008
9.4758e-008	9.4506e-008	9.4359e-008	9.3247e-008	9.1783e-008	9.0142e-008	8.5627e-008	8.2993e-008	8.0198e-008	7.7831e-008	7.6447e-008	7.5061e-008	7.3853e-008	7.1914e-008	7.096e-008	6.8465e-008	6.6107e-008	6.3773e-008	6.1223e-008	5.8189e-008	5.5098e-008	5.3043e-008	5.0169e-008	4.8016e-008	4.6327e-008	4.2983e-008	3.9141e-008	3.7893e-008	3.6454e-008	3.3648e-008	3.0478e-008	2.8723e-008	2.8186e-008	2.6173e-008	2.2413e-008	2.0186e-008	1.7974e-008	1.6459e-008	1.3919e-008	1.2396e-008	1.0937e-008	9.7597e-009	9.0887e-009	8.5647e-009	8.5042e-009	8.0226e-009	7.7584e-009	8.0737e-009	7.7862e-009	7.6953e-009	8.1824e-009	7.8731e-009	8.0917e-009	7.9709e-009	8.6355e-009	8.4399e-009	8.6821e-009	8.9053e-009	9.7398e-009	1.108e-008	1.4491e-008	1.907e-008	2.5144e-008	3.2544e-008	3.8461e-008	4.6437e-008	5.4063e-008	6.1052e-008	6.8073e-008	7.5502e-008	7.977e-008	8.2976e-008	8.6974e-008	8.9804e-008	9.0861e-008	9.3437e-008	9.4729e-008	9.6299e-008	9.6031e-008	9.6731e-008	9.6435e-008	9.4502e-008	9.233e-008	9.1007e-008	8.9956e-008	8.9112e-008	8.6345e-008	8.3621e-008	8.1279e-008	7.9213e-008	7.7471e-008	7.4711e-008	7.2555e-008	7.0521e-008	6.9094e-008	6.6585e-008	6.499e-008	6.1326e-008	5.9412e-008	5.7928e-008	5.6382e-008	5.3252e-008	5.1818e-008	4.9299e-008	4.7205e-008	4.4528e-008	4.0647e-008	3.8132e-008	3.6519e-008	3.3598e-008	3.0617e-008	2.7692e-008	2.4361e-008	2.2135e-008	1.9442e-008	1.7755e-008	1.5607e-008	1.1368e-008	1.0161e-008	9.184e-009	8.2801e-009	7.7627e-009	7.7818e-009	7.6125e-009	7.3905e-009	7.0698e-009	6.98e-009	6.6012e-009	5.9439e-009	6.2159e-009	5.8529e-009	5.8136e-009	6.1412e-009	6.0647e-009	6.4927e-009	6.5042e-009	6.9268e-009	7.7896e-009	9.3131e-009	1.0569e-008	1.5026e-008	1.9341e-008	2.6047e-008	3.3122e-008	4.1115e-008	4.8807e-008	5.524e-008	6.1041e-008	6.6928e-008	7.2343e-008	7.7703e-008	8.2427e-008	8.5038e-008	8.8643e-008	9.1047e-008	9.1776e-008	9.2069e-008	9.2405e-008	9.3243e-008	9.4045e-008	9.3344e-008	9.2616e-008	9.2574e-008	9.1188e-008	9.0152e-008	8.8246e-008	8.7298e-008	8.5316e-008	8.4572e-008	8.201e-008	8.0253e-008	7.8793e-008	7.5234e-008	7.2164e-008	6.9986e-008	6.7545e-008	6.5883e-008	6.3725e-008	6.0096e-008	5.7475e-008	5.5831e-008	5.42e-008	5.2371e-008	5.0139e-008	4.5672e-008	4.3233e-008	4.0779e-008	3.8286e-008	3.7145e-008	3.378e-008	3.1599e-008	2.9995e-008	2.746e-008	2.6121e-008	2.2781e-008	2.1375e-008	2.0147e-008	1.7449e-008	1.6376e-008	1.4272e-008	1.2083e-008	1.1348e-008	1.0077e-008	7.8896e-009	6.7694e-009	5.593e-009	5.3755e-009	5.193e-009	5.3351e-009	4.9512e-009	5.0126e-009	5.5648e-009	5.2542e-009	5.2857e-009	6.4539e-009	6.031e-009	6.111e-009	7.316e-009	8.6572e-009	1.0803e-008	1.4273e-008	1.815e-008	2.406e-008	3.153e-008	4.1424e-008	4.8612e-008	5.7212e-008	6.4498e-008	6.9188e-008	7.3253e-008	7.7541e-008	8.0745e-008	8.368e-008	8.5801e-008	8.8075e-008	9.0025e-008	9.168e-008	9.335e-008	9.4408e-008	9.5129e-008	9.3569e-008	9.3425e-008	9.256e-008	9.0242e-008	8.9205e-008	8.7815e-008	8.5064e-008	8.2535e-008	8.1219e-008	7.7392e-008	7.4913e-008	7.4234e-008	7.3065e-008	7.0665e-008	6.8657e-008	6.6974e-008	6.5378e-008	6.3002e-008	6.0913e-008	5.9202e-008	5.3517e-008	5.2497e-008	4.8031e-008	4.5213e-008	4.2905e-008	4.0387e-008	3.7787e-008	3.5444e-008	3.2329e-008	2.8964e-008	2.7661e-008	2.4583e-008	2.2203e-008	1.9975e-008	1.7637e-008	1.5566e-008	1.2185e-008	9.6193e-009	8.4973e-009	7.027e-009	5.6168e-009	5.1025e-009	4.8845e-009	4.6482e-009	4.9456e-009	5.1037e-009	5.0556e-009	5.0124e-009	4.5732e-009	4.2229e-009	4.4681e-009	4.6651e-009	4.9341e-009	5.1774e-009	5.7098e-009	6.2788e-009	8.3757e-009	1.0984e-008	1.4563e-008	1.7464e-008	2.1959e-008	2.8664e-008	3.3935e-008	3.8956e-008	4.4817e-008	5.1817e-008	5.7643e-008	6.2921e-008	6.8899e-008	7.2819e-008	7.8344e-008	8.2262e-008	8.6504e-008	8.8853e-008	9.0098e-008	9.131e-008	9.2821e-008	9.3948e-008	9.4808e-008	9.5074e-008	9.457e-008	9.3182e-008	9.2426e-008	9.159e-008	9.0234e-008	8.8386e-008	8.539e-008	8.3258e-008	8.2616e-008	8.0176e-008	7.6144e-008	7.3901e-008	7.2354e-008	6.9649e-008	6.7516e-008	6.5426e-008	6.3531e-008	6.06e-008	5.9111e-008	5.6449e-008	5.4302e-008	5.0612e-008	4.9301e-008	4.636e-008	4.3923e-008	4.0459e-008	3.803e-008	3.5601e-008	3.1067e-008	2.7957e-008	2.66e-008	2.4583e-008	2.1692e-008	1.9229e-008	1.7243e-008	1.6198e-008	1.24e-008	1.1404e-008	9.4699e-009	7.7742e-009	6.231e-009	4.9404e-009	4.0519e-009	3.2473e-009	3.0459e-009	3.0675e-009	3.0506e-009	2.5453e-009	2.5361e-009	3.1554e-009	3.8088e-009	2.8895e-009	3.2782e-009	2.7429e-009	3.5402e-009	4.4509e-009	5.7536e-009	7.1996e-009	9.0944e-009	1.2469e-008	1.5774e-008	1.8755e-008	2.4673e-008	3.2303e-008	3.9113e-008	4.808e-008	5.4452e-008	5.9769e-008	6.489e-008	6.8738e-008	7.3502e-008	7.9638e-008	8.3454e-008	8.5098e-008	8.6182e-008	8.7585e-008	8.8906e-008	9.0747e-008	9.1451e-008	9.2555e-008	9.2716e-008	9.2319e-008	9.1226e-008	9.0409e-008	8.9616e-008	8.7864e-008	8.6937e-008	8.4304e-008	8.1978e-008	7.9677e-008	7.7281e-008	7.5978e-008	7.4337e-008	7.2956e-008	7.1427e-008	6.8643e-008	6.7268e-008	6.5535e-008	6.4014e-008	6.2781e-008	5.9711e-008	5.7064e-008	5.4246e-008	5.2729e-008	5.0228e-008	4.7711e-008	4.6038e-008	4.3884e-008	4.1308e-008	3.8557e-008	3.6289e-008	3.4774e-008	3.2323e-008	2.9209e-008	2.7151e-008	2.5195e-008	2.3181e-008	2.0751e-008	1.7486e-008	1.4248e-008	1.2641e-008	1.0479e-008	8.4855e-009	5.9876e-009	4.7312e-009	3.2869e-009	3.4707e-009	2.9896e-009	2.8022e-009	2.6662e-009	2.7046e-009	2.4695e-009	3.1038e-009	2.8161e-009	2.8097e-009	3.4676e-009	4.2412e-009	4.9736e-009	7.8015e-009	1.0387e-008	1.3536e-008	1.9152e-008	2.4113e-008	2.9559e-008	3.4178e-008	3.9417e-008	4.4498e-008	4.9411e-008	5.4934e-008	6.2704e-008	6.9532e-008	7.3002e-008	7.6315e-008	7.9565e-008	8.1869e-008	8.3672e-008	8.5071e-008	8.6928e-008	8.7626e-008	8.9776e-008	9.1613e-008	9.2726e-008	9.316e-008	9.2034e-008	9.0472e-008	8.8202e-008	8.6606e-008	8.4265e-008	8.1832e-008	7.9378e-008	7.8385e-008	7.7771e-008	7.6277e-008	7.2079e-008	6.9819e-008	6.7241e-008	6.4846e-008	6.1631e-008	6.0382e-008	5.8372e-008	5.6191e-008	5.3721e-008	5.1363e-008	4.8836e-008	4.6486e-008	4.3391e-008	4.0784e-008	3.8319e-008	3.7002e-008	3.3581e-008	3.1278e-008	2.9095e-008
9.3825e-008	9.4283e-008	9.4411e-008	9.3596e-008	9.1495e-008	8.9029e-008	8.5647e-008	8.2361e-008	8.0295e-008	7.7991e-008	7.6073e-008	7.413e-008	7.2888e-008	7.1302e-008	7.048e-008	6.8982e-008	6.6575e-008	6.4008e-008	6.1674e-008	5.889e-008	5.6524e-008	5.3157e-008	4.9568e-008	4.8575e-008	4.5977e-008	4.1837e-008	3.9926e-008	3.8414e-008	3.5475e-008	3.2591e-008	3.0842e-008	3.0116e-008	2.7865e-008	2.645e-008	2.4296e-008	2.1597e-008	1.9165e-008	1.5793e-008	1.4173e-008	1.1881e-008	1.1341e-008	9.467e-009	8.7387e-009	8.8017e-009	8.4163e-009	7.5485e-009	7.637e-009	7.4174e-009	7.1761e-009	7.4788e-009	7.4504e-009	7.1405e-009	7.6404e-009	7.8847e-009	8.1349e-009	7.9746e-009	8.5991e-009	9.0107e-009	9.5106e-009	1.0648e-008	1.4401e-008	1.9108e-008	2.4524e-008	3.0565e-008	3.7785e-008	4.4917e-008	5.4261e-008	6.1794e-008	6.8721e-008	7.5139e-008	7.9144e-008	8.2691e-008	8.5952e-008	8.9349e-008	9.1268e-008	9.3437e-008	9.4788e-008	9.6258e-008	9.7358e-008	9.7117e-008	9.6239e-008	9.365e-008	9.2456e-008	9.1446e-008	9.0166e-008	8.9286e-008	8.76e-008	8.3108e-008	8.0355e-008	7.9167e-008	7.762e-008	7.5304e-008	7.268e-008	7.0272e-008	6.8141e-008	6.6163e-008	6.5254e-008	6.0697e-008	5.8245e-008	5.6453e-008	5.5071e-008	5.2492e-008	5.1278e-008	5.0466e-008	4.5489e-008	4.3002e-008	4.0161e-008	3.7982e-008	3.5928e-008	3.2932e-008	3.0521e-008	2.7224e-008	2.4624e-008	2.169e-008	2.023e-008	1.7965e-008	1.4773e-008	1.2786e-008	1.0131e-008	8.7704e-009	8.3146e-009	7.6485e-009	7.2749e-009	7.6351e-009	7.3976e-009	7.1046e-009	6.7478e-009	6.3793e-009	6.3834e-009	6.2614e-009	6.7229e-009	5.8215e-009	5.2132e-009	5.9835e-009	6.5825e-009	6.7248e-009	7.4677e-009	7.9043e-009	8.8906e-009	1.1056e-008	1.362e-008	1.727e-008	2.4011e-008	3.295e-008	4.0725e-008	4.9085e-008	5.4905e-008	5.8899e-008	6.5547e-008	7.2435e-008	7.7786e-008	8.1602e-008	8.402e-008	8.6287e-008	9.0196e-008	9.1196e-008	9.1512e-008	9.1931e-008	9.267e-008	9.2578e-008	9.2237e-008	9.1816e-008	9.1841e-008	9.1084e-008	9.0235e-008	8.7883e-008	8.7048e-008	8.6515e-008	8.3752e-008	8.1119e-008	7.9051e-008	7.8001e-008	7.5866e-008	7.1876e-008	6.9982e-008	6.6531e-008	6.5212e-008	6.3546e-008	6.0017e-008	5.8139e-008	5.6162e-008	5.3633e-008	5.1666e-008	4.7549e-008	4.5469e-008	4.3365e-008	4.0794e-008	3.8007e-008	3.5641e-008	3.2978e-008	3.1673e-008	2.9609e-008	2.7763e-008	2.5748e-008	2.3251e-008	2.1467e-008	2.0268e-008	1.8041e-008	1.5652e-008	1.3909e-008	1.2542e-008	1.0818e-008	9.1791e-009	7.5367e-009	6.6208e-009	6.071e-009	5.7359e-009	5.2973e-009	5.2106e-009	5.1612e-009	5.469e-009	5.2316e-009	4.6879e-009	4.888e-009	5.0574e-009	5.5798e-009	5.7963e-009	7.2177e-009	8.5608e-009	1.0539e-008	1.3239e-008	1.796e-008	2.2652e-008	2.9634e-008	3.9536e-008	4.8518e-008	5.7877e-008	6.4424e-008	6.8369e-008	7.1707e-008	7.5512e-008	7.9741e-008	8.276e-008	8.5228e-008	8.6638e-008	8.89e-008	9.0608e-008	9.2505e-008	9.4428e-008	9.5336e-008	9.5021e-008	9.3661e-008	9.3117e-008	9.0481e-008	8.8527e-008	8.6704e-008	8.4104e-008	8.163e-008	7.9868e-008	7.7043e-008	7.4497e-008	7.3444e-008	7.2208e-008	7.0656e-008	6.8216e-008	6.5646e-008	6.3744e-008	6.1938e-008	6.0807e-008	5.9462e-008	5.5503e-008	5.25e-008	5.033e-008	4.4452e-008	4.1796e-008	3.9572e-008	3.7516e-008	3.4824e-008	3.2169e-008	2.903e-008	2.7322e-008	2.4606e-008	2.2235e-008	1.9993e-008	1.7386e-008	1.4578e-008	1.2388e-008	9.899e-009	7.8462e-009	6.2504e-009	4.7834e-009	4.3227e-009	3.9782e-009	3.9817e-009	4.2554e-009	4.1381e-009	4.3583e-009	4.0484e-009	3.822e-009	4.3608e-009	4.335e-009	4.1251e-009	3.912e-009	4.1069e-009	4.643e-009	5.7448e-009	7.6163e-009	1.0068e-008	1.3406e-008	1.7018e-008	2.1427e-008	2.781e-008	3.3216e-008	3.7836e-008	4.2728e-008	4.928e-008	5.6384e-008	6.1206e-008	6.7332e-008	7.2118e-008	7.7004e-008	8.1754e-008	8.5074e-008	8.7565e-008	8.9838e-008	9.0923e-008	9.1684e-008	9.2869e-008	9.3546e-008	9.4014e-008	9.3396e-008	9.3119e-008	9.2647e-008	9.1515e-008	8.938e-008	8.6654e-008	8.4854e-008	8.3012e-008	8.1848e-008	7.8749e-008	7.5914e-008	7.4541e-008	7.3062e-008	6.9607e-008	6.7282e-008	6.5744e-008	6.3781e-008	6.1072e-008	5.8456e-008	5.5696e-008	5.405e-008	5.1193e-008	4.8503e-008	4.6421e-008	4.3105e-008	3.9749e-008	3.7565e-008	3.5321e-008	3.2739e-008	2.887e-008	2.6995e-008	2.5078e-008	2.1614e-008	1.9116e-008	1.7795e-008	1.5572e-008	1.3545e-008	1.0877e-008	8.3462e-009	7.3665e-009	5.8155e-009	4.542e-009	3.4595e-009	2.8423e-009	2.7088e-009	2.6169e-009	2.8445e-009	2.9532e-009	2.3868e-009	2.8958e-009	3.1064e-009	2.5973e-009	2.6853e-009	2.6656e-009	3.4288e-009	4.1377e-009	4.8469e-009	6.559e-009	8.7091e-009	1.1896e-008	1.4954e-008	1.8427e-008	2.3594e-008	3.1729e-008	3.9482e-008	4.7121e-008	5.2001e-008	5.9423e-008	6.3846e-008	6.7225e-008	7.1908e-008	7.8277e-008	8.2811e-008	8.4085e-008	8.5246e-008	8.6536e-008	8.8025e-008	9.023e-008	9.2124e-008	9.2502e-008	9.2376e-008	9.1631e-008	9.0486e-008	9.0548e-008	8.9355e-008	8.7688e-008	8.6174e-008	8.4538e-008	8.2563e-008	7.9118e-008	7.7095e-008	7.5589e-008	7.4208e-008	7.3289e-008	7.11e-008	6.9172e-008	6.659e-008	6.5052e-008	6.3826e-008	6.1589e-008	5.9804e-008	5.653e-008	5.3841e-008	5.1769e-008	4.9313e-008	4.6971e-008	4.5486e-008	4.3296e-008	4.1059e-008	3.8223e-008	3.6674e-008	3.4371e-008	3.182e-008	2.9784e-008	2.7068e-008	2.4853e-008	2.281e-008	1.9614e-008	1.7439e-008	1.3483e-008	1.2176e-008	1.0115e-008	8.0842e-009	6.1261e-009	4.6983e-009	3.1279e-009	3.2841e-009	2.4089e-009	2.0401e-009	2.4487e-009	2.6332e-009	2.4647e-009	2.332e-009	2.3121e-009	2.4768e-009	2.9008e-009	3.9946e-009	5.0698e-009	7.6494e-009	1.0786e-008	1.429e-008	1.8629e-008	2.5098e-008	3.0799e-008	3.5049e-008	3.9625e-008	4.5088e-008	5.0286e-008	5.5016e-008	6.201e-008	6.8022e-008	7.3066e-008	7.6648e-008	7.8775e-008	8.0961e-008	8.3481e-008	8.5058e-008	8.624e-008	8.7585e-008	8.9226e-008	9.1394e-008	9.274e-008	9.2584e-008	9.202e-008	8.9716e-008	8.8447e-008	8.5754e-008	8.4143e-008	8.2056e-008	7.9457e-008	7.7848e-008	7.6835e-008	7.5484e-008	7.2987e-008	6.9718e-008	6.553e-008	6.4641e-008	6.2085e-008	6.0376e-008	5.7984e-008	5.6008e-008	5.408e-008	5.2419e-008	4.8289e-008	4.7415e-008	4.4875e-008	4.2041e-008	3.8665e-008	3.6782e-008	3.3847e-008	3.0151e-008	2.902e-008
9.4598e-008	9.4481e-008	9.4139e-008	9.2559e-008	9.0732e-008	8.8771e-008	8.7254e-008	8.4036e-008	8.1225e-008	7.8817e-008	7.6276e-008	7.4061e-008	7.2505e-008	7.12e-008	6.9888e-008	6.875e-008	6.6268e-008	6.3893e-008	6.1048e-008	5.888e-008	5.6421e-008	5.4387e-008	5.0209e-008	4.8678e-008	4.5334e-008	4.2292e-008	3.9612e-008	3.8429e-008	3.644e-008	3.4487e-008	3.1383e-008	3.0259e-008	2.8546e-008	2.6793e-008	2.4485e-008	2.1852e-008	1.9714e-008	1.669e-008	1.4928e-008	1.3061e-008	1.1111e-008	9.8312e-009	8.7227e-009	8.4739e-009	8.0919e-009	7.5337e-009	7.7018e-009	7.4629e-009	7.014e-009	7.7101e-009	7.4008e-009	7.4558e-009	7.0154e-009	7.4073e-009	7.4877e-009	8.1452e-009	8.3161e-009	8.9932e-009	9.8134e-009	1.1457e-008	1.3973e-008	1.923e-008	2.416e-008	3.0233e-008	3.6471e-008	4.5784e-008	5.4917e-008	6.2889e-008	6.9482e-008	7.4748e-008	7.9312e-008	8.2811e-008	8.6095e-008	8.9625e-008	9.2009e-008	9.3914e-008	9.4787e-008	9.6573e-008	9.7646e-008	9.6959e-008	9.509e-008	9.3358e-008	9.235e-008	9.0869e-008	8.9779e-008	8.8507e-008	8.639e-008	8.2216e-008	8.0822e-008	7.8959e-008	7.7481e-008	7.4276e-008	7.1709e-008	6.9592e-008	6.7236e-008	6.5959e-008	6.4884e-008	6.283e-008	5.9587e-008	5.6627e-008	5.4315e-008	5.2056e-008	5.0255e-008	4.8059e-008	4.6009e-008	4.2293e-008	3.99e-008	3.7739e-008	3.508e-008	3.2824e-008	3.0174e-008	2.6933e-008	2.4714e-008	2.2541e-008	2.0441e-008	1.818e-008	1.5021e-008	1.2943e-008	1.0412e-008	9.2976e-009	8.2591e-009	7.7132e-009	7.5503e-009	7.5202e-009	7.1735e-009	6.4992e-009	6.8944e-009	6.6712e-009	6.1187e-009	6.3343e-009	6.4441e-009	5.9212e-009	5.3425e-009	5.8467e-009	6.263e-009	6.6156e-009	6.9344e-009	8.0354e-009	9.1238e-009	1.1503e-008	1.3839e-008	1.7414e-008	2.4755e-008	3.401e-008	4.0895e-008	4.827e-008	5.5099e-008	5.8797e-008	6.3645e-008	7.1204e-008	7.6167e-008	8.0608e-008	8.3564e-008	8.6424e-008	8.8786e-008	9.0911e-008	9.1124e-008	9.1769e-008	9.3041e-008	9.2462e-008	9.2147e-008	9.1368e-008	9.099e-008	9.0336e-008	8.911e-008	8.788e-008	8.7184e-008	8.4697e-008	8.2937e-008	7.9899e-008	7.8009e-008	7.691e-008	7.5356e-008	7.2786e-008	6.943e-008	6.7673e-008	6.6101e-008	6.2763e-008	6.013e-008	5.8386e-008	5.403e-008	5.2849e-008	5.0427e-008	4.7824e-008	4.5666e-008	4.3619e-008	4.1457e-008	3.8716e-008	3.5065e-008	3.3669e-008	3.1838e-008	2.9234e-008	2.8114e-008	2.5962e-008	2.3708e-008	2.1732e-008	2.0003e-008	1.8536e-008	1.6817e-008	1.4828e-008	1.2861e-008	1.1156e-008	8.5048e-009	7.3935e-009	6.8914e-009	6.205e-009	5.9436e-009	5.7125e-009	5.8965e-009	5.4207e-009	4.9972e-009	5.2388e-009	4.8691e-009	5.0292e-009	5.3315e-009	5.4812e-009	6.1946e-009	6.9814e-009	7.9318e-009	9.7535e-009	1.3081e-008	1.7727e-008	2.2974e-008	2.9998e-008	3.8298e-008	4.802e-008	5.7952e-008	6.4602e-008	6.911e-008	7.1982e-008	7.6066e-008	8.0021e-008	8.2687e-008	8.5028e-008	8.6473e-008	8.9045e-008	9.0712e-008	9.2204e-008	9.3225e-008	9.5381e-008	9.4547e-008	9.3528e-008	9.2202e-008	9.093e-008	8.8284e-008	8.5839e-008	8.389e-008	8.2012e-008	7.8936e-008	7.6973e-008	7.4945e-008	7.313e-008	7.1698e-008	6.9687e-008	6.7707e-008	6.5731e-008	6.3877e-008	6.1673e-008	6.0894e-008	5.9303e-008	5.5895e-008	5.2163e-008	5.0683e-008	4.4378e-008	4.2318e-008	3.939e-008	3.7476e-008	3.6038e-008	3.1913e-008	3.05e-008	2.7165e-008	2.5058e-008	2.272e-008	2.0544e-008	1.7534e-008	1.4828e-008	1.2558e-008	9.7102e-009	8.0245e-009	5.9546e-009	5.2204e-009	4.3716e-009	4.1066e-009	4.1446e-009	4.4288e-009	4.6087e-009	4.5335e-009	4.336e-009	4.4269e-009	4.2818e-009	4.2748e-009	4.0596e-009	3.7598e-009	4.3913e-009	4.6734e-009	5.5873e-009	7.2407e-009	9.6056e-009	1.2619e-008	1.6151e-008	2.0953e-008	2.6251e-008	3.2149e-008	3.6703e-008	4.0526e-008	4.7815e-008	5.5171e-008	6.0874e-008	6.65e-008	7.2348e-008	7.7547e-008	8.1859e-008	8.3956e-008	8.6856e-008	8.9325e-008	9.0964e-008	9.1872e-008	9.2121e-008	9.2671e-008	9.3308e-008	9.3394e-008	9.2898e-008	9.2128e-008	9.0878e-008	8.8631e-008	8.6122e-008	8.4567e-008	8.337e-008	8.172e-008	7.9651e-008	7.6693e-008	7.5071e-008	7.2517e-008	6.9663e-008	6.746e-008	6.5857e-008	6.3891e-008	6.0562e-008	5.8566e-008	5.5498e-008	5.334e-008	5.0812e-008	4.8816e-008	4.569e-008	4.2753e-008	3.998e-008	3.7435e-008	3.5659e-008	3.2373e-008	2.9456e-008	2.7484e-008	2.4366e-008	2.1832e-008	1.971e-008	1.7923e-008	1.6376e-008	1.3609e-008	1.1095e-008	9.4816e-009	7.3805e-009	6.0385e-009	5.0064e-009	4.0686e-009	3.3407e-009	2.6374e-009	2.4324e-009	2.4918e-009	2.6366e-009	2.9364e-009	2.7059e-009	2.8127e-009	2.9816e-009	2.9404e-009	2.886e-009	3.2523e-009	3.6985e-009	4.6287e-009	5.8579e-009	8.3993e-009	1.2036e-008	1.5298e-008	1.8072e-008	2.4775e-008	3.1141e-008	4.0102e-008	4.7024e-008	5.1753e-008	5.7246e-008	6.2651e-008	6.7052e-008	7.0336e-008	7.5191e-008	7.8674e-008	8.2513e-008	8.4211e-008	8.624e-008	8.8879e-008	9.1196e-008	9.2213e-008	9.2525e-008	9.2177e-008	9.1726e-008	9.0483e-008	8.9958e-008	8.9307e-008	8.7784e-008	8.6316e-008	8.4261e-008	8.2728e-008	8.0507e-008	7.7084e-008	7.5975e-008	7.4958e-008	7.3988e-008	7.131e-008	6.9192e-008	6.7168e-008	6.4893e-008	6.3002e-008	6.1242e-008	5.9665e-008	5.5933e-008	5.3465e-008	5.098e-008	4.845e-008	4.6749e-008	4.5274e-008	4.3015e-008	4.0409e-008	3.9038e-008	3.6818e-008	3.4631e-008	3.1848e-008	2.9711e-008	2.6719e-008	2.4891e-008	2.2638e-008	2.0591e-008	1.7578e-008	1.5045e-008	1.268e-008	1.0643e-008	8.3701e-009	6.0171e-009	4.8982e-009	3.5397e-009	2.9681e-009	2.6363e-009	2.2945e-009	2.4863e-009	2.9031e-009	2.7892e-009	2.322e-009	2.6296e-009	2.8219e-009	2.9927e-009	3.9411e-009	5.2162e-009	7.5089e-009	1.1498e-008	1.5034e-008	1.8717e-008	2.4312e-008	3.0828e-008	3.575e-008	4.0123e-008	4.6313e-008	5.1606e-008	5.6557e-008	6.2873e-008	6.8769e-008	7.1599e-008	7.5281e-008	7.8108e-008	8.0537e-008	8.3209e-008	8.4803e-008	8.6141e-008	8.7086e-008	8.931e-008	9.1107e-008	9.1834e-008	9.2434e-008	9.2214e-008	8.9149e-008	8.7315e-008	8.5848e-008	8.2512e-008	8.0931e-008	7.9423e-008	7.7638e-008	7.6906e-008	7.4764e-008	7.2831e-008	7.0108e-008	6.7523e-008	6.6019e-008	6.2308e-008	6.0587e-008	5.7729e-008	5.6025e-008	5.397e-008	5.2274e-008	4.8658e-008	4.7538e-008	4.6085e-008	4.288e-008	3.9999e-008	3.7422e-008	3.5213e-008	3.2058e-008	2.8355e-008
9.5721e-008	9.4861e-008	9.357e-008	9.2407e-008	9.0588e-008	8.8903e-008	8.7358e-008	8.4011e-008	8.1746e-008	7.8913e-008	7.6926e-008	7.5111e-008	7.3412e-008	7.2348e-008	7.0787e-008	6.7989e-008	6.5722e-008	6.2597e-008	6.0286e-008	5.798e-008	5.618e-008	5.4058e-008	5.1798e-008	4.9042e-008	4.6242e-008	4.216e-008	4.0714e-008	3.8969e-008	3.5578e-008	3.4522e-008	3.1826e-008	3.0358e-008	2.8342e-008	2.6617e-008	2.3623e-008	2.2208e-008	1.9528e-008	1.7543e-008	1.5735e-008	1.3613e-008	1.1203e-008	1.0217e-008	8.9259e-009	8.4782e-009	8.2253e-009	8.0434e-009	7.4483e-009	7.7599e-009	7.4171e-009	7.5077e-009	7.2907e-009	7.753e-009	8.0027e-009	7.8555e-009	7.8324e-009	8.2924e-009	8.3649e-009	8.8869e-009	9.9991e-009	1.1372e-008	1.3956e-008	1.786e-008	2.3248e-008	3.0043e-008	3.6203e-008	4.5304e-008	5.5964e-008	6.2982e-008	6.9065e-008	7.3753e-008	7.903e-008	8.4191e-008	8.6271e-008	8.9528e-008	9.194e-008	9.3522e-008	9.4907e-008	9.6101e-008	9.7187e-008	9.6233e-008	9.5073e-008	9.3085e-008	9.1928e-008	9.0265e-008	8.8926e-008	8.7388e-008	8.6302e-008	8.2154e-008	8.0861e-008	7.87e-008	7.6103e-008	7.3779e-008	7.1527e-008	6.9609e-008	6.6705e-008	6.5492e-008	6.4858e-008	6.351e-008	5.9242e-008	5.6317e-008	5.3758e-008	5.1405e-008	4.9955e-008	4.8039e-008	4.4617e-008	4.0983e-008	3.8792e-008	3.6615e-008	3.4541e-008	3.2137e-008	2.9601e-008	2.8124e-008	2.5162e-008	2.2585e-008	1.9161e-008	1.7648e-008	1.5096e-008	1.2882e-008	1.061e-008	9.2282e-009	8.6255e-009	8.0075e-009	7.8813e-009	7.4291e-009	6.9002e-009	6.2213e-009	6.7232e-009	6.4566e-009	6.7794e-009	6.1656e-009	5.9613e-009	6.23e-009	6.0211e-009	6.512e-009	6.6986e-009	6.7961e-009	6.7048e-009	7.9587e-009	9.2133e-009	1.1252e-008	1.3459e-008	1.7685e-008	2.4921e-008	3.4073e-008	4.1284e-008	4.7246e-008	5.335e-008	5.8341e-008	6.2665e-008	6.8454e-008	7.3711e-008	7.8475e-008	8.214e-008	8.5385e-008	8.7676e-008	9.0041e-008	9.0558e-008	9.1717e-008	9.2791e-008	9.2157e-008	9.2344e-008	9.2399e-008	9.0637e-008	8.9547e-008	8.8877e-008	8.7668e-008	8.6574e-008	8.4967e-008	8.1676e-008	7.8381e-008	7.6782e-008	7.5853e-008	7.4978e-008	7.3262e-008	6.9897e-008	6.8245e-008	6.5223e-008	6.2308e-008	6.0384e-008	5.8383e-008	5.5545e-008	5.199e-008	5.0579e-008	4.853e-008	4.6365e-008	4.3433e-008	4.1203e-008	3.9343e-008	3.6025e-008	3.4091e-008	3.2352e-008	2.992e-008	2.7919e-008	2.6055e-008	2.4426e-008	2.1121e-008	2.0453e-008	1.8462e-008	1.6413e-008	1.4401e-008	1.2826e-008	1.1514e-008	9.4338e-009	7.8043e-009	7.0708e-009	6.2244e-009	5.9263e-009	5.5667e-009	5.7716e-009	5.5618e-009	4.7857e-009	5.235e-009	5.6518e-009	5.2853e-009	5.2393e-009	5.6693e-009	6.4375e-009	7.2009e-009	8.2229e-009	1.0492e-008	1.3486e-008	1.8394e-008	2.4285e-008	3.1044e-008	3.8739e-008	4.8864e-008	5.898e-008	6.4545e-008	6.9924e-008	7.2839e-008	7.6006e-008	7.9766e-008	8.3269e-008	8.4917e-008	8.7001e-008	8.9461e-008	9.0984e-008	9.269e-008	9.3158e-008	9.4521e-008	9.401e-008	9.3482e-008	9.2457e-008	8.9992e-008	8.7714e-008	8.5343e-008	8.3028e-008	8.1708e-008	7.9366e-008	7.6983e-008	7.5262e-008	7.3501e-008	7.1323e-008	7.0164e-008	6.7959e-008	6.6172e-008	6.4069e-008	6.2341e-008	6.0652e-008	5.7835e-008	5.5846e-008	5.3302e-008	5.0551e-008	4.6381e-008	4.3242e-008	4.0078e-008	3.8244e-008	3.6847e-008	3.3756e-008	2.9773e-008	2.7188e-008	2.6237e-008	2.2209e-008	2.1046e-008	1.8836e-008	1.6181e-008	1.3811e-008	1.0511e-008	8.2152e-009	5.9775e-009	4.9951e-009	4.4667e-009	4.0227e-009	4.2497e-009	4.508e-009	4.5424e-009	4.2421e-009	4.4038e-009	4.7093e-009	4.6127e-009	4.5741e-009	4.0371e-009	3.9537e-009	4.5425e-009	4.7475e-009	5.5826e-009	6.6424e-009	9.3426e-009	1.2178e-008	1.574e-008	2.0213e-008	2.5918e-008	3.0911e-008	3.5994e-008	4.1963e-008	4.7439e-008	5.3505e-008	5.9099e-008	6.5588e-008	7.2711e-008	7.7466e-008	8.124e-008	8.4591e-008	8.6519e-008	8.9436e-008	9.0632e-008	9.1746e-008	9.2717e-008	9.3348e-008	9.3543e-008	9.3668e-008	9.2983e-008	9.2072e-008	9.0782e-008	8.8727e-008	8.7185e-008	8.623e-008	8.4519e-008	8.1524e-008	7.919e-008	7.7507e-008	7.4669e-008	7.1422e-008	6.9193e-008	6.7459e-008	6.5192e-008	6.3037e-008	6.0564e-008	5.8123e-008	5.5437e-008	5.2555e-008	5.0425e-008	4.8821e-008	4.587e-008	4.3065e-008	3.9721e-008	3.8153e-008	3.5822e-008	3.2106e-008	2.9343e-008	2.7233e-008	2.4511e-008	2.1935e-008	1.914e-008	1.7164e-008	1.5534e-008	1.3081e-008	1.0762e-008	9.2362e-009	7.469e-009	5.7363e-009	5.0103e-009	4.0028e-009	3.3623e-009	2.4581e-009	2.3251e-009	2.1009e-009	2.6373e-009	2.6051e-009	2.5927e-009	3.252e-009	3.1564e-009	2.9901e-009	2.9624e-009	3.5184e-009	3.0541e-009	3.845e-009	5.1533e-009	8.1235e-009	1.1366e-008	1.4309e-008	1.7316e-008	2.4785e-008	3.0107e-008	3.8985e-008	4.5241e-008	5.1623e-008	5.7066e-008	6.2783e-008	6.7176e-008	7.0699e-008	7.4529e-008	7.8354e-008	8.1375e-008	8.3636e-008	8.5399e-008	8.8944e-008	9.1468e-008	9.2457e-008	9.2848e-008	9.2413e-008	9.1761e-008	9.08e-008	8.9781e-008	8.8789e-008	8.7308e-008	8.5494e-008	8.3715e-008	8.2559e-008	7.9732e-008	7.7932e-008	7.7269e-008	7.5379e-008	7.3395e-008	7.0936e-008	6.8948e-008	6.7343e-008	6.5558e-008	6.3459e-008	6.1155e-008	6.0036e-008	5.6226e-008	5.274e-008	5.0743e-008	4.8915e-008	4.6535e-008	4.5102e-008	4.3399e-008	3.9955e-008	3.8057e-008	3.602e-008	3.3824e-008	3.1389e-008	2.9574e-008	2.7386e-008	2.4888e-008	2.1852e-008	2.0305e-008	1.7784e-008	1.5114e-008	1.3262e-008	1.0649e-008	7.8602e-009	5.9866e-009	5.2829e-009	3.5374e-009	3.2452e-009	3.318e-009	3.2031e-009	2.8999e-009	2.5759e-009	2.2179e-009	2.3533e-009	2.8593e-009	2.9622e-009	2.986e-009	3.9726e-009	5.9687e-009	8.7219e-009	1.1926e-008	1.536e-008	1.9793e-008	2.3566e-008	3.0072e-008	3.606e-008	4.1346e-008	4.7349e-008	5.2443e-008	5.7909e-008	6.3454e-008	6.9611e-008	7.2388e-008	7.5707e-008	7.8559e-008	8.1502e-008	8.3372e-008	8.5261e-008	8.6765e-008	8.7814e-008	8.9277e-008	9.0608e-008	9.1752e-008	9.2217e-008	9.1949e-008	8.9894e-008	8.8228e-008	8.6709e-008	8.4446e-008	8.0773e-008	7.9521e-008	7.8144e-008	7.6918e-008	7.4142e-008	7.2347e-008	6.9262e-008	6.827e-008	6.6304e-008	6.2529e-008	6.069e-008	5.7314e-008	5.5951e-008	5.4727e-008	5.2304e-008	4.9606e-008	4.7912e-008	4.5491e-008	4.3614e-008	4.0406e-008	3.8087e-008	3.4724e-008	3.1134e-008	2.9536e-008
9.5866e-008	9.5334e-008	9.3927e-008	9.1648e-008	9.0131e-008	8.8523e-008	8.689e-008	8.4021e-008	8.1927e-008	7.9549e-008	7.7741e-008	7.5721e-008	7.3786e-008	7.1788e-008	7.0202e-008	6.7393e-008	6.4536e-008	6.2066e-008	5.9518e-008	5.7355e-008	5.5104e-008	5.3489e-008	5.1262e-008	4.8571e-008	4.5647e-008	4.2491e-008	3.9779e-008	3.8419e-008	3.5735e-008	3.3855e-008	3.1931e-008	2.9867e-008	2.7912e-008	2.5757e-008	2.3821e-008	2.177e-008	1.9288e-008	1.7203e-008	1.5618e-008	1.2883e-008	1.1435e-008	9.8554e-009	8.676e-009	7.7769e-009	8.0011e-009	7.6908e-009	7.2908e-009	7.2417e-009	7.3857e-009	6.7638e-009	6.8244e-009	7.4724e-009	7.4688e-009	7.6234e-009	7.8852e-009	7.9377e-009	8.054e-009	7.8562e-009	8.7996e-009	1.0861e-008	1.3256e-008	1.77e-008	2.3231e-008	2.9942e-008	3.6129e-008	4.536e-008	5.5749e-008	6.2806e-008	6.7759e-008	7.1901e-008	7.7826e-008	8.4028e-008	8.6106e-008	8.8707e-008	9.0562e-008	9.2445e-008	9.361e-008	9.4767e-008	9.5565e-008	9.518e-008	9.4133e-008	9.1998e-008	9.0619e-008	8.9339e-008	8.818e-008	8.6689e-008	8.5154e-008	8.2199e-008	7.9327e-008	7.7598e-008	7.5638e-008	7.4089e-008	7.1007e-008	6.8719e-008	6.6919e-008	6.461e-008	6.433e-008	6.2948e-008	5.8299e-008	5.5799e-008	5.2754e-008	5.1043e-008	4.9318e-008	4.6828e-008	4.3765e-008	4.0399e-008	3.7945e-008	3.5722e-008	3.3715e-008	3.1918e-008	3.0116e-008	2.6525e-008	2.4026e-008	2.2505e-008	2.0378e-008	1.7734e-008	1.5782e-008	1.2848e-008	1.0707e-008	8.8806e-009	8.0702e-009	7.4316e-009	7.0585e-009	6.7197e-009	5.8504e-009	5.542e-009	5.8812e-009	5.8263e-009	6.5673e-009	5.7735e-009	5.5674e-009	5.9377e-009	7.0037e-009	6.0298e-009	5.9253e-009	6.3495e-009	6.6951e-009	7.1264e-009	8.3948e-009	9.9585e-009	1.3383e-008	1.678e-008	2.3835e-008	3.2894e-008	3.971e-008	4.4921e-008	5.0419e-008	5.6999e-008	6.1994e-008	6.7314e-008	7.2943e-008	7.7055e-008	8.1179e-008	8.4042e-008	8.6898e-008	8.8319e-008	8.9627e-008	9.0769e-008	9.161e-008	9.2013e-008	9.2868e-008	9.3023e-008	9.1221e-008	8.8972e-008	8.7431e-008	8.7072e-008	8.5605e-008	8.4458e-008	8.0894e-008	7.7838e-008	7.6169e-008	7.5516e-008	7.4465e-008	7.2336e-008	6.9262e-008	6.7158e-008	6.471e-008	6.2498e-008	5.954e-008	5.7813e-008	5.605e-008	5.2435e-008	5.0079e-008	4.8127e-008	4.5418e-008	4.2409e-008	4.0481e-008	3.8172e-008	3.5552e-008	3.4028e-008	3.241e-008	2.984e-008	2.7653e-008	2.5655e-008	2.3612e-008	2.1251e-008	1.9367e-008	1.724e-008	1.5456e-008	1.4297e-008	1.2037e-008	1.1054e-008	8.8945e-009	7.4677e-009	6.5585e-009	5.7155e-009	5.583e-009	5.2323e-009	5.4076e-009	5.0197e-009	4.3469e-009	4.6252e-009	4.982e-009	4.8172e-009	5.2446e-009	5.6445e-009	6.1529e-009	7.001e-009	8.2227e-009	1.0312e-008	1.3098e-008	1.7024e-008	2.2151e-008	3.0112e-008	3.9202e-008	4.9561e-008	5.8203e-008	6.3283e-008	6.8821e-008	7.2646e-008	7.6138e-008	8.0571e-008	8.2869e-008	8.4894e-008	8.7828e-008	9.0485e-008	9.2203e-008	9.2764e-008	9.3185e-008	9.3315e-008	9.3268e-008	9.2487e-008	9.1109e-008	8.9325e-008	8.7202e-008	8.4886e-008	8.3053e-008	8.1512e-008	7.9143e-008	7.6934e-008	7.4821e-008	7.3202e-008	7.2183e-008	6.9806e-008	6.771e-008	6.6148e-008	6.3137e-008	6.1956e-008	6.0184e-008	5.7909e-008	5.6299e-008	5.3546e-008	5.0167e-008	4.6888e-008	4.3104e-008	4.0569e-008	3.8664e-008	3.6055e-008	3.188e-008	3.0257e-008	2.7971e-008	2.5681e-008	2.304e-008	2.0744e-008	1.8752e-008	1.6366e-008	1.3454e-008	1.0136e-008	8.5839e-009	6.3568e-009	5.071e-009	4.3792e-009	4.1944e-009	4.089e-009	4.3707e-009	3.835e-009	3.3718e-009	3.7968e-009	4.074e-009	4.04e-009	3.9839e-009	3.8505e-009	3.9757e-009	4.1866e-009	4.7021e-009	5.3355e-009	6.3314e-009	8.9352e-009	1.1168e-008	1.5027e-008	2.0118e-008	2.3864e-008	3.0747e-008	3.6349e-008	4.1368e-008	4.6856e-008	5.2417e-008	5.8086e-008	6.3727e-008	7.0866e-008	7.6718e-008	8.0285e-008	8.4085e-008	8.624e-008	8.885e-008	9.0188e-008	9.1444e-008	9.2283e-008	9.3561e-008	9.3502e-008	9.2845e-008	9.2776e-008	9.2259e-008	9.0643e-008	8.8228e-008	8.6978e-008	8.6369e-008	8.4138e-008	8.1652e-008	7.8298e-008	7.6249e-008	7.4206e-008	7.0743e-008	6.8792e-008	6.7318e-008	6.4871e-008	6.1333e-008	5.9733e-008	5.704e-008	5.4256e-008	5.1825e-008	4.9544e-008	4.7499e-008	4.5164e-008	4.1951e-008	3.9084e-008	3.7585e-008	3.5142e-008	3.0928e-008	2.8767e-008	2.5953e-008	2.3278e-008	2.1254e-008	1.9036e-008	1.5766e-008	1.4349e-008	1.2009e-008	1.0578e-008	7.8805e-009	6.2211e-009	5.0393e-009	4.6731e-009	3.5763e-009	2.715e-009	2.5366e-009	1.8468e-009	1.571e-009	1.7464e-009	2.0357e-009	2.2233e-009	2.82e-009	2.4878e-009	2.3108e-009	2.6708e-009	3.0925e-009	3.1264e-009	3.7322e-009	4.445e-009	7.5551e-009	9.3185e-009	1.2471e-008	1.6667e-008	2.1573e-008	2.8405e-008	3.6172e-008	4.4418e-008	5.0096e-008	5.6386e-008	6.2479e-008	6.7517e-008	7.0285e-008	7.4094e-008	7.7445e-008	8.0871e-008	8.2963e-008	8.5449e-008	8.8655e-008	9.0566e-008	9.1885e-008	9.3195e-008	9.309e-008	9.2043e-008	9.0702e-008	8.9055e-008	8.7489e-008	8.6175e-008	8.4823e-008	8.3565e-008	8.1651e-008	7.9271e-008	7.7359e-008	7.5876e-008	7.3963e-008	7.1563e-008	6.9667e-008	6.8048e-008	6.6763e-008	6.5373e-008	6.335e-008	6.206e-008	6.0043e-008	5.3886e-008	5.245e-008	5.1192e-008	4.8905e-008	4.6692e-008	4.4014e-008	4.2492e-008	3.988e-008	3.7415e-008	3.514e-008	3.2347e-008	3.0721e-008	2.8431e-008	2.5893e-008	2.4779e-008	2.122e-008	1.9407e-008	1.6377e-008	1.4764e-008	1.295e-008	1.0394e-008	7.8283e-009	5.921e-009	4.0992e-009	3.3866e-009	3.4435e-009	3.2666e-009	3.286e-009	3.0008e-009	2.6421e-009	2.4907e-009	2.1401e-009	2.3952e-009	3.1263e-009	3.1377e-009	4.3055e-009	5.9038e-009	8.2936e-009	1.1783e-008	1.5605e-008	1.9669e-008	2.3268e-008	2.9491e-008	3.546e-008	4.0894e-008	4.7744e-008	5.2948e-008	5.7966e-008	6.4033e-008	6.9221e-008	7.2575e-008	7.5645e-008	7.8767e-008	8.0697e-008	8.3824e-008	8.5501e-008	8.6733e-008	8.7693e-008	8.8533e-008	8.9594e-008	9.022e-008	9.0746e-008	9.0975e-008	8.9231e-008	8.7662e-008	8.6214e-008	8.3803e-008	8.0881e-008	7.9058e-008	7.7839e-008	7.5923e-008	7.3886e-008	7.2489e-008	6.9646e-008	6.8589e-008	6.6826e-008	6.4111e-008	6.0204e-008	5.6804e-008	5.5339e-008	5.4524e-008	5.2151e-008	4.9734e-008	4.7253e-008	4.4956e-008	4.3308e-008	4.0171e-008	3.6242e-008	3.3722e-008	3.1866e-008	2.9543e-008
9.7611e-008	9.6425e-008	9.4363e-008	9.2591e-008	9.072e-008	8.9326e-008	8.7429e-008	8.5302e-008	8.364e-008	8.1496e-008	7.9127e-008	7.6809e-008	7.52e-008	7.1797e-008	6.922e-008	6.6016e-008	6.4277e-008	6.2205e-008	6.0562e-008	5.8209e-008	5.5627e-008	5.3369e-008	5.0575e-008	4.7897e-008	4.5793e-008	4.358e-008	4.1921e-008	3.8513e-008	3.6712e-008	3.5144e-008	3.239e-008	2.9817e-008	2.8172e-008	2.6608e-008	2.4035e-008	2.2348e-008	2.0202e-008	1.7937e-008	1.5869e-008	1.4126e-008	1.2008e-008	1.038e-008	8.7358e-009	8.0087e-009	7.7937e-009	7.6409e-009	7.4113e-009	7.6178e-009	7.9264e-009	7.7297e-009	7.5717e-009	7.8921e-009	7.8305e-009	7.5538e-009	8.0998e-009	8.2724e-009	8.3922e-009	8.3723e-009	8.7474e-009	1.0784e-008	1.3978e-008	1.8247e-008	2.2992e-008	3.0701e-008	3.6602e-008	4.5158e-008	5.6363e-008	6.33e-008	6.7976e-008	7.2753e-008	7.8942e-008	8.3051e-008	8.69e-008	8.831e-008	9.0496e-008	9.2553e-008	9.3223e-008	9.3744e-008	9.4705e-008	9.469e-008	9.3109e-008	9.1538e-008	9.0721e-008	8.9777e-008	8.8505e-008	8.637e-008	8.363e-008	8.1775e-008	7.9754e-008	7.7661e-008	7.6057e-008	7.4502e-008	6.9565e-008	6.8737e-008	6.7279e-008	6.5416e-008	6.4589e-008	6.2276e-008	6.0286e-008	5.7901e-008	5.4712e-008	5.2377e-008	5.0009e-008	4.7024e-008	4.389e-008	4.0239e-008	3.8215e-008	3.5776e-008	3.3658e-008	3.282e-008	2.9952e-008	2.736e-008	2.5123e-008	2.2632e-008	1.9885e-008	1.8061e-008	1.5739e-008	1.3704e-008	1.1082e-008	9.46e-009	8.0595e-009	7.5286e-009	6.9115e-009	6.4791e-009	6.0177e-009	5.699e-009	5.9378e-009	6.1923e-009	5.9767e-009	5.8894e-009	6.2216e-009	6.623e-009	7.1539e-009	6.8139e-009	6.0569e-009	6.3951e-009	7.4501e-009	7.892e-009	8.3907e-009	1.0121e-008	1.3713e-008	1.7399e-008	2.348e-008	3.1748e-008	3.8421e-008	4.3858e-008	5.039e-008	5.6394e-008	6.2788e-008	6.8519e-008	7.344e-008	7.8011e-008	8.1276e-008	8.4677e-008	8.6251e-008	8.8361e-008	8.9506e-008	9.036e-008	9.1326e-008	9.2427e-008	9.3157e-008	9.3461e-008	9.1665e-008	8.9212e-008	8.7838e-008	8.7644e-008	8.609e-008	8.4538e-008	7.945e-008	7.8246e-008	7.7489e-008	7.5995e-008	7.3636e-008	7.1621e-008	6.8235e-008	6.5713e-008	6.4413e-008	6.2386e-008	5.9633e-008	5.7564e-008	5.5049e-008	5.1641e-008	4.9212e-008	4.7156e-008	4.4798e-008	4.2129e-008	3.8904e-008	3.694e-008	3.4971e-008	3.3682e-008	3.2035e-008	2.9759e-008	2.7605e-008	2.6141e-008	2.4144e-008	2.1857e-008	1.91e-008	1.6611e-008	1.4014e-008	1.2424e-008	1.156e-008	1.0256e-008	7.8577e-009	6.9313e-009	6.6136e-009	6.035e-009	5.7775e-009	5.077e-009	5.4006e-009	5.27e-009	4.9058e-009	4.5684e-009	5.0315e-009	5.2067e-009	5.9472e-009	6.1223e-009	6.1963e-009	7.0694e-009	8.559e-009	1.1217e-008	1.4332e-008	1.8202e-008	2.4207e-008	3.076e-008	3.985e-008	5.0447e-008	5.8133e-008	6.4546e-008	6.7939e-008	7.2369e-008	7.7379e-008	8.133e-008	8.3167e-008	8.5999e-008	8.83e-008	9.0905e-008	9.2169e-008	9.2676e-008	9.3614e-008	9.3947e-008	9.2971e-008	9.2442e-008	9.1561e-008	9.062e-008	8.727e-008	8.5695e-008	8.41e-008	8.172e-008	7.9853e-008	7.7915e-008	7.4885e-008	7.4036e-008	7.284e-008	6.9786e-008	6.8508e-008	6.6795e-008	6.46e-008	6.2848e-008	5.9808e-008	5.8184e-008	5.611e-008	5.2685e-008	4.9927e-008	4.6817e-008	4.476e-008	4.256e-008	3.9812e-008	3.7763e-008	3.1516e-008	3.1173e-008	2.8584e-008	2.6749e-008	2.2923e-008	2.0697e-008	1.8676e-008	1.5886e-008	1.359e-008	1.112e-008	9.1302e-009	6.8352e-009	6.0173e-009	5.1793e-009	4.492e-009	4.1491e-009	4.2899e-009	4.2362e-009	4.2754e-009	4.1741e-009	3.5399e-009	4.0497e-009	4.2925e-009	4.1362e-009	4.7079e-009	4.6349e-009	4.6306e-009	5.1454e-009	6.325e-009	9.384e-009	1.1809e-008	1.5522e-008	1.8947e-008	2.3193e-008	3.035e-008	3.6059e-008	3.9611e-008	4.7711e-008	5.4009e-008	5.9343e-008	6.3792e-008	6.9492e-008	7.5751e-008	8.0074e-008	8.4145e-008	8.7236e-008	8.9229e-008	9.0962e-008	9.2284e-008	9.3672e-008	9.4337e-008	9.4175e-008	9.3583e-008	9.3152e-008	9.2525e-008	9.1284e-008	8.9578e-008	8.8021e-008	8.6276e-008	8.3923e-008	8.0425e-008	7.7571e-008	7.6455e-008	7.3946e-008	7.119e-008	6.9506e-008	6.7948e-008	6.566e-008	6.3257e-008	6.0009e-008	5.618e-008	5.4361e-008	5.1995e-008	4.9646e-008	4.7354e-008	4.4545e-008	4.155e-008	3.9639e-008	3.7313e-008	3.3809e-008	3.0164e-008	2.8457e-008	2.585e-008	2.322e-008	2.1512e-008	1.9263e-008	1.6908e-008	1.4993e-008	1.2101e-008	1.0354e-008	7.4096e-009	6.1734e-009	4.8677e-009	4.6132e-009	3.7653e-009	2.4621e-009	2.5562e-009	2.5545e-009	2.0557e-009	1.9238e-009	1.9253e-009	2.0528e-009	2.1109e-009	2.6499e-009	2.7443e-009	2.7873e-009	3.3025e-009	3.201e-009	3.7864e-009	4.4096e-009	5.6337e-009	7.6225e-009	1.2203e-008	1.5902e-008	2.0802e-008	2.6339e-008	3.2552e-008	4.2063e-008	4.9672e-008	5.6292e-008	6.0708e-008	6.6803e-008	7.0297e-008	7.3801e-008	7.7641e-008	8.0184e-008	8.2941e-008	8.5675e-008	8.8253e-008	9.0357e-008	9.155e-008	9.3036e-008	9.2624e-008	9.1918e-008	9.036e-008	8.897e-008	8.7588e-008	8.6317e-008	8.5403e-008	8.4547e-008	8.0979e-008	7.989e-008	7.7517e-008	7.5957e-008	7.3551e-008	7.0996e-008	6.9335e-008	6.775e-008	6.7332e-008	6.6418e-008	6.4104e-008	6.181e-008	5.9122e-008	5.721e-008	5.2166e-008	5.1556e-008	4.9728e-008	4.576e-008	4.4585e-008	4.2621e-008	4.0349e-008	3.7049e-008	3.5068e-008	3.1932e-008	2.9693e-008	2.7972e-008	2.6488e-008	2.3958e-008	2.1867e-008	1.9362e-008	1.7159e-008	1.5335e-008	1.2194e-008	1.0028e-008	7.2862e-009	6.2428e-009	4.3865e-009	3.6653e-009	3.4563e-009	3.0609e-009	2.9075e-009	2.9047e-009	2.904e-009	2.5999e-009	2.4186e-009	2.9042e-009	3.4683e-009	3.6398e-009	4.3622e-009	6.0755e-009	7.7053e-009	1.219e-008	1.6116e-008	2.0161e-008	2.5126e-008	3.1257e-008	3.5889e-008	4.1783e-008	4.8018e-008	5.3925e-008	5.7284e-008	6.3364e-008	7.026e-008	7.3687e-008	7.6998e-008	8.0234e-008	8.2778e-008	8.4931e-008	8.6458e-008	8.7845e-008	8.862e-008	8.922e-008	8.9909e-008	9.0501e-008	9.1064e-008	9.0409e-008	8.9628e-008	8.7974e-008	8.6066e-008	8.3597e-008	8.1507e-008	7.9669e-008	7.7732e-008	7.5648e-008	7.4586e-008	7.3951e-008	7.0826e-008	6.8511e-008	6.6566e-008	6.3691e-008	5.8904e-008	5.7656e-008	5.5828e-008	5.4173e-008	5.2162e-008	4.945e-008	4.7043e-008	4.437e-008	4.222e-008	3.9169e-008	3.6777e-008	3.4767e-008	3.2308e-008	3.0136e-008
9.7938e-008	9.6113e-008	9.5072e-008	9.2653e-008	9.1912e-008	8.9865e-008	8.8125e-008	8.5184e-008	8.3252e-008	8.0626e-008	7.8818e-008	7.652e-008	7.3938e-008	7.1225e-008	6.838e-008	6.6068e-008	6.3825e-008	6.1782e-008	5.9644e-008	5.747e-008	5.4554e-008	5.2479e-008	5.0156e-008	4.804e-008	4.4841e-008	4.3018e-008	4.1054e-008	3.8934e-008	3.6918e-008	3.4487e-008	3.1105e-008	2.9692e-008	2.7869e-008	2.63e-008	2.4027e-008	2.1874e-008	2.0588e-008	1.8142e-008	1.5384e-008	1.3611e-008	1.1407e-008	9.6157e-009	8.8363e-009	7.9138e-009	7.5767e-009	7.2475e-009	6.9004e-009	7.9378e-009	7.9826e-009	8.3132e-009	7.4463e-009	7.3944e-009	7.5367e-009	7.3427e-009	7.4566e-009	7.8675e-009	7.9406e-009	8.0345e-009	8.9324e-009	1.0373e-008	1.3694e-008	1.7195e-008	2.3405e-008	3.027e-008	3.6296e-008	4.4316e-008	5.5259e-008	6.3168e-008	6.9306e-008	7.3685e-008	7.7345e-008	8.2268e-008	8.6397e-008	8.9194e-008	9.0867e-008	9.1418e-008	9.291e-008	9.3136e-008	9.3186e-008	9.313e-008	9.2449e-008	9.117e-008	9.0364e-008	8.9287e-008	8.8213e-008	8.6089e-008	8.3297e-008	8.0557e-008	7.9126e-008	7.7727e-008	7.5291e-008	7.3894e-008	7.0749e-008	6.824e-008	6.7403e-008	6.5818e-008	6.4553e-008	6.1997e-008	6.061e-008	5.7679e-008	5.5312e-008	5.2325e-008	4.9856e-008	4.661e-008	4.3769e-008	4.0239e-008	3.825e-008	3.5647e-008	3.3747e-008	3.2237e-008	2.9275e-008	2.6545e-008	2.4826e-008	2.2844e-008	1.8928e-008	1.7015e-008	1.534e-008	1.3094e-008	1.0325e-008	9.1454e-009	8.1361e-009	7.3542e-009	7.0472e-009	6.6161e-009	6.2886e-009	5.9558e-009	5.7976e-009	5.9162e-009	5.9214e-009	5.5047e-009	5.9148e-009	6.3332e-009	6.2936e-009	6.3266e-009	6.2263e-009	6.0408e-009	6.4147e-009	7.026e-009	7.7509e-009	9.2583e-009	1.3012e-008	1.7703e-008	2.2421e-008	2.9403e-008	3.7556e-008	4.3736e-008	5.0107e-008	5.5345e-008	6.1725e-008	6.8743e-008	7.5106e-008	7.8224e-008	8.1304e-008	8.4251e-008	8.6843e-008	8.7639e-008	8.8711e-008	8.9573e-008	9.0292e-008	9.1015e-008	9.2596e-008	9.249e-008	9.1527e-008	8.9446e-008	8.8654e-008	8.8284e-008	8.6261e-008	8.2069e-008	7.9957e-008	7.8245e-008	7.6895e-008	7.4863e-008	7.2739e-008	7.0497e-008	6.809e-008	6.5636e-008	6.3525e-008	6.1219e-008	5.9165e-008	5.676e-008	5.3775e-008	5.1481e-008	4.8408e-008	4.63e-008	4.3969e-008	4.0995e-008	3.8721e-008	3.5309e-008	3.4217e-008	3.2761e-008	3.0357e-008	2.8506e-008	2.6718e-008	2.5802e-008	2.4018e-008	2.1321e-008	1.8866e-008	1.6427e-008	1.478e-008	1.2375e-008	1.0315e-008	8.9091e-009	7.9475e-009	7.1872e-009	6.055e-009	5.5844e-009	5.8491e-009	4.8872e-009	4.8388e-009	5.4126e-009	4.8085e-009	4.6267e-009	4.8562e-009	5.047e-009	5.8159e-009	5.4318e-009	5.9709e-009	6.7486e-009	8.124e-009	1.1094e-008	1.4675e-008	1.7326e-008	2.4774e-008	3.0193e-008	3.9299e-008	4.9409e-008	5.6636e-008	6.3582e-008	6.8067e-008	7.3373e-008	7.8528e-008	8.1592e-008	8.2785e-008	8.5305e-008	8.7316e-008	8.9591e-008	9.0589e-008	9.1585e-008	9.2489e-008	9.3193e-008	9.2325e-008	9.2119e-008	9.1632e-008	9.0161e-008	8.8397e-008	8.5847e-008	8.3938e-008	8.2179e-008	8.003e-008	7.7903e-008	7.5939e-008	7.4105e-008	7.3166e-008	7.2152e-008	6.8963e-008	6.5957e-008	6.4209e-008	6.238e-008	6.0497e-008	5.8436e-008	5.4843e-008	5.1102e-008	4.9213e-008	4.7144e-008	4.5011e-008	4.3305e-008	4.0173e-008	3.6868e-008	3.3892e-008	3.1324e-008	2.8034e-008	2.6353e-008	2.3538e-008	2.0076e-008	1.7539e-008	1.5574e-008	1.353e-008	1.0665e-008	8.8259e-009	7.4796e-009	6.2369e-009	5.5151e-009	4.7028e-009	3.6506e-009	3.7741e-009	3.7891e-009	3.9164e-009	3.4757e-009	3.2977e-009	4.06e-009	4.5419e-009	4.6665e-009	4.182e-009	4.1649e-009	4.2686e-009	4.0471e-009	5.9398e-009	7.6982e-009	1.1112e-008	1.5201e-008	1.8669e-008	2.3097e-008	2.992e-008	3.5204e-008	4.0495e-008	4.721e-008	5.4349e-008	5.929e-008	6.4112e-008	6.9797e-008	7.6068e-008	8.0137e-008	8.38e-008	8.7467e-008	9.0422e-008	9.1783e-008	9.3467e-008	9.4046e-008	9.3801e-008	9.365e-008	9.3231e-008	9.257e-008	9.1711e-008	9.1014e-008	8.9684e-008	8.7977e-008	8.6271e-008	8.4142e-008	7.9557e-008	7.6923e-008	7.513e-008	7.3598e-008	7.1271e-008	6.951e-008	6.774e-008	6.5735e-008	6.3599e-008	6.13e-008	5.797e-008	5.369e-008	5.1864e-008	4.947e-008	4.6732e-008	4.3512e-008	4.0733e-008	3.8444e-008	3.587e-008	3.2606e-008	3.0058e-008	2.7893e-008	2.5331e-008	2.2313e-008	2.0435e-008	1.8143e-008	1.6219e-008	1.392e-008	1.1755e-008	9.6447e-009	8.2235e-009	6.6727e-009	4.8869e-009	3.8951e-009	3.0641e-009	2.0247e-009	2.4916e-009	2.3563e-009	1.9771e-009	1.7248e-009	1.7546e-009	2.1681e-009	1.7282e-009	2.1625e-009	2.3481e-009	2.5807e-009	3.1914e-009	3.2281e-009	3.5128e-009	4.2619e-009	5.0309e-009	6.916e-009	1.0853e-008	1.5343e-008	2.0382e-008	2.5368e-008	3.1302e-008	4.0506e-008	4.8114e-008	5.4391e-008	6.1588e-008	6.6401e-008	7.0052e-008	7.312e-008	7.7275e-008	8.0533e-008	8.225e-008	8.4953e-008	8.7243e-008	8.896e-008	9.0391e-008	9.1409e-008	9.1517e-008	9.0317e-008	8.9166e-008	8.9401e-008	8.7638e-008	8.6383e-008	8.5715e-008	8.5175e-008	8.3197e-008	7.9765e-008	7.8082e-008	7.5573e-008	7.3505e-008	6.9831e-008	6.8943e-008	6.7435e-008	6.6678e-008	6.5745e-008	6.361e-008	6.0763e-008	5.8007e-008	5.6876e-008	5.4585e-008	5.1356e-008	4.9754e-008	4.5759e-008	4.3959e-008	4.2951e-008	4.0448e-008	3.669e-008	3.4652e-008	3.051e-008	2.8659e-008	2.7697e-008	2.5245e-008	2.4091e-008	2.1896e-008	1.9827e-008	1.6103e-008	1.4856e-008	1.2299e-008	9.7615e-009	7.4008e-009	5.7556e-009	4.1148e-009	3.8037e-009	3.6527e-009	2.9048e-009	2.4398e-009	2.5371e-009	2.943e-009	2.5908e-009	2.3136e-009	2.85e-009	3.2102e-009	3.9197e-009	4.9393e-009	6.941e-009	8.819e-009	1.0526e-008	1.5871e-008	2.0325e-008	2.6354e-008	3.1825e-008	3.5543e-008	4.1769e-008	4.8348e-008	5.3813e-008	5.8435e-008	6.3525e-008	6.9746e-008	7.4472e-008	7.826e-008	8.1641e-008	8.2943e-008	8.524e-008	8.7471e-008	8.8259e-008	8.8593e-008	8.9095e-008	9.0064e-008	9.0698e-008	9.1333e-008	9.0935e-008	8.9821e-008	8.8306e-008	8.5792e-008	8.3493e-008	8.1105e-008	7.9596e-008	7.6477e-008	7.4979e-008	7.4002e-008	7.2842e-008	7.095e-008	6.8574e-008	6.6176e-008	6.3223e-008	6.0709e-008	5.6891e-008	5.5941e-008	5.4038e-008	5.1368e-008	4.9259e-008	4.6258e-008	4.3736e-008	4.0834e-008	3.8752e-008	3.7351e-008	3.6197e-008	3.1394e-008	3.0465e-008
9.7418e-008	9.6592e-008	9.5963e-008	9.3406e-008	9.2202e-008	9.1255e-008	8.9283e-008	8.5519e-008	8.2988e-008	8.0562e-008	7.8544e-008	7.6428e-008	7.3938e-008	7.1487e-008	6.879e-008	6.7071e-008	6.5472e-008	6.177e-008	5.9055e-008	5.6618e-008	5.3992e-008	5.243e-008	5.0351e-008	4.7466e-008	4.5251e-008	4.3116e-008	4.1196e-008	3.905e-008	3.6311e-008	3.4625e-008	3.1495e-008	3.032e-008	2.8941e-008	2.6702e-008	2.4363e-008	2.224e-008	2.0031e-008	1.7664e-008	1.549e-008	1.4151e-008	1.0953e-008	9.9365e-009	8.8251e-009	7.9025e-009	7.5052e-009	7.7238e-009	7.4169e-009	6.9387e-009	7.7842e-009	8.4059e-009	7.4884e-009	7.8219e-009	7.6216e-009	7.4022e-009	7.7317e-009	8.1038e-009	8.0984e-009	8.1842e-009	9.1073e-009	1.0278e-008	1.2641e-008	1.7545e-008	2.3232e-008	3.0791e-008	3.6776e-008	4.4195e-008	5.511e-008	6.3237e-008	6.8974e-008	7.3795e-008	7.6892e-008	8.1565e-008	8.5468e-008	8.7941e-008	9.0478e-008	9.1319e-008	9.27e-008	9.2985e-008	9.3087e-008	9.3017e-008	9.2129e-008	9.0856e-008	9.0307e-008	8.9668e-008	8.862e-008	8.6231e-008	8.3682e-008	8.0376e-008	7.9504e-008	7.6924e-008	7.5466e-008	7.3392e-008	7.0798e-008	6.8338e-008	6.7794e-008	6.7299e-008	6.4258e-008	6.2167e-008	6.1105e-008	5.8896e-008	5.6177e-008	5.3253e-008	5.0889e-008	4.7338e-008	4.4469e-008	4.1107e-008	3.8942e-008	3.6135e-008	3.3388e-008	3.158e-008	3.0278e-008	2.6954e-008	2.4267e-008	2.1587e-008	1.9161e-008	1.7273e-008	1.5031e-008	1.2933e-008	1.0706e-008	9.1173e-009	7.7255e-009	7.6739e-009	7.3345e-009	6.4704e-009	6.6815e-009	6.6112e-009	6.1712e-009	6.3101e-009	6.1418e-009	5.8439e-009	5.9965e-009	6.3578e-009	6.3026e-009	5.9776e-009	6.336e-009	6.4285e-009	6.1183e-009	7.1516e-009	8.0629e-009	9.9967e-009	1.3606e-008	1.7265e-008	2.209e-008	2.8794e-008	3.6584e-008	4.427e-008	5.1527e-008	5.5635e-008	6.1649e-008	7.0214e-008	7.4393e-008	7.8423e-008	8.2267e-008	8.4819e-008	8.642e-008	8.7835e-008	8.8942e-008	8.9471e-008	9.0449e-008	9.0966e-008	9.1623e-008	9.2138e-008	9.1544e-008	8.9615e-008	8.8548e-008	8.7519e-008	8.5575e-008	8.2554e-008	8.0542e-008	7.8429e-008	7.6453e-008	7.5117e-008	7.2864e-008	7.0659e-008	6.7134e-008	6.432e-008	6.3036e-008	6.1854e-008	5.943e-008	5.7163e-008	5.4363e-008	5.1822e-008	4.867e-008	4.5855e-008	4.3775e-008	4.1655e-008	3.8298e-008	3.6326e-008	3.434e-008	3.2582e-008	3.0317e-008	2.8602e-008	2.6244e-008	2.5711e-008	2.3586e-008	2.0808e-008	1.7979e-008	1.5684e-008	1.4539e-008	1.2329e-008	1.0472e-008	9.1527e-009	7.6682e-009	6.605e-009	6.0806e-009	5.6286e-009	5.3762e-009	4.2895e-009	4.6966e-009	4.987e-009	4.5512e-009	5.0519e-009	4.6849e-009	4.6331e-009	5.8015e-009	5.8122e-009	6.4619e-009	6.9494e-009	8.5499e-009	1.1326e-008	1.512e-008	1.9955e-008	2.5034e-008	3.0627e-008	4.046e-008	4.9683e-008	5.7876e-008	6.4116e-008	6.9632e-008	7.5047e-008	8.0228e-008	8.2046e-008	8.3195e-008	8.4416e-008	8.693e-008	8.8572e-008	8.9767e-008	9.0114e-008	9.0793e-008	9.1533e-008	9.1701e-008	9.1571e-008	9.051e-008	8.981e-008	8.8478e-008	8.7129e-008	8.4702e-008	8.2899e-008	8.058e-008	7.8485e-008	7.6341e-008	7.4278e-008	7.3161e-008	7.2025e-008	6.9096e-008	6.6191e-008	6.4651e-008	6.3351e-008	6.0992e-008	5.9044e-008	5.4922e-008	5.1554e-008	5.0006e-008	4.8531e-008	4.6104e-008	4.3657e-008	4.0289e-008	3.7738e-008	3.5174e-008	3.2048e-008	2.9463e-008	2.5652e-008	2.4286e-008	2.1043e-008	1.8201e-008	1.528e-008	1.3219e-008	1.1554e-008	9.3816e-009	8.1964e-009	6.8277e-009	5.7025e-009	4.9395e-009	3.9829e-009	4.2944e-009	4.1648e-009	3.9689e-009	3.5161e-009	3.5558e-009	4.0453e-009	4.2101e-009	4.62e-009	4.2088e-009	4.2551e-009	4.432e-009	4.792e-009	6.0958e-009	8.7318e-009	1.1058e-008	1.4671e-008	1.818e-008	2.2714e-008	2.873e-008	3.519e-008	4.0884e-008	4.6792e-008	5.4696e-008	5.977e-008	6.552e-008	7.2603e-008	7.6958e-008	8.0402e-008	8.4217e-008	8.7193e-008	8.9744e-008	9.1767e-008	9.3479e-008	9.3556e-008	9.3708e-008	9.3603e-008	9.3282e-008	9.2723e-008	9.1776e-008	9.0906e-008	8.9632e-008	8.7338e-008	8.6581e-008	8.3674e-008	7.9968e-008	7.7158e-008	7.5544e-008	7.4758e-008	7.2654e-008	7.0318e-008	6.8189e-008	6.6427e-008	6.4501e-008	6.1963e-008	5.8644e-008	5.4596e-008	5.2031e-008	4.9722e-008	4.6113e-008	4.2531e-008	4.0923e-008	3.8519e-008	3.6052e-008	3.3125e-008	2.9536e-008	2.8115e-008	2.5652e-008	2.1756e-008	1.9855e-008	1.8585e-008	1.6236e-008	1.3683e-008	1.1201e-008	9.222e-009	8.2924e-009	6.5785e-009	4.6412e-009	3.7577e-009	2.5761e-009	2.14e-009	2.4282e-009	2.4576e-009	2.1875e-009	2.2027e-009	2.3124e-009	2.6919e-009	2.5532e-009	1.8111e-009	2.563e-009	2.8731e-009	3.4743e-009	3.3522e-009	3.7736e-009	3.9033e-009	4.8972e-009	6.562e-009	9.5951e-009	1.494e-008	1.949e-008	2.5104e-008	3.1267e-008	3.8936e-008	4.751e-008	5.3898e-008	6.1433e-008	6.6716e-008	6.988e-008	7.3714e-008	7.7286e-008	8.0172e-008	8.2747e-008	8.4761e-008	8.7469e-008	8.9196e-008	9.0135e-008	9.0348e-008	9.0719e-008	9.0097e-008	8.9745e-008	8.9908e-008	8.9072e-008	8.6697e-008	8.6247e-008	8.5156e-008	8.2406e-008	8.0624e-008	7.8824e-008	7.6676e-008	7.3975e-008	7.2179e-008	6.8394e-008	6.7271e-008	6.6822e-008	6.5559e-008	6.3179e-008	5.9589e-008	5.804e-008	5.6467e-008	5.4339e-008	5.1678e-008	4.9474e-008	4.698e-008	4.4643e-008	4.2679e-008	4.1108e-008	3.7532e-008	3.5072e-008	3.2991e-008	2.9286e-008	2.6857e-008	2.5901e-008	2.403e-008	2.1138e-008	1.8927e-008	1.6385e-008	1.4429e-008	1.2463e-008	9.6781e-009	8.3088e-009	5.671e-009	4.6218e-009	3.8243e-009	3.6196e-009	2.7203e-009	2.3393e-009	2.2218e-009	2.5901e-009	2.3961e-009	2.1855e-009	2.9124e-009	3.6541e-009	4.1311e-009	5.2643e-009	7.4596e-009	9.2972e-009	1.1211e-008	1.5372e-008	2.0134e-008	2.6673e-008	3.1935e-008	3.6552e-008	4.1921e-008	4.6607e-008	5.2638e-008	5.78e-008	6.3264e-008	6.9491e-008	7.4067e-008	7.8362e-008	8.1666e-008	8.3503e-008	8.5792e-008	8.7143e-008	8.8455e-008	8.8981e-008	8.9521e-008	9.0502e-008	9.1579e-008	9.1056e-008	9.0243e-008	8.9647e-008	8.796e-008	8.6398e-008	8.4849e-008	8.3e-008	7.9696e-008	7.6529e-008	7.5051e-008	7.3528e-008	7.2174e-008	6.9906e-008	6.8631e-008	6.6423e-008	6.2668e-008	6.0492e-008	5.7866e-008	5.6394e-008	5.4367e-008	5.2065e-008	4.9837e-008	4.6747e-008	4.3582e-008	4.1442e-008	3.9416e-008	3.7957e-008	3.6389e-008	3.3486e-008	3.1496e-008
9.694e-008	9.6923e-008	9.5938e-008	9.3736e-008	9.199e-008	9.1185e-008	8.9023e-008	8.5084e-008	8.1739e-008	7.9983e-008	7.813e-008	7.5895e-008	7.3981e-008	7.2075e-008	6.8522e-008	6.6747e-008	6.4247e-008	6.0968e-008	5.9085e-008	5.5923e-008	5.4257e-008	5.3324e-008	5.0544e-008	4.9585e-008	4.6988e-008	4.3136e-008	4.1247e-008	3.8258e-008	3.6408e-008	3.4024e-008	3.1564e-008	3.0303e-008	2.9564e-008	2.7259e-008	2.4813e-008	2.1937e-008	1.98e-008	1.7699e-008	1.5509e-008	1.4153e-008	1.1708e-008	1.0098e-008	9.17e-009	8.1827e-009	7.265e-009	7.8707e-009	7.4091e-009	6.9653e-009	7.5877e-009	7.2184e-009	6.6607e-009	7.267e-009	6.929e-009	7.1403e-009	7.7762e-009	8.0422e-009	7.7666e-009	8.3858e-009	8.7103e-009	1.0505e-008	1.3534e-008	1.8306e-008	2.3936e-008	2.9645e-008	3.627e-008	4.4423e-008	5.383e-008	6.1751e-008	6.7409e-008	7.3042e-008	7.6524e-008	8.0542e-008	8.4933e-008	8.7663e-008	8.936e-008	9.1075e-008	9.1693e-008	9.2436e-008	9.2921e-008	9.2796e-008	9.1934e-008	9.0737e-008	9.0113e-008	8.9549e-008	8.8506e-008	8.6711e-008	8.4672e-008	8.1164e-008	7.8164e-008	7.6023e-008	7.5009e-008	7.3349e-008	7.0892e-008	6.9158e-008	6.8141e-008	6.742e-008	6.5524e-008	6.2599e-008	6.0903e-008	5.8261e-008	5.4757e-008	5.2595e-008	5.1061e-008	4.8337e-008	4.5826e-008	4.118e-008	3.8903e-008	3.5871e-008	3.4457e-008	3.2009e-008	3.0098e-008	2.748e-008	2.3135e-008	2.1839e-008	1.8804e-008	1.6884e-008	1.4817e-008	1.2703e-008	1.0311e-008	8.7505e-009	7.8127e-009	7.3259e-009	7.0618e-009	6.059e-009	6.2685e-009	6.1803e-009	6.082e-009	6.0452e-009	6.0166e-009	5.5547e-009	5.5832e-009	6.0851e-009	6.1322e-009	6.0777e-009	6.4315e-009	5.9399e-009	6.5295e-009	6.886e-009	7.8421e-009	1.044e-008	1.3064e-008	1.6419e-008	2.1049e-008	2.8095e-008	3.6022e-008	4.3961e-008	5.1304e-008	5.5567e-008	6.1128e-008	6.939e-008	7.5377e-008	7.9226e-008	8.2872e-008	8.5145e-008	8.611e-008	8.7906e-008	8.9236e-008	9.0693e-008	9.1966e-008	9.1914e-008	9.1099e-008	9.1795e-008	9.179e-008	9.0018e-008	8.8975e-008	8.7748e-008	8.5479e-008	8.3575e-008	8.1289e-008	7.8946e-008	7.6747e-008	7.4227e-008	7.2808e-008	6.9529e-008	6.682e-008	6.3718e-008	6.276e-008	6.1461e-008	5.9225e-008	5.6899e-008	5.4127e-008	5.252e-008	4.7375e-008	4.6001e-008	4.4036e-008	4.1752e-008	3.7636e-008	3.6934e-008	3.4677e-008	3.2219e-008	3.0049e-008	2.8623e-008	2.6196e-008	2.3772e-008	2.1985e-008	1.9671e-008	1.7605e-008	1.5163e-008	1.3973e-008	1.2089e-008	1.0523e-008	8.5072e-009	7.0396e-009	6.2185e-009	5.7238e-009	5.362e-009	4.7565e-009	3.7339e-009	4.2447e-009	4.648e-009	4.88e-009	4.7767e-009	4.7603e-009	5.4795e-009	5.6873e-009	6.2533e-009	6.5032e-009	7.3715e-009	9.1026e-009	1.1189e-008	1.5274e-008	2.0831e-008	2.5127e-008	3.1507e-008	4.1377e-008	5.0914e-008	5.8528e-008	6.4227e-008	7.0121e-008	7.5058e-008	7.9432e-008	8.2257e-008	8.3327e-008	8.506e-008	8.7182e-008	8.7985e-008	8.8613e-008	8.9192e-008	9.0347e-008	9.1368e-008	9.1324e-008	9.0956e-008	9.1038e-008	8.943e-008	8.8252e-008	8.781e-008	8.5514e-008	8.3182e-008	8.0923e-008	7.8819e-008	7.6578e-008	7.4568e-008	7.277e-008	7.1153e-008	6.8465e-008	6.6208e-008	6.4976e-008	6.3527e-008	6.0944e-008	5.8381e-008	5.4694e-008	5.2718e-008	5.0565e-008	4.7491e-008	4.5742e-008	4.2713e-008	3.887e-008	3.6705e-008	3.5263e-008	3.1654e-008	2.7997e-008	2.5904e-008	2.451e-008	2.1691e-008	1.8575e-008	1.6513e-008	1.4081e-008	1.188e-008	9.6546e-009	7.5598e-009	6.516e-009	5.5709e-009	4.9442e-009	4.0017e-009	4.2484e-009	4.4164e-009	3.8411e-009	3.4568e-009	4.0476e-009	4.2095e-009	3.569e-009	3.9684e-009	3.7427e-009	4.0396e-009	4.3741e-009	4.7992e-009	6.3725e-009	8.233e-009	1.0998e-008	1.3748e-008	1.6506e-008	2.1393e-008	2.8596e-008	3.5414e-008	4.069e-008	4.7338e-008	5.4275e-008	5.981e-008	6.71e-008	7.327e-008	7.76e-008	8.1005e-008	8.3921e-008	8.7523e-008	8.918e-008	9.14e-008	9.272e-008	9.2735e-008	9.315e-008	9.3221e-008	9.2914e-008	9.3011e-008	9.1712e-008	9.0668e-008	8.9407e-008	8.7682e-008	8.645e-008	8.4659e-008	8.0685e-008	7.7794e-008	7.5598e-008	7.3772e-008	7.274e-008	7.0147e-008	6.7909e-008	6.6356e-008	6.3599e-008	6.0852e-008	5.8795e-008	5.4034e-008	5.2168e-008	4.8972e-008	4.563e-008	4.3398e-008	4.1168e-008	3.9206e-008	3.4534e-008	3.2484e-008	2.9736e-008	2.7516e-008	2.5259e-008	2.1949e-008	1.9757e-008	1.8251e-008	1.4241e-008	1.2804e-008	1.0986e-008	8.9832e-009	7.3723e-009	5.665e-009	3.8348e-009	2.8887e-009	2.4168e-009	2.1067e-009	2.1393e-009	1.8103e-009	1.9231e-009	2.1277e-009	2.5015e-009	2.3194e-009	2.066e-009	1.9317e-009	2.3473e-009	2.9299e-009	3.0476e-009	2.5359e-009	3.4958e-009	3.1405e-009	4.1157e-009	5.8454e-009	9.496e-009	1.3777e-008	1.9998e-008	2.5918e-008	3.2035e-008	3.9135e-008	4.7073e-008	5.44e-008	6.1189e-008	6.5843e-008	6.9969e-008	7.3584e-008	7.747e-008	8.0431e-008	8.3132e-008	8.5061e-008	8.7955e-008	8.9117e-008	9.0319e-008	9.0728e-008	9.0664e-008	9.0241e-008	9.0339e-008	9.0511e-008	8.9836e-008	8.7377e-008	8.5868e-008	8.3963e-008	8.2189e-008	8.0564e-008	7.9169e-008	7.6719e-008	7.3971e-008	7.1122e-008	6.7827e-008	6.6603e-008	6.5658e-008	6.3935e-008	6.2505e-008	5.9102e-008	5.7511e-008	5.5459e-008	5.2991e-008	5.0938e-008	4.9304e-008	4.6847e-008	4.4554e-008	4.2184e-008	4.0233e-008	3.7507e-008	3.4784e-008	3.2408e-008	3.0372e-008	2.7708e-008	2.6017e-008	2.2949e-008	2.0748e-008	1.8845e-008	1.5868e-008	1.3928e-008	1.2349e-008	9.8467e-009	8.024e-009	5.8638e-009	4.5853e-009	3.4033e-009	3.178e-009	2.6911e-009	2.9563e-009	2.5277e-009	2.7193e-009	2.3824e-009	2.3396e-009	2.8132e-009	3.4752e-009	4.1423e-009	5.6016e-009	7.3673e-009	1.0559e-008	1.3179e-008	1.6683e-008	2.0905e-008	2.6215e-008	3.2421e-008	3.7623e-008	4.2264e-008	4.6781e-008	5.0848e-008	5.6252e-008	6.2395e-008	6.8549e-008	7.3443e-008	7.7899e-008	8.1825e-008	8.4227e-008	8.6616e-008	8.7988e-008	8.9603e-008	8.9669e-008	9.0011e-008	9.0591e-008	9.1814e-008	9.1118e-008	9.0182e-008	8.9204e-008	8.7587e-008	8.6176e-008	8.5102e-008	8.3124e-008	8.108e-008	7.6282e-008	7.5378e-008	7.2568e-008	7.0763e-008	6.9637e-008	6.7749e-008	6.5599e-008	6.2768e-008	6.0268e-008	5.8668e-008	5.6253e-008	5.4522e-008	5.2853e-008	5.014e-008	4.8051e-008	4.5031e-008	4.1667e-008	4.0043e-008	3.7559e-008	3.6303e-008	3.3358e-008	3.1235e-008
9.734e-008	9.8161e-008	9.6107e-008	9.3157e-008	9.1626e-008	9.0866e-008	8.772e-008	8.4276e-008	8.0507e-008	7.8523e-008	7.7363e-008	7.5747e-008	7.4219e-008	7.2054e-008	6.8339e-008	6.6598e-008	6.4314e-008	6.1323e-008	5.8913e-008	5.6349e-008	5.4527e-008	5.3521e-008	5.1775e-008	5.0258e-008	4.6218e-008	4.3322e-008	4.0548e-008	3.8212e-008	3.6473e-008	3.3663e-008	3.1299e-008	3.0005e-008	2.9066e-008	2.7816e-008	2.465e-008	2.1206e-008	1.8866e-008	1.7089e-008	1.5335e-008	1.3284e-008	1.2025e-008	1.0587e-008	9.1023e-009	7.5697e-009	6.8082e-009	6.811e-009	6.5779e-009	6.6479e-009	7.3954e-009	6.8099e-009	7.0958e-009	7.2391e-009	6.7917e-009	6.7922e-009	7.5211e-009	7.7271e-009	7.6979e-009	8.2112e-009	8.7133e-009	1.0922e-008	1.3989e-008	1.8564e-008	2.3598e-008	2.9288e-008	3.6556e-008	4.4259e-008	5.3754e-008	6.0174e-008	6.6148e-008	7.0192e-008	7.6052e-008	7.9108e-008	8.4078e-008	8.6823e-008	8.883e-008	9.0244e-008	9.205e-008	9.2357e-008	9.3301e-008	9.3695e-008	9.2396e-008	8.988e-008	8.9209e-008	8.8748e-008	8.7837e-008	8.6695e-008	8.4822e-008	7.9633e-008	7.7814e-008	7.6155e-008	7.4632e-008	7.3183e-008	7.21e-008	6.9931e-008	6.7187e-008	6.6248e-008	6.5502e-008	6.2179e-008	5.974e-008	5.6611e-008	5.4172e-008	5.2406e-008	5.1068e-008	4.6698e-008	4.5259e-008	4.1242e-008	3.8814e-008	3.5939e-008	3.4665e-008	3.1513e-008	2.9698e-008	2.6691e-008	2.3847e-008	2.1171e-008	1.9479e-008	1.6632e-008	1.4673e-008	1.1818e-008	9.975e-009	8.6143e-009	7.27e-009	6.7041e-009	6.8287e-009	6.1252e-009	5.3974e-009	5.6822e-009	5.2778e-009	5.3878e-009	5.2772e-009	4.9622e-009	5.0612e-009	5.3906e-009	5.4232e-009	6.0619e-009	6.231e-009	5.8214e-009	6.1981e-009	6.7332e-009	7.925e-009	9.8481e-009	1.2055e-008	1.6525e-008	2.1197e-008	2.7231e-008	3.5364e-008	4.2828e-008	4.8475e-008	5.5128e-008	5.9943e-008	6.8465e-008	7.4586e-008	7.8478e-008	8.0822e-008	8.4608e-008	8.6235e-008	8.7039e-008	8.9069e-008	9.0853e-008	9.2805e-008	9.2461e-008	9.1225e-008	9.0577e-008	8.9918e-008	8.9253e-008	8.7702e-008	8.7214e-008	8.5264e-008	8.3686e-008	8.089e-008	7.9003e-008	7.6881e-008	7.3604e-008	7.1628e-008	6.9493e-008	6.7126e-008	6.4841e-008	6.2934e-008	6.0385e-008	5.7278e-008	5.6427e-008	5.2713e-008	5.167e-008	4.8999e-008	4.6292e-008	4.4035e-008	4.0817e-008	3.8358e-008	3.608e-008	3.3026e-008	3.1364e-008	2.9424e-008	2.7233e-008	2.5419e-008	2.3306e-008	2.123e-008	1.9401e-008	1.7428e-008	1.5036e-008	1.2934e-008	1.0969e-008	1.0354e-008	8.4791e-009	6.5019e-009	5.2141e-009	5.1669e-009	5.0619e-009	4.3102e-009	3.9859e-009	3.905e-009	3.8998e-009	4.4798e-009	4.4977e-009	4.6368e-009	4.8678e-009	5.483e-009	5.717e-009	6.0017e-009	7.6534e-009	9.432e-009	1.1393e-008	1.5564e-008	2.045e-008	2.536e-008	3.1867e-008	4.1731e-008	5.0968e-008	5.8306e-008	6.4965e-008	7.033e-008	7.4687e-008	7.7782e-008	8.0672e-008	8.2737e-008	8.4644e-008	8.6723e-008	8.7651e-008	8.8555e-008	8.8946e-008	8.9701e-008	9.0966e-008	9.0881e-008	9.1059e-008	9.1298e-008	9.0482e-008	8.7919e-008	8.7158e-008	8.6201e-008	8.2137e-008	8.1029e-008	7.8156e-008	7.6622e-008	7.4041e-008	7.1983e-008	7.0249e-008	6.8247e-008	6.6363e-008	6.522e-008	6.3423e-008	5.9671e-008	5.7491e-008	5.5745e-008	5.2466e-008	5.1235e-008	4.6847e-008	4.4258e-008	4.1995e-008	3.8712e-008	3.6411e-008	3.4071e-008	3.1045e-008	2.886e-008	2.6582e-008	2.4312e-008	2.1062e-008	1.8647e-008	1.6341e-008	1.3759e-008	1.2041e-008	9.7337e-009	7.7844e-009	6.2876e-009	5.4574e-009	4.5861e-009	4.02e-009	4.2125e-009	4.3053e-009	3.5929e-009	3.7918e-009	3.9079e-009	4.4844e-009	3.2349e-009	3.0308e-009	2.956e-009	4.0429e-009	3.7917e-009	4.5329e-009	5.9291e-009	7.7798e-009	1.1397e-008	1.3409e-008	1.6853e-008	2.1489e-008	2.8274e-008	3.5539e-008	4.1014e-008	4.732e-008	5.385e-008	6.0681e-008	6.7641e-008	7.4135e-008	7.8137e-008	8.1441e-008	8.4224e-008	8.7347e-008	8.8988e-008	8.9901e-008	9.1044e-008	9.2124e-008	9.3207e-008	9.3005e-008	9.2179e-008	9.2499e-008	9.1561e-008	9.0553e-008	8.9983e-008	8.7195e-008	8.5707e-008	8.3759e-008	7.9902e-008	7.7198e-008	7.5896e-008	7.3403e-008	7.0842e-008	6.8888e-008	6.7451e-008	6.5607e-008	6.2652e-008	5.9587e-008	5.8301e-008	5.4301e-008	5.1655e-008	4.912e-008	4.5809e-008	4.3274e-008	4.1508e-008	3.989e-008	3.3889e-008	3.1852e-008	3.0017e-008	2.71e-008	2.5047e-008	2.1237e-008	1.9985e-008	1.672e-008	1.4357e-008	1.2542e-008	1.0569e-008	7.9912e-009	6.2952e-009	4.485e-009	3.0228e-009	2.08e-009	1.9817e-009	1.8084e-009	1.2871e-009	1.3068e-009	1.2192e-009	1.5807e-009	1.9606e-009	1.9033e-009	1.6621e-009	2.2307e-009	2.1633e-009	2.7008e-009	2.2119e-009	2.0411e-009	2.5277e-009	3.3164e-009	4.4435e-009	6.2542e-009	9.2569e-009	1.312e-008	2.0176e-008	2.7247e-008	3.2225e-008	3.8988e-008	4.7314e-008	5.5083e-008	6.1091e-008	6.6538e-008	6.991e-008	7.4257e-008	7.7844e-008	8.1071e-008	8.2983e-008	8.5042e-008	8.6902e-008	8.9007e-008	9.0245e-008	9.0864e-008	9.047e-008	8.9863e-008	9.0483e-008	9.065e-008	9.0116e-008	8.7871e-008	8.6092e-008	8.3036e-008	8.1852e-008	8.0147e-008	7.7846e-008	7.5558e-008	7.3178e-008	6.9733e-008	6.7007e-008	6.5243e-008	6.4199e-008	6.1669e-008	6.0309e-008	5.8317e-008	5.6507e-008	5.4494e-008	5.2579e-008	5.0977e-008	4.8604e-008	4.6479e-008	4.4787e-008	4.1113e-008	3.9669e-008	3.6248e-008	3.4288e-008	3.2241e-008	2.9992e-008	2.7119e-008	2.4166e-008	2.2282e-008	2.12e-008	1.8497e-008	1.5263e-008	1.3461e-008	1.1812e-008	9.0406e-009	7.2002e-009	5.5695e-009	3.6435e-009	3.6342e-009	2.679e-009	2.4926e-009	2.7425e-009	2.7982e-009	2.3581e-009	2.1702e-009	2.7174e-009	2.5044e-009	3.1707e-009	4.0793e-009	5.185e-009	7.3577e-009	1.0238e-008	1.3512e-008	1.6604e-008	2.0619e-008	2.5246e-008	3.0181e-008	3.7116e-008	4.1511e-008	4.6388e-008	5.0936e-008	5.5985e-008	6.1304e-008	6.7562e-008	7.2477e-008	7.7099e-008	8.087e-008	8.4017e-008	8.7026e-008	8.9363e-008	8.9679e-008	9.0718e-008	9.0418e-008	9.0776e-008	9.1094e-008	9.0213e-008	8.8939e-008	8.8131e-008	8.7393e-008	8.6093e-008	8.5085e-008	8.2824e-008	8.1328e-008	7.8438e-008	7.537e-008	7.3039e-008	7.0828e-008	6.9411e-008	6.6805e-008	6.4747e-008	6.3076e-008	5.9902e-008	5.908e-008	5.7928e-008	5.4299e-008	5.2874e-008	5.0378e-008	4.7584e-008	4.4904e-008	4.3238e-008	4.0069e-008	3.7819e-008	3.5802e-008	3.2409e-008	3.1106e-008
9.7647e-008	9.8259e-008	9.6872e-008	9.4856e-008	9.2273e-008	8.9782e-008	8.6486e-008	8.3539e-008	8.0484e-008	7.819e-008	7.7073e-008	7.6004e-008	7.4617e-008	7.1978e-008	6.9062e-008	6.6988e-008	6.4426e-008	6.1998e-008	5.9695e-008	5.7128e-008	5.5882e-008	5.3788e-008	5.2251e-008	5.0083e-008	4.7248e-008	4.4088e-008	4.1257e-008	3.8897e-008	3.6422e-008	3.3331e-008	3.1198e-008	2.947e-008	2.8008e-008	2.6135e-008	2.4336e-008	2.1934e-008	1.8686e-008	1.6938e-008	1.5151e-008	1.3678e-008	1.174e-008	1.0698e-008	9.7077e-009	8.3407e-009	7.3268e-009	6.911e-009	7.0792e-009	6.893e-009	7.0647e-009	6.862e-009	7.2895e-009	7.4256e-009	7.1504e-009	6.8942e-009	6.9567e-009	7.3529e-009	7.0216e-009	8.1976e-009	8.7479e-009	1.1049e-008	1.4128e-008	1.8027e-008	2.3624e-008	3.0335e-008	3.8403e-008	4.5719e-008	5.3781e-008	6.0657e-008	6.6245e-008	7.1061e-008	7.5518e-008	7.9611e-008	8.3821e-008	8.69e-008	9.0252e-008	9.2244e-008	9.3155e-008	9.3397e-008	9.3807e-008	9.4334e-008	9.31e-008	9.112e-008	8.9463e-008	8.9014e-008	8.8043e-008	8.7065e-008	8.459e-008	8.0438e-008	7.881e-008	7.7332e-008	7.5381e-008	7.356e-008	7.3103e-008	7.1113e-008	6.7301e-008	6.5838e-008	6.4351e-008	6.311e-008	5.9235e-008	5.6571e-008	5.422e-008	5.2766e-008	5.069e-008	4.8495e-008	4.4858e-008	4.1716e-008	3.9401e-008	3.6873e-008	3.4446e-008	3.2093e-008	3.0038e-008	2.7333e-008	2.4783e-008	2.2338e-008	1.9889e-008	1.6647e-008	1.4475e-008	1.2577e-008	1.0589e-008	8.5932e-009	7.2256e-009	6.5912e-009	6.4787e-009	6.2e-009	6.0933e-009	6.1261e-009	5.5937e-009	5.4113e-009	5.7156e-009	5.4423e-009	5.0145e-009	5.2166e-009	5.3744e-009	5.7071e-009	5.5752e-009	5.6596e-009	6.3276e-009	6.7879e-009	7.2555e-009	9.4117e-009	1.3066e-008	1.7394e-008	2.34e-008	2.7248e-008	3.3713e-008	4.0577e-008	4.8781e-008	5.6067e-008	6.1816e-008	6.7095e-008	7.3223e-008	7.7792e-008	8.2081e-008	8.4346e-008	8.6119e-008	8.7611e-008	8.9761e-008	9.0916e-008	9.3268e-008	9.184e-008	9.1239e-008	9.0926e-008	9.0314e-008	8.9638e-008	8.7931e-008	8.6703e-008	8.5313e-008	8.3453e-008	8.1727e-008	8.0297e-008	7.7746e-008	7.498e-008	7.2908e-008	7.0931e-008	6.7311e-008	6.5481e-008	6.3454e-008	6.0815e-008	5.776e-008	5.5136e-008	5.3405e-008	5.1751e-008	4.9256e-008	4.7163e-008	4.4377e-008	4.1551e-008	3.8701e-008	3.6601e-008	3.3745e-008	3.157e-008	2.9827e-008	2.7977e-008	2.563e-008	2.3526e-008	2.204e-008	1.9966e-008	1.8058e-008	1.5695e-008	1.3129e-008	1.1164e-008	1.0025e-008	8.329e-009	6.6515e-009	5.8183e-009	5.1343e-009	5.2313e-009	5.076e-009	4.7877e-009	4.7225e-009	4.7546e-009	4.4747e-009	4.3128e-009	4.4557e-009	4.8304e-009	5.4751e-009	6.0632e-009	6.8136e-009	8.4931e-009	1.079e-008	1.3078e-008	1.6859e-008	2.0371e-008	2.5671e-008	3.23e-008	4.0784e-008	4.9909e-008	5.8142e-008	6.4792e-008	7.0433e-008	7.5421e-008	7.8418e-008	8.0508e-008	8.3068e-008	8.5102e-008	8.6843e-008	8.8722e-008	8.9015e-008	8.941e-008	8.9899e-008	9.0757e-008	9.0877e-008	9.1433e-008	9.1569e-008	9.1029e-008	8.8938e-008	8.6801e-008	8.4112e-008	8.1388e-008	7.8868e-008	7.7946e-008	7.6562e-008	7.4767e-008	7.3238e-008	6.9872e-008	6.7411e-008	6.5501e-008	6.457e-008	6.3568e-008	6.1513e-008	5.7756e-008	5.6466e-008	5.4461e-008	5.1045e-008	4.7839e-008	4.5005e-008	4.2477e-008	3.8687e-008	3.6736e-008	3.4572e-008	3.2069e-008	2.9926e-008	2.814e-008	2.6051e-008	2.2683e-008	1.9088e-008	1.6796e-008	1.4457e-008	1.2413e-008	1.0323e-008	7.804e-009	5.903e-009	5.5399e-009	4.668e-009	4.1224e-009	4.3115e-009	4.165e-009	3.5539e-009	3.7663e-009	4.2646e-009	4.2365e-009	3.3864e-009	3.0147e-009	3.3311e-009	3.9256e-009	4.3288e-009	4.9836e-009	5.892e-009	7.7539e-009	1.1473e-008	1.3313e-008	1.6955e-008	2.2039e-008	2.9355e-008	3.5951e-008	4.1716e-008	4.8448e-008	5.4926e-008	6.1366e-008	6.9244e-008	7.4515e-008	7.935e-008	8.1545e-008	8.4763e-008	8.699e-008	8.8896e-008	9.0149e-008	9.0924e-008	9.1951e-008	9.3121e-008	9.3192e-008	9.1718e-008	9.178e-008	9.1255e-008	9.0981e-008	9.0207e-008	8.7025e-008	8.5329e-008	8.3424e-008	8.0788e-008	7.8526e-008	7.6297e-008	7.321e-008	7.0263e-008	6.8158e-008	6.6676e-008	6.5691e-008	6.2961e-008	6.0264e-008	5.8094e-008	5.4332e-008	5.1509e-008	4.9293e-008	4.7542e-008	4.4159e-008	4.2223e-008	3.9393e-008	3.5857e-008	3.2688e-008	2.9887e-008	2.617e-008	2.4362e-008	2.189e-008	1.8502e-008	1.6551e-008	1.4717e-008	1.2385e-008	1.0404e-008	7.8479e-009	5.741e-009	4.5867e-009	3.418e-009	2.7193e-009	2.6024e-009	1.8615e-009	1.1165e-009	1.4436e-009	1.7412e-009	1.5998e-009	1.7743e-009	2.0923e-009	1.9701e-009	2.1606e-009	1.9174e-009	2.2802e-009	2.2103e-009	2.4104e-009	2.8742e-009	3.1522e-009	4.2826e-009	6.5505e-009	9.7729e-009	1.3342e-008	2.052e-008	2.7606e-008	3.3463e-008	3.9743e-008	4.9226e-008	5.7029e-008	6.2549e-008	6.7558e-008	7.0995e-008	7.583e-008	7.8212e-008	8.1383e-008	8.2651e-008	8.5482e-008	8.7981e-008	8.9383e-008	9.0922e-008	9.1347e-008	9.0707e-008	9.0427e-008	9.0649e-008	9.0587e-008	9.0313e-008	8.9092e-008	8.5711e-008	8.3666e-008	8.1302e-008	8.0533e-008	7.8066e-008	7.558e-008	7.3213e-008	7.0008e-008	6.7352e-008	6.6159e-008	6.4111e-008	6.1534e-008	5.9489e-008	5.7618e-008	5.6624e-008	5.4159e-008	5.3046e-008	5.1838e-008	4.8969e-008	4.7018e-008	4.5242e-008	4.2371e-008	3.8802e-008	3.5041e-008	3.344e-008	3.1673e-008	2.9812e-008	2.7122e-008	2.4296e-008	2.3064e-008	2.1603e-008	1.7288e-008	1.45e-008	1.3447e-008	1.1259e-008	8.6127e-009	7.035e-009	5.0894e-009	4.1775e-009	3.8289e-009	3.1563e-009	3.0506e-009	2.6466e-009	2.9983e-009	2.407e-009	2.6209e-009	2.9665e-009	3.2704e-009	3.3557e-009	3.9293e-009	5.2951e-009	7.3237e-009	1.0122e-008	1.3165e-008	1.6755e-008	2.0664e-008	2.4292e-008	3.0041e-008	3.6959e-008	4.1048e-008	4.6542e-008	5.219e-008	5.7074e-008	6.1576e-008	6.7462e-008	7.3005e-008	7.8455e-008	8.2346e-008	8.4342e-008	8.6369e-008	8.894e-008	9.0633e-008	9.1752e-008	9.2931e-008	9.2526e-008	9.0811e-008	9.0197e-008	8.9359e-008	8.829e-008	8.7678e-008	8.648e-008	8.503e-008	8.369e-008	8.1194e-008	7.7674e-008	7.4709e-008	7.3228e-008	7.1159e-008	6.9875e-008	6.737e-008	6.5193e-008	6.3085e-008	6.0728e-008	5.9729e-008	5.8592e-008	5.4794e-008	5.2684e-008	5.0211e-008	4.7669e-008	4.5317e-008	4.3027e-008	3.982e-008	3.704e-008	3.4604e-008	3.3286e-008	3.1795e-008
9.6661e-008	9.7217e-008	9.6558e-008	9.3797e-008	9.1094e-008	8.8371e-008	8.5922e-008	8.2642e-008	7.935e-008	7.6564e-008	7.4542e-008	7.3768e-008	7.2035e-008	7.0586e-008	6.8719e-008	6.5813e-008	6.3229e-008	6.041e-008	5.8249e-008	5.6936e-008	5.5095e-008	5.2793e-008	4.9866e-008	4.7972e-008	4.5706e-008	4.236e-008	4.0095e-008	3.7392e-008	3.5254e-008	3.2834e-008	3.0394e-008	2.853e-008	2.6719e-008	2.5093e-008	2.2339e-008	2.0689e-008	1.8279e-008	1.6515e-008	1.4495e-008	1.2142e-008	1.0576e-008	8.7514e-009	8.1709e-009	7.6421e-009	6.0422e-009	6.1941e-009	6.3625e-009	6.2759e-009	6.2239e-009	5.8672e-009	5.978e-009	5.8987e-009	5.8961e-009	6.6136e-009	6.5632e-009	5.9522e-009	5.9966e-009	6.7581e-009	8.0096e-009	9.818e-009	1.2986e-008	1.7078e-008	2.2394e-008	2.9763e-008	3.8109e-008	4.5269e-008	5.2928e-008	5.9649e-008	6.5533e-008	7.0442e-008	7.4982e-008	7.8847e-008	8.2149e-008	8.6311e-008	8.9646e-008	9.167e-008	9.2778e-008	9.2592e-008	9.2935e-008	9.3028e-008	9.1743e-008	9.0555e-008	8.8465e-008	8.7228e-008	8.6305e-008	8.4947e-008	8.3278e-008	8.09e-008	7.8159e-008	7.6315e-008	7.3809e-008	7.1875e-008	7.1738e-008	6.9892e-008	6.6765e-008	6.5473e-008	6.3127e-008	5.9166e-008	5.7489e-008	5.4782e-008	5.3835e-008	5.2144e-008	4.8974e-008	4.5673e-008	4.2506e-008	3.9124e-008	3.7259e-008	3.5812e-008	3.3238e-008	3.0705e-008	2.8687e-008	2.5566e-008	2.3057e-008	2.0527e-008	1.8113e-008	1.584e-008	1.4142e-008	1.2281e-008	9.9244e-009	7.3507e-009	6.0764e-009	5.7193e-009	5.8046e-009	5.3588e-009	5.2538e-009	5.1242e-009	4.9765e-009	4.9968e-009	4.7473e-009	3.9272e-009	3.7954e-009	3.9166e-009	3.8969e-009	4.5612e-009	4.5139e-009	4.6316e-009	5.0105e-009	5.3073e-009	6.2287e-009	8.6414e-009	1.2257e-008	1.6839e-008	2.2637e-008	2.7147e-008	3.2261e-008	3.9511e-008	4.6815e-008	5.5825e-008	6.0741e-008	6.6912e-008	7.212e-008	7.7053e-008	8.0613e-008	8.3403e-008	8.5402e-008	8.7414e-008	8.8726e-008	9.037e-008	9.1662e-008	9.1438e-008	9.0874e-008	9.0511e-008	8.9645e-008	8.8812e-008	8.6907e-008	8.4206e-008	8.3307e-008	8.2189e-008	8.0619e-008	7.8957e-008	7.6829e-008	7.39e-008	7.0794e-008	6.912e-008	6.7106e-008	6.4435e-008	6.2191e-008	5.9638e-008	5.7188e-008	5.4896e-008	5.2664e-008	5.0808e-008	4.7388e-008	4.4838e-008	4.244e-008	4.0581e-008	3.7046e-008	3.5552e-008	3.2576e-008	3.0924e-008	2.9079e-008	2.7001e-008	2.4591e-008	2.3106e-008	2.1021e-008	1.8749e-008	1.6152e-008	1.499e-008	1.2315e-008	1.019e-008	8.5425e-009	7.0529e-009	5.1878e-009	4.1643e-009	3.8555e-009	3.8564e-009	4.1917e-009	3.9987e-009	4.1586e-009	3.6836e-009	3.749e-009	3.2184e-009	3.2693e-009	3.3507e-009	3.9635e-009	4.6472e-009	5.2485e-009	7.1329e-009	9.7757e-009	1.2495e-008	1.568e-008	2.0292e-008	2.4867e-008	3.2358e-008	4.0268e-008	4.7183e-008	5.5081e-008	6.2276e-008	6.8426e-008	7.385e-008	7.7492e-008	8.025e-008	8.1707e-008	8.3543e-008	8.5979e-008	8.7458e-008	8.8842e-008	8.9325e-008	8.9733e-008	8.9946e-008	9.0283e-008	9.0733e-008	9.0628e-008	9.003e-008	8.7704e-008	8.5864e-008	8.2308e-008	8.0075e-008	7.7539e-008	7.6137e-008	7.5075e-008	7.3359e-008	7.1284e-008	6.8779e-008	6.647e-008	6.343e-008	6.3355e-008	6.2865e-008	6.1523e-008	5.8209e-008	5.5719e-008	5.3695e-008	4.9967e-008	4.6532e-008	4.5041e-008	4.1544e-008	3.7576e-008	3.5505e-008	3.3705e-008	3.111e-008	2.9742e-008	2.804e-008	2.493e-008	2.192e-008	1.8789e-008	1.5298e-008	1.439e-008	1.1197e-008	9.6429e-009	6.855e-009	5.1765e-009	4.2999e-009	3.4211e-009	2.8875e-009	3.1459e-009	3.307e-009	1.9295e-009	1.9435e-009	2.109e-009	2.0036e-009	1.5922e-009	1.7176e-009	2.2252e-009	2.818e-009	3.0457e-009	3.8842e-009	4.6509e-009	6.3023e-009	8.648e-009	1.1757e-008	1.5654e-008	2.1353e-008	2.8635e-008	3.5204e-008	4.0775e-008	4.7801e-008	5.4431e-008	6.0504e-008	6.6746e-008	7.3732e-008	7.7453e-008	8.0187e-008	8.2553e-008	8.5788e-008	8.7711e-008	8.9274e-008	9.0322e-008	9.0893e-008	9.0999e-008	9.1345e-008	9.0586e-008	9.0086e-008	8.9791e-008	8.9511e-008	8.7661e-008	8.581e-008	8.3402e-008	8.2022e-008	8.0201e-008	7.8151e-008	7.5781e-008	7.2725e-008	7.0069e-008	6.7617e-008	6.6041e-008	6.4963e-008	6.1203e-008	5.8378e-008	5.5066e-008	5.3669e-008	5.1476e-008	4.8731e-008	4.6707e-008	4.4349e-008	4.1911e-008	3.8196e-008	3.4575e-008	3.1521e-008	2.8462e-008	2.5465e-008	2.3614e-008	2.136e-008	1.7682e-008	1.4667e-008	1.2964e-008	1.0911e-008	8.5075e-009	6.4081e-009	4.1927e-009	2.9959e-009	2.4609e-009	1.1753e-009	1.0219e-009	6.6499e-010	0	3.2241e-010	8.6044e-010	8.8504e-010	1.3017e-009	1.4567e-009	1.2775e-009	5.0166e-010	7.3733e-010	1.1343e-009	1.4976e-009	2.0868e-009	1.9243e-009	1.8375e-009	3.4321e-009	5.041e-009	7.8784e-009	1.1757e-008	1.8699e-008	2.6735e-008	3.3188e-008	3.9146e-008	4.799e-008	5.5673e-008	6.1647e-008	6.6782e-008	7.0799e-008	7.461e-008	7.7174e-008	8.0395e-008	8.1889e-008	8.5081e-008	8.7426e-008	8.9131e-008	8.98e-008	9.0231e-008	9.0042e-008	8.9989e-008	9.0266e-008	8.9535e-008	8.9379e-008	8.8422e-008	8.5226e-008	8.3027e-008	8.0926e-008	7.922e-008	7.6952e-008	7.5001e-008	7.2356e-008	6.915e-008	6.777e-008	6.5433e-008	6.2782e-008	6.0296e-008	5.7169e-008	5.578e-008	5.4447e-008	5.3575e-008	5.2062e-008	5.0256e-008	4.8497e-008	4.5578e-008	4.3651e-008	4.0993e-008	3.803e-008	3.4616e-008	3.243e-008	3.0697e-008	2.769e-008	2.5166e-008	2.3232e-008	2.2217e-008	1.9987e-008	1.7513e-008	1.4908e-008	1.282e-008	1.0428e-008	7.937e-009	5.6673e-009	4.2106e-009	3.3511e-009	2.8104e-009	2.321e-009	1.8055e-009	1.9572e-009	1.6096e-009	1.9266e-009	1.8546e-009	1.9068e-009	2.3924e-009	2.4788e-009	3.2488e-009	4.9766e-009	6.856e-009	9.4663e-009	1.2619e-008	1.6009e-008	2.0507e-008	2.5421e-008	2.8671e-008	3.4597e-008	3.9189e-008	4.4634e-008	5.0896e-008	5.5819e-008	6.0502e-008	6.5977e-008	7.2885e-008	7.7129e-008	8.1304e-008	8.2436e-008	8.4402e-008	8.7354e-008	9.0216e-008	9.1335e-008	9.1929e-008	9.1099e-008	9.0061e-008	8.9431e-008	8.8161e-008	8.7649e-008	8.7088e-008	8.6032e-008	8.4235e-008	8.2859e-008	8.0049e-008	7.8208e-008	7.5465e-008	7.2594e-008	7.1454e-008	6.9641e-008	6.7856e-008	6.6062e-008	6.3851e-008	6.0553e-008	5.9106e-008	5.744e-008	5.3939e-008	5.2269e-008	4.9792e-008	4.7148e-008	4.4745e-008	4.2268e-008	3.9061e-008	3.6828e-008	3.4079e-008	3.2308e-008	3.0304e-008
9.7584e-008	9.7552e-008	9.7603e-008	9.5288e-008	9.1768e-008	8.8839e-008	8.6738e-008	8.3631e-008	7.9704e-008	7.7704e-008	7.5533e-008	7.4203e-008	7.2235e-008	7.095e-008	6.9518e-008	6.4985e-008	6.3306e-008	6.1149e-008	6.0221e-008	5.7969e-008	5.6194e-008	5.2266e-008	4.9531e-008	4.8387e-008	4.6116e-008	4.245e-008	3.9927e-008	3.7535e-008	3.6448e-008	3.3201e-008	3.1131e-008	2.8666e-008	2.6536e-008	2.463e-008	2.1525e-008	1.9698e-008	1.8782e-008	1.6938e-008	1.5015e-008	1.2648e-008	1.0603e-008	9.0227e-009	8.0997e-009	6.5976e-009	6.1703e-009	6.859e-009	6.8993e-009	7.3876e-009	6.8287e-009	6.5611e-009	6.6566e-009	6.4065e-009	6.8319e-009	7.446e-009	7.4093e-009	7.2291e-009	7.3422e-009	7.4962e-009	8.8715e-009	1.029e-008	1.3556e-008	1.801e-008	2.4098e-008	2.9776e-008	3.8814e-008	4.5082e-008	5.2289e-008	6.0271e-008	6.6224e-008	7.1626e-008	7.5792e-008	8.0864e-008	8.3589e-008	8.6551e-008	9.0092e-008	9.2306e-008	9.3396e-008	9.3189e-008	9.3438e-008	9.3416e-008	9.2097e-008	9.096e-008	8.9616e-008	8.7811e-008	8.6824e-008	8.5376e-008	8.3385e-008	8.1577e-008	8.0388e-008	7.8391e-008	7.5392e-008	7.1988e-008	7.1482e-008	7.0897e-008	6.8743e-008	6.5857e-008	6.258e-008	6.0274e-008	5.8753e-008	5.7078e-008	5.5439e-008	5.2552e-008	4.6516e-008	4.4665e-008	4.2317e-008	4.0039e-008	3.832e-008	3.6209e-008	3.3132e-008	3.0956e-008	2.89e-008	2.6918e-008	2.4425e-008	2.1302e-008	1.9102e-008	1.6284e-008	1.548e-008	1.3255e-008	1.0927e-008	8.3455e-009	6.4692e-009	6.2503e-009	6.2714e-009	5.6871e-009	5.3296e-009	5.2249e-009	5.1552e-009	5.4257e-009	5.2883e-009	4.3952e-009	4.2863e-009	4.6102e-009	4.6827e-009	4.8602e-009	5.0614e-009	4.8509e-009	5.4585e-009	6.2049e-009	7.9146e-009	9.4855e-009	1.3153e-008	1.8267e-008	2.3304e-008	2.716e-008	3.3154e-008	4.0862e-008	4.8719e-008	5.6906e-008	6.3901e-008	6.9532e-008	7.4078e-008	7.8215e-008	8.2291e-008	8.481e-008	8.6805e-008	8.7922e-008	9.0574e-008	9.1725e-008	9.2433e-008	9.2488e-008	9.1887e-008	9.0955e-008	9.0077e-008	8.9411e-008	8.801e-008	8.5245e-008	8.3925e-008	8.2251e-008	8.1541e-008	7.9815e-008	7.7815e-008	7.5034e-008	7.2058e-008	6.9143e-008	6.6123e-008	6.3979e-008	6.2973e-008	6.0137e-008	5.8877e-008	5.5871e-008	5.3688e-008	5.1247e-008	4.7932e-008	4.3494e-008	4.1831e-008	4.0285e-008	3.7489e-008	3.6107e-008	3.3227e-008	3.1896e-008	2.9696e-008	2.7662e-008	2.4864e-008	2.3603e-008	2.1264e-008	1.7773e-008	1.5966e-008	1.501e-008	1.3442e-008	1.0794e-008	8.9105e-009	7.2697e-009	5.5864e-009	4.0807e-009	4.4105e-009	3.8288e-009	4.0329e-009	4.2005e-009	4.274e-009	3.7942e-009	3.8403e-009	3.7806e-009	3.7923e-009	3.6686e-009	4.3461e-009	4.726e-009	5.9718e-009	7.8319e-009	1.0452e-008	1.3475e-008	1.7637e-008	2.048e-008	2.6284e-008	3.307e-008	4.0756e-008	4.601e-008	5.2714e-008	6.0598e-008	6.7417e-008	7.4107e-008	7.8061e-008	8.0151e-008	8.2178e-008	8.4509e-008	8.7412e-008	8.9929e-008	9.0972e-008	9.1615e-008	9.1457e-008	9.1424e-008	9.0824e-008	9.1262e-008	9.0756e-008	9.0347e-008	8.9165e-008	8.5933e-008	8.3034e-008	8.0911e-008	7.7972e-008	7.5227e-008	7.3944e-008	7.2999e-008	7.0019e-008	6.8471e-008	6.6426e-008	6.3974e-008	6.3675e-008	6.2732e-008	6.1453e-008	5.8595e-008	5.585e-008	5.3992e-008	5.1089e-008	4.7464e-008	4.521e-008	4.3278e-008	3.9266e-008	3.6308e-008	3.3964e-008	3.0929e-008	2.9312e-008	2.6839e-008	2.5124e-008	2.2267e-008	2.064e-008	1.6244e-008	1.3676e-008	1.2186e-008	9.5049e-009	7.1174e-009	5.4928e-009	4.3664e-009	3.5689e-009	2.9391e-009	2.8808e-009	2.5359e-009	2.3021e-009	2.4663e-009	1.9236e-009	1.8726e-009	2.388e-009	2.4632e-009	2.4329e-009	3.2463e-009	3.2446e-009	4.1524e-009	5.0219e-009	6.6464e-009	8.8944e-009	1.1758e-008	1.572e-008	2.1744e-008	2.8774e-008	3.481e-008	4.2021e-008	4.9607e-008	5.5921e-008	6.2192e-008	6.7239e-008	7.3004e-008	7.6144e-008	8.0042e-008	8.282e-008	8.5466e-008	8.7475e-008	8.9302e-008	9.0781e-008	9.1279e-008	9.0892e-008	9.1077e-008	9.0583e-008	8.9954e-008	8.9152e-008	8.8609e-008	8.7212e-008	8.5214e-008	8.4138e-008	8.2142e-008	8.0087e-008	7.8611e-008	7.6624e-008	7.3773e-008	6.8599e-008	6.8478e-008	6.7316e-008	6.5228e-008	6.2125e-008	5.881e-008	5.5534e-008	5.4099e-008	5.1924e-008	4.9135e-008	4.6958e-008	4.5173e-008	4.2236e-008	3.8197e-008	3.3769e-008	3.1884e-008	2.9556e-008	2.5906e-008	2.4273e-008	2.1589e-008	1.7571e-008	1.5641e-008	1.3234e-008	1.0284e-008	7.6586e-009	6.1815e-009	4.194e-009	3.2212e-009	2.568e-009	1.7287e-009	1.6517e-009	9.8433e-010	6.0995e-010	5.9054e-010	1.0098e-009	1.0011e-009	1.2881e-009	1.4319e-009	1.5036e-009	1.1802e-009	9.6087e-010	1.8048e-009	2.064e-009	2.0106e-009	2.0322e-009	2.6936e-009	3.5234e-009	5.1295e-009	8.5026e-009	1.1923e-008	2.0207e-008	2.789e-008	3.4392e-008	4.0093e-008	4.8536e-008	5.5984e-008	6.1798e-008	6.7173e-008	7.1717e-008	7.5019e-008	7.7392e-008	7.9919e-008	8.2746e-008	8.5638e-008	8.8444e-008	8.9607e-008	9.0911e-008	9.0527e-008	9.0133e-008	8.9938e-008	8.9963e-008	8.9031e-008	8.8773e-008	8.6889e-008	8.482e-008	8.3767e-008	8.1219e-008	7.8758e-008	7.6826e-008	7.4174e-008	7.188e-008	6.9869e-008	6.7162e-008	6.4999e-008	6.2359e-008	5.8868e-008	5.6539e-008	5.5121e-008	5.4219e-008	5.3134e-008	5.1241e-008	4.9103e-008	4.7427e-008	4.5458e-008	4.3897e-008	4.0474e-008	3.7746e-008	3.448e-008	3.227e-008	3.0216e-008	2.7468e-008	2.5292e-008	2.3017e-008	2.0867e-008	1.8685e-008	1.6731e-008	1.4201e-008	1.2302e-008	1.0088e-008	8.1978e-009	5.6619e-009	3.9813e-009	3.0246e-009	2.2164e-009	1.8539e-009	1.1862e-009	1.2615e-009	1.2624e-009	1.5168e-009	1.9991e-009	1.6099e-009	2.325e-009	2.6559e-009	3.2685e-009	4.6247e-009	7.2403e-009	9.7676e-009	1.2401e-008	1.5863e-008	2.0149e-008	2.4962e-008	2.9298e-008	3.4212e-008	3.8866e-008	4.4087e-008	4.9847e-008	5.5885e-008	6.0864e-008	6.4737e-008	7.1837e-008	7.729e-008	8.04e-008	8.2549e-008	8.4968e-008	8.8201e-008	8.9763e-008	9.1208e-008	9.1163e-008	9.03e-008	9.037e-008	8.926e-008	8.7788e-008	8.7622e-008	8.7562e-008	8.5666e-008	8.473e-008	8.2124e-008	7.9513e-008	7.7645e-008	7.5386e-008	7.282e-008	7.1878e-008	6.9903e-008	6.7215e-008	6.5834e-008	6.45e-008	6.1006e-008	5.8818e-008	5.7151e-008	5.4231e-008	5.1666e-008	4.8178e-008	4.6137e-008	4.4124e-008	4.1294e-008	3.9126e-008	3.6584e-008	3.488e-008	3.217e-008	2.9775e-008
9.888e-008	9.7728e-008	9.7625e-008	9.5623e-008	9.3084e-008	9.0509e-008	8.8489e-008	8.368e-008	8.0083e-008	7.8706e-008	7.6876e-008	7.4644e-008	7.2852e-008	7.0967e-008	6.8479e-008	6.5655e-008	6.347e-008	6.1916e-008	5.9991e-008	5.6883e-008	5.2552e-008	5.192e-008	5.0385e-008	4.743e-008	4.482e-008	4.267e-008	4.0619e-008	3.828e-008	3.6559e-008	3.3517e-008	3.1035e-008	2.9098e-008	2.719e-008	2.4423e-008	2.1849e-008	2.0308e-008	1.88e-008	1.7358e-008	1.5483e-008	1.288e-008	1.0856e-008	9.3075e-009	8.0976e-009	7.7398e-009	6.8022e-009	6.5743e-009	7.2063e-009	7.3945e-009	6.8778e-009	6.8395e-009	6.6913e-009	6.9367e-009	7.2402e-009	7.2487e-009	7.9163e-009	7.9072e-009	8.1577e-009	8.6139e-009	9.9544e-009	1.1486e-008	1.4746e-008	2.0123e-008	2.4543e-008	3.0123e-008	3.7648e-008	4.4946e-008	5.1904e-008	5.9417e-008	6.516e-008	7.1453e-008	7.7299e-008	8.224e-008	8.4467e-008	8.7284e-008	9.0057e-008	9.2566e-008	9.3574e-008	9.4128e-008	9.4327e-008	9.4159e-008	9.2896e-008	9.0942e-008	9.0467e-008	8.9142e-008	8.81e-008	8.5434e-008	8.3977e-008	8.2808e-008	8.0044e-008	7.53e-008	7.4749e-008	7.3419e-008	7.2136e-008	7.0766e-008	6.8999e-008	6.4944e-008	6.2865e-008	6.1452e-008	5.8621e-008	5.7152e-008	5.2988e-008	4.9141e-008	4.7144e-008	4.4847e-008	4.3096e-008	4.1e-008	3.8916e-008	3.6912e-008	3.3841e-008	3.1075e-008	2.9829e-008	2.8165e-008	2.5214e-008	2.2595e-008	2.0502e-008	1.892e-008	1.6146e-008	1.2952e-008	1.0605e-008	9.0976e-009	7.1509e-009	6.9742e-009	6.8275e-009	6.102e-009	6.165e-009	5.3288e-009	5.0591e-009	5.1008e-009	5.165e-009	4.5111e-009	5.0595e-009	4.7814e-009	5.0812e-009	5.0376e-009	5.3898e-009	5.6623e-009	6.1299e-009	6.8812e-009	8.3448e-009	1.0132e-008	1.3546e-008	1.8874e-008	2.3447e-008	2.8369e-008	3.3763e-008	4.1951e-008	5.0135e-008	5.8935e-008	6.4855e-008	7e-008	7.5573e-008	8.0013e-008	8.2834e-008	8.5034e-008	8.7173e-008	9.0037e-008	9.171e-008	9.3089e-008	9.327e-008	9.3197e-008	9.3325e-008	9.1698e-008	9.078e-008	9.0458e-008	8.9297e-008	8.6195e-008	8.3674e-008	8.2589e-008	8.2157e-008	7.9942e-008	7.7451e-008	7.5184e-008	7.211e-008	6.8318e-008	6.624e-008	6.3531e-008	6.271e-008	6.0843e-008	5.9178e-008	5.5143e-008	5.2906e-008	5.0881e-008	4.7932e-008	4.5035e-008	4.193e-008	3.9927e-008	3.8133e-008	3.5859e-008	3.3295e-008	3.2204e-008	2.9178e-008	2.5464e-008	2.4855e-008	2.316e-008	2.0384e-008	1.7655e-008	1.5602e-008	1.4905e-008	1.3104e-008	1.1423e-008	8.9525e-009	7.0058e-009	5.9154e-009	5.1731e-009	4.8201e-009	4.5151e-009	4.3818e-009	4.0681e-009	4.0388e-009	4.046e-009	4.4532e-009	4.4056e-009	4.6119e-009	4.5174e-009	5.2186e-009	5.5126e-009	6.7575e-009	8.6709e-009	1.0979e-008	1.4207e-008	1.8512e-008	2.2765e-008	2.7462e-008	3.4707e-008	4.1799e-008	4.753e-008	5.2846e-008	5.9987e-008	6.8003e-008	7.5492e-008	7.9096e-008	8.0985e-008	8.3068e-008	8.536e-008	8.8802e-008	9.1556e-008	9.2358e-008	9.2903e-008	9.2409e-008	9.217e-008	9.3056e-008	9.2838e-008	9.0741e-008	8.9812e-008	8.8404e-008	8.4737e-008	8.3097e-008	8.078e-008	7.8997e-008	7.6624e-008	7.442e-008	7.2611e-008	7.0535e-008	6.7985e-008	6.5848e-008	6.4702e-008	6.3535e-008	6.2204e-008	5.9925e-008	5.7905e-008	5.5869e-008	5.427e-008	4.9918e-008	4.6274e-008	4.4964e-008	4.3111e-008	3.9738e-008	3.7166e-008	3.3767e-008	3.1726e-008	2.9098e-008	2.6961e-008	2.4819e-008	2.3006e-008	2.0313e-008	1.637e-008	1.422e-008	1.3127e-008	1.0458e-008	7.8572e-009	6.1066e-009	4.8204e-009	4.1771e-009	3.4715e-009	3.1727e-009	2.8017e-009	3.1709e-009	3.0782e-009	2.86e-009	2.4601e-009	3.6397e-009	3.5776e-009	3.0786e-009	3.3597e-009	4.1481e-009	4.7578e-009	5.5327e-009	7.3783e-009	9.0514e-009	1.1333e-008	1.6056e-008	2.2642e-008	2.8766e-008	3.4367e-008	4.0631e-008	5.0535e-008	5.7443e-008	6.2726e-008	6.8394e-008	7.2458e-008	7.5235e-008	7.9724e-008	8.3006e-008	8.4935e-008	8.6766e-008	8.9253e-008	9.0733e-008	9.1221e-008	9.1215e-008	9.1264e-008	9.1262e-008	9.0467e-008	8.9781e-008	8.8526e-008	8.7124e-008	8.6027e-008	8.4899e-008	8.3429e-008	8.2106e-008	7.9179e-008	7.6541e-008	7.4403e-008	7.2259e-008	6.9566e-008	6.8065e-008	6.6247e-008	6.3682e-008	5.9625e-008	5.8065e-008	5.434e-008	5.1203e-008	4.8737e-008	4.8243e-008	4.486e-008	4.1383e-008	3.7877e-008	3.449e-008	3.2577e-008	3.0594e-008	2.771e-008	2.4413e-008	2.1397e-008	1.8612e-008	1.6044e-008	1.2593e-008	9.8073e-009	8.1438e-009	5.9109e-009	4.6651e-009	3.2732e-009	2.5678e-009	2.2849e-009	1.7774e-009	1.3797e-009	1.4326e-009	1.3153e-009	1.3283e-009	1.681e-009	1.8638e-009	1.7671e-009	2.0857e-009	1.3751e-009	1.4908e-009	2.3835e-009	2.6402e-009	2.7313e-009	2.8754e-009	3.2531e-009	4.229e-009	6.3676e-009	9.7314e-009	1.4042e-008	2.0318e-008	2.9207e-008	3.5317e-008	4.2525e-008	4.9932e-008	5.6116e-008	6.2362e-008	6.7309e-008	7.2183e-008	7.5281e-008	7.7273e-008	7.9819e-008	8.2595e-008	8.5768e-008	8.9185e-008	9.0031e-008	9.1347e-008	9.0747e-008	9.0512e-008	8.9797e-008	8.9245e-008	8.8065e-008	8.6984e-008	8.5879e-008	8.5889e-008	8.4188e-008	8.1259e-008	7.9144e-008	7.6873e-008	7.393e-008	7.2599e-008	7.0376e-008	6.707e-008	6.4652e-008	6.1947e-008	6.0064e-008	5.7399e-008	5.625e-008	5.5089e-008	5.3579e-008	5.0974e-008	4.9589e-008	4.7665e-008	4.5731e-008	4.3771e-008	4.2037e-008	3.8866e-008	3.5564e-008	3.3014e-008	3.03e-008	2.7538e-008	2.5419e-008	2.2755e-008	2.0876e-008	1.7658e-008	1.6625e-008	1.4103e-008	1.185e-008	1.0491e-008	8.4871e-009	6.4597e-009	4.5892e-009	2.8722e-009	2.0661e-009	1.9797e-009	1.8664e-009	1.9093e-009	2.0359e-009	2.1599e-009	2.3811e-009	2.0946e-009	2.8008e-009	3.2094e-009	3.8937e-009	4.8811e-009	6.5677e-009	1.0165e-008	1.247e-008	1.6966e-008	2.1794e-008	2.616e-008	3.0655e-008	3.5915e-008	3.9883e-008	4.4989e-008	5.0473e-008	5.6412e-008	6.0856e-008	6.5211e-008	7.1834e-008	7.7416e-008	8.0928e-008	8.3626e-008	8.6541e-008	8.8671e-008	8.9413e-008	9.1006e-008	9.0528e-008	9.0801e-008	9.0722e-008	8.9952e-008	8.8706e-008	8.8567e-008	8.6997e-008	8.6222e-008	8.4975e-008	8.2014e-008	8.0038e-008	7.7739e-008	7.6389e-008	7.4551e-008	7.2242e-008	7.0423e-008	6.7968e-008	6.599e-008	6.4655e-008	6.1695e-008	5.9616e-008	5.774e-008	5.5182e-008	5.2504e-008	4.9457e-008	4.7355e-008	4.6342e-008	4.2627e-008	4.1175e-008	3.8172e-008	3.5824e-008	3.2276e-008	3.0349e-008
9.9885e-008	9.8309e-008	9.7126e-008	9.516e-008	9.3409e-008	9.094e-008	8.8453e-008	8.6417e-008	8.1473e-008	8.0337e-008	7.78e-008	7.5348e-008	7.327e-008	7.0841e-008	6.7897e-008	6.6319e-008	6.3801e-008	6.2435e-008	5.6543e-008	5.5449e-008	5.4602e-008	5.1539e-008	5.0474e-008	4.8865e-008	4.5379e-008	4.2791e-008	4.0451e-008	3.8256e-008	3.6208e-008	3.3518e-008	3.1796e-008	2.9628e-008	2.7555e-008	2.5221e-008	2.2441e-008	2.0342e-008	1.8218e-008	1.7539e-008	1.5326e-008	1.3501e-008	1.1058e-008	9.6067e-009	8.5891e-009	8.0951e-009	7.5737e-009	7.171e-009	7.4125e-009	7.5569e-009	6.7613e-009	7.2166e-009	7.3129e-009	7.0783e-009	7.3086e-009	7.5889e-009	8.2864e-009	8.2617e-009	8.6809e-009	9.4781e-009	1.0646e-008	1.2106e-008	1.6162e-008	2.0507e-008	2.5083e-008	3.0213e-008	3.8516e-008	4.6412e-008	5.1805e-008	5.9259e-008	6.5185e-008	7.1637e-008	7.8643e-008	8.268e-008	8.5451e-008	8.8158e-008	9.1172e-008	9.3109e-008	9.382e-008	9.489e-008	9.5959e-008	9.5391e-008	9.3877e-008	9.2391e-008	9.1368e-008	9.0447e-008	8.9001e-008	8.704e-008	8.5576e-008	8.3457e-008	8.1692e-008	7.9374e-008	7.6127e-008	7.4814e-008	7.3151e-008	7.0843e-008	6.8026e-008	6.6278e-008	6.3252e-008	6.2219e-008	5.9711e-008	5.7846e-008	5.3761e-008	5.0386e-008	4.7598e-008	4.5991e-008	4.3991e-008	4.1306e-008	3.9051e-008	3.6967e-008	3.4118e-008	3.2506e-008	3.034e-008	2.8792e-008	2.605e-008	2.3601e-008	2.131e-008	1.9308e-008	1.671e-008	1.3701e-008	1.0486e-008	9.7269e-009	8.2261e-009	7.7615e-009	7.3735e-009	6.7582e-009	6.6278e-009	5.7085e-009	5.378e-009	5.0591e-009	4.8315e-009	4.9294e-009	5.2799e-009	4.6303e-009	5.0663e-009	5.7352e-009	5.9649e-009	6.0029e-009	6.4728e-009	6.882e-009	8.2754e-009	1.118e-008	1.4111e-008	1.9537e-008	2.4716e-008	2.931e-008	3.4698e-008	4.4381e-008	5.0922e-008	5.8088e-008	6.4578e-008	6.9914e-008	7.7102e-008	7.9961e-008	8.3838e-008	8.6273e-008	8.7837e-008	8.9972e-008	9.2382e-008	9.2971e-008	9.3979e-008	9.3696e-008	9.3622e-008	9.3571e-008	9.3421e-008	9.2416e-008	9.0402e-008	8.7207e-008	8.4611e-008	8.2826e-008	8.263e-008	7.9998e-008	7.7998e-008	7.6489e-008	7.1584e-008	6.9348e-008	6.6589e-008	6.3898e-008	6.2661e-008	6.0615e-008	5.8865e-008	5.5638e-008	5.3539e-008	5.076e-008	4.8191e-008	4.5833e-008	4.2577e-008	4.0928e-008	3.9551e-008	3.5883e-008	3.3785e-008	3.2449e-008	2.9738e-008	2.6918e-008	2.4242e-008	2.207e-008	2.0342e-008	1.8381e-008	1.6382e-008	1.4884e-008	1.2505e-008	1.1294e-008	9.0129e-009	7.3725e-009	6.1609e-009	5.4256e-009	4.9753e-009	5.3636e-009	4.9075e-009	4.8864e-009	4.743e-009	4.9582e-009	5.1685e-009	4.7123e-009	5.1598e-009	5.5876e-009	5.9317e-009	6.5195e-009	7.9105e-009	9.677e-009	1.0939e-008	1.4869e-008	2.0153e-008	2.5141e-008	3.0518e-008	3.6783e-008	4.3525e-008	4.9318e-008	5.4729e-008	6.1166e-008	6.9528e-008	7.4776e-008	7.9064e-008	8.1435e-008	8.3309e-008	8.5936e-008	8.8905e-008	9.2651e-008	9.3591e-008	9.3362e-008	9.3303e-008	9.3746e-008	9.3806e-008	9.2256e-008	9.1267e-008	8.9884e-008	8.8859e-008	8.6378e-008	8.4192e-008	8.1994e-008	7.9787e-008	7.7682e-008	7.552e-008	7.3842e-008	7.189e-008	6.9212e-008	6.6933e-008	6.5325e-008	6.3315e-008	6.1139e-008	5.9949e-008	5.7684e-008	5.5091e-008	5.1658e-008	4.8826e-008	4.6418e-008	4.5302e-008	4.3644e-008	4.0864e-008	3.5457e-008	3.4081e-008	3.2705e-008	3.0188e-008	2.724e-008	2.5435e-008	2.3785e-008	2.0751e-008	1.8155e-008	1.4821e-008	1.3808e-008	1.1157e-008	8.8938e-009	7.1892e-009	5.5606e-009	4.8329e-009	3.9924e-009	3.4761e-009	3.3904e-009	3.3581e-009	3.4595e-009	3.4303e-009	3.3254e-009	3.5236e-009	3.8699e-009	3.8495e-009	4.2758e-009	4.1683e-009	4.7731e-009	5.4465e-009	7.4826e-009	1.0173e-008	1.2847e-008	1.6686e-008	2.2931e-008	2.9726e-008	3.5066e-008	3.9931e-008	5.0537e-008	5.7838e-008	6.2641e-008	6.8617e-008	7.2115e-008	7.495e-008	7.9218e-008	8.2876e-008	8.4942e-008	8.722e-008	8.9282e-008	9.1156e-008	9.1798e-008	9.2027e-008	9.2183e-008	9.1861e-008	9.1767e-008	9.1231e-008	8.9795e-008	8.8004e-008	8.6262e-008	8.4341e-008	8.3532e-008	8.2249e-008	8.0691e-008	7.7271e-008	7.461e-008	7.3252e-008	7.0999e-008	6.9113e-008	6.6905e-008	6.2896e-008	6.0269e-008	5.8619e-008	5.475e-008	5.1834e-008	5.011e-008	4.8167e-008	4.2354e-008	4.1659e-008	3.9412e-008	3.5168e-008	3.327e-008	3.0748e-008	2.7572e-008	2.4481e-008	2.0704e-008	1.8644e-008	1.534e-008	1.3726e-008	1.0516e-008	9.1913e-009	6.8745e-009	4.573e-009	3.4854e-009	2.8828e-009	2.8066e-009	1.9146e-009	1.9294e-009	2.0857e-009	2.1216e-009	1.8045e-009	2.0937e-009	2.2972e-009	2.3237e-009	2.1772e-009	1.9608e-009	1.9876e-009	2.6691e-009	2.6716e-009	2.9973e-009	3.2164e-009	3.801e-009	4.9937e-009	7.3658e-009	1.0635e-008	1.5221e-008	2.1923e-008	2.9425e-008	3.5684e-008	4.323e-008	5.0081e-008	5.56e-008	6.1808e-008	6.7128e-008	7.1549e-008	7.4323e-008	7.7337e-008	7.9801e-008	8.2592e-008	8.548e-008	8.8605e-008	9.0459e-008	9.113e-008	9.0935e-008	9.0636e-008	9.0006e-008	8.8418e-008	8.7773e-008	8.6382e-008	8.6232e-008	8.6186e-008	8.5017e-008	8.2382e-008	7.8667e-008	7.6363e-008	7.4131e-008	7.2242e-008	6.9503e-008	6.6202e-008	6.4823e-008	6.2588e-008	6.1328e-008	5.9427e-008	5.7364e-008	5.5492e-008	5.3455e-008	5.1188e-008	4.9432e-008	4.8101e-008	4.5179e-008	4.3139e-008	3.9698e-008	3.8576e-008	3.6679e-008	3.3238e-008	3.0297e-008	2.7473e-008	2.4075e-008	2.2463e-008	1.9678e-008	1.846e-008	1.6598e-008	1.439e-008	1.2602e-008	9.9994e-009	8.4172e-009	6.7389e-009	4.8462e-009	3.5583e-009	2.9126e-009	2.6348e-009	2.2891e-009	2.4341e-009	1.9026e-009	2.018e-009	2.4962e-009	2.5955e-009	2.9381e-009	3.8503e-009	4.3564e-009	5.478e-009	7.37e-009	1.0011e-008	1.2716e-008	1.7461e-008	2.2339e-008	2.6621e-008	3.142e-008	3.6246e-008	4.1066e-008	4.6748e-008	5.0795e-008	5.6193e-008	6.0759e-008	6.5506e-008	7.2502e-008	7.8874e-008	8.201e-008	8.3703e-008	8.7209e-008	8.9201e-008	8.9584e-008	8.962e-008	8.978e-008	9.0364e-008	9.0527e-008	8.9812e-008	8.9322e-008	8.916e-008	8.6974e-008	8.6543e-008	8.5326e-008	8.2387e-008	7.9291e-008	7.7693e-008	7.6891e-008	7.5932e-008	7.4015e-008	7.2113e-008	6.7533e-008	6.6231e-008	6.4521e-008	6.1539e-008	6.0196e-008	5.8653e-008	5.5933e-008	5.3065e-008	4.9949e-008	4.8731e-008	4.629e-008	4.384e-008	4.1151e-008	3.8301e-008	3.573e-008	3.3578e-008	3.1851e-008
1.0008e-007	9.8893e-008	9.733e-008	9.5728e-008	9.3761e-008	9.0883e-008	8.8101e-008	8.5567e-008	8.3505e-008	8.0705e-008	7.8366e-008	7.6677e-008	7.2867e-008	7.0241e-008	6.765e-008	6.5911e-008	6.4121e-008	6.0759e-008	5.8449e-008	5.671e-008	5.4669e-008	5.3353e-008	5.1311e-008	4.9053e-008	4.576e-008	4.3604e-008	4.0572e-008	3.8583e-008	3.639e-008	3.4105e-008	3.2311e-008	3.0052e-008	2.7437e-008	2.4469e-008	2.3561e-008	2.0927e-008	1.9013e-008	1.7726e-008	1.5259e-008	1.3818e-008	1.1387e-008	9.9944e-009	9.157e-009	8.4422e-009	8.0744e-009	7.7395e-009	7.3291e-009	7.2109e-009	7.6732e-009	7.6977e-009	7.9547e-009	7.885e-009	7.302e-009	7.5672e-009	8.0362e-009	8.0276e-009	8.4812e-009	9.197e-009	1.0646e-008	1.2988e-008	1.652e-008	2.1072e-008	2.6344e-008	3.2436e-008	3.9288e-008	4.7511e-008	5.4119e-008	6.0162e-008	6.5084e-008	7.1331e-008	7.516e-008	8.2588e-008	8.6512e-008	8.9256e-008	9.2127e-008	9.3443e-008	9.4922e-008	9.5813e-008	9.6374e-008	9.5545e-008	9.4208e-008	9.2601e-008	9.2099e-008	9.0815e-008	8.9563e-008	8.7848e-008	8.6365e-008	8.4686e-008	8.2643e-008	8.122e-008	7.7466e-008	7.5392e-008	7.249e-008	7.1178e-008	6.8934e-008	6.8015e-008	6.5672e-008	6.3624e-008	6.1356e-008	5.8343e-008	5.2251e-008	5.0813e-008	4.8601e-008	4.6134e-008	4.4665e-008	4.1544e-008	3.947e-008	3.6586e-008	3.4643e-008	3.2645e-008	3.0235e-008	2.857e-008	2.7256e-008	2.3982e-008	2.1817e-008	1.9392e-008	1.7653e-008	1.4273e-008	1.1588e-008	9.9967e-009	8.7184e-009	8.3649e-009	7.7477e-009	6.9207e-009	6.0671e-009	5.7176e-009	6.05e-009	6.7673e-009	6.1266e-009	5.9361e-009	5.4478e-009	5.2394e-009	5.6423e-009	5.7294e-009	5.7e-009	5.8696e-009	6.2042e-009	7.7116e-009	8.4665e-009	1.1314e-008	1.5103e-008	1.9691e-008	2.5871e-008	3.0327e-008	3.5637e-008	4.3882e-008	5.2299e-008	5.7908e-008	6.4419e-008	7.0301e-008	7.7059e-008	8.0382e-008	8.3344e-008	8.6859e-008	8.8326e-008	9.0323e-008	9.2333e-008	9.3037e-008	9.3669e-008	9.3935e-008	9.4537e-008	9.4861e-008	9.4741e-008	9.3677e-008	9.1378e-008	8.7289e-008	8.3903e-008	8.3207e-008	8.1542e-008	7.9611e-008	7.8688e-008	7.5956e-008	7.3733e-008	6.8052e-008	6.5534e-008	6.3797e-008	6.3249e-008	6.0712e-008	5.7861e-008	5.6592e-008	5.4602e-008	5.2069e-008	4.8275e-008	4.6449e-008	4.378e-008	4.1245e-008	4.0121e-008	3.7265e-008	3.4527e-008	3.2073e-008	2.9723e-008	2.637e-008	2.4533e-008	2.254e-008	2.0336e-008	1.8218e-008	1.6677e-008	1.537e-008	1.291e-008	1.0724e-008	8.8737e-009	7.1271e-009	5.7064e-009	5.8082e-009	5.5903e-009	5.3007e-009	5.1194e-009	5.2194e-009	5.0478e-009	5.1996e-009	5.6103e-009	5.3994e-009	5.3378e-009	5.5251e-009	6.4721e-009	7.3767e-009	8.6548e-009	1.0067e-008	1.2123e-008	1.6704e-008	2.1269e-008	2.6202e-008	3.1773e-008	3.765e-008	4.3666e-008	5.0043e-008	5.6045e-008	6.2757e-008	6.8976e-008	7.4456e-008	7.7978e-008	8.0718e-008	8.2809e-008	8.643e-008	8.997e-008	9.1857e-008	9.3357e-008	9.3832e-008	9.3884e-008	9.4601e-008	9.4438e-008	9.2839e-008	9.0789e-008	9.0685e-008	8.9469e-008	8.7905e-008	8.4597e-008	8.2732e-008	8.0808e-008	7.685e-008	7.5919e-008	7.4843e-008	7.3027e-008	7.0908e-008	6.8337e-008	6.6046e-008	6.3973e-008	6.2017e-008	5.9239e-008	5.5353e-008	5.3556e-008	5.0705e-008	4.7615e-008	4.5878e-008	4.5198e-008	4.3721e-008	4.1098e-008	3.8299e-008	3.5788e-008	3.3466e-008	3.0338e-008	2.7125e-008	2.6125e-008	2.3379e-008	2.0595e-008	1.8146e-008	1.5615e-008	1.3918e-008	1.0573e-008	9.2315e-009	7.2979e-009	5.6615e-009	4.7388e-009	4.1814e-009	3.5613e-009	3.3303e-009	3.3389e-009	3.5546e-009	3.5179e-009	3.5093e-009	3.2631e-009	3.3558e-009	4.0402e-009	4.46e-009	4.418e-009	4.6416e-009	5.131e-009	7.3522e-009	1.0349e-008	1.3232e-008	1.6278e-008	2.2528e-008	2.8912e-008	3.5685e-008	3.9843e-008	4.7159e-008	5.717e-008	6.1932e-008	6.7092e-008	7.1948e-008	7.5512e-008	7.979e-008	8.2838e-008	8.5272e-008	8.7442e-008	8.9846e-008	9.1358e-008	9.2209e-008	9.3463e-008	9.2968e-008	9.2794e-008	9.2727e-008	9.1778e-008	9.0198e-008	8.8158e-008	8.552e-008	8.4275e-008	8.346e-008	8.2721e-008	8.0706e-008	7.7848e-008	7.5217e-008	7.3781e-008	7.1963e-008	6.93e-008	6.629e-008	6.4371e-008	6.1465e-008	5.871e-008	5.4378e-008	5.2702e-008	5.1329e-008	4.9649e-008	4.6139e-008	4.2454e-008	3.9947e-008	3.586e-008	3.3586e-008	3.1021e-008	2.6015e-008	2.4202e-008	2.1127e-008	1.8894e-008	1.5607e-008	1.3665e-008	1.1738e-008	9.1939e-009	7.552e-009	5.6133e-009	4.0026e-009	2.6607e-009	2.6466e-009	2.142e-009	1.7937e-009	2.0207e-009	2.4148e-009	2.4276e-009	2.3126e-009	2.18e-009	1.9982e-009	2.0131e-009	2.2503e-009	2.1642e-009	2.6937e-009	2.6026e-009	3.0872e-009	3.1826e-009	3.5693e-009	5.3675e-009	7.9826e-009	1.2124e-008	1.5771e-008	2.1761e-008	2.8119e-008	3.6181e-008	4.3388e-008	4.8615e-008	5.5382e-008	6.0669e-008	6.7229e-008	7.1697e-008	7.4271e-008	7.6242e-008	7.9221e-008	8.2062e-008	8.5292e-008	8.825e-008	9.0415e-008	9.1402e-008	9.0787e-008	9.0649e-008	9.0272e-008	8.8598e-008	8.8318e-008	8.8399e-008	8.7023e-008	8.592e-008	8.4767e-008	8.1124e-008	7.8529e-008	7.574e-008	7.3788e-008	7.1532e-008	7.0506e-008	6.8227e-008	6.491e-008	6.343e-008	6.1825e-008	6.0215e-008	5.7722e-008	5.5226e-008	5.3594e-008	5.1603e-008	4.8991e-008	4.7051e-008	4.5049e-008	4.2378e-008	4.0972e-008	3.9589e-008	3.6236e-008	3.3477e-008	2.848e-008	2.7151e-008	2.508e-008	2.2933e-008	2.0046e-008	1.8344e-008	1.6128e-008	1.3903e-008	1.2253e-008	9.9108e-009	7.9682e-009	6.5479e-009	5.5139e-009	4.1019e-009	3.1987e-009	3.3985e-009	2.5906e-009	2.4103e-009	2.116e-009	2.5512e-009	2.6296e-009	2.7208e-009	2.8627e-009	3.5861e-009	4.228e-009	5.69e-009	7.2649e-009	9.4455e-009	1.2615e-008	1.5973e-008	2.1907e-008	2.5695e-008	3.0608e-008	3.5544e-008	4.166e-008	4.704e-008	5.1376e-008	5.5914e-008	6.1343e-008	6.6052e-008	7.3073e-008	7.9635e-008	8.2266e-008	8.4302e-008	8.645e-008	8.8062e-008	8.8927e-008	8.9732e-008	8.9342e-008	8.9585e-008	8.9677e-008	8.9018e-008	8.9236e-008	8.9015e-008	8.7761e-008	8.7605e-008	8.5717e-008	7.929e-008	7.9452e-008	7.7801e-008	7.6854e-008	7.5003e-008	7.4285e-008	7.2529e-008	6.9712e-008	6.7154e-008	6.5226e-008	6.3887e-008	6.2256e-008	5.9689e-008	5.5231e-008	5.2841e-008	5.1281e-008	4.8764e-008	4.7102e-008	4.4239e-008	4.2134e-008	3.9129e-008	3.6629e-008	3.385e-008	3.2562e-008
9.8003e-008	9.7473e-008	9.5663e-008	9.4719e-008	9.2603e-008	8.9242e-008	8.6529e-008	8.437e-008	8.2476e-008	8.0968e-008	7.8631e-008	7.6573e-008	7.2405e-008	6.9393e-008	6.6962e-008	6.5668e-008	6.4092e-008	6.1472e-008	5.84e-008	5.6431e-008	5.4545e-008	5.3212e-008	5.1746e-008	4.9413e-008	4.5946e-008	4.2848e-008	4.011e-008	3.6731e-008	3.5771e-008	3.3914e-008	3.223e-008	3.0195e-008	2.7617e-008	2.5107e-008	2.3571e-008	2.1139e-008	1.8883e-008	1.6763e-008	1.5217e-008	1.3226e-008	1.1215e-008	1.0137e-008	8.9311e-009	7.8599e-009	7.5894e-009	7.7159e-009	7.3935e-009	7.5162e-009	7.5094e-009	7.5812e-009	7.1902e-009	7.1284e-009	7.2048e-009	7.5382e-009	8.0454e-009	8.3237e-009	8.3835e-009	8.9586e-009	1.0139e-008	1.2607e-008	1.6361e-008	2.1383e-008	2.6236e-008	3.3218e-008	3.9954e-008	4.7121e-008	5.4453e-008	5.9682e-008	6.4129e-008	7.0237e-008	7.65e-008	8.2722e-008	8.6227e-008	8.8832e-008	9.1851e-008	9.3232e-008	9.4705e-008	9.5533e-008	9.5693e-008	9.528e-008	9.3901e-008	9.2875e-008	9.2558e-008	9.1619e-008	9.0599e-008	8.8552e-008	8.7131e-008	8.5627e-008	8.2858e-008	8.1238e-008	7.8178e-008	7.4513e-008	7.2785e-008	7.13e-008	6.9649e-008	6.7422e-008	6.5128e-008	6.3551e-008	6.0939e-008	5.7999e-008	5.3707e-008	5.0662e-008	4.8417e-008	4.6222e-008	4.4189e-008	4.1784e-008	3.9121e-008	3.6495e-008	3.4531e-008	3.247e-008	2.983e-008	2.7945e-008	2.6648e-008	2.4233e-008	2.2616e-008	1.9581e-008	1.7281e-008	1.4241e-008	1.2178e-008	1.0696e-008	9.5782e-009	8.0758e-009	7.6951e-009	7.0638e-009	5.7257e-009	5.5833e-009	5.9e-009	6.1651e-009	6.1484e-009	6.1676e-009	5.3808e-009	5.5132e-009	5.5456e-009	5.5972e-009	5.5058e-009	5.5488e-009	6.6717e-009	8.1387e-009	9.9683e-009	1.1588e-008	1.4775e-008	1.9596e-008	2.5945e-008	3.1197e-008	3.7052e-008	4.4111e-008	5.1509e-008	5.7952e-008	6.469e-008	7.1585e-008	7.6196e-008	7.9913e-008	8.2352e-008	8.5913e-008	8.7664e-008	9.0676e-008	9.1981e-008	9.2957e-008	9.405e-008	9.5142e-008	9.527e-008	9.5217e-008	9.4887e-008	9.2327e-008	8.9775e-008	8.8382e-008	8.5914e-008	8.3588e-008	8.1858e-008	7.9116e-008	7.7934e-008	7.5977e-008	7.4243e-008	6.965e-008	6.6093e-008	6.3988e-008	6.2872e-008	6.1832e-008	6.002e-008	5.7506e-008	5.4899e-008	5.1763e-008	4.8223e-008	4.5889e-008	4.3267e-008	4.1041e-008	3.9324e-008	3.5888e-008	3.344e-008	3.0806e-008	2.8573e-008	2.643e-008	2.4669e-008	2.2796e-008	2.0914e-008	1.7943e-008	1.6252e-008	1.4495e-008	1.2685e-008	1.0592e-008	8.2082e-009	6.8249e-009	5.829e-009	5.764e-009	5.6005e-009	5.3822e-009	4.7201e-009	4.5905e-009	4.6635e-009	4.8923e-009	5.3879e-009	5.5848e-009	5.2564e-009	5.4895e-009	6.2776e-009	7.2298e-009	8.7408e-009	1.0654e-008	1.2747e-008	1.6435e-008	2.1431e-008	2.6212e-008	3.1389e-008	3.6752e-008	4.3218e-008	4.9631e-008	5.6408e-008	6.2669e-008	6.8008e-008	7.4165e-008	7.7498e-008	7.9619e-008	8.2597e-008	8.5321e-008	8.9547e-008	9.1528e-008	9.3367e-008	9.3989e-008	9.4869e-008	9.5746e-008	9.5223e-008	9.357e-008	9.216e-008	9.1298e-008	8.9857e-008	8.9414e-008	8.7153e-008	8.3632e-008	8.2083e-008	8.0896e-008	7.8313e-008	7.5531e-008	7.3855e-008	7.0811e-008	6.8434e-008	6.6252e-008	6.439e-008	6.13e-008	5.9209e-008	5.5719e-008	5.376e-008	5.0533e-008	4.7945e-008	4.6385e-008	4.488e-008	4.3914e-008	4.1476e-008	3.7805e-008	3.5261e-008	3.3832e-008	3.0652e-008	2.7911e-008	2.5694e-008	2.1899e-008	2.0274e-008	1.8008e-008	1.5707e-008	1.4037e-008	1.1557e-008	8.8966e-009	7.3284e-009	6.2423e-009	5.1943e-009	4.3604e-009	3.4721e-009	3.2396e-009	3.6821e-009	3.5993e-009	3.3828e-009	4.1347e-009	4.2707e-009	3.671e-009	3.8724e-009	3.9908e-009	4.1662e-009	4.6914e-009	5.3676e-009	6.4931e-009	9.8922e-009	1.2546e-008	1.6271e-008	2.128e-008	2.8964e-008	3.5498e-008	4.0253e-008	4.6104e-008	5.4124e-008	6.1909e-008	6.6371e-008	7.0977e-008	7.5697e-008	7.9533e-008	8.4246e-008	8.6237e-008	8.7924e-008	9.0185e-008	9.1594e-008	9.1806e-008	9.3074e-008	9.3148e-008	9.3202e-008	9.3223e-008	9.269e-008	9.0803e-008	8.7888e-008	8.645e-008	8.4317e-008	8.3579e-008	8.197e-008	8.0048e-008	7.7862e-008	7.515e-008	7.3438e-008	7.1101e-008	6.8097e-008	6.5867e-008	6.3598e-008	6.1831e-008	5.8358e-008	5.5155e-008	5.3604e-008	5.2236e-008	4.9307e-008	4.5077e-008	4.2327e-008	3.9748e-008	3.6096e-008	3.344e-008	3.1203e-008	2.7204e-008	2.4849e-008	2.2786e-008	2.0052e-008	1.5964e-008	1.3626e-008	1.151e-008	8.7616e-009	6.79e-009	4.7124e-009	3.6202e-009	2.8099e-009	2.4318e-009	1.9451e-009	1.8349e-009	1.9044e-009	2.2781e-009	2.4126e-009	2.4294e-009	2.1159e-009	1.4756e-009	1.7449e-009	2.3882e-009	2.137e-009	2.258e-009	2.3623e-009	2.7705e-009	3.3344e-009	4.1182e-009	5.8852e-009	9.3183e-009	1.2699e-008	1.6897e-008	2.218e-008	2.8658e-008	3.6559e-008	4.3231e-008	4.8712e-008	5.5474e-008	6.1603e-008	6.6508e-008	7.0952e-008	7.3967e-008	7.619e-008	7.9112e-008	8.1714e-008	8.4818e-008	8.6629e-008	8.9995e-008	9.0963e-008	9.0306e-008	9.0451e-008	8.9928e-008	8.8654e-008	8.8392e-008	8.8774e-008	8.7777e-008	8.6236e-008	8.5201e-008	8.1768e-008	7.8179e-008	7.5847e-008	7.3826e-008	7.1562e-008	7.08e-008	6.838e-008	6.537e-008	6.3594e-008	6.2482e-008	6.0182e-008	5.7325e-008	5.5501e-008	5.3563e-008	5.1315e-008	4.8415e-008	4.5815e-008	4.4003e-008	4.185e-008	4.0392e-008	3.923e-008	3.5047e-008	3.2198e-008	2.9424e-008	2.7409e-008	2.5208e-008	2.206e-008	2.0035e-008	1.7684e-008	1.5857e-008	1.3978e-008	1.1082e-008	9.8521e-009	7.7939e-009	6.126e-009	5.0233e-009	3.8523e-009	3.4443e-009	2.9946e-009	2.162e-009	1.9552e-009	1.6597e-009	2.6123e-009	3.0173e-009	3.1657e-009	3.0701e-009	3.5053e-009	3.972e-009	5.6047e-009	7.5812e-009	9.9005e-009	1.2285e-008	1.5709e-008	2.0702e-008	2.5383e-008	2.936e-008	3.4661e-008	4.1457e-008	4.7119e-008	5.1173e-008	5.6971e-008	6.2274e-008	6.7453e-008	7.3101e-008	7.8628e-008	8.189e-008	8.4006e-008	8.5646e-008	8.872e-008	9.0497e-008	9.1037e-008	9.04e-008	9.0112e-008	8.9279e-008	8.8493e-008	8.9262e-008	8.8983e-008	8.8385e-008	8.8758e-008	8.7282e-008	8.5113e-008	7.985e-008	7.8966e-008	7.7688e-008	7.4632e-008	7.3589e-008	7.1569e-008	6.9298e-008	6.7229e-008	6.5698e-008	6.4332e-008	6.1996e-008	5.9799e-008	5.6253e-008	5.3061e-008	5.1388e-008	4.9945e-008	4.76e-008	4.3815e-008	4.1212e-008	3.7157e-008	3.5642e-008	3.4035e-008	3.2072e-008
9.6749e-008	9.6225e-008	9.4921e-008	9.3622e-008	9.1996e-008	8.8133e-008	8.6334e-008	8.4836e-008	8.3237e-008	8.0805e-008	7.8423e-008	7.6338e-008	7.1898e-008	6.9256e-008	6.7204e-008	6.5496e-008	6.4247e-008	6.1938e-008	5.9436e-008	5.7096e-008	5.4982e-008	5.3562e-008	5.2398e-008	4.8716e-008	4.6313e-008	4.305e-008	3.9441e-008	3.8279e-008	3.6876e-008	3.541e-008	3.2034e-008	3.0101e-008	2.7037e-008	2.4826e-008	2.2907e-008	2.0811e-008	1.9095e-008	1.7822e-008	1.5605e-008	1.3539e-008	1.1555e-008	1.0117e-008	8.9417e-009	8.1811e-009	7.9098e-009	7.691e-009	7.7845e-009	7.4908e-009	7.3525e-009	7.3421e-009	7.4522e-009	7.3943e-009	7.2218e-009	7.5349e-009	8.0734e-009	8.3273e-009	8.7052e-009	9.0734e-009	9.7843e-009	1.2806e-008	1.6283e-008	2.1855e-008	2.6094e-008	3.2137e-008	3.8854e-008	4.6223e-008	5.3352e-008	5.9552e-008	6.3716e-008	6.8386e-008	7.5005e-008	8.0099e-008	8.5035e-008	8.7996e-008	9.0727e-008	9.1967e-008	9.4343e-008	9.4349e-008	9.465e-008	9.4615e-008	9.3834e-008	9.2347e-008	9.189e-008	9.1444e-008	9.006e-008	8.8323e-008	8.8052e-008	8.6221e-008	8.4105e-008	8.0723e-008	7.8391e-008	7.4786e-008	7.2912e-008	7.1402e-008	6.895e-008	6.661e-008	6.4196e-008	6.3251e-008	6.0829e-008	5.765e-008	5.4067e-008	5.0475e-008	4.8495e-008	4.6857e-008	4.3969e-008	4.1888e-008	3.8657e-008	3.5473e-008	3.456e-008	3.2901e-008	3.0807e-008	2.7888e-008	2.5697e-008	2.3647e-008	2.0837e-008	1.9865e-008	1.7744e-008	1.4457e-008	1.2309e-008	1.0656e-008	9.4071e-009	7.646e-009	7.1612e-009	6.3964e-009	5.5332e-009	5.2748e-009	5.662e-009	5.3402e-009	5.4543e-009	5.4797e-009	5.3217e-009	5.3369e-009	5.5025e-009	5.6697e-009	5.7713e-009	5.7141e-009	6.5258e-009	7.9449e-009	1.0023e-008	1.1803e-008	1.5285e-008	2.0663e-008	2.547e-008	3.176e-008	3.8502e-008	4.5389e-008	5.1888e-008	5.8173e-008	6.4292e-008	7.0931e-008	7.4813e-008	7.8706e-008	8.1574e-008	8.4937e-008	8.7433e-008	9.0491e-008	9.2364e-008	9.3444e-008	9.5261e-008	9.5811e-008	9.5156e-008	9.4748e-008	9.3497e-008	9.1321e-008	8.9211e-008	8.8637e-008	8.6579e-008	8.3858e-008	8.2368e-008	7.9188e-008	7.7738e-008	7.6586e-008	7.4469e-008	7.0576e-008	6.5993e-008	6.4109e-008	6.2851e-008	6.2295e-008	6.0299e-008	5.7334e-008	5.52e-008	5.1005e-008	4.9125e-008	4.6013e-008	4.2101e-008	4.0272e-008	3.7535e-008	3.589e-008	3.2895e-008	3.0292e-008	2.8265e-008	2.6127e-008	2.4081e-008	2.2731e-008	2.0323e-008	1.7913e-008	1.601e-008	1.4337e-008	1.1975e-008	9.8962e-009	8.4261e-009	7.4055e-009	5.7127e-009	5.1951e-009	5.1454e-009	5.1014e-009	4.6553e-009	4.6224e-009	4.4067e-009	4.786e-009	4.9862e-009	5.7646e-009	5.5331e-009	5.2348e-009	6.5861e-009	7.4534e-009	8.8135e-009	1.0736e-008	1.3748e-008	1.7621e-008	2.1827e-008	2.6473e-008	3.1084e-008	3.6235e-008	4.2426e-008	4.9743e-008	5.5225e-008	6.3112e-008	6.7595e-008	7.2153e-008	7.677e-008	7.9481e-008	8.2329e-008	8.5056e-008	8.9288e-008	9.1262e-008	9.3351e-008	9.3776e-008	9.4829e-008	9.5401e-008	9.516e-008	9.3821e-008	9.2703e-008	9.1392e-008	9.0338e-008	8.9562e-008	8.6284e-008	8.454e-008	8.2204e-008	8.0633e-008	7.8044e-008	7.5611e-008	7.3194e-008	7.0509e-008	6.8165e-008	6.6113e-008	6.3617e-008	6.0068e-008	5.8348e-008	5.606e-008	5.3305e-008	4.95e-008	4.8079e-008	4.6272e-008	4.4816e-008	4.3056e-008	4.0155e-008	3.6544e-008	3.4778e-008	3.3358e-008	3.0206e-008	2.6655e-008	2.4089e-008	2.2377e-008	2.0234e-008	1.8772e-008	1.6023e-008	1.3849e-008	1.1379e-008	9.2483e-009	7.7362e-009	6.55e-009	5.6144e-009	4.6353e-009	3.9295e-009	4.1052e-009	3.7002e-009	3.7441e-009	3.7271e-009	4.0269e-009	4.0463e-009	4.1083e-009	3.5955e-009	3.7189e-009	4.0945e-009	4.807e-009	5.4318e-009	6.5554e-009	9.3791e-009	1.2819e-008	1.6063e-008	2.0828e-008	2.7859e-008	3.518e-008	4.211e-008	4.8191e-008	5.5437e-008	6.1909e-008	6.5777e-008	7.1342e-008	7.5876e-008	7.9229e-008	8.3714e-008	8.7529e-008	8.9529e-008	9.1166e-008	9.2142e-008	9.26e-008	9.3076e-008	9.361e-008	9.3537e-008	9.3618e-008	9.3041e-008	9.0901e-008	8.8272e-008	8.6205e-008	8.4826e-008	8.3796e-008	8.1311e-008	8.0033e-008	7.7136e-008	7.4344e-008	7.2433e-008	7.1255e-008	6.6889e-008	6.424e-008	6.3016e-008	6.0959e-008	5.86e-008	5.6303e-008	5.3798e-008	5.2065e-008	4.9399e-008	4.4732e-008	4.1749e-008	3.8943e-008	3.5979e-008	3.301e-008	3.032e-008	2.7969e-008	2.5769e-008	2.3657e-008	2.0113e-008	1.6358e-008	1.3223e-008	1.1714e-008	9.1789e-009	6.8186e-009	5.581e-009	4.5463e-009	2.8257e-009	1.9879e-009	1.6651e-009	1.9109e-009	2.5286e-009	2.4686e-009	2.1689e-009	2.5057e-009	2.5534e-009	2.1065e-009	2.3779e-009	2.525e-009	2.4319e-009	2.5729e-009	2.78e-009	3.0975e-009	3.2733e-009	4.1482e-009	6.0375e-009	8.4703e-009	1.2221e-008	1.7014e-008	2.2071e-008	2.6484e-008	3.4618e-008	4.2084e-008	4.9042e-008	5.6836e-008	6.2477e-008	6.6103e-008	7.0043e-008	7.3687e-008	7.6243e-008	7.8037e-008	8.176e-008	8.467e-008	8.6402e-008	8.8106e-008	8.9818e-008	8.9814e-008	8.9976e-008	8.9739e-008	8.8598e-008	8.8449e-008	8.8288e-008	8.7741e-008	8.6366e-008	8.4335e-008	8.0107e-008	7.8285e-008	7.5663e-008	7.421e-008	7.1784e-008	6.9937e-008	6.7994e-008	6.4902e-008	6.358e-008	6.2498e-008	5.9918e-008	5.768e-008	5.5507e-008	5.3563e-008	5.0562e-008	4.7885e-008	4.5667e-008	4.4143e-008	4.1699e-008	3.8906e-008	3.7196e-008	3.2889e-008	3.1451e-008	2.8907e-008	2.6708e-008	2.4408e-008	2.106e-008	1.9504e-008	1.7778e-008	1.5458e-008	1.365e-008	1.1155e-008	9.2385e-009	6.9902e-009	5.7335e-009	4.2452e-009	3.5386e-009	2.6286e-009	2.5452e-009	2.7855e-009	2.1406e-009	1.8547e-009	2.2073e-009	2.5573e-009	2.5486e-009	2.9962e-009	3.398e-009	3.803e-009	5.5538e-009	6.9374e-009	9.7258e-009	1.2517e-008	1.5978e-008	2.0867e-008	2.592e-008	2.9412e-008	3.4747e-008	4.1775e-008	4.6366e-008	5.1676e-008	5.7575e-008	6.3194e-008	6.774e-008	7.3003e-008	7.7171e-008	8.0793e-008	8.3702e-008	8.5451e-008	8.8812e-008	9.0275e-008	9.0865e-008	9.0307e-008	9.0122e-008	8.8959e-008	8.837e-008	8.8981e-008	8.869e-008	8.8834e-008	8.8457e-008	8.6794e-008	8.1875e-008	8.0506e-008	7.9261e-008	7.7909e-008	7.5637e-008	7.3576e-008	7.1256e-008	6.8797e-008	6.7005e-008	6.5025e-008	6.336e-008	6.2032e-008	5.8325e-008	5.4933e-008	5.3363e-008	5.2073e-008	5.0498e-008	4.7814e-008	4.4526e-008	4.1183e-008	3.8628e-008	3.7331e-008	3.4656e-008	3.2686e-008
9.6116e-008	9.554e-008	9.506e-008	9.3164e-008	9.0581e-008	8.8482e-008	8.6947e-008	8.4986e-008	8.3177e-008	8.0737e-008	7.8229e-008	7.5355e-008	7.3642e-008	6.9358e-008	6.8261e-008	6.6118e-008	6.3952e-008	6.2626e-008	5.9677e-008	5.7713e-008	5.5497e-008	5.3577e-008	5.0783e-008	4.8954e-008	4.6021e-008	4.3466e-008	3.9681e-008	3.8273e-008	3.6771e-008	3.5302e-008	3.1708e-008	2.9691e-008	2.5024e-008	2.4186e-008	2.3063e-008	2.1135e-008	1.9146e-008	1.7395e-008	1.4784e-008	1.3185e-008	1.2e-008	9.9002e-009	8.5572e-009	7.9932e-009	7.8157e-009	7.8473e-009	7.7058e-009	7.1906e-009	7.2091e-009	7.4821e-009	7.6517e-009	7.7362e-009	7.996e-009	7.7207e-009	7.8772e-009	8.4076e-009	8.6438e-009	9.0995e-009	1.1036e-008	1.3334e-008	1.7081e-008	2.1739e-008	2.6513e-008	3.2947e-008	3.941e-008	4.6491e-008	5.2803e-008	5.8223e-008	6.285e-008	6.738e-008	7.3069e-008	7.8781e-008	8.3385e-008	8.7744e-008	9.0319e-008	9.1033e-008	9.2842e-008	9.3165e-008	9.3545e-008	9.3977e-008	9.3509e-008	9.2453e-008	9.1269e-008	9.0207e-008	8.9454e-008	8.8341e-008	8.7766e-008	8.4271e-008	8.308e-008	8.1001e-008	7.8377e-008	7.4901e-008	7.312e-008	7.147e-008	6.9321e-008	6.6991e-008	6.4894e-008	6.3439e-008	6.1615e-008	5.7937e-008	5.4469e-008	5.1649e-008	4.9431e-008	4.741e-008	4.4608e-008	4.0896e-008	3.845e-008	3.6661e-008	3.4968e-008	3.2313e-008	3.0763e-008	2.8139e-008	2.4959e-008	2.3059e-008	2.1917e-008	1.9787e-008	1.7747e-008	1.5359e-008	1.2394e-008	1.0728e-008	9.0702e-009	7.8531e-009	6.9381e-009	6.452e-009	6.1565e-009	5.8513e-009	6.0402e-009	5.6068e-009	5.0952e-009	5.0681e-009	5.4027e-009	5.0524e-009	5.1994e-009	6.1269e-009	6.3668e-009	5.723e-009	6.6748e-009	8.2726e-009	1.0571e-008	1.2361e-008	1.6623e-008	2.1001e-008	2.5685e-008	3.2067e-008	3.9649e-008	4.7344e-008	5.3634e-008	5.9127e-008	6.4122e-008	6.9721e-008	7.5552e-008	7.8317e-008	8.1048e-008	8.4513e-008	8.7587e-008	8.9727e-008	9.2324e-008	9.4043e-008	9.4874e-008	9.508e-008	9.4666e-008	9.4699e-008	9.3261e-008	9.1713e-008	9.0324e-008	8.8692e-008	8.7113e-008	8.4633e-008	8.2239e-008	7.9234e-008	7.757e-008	7.5833e-008	7.3419e-008	6.979e-008	6.6969e-008	6.467e-008	6.3685e-008	6.2422e-008	6.0738e-008	5.766e-008	5.4221e-008	5.1017e-008	4.8995e-008	4.5272e-008	4.1935e-008	4.0362e-008	3.7757e-008	3.5885e-008	3.2685e-008	2.9688e-008	2.8054e-008	2.5973e-008	2.3809e-008	2.245e-008	2.0007e-008	1.7493e-008	1.6257e-008	1.3862e-008	1.2098e-008	9.9328e-009	8.9969e-009	7.3321e-009	6.226e-009	5.3727e-009	4.7258e-009	4.8604e-009	5.0172e-009	5.3025e-009	5.0372e-009	4.8638e-009	4.8105e-009	5.7997e-009	5.5319e-009	5.083e-009	6.3621e-009	7.4039e-009	9.0699e-009	1.1193e-008	1.4823e-008	1.8693e-008	2.2025e-008	2.5523e-008	3.0105e-008	3.6265e-008	4.1984e-008	5.0538e-008	5.8559e-008	6.3385e-008	6.668e-008	7.2318e-008	7.6272e-008	7.9182e-008	8.2295e-008	8.4562e-008	8.9097e-008	9.1654e-008	9.3362e-008	9.3595e-008	9.4747e-008	9.5408e-008	9.4867e-008	9.4352e-008	9.369e-008	9.2579e-008	9.1393e-008	8.9596e-008	8.7141e-008	8.4993e-008	8.2381e-008	8.0013e-008	7.7543e-008	7.4691e-008	7.2828e-008	7.0044e-008	6.8045e-008	6.569e-008	6.2447e-008	6.0223e-008	5.7953e-008	5.5839e-008	5.2864e-008	5.0979e-008	4.8286e-008	4.5934e-008	4.4185e-008	4.2557e-008	3.9396e-008	3.646e-008	3.4159e-008	3.3038e-008	2.7452e-008	2.6267e-008	2.4849e-008	2.3522e-008	2.0517e-008	1.8376e-008	1.5897e-008	1.3279e-008	1.1655e-008	9.7757e-009	8.127e-009	6.6142e-009	5.7734e-009	5.0883e-009	4.6444e-009	4.6916e-009	3.8877e-009	3.9054e-009	3.8709e-009	4.0547e-009	3.9996e-009	4.0826e-009	3.6157e-009	3.742e-009	4.272e-009	4.6789e-009	5.4781e-009	6.351e-009	9.4051e-009	1.2972e-008	1.6096e-008	2.1636e-008	2.8496e-008	3.7004e-008	4.3705e-008	5.0348e-008	5.7047e-008	6.3706e-008	6.7428e-008	7.1415e-008	7.7006e-008	8.0729e-008	8.5729e-008	8.7857e-008	8.9865e-008	9.1638e-008	9.3211e-008	9.422e-008	9.4811e-008	9.4576e-008	9.4722e-008	9.4112e-008	9.256e-008	9.1527e-008	8.9854e-008	8.7141e-008	8.6376e-008	8.4347e-008	8.2065e-008	7.9961e-008	7.5569e-008	7.3999e-008	7.2232e-008	7.0735e-008	6.8649e-008	6.4866e-008	6.325e-008	6.1677e-008	5.774e-008	5.6766e-008	5.3835e-008	5.2214e-008	4.979e-008	4.5372e-008	4.2526e-008	3.9126e-008	3.633e-008	3.3984e-008	3.1576e-008	2.9263e-008	2.6589e-008	2.3595e-008	1.9874e-008	1.7224e-008	1.4938e-008	1.1361e-008	9.2682e-009	7.5901e-009	5.9873e-009	4.5635e-009	3.1436e-009	2.3911e-009	2.2143e-009	2.1728e-009	2.6472e-009	2.663e-009	2.4903e-009	2.5937e-009	2.6815e-009	2.2223e-009	2.1644e-009	2.6988e-009	2.4275e-009	2.6242e-009	2.9157e-009	3.378e-009	4.0064e-009	4.9949e-009	6.9485e-009	9.4419e-009	1.2948e-008	1.7533e-008	2.1785e-008	2.7146e-008	3.3253e-008	4.2023e-008	5.0076e-008	5.7289e-008	6.2511e-008	6.6641e-008	7.061e-008	7.3226e-008	7.6418e-008	7.8591e-008	8.2765e-008	8.5455e-008	8.6937e-008	8.7853e-008	8.8965e-008	9.0239e-008	9.028e-008	8.9843e-008	8.8789e-008	8.7892e-008	8.8043e-008	8.7509e-008	8.6301e-008	8.3748e-008	8.0083e-008	7.763e-008	7.5493e-008	7.3661e-008	7.2308e-008	7.0455e-008	6.7878e-008	6.4801e-008	6.3989e-008	6.2305e-008	6.0955e-008	5.8821e-008	5.5523e-008	5.3394e-008	5.1564e-008	4.7928e-008	4.6211e-008	4.4541e-008	4.2167e-008	3.895e-008	3.6808e-008	3.3863e-008	3.1441e-008	2.909e-008	2.6398e-008	2.4318e-008	2.1405e-008	1.9287e-008	1.7238e-008	1.5004e-008	1.3436e-008	1.1214e-008	8.0886e-009	6.9663e-009	5.1904e-009	4.0551e-009	3.3179e-009	3.0161e-009	2.8394e-009	2.8389e-009	2.8806e-009	2.6048e-009	3.0163e-009	2.6187e-009	2.452e-009	3.0985e-009	3.501e-009	4.2491e-009	5.2419e-009	7.3512e-009	9.7787e-009	1.2641e-008	1.6765e-008	2.0141e-008	2.5583e-008	2.9708e-008	3.4917e-008	4.0854e-008	4.6818e-008	5.2488e-008	5.884e-008	6.3546e-008	6.8853e-008	7.3651e-008	7.6645e-008	8.0368e-008	8.3893e-008	8.4855e-008	8.8505e-008	8.9673e-008	9.0187e-008	9.0545e-008	8.9929e-008	8.9264e-008	8.8797e-008	8.9289e-008	8.9697e-008	8.8933e-008	8.799e-008	8.5183e-008	8.2664e-008	8.131e-008	8.0278e-008	7.86e-008	7.6328e-008	7.3057e-008	7.0455e-008	6.782e-008	6.6302e-008	6.509e-008	6.3824e-008	6.1574e-008	5.6037e-008	5.5033e-008	5.3352e-008	5.172e-008	5.0298e-008	4.7731e-008	4.4682e-008	4.1724e-008	4.0083e-008	3.8017e-008	3.5045e-008	3.2584e-008
9.6791e-008	9.5945e-008	9.4757e-008	9.3416e-008	8.9595e-008	8.8475e-008	8.7808e-008	8.5729e-008	8.432e-008	8.0219e-008	7.887e-008	7.5868e-008	7.3578e-008	7.0758e-008	6.8754e-008	6.688e-008	6.4795e-008	6.4089e-008	6.0959e-008	5.8352e-008	5.6605e-008	5.3815e-008	5.1606e-008	5.0456e-008	4.6173e-008	4.3613e-008	4.1112e-008	3.924e-008	3.6503e-008	3.4333e-008	3.216e-008	2.9065e-008	2.5588e-008	2.3762e-008	2.1812e-008	2.0751e-008	1.9237e-008	1.7055e-008	1.454e-008	1.3085e-008	1.1844e-008	1.0182e-008	8.612e-009	8.2411e-009	8.8552e-009	8.3817e-009	8.0322e-009	7.4953e-009	7.4256e-009	7.4502e-009	7.7481e-009	8.0689e-009	8.3799e-009	8.3188e-009	8.3237e-009	8.5801e-009	8.8909e-009	9.5236e-009	1.0833e-008	1.5166e-008	1.7264e-008	2.2106e-008	2.7948e-008	3.3515e-008	3.928e-008	4.7176e-008	5.3644e-008	5.8501e-008	6.2537e-008	6.7594e-008	7.3094e-008	7.7487e-008	8.2747e-008	8.7102e-008	9.0175e-008	9.1608e-008	9.187e-008	9.2568e-008	9.3564e-008	9.3687e-008	9.3126e-008	9.2533e-008	9.1515e-008	9.0359e-008	8.9197e-008	8.8439e-008	8.7549e-008	8.6141e-008	8.4502e-008	8.2243e-008	7.7636e-008	7.6088e-008	7.3819e-008	7.2436e-008	7.068e-008	6.7438e-008	6.5313e-008	6.2666e-008	6.0997e-008	5.9221e-008	5.5507e-008	5.1461e-008	4.9844e-008	4.7841e-008	4.5098e-008	3.9762e-008	3.8716e-008	3.7302e-008	3.5217e-008	3.3119e-008	3.0875e-008	2.812e-008	2.6385e-008	2.3315e-008	2.1838e-008	1.9649e-008	1.7328e-008	1.5613e-008	1.2732e-008	1.1404e-008	9.6357e-009	8.174e-009	7.1068e-009	6.1881e-009	6.2421e-009	6.1185e-009	6.098e-009	5.4303e-009	5.177e-009	5.1446e-009	5.2002e-009	5.1517e-009	5.4297e-009	6.2492e-009	6.0189e-009	6.0109e-009	6.974e-009	8.5626e-009	1.1118e-008	1.2918e-008	1.6603e-008	2.0279e-008	2.6013e-008	3.2265e-008	4.0019e-008	4.8783e-008	5.5113e-008	6.0054e-008	6.4366e-008	7.0327e-008	7.5339e-008	7.8861e-008	8.1902e-008	8.5081e-008	8.7997e-008	9.064e-008	9.2777e-008	9.4394e-008	9.5106e-008	9.513e-008	9.5269e-008	9.4235e-008	9.3045e-008	9.2483e-008	9.0992e-008	8.9567e-008	8.6412e-008	8.398e-008	8.0901e-008	7.8971e-008	7.6506e-008	7.5435e-008	7.3606e-008	7.0368e-008	6.7592e-008	6.5223e-008	6.4251e-008	6.2701e-008	6.0532e-008	5.5749e-008	5.3615e-008	5.1278e-008	4.88e-008	4.6115e-008	4.1573e-008	4.0648e-008	3.8102e-008	3.5809e-008	3.3076e-008	2.9877e-008	2.8297e-008	2.5959e-008	2.3886e-008	2.1975e-008	1.9418e-008	1.7861e-008	1.6338e-008	1.3703e-008	1.1872e-008	1.0365e-008	9.2541e-009	7.9314e-009	6.2955e-009	5.7896e-009	5.375e-009	5.0977e-009	5.081e-009	5.4882e-009	5.628e-009	4.6618e-009	4.3791e-009	4.8605e-009	5.1752e-009	5.325e-009	6.1691e-009	7.3115e-009	9.7919e-009	1.201e-008	1.6189e-008	1.8875e-008	2.0695e-008	2.5285e-008	3.0073e-008	3.6282e-008	4.1898e-008	5.0323e-008	5.6901e-008	6.3092e-008	6.6608e-008	7.1312e-008	7.557e-008	7.8042e-008	8.2331e-008	8.4752e-008	8.8265e-008	9.1029e-008	9.3145e-008	9.4738e-008	9.5786e-008	9.6002e-008	9.5955e-008	9.6015e-008	9.4726e-008	9.2371e-008	9.2362e-008	9.0888e-008	8.7378e-008	8.555e-008	8.3054e-008	7.9551e-008	7.7095e-008	7.443e-008	7.2379e-008	7.0081e-008	6.8187e-008	6.575e-008	6.373e-008	6.0628e-008	5.7988e-008	5.5035e-008	5.264e-008	5.1164e-008	4.8096e-008	4.5837e-008	4.4402e-008	4.2362e-008	3.8153e-008	3.6699e-008	3.3706e-008	3.1416e-008	2.8405e-008	2.7299e-008	2.566e-008	2.3337e-008	2.0985e-008	1.8786e-008	1.5769e-008	1.33e-008	1.1352e-008	9.9028e-009	7.61e-009	6.62e-009	6.3474e-009	5.2214e-009	4.5843e-009	4.4761e-009	4.1192e-009	3.7119e-009	4.0778e-009	3.8415e-009	3.9948e-009	4.0588e-009	3.5835e-009	3.8287e-009	4.4018e-009	4.6921e-009	5.7203e-009	6.8586e-009	8.6584e-009	1.2119e-008	1.5613e-008	2.0759e-008	2.919e-008	3.7153e-008	4.4701e-008	5.1814e-008	5.8843e-008	6.4602e-008	6.8249e-008	6.9801e-008	7.7713e-008	8.0291e-008	8.5122e-008	8.7086e-008	8.9818e-008	9.1799e-008	9.3989e-008	9.512e-008	9.4942e-008	9.537e-008	9.4795e-008	9.4121e-008	9.2302e-008	9.1351e-008	8.9744e-008	8.7388e-008	8.6106e-008	8.3922e-008	8.172e-008	7.9551e-008	7.6744e-008	7.4216e-008	7.205e-008	7.0421e-008	6.8001e-008	6.5865e-008	6.3963e-008	6.3084e-008	5.9465e-008	5.6499e-008	5.4246e-008	5.1883e-008	4.9481e-008	4.7468e-008	4.1658e-008	3.9398e-008	3.6056e-008	3.3751e-008	3.1024e-008	2.9004e-008	2.7017e-008	2.2472e-008	1.9587e-008	1.6742e-008	1.4784e-008	1.2295e-008	1.0335e-008	8.906e-009	6.6002e-009	5.3629e-009	4.0438e-009	2.9032e-009	2.6235e-009	2.3536e-009	2.2397e-009	2.0625e-009	2.1311e-009	2.9747e-009	2.2933e-009	2.2646e-009	1.7242e-009	2.1615e-009	2.0017e-009	2.5312e-009	2.6617e-009	3.5313e-009	4.4551e-009	5.2893e-009	7.3814e-009	9.8918e-009	1.3564e-008	1.7553e-008	2.1572e-008	2.6102e-008	3.3381e-008	4.235e-008	5.153e-008	5.7941e-008	6.3004e-008	6.6738e-008	7.0234e-008	7.3814e-008	7.6906e-008	7.9168e-008	8.2572e-008	8.4826e-008	8.6784e-008	8.7855e-008	8.9058e-008	9.0123e-008	9.0001e-008	8.9756e-008	8.8299e-008	8.7382e-008	8.6752e-008	8.6548e-008	8.5363e-008	8.1172e-008	7.9105e-008	7.6932e-008	7.4239e-008	7.3841e-008	7.3025e-008	7.0498e-008	6.7477e-008	6.5335e-008	6.2948e-008	6.1803e-008	6.0915e-008	5.728e-008	5.5359e-008	5.3896e-008	5.1632e-008	4.8074e-008	4.7031e-008	4.457e-008	4.0236e-008	3.8705e-008	3.5782e-008	3.2648e-008	3.0903e-008	2.969e-008	2.638e-008	2.3769e-008	2.1741e-008	1.8971e-008	1.634e-008	1.4316e-008	1.2414e-008	1.0893e-008	9.1235e-009	6.9565e-009	5.0962e-009	3.8898e-009	3.0358e-009	2.6745e-009	2.7203e-009	2.6794e-009	2.0769e-009	2.4986e-009	3.1241e-009	2.5951e-009	2.7441e-009	3.0569e-009	3.2582e-009	3.9262e-009	5.5182e-009	7.415e-009	9.8344e-009	1.2972e-008	1.629e-008	2.0065e-008	2.4929e-008	2.9127e-008	3.4785e-008	4.1485e-008	4.8175e-008	5.3657e-008	5.9578e-008	6.4525e-008	6.9541e-008	7.4104e-008	7.7854e-008	8.1217e-008	8.3871e-008	8.5073e-008	8.691e-008	8.8506e-008	9.0068e-008	9.0383e-008	8.9937e-008	8.9793e-008	8.8682e-008	8.8978e-008	8.9609e-008	8.8505e-008	8.6927e-008	8.4697e-008	8.2523e-008	8.1509e-008	8.0646e-008	7.8271e-008	7.6041e-008	7.1794e-008	6.991e-008	6.8181e-008	6.6425e-008	6.4928e-008	6.249e-008	6.0534e-008	5.7783e-008	5.5806e-008	5.3673e-008	5.1318e-008	4.9329e-008	4.6669e-008	4.395e-008	4.266e-008	4.0092e-008	3.7838e-008	3.4331e-008	3.2126e-008
9.7471e-008	9.5833e-008	9.4572e-008	9.2854e-008	9.0527e-008	8.9131e-008	8.8066e-008	8.6118e-008	8.3951e-008	7.9401e-008	7.7921e-008	7.608e-008	7.4297e-008	7.1863e-008	6.9911e-008	6.7134e-008	6.6124e-008	6.4154e-008	6.1154e-008	5.8878e-008	5.7462e-008	5.5263e-008	5.1818e-008	5.0241e-008	4.6414e-008	4.3768e-008	4.1415e-008	3.8516e-008	3.6623e-008	3.4168e-008	3.1975e-008	2.8628e-008	2.6036e-008	2.3882e-008	2.1865e-008	1.9565e-008	1.8453e-008	1.7061e-008	1.509e-008	1.3009e-008	1.1412e-008	1.0583e-008	8.7034e-009	8.4543e-009	8.5877e-009	7.9698e-009	7.7158e-009	7.6497e-009	7.641e-009	7.4841e-009	7.7202e-009	7.8148e-009	8.3914e-009	8.2521e-009	7.8572e-009	8.228e-009	8.7288e-009	9.6026e-009	1.178e-008	1.5459e-008	1.8077e-008	2.2134e-008	2.7788e-008	3.4404e-008	4.0273e-008	4.7916e-008	5.4525e-008	5.9508e-008	6.2659e-008	6.8207e-008	7.3678e-008	7.781e-008	8.2246e-008	8.6858e-008	8.9629e-008	9.1587e-008	9.2256e-008	9.3718e-008	9.431e-008	9.4102e-008	9.2933e-008	9.256e-008	9.2349e-008	9.0008e-008	8.8812e-008	8.7444e-008	8.6147e-008	8.578e-008	8.45e-008	8.2714e-008	7.8654e-008	7.6139e-008	7.4591e-008	7.2393e-008	6.9978e-008	6.7426e-008	6.5432e-008	6.3117e-008	6.1331e-008	5.8799e-008	5.4794e-008	5.1596e-008	5.0332e-008	4.7535e-008	4.516e-008	4.2192e-008	3.9687e-008	3.8184e-008	3.6335e-008	3.3133e-008	3.1596e-008	2.8626e-008	2.6348e-008	2.4227e-008	2.1882e-008	1.8828e-008	1.7262e-008	1.5181e-008	1.3102e-008	1.1312e-008	9.8302e-009	8.5944e-009	7.6524e-009	6.1359e-009	5.9543e-009	5.8059e-009	5.8199e-009	5.2327e-009	4.9681e-009	4.5482e-009	5.0106e-009	5.3669e-009	5.4528e-009	6.0868e-009	6.3441e-009	6.5399e-009	7.1659e-009	8.6492e-009	1.1232e-008	1.3342e-008	1.6811e-008	2.0951e-008	2.5437e-008	3.1177e-008	3.879e-008	4.7705e-008	5.3662e-008	6.0409e-008	6.4371e-008	7.0628e-008	7.5853e-008	7.8491e-008	8.1812e-008	8.502e-008	8.9318e-008	9.1029e-008	9.2351e-008	9.352e-008	9.4963e-008	9.4909e-008	9.5168e-008	9.4672e-008	9.4993e-008	9.3452e-008	9.2119e-008	9.002e-008	8.6598e-008	8.443e-008	8.1403e-008	7.9223e-008	7.6662e-008	7.4934e-008	7.2503e-008	7.0924e-008	6.8114e-008	6.6267e-008	6.4672e-008	6.2937e-008	6.0477e-008	5.5439e-008	5.41e-008	5.1846e-008	4.8543e-008	4.5515e-008	4.3257e-008	4.0019e-008	3.8662e-008	3.5214e-008	3.3497e-008	3.1044e-008	2.8324e-008	2.5595e-008	2.3821e-008	2.188e-008	1.9358e-008	1.7089e-008	1.481e-008	1.3175e-008	1.1146e-008	1.0432e-008	9.1634e-009	7.5804e-009	6.251e-009	5.5184e-009	5.0067e-009	5.2272e-009	5.3995e-009	5.0457e-009	4.9908e-009	4.4208e-009	4.7659e-009	5.6535e-009	5.4332e-009	5.8351e-009	6.3939e-009	7.2422e-009	9.5759e-009	1.2599e-008	1.5933e-008	1.8873e-008	2.0871e-008	2.4143e-008	2.9522e-008	3.5278e-008	4.1572e-008	4.9959e-008	5.704e-008	6.2109e-008	6.6742e-008	7.0227e-008	7.5317e-008	7.9531e-008	8.2506e-008	8.5457e-008	8.8581e-008	9.1461e-008	9.4066e-008	9.5534e-008	9.6556e-008	9.7432e-008	9.6469e-008	9.6356e-008	9.6004e-008	9.5637e-008	9.3296e-008	9.0982e-008	8.7481e-008	8.6338e-008	8.487e-008	8.0173e-008	7.7119e-008	7.4361e-008	7.2056e-008	6.9565e-008	6.7012e-008	6.5579e-008	6.3962e-008	6.081e-008	5.7389e-008	5.454e-008	5.2727e-008	5.1102e-008	4.8926e-008	4.6061e-008	4.3989e-008	4.1871e-008	3.8817e-008	3.6529e-008	3.3872e-008	3.2079e-008	2.9875e-008	2.728e-008	2.5521e-008	2.2964e-008	2.1248e-008	1.8249e-008	1.6199e-008	1.4583e-008	1.165e-008	9.8974e-009	8.3078e-009	7.1613e-009	6.6753e-009	5.8337e-009	4.5339e-009	4.6079e-009	4.4301e-009	4.0786e-009	4.2323e-009	4.0679e-009	4.2943e-009	4.3323e-009	3.4539e-009	3.8186e-009	4.416e-009	4.6436e-009	5.8025e-009	6.6105e-009	8.4805e-009	1.1412e-008	1.5018e-008	1.8843e-008	2.7611e-008	3.7386e-008	4.4712e-008	5.1752e-008	5.7624e-008	6.3188e-008	6.779e-008	7.4088e-008	7.8261e-008	8.121e-008	8.4909e-008	8.8302e-008	9.0099e-008	9.1124e-008	9.3899e-008	9.4419e-008	9.4591e-008	9.4914e-008	9.4696e-008	9.4496e-008	9.256e-008	9.0773e-008	8.8463e-008	8.7127e-008	8.6209e-008	8.309e-008	8.1129e-008	7.996e-008	7.695e-008	7.3526e-008	7.1958e-008	7.078e-008	6.8399e-008	6.7005e-008	6.574e-008	6.3922e-008	6.1586e-008	5.6348e-008	5.3683e-008	5.1282e-008	5.0086e-008	4.7577e-008	4.3422e-008	3.956e-008	3.7512e-008	3.508e-008	3.156e-008	2.8722e-008	2.661e-008	2.283e-008	2.0495e-008	1.8052e-008	1.5285e-008	1.2593e-008	1.1306e-008	8.9632e-009	7.2812e-009	5.7265e-009	4.3915e-009	4.0652e-009	3.302e-009	2.2884e-009	2.3908e-009	1.7841e-009	2.2742e-009	2.6107e-009	2.1651e-009	2.4075e-009	2.4267e-009	2.0503e-009	2.1908e-009	2.7239e-009	2.9212e-009	3.6719e-009	4.4914e-009	5.4208e-009	7.824e-009	1.0057e-008	1.3491e-008	1.7913e-008	2.1842e-008	2.6962e-008	3.4647e-008	4.3415e-008	5.1071e-008	5.6557e-008	6.144e-008	6.6608e-008	6.9787e-008	7.3948e-008	7.6994e-008	7.9834e-008	8.2998e-008	8.4913e-008	8.7039e-008	8.8191e-008	8.9534e-008	9.0489e-008	9.1086e-008	9.0255e-008	8.9231e-008	8.6948e-008	8.5809e-008	8.5284e-008	8.4276e-008	8.186e-008	7.9268e-008	7.7166e-008	7.5031e-008	7.4251e-008	7.2898e-008	7.1096e-008	6.7931e-008	6.561e-008	6.3346e-008	6.1718e-008	6.0634e-008	5.7659e-008	5.5609e-008	5.3883e-008	5.1134e-008	4.8985e-008	4.6419e-008	4.3197e-008	4.0876e-008	3.7611e-008	3.5815e-008	3.3822e-008	3.109e-008	2.9351e-008	2.6183e-008	2.477e-008	2.1923e-008	1.9083e-008	1.6734e-008	1.3979e-008	1.2664e-008	1.1109e-008	9.2635e-009	6.985e-009	4.7021e-009	3.7909e-009	4.0062e-009	3.3468e-009	3.1379e-009	2.9434e-009	2.4971e-009	2.7263e-009	3.3711e-009	2.8355e-009	2.645e-009	3.318e-009	3.4404e-009	4.1441e-009	5.1121e-009	6.6757e-009	1.004e-008	1.2977e-008	1.61e-008	2.0146e-008	2.4358e-008	2.9562e-008	3.5779e-008	4.2309e-008	4.8514e-008	5.5248e-008	6.0627e-008	6.5276e-008	7.0455e-008	7.3968e-008	7.825e-008	8.2016e-008	8.3992e-008	8.5576e-008	8.6214e-008	8.8009e-008	8.9386e-008	9.0162e-008	8.9853e-008	8.9989e-008	8.9397e-008	8.8469e-008	8.8569e-008	8.8341e-008	8.6288e-008	8.4388e-008	8.2407e-008	8.1056e-008	8.0424e-008	7.8614e-008	7.5629e-008	7.3292e-008	6.8932e-008	6.8443e-008	6.6836e-008	6.4664e-008	6.2784e-008	6.0958e-008	5.8642e-008	5.6519e-008	5.3293e-008	5.1094e-008	4.8619e-008	4.5463e-008	4.3776e-008	4.2421e-008	3.9893e-008	3.7432e-008	3.458e-008	3.2752e-008
9.9243e-008	9.6321e-008	9.4684e-008	9.2085e-008	9.1172e-008	8.9386e-008	8.7195e-008	8.565e-008	8.3772e-008	8.0472e-008	7.7786e-008	7.6047e-008	7.3659e-008	7.2148e-008	7.058e-008	6.7435e-008	6.5396e-008	6.3935e-008	6.1838e-008	5.96e-008	5.7895e-008	5.5191e-008	5.208e-008	4.9241e-008	4.7287e-008	4.5269e-008	4.1025e-008	3.8723e-008	3.6457e-008	3.4273e-008	3.1833e-008	2.7792e-008	2.656e-008	2.4095e-008	2.1983e-008	2.0182e-008	1.8817e-008	1.7332e-008	1.5287e-008	1.3559e-008	1.1764e-008	1.0204e-008	8.8678e-009	8.6252e-009	8.1348e-009	8.1281e-009	8.4519e-009	8.7414e-009	8.3626e-009	8.0262e-009	7.8393e-009	7.8828e-009	7.6806e-009	7.7698e-009	8.002e-009	8.5435e-009	8.7778e-009	1.0123e-008	1.2156e-008	1.456e-008	1.8851e-008	2.3311e-008	2.8734e-008	3.4937e-008	4.0261e-008	4.7749e-008	5.4773e-008	6.0003e-008	6.3841e-008	6.9009e-008	7.4092e-008	7.8565e-008	8.2764e-008	8.6642e-008	8.9008e-008	9.1326e-008	9.2836e-008	9.4069e-008	9.4627e-008	9.425e-008	9.4092e-008	9.2893e-008	9.1627e-008	8.9908e-008	8.9119e-008	8.7852e-008	8.6923e-008	8.5738e-008	8.4627e-008	8.1059e-008	7.8328e-008	7.6312e-008	7.4906e-008	7.2363e-008	6.9477e-008	6.7681e-008	6.5932e-008	6.3933e-008	6.1864e-008	5.8901e-008	5.5862e-008	5.2073e-008	4.8936e-008	4.6256e-008	4.5001e-008	4.2535e-008	4.0086e-008	3.8031e-008	3.6601e-008	3.4316e-008	3.1423e-008	2.927e-008	2.7535e-008	2.5074e-008	2.175e-008	1.8855e-008	1.7842e-008	1.5779e-008	1.3467e-008	1.129e-008	9.8267e-009	8.5878e-009	8.0761e-009	7.3803e-009	6.7156e-009	6.4283e-009	6.0057e-009	5.9594e-009	5.5347e-009	5.1271e-009	5.5926e-009	6.4841e-009	6.4829e-009	6.661e-009	6.7261e-009	7.0302e-009	7.5943e-009	8.7081e-009	1.0706e-008	1.363e-008	1.6409e-008	2.1626e-008	2.5554e-008	3.1462e-008	3.9087e-008	4.6289e-008	5.4094e-008	6.0424e-008	6.4658e-008	7.1149e-008	7.622e-008	7.9316e-008	8.2783e-008	8.6271e-008	9e-008	9.2097e-008	9.2989e-008	9.3801e-008	9.516e-008	9.5126e-008	9.5097e-008	9.4936e-008	9.5822e-008	9.4563e-008	9.2583e-008	8.9282e-008	8.7131e-008	8.5335e-008	8.2716e-008	8.0643e-008	7.7744e-008	7.4844e-008	7.3235e-008	7.1342e-008	6.9671e-008	6.627e-008	6.4957e-008	6.3046e-008	5.7961e-008	5.5584e-008	5.473e-008	5.2273e-008	4.9875e-008	4.6636e-008	4.2388e-008	4.0298e-008	3.8971e-008	3.6007e-008	3.3109e-008	3.2248e-008	2.943e-008	2.6239e-008	2.4293e-008	2.1593e-008	2.0163e-008	1.7546e-008	1.5657e-008	1.3618e-008	1.1262e-008	9.859e-009	8.9714e-009	7.5677e-009	6.1147e-009	5.686e-009	5.6636e-009	5.805e-009	5.4747e-009	4.584e-009	5.2002e-009	5.5144e-009	5.2324e-009	5.9316e-009	6.0076e-009	6.6418e-009	6.7521e-009	7.2632e-009	9.4109e-009	1.2685e-008	1.614e-008	1.9478e-008	2.2041e-008	2.4974e-008	2.9946e-008	3.5568e-008	4.2089e-008	5.0448e-008	5.6957e-008	6.1528e-008	6.585e-008	7.0126e-008	7.4801e-008	7.9466e-008	8.3264e-008	8.646e-008	8.9592e-008	9.2333e-008	9.4563e-008	9.6435e-008	9.7704e-008	9.8285e-008	9.6541e-008	9.6032e-008	9.6319e-008	9.5859e-008	9.3633e-008	9.1652e-008	8.8057e-008	8.7031e-008	8.5347e-008	7.9075e-008	7.5879e-008	7.4137e-008	7.1742e-008	6.8905e-008	6.6597e-008	6.5426e-008	6.4183e-008	6.0792e-008	5.7412e-008	5.5077e-008	5.3265e-008	5.2009e-008	5.0208e-008	4.7311e-008	4.445e-008	3.9814e-008	3.8038e-008	3.62e-008	3.4302e-008	3.194e-008	2.9678e-008	2.7835e-008	2.5796e-008	2.3201e-008	2.0939e-008	1.8713e-008	1.6188e-008	1.4508e-008	1.2359e-008	9.7507e-009	9.0588e-009	7.8997e-009	6.9385e-009	6.0528e-009	4.8985e-009	5.0369e-009	4.6706e-009	4.563e-009	4.4418e-009	4.4268e-009	4.7935e-009	4.8704e-009	3.8772e-009	4.3062e-009	4.2336e-009	4.8092e-009	5.6055e-009	6.5559e-009	7.9937e-009	1.1225e-008	1.4599e-008	2.0427e-008	2.7678e-008	3.4833e-008	4.3246e-008	5.1145e-008	5.7075e-008	6.2779e-008	6.8234e-008	7.396e-008	7.8973e-008	8.1598e-008	8.5866e-008	8.8678e-008	9.0836e-008	9.1475e-008	9.2519e-008	9.3496e-008	9.3949e-008	9.4146e-008	9.4463e-008	9.424e-008	9.2124e-008	9.1231e-008	8.9499e-008	8.7428e-008	8.6094e-008	8.3051e-008	8.1393e-008	7.9985e-008	7.7784e-008	7.5536e-008	7.2758e-008	7.1444e-008	6.9682e-008	6.7474e-008	6.5711e-008	6.5169e-008	6.2732e-008	5.8021e-008	5.4043e-008	5.2435e-008	5.0836e-008	4.8826e-008	4.621e-008	4.1134e-008	3.8591e-008	3.5482e-008	3.2199e-008	2.9955e-008	2.723e-008	2.4528e-008	2.1149e-008	1.85e-008	1.6016e-008	1.3833e-008	1.1462e-008	9.8779e-009	7.8428e-009	6.4096e-009	4.5329e-009	4.2862e-009	3.4502e-009	2.5592e-009	2.1415e-009	2.5443e-009	2.3912e-009	1.8646e-009	2.3423e-009	2.8005e-009	3.2279e-009	2.6101e-009	2.8022e-009	3.113e-009	3.2708e-009	3.814e-009	4.2679e-009	5.3204e-009	7.7868e-009	1.0906e-008	1.3678e-008	1.7584e-008	2.2509e-008	2.8639e-008	3.6611e-008	4.4049e-008	5.1302e-008	5.7365e-008	6.1855e-008	6.6777e-008	7.2762e-008	7.6496e-008	7.8173e-008	8.0747e-008	8.3124e-008	8.509e-008	8.7278e-008	8.8895e-008	8.9833e-008	9.0679e-008	9.1401e-008	9.0976e-008	8.9071e-008	8.7325e-008	8.5582e-008	8.4758e-008	8.3644e-008	8.2553e-008	8.0862e-008	7.7393e-008	7.6258e-008	7.4704e-008	7.3658e-008	7.0434e-008	6.9184e-008	6.5902e-008	6.4381e-008	6.2417e-008	6.0073e-008	5.6781e-008	5.5398e-008	5.3619e-008	5.1392e-008	4.84e-008	4.4659e-008	4.2231e-008	3.9985e-008	3.8113e-008	3.5964e-008	3.3392e-008	3.1321e-008	2.8567e-008	2.6173e-008	2.4802e-008	2.1949e-008	1.9127e-008	1.6856e-008	1.4496e-008	1.3053e-008	1.0932e-008	8.8981e-009	6.7921e-009	4.8994e-009	4.116e-009	4.179e-009	3.8372e-009	3.7418e-009	3.431e-009	2.4358e-009	2.757e-009	3.2044e-009	3.5591e-009	3.0303e-009	3.4998e-009	3.7018e-009	5.0395e-009	6.0379e-009	6.7737e-009	9.7097e-009	1.3156e-008	1.6546e-008	2.0728e-008	2.5487e-008	3.0151e-008	3.7051e-008	4.2775e-008	4.8862e-008	5.53e-008	6.2718e-008	6.6917e-008	6.9957e-008	7.4064e-008	7.8322e-008	8.1308e-008	8.4512e-008	8.6117e-008	8.673e-008	8.7073e-008	8.8574e-008	8.9863e-008	9.0286e-008	9.0218e-008	9.0185e-008	9.0179e-008	9.0039e-008	8.8264e-008	8.5685e-008	8.3758e-008	8.1989e-008	8.0628e-008	7.9132e-008	7.7191e-008	7.5166e-008	7.387e-008	7.0489e-008	6.9448e-008	6.7248e-008	6.4186e-008	6.3249e-008	6.1169e-008	5.7469e-008	5.5751e-008	5.3626e-008	5.1054e-008	4.8538e-008	4.5949e-008	4.3986e-008	4.1845e-008	3.8755e-008	3.6621e-008	3.547e-008	3.3814e-008
9.9211e-008	9.5862e-008	9.3166e-008	9.2448e-008	9.1426e-008	9.0078e-008	8.7552e-008	8.6424e-008	8.3906e-008	8.0273e-008	7.8091e-008	7.5227e-008	7.3316e-008	7.218e-008	7.0246e-008	6.7242e-008	6.5475e-008	6.3778e-008	6.1323e-008	5.9019e-008	5.7308e-008	5.4825e-008	5.2227e-008	4.8452e-008	4.6488e-008	4.4436e-008	4.0712e-008	3.8238e-008	3.5631e-008	3.2459e-008	3.0946e-008	2.7812e-008	2.5862e-008	2.3932e-008	2.1556e-008	2.0177e-008	1.8661e-008	1.6059e-008	1.4666e-008	1.311e-008	1.1039e-008	9.8025e-009	9.0383e-009	8.5279e-009	8.2316e-009	8.0259e-009	7.991e-009	8.0407e-009	7.8349e-009	7.7654e-009	7.3242e-009	7.4392e-009	7.1408e-009	7.6181e-009	8.1314e-009	8.4289e-009	8.7591e-009	1.0176e-008	1.1926e-008	1.4917e-008	1.8548e-008	2.3216e-008	2.8856e-008	3.4344e-008	4.0502e-008	4.6441e-008	5.3273e-008	5.9751e-008	6.3822e-008	6.8285e-008	7.4294e-008	7.7817e-008	8.2009e-008	8.5378e-008	8.8895e-008	9.0446e-008	9.2166e-008	9.3134e-008	9.4282e-008	9.4568e-008	9.4116e-008	9.2596e-008	9.1746e-008	9.0536e-008	8.936e-008	8.8831e-008	8.7464e-008	8.532e-008	8.411e-008	8.0325e-008	7.8582e-008	7.6912e-008	7.3954e-008	7.1691e-008	7.0038e-008	6.812e-008	6.6038e-008	6.4761e-008	6.0939e-008	5.7727e-008	5.5633e-008	5.2355e-008	4.8857e-008	4.7429e-008	4.4607e-008	4.2945e-008	3.9918e-008	3.7846e-008	3.6069e-008	3.2609e-008	3.0216e-008	2.8206e-008	2.6833e-008	2.4614e-008	2.2451e-008	1.8863e-008	1.746e-008	1.4436e-008	1.2109e-008	1.0622e-008	9.2543e-009	8.098e-009	7.6863e-009	7.0225e-009	6.4849e-009	6.1284e-009	5.845e-009	6.3326e-009	6.2248e-009	5.6486e-009	5.3245e-009	6.2318e-009	6.5501e-009	6.2663e-009	6.4758e-009	6.5762e-009	7.2705e-009	8.503e-009	1.0212e-008	1.3106e-008	1.7033e-008	2.0606e-008	2.5311e-008	3.2022e-008	3.8971e-008	4.48e-008	5.1782e-008	5.8588e-008	6.3731e-008	6.9925e-008	7.6383e-008	7.9978e-008	8.3304e-008	8.7792e-008	9.0479e-008	9.2334e-008	9.3465e-008	9.4055e-008	9.4957e-008	9.5329e-008	9.5007e-008	9.5292e-008	9.5686e-008	9.3328e-008	9.1799e-008	8.888e-008	8.7146e-008	8.6715e-008	8.3385e-008	8.0403e-008	7.8224e-008	7.5138e-008	7.2911e-008	7.0762e-008	6.8764e-008	6.5737e-008	6.4116e-008	6.1932e-008	5.894e-008	5.7073e-008	5.4627e-008	5.1147e-008	4.919e-008	4.6251e-008	4.2839e-008	4.0615e-008	3.879e-008	3.4896e-008	3.2724e-008	3.1218e-008	2.9443e-008	2.6525e-008	2.4e-008	2.25e-008	1.8759e-008	1.7233e-008	1.4879e-008	1.292e-008	1.069e-008	9.3741e-009	8.2461e-009	7.0935e-009	5.8479e-009	5.673e-009	5.6457e-009	5.716e-009	5.9e-009	5.1289e-009	4.4485e-009	5.0941e-009	5.297e-009	5.4437e-009	5.9303e-009	6.3598e-009	6.6897e-009	7.3519e-009	9.396e-009	1.2063e-008	1.5533e-008	1.8914e-008	2.2112e-008	2.5292e-008	3.0177e-008	3.6173e-008	4.2691e-008	4.98e-008	5.6166e-008	6.1223e-008	6.5383e-008	6.892e-008	7.3679e-008	7.9338e-008	8.467e-008	8.7509e-008	9.097e-008	9.3261e-008	9.4647e-008	9.6415e-008	9.8262e-008	9.7887e-008	9.6137e-008	9.5466e-008	9.5449e-008	9.4335e-008	9.2581e-008	8.8351e-008	8.7252e-008	8.662e-008	8.4872e-008	7.8084e-008	7.6123e-008	7.3769e-008	7.0995e-008	6.8967e-008	6.6018e-008	6.5015e-008	6.3418e-008	6.2178e-008	5.9012e-008	5.5805e-008	5.3188e-008	5.1514e-008	4.9896e-008	4.6088e-008	4.3481e-008	4.126e-008	3.7873e-008	3.6412e-008	3.3433e-008	3.1969e-008	2.9528e-008	2.6803e-008	2.4919e-008	2.2728e-008	2.0882e-008	1.7922e-008	1.4592e-008	1.3978e-008	1.1446e-008	9.451e-009	8.6155e-009	7.5459e-009	7.0841e-009	5.5477e-009	5.1197e-009	4.6339e-009	4.4683e-009	4.6999e-009	4.4322e-009	4.0004e-009	4.0935e-009	4.06e-009	4.2208e-009	4.1939e-009	4.3143e-009	4.5662e-009	5.6103e-009	6.3632e-009	8.196e-009	9.7987e-009	1.4846e-008	2.1648e-008	2.7428e-008	3.3875e-008	4.1931e-008	5.0361e-008	5.5475e-008	6.0967e-008	6.7476e-008	7.4481e-008	7.9173e-008	8.2202e-008	8.5346e-008	8.9445e-008	9.091e-008	9.2632e-008	9.2334e-008	9.249e-008	9.3007e-008	9.3503e-008	9.3748e-008	9.3252e-008	9.2422e-008	9.1809e-008	8.9256e-008	8.7509e-008	8.5376e-008	8.4075e-008	8.1101e-008	7.9495e-008	7.678e-008	7.4715e-008	7.3266e-008	7.1639e-008	6.9308e-008	6.7321e-008	6.5807e-008	6.492e-008	6.2588e-008	5.9319e-008	5.509e-008	5.3275e-008	5.1701e-008	4.8412e-008	4.5888e-008	4.1294e-008	3.8503e-008	3.615e-008	3.2594e-008	3.0057e-008	2.7314e-008	2.463e-008	2.0769e-008	1.7743e-008	1.6647e-008	1.388e-008	1.1334e-008	1.0134e-008	7.9274e-009	5.6852e-009	4.1957e-009	3.3033e-009	2.5388e-009	2.4638e-009	2.0125e-009	2.3623e-009	1.858e-009	1.7909e-009	2.4302e-009	2.6427e-009	2.7365e-009	2.5655e-009	2.4845e-009	2.8965e-009	3.2402e-009	3.14e-009	4.1562e-009	4.7143e-009	7.6207e-009	1.0827e-008	1.3562e-008	1.7578e-008	2.3652e-008	3.0015e-008	3.6624e-008	4.2764e-008	5.0531e-008	5.6539e-008	6.0718e-008	6.6286e-008	7.1586e-008	7.6977e-008	7.8973e-008	8.0876e-008	8.2969e-008	8.5417e-008	8.7433e-008	8.8126e-008	8.9503e-008	9.0146e-008	9.1573e-008	9.0132e-008	8.8239e-008	8.6948e-008	8.5985e-008	8.5158e-008	8.4025e-008	8.2499e-008	8.1147e-008	7.7433e-008	7.6318e-008	7.4125e-008	7.2595e-008	7.0246e-008	6.9271e-008	6.8167e-008	6.4297e-008	6.1666e-008	5.8905e-008	5.697e-008	5.5352e-008	5.253e-008	5.1292e-008	4.8041e-008	4.3634e-008	4.1418e-008	3.9644e-008	3.8112e-008	3.6658e-008	3.3768e-008	3.1535e-008	2.852e-008	2.4709e-008	2.4088e-008	2.1711e-008	1.8403e-008	1.6121e-008	1.4056e-008	1.3004e-008	1.0461e-008	8.572e-009	6.8407e-009	4.705e-009	3.8445e-009	3.6053e-009	3.62e-009	3.9239e-009	3.5298e-009	2.4958e-009	2.8971e-009	2.873e-009	3.1054e-009	2.6703e-009	3.0956e-009	3.3349e-009	4.2688e-009	5.4628e-009	6.2656e-009	8.8167e-009	1.2367e-008	1.5505e-008	2.028e-008	2.4562e-008	2.9123e-008	3.658e-008	4.273e-008	4.8289e-008	5.4222e-008	6.17e-008	6.6888e-008	7.0683e-008	7.3006e-008	7.755e-008	8.1705e-008	8.3737e-008	8.5912e-008	8.5661e-008	8.5977e-008	8.7897e-008	8.8897e-008	8.9374e-008	8.9794e-008	9.0331e-008	9.0671e-008	8.8478e-008	8.6044e-008	8.4409e-008	8.2428e-008	8.101e-008	7.9875e-008	7.8842e-008	7.7067e-008	7.4941e-008	7.3774e-008	7.1968e-008	6.8946e-008	6.7269e-008	6.4732e-008	6.2706e-008	6.0705e-008	5.8021e-008	5.5721e-008	5.3672e-008	5.1317e-008	4.8706e-008	4.6295e-008	4.4244e-008	4.0491e-008	3.8515e-008	3.6967e-008	3.5363e-008	3.3413e-008
9.8108e-008	9.7273e-008	9.4091e-008	9.2405e-008	9.1453e-008	8.9937e-008	8.8444e-008	8.6304e-008	8.3864e-008	7.9918e-008	7.8068e-008	7.5739e-008	7.3527e-008	7.1344e-008	6.891e-008	6.6767e-008	6.5683e-008	6.3337e-008	6.1561e-008	5.8538e-008	5.6249e-008	5.2158e-008	5.0144e-008	4.8109e-008	4.6131e-008	4.1728e-008	4.0395e-008	3.7868e-008	3.499e-008	3.1225e-008	3.009e-008	2.8392e-008	2.5537e-008	2.3782e-008	2.0916e-008	1.9638e-008	1.659e-008	1.4775e-008	1.3703e-008	1.1525e-008	1.0439e-008	9.4686e-009	8.2488e-009	8.068e-009	8.574e-009	8.3642e-009	7.5282e-009	7.4171e-009	7.3161e-009	7.075e-009	6.7277e-009	6.5066e-009	7.0612e-009	8.2863e-009	8.6897e-009	8.4014e-009	8.9955e-009	9.8811e-009	1.2159e-008	1.4504e-008	1.9098e-008	2.3185e-008	2.806e-008	3.3038e-008	3.9424e-008	4.6134e-008	5.2624e-008	5.903e-008	6.55e-008	7.0927e-008	7.4871e-008	7.9567e-008	8.2784e-008	8.5744e-008	8.9003e-008	9.0315e-008	9.1613e-008	9.2934e-008	9.3825e-008	9.4256e-008	9.3687e-008	9.218e-008	9.1192e-008	9.0295e-008	8.9131e-008	8.8235e-008	8.6652e-008	8.5514e-008	8.1216e-008	7.9794e-008	7.7818e-008	7.6196e-008	7.3867e-008	7.1935e-008	7.0051e-008	6.8352e-008	6.67e-008	6.4811e-008	6.2248e-008	5.8271e-008	5.4793e-008	5.2152e-008	4.9461e-008	4.6881e-008	4.5019e-008	4.2854e-008	3.9723e-008	3.7929e-008	3.5836e-008	3.1612e-008	2.9759e-008	2.7418e-008	2.567e-008	2.3392e-008	2.1949e-008	1.9303e-008	1.7107e-008	1.4829e-008	1.2516e-008	1.0763e-008	9.3644e-009	7.806e-009	7.4564e-009	7.4368e-009	6.8826e-009	6.0889e-009	5.625e-009	6.088e-009	6.2036e-009	6.1813e-009	5.529e-009	5.5038e-009	6.2979e-009	6.5395e-009	6.2822e-009	6.8429e-009	7.6141e-009	8.7993e-009	1.0737e-008	1.3585e-008	1.7161e-008	2.1825e-008	2.6063e-008	3.2213e-008	3.8668e-008	4.4952e-008	5.0922e-008	5.7025e-008	6.2996e-008	7.0165e-008	7.6464e-008	8.0531e-008	8.421e-008	8.7916e-008	9.0795e-008	9.2223e-008	9.339e-008	9.4183e-008	9.4605e-008	9.463e-008	9.4361e-008	9.4981e-008	9.4968e-008	9.3107e-008	9.1896e-008	8.9731e-008	8.8228e-008	8.7001e-008	8.3856e-008	8.0941e-008	7.8282e-008	7.6107e-008	7.3374e-008	6.9198e-008	6.63e-008	6.4907e-008	6.4274e-008	5.9948e-008	5.8829e-008	5.7118e-008	5.4729e-008	5.154e-008	4.8693e-008	4.6239e-008	4.2755e-008	4.1341e-008	3.9604e-008	3.5867e-008	3.3167e-008	3.1032e-008	2.9458e-008	2.6615e-008	2.4949e-008	2.2347e-008	1.9767e-008	1.7399e-008	1.4798e-008	1.2816e-008	1.0944e-008	9.1402e-009	8.1393e-009	6.5978e-009	6.0245e-009	6.0842e-009	6.0028e-009	5.6741e-009	5.5813e-009	5.7557e-009	5.0116e-009	5.2563e-009	5.3637e-009	5.5873e-009	5.7821e-009	5.637e-009	6.0755e-009	7.5822e-009	9.6553e-009	1.2432e-008	1.4967e-008	1.8508e-008	2.2246e-008	2.6398e-008	3.1066e-008	3.7159e-008	4.3581e-008	4.9758e-008	5.5343e-008	6.0482e-008	6.493e-008	6.9909e-008	7.4984e-008	7.966e-008	8.5918e-008	8.9163e-008	9.1645e-008	9.3346e-008	9.4711e-008	9.6888e-008	9.8015e-008	9.9498e-008	9.6899e-008	9.5789e-008	9.423e-008	9.3334e-008	9.0921e-008	8.9494e-008	8.757e-008	8.7208e-008	8.4144e-008	8.0192e-008	7.8781e-008	7.6002e-008	7.3341e-008	6.909e-008	6.6574e-008	6.5491e-008	6.4755e-008	6.1409e-008	5.9148e-008	5.6648e-008	5.4082e-008	5.1213e-008	4.9107e-008	4.6802e-008	4.3749e-008	4.1296e-008	3.8296e-008	3.5385e-008	3.2327e-008	3.1641e-008	2.8931e-008	2.6412e-008	2.4103e-008	2.1931e-008	1.9029e-008	1.7387e-008	1.4636e-008	1.3432e-008	1.0888e-008	9.642e-009	8.1173e-009	6.8699e-009	5.9583e-009	5.0667e-009	5.2021e-009	4.649e-009	4.5199e-009	4.6094e-009	4.2782e-009	3.6614e-009	4.1239e-009	3.9095e-009	4.1786e-009	4.6831e-009	4.7446e-009	4.9146e-009	5.3371e-009	6.9268e-009	8.3063e-009	1.1356e-008	1.5559e-008	2.1976e-008	2.7309e-008	3.3985e-008	4.2791e-008	5.0491e-008	5.5657e-008	6.0817e-008	6.7927e-008	7.5728e-008	7.9841e-008	8.2497e-008	8.6437e-008	8.9261e-008	9.2716e-008	9.3333e-008	9.3154e-008	9.3765e-008	9.4176e-008	9.4061e-008	9.3778e-008	9.3129e-008	9.2155e-008	9.1347e-008	8.8274e-008	8.818e-008	8.5771e-008	8.4125e-008	8.1535e-008	7.9436e-008	7.7335e-008	7.597e-008	7.4408e-008	7.1669e-008	6.9202e-008	6.7104e-008	6.5773e-008	6.4215e-008	6.2776e-008	5.9595e-008	5.6822e-008	5.4563e-008	5.121e-008	4.8039e-008	4.5272e-008	4.084e-008	3.9066e-008	3.6129e-008	3.3648e-008	3.0993e-008	2.7448e-008	2.4648e-008	2.1944e-008	1.8314e-008	1.6281e-008	1.4373e-008	1.2452e-008	1.1063e-008	8.3401e-009	6.7931e-009	4.7235e-009	3.8191e-009	2.5148e-009	2.0562e-009	2.5088e-009	2.2396e-009	2.2913e-009	1.9678e-009	2.1322e-009	2.3696e-009	2.709e-009	2.6998e-009	2.3194e-009	3.0013e-009	3.3365e-009	3.6493e-009	4.4611e-009	5.7766e-009	8.1166e-009	1.1235e-008	1.4399e-008	1.9429e-008	2.5101e-008	3.0214e-008	3.5974e-008	4.2286e-008	4.9241e-008	5.5342e-008	6.0488e-008	6.5883e-008	7.1486e-008	7.6452e-008	7.8962e-008	8.1404e-008	8.3281e-008	8.4274e-008	8.7287e-008	8.8293e-008	8.9527e-008	9.0531e-008	9.0458e-008	8.9678e-008	8.8524e-008	8.756e-008	8.6441e-008	8.5517e-008	8.4736e-008	8.3278e-008	8.169e-008	7.8124e-008	7.6434e-008	7.4607e-008	7.258e-008	7.0608e-008	6.9683e-008	6.7571e-008	6.4928e-008	6.2255e-008	5.9119e-008	5.7178e-008	5.4851e-008	5.2384e-008	4.9949e-008	4.6722e-008	4.2018e-008	4.1193e-008	3.9195e-008	3.8378e-008	3.645e-008	3.3566e-008	3.14e-008	2.8385e-008	2.593e-008	2.429e-008	2.1438e-008	1.8762e-008	1.6823e-008	1.4568e-008	1.1814e-008	1.1056e-008	8.6829e-009	6.3091e-009	4.51e-009	3.5527e-009	3.2469e-009	3.8072e-009	3.755e-009	3.6299e-009	2.8854e-009	2.8519e-009	3.1873e-009	3.0048e-009	3.2446e-009	2.8992e-009	2.8484e-009	3.9074e-009	4.8956e-009	6.2987e-009	8.407e-009	1.218e-008	1.565e-008	1.9927e-008	2.3097e-008	2.8834e-008	3.6405e-008	4.2574e-008	4.8477e-008	5.3013e-008	6.0876e-008	6.5798e-008	7.0049e-008	7.375e-008	7.7655e-008	8.1743e-008	8.4006e-008	8.5448e-008	8.5588e-008	8.6405e-008	8.7661e-008	8.8634e-008	8.9461e-008	9.0287e-008	9.05e-008	9.0379e-008	8.8539e-008	8.63e-008	8.3501e-008	8.1648e-008	8.0689e-008	7.9678e-008	7.8779e-008	7.7939e-008	7.6108e-008	7.4207e-008	7.2565e-008	6.9722e-008	6.5848e-008	6.4301e-008	6.1815e-008	5.8805e-008	5.7978e-008	5.5988e-008	5.3057e-008	5.0264e-008	4.8093e-008	4.5779e-008	4.3804e-008	4.0758e-008	3.8623e-008	3.7126e-008	3.5456e-008	3.3346e-008
9.8125e-008	9.6438e-008	9.4813e-008	9.3169e-008	9.1731e-008	8.8794e-008	8.7947e-008	8.69e-008	8.3058e-008	8.0488e-008	7.792e-008	7.5727e-008	7.3818e-008	7.1492e-008	7.0114e-008	6.7068e-008	6.5312e-008	6.305e-008	6.0605e-008	5.8492e-008	5.6028e-008	5.2874e-008	5.0539e-008	4.7642e-008	4.4258e-008	4.2071e-008	3.987e-008	3.6966e-008	3.4969e-008	3.1541e-008	2.9151e-008	2.7403e-008	2.595e-008	2.31e-008	2.057e-008	1.8191e-008	1.6544e-008	1.4974e-008	1.2415e-008	1.0631e-008	9.8924e-009	8.6167e-009	8.1298e-009	7.997e-009	7.9938e-009	7.6783e-009	6.7667e-009	7.2111e-009	7.207e-009	7.0828e-009	6.4035e-009	6.3496e-009	6.7505e-009	7.5327e-009	8.3365e-009	8.0668e-009	8.6166e-009	9.5991e-009	1.1369e-008	1.4541e-008	1.9065e-008	2.261e-008	2.8855e-008	3.2654e-008	3.819e-008	4.527e-008	5.3222e-008	5.9017e-008	6.4942e-008	7.0874e-008	7.4691e-008	7.8927e-008	8.2252e-008	8.602e-008	8.8259e-008	8.9497e-008	9.1335e-008	9.2305e-008	9.2621e-008	9.3251e-008	9.2926e-008	9.2045e-008	9.0773e-008	8.9471e-008	8.8337e-008	8.723e-008	8.65e-008	8.4954e-008	8.0846e-008	7.9341e-008	7.7822e-008	7.5407e-008	7.3366e-008	7.2008e-008	7.0298e-008	6.8193e-008	6.6574e-008	6.4583e-008	6.208e-008	5.8729e-008	5.5124e-008	5.1625e-008	4.8977e-008	4.7421e-008	4.56e-008	4.1803e-008	4.0105e-008	3.7768e-008	3.4665e-008	3.1737e-008	2.9059e-008	2.7264e-008	2.51e-008	2.3321e-008	2.0404e-008	1.8767e-008	1.5949e-008	1.4245e-008	1.2134e-008	1.0207e-008	9.0097e-009	7.5402e-009	6.3463e-009	6.2671e-009	5.8162e-009	5.5209e-009	5.1949e-009	5.4012e-009	5.4573e-009	5.3744e-009	5.3897e-009	5.571e-009	5.9052e-009	6.1611e-009	6.2892e-009	6.6155e-009	6.9768e-009	7.7774e-009	9.4019e-009	1.2445e-008	1.6664e-008	2.1121e-008	2.5912e-008	3.1328e-008	3.8782e-008	4.4047e-008	5.0687e-008	5.6145e-008	6.2895e-008	7.0101e-008	7.6045e-008	8.0348e-008	8.4343e-008	8.7327e-008	9.021e-008	9.1589e-008	9.2633e-008	9.37e-008	9.4223e-008	9.4681e-008	9.4446e-008	9.4339e-008	9.3329e-008	9.1483e-008	9.1085e-008	9.0248e-008	8.8838e-008	8.6404e-008	8.3701e-008	7.8977e-008	7.6474e-008	7.4721e-008	7.3126e-008	6.926e-008	6.5877e-008	6.4282e-008	6.2464e-008	6.0964e-008	5.9259e-008	5.5885e-008	5.3414e-008	5.0186e-008	4.7592e-008	4.5048e-008	4.3622e-008	4.128e-008	3.8656e-008	3.5674e-008	3.372e-008	3.1797e-008	2.9005e-008	2.7398e-008	2.4685e-008	2.1719e-008	1.9172e-008	1.7058e-008	1.515e-008	1.2849e-008	1.0647e-008	8.9477e-009	7.51e-009	6.5736e-009	5.8994e-009	5.4981e-009	5.4342e-009	5.1862e-009	5.4769e-009	5.491e-009	4.573e-009	4.9488e-009	5.553e-009	6.0437e-009	5.3047e-009	4.87e-009	5.4286e-009	6.6178e-009	9.3373e-009	1.09e-008	1.4558e-008	1.6965e-008	2.1428e-008	2.5964e-008	3.1607e-008	3.8089e-008	4.3983e-008	5.0459e-008	5.4786e-008	5.8843e-008	6.407e-008	6.9458e-008	7.5452e-008	8.1563e-008	8.6328e-008	9.0026e-008	9.1726e-008	9.3521e-008	9.3674e-008	9.5964e-008	9.7582e-008	9.8458e-008	9.5261e-008	9.5103e-008	9.3814e-008	9.252e-008	9.0555e-008	8.9305e-008	8.7663e-008	8.5977e-008	8.1601e-008	8.0886e-008	7.8924e-008	7.6087e-008	7.3342e-008	6.7918e-008	6.6739e-008	6.5007e-008	6.3634e-008	6.0806e-008	5.9054e-008	5.6505e-008	5.3671e-008	5.0591e-008	4.759e-008	4.4572e-008	4.2961e-008	3.9472e-008	3.742e-008	3.4091e-008	3.1862e-008	2.9779e-008	2.6576e-008	2.517e-008	2.3058e-008	1.9892e-008	1.7871e-008	1.6268e-008	1.382e-008	1.1274e-008	1.0251e-008	8.7866e-009	7.1019e-009	5.9587e-009	4.9578e-009	4.4332e-009	4.3611e-009	4.1549e-009	3.7271e-009	3.32e-009	3.0301e-009	3.1132e-009	3.6379e-009	3.522e-009	3.3576e-009	3.3759e-009	3.5159e-009	4.3834e-009	5.2814e-009	6.3761e-009	7.9441e-009	1.1384e-008	1.4387e-008	2.1237e-008	2.6724e-008	3.2521e-008	4.1649e-008	4.9279e-008	5.4518e-008	5.9134e-008	6.612e-008	7.3756e-008	7.9673e-008	8.2123e-008	8.5438e-008	8.8833e-008	9.2025e-008	9.2583e-008	9.4017e-008	9.4412e-008	9.452e-008	9.4173e-008	9.3425e-008	9.2838e-008	9.1388e-008	8.9677e-008	8.823e-008	8.8369e-008	8.6128e-008	8.3591e-008	8.1056e-008	7.8443e-008	7.7743e-008	7.528e-008	7.3871e-008	7.1687e-008	6.871e-008	6.7096e-008	6.6339e-008	6.3818e-008	6.2054e-008	5.9218e-008	5.6672e-008	5.3749e-008	4.9461e-008	4.6545e-008	4.4096e-008	4.2084e-008	3.5954e-008	3.5176e-008	3.2777e-008	3.064e-008	2.6557e-008	2.3764e-008	2.1716e-008	1.9571e-008	1.6316e-008	1.4331e-008	1.3035e-008	1.0907e-008	7.3908e-009	6.5602e-009	4.8033e-009	3.7437e-009	2.841e-009	1.944e-009	2.1341e-009	1.8758e-009	2.0905e-009	1.6419e-009	1.7413e-009	1.2434e-009	1.4711e-009	1.7089e-009	1.9201e-009	2.5924e-009	2.8652e-009	3.2493e-009	4.459e-009	5.8761e-009	7.8323e-009	1.0245e-008	1.4416e-008	1.9046e-008	2.4387e-008	3.0001e-008	3.5243e-008	4.1229e-008	4.8051e-008	5.4533e-008	5.97e-008	6.5384e-008	7.109e-008	7.5246e-008	7.7658e-008	8.0279e-008	8.2697e-008	8.4191e-008	8.7082e-008	8.8341e-008	8.9409e-008	9.0677e-008	8.9934e-008	8.8958e-008	8.7723e-008	8.7024e-008	8.5895e-008	8.5245e-008	8.419e-008	8.2748e-008	8.1315e-008	7.8812e-008	7.5054e-008	7.3778e-008	7.1739e-008	7.0587e-008	6.8532e-008	6.6245e-008	6.4314e-008	6.2036e-008	5.8806e-008	5.7284e-008	5.4725e-008	5.1097e-008	4.9487e-008	4.6084e-008	4.2861e-008	4.0231e-008	3.848e-008	3.8051e-008	3.434e-008	3.3114e-008	2.9601e-008	2.7633e-008	2.527e-008	2.3907e-008	2.1443e-008	1.804e-008	1.4979e-008	1.4136e-008	1.1925e-008	9.6263e-009	7.4639e-009	5.8864e-009	4.2752e-009	2.8732e-009	2.6559e-009	2.5363e-009	2.6848e-009	2.1736e-009	2.2578e-009	2.4179e-009	2.807e-009	2.5486e-009	2.5226e-009	2.2285e-009	2.24e-009	2.2528e-009	3.7221e-009	5.4189e-009	7.745e-009	1.0701e-008	1.4645e-008	1.8454e-008	2.2926e-008	2.9045e-008	3.6671e-008	4.2928e-008	4.7884e-008	5.2049e-008	5.7008e-008	6.4125e-008	6.8354e-008	7.4031e-008	7.7458e-008	8.0513e-008	8.3015e-008	8.3918e-008	8.4719e-008	8.5448e-008	8.7155e-008	8.7418e-008	8.8986e-008	8.953e-008	9.075e-008	8.9029e-008	8.751e-008	8.5238e-008	8.3303e-008	8.1362e-008	8.1038e-008	7.9104e-008	7.8332e-008	7.7557e-008	7.5131e-008	7.4114e-008	7.2108e-008	7.0759e-008	6.7003e-008	6.4318e-008	6.2308e-008	5.9367e-008	5.7486e-008	5.4144e-008	5.1372e-008	4.9982e-008	4.8112e-008	4.5932e-008	4.4497e-008	4.1878e-008	3.869e-008	3.7136e-008	3.5042e-008	3.3425e-008
9.642e-008	9.5746e-008	9.4917e-008	9.2458e-008	9.126e-008	8.8507e-008	8.6881e-008	8.5906e-008	8.379e-008	8.0869e-008	7.8102e-008	7.491e-008	7.3576e-008	7.13e-008	6.9679e-008	6.6887e-008	6.4396e-008	6.1373e-008	5.886e-008	5.6946e-008	5.5215e-008	5.2476e-008	4.9616e-008	4.7192e-008	4.3173e-008	4.0494e-008	3.86e-008	3.639e-008	3.3695e-008	3.165e-008	2.8945e-008	2.617e-008	2.458e-008	2.2783e-008	1.9493e-008	1.7341e-008	1.5299e-008	1.353e-008	1.1579e-008	9.8367e-009	8.8039e-009	7.8987e-009	6.5305e-009	6.4567e-009	6.5427e-009	6.3907e-009	5.1703e-009	5.752e-009	6.2115e-009	5.9946e-009	5.4251e-009	5.5509e-009	5.8809e-009	6.8274e-009	6.8704e-009	7.2232e-009	7.8848e-009	8.934e-009	1.1164e-008	1.4102e-008	1.8228e-008	2.2343e-008	2.708e-008	3.2124e-008	3.7594e-008	4.369e-008	5.1618e-008	5.8086e-008	6.4095e-008	6.9733e-008	7.3074e-008	7.7559e-008	8.0686e-008	8.4537e-008	8.6711e-008	8.8911e-008	9.0562e-008	9.184e-008	9.2413e-008	9.2305e-008	9.1922e-008	9.2024e-008	9.0535e-008	8.8944e-008	8.7685e-008	8.6859e-008	8.6051e-008	8.4466e-008	8.1399e-008	7.846e-008	7.6805e-008	7.5217e-008	7.2956e-008	7.1255e-008	6.9031e-008	6.7349e-008	6.4835e-008	6.3e-008	5.9663e-008	5.708e-008	5.2883e-008	5.1532e-008	4.8612e-008	4.6313e-008	4.4416e-008	4.1569e-008	3.9154e-008	3.6388e-008	3.317e-008	3.0974e-008	2.8845e-008	2.6966e-008	2.4132e-008	2.1507e-008	1.9362e-008	1.839e-008	1.5031e-008	1.2878e-008	1.0803e-008	9.1818e-009	7.7243e-009	6.5936e-009	5.3302e-009	4.8442e-009	4.1188e-009	4.7153e-009	4.5273e-009	4.0965e-009	4.4827e-009	4.6633e-009	4.8345e-009	4.6374e-009	4.6024e-009	5.1817e-009	5.3268e-009	5.6421e-009	6.1772e-009	7.1084e-009	8.9538e-009	1.1844e-008	1.6225e-008	1.9882e-008	2.5317e-008	3.1538e-008	3.889e-008	4.4352e-008	5.0925e-008	5.6855e-008	6.2948e-008	6.9438e-008	7.5012e-008	7.9757e-008	8.3977e-008	8.6309e-008	8.8031e-008	9.003e-008	9.1207e-008	9.2569e-008	9.3889e-008	9.3952e-008	9.4274e-008	9.3967e-008	9.2625e-008	9.1353e-008	9.0606e-008	9.0343e-008	8.706e-008	8.5588e-008	8.0422e-008	7.799e-008	7.5449e-008	7.3556e-008	7.2206e-008	6.804e-008	6.5707e-008	6.3523e-008	6.2155e-008	6.0813e-008	5.8542e-008	5.5828e-008	5.2578e-008	4.845e-008	4.6612e-008	4.4472e-008	4.2389e-008	3.9595e-008	3.594e-008	3.5094e-008	3.3306e-008	3.0766e-008	2.8812e-008	2.5979e-008	2.3553e-008	2.1166e-008	1.9148e-008	1.7534e-008	1.4259e-008	1.2519e-008	9.9862e-009	8.8236e-009	7.4933e-009	6.4567e-009	5.3032e-009	5.0227e-009	4.875e-009	4.5453e-009	4.6417e-009	4.4645e-009	4.4356e-009	3.6394e-009	4.138e-009	4.8573e-009	4.1864e-009	4.155e-009	4.7663e-009	5.7646e-009	7.5745e-009	1.0759e-008	1.3452e-008	1.7023e-008	2.021e-008	2.5663e-008	3.0761e-008	3.8241e-008	4.3773e-008	5.0339e-008	5.4082e-008	5.8158e-008	6.4098e-008	6.9701e-008	7.5989e-008	8.2269e-008	8.5688e-008	8.9663e-008	9.1307e-008	9.2281e-008	9.3084e-008	9.4236e-008	9.4567e-008	9.4686e-008	9.4345e-008	9.3415e-008	9.2461e-008	9.1422e-008	9.0477e-008	8.8928e-008	8.664e-008	8.4421e-008	8.2562e-008	8.0073e-008	7.8161e-008	7.5307e-008	7.1248e-008	6.8408e-008	6.6071e-008	6.4454e-008	6.2765e-008	5.9125e-008	5.7971e-008	5.5948e-008	5.2186e-008	4.8891e-008	4.5944e-008	4.3603e-008	4.2157e-008	3.9094e-008	3.5836e-008	3.3005e-008	3.1209e-008	2.8719e-008	2.6514e-008	2.4447e-008	2.1939e-008	1.9278e-008	1.7064e-008	1.5002e-008	1.2286e-008	1.0001e-008	8.8379e-009	7.4525e-009	5.5005e-009	4.1139e-009	3.2073e-009	3.1225e-009	3.6208e-009	3.4049e-009	3.0114e-009	2.8715e-009	2.4945e-009	2.3487e-009	2.6631e-009	2.6164e-009	2.2231e-009	1.804e-009	2.3095e-009	3.2497e-009	4.0646e-009	5.231e-009	7.5056e-009	1.0098e-008	1.4174e-008	1.9642e-008	2.5938e-008	3.2313e-008	4.003e-008	4.5985e-008	5.198e-008	5.8619e-008	6.4982e-008	7.2524e-008	7.8465e-008	8.1479e-008	8.4165e-008	8.7147e-008	9.0421e-008	9.2243e-008	9.3821e-008	9.4321e-008	9.4172e-008	9.4014e-008	9.3427e-008	9.221e-008	9.112e-008	8.9427e-008	8.8489e-008	8.8296e-008	8.5652e-008	8.2428e-008	8.037e-008	7.8262e-008	7.8062e-008	7.6761e-008	7.4498e-008	7.1895e-008	6.8927e-008	6.6933e-008	6.5961e-008	6.3761e-008	6.1186e-008	5.8658e-008	5.4868e-008	5.3687e-008	4.8395e-008	4.533e-008	4.4133e-008	4.1474e-008	3.467e-008	3.3328e-008	3.192e-008	2.9615e-008	2.6129e-008	2.3968e-008	2.1358e-008	1.9373e-008	1.6451e-008	1.419e-008	1.2518e-008	1.0539e-008	8.5368e-009	6.5205e-009	4.745e-009	3.3514e-009	2.5673e-009	1.5689e-009	1.3994e-009	1.6896e-009	1.175e-009	1.1808e-009	1.0155e-009	1.1665e-009	1.0873e-009	9.5898e-010	1.5365e-009	2.3788e-009	2.3916e-009	2.7268e-009	3.7125e-009	5.1978e-009	7.1229e-009	1.0104e-008	1.3967e-008	1.8509e-008	2.4545e-008	2.9268e-008	3.5206e-008	4.1328e-008	4.8237e-008	5.4859e-008	5.99e-008	6.5318e-008	7.1162e-008	7.4097e-008	7.7206e-008	7.9641e-008	8.2069e-008	8.4748e-008	8.6907e-008	8.8737e-008	8.9464e-008	9.0265e-008	8.9101e-008	8.859e-008	8.8297e-008	8.6433e-008	8.5567e-008	8.4919e-008	8.3408e-008	8.2127e-008	8.0015e-008	7.7492e-008	7.5476e-008	7.3028e-008	7.168e-008	6.9733e-008	6.646e-008	6.5581e-008	6.4022e-008	6.219e-008	5.917e-008	5.6144e-008	5.4868e-008	5.1042e-008	4.9347e-008	4.4137e-008	4.1805e-008	3.999e-008	3.8341e-008	3.7025e-008	3.3799e-008	3.2288e-008	2.9764e-008	2.6786e-008	2.4852e-008	2.1981e-008	2.0658e-008	1.8501e-008	1.6447e-008	1.4129e-008	1.126e-008	9.4819e-009	7.1826e-009	5.7603e-009	4.13e-009	2.5401e-009	2.6495e-009	1.9283e-009	1.6772e-009	1.881e-009	2.0284e-009	2.2118e-009	2.12e-009	1.7462e-009	1.7722e-009	1.4995e-009	1.9331e-009	2.7107e-009	3.1472e-009	5.1319e-009	7.4037e-009	1.0457e-008	1.4546e-008	1.989e-008	2.4685e-008	3.0511e-008	3.7069e-008	4.2951e-008	4.7591e-008	5.1999e-008	5.6753e-008	6.3098e-008	6.888e-008	7.4155e-008	7.8206e-008	8.0729e-008	8.2716e-008	8.366e-008	8.4699e-008	8.5607e-008	8.6927e-008	8.7771e-008	8.9039e-008	9.0151e-008	9.0131e-008	8.9231e-008	8.776e-008	8.4866e-008	8.3179e-008	8.2097e-008	8.2136e-008	7.9763e-008	7.8189e-008	7.729e-008	7.4532e-008	7.3719e-008	7.1734e-008	7.0361e-008	6.8243e-008	6.4331e-008	6.2397e-008	6.0069e-008	5.7173e-008	5.4918e-008	5.2115e-008	4.9522e-008	4.7958e-008	4.5645e-008	4.3856e-008	4.2404e-008	3.951e-008	3.6902e-008	3.4182e-008	3.2773e-008
9.6999e-008	9.5934e-008	9.5601e-008	9.4529e-008	9.1515e-008	8.8578e-008	8.6748e-008	8.5108e-008	8.3307e-008	8.1052e-008	7.8951e-008	7.6793e-008	7.52e-008	7.2816e-008	7.0702e-008	6.7692e-008	6.521e-008	6.1755e-008	5.8609e-008	5.7347e-008	5.5673e-008	5.2974e-008	5.0339e-008	4.6078e-008	4.3054e-008	4.0397e-008	3.8376e-008	3.6626e-008	3.3968e-008	3.2138e-008	2.9396e-008	2.6534e-008	2.4188e-008	2.2203e-008	1.9357e-008	1.6733e-008	1.4881e-008	1.3783e-008	1.2016e-008	9.9915e-009	8.7678e-009	7.8251e-009	7.1211e-009	6.9085e-009	6.378e-009	6.3839e-009	5.6989e-009	6.1497e-009	6.3013e-009	5.5957e-009	5.9385e-009	6.3669e-009	6.1871e-009	7.0312e-009	6.83e-009	7.5373e-009	8.2446e-009	9.4605e-009	1.1763e-008	1.4193e-008	1.8424e-008	2.2875e-008	2.6605e-008	3.0833e-008	3.7543e-008	4.3067e-008	5.0885e-008	5.7155e-008	6.3686e-008	6.8422e-008	7.2727e-008	7.7587e-008	8.0935e-008	8.4594e-008	8.7098e-008	8.9323e-008	9.1406e-008	9.3202e-008	9.3947e-008	9.5312e-008	9.5535e-008	9.3482e-008	9.1222e-008	8.9507e-008	8.8282e-008	8.6725e-008	8.6319e-008	8.5221e-008	8.2559e-008	7.9315e-008	7.7455e-008	7.5666e-008	7.3888e-008	7.2101e-008	6.9607e-008	6.6957e-008	6.4483e-008	6.2414e-008	5.9395e-008	5.7323e-008	5.4593e-008	5.1814e-008	4.9543e-008	4.6988e-008	4.5349e-008	4.3366e-008	4.0304e-008	3.627e-008	3.3839e-008	3.2189e-008	2.8953e-008	2.7327e-008	2.3962e-008	2.1774e-008	1.9526e-008	1.7866e-008	1.5232e-008	1.2738e-008	1.0357e-008	8.3728e-009	7.3341e-009	6.0392e-009	5.8608e-009	5.8226e-009	5.7931e-009	6.0263e-009	5.786e-009	4.3402e-009	4.4051e-009	4.9936e-009	5.3965e-009	5.0817e-009	4.7968e-009	5.2404e-009	5.9297e-009	5.5414e-009	6.2479e-009	7.4509e-009	9.3918e-009	1.2378e-008	1.6245e-008	2.1014e-008	2.4499e-008	3.181e-008	3.8419e-008	4.6041e-008	5.2081e-008	5.9083e-008	6.3963e-008	6.9535e-008	7.4149e-008	7.9827e-008	8.2956e-008	8.4988e-008	8.8111e-008	9.0335e-008	9.1427e-008	9.3335e-008	9.4073e-008	9.4468e-008	9.5083e-008	9.3854e-008	9.2465e-008	9.1168e-008	9.0252e-008	8.9969e-008	8.7402e-008	8.4549e-008	8.034e-008	7.7389e-008	7.548e-008	7.3634e-008	7.2702e-008	6.773e-008	6.6596e-008	6.4005e-008	6.3078e-008	6.0969e-008	5.8433e-008	5.4001e-008	5.1906e-008	4.9601e-008	4.7681e-008	4.5259e-008	4.2625e-008	4.0604e-008	3.823e-008	3.5139e-008	3.3215e-008	3.0903e-008	2.7629e-008	2.4992e-008	2.3245e-008	2.133e-008	1.9547e-008	1.804e-008	1.5598e-008	1.3391e-008	1.1335e-008	1.0092e-008	8.036e-009	7.1267e-009	6.2768e-009	5.7479e-009	5.5242e-009	5.0801e-009	4.9771e-009	4.4095e-009	4.3615e-009	4.2278e-009	4.1788e-009	4.2531e-009	4.5883e-009	4.7721e-009	4.9341e-009	6.0606e-009	7.7494e-009	1.077e-008	1.2962e-008	1.6553e-008	2.0265e-008	2.5622e-008	3.1504e-008	3.7418e-008	4.3301e-008	4.9869e-008	5.3766e-008	5.7839e-008	6.4776e-008	7.0854e-008	7.7682e-008	8.3609e-008	8.5461e-008	8.9455e-008	9.1159e-008	9.2759e-008	9.352e-008	9.4007e-008	9.4599e-008	9.4695e-008	9.3948e-008	9.3922e-008	9.2745e-008	9.1719e-008	9.0939e-008	8.9109e-008	8.6795e-008	8.5453e-008	8.0701e-008	7.9959e-008	7.6552e-008	7.5064e-008	7.2352e-008	6.87e-008	6.7149e-008	6.518e-008	6.2724e-008	6.0167e-008	5.8185e-008	5.478e-008	5.1803e-008	4.9502e-008	4.689e-008	4.4428e-008	4.2107e-008	3.8313e-008	3.6821e-008	3.4391e-008	3.2067e-008	2.937e-008	2.6573e-008	2.4081e-008	2.2014e-008	1.9641e-008	1.6955e-008	1.4743e-008	1.2977e-008	1.032e-008	8.4046e-009	6.7707e-009	4.9665e-009	4.0683e-009	3.0804e-009	2.8194e-009	3.8295e-009	3.5176e-009	3.0279e-009	2.7617e-009	2.5289e-009	2.4525e-009	2.6509e-009	2.4023e-009	2.1699e-009	2.9643e-009	3.4604e-009	3.6799e-009	4.7074e-009	5.5576e-009	7.6141e-009	9.0938e-009	1.4035e-008	1.8761e-008	2.5432e-008	3.2333e-008	3.9572e-008	4.5493e-008	5.2062e-008	5.8106e-008	6.4499e-008	7.1485e-008	7.7297e-008	8.1207e-008	8.4119e-008	8.6669e-008	8.9352e-008	9.2735e-008	9.4205e-008	9.5197e-008	9.5088e-008	9.5228e-008	9.4154e-008	9.3449e-008	9.1914e-008	9.0537e-008	9.035e-008	8.9345e-008	8.4738e-008	8.2273e-008	8.0132e-008	7.9514e-008	7.8389e-008	7.733e-008	7.4668e-008	7.1669e-008	7.0112e-008	6.799e-008	6.6613e-008	6.516e-008	6.169e-008	5.9197e-008	5.6817e-008	5.3897e-008	5.0475e-008	4.6888e-008	4.4053e-008	4.2583e-008	4.0029e-008	3.6387e-008	3.3405e-008	2.938e-008	2.6892e-008	2.3959e-008	2.187e-008	1.9816e-008	1.7499e-008	1.457e-008	1.3075e-008	1.1269e-008	9.0584e-009	6.8787e-009	5.5373e-009	4.2719e-009	3.0869e-009	2.5039e-009	2.0698e-009	1.7837e-009	6.5343e-010	6.8356e-010	1.3723e-009	1.1028e-009	1.0877e-009	1.2281e-009	1.4318e-009	2.0033e-009	2.4389e-009	2.6849e-009	3.8262e-009	5.053e-009	7.4621e-009	1.0563e-008	1.4903e-008	1.9689e-008	2.5208e-008	2.9964e-008	3.6873e-008	4.3115e-008	4.8942e-008	5.5845e-008	6.1916e-008	6.7477e-008	7.0908e-008	7.5942e-008	7.8572e-008	8.0654e-008	8.2416e-008	8.4061e-008	8.6828e-008	8.8909e-008	8.9882e-008	8.9977e-008	8.9989e-008	9.0076e-008	8.9424e-008	8.7862e-008	8.6604e-008	8.5273e-008	8.4152e-008	8.2274e-008	7.9553e-008	7.7171e-008	7.5812e-008	7.3735e-008	7.2404e-008	7.0086e-008	6.7508e-008	6.5269e-008	6.4334e-008	6.2372e-008	5.9402e-008	5.7216e-008	5.5197e-008	5.1509e-008	4.8481e-008	4.4631e-008	4.2284e-008	4.0509e-008	3.9457e-008	3.6923e-008	3.4555e-008	3.263e-008	2.9872e-008	2.6493e-008	2.4892e-008	2.244e-008	2.0257e-008	1.7926e-008	1.6151e-008	1.3558e-008	1.184e-008	9.8965e-009	7.8354e-009	5.8618e-009	3.6392e-009	2.1601e-009	2.3546e-009	1.8701e-009	1.5549e-009	1.8033e-009	1.5537e-009	1.6629e-009	1.7443e-009	1.8094e-009	1.6183e-009	1.0024e-009	1.5831e-009	1.9282e-009	3.1095e-009	5.2313e-009	7.1876e-009	1.0575e-008	1.5588e-008	2.0344e-008	2.5201e-008	3.1033e-008	3.72e-008	4.2723e-008	4.812e-008	5.2092e-008	5.6158e-008	6.281e-008	6.9616e-008	7.4367e-008	7.7508e-008	8.0745e-008	8.2295e-008	8.3495e-008	8.4642e-008	8.5645e-008	8.6766e-008	8.8863e-008	8.8938e-008	9.0545e-008	9.044e-008	8.8851e-008	8.788e-008	8.58e-008	8.4216e-008	8.3222e-008	8.3241e-008	7.9193e-008	7.7603e-008	7.7058e-008	7.5676e-008	7.3602e-008	7.2058e-008	7.0161e-008	6.8139e-008	6.4042e-008	6.1889e-008	6.1308e-008	5.7669e-008	5.5957e-008	5.3501e-008	5.0161e-008	4.8161e-008	4.6398e-008	4.5097e-008	4.1139e-008	3.9621e-008	3.7992e-008	3.548e-008	3.2859e-008
9.642e-008	9.5178e-008	9.4531e-008	9.3761e-008	9.2136e-008	8.8158e-008	8.6823e-008	8.5573e-008	8.3389e-008	8.0852e-008	7.8941e-008	7.7133e-008	7.4993e-008	7.2937e-008	7.1718e-008	6.6921e-008	6.3182e-008	6.1749e-008	5.9202e-008	5.7438e-008	5.6055e-008	5.2456e-008	4.9467e-008	4.5799e-008	4.4455e-008	4.0852e-008	3.8144e-008	3.6045e-008	3.3433e-008	3.1297e-008	2.8385e-008	2.6293e-008	2.4279e-008	2.1145e-008	1.9574e-008	1.7222e-008	1.4874e-008	1.3634e-008	1.0591e-008	9.3285e-009	7.8857e-009	6.971e-009	6.6093e-009	6.1503e-009	6.3117e-009	6.6786e-009	6.3458e-009	6.2003e-009	6.4275e-009	6.0082e-009	5.4819e-009	5.546e-009	6.4333e-009	7.1838e-009	7.0947e-009	7.8551e-009	9.1034e-009	1.0191e-008	1.1915e-008	1.4449e-008	1.9181e-008	2.2638e-008	2.7249e-008	3.2248e-008	3.7251e-008	4.3189e-008	4.9329e-008	5.5911e-008	6.2106e-008	6.844e-008	7.31e-008	7.7639e-008	8.1932e-008	8.431e-008	8.7707e-008	8.9931e-008	9.2167e-008	9.3316e-008	9.4316e-008	9.5867e-008	9.5338e-008	9.2853e-008	9.1275e-008	8.9719e-008	8.8196e-008	8.7494e-008	8.6249e-008	8.5589e-008	8.3804e-008	8.0473e-008	7.8228e-008	7.4606e-008	7.3455e-008	7.2195e-008	6.9798e-008	6.7154e-008	6.4981e-008	6.2701e-008	6.0068e-008	5.6863e-008	5.4406e-008	5.1276e-008	4.971e-008	4.8054e-008	4.5985e-008	4.253e-008	3.9203e-008	3.5769e-008	3.4226e-008	3.1824e-008	2.961e-008	2.747e-008	2.4385e-008	2.1704e-008	1.9247e-008	1.8081e-008	1.4195e-008	1.2062e-008	9.6751e-009	8.0728e-009	6.7797e-009	6.3016e-009	6.1927e-009	6.0696e-009	5.8626e-009	6.3432e-009	5.7741e-009	5.1938e-009	4.888e-009	5.2664e-009	4.7643e-009	5.252e-009	5.4872e-009	6.0921e-009	6.1217e-009	6.408e-009	6.0391e-009	7.3565e-009	8.9874e-009	1.1708e-008	1.6221e-008	2.1211e-008	2.6082e-008	3.1359e-008	3.9751e-008	4.6603e-008	5.425e-008	6.1093e-008	6.5658e-008	7.0448e-008	7.4526e-008	7.7385e-008	8.2628e-008	8.5815e-008	8.8814e-008	9.0364e-008	9.2408e-008	9.334e-008	9.3914e-008	9.3725e-008	9.3892e-008	9.358e-008	9.2923e-008	9.1194e-008	8.9524e-008	8.8134e-008	8.5553e-008	8.323e-008	8.1173e-008	7.8611e-008	7.6475e-008	7.4166e-008	7.3688e-008	6.6644e-008	6.6236e-008	6.545e-008	6.4449e-008	6.2517e-008	5.9224e-008	5.6118e-008	5.2723e-008	5.0507e-008	4.8886e-008	4.6676e-008	4.3912e-008	4.1187e-008	3.8375e-008	3.5072e-008	3.2702e-008	3.0892e-008	2.7667e-008	2.5713e-008	2.3924e-008	2.1783e-008	1.9649e-008	1.7419e-008	1.568e-008	1.3853e-008	1.2013e-008	1.0501e-008	8.5352e-009	6.9654e-009	6.0391e-009	5.8337e-009	5.5915e-009	5.6088e-009	5.1748e-009	4.7646e-009	5.0605e-009	5.4686e-009	4.9819e-009	4.799e-009	5.5427e-009	5.2359e-009	5.246e-009	6.1018e-009	7.9848e-009	1.0572e-008	1.3911e-008	1.6562e-008	2.0824e-008	2.5337e-008	3.1969e-008	3.7344e-008	4.353e-008	5.0135e-008	5.492e-008	5.9142e-008	6.6104e-008	7.2258e-008	7.7242e-008	8.3016e-008	8.5799e-008	8.9009e-008	9.1136e-008	9.2625e-008	9.328e-008	9.4426e-008	9.5254e-008	9.5926e-008	9.5764e-008	9.4533e-008	9.2808e-008	9.2155e-008	9.1001e-008	8.9288e-008	8.7554e-008	8.5203e-008	8.1853e-008	7.9362e-008	7.7384e-008	7.4775e-008	7.0933e-008	6.965e-008	6.7267e-008	6.5297e-008	6.2948e-008	6.1101e-008	5.7442e-008	5.44e-008	5.1681e-008	4.9127e-008	4.6627e-008	4.4421e-008	4.2104e-008	3.8288e-008	3.6641e-008	3.3235e-008	3.1317e-008	2.7958e-008	2.617e-008	2.4119e-008	2.1505e-008	1.9596e-008	1.6876e-008	1.431e-008	1.251e-008	1.0141e-008	7.8459e-009	5.5523e-009	4.6733e-009	4.0863e-009	3.5588e-009	3.3185e-009	3.3847e-009	3.2362e-009	2.8475e-009	2.8665e-009	3.3568e-009	3.2294e-009	2.6574e-009	2.7319e-009	3.2925e-009	3.0729e-009	3.4258e-009	3.6012e-009	4.1354e-009	5.2001e-009	6.7572e-009	9.4977e-009	1.3327e-008	1.8369e-008	2.4979e-008	3.2417e-008	3.942e-008	4.5482e-008	5.2556e-008	5.9256e-008	6.5102e-008	7.1348e-008	7.6474e-008	8.0559e-008	8.5052e-008	8.726e-008	8.9796e-008	9.2513e-008	9.491e-008	9.6212e-008	9.5855e-008	9.578e-008	9.5088e-008	9.419e-008	9.2989e-008	9.1525e-008	9.1272e-008	8.9174e-008	8.4842e-008	8.2099e-008	7.9995e-008	7.9276e-008	7.8544e-008	7.6102e-008	7.4447e-008	7.2464e-008	7.0789e-008	6.9055e-008	6.7934e-008	6.3248e-008	6.1297e-008	5.8943e-008	5.6719e-008	5.4309e-008	4.9961e-008	4.7954e-008	4.4349e-008	4.2441e-008	4.0069e-008	3.7493e-008	3.4173e-008	2.9339e-008	2.7283e-008	2.5525e-008	2.2638e-008	2.0369e-008	1.7996e-008	1.5956e-008	1.3753e-008	1.2434e-008	9.5683e-009	7.4742e-009	5.9746e-009	4.5796e-009	3.1331e-009	2.9197e-009	1.7529e-009	1.2819e-009	1.4649e-009	1.2862e-009	1.2552e-009	2.2742e-009	2.1153e-009	1.5249e-009	1.6206e-009	1.7917e-009	2.2093e-009	3.2881e-009	4.5772e-009	5.417e-009	7.6856e-009	1.1464e-008	1.6005e-008	2.0731e-008	2.5434e-008	3.0258e-008	3.7702e-008	4.4741e-008	5.0797e-008	5.7972e-008	6.4677e-008	6.9773e-008	7.3943e-008	7.6604e-008	8.0707e-008	8.2163e-008	8.377e-008	8.574e-008	8.7414e-008	8.9349e-008	9.0405e-008	9.1284e-008	9.1186e-008	9.127e-008	9.04e-008	8.9168e-008	8.7725e-008	8.6392e-008	8.4133e-008	8.2932e-008	8.0837e-008	7.8876e-008	7.681e-008	7.494e-008	7.3172e-008	7.0138e-008	6.7737e-008	6.5697e-008	6.473e-008	6.1725e-008	5.9763e-008	5.7261e-008	5.4709e-008	5.1113e-008	4.7585e-008	4.4865e-008	4.2976e-008	4.1729e-008	4.0245e-008	3.7909e-008	3.5123e-008	3.3032e-008	2.9746e-008	2.6721e-008	2.5474e-008	2.3504e-008	2.0283e-008	1.8476e-008	1.634e-008	1.4597e-008	1.1866e-008	1.0592e-008	9.1963e-009	6.7653e-009	4.5038e-009	3.2598e-009	2.4297e-009	1.8213e-009	1.8308e-009	2.0109e-009	1.9174e-009	1.5819e-009	1.8727e-009	2.1915e-009	1.8965e-009	1.4569e-009	2.118e-009	2.6035e-009	3.4189e-009	4.8604e-009	7.5714e-009	1.0774e-008	1.5058e-008	2.0723e-008	2.55e-008	3.1572e-008	3.7465e-008	4.1763e-008	4.6933e-008	5.1483e-008	5.6965e-008	6.2951e-008	6.9263e-008	7.3306e-008	7.8054e-008	8.047e-008	8.257e-008	8.4171e-008	8.5322e-008	8.671e-008	8.8136e-008	8.9107e-008	9.0101e-008	9.0824e-008	9.1056e-008	9.0076e-008	8.7818e-008	8.6457e-008	8.509e-008	8.4474e-008	8.3563e-008	8.0583e-008	7.7474e-008	7.6154e-008	7.5311e-008	7.4024e-008	7.2129e-008	7e-008	6.7147e-008	6.4532e-008	6.2812e-008	6.1121e-008	5.8982e-008	5.6224e-008	5.2318e-008	5.0633e-008	4.8861e-008	4.6847e-008	4.4629e-008	4.1687e-008	3.9419e-008	3.8365e-008	3.6386e-008	3.4096e-008
9.6196e-008	9.5276e-008	9.3899e-008	9.2566e-008	9.1333e-008	8.9454e-008	8.7292e-008	8.6048e-008	8.4177e-008	8.212e-008	7.9013e-008	7.7158e-008	7.6177e-008	7.3914e-008	7.1876e-008	6.9353e-008	6.5167e-008	6.252e-008	6.0442e-008	5.7569e-008	5.6447e-008	5.3428e-008	5.0538e-008	4.6867e-008	4.4003e-008	4.1848e-008	3.9886e-008	3.592e-008	3.2335e-008	2.954e-008	2.752e-008	2.6132e-008	2.3781e-008	2.1336e-008	1.9111e-008	1.726e-008	1.5307e-008	1.2956e-008	1.0996e-008	8.7685e-009	7.6395e-009	7.178e-009	6.1323e-009	6.4888e-009	6.0659e-009	5.5298e-009	5.9636e-009	6.0987e-009	6.282e-009	5.6504e-009	5.0067e-009	5.4877e-009	5.9867e-009	6.6656e-009	6.8765e-009	7.5723e-009	8.6046e-009	9.8499e-009	1.1809e-008	1.4954e-008	1.8907e-008	2.2688e-008	2.7202e-008	3.2857e-008	3.7424e-008	4.398e-008	4.9828e-008	5.5366e-008	6.1141e-008	6.7467e-008	7.3394e-008	7.7763e-008	8.1916e-008	8.4661e-008	8.847e-008	9.0058e-008	9.248e-008	9.295e-008	9.3932e-008	9.4669e-008	9.4346e-008	9.2626e-008	9.1041e-008	8.9537e-008	8.8361e-008	8.7523e-008	8.523e-008	8.4744e-008	8.2861e-008	8.0587e-008	7.8826e-008	7.5417e-008	7.2892e-008	7.201e-008	7.0113e-008	6.7651e-008	6.5446e-008	6.3374e-008	5.8872e-008	5.6566e-008	5.4264e-008	5.1559e-008	4.9772e-008	4.7015e-008	4.5464e-008	4.2951e-008	3.9451e-008	3.5097e-008	3.4416e-008	3.1962e-008	2.941e-008	2.7008e-008	2.4013e-008	2.2057e-008	1.9487e-008	1.7615e-008	1.4947e-008	1.1803e-008	9.8246e-009	7.6768e-009	6.4395e-009	6.0531e-009	5.8702e-009	5.929e-009	5.7845e-009	4.9915e-009	4.8334e-009	5.3425e-009	5.1651e-009	5.1438e-009	5.1276e-009	5.5153e-009	6.0538e-009	5.8117e-009	5.6344e-009	5.8091e-009	6.0515e-009	6.8004e-009	8.477e-009	1.111e-008	1.4827e-008	1.9591e-008	2.4123e-008	3.226e-008	3.9957e-008	4.671e-008	5.4803e-008	6.0622e-008	6.4312e-008	6.9034e-008	7.4274e-008	7.8726e-008	8.2293e-008	8.5546e-008	8.8186e-008	9.0216e-008	9.154e-008	9.2751e-008	9.3495e-008	9.3929e-008	9.3845e-008	9.3444e-008	9.2961e-008	9.1586e-008	8.9259e-008	8.7858e-008	8.5598e-008	8.3458e-008	8.0948e-008	7.9439e-008	7.6362e-008	7.4801e-008	7.3604e-008	7.1886e-008	6.8853e-008	6.6084e-008	6.4001e-008	6.1816e-008	5.8429e-008	5.5839e-008	5.2373e-008	5.0488e-008	4.7779e-008	4.6071e-008	4.4239e-008	4.1453e-008	3.9015e-008	3.6045e-008	3.3282e-008	3.0594e-008	2.8326e-008	2.5957e-008	2.376e-008	2.1851e-008	2.0286e-008	1.8571e-008	1.5421e-008	1.359e-008	1.1929e-008	1.0155e-008	8.2672e-009	6.5831e-009	5.6219e-009	5.3057e-009	5.0184e-009	5.1184e-009	4.929e-009	4.4846e-009	4.1336e-009	4.41e-009	4.5114e-009	4.5734e-009	4.5103e-009	4.6567e-009	5.2462e-009	5.9528e-009	7.7473e-009	9.5252e-009	1.3366e-008	1.4827e-008	2.0299e-008	2.4859e-008	3.0285e-008	3.5279e-008	4.1336e-008	4.8933e-008	5.4513e-008	6.0382e-008	6.6989e-008	7.2636e-008	7.7755e-008	8.1998e-008	8.5894e-008	8.8863e-008	9.0968e-008	9.2419e-008	9.4197e-008	9.5234e-008	9.5699e-008	9.7203e-008	9.6071e-008	9.487e-008	9.3194e-008	9.2394e-008	9.1193e-008	9.0235e-008	8.8178e-008	8.5876e-008	8.2852e-008	7.9265e-008	7.6723e-008	7.4491e-008	7.1921e-008	6.925e-008	6.74e-008	6.4871e-008	6.2355e-008	6.063e-008	5.7348e-008	5.4695e-008	5.1899e-008	4.9476e-008	4.6638e-008	4.4281e-008	4.192e-008	3.8757e-008	3.5032e-008	3.1841e-008	2.9884e-008	2.7732e-008	2.5374e-008	2.3389e-008	2.1892e-008	1.8768e-008	1.5809e-008	1.3323e-008	1.1496e-008	9.4841e-009	6.9916e-009	5.4044e-009	4.5037e-009	3.9729e-009	3.7536e-009	3.5572e-009	3.6253e-009	2.9476e-009	2.6632e-009	2.7546e-009	3.0096e-009	2.697e-009	2.547e-009	2.8186e-009	3.0263e-009	2.7231e-009	2.5637e-009	3.0024e-009	3.9592e-009	4.337e-009	6.6615e-009	9.7809e-009	1.2849e-008	1.8607e-008	2.5214e-008	3.1295e-008	3.8866e-008	4.5255e-008	5.3122e-008	5.9986e-008	6.5704e-008	7.0521e-008	7.5347e-008	8.0478e-008	8.4825e-008	8.775e-008	9.0106e-008	9.2732e-008	9.5126e-008	9.5973e-008	9.5541e-008	9.5049e-008	9.4422e-008	9.4033e-008	9.3118e-008	9.2349e-008	9.1255e-008	8.863e-008	8.4321e-008	8.0979e-008	7.9469e-008	7.9495e-008	7.8108e-008	7.5156e-008	7.464e-008	7.3496e-008	7.1041e-008	6.9435e-008	6.7489e-008	6.3803e-008	5.988e-008	5.7493e-008	5.5885e-008	5.4913e-008	5.2009e-008	4.7836e-008	4.4715e-008	4.2104e-008	4.0055e-008	3.7974e-008	3.4322e-008	3.1033e-008	2.8177e-008	2.6297e-008	2.3335e-008	2.0734e-008	1.7955e-008	1.5513e-008	1.4194e-008	1.2041e-008	1.0069e-008	7.7295e-009	5.5058e-009	4.2677e-009	3.0233e-009	3.2177e-009	2.0979e-009	1.5439e-009	1.5249e-009	1.9313e-009	2.1083e-009	1.6888e-009	1.3758e-009	1.3535e-009	1.5603e-009	1.6578e-009	1.7697e-009	3.2389e-009	4.4665e-009	6.3211e-009	8.8159e-009	1.181e-008	1.6071e-008	2.0083e-008	2.3508e-008	2.9974e-008	3.6296e-008	4.4464e-008	5.0468e-008	5.7226e-008	6.4216e-008	6.9764e-008	7.3698e-008	7.7969e-008	8.1103e-008	8.3038e-008	8.4769e-008	8.7086e-008	8.7989e-008	8.9385e-008	9.0826e-008	9.1466e-008	9.11e-008	9.0393e-008	9.1059e-008	9.0128e-008	8.8905e-008	8.7074e-008	8.5251e-008	8.2458e-008	8.1377e-008	7.9821e-008	7.6289e-008	7.5145e-008	7.2536e-008	7.0582e-008	6.7233e-008	6.5885e-008	6.5247e-008	6.1359e-008	5.9993e-008	5.7211e-008	5.3256e-008	5.0271e-008	4.7464e-008	4.4979e-008	4.2547e-008	4.1861e-008	4.0711e-008	3.6162e-008	3.4556e-008	3.2748e-008	2.9109e-008	2.6066e-008	2.4239e-008	2.2558e-008	2.0462e-008	1.8331e-008	1.6242e-008	1.4247e-008	1.1728e-008	1.0183e-008	8.9333e-009	7.4222e-009	4.9276e-009	3.042e-009	2.6122e-009	2.3294e-009	2.4026e-009	1.9269e-009	1.9132e-009	1.9941e-009	2.27e-009	2.3242e-009	1.919e-009	2.9186e-009	2.8014e-009	2.9719e-009	3.3204e-009	5.0953e-009	7.3349e-009	1.0084e-008	1.4443e-008	1.955e-008	2.5124e-008	3.1642e-008	3.7145e-008	4.2788e-008	4.6612e-008	4.9559e-008	5.7152e-008	6.2676e-008	6.7565e-008	7.2658e-008	7.7527e-008	7.8881e-008	8.2297e-008	8.372e-008	8.5321e-008	8.6791e-008	8.7852e-008	8.9257e-008	8.964e-008	9.0607e-008	9.1181e-008	8.9821e-008	8.7793e-008	8.7034e-008	8.5727e-008	8.4704e-008	8.3128e-008	7.9415e-008	7.6702e-008	7.5109e-008	7.4358e-008	7.3377e-008	7.0571e-008	6.7942e-008	6.6375e-008	6.4223e-008	6.2697e-008	6.0632e-008	5.9076e-008	5.7376e-008	5.3041e-008	5.0445e-008	4.9636e-008	4.743e-008	4.3557e-008	4.063e-008	3.8524e-008	3.7616e-008	3.5734e-008	3.2658e-008
9.5994e-008	9.5413e-008	9.3817e-008	9.2954e-008	9.1877e-008	9.0083e-008	8.8641e-008	8.6605e-008	8.5328e-008	8.226e-008	7.9565e-008	7.6963e-008	7.5124e-008	7.4472e-008	7.1977e-008	7.0086e-008	6.788e-008	6.324e-008	6.0138e-008	5.8242e-008	5.5888e-008	5.3846e-008	5.024e-008	4.777e-008	4.4899e-008	4.1858e-008	3.8997e-008	3.6439e-008	3.2784e-008	2.9666e-008	2.8789e-008	2.5544e-008	2.3357e-008	2.1537e-008	1.9189e-008	1.6914e-008	1.4618e-008	1.2296e-008	1.0313e-008	8.7767e-009	7.8412e-009	7.1168e-009	6.5727e-009	6.6582e-009	6.2664e-009	6.131e-009	6.119e-009	6.193e-009	6.0517e-009	5.9798e-009	5.1956e-009	5.8427e-009	6.2306e-009	6.4382e-009	6.6146e-009	7.2892e-009	8.6017e-009	1.0431e-008	1.2591e-008	1.5497e-008	1.8355e-008	2.2255e-008	2.7977e-008	3.3463e-008	3.858e-008	4.4217e-008	4.9756e-008	5.5499e-008	6.1125e-008	6.7338e-008	7.283e-008	7.696e-008	8.1355e-008	8.527e-008	8.8396e-008	9.0901e-008	9.2276e-008	9.2548e-008	9.3196e-008	9.3616e-008	9.2862e-008	9.2095e-008	9.0746e-008	8.9708e-008	8.8891e-008	8.6816e-008	8.4268e-008	8.2605e-008	8.1422e-008	8.021e-008	7.8217e-008	7.5431e-008	7.3759e-008	7.2234e-008	7.0487e-008	6.7619e-008	6.5876e-008	6.4588e-008	6.1316e-008	5.7955e-008	5.5638e-008	5.3428e-008	5.0398e-008	4.7397e-008	4.5379e-008	4.2961e-008	4.0948e-008	3.6013e-008	3.4223e-008	3.143e-008	2.9023e-008	2.6175e-008	2.348e-008	2.0124e-008	1.8016e-008	1.6421e-008	1.4878e-008	1.1094e-008	8.8769e-009	7.5538e-009	7.1825e-009	6.4283e-009	5.5808e-009	5.4753e-009	5.0606e-009	4.9429e-009	5.0748e-009	5.0792e-009	4.9411e-009	4.9567e-009	5.4719e-009	5.9039e-009	5.6343e-009	5.7801e-009	5.4748e-009	6.0109e-009	6.1067e-009	6.9401e-009	7.8291e-009	1.1216e-008	1.5272e-008	1.9492e-008	2.2739e-008	3.252e-008	4.0015e-008	4.5845e-008	5.1059e-008	6.0628e-008	6.5561e-008	7.077e-008	7.5669e-008	8.014e-008	8.2512e-008	8.619e-008	8.9208e-008	9.0812e-008	9.2177e-008	9.2763e-008	9.3878e-008	9.4705e-008	9.5094e-008	9.5056e-008	9.3953e-008	9.1131e-008	8.9503e-008	8.7327e-008	8.5891e-008	8.4195e-008	8.1747e-008	7.9875e-008	7.8065e-008	7.5782e-008	7.3574e-008	7.129e-008	6.8819e-008	6.6897e-008	6.4667e-008	6.212e-008	5.8389e-008	5.4677e-008	5.1805e-008	5.0317e-008	4.865e-008	4.6738e-008	4.5371e-008	4.1416e-008	3.8533e-008	3.5291e-008	3.2267e-008	3.0183e-008	2.7842e-008	2.6554e-008	2.4424e-008	2.2558e-008	2.0672e-008	1.8684e-008	1.602e-008	1.417e-008	1.1824e-008	1.0706e-008	8.8634e-009	6.9038e-009	5.9743e-009	5.367e-009	5.0407e-009	5.2138e-009	5.1476e-009	4.687e-009	4.502e-009	4.725e-009	4.9016e-009	4.8634e-009	4.9408e-009	5.0887e-009	5.6771e-009	6.096e-009	7.3202e-009	9.38e-009	1.2175e-008	1.6452e-008	2.0331e-008	2.4348e-008	2.9282e-008	3.5646e-008	4.1584e-008	4.8431e-008	5.6053e-008	6.2718e-008	6.8017e-008	7.2453e-008	7.7463e-008	8.0855e-008	8.4962e-008	8.8922e-008	9.1383e-008	9.3289e-008	9.4824e-008	9.5734e-008	9.6842e-008	9.6832e-008	9.6366e-008	9.5927e-008	9.4457e-008	9.2549e-008	9.148e-008	9.0218e-008	8.8581e-008	8.5518e-008	8.1834e-008	7.7801e-008	7.6131e-008	7.3413e-008	7.2377e-008	7.0871e-008	6.7625e-008	6.4485e-008	6.0675e-008	5.8639e-008	5.7179e-008	5.591e-008	5.2785e-008	5.0544e-008	4.6899e-008	4.4446e-008	4.2713e-008	3.8314e-008	3.4975e-008	3.1252e-008	3.0073e-008	2.861e-008	2.5182e-008	2.3648e-008	2.0364e-008	1.7835e-008	1.5187e-008	1.3431e-008	1.1432e-008	8.5596e-009	6.8136e-009	5.5417e-009	5.2256e-009	4.3032e-009	4.106e-009	3.7141e-009	3.6619e-009	3.1054e-009	2.6639e-009	2.6518e-009	2.7754e-009	2.4027e-009	2.4636e-009	2.465e-009	2.4327e-009	2.3075e-009	2.2848e-009	2.8762e-009	3.7143e-009	4.9494e-009	6.7287e-009	9.741e-009	1.2682e-008	1.9192e-008	2.5357e-008	3.3123e-008	4.043e-008	4.7357e-008	5.4639e-008	6.1052e-008	6.6535e-008	7.0351e-008	7.6047e-008	8.0778e-008	8.452e-008	8.9248e-008	9.141e-008	9.3253e-008	9.5751e-008	9.5708e-008	9.4792e-008	9.439e-008	9.4533e-008	9.4594e-008	9.2886e-008	9.2078e-008	9.0628e-008	8.8962e-008	8.492e-008	8.1937e-008	8.0011e-008	7.9377e-008	7.568e-008	7.5001e-008	7.4243e-008	7.2504e-008	7.0867e-008	6.9988e-008	6.7054e-008	6.3047e-008	5.9064e-008	5.6996e-008	5.5747e-008	5.4454e-008	5.1618e-008	4.8643e-008	4.4026e-008	4.2273e-008	3.9628e-008	3.8188e-008	3.1954e-008	3.0774e-008	2.8718e-008	2.6915e-008	2.4584e-008	2.1943e-008	1.7886e-008	1.598e-008	1.4374e-008	1.206e-008	1.0214e-008	8.6037e-009	5.8476e-009	4.7279e-009	3.5294e-009	2.7974e-009	2.0349e-009	1.6325e-009	1.627e-009	2.0501e-009	2.2507e-009	2.5583e-009	2.2433e-009	2.166e-009	1.5695e-009	1.7984e-009	2.3659e-009	3.7279e-009	5.1047e-009	6.302e-009	9.557e-009	1.1737e-008	1.6658e-008	2.0853e-008	2.4823e-008	3.0199e-008	3.7696e-008	4.5284e-008	5.1398e-008	5.6934e-008	6.2753e-008	6.7959e-008	7.3646e-008	7.8619e-008	8.1644e-008	8.4497e-008	8.6423e-008	8.7735e-008	8.9462e-008	9.033e-008	9.1256e-008	9.2015e-008	9.1651e-008	9.1078e-008	9.1292e-008	9.0318e-008	8.8767e-008	8.7208e-008	8.5584e-008	8.3765e-008	8.1959e-008	8.0633e-008	7.8429e-008	7.5305e-008	7.333e-008	7.0772e-008	6.8933e-008	6.6496e-008	6.4414e-008	6.2807e-008	6.0103e-008	5.7862e-008	5.4292e-008	4.9996e-008	4.7794e-008	4.5976e-008	4.2873e-008	4.106e-008	3.9477e-008	3.7701e-008	3.5579e-008	3.2584e-008	2.9553e-008	2.639e-008	2.4399e-008	2.2648e-008	1.9808e-008	1.8514e-008	1.6547e-008	1.3835e-008	1.1567e-008	1.0095e-008	9.3935e-009	7.4542e-009	4.1776e-009	3.4679e-009	2.4119e-009	2.0974e-009	2.2708e-009	2.6844e-009	2.0835e-009	2.6081e-009	2.5576e-009	2.4292e-009	2.397e-009	2.8028e-009	2.9095e-009	2.9932e-009	3.4806e-009	5.7812e-009	8.2974e-009	1.0458e-008	1.3203e-008	1.8703e-008	2.4843e-008	3.1358e-008	3.6911e-008	4.226e-008	4.6332e-008	5.1833e-008	5.7704e-008	6.3999e-008	6.9223e-008	7.3429e-008	7.6531e-008	8.0073e-008	8.198e-008	8.3961e-008	8.5736e-008	8.6705e-008	8.8286e-008	8.862e-008	8.8876e-008	9.0693e-008	9.0794e-008	8.995e-008	8.8057e-008	8.7375e-008	8.5697e-008	8.3904e-008	8.2341e-008	7.858e-008	7.6334e-008	7.459e-008	7.3667e-008	7.2349e-008	6.8855e-008	6.7018e-008	6.5262e-008	6.3841e-008	6.1911e-008	6.0319e-008	5.8993e-008	5.7401e-008	5.4197e-008	5.1155e-008	5.0308e-008	4.6707e-008	4.5332e-008	4.2758e-008	4.0082e-008	3.8175e-008	3.6631e-008	3.3071e-008
9.5898e-008	9.5117e-008	9.4221e-008	9.3008e-008	9.2236e-008	8.9613e-008	8.8122e-008	8.6215e-008	8.5064e-008	8.2041e-008	8.0559e-008	7.6686e-008	7.5242e-008	7.2362e-008	7.1456e-008	6.9653e-008	6.7593e-008	6.441e-008	6.0407e-008	5.8375e-008	5.5879e-008	5.2615e-008	4.9591e-008	4.6079e-008	4.3443e-008	4.1975e-008	3.852e-008	3.5292e-008	3.2354e-008	2.9964e-008	2.8687e-008	2.5983e-008	2.346e-008	2.0822e-008	1.8842e-008	1.6733e-008	1.3914e-008	1.1956e-008	9.9611e-009	8.4509e-009	7.6112e-009	6.9267e-009	6.8455e-009	6.1009e-009	5.6875e-009	5.5519e-009	6.2369e-009	6.3083e-009	6.7641e-009	6.3785e-009	6.1437e-009	5.8176e-009	6.3273e-009	6.6396e-009	6.6879e-009	7.5398e-009	8.6096e-009	1.0963e-008	1.2718e-008	1.4822e-008	1.9086e-008	2.36e-008	2.8181e-008	3.4456e-008	3.9703e-008	4.578e-008	5.0868e-008	5.5928e-008	6.1086e-008	6.6206e-008	7.1809e-008	7.6551e-008	8.0079e-008	8.5384e-008	8.711e-008	9.0479e-008	9.1386e-008	9.2123e-008	9.2721e-008	9.3052e-008	9.285e-008	9.2316e-008	9.1477e-008	8.9823e-008	8.826e-008	8.5751e-008	8.3261e-008	8.2187e-008	8.0713e-008	7.9088e-008	7.7067e-008	7.5055e-008	7.309e-008	7.2155e-008	6.9606e-008	6.7e-008	6.5213e-008	6.3537e-008	6.0392e-008	5.7937e-008	5.5943e-008	5.4066e-008	4.9542e-008	4.6848e-008	4.4913e-008	4.2407e-008	4.0668e-008	3.5982e-008	3.3561e-008	3.1483e-008	2.9202e-008	2.5776e-008	2.3146e-008	2.0271e-008	1.8076e-008	1.5713e-008	1.3105e-008	1.0393e-008	9.0773e-009	6.951e-009	6.8556e-009	6.2566e-009	5.5339e-009	5.588e-009	5.2841e-009	4.9909e-009	5.1217e-009	4.8371e-009	4.6508e-009	4.7264e-009	5.1649e-009	5.1217e-009	5.0485e-009	5.4132e-009	5.5911e-009	5.7675e-009	5.8338e-009	6.9866e-009	8.3447e-009	1.0519e-008	1.4118e-008	1.8332e-008	2.2739e-008	3.2526e-008	4.1077e-008	4.6374e-008	5.1526e-008	5.8789e-008	6.4642e-008	7.075e-008	7.524e-008	8.0047e-008	8.3179e-008	8.7066e-008	8.9985e-008	9.2027e-008	9.3358e-008	9.409e-008	9.4902e-008	9.5882e-008	9.6678e-008	9.5568e-008	9.4313e-008	9.2294e-008	8.9877e-008	8.8137e-008	8.6248e-008	8.3603e-008	8.1708e-008	7.9653e-008	7.833e-008	7.6886e-008	7.3043e-008	7.0668e-008	6.8612e-008	6.662e-008	6.4666e-008	5.9394e-008	5.7477e-008	5.4068e-008	5.1198e-008	4.8862e-008	4.779e-008	4.6131e-008	4.436e-008	4.0417e-008	3.8325e-008	3.4834e-008	3.2411e-008	2.9835e-008	2.8031e-008	2.6384e-008	2.4589e-008	2.2755e-008	2.1223e-008	1.8254e-008	1.5915e-008	1.394e-008	1.2488e-008	1.1055e-008	8.5347e-009	7.1557e-009	6.2788e-009	5.838e-009	5.7948e-009	5.8747e-009	5.1341e-009	4.6095e-009	4.2774e-009	4.5274e-009	4.5258e-009	4.7518e-009	4.758e-009	4.9086e-009	5.5362e-009	5.7797e-009	6.9891e-009	8.8914e-009	1.1895e-008	1.5744e-008	1.9048e-008	2.4533e-008	2.9598e-008	3.5566e-008	4.0676e-008	4.8277e-008	5.6355e-008	6.3512e-008	6.7655e-008	7.2905e-008	7.7769e-008	8.2426e-008	8.5562e-008	8.9876e-008	9.234e-008	9.4071e-008	9.4818e-008	9.5653e-008	9.6349e-008	9.6129e-008	9.5969e-008	9.5201e-008	9.4708e-008	9.3251e-008	9.0514e-008	8.91e-008	8.7747e-008	8.357e-008	8.1161e-008	7.7675e-008	7.5505e-008	7.2194e-008	7.1104e-008	6.8331e-008	6.5798e-008	6.305e-008	5.9749e-008	5.8068e-008	5.6732e-008	5.4254e-008	5.2976e-008	5.0597e-008	4.7253e-008	4.4035e-008	4.1147e-008	3.7897e-008	3.4415e-008	3.216e-008	3.0182e-008	2.7522e-008	2.4806e-008	2.161e-008	1.902e-008	1.7022e-008	1.5088e-008	1.2861e-008	1.0444e-008	6.8869e-009	5.7624e-009	4.65e-009	4.3219e-009	3.8243e-009	3.4696e-009	3.6449e-009	3.6833e-009	3.2397e-009	3.0055e-009	3.1845e-009	2.6362e-009	2.261e-009	2.3419e-009	1.9269e-009	1.6051e-009	1.9864e-009	2.4051e-009	2.851e-009	3.5551e-009	4.4165e-009	6.1015e-009	9.2186e-009	1.2635e-008	1.8956e-008	2.5656e-008	3.3587e-008	4.185e-008	4.8482e-008	5.6763e-008	6.3146e-008	6.691e-008	7.0335e-008	7.5032e-008	8.0085e-008	8.3277e-008	8.9221e-008	9.191e-008	9.3629e-008	9.4825e-008	9.4446e-008	9.4043e-008	9.4205e-008	9.4562e-008	9.4854e-008	9.2404e-008	9.0678e-008	9.0303e-008	8.835e-008	8.5774e-008	8.1556e-008	7.944e-008	7.7083e-008	7.5122e-008	7.4417e-008	7.3466e-008	7.2027e-008	7.0866e-008	6.9562e-008	6.4551e-008	6.081e-008	5.9283e-008	5.7013e-008	5.4927e-008	5.3994e-008	5.0639e-008	4.7579e-008	4.3485e-008	4.1332e-008	3.8713e-008	3.7434e-008	3.4515e-008	3.0076e-008	2.8577e-008	2.6135e-008	2.2073e-008	2.0597e-008	1.8257e-008	1.6235e-008	1.393e-008	1.1799e-008	1.0025e-008	7.3569e-009	5.6218e-009	4.213e-009	3.1907e-009	2.5734e-009	2.0032e-009	1.2515e-009	1.7282e-009	2.0693e-009	2.4135e-009	2.4425e-009	2.3076e-009	2.1021e-009	1.5626e-009	1.71e-009	2.4584e-009	3.2719e-009	4.6552e-009	7.0258e-009	8.6896e-009	1.2001e-008	1.5514e-008	2.0766e-008	2.5249e-008	3.1452e-008	3.8124e-008	4.5502e-008	5.1227e-008	5.728e-008	6.1976e-008	6.5996e-008	7.2086e-008	7.7035e-008	8.1461e-008	8.4986e-008	8.7031e-008	8.8189e-008	8.9547e-008	9.035e-008	9.1666e-008	9.2076e-008	9.2199e-008	9.1813e-008	9.0392e-008	8.934e-008	8.7781e-008	8.6967e-008	8.5491e-008	8.3929e-008	8.2194e-008	8.0253e-008	7.7943e-008	7.4341e-008	7.1871e-008	6.9878e-008	6.8342e-008	6.5893e-008	6.3753e-008	6.0664e-008	5.9568e-008	5.687e-008	5.3703e-008	5.1909e-008	4.996e-008	4.6357e-008	4.3846e-008	4.0742e-008	3.8165e-008	3.5928e-008	3.4263e-008	3.2297e-008	2.9098e-008	2.6727e-008	2.5132e-008	2.3181e-008	2.0499e-008	1.8124e-008	1.5446e-008	1.3326e-008	1.1734e-008	1.0008e-008	8.6749e-009	6.74e-009	4.6514e-009	3.2582e-009	2.2196e-009	1.5677e-009	1.9637e-009	2.4575e-009	2.4643e-009	2.8508e-009	2.654e-009	1.9827e-009	2.025e-009	2.5045e-009	2.8539e-009	2.9549e-009	3.2624e-009	5.839e-009	8.8754e-009	1.0387e-008	1.5145e-008	1.9741e-008	2.5031e-008	3.0504e-008	3.4795e-008	4.1953e-008	4.6114e-008	5.2182e-008	5.8781e-008	6.5606e-008	7.0697e-008	7.3654e-008	7.7453e-008	7.9525e-008	8.1608e-008	8.3779e-008	8.509e-008	8.5996e-008	8.7325e-008	8.7977e-008	8.8454e-008	8.9608e-008	8.9646e-008	8.8553e-008	8.7309e-008	8.748e-008	8.6247e-008	8.4198e-008	8.2238e-008	7.8589e-008	7.6543e-008	7.408e-008	7.1899e-008	7.0507e-008	6.8684e-008	6.6308e-008	6.5397e-008	6.4488e-008	6.184e-008	5.9726e-008	5.8555e-008	5.7252e-008	5.4843e-008	5.1688e-008	4.9937e-008	4.6108e-008	4.5398e-008	4.2547e-008	4.0175e-008	3.8268e-008	3.569e-008	3.4013e-008
9.5434e-008	9.549e-008	9.4533e-008	9.3153e-008	9.191e-008	8.9847e-008	8.7931e-008	8.5484e-008	8.3885e-008	8.1788e-008	8.0951e-008	7.6203e-008	7.4533e-008	7.2565e-008	7.1376e-008	7.0031e-008	6.6894e-008	6.3175e-008	6.0286e-008	5.6901e-008	5.4999e-008	5.2529e-008	5.0173e-008	4.5039e-008	4.2256e-008	4.1389e-008	3.7826e-008	3.488e-008	3.1956e-008	2.9308e-008	2.7737e-008	2.4221e-008	2.2178e-008	2.0273e-008	1.8513e-008	1.6083e-008	1.3811e-008	1.1931e-008	9.8065e-009	8.0945e-009	7.0361e-009	6.7473e-009	6.5276e-009	5.7537e-009	6.109e-009	6.1207e-009	6.0734e-009	6.5044e-009	6.6354e-009	6.1568e-009	5.7305e-009	6.1882e-009	6.9099e-009	6.5114e-009	6.9414e-009	7.3946e-009	8.1238e-009	9.7575e-009	1.2248e-008	1.4935e-008	1.8348e-008	2.398e-008	2.8568e-008	3.4206e-008	4.0746e-008	4.6306e-008	5.149e-008	5.6684e-008	6.1604e-008	6.6452e-008	7.0761e-008	7.58e-008	8.0201e-008	8.4572e-008	8.682e-008	8.8915e-008	9.0607e-008	9.2309e-008	9.3035e-008	9.3007e-008	9.3299e-008	9.2827e-008	9.1555e-008	8.9334e-008	8.717e-008	8.4847e-008	8.3495e-008	8.2275e-008	8.0432e-008	7.8263e-008	7.6757e-008	7.4888e-008	7.1899e-008	7.0018e-008	6.8368e-008	6.6532e-008	6.4611e-008	6.3399e-008	6.0923e-008	5.7212e-008	5.5002e-008	5.2635e-008	4.9864e-008	4.6826e-008	4.4807e-008	4.2246e-008	3.999e-008	3.5278e-008	3.3269e-008	3.1179e-008	2.8959e-008	2.5744e-008	2.3372e-008	2.0425e-008	1.9006e-008	1.4811e-008	1.2642e-008	1.1001e-008	8.3399e-009	6.5845e-009	5.7461e-009	5.744e-009	5.5803e-009	5.0776e-009	4.5026e-009	5.126e-009	5.0732e-009	5.0209e-009	5.1857e-009	4.742e-009	4.5988e-009	4.6093e-009	4.6654e-009	5.2033e-009	5.7287e-009	5.6338e-009	5.6553e-009	6.1152e-009	7.4459e-009	1.0195e-008	1.2928e-008	1.7371e-008	2.2844e-008	3.1292e-008	3.9135e-008	4.5742e-008	5.0885e-008	5.825e-008	6.5332e-008	7.0639e-008	7.569e-008	8.0149e-008	8.5186e-008	8.8179e-008	9.0093e-008	9.317e-008	9.3915e-008	9.4567e-008	9.5564e-008	9.6564e-008	9.6658e-008	9.5726e-008	9.4238e-008	9.2452e-008	9.0661e-008	8.8876e-008	8.7268e-008	8.3905e-008	8.2293e-008	8.0136e-008	7.8751e-008	7.6321e-008	7.3068e-008	6.9938e-008	6.8528e-008	6.6674e-008	6.4361e-008	6.068e-008	5.6278e-008	5.3798e-008	5.2064e-008	5.0168e-008	4.8543e-008	4.6485e-008	4.4395e-008	3.9656e-008	3.7588e-008	3.5606e-008	3.2329e-008	3.1337e-008	2.8336e-008	2.6793e-008	2.4021e-008	2.3168e-008	2.0987e-008	1.8566e-008	1.6634e-008	1.4385e-008	1.2713e-008	1.1174e-008	8.8709e-009	7.3354e-009	6.0102e-009	5.5358e-009	5.68e-009	5.5551e-009	4.974e-009	4.2318e-009	3.9468e-009	3.8266e-009	3.7672e-009	4.0065e-009	4.5604e-009	4.5088e-009	5.056e-009	5.3818e-009	6.2029e-009	8.3801e-009	1.1211e-008	1.4407e-008	1.8406e-008	2.3171e-008	2.9541e-008	3.5651e-008	4.0109e-008	4.7465e-008	5.6418e-008	6.2267e-008	6.6409e-008	7.2495e-008	7.8095e-008	8.2808e-008	8.6628e-008	8.9489e-008	9.1774e-008	9.4199e-008	9.4426e-008	9.514e-008	9.5583e-008	9.5418e-008	9.5398e-008	9.4719e-008	9.3606e-008	9.2452e-008	8.9744e-008	8.8187e-008	8.6428e-008	8.2293e-008	7.9878e-008	7.7567e-008	7.4969e-008	7.2666e-008	7.016e-008	6.7731e-008	6.5186e-008	6.1667e-008	5.9779e-008	5.7275e-008	5.5238e-008	5.3269e-008	5.1582e-008	4.8941e-008	4.5951e-008	4.2403e-008	4.024e-008	3.7707e-008	3.3923e-008	3.1312e-008	2.8529e-008	2.5858e-008	2.3977e-008	2.0839e-008	1.8577e-008	1.7025e-008	1.4847e-008	1.1922e-008	9.1125e-009	6.6114e-009	5.1862e-009	3.736e-009	3.4469e-009	3.5404e-009	3.0292e-009	3.1812e-009	2.9553e-009	2.9025e-009	2.7066e-009	2.8157e-009	2.4278e-009	2.1035e-009	1.9124e-009	1.6477e-009	1.3767e-009	1.826e-009	2.4509e-009	2.7696e-009	3.2029e-009	3.7103e-009	5.0034e-009	8.0581e-009	1.1498e-008	1.7773e-008	2.53e-008	3.3875e-008	4.2457e-008	5.0016e-008	5.7974e-008	6.3823e-008	6.7579e-008	7.0478e-008	7.4536e-008	7.9677e-008	8.2372e-008	8.7634e-008	9.054e-008	9.1878e-008	9.2964e-008	9.3328e-008	9.3684e-008	9.3904e-008	9.4255e-008	9.4726e-008	9.3531e-008	9.0454e-008	8.9975e-008	8.6112e-008	8.5453e-008	8.2582e-008	7.9101e-008	7.7013e-008	7.5965e-008	7.4244e-008	7.2944e-008	7.2185e-008	7.023e-008	6.8808e-008	6.3464e-008	6.0914e-008	5.8879e-008	5.6264e-008	5.5295e-008	5.2751e-008	4.8446e-008	4.6389e-008	4.3577e-008	4.0606e-008	3.8018e-008	3.5623e-008	3.3801e-008	3.0899e-008	2.8854e-008	2.7153e-008	2.1107e-008	1.9576e-008	1.7537e-008	1.5313e-008	1.4492e-008	1.1729e-008	9.9571e-009	7.8002e-009	5.99e-009	4.0855e-009	2.525e-009	2.1379e-009	1.2108e-009	1.0189e-009	8.9828e-010	1.4347e-009	1.8643e-009	2.2498e-009	1.8299e-009	1.4325e-009	1.202e-009	1.5192e-009	2.4326e-009	2.8969e-009	4.1227e-009	6.6363e-009	8.8735e-009	1.21e-008	1.5137e-008	2.0225e-008	2.565e-008	3.1059e-008	3.7764e-008	4.3795e-008	5.1592e-008	5.7316e-008	6.0876e-008	6.5871e-008	6.9519e-008	7.5367e-008	8.0484e-008	8.4233e-008	8.6701e-008	8.7838e-008	8.9389e-008	9.0398e-008	9.1151e-008	9.2458e-008	9.2194e-008	9.1658e-008	8.9967e-008	8.8102e-008	8.6921e-008	8.6216e-008	8.5356e-008	8.4303e-008	8.2449e-008	7.9161e-008	7.6161e-008	7.3357e-008	7.1087e-008	7.0027e-008	6.9362e-008	6.7099e-008	6.39e-008	6.1093e-008	5.9584e-008	5.6936e-008	5.3367e-008	5.1622e-008	4.9301e-008	4.6292e-008	4.3661e-008	3.9744e-008	3.7578e-008	3.531e-008	3.3558e-008	3.2052e-008	2.826e-008	2.575e-008	2.4078e-008	2.2451e-008	1.8894e-008	1.7636e-008	1.5471e-008	1.3319e-008	1.1604e-008	9.4654e-009	7.8539e-009	6.4226e-009	4.2408e-009	2.7704e-009	1.6568e-009	8.4934e-010	1.0625e-009	1.2682e-009	1.5291e-009	1.5004e-009	1.7995e-009	1.3216e-009	1.6127e-009	1.7659e-009	2.3252e-009	1.9397e-009	2.7487e-009	4.7486e-009	8.2101e-009	1.1249e-008	1.474e-008	1.9651e-008	2.5054e-008	2.9589e-008	3.6286e-008	4.126e-008	4.6946e-008	5.1965e-008	5.8723e-008	6.4006e-008	7.0112e-008	7.2667e-008	7.6664e-008	7.9377e-008	8.1354e-008	8.261e-008	8.3375e-008	8.5578e-008	8.695e-008	8.7627e-008	8.8517e-008	8.8832e-008	8.9013e-008	8.8585e-008	8.7555e-008	8.6912e-008	8.6471e-008	8.4248e-008	8.3013e-008	7.7665e-008	7.5786e-008	7.3918e-008	7.2375e-008	6.9281e-008	6.7625e-008	6.6277e-008	6.4865e-008	6.3893e-008	6.1804e-008	5.8973e-008	5.691e-008	5.5268e-008	5.2494e-008	5.1114e-008	4.8593e-008	4.6421e-008	4.4829e-008	4.1466e-008	3.8834e-008	3.6766e-008	3.4485e-008	3.3118e-008
9.5979e-008	9.5346e-008	9.4851e-008	9.5001e-008	9.2589e-008	9.102e-008	8.9174e-008	8.6486e-008	8.3683e-008	8.1747e-008	8.0847e-008	7.6103e-008	7.4341e-008	7.2962e-008	7.194e-008	7.0159e-008	6.7394e-008	6.2883e-008	5.9619e-008	5.7365e-008	5.4896e-008	5.2784e-008	4.9691e-008	4.3432e-008	4.28e-008	4.0487e-008	3.8142e-008	3.5304e-008	3.3092e-008	3.0309e-008	2.781e-008	2.4872e-008	2.2021e-008	1.991e-008	1.8459e-008	1.6587e-008	1.3948e-008	1.1508e-008	9.6696e-009	8.3533e-009	7.4979e-009	6.6342e-009	6.4301e-009	6.57e-009	6.4066e-009	6.217e-009	5.96e-009	5.764e-009	5.9123e-009	6.0173e-009	5.5715e-009	5.6368e-009	6.7749e-009	6.9282e-009	7.069e-009	7.1975e-009	8.1623e-009	9.9903e-009	1.333e-008	1.6084e-008	1.8225e-008	2.3766e-008	2.8927e-008	3.4842e-008	4.1347e-008	4.7338e-008	5.2947e-008	5.8567e-008	6.2055e-008	6.5668e-008	6.9706e-008	7.3962e-008	7.9236e-008	8.3704e-008	8.7076e-008	8.9464e-008	9.1364e-008	9.2342e-008	9.3019e-008	9.3494e-008	9.3318e-008	9.2324e-008	9.0175e-008	8.846e-008	8.663e-008	8.5193e-008	8.4151e-008	8.1935e-008	8.0432e-008	7.888e-008	7.668e-008	7.5045e-008	7.2051e-008	7.0212e-008	6.9211e-008	6.627e-008	6.4662e-008	6.3364e-008	5.937e-008	5.771e-008	5.4836e-008	5.1387e-008	4.8452e-008	4.7064e-008	4.48e-008	4.2566e-008	3.8993e-008	3.6418e-008	3.3323e-008	3.082e-008	2.8963e-008	2.5716e-008	2.3687e-008	2.1257e-008	1.8783e-008	1.538e-008	1.31e-008	9.892e-009	8.7038e-009	6.9774e-009	5.2592e-009	5.5467e-009	5.5183e-009	5.2289e-009	5.0792e-009	5.475e-009	5.4137e-009	5.6795e-009	5.5238e-009	5.0202e-009	4.8729e-009	4.7997e-009	5.0666e-009	5.324e-009	5.876e-009	5.9022e-009	5.9662e-009	6.7165e-009	8.2119e-009	1.0156e-008	1.3482e-008	1.7026e-008	2.2829e-008	2.9514e-008	3.8585e-008	4.4549e-008	5.2036e-008	5.988e-008	6.6102e-008	7.1883e-008	7.5736e-008	8.1765e-008	8.5911e-008	8.9746e-008	9.1536e-008	9.2897e-008	9.5383e-008	9.5548e-008	9.5788e-008	9.6935e-008	9.6277e-008	9.5283e-008	9.4784e-008	9.2633e-008	9.0656e-008	8.9281e-008	8.8306e-008	8.4924e-008	8.2927e-008	8.1231e-008	7.9519e-008	7.6483e-008	7.36e-008	6.9625e-008	6.7836e-008	6.5792e-008	6.4541e-008	5.9577e-008	5.7325e-008	5.4592e-008	5.2306e-008	5.0544e-008	4.9116e-008	4.6882e-008	4.3038e-008	3.9883e-008	3.7942e-008	3.5621e-008	3.314e-008	3.1332e-008	2.8618e-008	2.6645e-008	2.462e-008	2.1595e-008	2.0111e-008	1.8658e-008	1.727e-008	1.4705e-008	1.2774e-008	1.0972e-008	9.6318e-009	7.8837e-009	6.5331e-009	5.5514e-009	5.4512e-009	5.2494e-009	4.8289e-009	4.2347e-009	4.2386e-009	4.2755e-009	4.0649e-009	4.0004e-009	4.9588e-009	5.0609e-009	5.1519e-009	5.6179e-009	6.0423e-009	8.332e-009	1.0972e-008	1.3945e-008	1.7236e-008	2.3439e-008	2.8368e-008	3.3837e-008	3.9883e-008	4.6932e-008	5.5891e-008	6.2054e-008	6.6571e-008	7.3557e-008	7.9043e-008	8.3506e-008	8.7012e-008	9.0133e-008	9.3136e-008	9.4042e-008	9.4536e-008	9.508e-008	9.548e-008	9.6123e-008	9.6581e-008	9.5623e-008	9.3533e-008	9.2531e-008	9.0289e-008	8.789e-008	8.5812e-008	8.319e-008	8.0359e-008	7.8003e-008	7.5284e-008	7.3473e-008	7.0744e-008	6.7787e-008	6.5518e-008	6.33e-008	6.0058e-008	5.7914e-008	5.5403e-008	5.2926e-008	5.0587e-008	4.8749e-008	4.6806e-008	4.2429e-008	3.9179e-008	3.7668e-008	3.4877e-008	3.1308e-008	2.8954e-008	2.601e-008	2.4257e-008	2.1761e-008	1.8696e-008	1.628e-008	1.4739e-008	1.1266e-008	8.6708e-009	7.3275e-009	4.8852e-009	4.051e-009	3.1517e-009	3.2434e-009	3.208e-009	3.0309e-009	2.7747e-009	2.7668e-009	2.6295e-009	2.945e-009	2.5481e-009	2.2646e-009	1.8723e-009	1.7376e-009	1.8679e-009	1.9642e-009	2.6647e-009	2.6515e-009	3.1428e-009	3.5624e-009	5.4136e-009	7.9783e-009	1.2582e-008	1.683e-008	2.4787e-008	3.402e-008	4.3288e-008	5.0755e-008	5.8874e-008	6.5031e-008	6.8068e-008	7.1568e-008	7.5353e-008	7.9805e-008	8.3797e-008	8.7711e-008	8.9414e-008	9.0057e-008	9.1523e-008	9.2474e-008	9.3713e-008	9.3894e-008	9.4715e-008	9.4671e-008	9.3642e-008	9.0604e-008	8.9597e-008	8.7873e-008	8.6122e-008	8.3255e-008	7.9554e-008	7.8283e-008	7.6443e-008	7.5497e-008	7.357e-008	7.2174e-008	7.0446e-008	6.7683e-008	6.384e-008	6.1859e-008	5.8666e-008	5.7625e-008	5.4776e-008	5.2876e-008	4.9593e-008	4.777e-008	4.4397e-008	4.2813e-008	3.8791e-008	3.577e-008	3.3776e-008	3.1115e-008	2.8898e-008	2.5337e-008	2.3255e-008	2.0236e-008	1.8096e-008	1.6159e-008	1.3433e-008	1.1225e-008	8.7659e-009	7.7334e-009	5.3591e-009	4.0921e-009	2.9597e-009	2.115e-009	1.4309e-009	1.1047e-009	9.5982e-010	1.3292e-009	1.9412e-009	1.9659e-009	1.2546e-009	1.222e-009	1.2957e-009	1.5477e-009	2.5417e-009	3.3061e-009	4.6265e-009	6.8369e-009	9.3722e-009	1.2378e-008	1.669e-008	2.0903e-008	2.5888e-008	3.2025e-008	3.7538e-008	4.5577e-008	5.2467e-008	5.7551e-008	6.2031e-008	6.5495e-008	7.0026e-008	7.4525e-008	7.9381e-008	8.3014e-008	8.6073e-008	8.8301e-008	9.001e-008	9.1006e-008	9.2316e-008	9.2666e-008	9.2975e-008	9.2364e-008	8.9733e-008	8.8175e-008	8.7145e-008	8.7036e-008	8.5986e-008	8.3633e-008	8.1356e-008	7.7722e-008	7.5463e-008	7.293e-008	7.1343e-008	7.0448e-008	6.9713e-008	6.7666e-008	6.4444e-008	6.1639e-008	5.9273e-008	5.7468e-008	5.3782e-008	5.1581e-008	4.9213e-008	4.6426e-008	4.3927e-008	3.8293e-008	3.8056e-008	3.5727e-008	3.3578e-008	3.1897e-008	2.6908e-008	2.6077e-008	2.3041e-008	2.0153e-008	1.8504e-008	1.6673e-008	1.4896e-008	1.3183e-008	1.1801e-008	9.3041e-009	7.9727e-009	5.5826e-009	4.2962e-009	3.6071e-009	2.2483e-009	1.6605e-009	1.1892e-009	8.659e-010	9.3672e-010	8.9618e-010	1.1072e-009	1.4081e-009	1.4826e-009	2.3732e-009	2.4341e-009	2.1906e-009	2.9093e-009	5.374e-009	7.7695e-009	1.0783e-008	1.4642e-008	1.9595e-008	2.5333e-008	3.0511e-008	3.5473e-008	4.1567e-008	4.5933e-008	5.3104e-008	5.9936e-008	6.5561e-008	7.0029e-008	7.3629e-008	7.6912e-008	7.9195e-008	8.1186e-008	8.3036e-008	8.418e-008	8.6293e-008	8.8072e-008	8.8754e-008	8.925e-008	9.0219e-008	8.9101e-008	8.8529e-008	8.7853e-008	8.723e-008	8.6548e-008	8.5469e-008	8.0941e-008	7.74e-008	7.561e-008	7.4137e-008	7.3403e-008	7.1415e-008	6.829e-008	6.5962e-008	6.4341e-008	6.3183e-008	6.0892e-008	5.9083e-008	5.7171e-008	5.4429e-008	5.2718e-008	5.0521e-008	4.8181e-008	4.6598e-008	4.3459e-008	3.9914e-008	3.7928e-008	3.5547e-008	3.4071e-008	3.2823e-008
9.6284e-008	9.5682e-008	9.5096e-008	9.5525e-008	9.2936e-008	9.082e-008	8.9569e-008	8.6474e-008	8.3033e-008	8.1365e-008	8.0172e-008	7.6651e-008	7.4301e-008	7.2851e-008	7.1558e-008	6.9645e-008	6.6023e-008	6.2521e-008	5.9482e-008	5.6969e-008	5.4134e-008	5.2197e-008	4.9665e-008	4.6082e-008	4.2331e-008	4.0057e-008	3.8173e-008	3.5678e-008	3.3234e-008	3.0347e-008	2.7803e-008	2.531e-008	2.2962e-008	2.0132e-008	1.8711e-008	1.5949e-008	1.4062e-008	1.2219e-008	9.9638e-009	8.3666e-009	7.326e-009	6.9147e-009	6.7088e-009	6.3363e-009	6.0846e-009	6.4379e-009	6.3871e-009	5.9283e-009	5.9525e-009	6.2376e-009	5.8708e-009	6.2558e-009	6.0763e-009	6.596e-009	7.2222e-009	7.5891e-009	8.6606e-009	1.0116e-008	1.2507e-008	1.5336e-008	1.9452e-008	2.3462e-008	3.0324e-008	3.5217e-008	4.184e-008	4.8424e-008	5.312e-008	5.7698e-008	6.2305e-008	6.6616e-008	7.0251e-008	7.4143e-008	7.8973e-008	8.4237e-008	8.7722e-008	8.9652e-008	9.1632e-008	9.2578e-008	9.2913e-008	9.2671e-008	9.2119e-008	9.1484e-008	8.9414e-008	8.7717e-008	8.6292e-008	8.5157e-008	8.4555e-008	8.243e-008	8.0906e-008	7.8831e-008	7.6599e-008	7.3369e-008	7.2021e-008	7.0048e-008	6.8348e-008	6.6252e-008	6.4607e-008	6.3261e-008	6.0996e-008	5.7883e-008	5.4078e-008	5.0075e-008	4.8006e-008	4.6226e-008	4.4481e-008	4.0759e-008	3.7648e-008	3.646e-008	3.4457e-008	3.069e-008	2.8708e-008	2.5599e-008	2.2567e-008	2.0201e-008	1.7736e-008	1.5121e-008	1.2993e-008	1.1259e-008	8.3856e-009	7.0062e-009	5.5964e-009	5.1185e-009	5.5468e-009	5.0443e-009	4.9003e-009	5.2304e-009	5.2342e-009	5.746e-009	5.3981e-009	4.9271e-009	4.8525e-009	5.2271e-009	5.4108e-009	5.3918e-009	5.8334e-009	6.2893e-009	6.469e-009	6.7545e-009	8.2549e-009	1.0862e-008	1.2519e-008	1.7646e-008	2.2606e-008	2.9226e-008	3.7177e-008	4.5662e-008	5.4223e-008	6.1597e-008	6.738e-008	7.1446e-008	7.6233e-008	8.1037e-008	8.6146e-008	8.9429e-008	9.1251e-008	9.3456e-008	9.5034e-008	9.5521e-008	9.6191e-008	9.6602e-008	9.5914e-008	9.5675e-008	9.4445e-008	9.3066e-008	9.1393e-008	9.0276e-008	8.8558e-008	8.5786e-008	8.4167e-008	8.2116e-008	7.9975e-008	7.8303e-008	7.3815e-008	7.0592e-008	6.7644e-008	6.5295e-008	6.3776e-008	6.2145e-008	5.8055e-008	5.4721e-008	5.3176e-008	5.1451e-008	4.9119e-008	4.636e-008	4.2804e-008	4.0446e-008	3.7965e-008	3.5405e-008	3.3356e-008	3.184e-008	2.9299e-008	2.6508e-008	2.5208e-008	2.2785e-008	2.0519e-008	1.9104e-008	1.7189e-008	1.5378e-008	1.3123e-008	1.1453e-008	1.0667e-008	8.3095e-009	7.0114e-009	5.9824e-009	5.5327e-009	4.8333e-009	4.7336e-009	4.3109e-009	4.7012e-009	3.9708e-009	3.9813e-009	4.3001e-009	5.2633e-009	5.4176e-009	5.7883e-009	5.8576e-009	6.4429e-009	6.9632e-009	1.0845e-008	1.4756e-008	1.7753e-008	2.2572e-008	2.9022e-008	3.536e-008	4.0984e-008	4.809e-008	5.5887e-008	6.177e-008	6.6626e-008	7.374e-008	7.8948e-008	8.3612e-008	8.728e-008	9e-008	9.231e-008	9.3452e-008	9.4463e-008	9.4727e-008	9.6191e-008	9.7445e-008	9.7575e-008	9.5196e-008	9.3527e-008	9.2166e-008	9.0205e-008	8.8391e-008	8.624e-008	8.306e-008	8.1436e-008	7.8499e-008	7.6981e-008	7.3972e-008	7.097e-008	6.9022e-008	6.6789e-008	6.4359e-008	6.1401e-008	5.7913e-008	5.5307e-008	5.3059e-008	5.0728e-008	4.844e-008	4.627e-008	4.2072e-008	3.9994e-008	3.7665e-008	3.3977e-008	3.0257e-008	2.9697e-008	2.6808e-008	2.3114e-008	2.0515e-008	1.8412e-008	1.6632e-008	1.4202e-008	1.0703e-008	8.7895e-009	6.7359e-009	5.2314e-009	4.2571e-009	3.316e-009	2.7949e-009	2.884e-009	3.33e-009	2.9538e-009	3.0234e-009	2.5051e-009	2.9223e-009	2.3909e-009	2.0066e-009	1.947e-009	2.0664e-009	2.1211e-009	2.2074e-009	2.3862e-009	2.5136e-009	3.1772e-009	4.0437e-009	5.7286e-009	8.2592e-009	1.1882e-008	1.7011e-008	2.3428e-008	3.2974e-008	4.1508e-008	5.1258e-008	5.8657e-008	6.5179e-008	6.7977e-008	7.1308e-008	7.474e-008	7.9233e-008	8.4117e-008	8.6528e-008	8.9689e-008	9.0815e-008	9.1911e-008	9.263e-008	9.341e-008	9.4112e-008	9.4596e-008	9.4223e-008	9.2172e-008	9.1235e-008	8.963e-008	8.8373e-008	8.7024e-008	8.3215e-008	8.0919e-008	7.94e-008	7.8104e-008	7.5666e-008	7.3602e-008	7.1751e-008	6.9512e-008	6.735e-008	6.5191e-008	6.1177e-008	5.9404e-008	5.8421e-008	5.4881e-008	5.3518e-008	5.0462e-008	4.79e-008	4.6476e-008	4.4146e-008	4.0742e-008	3.8155e-008	3.3739e-008	3.1845e-008	2.8899e-008	2.7205e-008	2.4371e-008	2.0202e-008	1.8363e-008	1.5163e-008	1.4027e-008	1.1331e-008	8.813e-009	7.6325e-009	5.7131e-009	4.0666e-009	3.0416e-009	2.0064e-009	1.5849e-009	1.7464e-009	1.514e-009	1.6644e-009	2.1949e-009	2.2968e-009	2.1444e-009	1.5327e-009	1.8083e-009	2.3208e-009	2.7172e-009	3.5993e-009	5.0863e-009	6.9864e-009	8.221e-009	1.1893e-008	1.6246e-008	1.9621e-008	2.5953e-008	3.1975e-008	3.8487e-008	4.6343e-008	5.3723e-008	5.8739e-008	6.3095e-008	6.7226e-008	7.089e-008	7.4476e-008	7.9097e-008	8.1255e-008	8.6193e-008	8.8217e-008	9.0086e-008	9.0788e-008	9.2165e-008	9.3158e-008	9.2847e-008	9.1938e-008	9.0436e-008	8.8924e-008	8.7596e-008	8.7235e-008	8.5613e-008	8.3719e-008	8.0922e-008	7.8058e-008	7.5051e-008	7.2861e-008	7.2542e-008	7.1293e-008	6.944e-008	6.7855e-008	6.4323e-008	6.1838e-008	6.0665e-008	5.6391e-008	5.3548e-008	5.151e-008	4.7429e-008	4.5758e-008	4.398e-008	4.0622e-008	3.8593e-008	3.594e-008	3.3409e-008	3.1609e-008	2.9191e-008	2.6627e-008	2.4407e-008	2.2097e-008	1.9263e-008	1.6665e-008	1.5319e-008	1.3757e-008	1.1467e-008	9.9023e-009	7.7251e-009	6.0631e-009	4.1881e-009	3.5172e-009	2.6387e-009	2.0266e-009	1.4435e-009	8.3321e-010	1.3245e-009	1.2427e-009	1.4558e-009	1.6929e-009	2.074e-009	2.3558e-009	2.4918e-009	2.4645e-009	4.0243e-009	5.5298e-009	8.0113e-009	1.1852e-008	1.5428e-008	1.9709e-008	2.4867e-008	3.0981e-008	3.5724e-008	4.1104e-008	4.5781e-008	5.2816e-008	5.9907e-008	6.552e-008	6.9848e-008	7.2886e-008	7.5176e-008	7.7857e-008	8.1456e-008	8.3349e-008	8.54e-008	8.709e-008	8.9309e-008	8.9855e-008	9.0467e-008	9.0176e-008	8.9446e-008	8.8433e-008	8.7817e-008	8.7292e-008	8.6527e-008	8.4972e-008	8.1787e-008	7.8255e-008	7.6291e-008	7.4743e-008	7.3951e-008	7.0807e-008	6.7972e-008	6.5038e-008	6.3903e-008	6.2694e-008	6.1245e-008	5.9603e-008	5.7926e-008	5.4363e-008	5.2538e-008	5.1005e-008	4.873e-008	4.5759e-008	4.2988e-008	4.0364e-008	3.8082e-008	3.5665e-008	3.4699e-008	3.3661e-008
9.6867e-008	9.6177e-008	9.527e-008	9.5254e-008	9.4741e-008	9.2336e-008	8.9674e-008	8.7225e-008	8.3777e-008	8.1341e-008	8.044e-008	7.8541e-008	7.5731e-008	7.3797e-008	7.2087e-008	6.8613e-008	6.6916e-008	6.2801e-008	6.0175e-008	5.8039e-008	5.3993e-008	5.2238e-008	4.8638e-008	4.5939e-008	4.3213e-008	4.0959e-008	3.857e-008	3.626e-008	3.3323e-008	3.0948e-008	2.8952e-008	2.6514e-008	2.39e-008	2.1098e-008	1.8718e-008	1.6074e-008	1.4514e-008	1.3153e-008	1.0502e-008	8.6673e-009	7.6003e-009	7.6324e-009	7.16e-009	6.8734e-009	6.3402e-009	6.2241e-009	6.39e-009	6.5038e-009	6.0196e-009	6.1027e-009	6.1868e-009	6.7603e-009	6.7217e-009	6.9307e-009	7.4736e-009	8.0633e-009	9.4221e-009	1.0887e-008	1.3806e-008	1.6827e-008	1.9677e-008	2.3216e-008	2.9279e-008	3.5311e-008	4.2021e-008	4.7682e-008	5.3753e-008	5.8616e-008	6.3441e-008	6.751e-008	7.1429e-008	7.5671e-008	7.9893e-008	8.4211e-008	8.6705e-008	8.9578e-008	9.0404e-008	9.1864e-008	9.3748e-008	9.2439e-008	9.0621e-008	8.9643e-008	8.8186e-008	8.7515e-008	8.5805e-008	8.5395e-008	8.5351e-008	8.3176e-008	8.1742e-008	7.8879e-008	7.7272e-008	7.5424e-008	7.1999e-008	7.0294e-008	6.9235e-008	6.7132e-008	6.4863e-008	6.1741e-008	6.0082e-008	5.6708e-008	5.3303e-008	5.0109e-008	4.8465e-008	4.6213e-008	4.4332e-008	4.1407e-008	3.9006e-008	3.6878e-008	3.3542e-008	3.1294e-008	2.8728e-008	2.6088e-008	2.3143e-008	1.9839e-008	1.7396e-008	1.5125e-008	1.3221e-008	1.0227e-008	8.5661e-009	7.7098e-009	5.7221e-009	5.5327e-009	4.7643e-009	5.5081e-009	5.6462e-009	5.4563e-009	5.29e-009	4.3287e-009	4.5225e-009	4.4522e-009	4.3697e-009	4.8404e-009	5.3566e-009	5.5322e-009	5.8099e-009	5.968e-009	6.218e-009	6.8894e-009	9.0757e-009	1.0902e-008	1.4364e-008	1.8659e-008	2.4432e-008	2.9215e-008	3.6236e-008	4.5077e-008	5.399e-008	6.2163e-008	6.731e-008	7.1839e-008	7.5468e-008	8.0128e-008	8.499e-008	8.9365e-008	9.0856e-008	9.3154e-008	9.4238e-008	9.5642e-008	9.6127e-008	9.6566e-008	9.6546e-008	9.6114e-008	9.5656e-008	9.323e-008	9.1702e-008	9.0264e-008	8.8602e-008	8.7083e-008	8.5675e-008	8.2201e-008	7.9608e-008	7.9057e-008	7.5821e-008	7.1087e-008	6.7701e-008	6.6303e-008	6.4004e-008	6.3056e-008	5.8015e-008	5.5076e-008	5.3408e-008	5.2344e-008	4.9842e-008	4.711e-008	4.424e-008	4.0472e-008	3.7715e-008	3.5038e-008	3.3651e-008	3.2202e-008	2.8819e-008	2.7351e-008	2.4863e-008	2.3537e-008	2.1327e-008	1.9281e-008	1.7815e-008	1.5712e-008	1.4675e-008	1.2203e-008	1.098e-008	8.794e-009	7.3455e-009	6.4228e-009	5.6958e-009	5.1806e-009	5.1068e-009	4.4059e-009	4.1395e-009	4.1248e-009	4.1107e-009	4.4788e-009	4.543e-009	5.449e-009	6.1854e-009	6.4659e-009	6.7022e-009	7.5753e-009	1.1156e-008	1.5096e-008	1.8596e-008	2.2763e-008	2.9481e-008	3.576e-008	4.175e-008	4.8391e-008	5.4904e-008	6.0632e-008	6.7069e-008	7.4049e-008	8.0085e-008	8.2726e-008	8.5465e-008	8.9777e-008	9.2181e-008	9.3259e-008	9.3717e-008	9.5146e-008	9.6599e-008	9.757e-008	9.7557e-008	9.6972e-008	9.4119e-008	9.1705e-008	8.977e-008	8.762e-008	8.4863e-008	8.3522e-008	8.165e-008	7.9901e-008	7.8101e-008	7.4321e-008	7.1761e-008	6.9647e-008	6.7755e-008	6.5764e-008	6.2751e-008	6.0004e-008	5.5998e-008	5.3391e-008	5.0876e-008	4.8499e-008	4.5383e-008	4.2397e-008	3.938e-008	3.7434e-008	3.5903e-008	3.2488e-008	2.8813e-008	2.6209e-008	2.3653e-008	2.0945e-008	1.8566e-008	1.6207e-008	1.3094e-008	1.0693e-008	8.4335e-009	6.2854e-009	5.3224e-009	4.2048e-009	3.4345e-009	2.3262e-009	2.8783e-009	3.0782e-009	2.7663e-009	2.7478e-009	2.4591e-009	2.5078e-009	2.6884e-009	2.7365e-009	2.7894e-009	1.6958e-009	1.7343e-009	2.2276e-009	2.5419e-009	2.2877e-009	2.993e-009	3.6739e-009	5.6869e-009	8.4169e-009	1.1517e-008	1.7197e-008	2.2418e-008	3.2291e-008	4.1181e-008	4.9098e-008	5.6197e-008	6.23e-008	6.6616e-008	7.019e-008	7.5592e-008	8.1315e-008	8.3898e-008	8.724e-008	8.9137e-008	9.0982e-008	9.184e-008	9.3144e-008	9.348e-008	9.3363e-008	9.3956e-008	9.3482e-008	9.2472e-008	9.1213e-008	9.0147e-008	8.8966e-008	8.6391e-008	8.4828e-008	8.2216e-008	8.0146e-008	7.851e-008	7.631e-008	7.379e-008	7.0702e-008	6.9087e-008	6.6915e-008	6.4476e-008	6.1377e-008	5.9464e-008	5.8611e-008	5.6039e-008	5.3815e-008	5.0757e-008	4.866e-008	4.5836e-008	4.3124e-008	4.0067e-008	3.7438e-008	3.4459e-008	3.2211e-008	2.9526e-008	2.671e-008	2.3941e-008	2.0931e-008	1.8236e-008	1.5915e-008	1.3593e-008	1.1122e-008	9.091e-009	7.214e-009	5.3326e-009	3.8504e-009	3.1231e-009	2.2372e-009	1.8918e-009	1.6839e-009	1.5317e-009	1.773e-009	2.4966e-009	2.3894e-009	2.3339e-009	2.0174e-009	1.8697e-009	1.7832e-009	2.6176e-009	3.5286e-009	5.1728e-009	6.2973e-009	8.319e-009	1.2778e-008	1.6226e-008	1.9018e-008	2.4753e-008	3.2796e-008	4.0286e-008	4.7297e-008	5.4716e-008	5.8604e-008	6.335e-008	6.7437e-008	7.133e-008	7.54e-008	7.8654e-008	8.1942e-008	8.5508e-008	8.8032e-008	9.039e-008	9.1236e-008	9.2245e-008	9.2844e-008	9.3479e-008	9.2283e-008	9.0922e-008	8.9843e-008	8.8515e-008	8.6779e-008	8.4656e-008	8.2103e-008	8e-008	7.6998e-008	7.4851e-008	7.2948e-008	7.2213e-008	7.1369e-008	6.942e-008	6.7468e-008	6.3122e-008	6.205e-008	5.9719e-008	5.6664e-008	5.3954e-008	5.1534e-008	4.8587e-008	4.6114e-008	4.3491e-008	4.082e-008	3.9004e-008	3.4336e-008	3.3368e-008	3.1447e-008	2.9611e-008	2.6242e-008	2.4507e-008	2.1553e-008	1.8263e-008	1.7301e-008	1.5616e-008	1.3568e-008	1.1364e-008	9.7387e-009	8.0744e-009	5.6903e-009	4.0887e-009	2.9828e-009	2.3182e-009	1.7475e-009	1.909e-009	1.7963e-009	2.0885e-009	1.7507e-009	1.5111e-009	1.7134e-009	2.2071e-009	2.8244e-009	2.5337e-009	3.1221e-009	4.0953e-009	5.4331e-009	8.1536e-009	1.0584e-008	1.426e-008	2.0055e-008	2.4538e-008	2.93e-008	3.6047e-008	4.2512e-008	4.7137e-008	5.3096e-008	5.9614e-008	6.586e-008	6.9741e-008	7.2254e-008	7.5076e-008	7.8261e-008	8.0512e-008	8.4107e-008	8.6329e-008	8.8005e-008	8.9429e-008	9.0778e-008	9.0922e-008	9.0189e-008	8.9736e-008	8.8832e-008	8.8303e-008	8.728e-008	8.6127e-008	8.5041e-008	8.1839e-008	7.8599e-008	7.6388e-008	7.474e-008	7.3299e-008	6.9967e-008	6.7419e-008	6.4524e-008	6.3564e-008	6.2761e-008	6.1609e-008	6.0056e-008	5.7748e-008	5.4996e-008	5.325e-008	5.1169e-008	4.9617e-008	4.6331e-008	4.2103e-008	4.0032e-008	3.8231e-008	3.6843e-008	3.5393e-008	3.4444e-008
9.6836e-008	9.5906e-008	9.5027e-008	9.475e-008	9.4084e-008	9.2331e-008	8.9696e-008	8.7767e-008	8.4734e-008	8.2079e-008	8.1046e-008	7.8571e-008	7.5882e-008	7.4177e-008	7.1792e-008	6.9109e-008	6.5411e-008	6.2591e-008	6.0267e-008	5.8648e-008	5.5784e-008	5.1629e-008	4.9789e-008	4.7258e-008	4.3799e-008	4.1201e-008	3.9116e-008	3.6428e-008	3.3709e-008	3.138e-008	2.9434e-008	2.6226e-008	2.3508e-008	2.0868e-008	1.8286e-008	1.6755e-008	1.4548e-008	1.3069e-008	1.1095e-008	8.7193e-009	7.8656e-009	7.8948e-009	7.4321e-009	7.3068e-009	7.0288e-009	6.3939e-009	6.2699e-009	6.5682e-009	6.629e-009	6.4385e-009	6.4865e-009	6.7542e-009	7.1042e-009	7.0707e-009	7.3044e-009	7.881e-009	9.2784e-009	1.1305e-008	1.4073e-008	1.6415e-008	1.9298e-008	2.22e-008	2.7879e-008	3.3416e-008	4.0739e-008	4.7658e-008	5.2742e-008	5.8776e-008	6.3398e-008	6.8294e-008	7.387e-008	7.7778e-008	8.1112e-008	8.4171e-008	8.7355e-008	8.8822e-008	8.97e-008	9.1362e-008	9.3286e-008	9.108e-008	9.0276e-008	8.9683e-008	8.8497e-008	8.7173e-008	8.647e-008	8.5703e-008	8.5099e-008	8.3702e-008	8.1147e-008	7.9337e-008	7.6893e-008	7.5011e-008	7.1926e-008	6.9521e-008	6.7689e-008	6.6151e-008	6.4704e-008	6.0858e-008	5.9654e-008	5.7986e-008	5.5267e-008	5.0602e-008	4.8354e-008	4.6664e-008	4.4532e-008	4.197e-008	3.8962e-008	3.5688e-008	3.3004e-008	3.0323e-008	2.8278e-008	2.6504e-008	2.3758e-008	2.1195e-008	1.9063e-008	1.6528e-008	1.2057e-008	1.0522e-008	9.3462e-009	7.344e-009	6.0654e-009	5.8689e-009	5.7445e-009	5.9249e-009	5.822e-009	5.6595e-009	5.0717e-009	4.6059e-009	4.5899e-009	5.0705e-009	5.1667e-009	5.132e-009	6.0528e-009	6.0023e-009	6.0702e-009	6.0566e-009	6.7162e-009	7.895e-009	9.3451e-009	1.0793e-008	1.48e-008	1.8629e-008	2.4188e-008	3.0231e-008	3.6883e-008	4.5879e-008	5.4985e-008	6.1612e-008	6.7909e-008	7.1793e-008	7.5177e-008	7.8561e-008	8.3888e-008	8.8695e-008	9.0603e-008	9.2261e-008	9.3802e-008	9.5264e-008	9.5924e-008	9.6897e-008	9.7553e-008	9.7019e-008	9.5541e-008	9.3614e-008	9.1861e-008	9.0283e-008	8.9938e-008	8.8345e-008	8.5949e-008	8.2749e-008	8.0603e-008	7.9e-008	7.641e-008	7.2756e-008	6.7716e-008	6.6269e-008	6.4521e-008	6.2553e-008	5.8544e-008	5.6072e-008	5.4402e-008	5.205e-008	5.0159e-008	4.848e-008	4.4563e-008	4.1625e-008	3.8805e-008	3.6713e-008	3.3272e-008	3.1677e-008	2.9525e-008	2.7253e-008	2.5584e-008	2.4596e-008	2.3162e-008	2.0079e-008	1.8374e-008	1.6669e-008	1.565e-008	1.3122e-008	1.1313e-008	9.7999e-009	8.0258e-009	6.9073e-009	5.874e-009	5.3207e-009	4.9827e-009	4.4935e-009	4.3919e-009	4.5282e-009	4.2855e-009	4.6383e-009	4.5867e-009	5.5282e-009	6.4394e-009	6.1931e-009	6.4857e-009	7.6279e-009	9.7179e-009	1.3585e-008	1.7634e-008	2.1831e-008	2.8299e-008	3.5546e-008	4.1025e-008	4.7165e-008	5.3501e-008	6.0022e-008	6.6939e-008	7.4219e-008	7.7836e-008	8.2063e-008	8.5449e-008	8.8456e-008	9.08e-008	9.2735e-008	9.3533e-008	9.5284e-008	9.6459e-008	9.7352e-008	9.7161e-008	9.5866e-008	9.4035e-008	9.1693e-008	8.9965e-008	8.7846e-008	8.5232e-008	8.4273e-008	8.1805e-008	7.9794e-008	7.8424e-008	7.4783e-008	7.2484e-008	7.0191e-008	6.8599e-008	6.6939e-008	6.3497e-008	6.0143e-008	5.7013e-008	5.5584e-008	5.1614e-008	4.9845e-008	4.3859e-008	4.2552e-008	4.0319e-008	3.8139e-008	3.6312e-008	3.3049e-008	2.853e-008	2.624e-008	2.2657e-008	2.1295e-008	1.8327e-008	1.5226e-008	1.2589e-008	1.0967e-008	8.6633e-009	6.6818e-009	5.6031e-009	4.6271e-009	3.5701e-009	2.8987e-009	2.87e-009	2.8731e-009	2.5065e-009	2.5827e-009	2.871e-009	2.5913e-009	2.1425e-009	2.6637e-009	2.9755e-009	2.381e-009	2.7055e-009	2.864e-009	2.375e-009	2.435e-009	3.137e-009	3.6912e-009	5.6477e-009	7.5425e-009	1.1404e-008	1.6304e-008	2.2217e-008	3.2251e-008	4.3195e-008	5.035e-008	5.6481e-008	6.1338e-008	6.6195e-008	7.0837e-008	7.5531e-008	7.9383e-008	8.4652e-008	8.7198e-008	8.9411e-008	9.155e-008	9.275e-008	9.3577e-008	9.389e-008	9.413e-008	9.4233e-008	9.4124e-008	9.3592e-008	9.2692e-008	9.0713e-008	8.8383e-008	8.6205e-008	8.5439e-008	8.3971e-008	8.0808e-008	7.8141e-008	7.5129e-008	7.3345e-008	7.1504e-008	6.8386e-008	6.5619e-008	6.3613e-008	6.0923e-008	5.9517e-008	5.7481e-008	5.5932e-008	5.3591e-008	5.0577e-008	4.8295e-008	4.6419e-008	4.2571e-008	3.9602e-008	3.6673e-008	3.3468e-008	3.0519e-008	2.9087e-008	2.6059e-008	2.4145e-008	2.1086e-008	1.8908e-008	1.5841e-008	1.3401e-008	1.0828e-008	8.5439e-009	6.7761e-009	5.3237e-009	3.6754e-009	3.0273e-009	2.3468e-009	2.1154e-009	1.7155e-009	1.6865e-009	1.2593e-009	2.1887e-009	2.3323e-009	2.0701e-009	1.5481e-009	1.7216e-009	2.5225e-009	3.4039e-009	3.9653e-009	4.7654e-009	6.881e-009	9.3338e-009	1.1584e-008	1.6039e-008	2.0158e-008	2.5568e-008	3.3144e-008	4.1218e-008	4.7744e-008	5.4598e-008	5.9876e-008	6.4639e-008	6.7881e-008	7.2162e-008	7.5904e-008	7.9881e-008	8.2996e-008	8.5667e-008	8.9328e-008	9.1359e-008	9.3338e-008	9.4082e-008	9.451e-008	9.429e-008	9.3357e-008	9.1875e-008	9.0501e-008	8.941e-008	8.6591e-008	8.3837e-008	8.2379e-008	7.958e-008	7.7837e-008	7.46e-008	7.3208e-008	7.2355e-008	7.1182e-008	6.9934e-008	6.7237e-008	6.4131e-008	6.2562e-008	5.8514e-008	5.6967e-008	5.4782e-008	5.1563e-008	4.858e-008	4.6939e-008	4.4135e-008	4.1602e-008	3.9015e-008	3.5546e-008	3.3167e-008	3.2237e-008	2.9698e-008	2.5949e-008	2.4479e-008	2.251e-008	1.9671e-008	1.7239e-008	1.5563e-008	1.391e-008	1.1694e-008	1.0165e-008	8.1966e-009	5.6715e-009	4.8229e-009	2.8022e-009	2.2654e-009	1.4377e-009	1.5711e-009	1.612e-009	2.0003e-009	1.616e-009	1.5746e-009	1.7191e-009	2.2428e-009	2.1858e-009	2.2086e-009	2.5239e-009	3.4965e-009	5.8917e-009	7.9179e-009	1.0409e-008	1.4161e-008	1.8457e-008	2.3296e-008	2.9769e-008	3.6545e-008	4.2413e-008	4.8334e-008	5.3589e-008	6.0898e-008	6.5488e-008	7.0106e-008	7.2937e-008	7.6388e-008	7.9261e-008	8.1353e-008	8.4802e-008	8.6875e-008	8.8119e-008	8.908e-008	9.1334e-008	9.0646e-008	9.032e-008	9.0209e-008	8.8983e-008	8.842e-008	8.772e-008	8.4752e-008	8.3221e-008	8.2185e-008	7.9078e-008	7.6866e-008	7.413e-008	7.1443e-008	6.9307e-008	6.6688e-008	6.4429e-008	6.3231e-008	6.2642e-008	6.1359e-008	5.9999e-008	5.6654e-008	5.48e-008	5.3962e-008	5.176e-008	4.931e-008	4.7114e-008	4.3317e-008	4.1476e-008	3.8765e-008	3.7054e-008	3.5005e-008	3.2233e-008
9.6795e-008	9.6254e-008	9.4489e-008	9.2929e-008	9.1946e-008	9.0968e-008	8.9605e-008	8.7104e-008	8.4357e-008	8.2018e-008	8.1031e-008	7.8868e-008	7.6031e-008	7.351e-008	6.9834e-008	6.5455e-008	6.4108e-008	6.3003e-008	5.9769e-008	5.7609e-008	5.4178e-008	5.2866e-008	5.0907e-008	4.7306e-008	4.3868e-008	4.0696e-008	3.9086e-008	3.6266e-008	3.3794e-008	3.1642e-008	2.8031e-008	2.572e-008	2.3254e-008	2.1061e-008	1.8602e-008	1.6478e-008	1.421e-008	1.288e-008	1.1293e-008	9.6944e-009	8.3734e-009	7.5344e-009	7.0596e-009	6.9321e-009	6.4891e-009	6.2659e-009	6.0145e-009	5.7671e-009	6.0501e-009	5.9896e-009	6.3321e-009	6.3877e-009	7.0604e-009	7.4882e-009	7.1242e-009	7.7783e-009	9.1647e-009	1.1113e-008	1.3996e-008	1.662e-008	1.9185e-008	2.2174e-008	2.8279e-008	3.3917e-008	4.1062e-008	4.704e-008	5.3563e-008	5.8283e-008	6.3968e-008	6.9389e-008	7.4097e-008	7.884e-008	8.3145e-008	8.5856e-008	8.7446e-008	8.7579e-008	8.8472e-008	8.978e-008	9.0532e-008	8.9589e-008	8.9411e-008	8.9289e-008	8.8095e-008	8.6797e-008	8.5902e-008	8.4838e-008	8.4564e-008	8.2934e-008	8.0414e-008	7.817e-008	7.6516e-008	7.333e-008	7.1924e-008	6.9414e-008	6.7395e-008	6.596e-008	6.4033e-008	6.1203e-008	5.956e-008	5.7657e-008	5.3974e-008	5.0981e-008	4.8981e-008	4.6115e-008	4.4096e-008	4.2005e-008	3.9081e-008	3.535e-008	3.2377e-008	3.1062e-008	2.8591e-008	2.5798e-008	2.4028e-008	2.1219e-008	1.9365e-008	1.5332e-008	1.2253e-008	1.1041e-008	8.9174e-009	7.3142e-009	5.7729e-009	5.4507e-009	5.6935e-009	5.8378e-009	6.0282e-009	5.1402e-009	4.6055e-009	4.6058e-009	4.4756e-009	4.5255e-009	5.2937e-009	4.9581e-009	5.3758e-009	5.5321e-009	5.5374e-009	5.5098e-009	6.0677e-009	7.4168e-009	9.0393e-009	1.083e-008	1.31e-008	1.7988e-008	2.2421e-008	3.0356e-008	3.8208e-008	4.6056e-008	5.4444e-008	6.0902e-008	6.6486e-008	7.0194e-008	7.4471e-008	7.7695e-008	8.1974e-008	8.715e-008	8.9321e-008	9.1472e-008	9.3299e-008	9.4349e-008	9.5049e-008	9.6052e-008	9.704e-008	9.6167e-008	9.4962e-008	9.3814e-008	9.2467e-008	9.1383e-008	8.9844e-008	8.8804e-008	8.5733e-008	8.2165e-008	8.0592e-008	7.8881e-008	7.5732e-008	7.2653e-008	6.886e-008	6.6727e-008	6.3894e-008	6.0958e-008	5.8284e-008	5.6174e-008	5.4125e-008	5.1813e-008	5.0316e-008	4.6992e-008	4.4684e-008	4.0916e-008	3.8347e-008	3.6484e-008	3.39e-008	3.1995e-008	2.9672e-008	2.803e-008	2.5485e-008	2.4509e-008	2.2944e-008	2.0813e-008	1.8443e-008	1.6805e-008	1.5286e-008	1.2629e-008	1.0958e-008	9.1541e-009	7.9998e-009	6.2369e-009	5.5647e-009	4.4271e-009	4.2702e-009	4.7047e-009	4.8363e-009	4.5418e-009	4.6162e-009	4.5507e-009	4.3731e-009	5.0064e-009	4.901e-009	5.2061e-009	6.1292e-009	7.7619e-009	9.3086e-009	1.2888e-008	1.66e-008	2.1444e-008	2.6992e-008	3.4028e-008	4.057e-008	4.6368e-008	5.2078e-008	6.04e-008	6.8408e-008	7.4499e-008	7.8619e-008	8.1997e-008	8.4676e-008	8.6863e-008	8.8944e-008	9.124e-008	9.3048e-008	9.4513e-008	9.6087e-008	9.7421e-008	9.7235e-008	9.6069e-008	9.3813e-008	9.1832e-008	9.0937e-008	8.8253e-008	8.5461e-008	8.296e-008	8.1128e-008	7.8761e-008	7.6721e-008	7.5537e-008	7.2588e-008	7.1042e-008	6.8688e-008	6.713e-008	6.4799e-008	6.127e-008	5.7901e-008	5.5484e-008	5.2355e-008	4.9006e-008	4.6487e-008	4.2056e-008	4.0951e-008	3.8274e-008	3.5411e-008	3.1687e-008	2.9079e-008	2.4974e-008	2.3432e-008	2.0937e-008	1.8352e-008	1.387e-008	1.3014e-008	1.0962e-008	8.4964e-009	6.9114e-009	5.578e-009	4.4708e-009	3.7332e-009	2.7621e-009	2.2468e-009	2.2256e-009	1.6216e-009	2.3064e-009	2.3353e-009	2.2881e-009	2.1061e-009	2.1155e-009	2.3087e-009	2.1734e-009	2.1034e-009	2.1557e-009	2.1024e-009	2.7932e-009	2.9662e-009	3.483e-009	4.7727e-009	7.4062e-009	1.0445e-008	1.597e-008	2.1434e-008	3.0371e-008	4.2657e-008	5.0364e-008	5.6492e-008	6.0449e-008	6.6e-008	7.0936e-008	7.5288e-008	8.1299e-008	8.41e-008	8.6554e-008	8.9335e-008	9.125e-008	9.2781e-008	9.4169e-008	9.3895e-008	9.3918e-008	9.4108e-008	9.4121e-008	9.3236e-008	9.143e-008	9.0372e-008	8.8229e-008	8.6216e-008	8.5139e-008	8.4503e-008	7.9841e-008	7.6782e-008	7.4754e-008	7.3389e-008	7.0961e-008	6.8455e-008	6.554e-008	6.2503e-008	6.0661e-008	5.8356e-008	5.6438e-008	5.5206e-008	5.2877e-008	4.9742e-008	4.8488e-008	4.5954e-008	4.1937e-008	3.9024e-008	3.6571e-008	3.37e-008	3.1963e-008	2.8221e-008	2.6347e-008	2.3218e-008	2.0487e-008	1.8914e-008	1.6359e-008	1.3211e-008	1.0783e-008	8.7595e-009	6.8585e-009	5.2706e-009	3.6742e-009	2.7941e-009	2.1184e-009	1.7913e-009	1.7268e-009	1.2643e-009	9.4971e-010	1.5846e-009	1.7851e-009	1.6545e-009	1.3044e-009	1.7249e-009	2.6151e-009	2.761e-009	3.4901e-009	4.9977e-009	7.1306e-009	1.0054e-008	1.2589e-008	1.6617e-008	2.1068e-008	2.5749e-008	3.3423e-008	4.1256e-008	4.7223e-008	5.4965e-008	6.0298e-008	6.4773e-008	6.8409e-008	7.1727e-008	7.6256e-008	8.0356e-008	8.3579e-008	8.6796e-008	8.9783e-008	9.1853e-008	9.4182e-008	9.4744e-008	9.4785e-008	9.4316e-008	9.3569e-008	9.2133e-008	9.0942e-008	9.0048e-008	8.7472e-008	8.5339e-008	8.2672e-008	8.0031e-008	7.7769e-008	7.6149e-008	7.3389e-008	7.2248e-008	7.1131e-008	6.9457e-008	6.6762e-008	6.5134e-008	6.3159e-008	6.0801e-008	5.6881e-008	5.4791e-008	5.2367e-008	4.9305e-008	4.6391e-008	4.373e-008	4.2772e-008	4.0129e-008	3.5899e-008	3.4119e-008	3.2452e-008	3.009e-008	2.7396e-008	2.5122e-008	2.2714e-008	1.9834e-008	1.8016e-008	1.4982e-008	1.3058e-008	1.1832e-008	1.0233e-008	8.0314e-009	5.4415e-009	3.8736e-009	2.3641e-009	1.3224e-009	1.0746e-009	1.1111e-009	7.3326e-010	1.1964e-009	1.2366e-009	1.4277e-009	1.2212e-009	1.5653e-009	1.5831e-009	2.2543e-009	2.6339e-009	2.9412e-009	5.8303e-009	7.7959e-009	1.0775e-008	1.3851e-008	1.8253e-008	2.24e-008	2.8384e-008	3.6338e-008	4.3332e-008	4.9382e-008	5.4752e-008	6.1301e-008	6.6411e-008	7.0065e-008	7.3647e-008	7.6384e-008	7.9421e-008	8.3338e-008	8.5057e-008	8.7893e-008	8.9066e-008	8.8981e-008	8.9648e-008	8.9802e-008	8.9446e-008	8.9139e-008	8.8957e-008	8.8964e-008	8.7919e-008	8.4017e-008	8.3499e-008	8.1918e-008	7.9033e-008	7.6939e-008	7.5041e-008	7.24e-008	6.871e-008	6.6242e-008	6.4955e-008	6.3983e-008	6.2963e-008	6.1529e-008	5.9743e-008	5.6914e-008	5.5487e-008	5.396e-008	5.1306e-008	4.8859e-008	4.6502e-008	4.4263e-008	4.1366e-008	3.8789e-008	3.7155e-008	3.5104e-008	3.3549e-008
9.6531e-008	9.553e-008	9.4522e-008	9.2605e-008	9.1807e-008	9.0265e-008	8.932e-008	8.7139e-008	8.4304e-008	8.2039e-008	7.968e-008	7.7961e-008	7.5935e-008	7.3285e-008	6.9352e-008	6.5765e-008	6.3748e-008	6.3281e-008	6.0579e-008	5.7185e-008	5.4328e-008	5.2885e-008	4.8887e-008	4.6974e-008	4.4428e-008	4.1153e-008	3.922e-008	3.7012e-008	3.3011e-008	3.037e-008	2.8058e-008	2.6138e-008	2.3938e-008	2.111e-008	1.876e-008	1.7024e-008	1.4591e-008	1.2398e-008	1.1053e-008	9.4876e-009	8.3193e-009	7.5948e-009	7.1723e-009	6.8015e-009	6.5442e-009	6.4543e-009	6.2779e-009	6.2217e-009	5.9136e-009	6.2275e-009	6.419e-009	6.7351e-009	7.0327e-009	6.9903e-009	7.1561e-009	8.2116e-009	8.8562e-009	1.1086e-008	1.3408e-008	1.6421e-008	1.8647e-008	2.3146e-008	2.9666e-008	3.4983e-008	4.2386e-008	4.7164e-008	5.3665e-008	5.7409e-008	6.3309e-008	6.9885e-008	7.514e-008	7.9688e-008	8.3287e-008	8.6133e-008	8.7077e-008	8.6991e-008	8.7622e-008	8.8568e-008	8.9073e-008	8.975e-008	9.0179e-008	8.9689e-008	8.8179e-008	8.6921e-008	8.4614e-008	8.3878e-008	8.3365e-008	8.2147e-008	7.9408e-008	7.7337e-008	7.5244e-008	7.4087e-008	7.1809e-008	6.9975e-008	6.7598e-008	6.6461e-008	6.4785e-008	6.1814e-008	5.9048e-008	5.4705e-008	5.1961e-008	5.0223e-008	4.9428e-008	4.6953e-008	4.4501e-008	4.223e-008	3.9822e-008	3.7017e-008	3.4161e-008	3.1092e-008	2.827e-008	2.5741e-008	2.3752e-008	2.0493e-008	1.6316e-008	1.5563e-008	1.315e-008	1.092e-008	8.9924e-009	7.6188e-009	6.7765e-009	6.2922e-009	6.0244e-009	5.6796e-009	5.1331e-009	4.6568e-009	4.4501e-009	5.1944e-009	5.1424e-009	5.1027e-009	5.2881e-009	5.1537e-009	4.6524e-009	5.3122e-009	5.7265e-009	5.8505e-009	6.2695e-009	6.9706e-009	8.6195e-009	1.0829e-008	1.416e-008	1.728e-008	2.3262e-008	3.0907e-008	3.827e-008	4.5395e-008	5.4564e-008	6.1094e-008	6.5369e-008	6.8438e-008	7.3696e-008	7.8113e-008	8.2033e-008	8.497e-008	8.7386e-008	9.019e-008	9.2761e-008	9.3974e-008	9.4778e-008	9.5448e-008	9.5615e-008	9.5292e-008	9.474e-008	9.3243e-008	9.3225e-008	9.167e-008	9.0079e-008	8.7701e-008	8.5674e-008	8.2888e-008	7.9999e-008	7.9103e-008	7.5832e-008	7.3919e-008	6.7733e-008	6.6687e-008	6.353e-008	6.1119e-008	5.8205e-008	5.5973e-008	5.4133e-008	5.1985e-008	4.9799e-008	4.6472e-008	4.3846e-008	4.0695e-008	3.7858e-008	3.58e-008	3.378e-008	3.1933e-008	2.9701e-008	2.7099e-008	2.6002e-008	2.4642e-008	2.2981e-008	2.016e-008	1.7882e-008	1.6674e-008	1.517e-008	1.2491e-008	1.0822e-008	1.0029e-008	8.5064e-009	7.4822e-009	5.9522e-009	5.2153e-009	5.0116e-009	4.5022e-009	4.4967e-009	5.019e-009	4.7534e-009	4.5129e-009	4.6771e-009	4.7052e-009	4.4398e-009	5.4117e-009	6.1774e-009	7.173e-009	9.8589e-009	1.3234e-008	1.7186e-008	2.1406e-008	2.7147e-008	3.4666e-008	4.181e-008	4.7618e-008	5.4156e-008	6.1315e-008	6.8992e-008	7.3542e-008	7.8059e-008	8.1702e-008	8.4823e-008	8.6317e-008	8.7847e-008	8.9846e-008	9.2616e-008	9.4602e-008	9.5775e-008	9.7151e-008	9.7134e-008	9.6052e-008	9.3194e-008	9.2069e-008	9.0589e-008	8.8384e-008	8.4861e-008	8.2685e-008	7.9909e-008	7.8442e-008	7.7415e-008	7.5378e-008	7.2513e-008	7.1023e-008	6.879e-008	6.7415e-008	6.461e-008	6.1761e-008	5.82e-008	5.4551e-008	5.2443e-008	4.9381e-008	4.6975e-008	4.3763e-008	4.2029e-008	3.9063e-008	3.5247e-008	3.1681e-008	2.9258e-008	2.5898e-008	2.3609e-008	2.1677e-008	1.8535e-008	1.5896e-008	1.1548e-008	1.0034e-008	7.8287e-009	6.2633e-009	5.079e-009	4.2069e-009	3.5273e-009	2.925e-009	2.8074e-009	2.512e-009	1.9895e-009	2.0501e-009	2.1034e-009	1.8051e-009	2.0826e-009	1.9107e-009	1.948e-009	2.1248e-009	1.9856e-009	2.0661e-009	2.5507e-009	2.7172e-009	3.1686e-009	3.8733e-009	4.6991e-009	7.2881e-009	1.0744e-008	1.6495e-008	2.2608e-008	2.9862e-008	4.0006e-008	5.0105e-008	5.6149e-008	6.1183e-008	6.5752e-008	7.1028e-008	7.6426e-008	8.2539e-008	8.4484e-008	8.644e-008	8.925e-008	9.0717e-008	9.3531e-008	9.4075e-008	9.464e-008	9.4229e-008	9.4144e-008	9.4618e-008	9.3969e-008	9.2112e-008	9.0404e-008	8.8451e-008	8.6205e-008	8.5219e-008	8.3511e-008	8.0447e-008	7.7162e-008	7.4846e-008	7.2892e-008	6.982e-008	6.7587e-008	6.4403e-008	6.1964e-008	6.0799e-008	5.8e-008	5.5543e-008	5.496e-008	5.184e-008	5.0037e-008	4.8345e-008	4.5786e-008	4.2558e-008	3.9483e-008	3.6585e-008	3.3617e-008	3.1932e-008	2.723e-008	2.5776e-008	2.3698e-008	2.0776e-008	1.8646e-008	1.4155e-008	1.2707e-008	1.0407e-008	8.3747e-009	6.7898e-009	4.5154e-009	3.5542e-009	2.3486e-009	1.9064e-009	1.7518e-009	1.4829e-009	1.5429e-009	1.2853e-009	1.0796e-009	1.2433e-009	1.2241e-009	1.2915e-009	1.6187e-009	2.1104e-009	2.5092e-009	3.3237e-009	4.798e-009	6.9194e-009	9.5885e-009	1.2705e-008	1.5898e-008	2.1367e-008	2.6988e-008	3.3378e-008	4.0611e-008	4.7607e-008	5.5852e-008	6.2721e-008	6.7647e-008	6.938e-008	7.2886e-008	7.6503e-008	8.0604e-008	8.4454e-008	8.8385e-008	9.032e-008	9.1685e-008	9.4506e-008	9.4737e-008	9.4494e-008	9.4247e-008	9.3034e-008	9.2134e-008	9.1251e-008	8.981e-008	8.8174e-008	8.5442e-008	8.1388e-008	8.0393e-008	7.8382e-008	7.603e-008	7.3569e-008	7.2271e-008	7.0416e-008	6.9201e-008	6.7423e-008	6.5706e-008	6.2659e-008	6.1162e-008	5.6762e-008	5.4794e-008	5.2522e-008	5.0029e-008	4.829e-008	4.5951e-008	4.0276e-008	3.9307e-008	3.6642e-008	3.3408e-008	3.1972e-008	2.9048e-008	2.7107e-008	2.4828e-008	2.2611e-008	2.0248e-008	1.757e-008	1.4926e-008	1.3133e-008	1.1257e-008	8.7675e-009	7.0141e-009	5.6913e-009	3.9431e-009	2.4208e-009	1.0326e-009	1.1185e-009	1.3817e-009	9.2261e-010	9.8293e-010	6.899e-010	1.1923e-009	1.3546e-009	1.4015e-009	1.3178e-009	1.9744e-009	2.5305e-009	3.7082e-009	4.8393e-009	7.5682e-009	1.0524e-008	1.428e-008	1.7238e-008	2.1685e-008	2.7776e-008	3.5162e-008	4.17e-008	4.7918e-008	5.4556e-008	6.043e-008	6.5716e-008	6.9967e-008	7.3086e-008	7.6242e-008	7.9851e-008	8.3253e-008	8.4536e-008	8.7114e-008	8.8465e-008	8.8849e-008	8.919e-008	8.966e-008	8.951e-008	8.8899e-008	8.9494e-008	8.9648e-008	8.8844e-008	8.5314e-008	8.3121e-008	8.1255e-008	7.918e-008	7.6786e-008	7.4777e-008	7.2715e-008	7.0576e-008	6.6991e-008	6.5816e-008	6.4312e-008	6.3141e-008	6.1141e-008	5.8728e-008	5.6888e-008	5.5e-008	5.373e-008	5.1039e-008	4.8077e-008	4.5458e-008	4.3396e-008	4.052e-008	3.8947e-008	3.7686e-008	3.5477e-008	3.2849e-008
9.7204e-008	9.5371e-008	9.4395e-008	9.313e-008	9.1782e-008	9.0346e-008	8.945e-008	8.7089e-008	8.4498e-008	8.1816e-008	7.9661e-008	7.7315e-008	7.6131e-008	7.4179e-008	6.9272e-008	6.629e-008	6.3438e-008	6.2294e-008	6.1023e-008	5.8401e-008	5.5475e-008	5.2825e-008	5.106e-008	4.7607e-008	4.4126e-008	4.1874e-008	3.9072e-008	3.5349e-008	3.3566e-008	3.0632e-008	2.9122e-008	2.7291e-008	2.418e-008	2.1976e-008	1.9398e-008	1.7261e-008	1.4142e-008	1.3126e-008	1.1477e-008	9.8669e-009	8.7793e-009	7.815e-009	6.8936e-009	6.3067e-009	6.4146e-009	6.6923e-009	6.7024e-009	6.8155e-009	6.0937e-009	6.35e-009	6.513e-009	7.0166e-009	7.5245e-009	6.9873e-009	7.5514e-009	8.3381e-009	9.2442e-009	1.0806e-008	1.4267e-008	1.6132e-008	1.8906e-008	2.3633e-008	2.9677e-008	3.5247e-008	4.1083e-008	4.7774e-008	5.2961e-008	5.7825e-008	6.4093e-008	6.971e-008	7.5744e-008	8.0091e-008	8.4197e-008	8.6154e-008	8.6237e-008	8.6707e-008	8.7717e-008	8.8817e-008	8.9334e-008	9.0807e-008	9.1007e-008	9.0185e-008	8.8992e-008	8.7003e-008	8.5383e-008	8.3846e-008	8.2532e-008	8.1913e-008	8.0654e-008	7.8366e-008	7.7152e-008	7.4787e-008	7.1509e-008	6.8937e-008	6.7815e-008	6.6861e-008	6.496e-008	6.148e-008	5.734e-008	5.5766e-008	5.2422e-008	5.0638e-008	4.9013e-008	4.6724e-008	4.4756e-008	4.1533e-008	3.9139e-008	3.7052e-008	3.414e-008	3.0933e-008	2.8682e-008	2.5343e-008	2.4772e-008	2.2625e-008	1.8585e-008	1.6105e-008	1.3184e-008	1.1625e-008	9.7299e-009	8.0453e-009	6.7929e-009	6.3431e-009	6.1587e-009	5.9851e-009	5.493e-009	4.8785e-009	4.801e-009	5.2165e-009	5.6835e-009	5.5734e-009	5.6566e-009	5.1474e-009	4.883e-009	4.9402e-009	5.486e-009	5.9459e-009	6.1083e-009	6.713e-009	8.6172e-009	1.0872e-008	1.411e-008	1.7891e-008	2.4395e-008	3.2542e-008	3.744e-008	4.4426e-008	5.3773e-008	6.1677e-008	6.5469e-008	6.8459e-008	7.3605e-008	7.823e-008	8.1732e-008	8.4329e-008	8.7433e-008	9.0534e-008	9.2146e-008	9.3589e-008	9.4006e-008	9.4415e-008	9.5533e-008	9.6008e-008	9.5264e-008	9.5143e-008	9.3132e-008	9.1919e-008	8.9158e-008	8.7258e-008	8.5494e-008	8.2038e-008	7.934e-008	7.9498e-008	7.7911e-008	7.527e-008	7.055e-008	6.8205e-008	6.5113e-008	6.1612e-008	5.8981e-008	5.7961e-008	5.6176e-008	5.1119e-008	4.834e-008	4.576e-008	4.4018e-008	4.0466e-008	3.7622e-008	3.5822e-008	3.3913e-008	3.2121e-008	3.1017e-008	2.8724e-008	2.6153e-008	2.4337e-008	2.3242e-008	2.0977e-008	1.8937e-008	1.671e-008	1.4814e-008	1.3369e-008	1.1869e-008	1.0884e-008	9.486e-009	7.8074e-009	6.5089e-009	5.3975e-009	4.621e-009	4.0332e-009	4.618e-009	4.9503e-009	5.1514e-009	5.0469e-009	4.697e-009	4.4913e-009	4.832e-009	5.6793e-009	6.1771e-009	7.4233e-009	1.0438e-008	1.4013e-008	1.7874e-008	2.2134e-008	2.7024e-008	3.511e-008	4.2996e-008	4.9073e-008	5.6691e-008	6.3046e-008	6.873e-008	7.2877e-008	7.7246e-008	8.077e-008	8.3772e-008	8.5782e-008	8.7809e-008	9.0013e-008	9.2237e-008	9.3233e-008	9.4815e-008	9.5874e-008	9.5823e-008	9.4686e-008	9.4383e-008	9.2646e-008	9.0183e-008	8.7721e-008	8.5174e-008	8.2979e-008	8.0192e-008	7.7769e-008	7.6457e-008	7.5193e-008	7.4069e-008	7.1058e-008	6.884e-008	6.6869e-008	6.4842e-008	6.0567e-008	5.8034e-008	5.4524e-008	5.2894e-008	5.0952e-008	4.8515e-008	4.4331e-008	4.151e-008	3.8716e-008	3.4246e-008	3.1837e-008	2.9333e-008	2.5647e-008	2.3603e-008	2.0474e-008	1.8088e-008	1.4475e-008	1.1123e-008	9.9926e-009	8.6185e-009	6.4498e-009	4.9636e-009	3.6624e-009	2.9804e-009	3.3244e-009	2.9538e-009	3.0703e-009	2.1372e-009	2.0089e-009	1.9518e-009	1.7652e-009	1.9686e-009	1.982e-009	1.878e-009	2.1628e-009	2.2697e-009	2.1552e-009	2.6303e-009	3.104e-009	3.6885e-009	4.114e-009	5.5792e-009	7.7577e-009	1.0848e-008	1.6802e-008	2.4049e-008	3.1088e-008	3.8747e-008	4.9134e-008	5.6639e-008	6.1028e-008	6.4914e-008	7.1769e-008	7.8495e-008	8.2868e-008	8.5279e-008	8.7542e-008	9.0043e-008	9.2543e-008	9.4967e-008	9.5717e-008	9.5358e-008	9.4601e-008	9.4332e-008	9.4448e-008	9.3898e-008	9.2024e-008	9.0006e-008	8.828e-008	8.6499e-008	8.5576e-008	8.3964e-008	7.9492e-008	7.7904e-008	7.4477e-008	7.2734e-008	6.987e-008	6.6663e-008	6.4972e-008	6.2301e-008	6.0979e-008	5.9116e-008	5.691e-008	5.5701e-008	5.3519e-008	5.1022e-008	4.8446e-008	4.5191e-008	4.2443e-008	3.9264e-008	3.6951e-008	3.4366e-008	3.2225e-008	3.0244e-008	2.5827e-008	2.3385e-008	2.0075e-008	1.7968e-008	1.5617e-008	1.1781e-008	1.0412e-008	8.5946e-009	7.1273e-009	4.6626e-009	3.8325e-009	2.8586e-009	2.5249e-009	2.1141e-009	1.7564e-009	1.9748e-009	1.9745e-009	1.7153e-009	1.465e-009	1.8689e-009	1.5801e-009	1.5845e-009	2.5678e-009	2.729e-009	3.178e-009	4.5873e-009	7.0778e-009	9.5974e-009	1.2601e-008	1.6104e-008	2.009e-008	2.7152e-008	3.3401e-008	4.0908e-008	4.8238e-008	5.7364e-008	6.4835e-008	6.8443e-008	7.1209e-008	7.4505e-008	7.7226e-008	8.2137e-008	8.4578e-008	8.8593e-008	9.0873e-008	9.229e-008	9.4051e-008	9.4077e-008	9.3926e-008	9.2835e-008	9.2727e-008	9.2798e-008	9.1845e-008	9.0348e-008	8.832e-008	8.543e-008	8.3079e-008	8.0745e-008	7.8764e-008	7.6191e-008	7.4488e-008	7.2332e-008	7.0304e-008	6.9139e-008	6.7885e-008	6.5565e-008	6.3235e-008	6.1829e-008	5.827e-008	5.4565e-008	5.2931e-008	5.0639e-008	4.88e-008	4.6988e-008	4.4196e-008	4.0417e-008	3.7793e-008	3.4121e-008	3.2719e-008	3.0296e-008	2.7939e-008	2.5477e-008	2.3097e-008	2.0218e-008	1.7827e-008	1.5987e-008	1.3138e-008	1.1488e-008	9.4801e-009	7.271e-009	5.8625e-009	3.9571e-009	2.8251e-009	1.6682e-009	1.1419e-009	1.3012e-009	8.6449e-010	7.0978e-010	1.0169e-009	1.1677e-009	1.8821e-009	1.5265e-009	1.909e-009	2.688e-009	3.0412e-009	3.767e-009	5.055e-009	7.5162e-009	1.0321e-008	1.3836e-008	1.8104e-008	2.2252e-008	2.8507e-008	3.5007e-008	4.0743e-008	4.7711e-008	5.4255e-008	5.9776e-008	6.5564e-008	6.9949e-008	7.3228e-008	7.651e-008	8.0156e-008	8.3025e-008	8.5165e-008	8.6784e-008	8.8122e-008	8.8898e-008	8.972e-008	8.9918e-008	8.9621e-008	8.9659e-008	8.9936e-008	9.0116e-008	8.9067e-008	8.7258e-008	8.3491e-008	8.1696e-008	7.9796e-008	7.7663e-008	7.58e-008	7.2651e-008	6.9516e-008	6.7775e-008	6.6296e-008	6.493e-008	6.2829e-008	6.0783e-008	5.8646e-008	5.6663e-008	5.4671e-008	5.2922e-008	5.021e-008	4.7721e-008	4.4841e-008	4.2887e-008	4.1837e-008	4.0932e-008	3.7744e-008	3.5116e-008	3.3492e-008
9.6985e-008	9.553e-008	9.3975e-008	9.2663e-008	9.1909e-008	9.0882e-008	8.9574e-008	8.7764e-008	8.4878e-008	8.0767e-008	7.8814e-008	7.7757e-008	7.6548e-008	7.3522e-008	6.721e-008	6.6174e-008	6.4317e-008	6.1728e-008	6.0616e-008	5.8788e-008	5.5472e-008	5.2075e-008	5.0306e-008	4.7598e-008	4.3826e-008	4.1362e-008	3.9651e-008	3.5925e-008	3.3917e-008	3.1791e-008	2.9735e-008	2.5924e-008	2.3018e-008	2.1016e-008	1.96e-008	1.738e-008	1.6066e-008	1.3838e-008	1.1366e-008	1.0672e-008	8.8969e-009	7.685e-009	6.9873e-009	6.5933e-009	6.8712e-009	7.248e-009	6.8153e-009	6.3602e-009	6.1938e-009	6.7848e-009	7.0169e-009	6.6322e-009	7.0436e-009	7.058e-009	8.26e-009	8.8904e-009	8.8982e-009	1.0652e-008	1.3737e-008	1.6758e-008	1.9423e-008	2.5248e-008	3.016e-008	3.5379e-008	4.2133e-008	4.803e-008	5.3312e-008	5.879e-008	6.441e-008	7.0557e-008	7.5676e-008	7.9086e-008	8.295e-008	8.4752e-008	8.6372e-008	8.7602e-008	8.8705e-008	8.9934e-008	9.0539e-008	9.2059e-008	9.2427e-008	9.1411e-008	8.9817e-008	8.7974e-008	8.6277e-008	8.4419e-008	8.2501e-008	8.1948e-008	8.0868e-008	7.968e-008	7.7057e-008	7.4949e-008	7.2878e-008	7.0308e-008	6.8453e-008	6.6484e-008	6.4963e-008	6.2147e-008	5.8659e-008	5.5264e-008	5.3371e-008	5.0988e-008	4.9116e-008	4.6548e-008	4.3538e-008	4.1016e-008	3.8741e-008	3.6335e-008	3.1636e-008	3.1542e-008	2.9249e-008	2.5996e-008	2.3398e-008	2.085e-008	1.9386e-008	1.6509e-008	1.3601e-008	1.0991e-008	9.4304e-009	8.5594e-009	7.6449e-009	6.6466e-009	6.7375e-009	6.3341e-009	6.0846e-009	5.7681e-009	5.2578e-009	5.1571e-009	5.7259e-009	5.3904e-009	6.0633e-009	5.9844e-009	5.329e-009	5.2687e-009	5.8387e-009	6.5298e-009	6.5891e-009	7.2402e-009	8.5463e-009	1.1359e-008	1.4272e-008	1.8145e-008	2.4498e-008	3.1779e-008	3.8357e-008	4.2948e-008	5.2025e-008	6.1474e-008	6.7522e-008	7.0525e-008	7.5071e-008	7.8514e-008	8.2308e-008	8.464e-008	8.7956e-008	9e-008	9.2358e-008	9.3294e-008	9.4566e-008	9.55e-008	9.668e-008	9.7022e-008	9.6336e-008	9.592e-008	9.4134e-008	9.2147e-008	8.9787e-008	8.7791e-008	8.5111e-008	8.2391e-008	8.0662e-008	7.8914e-008	7.682e-008	7.4047e-008	6.966e-008	6.9126e-008	6.6754e-008	6.2507e-008	6.1589e-008	5.8851e-008	5.5399e-008	5.0745e-008	4.8718e-008	4.6272e-008	4.4642e-008	4.1468e-008	3.8827e-008	3.7186e-008	3.496e-008	3.2307e-008	3.1048e-008	2.8789e-008	2.7046e-008	2.3254e-008	2.2308e-008	2.0764e-008	1.9131e-008	1.7525e-008	1.4091e-008	1.318e-008	1.2258e-008	1.1239e-008	9.6459e-009	8.0694e-009	7.1301e-009	6.3984e-009	5.9578e-009	5.1347e-009	4.8174e-009	4.6808e-009	4.8561e-009	5.1013e-009	4.6028e-009	4.8318e-009	5.1624e-009	5.924e-009	6.6088e-009	7.937e-009	1.0674e-008	1.4524e-008	1.888e-008	2.2912e-008	2.8792e-008	3.5005e-008	4.3784e-008	5.207e-008	5.793e-008	6.3019e-008	6.8678e-008	7.2706e-008	7.6645e-008	7.9954e-008	8.3601e-008	8.6322e-008	8.8337e-008	9.0726e-008	9.3206e-008	9.3485e-008	9.3671e-008	9.3705e-008	9.3607e-008	9.3459e-008	9.3275e-008	9.078e-008	8.9688e-008	8.8298e-008	8.7317e-008	8.5361e-008	8.1169e-008	7.9044e-008	7.6789e-008	7.5129e-008	7.3325e-008	7.1563e-008	6.8894e-008	6.7135e-008	6.239e-008	5.8556e-008	5.8008e-008	5.5941e-008	5.3616e-008	5.1235e-008	4.8194e-008	4.5378e-008	4.1839e-008	3.8888e-008	3.5896e-008	3.2804e-008	2.9646e-008	2.6456e-008	2.4603e-008	2.1827e-008	1.931e-008	1.6052e-008	1.3428e-008	1.05e-008	8.8954e-009	6.2668e-009	5.41e-009	3.9914e-009	3.1813e-009	3.3138e-009	3.5801e-009	3.1445e-009	2.4316e-009	2.3774e-009	2.248e-009	2.156e-009	2.5095e-009	2.5222e-009	2.7645e-009	2.7028e-009	2.6006e-009	2.4753e-009	2.8522e-009	3.0878e-009	3.599e-009	4.6558e-009	6.2019e-009	7.5667e-009	1.2486e-008	1.705e-008	2.4484e-008	3.2113e-008	4.0119e-008	4.9036e-008	5.6655e-008	6.2254e-008	6.5565e-008	7.0775e-008	7.8367e-008	8.3424e-008	8.6378e-008	8.8671e-008	9.0691e-008	9.3057e-008	9.4643e-008	9.5882e-008	9.5281e-008	9.4455e-008	9.4778e-008	9.5026e-008	9.526e-008	9.1811e-008	8.9172e-008	8.767e-008	8.6041e-008	8.54e-008	8.2386e-008	7.9533e-008	7.7696e-008	7.4652e-008	7.2498e-008	7.0941e-008	6.8444e-008	6.6172e-008	6.4892e-008	6.2773e-008	6.0806e-008	5.762e-008	5.5658e-008	5.4639e-008	5.1696e-008	4.7611e-008	4.5922e-008	4.1966e-008	3.8509e-008	3.638e-008	3.3454e-008	3.2352e-008	2.9642e-008	2.7084e-008	2.4033e-008	2.1584e-008	1.7867e-008	1.6209e-008	1.3255e-008	1.0889e-008	8.0186e-009	7.068e-009	5.4449e-009	4.4174e-009	3.6033e-009	3.0698e-009	2.135e-009	1.8674e-009	2.1029e-009	2.5138e-009	1.8598e-009	1.4641e-009	2.065e-009	1.9935e-009	1.968e-009	2.8945e-009	2.9483e-009	3.148e-009	4.4961e-009	5.6447e-009	8.5294e-009	1.1752e-008	1.3813e-008	1.8422e-008	2.6842e-008	3.3523e-008	3.9769e-008	4.7389e-008	5.644e-008	6.5264e-008	7.0749e-008	7.3342e-008	7.7347e-008	8.1028e-008	8.2189e-008	8.6527e-008	8.9817e-008	9.1407e-008	9.3189e-008	9.4102e-008	9.4449e-008	9.4438e-008	9.3648e-008	9.3558e-008	9.297e-008	9.1676e-008	9.001e-008	8.8201e-008	8.6389e-008	8.4447e-008	8.2304e-008	7.9466e-008	7.7662e-008	7.5309e-008	7.3183e-008	7.1279e-008	6.9606e-008	6.7681e-008	6.6166e-008	6.4911e-008	6.2673e-008	5.827e-008	5.6077e-008	5.2971e-008	5.0927e-008	4.8765e-008	4.5084e-008	4.2888e-008	4.1121e-008	3.8267e-008	3.6371e-008	3.3451e-008	3.1102e-008	2.8028e-008	2.6031e-008	2.2735e-008	2.0567e-008	1.8594e-008	1.6652e-008	1.4022e-008	1.1123e-008	9.4906e-009	7.5698e-009	5.6823e-009	3.5744e-009	2.7675e-009	2.2509e-009	1.38e-009	1.2949e-009	1.2854e-009	1.5226e-009	1.7427e-009	1.9918e-009	1.9214e-009	1.8008e-009	1.9998e-009	2.3822e-009	2.5178e-009	3.1436e-009	4.9163e-009	7.4421e-009	1.021e-008	1.3705e-008	1.747e-008	2.3395e-008	2.8615e-008	3.4412e-008	3.9348e-008	4.5099e-008	5.2819e-008	6.0323e-008	6.5206e-008	6.9227e-008	7.3948e-008	7.6713e-008	8.0916e-008	8.4449e-008	8.6424e-008	8.677e-008	8.8393e-008	8.9621e-008	9.0441e-008	9.0718e-008	9.0248e-008	8.9816e-008	8.9908e-008	9.0078e-008	8.9335e-008	8.8196e-008	8.3933e-008	8.2329e-008	8.0007e-008	7.7175e-008	7.5604e-008	7.4102e-008	7.1564e-008	6.8753e-008	6.7058e-008	6.5961e-008	6.3413e-008	6.0272e-008	5.8624e-008	5.7756e-008	5.436e-008	5.1446e-008	4.9289e-008	4.8231e-008	4.535e-008	4.3229e-008	4.1971e-008	3.8921e-008	3.6826e-008	3.4773e-008	3.3839e-008
9.7371e-008	9.5819e-008	9.3963e-008	9.3e-008	9.2179e-008	9.1138e-008	8.9941e-008	8.8183e-008	8.4525e-008	8.1078e-008	7.9544e-008	7.8222e-008	7.5973e-008	7.2691e-008	6.9116e-008	6.7241e-008	6.4761e-008	6.2759e-008	6.1163e-008	5.8961e-008	5.7212e-008	5.2379e-008	4.9905e-008	4.8322e-008	4.4906e-008	4.2913e-008	4.0363e-008	3.76e-008	3.5054e-008	3.2173e-008	3.0336e-008	2.7797e-008	2.4483e-008	2.2486e-008	2.0933e-008	1.9433e-008	1.7134e-008	1.4997e-008	1.2926e-008	1.1256e-008	9.3748e-009	7.5416e-009	6.61e-009	6.5408e-009	7.0757e-009	7.213e-009	6.8697e-009	6.4495e-009	6.7631e-009	6.9429e-009	6.9933e-009	6.7632e-009	7.2405e-009	7.2691e-009	8.018e-009	8.5666e-009	8.7477e-009	1.0211e-008	1.2724e-008	1.4852e-008	1.8687e-008	2.3543e-008	2.9743e-008	3.4166e-008	3.8973e-008	4.5991e-008	5.1932e-008	5.8623e-008	6.3679e-008	6.9942e-008	7.5014e-008	7.8974e-008	8.1637e-008	8.4506e-008	8.6117e-008	8.7799e-008	8.9116e-008	9.015e-008	9.1166e-008	9.2173e-008	9.2388e-008	9.1647e-008	9.0466e-008	8.8999e-008	8.7849e-008	8.5477e-008	8.3246e-008	8.1298e-008	8.082e-008	8.0028e-008	7.7719e-008	7.5397e-008	7.3214e-008	7.073e-008	6.8606e-008	6.5641e-008	6.3982e-008	6.1992e-008	5.9945e-008	5.7564e-008	5.571e-008	5.2874e-008	4.9247e-008	4.693e-008	4.4839e-008	4.1766e-008	3.8913e-008	3.7296e-008	3.4401e-008	3.0574e-008	2.7408e-008	2.645e-008	2.401e-008	2.1864e-008	1.999e-008	1.6708e-008	1.4558e-008	1.1827e-008	9.4848e-009	7.9132e-009	7.1073e-009	6.3707e-009	6.6097e-009	6.4787e-009	6.332e-009	5.6287e-009	5.4436e-009	5.2317e-009	5.043e-009	5.3917e-009	6.12e-009	6.0396e-009	5.8087e-009	5.653e-009	5.7762e-009	6.5746e-009	6.7342e-009	7.3231e-009	8.6187e-009	1.1409e-008	1.3571e-008	1.7502e-008	2.4e-008	3.1764e-008	3.699e-008	4.3565e-008	5.0455e-008	5.9589e-008	6.7463e-008	7.2487e-008	7.5306e-008	8.007e-008	8.3534e-008	8.5736e-008	8.7595e-008	8.9191e-008	9.1466e-008	9.295e-008	9.4482e-008	9.5727e-008	9.6782e-008	9.6724e-008	9.6228e-008	9.5768e-008	9.456e-008	9.1932e-008	9.0516e-008	8.7126e-008	8.5329e-008	8.314e-008	8.0646e-008	7.8026e-008	7.5573e-008	7.3252e-008	7.0883e-008	6.9698e-008	6.7545e-008	6.4762e-008	6.2469e-008	5.8205e-008	5.5846e-008	5.2041e-008	4.8313e-008	4.5849e-008	4.3672e-008	4.1251e-008	3.9392e-008	3.6752e-008	3.4071e-008	3.248e-008	2.9989e-008	2.8034e-008	2.6167e-008	2.4274e-008	2.2126e-008	2.0554e-008	1.8927e-008	1.6723e-008	1.4711e-008	1.3013e-008	1.1871e-008	1.072e-008	9.2391e-009	7.8934e-009	7.0144e-009	6.8103e-009	6.4915e-009	5.9964e-009	5.5171e-009	4.6015e-009	4.6345e-009	4.3613e-009	4.7642e-009	5.3835e-009	6.0259e-009	6.2803e-009	6.9871e-009	8.6746e-009	1.1568e-008	1.4347e-008	1.8967e-008	2.2483e-008	2.7802e-008	3.4693e-008	4.1891e-008	5.0274e-008	5.7407e-008	6.2718e-008	6.8757e-008	7.2152e-008	7.568e-008	8.0245e-008	8.355e-008	8.6623e-008	8.8769e-008	9.116e-008	9.2793e-008	9.4335e-008	9.4273e-008	9.3717e-008	9.3308e-008	9.2933e-008	9.224e-008	9.1032e-008	8.9677e-008	8.8614e-008	8.7486e-008	8.6346e-008	8.1621e-008	7.902e-008	7.6882e-008	7.427e-008	7.3034e-008	7.049e-008	6.8119e-008	6.6738e-008	6.4064e-008	6.1654e-008	5.9311e-008	5.5634e-008	5.3668e-008	5.0649e-008	4.7716e-008	4.6054e-008	4.2079e-008	3.8339e-008	3.5472e-008	3.2759e-008	3.0381e-008	2.7308e-008	2.4616e-008	2.1981e-008	1.8972e-008	1.6165e-008	1.4065e-008	1.1444e-008	9.0166e-009	7.4408e-009	5.6759e-009	4.2546e-009	3.6232e-009	3.1502e-009	3.3218e-009	3.2975e-009	2.7274e-009	2.384e-009	2.4074e-009	2.1104e-009	2.6012e-009	2.7009e-009	2.4529e-009	2.6787e-009	2.5839e-009	2.6026e-009	3.0243e-009	3.0813e-009	3.6164e-009	4.718e-009	5.8411e-009	8.4432e-009	1.2666e-008	1.748e-008	2.4553e-008	3.2392e-008	4.1623e-008	4.9777e-008	5.5921e-008	6.1206e-008	6.5777e-008	7.0942e-008	7.7952e-008	8.3244e-008	8.672e-008	8.9147e-008	9.0767e-008	9.2633e-008	9.3684e-008	9.4355e-008	9.4127e-008	9.4041e-008	9.482e-008	9.5717e-008	9.4916e-008	9.1623e-008	8.9278e-008	8.7375e-008	8.5623e-008	8.4654e-008	8.2708e-008	8.0161e-008	7.7338e-008	7.391e-008	7.2756e-008	7.1554e-008	6.8448e-008	6.7163e-008	6.5763e-008	6.1771e-008	5.8899e-008	5.8012e-008	5.5729e-008	5.3357e-008	5.1808e-008	4.8518e-008	4.5038e-008	4.163e-008	3.9087e-008	3.6541e-008	3.4409e-008	3.2807e-008	3.0155e-008	2.6688e-008	2.4191e-008	2.1671e-008	1.8024e-008	1.5644e-008	1.3211e-008	1.0575e-008	7.6645e-009	6.7499e-009	5.1104e-009	4.4984e-009	3.7371e-009	2.5855e-009	1.8172e-009	1.9558e-009	1.9332e-009	2.2951e-009	1.6012e-009	1.6321e-009	2.3257e-009	1.6385e-009	2.3577e-009	2.4389e-009	2.6066e-009	3.1232e-009	3.9461e-009	5.5173e-009	7.5079e-009	1.1234e-008	1.4427e-008	1.9626e-008	2.6849e-008	3.4513e-008	4.0167e-008	4.7655e-008	5.6343e-008	6.4979e-008	7.1118e-008	7.5979e-008	7.9105e-008	8.2559e-008	8.4844e-008	8.7884e-008	8.9237e-008	9.1512e-008	9.343e-008	9.4516e-008	9.4498e-008	9.4587e-008	9.3651e-008	9.3342e-008	9.2674e-008	9.1033e-008	8.9966e-008	8.8433e-008	8.6866e-008	8.4823e-008	8.2503e-008	7.9502e-008	7.7182e-008	7.608e-008	7.4016e-008	7.2086e-008	6.9197e-008	6.7613e-008	6.5492e-008	6.4379e-008	6.2607e-008	5.8346e-008	5.4684e-008	5.2627e-008	5.1546e-008	4.7772e-008	4.4769e-008	4.275e-008	4.0349e-008	3.8322e-008	3.6235e-008	3.3096e-008	3.1324e-008	2.8159e-008	2.6017e-008	2.2844e-008	2.0517e-008	1.8909e-008	1.6599e-008	1.3627e-008	1.1867e-008	8.5811e-009	7.7797e-009	5.5512e-009	3.8925e-009	2.7453e-009	2.0351e-009	1.5868e-009	1.9207e-009	1.8579e-009	1.6622e-009	1.8029e-009	1.763e-009	1.8998e-009	1.9373e-009	1.8831e-009	2.1763e-009	2.0087e-009	2.6264e-009	4.545e-009	7.371e-009	1.0425e-008	1.4183e-008	1.712e-008	2.2905e-008	2.9328e-008	3.5022e-008	3.9388e-008	4.4161e-008	5.1334e-008	5.9235e-008	6.4983e-008	6.9567e-008	7.4075e-008	7.7326e-008	8.0712e-008	8.4982e-008	8.6316e-008	8.7148e-008	8.8745e-008	8.985e-008	9.1113e-008	9.217e-008	9.1781e-008	9.0639e-008	8.956e-008	8.929e-008	8.9675e-008	8.7055e-008	8.3371e-008	8.2305e-008	8.0281e-008	7.761e-008	7.5457e-008	7.4205e-008	7.2491e-008	6.8364e-008	6.6323e-008	6.5629e-008	6.3513e-008	6.0031e-008	5.88e-008	5.7406e-008	5.3891e-008	5.1523e-008	4.9498e-008	4.8389e-008	4.4647e-008	4.3122e-008	4.0581e-008	3.688e-008	3.609e-008	3.4742e-008	3.4029e-008
9.6993e-008	9.4804e-008	9.4299e-008	9.3354e-008	9.2083e-008	9.0657e-008	8.9506e-008	8.8008e-008	8.5284e-008	8.2093e-008	8.0026e-008	7.8085e-008	7.6378e-008	7.2903e-008	7.0303e-008	6.7053e-008	6.4405e-008	6.2167e-008	5.9739e-008	5.8431e-008	5.5893e-008	5.185e-008	5.0617e-008	4.9211e-008	4.4743e-008	4.2767e-008	4.0127e-008	3.6246e-008	3.4364e-008	3.2295e-008	2.9615e-008	2.6806e-008	2.4117e-008	2.2433e-008	2.0496e-008	1.8972e-008	1.6932e-008	1.5196e-008	1.3575e-008	1.1028e-008	8.7683e-009	7.3737e-009	6.5003e-009	6.2122e-009	6.558e-009	6.4906e-009	6.1781e-009	6.3333e-009	6.5068e-009	7.0149e-009	7.0254e-009	6.4273e-009	6.7802e-009	7.0973e-009	7.6437e-009	7.7164e-009	8.5343e-009	1.0405e-008	1.251e-008	1.5057e-008	1.8057e-008	2.3357e-008	2.8722e-008	3.4853e-008	4.0197e-008	4.5329e-008	5.1713e-008	5.6415e-008	6.2925e-008	6.8308e-008	7.2617e-008	7.7507e-008	8.1349e-008	8.3723e-008	8.6481e-008	8.8074e-008	8.9072e-008	8.9875e-008	9.1107e-008	9.1527e-008	9.1292e-008	9.152e-008	9.0616e-008	8.8669e-008	8.7721e-008	8.6408e-008	8.2099e-008	8.0413e-008	7.9631e-008	7.9134e-008	7.7641e-008	7.544e-008	7.3157e-008	7.0705e-008	6.8075e-008	6.5919e-008	6.3217e-008	6.2434e-008	6.1292e-008	5.8031e-008	5.6168e-008	5.2639e-008	4.8694e-008	4.7193e-008	4.4643e-008	4.3033e-008	3.9163e-008	3.6868e-008	3.334e-008	3.1063e-008	2.8795e-008	2.7165e-008	2.4174e-008	2.1292e-008	1.9278e-008	1.6045e-008	1.4068e-008	1.1446e-008	9.1141e-009	8.407e-009	6.6822e-009	6.2033e-009	5.9501e-009	5.7271e-009	5.7672e-009	5.5952e-009	5.0285e-009	4.8963e-009	5.1513e-009	5.6069e-009	5.8769e-009	5.5595e-009	5.8643e-009	5.8514e-009	5.7006e-009	5.9281e-009	6.7768e-009	7.498e-009	8.8024e-009	1.084e-008	1.3603e-008	1.715e-008	2.4281e-008	3.2955e-008	4.0079e-008	4.5837e-008	5.1558e-008	5.9386e-008	6.7746e-008	7.2957e-008	7.6983e-008	8.0649e-008	8.3095e-008	8.5467e-008	8.7981e-008	8.9088e-008	9.113e-008	9.2683e-008	9.4323e-008	9.4983e-008	9.5325e-008	9.4753e-008	9.438e-008	9.4409e-008	9.3244e-008	9.2224e-008	9.074e-008	8.9068e-008	8.5429e-008	8.3399e-008	7.9174e-008	7.6156e-008	7.5425e-008	7.3047e-008	7.0578e-008	6.9198e-008	6.5716e-008	6.391e-008	6.1644e-008	5.7989e-008	5.537e-008	5.2187e-008	4.8294e-008	4.5999e-008	4.2794e-008	4.0982e-008	3.909e-008	3.7186e-008	3.4009e-008	3.1694e-008	2.9394e-008	2.7309e-008	2.5565e-008	2.3685e-008	2.1633e-008	2.0179e-008	1.8145e-008	1.6552e-008	1.4087e-008	1.229e-008	1.1347e-008	1.0351e-008	9.6734e-009	8.3739e-009	6.7108e-009	6.6501e-009	6.358e-009	5.6836e-009	5.5163e-009	5.2293e-009	4.6154e-009	4.16e-009	4.6288e-009	5.2973e-009	5.4831e-009	6.2627e-009	7.5626e-009	9.2185e-009	1.1918e-008	1.5467e-008	1.9955e-008	2.2835e-008	2.7527e-008	3.4151e-008	4.0675e-008	4.8144e-008	5.5206e-008	6.1752e-008	6.74e-008	7.1816e-008	7.6633e-008	7.9563e-008	8.2885e-008	8.6825e-008	8.8032e-008	9.0217e-008	9.3061e-008	9.4581e-008	9.4754e-008	9.3245e-008	9.2961e-008	9.2908e-008	9.2554e-008	9.1419e-008	9.0065e-008	8.8675e-008	8.7944e-008	8.4861e-008	8.0612e-008	7.9179e-008	7.6125e-008	7.3376e-008	7.1801e-008	6.9785e-008	6.7874e-008	6.5883e-008	6.3425e-008	6.1775e-008	5.9193e-008	5.6387e-008	5.3379e-008	5.062e-008	4.8377e-008	4.5161e-008	4.1599e-008	3.7598e-008	3.5106e-008	3.3591e-008	3.0609e-008	2.7877e-008	2.5694e-008	2.1176e-008	1.8686e-008	1.6248e-008	1.3489e-008	1.1781e-008	9.1835e-009	7.7504e-009	6.0043e-009	4.0976e-009	3.6377e-009	3.2605e-009	3.4678e-009	3.056e-009	2.4985e-009	1.8048e-009	2.1259e-009	1.8106e-009	2.7254e-009	2.6961e-009	2.8464e-009	2.3793e-009	2.3227e-009	2.7643e-009	3.5722e-009	3.0215e-009	3.1692e-009	4.048e-009	5.2295e-009	8.1074e-009	1.2033e-008	1.793e-008	2.4063e-008	3.2789e-008	4.2816e-008	5.0258e-008	5.5454e-008	6.043e-008	6.5362e-008	7.1095e-008	7.678e-008	8.248e-008	8.6428e-008	8.95e-008	9.1521e-008	9.2058e-008	9.3233e-008	9.3906e-008	9.4009e-008	9.3529e-008	9.3628e-008	9.3009e-008	9.1876e-008	9.1222e-008	8.9026e-008	8.7723e-008	8.6325e-008	8.4219e-008	8.1888e-008	8.063e-008	7.9101e-008	7.5498e-008	7.3308e-008	7.1686e-008	6.9756e-008	6.7612e-008	6.5298e-008	6.2833e-008	6.0412e-008	5.8006e-008	5.5564e-008	5.3716e-008	5.1385e-008	4.8921e-008	4.4989e-008	4.1297e-008	3.9273e-008	3.7643e-008	3.5528e-008	3.3173e-008	2.9667e-008	2.5879e-008	2.4058e-008	2.1429e-008	1.8969e-008	1.524e-008	1.3151e-008	1.0773e-008	8.9082e-009	7.217e-009	5.8298e-009	4.1272e-009	3.3358e-009	2.5486e-009	2.0592e-009	2.1777e-009	2.1442e-009	1.8502e-009	1.1533e-009	1.0266e-009	1.5757e-009	1.4795e-009	1.9754e-009	2.5663e-009	2.2667e-009	2.4621e-009	3.611e-009	5.3674e-009	7.5307e-009	1.0864e-008	1.452e-008	2.0405e-008	2.6405e-008	3.3856e-008	4.0243e-008	4.7417e-008	5.5523e-008	6.3862e-008	7.0901e-008	7.5136e-008	7.9316e-008	8.1958e-008	8.4136e-008	8.733e-008	8.926e-008	9.1263e-008	9.2326e-008	9.4364e-008	9.4235e-008	9.3988e-008	9.3876e-008	9.3614e-008	9.2395e-008	9.1433e-008	9.0636e-008	8.9514e-008	8.6412e-008	8.4563e-008	8.1593e-008	7.9692e-008	7.6944e-008	7.6026e-008	7.4611e-008	7.2042e-008	6.9288e-008	6.6959e-008	6.428e-008	6.3184e-008	6.1958e-008	5.8098e-008	5.5353e-008	5.4273e-008	5.1619e-008	4.9044e-008	4.6269e-008	4.2533e-008	4.0555e-008	3.7196e-008	3.5217e-008	3.3916e-008	3.1429e-008	2.8805e-008	2.5887e-008	2.3253e-008	2.1157e-008	1.8902e-008	1.5473e-008	1.3034e-008	1.1027e-008	9.4564e-009	7.5543e-009	5.4144e-009	4.0838e-009	2.5867e-009	1.8521e-009	1.6865e-009	1.7686e-009	1.0402e-009	1.5597e-009	1.5858e-009	2.0872e-009	1.9241e-009	1.8939e-009	2.0425e-009	2.0297e-009	2.1684e-009	2.161e-009	3.9377e-009	6.5044e-009	1.0038e-008	1.3775e-008	1.6287e-008	2.2304e-008	2.753e-008	3.3993e-008	3.9724e-008	4.4195e-008	5.0089e-008	5.8881e-008	6.4855e-008	6.9438e-008	7.4457e-008	7.7548e-008	7.9427e-008	8.3507e-008	8.5552e-008	8.7639e-008	8.8968e-008	9.0593e-008	9.1932e-008	9.2277e-008	9.2252e-008	9.0983e-008	8.9224e-008	8.8844e-008	8.7827e-008	8.547e-008	8.3453e-008	8.2111e-008	8.0191e-008	7.7379e-008	7.5423e-008	7.4479e-008	7.2468e-008	6.8262e-008	6.6345e-008	6.5026e-008	6.2901e-008	6.0636e-008	5.8901e-008	5.6585e-008	5.419e-008	5.2077e-008	5.0157e-008	4.8755e-008	4.6248e-008	4.252e-008	3.9767e-008	3.8172e-008	3.6385e-008	3.483e-008	3.3691e-008
9.7105e-008	9.628e-008	9.4944e-008	9.2788e-008	9.2003e-008	9.0705e-008	8.9675e-008	8.645e-008	8.4886e-008	8.2864e-008	8.0385e-008	7.8736e-008	7.7111e-008	7.3114e-008	7.0694e-008	6.7031e-008	6.3994e-008	6.2248e-008	5.9175e-008	5.7294e-008	5.5724e-008	5.3365e-008	5.1255e-008	4.9345e-008	4.6785e-008	4.3775e-008	3.9909e-008	3.5639e-008	3.4837e-008	3.208e-008	3.0038e-008	2.7814e-008	2.5918e-008	2.265e-008	2.0496e-008	1.9149e-008	1.7725e-008	1.5461e-008	1.3614e-008	1.1502e-008	9.3891e-009	8.5335e-009	7.1658e-009	6.5643e-009	7.0631e-009	6.5504e-009	6.3923e-009	6.8793e-009	6.9585e-009	7.0492e-009	6.7114e-009	6.7746e-009	7.19e-009	7.3457e-009	8.162e-009	8.0604e-009	8.8694e-009	1.0596e-008	1.2391e-008	1.52e-008	1.795e-008	2.2858e-008	2.8337e-008	3.4989e-008	4.1629e-008	4.6436e-008	5.2426e-008	5.7447e-008	6.3967e-008	6.9406e-008	7.4769e-008	7.8252e-008	8.1211e-008	8.4068e-008	8.6149e-008	8.8476e-008	8.9958e-008	9.0585e-008	9.1239e-008	9.1764e-008	9.2248e-008	9.2233e-008	9.1093e-008	8.909e-008	8.7757e-008	8.6235e-008	8.184e-008	8.0831e-008	7.8969e-008	7.8785e-008	7.7243e-008	7.571e-008	7.4067e-008	7.081e-008	6.7982e-008	6.6385e-008	6.3918e-008	6.2815e-008	6.1471e-008	5.961e-008	5.7675e-008	5.2709e-008	4.9942e-008	4.7511e-008	4.6071e-008	4.2763e-008	3.9224e-008	3.7235e-008	3.4041e-008	3.0846e-008	2.9827e-008	2.62e-008	2.4386e-008	2.163e-008	1.9103e-008	1.7172e-008	1.5259e-008	1.2217e-008	9.8857e-009	8.7979e-009	7.373e-009	6.6032e-009	6.3214e-009	6.6596e-009	6.4205e-009	6.2098e-009	6.4068e-009	5.9553e-009	5.6186e-009	6.1631e-009	6.0123e-009	5.6419e-009	5.9586e-009	5.997e-009	5.8756e-009	6.1907e-009	7.2082e-009	7.5363e-009	8.7108e-009	1.1022e-008	1.3811e-008	1.8315e-008	2.5036e-008	3.4072e-008	4.1619e-008	4.8857e-008	5.2782e-008	5.9569e-008	6.7151e-008	7.4304e-008	7.854e-008	8.1243e-008	8.3798e-008	8.668e-008	8.8686e-008	9.0961e-008	9.2958e-008	9.3544e-008	9.4509e-008	9.5301e-008	9.6387e-008	9.6734e-008	9.5292e-008	9.3151e-008	9.2564e-008	9.173e-008	8.9748e-008	8.8219e-008	8.7296e-008	8.4808e-008	8.2392e-008	7.9138e-008	7.5882e-008	7.3355e-008	7.0894e-008	6.8512e-008	6.5633e-008	6.2398e-008	6.0087e-008	5.7135e-008	5.5438e-008	4.9988e-008	4.831e-008	4.6809e-008	4.3895e-008	4.159e-008	3.857e-008	3.6313e-008	3.4136e-008	3.1802e-008	3.0028e-008	2.7515e-008	2.5783e-008	2.3913e-008	2.2244e-008	1.9716e-008	1.7715e-008	1.6727e-008	1.2983e-008	1.2636e-008	1.1503e-008	1.0825e-008	9.8498e-009	8.9008e-009	7.4926e-009	7.002e-009	6.5376e-009	5.8889e-009	5.2553e-009	5.1629e-009	5.3674e-009	5.2623e-009	5.586e-009	5.8829e-009	6.1029e-009	6.5632e-009	8.2562e-009	1.0339e-008	1.2884e-008	1.6632e-008	2.0176e-008	2.3908e-008	2.8241e-008	3.4114e-008	4.0957e-008	4.726e-008	5.4649e-008	6.085e-008	6.6673e-008	7.0742e-008	7.6255e-008	7.9383e-008	8.2364e-008	8.5485e-008	8.792e-008	8.9842e-008	9.2576e-008	9.4197e-008	9.418e-008	9.3562e-008	9.2989e-008	9.3058e-008	9.2464e-008	9.1555e-008	9.0497e-008	8.9501e-008	8.7288e-008	8.4522e-008	8.1307e-008	7.7971e-008	7.5574e-008	7.3661e-008	7.1464e-008	6.9324e-008	6.8066e-008	6.4847e-008	6.3063e-008	6.1209e-008	5.9285e-008	5.5612e-008	5.3288e-008	5.0956e-008	4.6391e-008	4.5064e-008	4.0733e-008	3.8327e-008	3.6187e-008	3.2378e-008	2.993e-008	2.7193e-008	2.4816e-008	2.1869e-008	1.7411e-008	1.5541e-008	1.401e-008	1.1875e-008	9.7147e-009	7.9331e-009	6.069e-009	4.4695e-009	3.5841e-009	3.4587e-009	3.9146e-009	3.5079e-009	3.1185e-009	2.747e-009	2.5368e-009	2.0475e-009	2.7134e-009	2.8166e-009	2.9104e-009	3.0568e-009	2.7333e-009	2.6896e-009	3.387e-009	3.2897e-009	3.7059e-009	4.3535e-009	5.8759e-009	8.4879e-009	1.2971e-008	1.824e-008	2.4433e-008	3.1569e-008	4.2163e-008	4.862e-008	5.5682e-008	5.9408e-008	6.4901e-008	7.0886e-008	7.6358e-008	8.3064e-008	8.5457e-008	8.9844e-008	9.1109e-008	9.2146e-008	9.3329e-008	9.3905e-008	9.554e-008	9.395e-008	9.3144e-008	9.2623e-008	9.2477e-008	9.0768e-008	8.9499e-008	8.8209e-008	8.6668e-008	8.4579e-008	8.1564e-008	8.1039e-008	7.9564e-008	7.5626e-008	7.3477e-008	7.1286e-008	6.9332e-008	6.8005e-008	6.4838e-008	6.2566e-008	6.0907e-008	5.7987e-008	5.5201e-008	5.3641e-008	5.2026e-008	4.8816e-008	4.51e-008	4.316e-008	4.1116e-008	3.9104e-008	3.6384e-008	3.1558e-008	2.9603e-008	2.6825e-008	2.3587e-008	2.1199e-008	1.8366e-008	1.5972e-008	1.3668e-008	1.0727e-008	8.6878e-009	7.2103e-009	5.8341e-009	3.9573e-009	3.438e-009	3.376e-009	2.7091e-009	2.3303e-009	2.2233e-009	2.1111e-009	1.8786e-009	1.2047e-009	1.359e-009	1.4637e-009	1.4082e-009	1.6523e-009	2.2241e-009	3.2996e-009	4.2354e-009	6.0988e-009	8.5301e-009	1.1553e-008	1.5544e-008	2.0052e-008	2.5872e-008	3.2251e-008	3.9282e-008	4.6204e-008	5.4259e-008	6.2598e-008	6.9711e-008	7.4503e-008	7.946e-008	8.293e-008	8.5618e-008	8.7266e-008	8.8658e-008	9.0834e-008	9.2679e-008	9.3555e-008	9.3889e-008	9.4032e-008	9.4267e-008	9.3966e-008	9.2955e-008	9.194e-008	9.0879e-008	8.8807e-008	8.6218e-008	8.4659e-008	8.165e-008	7.8213e-008	7.6803e-008	7.6315e-008	7.5126e-008	7.3045e-008	6.9793e-008	6.7544e-008	6.4225e-008	6.1303e-008	5.9006e-008	5.6956e-008	5.5864e-008	5.4864e-008	5.2295e-008	4.982e-008	4.6312e-008	4.2486e-008	4.0965e-008	3.7575e-008	3.5601e-008	3.3383e-008	3.1179e-008	2.8391e-008	2.4957e-008	2.3258e-008	1.9645e-008	1.7754e-008	1.4489e-008	1.2444e-008	1.0851e-008	9.1025e-009	7.2763e-009	5.2024e-009	4.0229e-009	2.808e-009	1.898e-009	1.6297e-009	1.4908e-009	1.1485e-009	1.1169e-009	1.3199e-009	1.8936e-009	2.0082e-009	2.3092e-009	2.3955e-009	2.0442e-009	2.6047e-009	3.0267e-009	4.2587e-009	6.7891e-009	1.0734e-008	1.3203e-008	1.6923e-008	2.1474e-008	2.6261e-008	3.4242e-008	3.9328e-008	4.4904e-008	5.0817e-008	5.8397e-008	6.5669e-008	7.0865e-008	7.4796e-008	7.8633e-008	8.0461e-008	8.3339e-008	8.5437e-008	8.8187e-008	9.0086e-008	9.0875e-008	9.1823e-008	9.1927e-008	9.1914e-008	9.0968e-008	8.9435e-008	8.7749e-008	8.6293e-008	8.4518e-008	8.3015e-008	8.107e-008	7.9348e-008	7.7652e-008	7.5851e-008	7.4224e-008	7.1046e-008	6.9292e-008	6.7625e-008	6.6018e-008	6.3876e-008	6.138e-008	5.8215e-008	5.6523e-008	5.4832e-008	5.259e-008	5.0552e-008	4.7716e-008	4.4553e-008	4.2401e-008	4.0018e-008	3.7995e-008	3.6407e-008	3.3742e-008	3.2235e-008
9.7458e-008	9.6489e-008	9.542e-008	9.3327e-008	9.1751e-008	9.0535e-008	8.9211e-008	8.5902e-008	8.4168e-008	8.3386e-008	8.0822e-008	7.8496e-008	7.6265e-008	7.4202e-008	7.192e-008	6.6371e-008	6.438e-008	6.2457e-008	5.9853e-008	5.7708e-008	5.5859e-008	5.3671e-008	5.1917e-008	4.9957e-008	4.4946e-008	4.3156e-008	4.053e-008	3.7506e-008	3.4096e-008	3.2067e-008	3.0177e-008	2.9279e-008	2.5916e-008	2.4188e-008	2.1182e-008	1.9348e-008	1.7727e-008	1.5889e-008	1.3926e-008	1.3172e-008	1.0814e-008	9.3956e-009	8.1277e-009	7.3614e-009	7.2624e-009	7.0688e-009	6.8093e-009	7.0769e-009	7.4436e-009	7.7657e-009	7.6888e-009	7.5131e-009	6.9346e-009	7.6503e-009	8.0188e-009	8.2538e-009	8.9727e-009	1.0426e-008	1.192e-008	1.566e-008	1.8631e-008	2.2051e-008	2.8051e-008	3.362e-008	4.1668e-008	4.6986e-008	5.2126e-008	5.8496e-008	6.5622e-008	7.159e-008	7.5406e-008	7.9018e-008	8.0939e-008	8.4231e-008	8.6908e-008	8.8739e-008	9.0216e-008	9.122e-008	9.1933e-008	9.2471e-008	9.2856e-008	9.2718e-008	9.1211e-008	8.9716e-008	8.8645e-008	8.6255e-008	8.3855e-008	8.1742e-008	7.9162e-008	7.7239e-008	7.6526e-008	7.5685e-008	7.3471e-008	7.1279e-008	6.9732e-008	6.7622e-008	6.5528e-008	6.2731e-008	6.228e-008	6.0156e-008	5.8681e-008	5.5328e-008	5.1372e-008	4.8855e-008	4.6364e-008	4.4525e-008	3.9927e-008	3.7657e-008	3.512e-008	3.225e-008	3.0443e-008	2.8563e-008	2.4524e-008	2.2932e-008	2.0593e-008	1.8519e-008	1.4549e-008	1.3083e-008	1.1212e-008	9.6328e-009	8.3289e-009	7.6025e-009	7.2047e-009	7.0121e-009	6.8884e-009	6.9193e-009	7.1013e-009	6.4594e-009	6.0087e-009	5.7809e-009	5.7286e-009	5.9382e-009	6.477e-009	6.1555e-009	5.8836e-009	6.2469e-009	6.9058e-009	7.3922e-009	9.0274e-009	1.0917e-008	1.3883e-008	1.7893e-008	2.4422e-008	3.4135e-008	4.3206e-008	4.9833e-008	5.3948e-008	5.9235e-008	6.7421e-008	7.4436e-008	7.8392e-008	8.2099e-008	8.4051e-008	8.7103e-008	9.0083e-008	9.2353e-008	9.4057e-008	9.4377e-008	9.5237e-008	9.5827e-008	9.7109e-008	9.7079e-008	9.6155e-008	9.4089e-008	9.3822e-008	9.2456e-008	9.0526e-008	8.9494e-008	8.7829e-008	8.5414e-008	8.3101e-008	7.973e-008	7.6139e-008	7.3462e-008	7.1615e-008	6.8742e-008	6.5628e-008	6.2809e-008	5.9935e-008	5.794e-008	5.6e-008	5.3584e-008	4.9399e-008	4.5453e-008	4.3512e-008	4.1331e-008	3.818e-008	3.5955e-008	3.3683e-008	3.1567e-008	3.0362e-008	2.7102e-008	2.5362e-008	2.3547e-008	2.1185e-008	1.8849e-008	1.6874e-008	1.578e-008	1.425e-008	1.3704e-008	1.202e-008	1.1157e-008	1.0103e-008	8.4925e-009	7.2616e-009	7.0827e-009	6.3377e-009	5.7644e-009	5.9384e-009	5.9941e-009	6.301e-009	5.7841e-009	5.6597e-009	6.389e-009	6.988e-009	7.654e-009	8.4517e-009	1.109e-008	1.3934e-008	1.5743e-008	2.1217e-008	2.5196e-008	2.9358e-008	3.5041e-008	4.1676e-008	4.8716e-008	5.5277e-008	6.0842e-008	6.6687e-008	7.3235e-008	7.8308e-008	7.9907e-008	8.2155e-008	8.5414e-008	8.8849e-008	9.0354e-008	9.3333e-008	9.4247e-008	9.4604e-008	9.4341e-008	9.3581e-008	9.285e-008	9.2233e-008	9.1432e-008	9.0229e-008	8.99e-008	8.7162e-008	8.3787e-008	8.2077e-008	7.948e-008	7.577e-008	7.4172e-008	7.1692e-008	7.0341e-008	6.8543e-008	6.5702e-008	6.3409e-008	6.0951e-008	5.8636e-008	5.582e-008	5.4204e-008	5.0924e-008	4.6393e-008	4.4536e-008	4.1759e-008	3.919e-008	3.6513e-008	3.3678e-008	3.0331e-008	2.7039e-008	2.4288e-008	2.1295e-008	2.0068e-008	1.6538e-008	1.5291e-008	1.3408e-008	9.5161e-009	8.6458e-009	6.5433e-009	5.3382e-009	4.1106e-009	4.3051e-009	4.6843e-009	4.1311e-009	3.6884e-009	3.6317e-009	3.2661e-009	2.9212e-009	2.5535e-009	2.7162e-009	3.4312e-009	3.7667e-009	3.7585e-009	3.1475e-009	3.0814e-009	3.6359e-009	4.2509e-009	4.7036e-009	6.1483e-009	9.0344e-009	1.3948e-008	1.8341e-008	2.4786e-008	3.1931e-008	3.9582e-008	4.5875e-008	5.4151e-008	6.0337e-008	6.5596e-008	7.1189e-008	7.6451e-008	8.248e-008	8.6513e-008	8.9124e-008	9.1416e-008	9.2697e-008	9.3315e-008	9.4819e-008	9.577e-008	9.4822e-008	9.3895e-008	9.335e-008	9.2737e-008	9.2143e-008	8.9464e-008	8.8085e-008	8.614e-008	8.455e-008	8.2455e-008	8.1065e-008	8.0118e-008	7.7895e-008	7.3358e-008	7.1708e-008	6.9886e-008	6.861e-008	6.5551e-008	6.2617e-008	6.1492e-008	5.8095e-008	5.5714e-008	5.3475e-008	5.2364e-008	4.8447e-008	4.5484e-008	4.4237e-008	4.1869e-008	3.8611e-008	3.7473e-008	3.1903e-008	2.9745e-008	2.6808e-008	2.2798e-008	2.1079e-008	1.8426e-008	1.6659e-008	1.2296e-008	1.0669e-008	8.8617e-009	6.6778e-009	4.8446e-009	4.1382e-009	3.6559e-009	3.4267e-009	2.9817e-009	2.9456e-009	2.4739e-009	2.5421e-009	2.2422e-009	1.5592e-009	1.5837e-009	1.9672e-009	1.8457e-009	2.1811e-009	2.6835e-009	3.5615e-009	4.5817e-009	6.9581e-009	9.1847e-009	1.2378e-008	1.5959e-008	2.1318e-008	2.6409e-008	3.2635e-008	3.9434e-008	4.4396e-008	5.2057e-008	5.9865e-008	6.5676e-008	7.312e-008	7.6464e-008	8.0796e-008	8.5176e-008	8.7317e-008	8.9069e-008	9.0915e-008	9.2626e-008	9.3829e-008	9.4337e-008	9.4399e-008	9.4563e-008	9.4117e-008	9.3324e-008	9.2093e-008	9.0281e-008	8.8451e-008	8.6496e-008	8.3837e-008	8.2744e-008	7.9616e-008	7.8528e-008	7.7021e-008	7.5809e-008	7.281e-008	6.9966e-008	6.818e-008	6.4853e-008	6.1734e-008	6.0043e-008	5.718e-008	5.6321e-008	5.4678e-008	5.2371e-008	4.9643e-008	4.7254e-008	4.4044e-008	4.1199e-008	3.7213e-008	3.5992e-008	3.3779e-008	3.1449e-008	2.968e-008	2.5958e-008	2.4462e-008	2.2492e-008	1.9576e-008	1.6601e-008	1.2485e-008	1.106e-008	9.4561e-009	7.3265e-009	5.8271e-009	4.4597e-009	2.9037e-009	2.8211e-009	3.1687e-009	2.1807e-009	1.4485e-009	1.5337e-009	1.7834e-009	2.1681e-009	2.1541e-009	2.575e-009	2.5669e-009	3.0783e-009	3.4202e-009	3.553e-009	4.9664e-009	7.5125e-009	1.0066e-008	1.3053e-008	1.7612e-008	2.1022e-008	2.7306e-008	3.3741e-008	3.9749e-008	4.5608e-008	5.1578e-008	5.9597e-008	6.5267e-008	7.0031e-008	7.3759e-008	7.8578e-008	8.0566e-008	8.3683e-008	8.5466e-008	8.8281e-008	9.0534e-008	9.0895e-008	9.1487e-008	9.1858e-008	9.104e-008	8.9914e-008	8.9156e-008	8.7608e-008	8.6462e-008	8.442e-008	8.3407e-008	8.1764e-008	7.9676e-008	7.7084e-008	7.5636e-008	7.4479e-008	7.1401e-008	6.9084e-008	6.7863e-008	6.687e-008	6.3738e-008	6.1393e-008	5.9474e-008	5.684e-008	5.4502e-008	5.2356e-008	5.0096e-008	4.6968e-008	4.4561e-008	4.1793e-008	4.0075e-008	3.8429e-008	3.6125e-008	3.3978e-008	3.2587e-008
9.8671e-008	9.6717e-008	9.542e-008	9.4262e-008	9.1999e-008	8.9769e-008	8.8443e-008	8.5903e-008	8.4557e-008	8.3449e-008	7.9175e-008	7.7708e-008	7.5633e-008	7.3975e-008	7.2595e-008	7.0612e-008	6.5966e-008	6.0839e-008	5.976e-008	5.7878e-008	5.6398e-008	5.4781e-008	5.2218e-008	4.9643e-008	4.6062e-008	4.36e-008	3.9459e-008	3.7815e-008	3.4499e-008	3.0465e-008	3.0284e-008	2.9609e-008	2.6091e-008	2.4051e-008	2.1539e-008	1.9779e-008	1.7919e-008	1.558e-008	1.3919e-008	1.3005e-008	1.1402e-008	9.1059e-009	8.3019e-009	7.454e-009	6.9817e-009	7.236e-009	7.0217e-009	7.1474e-009	7.4694e-009	7.814e-009	7.8179e-009	7.3501e-009	7.355e-009	7.5157e-009	8.0211e-009	8.5192e-009	9.0728e-009	1.0109e-008	1.2506e-008	1.5768e-008	1.8557e-008	2.3354e-008	2.8505e-008	3.529e-008	4.2692e-008	4.8144e-008	5.2844e-008	6.0592e-008	6.7225e-008	7.4109e-008	7.6822e-008	8.0186e-008	8.2361e-008	8.4724e-008	8.7141e-008	8.9102e-008	9.0716e-008	9.1722e-008	9.2411e-008	9.2901e-008	9.2864e-008	9.162e-008	9.1115e-008	9.0225e-008	8.8738e-008	8.4431e-008	8.3991e-008	8.1323e-008	7.928e-008	7.7733e-008	7.694e-008	7.5321e-008	7.3276e-008	7.1255e-008	6.9495e-008	6.7831e-008	6.5271e-008	6.2418e-008	6.2475e-008	6.1072e-008	5.8377e-008	5.5859e-008	5.189e-008	4.9891e-008	4.642e-008	4.3995e-008	3.9155e-008	3.5938e-008	3.4045e-008	3.2688e-008	3.1159e-008	2.8849e-008	2.6474e-008	2.1928e-008	1.9993e-008	1.8827e-008	1.4452e-008	1.2086e-008	1.0726e-008	9.6913e-009	8.7448e-009	7.5518e-009	7.2359e-009	7.2748e-009	7.0628e-009	7.297e-009	7.0884e-009	6.6128e-009	6.2061e-009	5.8067e-009	6.1554e-009	6.2853e-009	6.5375e-009	5.7386e-009	6.2595e-009	6.9019e-009	6.844e-009	7.6446e-009	8.9762e-009	1.1203e-008	1.3442e-008	1.9062e-008	2.4189e-008	3.2074e-008	4.196e-008	4.8005e-008	5.4322e-008	5.9714e-008	6.7052e-008	7.1396e-008	7.6405e-008	8.1982e-008	8.4928e-008	8.8941e-008	9.0765e-008	9.3051e-008	9.4183e-008	9.485e-008	9.5555e-008	9.659e-008	9.7365e-008	9.704e-008	9.6786e-008	9.4875e-008	9.4536e-008	9.3965e-008	9.2277e-008	9.0234e-008	8.8069e-008	8.4919e-008	8.293e-008	8.0723e-008	7.6525e-008	7.3886e-008	7.211e-008	6.7388e-008	6.5608e-008	6.2554e-008	6.0623e-008	5.9638e-008	5.522e-008	5.3223e-008	5.0267e-008	4.5624e-008	4.3767e-008	4.0538e-008	3.8707e-008	3.6303e-008	3.3004e-008	3.0834e-008	2.9444e-008	2.6662e-008	2.5126e-008	2.3307e-008	2.1667e-008	1.9477e-008	1.7177e-008	1.4913e-008	1.4211e-008	1.3448e-008	1.1878e-008	1.0957e-008	9.0245e-009	7.6321e-009	7.297e-009	6.6774e-009	6.3186e-009	5.9458e-009	6.0392e-009	6.2214e-009	6.382e-009	5.8745e-009	6.5624e-009	6.9616e-009	7.8412e-009	7.8776e-009	9.7916e-009	1.1864e-008	1.4874e-008	1.8065e-008	2.19e-008	2.5952e-008	3.0523e-008	3.5441e-008	4.2662e-008	5.0189e-008	5.639e-008	6.0502e-008	6.7556e-008	7.3758e-008	7.8729e-008	8.0788e-008	8.2459e-008	8.5869e-008	8.8639e-008	9.0616e-008	9.2963e-008	9.3869e-008	9.4128e-008	9.4051e-008	9.364e-008	9.2331e-008	9.169e-008	9.1574e-008	9.0354e-008	8.9129e-008	8.7613e-008	8.3817e-008	8.1853e-008	7.9692e-008	7.699e-008	7.3533e-008	7.2164e-008	7.077e-008	6.9006e-008	6.569e-008	6.2737e-008	6.1077e-008	5.8917e-008	5.6161e-008	5.328e-008	5.0885e-008	4.8145e-008	4.525e-008	4.1599e-008	3.8713e-008	3.6707e-008	3.2792e-008	3.0843e-008	2.761e-008	2.484e-008	2.2038e-008	2.0014e-008	1.7954e-008	1.5474e-008	1.3646e-008	1.1087e-008	8.5926e-009	7.2729e-009	5.926e-009	4.67e-009	4.4595e-009	4.4363e-009	4.0391e-009	3.8087e-009	4.0357e-009	3.9145e-009	3.4277e-009	3.2585e-009	3.0903e-009	3.253e-009	3.4054e-009	3.9476e-009	3.5517e-009	3.4068e-009	3.7222e-009	4.2191e-009	4.8746e-009	6.3782e-009	1.0166e-008	1.3643e-008	1.7573e-008	2.4923e-008	3.3046e-008	4.0181e-008	4.6572e-008	5.4051e-008	5.9801e-008	6.5928e-008	7.2158e-008	7.6775e-008	8.295e-008	8.6597e-008	8.9972e-008	9.2194e-008	9.3727e-008	9.3712e-008	9.495e-008	9.4994e-008	9.4244e-008	9.3983e-008	9.3674e-008	9.333e-008	9.1537e-008	9.0079e-008	8.7575e-008	8.64e-008	8.4638e-008	8.3327e-008	8.1408e-008	8.0206e-008	7.5514e-008	7.2081e-008	7.1954e-008	7.0574e-008	6.8991e-008	6.6827e-008	6.4067e-008	6.2407e-008	5.9685e-008	5.7625e-008	5.544e-008	5.2648e-008	4.9942e-008	4.7208e-008	4.4673e-008	4.1988e-008	3.8911e-008	3.6714e-008	3.5033e-008	3.0511e-008	2.746e-008	2.3114e-008	2.0988e-008	1.8676e-008	1.5416e-008	1.3343e-008	1.0957e-008	8.925e-009	6.8764e-009	5.6286e-009	4.7196e-009	3.5557e-009	3.7411e-009	3.5443e-009	3.5478e-009	3.1879e-009	2.5897e-009	2.6171e-009	2.3401e-009	2.7555e-009	2.8051e-009	2.892e-009	3.2634e-009	3.5436e-009	3.3894e-009	4.4827e-009	6.5941e-009	9.0858e-009	1.2078e-008	1.6983e-008	2.1867e-008	2.7333e-008	3.1674e-008	3.7762e-008	4.5515e-008	5.1557e-008	5.7842e-008	6.4481e-008	7.1236e-008	7.6724e-008	8.0501e-008	8.2361e-008	8.714e-008	8.8487e-008	8.9616e-008	9.2358e-008	9.4073e-008	9.4641e-008	9.4277e-008	9.4022e-008	9.4013e-008	9.3189e-008	9.1776e-008	9.0694e-008	8.8351e-008	8.7018e-008	8.4442e-008	8.2716e-008	8.1345e-008	7.8575e-008	7.7401e-008	7.6731e-008	7.3846e-008	7.1481e-008	6.913e-008	6.7761e-008	6.2593e-008	6.0897e-008	5.8119e-008	5.674e-008	5.4543e-008	5.2558e-008	5.0406e-008	4.6848e-008	4.4779e-008	4.2895e-008	3.8032e-008	3.6503e-008	3.4337e-008	3.1764e-008	2.9647e-008	2.7581e-008	2.4434e-008	2.2915e-008	1.9849e-008	1.7494e-008	1.4681e-008	1.1338e-008	9.1038e-009	7.3366e-009	5.6993e-009	4.591e-009	3.5112e-009	3.145e-009	3.1626e-009	2.4484e-009	1.4765e-009	1.8475e-009	2.6378e-009	2.51e-009	1.8984e-009	1.9308e-009	2.6197e-009	3.1754e-009	4.1171e-009	4.0378e-009	5.4685e-009	7.6083e-009	9.7704e-009	1.3075e-008	1.7393e-008	2.1748e-008	2.7609e-008	3.3751e-008	4.0518e-008	4.575e-008	5.1515e-008	5.8466e-008	6.4606e-008	7.0863e-008	7.4714e-008	7.8015e-008	8.0576e-008	8.341e-008	8.6011e-008	8.7913e-008	8.9366e-008	9.0008e-008	9.0965e-008	9.1464e-008	9.0365e-008	8.9708e-008	8.9054e-008	8.785e-008	8.6407e-008	8.5448e-008	8.3942e-008	8.1918e-008	7.9765e-008	7.7135e-008	7.5585e-008	7.4123e-008	7.2183e-008	6.9742e-008	6.8538e-008	6.7033e-008	6.3456e-008	6.1882e-008	5.9933e-008	5.6154e-008	5.4357e-008	5.167e-008	4.94e-008	4.6758e-008	4.5274e-008	4.2111e-008	3.944e-008	3.8027e-008	3.5879e-008	3.4041e-008	3.2189e-008
9.9296e-008	9.8735e-008	9.6321e-008	9.4182e-008	9.1798e-008	9.0004e-008	8.8231e-008	8.6659e-008	8.4671e-008	8.2249e-008	8.0019e-008	7.7571e-008	7.6159e-008	7.4284e-008	7.2665e-008	7.1457e-008	6.7957e-008	6.4232e-008	6.0726e-008	5.8174e-008	5.6339e-008	5.4546e-008	5.2345e-008	4.8686e-008	4.6219e-008	4.4432e-008	4.2249e-008	3.7886e-008	3.6058e-008	3.4029e-008	3.2453e-008	3.0585e-008	2.8167e-008	2.507e-008	2.3353e-008	2.1906e-008	1.8843e-008	1.6807e-008	1.4782e-008	1.2885e-008	1.1227e-008	9.399e-009	8.4583e-009	7.2397e-009	7.1932e-009	7.6018e-009	7.5796e-009	7.1332e-009	7.1551e-009	7.2722e-009	7.4577e-009	7.3718e-009	7.4755e-009	8.1178e-009	8.3096e-009	8.8293e-009	9.3228e-009	1.0689e-008	1.3164e-008	1.6048e-008	1.8421e-008	2.4077e-008	2.9189e-008	3.6051e-008	4.3027e-008	4.8731e-008	5.4116e-008	6.1691e-008	6.8566e-008	7.5054e-008	7.8307e-008	8.1187e-008	8.3517e-008	8.5871e-008	8.7707e-008	9.0193e-008	9.091e-008	9.2212e-008	9.2758e-008	9.2386e-008	9.1616e-008	9.1502e-008	9.1051e-008	8.9581e-008	8.735e-008	8.4774e-008	8.3866e-008	8.2341e-008	8.0547e-008	7.8694e-008	7.6639e-008	7.4634e-008	7.2878e-008	7.0752e-008	6.9301e-008	6.7423e-008	6.453e-008	6.2651e-008	6.1382e-008	6.0208e-008	5.8403e-008	5.5887e-008	5.3368e-008	5.1099e-008	4.8347e-008	4.524e-008	4.2257e-008	3.996e-008	3.7227e-008	3.3795e-008	3.128e-008	2.9658e-008	2.6809e-008	2.4649e-008	2.1613e-008	1.8593e-008	1.5864e-008	1.411e-008	1.1232e-008	9.7522e-009	9.1567e-009	8.1894e-009	7.5297e-009	7.5766e-009	7.4267e-009	7.3308e-009	6.9313e-009	6.7539e-009	6.9602e-009	6.2332e-009	6.4392e-009	6.8195e-009	6.6496e-009	6.6524e-009	6.7152e-009	7.3289e-009	7.616e-009	8.3352e-009	9.4081e-009	1.1886e-008	1.5669e-008	1.9307e-008	2.4624e-008	3.0434e-008	4.1036e-008	4.9721e-008	5.5305e-008	5.9725e-008	6.6657e-008	7.3423e-008	7.7756e-008	8.1913e-008	8.6294e-008	8.938e-008	9.1895e-008	9.3171e-008	9.3767e-008	9.5134e-008	9.5855e-008	9.6876e-008	9.7729e-008	9.7972e-008	9.724e-008	9.5428e-008	9.5001e-008	9.382e-008	9.2419e-008	9.0575e-008	8.7538e-008	8.4786e-008	8.3387e-008	8.1834e-008	7.7124e-008	7.423e-008	7.1969e-008	6.8615e-008	6.6704e-008	6.4268e-008	6.2352e-008	5.9656e-008	5.7109e-008	5.322e-008	4.9202e-008	4.6842e-008	4.2966e-008	4.1326e-008	3.8448e-008	3.5685e-008	3.2733e-008	3.087e-008	2.876e-008	2.6982e-008	2.4818e-008	2.3087e-008	2.1787e-008	1.8762e-008	1.7385e-008	1.5526e-008	1.3323e-008	1.2757e-008	1.1396e-008	9.8078e-009	8.6479e-009	8.3566e-009	7.3555e-009	7.0147e-009	6.8044e-009	6.6165e-009	5.9269e-009	6.2431e-009	6.0376e-009	6.8385e-009	7.1364e-009	7.6712e-009	8.9463e-009	1.0167e-008	1.135e-008	1.2939e-008	1.5455e-008	1.8002e-008	2.2313e-008	2.7115e-008	3.1627e-008	3.6935e-008	4.3409e-008	5.1091e-008	5.6847e-008	6.235e-008	6.7773e-008	7.4171e-008	7.906e-008	8.1674e-008	8.4325e-008	8.6516e-008	8.8657e-008	9.0731e-008	9.2112e-008	9.3417e-008	9.4068e-008	9.4479e-008	9.3164e-008	9.2671e-008	9.2303e-008	9.1339e-008	9.0375e-008	8.9218e-008	8.7118e-008	8.5128e-008	8.2523e-008	7.9907e-008	7.6868e-008	7.5036e-008	7.4186e-008	7.2884e-008	7.0198e-008	6.64e-008	6.3121e-008	6.1251e-008	5.9616e-008	5.8122e-008	5.283e-008	5.1206e-008	4.937e-008	4.4996e-008	4.2542e-008	3.9337e-008	3.6971e-008	3.5184e-008	3.166e-008	2.8838e-008	2.6018e-008	2.3585e-008	2.1631e-008	1.8759e-008	1.6493e-008	1.3383e-008	1.1772e-008	9.1791e-009	7.6367e-009	6.728e-009	4.8968e-009	4.6579e-009	4.7855e-009	3.9841e-009	4.2712e-009	4.478e-009	4.4018e-009	3.9459e-009	3.9493e-009	3.9913e-009	3.919e-009	3.7865e-009	4.026e-009	4.0543e-009	3.7122e-009	4.1205e-009	4.4958e-009	5.0065e-009	7.3591e-009	1.0839e-008	1.5123e-008	1.8276e-008	2.4978e-008	3.4432e-008	4.1345e-008	4.7325e-008	5.454e-008	6.1393e-008	6.7578e-008	7.295e-008	7.8797e-008	8.2968e-008	8.7416e-008	8.9878e-008	9.2418e-008	9.3429e-008	9.3409e-008	9.3659e-008	9.3831e-008	9.409e-008	9.4858e-008	9.4546e-008	9.3996e-008	9.2636e-008	9.1384e-008	8.9208e-008	8.781e-008	8.4612e-008	8.4021e-008	8.2262e-008	7.9444e-008	7.7221e-008	7.4861e-008	7.2711e-008	7.0844e-008	6.8971e-008	6.7081e-008	6.4747e-008	6.241e-008	5.9228e-008	5.8631e-008	5.4998e-008	5.2924e-008	5.0297e-008	4.7396e-008	4.4505e-008	4.1879e-008	4.014e-008	3.6915e-008	3.4838e-008	3.0745e-008	2.6397e-008	2.3988e-008	2.1425e-008	1.8595e-008	1.5144e-008	1.342e-008	1.1149e-008	9.0681e-009	6.9841e-009	5.8383e-009	4.8507e-009	3.9894e-009	4.0793e-009	4.0435e-009	3.9164e-009	3.7528e-009	3.4983e-009	2.6677e-009	2.8032e-009	3.4021e-009	3.6753e-009	3.3972e-009	4.1973e-009	4.4297e-009	3.9646e-009	4.8819e-009	6.5578e-009	8.1352e-009	1.1741e-008	1.7354e-008	2.2454e-008	2.6448e-008	3.2644e-008	3.7913e-008	4.6133e-008	5.2691e-008	5.8423e-008	6.5027e-008	7.2026e-008	7.7011e-008	8.0524e-008	8.2505e-008	8.621e-008	8.8889e-008	9.0824e-008	9.2536e-008	9.437e-008	9.4455e-008	9.451e-008	9.4232e-008	9.3919e-008	9.3498e-008	9.2448e-008	9.098e-008	8.9186e-008	8.7541e-008	8.6097e-008	8.4959e-008	8.2641e-008	7.9232e-008	7.8106e-008	7.5966e-008	7.4577e-008	7.2765e-008	6.9792e-008	6.4733e-008	6.363e-008	6.1894e-008	5.9279e-008	5.7532e-008	5.4413e-008	5.2224e-008	4.9433e-008	4.6033e-008	4.5722e-008	4.3235e-008	3.9225e-008	3.733e-008	3.5019e-008	3.1518e-008	3.0069e-008	2.7065e-008	2.4412e-008	2.1856e-008	1.8482e-008	1.7157e-008	1.4192e-008	1.1778e-008	9.6796e-009	6.9874e-009	5.5613e-009	4.52e-009	3.8208e-009	3.4868e-009	3.0079e-009	2.7041e-009	2.3348e-009	1.9074e-009	2.1663e-009	2.3953e-009	2.3534e-009	2.9311e-009	3.5673e-009	3.8869e-009	4.3801e-009	4.6835e-009	5.8876e-009	8.1335e-009	9.8661e-009	1.2971e-008	1.7692e-008	2.2704e-008	2.8194e-008	3.4581e-008	4.0618e-008	4.6488e-008	5.1758e-008	5.7739e-008	6.4014e-008	6.8791e-008	7.3947e-008	7.7817e-008	8.0679e-008	8.3019e-008	8.5312e-008	8.7136e-008	8.8231e-008	8.9431e-008	8.9995e-008	8.986e-008	8.9587e-008	9.0166e-008	8.9665e-008	8.8117e-008	8.6774e-008	8.5854e-008	8.5345e-008	8.246e-008	7.859e-008	7.5902e-008	7.4859e-008	7.3881e-008	7.2545e-008	7.066e-008	6.7639e-008	6.6028e-008	6.3926e-008	6.093e-008	5.8302e-008	5.6864e-008	5.3537e-008	5.1061e-008	4.8899e-008	4.6757e-008	4.4516e-008	4.2237e-008	3.9709e-008	3.8224e-008	3.5901e-008	3.4427e-008	3.253e-008
9.9248e-008	9.6776e-008	9.5457e-008	9.3526e-008	9.2235e-008	9.0725e-008	8.8382e-008	8.6617e-008	8.3896e-008	8.1896e-008	7.9695e-008	7.7618e-008	7.5245e-008	7.4481e-008	7.3117e-008	7.0847e-008	6.8386e-008	6.4344e-008	6.1075e-008	5.8293e-008	5.6698e-008	5.4611e-008	5.2129e-008	4.8908e-008	4.5324e-008	4.3809e-008	4.138e-008	3.9597e-008	3.659e-008	3.4467e-008	3.2391e-008	3.1189e-008	2.9395e-008	2.6571e-008	2.4266e-008	2.081e-008	1.9101e-008	1.6769e-008	1.4616e-008	1.2735e-008	1.0509e-008	9.4531e-009	8.3666e-009	7.6758e-009	7.4487e-009	7.3353e-009	6.9057e-009	6.7763e-009	6.8758e-009	7.305e-009	7.5112e-009	7.6727e-009	8.1899e-009	8.334e-009	8.6304e-009	9.0254e-009	9.9923e-009	1.11e-008	1.2801e-008	1.5573e-008	1.9896e-008	2.5037e-008	3.0042e-008	3.527e-008	3.9427e-008	4.8155e-008	5.4903e-008	6.2365e-008	6.8442e-008	7.4616e-008	7.74e-008	8.0894e-008	8.3727e-008	8.6096e-008	8.7319e-008	8.9476e-008	8.9972e-008	9.1271e-008	9.274e-008	9.2559e-008	9.1491e-008	9.1571e-008	9.0511e-008	8.8611e-008	8.6873e-008	8.5219e-008	8.3591e-008	8.241e-008	8.0877e-008	7.758e-008	7.6217e-008	7.4484e-008	7.2863e-008	6.96e-008	6.8001e-008	6.6327e-008	6.4197e-008	6.2905e-008	6.0783e-008	5.9783e-008	5.8265e-008	5.6506e-008	5.3985e-008	5.0444e-008	4.7078e-008	4.5399e-008	4.2986e-008	4.0099e-008	3.7282e-008	3.4298e-008	3.1145e-008	2.9458e-008	2.6596e-008	2.4223e-008	2.1492e-008	1.9627e-008	1.6256e-008	1.4193e-008	1.1556e-008	1.0093e-008	9.1401e-009	8.5956e-009	7.8596e-009	7.798e-009	7.4198e-009	7.2448e-009	6.9169e-009	6.9475e-009	6.6414e-009	6.4947e-009	6.9277e-009	6.7484e-009	6.9706e-009	7.114e-009	7.2416e-009	7.5289e-009	8.3585e-009	8.6193e-009	9.8963e-009	1.221e-008	1.6659e-008	1.993e-008	2.5122e-008	3.1316e-008	4.3473e-008	5.1262e-008	5.6748e-008	6.1306e-008	6.6354e-008	7.3783e-008	7.8108e-008	8.2723e-008	8.7006e-008	8.9827e-008	9.2096e-008	9.3414e-008	9.3808e-008	9.5487e-008	9.6827e-008	9.7389e-008	9.8046e-008	9.8742e-008	9.7187e-008	9.5852e-008	9.4905e-008	9.3944e-008	9.1305e-008	8.8367e-008	8.6903e-008	8.4791e-008	8.3323e-008	8.1722e-008	7.7922e-008	7.4057e-008	7.1657e-008	6.9711e-008	6.6681e-008	6.4291e-008	6.3139e-008	6.0122e-008	5.6775e-008	5.3481e-008	5.0213e-008	4.7045e-008	4.4487e-008	4.1758e-008	3.6496e-008	3.4483e-008	3.2827e-008	2.9321e-008	2.8317e-008	2.6108e-008	2.3965e-008	2.2374e-008	1.9891e-008	1.8006e-008	1.653e-008	1.5028e-008	1.29e-008	1.139e-008	1.056e-008	9.1751e-009	8.1566e-009	7.3864e-009	7.003e-009	6.9851e-009	6.6932e-009	7.0595e-009	5.9385e-009	5.7347e-009	5.6882e-009	6.6442e-009	7.4597e-009	8.1621e-009	9.5856e-009	1.065e-008	1.1936e-008	1.3226e-008	1.6203e-008	1.8881e-008	2.2715e-008	2.6824e-008	3.2162e-008	3.7443e-008	4.2857e-008	4.9845e-008	5.6607e-008	6.2126e-008	6.7988e-008	7.4725e-008	7.927e-008	8.2925e-008	8.5087e-008	8.7093e-008	8.8957e-008	9.1227e-008	9.2406e-008	9.3128e-008	9.3265e-008	9.3583e-008	9.2833e-008	9.2996e-008	9.2698e-008	9.2015e-008	9.1234e-008	8.886e-008	8.612e-008	8.4542e-008	8.2422e-008	8.0243e-008	7.7717e-008	7.5963e-008	7.4811e-008	7.2617e-008	7.0445e-008	6.6708e-008	6.4672e-008	6.2342e-008	5.9161e-008	5.8104e-008	5.6392e-008	5.2645e-008	4.849e-008	4.5687e-008	4.179e-008	3.9761e-008	3.7462e-008	3.4708e-008	3.2038e-008	2.7985e-008	2.6772e-008	2.46e-008	2.141e-008	1.9716e-008	1.6997e-008	1.483e-008	1.1613e-008	9.8121e-009	7.9402e-009	6.673e-009	5.5507e-009	4.7347e-009	4.245e-009	4.3572e-009	4.5698e-009	4.3109e-009	4.0382e-009	3.7145e-009	3.9745e-009	3.9873e-009	4.444e-009	4.4589e-009	4.0987e-009	4.1717e-009	3.9487e-009	4.6065e-009	4.7087e-009	5.5315e-009	8.0936e-009	1.149e-008	1.6362e-008	1.9748e-008	2.5286e-008	3.3495e-008	4.1236e-008	4.7229e-008	5.5118e-008	6.0659e-008	6.7067e-008	7.3881e-008	7.8305e-008	8.1585e-008	8.6698e-008	8.9857e-008	9.1335e-008	9.2665e-008	9.2816e-008	9.3307e-008	9.4254e-008	9.44e-008	9.4928e-008	9.4459e-008	9.3917e-008	9.2763e-008	9.1127e-008	9.0346e-008	8.8242e-008	8.6336e-008	8.4132e-008	8.1172e-008	7.8925e-008	7.6496e-008	7.5124e-008	7.3056e-008	7.0618e-008	6.8391e-008	6.7393e-008	6.4729e-008	6.1993e-008	5.9938e-008	5.7723e-008	5.5367e-008	5.3055e-008	5.1678e-008	4.8162e-008	4.605e-008	4.2262e-008	4.0365e-008	3.741e-008	3.5004e-008	3.0778e-008	2.5613e-008	2.3113e-008	2.0639e-008	1.8319e-008	1.5441e-008	1.3443e-008	1.0928e-008	7.7815e-009	6.8256e-009	5.0581e-009	4.5755e-009	4.5008e-009	4.0494e-009	3.8483e-009	3.9874e-009	3.8783e-009	3.5915e-009	2.9348e-009	3.0694e-009	3.7884e-009	3.8663e-009	3.5498e-009	3.9934e-009	4.6824e-009	4.3776e-009	4.8944e-009	7.2225e-009	9.7796e-009	1.2911e-008	1.812e-008	2.2333e-008	2.7911e-008	3.3158e-008	4.1151e-008	4.8674e-008	5.4326e-008	5.921e-008	6.6293e-008	7.2031e-008	7.6958e-008	8.1172e-008	8.3854e-008	8.5929e-008	8.8806e-008	9.1333e-008	9.2801e-008	9.3943e-008	9.4694e-008	9.4645e-008	9.4466e-008	9.4202e-008	9.3365e-008	9.2487e-008	9.1679e-008	8.9524e-008	8.8185e-008	8.7003e-008	8.5501e-008	8.328e-008	7.9221e-008	7.7913e-008	7.5928e-008	7.433e-008	7.1475e-008	6.9181e-008	6.5787e-008	6.4045e-008	6.1914e-008	5.8419e-008	5.7512e-008	5.4819e-008	5.1961e-008	4.9466e-008	4.8365e-008	4.5594e-008	4.3833e-008	3.9693e-008	3.6823e-008	3.4145e-008	3.2459e-008	3.0093e-008	2.72e-008	2.4298e-008	2.1945e-008	1.8404e-008	1.7599e-008	1.4938e-008	1.0945e-008	9.7218e-009	7.6893e-009	5.768e-009	4.2337e-009	3.812e-009	3.4932e-009	2.9648e-009	2.525e-009	1.5756e-009	1.595e-009	2.4167e-009	2.7571e-009	2.9702e-009	3.4292e-009	4.121e-009	3.367e-009	3.8834e-009	4.8144e-009	6.2378e-009	8.6177e-009	1.0247e-008	1.3787e-008	1.8996e-008	2.2859e-008	2.7891e-008	3.3993e-008	4.0382e-008	4.6257e-008	5.2472e-008	5.8597e-008	6.3787e-008	6.8911e-008	7.324e-008	7.761e-008	8.0573e-008	8.2343e-008	8.4926e-008	8.6688e-008	8.6837e-008	8.8245e-008	8.9098e-008	8.9651e-008	9.0042e-008	9.0111e-008	8.9273e-008	8.8317e-008	8.6796e-008	8.5967e-008	8.493e-008	8.3147e-008	7.7264e-008	7.5942e-008	7.4433e-008	7.325e-008	7.1948e-008	6.9447e-008	6.7521e-008	6.5987e-008	6.3333e-008	6.121e-008	5.8634e-008	5.7157e-008	5.408e-008	5.1071e-008	4.8458e-008	4.7993e-008	4.5443e-008	4.2486e-008	4.0417e-008	3.9095e-008	3.7321e-008	3.5332e-008	3.3286e-008
9.7244e-008	9.6016e-008	9.4339e-008	9.3126e-008	9.1992e-008	9.0724e-008	8.9301e-008	8.7192e-008	8.4179e-008	8.0345e-008	7.8756e-008	7.64e-008	7.5059e-008	7.4055e-008	7.2513e-008	6.9127e-008	6.6976e-008	6.4077e-008	6.1255e-008	5.8318e-008	5.6699e-008	5.4702e-008	5.1676e-008	4.8464e-008	4.5787e-008	4.4253e-008	4.2486e-008	3.8929e-008	3.6768e-008	3.4719e-008	3.3233e-008	3.0298e-008	2.9012e-008	2.6635e-008	2.3598e-008	2.0749e-008	1.8728e-008	1.7005e-008	1.5393e-008	1.2385e-008	1.0978e-008	9.6651e-009	8.86e-009	7.9511e-009	7.9654e-009	7.6104e-009	7.4456e-009	6.9248e-009	7.4761e-009	7.6486e-009	7.5076e-009	7.5645e-009	7.6834e-009	8.7188e-009	9.135e-009	9.4079e-009	9.697e-009	1.1024e-008	1.2519e-008	1.4905e-008	1.8911e-008	2.4208e-008	3.0726e-008	3.3901e-008	3.9054e-008	4.6879e-008	5.5035e-008	6.2803e-008	6.8781e-008	7.3358e-008	7.8159e-008	8.0069e-008	8.2315e-008	8.5295e-008	8.6686e-008	8.7822e-008	8.9007e-008	9.1071e-008	9.2676e-008	9.252e-008	9.1646e-008	9.0909e-008	8.9531e-008	8.7609e-008	8.6221e-008	8.5154e-008	8.3607e-008	8.2427e-008	8.1244e-008	7.9253e-008	7.7147e-008	7.5063e-008	7.265e-008	6.9678e-008	6.8321e-008	6.7298e-008	6.4952e-008	6.3139e-008	6.1503e-008	6.0094e-008	5.7918e-008	5.5519e-008	5.3316e-008	5.0713e-008	4.7121e-008	4.5258e-008	4.263e-008	4.0587e-008	3.7882e-008	3.5674e-008	3.2762e-008	2.7386e-008	2.5853e-008	2.3544e-008	2.1338e-008	1.9105e-008	1.6844e-008	1.3329e-008	1.1927e-008	1.0149e-008	9.094e-009	8.1892e-009	8.1465e-009	7.8979e-009	7.6577e-009	7.9296e-009	7.6054e-009	7.0559e-009	7.2511e-009	7.5043e-009	7.6515e-009	7.2445e-009	7.3758e-009	7.81e-009	7.2765e-009	7.5442e-009	8.1518e-009	8.7197e-009	1.0142e-008	1.2345e-008	1.6083e-008	2.1929e-008	2.7167e-008	3.3237e-008	4.3508e-008	5.2498e-008	5.8365e-008	6.2261e-008	6.6181e-008	7.1866e-008	7.7331e-008	8.3126e-008	8.8367e-008	9.0336e-008	9.163e-008	9.2933e-008	9.3849e-008	9.5209e-008	9.672e-008	9.7624e-008	9.8227e-008	9.7592e-008	9.6814e-008	9.5458e-008	9.4535e-008	9.3591e-008	9.0327e-008	8.7916e-008	8.6402e-008	8.4651e-008	8.2472e-008	7.8682e-008	7.6858e-008	7.4554e-008	7.2463e-008	7.0324e-008	6.7938e-008	6.519e-008	6.3305e-008	6.0472e-008	5.6074e-008	5.4327e-008	5.0062e-008	4.6656e-008	4.4253e-008	4.1669e-008	3.9341e-008	3.7024e-008	3.285e-008	2.99e-008	2.7367e-008	2.6108e-008	2.3807e-008	2.1144e-008	1.9178e-008	1.7347e-008	1.5333e-008	1.3525e-008	1.2084e-008	1.0766e-008	1.0358e-008	8.7103e-009	7.6973e-009	7.1605e-009	6.8313e-009	6.543e-009	6.8966e-009	6.7547e-009	6.2436e-009	5.8479e-009	6.1041e-009	6.9133e-009	7.5752e-009	8.9973e-009	9.4812e-009	1.1403e-008	1.2837e-008	1.4414e-008	1.7294e-008	1.9895e-008	2.2279e-008	2.5958e-008	3.225e-008	3.7235e-008	4.3511e-008	5.0299e-008	5.5535e-008	6.2366e-008	6.8425e-008	7.4783e-008	7.9217e-008	8.388e-008	8.6612e-008	8.7901e-008	8.957e-008	9.1054e-008	9.2468e-008	9.2892e-008	9.3631e-008	9.3541e-008	9.3007e-008	9.2941e-008	9.3181e-008	9.2819e-008	9.1095e-008	8.8056e-008	8.5143e-008	8.3711e-008	8.2085e-008	8.0246e-008	7.8117e-008	7.5856e-008	7.398e-008	7.1903e-008	7.0183e-008	6.6626e-008	6.4353e-008	6.2142e-008	6.0064e-008	5.7913e-008	5.5578e-008	5.0439e-008	4.8789e-008	4.6007e-008	4.3451e-008	4.0977e-008	3.7814e-008	3.4758e-008	3.325e-008	3.1508e-008	2.7622e-008	2.5338e-008	2.2242e-008	1.9003e-008	1.7757e-008	1.4617e-008	1.2952e-008	1.0788e-008	9.2102e-009	8.1768e-009	6.5104e-009	5.4017e-009	4.5218e-009	4.5194e-009	4.9724e-009	4.3208e-009	3.9659e-009	3.88e-009	4.1614e-009	3.8954e-009	4.1986e-009	4.72e-009	4.3593e-009	4.5074e-009	4.3359e-009	5.2741e-009	5.5319e-009	6.8997e-009	8.7633e-009	1.3289e-008	1.7911e-008	2.2476e-008	2.7065e-008	3.3735e-008	4.2142e-008	4.8542e-008	5.5103e-008	6.172e-008	6.722e-008	7.2557e-008	7.8112e-008	8.2382e-008	8.5951e-008	8.9769e-008	9.1671e-008	9.2444e-008	9.3395e-008	9.4378e-008	9.5036e-008	9.4905e-008	9.4487e-008	9.3798e-008	9.2934e-008	9.1624e-008	9.0702e-008	9.0285e-008	8.8447e-008	8.6387e-008	8.4136e-008	8.1057e-008	7.8636e-008	7.6655e-008	7.5083e-008	7.3595e-008	7.2215e-008	6.9643e-008	6.6969e-008	6.5076e-008	6.2705e-008	6.0226e-008	5.8216e-008	5.558e-008	5.3397e-008	5.1816e-008	4.8932e-008	4.6031e-008	4.3136e-008	4.0371e-008	3.658e-008	3.4352e-008	3.163e-008	2.7184e-008	2.4988e-008	2.1277e-008	1.8835e-008	1.6017e-008	1.3143e-008	1.1233e-008	8.5807e-009	6.1791e-009	5.5283e-009	4.8572e-009	4.3758e-009	4.2767e-009	3.9875e-009	3.9392e-009	4.0705e-009	3.898e-009	3.4125e-009	3.5929e-009	3.6309e-009	3.6889e-009	3.6598e-009	4.3079e-009	4.5013e-009	4.4826e-009	5.764e-009	7.3648e-009	8.7236e-009	1.3671e-008	1.8742e-008	2.3332e-008	2.8327e-008	3.4784e-008	4.3372e-008	5.1019e-008	5.6097e-008	5.9909e-008	6.7083e-008	7.4165e-008	7.718e-008	8.1887e-008	8.418e-008	8.6275e-008	8.9269e-008	9.125e-008	9.3172e-008	9.4044e-008	9.4194e-008	9.4526e-008	9.4146e-008	9.4345e-008	9.5019e-008	9.3436e-008	9.1237e-008	8.9217e-008	8.7947e-008	8.6313e-008	8.5136e-008	8.3333e-008	8.1202e-008	7.8061e-008	7.6257e-008	7.4752e-008	7.1755e-008	6.8886e-008	6.6382e-008	6.4124e-008	6.3325e-008	6.0176e-008	5.7631e-008	5.6222e-008	5.2792e-008	5.0588e-008	4.8625e-008	4.6282e-008	4.4192e-008	4.0087e-008	3.6263e-008	3.4342e-008	3.2365e-008	3.0734e-008	2.8055e-008	2.4031e-008	2.2302e-008	1.9988e-008	1.8229e-008	1.5882e-008	1.3332e-008	9.67e-009	8.005e-009	5.6458e-009	4.3155e-009	3.4481e-009	3.8537e-009	3.5157e-009	2.7775e-009	2.5843e-009	2.6875e-009	2.7259e-009	3.175e-009	3.204e-009	3.9056e-009	3.8869e-009	3.8364e-009	4.2992e-009	5.0917e-009	6.5795e-009	9.1447e-009	1.1101e-008	1.4047e-008	1.9037e-008	2.4476e-008	2.8812e-008	3.3912e-008	3.9559e-008	4.6112e-008	5.4124e-008	5.9472e-008	6.5129e-008	6.941e-008	7.2993e-008	7.6194e-008	7.9515e-008	8.227e-008	8.5566e-008	8.6442e-008	8.8235e-008	8.973e-008	8.9546e-008	9.0526e-008	9.1449e-008	9.2019e-008	9.1057e-008	8.903e-008	8.7518e-008	8.5881e-008	8.4519e-008	8.263e-008	7.9504e-008	7.667e-008	7.4746e-008	7.2929e-008	7.0972e-008	6.9541e-008	6.7668e-008	6.6177e-008	6.3286e-008	6.0441e-008	5.9116e-008	5.7806e-008	5.592e-008	5.1488e-008	4.9188e-008	4.7372e-008	4.55e-008	4.2184e-008	3.9973e-008	3.812e-008	3.689e-008	3.504e-008	3.2938e-008
9.6104e-008	9.5815e-008	9.4308e-008	9.2947e-008	9.1906e-008	9.089e-008	8.9742e-008	8.7705e-008	8.4346e-008	8.1762e-008	7.8954e-008	7.6949e-008	7.4608e-008	7.3348e-008	7.2407e-008	6.7532e-008	6.5361e-008	6.3163e-008	6.1872e-008	5.9161e-008	5.7258e-008	5.5584e-008	4.7533e-008	4.6685e-008	4.5453e-008	4.3868e-008	4.1046e-008	3.9984e-008	3.7652e-008	3.5071e-008	3.3489e-008	3.1153e-008	2.8631e-008	2.6609e-008	2.3893e-008	2.1651e-008	1.9341e-008	1.7373e-008	1.4482e-008	1.2833e-008	1.0929e-008	9.8227e-009	8.596e-009	7.8665e-009	7.6123e-009	7.2679e-009	7.2239e-009	7.2434e-009	7.611e-009	7.9511e-009	7.4242e-009	7.5905e-009	7.9903e-009	8.4053e-009	8.4815e-009	8.8928e-009	9.3531e-009	1.0491e-008	1.1865e-008	1.4413e-008	1.743e-008	2.22e-008	2.9558e-008	3.3158e-008	3.8395e-008	4.5584e-008	5.4398e-008	6.2112e-008	6.8028e-008	7.1814e-008	7.6864e-008	8.0159e-008	8.2262e-008	8.4044e-008	8.6341e-008	8.7922e-008	8.923e-008	9.1413e-008	9.2603e-008	9.1913e-008	9.1362e-008	9.0327e-008	8.8884e-008	8.6822e-008	8.5807e-008	8.4741e-008	8.3583e-008	8.2684e-008	8.1049e-008	7.9312e-008	7.7147e-008	7.5485e-008	7.2711e-008	7.0737e-008	6.9312e-008	6.8468e-008	6.5922e-008	6.4134e-008	6.2165e-008	5.8823e-008	5.7566e-008	5.5482e-008	5.259e-008	5.0565e-008	4.8429e-008	4.4846e-008	4.298e-008	4.0833e-008	3.8363e-008	3.5194e-008	3.1662e-008	2.8508e-008	2.5626e-008	2.3774e-008	2.1499e-008	1.9274e-008	1.6554e-008	1.4796e-008	1.2318e-008	1.0258e-008	9.124e-009	8.1422e-009	7.6147e-009	7.3052e-009	7.3178e-009	7.6168e-009	7.4645e-009	7.0335e-009	7.4556e-009	7.3393e-009	6.9509e-009	6.6378e-009	7.0789e-009	7.1505e-009	7.5361e-009	7.5043e-009	8.2879e-009	8.6249e-009	9.9694e-009	1.2177e-008	1.6151e-008	2.1058e-008	2.7295e-008	3.5254e-008	4.4377e-008	5.1926e-008	5.6189e-008	6.184e-008	6.5515e-008	7.1655e-008	7.7848e-008	8.2304e-008	8.6309e-008	8.9748e-008	9.1952e-008	9.2271e-008	9.3248e-008	9.4779e-008	9.6052e-008	9.7039e-008	9.7265e-008	9.6805e-008	9.5587e-008	9.4976e-008	9.434e-008	9.2571e-008	8.9702e-008	8.7646e-008	8.6589e-008	8.5308e-008	8.1337e-008	7.801e-008	7.6399e-008	7.4976e-008	7.1845e-008	6.971e-008	6.7626e-008	6.4518e-008	6.1737e-008	5.9161e-008	5.6485e-008	5.2826e-008	4.8599e-008	4.5982e-008	4.3384e-008	4.1456e-008	3.8256e-008	3.3803e-008	3.1748e-008	2.8536e-008	2.7511e-008	2.5271e-008	2.2306e-008	1.9209e-008	1.7841e-008	1.6435e-008	1.4841e-008	1.3197e-008	1.115e-008	1.0503e-008	9.1093e-009	8.0331e-009	7.3674e-009	7.2265e-009	6.6813e-009	6.5054e-009	6.2401e-009	6.1501e-009	5.9789e-009	5.7972e-009	5.5838e-009	6.916e-009	8.0055e-009	8.6376e-009	9.5525e-009	1.1296e-008	1.3115e-008	1.4927e-008	1.709e-008	2.0308e-008	2.3137e-008	2.7086e-008	3.1992e-008	3.6807e-008	4.2686e-008	5.005e-008	5.7392e-008	6.3227e-008	6.807e-008	7.3747e-008	7.9379e-008	8.3814e-008	8.6314e-008	8.7981e-008	8.8596e-008	9.0651e-008	9.2137e-008	9.2999e-008	9.3516e-008	9.3276e-008	9.3047e-008	9.2258e-008	9.3087e-008	9.2709e-008	9.1265e-008	8.8143e-008	8.4023e-008	8.2588e-008	8.0902e-008	7.9505e-008	7.7399e-008	7.4037e-008	7.3021e-008	7.1293e-008	7.0626e-008	6.5972e-008	6.4428e-008	6.176e-008	5.9665e-008	5.7226e-008	5.3981e-008	5.0873e-008	4.9217e-008	4.6713e-008	4.3751e-008	4.0533e-008	3.8058e-008	3.5012e-008	3.3882e-008	3.1946e-008	2.94e-008	2.5523e-008	2.2638e-008	2.0344e-008	1.8114e-008	1.5716e-008	1.2077e-008	1.0873e-008	9.3898e-009	7.2958e-009	6.8122e-009	5.3379e-009	4.4982e-009	4.6749e-009	4.6115e-009	4.4571e-009	4.0228e-009	3.8501e-009	4.3772e-009	3.9174e-009	4.3796e-009	4.0499e-009	4.0152e-009	4.2337e-009	4.5345e-009	4.7367e-009	5.205e-009	6.9217e-009	9.8759e-009	1.4149e-008	1.8015e-008	2.2146e-008	2.8426e-008	3.5505e-008	4.1875e-008	4.7848e-008	5.5638e-008	6.0671e-008	6.7318e-008	7.2631e-008	7.735e-008	8.262e-008	8.6092e-008	9.0148e-008	9.2257e-008	9.2934e-008	9.3835e-008	9.452e-008	9.5051e-008	9.5333e-008	9.5104e-008	9.4273e-008	9.3147e-008	9.0753e-008	9.0043e-008	8.894e-008	8.7025e-008	8.543e-008	8.2901e-008	8.0605e-008	7.8802e-008	7.6243e-008	7.4594e-008	7.3852e-008	7.2331e-008	7.0648e-008	6.71e-008	6.5165e-008	6.2492e-008	6.0277e-008	5.7544e-008	5.5265e-008	5.2832e-008	5.1025e-008	4.8499e-008	4.5497e-008	4.2938e-008	4.0325e-008	3.7548e-008	3.2661e-008	3.0445e-008	2.8292e-008	2.4107e-008	2.1753e-008	1.9541e-008	1.5518e-008	1.3084e-008	1.1019e-008	8.552e-009	6.6665e-009	5.4032e-009	4.9719e-009	4.2106e-009	3.7699e-009	3.8593e-009	3.5701e-009	3.9677e-009	3.8413e-009	3.0507e-009	2.6307e-009	3.267e-009	4.2251e-009	4.0822e-009	4.3557e-009	4.0308e-009	4.1922e-009	5.3239e-009	7.0483e-009	9.8936e-009	1.3259e-008	1.9135e-008	2.316e-008	2.7908e-008	3.4635e-008	4.4615e-008	5.1678e-008	5.6712e-008	6.1005e-008	6.5895e-008	7.2672e-008	7.671e-008	8.1031e-008	8.418e-008	8.6594e-008	8.9178e-008	9.1005e-008	9.359e-008	9.4017e-008	9.3487e-008	9.3488e-008	9.4191e-008	9.5265e-008	9.5229e-008	9.4703e-008	9.1652e-008	8.9741e-008	8.7818e-008	8.6128e-008	8.4878e-008	8.1754e-008	8.0567e-008	7.9367e-008	7.6086e-008	7.3678e-008	7.0845e-008	6.8829e-008	6.5974e-008	6.5068e-008	6.4198e-008	6.2437e-008	5.8187e-008	5.5183e-008	5.2507e-008	5.0414e-008	4.913e-008	4.6998e-008	4.4425e-008	4.0477e-008	3.7279e-008	3.4467e-008	3.1393e-008	2.9942e-008	2.8402e-008	2.6691e-008	2.2924e-008	2.219e-008	1.7856e-008	1.5924e-008	1.2953e-008	9.8684e-009	7.7906e-009	5.8313e-009	4.3935e-009	3.3208e-009	3.2587e-009	2.9788e-009	3.0235e-009	2.8414e-009	2.9445e-009	3.0563e-009	3.2262e-009	3.3133e-009	3.6532e-009	4.0451e-009	4.1166e-009	4.54e-009	5.049e-009	6.6067e-009	8.9969e-009	1.0983e-008	1.3561e-008	1.8438e-008	2.3874e-008	2.934e-008	3.363e-008	3.9167e-008	4.7774e-008	5.5069e-008	5.9768e-008	6.3786e-008	6.9122e-008	7.2311e-008	7.613e-008	7.8558e-008	8.1634e-008	8.5151e-008	8.7611e-008	8.9027e-008	8.9915e-008	9.191e-008	9.1774e-008	9.1649e-008	9.2504e-008	9.0617e-008	9.005e-008	8.7745e-008	8.5304e-008	8.4071e-008	8.1217e-008	7.9434e-008	7.7473e-008	7.4759e-008	7.2839e-008	7.105e-008	6.9768e-008	6.784e-008	6.6373e-008	6.3092e-008	6.1434e-008	5.9789e-008	5.7905e-008	5.4441e-008	5.1869e-008	4.9984e-008	4.7304e-008	4.43e-008	4.1892e-008	3.8804e-008	3.7368e-008	3.5475e-008	3.4199e-008	3.2346e-008
9.593e-008	9.5137e-008	9.231e-008	9.1952e-008	9.1083e-008	9.0919e-008	8.9309e-008	8.7389e-008	8.5317e-008	8.0958e-008	7.8962e-008	7.6668e-008	7.3158e-008	7.2702e-008	6.9661e-008	6.7204e-008	6.543e-008	6.3388e-008	6.1812e-008	5.9037e-008	5.7325e-008	5.5139e-008	5.0762e-008	4.7755e-008	4.523e-008	4.3604e-008	4.1568e-008	3.932e-008	3.6444e-008	3.5506e-008	3.3358e-008	3.0641e-008	2.8879e-008	2.5523e-008	2.3189e-008	2.1773e-008	1.9411e-008	1.6914e-008	1.5357e-008	1.2757e-008	1.0988e-008	9.4082e-009	8.4831e-009	7.6246e-009	7.0888e-009	7.0376e-009	7.2432e-009	7.4906e-009	7.476e-009	7.3712e-009	7.6894e-009	7.3326e-009	7.3551e-009	7.3199e-009	8.0109e-009	8.2559e-009	8.681e-009	9.9268e-009	1.0632e-008	1.3166e-008	1.6448e-008	2.198e-008	2.8281e-008	3.2835e-008	3.7376e-008	4.5659e-008	5.387e-008	5.9712e-008	6.5584e-008	7.1544e-008	7.666e-008	8.1132e-008	8.2985e-008	8.3849e-008	8.6641e-008	8.7835e-008	8.9513e-008	9.0761e-008	9.2869e-008	9.1772e-008	9.0912e-008	8.9511e-008	8.8519e-008	8.6888e-008	8.5839e-008	8.4427e-008	8.2902e-008	8.1483e-008	8.0745e-008	7.9188e-008	7.8007e-008	7.5927e-008	7.3208e-008	7.1373e-008	7.0072e-008	6.8925e-008	6.6137e-008	6.415e-008	6.3065e-008	6.0074e-008	5.8014e-008	5.517e-008	5.4285e-008	5.1073e-008	4.6296e-008	4.4791e-008	4.286e-008	4.0918e-008	3.9068e-008	3.6496e-008	3.287e-008	2.9705e-008	2.7889e-008	2.5631e-008	2.0682e-008	2e-008	1.8049e-008	1.4164e-008	1.3137e-008	1.0597e-008	9.6622e-009	8.5791e-009	8.2125e-009	7.1958e-009	7.3684e-009	7.6248e-009	7.5241e-009	6.9417e-009	6.8186e-009	6.5891e-009	6.919e-009	6.8207e-009	6.8856e-009	7.247e-009	7.3239e-009	7.8459e-009	8.5438e-009	8.7786e-009	1.0015e-008	1.2224e-008	1.6718e-008	1.9937e-008	2.6011e-008	3.3175e-008	4.3785e-008	4.9739e-008	5.4559e-008	6.013e-008	6.4648e-008	7.1572e-008	7.7632e-008	8.2447e-008	8.7275e-008	8.9633e-008	9.0779e-008	9.1508e-008	9.2793e-008	9.4654e-008	9.5086e-008	9.5655e-008	9.6607e-008	9.6623e-008	9.6317e-008	9.5435e-008	9.4255e-008	9.3056e-008	9.0471e-008	8.7325e-008	8.7341e-008	8.3433e-008	8.0366e-008	7.7491e-008	7.6676e-008	7.5835e-008	7.4703e-008	7.0659e-008	6.7229e-008	6.3681e-008	6.061e-008	5.7384e-008	5.4972e-008	5.2059e-008	4.7962e-008	4.5422e-008	4.3628e-008	4.1641e-008	3.9201e-008	3.504e-008	3.2136e-008	2.876e-008	2.7458e-008	2.3785e-008	2.1774e-008	1.9367e-008	1.7451e-008	1.6566e-008	1.438e-008	1.2547e-008	1.0645e-008	9.0281e-009	7.9304e-009	7.2782e-009	7.3976e-009	6.8159e-009	6.4349e-009	6.2678e-009	6.0093e-009	6.0268e-009	5.8194e-009	5.8331e-009	6.2584e-009	6.9669e-009	7.9054e-009	9.1809e-009	1.0543e-008	1.1718e-008	1.3313e-008	1.5188e-008	1.7881e-008	2.0375e-008	2.3895e-008	2.8126e-008	3.1474e-008	3.6184e-008	4.2802e-008	4.9921e-008	5.7706e-008	6.446e-008	7.0196e-008	7.3211e-008	7.7861e-008	8.3648e-008	8.6342e-008	8.7893e-008	8.8197e-008	9.0698e-008	9.1895e-008	9.2989e-008	9.3951e-008	9.4029e-008	9.3959e-008	9.2185e-008	9.1468e-008	9.139e-008	8.9431e-008	8.6481e-008	8.4144e-008	8.2551e-008	8.0759e-008	7.9001e-008	7.5838e-008	7.3735e-008	7.2614e-008	7.1485e-008	7.0646e-008	6.7516e-008	6.4702e-008	6.2296e-008	5.9098e-008	5.6452e-008	5.3691e-008	5.1591e-008	4.9205e-008	4.6365e-008	4.4126e-008	4.0715e-008	3.7474e-008	3.5608e-008	3.4029e-008	3.2281e-008	3.0227e-008	2.7132e-008	2.358e-008	2.103e-008	1.8519e-008	1.6952e-008	1.3962e-008	1.1946e-008	1.0286e-008	9.3124e-009	8.1014e-009	6.3988e-009	4.7155e-009	4.7908e-009	4.7204e-009	5.0993e-009	4.2819e-009	4.2542e-009	4.5533e-009	4.1787e-009	4.1769e-009	3.4994e-009	4.001e-009	4.0503e-009	4.7607e-009	5.0447e-009	5.1725e-009	6.9651e-009	9.6894e-009	1.4242e-008	1.8599e-008	2.2913e-008	2.9285e-008	3.631e-008	4.2065e-008	4.8432e-008	5.591e-008	6.124e-008	6.5836e-008	7.1603e-008	7.6581e-008	8.1734e-008	8.679e-008	9.0125e-008	9.1157e-008	9.24e-008	9.3752e-008	9.4894e-008	9.5686e-008	9.6392e-008	9.6272e-008	9.4529e-008	9.2804e-008	9.1085e-008	8.9656e-008	8.8794e-008	8.7479e-008	8.5342e-008	8.2785e-008	8.1495e-008	7.9197e-008	7.7393e-008	7.5389e-008	7.4199e-008	7.2427e-008	7.0203e-008	6.6767e-008	6.5708e-008	6.3359e-008	6.1023e-008	5.7152e-008	5.4989e-008	5.383e-008	5.0365e-008	4.8449e-008	4.5552e-008	4.3358e-008	4.0785e-008	3.7754e-008	3.4544e-008	3.1166e-008	2.8847e-008	2.4816e-008	2.261e-008	1.9396e-008	1.5735e-008	1.3508e-008	1.0914e-008	8.4072e-009	7.1579e-009	5.9979e-009	4.8952e-009	4.5409e-009	4.1857e-009	3.7877e-009	3.2426e-009	3.781e-009	3.8218e-009	3.3079e-009	3.2299e-009	4.0622e-009	3.4214e-009	3.7751e-009	4.1148e-009	3.6451e-009	4.3169e-009	6.1039e-009	7.7417e-009	1.0364e-008	1.3845e-008	1.9494e-008	2.4493e-008	2.8927e-008	3.4532e-008	4.5078e-008	5.0561e-008	5.695e-008	6.1089e-008	6.589e-008	7.136e-008	7.6677e-008	8.0759e-008	8.4732e-008	8.6688e-008	8.8639e-008	9.1646e-008	9.3117e-008	9.3529e-008	9.4069e-008	9.4895e-008	9.53e-008	9.5957e-008	9.5421e-008	9.4302e-008	9.2657e-008	9.049e-008	8.8392e-008	8.6075e-008	8.418e-008	8.208e-008	8.0326e-008	7.9186e-008	7.6544e-008	7.3915e-008	7.1005e-008	6.8625e-008	6.7052e-008	6.5622e-008	6.4119e-008	6.1689e-008	5.8209e-008	5.5629e-008	5.3278e-008	5.065e-008	4.8916e-008	4.6998e-008	4.4532e-008	4.1112e-008	3.8218e-008	3.3202e-008	3.1644e-008	3.0161e-008	2.9006e-008	2.7023e-008	2.4349e-008	2.2217e-008	1.8092e-008	1.5619e-008	1.1705e-008	1.0361e-008	8.5457e-009	5.8662e-009	4.6378e-009	3.7501e-009	3.0845e-009	3.0057e-009	2.9287e-009	2.8252e-009	3.4768e-009	3.7645e-009	3.9771e-009	3.9917e-009	3.7455e-009	3.6655e-009	4.0982e-009	4.6891e-009	5.8028e-009	7.2768e-009	8.7974e-009	1.1458e-008	1.3473e-008	1.8413e-008	2.3938e-008	2.9674e-008	3.4111e-008	3.9725e-008	4.753e-008	5.5803e-008	6.1375e-008	6.4759e-008	6.9091e-008	7.2689e-008	7.6905e-008	8.0211e-008	8.321e-008	8.6686e-008	8.9024e-008	9.0394e-008	9.2364e-008	9.2869e-008	9.2419e-008	9.2216e-008	9.1839e-008	9.1442e-008	9.0199e-008	8.8474e-008	8.5506e-008	8.3667e-008	8.1582e-008	7.9843e-008	7.771e-008	7.486e-008	7.3725e-008	7.1706e-008	6.8738e-008	6.7361e-008	6.6072e-008	6.3844e-008	6.2647e-008	5.9662e-008	5.789e-008	5.5057e-008	5.2853e-008	5.0359e-008	4.8068e-008	4.6216e-008	4.2847e-008	3.9414e-008	3.682e-008	3.5089e-008	3.2848e-008	3.1107e-008
9.5345e-008	9.4079e-008	9.2669e-008	9.142e-008	9.077e-008	9.035e-008	8.9079e-008	8.7564e-008	8.3469e-008	8.1407e-008	7.9256e-008	7.9126e-008	7.5548e-008	7.3308e-008	6.9897e-008	6.7386e-008	6.5931e-008	6.337e-008	6.1574e-008	5.9435e-008	5.8163e-008	5.6257e-008	5.3003e-008	4.9996e-008	4.5143e-008	4.4207e-008	4.2627e-008	4.0341e-008	3.7824e-008	3.5567e-008	3.3647e-008	3.0776e-008	2.8553e-008	2.527e-008	2.3597e-008	2.1691e-008	1.8677e-008	1.6881e-008	1.4988e-008	1.274e-008	1.0964e-008	9.4167e-009	8.2552e-009	7.8975e-009	7.5873e-009	7.7886e-009	7.5762e-009	7.4135e-009	7.121e-009	6.8495e-009	7.5234e-009	7.6658e-009	7.5097e-009	7.5569e-009	7.7378e-009	8.3696e-009	8.8224e-009	9.4307e-009	1.1164e-008	1.334e-008	1.736e-008	2.2015e-008	2.7189e-008	3.1927e-008	3.8439e-008	4.7952e-008	5.5241e-008	6.0601e-008	6.6149e-008	7.1142e-008	7.7152e-008	7.9979e-008	8.3247e-008	8.4287e-008	8.6938e-008	8.8475e-008	8.9084e-008	9.1365e-008	9.2061e-008	9.2323e-008	9.1923e-008	9.0379e-008	8.8873e-008	8.8069e-008	8.6961e-008	8.4741e-008	8.2541e-008	8.1798e-008	8.1144e-008	8.0127e-008	7.7982e-008	7.5772e-008	7.3967e-008	7.1854e-008	7.1362e-008	6.8764e-008	6.6256e-008	6.5107e-008	6.395e-008	6.0842e-008	6.0082e-008	5.6303e-008	5.4721e-008	5.2509e-008	4.8061e-008	4.7191e-008	4.4292e-008	4.2788e-008	3.8495e-008	3.5771e-008	3.4123e-008	3.0195e-008	2.85e-008	2.6177e-008	2.2916e-008	2.0413e-008	1.8423e-008	1.5891e-008	1.2746e-008	1.0828e-008	9.3135e-009	8.4776e-009	8.1011e-009	7.5347e-009	7.7868e-009	7.554e-009	7.1119e-009	7.0566e-009	6.8954e-009	6.3844e-009	6.73e-009	7.0303e-009	6.8788e-009	6.9476e-009	7.3049e-009	7.7096e-009	8.285e-009	8.8527e-009	9.8839e-009	1.2826e-008	1.6931e-008	2.073e-008	2.6707e-008	3.4123e-008	4.0111e-008	4.896e-008	5.4089e-008	5.9144e-008	6.5582e-008	7.2083e-008	7.8288e-008	8.3391e-008	8.7261e-008	8.8374e-008	8.9033e-008	9.0576e-008	9.26e-008	9.4179e-008	9.516e-008	9.5421e-008	9.598e-008	9.6641e-008	9.6767e-008	9.5878e-008	9.3432e-008	9.1429e-008	8.9856e-008	8.7851e-008	8.6972e-008	8.4626e-008	7.8548e-008	7.7919e-008	7.6611e-008	7.585e-008	7.2685e-008	7.0721e-008	6.6856e-008	6.325e-008	5.9475e-008	5.6888e-008	5.5099e-008	5.1868e-008	4.9612e-008	4.4435e-008	4.3513e-008	3.9104e-008	3.6742e-008	3.4338e-008	2.9924e-008	2.9277e-008	2.6226e-008	2.3774e-008	2.1432e-008	1.9127e-008	1.7364e-008	1.5622e-008	1.3636e-008	1.1982e-008	9.9819e-009	8.3385e-009	6.6806e-009	6.1715e-009	6.1474e-009	6.1202e-009	6.0265e-009	6.0419e-009	5.3748e-009	5.2889e-009	5.3052e-009	6.2708e-009	6.7311e-009	7.0096e-009	7.6175e-009	9.6721e-009	1.0686e-008	1.2202e-008	1.331e-008	1.533e-008	1.7886e-008	2.0841e-008	2.4147e-008	2.7084e-008	3.1201e-008	3.7397e-008	4.377e-008	4.9784e-008	5.77e-008	6.4553e-008	6.9723e-008	7.3017e-008	7.7982e-008	8.2813e-008	8.5548e-008	8.7189e-008	8.847e-008	8.975e-008	9.2381e-008	9.3398e-008	9.4176e-008	9.3896e-008	9.352e-008	9.1389e-008	9.0925e-008	8.9847e-008	8.7683e-008	8.5587e-008	8.3953e-008	8.2453e-008	8.058e-008	7.8548e-008	7.5672e-008	7.3842e-008	7.2259e-008	7.1068e-008	7.0159e-008	6.7271e-008	6.4221e-008	6.1932e-008	5.891e-008	5.7145e-008	5.524e-008	5.3243e-008	4.872e-008	4.5747e-008	4.3696e-008	4.1243e-008	3.8514e-008	3.7296e-008	3.1654e-008	3.1077e-008	2.9859e-008	2.6834e-008	2.2333e-008	2.1725e-008	1.8845e-008	1.6387e-008	1.4415e-008	1.2044e-008	1.061e-008	9.7033e-009	8.0404e-009	6.137e-009	5.1312e-009	4.3935e-009	4.3848e-009	4.6357e-009	4.1393e-009	3.7286e-009	3.6048e-009	3.806e-009	4.1499e-009	4.1483e-009	4.0035e-009	4.1855e-009	4.2611e-009	4.5896e-009	5.3756e-009	6.9618e-009	9.5445e-009	1.3693e-008	1.7341e-008	2.2925e-008	2.8935e-008	3.5704e-008	4.1456e-008	4.8365e-008	5.4613e-008	6.0139e-008	6.4931e-008	7.0295e-008	7.5795e-008	8.0464e-008	8.5672e-008	8.8142e-008	8.9603e-008	9.1305e-008	9.298e-008	9.3429e-008	9.5082e-008	9.5918e-008	9.5439e-008	9.4037e-008	9.2722e-008	9.0563e-008	8.9129e-008	8.7264e-008	8.5975e-008	8.4943e-008	8.4353e-008	8.1539e-008	7.8691e-008	7.7087e-008	7.519e-008	7.3779e-008	7.1294e-008	6.9624e-008	6.6837e-008	6.4373e-008	6.1697e-008	6.04e-008	5.9098e-008	5.5172e-008	5.3335e-008	4.9247e-008	4.769e-008	4.5739e-008	4.348e-008	3.9379e-008	3.7823e-008	3.3032e-008	3.0425e-008	2.7851e-008	2.3923e-008	2.1871e-008	1.8755e-008	1.4816e-008	1.2149e-008	1.0131e-008	8.2038e-009	6.6926e-009	5.13e-009	4.2368e-009	4.1613e-009	3.8196e-009	3.2832e-009	3.3125e-009	3.4261e-009	3.1638e-009	3.1649e-009	3.523e-009	3.6679e-009	2.9176e-009	2.9207e-009	3.6829e-009	3.5866e-009	3.7514e-009	5.2859e-009	8.2502e-009	1.0278e-008	1.2993e-008	1.8256e-008	2.4474e-008	2.9783e-008	3.4611e-008	4.2653e-008	4.9665e-008	5.6017e-008	6.1211e-008	6.581e-008	7.1208e-008	7.5326e-008	8.0884e-008	8.459e-008	8.7092e-008	8.8571e-008	9.0597e-008	9.1556e-008	9.2324e-008	9.4165e-008	9.4557e-008	9.4877e-008	9.5095e-008	9.5523e-008	9.3547e-008	9.176e-008	8.9433e-008	8.6968e-008	8.5459e-008	8.3229e-008	8.1177e-008	7.9079e-008	7.6821e-008	7.4363e-008	7.2877e-008	7.1105e-008	6.8376e-008	6.6838e-008	6.5013e-008	6.3915e-008	6.0809e-008	5.6864e-008	5.5257e-008	5.3128e-008	5.1463e-008	4.7398e-008	4.5352e-008	4.3776e-008	4.0717e-008	3.8034e-008	3.6034e-008	3.2862e-008	3.1636e-008	2.8383e-008	2.6575e-008	2.3262e-008	2.1281e-008	1.784e-008	1.4553e-008	1.1818e-008	9.3022e-009	7.8278e-009	5.217e-009	4.1833e-009	3.4141e-009	3.0007e-009	2.4978e-009	2.1571e-009	2.3253e-009	3.4855e-009	3.4776e-009	3.425e-009	3.0311e-009	3.1029e-009	3.1073e-009	3.2901e-009	4.2413e-009	5.15e-009	6.395e-009	8.7597e-009	1.1269e-008	1.4135e-008	1.7829e-008	2.3499e-008	2.8457e-008	3.3622e-008	3.9323e-008	4.7842e-008	5.4863e-008	6.0937e-008	6.5989e-008	7.0363e-008	7.2902e-008	7.6623e-008	8.0841e-008	8.48e-008	8.6926e-008	8.9262e-008	9.082e-008	9.2342e-008	9.3253e-008	9.3171e-008	9.202e-008	9.1451e-008	9.1844e-008	9.05e-008	8.7877e-008	8.5589e-008	8.3397e-008	8.1441e-008	8.0357e-008	7.8047e-008	7.5249e-008	7.3698e-008	7.1965e-008	6.9394e-008	6.7632e-008	6.6107e-008	6.324e-008	6.153e-008	5.985e-008	5.8328e-008	5.5066e-008	5.3269e-008	4.9808e-008	4.7376e-008	4.4693e-008	4.1491e-008	3.813e-008	3.6246e-008	3.3771e-008	3.1957e-008	3.065e-008
9.377e-008	9.2806e-008	9.2034e-008	9.1289e-008	9.0289e-008	8.9251e-008	8.8029e-008	8.7356e-008	8.3364e-008	8.0691e-008	7.9136e-008	7.8357e-008	7.5596e-008	7.2923e-008	6.9819e-008	6.6727e-008	6.4635e-008	6.285e-008	6.1132e-008	5.9982e-008	5.7897e-008	5.5737e-008	5.3086e-008	5.0892e-008	4.6014e-008	4.4385e-008	4.2201e-008	4.0196e-008	3.7543e-008	3.5415e-008	3.3598e-008	3.1217e-008	2.7421e-008	2.575e-008	2.4267e-008	2.1384e-008	1.8043e-008	1.6826e-008	1.4455e-008	1.2429e-008	1.0874e-008	8.511e-009	7.9717e-009	7.6739e-009	7.5404e-009	7.5653e-009	7.7332e-009	7.7548e-009	8.2233e-009	7.6303e-009	7.2843e-009	7.1309e-009	7.54e-009	8.091e-009	7.8256e-009	7.7501e-009	9.0598e-009	9.6595e-009	1.0871e-008	1.3402e-008	1.6833e-008	2.2367e-008	2.666e-008	3.2343e-008	3.988e-008	5.0116e-008	5.7035e-008	6.1602e-008	6.6225e-008	7.1344e-008	7.6715e-008	8.1053e-008	8.2779e-008	8.4526e-008	8.641e-008	8.852e-008	9.0158e-008	9.154e-008	9.1975e-008	9.2231e-008	9.1412e-008	9.0987e-008	9.0623e-008	8.9275e-008	8.7683e-008	8.6508e-008	8.3792e-008	8.2251e-008	8.1555e-008	8.0622e-008	7.7918e-008	7.6819e-008	7.3964e-008	7.2105e-008	7.0639e-008	6.8923e-008	6.738e-008	6.6399e-008	6.3176e-008	6.1132e-008	6.0183e-008	5.8634e-008	5.627e-008	5.4849e-008	5.0233e-008	4.8652e-008	4.6769e-008	4.3256e-008	3.9233e-008	3.69e-008	3.4871e-008	3.1864e-008	2.957e-008	2.6659e-008	2.4106e-008	2.1613e-008	1.9476e-008	1.6864e-008	1.3634e-008	1.1714e-008	1.0044e-008	9.6131e-009	8.7256e-009	8.3778e-009	7.9231e-009	7.4239e-009	7.2443e-009	7.2816e-009	7.0021e-009	7.0279e-009	6.8987e-009	6.9077e-009	7.8198e-009	7.4563e-009	7.634e-009	8.3917e-009	8.7061e-009	9.1422e-009	9.9788e-009	1.2988e-008	1.6254e-008	1.9722e-008	2.7407e-008	3.5149e-008	4.2258e-008	4.8086e-008	5.3373e-008	5.9589e-008	6.5062e-008	7.2425e-008	7.8151e-008	8.3026e-008	8.6064e-008	8.7856e-008	8.9581e-008	9.0868e-008	9.2753e-008	9.4495e-008	9.5369e-008	9.5565e-008	9.5665e-008	9.7141e-008	9.703e-008	9.5795e-008	9.0999e-008	9.057e-008	8.9174e-008	8.8129e-008	8.7416e-008	8.4592e-008	8.1069e-008	7.9097e-008	7.7769e-008	7.5814e-008	7.3262e-008	7.0282e-008	6.6289e-008	6.4062e-008	6.0542e-008	5.7772e-008	5.5647e-008	5.3656e-008	5.1243e-008	4.7525e-008	4.5142e-008	3.7632e-008	3.4328e-008	3.3502e-008	3.1643e-008	2.9411e-008	2.6549e-008	2.3344e-008	2.1734e-008	1.9358e-008	1.781e-008	1.5582e-008	1.2846e-008	1.0789e-008	9.2653e-009	8.5424e-009	6.5755e-009	6.1484e-009	5.9545e-009	6.2745e-009	6.3179e-009	6.6323e-009	6.2253e-009	6.8069e-009	6.3078e-009	6.4078e-009	7.2001e-009	6.9256e-009	7.4845e-009	9.5592e-009	1.111e-008	1.2722e-008	1.4051e-008	1.5484e-008	1.8378e-008	2.1189e-008	2.5024e-008	2.7521e-008	3.1676e-008	3.8727e-008	4.5838e-008	5.0833e-008	5.6769e-008	6.4245e-008	6.9485e-008	7.3732e-008	7.9304e-008	8.4032e-008	8.5682e-008	8.7177e-008	8.8845e-008	9.062e-008	9.3868e-008	9.481e-008	9.5455e-008	9.5341e-008	9.3762e-008	9.2465e-008	9.1689e-008	9.0685e-008	8.8995e-008	8.6455e-008	8.4378e-008	8.3316e-008	8.2012e-008	7.9545e-008	7.6926e-008	7.451e-008	7.2964e-008	7.1657e-008	6.9985e-008	6.7149e-008	6.4058e-008	6.1399e-008	5.9918e-008	5.778e-008	5.5155e-008	5.3432e-008	5.0649e-008	4.8297e-008	4.5835e-008	4.2191e-008	4.0651e-008	3.7661e-008	3.5579e-008	3.2702e-008	2.9416e-008	2.6851e-008	2.4102e-008	2.2459e-008	1.9725e-008	1.7647e-008	1.5664e-008	1.3907e-008	1.1686e-008	1.0797e-008	9.0937e-009	7.0678e-009	5.7779e-009	5.1691e-009	4.9604e-009	4.8818e-009	4.4113e-009	4.5038e-009	4.4722e-009	4.5442e-009	4.198e-009	4.501e-009	4.6601e-009	4.7866e-009	4.6548e-009	5.4803e-009	5.8995e-009	7.6782e-009	9.8036e-009	1.3319e-008	1.8099e-008	2.3827e-008	2.9165e-008	3.4048e-008	4.1359e-008	4.8776e-008	5.506e-008	6.0531e-008	6.4969e-008	7.0692e-008	7.6228e-008	8.0218e-008	8.486e-008	8.6878e-008	8.9148e-008	9.0497e-008	9.2073e-008	9.2784e-008	9.5013e-008	9.616e-008	9.5512e-008	9.3713e-008	9.3072e-008	9.22e-008	8.9476e-008	8.7288e-008	8.6701e-008	8.6805e-008	8.5405e-008	8.2427e-008	7.9932e-008	7.8364e-008	7.5796e-008	7.3364e-008	7.234e-008	7.1018e-008	6.6731e-008	6.4321e-008	6.1763e-008	6.1272e-008	5.8891e-008	5.6762e-008	5.283e-008	5.0989e-008	4.8187e-008	4.6066e-008	4.097e-008	3.991e-008	3.8172e-008	3.5129e-008	2.9311e-008	2.8412e-008	2.4176e-008	2.2776e-008	1.9954e-008	1.6084e-008	1.3152e-008	1.0999e-008	8.6028e-009	6.6696e-009	5.2479e-009	4.7346e-009	4.517e-009	4.8571e-009	4.8232e-009	4.0377e-009	4.598e-009	3.5601e-009	3.6857e-009	3.7873e-009	4.4423e-009	4.0193e-009	3.9814e-009	4.3384e-009	4.8677e-009	4.787e-009	6.2273e-009	9.0464e-009	1.1396e-008	1.4252e-008	1.8606e-008	2.5808e-008	3.0467e-008	3.5334e-008	4.0874e-008	5.0161e-008	5.7456e-008	6.2943e-008	6.8219e-008	7.2472e-008	7.6713e-008	8.1907e-008	8.5238e-008	8.8012e-008	8.8689e-008	9.011e-008	9.1367e-008	9.2379e-008	9.4034e-008	9.4756e-008	9.5263e-008	9.5848e-008	9.5215e-008	9.3653e-008	9.1434e-008	9.0184e-008	8.8173e-008	8.5661e-008	8.3302e-008	8.1484e-008	7.9081e-008	7.6929e-008	7.4463e-008	7.3391e-008	7.1498e-008	6.8979e-008	6.7648e-008	6.5305e-008	6.382e-008	5.9769e-008	5.7859e-008	5.6457e-008	5.462e-008	5.0756e-008	4.675e-008	4.5502e-008	4.3839e-008	4.2058e-008	3.8953e-008	3.7784e-008	3.4515e-008	3.0888e-008	2.9611e-008	2.7322e-008	2.4642e-008	2.2165e-008	1.9073e-008	1.6419e-008	1.3264e-008	1.0926e-008	8.2053e-009	5.169e-009	4.7032e-009	4.4591e-009	3.4377e-009	3.1302e-009	2.3918e-009	2.9677e-009	3.2861e-009	3.0375e-009	3.2479e-009	3.411e-009	3.3461e-009	3.7087e-009	4.3166e-009	4.708e-009	5.3266e-009	7.2766e-009	9.7334e-009	1.209e-008	1.4692e-008	1.9931e-008	2.4102e-008	2.7885e-008	3.3999e-008	4.0514e-008	4.7965e-008	5.5212e-008	6.1868e-008	6.6968e-008	7.1005e-008	7.4438e-008	7.7413e-008	8.2536e-008	8.6138e-008	8.9336e-008	9.1263e-008	9.1584e-008	9.2853e-008	9.3456e-008	9.328e-008	9.3684e-008	9.3001e-008	9.2319e-008	9.1836e-008	8.9728e-008	8.7382e-008	8.338e-008	8.2328e-008	8.0656e-008	7.8059e-008	7.6455e-008	7.4455e-008	7.1797e-008	7.0391e-008	6.8958e-008	6.5486e-008	6.3262e-008	6.1829e-008	6.1156e-008	5.8979e-008	5.6194e-008	5.3652e-008	4.986e-008	4.7816e-008	4.5864e-008	4.2953e-008	3.9783e-008	3.7648e-008	3.5053e-008	3.3031e-008	3.1668e-008
9.3531e-008	9.3151e-008	9.204e-008	9.0719e-008	9.0084e-008	8.8908e-008	8.8182e-008	8.6324e-008	8.2446e-008	8.0243e-008	7.9487e-008	7.8039e-008	7.5881e-008	7.2097e-008	6.9137e-008	6.656e-008	6.4617e-008	6.2917e-008	6.1585e-008	6.0153e-008	5.7664e-008	5.6517e-008	5.2513e-008	5.0647e-008	4.5975e-008	4.4241e-008	4.2845e-008	3.9863e-008	3.747e-008	3.5999e-008	3.3438e-008	3.1352e-008	2.7514e-008	2.6371e-008	2.3893e-008	2.1367e-008	1.884e-008	1.6344e-008	1.3761e-008	1.1953e-008	1.055e-008	8.9904e-009	8.3102e-009	7.9347e-009	6.9384e-009	7.4809e-009	7.9299e-009	8.3853e-009	8.8094e-009	7.7603e-009	7.2617e-009	7.2098e-009	7.0544e-009	7.6794e-009	8.0112e-009	8.073e-009	8.3213e-009	9.153e-009	1.0985e-008	1.3788e-008	1.7184e-008	2.161e-008	2.6391e-008	3.3518e-008	4.1607e-008	5.1345e-008	5.7103e-008	6.2707e-008	6.7592e-008	7.1734e-008	7.6666e-008	7.9728e-008	8.2617e-008	8.4302e-008	8.6435e-008	8.8443e-008	9.0443e-008	9.1688e-008	9.2107e-008	9.2067e-008	9.1986e-008	9.1546e-008	9.0836e-008	9.0202e-008	8.9395e-008	8.7316e-008	8.5886e-008	8.3765e-008	8.1663e-008	8.0767e-008	7.8302e-008	7.6335e-008	7.3584e-008	7.2384e-008	7.0954e-008	6.958e-008	6.7461e-008	6.6123e-008	6.2479e-008	6.1114e-008	5.9704e-008	5.8097e-008	5.5874e-008	5.2576e-008	5.0101e-008	4.8314e-008	4.6923e-008	4.2134e-008	3.9106e-008	3.7832e-008	3.5461e-008	3.2017e-008	2.8906e-008	2.6273e-008	2.3964e-008	2.1457e-008	1.8889e-008	1.6198e-008	1.3896e-008	1.1654e-008	9.8671e-009	9.3069e-009	8.4648e-009	8.4095e-009	8.1663e-009	7.452e-009	7.1252e-009	6.3555e-009	6.785e-009	6.9678e-009	6.8906e-009	7.2611e-009	7.5867e-009	7.526e-009	7.4005e-009	7.6886e-009	8.6878e-009	9.5769e-009	1.0782e-008	1.3413e-008	1.6514e-008	1.9517e-008	2.8196e-008	3.6914e-008	4.3562e-008	4.9499e-008	5.5426e-008	6.0501e-008	6.7218e-008	7.234e-008	7.7487e-008	8.2258e-008	8.5301e-008	8.7393e-008	9.054e-008	9.1753e-008	9.3645e-008	9.6257e-008	9.6358e-008	9.578e-008	9.5499e-008	9.5421e-008	9.5348e-008	9.3989e-008	9.2591e-008	9.0518e-008	8.9194e-008	8.7874e-008	8.607e-008	8.4349e-008	8.181e-008	7.9595e-008	7.7459e-008	7.2864e-008	7.1305e-008	6.9367e-008	6.4014e-008	6.3298e-008	6.0793e-008	5.8752e-008	5.6446e-008	5.392e-008	5.0721e-008	4.748e-008	4.4818e-008	3.8814e-008	3.5774e-008	3.4104e-008	3.0409e-008	2.827e-008	2.6022e-008	2.319e-008	2.1074e-008	1.8568e-008	1.6601e-008	1.3319e-008	1.1376e-008	9.2676e-009	7.8131e-009	7.5647e-009	6.7521e-009	6.4529e-009	6.083e-009	5.7472e-009	5.9427e-009	6.0393e-009	6.2182e-009	6.3942e-009	5.668e-009	5.7539e-009	6.1456e-009	6.1714e-009	6.6933e-009	8.9093e-009	1.0417e-008	1.1909e-008	1.3428e-008	1.4781e-008	1.8044e-008	1.9808e-008	2.3427e-008	2.7804e-008	3.2239e-008	3.9484e-008	4.671e-008	5.2631e-008	5.7721e-008	6.2484e-008	6.8366e-008	7.5517e-008	8.0587e-008	8.3608e-008	8.5824e-008	8.6477e-008	8.8235e-008	9.0849e-008	9.3395e-008	9.4504e-008	9.5351e-008	9.4982e-008	9.283e-008	9.1994e-008	9.1023e-008	9.0333e-008	8.8848e-008	8.559e-008	8.4079e-008	8.3221e-008	8.1174e-008	7.9275e-008	7.6817e-008	7.463e-008	7.3186e-008	7.0295e-008	6.8424e-008	6.6264e-008	6.3167e-008	6.065e-008	5.8422e-008	5.6478e-008	5.4825e-008	5.191e-008	5.0222e-008	4.729e-008	4.5474e-008	4.2992e-008	3.9705e-008	3.6868e-008	3.4386e-008	3.1841e-008	2.8741e-008	2.5863e-008	2.4518e-008	2.252e-008	1.9688e-008	1.6689e-008	1.4646e-008	1.3192e-008	1.1607e-008	1.0167e-008	7.8624e-009	6.2515e-009	5.2083e-009	4.5825e-009	4.3268e-009	4.508e-009	3.72e-009	4.058e-009	4.4267e-009	4.1751e-009	4.2126e-009	3.1808e-009	3.7597e-009	3.7061e-009	4.0887e-009	5.4263e-009	6.4165e-009	7.2619e-009	1.0822e-008	1.3395e-008	1.7394e-008	2.2721e-008	2.7442e-008	3.328e-008	4.0582e-008	4.8789e-008	5.4646e-008	5.8961e-008	6.3818e-008	7.0377e-008	7.531e-008	8.0494e-008	8.3633e-008	8.6268e-008	8.814e-008	9.0109e-008	9.1234e-008	9.1957e-008	9.3492e-008	9.4329e-008	9.3937e-008	9.3682e-008	9.3165e-008	9.2603e-008	9.0444e-008	8.7473e-008	8.6559e-008	8.6155e-008	8.3596e-008	8.1439e-008	7.9776e-008	7.7912e-008	7.589e-008	7.3274e-008	7.2546e-008	7.1612e-008	6.9017e-008	6.1469e-008	6.2036e-008	6.0289e-008	5.974e-008	5.6242e-008	5.386e-008	5.1412e-008	4.7719e-008	4.529e-008	4.2546e-008	3.8774e-008	3.7443e-008	3.5209e-008	3.0614e-008	2.7746e-008	2.5657e-008	2.2078e-008	1.7428e-008	1.5675e-008	1.1359e-008	1.0373e-008	8.0643e-009	5.0383e-009	4.0367e-009	3.6484e-009	3.4156e-009	3.7512e-009	3.45e-009	3.1332e-009	3.247e-009	2.8866e-009	2.4177e-009	3.0609e-009	3.432e-009	3.2509e-009	3.3244e-009	3.6837e-009	4.4238e-009	5.0758e-009	5.9092e-009	8.2723e-009	1.1543e-008	1.4212e-008	1.7743e-008	2.4911e-008	3.1576e-008	3.6176e-008	3.9879e-008	4.7251e-008	5.6315e-008	6.2844e-008	6.7484e-008	7.2187e-008	7.6239e-008	8.1391e-008	8.4473e-008	8.5864e-008	8.7563e-008	8.9234e-008	9.0385e-008	9.1113e-008	9.3031e-008	9.349e-008	9.4007e-008	9.4395e-008	9.3975e-008	9.2582e-008	9.0879e-008	8.9771e-008	8.8498e-008	8.7131e-008	8.2246e-008	8.0422e-008	7.8305e-008	7.4973e-008	7.4199e-008	7.3599e-008	7.1223e-008	6.9247e-008	6.6537e-008	6.4861e-008	6.2887e-008	6.0223e-008	5.787e-008	5.5747e-008	5.2898e-008	5.0515e-008	4.7999e-008	4.4165e-008	4.2476e-008	4.0801e-008	3.8303e-008	3.6908e-008	3.3029e-008	3.0173e-008	2.8845e-008	2.7167e-008	2.458e-008	2.1524e-008	1.9401e-008	1.5582e-008	1.1184e-008	1.045e-008	7.6817e-009	5.4098e-009	4.5865e-009	3.5561e-009	3.4148e-009	3.3328e-009	3.2977e-009	2.6783e-009	2.7593e-009	2.5953e-009	3.1367e-009	3.0805e-009	3.1993e-009	3.5472e-009	3.2339e-009	4.2176e-009	4.4105e-009	5.816e-009	8.8113e-009	1.162e-008	1.5286e-008	1.9919e-008	2.3809e-008	2.8025e-008	3.3568e-008	3.949e-008	4.5244e-008	5.3771e-008	6.0298e-008	6.5139e-008	7.0602e-008	7.3906e-008	7.7219e-008	8.2206e-008	8.5198e-008	8.8224e-008	9.0134e-008	9.1117e-008	9.1368e-008	9.2114e-008	9.3252e-008	9.3657e-008	9.2879e-008	9.2488e-008	9.2815e-008	9.0917e-008	8.8543e-008	8.5377e-008	8.1606e-008	8.1071e-008	7.9704e-008	7.6073e-008	7.3559e-008	7.344e-008	7.0952e-008	6.8783e-008	6.5996e-008	6.3007e-008	6.0882e-008	5.9671e-008	5.8473e-008	5.4301e-008	5.2264e-008	4.8494e-008	4.6527e-008	4.3759e-008	4.1655e-008	3.9521e-008	3.7987e-008	3.5392e-008	3.2593e-008	3.1303e-008
9.3632e-008	9.3108e-008	9.1264e-008	9.0177e-008	8.9009e-008	8.8176e-008	8.8525e-008	8.6897e-008	8.4404e-008	8.0258e-008	7.9136e-008	7.7281e-008	7.447e-008	7.2073e-008	6.9314e-008	6.7243e-008	6.4812e-008	6.2766e-008	6.1292e-008	5.9788e-008	5.7239e-008	5.4896e-008	5.128e-008	5.0122e-008	4.7409e-008	4.4641e-008	4.1979e-008	4.003e-008	3.7821e-008	3.6273e-008	3.3286e-008	3.1649e-008	2.7491e-008	2.6456e-008	2.3638e-008	2.14e-008	1.823e-008	1.6671e-008	1.4047e-008	1.1783e-008	1.0115e-008	9.0849e-009	7.8297e-009	7.8853e-009	6.5811e-009	6.8381e-009	7.6276e-009	7.4856e-009	8.2516e-009	7.7692e-009	7.5676e-009	7.4858e-009	7.6649e-009	7.6893e-009	7.6524e-009	8.4121e-009	8.9379e-009	9.3295e-009	1.0613e-008	1.3691e-008	1.7133e-008	2.1777e-008	2.7252e-008	3.4462e-008	4.2343e-008	5.121e-008	5.7392e-008	6.2758e-008	6.8065e-008	7.2328e-008	7.5994e-008	8.0084e-008	8.332e-008	8.4613e-008	8.6146e-008	8.8472e-008	9.042e-008	9.1382e-008	9.2079e-008	9.2456e-008	9.2523e-008	9.2675e-008	9.1442e-008	9.0324e-008	9.0291e-008	8.8523e-008	8.6407e-008	8.3943e-008	8.1988e-008	8.0816e-008	7.9478e-008	7.7743e-008	7.4632e-008	7.2193e-008	7.1356e-008	6.9963e-008	6.8812e-008	6.4207e-008	6.2159e-008	6.1228e-008	6.0348e-008	5.7823e-008	5.5551e-008	5.3423e-008	5.0616e-008	4.8709e-008	4.5157e-008	4.1658e-008	4.0361e-008	3.8401e-008	3.5911e-008	3.1812e-008	2.8182e-008	2.6787e-008	2.4555e-008	2.0464e-008	1.971e-008	1.7283e-008	1.4432e-008	1.2881e-008	1.1068e-008	9.3484e-009	8.6678e-009	8.6968e-009	8.0642e-009	7.7713e-009	6.984e-009	7.0806e-009	7.1883e-009	7.4457e-009	7.4829e-009	7.6449e-009	7.8458e-009	7.7167e-009	7.6096e-009	8.367e-009	8.275e-009	9.9984e-009	1.1724e-008	1.3486e-008	1.6673e-008	2.0501e-008	2.8204e-008	3.6801e-008	4.477e-008	5.0811e-008	5.6466e-008	6.0095e-008	6.5225e-008	7.3231e-008	7.7601e-008	8.1016e-008	8.56e-008	8.822e-008	9.1904e-008	9.2901e-008	9.5001e-008	9.7466e-008	9.6913e-008	9.6483e-008	9.5388e-008	9.5213e-008	9.6005e-008	9.5147e-008	9.2278e-008	9.1469e-008	9.0637e-008	8.8462e-008	8.6902e-008	8.5384e-008	8.3539e-008	7.9738e-008	7.7591e-008	7.3215e-008	7.1315e-008	6.9742e-008	6.7088e-008	6.3495e-008	6.1055e-008	5.9538e-008	5.6469e-008	5.5089e-008	5.0688e-008	4.6312e-008	4.5256e-008	4.0522e-008	3.6602e-008	3.4921e-008	3.1432e-008	2.9267e-008	2.5912e-008	2.3404e-008	2.0887e-008	1.8177e-008	1.6837e-008	1.4054e-008	1.1478e-008	9.3877e-009	8.5509e-009	7.9494e-009	7.4173e-009	6.6724e-009	6.5513e-009	6.3139e-009	6.5321e-009	6.6459e-009	7.3945e-009	6.114e-009	5.7359e-009	5.6525e-009	6.0746e-009	6.5167e-009	7.6066e-009	9.0062e-009	1.0328e-008	1.1989e-008	1.3609e-008	1.5597e-008	1.8074e-008	2.1431e-008	2.4279e-008	2.839e-008	3.5017e-008	4.1074e-008	4.7757e-008	5.3381e-008	5.8877e-008	6.368e-008	7.1618e-008	7.7357e-008	8.1889e-008	8.491e-008	8.7214e-008	8.8455e-008	8.9753e-008	9.1194e-008	9.1865e-008	9.3571e-008	9.4541e-008	9.3733e-008	9.2834e-008	9.2876e-008	9.2889e-008	9.1574e-008	8.8283e-008	8.5783e-008	8.4324e-008	8.2589e-008	8.1019e-008	7.8975e-008	7.6772e-008	7.552e-008	7.4123e-008	7.1156e-008	6.8198e-008	6.6388e-008	6.4479e-008	6.2695e-008	6.035e-008	5.7316e-008	5.5422e-008	5.2679e-008	5.0179e-008	4.8177e-008	4.4789e-008	4.2742e-008	3.9378e-008	3.7285e-008	3.283e-008	3.1119e-008	2.9752e-008	2.7469e-008	2.6089e-008	2.3087e-008	2.0758e-008	1.6966e-008	1.5405e-008	1.411e-008	1.3039e-008	9.9486e-009	8.45e-009	7.0738e-009	6.22e-009	5.4882e-009	5.421e-009	5.3026e-009	4.5736e-009	4.8391e-009	5.0121e-009	4.4979e-009	3.8854e-009	3.5573e-009	4.1217e-009	4.2866e-009	5.1059e-009	6.1459e-009	7.1356e-009	8.6349e-009	1.139e-008	1.4256e-008	1.897e-008	2.4074e-008	2.8318e-008	3.4387e-008	4.112e-008	4.8164e-008	5.4174e-008	5.8677e-008	6.4616e-008	7.1862e-008	7.5693e-008	8.0634e-008	8.4103e-008	8.6213e-008	8.8922e-008	9.0516e-008	9.179e-008	9.2281e-008	9.2403e-008	9.3475e-008	9.4759e-008	9.5105e-008	9.4199e-008	9.305e-008	9.0987e-008	8.9514e-008	8.7665e-008	8.6336e-008	8.4583e-008	8.1978e-008	8.0605e-008	7.8306e-008	7.6963e-008	7.5253e-008	7.3567e-008	7.2717e-008	6.94e-008	6.5451e-008	6.3414e-008	6.1336e-008	5.8417e-008	5.64e-008	5.4777e-008	4.8674e-008	4.7031e-008	4.5218e-008	4.1932e-008	4.015e-008	3.7745e-008	3.2818e-008	2.9591e-008	2.8291e-008	2.3867e-008	2.264e-008	1.9087e-008	1.6309e-008	1.2911e-008	1.1071e-008	8.8121e-009	6.5491e-009	5.6339e-009	4.5615e-009	4.3134e-009	3.8924e-009	3.6631e-009	3.7991e-009	3.9978e-009	3.9899e-009	3.8646e-009	3.7771e-009	4.4389e-009	3.8913e-009	4.3237e-009	5.0009e-009	5.3614e-009	5.8265e-009	6.5774e-009	8.7999e-009	1.216e-008	1.6137e-008	1.9299e-008	2.5464e-008	3.2963e-008	3.8456e-008	4.2317e-008	4.8462e-008	5.5433e-008	6.2806e-008	6.8267e-008	7.3935e-008	7.7162e-008	8.1093e-008	8.4802e-008	8.6976e-008	8.8098e-008	8.9332e-008	9.1309e-008	9.2448e-008	9.3341e-008	9.484e-008	9.4924e-008	9.5734e-008	9.4676e-008	9.329e-008	9.1813e-008	9.0882e-008	8.9461e-008	8.8351e-008	8.6489e-008	8.0504e-008	7.8586e-008	7.6813e-008	7.546e-008	7.4473e-008	7.2062e-008	7.0189e-008	6.7783e-008	6.5842e-008	6.4545e-008	6.116e-008	5.8979e-008	5.669e-008	5.3557e-008	5.0512e-008	4.7098e-008	4.4614e-008	4.2823e-008	4.0705e-008	3.83e-008	3.5465e-008	3.4378e-008	3.1687e-008	3.0318e-008	2.6086e-008	2.5543e-008	2.1266e-008	1.8223e-008	1.5287e-008	1.3222e-008	1.066e-008	8.1221e-009	6.6115e-009	5.1463e-009	4.3008e-009	4.7741e-009	4.1693e-009	3.3876e-009	3.633e-009	4.5691e-009	3.894e-009	4.1111e-009	3.7318e-009	4.5365e-009	4.4114e-009	3.684e-009	4.2429e-009	4.603e-009	6.5293e-009	8.7555e-009	1.201e-008	1.5962e-008	2.0588e-008	2.378e-008	2.8089e-008	3.4092e-008	4.0455e-008	4.5668e-008	5.2475e-008	5.9625e-008	6.572e-008	7.1139e-008	7.5709e-008	7.9112e-008	8.2994e-008	8.6416e-008	8.8655e-008	9.0082e-008	9.1149e-008	9.2791e-008	9.2614e-008	9.4262e-008	9.406e-008	9.3038e-008	9.3144e-008	9.3165e-008	9.0851e-008	8.9718e-008	8.7673e-008	8.3257e-008	8.1694e-008	7.9525e-008	7.6777e-008	7.414e-008	7.2414e-008	7.1329e-008	6.8416e-008	6.6392e-008	6.3503e-008	6.0848e-008	6.0116e-008	5.8643e-008	5.5088e-008	5.259e-008	4.9886e-008	4.6677e-008	4.4324e-008	4.2756e-008	3.9662e-008	3.8664e-008	3.4322e-008	3.222e-008	3.0962e-008
9.3824e-008	9.2107e-008	9.0705e-008	9.0064e-008	8.8732e-008	8.774e-008	8.7167e-008	8.645e-008	8.4204e-008	8.0922e-008	7.9119e-008	7.682e-008	7.432e-008	7.2815e-008	7.1065e-008	6.8018e-008	6.5171e-008	6.3148e-008	6.0363e-008	5.8757e-008	5.6805e-008	5.3736e-008	5.0938e-008	4.9632e-008	4.6312e-008	4.5378e-008	4.3216e-008	3.9315e-008	3.7646e-008	3.4868e-008	3.3431e-008	3.1005e-008	2.8266e-008	2.6278e-008	2.4119e-008	2.1151e-008	1.8381e-008	1.5989e-008	1.3952e-008	1.2278e-008	1.0771e-008	9.3102e-009	8.4341e-009	7.9389e-009	7.1711e-009	6.8363e-009	7.5201e-009	7.6402e-009	7.5757e-009	7.5729e-009	7.3011e-009	7.695e-009	8.3173e-009	8.4247e-009	8.1537e-009	8.7497e-009	8.7479e-009	9.1827e-009	1.1152e-008	1.3612e-008	1.7314e-008	2.1186e-008	2.7998e-008	3.5198e-008	4.2351e-008	4.9829e-008	5.7529e-008	6.3795e-008	6.6796e-008	7.1958e-008	7.6867e-008	7.9719e-008	8.3023e-008	8.509e-008	8.7469e-008	8.9372e-008	9.0628e-008	9.1451e-008	9.2608e-008	9.4009e-008	9.3647e-008	9.2834e-008	9.1863e-008	9.0865e-008	9.018e-008	8.8885e-008	8.7089e-008	8.4293e-008	8.2248e-008	8.0626e-008	7.9097e-008	7.7655e-008	7.5235e-008	7.2772e-008	7.1304e-008	7.0033e-008	6.8544e-008	6.4072e-008	6.3024e-008	6.1278e-008	5.9409e-008	5.6945e-008	5.5762e-008	5.4619e-008	5.2289e-008	4.9027e-008	4.5748e-008	4.1618e-008	4.113e-008	3.9014e-008	3.4337e-008	3.1126e-008	3.0435e-008	2.7111e-008	2.5351e-008	2.0589e-008	1.9942e-008	1.8099e-008	1.5344e-008	1.2173e-008	1.06e-008	9.0757e-009	8.2365e-009	7.667e-009	7.6067e-009	7.4682e-009	7.6741e-009	7.3872e-009	7.4112e-009	7.3174e-009	7.628e-009	7.7629e-009	8.0634e-009	7.8396e-009	8.0198e-009	7.9188e-009	7.9719e-009	9.4379e-009	1.1747e-008	1.3992e-008	1.6743e-008	2.1365e-008	2.7154e-008	3.5919e-008	4.4241e-008	5.0746e-008	5.6678e-008	6.1251e-008	6.5893e-008	7.2213e-008	7.7721e-008	8.1796e-008	8.4658e-008	8.8967e-008	9.2543e-008	9.328e-008	9.5004e-008	9.7015e-008	9.6643e-008	9.6108e-008	9.5478e-008	9.4984e-008	9.492e-008	9.5104e-008	9.4262e-008	9.2343e-008	9.0741e-008	8.8095e-008	8.6668e-008	8.4673e-008	8.2154e-008	7.9433e-008	7.6178e-008	7.3074e-008	7.118e-008	6.9438e-008	6.768e-008	6.4388e-008	6.1457e-008	5.9111e-008	5.6908e-008	5.2563e-008	4.9841e-008	4.6692e-008	4.3941e-008	3.9539e-008	3.6341e-008	3.4648e-008	3.1846e-008	2.8659e-008	2.5607e-008	2.2203e-008	2.0502e-008	1.8663e-008	1.4564e-008	1.3188e-008	1.1175e-008	9.9058e-009	8.2004e-009	7.5382e-009	7.1567e-009	6.3662e-009	6.6326e-009	6.2619e-009	6.737e-009	6.6023e-009	5.9716e-009	5.8639e-009	5.6662e-009	5.8188e-009	6.1103e-009	6.2223e-009	6.513e-009	8.2091e-009	9.3906e-009	1.1434e-008	1.3372e-008	1.5975e-008	1.8054e-008	2.1539e-008	2.418e-008	2.8857e-008	3.594e-008	4.2535e-008	4.8522e-008	5.4486e-008	5.9944e-008	6.6393e-008	7.0699e-008	7.7868e-008	8.107e-008	8.5025e-008	8.7374e-008	8.8897e-008	9.0441e-008	9.1629e-008	9.1322e-008	9.2499e-008	9.3794e-008	9.394e-008	9.1949e-008	9.2107e-008	9.1915e-008	9.0045e-008	8.7898e-008	8.564e-008	8.318e-008	8.2057e-008	8.0777e-008	7.8663e-008	7.6416e-008	7.5895e-008	7.3531e-008	7.0139e-008	6.8096e-008	6.5473e-008	6.4225e-008	6.2518e-008	6.0124e-008	5.7998e-008	5.5081e-008	5.2879e-008	4.9873e-008	4.5535e-008	4.4375e-008	4.034e-008	3.9222e-008	3.6523e-008	3.1894e-008	3.0983e-008	2.9264e-008	2.6393e-008	2.5015e-008	2.326e-008	1.9336e-008	1.5437e-008	1.4904e-008	1.3759e-008	1.1611e-008	1.0039e-008	8.2038e-009	6.7588e-009	5.9208e-009	5.2456e-009	5.2468e-009	5.0265e-009	4.0246e-009	4.1816e-009	4.4339e-009	3.7676e-009	3.9142e-009	3.9063e-009	4.0382e-009	4.3588e-009	4.952e-009	6.0532e-009	7.0288e-009	8.5823e-009	1.0934e-008	1.367e-008	1.8616e-008	2.4076e-008	2.8195e-008	3.5023e-008	4.0821e-008	4.6102e-008	5.2343e-008	5.8385e-008	6.412e-008	7.0523e-008	7.3746e-008	8.0278e-008	8.2943e-008	8.4775e-008	8.8314e-008	8.9812e-008	9.1062e-008	9.1729e-008	9.219e-008	9.3306e-008	9.3912e-008	9.4004e-008	9.3183e-008	9.2138e-008	9.1347e-008	8.9231e-008	8.75e-008	8.5254e-008	8.3273e-008	8.1911e-008	8.0537e-008	7.8312e-008	7.731e-008	7.5788e-008	7.3147e-008	7.141e-008	6.7186e-008	6.5924e-008	6.231e-008	6.0871e-008	5.8319e-008	5.6639e-008	5.4062e-008	4.9511e-008	4.7573e-008	4.3791e-008	4.1971e-008	3.9153e-008	3.557e-008	3.323e-008	2.9534e-008	2.648e-008	2.5015e-008	2.2019e-008	1.9185e-008	1.5904e-008	1.3773e-008	9.9787e-009	7.5867e-009	6.5891e-009	5.3662e-009	3.8672e-009	3.6256e-009	3.3141e-009	3.601e-009	3.8642e-009	3.3213e-009	3.3086e-009	3.6863e-009	4.0552e-009	4.4049e-009	3.857e-009	4.1109e-009	4.4487e-009	4.8012e-009	6.0223e-009	7.0838e-009	9.0745e-009	1.2555e-008	1.6473e-008	1.972e-008	2.5059e-008	3.2842e-008	3.8401e-008	4.2797e-008	4.8559e-008	5.5586e-008	6.1271e-008	6.7634e-008	7.3248e-008	7.6196e-008	8.0621e-008	8.3754e-008	8.6973e-008	8.8211e-008	8.9152e-008	9.0607e-008	9.1204e-008	9.2493e-008	9.3945e-008	9.4611e-008	9.5242e-008	9.4655e-008	9.2474e-008	9.0986e-008	8.9706e-008	8.8449e-008	8.7553e-008	8.5717e-008	7.975e-008	7.9241e-008	7.7559e-008	7.5873e-008	7.448e-008	7.1999e-008	6.9406e-008	6.7278e-008	6.6519e-008	6.3934e-008	6.1262e-008	5.796e-008	5.5687e-008	5.2865e-008	4.9565e-008	4.6847e-008	4.4899e-008	4.274e-008	3.8341e-008	3.7803e-008	3.5991e-008	3.248e-008	3.1362e-008	2.8849e-008	2.6254e-008	2.4078e-008	1.9997e-008	1.7137e-008	1.5068e-008	1.2107e-008	9.916e-009	7.6773e-009	6.1433e-009	4.7952e-009	4.0599e-009	3.8349e-009	3.5182e-009	2.9768e-009	2.892e-009	2.8043e-009	2.8453e-009	2.9513e-009	2.7752e-009	3.1843e-009	3.7538e-009	3.6256e-009	3.6408e-009	4.4976e-009	6.6047e-009	9.9895e-009	1.2353e-008	1.5904e-008	2.0108e-008	2.2972e-008	2.7545e-008	3.5247e-008	4.1278e-008	4.7335e-008	5.3433e-008	6.0032e-008	6.6365e-008	7.2735e-008	7.673e-008	7.8698e-008	8.4473e-008	8.6884e-008	8.8055e-008	9.0045e-008	9.1681e-008	9.3367e-008	9.3704e-008	9.4145e-008	9.3221e-008	9.2547e-008	9.2925e-008	9.1861e-008	9.0106e-008	8.9108e-008	8.7982e-008	8.3362e-008	8.2173e-008	8.0254e-008	7.6934e-008	7.505e-008	7.3013e-008	7.0765e-008	6.7921e-008	6.5024e-008	6.3331e-008	6.1684e-008	5.9343e-008	5.7061e-008	5.5198e-008	5.2149e-008	4.8992e-008	4.6146e-008	4.379e-008	4.1317e-008	3.9565e-008	3.6324e-008	3.1915e-008	3.0572e-008	2.9454e-008
9.3683e-008	9.203e-008	9.1316e-008	9.0646e-008	8.8731e-008	8.7938e-008	8.7956e-008	8.5352e-008	8.3725e-008	8.1649e-008	7.8321e-008	7.6399e-008	7.4967e-008	7.3191e-008	6.9969e-008	6.7538e-008	6.579e-008	6.2011e-008	6.0921e-008	5.9016e-008	5.65e-008	5.213e-008	5.0966e-008	4.8811e-008	4.7549e-008	4.5145e-008	4.3184e-008	4.0541e-008	3.4901e-008	3.4118e-008	3.286e-008	2.9867e-008	2.8683e-008	2.6302e-008	2.4332e-008	2.088e-008	1.8776e-008	1.6318e-008	1.4659e-008	1.34e-008	1.1837e-008	9.7423e-009	8.8213e-009	8.3043e-009	7.9516e-009	8.0776e-009	7.6689e-009	7.6453e-009	8.0389e-009	7.9825e-009	7.9992e-009	8.1991e-009	8.2869e-009	8.0885e-009	8.6444e-009	8.6657e-009	8.7087e-009	9.8546e-009	1.1499e-008	1.4213e-008	1.7475e-008	2.1491e-008	2.7746e-008	3.4755e-008	4.2401e-008	5.1056e-008	5.7837e-008	6.2608e-008	6.8205e-008	7.1985e-008	7.7457e-008	8.109e-008	8.4572e-008	8.6394e-008	8.8669e-008	9.0353e-008	9.1341e-008	9.284e-008	9.3812e-008	9.5552e-008	9.6197e-008	9.4217e-008	9.3035e-008	9.2002e-008	9.0191e-008	8.8544e-008	8.6688e-008	8.3191e-008	8.1005e-008	7.978e-008	7.8772e-008	7.7987e-008	7.6343e-008	7.5194e-008	7.2492e-008	6.963e-008	6.8288e-008	6.6463e-008	6.4636e-008	6.1972e-008	5.9928e-008	5.7982e-008	5.6374e-008	5.3445e-008	5.0439e-008	4.7983e-008	4.4778e-008	4.3907e-008	4.1888e-008	3.9679e-008	3.6876e-008	3.3394e-008	3.0698e-008	2.8361e-008	2.457e-008	2.3375e-008	2.0937e-008	1.8242e-008	1.6711e-008	1.4427e-008	1.1935e-008	9.8212e-009	8.999e-009	8.2487e-009	8.3445e-009	8.1679e-009	7.8726e-009	7.7138e-009	7.6895e-009	8.0326e-009	7.9025e-009	8.1439e-009	8.3913e-009	7.9306e-009	8.0384e-009	8.7016e-009	8.9008e-009	1.0015e-008	1.1427e-008	1.417e-008	1.7812e-008	2.1691e-008	2.7708e-008	3.5703e-008	4.4546e-008	5.0974e-008	5.5813e-008	6.2127e-008	6.6623e-008	7.0992e-008	7.752e-008	8.2512e-008	8.4783e-008	9.0633e-008	9.267e-008	9.4572e-008	9.5976e-008	9.6264e-008	9.6485e-008	9.6868e-008	9.6126e-008	9.5383e-008	9.5201e-008	9.4939e-008	9.394e-008	9.2397e-008	9.0793e-008	8.8617e-008	8.7048e-008	8.353e-008	8.1788e-008	7.9872e-008	7.8391e-008	7.2924e-008	7.2063e-008	6.97e-008	6.7598e-008	6.4164e-008	6.1104e-008	5.9576e-008	5.5122e-008	5.2642e-008	5.0329e-008	4.6831e-008	4.3155e-008	4.1353e-008	3.7274e-008	3.5231e-008	3.3199e-008	2.8656e-008	2.5472e-008	2.314e-008	2.1198e-008	1.8366e-008	1.661e-008	1.3413e-008	1.0906e-008	9.7628e-009	8.6223e-009	7.7335e-009	7.6913e-009	6.5588e-009	6.8273e-009	6.8319e-009	7.4053e-009	7.1965e-009	6.1237e-009	6.0263e-009	6.0652e-009	6.3855e-009	6.6349e-009	7.2515e-009	7.9741e-009	9.3168e-009	1.0035e-008	1.1225e-008	1.2596e-008	1.6091e-008	1.9027e-008	2.2282e-008	2.52e-008	3.0606e-008	3.848e-008	4.5493e-008	4.9629e-008	5.5842e-008	6.0845e-008	6.7795e-008	7.2867e-008	7.8503e-008	8.1587e-008	8.4972e-008	8.9107e-008	8.988e-008	9.1542e-008	9.2039e-008	9.2376e-008	9.3451e-008	9.4443e-008	9.3973e-008	9.2736e-008	9.1797e-008	9.2636e-008	9.0315e-008	8.8463e-008	8.57e-008	8.374e-008	8.2011e-008	8.0523e-008	7.8805e-008	7.8137e-008	7.6662e-008	7.4223e-008	7.0579e-008	6.8348e-008	6.6886e-008	6.553e-008	6.3376e-008	6.1816e-008	5.84e-008	5.5488e-008	5.1138e-008	4.9367e-008	4.7089e-008	4.3982e-008	4.2204e-008	3.9112e-008	3.7561e-008	3.4784e-008	3.3136e-008	2.9915e-008	2.8276e-008	2.5569e-008	2.318e-008	2.1035e-008	1.8517e-008	1.6021e-008	1.5058e-008	1.2118e-008	1.05e-008	9.0373e-009	6.9489e-009	6.2602e-009	5.9005e-009	6.0417e-009	5.935e-009	5.2641e-009	4.936e-009	5.2462e-009	4.7211e-009	4.4426e-009	4.3223e-009	4.3659e-009	4.856e-009	5.3991e-009	6.3135e-009	7.5323e-009	8.6924e-009	1.1129e-008	1.3745e-008	1.8407e-008	2.2807e-008	2.8064e-008	3.5993e-008	4.3088e-008	4.7229e-008	5.1322e-008	5.8482e-008	6.3142e-008	6.955e-008	7.5425e-008	7.9591e-008	8.3408e-008	8.5636e-008	8.777e-008	8.9619e-008	9.1192e-008	9.1544e-008	9.2394e-008	9.3286e-008	9.3621e-008	9.3387e-008	9.291e-008	9.2578e-008	9.1873e-008	9.0855e-008	8.8235e-008	8.5831e-008	8.3883e-008	8.1981e-008	7.982e-008	7.8747e-008	7.7114e-008	7.6115e-008	7.3413e-008	7.1836e-008	6.9285e-008	6.6998e-008	6.4214e-008	6.1811e-008	5.8234e-008	5.6648e-008	5.4565e-008	5.1932e-008	4.9419e-008	4.3029e-008	4.1828e-008	3.7876e-008	3.5304e-008	3.3807e-008	3.1416e-008	2.5676e-008	2.5067e-008	2.2199e-008	2.0163e-008	1.5639e-008	1.4263e-008	1.2701e-008	9.7174e-009	7.2624e-009	5.6543e-009	4.9502e-009	3.964e-009	4.2765e-009	4.8303e-009	4.5076e-009	3.9776e-009	3.9177e-009	4.2801e-009	4.4182e-009	4.1653e-009	4.3118e-009	5.0334e-009	5.2235e-009	5.8363e-009	6.2125e-009	7.6457e-009	1.0121e-008	1.3061e-008	1.6643e-008	2.0697e-008	2.5043e-008	3.0353e-008	3.8016e-008	4.4e-008	4.9958e-008	5.5062e-008	6.155e-008	6.7514e-008	7.3178e-008	7.6236e-008	7.9666e-008	8.2814e-008	8.6423e-008	8.8244e-008	8.9307e-008	9.092e-008	9.1875e-008	9.349e-008	9.5496e-008	9.6517e-008	9.6234e-008	9.5552e-008	9.2912e-008	9.1113e-008	8.8992e-008	8.8153e-008	8.7437e-008	8.5397e-008	8.2244e-008	8.0967e-008	7.8043e-008	7.7045e-008	7.5207e-008	7.2951e-008	7.1252e-008	6.9331e-008	6.6453e-008	6.4218e-008	6.1651e-008	5.9215e-008	5.687e-008	5.4571e-008	5.1233e-008	4.7422e-008	4.5119e-008	4.424e-008	4.0268e-008	3.9478e-008	3.6358e-008	3.1676e-008	3.1522e-008	2.932e-008	2.7169e-008	2.3368e-008	2.2484e-008	1.9994e-008	1.6144e-008	1.2027e-008	1.0964e-008	8.3317e-009	7.3472e-009	5.8033e-009	5.0789e-009	4.0219e-009	4.1171e-009	3.8292e-009	3.709e-009	3.4712e-009	3.4368e-009	3.5826e-009	3.8074e-009	4.1392e-009	4.2258e-009	4.2637e-009	4.8629e-009	5.833e-009	7.367e-009	9.6313e-009	1.2695e-008	1.6057e-008	2.0359e-008	2.3665e-008	2.8991e-008	3.5692e-008	4.2086e-008	4.8296e-008	5.4513e-008	6.0772e-008	6.6627e-008	7.2695e-008	7.7308e-008	8.1272e-008	8.509e-008	8.7415e-008	8.9115e-008	9.1243e-008	9.2485e-008	9.4768e-008	9.5244e-008	9.4942e-008	9.3724e-008	9.2656e-008	9.2107e-008	9.1306e-008	9.0722e-008	8.9323e-008	8.6138e-008	8.4626e-008	8.3958e-008	8.1095e-008	7.7115e-008	7.6246e-008	7.1538e-008	6.9362e-008	6.8559e-008	6.56e-008	6.31e-008	6.2026e-008	5.9985e-008	5.7478e-008	5.5143e-008	5.1867e-008	4.8946e-008	4.6398e-008	4.3699e-008	4.1583e-008	3.8887e-008	3.5659e-008	3.3447e-008	3.1062e-008	2.8893e-008
9.3946e-008	9.2351e-008	9.1749e-008	9.1231e-008	8.9659e-008	8.8651e-008	8.6618e-008	8.49e-008	8.1984e-008	8.0951e-008	7.8438e-008	7.5901e-008	7.4302e-008	7.3246e-008	6.9639e-008	6.7568e-008	6.6623e-008	6.4165e-008	6.2293e-008	6.0227e-008	5.7317e-008	5.3214e-008	5.0283e-008	4.9008e-008	4.8078e-008	4.3108e-008	4.0456e-008	3.9382e-008	3.6712e-008	3.5072e-008	3.3073e-008	3.1894e-008	2.7041e-008	2.5415e-008	2.3772e-008	2.104e-008	1.917e-008	1.7587e-008	1.556e-008	1.3458e-008	1.1862e-008	9.9709e-009	8.8772e-009	8.6469e-009	8.2631e-009	8.7148e-009	8.8432e-009	7.3492e-009	7.0582e-009	7.6918e-009	8.1578e-009	8.5025e-009	8.7132e-009	8.7815e-009	8.9146e-009	9.3306e-009	9.5915e-009	9.5712e-009	1.1674e-008	1.4357e-008	1.7338e-008	2.1529e-008	2.6619e-008	3.3941e-008	4.2802e-008	5.151e-008	5.9829e-008	6.3906e-008	6.7813e-008	7.1653e-008	7.8011e-008	8.1949e-008	8.4991e-008	8.7133e-008	8.9295e-008	9.0813e-008	9.2255e-008	9.4142e-008	9.5034e-008	9.6186e-008	9.651e-008	9.5464e-008	9.5198e-008	9.2142e-008	9.0166e-008	8.9131e-008	8.7098e-008	8.5015e-008	8.2063e-008	8.073e-008	7.9661e-008	7.7958e-008	7.7069e-008	7.6011e-008	7.4351e-008	7.0097e-008	6.9935e-008	6.7439e-008	6.4578e-008	6.2257e-008	6.1499e-008	5.8607e-008	5.6935e-008	5.5074e-008	5.3175e-008	4.8906e-008	4.7488e-008	4.4487e-008	4.2802e-008	3.9464e-008	3.6561e-008	3.4398e-008	2.8701e-008	2.8392e-008	2.5551e-008	2.364e-008	2.1297e-008	1.9579e-008	1.7246e-008	1.3826e-008	1.1954e-008	1.0265e-008	8.699e-009	8.3047e-009	8.1831e-009	7.869e-009	7.8081e-009	7.7733e-009	8.1334e-009	8.5049e-009	8.2392e-009	8.1496e-009	8.1687e-009	8.3373e-009	8.6647e-009	8.9851e-009	9.1954e-009	1.033e-008	1.1493e-008	1.4414e-008	1.6632e-008	2.2566e-008	2.8653e-008	3.5393e-008	4.4005e-008	5.1164e-008	5.6061e-008	6.2016e-008	6.791e-008	7.2039e-008	7.667e-008	8.1197e-008	8.4729e-008	8.9869e-008	9.2788e-008	9.4801e-008	9.5578e-008	9.5721e-008	9.5877e-008	9.6566e-008	9.695e-008	9.5315e-008	9.553e-008	9.5174e-008	9.2873e-008	9.2477e-008	9.0798e-008	8.6711e-008	8.4773e-008	8.4011e-008	8.2748e-008	8.092e-008	7.8229e-008	7.3068e-008	7.1227e-008	6.9447e-008	6.8132e-008	6.4239e-008	6.2037e-008	5.7164e-008	5.6228e-008	5.3794e-008	5.0171e-008	4.7027e-008	4.4345e-008	4.1842e-008	3.8516e-008	3.5619e-008	3.3226e-008	3.048e-008	2.5275e-008	2.3859e-008	2.0387e-008	1.8309e-008	1.5424e-008	1.385e-008	1.1585e-008	9.827e-009	9.1418e-009	8.7165e-009	7.9276e-009	7.5335e-009	6.9679e-009	7.1595e-009	7.1692e-009	6.4202e-009	6.2105e-009	5.9617e-009	5.9798e-009	6.4098e-009	6.8955e-009	7.8295e-009	8.6744e-009	9.7888e-009	1.0689e-008	1.1161e-008	1.2802e-008	1.6328e-008	1.9013e-008	2.2341e-008	2.5407e-008	3.0977e-008	3.9468e-008	4.574e-008	4.7685e-008	5.4615e-008	6.1672e-008	6.8378e-008	7.4127e-008	7.7306e-008	8.1091e-008	8.3186e-008	8.7297e-008	9.0106e-008	9.1631e-008	9.2648e-008	9.3556e-008	9.3828e-008	9.4924e-008	9.4364e-008	9.4364e-008	9.2955e-008	9.1932e-008	9.1099e-008	8.9299e-008	8.6753e-008	8.3547e-008	8.1649e-008	8.107e-008	7.9246e-008	7.7785e-008	7.6864e-008	7.4637e-008	7.0903e-008	6.8768e-008	6.8086e-008	6.6159e-008	6.3893e-008	6.2422e-008	5.9952e-008	5.517e-008	5.1728e-008	4.8913e-008	4.6511e-008	4.4293e-008	4.2574e-008	3.8374e-008	3.5923e-008	3.4643e-008	3.1073e-008	2.8345e-008	2.7672e-008	2.4891e-008	2.3352e-008	2.0292e-008	1.8456e-008	1.7006e-008	1.4111e-008	1.0655e-008	9.5705e-009	8.1417e-009	6.8843e-009	6.593e-009	6.236e-009	5.7494e-009	5.6005e-009	4.9e-009	5.3892e-009	4.8904e-009	4.6052e-009	4.3361e-009	4.1316e-009	5.1158e-009	5.6593e-009	6.1351e-009	6.9466e-009	7.7908e-009	9.2155e-009	1.1639e-008	1.4533e-008	1.9189e-008	2.3191e-008	2.8965e-008	3.6247e-008	4.2439e-008	4.6748e-008	5.2748e-008	5.8604e-008	6.3408e-008	6.8113e-008	7.3657e-008	7.9314e-008	8.3305e-008	8.6066e-008	8.7977e-008	8.9468e-008	9.1147e-008	9.2015e-008	9.2746e-008	9.2246e-008	9.2373e-008	9.2523e-008	9.2653e-008	9.295e-008	9.2314e-008	9.1106e-008	8.6729e-008	8.5282e-008	8.4212e-008	8.1914e-008	7.9749e-008	7.8692e-008	7.7028e-008	7.5726e-008	7.2822e-008	7.1519e-008	7.0571e-008	6.5609e-008	6.2632e-008	6.0658e-008	5.8026e-008	5.6018e-008	5.4352e-008	5.0191e-008	4.8115e-008	4.2752e-008	4.0454e-008	3.6859e-008	3.4509e-008	3.3164e-008	3.2358e-008	2.8242e-008	2.4021e-008	2.2299e-008	1.7023e-008	1.4766e-008	1.3466e-008	1.1724e-008	9.8779e-009	6.9259e-009	5.6968e-009	5.0457e-009	4.4536e-009	4.3872e-009	4.7664e-009	4.0921e-009	3.9438e-009	3.3481e-009	3.3657e-009	3.4445e-009	4.1845e-009	4.8988e-009	5.0481e-009	4.9748e-009	5.8419e-009	6.8523e-009	9.1213e-009	1.11e-008	1.3083e-008	1.7162e-008	2.1081e-008	2.4988e-008	3.0427e-008	3.8081e-008	4.4488e-008	5.1324e-008	5.6608e-008	6.191e-008	6.7978e-008	7.2816e-008	7.6621e-008	8.0176e-008	8.334e-008	8.5762e-008	8.7957e-008	8.9767e-008	9.0805e-008	9.1552e-008	9.4324e-008	9.5936e-008	9.6838e-008	9.5944e-008	9.5046e-008	9.2258e-008	9.0046e-008	8.8279e-008	8.7352e-008	8.712e-008	8.5003e-008	8.2853e-008	8.1169e-008	7.8153e-008	7.751e-008	7.4047e-008	7.2711e-008	7.125e-008	6.984e-008	6.5936e-008	6.4078e-008	6.2232e-008	5.9793e-008	5.6993e-008	5.2675e-008	5.1382e-008	4.9574e-008	4.6497e-008	4.4712e-008	4.2163e-008	3.8137e-008	3.577e-008	3.3782e-008	3.1299e-008	2.9875e-008	2.8566e-008	2.354e-008	2.2827e-008	1.9449e-008	1.693e-008	1.1291e-008	9.0419e-009	9.1337e-009	7.2071e-009	5.68e-009	4.3491e-009	4.0819e-009	4.0633e-009	3.7111e-009	3.6181e-009	3.6485e-009	3.8582e-009	4.1375e-009	4.137e-009	4.6827e-009	4.4619e-009	4.8419e-009	5.5161e-009	5.9673e-009	7.8767e-009	1.0228e-008	1.2281e-008	1.5569e-008	2.0335e-008	2.505e-008	3.0185e-008	3.5868e-008	4.2239e-008	4.7414e-008	5.387e-008	5.9466e-008	6.6068e-008	7.1909e-008	7.6863e-008	8.0972e-008	8.489e-008	8.7711e-008	8.9247e-008	9.167e-008	9.3718e-008	9.5678e-008	9.5546e-008	9.4738e-008	9.3662e-008	9.3197e-008	9.2487e-008	9.1755e-008	9.0722e-008	8.9323e-008	8.798e-008	8.6138e-008	8.4731e-008	8.2178e-008	7.9979e-008	7.7567e-008	7.3618e-008	6.935e-008	6.786e-008	6.5806e-008	6.4473e-008	6.167e-008	5.9964e-008	5.7414e-008	5.5331e-008	5.1856e-008	4.8801e-008	4.5812e-008	4.3822e-008	4.1749e-008	3.9473e-008	3.5959e-008	3.4262e-008	3.1575e-008	3.0415e-008
9.2454e-008	9.1446e-008	9.1068e-008	9.0515e-008	8.9069e-008	8.6706e-008	8.4459e-008	8.3306e-008	8.2155e-008	8.0355e-008	7.7196e-008	7.4706e-008	7.2908e-008	7.0938e-008	6.9409e-008	6.7858e-008	6.6106e-008	6.3967e-008	6.241e-008	5.9477e-008	5.6787e-008	5.0507e-008	4.9117e-008	4.7643e-008	4.553e-008	4.4236e-008	4.1077e-008	3.9063e-008	3.6754e-008	3.5868e-008	3.2701e-008	3.1001e-008	2.9719e-008	2.5194e-008	2.2568e-008	2.0612e-008	1.8667e-008	1.6929e-008	1.452e-008	1.2194e-008	9.556e-009	8.3401e-009	7.7676e-009	7.7073e-009	7.0806e-009	6.3539e-009	6.9544e-009	6.9342e-009	6.8961e-009	6.9086e-009	6.9608e-009	7.7597e-009	7.6996e-009	7.3515e-009	7.2378e-009	7.9798e-009	8.6931e-009	8.9946e-009	1.0661e-008	1.3546e-008	1.7136e-008	2.0799e-008	2.621e-008	3.2306e-008	4.1267e-008	5.1196e-008	5.7959e-008	6.1719e-008	6.7427e-008	7.1001e-008	7.5953e-008	8.0857e-008	8.433e-008	8.6859e-008	8.8669e-008	9.0526e-008	9.225e-008	9.4069e-008	9.542e-008	9.5198e-008	9.5202e-008	9.5328e-008	9.4966e-008	9.4184e-008	9.1236e-008	8.9124e-008	8.6796e-008	8.4047e-008	8.167e-008	8.0011e-008	7.9386e-008	7.8558e-008	7.7266e-008	7.5228e-008	7.4085e-008	7.193e-008	6.8849e-008	6.7217e-008	6.5372e-008	6.3982e-008	6.1594e-008	5.9463e-008	5.5911e-008	5.329e-008	5.0812e-008	4.8602e-008	4.7066e-008	4.4284e-008	4.2613e-008	4.0213e-008	3.7965e-008	3.6364e-008	3.177e-008	2.9347e-008	2.5907e-008	2.3136e-008	2.2317e-008	1.9436e-008	1.6386e-008	1.4282e-008	1.1929e-008	9.69e-009	8.2183e-009	7.5673e-009	7.6909e-009	6.7609e-009	7.0993e-009	7.4656e-009	7.4957e-009	7.3141e-009	7.0207e-009	6.6952e-009	7.2417e-009	7.3253e-009	7.6409e-009	8.3942e-009	8.665e-009	9.0152e-009	1.0189e-008	1.4238e-008	1.7537e-008	2.165e-008	2.8097e-008	3.5069e-008	4.1906e-008	4.9373e-008	5.5142e-008	6.0343e-008	6.6409e-008	7.1215e-008	7.6073e-008	8.0517e-008	8.4057e-008	8.7102e-008	8.8576e-008	9.0243e-008	9.2268e-008	9.3399e-008	9.422e-008	9.4314e-008	9.4248e-008	9.3717e-008	9.3825e-008	9.2455e-008	9.0879e-008	9.053e-008	8.934e-008	8.7257e-008	8.5075e-008	8.3415e-008	8.1481e-008	7.9378e-008	7.7316e-008	7.2365e-008	6.9396e-008	6.7212e-008	6.5291e-008	6.2744e-008	6.0289e-008	5.7912e-008	5.4819e-008	5.2787e-008	4.9555e-008	4.6727e-008	4.339e-008	4.0751e-008	3.7633e-008	3.5627e-008	3.2385e-008	3.0646e-008	2.4593e-008	2.4198e-008	2.1026e-008	1.8971e-008	1.3988e-008	1.3628e-008	1.0596e-008	9.395e-009	8.2319e-009	7.1245e-009	6.5576e-009	6.2528e-009	6.0857e-009	6.1622e-009	5.7215e-009	5.5358e-009	5.405e-009	5.4531e-009	5.3381e-009	5.7036e-009	6.1101e-009	6.6614e-009	7.2367e-009	8.1132e-009	9.1201e-009	1.0191e-008	1.1772e-008	1.4971e-008	1.8841e-008	2.2411e-008	2.5674e-008	2.9805e-008	3.7526e-008	4.5031e-008	4.8786e-008	5.5924e-008	6.2128e-008	6.8014e-008	7.2909e-008	7.573e-008	7.9547e-008	8.3226e-008	8.6153e-008	8.8476e-008	8.9598e-008	9.2027e-008	9.2356e-008	9.3507e-008	9.4163e-008	9.3868e-008	9.3332e-008	9.2536e-008	9.2557e-008	9.13e-008	8.9665e-008	8.4556e-008	8.3747e-008	8.194e-008	7.9561e-008	7.8648e-008	7.6893e-008	7.4978e-008	7.1691e-008	7.0062e-008	6.8446e-008	6.8086e-008	6.5703e-008	6.4062e-008	6.089e-008	5.8758e-008	5.42e-008	5.2468e-008	5.0225e-008	4.7513e-008	4.4951e-008	4.2607e-008	3.8178e-008	3.4078e-008	3.3588e-008	3.153e-008	2.8495e-008	2.73e-008	2.4617e-008	2.2546e-008	2.0981e-008	1.8372e-008	1.6048e-008	1.4369e-008	1.2037e-008	8.9297e-009	7.5492e-009	6.1465e-009	5.8553e-009	4.8226e-009	4.528e-009	4.5929e-009	3.9465e-009	3.7578e-009	3.6765e-009	3.4666e-009	3.683e-009	3.4254e-009	4.5688e-009	5.0521e-009	5.1139e-009	5.5496e-009	6.9209e-009	8.3104e-009	1.1254e-008	1.4676e-008	1.8555e-008	2.3099e-008	2.824e-008	3.5057e-008	4.2206e-008	4.7329e-008	5.39e-008	6.0041e-008	6.4588e-008	6.8799e-008	7.3204e-008	7.7702e-008	8.189e-008	8.448e-008	8.6816e-008	8.7933e-008	8.9328e-008	9.126e-008	9.2263e-008	9.1359e-008	9.1285e-008	9.1074e-008	9.1154e-008	9.0645e-008	9.0096e-008	8.8343e-008	8.663e-008	8.4427e-008	8.2504e-008	8.1127e-008	7.9487e-008	7.8071e-008	7.6606e-008	7.4843e-008	7.3399e-008	7.2112e-008	7.0089e-008	6.6661e-008	6.1716e-008	6.0059e-008	5.6844e-008	5.5394e-008	5.3697e-008	5.0129e-008	4.6735e-008	4.3824e-008	4.0778e-008	3.7664e-008	3.4644e-008	3.232e-008	2.9597e-008	2.6479e-008	2.508e-008	2.2023e-008	1.9671e-008	1.6762e-008	1.4346e-008	1.1839e-008	8.6853e-009	6.6047e-009	5.0065e-009	4.1688e-009	3.542e-009	3.5636e-009	3.7611e-009	3.6117e-009	3.275e-009	2.7013e-009	2.8477e-009	2.7304e-009	2.8333e-009	3.316e-009	3.7481e-009	3.7075e-009	4.9075e-009	5.9388e-009	8.1067e-009	9.998e-009	1.3052e-008	1.7061e-008	1.9979e-008	2.3974e-008	2.9779e-008	3.7375e-008	4.4726e-008	5.1483e-008	5.6416e-008	6.1468e-008	6.5376e-008	7.1568e-008	7.6057e-008	7.9514e-008	8.2195e-008	8.4773e-008	8.6715e-008	8.8268e-008	8.9698e-008	9.0934e-008	9.2836e-008	9.4858e-008	9.5596e-008	9.4851e-008	9.3981e-008	9.0788e-008	8.957e-008	8.8436e-008	8.7227e-008	8.6196e-008	8.3546e-008	8.1768e-008	8.0152e-008	7.8901e-008	7.7289e-008	7.4462e-008	7.2391e-008	7.0889e-008	6.8688e-008	6.719e-008	6.4849e-008	6.142e-008	5.9996e-008	5.7537e-008	5.6381e-008	5.1337e-008	4.87e-008	4.6659e-008	4.4478e-008	4.2019e-008	3.7984e-008	3.5179e-008	3.2916e-008	3.1848e-008	2.9587e-008	2.8244e-008	2.3879e-008	2.2252e-008	1.952e-008	1.6585e-008	1.2349e-008	9.1133e-009	8.1012e-009	5.763e-009	4.7686e-009	3.813e-009	3.5475e-009	3.3073e-009	3.2837e-009	2.6635e-009	2.7816e-009	2.7806e-009	2.8726e-009	3.0687e-009	3.1075e-009	3.5662e-009	4.1388e-009	4.5464e-009	5.3966e-009	7.1307e-009	9.5747e-009	1.2352e-008	1.5844e-008	2.0106e-008	2.5613e-008	2.9821e-008	3.5381e-008	4.0857e-008	4.6443e-008	5.2304e-008	5.8537e-008	6.4704e-008	7.0331e-008	7.5712e-008	8.0174e-008	8.3828e-008	8.624e-008	8.7618e-008	9.0978e-008	9.3646e-008	9.5223e-008	9.514e-008	9.4607e-008	9.4199e-008	9.3492e-008	9.2782e-008	9.0983e-008	9.1132e-008	8.8847e-008	8.695e-008	8.5808e-008	8.3796e-008	8.2423e-008	7.9133e-008	7.6566e-008	7.5561e-008	7.0513e-008	6.7332e-008	6.6977e-008	6.2729e-008	6.0269e-008	5.9533e-008	5.7499e-008	5.4575e-008	5.0937e-008	4.7935e-008	4.5339e-008	4.3154e-008	4.1317e-008	3.8741e-008	3.4666e-008	3.3326e-008	3.1337e-008	3.0174e-008
9.2876e-008	9.2197e-008	9.1939e-008	9.1482e-008	9.085e-008	8.7749e-008	8.5372e-008	8.4231e-008	8.3501e-008	8.1075e-008	7.7747e-008	7.5415e-008	7.3018e-008	7.1086e-008	7.025e-008	6.8086e-008	6.6817e-008	6.5067e-008	6.3042e-008	6.0136e-008	5.6375e-008	5.3718e-008	5.0964e-008	4.8698e-008	4.6092e-008	4.4619e-008	4.2659e-008	3.958e-008	3.791e-008	3.6452e-008	3.2948e-008	3.2442e-008	2.9466e-008	2.6423e-008	2.3684e-008	1.9726e-008	1.851e-008	1.743e-008	1.4739e-008	1.3102e-008	1.0027e-008	8.8572e-009	8.4527e-009	7.9624e-009	7.7063e-009	7.8131e-009	7.371e-009	7.5384e-009	7.6554e-009	7.9143e-009	7.8859e-009	8.0321e-009	7.926e-009	7.9275e-009	7.9499e-009	8.1803e-009	9.3244e-009	1.0135e-008	1.1287e-008	1.3613e-008	1.8592e-008	2.295e-008	2.8405e-008	3.4369e-008	4.2004e-008	5.1096e-008	5.8997e-008	6.4431e-008	6.8165e-008	7.1397e-008	7.6148e-008	8.1335e-008	8.4739e-008	8.7779e-008	8.9633e-008	9.2085e-008	9.3619e-008	9.5982e-008	9.7414e-008	9.732e-008	9.6562e-008	9.6677e-008	9.5276e-008	9.4534e-008	9.3019e-008	9.0561e-008	8.8217e-008	8.5489e-008	8.3915e-008	8.2059e-008	8.1074e-008	8.0259e-008	7.8158e-008	7.614e-008	7.4433e-008	7.1925e-008	6.9842e-008	6.8014e-008	6.5695e-008	6.4505e-008	6.2863e-008	5.9838e-008	5.6931e-008	5.3787e-008	5.1922e-008	5.046e-008	4.7498e-008	4.5673e-008	4.3548e-008	4.0039e-008	3.8417e-008	3.616e-008	3.1413e-008	2.9297e-008	2.7658e-008	2.6225e-008	2.3372e-008	2.1235e-008	1.8443e-008	1.5116e-008	1.2425e-008	1.0668e-008	9.1916e-009	8.1436e-009	8.0748e-009	7.6432e-009	7.6933e-009	7.9478e-009	8.101e-009	8.0384e-009	7.8379e-009	7.7898e-009	8.093e-009	8.572e-009	8.8618e-009	9.4337e-009	1.0115e-008	1.0509e-008	1.1754e-008	1.5388e-008	2.0234e-008	2.2374e-008	2.774e-008	3.4821e-008	4.2269e-008	4.9665e-008	5.7731e-008	6.2809e-008	6.7893e-008	7.3074e-008	7.753e-008	8.1389e-008	8.4617e-008	8.7061e-008	8.8798e-008	9.1107e-008	9.1974e-008	9.304e-008	9.4027e-008	9.4588e-008	9.466e-008	9.3816e-008	9.3767e-008	9.17e-008	9.0394e-008	8.9186e-008	8.886e-008	8.732e-008	8.5336e-008	8.3673e-008	8.2367e-008	7.9727e-008	7.6896e-008	7.373e-008	7.0571e-008	6.8234e-008	6.5546e-008	6.2838e-008	6.1053e-008	5.8846e-008	5.5861e-008	5.3261e-008	5.1213e-008	4.6836e-008	4.46e-008	4.1862e-008	3.9355e-008	3.6902e-008	3.4184e-008	3.1052e-008	2.7368e-008	2.5089e-008	2.1009e-008	1.9685e-008	1.7401e-008	1.4856e-008	1.2632e-008	1.0871e-008	9.0858e-009	7.9364e-009	7.0323e-009	6.4924e-009	6.8161e-009	6.218e-009	6.4127e-009	6.4583e-009	5.4198e-009	5.9e-009	6.7463e-009	7.0038e-009	6.9304e-009	7.1257e-009	7.8863e-009	8.6768e-009	9.2735e-009	1.1051e-008	1.3074e-008	1.5989e-008	1.9925e-008	2.3473e-008	2.7442e-008	3.1024e-008	3.7395e-008	4.4861e-008	5.0745e-008	5.7371e-008	6.4338e-008	6.9593e-008	7.4218e-008	7.6786e-008	8.006e-008	8.3265e-008	8.6056e-008	8.8512e-008	9.2235e-008	9.2724e-008	9.2314e-008	9.4571e-008	9.5496e-008	9.4268e-008	9.2843e-008	9.1829e-008	9.2993e-008	9.152e-008	9.0187e-008	8.7667e-008	8.5196e-008	8.2629e-008	8.1179e-008	8.0013e-008	7.7862e-008	7.5884e-008	7.3304e-008	7.2772e-008	7.0804e-008	6.9095e-008	6.6509e-008	6.3813e-008	5.9904e-008	5.7896e-008	5.6304e-008	5.3911e-008	5.0045e-008	4.8095e-008	4.5461e-008	4.3578e-008	3.9167e-008	3.6917e-008	3.4244e-008	3.1525e-008	2.9223e-008	2.7262e-008	2.5458e-008	2.3139e-008	2.1943e-008	1.8683e-008	1.7047e-008	1.437e-008	1.249e-008	1.0048e-008	7.9014e-009	6.5543e-009	5.7654e-009	5.5863e-009	5.0789e-009	5.3409e-009	5.1731e-009	4.3187e-009	4.2399e-009	4.0543e-009	4.7272e-009	4.9585e-009	4.8383e-009	5.3619e-009	5.7632e-009	5.8186e-009	6.8337e-009	1.0094e-008	1.291e-008	1.6173e-008	1.9532e-008	2.4294e-008	2.9508e-008	3.5903e-008	4.2092e-008	5.0154e-008	5.6484e-008	6.1454e-008	6.5978e-008	7.0435e-008	7.4094e-008	7.6944e-008	8.1467e-008	8.5345e-008	8.7571e-008	8.9078e-008	9.103e-008	9.2174e-008	9.2425e-008	9.2195e-008	9.2393e-008	9.2374e-008	9.2029e-008	9.1125e-008	9.0516e-008	8.8089e-008	8.5764e-008	8.4758e-008	8.2963e-008	8.1117e-008	7.9107e-008	7.7071e-008	7.5499e-008	7.439e-008	7.3052e-008	7.2034e-008	7.0518e-008	6.5592e-008	6.329e-008	6.0037e-008	5.7174e-008	5.5345e-008	5.386e-008	5.1134e-008	4.802e-008	4.402e-008	4.1942e-008	3.8916e-008	3.5393e-008	3.3467e-008	3.0749e-008	2.763e-008	2.4494e-008	2.2868e-008	1.9933e-008	1.6868e-008	1.4364e-008	1.2547e-008	9.4118e-009	7.5901e-009	5.8849e-009	5.1752e-009	4.5324e-009	3.6779e-009	3.8958e-009	3.8998e-009	3.9261e-009	3.3798e-009	4.0132e-009	3.9744e-009	3.418e-009	3.9924e-009	3.9727e-009	4.2825e-009	5.4722e-009	6.5003e-009	8.6292e-009	1.0891e-008	1.4257e-008	1.8083e-008	2.2239e-008	2.5364e-008	3.1026e-008	3.9346e-008	4.5091e-008	5.1701e-008	5.7163e-008	6.256e-008	6.6755e-008	7.086e-008	7.6115e-008	7.8611e-008	8.1553e-008	8.4678e-008	8.6825e-008	8.871e-008	9.0264e-008	9.1156e-008	9.2767e-008	9.4728e-008	9.4489e-008	9.3401e-008	9.3218e-008	9.2469e-008	9.0025e-008	8.9282e-008	8.8533e-008	8.6175e-008	8.3132e-008	8.2275e-008	8.1194e-008	7.9715e-008	7.7236e-008	7.5399e-008	7.3062e-008	7.1034e-008	6.9866e-008	6.7515e-008	6.5626e-008	6.2787e-008	6.0733e-008	6.0126e-008	5.4671e-008	5.2203e-008	4.98e-008	4.8156e-008	4.6233e-008	4.0959e-008	3.8449e-008	3.5082e-008	3.3589e-008	3.1844e-008	3.0129e-008	2.8481e-008	2.539e-008	2.2436e-008	2.0475e-008	1.6124e-008	1.4352e-008	1.1237e-008	9.0063e-009	6.4834e-009	5.8328e-009	4.8893e-009	4.3043e-009	3.986e-009	3.8494e-009	3.6239e-009	3.1828e-009	3.1084e-009	3.2081e-009	3.3288e-009	3.4595e-009	3.6942e-009	4.2836e-009	4.76e-009	6.0041e-009	7.6184e-009	1.0438e-008	1.3433e-008	1.6344e-008	2.0643e-008	2.5954e-008	3.03e-008	3.5776e-008	4.1181e-008	4.77e-008	5.2768e-008	5.7928e-008	6.4975e-008	7.0836e-008	7.6855e-008	8.0859e-008	8.3528e-008	8.6055e-008	8.8994e-008	9.1019e-008	9.3112e-008	9.5457e-008	9.5374e-008	9.4817e-008	9.492e-008	9.4481e-008	9.3472e-008	9.2536e-008	9.1591e-008	8.9768e-008	8.7228e-008	8.5897e-008	8.3829e-008	8.2258e-008	7.9864e-008	7.6615e-008	7.5222e-008	7.2967e-008	6.9819e-008	6.7427e-008	6.4204e-008	6.1245e-008	5.995e-008	5.7118e-008	5.3784e-008	5.1959e-008	4.9098e-008	4.5854e-008	4.3822e-008	4.2826e-008	4.1061e-008	3.655e-008	3.4985e-008	3.2455e-008	3.0612e-008
9.3477e-008	9.3152e-008	9.2402e-008	9.1062e-008	8.913e-008	8.7344e-008	8.5755e-008	8.4847e-008	8.3812e-008	8.1638e-008	7.9465e-008	7.7041e-008	7.3923e-008	7.2309e-008	7.1004e-008	6.9063e-008	6.6728e-008	6.5744e-008	6.3144e-008	6.0507e-008	5.6476e-008	5.4283e-008	5.2162e-008	4.9544e-008	4.7212e-008	4.579e-008	4.4097e-008	3.9881e-008	3.777e-008	3.6319e-008	3.4353e-008	3.1786e-008	2.9461e-008	2.596e-008	2.346e-008	2.1891e-008	1.9455e-008	1.7154e-008	1.4393e-008	1.2515e-008	1.0399e-008	9.3792e-009	8.5366e-009	8.4529e-009	7.9377e-009	8.2828e-009	8.3934e-009	8.3796e-009	8.4327e-009	8.5842e-009	8.4865e-009	8.5715e-009	8.0216e-009	8.3759e-009	8.0171e-009	8.4962e-009	9.0906e-009	9.9093e-009	1.1055e-008	1.4003e-008	1.864e-008	2.3321e-008	2.9445e-008	3.6216e-008	4.1971e-008	5.073e-008	5.8285e-008	6.374e-008	6.7105e-008	7.1066e-008	7.5926e-008	8.0931e-008	8.4488e-008	8.7934e-008	8.9768e-008	9.1896e-008	9.445e-008	9.7324e-008	9.8109e-008	9.7833e-008	9.7094e-008	9.7064e-008	9.5481e-008	9.4379e-008	9.2466e-008	9.1241e-008	8.9458e-008	8.7154e-008	8.5138e-008	8.3414e-008	8.1857e-008	8.0882e-008	7.9077e-008	7.6412e-008	7.3841e-008	7.212e-008	7.0848e-008	6.7229e-008	6.662e-008	6.369e-008	6.0643e-008	5.9739e-008	5.7246e-008	5.2767e-008	5.2134e-008	5.1229e-008	4.9003e-008	4.4916e-008	4.2918e-008	3.8184e-008	3.7281e-008	3.5888e-008	3.3959e-008	3.2495e-008	2.8383e-008	2.6892e-008	2.3194e-008	2.0744e-008	1.9256e-008	1.5384e-008	1.3823e-008	1.1616e-008	9.4072e-009	8.9132e-009	8.1392e-009	7.6657e-009	7.7786e-009	7.5975e-009	7.938e-009	7.7664e-009	7.9917e-009	8.5035e-009	8.1062e-009	8.3775e-009	8.6306e-009	9.9882e-009	1.0158e-008	1.0926e-008	1.2654e-008	1.5084e-008	1.9438e-008	2.3244e-008	2.7188e-008	3.3776e-008	4.0478e-008	4.9526e-008	5.8286e-008	6.4297e-008	6.9346e-008	7.4005e-008	7.8188e-008	8.2074e-008	8.5337e-008	8.7938e-008	8.8867e-008	9.1535e-008	9.2214e-008	9.3436e-008	9.4258e-008	9.4808e-008	9.4457e-008	9.3463e-008	9.2282e-008	9.1408e-008	8.9826e-008	8.8741e-008	8.8602e-008	8.7586e-008	8.5399e-008	8.3863e-008	8.1624e-008	7.9652e-008	7.6794e-008	7.4113e-008	7.0914e-008	6.7698e-008	6.549e-008	6.3881e-008	6.1873e-008	5.8423e-008	5.6392e-008	5.4456e-008	5.1855e-008	4.7396e-008	4.4755e-008	4.3056e-008	3.7774e-008	3.6846e-008	3.4232e-008	3.0603e-008	2.7851e-008	2.5358e-008	2.1123e-008	1.9116e-008	1.7833e-008	1.5709e-008	1.4083e-008	1.1457e-008	9.285e-009	8.1432e-009	7.5793e-009	6.7511e-009	6.8413e-009	6.4952e-009	5.9963e-009	5.9541e-009	5.4628e-009	4.9613e-009	6.7908e-009	7.3874e-009	7.6011e-009	7.6119e-009	7.9036e-009	8.4052e-009	9.8344e-009	1.0813e-008	1.2659e-008	1.5582e-008	1.8471e-008	2.2589e-008	2.7786e-008	3.2015e-008	3.7819e-008	4.4571e-008	5.0541e-008	5.7693e-008	6.4467e-008	7.0776e-008	7.3583e-008	7.6807e-008	8.0107e-008	8.4008e-008	8.6137e-008	8.9018e-008	9.0869e-008	9.215e-008	9.2602e-008	9.3801e-008	9.4567e-008	9.4262e-008	9.2982e-008	9.2277e-008	9.1339e-008	9.0906e-008	8.9675e-008	8.7049e-008	8.5533e-008	8.2709e-008	8.2188e-008	8.0297e-008	7.7748e-008	7.5601e-008	7.3818e-008	7.273e-008	7.0774e-008	6.9731e-008	6.6859e-008	6.3585e-008	6.0394e-008	5.9135e-008	5.7176e-008	5.3945e-008	5.1776e-008	4.8115e-008	4.5978e-008	4.1462e-008	3.6973e-008	3.5249e-008	3.4574e-008	3.2314e-008	2.8791e-008	2.6831e-008	2.5241e-008	2.2722e-008	2.1297e-008	1.8699e-008	1.7157e-008	1.3502e-008	1.2001e-008	1.0691e-008	7.4074e-009	6.8778e-009	6.0894e-009	5.1717e-009	5.3227e-009	5.5081e-009	5.1452e-009	3.9272e-009	4.42e-009	4.295e-009	4.5278e-009	4.9922e-009	4.6324e-009	4.6517e-009	5.6244e-009	6.3271e-009	7.619e-009	1.0383e-008	1.2592e-008	1.6677e-008	1.9875e-008	2.518e-008	3.1484e-008	3.6031e-008	4.3113e-008	5.1397e-008	5.7584e-008	6.2582e-008	6.731e-008	7.1047e-008	7.4074e-008	7.6634e-008	8.0238e-008	8.4533e-008	8.6368e-008	8.9287e-008	9.1052e-008	9.2247e-008	9.2924e-008	9.2526e-008	9.2623e-008	9.2664e-008	9.172e-008	9.1264e-008	8.9072e-008	8.6888e-008	8.5786e-008	8.4212e-008	8.3427e-008	8.1885e-008	7.8368e-008	7.7284e-008	7.4733e-008	7.33e-008	7.2926e-008	7.1549e-008	7.0634e-008	6.4851e-008	6.2126e-008	6.0465e-008	5.7698e-008	5.5835e-008	5.3164e-008	5.0595e-008	4.6614e-008	4.376e-008	4.0949e-008	3.8021e-008	3.6965e-008	3.3422e-008	3.0575e-008	2.7439e-008	2.4484e-008	2.177e-008	1.9271e-008	1.7177e-008	1.4135e-008	1.1847e-008	8.9997e-009	7.4358e-009	5.4254e-009	4.7439e-009	4.2345e-009	3.8306e-009	3.6763e-009	4.111e-009	4.0756e-009	3.8827e-009	3.8331e-009	3.6438e-009	3.5079e-009	3.7046e-009	3.8721e-009	4.1481e-009	5.5708e-009	6.5456e-009	7.9788e-009	1.1227e-008	1.4432e-008	1.9152e-008	2.306e-008	2.6885e-008	3.3919e-008	4.0821e-008	4.6216e-008	5.2124e-008	5.7268e-008	6.27e-008	6.7158e-008	7.2476e-008	7.5716e-008	7.8668e-008	8.274e-008	8.4775e-008	8.7119e-008	8.9063e-008	9.0688e-008	9.1551e-008	9.2139e-008	9.3419e-008	9.3534e-008	9.3422e-008	9.2625e-008	9.1869e-008	9.0959e-008	8.95e-008	8.8748e-008	8.6809e-008	8.3564e-008	8.2342e-008	8.156e-008	8.0345e-008	7.7486e-008	7.5483e-008	7.3645e-008	7.1703e-008	6.9491e-008	6.7147e-008	6.5209e-008	6.3628e-008	6.128e-008	5.9501e-008	5.6928e-008	5.2073e-008	4.8982e-008	4.8064e-008	4.6253e-008	4.287e-008	3.9887e-008	3.5437e-008	3.3295e-008	3.1743e-008	2.9462e-008	2.7636e-008	2.4856e-008	2.3606e-008	1.8173e-008	1.6154e-008	1.3543e-008	1.126e-008	9.2644e-009	7.5112e-009	5.1485e-009	4.6042e-009	4.226e-009	4.4151e-009	3.8201e-009	3.7745e-009	3.5161e-009	3.524e-009	4.0946e-009	3.7835e-009	3.8446e-009	4.128e-009	4.413e-009	5.0381e-009	6.214e-009	8.2239e-009	1.0284e-008	1.3783e-008	1.6741e-008	2.1107e-008	2.6054e-008	3.0944e-008	3.682e-008	4.2453e-008	4.773e-008	5.459e-008	5.916e-008	6.5166e-008	7.201e-008	7.6726e-008	8.0729e-008	8.4142e-008	8.7462e-008	8.9101e-008	9.1353e-008	9.2996e-008	9.4522e-008	9.4403e-008	9.4516e-008	9.4527e-008	9.3922e-008	9.3169e-008	9.2493e-008	9.1178e-008	8.9763e-008	8.7592e-008	8.6409e-008	8.3076e-008	8.0857e-008	7.8314e-008	7.5864e-008	7.3785e-008	7.1708e-008	7.0011e-008	6.7369e-008	6.3303e-008	6.1348e-008	5.9698e-008	5.7233e-008	5.5166e-008	5.164e-008	4.9441e-008	4.7036e-008	4.4651e-008	4.2756e-008	4.0881e-008	3.6892e-008	3.2756e-008	3.2046e-008	3.0908e-008
9.3834e-008	9.3211e-008	9.2449e-008	9.0866e-008	8.8959e-008	8.7085e-008	8.5623e-008	8.4345e-008	8.3193e-008	8.1676e-008	7.9689e-008	7.5733e-008	7.5071e-008	7.363e-008	7.1779e-008	6.9521e-008	6.7044e-008	6.4743e-008	6.2689e-008	5.9303e-008	5.6451e-008	5.4717e-008	5.1685e-008	4.9235e-008	4.7084e-008	4.556e-008	4.2626e-008	3.961e-008	3.7323e-008	3.5873e-008	3.4793e-008	3.2256e-008	2.9447e-008	2.5222e-008	2.4033e-008	2.2082e-008	1.8472e-008	1.7455e-008	1.4581e-008	1.3367e-008	1.0203e-008	9.2734e-009	8.9047e-009	8.8817e-009	8.5667e-009	8.7076e-009	8.6416e-009	8.3785e-009	7.8935e-009	8.2163e-009	8.4206e-009	8.6868e-009	8.8828e-009	8.616e-009	8.4316e-009	9.0891e-009	9.6545e-009	1.0282e-008	1.1556e-008	1.4604e-008	1.8227e-008	2.3712e-008	3.075e-008	3.6201e-008	4.392e-008	5.0685e-008	5.6095e-008	6.3641e-008	6.7684e-008	7.2205e-008	7.7549e-008	8.25e-008	8.5999e-008	8.8655e-008	9.0811e-008	9.3018e-008	9.5383e-008	9.7891e-008	9.8486e-008	9.789e-008	9.8023e-008	9.7031e-008	9.7254e-008	9.5082e-008	9.2687e-008	9.1611e-008	8.8501e-008	8.6935e-008	8.5675e-008	8.5078e-008	8.3291e-008	8.1619e-008	7.9212e-008	7.791e-008	7.5354e-008	7.3685e-008	7.0487e-008	6.9266e-008	6.6588e-008	6.4096e-008	6.2436e-008	5.9485e-008	5.5492e-008	5.4191e-008	5.2882e-008	5.2172e-008	4.9149e-008	4.63e-008	4.2058e-008	3.9991e-008	3.8851e-008	3.6891e-008	3.3799e-008	3.1481e-008	2.8505e-008	2.6344e-008	2.3896e-008	2.1007e-008	1.9308e-008	1.574e-008	1.4666e-008	1.0483e-008	9.4204e-009	8.4967e-009	8.8443e-009	8.7008e-009	8.7619e-009	8.0749e-009	8.0647e-009	8.438e-009	8.2823e-009	8.2734e-009	8.2911e-009	8.714e-009	9.2226e-009	1.0037e-008	1.0371e-008	1.1648e-008	1.2981e-008	1.5769e-008	2.0062e-008	2.2998e-008	2.734e-008	3.331e-008	4.0837e-008	5.1574e-008	5.9262e-008	6.578e-008	7.0787e-008	7.3697e-008	7.7475e-008	8.1717e-008	8.5269e-008	8.8507e-008	8.9517e-008	9.1836e-008	9.3053e-008	9.3787e-008	9.4894e-008	9.453e-008	9.4202e-008	9.3125e-008	9.2594e-008	9.1386e-008	9.0192e-008	8.9222e-008	8.7905e-008	8.7109e-008	8.5411e-008	8.4313e-008	8.108e-008	7.9849e-008	7.769e-008	7.4857e-008	7.0551e-008	6.7706e-008	6.6762e-008	6.5135e-008	6.2019e-008	5.9361e-008	5.6731e-008	5.4602e-008	5.037e-008	4.9761e-008	4.6869e-008	4.4217e-008	4.123e-008	3.7836e-008	3.4969e-008	3.0144e-008	2.8568e-008	2.6202e-008	2.3466e-008	2.0638e-008	1.925e-008	1.69e-008	1.384e-008	1.1607e-008	9.9632e-009	8.9258e-009	7.8266e-009	7.2285e-009	6.6955e-009	6.7314e-009	6.7336e-009	6.0047e-009	6.0372e-009	5.9871e-009	6.5761e-009	7.1247e-009	7.3114e-009	7.6103e-009	8.1066e-009	8.4274e-009	9.8574e-009	1.1313e-008	1.2794e-008	1.5444e-008	1.9509e-008	2.3878e-008	2.7995e-008	3.2938e-008	3.8083e-008	4.4602e-008	5.0744e-008	5.7768e-008	6.4982e-008	6.9687e-008	7.3361e-008	7.6208e-008	8.039e-008	8.4463e-008	8.6811e-008	8.9327e-008	9.0411e-008	9.1576e-008	9.2611e-008	9.2472e-008	9.394e-008	9.4109e-008	9.4254e-008	9.35e-008	9.1923e-008	9.0603e-008	8.8852e-008	8.688e-008	8.5259e-008	8.3852e-008	8.2132e-008	7.9917e-008	7.8232e-008	7.7256e-008	7.5252e-008	7.2807e-008	7.064e-008	6.8392e-008	6.5315e-008	6.3294e-008	6.132e-008	6.0694e-008	5.8185e-008	5.663e-008	5.3298e-008	4.8539e-008	4.6996e-008	4.3864e-008	4.0911e-008	3.7846e-008	3.5569e-008	3.2652e-008	3.053e-008	2.7355e-008	2.4838e-008	2.2942e-008	2.1319e-008	2.0282e-008	1.7702e-008	1.4604e-008	1.238e-008	1.1031e-008	8.5224e-009	7.0106e-009	6.339e-009	5.749e-009	5.68e-009	5.6863e-009	5.417e-009	4.4074e-009	5.0185e-009	5.2467e-009	4.7613e-009	5.0793e-009	5.0852e-009	4.9951e-009	5.7644e-009	6.93e-009	9.2279e-009	1.0921e-008	1.403e-008	1.7935e-008	2.1436e-008	2.6403e-008	3.2461e-008	3.8151e-008	4.3838e-008	5.34e-008	5.9057e-008	6.3639e-008	6.8234e-008	7.1433e-008	7.4693e-008	7.7731e-008	8.1529e-008	8.5871e-008	8.8202e-008	9.0029e-008	9.1174e-008	9.2275e-008	9.2826e-008	9.2866e-008	9.2966e-008	9.2926e-008	9.2519e-008	9.154e-008	8.9803e-008	8.7708e-008	8.5822e-008	8.4264e-008	8.3319e-008	8.2226e-008	7.8867e-008	7.7312e-008	7.5471e-008	7.4241e-008	7.2634e-008	7.0108e-008	6.9148e-008	6.5758e-008	6.3557e-008	6.0801e-008	5.9415e-008	5.6499e-008	5.398e-008	4.9973e-008	4.7871e-008	4.5223e-008	4.3641e-008	4.0811e-008	3.7761e-008	3.3509e-008	3.0268e-008	2.8118e-008	2.4957e-008	2.2e-008	2.0075e-008	1.5556e-008	1.3449e-008	1.2736e-008	1.0408e-008	7.7531e-009	6.4384e-009	5.2425e-009	4.9281e-009	4.4314e-009	4.1257e-009	4.3475e-009	4.4952e-009	4.0073e-009	4.6644e-009	4.4212e-009	3.7367e-009	3.8347e-009	4.3817e-009	5.2443e-009	5.8657e-009	6.8391e-009	8.2417e-009	1.1831e-008	1.5652e-008	1.9442e-008	2.3768e-008	2.728e-008	3.407e-008	4.0698e-008	4.6723e-008	5.2919e-008	5.8745e-008	6.334e-008	6.8334e-008	7.318e-008	7.6526e-008	8.1261e-008	8.3994e-008	8.5898e-008	8.7737e-008	9.1457e-008	9.2144e-008	9.2656e-008	9.3224e-008	9.3805e-008	9.3959e-008	9.394e-008	9.3362e-008	9.285e-008	9.225e-008	9.1023e-008	8.8526e-008	8.702e-008	8.5656e-008	8.442e-008	8.3042e-008	8.1043e-008	7.846e-008	7.6508e-008	7.4178e-008	7.0876e-008	6.8843e-008	6.6486e-008	6.4982e-008	6.4199e-008	6.1717e-008	6.0126e-008	5.6285e-008	5.3588e-008	4.8979e-008	4.8083e-008	4.4763e-008	4.2981e-008	3.9934e-008	3.7324e-008	3.3296e-008	3.1676e-008	2.9785e-008	2.7646e-008	2.6127e-008	2.3273e-008	2.0871e-008	1.7153e-008	1.5125e-008	1.2155e-008	8.7751e-009	7.2911e-009	5.3509e-009	4.5216e-009	4.7613e-009	4.243e-009	4.5027e-009	4.2539e-009	3.6411e-009	3.8114e-009	4.5778e-009	4.2245e-009	4.575e-009	4.982e-009	4.9504e-009	5.5749e-009	6.6843e-009	8.4479e-009	1.0256e-008	1.4298e-008	1.6978e-008	2.0622e-008	2.6914e-008	3.3522e-008	3.7541e-008	4.3841e-008	4.973e-008	5.5285e-008	6.0843e-008	6.7313e-008	7.3847e-008	7.8072e-008	8.2826e-008	8.5044e-008	8.7029e-008	8.9724e-008	9.2524e-008	9.3097e-008	9.3876e-008	9.4148e-008	9.4669e-008	9.5141e-008	9.4903e-008	9.363e-008	9.2875e-008	9.2025e-008	9.079e-008	8.8625e-008	8.6799e-008	8.3878e-008	8.061e-008	7.9481e-008	7.6407e-008	7.4246e-008	7.2167e-008	6.9681e-008	6.7494e-008	6.4783e-008	6.1714e-008	5.9525e-008	5.7672e-008	5.5129e-008	5.2739e-008	5.0514e-008	4.8536e-008	4.5439e-008	4.3416e-008	4.047e-008	3.8176e-008	3.5578e-008	3.1678e-008	3.1346e-008
9.3935e-008	9.297e-008	9.2007e-008	9.125e-008	8.8928e-008	8.7423e-008	8.5482e-008	8.3439e-008	8.1973e-008	8.0175e-008	7.8893e-008	7.711e-008	7.587e-008	7.4671e-008	7.1643e-008	6.9065e-008	6.7065e-008	6.3698e-008	6.1047e-008	5.8999e-008	5.7792e-008	5.4389e-008	5.2142e-008	4.8396e-008	4.7227e-008	4.5873e-008	4.2243e-008	4.0423e-008	3.8109e-008	3.5804e-008	3.4761e-008	3.2691e-008	2.9624e-008	2.6722e-008	2.4567e-008	2.2216e-008	2.0163e-008	1.8139e-008	1.5688e-008	1.2273e-008	1.0654e-008	9.6186e-009	9.0214e-009	8.9957e-009	8.9373e-009	8.6563e-009	8.6168e-009	8.4108e-009	8.0874e-009	7.7997e-009	8.625e-009	8.8e-009	8.2675e-009	8.3856e-009	8.83e-009	9.1612e-009	9.6182e-009	1.0242e-008	1.1811e-008	1.4563e-008	1.9338e-008	2.3674e-008	3.0857e-008	3.8416e-008	4.4967e-008	5.0326e-008	5.6375e-008	6.2093e-008	6.7864e-008	7.356e-008	7.8914e-008	8.3367e-008	8.653e-008	8.8552e-008	9.1554e-008	9.3674e-008	9.6002e-008	9.8095e-008	9.8996e-008	9.8314e-008	9.9015e-008	9.93e-008	9.8134e-008	9.6222e-008	9.3616e-008	9.1809e-008	9.0243e-008	8.796e-008	8.6532e-008	8.5144e-008	8.3878e-008	8.0542e-008	7.9807e-008	7.7955e-008	7.617e-008	7.4739e-008	7.0583e-008	6.9826e-008	6.7802e-008	6.5303e-008	6.3014e-008	5.8659e-008	5.6639e-008	5.5173e-008	5.3047e-008	5.1416e-008	5.042e-008	4.5963e-008	4.3139e-008	4.1507e-008	3.9945e-008	3.7614e-008	3.3034e-008	3.2369e-008	2.8951e-008	2.5402e-008	2.4e-008	2.1808e-008	1.9258e-008	1.7835e-008	1.5999e-008	1.2417e-008	1.0308e-008	9.2388e-009	8.8012e-009	8.7515e-009	8.6523e-009	8.5056e-009	8.427e-009	8.5511e-009	8.2214e-009	8.0302e-009	8.3603e-009	8.4337e-009	8.8561e-009	9.5498e-009	9.7382e-009	1.1481e-008	1.3624e-008	1.5671e-008	1.8153e-008	2.3391e-008	2.7507e-008	3.3321e-008	4.3058e-008	5.3012e-008	6.0379e-008	6.5429e-008	7.0764e-008	7.4393e-008	7.8196e-008	8.1927e-008	8.6651e-008	8.8372e-008	8.9721e-008	9.2149e-008	9.3496e-008	9.4362e-008	9.5249e-008	9.5463e-008	9.4705e-008	9.3755e-008	9.2931e-008	9.1852e-008	9.0735e-008	8.9363e-008	8.7892e-008	8.6781e-008	8.5464e-008	8.2726e-008	8.0634e-008	7.901e-008	7.7277e-008	7.5263e-008	7.2939e-008	6.9983e-008	6.8074e-008	6.5926e-008	6.0371e-008	5.9594e-008	5.6093e-008	5.4481e-008	5.0998e-008	4.9557e-008	4.6527e-008	4.4149e-008	4.1462e-008	3.7776e-008	3.4419e-008	3.1884e-008	2.9265e-008	2.548e-008	2.3137e-008	2.1833e-008	1.9496e-008	1.7523e-008	1.4449e-008	1.136e-008	9.6802e-009	9.6341e-009	8.4595e-009	7.6236e-009	7.0677e-009	7.3223e-009	6.9701e-009	6.2847e-009	6.0741e-009	6.223e-009	6.616e-009	6.5123e-009	7.8231e-009	7.4674e-009	7.5681e-009	8.2225e-009	9.4445e-009	1.1303e-008	1.3312e-008	1.5363e-008	1.8584e-008	2.3947e-008	2.7096e-008	3.2745e-008	3.7769e-008	4.3959e-008	4.882e-008	5.605e-008	6.226e-008	6.7923e-008	7.2666e-008	7.5799e-008	8.0052e-008	8.3764e-008	8.6413e-008	9.0371e-008	9.1148e-008	9.1697e-008	9.2847e-008	9.3553e-008	9.3796e-008	9.4827e-008	9.5309e-008	9.3688e-008	9.1754e-008	9.0251e-008	8.8751e-008	8.668e-008	8.5333e-008	8.4377e-008	8.2189e-008	7.894e-008	7.826e-008	7.6676e-008	7.4742e-008	7.2573e-008	7.0685e-008	6.792e-008	6.5536e-008	6.3318e-008	6.1647e-008	5.9957e-008	5.841e-008	5.5544e-008	5.3275e-008	4.9017e-008	4.671e-008	4.2992e-008	3.9907e-008	3.8464e-008	3.3866e-008	3.2736e-008	3.1314e-008	2.52e-008	2.5481e-008	2.3603e-008	2.1798e-008	1.9575e-008	1.7436e-008	1.3642e-008	1.2867e-008	1.1388e-008	9.0823e-009	6.7152e-009	6.0649e-009	5.9245e-009	5.8028e-009	5.7865e-009	5.1817e-009	5.2644e-009	5.1362e-009	5.1357e-009	4.8452e-009	5.222e-009	5.3712e-009	5.6062e-009	6.1159e-009	7.4196e-009	1.0137e-008	1.1468e-008	1.4656e-008	1.8786e-008	2.2543e-008	2.7378e-008	3.3433e-008	3.8918e-008	4.3378e-008	5.2062e-008	5.873e-008	6.3583e-008	6.7541e-008	7.0667e-008	7.5842e-008	7.8695e-008	8.2461e-008	8.6703e-008	8.8536e-008	8.9803e-008	9.1152e-008	9.2517e-008	9.2661e-008	9.2782e-008	9.2736e-008	9.2819e-008	9.3206e-008	9.1772e-008	9.0108e-008	8.8361e-008	8.5939e-008	8.4239e-008	8.3554e-008	8.1943e-008	8.0026e-008	7.7713e-008	7.5572e-008	7.4286e-008	7.3112e-008	7.0634e-008	6.8063e-008	6.4484e-008	6.3074e-008	6.194e-008	5.9793e-008	5.5848e-008	5.3789e-008	4.9619e-008	4.7763e-008	4.5994e-008	4.3182e-008	4.0829e-008	3.7144e-008	3.2181e-008	3.0631e-008	2.7698e-008	2.5392e-008	2.1728e-008	1.9794e-008	1.6781e-008	1.4954e-008	1.3131e-008	1.1043e-008	8.1594e-009	6.7722e-009	5.858e-009	5.2546e-009	4.9566e-009	5.2235e-009	4.6348e-009	4.2736e-009	4.1678e-009	4.486e-009	4.1464e-009	4.073e-009	4.3482e-009	4.9091e-009	5.4403e-009	6.03e-009	6.7129e-009	8.5366e-009	1.1318e-008	1.5362e-008	1.8118e-008	2.2245e-008	2.6449e-008	3.2704e-008	3.8219e-008	4.4281e-008	5.212e-008	5.86e-008	6.417e-008	6.817e-008	7.4e-008	7.9175e-008	8.2836e-008	8.4953e-008	8.6637e-008	9.0502e-008	9.2933e-008	9.3228e-008	9.3128e-008	9.3358e-008	9.3561e-008	9.427e-008	9.4363e-008	9.3997e-008	9.2819e-008	9.2313e-008	8.9733e-008	8.8207e-008	8.672e-008	8.6489e-008	8.437e-008	8.2733e-008	8.0026e-008	7.876e-008	7.6002e-008	7.372e-008	7.1316e-008	6.8445e-008	6.66e-008	6.583e-008	6.5128e-008	6.2326e-008	6.0779e-008	5.7053e-008	5.4642e-008	5.0889e-008	4.7073e-008	4.4045e-008	4.2439e-008	4.037e-008	3.6444e-008	3.447e-008	3.0942e-008	2.9581e-008	2.7609e-008	2.5503e-008	2.2126e-008	2.0798e-008	1.7941e-008	1.5225e-008	1.2362e-008	9.8296e-009	7.2669e-009	5.4269e-009	4.727e-009	4.4376e-009	4.7759e-009	4.6564e-009	3.8392e-009	3.6397e-009	3.5076e-009	4.4633e-009	4.194e-009	4.5549e-009	4.7518e-009	5.0758e-009	5.2675e-009	6.8805e-009	8.8263e-009	1.1603e-008	1.397e-008	1.6641e-008	2.0683e-008	2.7765e-008	3.3712e-008	3.875e-008	4.532e-008	5.1967e-008	5.5958e-008	6.1131e-008	6.7994e-008	7.424e-008	7.8291e-008	8.3371e-008	8.5027e-008	8.7728e-008	8.9406e-008	9.1336e-008	9.2571e-008	9.3055e-008	9.3697e-008	9.4231e-008	9.4293e-008	9.389e-008	9.3315e-008	9.2686e-008	9.2372e-008	9.1787e-008	8.9169e-008	8.6506e-008	8.3396e-008	8.1055e-008	7.8665e-008	7.7452e-008	7.6169e-008	7.2211e-008	7.0098e-008	6.7094e-008	6.4525e-008	6.1891e-008	5.9133e-008	5.7612e-008	5.5548e-008	5.2485e-008	5.0758e-008	4.8167e-008	4.6505e-008	4.4198e-008	4.0414e-008	3.878e-008	3.6008e-008	3.3286e-008	3.1233e-008
9.4341e-008	9.2925e-008	9.2103e-008	9.0322e-008	8.9136e-008	8.7387e-008	8.5398e-008	8.4503e-008	8.1173e-008	7.9586e-008	7.8422e-008	7.7313e-008	7.64e-008	7.5463e-008	7.1829e-008	6.9488e-008	6.7384e-008	6.4962e-008	6.2117e-008	6.0053e-008	5.7845e-008	5.4947e-008	5.1297e-008	4.9686e-008	4.8066e-008	4.6512e-008	4.3098e-008	4.0694e-008	3.6603e-008	3.5704e-008	3.3805e-008	3.1704e-008	2.9473e-008	2.6584e-008	2.4213e-008	2.1663e-008	2.0047e-008	1.7739e-008	1.4934e-008	1.2587e-008	1.0825e-008	9.8658e-009	9.4538e-009	9.3039e-009	8.8962e-009	8.5292e-009	8.1294e-009	7.4455e-009	7.6374e-009	7.5578e-009	8.0207e-009	8.3018e-009	8.594e-009	8.5403e-009	8.9555e-009	9.0909e-009	9.7489e-009	1.1154e-008	1.2447e-008	1.4665e-008	1.8777e-008	2.3453e-008	3.0024e-008	3.7798e-008	4.6235e-008	5.0343e-008	5.6131e-008	6.1356e-008	6.9024e-008	7.3631e-008	8.0565e-008	8.4326e-008	8.7984e-008	9.0075e-008	9.2479e-008	9.5206e-008	9.6598e-008	9.8125e-008	9.8428e-008	9.8464e-008	9.9109e-008	9.8895e-008	9.7577e-008	9.5974e-008	9.3669e-008	9.1e-008	8.929e-008	8.7304e-008	8.6655e-008	8.54e-008	8.4359e-008	8.285e-008	7.9934e-008	7.7901e-008	7.6509e-008	7.5029e-008	7.2471e-008	6.924e-008	6.7595e-008	6.5833e-008	6.3938e-008	5.8504e-008	5.7413e-008	5.5579e-008	5.3875e-008	5.2097e-008	4.9837e-008	4.751e-008	4.4339e-008	4.2513e-008	4.0402e-008	3.8721e-008	3.4782e-008	3.2218e-008	3.0563e-008	2.5499e-008	2.393e-008	2.2663e-008	1.9512e-008	1.7719e-008	1.3761e-008	1.1998e-008	1.043e-008	9.039e-009	8.5568e-009	8.6551e-009	8.6688e-009	8.3952e-009	8.4609e-009	8.3941e-009	8.6329e-009	8.4457e-009	8.2708e-009	7.9997e-009	8.5143e-009	9.184e-009	9.2867e-009	1.0261e-008	1.339e-008	1.5637e-008	1.9103e-008	2.2873e-008	2.7969e-008	3.4784e-008	4.4323e-008	5.3704e-008	6.1035e-008	6.6176e-008	7.0828e-008	7.4368e-008	7.7951e-008	8.28e-008	8.6295e-008	8.8167e-008	9.0381e-008	9.2037e-008	9.4815e-008	9.6039e-008	9.7051e-008	9.6658e-008	9.5623e-008	9.4745e-008	9.3132e-008	9.2552e-008	9.195e-008	9.0555e-008	8.9182e-008	8.6273e-008	8.3859e-008	8.1207e-008	7.9776e-008	7.8196e-008	7.6961e-008	7.4628e-008	7.296e-008	7.0373e-008	6.927e-008	6.5076e-008	6.218e-008	5.8808e-008	5.5329e-008	5.3741e-008	5.216e-008	5.046e-008	4.6124e-008	4.4045e-008	4.1423e-008	3.7951e-008	3.3614e-008	3.1272e-008	2.9931e-008	2.5699e-008	2.4065e-008	2.2622e-008	2.0819e-008	1.803e-008	1.4473e-008	1.1741e-008	1.0537e-008	9.4724e-009	8.8846e-009	7.7663e-009	7.2839e-009	6.9299e-009	7.387e-009	6.9295e-009	6.0239e-009	6.5943e-009	6.4243e-009	6.7377e-009	7.5224e-009	7.9141e-009	7.6994e-009	8.491e-009	9.365e-009	1.0496e-008	1.2848e-008	1.54e-008	1.8853e-008	2.2845e-008	2.7508e-008	3.3153e-008	3.7949e-008	4.3499e-008	5.0053e-008	5.6407e-008	6.2493e-008	6.823e-008	7.2273e-008	7.5787e-008	7.975e-008	8.3563e-008	8.7487e-008	8.9496e-008	9.0722e-008	9.1825e-008	9.3312e-008	9.3897e-008	9.4512e-008	9.4756e-008	9.5234e-008	9.3157e-008	9.185e-008	9.0818e-008	8.973e-008	8.7719e-008	8.6063e-008	8.434e-008	8.1797e-008	7.9872e-008	7.8434e-008	7.7056e-008	7.5431e-008	7.3261e-008	6.8762e-008	6.6698e-008	6.4468e-008	6.2505e-008	6.1021e-008	5.8649e-008	5.6831e-008	5.4963e-008	5.1333e-008	4.9695e-008	4.5772e-008	4.1699e-008	3.8495e-008	3.8082e-008	3.4392e-008	3.2345e-008	3.1086e-008	2.8767e-008	2.7121e-008	2.3947e-008	2.196e-008	1.9701e-008	1.6961e-008	1.5155e-008	1.2433e-008	1.1341e-008	7.8702e-009	6.4856e-009	5.6387e-009	5.4107e-009	5.6117e-009	5.3123e-009	5.0419e-009	5.1339e-009	5.3046e-009	5.2562e-009	4.9762e-009	5.0582e-009	5.4625e-009	5.5284e-009	6.5989e-009	7.5953e-009	9.617e-009	1.245e-008	1.5304e-008	1.9538e-008	2.3027e-008	2.7403e-008	3.2291e-008	3.822e-008	4.2378e-008	5.0432e-008	5.6292e-008	6.2595e-008	6.7972e-008	7.2593e-008	7.7072e-008	8.0453e-008	8.3551e-008	8.676e-008	8.8563e-008	8.971e-008	9.1376e-008	9.278e-008	9.3248e-008	9.3046e-008	9.2882e-008	9.3195e-008	9.3783e-008	9.1732e-008	9.0556e-008	8.9131e-008	8.81e-008	8.6343e-008	8.3041e-008	8.1907e-008	7.9794e-008	7.7584e-008	7.5119e-008	7.3804e-008	7.2599e-008	7.1637e-008	6.6954e-008	6.4576e-008	6.19e-008	5.9591e-008	5.7025e-008	5.4893e-008	5.2838e-008	5.0116e-008	4.7273e-008	4.5824e-008	4.2417e-008	3.9743e-008	3.5737e-008	3.3362e-008	3.1018e-008	2.8586e-008	2.5687e-008	2.3048e-008	1.9512e-008	1.7454e-008	1.4955e-008	1.2629e-008	1.1138e-008	8.4421e-009	7.3838e-009	6.3707e-009	5.3794e-009	5.5279e-009	4.6092e-009	4.4523e-009	4.3341e-009	4.1006e-009	3.9928e-009	3.8896e-009	4.2368e-009	4.5204e-009	5.1419e-009	5.4617e-009	6.1531e-009	6.9225e-009	8.7104e-009	1.0991e-008	1.3934e-008	1.803e-008	2.2099e-008	2.5836e-008	3.2123e-008	3.7582e-008	4.2783e-008	4.945e-008	5.612e-008	6.2106e-008	6.8479e-008	7.4463e-008	7.8501e-008	8.3794e-008	8.5562e-008	8.823e-008	9.1249e-008	9.346e-008	9.3868e-008	9.3519e-008	9.3347e-008	9.3988e-008	9.4917e-008	9.5002e-008	9.5179e-008	9.4511e-008	9.3043e-008	9.0688e-008	8.8698e-008	8.7105e-008	8.6791e-008	8.4601e-008	8.2527e-008	8.0628e-008	7.8788e-008	7.5748e-008	7.4712e-008	7.0027e-008	6.8447e-008	6.7086e-008	6.6839e-008	6.5515e-008	6.349e-008	6.039e-008	5.7848e-008	5.2619e-008	4.9844e-008	4.7086e-008	4.4275e-008	4.2339e-008	4.1044e-008	3.6738e-008	3.4555e-008	3.2221e-008	2.9104e-008	2.6908e-008	2.4745e-008	2.2216e-008	1.9612e-008	1.7511e-008	1.3435e-008	1.0945e-008	8.9681e-009	7.1392e-009	5.5241e-009	5.0173e-009	4.447e-009	4.5334e-009	4.4678e-009	4.1735e-009	4.0399e-009	4.4082e-009	4.7659e-009	4.792e-009	4.8299e-009	4.3064e-009	4.6586e-009	5.5698e-009	7.4145e-009	9.3556e-009	1.1532e-008	1.4016e-008	1.7219e-008	2.1307e-008	2.8133e-008	3.3246e-008	3.7906e-008	4.6002e-008	5.0997e-008	5.6608e-008	6.2328e-008	7.0318e-008	7.575e-008	7.824e-008	8.0638e-008	8.4007e-008	8.6748e-008	8.953e-008	9.0713e-008	9.1685e-008	9.2324e-008	9.3552e-008	9.4107e-008	9.4294e-008	9.3638e-008	9.2899e-008	9.2564e-008	9.2373e-008	9.0876e-008	8.7555e-008	8.5715e-008	8.3278e-008	8.134e-008	7.8742e-008	7.7542e-008	7.7028e-008	7.3124e-008	7.0144e-008	6.7084e-008	6.3712e-008	6.1118e-008	5.8973e-008	5.7381e-008	5.6084e-008	5.3962e-008	5.1218e-008	4.8191e-008	4.5791e-008	4.2295e-008	4.0534e-008	3.6953e-008	3.5409e-008	3.3015e-008	3.1618e-008
9.4549e-008	9.3401e-008	9.1667e-008	9.0513e-008	8.9098e-008	8.7153e-008	8.5223e-008	8.4686e-008	8.247e-008	7.9539e-008	7.8505e-008	7.738e-008	7.6523e-008	7.5347e-008	7.1635e-008	6.9129e-008	6.7655e-008	6.6535e-008	6.179e-008	6.0284e-008	5.6353e-008	5.5345e-008	5.2402e-008	4.9761e-008	4.7775e-008	4.5034e-008	4.3288e-008	4.0146e-008	3.769e-008	3.5612e-008	3.3585e-008	3.1418e-008	2.8749e-008	2.528e-008	2.3491e-008	2.1836e-008	1.9737e-008	1.7777e-008	1.5253e-008	1.2843e-008	1.0904e-008	9.3519e-009	8.7302e-009	8.4802e-009	8.3317e-009	8.1427e-009	8.0389e-009	7.9484e-009	7.7496e-009	7.982e-009	7.6932e-009	7.9929e-009	8.1834e-009	8.6066e-009	9.3558e-009	9.9774e-009	9.9858e-009	1.0539e-008	1.2283e-008	1.5084e-008	1.8995e-008	2.3469e-008	2.9492e-008	3.7263e-008	4.4656e-008	4.8466e-008	5.53e-008	6.2178e-008	7.0122e-008	7.8561e-008	8.2622e-008	8.7437e-008	8.9887e-008	9.2302e-008	9.3818e-008	9.5129e-008	9.6148e-008	9.7013e-008	9.7622e-008	9.8096e-008	9.7845e-008	9.7535e-008	9.775e-008	9.5458e-008	9.3276e-008	9.0767e-008	8.8826e-008	8.703e-008	8.5509e-008	8.4434e-008	8.2979e-008	8.1957e-008	7.9879e-008	7.7829e-008	7.6533e-008	7.4992e-008	7.3345e-008	7.1094e-008	6.7209e-008	6.5362e-008	6.3477e-008	6.1077e-008	5.8126e-008	5.639e-008	5.3876e-008	5.2141e-008	5.0949e-008	4.8138e-008	4.457e-008	4.2696e-008	4.0191e-008	3.7584e-008	3.5015e-008	3.305e-008	3.0818e-008	2.8065e-008	2.4865e-008	2.3248e-008	1.9208e-008	1.7318e-008	1.5459e-008	1.3109e-008	1.1088e-008	9.6286e-009	8.4718e-009	8.6291e-009	8.8367e-009	8.3505e-009	7.6849e-009	8.0896e-009	8.5971e-009	8.2615e-009	7.6331e-009	7.3526e-009	8.2964e-009	8.3104e-009	8.362e-009	1.0341e-008	1.2539e-008	1.5614e-008	1.9047e-008	2.3499e-008	2.8973e-008	3.694e-008	4.587e-008	5.4378e-008	6.1647e-008	6.5948e-008	7.0028e-008	7.3625e-008	7.859e-008	8.3261e-008	8.6083e-008	8.8534e-008	9.0666e-008	9.2679e-008	9.5384e-008	9.6903e-008	9.6991e-008	9.7703e-008	9.6469e-008	9.4655e-008	9.3691e-008	9.3792e-008	9.2837e-008	9.1025e-008	8.8462e-008	8.6347e-008	8.327e-008	8.1113e-008	7.9767e-008	7.8442e-008	7.6776e-008	7.4054e-008	7.2538e-008	7.1223e-008	6.8875e-008	6.5862e-008	6.1835e-008	5.8406e-008	5.5169e-008	5.2367e-008	5.1595e-008	5.0366e-008	4.7543e-008	4.4128e-008	4.1234e-008	3.7044e-008	3.4852e-008	3.1871e-008	2.9191e-008	2.6897e-008	2.464e-008	2.3123e-008	2.0613e-008	1.7802e-008	1.5418e-008	1.2812e-008	1.1322e-008	1.0013e-008	8.9023e-009	7.4973e-009	7.3732e-009	6.1781e-009	6.5546e-009	6.4013e-009	6.1847e-009	6.1763e-009	5.579e-009	5.9679e-009	6.61e-009	7.4923e-009	7.82e-009	8.2945e-009	9.2619e-009	1.0683e-008	1.3185e-008	1.5481e-008	1.8945e-008	2.318e-008	2.7173e-008	3.2825e-008	3.6208e-008	4.2865e-008	4.9955e-008	5.6669e-008	6.2629e-008	6.6197e-008	7.2235e-008	7.6526e-008	8.0107e-008	8.4005e-008	8.6782e-008	8.9425e-008	9.0567e-008	9.2064e-008	9.3313e-008	9.408e-008	9.5078e-008	9.5479e-008	9.3471e-008	9.1971e-008	9.1988e-008	9.1547e-008	9.0124e-008	8.8916e-008	8.644e-008	8.4786e-008	8.316e-008	7.9689e-008	7.7809e-008	7.6021e-008	7.4854e-008	7.3745e-008	6.8323e-008	6.666e-008	6.4239e-008	6.2766e-008	6.0394e-008	5.8098e-008	5.5824e-008	5.4229e-008	5.2292e-008	4.866e-008	4.5341e-008	4.3648e-008	4.0107e-008	3.6758e-008	3.5e-008	3.2509e-008	3.0665e-008	2.9158e-008	2.7739e-008	2.3089e-008	2.1309e-008	1.8592e-008	1.702e-008	1.5113e-008	1.2786e-008	1.1071e-008	8.7278e-009	6.1664e-009	5.5711e-009	5.6239e-009	5.5885e-009	5.3214e-009	5.3322e-009	5.4823e-009	5.2826e-009	5.2628e-009	4.6463e-009	4.8704e-009	5.2258e-009	5.7052e-009	6.4664e-009	8.3902e-009	1.0562e-008	1.3384e-008	1.6181e-008	1.8967e-008	2.3144e-008	2.705e-008	3.2177e-008	3.6644e-008	4.1264e-008	4.8085e-008	5.4927e-008	6.1954e-008	6.7633e-008	7.1335e-008	7.6655e-008	8.0412e-008	8.3408e-008	8.6012e-008	8.8531e-008	8.9697e-008	9.1596e-008	9.3667e-008	9.4659e-008	9.3961e-008	9.3382e-008	9.4107e-008	9.4081e-008	9.1779e-008	9.133e-008	9.0012e-008	8.7693e-008	8.6101e-008	8.4021e-008	8.1971e-008	7.9809e-008	7.8066e-008	7.5075e-008	7.3649e-008	7.2684e-008	7.1103e-008	6.8117e-008	6.4883e-008	6.2121e-008	5.9341e-008	5.7257e-008	5.4857e-008	5.2865e-008	4.8463e-008	4.5755e-008	4.4231e-008	4.1759e-008	3.8266e-008	3.5589e-008	3.2263e-008	3.0672e-008	2.6479e-008	2.5519e-008	2.2922e-008	1.9808e-008	1.7265e-008	1.3888e-008	1.3018e-008	1.0587e-008	9.2683e-009	7.7621e-009	6.2315e-009	5.3485e-009	5.0878e-009	4.4e-009	4.8532e-009	4.6078e-009	4.5136e-009	4.3307e-009	4.4164e-009	4.795e-009	4.8807e-009	4.9073e-009	4.8797e-009	5.3668e-009	6.8265e-009	8.9524e-009	1.1061e-008	1.3462e-008	1.7557e-008	2.2437e-008	2.5775e-008	3.0368e-008	3.4907e-008	4.1626e-008	4.6537e-008	5.338e-008	6.0932e-008	6.66e-008	7.4788e-008	8.0684e-008	8.4321e-008	8.6255e-008	8.9117e-008	9.1978e-008	9.309e-008	9.3186e-008	9.3482e-008	9.4018e-008	9.4153e-008	9.4718e-008	9.5509e-008	9.5689e-008	9.4698e-008	9.3613e-008	9.1773e-008	8.8432e-008	8.6864e-008	8.5164e-008	8.4098e-008	8.3007e-008	8.0902e-008	7.8831e-008	7.6287e-008	7.5085e-008	7.0985e-008	6.859e-008	6.7075e-008	6.6414e-008	6.3581e-008	6.2397e-008	6.0165e-008	5.7745e-008	5.3034e-008	4.9295e-008	4.6432e-008	4.3971e-008	4.1938e-008	4.0653e-008	3.7655e-008	3.5673e-008	3.249e-008	2.9642e-008	2.6209e-008	2.4353e-008	2.2341e-008	1.9528e-008	1.7395e-008	1.4893e-008	1.1353e-008	8.5791e-009	6.693e-009	5.3628e-009	4.8638e-009	4.5889e-009	4.2959e-009	3.6617e-009	3.5995e-009	3.76e-009	3.9212e-009	4.3441e-009	4.3881e-009	4.4749e-009	4.7532e-009	5.2153e-009	6.0685e-009	7.3005e-009	9.4363e-009	1.2003e-008	1.5066e-008	1.7727e-008	2.194e-008	2.7682e-008	3.2621e-008	3.5385e-008	4.2421e-008	4.9569e-008	5.6373e-008	6.4333e-008	7.0402e-008	7.5367e-008	7.7954e-008	8.0943e-008	8.3031e-008	8.7641e-008	8.983e-008	9.0538e-008	9.1563e-008	9.2319e-008	9.3906e-008	9.4758e-008	9.4795e-008	9.39e-008	9.3288e-008	9.3056e-008	9.2483e-008	8.9862e-008	8.8226e-008	8.5833e-008	8.2729e-008	8.1486e-008	7.9505e-008	7.8035e-008	7.7229e-008	7.4917e-008	6.9971e-008	6.7325e-008	6.3211e-008	6.0379e-008	5.8818e-008	5.7002e-008	5.5673e-008	5.368e-008	5.0938e-008	4.849e-008	4.5483e-008	4.2201e-008	4.0944e-008	3.8345e-008	3.5061e-008	3.2779e-008	3.1383e-008
9.6331e-008	9.3735e-008	9.2524e-008	9.1008e-008	8.9544e-008	8.675e-008	8.4875e-008	8.4712e-008	8.2918e-008	8.0334e-008	7.86e-008	7.7284e-008	7.6535e-008	7.4127e-008	7.0186e-008	6.8848e-008	6.7743e-008	6.6822e-008	6.5089e-008	5.9862e-008	5.8542e-008	5.5303e-008	5.1081e-008	4.9977e-008	4.6939e-008	4.5016e-008	4.2597e-008	4.0307e-008	3.751e-008	3.5978e-008	3.3368e-008	3.064e-008	2.8099e-008	2.5122e-008	2.3595e-008	2.1356e-008	1.9286e-008	1.6826e-008	1.496e-008	1.2789e-008	1.0947e-008	9.6734e-009	8.8655e-009	8.2867e-009	8.2042e-009	8.2027e-009	8.0308e-009	7.718e-009	7.8222e-009	7.6308e-009	7.7796e-009	8.2866e-009	8.3047e-009	8.5481e-009	8.8755e-009	8.7149e-009	9.5083e-009	1.0686e-008	1.2698e-008	1.5108e-008	1.8522e-008	2.4348e-008	3.0054e-008	3.5982e-008	4.3473e-008	5.0791e-008	5.6042e-008	6.1868e-008	7.0665e-008	7.8907e-008	8.3741e-008	8.7387e-008	9.0481e-008	9.2285e-008	9.4369e-008	9.6081e-008	9.686e-008	9.7805e-008	9.8372e-008	9.9045e-008	9.8773e-008	9.8335e-008	9.79e-008	9.6441e-008	9.2811e-008	9.0149e-008	8.8632e-008	8.5783e-008	8.544e-008	8.3668e-008	8.231e-008	8.1133e-008	8.0128e-008	7.812e-008	7.6992e-008	7.601e-008	7.3224e-008	7.132e-008	6.8891e-008	6.655e-008	6.3244e-008	6.1137e-008	5.7977e-008	5.6772e-008	5.4663e-008	5.2598e-008	5.0401e-008	4.7842e-008	4.3895e-008	4.2114e-008	3.9872e-008	3.7239e-008	3.4781e-008	3.2484e-008	3.0653e-008	2.8426e-008	2.5899e-008	2.2815e-008	1.9801e-008	1.6625e-008	1.4849e-008	1.214e-008	1.1388e-008	9.4656e-009	8.83e-009	8.4893e-009	8.9806e-009	8.1287e-009	8.1082e-009	7.917e-009	8.4288e-009	8.5069e-009	8.0441e-009	7.9029e-009	8.6828e-009	8.091e-009	8.11e-009	1.0041e-008	1.2007e-008	1.5472e-008	1.923e-008	2.3776e-008	2.9336e-008	3.6978e-008	4.6234e-008	5.5602e-008	6.0919e-008	6.7103e-008	7.0389e-008	7.5109e-008	8.0608e-008	8.4257e-008	8.7766e-008	8.957e-008	9.2041e-008	9.3068e-008	9.5339e-008	9.648e-008	9.7517e-008	9.7563e-008	9.6137e-008	9.433e-008	9.3884e-008	9.3989e-008	9.3389e-008	8.9153e-008	8.8605e-008	8.5976e-008	8.3222e-008	8.1818e-008	7.9945e-008	7.7487e-008	7.5386e-008	7.3464e-008	7.2161e-008	7.0753e-008	6.7857e-008	6.5501e-008	6.0863e-008	5.8754e-008	5.3819e-008	5.1986e-008	5.0586e-008	4.8844e-008	4.7363e-008	4.4847e-008	4.1851e-008	3.5417e-008	3.364e-008	3.1729e-008	3.0242e-008	2.702e-008	2.576e-008	2.3214e-008	2.0935e-008	1.8292e-008	1.5538e-008	1.3369e-008	1.1789e-008	9.6986e-009	9.0311e-009	7.901e-009	7.2165e-009	6.4707e-009	6.0389e-009	6.0764e-009	6.3106e-009	5.6093e-009	5.7334e-009	6.3477e-009	6.6897e-009	6.8058e-009	7.6147e-009	7.6464e-009	8.6519e-009	1.0478e-008	1.2874e-008	1.543e-008	1.9116e-008	2.3369e-008	2.8262e-008	3.2578e-008	3.7425e-008	4.3239e-008	5.0426e-008	5.6322e-008	6.3554e-008	6.754e-008	7.2535e-008	7.6693e-008	8.0585e-008	8.5096e-008	8.7752e-008	8.9946e-008	9.1834e-008	9.2763e-008	9.3598e-008	9.4317e-008	9.6071e-008	9.4845e-008	9.3426e-008	9.2203e-008	9.1602e-008	9.0884e-008	9.0126e-008	8.8186e-008	8.7011e-008	8.4029e-008	8.2319e-008	7.9607e-008	7.751e-008	7.5995e-008	7.4693e-008	7.4056e-008	7.0528e-008	6.734e-008	6.3501e-008	6.2791e-008	6.0394e-008	5.7359e-008	5.5649e-008	5.3732e-008	5.1831e-008	4.8643e-008	4.5885e-008	4.3503e-008	4.0283e-008	3.7912e-008	3.5594e-008	3.3252e-008	3.0534e-008	2.8782e-008	2.6464e-008	2.3814e-008	2.201e-008	1.9585e-008	1.749e-008	1.4928e-008	1.2139e-008	1.0263e-008	8.1551e-009	6.3049e-009	5.6186e-009	5.6067e-009	5.7014e-009	5.4905e-009	5.6759e-009	5.5251e-009	5.277e-009	5.0969e-009	5.036e-009	5.3582e-009	5.505e-009	6.4752e-009	7.3116e-009	9.2279e-009	1.1135e-008	1.2788e-008	1.5357e-008	1.9791e-008	2.2452e-008	2.6292e-008	3.189e-008	3.6186e-008	4.1757e-008	4.7624e-008	5.4809e-008	6.1749e-008	6.7334e-008	7.2419e-008	7.8132e-008	8.1134e-008	8.3505e-008	8.6077e-008	8.804e-008	9.0024e-008	9.2546e-008	9.5112e-008	9.5028e-008	9.4956e-008	9.432e-008	9.3776e-008	9.2512e-008	9.178e-008	9.1076e-008	8.9277e-008	8.7067e-008	8.4299e-008	8.2858e-008	7.9972e-008	7.856e-008	7.7478e-008	7.4267e-008	7.2649e-008	7.2463e-008	7.0327e-008	6.8283e-008	6.4166e-008	6.1574e-008	5.9674e-008	5.6957e-008	5.3627e-008	5.2179e-008	4.8614e-008	4.5019e-008	4.306e-008	4.069e-008	3.7499e-008	3.5181e-008	3.2522e-008	3.0517e-008	2.7102e-008	2.309e-008	2.1617e-008	1.9619e-008	1.5356e-008	1.4044e-008	1.195e-008	1.0751e-008	9.2255e-009	7.6492e-009	6.3488e-009	5.1047e-009	4.8091e-009	4.5533e-009	4.4188e-009	4.2366e-009	4.7163e-009	4.6799e-009	4.5269e-009	4.5331e-009	4.4947e-009	4.7843e-009	5.4361e-009	5.7617e-009	6.664e-009	8.7033e-009	1.0866e-008	1.3242e-008	1.6874e-008	2.1057e-008	2.5155e-008	2.9426e-008	3.4693e-008	4.0751e-008	4.7073e-008	5.3021e-008	6.0539e-008	6.6344e-008	7.3215e-008	7.8864e-008	8.4362e-008	8.7149e-008	9.0557e-008	9.1799e-008	9.2663e-008	9.3207e-008	9.3902e-008	9.4161e-008	9.5099e-008	9.5211e-008	9.4775e-008	9.519e-008	9.4886e-008	9.4039e-008	9.1709e-008	8.9541e-008	8.6797e-008	8.5832e-008	8.4683e-008	8.2934e-008	8.0809e-008	8.0293e-008	7.6379e-008	7.421e-008	7.1321e-008	6.8234e-008	6.683e-008	6.6043e-008	6.4099e-008	6.2447e-008	5.8254e-008	5.5193e-008	5.231e-008	4.8665e-008	4.5805e-008	4.3847e-008	4.1694e-008	4.0359e-008	3.8259e-008	3.5486e-008	3.2814e-008	2.9919e-008	2.7656e-008	2.5606e-008	2.3015e-008	1.982e-008	1.7295e-008	1.3612e-008	1.2092e-008	8.8002e-009	6.8027e-009	5.5442e-009	4.8418e-009	4.7161e-009	4.6594e-009	4.2417e-009	3.9161e-009	3.9407e-009	4.3373e-009	4.5032e-009	4.6319e-009	4.702e-009	4.9661e-009	5.4746e-009	5.9356e-009	7.2865e-009	9.6892e-009	1.2584e-008	1.5389e-008	1.9132e-008	2.271e-008	2.7684e-008	3.3607e-008	3.653e-008	4.1842e-008	4.984e-008	5.6935e-008	6.4416e-008	6.9904e-008	7.6286e-008	7.8748e-008	8.1151e-008	8.3971e-008	8.7003e-008	8.9349e-008	9.1069e-008	9.2316e-008	9.3907e-008	9.4991e-008	9.5081e-008	9.4984e-008	9.454e-008	9.4145e-008	9.3406e-008	9.2147e-008	8.9744e-008	8.717e-008	8.5602e-008	8.4171e-008	8.1216e-008	7.9112e-008	7.7685e-008	7.6536e-008	7.4106e-008	7.0659e-008	6.6976e-008	6.4111e-008	6.1096e-008	5.8824e-008	5.6129e-008	5.5133e-008	5.4327e-008	5.1431e-008	4.7478e-008	4.4351e-008	4.2863e-008	4.0837e-008	3.8319e-008	3.523e-008	3.3067e-008	3.0959e-008
9.653e-008	9.4448e-008	9.2139e-008	9.01e-008	8.8555e-008	8.5955e-008	8.4986e-008	8.4464e-008	8.2352e-008	8.0167e-008	7.7949e-008	7.656e-008	7.5511e-008	7.2596e-008	7.0697e-008	6.862e-008	6.7532e-008	6.5918e-008	6.3312e-008	5.9963e-008	5.6476e-008	5.4381e-008	5.1435e-008	4.77e-008	4.6364e-008	4.4531e-008	4.235e-008	3.9504e-008	3.6373e-008	3.3713e-008	3.305e-008	2.9705e-008	2.6519e-008	2.4579e-008	2.2659e-008	1.9725e-008	1.7995e-008	1.6181e-008	1.4039e-008	1.253e-008	1.0325e-008	8.9399e-009	8.1728e-009	7.972e-009	7.4346e-009	7.6027e-009	6.9573e-009	7.0064e-009	6.8067e-009	6.9548e-009	7.2347e-009	7.1317e-009	8.0377e-009	7.8215e-009	7.9764e-009	8.2062e-009	9.29e-009	1.0134e-008	1.1454e-008	1.4504e-008	1.7927e-008	2.4482e-008	3.0757e-008	3.6138e-008	4.2494e-008	5.0071e-008	5.556e-008	6.1823e-008	6.8633e-008	7.6932e-008	8.3587e-008	8.5626e-008	8.9207e-008	9.0891e-008	9.3521e-008	9.5347e-008	9.6464e-008	9.8008e-008	9.8596e-008	9.8765e-008	9.8351e-008	9.7705e-008	9.7181e-008	9.6376e-008	9.4058e-008	9.0093e-008	8.8604e-008	8.7426e-008	8.5567e-008	8.3313e-008	8.1418e-008	8.0335e-008	7.8678e-008	7.8009e-008	7.6931e-008	7.5147e-008	7.2433e-008	7.033e-008	6.7091e-008	6.483e-008	6.3202e-008	6.1702e-008	6.0089e-008	5.6103e-008	5.398e-008	5.1259e-008	4.9302e-008	4.5831e-008	4.4118e-008	4.1621e-008	3.9579e-008	3.6896e-008	3.5004e-008	3.213e-008	2.9458e-008	2.6779e-008	2.4933e-008	2.2502e-008	2.0016e-008	1.7995e-008	1.5493e-008	1.3369e-008	1.1104e-008	9.1681e-009	8.3909e-009	8.0343e-009	8.1519e-009	8.1066e-009	7.9485e-009	7.5577e-009	7.9824e-009	8.0056e-009	7.3067e-009	7.4166e-009	7.8433e-009	7.8343e-009	8.1774e-009	9.6886e-009	1.1959e-008	1.5152e-008	1.9273e-008	2.3746e-008	2.947e-008	3.6463e-008	4.5081e-008	5.3345e-008	6.0636e-008	6.5647e-008	7.0407e-008	7.5955e-008	8.0672e-008	8.4877e-008	8.8106e-008	9.0501e-008	9.2292e-008	9.4804e-008	9.559e-008	9.619e-008	9.6893e-008	9.7131e-008	9.492e-008	9.3574e-008	9.3969e-008	9.3744e-008	9.2968e-008	8.963e-008	8.818e-008	8.5239e-008	8.3163e-008	8.1981e-008	7.9736e-008	7.7863e-008	7.4664e-008	7.2579e-008	7.0119e-008	6.7927e-008	6.6271e-008	6.3994e-008	5.7316e-008	5.7767e-008	5.3466e-008	5.1906e-008	4.9281e-008	4.7867e-008	4.6986e-008	4.4476e-008	3.8809e-008	3.7125e-008	3.4627e-008	3.2238e-008	3.0253e-008	2.8655e-008	2.6544e-008	2.3301e-008	1.9864e-008	1.6752e-008	1.5249e-008	1.3486e-008	1.2242e-008	1.0329e-008	9.0541e-009	7.2919e-009	7.1805e-009	6.4396e-009	6.423e-009	6.6488e-009	6.2255e-009	5.7813e-009	6.0438e-009	6.7308e-009	6.3792e-009	6.795e-009	7.8803e-009	8.3151e-009	8.4579e-009	1.0297e-008	1.2453e-008	1.5164e-008	1.9058e-008	2.3062e-008	2.7859e-008	3.2711e-008	3.7815e-008	4.3575e-008	5.0833e-008	5.6714e-008	6.2311e-008	6.7048e-008	7.3103e-008	7.7188e-008	8.0483e-008	8.4475e-008	8.745e-008	8.9972e-008	9.1758e-008	9.2258e-008	9.2874e-008	9.4181e-008	9.4833e-008	9.379e-008	9.2769e-008	9.1438e-008	9.1625e-008	9.1782e-008	9.1115e-008	8.8753e-008	8.6732e-008	8.3383e-008	8.1381e-008	7.8378e-008	7.6821e-008	7.556e-008	7.4524e-008	7.2553e-008	7.0086e-008	6.7978e-008	6.5137e-008	6.2699e-008	5.9334e-008	5.7418e-008	5.5773e-008	5.3654e-008	5.1171e-008	4.8193e-008	4.5276e-008	4.4012e-008	3.9587e-008	3.6674e-008	3.3882e-008	3.2957e-008	3.0701e-008	2.7983e-008	2.5579e-008	2.3872e-008	2.189e-008	1.8009e-008	1.6781e-008	1.5055e-008	1.2719e-008	1.0248e-008	8.0422e-009	6.7962e-009	5.6251e-009	5.0014e-009	5.356e-009	5.2044e-009	4.8321e-009	5.1947e-009	5.2433e-009	4.9447e-009	5.299e-009	5.7362e-009	5.5517e-009	6.6387e-009	7.185e-009	8.6753e-009	1.1441e-008	1.3766e-008	1.5477e-008	1.9263e-008	2.2777e-008	2.7138e-008	3.3249e-008	3.8696e-008	4.2884e-008	4.9301e-008	5.6306e-008	6.21e-008	6.8124e-008	7.2543e-008	7.6812e-008	8.039e-008	8.3106e-008	8.5891e-008	8.8413e-008	9.0121e-008	9.2709e-008	9.4614e-008	9.5295e-008	9.5003e-008	9.4091e-008	9.332e-008	9.1909e-008	9.0988e-008	9.0155e-008	8.8147e-008	8.6229e-008	8.1823e-008	8.0437e-008	7.9587e-008	7.7949e-008	7.6245e-008	7.3042e-008	7.0994e-008	7.1058e-008	6.9396e-008	6.638e-008	6.312e-008	6.051e-008	5.852e-008	5.6586e-008	5.3899e-008	5.0194e-008	4.6479e-008	4.4994e-008	4.2721e-008	4.0094e-008	3.7249e-008	3.4266e-008	3.1599e-008	2.9817e-008	2.7136e-008	2.4056e-008	2.1382e-008	1.8914e-008	1.6412e-008	1.4553e-008	1.3235e-008	1.0365e-008	8.3397e-009	6.9686e-009	6.5942e-009	5.2243e-009	5.0924e-009	4.6934e-009	4.3039e-009	4.4654e-009	4.2882e-009	4.7804e-009	4.2424e-009	4.6439e-009	4.8555e-009	5.2655e-009	5.6013e-009	5.6157e-009	6.2391e-009	8.2533e-009	1.0406e-008	1.2981e-008	1.5251e-008	2.0087e-008	2.4256e-008	2.859e-008	3.4676e-008	4.2289e-008	4.5666e-008	5.3703e-008	6.0731e-008	6.7111e-008	7.1922e-008	7.7475e-008	8.4241e-008	8.7816e-008	9.1475e-008	9.2811e-008	9.3252e-008	9.3463e-008	9.4373e-008	9.5466e-008	9.6474e-008	9.5462e-008	9.4424e-008	9.4944e-008	9.4859e-008	9.4092e-008	9.1378e-008	8.8934e-008	8.6961e-008	8.632e-008	8.5373e-008	8.3303e-008	8.0472e-008	7.8935e-008	7.6077e-008	7.371e-008	7.1338e-008	6.9093e-008	6.7379e-008	6.5676e-008	6.3878e-008	5.994e-008	5.7682e-008	5.22e-008	5.0941e-008	4.6788e-008	4.6604e-008	4.3526e-008	4.1772e-008	3.9073e-008	3.718e-008	3.4813e-008	3.2553e-008	2.9453e-008	2.7689e-008	2.5184e-008	2.2836e-008	2.0514e-008	1.7429e-008	1.3199e-008	1.1239e-008	8.6479e-009	6.6147e-009	5.1282e-009	5.0078e-009	4.6501e-009	3.9849e-009	4.1317e-009	4.0343e-009	4.4627e-009	4.9708e-009	5.2154e-009	5.1824e-009	5.2854e-009	5.1871e-009	5.1276e-009	6.1328e-009	7.5423e-009	1.0243e-008	1.3284e-008	1.6743e-008	2.027e-008	2.4288e-008	2.8928e-008	3.3154e-008	3.6783e-008	4.3185e-008	5.2092e-008	5.8554e-008	6.5753e-008	7.1833e-008	7.5765e-008	7.7956e-008	8.0644e-008	8.4274e-008	8.735e-008	8.8908e-008	9.1409e-008	9.29e-008	9.45e-008	9.524e-008	9.5586e-008	9.4914e-008	9.4844e-008	9.4866e-008	9.3764e-008	9.1718e-008	8.825e-008	8.6693e-008	8.5232e-008	8.3317e-008	8.0073e-008	7.8195e-008	7.6633e-008	7.491e-008	7.2413e-008	6.8778e-008	6.619e-008	6.4268e-008	6.0766e-008	5.9457e-008	5.7247e-008	5.5854e-008	5.2992e-008	5.0803e-008	4.6271e-008	4.4629e-008	4.2999e-008	4.0408e-008	3.8179e-008	3.4793e-008	3.2949e-008	3.1186e-008
9.6419e-008	9.4481e-008	9.2451e-008	9.054e-008	8.7836e-008	8.7213e-008	8.5971e-008	8.4566e-008	8.2803e-008	8.0698e-008	7.871e-008	7.7119e-008	7.4361e-008	7.2394e-008	7.0248e-008	6.8949e-008	6.8105e-008	6.6053e-008	6.2506e-008	5.9023e-008	5.6423e-008	5.4388e-008	5.2586e-008	4.8864e-008	4.7098e-008	4.501e-008	4.3103e-008	4.043e-008	3.7594e-008	3.5188e-008	3.3092e-008	3.0965e-008	2.8692e-008	2.5786e-008	2.3223e-008	2.1326e-008	1.7224e-008	1.6096e-008	1.4688e-008	1.2554e-008	1.0784e-008	8.4383e-009	7.6057e-009	8.1352e-009	7.6192e-009	7.6885e-009	8.0707e-009	8.0784e-009	7.1865e-009	6.844e-009	7.4002e-009	8.0929e-009	8.6189e-009	8.4217e-009	8.2499e-009	8.0627e-009	8.5958e-009	9.7912e-009	1.127e-008	1.3978e-008	1.8688e-008	2.5222e-008	2.9602e-008	3.5485e-008	4.2373e-008	5.09e-008	5.6738e-008	6.2748e-008	6.8504e-008	7.5169e-008	8.044e-008	8.6215e-008	8.8751e-008	9.1311e-008	9.3145e-008	9.3996e-008	9.6592e-008	9.7772e-008	9.8557e-008	9.8654e-008	9.8352e-008	9.8625e-008	9.7101e-008	9.6548e-008	9.5548e-008	9.1747e-008	9.007e-008	8.7685e-008	8.5995e-008	8.4199e-008	8.2423e-008	7.9494e-008	7.8599e-008	7.8158e-008	7.6294e-008	7.4163e-008	7.1184e-008	6.8608e-008	6.6106e-008	6.4362e-008	6.2846e-008	6.1745e-008	5.9623e-008	5.6501e-008	5.3589e-008	5.129e-008	4.8052e-008	4.5967e-008	4.362e-008	4.2061e-008	3.9889e-008	3.8088e-008	3.4906e-008	3.325e-008	2.9908e-008	2.8245e-008	2.5133e-008	2.2343e-008	2.0451e-008	1.7823e-008	1.4572e-008	1.2297e-008	1.0676e-008	8.9774e-009	8.4529e-009	8.1749e-009	7.5379e-009	7.7626e-009	7.8071e-009	7.66e-009	7.3418e-009	7.2745e-009	7.3615e-009	7.8491e-009	7.9468e-009	7.9539e-009	8.5151e-009	1.0369e-008	1.2773e-008	1.5064e-008	1.9121e-008	2.3628e-008	3.0371e-008	3.6648e-008	4.3898e-008	5.0327e-008	5.7614e-008	6.4821e-008	7.1198e-008	7.7389e-008	8.1527e-008	8.5315e-008	8.8097e-008	9.16e-008	9.4764e-008	9.5742e-008	9.6237e-008	9.6373e-008	9.6921e-008	9.625e-008	9.4908e-008	9.3673e-008	9.3448e-008	9.3096e-008	9.1063e-008	8.8895e-008	8.6581e-008	8.4972e-008	8.3478e-008	8.2122e-008	7.8343e-008	7.6435e-008	7.3664e-008	7.1681e-008	6.9925e-008	6.7181e-008	6.5532e-008	6.4351e-008	6.1421e-008	5.7534e-008	5.4781e-008	5.1961e-008	5.0305e-008	4.8757e-008	4.6265e-008	4.3714e-008	3.7752e-008	3.7473e-008	3.4872e-008	3.3134e-008	3.0496e-008	2.7727e-008	2.5166e-008	2.3259e-008	1.945e-008	1.7319e-008	1.5436e-008	1.4014e-008	1.2363e-008	1.0835e-008	8.9357e-009	8.0829e-009	7.4245e-009	6.4267e-009	6.553e-009	6.9062e-009	6.8739e-009	6.2635e-009	6.0897e-009	5.9873e-009	6.5196e-009	6.4962e-009	6.5783e-009	7.3893e-009	7.9342e-009	1.0489e-008	1.2675e-008	1.5184e-008	1.796e-008	2.2393e-008	2.6505e-008	3.1595e-008	3.7394e-008	4.4257e-008	4.9267e-008	5.3646e-008	6.1089e-008	6.6157e-008	7.2105e-008	7.5418e-008	7.9689e-008	8.3749e-008	8.7486e-008	8.9487e-008	9.0516e-008	9.1786e-008	9.2288e-008	9.2873e-008	9.3087e-008	9.3263e-008	9.28e-008	9.1754e-008	9.1421e-008	9.1468e-008	9.071e-008	8.8905e-008	8.704e-008	8.501e-008	8.0766e-008	7.7575e-008	7.6405e-008	7.4399e-008	7.3198e-008	7.1897e-008	6.9466e-008	6.7504e-008	6.4482e-008	6.1742e-008	5.9158e-008	5.696e-008	5.589e-008	5.326e-008	5.0372e-008	4.7847e-008	4.5779e-008	4.3325e-008	3.9923e-008	3.8063e-008	3.5079e-008	3.2033e-008	2.9706e-008	2.692e-008	2.4951e-008	2.302e-008	2.0151e-008	1.8767e-008	1.5697e-008	1.4873e-008	1.2265e-008	8.6506e-009	7.3488e-009	6.3081e-009	5.7045e-009	5.206e-009	5.1733e-009	4.6259e-009	4.8523e-009	5.4624e-009	4.4277e-009	3.8275e-009	4.6585e-009	4.9814e-009	5.426e-009	6.0559e-009	7.4411e-009	9.6276e-009	1.1274e-008	1.3404e-008	1.6364e-008	1.9215e-008	2.2965e-008	2.727e-008	3.252e-008	3.8784e-008	4.3948e-008	5.0493e-008	5.6869e-008	6.2815e-008	6.697e-008	7.1683e-008	7.4943e-008	7.9322e-008	8.3037e-008	8.518e-008	8.731e-008	8.9754e-008	9.2259e-008	9.3212e-008	9.4069e-008	9.368e-008	9.2821e-008	9.2287e-008	9.1108e-008	8.9808e-008	8.8233e-008	8.6953e-008	8.4008e-008	8.197e-008	7.9628e-008	7.8392e-008	7.6896e-008	7.3459e-008	7.204e-008	6.9938e-008	7.0051e-008	6.9036e-008	6.416e-008	6.1882e-008	5.9637e-008	5.7519e-008	5.4935e-008	5.2081e-008	4.7857e-008	4.6729e-008	4.5066e-008	4.2535e-008	3.986e-008	3.6459e-008	3.4029e-008	3.1809e-008	2.9592e-008	2.6401e-008	2.3565e-008	2.1061e-008	1.8924e-008	1.6649e-008	1.3826e-008	1.1787e-008	1.0231e-008	8.2959e-009	7.0498e-009	5.9247e-009	5.2012e-009	4.0533e-009	4.1213e-009	4.0452e-009	3.9021e-009	3.8724e-009	4.4541e-009	4.1521e-009	3.8427e-009	3.9539e-009	4.3068e-009	4.4226e-009	4.9483e-009	5.4784e-009	6.5112e-009	7.8501e-009	1.0717e-008	1.4541e-008	1.8591e-008	2.1864e-008	2.7859e-008	3.5109e-008	4.1387e-008	4.7329e-008	5.3747e-008	6.1769e-008	6.8391e-008	7.2098e-008	7.7936e-008	8.289e-008	8.7868e-008	9.0743e-008	9.2734e-008	9.2967e-008	9.3297e-008	9.3844e-008	9.5362e-008	9.5442e-008	9.3777e-008	9.3527e-008	9.4117e-008	9.4189e-008	9.3255e-008	9.1212e-008	8.8853e-008	8.6943e-008	8.5899e-008	8.471e-008	8.3628e-008	8.0617e-008	7.866e-008	7.6853e-008	7.3492e-008	7.1226e-008	6.8862e-008	6.7072e-008	6.476e-008	6.2076e-008	5.9884e-008	5.7632e-008	5.2371e-008	4.967e-008	4.8253e-008	4.6078e-008	4.3262e-008	4.1286e-008	3.9529e-008	3.6154e-008	3.4531e-008	3.1766e-008	2.8966e-008	2.6885e-008	2.4689e-008	2.0622e-008	1.8982e-008	1.5918e-008	1.1961e-008	1.1295e-008	7.9697e-009	6.0072e-009	4.6813e-009	4.79e-009	4.1016e-009	3.4578e-009	3.1983e-009	3.1449e-009	3.958e-009	4.196e-009	4.315e-009	4.0937e-009	4.3198e-009	4.6327e-009	4.6701e-009	5.539e-009	7.6121e-009	1.0321e-008	1.304e-008	1.5988e-008	1.9532e-008	2.4188e-008	2.894e-008	3.3578e-008	3.6506e-008	4.3078e-008	5.157e-008	5.8044e-008	6.4191e-008	7.0448e-008	7.4478e-008	7.7033e-008	8.0049e-008	8.3481e-008	8.6002e-008	8.88e-008	9.1403e-008	9.237e-008	9.4019e-008	9.4996e-008	9.5363e-008	9.4579e-008	9.4862e-008	9.4021e-008	9.2364e-008	9.0542e-008	8.8459e-008	8.6122e-008	8.4098e-008	8.1946e-008	7.9528e-008	7.6392e-008	7.5008e-008	7.3336e-008	7.1215e-008	6.8818e-008	6.6009e-008	6.3223e-008	6.0343e-008	5.9103e-008	5.7241e-008	5.5408e-008	5.3154e-008	5.0618e-008	4.7289e-008	4.4971e-008	4.1837e-008	3.8859e-008	3.7237e-008	3.5267e-008	3.2931e-008	3.1386e-008
9.6588e-008	9.55e-008	9.3175e-008	9.2195e-008	9.0322e-008	8.858e-008	8.6182e-008	8.5495e-008	8.3254e-008	8.1925e-008	8.077e-008	7.8268e-008	7.5896e-008	7.3507e-008	7.1584e-008	7.0525e-008	6.8299e-008	6.7139e-008	6.468e-008	6.2089e-008	5.6416e-008	5.5283e-008	5.3314e-008	4.9881e-008	4.7744e-008	4.5935e-008	4.3068e-008	4.0498e-008	3.8562e-008	3.5386e-008	3.3563e-008	3.1494e-008	2.9591e-008	2.6936e-008	2.3898e-008	2.1587e-008	2.023e-008	1.7858e-008	1.5052e-008	1.3256e-008	1.1067e-008	9.4896e-009	8.6624e-009	8.8867e-009	8.966e-009	8.174e-009	8.5342e-009	8.5614e-009	7.9121e-009	7.6629e-009	8.1364e-009	8.4443e-009	8.9553e-009	8.5565e-009	8.7303e-009	8.6873e-009	8.6767e-009	1.0104e-008	1.2306e-008	1.4849e-008	1.9453e-008	2.6512e-008	3.1003e-008	3.5652e-008	4.3136e-008	4.8502e-008	5.6412e-008	6.3657e-008	6.9392e-008	7.6266e-008	8.1546e-008	8.6426e-008	8.8806e-008	9.0984e-008	9.3615e-008	9.538e-008	9.6953e-008	9.8105e-008	9.9218e-008	9.9534e-008	9.9988e-008	1.0004e-007	9.9182e-008	9.7736e-008	9.6071e-008	9.4058e-008	9.1358e-008	8.8653e-008	8.7463e-008	8.6387e-008	8.2111e-008	7.9439e-008	7.8822e-008	7.7683e-008	7.6521e-008	7.3265e-008	7.169e-008	6.9767e-008	6.7728e-008	6.4819e-008	6.3128e-008	6.1906e-008	5.904e-008	5.6208e-008	5.3135e-008	5.0638e-008	4.7379e-008	4.5882e-008	4.4272e-008	4.1887e-008	4.1208e-008	3.9522e-008	3.6917e-008	3.4061e-008	3.1981e-008	2.991e-008	2.6966e-008	2.2859e-008	2.0166e-008	1.8591e-008	1.5411e-008	1.3225e-008	1.0543e-008	9.1599e-009	8.4876e-009	8.7087e-009	8.107e-009	7.8038e-009	7.5995e-009	7.9976e-009	8.1181e-009	8.0406e-009	8.2851e-009	8.4478e-009	8.2237e-009	8.5473e-009	9.8689e-009	1.176e-008	1.3831e-008	1.6462e-008	2.0552e-008	2.6077e-008	3.2079e-008	3.8768e-008	4.5051e-008	5.1019e-008	5.746e-008	6.5263e-008	7.1804e-008	7.7347e-008	8.256e-008	8.6477e-008	9.012e-008	9.2901e-008	9.5699e-008	9.6158e-008	9.6778e-008	9.7507e-008	9.7426e-008	9.6818e-008	9.6407e-008	9.5085e-008	9.3829e-008	9.2404e-008	9.0505e-008	8.8232e-008	8.6729e-008	8.5401e-008	8.381e-008	8.1398e-008	7.8257e-008	7.5061e-008	7.3134e-008	7.1882e-008	7.0248e-008	6.8486e-008	6.6108e-008	6.5604e-008	6.3721e-008	5.7756e-008	5.5092e-008	5.3412e-008	5.0891e-008	4.8598e-008	4.615e-008	4.4286e-008	4.1758e-008	3.8407e-008	3.6144e-008	3.3946e-008	3.2115e-008	2.8655e-008	2.6257e-008	2.3247e-008	2.0723e-008	1.8182e-008	1.6168e-008	1.4862e-008	1.3208e-008	1.1805e-008	1.041e-008	9.3082e-009	7.8574e-009	7.3526e-009	6.8134e-009	7.4138e-009	7.5221e-009	7.1699e-009	7.0174e-009	6.6482e-009	7.0046e-009	7.1684e-009	7.2148e-009	7.9318e-009	8.5922e-009	1.0696e-008	1.3442e-008	1.5458e-008	1.85e-008	2.3256e-008	2.7504e-008	3.1526e-008	3.6361e-008	4.402e-008	4.7423e-008	5.325e-008	6.1963e-008	6.8068e-008	7.2992e-008	7.6311e-008	8.0009e-008	8.326e-008	8.7542e-008	8.8806e-008	9.0749e-008	9.1998e-008	9.3047e-008	9.3274e-008	9.3572e-008	9.3861e-008	9.3775e-008	9.2183e-008	9.1308e-008	9.1377e-008	9.0139e-008	8.8401e-008	8.6272e-008	8.3938e-008	8.1475e-008	7.8624e-008	7.6517e-008	7.4271e-008	7.3259e-008	7.2176e-008	7.0199e-008	6.8325e-008	6.5608e-008	6.262e-008	6.0361e-008	5.819e-008	5.6786e-008	5.265e-008	5.1106e-008	4.8358e-008	4.5242e-008	4.2549e-008	4.0478e-008	3.76e-008	3.4047e-008	3.2752e-008	3.0362e-008	2.8244e-008	2.6335e-008	2.381e-008	2.0807e-008	1.8533e-008	1.6066e-008	1.39e-008	1.2405e-008	1.0091e-008	7.8674e-009	6.5372e-009	6.2934e-009	5.6687e-009	5.5893e-009	4.9274e-009	5.5786e-009	5.8394e-009	5.1897e-009	5.0138e-009	5.398e-009	5.6583e-009	5.5109e-009	6.3263e-009	7.2976e-009	9.8186e-009	1.1957e-008	1.492e-008	1.7939e-008	2.0143e-008	2.3552e-008	2.7982e-008	3.3653e-008	4.0165e-008	4.6175e-008	5.2525e-008	5.8174e-008	6.359e-008	6.831e-008	7.2435e-008	7.6609e-008	7.9615e-008	8.3297e-008	8.5529e-008	8.8067e-008	9.0467e-008	9.211e-008	9.28e-008	9.3179e-008	9.3291e-008	9.2942e-008	9.1766e-008	9.1226e-008	9.0459e-008	8.9767e-008	8.8339e-008	8.5807e-008	8.1469e-008	7.8926e-008	7.8768e-008	7.7137e-008	7.428e-008	7.2557e-008	7.0771e-008	6.8904e-008	6.6461e-008	6.3645e-008	6.1614e-008	5.868e-008	5.6623e-008	5.5295e-008	5.3841e-008	5.0588e-008	4.8368e-008	4.5727e-008	4.0492e-008	3.9889e-008	3.6821e-008	3.5396e-008	3.2705e-008	3.0031e-008	2.7143e-008	2.3781e-008	2.1189e-008	1.9494e-008	1.7147e-008	1.4453e-008	1.2719e-008	1.013e-008	8.5446e-009	7.297e-009	6.4255e-009	5.3405e-009	4.5792e-009	4.5428e-009	4.4988e-009	4.5676e-009	4.0313e-009	4.3126e-009	4.2611e-009	4.0942e-009	4.7756e-009	4.7566e-009	4.6778e-009	5.188e-009	5.8074e-009	7.0513e-009	9.0937e-009	1.1404e-008	1.3066e-008	1.7505e-008	2.1957e-008	2.8595e-008	3.5605e-008	4.3375e-008	4.8346e-008	5.3967e-008	6.3637e-008	7.0859e-008	7.5162e-008	7.8744e-008	8.3629e-008	8.584e-008	9.1011e-008	9.1864e-008	9.2329e-008	9.3957e-008	9.5315e-008	9.5636e-008	9.5234e-008	9.4823e-008	9.4813e-008	9.4855e-008	9.4772e-008	9.3445e-008	9.131e-008	8.9202e-008	8.7339e-008	8.5713e-008	8.4751e-008	8.405e-008	8.2242e-008	8.0101e-008	7.723e-008	7.4758e-008	7.2527e-008	6.9679e-008	6.8029e-008	6.5899e-008	6.2688e-008	6.0627e-008	5.8383e-008	5.3804e-008	5.0387e-008	4.8645e-008	4.6015e-008	4.3747e-008	4.1945e-008	3.9111e-008	3.6272e-008	3.5029e-008	3.2516e-008	2.9209e-008	2.6427e-008	2.1906e-008	2.0248e-008	1.833e-008	1.673e-008	1.4224e-008	1.0871e-008	8.7221e-009	6.7628e-009	5.0104e-009	4.0079e-009	3.494e-009	3.3013e-009	3.4345e-009	3.7502e-009	4.4584e-009	4.4935e-009	4.5657e-009	4.583e-009	4.27e-009	4.3846e-009	4.7615e-009	5.6774e-009	8.1943e-009	1.1083e-008	1.3714e-008	1.6915e-008	2.0267e-008	2.4926e-008	2.994e-008	3.3679e-008	3.8285e-008	4.5344e-008	5.2081e-008	5.8825e-008	6.4416e-008	6.9856e-008	7.3916e-008	7.7665e-008	8.0966e-008	8.4357e-008	8.6559e-008	8.9009e-008	9.1823e-008	9.3226e-008	9.3435e-008	9.3837e-008	9.4121e-008	9.438e-008	9.4466e-008	9.4013e-008	9.1874e-008	8.9907e-008	8.7441e-008	8.5865e-008	8.3851e-008	8.2636e-008	8.0331e-008	7.7906e-008	7.6553e-008	7.3916e-008	7.1918e-008	6.8696e-008	6.6948e-008	6.3861e-008	6.1012e-008	6.0073e-008	5.8294e-008	5.5957e-008	5.4599e-008	4.9614e-008	4.7705e-008	4.4644e-008	4.2599e-008	4.0549e-008	3.8496e-008	3.5524e-008	3.2689e-008	3.1361e-008
9.5993e-008	9.4675e-008	9.3016e-008	9.1337e-008	8.9607e-008	8.6875e-008	8.5858e-008	8.4647e-008	8.3322e-008	8.1856e-008	8.0105e-008	7.8751e-008	7.686e-008	7.3293e-008	7.1406e-008	7.0322e-008	6.7779e-008	6.6959e-008	6.4281e-008	6.1372e-008	5.5926e-008	5.5455e-008	5.2819e-008	5.0113e-008	4.7536e-008	4.5683e-008	4.3691e-008	4.1765e-008	3.7747e-008	3.5568e-008	3.3846e-008	3.1921e-008	2.9417e-008	2.7327e-008	2.3107e-008	2.2251e-008	2.0122e-008	1.7525e-008	1.5325e-008	1.3218e-008	1.113e-008	9.7584e-009	9.103e-009	8.4756e-009	8.0299e-009	7.745e-009	7.749e-009	7.9772e-009	7.7565e-009	7.3233e-009	7.7543e-009	8.0104e-009	8.2989e-009	7.6465e-009	8.0732e-009	8.6341e-009	8.8286e-009	1.0263e-008	1.1732e-008	1.4909e-008	1.9358e-008	2.4538e-008	3.0334e-008	3.5194e-008	4.1776e-008	4.8515e-008	5.5803e-008	6.3e-008	6.9168e-008	7.3912e-008	8.0022e-008	8.5113e-008	8.7681e-008	9.0576e-008	9.2789e-008	9.4875e-008	9.6739e-008	9.8051e-008	9.9326e-008	1.0045e-007	9.9662e-008	9.977e-008	9.8346e-008	9.6163e-008	9.542e-008	9.3186e-008	8.985e-008	8.8468e-008	8.7634e-008	8.625e-008	7.9515e-008	7.9309e-008	7.8736e-008	7.8537e-008	7.6418e-008	7.3338e-008	7.135e-008	6.9228e-008	6.767e-008	6.5718e-008	6.2038e-008	6.0797e-008	5.6921e-008	5.4606e-008	5.3232e-008	4.9691e-008	4.7335e-008	4.5451e-008	4.3556e-008	4.2892e-008	4.1002e-008	3.8098e-008	3.5749e-008	3.4198e-008	3.1835e-008	2.8267e-008	2.4972e-008	2.1822e-008	1.9353e-008	1.7353e-008	1.4469e-008	1.1444e-008	1.0187e-008	8.4398e-009	7.9531e-009	8.3008e-009	8.0204e-009	7.5899e-009	7.2185e-009	7.6881e-009	7.8932e-009	7.9609e-009	8.0689e-009	7.6263e-009	7.8699e-009	7.9808e-009	9.7071e-009	1.1423e-008	1.354e-008	1.5618e-008	2.0862e-008	2.5215e-008	2.9882e-008	3.8321e-008	4.4864e-008	5.1137e-008	5.7062e-008	6.4076e-008	7.1136e-008	7.7221e-008	8.2537e-008	8.7341e-008	8.9589e-008	9.277e-008	9.5521e-008	9.6186e-008	9.663e-008	9.7155e-008	9.6818e-008	9.6792e-008	9.6961e-008	9.5153e-008	9.3622e-008	9.1139e-008	9.0348e-008	8.8507e-008	8.6324e-008	8.5342e-008	8.3773e-008	8.1183e-008	7.7888e-008	7.4605e-008	7.3588e-008	7.0216e-008	6.9356e-008	6.7877e-008	6.6092e-008	6.5525e-008	6.232e-008	5.9795e-008	5.5311e-008	5.3473e-008	4.9948e-008	4.8117e-008	4.6448e-008	4.4681e-008	4.0524e-008	3.8059e-008	3.5234e-008	3.3239e-008	3.139e-008	2.9728e-008	2.591e-008	2.2488e-008	2.0002e-008	1.8465e-008	1.6504e-008	1.4841e-008	1.2737e-008	1.1743e-008	1.0259e-008	8.7274e-009	7.9784e-009	7.627e-009	7.0931e-009	6.7823e-009	6.8925e-009	6.8631e-009	6.6036e-009	6.1418e-009	6.6782e-009	6.8365e-009	7.2089e-009	7.7477e-009	8.4804e-009	1.0391e-008	1.2554e-008	1.5366e-008	1.7809e-008	2.3352e-008	2.7436e-008	3.2231e-008	3.559e-008	4.062e-008	4.6313e-008	5.2993e-008	6.1915e-008	6.9188e-008	7.3841e-008	7.6413e-008	7.8535e-008	8.2761e-008	8.6314e-008	8.7279e-008	8.9356e-008	9.1029e-008	9.2011e-008	9.207e-008	9.3414e-008	9.3797e-008	9.3436e-008	9.1976e-008	9.0467e-008	8.9755e-008	8.8061e-008	8.6282e-008	8.4993e-008	8.3165e-008	8.1113e-008	7.8633e-008	7.5668e-008	7.4233e-008	7.3972e-008	7.3064e-008	6.9425e-008	6.7301e-008	6.4297e-008	6.2228e-008	6.0619e-008	5.8058e-008	5.5603e-008	5.2186e-008	5.0107e-008	4.615e-008	4.4957e-008	4.1869e-008	3.9394e-008	3.7243e-008	3.5015e-008	3.2543e-008	3.051e-008	2.8203e-008	2.5772e-008	2.2339e-008	2.0061e-008	1.7722e-008	1.5583e-008	1.2932e-008	1.146e-008	9.648e-009	7.8434e-009	6.1682e-009	5.9904e-009	5.1453e-009	4.8552e-009	4.7945e-009	4.6178e-009	5.1228e-009	5.1259e-009	4.8465e-009	4.9876e-009	5.2112e-009	5.2246e-009	6.2131e-009	6.9964e-009	9.7125e-009	1.1429e-008	1.47e-008	1.7489e-008	2.0216e-008	2.2952e-008	2.7088e-008	3.4049e-008	4.019e-008	4.5775e-008	5.2839e-008	5.7641e-008	6.328e-008	6.8072e-008	7.3124e-008	7.762e-008	8.1177e-008	8.3574e-008	8.6418e-008	8.8368e-008	9.0259e-008	9.2353e-008	9.2322e-008	9.2873e-008	9.3539e-008	9.2623e-008	9.1926e-008	9.1696e-008	9.1471e-008	9.0073e-008	8.8526e-008	8.442e-008	8.0748e-008	7.9708e-008	7.7924e-008	7.5435e-008	7.4203e-008	7.1537e-008	6.9713e-008	6.7378e-008	6.5662e-008	6.3743e-008	6.0283e-008	5.8244e-008	5.6003e-008	5.4203e-008	5.2892e-008	4.796e-008	4.6935e-008	4.5823e-008	4.0282e-008	3.8711e-008	3.7251e-008	3.4025e-008	3.1806e-008	2.7773e-008	2.5994e-008	2.2703e-008	2.0861e-008	1.8237e-008	1.5844e-008	1.4472e-008	1.2367e-008	1.0005e-008	7.9915e-009	6.755e-009	5.886e-009	5.1761e-009	4.4467e-009	3.948e-009	3.7742e-009	3.6366e-009	4.034e-009	4.1939e-009	4.0265e-009	3.9564e-009	4.4516e-009	4.5154e-009	4.7667e-009	4.7073e-009	5.3339e-009	6.3012e-009	7.9842e-009	1.0596e-008	1.4047e-008	1.6538e-008	2.1785e-008	2.6022e-008	3.4091e-008	4.2151e-008	4.7469e-008	5.3556e-008	6.1531e-008	7.0473e-008	7.4942e-008	8.0784e-008	8.423e-008	8.7555e-008	8.8937e-008	9.1065e-008	9.2384e-008	9.3561e-008	9.4727e-008	9.5235e-008	9.5392e-008	9.548e-008	9.5113e-008	9.585e-008	9.4782e-008	9.4217e-008	9.2411e-008	8.8624e-008	8.6695e-008	8.533e-008	8.4596e-008	8.3273e-008	8.2821e-008	8.0247e-008	7.6682e-008	7.4297e-008	7.2399e-008	6.9441e-008	6.7329e-008	6.6142e-008	6.3265e-008	6.0959e-008	5.5713e-008	5.4885e-008	5.0388e-008	4.8333e-008	4.5259e-008	4.3598e-008	4.0727e-008	3.8692e-008	3.6419e-008	3.432e-008	3.2082e-008	2.7985e-008	2.5306e-008	2.2207e-008	2.0344e-008	1.8194e-008	1.6212e-008	1.2669e-008	1.0426e-008	8.3051e-009	5.6145e-009	4.6821e-009	4.0198e-009	3.5735e-009	3.7285e-009	3.5998e-009	3.2601e-009	3.8498e-009	4.3845e-009	4.5782e-009	4.4262e-009	4.1052e-009	4.1433e-009	4.5266e-009	6.0955e-009	7.7118e-009	1.1245e-008	1.3223e-008	1.672e-008	1.9416e-008	2.4278e-008	2.9636e-008	3.4452e-008	3.9745e-008	4.7165e-008	5.3364e-008	5.9151e-008	6.3215e-008	6.9118e-008	7.331e-008	7.7308e-008	8.084e-008	8.3778e-008	8.5788e-008	8.8675e-008	9.0667e-008	9.2219e-008	9.2622e-008	9.2627e-008	9.3601e-008	9.3913e-008	9.3234e-008	9.2008e-008	9.0396e-008	8.7739e-008	8.5939e-008	8.4559e-008	8.3385e-008	8.1983e-008	7.8965e-008	7.7399e-008	7.5754e-008	7.3103e-008	7.1679e-008	6.8838e-008	6.5851e-008	6.4059e-008	6.1973e-008	6.0003e-008	5.8668e-008	5.5544e-008	5.4861e-008	4.9516e-008	4.648e-008	4.3914e-008	4.1793e-008	4.0495e-008	3.6866e-008	3.4702e-008	3.2378e-008	3.0879e-008
9.5351e-008	9.423e-008	9.2312e-008	9.072e-008	8.9368e-008	8.8134e-008	8.6533e-008	8.5265e-008	8.3647e-008	8.194e-008	8.0596e-008	7.8861e-008	7.596e-008	7.297e-008	7.1787e-008	7.0909e-008	6.82e-008	6.5841e-008	6.4332e-008	6.2794e-008	5.898e-008	5.5686e-008	5.3314e-008	5.0301e-008	4.7809e-008	4.5522e-008	4.289e-008	4.1469e-008	3.9111e-008	3.59e-008	3.3643e-008	3.1586e-008	2.9355e-008	2.6735e-008	2.5229e-008	2.247e-008	1.9516e-008	1.7841e-008	1.5889e-008	1.3926e-008	1.2062e-008	1.0355e-008	9.4679e-009	8.4634e-009	7.3029e-009	7.7959e-009	7.5763e-009	7.8118e-009	7.6549e-009	7.5901e-009	7.9426e-009	8.3358e-009	7.8115e-009	7.7919e-009	8.1112e-009	8.5947e-009	9.1554e-009	1.0351e-008	1.2424e-008	1.544e-008	1.8378e-008	2.3151e-008	3.0027e-008	3.5958e-008	4.2677e-008	4.8532e-008	5.561e-008	6.4167e-008	6.9732e-008	7.4303e-008	7.9544e-008	8.4286e-008	8.8102e-008	9.1017e-008	9.315e-008	9.535e-008	9.6767e-008	9.8282e-008	9.9845e-008	1.0027e-007	9.9447e-008	9.9466e-008	9.8304e-008	9.7567e-008	9.5687e-008	9.2558e-008	9.1035e-008	8.8829e-008	8.7447e-008	8.6061e-008	8.3143e-008	7.9491e-008	7.8782e-008	7.7863e-008	7.6015e-008	7.3747e-008	7.1089e-008	6.9555e-008	6.8942e-008	6.7697e-008	6.3145e-008	6.0238e-008	5.7536e-008	5.5974e-008	5.3476e-008	5.0802e-008	4.7336e-008	4.5384e-008	4.4956e-008	4.372e-008	4.1775e-008	3.863e-008	3.6629e-008	3.3821e-008	3.0628e-008	2.8309e-008	2.3677e-008	2.1897e-008	1.968e-008	1.743e-008	1.4417e-008	1.1917e-008	9.892e-009	8.3027e-009	8.2165e-009	8.3811e-009	8.3656e-009	7.9639e-009	7.7665e-009	8.1611e-009	7.8512e-009	8.1327e-009	8.2498e-009	8.0441e-009	8.187e-009	8.6206e-009	9.6827e-009	1.1771e-008	1.3454e-008	1.5863e-008	2.0689e-008	2.5423e-008	3.0729e-008	3.8219e-008	4.4882e-008	5.0009e-008	5.7207e-008	6.4119e-008	7.0876e-008	7.6561e-008	8.1902e-008	8.6435e-008	8.9942e-008	9.2751e-008	9.5919e-008	9.6798e-008	9.7251e-008	9.7435e-008	9.7603e-008	9.7611e-008	9.7082e-008	9.6059e-008	9.439e-008	9.2626e-008	9.0286e-008	8.8272e-008	8.6551e-008	8.5489e-008	8.4455e-008	8.2583e-008	7.8911e-008	7.5162e-008	7.4174e-008	7.3756e-008	7.0001e-008	6.8574e-008	6.6715e-008	6.486e-008	6.2135e-008	5.9149e-008	5.6071e-008	5.346e-008	4.9593e-008	4.8392e-008	4.6707e-008	4.3544e-008	3.9441e-008	3.915e-008	3.5961e-008	3.4e-008	3.164e-008	3.0141e-008	2.6991e-008	2.3391e-008	2.1271e-008	1.9271e-008	1.7257e-008	1.528e-008	1.3953e-008	1.2624e-008	1.0417e-008	9.4201e-009	8.4758e-009	7.6584e-009	7.1875e-009	7.0132e-009	6.9719e-009	6.6563e-009	6.7265e-009	6.3089e-009	6.676e-009	7.0297e-009	7.6501e-009	8.2167e-009	9.3296e-009	1.0981e-008	1.2881e-008	1.5672e-008	1.9133e-008	2.2888e-008	2.6611e-008	3.2572e-008	3.6382e-008	4.145e-008	4.7721e-008	5.3864e-008	6.2551e-008	6.9899e-008	7.3209e-008	7.7177e-008	8.0278e-008	8.3055e-008	8.6027e-008	8.8071e-008	8.9548e-008	9.1088e-008	9.2e-008	9.2694e-008	9.3298e-008	9.3577e-008	9.3128e-008	9.2693e-008	9.0676e-008	8.9668e-008	8.8275e-008	8.6237e-008	8.4798e-008	8.2544e-008	8.0036e-008	7.814e-008	7.704e-008	7.5331e-008	7.4834e-008	7.35e-008	6.9028e-008	6.7055e-008	6.4642e-008	6.2981e-008	6.1065e-008	5.7943e-008	5.3841e-008	5.3025e-008	5.1198e-008	4.9324e-008	4.5011e-008	4.2117e-008	3.9623e-008	3.7828e-008	3.5832e-008	3.1344e-008	3.0388e-008	2.8344e-008	2.7021e-008	2.1986e-008	2.0062e-008	1.7592e-008	1.566e-008	1.303e-008	1.1448e-008	9.7359e-009	7.4067e-009	5.9444e-009	6.0897e-009	5.5283e-009	5.1475e-009	4.7985e-009	4.748e-009	5.3402e-009	5.6611e-009	4.7929e-009	4.477e-009	4.9273e-009	5.4172e-009	6.2538e-009	7.2879e-009	9.2394e-009	1.2033e-008	1.4235e-008	1.7486e-008	2.0686e-008	2.3189e-008	2.8785e-008	3.5862e-008	4.0842e-008	4.5657e-008	5.2688e-008	5.8617e-008	6.3509e-008	6.9218e-008	7.5008e-008	7.9027e-008	8.13e-008	8.4441e-008	8.6576e-008	8.8308e-008	9.0191e-008	9.2555e-008	9.2845e-008	9.3594e-008	9.396e-008	9.3201e-008	9.2837e-008	9.2372e-008	9.2099e-008	9.0397e-008	8.8068e-008	8.538e-008	8.269e-008	8.0419e-008	7.7924e-008	7.5899e-008	7.4001e-008	7.1529e-008	6.9289e-008	6.8904e-008	6.5001e-008	6.3561e-008	6.0409e-008	5.8547e-008	5.5722e-008	5.4171e-008	5.2685e-008	5.0122e-008	4.7543e-008	4.546e-008	4.0861e-008	3.9379e-008	3.6408e-008	3.4559e-008	3.1226e-008	2.93e-008	2.6026e-008	2.3882e-008	2.1541e-008	1.8077e-008	1.6039e-008	1.415e-008	1.2222e-008	8.8497e-009	8.0002e-009	6.9634e-009	5.6869e-009	5.2862e-009	4.4235e-009	4.2925e-009	3.9223e-009	3.9574e-009	3.9033e-009	4.1927e-009	4.0733e-009	4.3089e-009	4.3996e-009	4.8086e-009	5.1877e-009	5.4001e-009	5.6271e-009	6.2358e-009	8.0812e-009	1.0176e-008	1.3169e-008	1.6833e-008	2.1322e-008	2.6081e-008	3.2623e-008	4.1087e-008	4.839e-008	5.3993e-008	6.2047e-008	6.7922e-008	7.5151e-008	8.0035e-008	8.4222e-008	8.8511e-008	8.9362e-008	9.14e-008	9.267e-008	9.3975e-008	9.4943e-008	9.5468e-008	9.561e-008	9.6191e-008	9.5883e-008	9.6613e-008	9.6198e-008	9.4166e-008	9.254e-008	9.0132e-008	8.752e-008	8.5818e-008	8.4019e-008	8.312e-008	8.1838e-008	8.0091e-008	7.5778e-008	7.4702e-008	7.3018e-008	6.9033e-008	6.6964e-008	6.5731e-008	6.3019e-008	6.1052e-008	5.7061e-008	5.2946e-008	5.1004e-008	4.8282e-008	4.5435e-008	4.3889e-008	4.0589e-008	3.8996e-008	3.6327e-008	3.44e-008	3.0376e-008	2.754e-008	2.5204e-008	2.2807e-008	2.0952e-008	1.8391e-008	1.5516e-008	1.329e-008	9.9966e-009	8.1478e-009	5.8798e-009	4.8743e-009	4.4883e-009	3.7838e-009	4.1697e-009	4.0585e-009	3.843e-009	3.8874e-009	4.5424e-009	4.4085e-009	4.3915e-009	4.3241e-009	4.5089e-009	5.0539e-009	6.1548e-009	8.6432e-009	1.0771e-008	1.3326e-008	1.5848e-008	2.0866e-008	2.4195e-008	2.8306e-008	3.4816e-008	4.008e-008	4.814e-008	5.3215e-008	5.8377e-008	6.3451e-008	6.8854e-008	7.4775e-008	7.8798e-008	8.0569e-008	8.5337e-008	8.6559e-008	8.8293e-008	9.0234e-008	9.135e-008	9.2272e-008	9.3032e-008	9.3074e-008	9.2634e-008	9.2518e-008	9.1065e-008	8.9884e-008	8.8305e-008	8.6845e-008	8.4827e-008	8.3556e-008	8.1751e-008	8.0135e-008	7.7618e-008	7.5385e-008	7.3347e-008	7.0611e-008	6.8214e-008	6.6759e-008	6.4678e-008	6.2057e-008	5.9889e-008	5.8804e-008	5.51e-008	5.3552e-008	4.8776e-008	4.5502e-008	4.4307e-008	4.2555e-008	4.055e-008	3.6834e-008	3.3723e-008	3.1045e-008	2.9727e-008
9.5648e-008	9.5087e-008	9.2735e-008	9.1483e-008	8.9597e-008	8.8676e-008	8.7185e-008	8.6064e-008	8.3332e-008	8.1351e-008	8.0046e-008	7.8087e-008	7.5248e-008	7.3121e-008	7.1998e-008	7.0985e-008	6.8945e-008	6.5146e-008	6.3701e-008	6.138e-008	5.8122e-008	5.5536e-008	5.3553e-008	5.0445e-008	4.8213e-008	4.534e-008	4.2948e-008	4.0516e-008	3.8941e-008	3.6357e-008	3.4067e-008	3.0892e-008	3.0256e-008	2.7703e-008	2.4503e-008	2.2578e-008	1.9821e-008	1.8214e-008	1.6752e-008	1.4453e-008	1.2383e-008	1.0943e-008	9.4273e-009	8.6798e-009	7.7471e-009	7.3395e-009	7.2107e-009	7.4653e-009	7.7741e-009	8.0509e-009	8.0083e-009	7.901e-009	7.1551e-009	7.2221e-009	7.7206e-009	8.5574e-009	9.0814e-009	1.039e-008	1.2085e-008	1.6333e-008	1.8924e-008	2.341e-008	2.9348e-008	3.5795e-008	4.2923e-008	4.9166e-008	5.6873e-008	6.4948e-008	7.0175e-008	7.5905e-008	8.0985e-008	8.5969e-008	9.0175e-008	9.2274e-008	9.4928e-008	9.5143e-008	9.7246e-008	9.8288e-008	9.8928e-008	9.8792e-008	9.8639e-008	9.8282e-008	9.82e-008	9.8115e-008	9.4424e-008	9.3788e-008	9.1594e-008	8.9243e-008	8.7579e-008	8.5745e-008	8.4054e-008	8.1626e-008	7.8932e-008	7.794e-008	7.5821e-008	7.2686e-008	7.0996e-008	6.9917e-008	6.9027e-008	6.8036e-008	6.4466e-008	6.1513e-008	5.8026e-008	5.664e-008	5.4397e-008	5.0182e-008	4.8224e-008	4.6826e-008	4.5351e-008	4.42e-008	4.1381e-008	3.8587e-008	3.5602e-008	3.3146e-008	3.0414e-008	2.7933e-008	2.3268e-008	2.1072e-008	1.8714e-008	1.6411e-008	1.3694e-008	1.1565e-008	9.9764e-009	8.7453e-009	8.5875e-009	8.6886e-009	8.7405e-009	8.408e-009	7.7184e-009	8.4194e-009	8.5169e-009	8.2891e-009	7.8604e-009	7.6385e-009	8.7343e-009	9.6758e-009	9.9844e-009	1.1933e-008	1.3633e-008	1.5735e-008	2.0121e-008	2.4757e-008	3.1461e-008	3.9627e-008	4.6492e-008	5.1678e-008	5.8326e-008	6.5669e-008	7.1906e-008	7.7059e-008	8.1634e-008	8.6212e-008	8.9964e-008	9.3105e-008	9.6351e-008	9.7033e-008	9.6891e-008	9.7801e-008	9.8497e-008	9.8449e-008	9.8335e-008	9.7677e-008	9.5678e-008	9.3415e-008	9.1612e-008	8.8892e-008	8.6675e-008	8.4748e-008	8.447e-008	8.2568e-008	7.5622e-008	7.5085e-008	7.387e-008	7.3576e-008	7.1254e-008	6.8137e-008	6.6359e-008	6.3638e-008	6.0968e-008	5.8712e-008	5.6509e-008	5.1965e-008	4.948e-008	4.8262e-008	4.6976e-008	4.4391e-008	4.1164e-008	3.8308e-008	3.675e-008	3.3729e-008	3.2217e-008	2.9839e-008	2.6489e-008	2.2135e-008	2.1198e-008	1.9329e-008	1.7028e-008	1.5343e-008	1.4179e-008	1.199e-008	1.1262e-008	9.4666e-009	8.1941e-009	7.3389e-009	7.1631e-009	7.1203e-009	6.9888e-009	7.102e-009	7.191e-009	7.1386e-009	6.6637e-009	7.2584e-009	7.8372e-009	8.9188e-009	9.7394e-009	1.1163e-008	1.2876e-008	1.6086e-008	2.0158e-008	2.3914e-008	2.7185e-008	3.207e-008	3.7612e-008	4.2925e-008	4.9741e-008	5.5683e-008	6.3285e-008	6.8516e-008	7.4639e-008	7.8938e-008	8.0767e-008	8.3145e-008	8.5185e-008	8.7861e-008	8.9837e-008	9.0844e-008	9.2242e-008	9.3035e-008	9.3146e-008	9.2814e-008	9.297e-008	9.2817e-008	9.0196e-008	9.0167e-008	8.86e-008	8.6202e-008	8.4313e-008	8.2867e-008	8.1823e-008	8.0296e-008	7.7895e-008	7.6875e-008	7.4758e-008	7.3359e-008	6.9619e-008	6.7045e-008	6.4784e-008	6.3706e-008	6.1472e-008	5.7673e-008	5.3409e-008	5.2825e-008	5.1556e-008	4.9031e-008	4.5894e-008	4.3112e-008	4.0275e-008	3.8339e-008	3.6229e-008	3.2838e-008	3.0873e-008	2.8523e-008	2.6716e-008	2.2253e-008	1.9078e-008	1.7282e-008	1.5404e-008	1.351e-008	1.1983e-008	8.959e-009	7.8116e-009	6.6831e-009	6.0722e-009	5.475e-009	5.3236e-009	4.8933e-009	4.4552e-009	4.9297e-009	4.9396e-009	5.1633e-009	5.2693e-009	5.5679e-009	6.1473e-009	7.2614e-009	8.3055e-009	9.2037e-009	1.2039e-008	1.5145e-008	1.8237e-008	2.098e-008	2.5908e-008	3.0484e-008	3.6127e-008	4.0625e-008	4.5669e-008	5.1757e-008	5.6808e-008	6.4092e-008	7.0419e-008	7.5155e-008	7.8842e-008	8.2069e-008	8.4535e-008	8.6462e-008	8.8724e-008	9.0438e-008	9.163e-008	9.2578e-008	9.3833e-008	9.4735e-008	9.3817e-008	9.3732e-008	9.3124e-008	9.1601e-008	9.0134e-008	8.7482e-008	8.427e-008	8.3089e-008	8.1225e-008	7.7233e-008	7.4276e-008	7.2858e-008	7.1338e-008	7.0202e-008	6.9667e-008	6.5595e-008	6.1426e-008	6.0077e-008	5.8669e-008	5.6794e-008	5.4243e-008	5.2418e-008	5.1145e-008	4.8702e-008	4.3388e-008	4.109e-008	3.8201e-008	3.6144e-008	3.4135e-008	3.1401e-008	2.8864e-008	2.7062e-008	2.4762e-008	2.1509e-008	1.9867e-008	1.6768e-008	1.4744e-008	1.2499e-008	1.0504e-008	8.8573e-009	7.1944e-009	6.104e-009	4.8236e-009	4.2205e-009	4.3432e-009	4.3767e-009	4.2052e-009	4.1617e-009	4.1569e-009	4.0388e-009	4.4114e-009	4.5473e-009	4.5195e-009	5.258e-009	5.6194e-009	5.9156e-009	6.2546e-009	8.0957e-009	1.0048e-008	1.2513e-008	1.6546e-008	2.1556e-008	2.6531e-008	3.2279e-008	4.0773e-008	4.7707e-008	5.424e-008	5.9037e-008	6.8121e-008	7.4765e-008	8.0689e-008	8.64e-008	8.872e-008	8.9987e-008	9.0958e-008	9.2643e-008	9.3614e-008	9.5265e-008	9.5845e-008	9.6224e-008	9.6357e-008	9.6231e-008	9.5755e-008	9.5742e-008	9.423e-008	9.1183e-008	8.9452e-008	8.7464e-008	8.5614e-008	8.3885e-008	8.2766e-008	8.1054e-008	7.9281e-008	7.7349e-008	7.5339e-008	7.1191e-008	6.8707e-008	6.7053e-008	6.6314e-008	6.363e-008	6.0628e-008	5.6691e-008	5.186e-008	5.1123e-008	4.8295e-008	4.4654e-008	4.1844e-008	4.0149e-008	3.7654e-008	3.5065e-008	3.3177e-008	3.0899e-008	2.8095e-008	2.5758e-008	2.3399e-008	2.1035e-008	1.7343e-008	1.5209e-008	1.2267e-008	9.8602e-009	7.8469e-009	5.704e-009	5.1719e-009	4.2902e-009	3.9257e-009	4.6209e-009	4.6793e-009	4.0245e-009	3.9762e-009	4.1409e-009	4.2877e-009	4.4618e-009	4.852e-009	4.8694e-009	5.394e-009	6.8279e-009	9.044e-009	1.1857e-008	1.4198e-008	1.7316e-008	2.0982e-008	2.5987e-008	3.0039e-008	3.5045e-008	4.0984e-008	4.7194e-008	5.3274e-008	5.7795e-008	6.3603e-008	6.9669e-008	7.5867e-008	7.9969e-008	8.3204e-008	8.6086e-008	8.7085e-008	8.857e-008	9.0403e-008	9.1744e-008	9.2352e-008	9.3319e-008	9.3167e-008	9.3092e-008	9.2477e-008	9.1654e-008	8.9691e-008	8.813e-008	8.6562e-008	8.4396e-008	8.3496e-008	8.1848e-008	7.9223e-008	7.7193e-008	7.452e-008	7.2037e-008	7.0327e-008	6.8704e-008	6.7467e-008	6.3401e-008	6.2206e-008	5.9701e-008	5.7833e-008	5.5685e-008	5.2011e-008	4.9722e-008	4.6932e-008	4.5372e-008	4.3354e-008	4.0358e-008	3.7972e-008	3.3054e-008	3.1021e-008	2.9267e-008
9.7268e-008	9.6222e-008	9.4428e-008	9.3093e-008	9.1827e-008	9.0389e-008	8.7752e-008	8.5792e-008	8.3474e-008	8.1214e-008	7.9211e-008	7.7559e-008	7.6373e-008	7.4657e-008	7.2481e-008	7.1442e-008	6.9304e-008	6.6248e-008	6.3886e-008	6.1741e-008	5.8276e-008	5.6312e-008	5.2514e-008	4.9086e-008	4.8162e-008	4.5816e-008	4.3157e-008	4.0508e-008	3.7578e-008	3.6453e-008	3.4716e-008	3.1948e-008	3.034e-008	2.7294e-008	2.4581e-008	2.3016e-008	2.0513e-008	1.7895e-008	1.7024e-008	1.5501e-008	1.3608e-008	1.0916e-008	1.0055e-008	8.6837e-009	7.8003e-009	7.6911e-009	7.5164e-009	7.6519e-009	7.8502e-009	7.7688e-009	8.1991e-009	8.5637e-009	8.3445e-009	7.9638e-009	8.0328e-009	8.9431e-009	9.3537e-009	1.0208e-008	1.2945e-008	1.6058e-008	1.8932e-008	2.4025e-008	2.9503e-008	3.5414e-008	4.3763e-008	5.0903e-008	5.721e-008	6.3744e-008	7.0659e-008	7.6202e-008	8.1134e-008	8.6321e-008	9.1129e-008	9.3334e-008	9.6081e-008	9.7535e-008	9.8395e-008	9.8822e-008	9.9274e-008	9.8555e-008	9.8045e-008	9.7448e-008	9.7295e-008	9.7439e-008	9.5965e-008	9.4698e-008	9.241e-008	9.009e-008	8.8016e-008	8.6088e-008	8.412e-008	8.1172e-008	7.9241e-008	7.7547e-008	7.5017e-008	7.3964e-008	7.2109e-008	7.0937e-008	6.9843e-008	6.7648e-008	6.5711e-008	6.2338e-008	5.9036e-008	5.7049e-008	5.4215e-008	5.0454e-008	4.8678e-008	4.7233e-008	4.5529e-008	4.4235e-008	3.8945e-008	3.6557e-008	3.4738e-008	3.2701e-008	3.0168e-008	2.765e-008	2.4377e-008	2.064e-008	1.835e-008	1.5727e-008	1.3802e-008	1.1666e-008	1.0474e-008	9.4158e-009	8.8424e-009	9.2077e-009	9.1447e-009	8.5152e-009	8.287e-009	8.6561e-009	8.8415e-009	8.238e-009	7.9767e-009	8.6587e-009	9.4281e-009	1.029e-008	1.0444e-008	1.2087e-008	1.3918e-008	1.6477e-008	1.8637e-008	2.4656e-008	3.1729e-008	4.031e-008	4.718e-008	5.2273e-008	5.8886e-008	6.5682e-008	7.207e-008	7.7606e-008	8.259e-008	8.5965e-008	8.9841e-008	9.3002e-008	9.5474e-008	9.6406e-008	9.7945e-008	9.95e-008	9.981e-008	9.9459e-008	9.9115e-008	9.8545e-008	9.6251e-008	9.5438e-008	9.2947e-008	9.0138e-008	8.8154e-008	8.6492e-008	8.4953e-008	8.3249e-008	8.0609e-008	7.5602e-008	7.3905e-008	7.325e-008	7.1839e-008	6.969e-008	6.64e-008	6.3759e-008	6.0665e-008	5.7016e-008	5.4467e-008	5.2481e-008	4.9389e-008	4.7981e-008	4.6679e-008	4.4424e-008	4.2382e-008	3.816e-008	3.5968e-008	3.455e-008	3.2864e-008	2.9976e-008	2.6559e-008	2.3567e-008	2.1654e-008	1.939e-008	1.6869e-008	1.5354e-008	1.4363e-008	1.2609e-008	1.1354e-008	9.3363e-009	8.1658e-009	7.4629e-009	7.5409e-009	7.3175e-009	7.3134e-009	7.1696e-009	7.6162e-009	7.6015e-009	7.2617e-009	7.3708e-009	7.5945e-009	8.7426e-009	9.9167e-009	1.0832e-008	1.3424e-008	1.6284e-008	1.9842e-008	2.4431e-008	2.7266e-008	3.2686e-008	3.8084e-008	4.3391e-008	5.0788e-008	5.7384e-008	6.2773e-008	6.8586e-008	7.3881e-008	7.811e-008	8.068e-008	8.3196e-008	8.5593e-008	8.7957e-008	9.0124e-008	9.1278e-008	9.1918e-008	9.2601e-008	9.2746e-008	9.3135e-008	9.3678e-008	9.4052e-008	9.2447e-008	9.0846e-008	8.8192e-008	8.6872e-008	8.4784e-008	8.3784e-008	8.2663e-008	8.0668e-008	7.838e-008	7.7428e-008	7.5117e-008	7.2029e-008	6.9937e-008	6.683e-008	6.5255e-008	6.4266e-008	6.034e-008	5.8669e-008	5.5044e-008	5.3538e-008	5.2892e-008	5.0086e-008	4.7125e-008	4.2901e-008	4.0148e-008	3.8626e-008	3.6128e-008	3.3706e-008	3.0419e-008	2.8464e-008	2.4624e-008	2.1445e-008	1.9688e-008	1.8366e-008	1.5806e-008	1.3473e-008	1.1433e-008	9.4075e-009	7.6523e-009	6.7751e-009	6.5436e-009	6.0494e-009	5.6731e-009	5.3692e-009	4.8795e-009	4.942e-009	5.1647e-009	5.7209e-009	6.3149e-009	6.3702e-009	6.6413e-009	7.6355e-009	9.136e-009	1.0236e-008	1.2479e-008	1.4918e-008	1.7808e-008	2.0103e-008	2.5895e-008	3.0375e-008	3.6614e-008	4.0913e-008	4.6441e-008	5.1665e-008	5.7911e-008	6.4553e-008	7.0409e-008	7.4928e-008	7.8688e-008	8.2111e-008	8.459e-008	8.6223e-008	8.8364e-008	8.9863e-008	9.1489e-008	9.2553e-008	9.3778e-008	9.4396e-008	9.451e-008	9.3847e-008	9.2688e-008	9.0742e-008	8.9557e-008	8.6997e-008	8.5261e-008	8.3587e-008	8.1182e-008	7.6956e-008	7.428e-008	7.2933e-008	7.1515e-008	7.0415e-008	6.9818e-008	6.7518e-008	6.3925e-008	6.0067e-008	5.9412e-008	5.7372e-008	5.4081e-008	5.2103e-008	5.0533e-008	4.8775e-008	4.5554e-008	4.1134e-008	3.8593e-008	3.6889e-008	3.5179e-008	3.1211e-008	2.9009e-008	2.7273e-008	2.5055e-008	2.1589e-008	2.0528e-008	1.5861e-008	1.4409e-008	1.2659e-008	1.038e-008	8.8441e-009	8.1168e-009	6.8717e-009	5.5038e-009	4.694e-009	4.7792e-009	4.6522e-009	4.3674e-009	4.9287e-009	4.6985e-009	4.6789e-009	4.905e-009	4.376e-009	4.1694e-009	4.5096e-009	5.516e-009	5.8601e-009	6.3035e-009	7.9638e-009	9.7064e-009	1.3035e-008	1.6275e-008	2.0793e-008	2.5749e-008	3.2299e-008	4.1517e-008	4.8218e-008	5.4655e-008	6.3228e-008	6.7913e-008	7.4094e-008	7.9558e-008	8.6637e-008	8.8833e-008	9.1137e-008	9.2135e-008	9.3421e-008	9.4398e-008	9.5534e-008	9.6693e-008	9.7206e-008	9.749e-008	9.7314e-008	9.6018e-008	9.5073e-008	9.3591e-008	9.1904e-008	9.0019e-008	8.722e-008	8.4777e-008	8.345e-008	8.2019e-008	8.0475e-008	7.9158e-008	7.7566e-008	7.5646e-008	7.2734e-008	6.9773e-008	6.7138e-008	6.5106e-008	6.2885e-008	5.9242e-008	5.6563e-008	5.3293e-008	5.0798e-008	4.6694e-008	4.4663e-008	4.1378e-008	4.0484e-008	3.7652e-008	3.5201e-008	3.2088e-008	2.9214e-008	2.7306e-008	2.5051e-008	2.3363e-008	2.0331e-008	1.6977e-008	1.4282e-008	1.219e-008	1.0033e-008	7.7063e-009	5.6771e-009	4.897e-009	4.5313e-009	4.0138e-009	4.2065e-009	4.4738e-009	4.4495e-009	4.4287e-009	4.5743e-009	3.8353e-009	4.449e-009	4.3727e-009	4.7942e-009	5.353e-009	6.9739e-009	8.7368e-009	1.2081e-008	1.4257e-008	1.7509e-008	2.256e-008	2.6997e-008	3.045e-008	3.4772e-008	4.0649e-008	4.6654e-008	5.276e-008	5.7614e-008	6.3247e-008	7.0047e-008	7.6431e-008	8.0376e-008	8.3797e-008	8.5358e-008	8.7548e-008	8.9016e-008	9.0426e-008	9.1465e-008	9.1837e-008	9.227e-008	9.2758e-008	9.2949e-008	9.2344e-008	9.1285e-008	9.0223e-008	8.8486e-008	8.721e-008	8.5059e-008	8.2046e-008	8.0887e-008	7.9119e-008	7.7511e-008	7.4906e-008	7.2568e-008	7.1106e-008	6.9198e-008	6.7755e-008	6.6097e-008	6.2558e-008	6.1068e-008	5.7279e-008	5.5159e-008	5.1074e-008	5.0379e-008	4.6665e-008	4.5831e-008	4.3545e-008	4.0131e-008	3.7934e-008	3.3365e-008	3.1536e-008	3.0072e-008
9.9326e-008	9.7297e-008	9.4676e-008	9.3943e-008	9.2545e-008	9.044e-008	8.9133e-008	8.6707e-008	8.3695e-008	8.0417e-008	7.8595e-008	7.6492e-008	7.5675e-008	7.4842e-008	7.3085e-008	7.1293e-008	6.9017e-008	6.5609e-008	6.327e-008	6.0694e-008	5.8735e-008	5.6752e-008	5.3202e-008	5.0284e-008	4.7805e-008	4.5317e-008	4.2127e-008	4.0651e-008	3.8621e-008	3.5983e-008	3.4254e-008	3.2055e-008	3.0563e-008	2.747e-008	2.5072e-008	2.3449e-008	2.1227e-008	1.8445e-008	1.6783e-008	1.4844e-008	1.3387e-008	1.166e-008	1.045e-008	8.8956e-009	8.3037e-009	8.0947e-009	8.1231e-009	7.9994e-009	7.6874e-009	7.9712e-009	8.1553e-009	8.8217e-009	8.7926e-009	8.313e-009	8.3126e-009	8.828e-009	9.4838e-009	1.0416e-008	1.3055e-008	1.5966e-008	1.8805e-008	2.3667e-008	2.9501e-008	3.7071e-008	4.4173e-008	5.0148e-008	5.5147e-008	6.319e-008	7.0403e-008	7.628e-008	8.0059e-008	8.5769e-008	9.0203e-008	9.3711e-008	9.5918e-008	9.8205e-008	9.8278e-008	9.855e-008	9.8394e-008	9.8115e-008	9.8149e-008	9.7781e-008	9.6894e-008	9.6099e-008	9.6301e-008	9.5478e-008	9.3695e-008	9.1368e-008	8.7843e-008	8.5755e-008	8.3303e-008	8.0722e-008	7.855e-008	7.7082e-008	7.4951e-008	7.4351e-008	7.2908e-008	7.1218e-008	6.936e-008	6.7731e-008	6.5262e-008	6.3248e-008	6.0143e-008	5.7242e-008	5.4221e-008	5.1119e-008	4.8707e-008	4.7363e-008	4.5166e-008	4.4085e-008	4.2247e-008	3.8473e-008	3.6213e-008	3.3671e-008	3.0719e-008	2.7165e-008	2.4566e-008	2.0166e-008	1.8378e-008	1.6043e-008	1.3044e-008	1.1476e-008	1.0224e-008	9.2588e-009	8.7909e-009	8.4664e-009	8.4919e-009	8.3874e-009	8.3675e-009	8.7048e-009	8.6053e-009	8.0994e-009	8.1873e-009	8.8835e-009	9.566e-009	9.9867e-009	1.064e-008	1.2043e-008	1.3989e-008	1.5997e-008	1.9413e-008	2.5388e-008	3.2473e-008	4.0104e-008	4.6544e-008	5.3209e-008	5.9516e-008	6.5782e-008	7.3102e-008	7.815e-008	8.3115e-008	8.6874e-008	8.9482e-008	9.2776e-008	9.4591e-008	9.5885e-008	9.8888e-008	1.0019e-007	1.0086e-007	9.9706e-008	9.9095e-008	9.8618e-008	9.6792e-008	9.5325e-008	9.344e-008	9.1426e-008	8.923e-008	8.7688e-008	8.4431e-008	8.2344e-008	7.8837e-008	7.6219e-008	7.4387e-008	7.2567e-008	7.1669e-008	6.7969e-008	6.6366e-008	6.3557e-008	6.0191e-008	5.7067e-008	5.5399e-008	5.3166e-008	5.062e-008	4.8171e-008	4.7209e-008	4.565e-008	3.7393e-008	3.6843e-008	3.5996e-008	3.4096e-008	3.2104e-008	2.9502e-008	2.6419e-008	2.3873e-008	2.1238e-008	1.9038e-008	1.7369e-008	1.5078e-008	1.3327e-008	1.1166e-008	1.0368e-008	8.8388e-009	7.7717e-009	7.4151e-009	7.3793e-009	7.0496e-009	7.4371e-009	7.0924e-009	6.9485e-009	7.4095e-009	7.5333e-009	7.6292e-009	7.6574e-009	8.034e-009	9.02e-009	1.0676e-008	1.2527e-008	1.5767e-008	2.0688e-008	2.3905e-008	2.7077e-008	3.1962e-008	3.935e-008	4.4009e-008	5.0564e-008	5.8045e-008	6.3242e-008	6.7996e-008	7.2494e-008	7.5476e-008	8.0962e-008	8.289e-008	8.5478e-008	8.8215e-008	9.0479e-008	9.2146e-008	9.3236e-008	9.3357e-008	9.3117e-008	9.3134e-008	9.3252e-008	9.3497e-008	9.2602e-008	9.1399e-008	8.9093e-008	8.6283e-008	8.5838e-008	8.4289e-008	8.2758e-008	8.1628e-008	7.9504e-008	7.7308e-008	7.4955e-008	7.1911e-008	6.8626e-008	6.7934e-008	6.6516e-008	6.5301e-008	6.146e-008	5.8469e-008	5.5341e-008	5.3737e-008	5.2699e-008	4.9363e-008	4.7146e-008	4.3119e-008	4.1118e-008	3.8018e-008	3.603e-008	3.2525e-008	3.0133e-008	2.811e-008	2.5684e-008	2.1919e-008	2.0143e-008	1.791e-008	1.5296e-008	1.2853e-008	1.1281e-008	9.2893e-009	7.4516e-009	6.6642e-009	6.2833e-009	6.0356e-009	5.5964e-009	5.2282e-009	4.8838e-009	4.9247e-009	5.1864e-009	5.9822e-009	6.4485e-009	6.2645e-009	6.5648e-009	7.5107e-009	9.1429e-009	1.0718e-008	1.2876e-008	1.5437e-008	1.7553e-008	2.0774e-008	2.497e-008	3.0032e-008	3.5115e-008	4.1147e-008	4.637e-008	5.2665e-008	5.9411e-008	6.5401e-008	7.0837e-008	7.5696e-008	7.8779e-008	8.2462e-008	8.485e-008	8.5997e-008	8.8105e-008	8.9807e-008	9.1174e-008	9.177e-008	9.2506e-008	9.3461e-008	9.4382e-008	9.3483e-008	9.2726e-008	9.0798e-008	8.849e-008	8.6528e-008	8.494e-008	8.3561e-008	8.0334e-008	7.6077e-008	7.4726e-008	7.2949e-008	7.1724e-008	6.9859e-008	6.8868e-008	6.6683e-008	6.359e-008	6.0019e-008	5.898e-008	5.6373e-008	5.4966e-008	5.3383e-008	5.1526e-008	4.9094e-008	4.53e-008	4.137e-008	3.9454e-008	3.7233e-008	3.5029e-008	3.1582e-008	2.9009e-008	2.7044e-008	2.4765e-008	2.303e-008	2.0397e-008	1.6269e-008	1.4681e-008	1.3398e-008	9.8931e-009	8.7554e-009	7.7168e-009	6.3444e-009	5.7831e-009	4.7786e-009	4.5363e-009	4.3212e-009	3.9787e-009	4.394e-009	4.6769e-009	5.0541e-009	5.0407e-009	4.8363e-009	4.2682e-009	4.3983e-009	5.3334e-009	5.6836e-009	5.9447e-009	6.9755e-009	8.9181e-009	1.1905e-008	1.4753e-008	1.8891e-008	2.4565e-008	3.1745e-008	3.9507e-008	4.662e-008	5.4187e-008	6.3317e-008	6.847e-008	7.4307e-008	7.9057e-008	8.4221e-008	8.8282e-008	9.1913e-008	9.2623e-008	9.3874e-008	9.4709e-008	9.5688e-008	9.7165e-008	9.8267e-008	9.8183e-008	9.7309e-008	9.6253e-008	9.5456e-008	9.4295e-008	9.1525e-008	8.9475e-008	8.7214e-008	8.5066e-008	8.3737e-008	8.1642e-008	7.9725e-008	7.8156e-008	7.6312e-008	7.3982e-008	7.2491e-008	7.0278e-008	6.7108e-008	6.5265e-008	6.3719e-008	6.1427e-008	5.6963e-008	5.1785e-008	4.9049e-008	4.7308e-008	4.5463e-008	4.2811e-008	4.0156e-008	3.7298e-008	3.4876e-008	3.1925e-008	2.9725e-008	2.5511e-008	2.4007e-008	2.2214e-008	1.9279e-008	1.7306e-008	1.4654e-008	1.1881e-008	1.0122e-008	6.8972e-009	5.8635e-009	5.2147e-009	4.541e-009	4.2651e-009	4.4261e-009	4.3344e-009	4.3569e-009	4.8538e-009	4.601e-009	4.1215e-009	4.8982e-009	4.4504e-009	4.5483e-009	5.1853e-009	6.7099e-009	8.6168e-009	1.1925e-008	1.4937e-008	1.7221e-008	2.0322e-008	2.5537e-008	3.0266e-008	3.5179e-008	3.8525e-008	4.4553e-008	5.1159e-008	5.779e-008	6.4108e-008	7.1245e-008	7.5e-008	8.0434e-008	8.4509e-008	8.6313e-008	8.8341e-008	8.962e-008	9.067e-008	9.259e-008	9.2786e-008	9.2416e-008	9.2875e-008	9.2698e-008	9.2029e-008	9.0908e-008	8.9381e-008	8.768e-008	8.6101e-008	8.4816e-008	8.249e-008	8.0098e-008	7.8734e-008	7.6307e-008	7.474e-008	7.3225e-008	7.07e-008	6.925e-008	6.8152e-008	6.6114e-008	6.2775e-008	5.9264e-008	5.6645e-008	5.4883e-008	5.1904e-008	5.0289e-008	4.7654e-008	4.5042e-008	4.2332e-008	3.9993e-008	3.6633e-008	3.2539e-008	3.0615e-008	2.9726e-008
9.9013e-008	9.7649e-008	9.6695e-008	9.4528e-008	9.2562e-008	8.998e-008	8.8697e-008	8.673e-008	8.3597e-008	8.1544e-008	7.8494e-008	7.7228e-008	7.5988e-008	7.5248e-008	7.2953e-008	7.0204e-008	6.7486e-008	6.5603e-008	6.3671e-008	6.1493e-008	5.9505e-008	5.6003e-008	5.315e-008	5.0348e-008	4.7663e-008	4.5885e-008	4.351e-008	4.1079e-008	3.8703e-008	3.6742e-008	3.4792e-008	3.2702e-008	3.0123e-008	2.7694e-008	2.5699e-008	2.3359e-008	2.1313e-008	1.842e-008	1.7419e-008	1.5183e-008	1.3328e-008	1.2248e-008	1.042e-008	9.4463e-009	8.5096e-009	8.1936e-009	7.9898e-009	7.9179e-009	8.1462e-009	7.641e-009	8.2335e-009	8.7827e-009	8.3531e-009	7.9504e-009	8.0861e-009	9.1419e-009	9.35e-009	1.0458e-008	1.3179e-008	1.6108e-008	1.9011e-008	2.3825e-008	2.9098e-008	3.6116e-008	4.3361e-008	5.0561e-008	5.7448e-008	6.3595e-008	6.9641e-008	7.6603e-008	8.1136e-008	8.472e-008	8.8991e-008	9.3014e-008	9.5848e-008	9.7226e-008	9.7709e-008	9.7739e-008	9.7531e-008	9.7637e-008	9.7756e-008	9.7072e-008	9.5752e-008	9.5019e-008	9.594e-008	9.4747e-008	9.353e-008	9.1481e-008	8.7951e-008	8.4967e-008	8.2295e-008	7.9751e-008	7.7848e-008	7.6585e-008	7.5038e-008	7.4671e-008	7.3614e-008	7.0968e-008	6.9635e-008	6.686e-008	6.4387e-008	6.2723e-008	6.1092e-008	5.7852e-008	5.2944e-008	5.253e-008	4.9374e-008	4.8208e-008	4.6582e-008	4.3718e-008	4.2167e-008	3.78e-008	3.5676e-008	3.3036e-008	3.0631e-008	2.8464e-008	2.3722e-008	2.1e-008	1.8494e-008	1.6358e-008	1.3411e-008	1.129e-008	1.0115e-008	9.2137e-009	8.8644e-009	8.9392e-009	8.2959e-009	8.4128e-009	7.7671e-009	7.6956e-009	8.0887e-009	8.1516e-009	8.6233e-009	8.8058e-009	9.395e-009	1.011e-008	1.0868e-008	1.1946e-008	1.3002e-008	1.6514e-008	1.9205e-008	2.5141e-008	3.1038e-008	3.9354e-008	4.7146e-008	5.2344e-008	5.9422e-008	6.6802e-008	7.3749e-008	7.8845e-008	8.3482e-008	8.6752e-008	8.9262e-008	9.2358e-008	9.5495e-008	9.7158e-008	9.9735e-008	1.0037e-007	1.0085e-007	9.9838e-008	9.8769e-008	9.8149e-008	9.6849e-008	9.5718e-008	9.328e-008	9.1678e-008	8.9325e-008	8.7818e-008	8.3053e-008	8.1031e-008	7.8518e-008	7.654e-008	7.3833e-008	7.3272e-008	7.1984e-008	7.0136e-008	6.5266e-008	6.4052e-008	6.1797e-008	5.8946e-008	5.6604e-008	5.3437e-008	5.0808e-008	4.7712e-008	4.707e-008	4.557e-008	4.2256e-008	3.92e-008	3.6492e-008	3.3353e-008	3.1028e-008	2.8413e-008	2.6558e-008	2.3352e-008	2.157e-008	1.9064e-008	1.6113e-008	1.3985e-008	1.2609e-008	1.1e-008	9.6598e-009	8.5502e-009	7.5515e-009	7.3206e-009	7.3113e-009	7.3e-009	7.4819e-009	6.7428e-009	6.9861e-009	7.0666e-009	7.1306e-009	7.5327e-009	7.9251e-009	8.4841e-009	8.6717e-009	1.0579e-008	1.2304e-008	1.5702e-008	1.95e-008	2.3187e-008	2.7437e-008	3.322e-008	3.8609e-008	4.4109e-008	5.1223e-008	5.8256e-008	6.3078e-008	6.7181e-008	7.1428e-008	7.6983e-008	8.0602e-008	8.2095e-008	8.5963e-008	8.8101e-008	9.0883e-008	9.1913e-008	9.3728e-008	9.4092e-008	9.3256e-008	9.3081e-008	9.3121e-008	9.2845e-008	9.2338e-008	9.0215e-008	8.8643e-008	8.7256e-008	8.659e-008	8.4348e-008	8.2797e-008	8.1619e-008	8.068e-008	7.7613e-008	7.5157e-008	7.1346e-008	6.9063e-008	6.8217e-008	6.6834e-008	6.5318e-008	6.0213e-008	5.6359e-008	5.4758e-008	5.3775e-008	5.1652e-008	4.9575e-008	4.6963e-008	4.5098e-008	4.2187e-008	3.6943e-008	3.4769e-008	3.2912e-008	3.0131e-008	2.7386e-008	2.5419e-008	2.2715e-008	2.041e-008	1.7864e-008	1.3569e-008	1.1715e-008	1.0172e-008	8.6007e-009	7.8066e-009	6.4597e-009	5.7886e-009	6.0585e-009	5.3926e-009	4.9193e-009	4.7719e-009	5.1837e-009	5.4324e-009	5.7971e-009	5.9275e-009	5.7005e-009	6.3075e-009	7.243e-009	8.9156e-009	1.0447e-008	1.2812e-008	1.516e-008	1.7527e-008	2.0783e-008	2.4715e-008	2.9421e-008	3.5346e-008	4.1084e-008	4.6182e-008	5.3423e-008	6.0429e-008	6.6026e-008	7.0516e-008	7.5553e-008	7.9556e-008	8.1985e-008	8.494e-008	8.6417e-008	8.8479e-008	9.0314e-008	9.1316e-008	9.1712e-008	9.2403e-008	9.3309e-008	9.2744e-008	9.1744e-008	9.1489e-008	9.0508e-008	8.8504e-008	8.7071e-008	8.5078e-008	8.3323e-008	8.0401e-008	7.7344e-008	7.505e-008	7.3174e-008	7.1906e-008	7.0513e-008	6.7171e-008	6.5803e-008	6.3308e-008	6.1132e-008	5.8369e-008	5.5876e-008	5.4446e-008	5.3097e-008	5.0122e-008	4.8554e-008	4.5765e-008	4.1641e-008	3.9769e-008	3.6722e-008	3.4588e-008	3.0419e-008	2.8734e-008	2.6077e-008	2.4628e-008	2.2944e-008	2.0418e-008	1.6597e-008	1.4888e-008	1.3527e-008	1.1244e-008	9.2679e-009	7.8702e-009	6.3571e-009	5.9467e-009	5.2585e-009	4.902e-009	3.9043e-009	3.8394e-009	4.2664e-009	4.2203e-009	4.6667e-009	4.5659e-009	5.0218e-009	4.7304e-009	4.9405e-009	5.2388e-009	5.5807e-009	5.685e-009	6.5596e-009	8.7668e-009	1.2266e-008	1.4474e-008	1.8834e-008	2.3064e-008	2.9509e-008	3.8708e-008	4.7379e-008	5.62e-008	6.3083e-008	6.9336e-008	7.4234e-008	8.0132e-008	8.4517e-008	8.8037e-008	8.961e-008	9.3114e-008	9.3969e-008	9.496e-008	9.6866e-008	9.7956e-008	9.8847e-008	9.9461e-008	9.8812e-008	9.6366e-008	9.5063e-008	9.3432e-008	9.1614e-008	8.9707e-008	8.7476e-008	8.5853e-008	8.4002e-008	8.1475e-008	7.9638e-008	7.7324e-008	7.6133e-008	7.4542e-008	7.2345e-008	6.9441e-008	6.6726e-008	6.4359e-008	6.2456e-008	5.8737e-008	5.5269e-008	5.2142e-008	4.8935e-008	4.7191e-008	4.4971e-008	4.2031e-008	3.9169e-008	3.6426e-008	3.3599e-008	3.1003e-008	2.8647e-008	2.6372e-008	2.307e-008	2.1524e-008	1.9184e-008	1.6628e-008	1.4448e-008	1.2134e-008	9.5769e-009	7.3364e-009	5.671e-009	5.1942e-009	4.7059e-009	4.1945e-009	4.0626e-009	4.1504e-009	4.0847e-009	4.5122e-009	4.6667e-009	4.2438e-009	4.7089e-009	4.3701e-009	4.8404e-009	5.2035e-009	6.9027e-009	8.2505e-009	1.1702e-008	1.467e-008	1.6769e-008	1.9081e-008	2.3285e-008	2.9996e-008	3.4296e-008	3.9107e-008	4.4754e-008	5.1662e-008	5.9157e-008	6.5237e-008	7.1201e-008	7.6092e-008	8.0306e-008	8.4706e-008	8.6774e-008	8.8338e-008	8.9657e-008	9.1396e-008	9.3356e-008	9.4048e-008	9.3426e-008	9.2931e-008	9.2471e-008	9.1706e-008	9.0635e-008	8.9045e-008	8.7988e-008	8.5841e-008	8.5093e-008	8.1201e-008	8.0238e-008	7.8476e-008	7.7344e-008	7.4869e-008	7.2905e-008	7.0498e-008	6.9799e-008	6.7877e-008	6.5607e-008	6.2881e-008	5.9028e-008	5.7122e-008	5.5208e-008	5.2597e-008	5.0496e-008	4.4964e-008	4.3714e-008	4.0535e-008	3.9628e-008	3.7547e-008	3.2534e-008	3.0277e-008	2.8088e-008
9.8759e-008	9.838e-008	9.6125e-008	9.4845e-008	9.2268e-008	8.9654e-008	8.8212e-008	8.6811e-008	8.4173e-008	8.2811e-008	7.9143e-008	7.787e-008	7.662e-008	7.4625e-008	7.1664e-008	6.9272e-008	6.72e-008	6.481e-008	6.3449e-008	6.1657e-008	6.0129e-008	5.7224e-008	5.2694e-008	5.1709e-008	4.8652e-008	4.6469e-008	4.4735e-008	4.1966e-008	4.0105e-008	3.7829e-008	3.4977e-008	3.3254e-008	2.9996e-008	2.8047e-008	2.622e-008	2.5147e-008	2.2553e-008	2.0532e-008	1.6483e-008	1.5874e-008	1.4345e-008	1.3182e-008	1.1452e-008	1.0131e-008	9.4045e-009	8.8267e-009	8.4884e-009	7.8106e-009	7.9092e-009	8.202e-009	8.6238e-009	8.6807e-009	8.7685e-009	8.26e-009	8.746e-009	9.7184e-009	9.8924e-009	1.1037e-008	1.3577e-008	1.6621e-008	1.9867e-008	2.4367e-008	2.956e-008	3.6372e-008	4.3791e-008	5.1217e-008	5.7029e-008	6.4111e-008	7.1159e-008	7.736e-008	8.2237e-008	8.54e-008	8.971e-008	9.2472e-008	9.5017e-008	9.5776e-008	9.6568e-008	9.7253e-008	9.7244e-008	9.6926e-008	9.7472e-008	9.6845e-008	9.5766e-008	9.5201e-008	9.5496e-008	9.493e-008	9.342e-008	9.0609e-008	8.659e-008	8.5085e-008	8.2266e-008	7.9795e-008	7.815e-008	7.6989e-008	7.6303e-008	7.5201e-008	7.4002e-008	7.1906e-008	7.0261e-008	6.8091e-008	6.4984e-008	6.3714e-008	6.2843e-008	5.9595e-008	5.6162e-008	5.3644e-008	5.0458e-008	4.957e-008	4.7224e-008	4.5077e-008	4.1753e-008	3.9111e-008	3.5012e-008	3.2937e-008	3.101e-008	2.8764e-008	2.6073e-008	2.1467e-008	1.7947e-008	1.6624e-008	1.4028e-008	1.1933e-008	1.0283e-008	9.6138e-009	9.43e-009	8.9956e-009	9.1449e-009	9.2081e-009	8.5915e-009	8.3134e-009	8.757e-009	8.9846e-009	9.0597e-009	9.4014e-009	9.6035e-009	9.4497e-009	1.0503e-008	1.174e-008	1.3879e-008	1.6026e-008	2.0074e-008	2.5641e-008	3.1828e-008	3.9151e-008	4.6179e-008	5.3434e-008	6.1481e-008	6.8554e-008	7.3709e-008	8.004e-008	8.471e-008	8.7545e-008	9.0179e-008	9.3886e-008	9.6954e-008	9.8652e-008	1.0002e-007	1.008e-007	1.006e-007	1.0004e-007	9.9142e-008	9.8154e-008	9.6992e-008	9.5721e-008	9.3797e-008	9.1752e-008	8.9794e-008	8.6351e-008	8.2983e-008	8.1197e-008	8.0013e-008	7.729e-008	7.3946e-008	7.3289e-008	7.2289e-008	7.0677e-008	6.7248e-008	6.51e-008	6.0854e-008	6.0607e-008	5.7644e-008	5.0962e-008	5.042e-008	4.8682e-008	4.7412e-008	4.5873e-008	4.2697e-008	4.0129e-008	3.7615e-008	3.4128e-008	3.1307e-008	2.9648e-008	2.6532e-008	2.3858e-008	2.1029e-008	1.8914e-008	1.6745e-008	1.4599e-008	1.339e-008	1.16e-008	9.8079e-009	8.8358e-009	8.0462e-009	7.7825e-009	7.7611e-009	7.4702e-009	6.7501e-009	7.1963e-009	7.6334e-009	7.7842e-009	7.8611e-009	7.798e-009	8.5347e-009	9.1102e-009	9.3823e-009	1.0717e-008	1.2933e-008	1.6029e-008	1.9454e-008	2.2889e-008	2.7833e-008	3.3594e-008	3.8907e-008	4.3823e-008	5.0142e-008	5.8069e-008	6.332e-008	6.6936e-008	7.1139e-008	7.5715e-008	8.0338e-008	8.5221e-008	8.7102e-008	8.9325e-008	9.07e-008	9.3722e-008	9.5162e-008	9.5283e-008	9.3952e-008	9.376e-008	9.3601e-008	9.3261e-008	9.3299e-008	9.1811e-008	8.9705e-008	8.8348e-008	8.7494e-008	8.5422e-008	8.3777e-008	8.183e-008	8.0526e-008	7.6839e-008	7.603e-008	7.1745e-008	6.9367e-008	6.8495e-008	6.6878e-008	6.4543e-008	6.2946e-008	5.8299e-008	5.6788e-008	5.4475e-008	5.2111e-008	5.0241e-008	4.7244e-008	4.6055e-008	4.3633e-008	3.9466e-008	3.5495e-008	3.2845e-008	3.0599e-008	2.8293e-008	2.6028e-008	2.3397e-008	1.8693e-008	1.7734e-008	1.5895e-008	1.2509e-008	1.0638e-008	9.3837e-009	8.4167e-009	7.5223e-009	6.5981e-009	6.2964e-009	5.9231e-009	5.251e-009	5.2473e-009	5.9307e-009	5.8944e-009	6.0249e-009	5.7835e-009	5.7582e-009	6.6156e-009	7.2778e-009	8.7785e-009	1.0289e-008	1.2983e-008	1.4983e-008	1.7755e-008	1.9843e-008	2.4984e-008	2.9319e-008	3.473e-008	4.0086e-008	4.5055e-008	5.3518e-008	6.0288e-008	6.646e-008	7.1163e-008	7.552e-008	8.0316e-008	8.2641e-008	8.4728e-008	8.6829e-008	8.8947e-008	9.0782e-008	9.2332e-008	9.2883e-008	9.3242e-008	9.2966e-008	9.2095e-008	9.129e-008	9.0871e-008	8.9832e-008	8.9314e-008	8.8067e-008	8.6873e-008	8.3872e-008	8.0299e-008	7.6956e-008	7.5638e-008	7.3243e-008	7.1227e-008	6.9e-008	6.78e-008	6.5779e-008	6.2449e-008	6.0296e-008	5.749e-008	5.5155e-008	5.4326e-008	5.3114e-008	5.0823e-008	4.8316e-008	4.525e-008	4.193e-008	3.9643e-008	3.6749e-008	3.4697e-008	3.1623e-008	2.8826e-008	2.6625e-008	2.4233e-008	2.2265e-008	1.9998e-008	1.8074e-008	1.6543e-008	1.4274e-008	1.2231e-008	1.0172e-008	8.4611e-009	7.2989e-009	6.1724e-009	5.6935e-009	4.7933e-009	4.3252e-009	4.5962e-009	4.5545e-009	4.4924e-009	4.2912e-009	4.72e-009	4.9291e-009	5.3898e-009	5.5565e-009	6.0706e-009	6.1513e-009	6.0642e-009	6.9857e-009	8.4528e-009	1.187e-008	1.5476e-008	1.916e-008	2.3842e-008	2.9051e-008	3.7953e-008	4.8413e-008	5.4727e-008	6.2617e-008	6.9356e-008	7.4362e-008	8.114e-008	8.4749e-008	8.9266e-008	9.124e-008	9.3096e-008	9.4202e-008	9.4859e-008	9.7828e-008	9.9131e-008	9.9986e-008	1.0069e-007	9.9778e-008	9.7827e-008	9.5472e-008	9.3894e-008	9.2015e-008	8.9729e-008	8.8546e-008	8.6566e-008	8.403e-008	8.2502e-008	8.132e-008	7.9856e-008	7.7654e-008	7.4465e-008	7.2337e-008	7.0013e-008	6.6454e-008	6.4411e-008	6.1871e-008	5.8717e-008	5.6302e-008	5.3059e-008	5.0107e-008	4.7263e-008	4.5889e-008	4.2541e-008	4.0558e-008	3.8005e-008	3.4226e-008	3.1705e-008	2.9392e-008	2.7076e-008	2.378e-008	2.1835e-008	1.9741e-008	1.761e-008	1.5381e-008	1.1778e-008	9.7126e-009	7.6873e-009	6.2633e-009	5.7319e-009	5.5111e-009	4.8346e-009	5.0787e-009	4.5127e-009	4.3631e-009	4.2669e-009	4.8089e-009	4.1977e-009	4.326e-009	4.3565e-009	4.8091e-009	5.9075e-009	6.5302e-009	9.2329e-009	1.2075e-008	1.5526e-008	1.7546e-008	2.0327e-008	2.4138e-008	3.0333e-008	3.6111e-008	3.9946e-008	4.5358e-008	5.291e-008	5.973e-008	6.5939e-008	7.0495e-008	7.5013e-008	8.0706e-008	8.6012e-008	8.7794e-008	8.9825e-008	9.1221e-008	9.2884e-008	9.3579e-008	9.4409e-008	9.4196e-008	9.3724e-008	9.3459e-008	9.2669e-008	9.1862e-008	9.0034e-008	8.872e-008	8.6595e-008	8.621e-008	8.357e-008	8.1218e-008	7.9357e-008	7.8188e-008	7.6743e-008	7.3654e-008	7.2616e-008	7.0349e-008	6.7957e-008	6.6038e-008	6.3136e-008	5.9968e-008	5.7288e-008	5.5575e-008	5.3247e-008	5.1085e-008	4.4392e-008	4.2709e-008	4.0993e-008	3.9072e-008	3.4914e-008	3.2795e-008	3.0732e-008	2.9202e-008
9.8794e-008	9.8232e-008	9.6329e-008	9.436e-008	9.155e-008	8.9253e-008	8.7817e-008	8.6755e-008	8.4073e-008	8.2687e-008	7.9401e-008	7.7982e-008	7.7073e-008	7.4948e-008	7.1517e-008	6.8859e-008	6.7436e-008	6.5148e-008	6.2807e-008	6.1271e-008	5.887e-008	5.6244e-008	5.4198e-008	5.2381e-008	4.9809e-008	4.7542e-008	4.5367e-008	4.3185e-008	4.0513e-008	3.8482e-008	3.5461e-008	3.2998e-008	2.9974e-008	2.8271e-008	2.6362e-008	2.2915e-008	2.2482e-008	2.1153e-008	1.8766e-008	1.6437e-008	1.4691e-008	1.3381e-008	1.1695e-008	1.0119e-008	9.59e-009	8.7577e-009	8.2649e-009	7.7728e-009	8.1129e-009	8.4626e-009	8.6352e-009	8.8384e-009	9.0556e-009	8.5299e-009	9.2117e-009	9.4504e-009	9.8636e-009	1.0907e-008	1.2845e-008	1.5804e-008	1.9999e-008	2.442e-008	2.929e-008	3.5482e-008	4.3106e-008	5.0548e-008	5.8305e-008	6.616e-008	7.0255e-008	7.7489e-008	8.2073e-008	8.5736e-008	8.8621e-008	9.0531e-008	9.2312e-008	9.3623e-008	9.5163e-008	9.6598e-008	9.6878e-008	9.7081e-008	9.6522e-008	9.5773e-008	9.5335e-008	9.506e-008	9.5833e-008	9.5379e-008	9.3107e-008	9.0452e-008	8.6936e-008	8.492e-008	8.2374e-008	8.0544e-008	7.9176e-008	7.781e-008	7.7805e-008	7.6008e-008	7.3935e-008	7.2415e-008	7.0297e-008	6.7245e-008	6.5745e-008	6.4397e-008	6.335e-008	5.9563e-008	5.7242e-008	5.3082e-008	5.1719e-008	4.9467e-008	4.87e-008	4.6635e-008	4.3843e-008	4.0373e-008	3.661e-008	3.3361e-008	3.0225e-008	2.8594e-008	2.5196e-008	2.194e-008	1.8427e-008	1.6261e-008	1.3088e-008	1.1591e-008	9.9704e-009	9.2012e-009	9.2443e-009	8.7748e-009	8.554e-009	8.2673e-009	8.2535e-009	8.3771e-009	8.6074e-009	8.9464e-009	8.8802e-009	9.1034e-009	9.2618e-009	9.5863e-009	1.0018e-008	1.1482e-008	1.402e-008	1.6848e-008	2.0603e-008	2.6415e-008	3.1131e-008	3.7596e-008	4.707e-008	5.4698e-008	6.2082e-008	6.8596e-008	7.4277e-008	7.8463e-008	8.4225e-008	8.7558e-008	9.0157e-008	9.3953e-008	9.6275e-008	9.7876e-008	9.939e-008	9.9931e-008	9.9611e-008	9.926e-008	9.8448e-008	9.7759e-008	9.6965e-008	9.5782e-008	9.4222e-008	9.1913e-008	8.939e-008	8.633e-008	8.316e-008	8.1273e-008	8.047e-008	7.7141e-008	7.5065e-008	7.325e-008	7.1651e-008	6.9401e-008	6.6896e-008	6.5937e-008	6.4137e-008	6.1435e-008	5.962e-008	5.6951e-008	5.2823e-008	4.9709e-008	4.7336e-008	4.5207e-008	4.2509e-008	3.7594e-008	3.5717e-008	3.2599e-008	3.0942e-008	2.8072e-008	2.5622e-008	2.3463e-008	2.0537e-008	1.8807e-008	1.6395e-008	1.4403e-008	1.307e-008	1.0332e-008	9.0516e-009	8.4912e-009	8.092e-009	8.1464e-009	7.7663e-009	7.3562e-009	7.231e-009	7.7342e-009	7.719e-009	8.0761e-009	7.9829e-009	7.6265e-009	7.5486e-009	8.996e-009	9.7615e-009	1.0742e-008	1.3536e-008	1.6219e-008	1.8523e-008	2.2598e-008	2.6698e-008	3.3138e-008	3.8789e-008	4.3585e-008	4.9838e-008	5.816e-008	6.328e-008	6.7155e-008	7.1931e-008	7.6267e-008	8.0328e-008	8.5413e-008	8.7671e-008	8.9681e-008	9.2359e-008	9.427e-008	9.5068e-008	9.4697e-008	9.4319e-008	9.4061e-008	9.3786e-008	9.355e-008	9.3205e-008	9.1342e-008	8.9956e-008	8.8879e-008	8.7691e-008	8.6379e-008	8.4462e-008	8.2765e-008	8.0801e-008	7.8629e-008	7.4034e-008	7.1281e-008	6.9565e-008	6.8134e-008	6.6207e-008	6.4001e-008	6.2263e-008	5.9148e-008	5.7427e-008	5.5673e-008	5.2418e-008	5.0266e-008	4.6927e-008	4.4912e-008	4.1266e-008	3.7638e-008	3.6406e-008	3.2988e-008	2.9475e-008	2.8193e-008	2.5371e-008	2.2971e-008	2.1141e-008	1.7704e-008	1.5382e-008	1.3063e-008	1.0903e-008	8.9582e-009	7.8042e-009	6.9472e-009	6.21e-009	6.023e-009	5.8197e-009	5.6024e-009	5.9203e-009	6.0256e-009	6.2692e-009	5.9474e-009	5.7164e-009	5.7941e-009	6.5694e-009	6.8927e-009	8.334e-009	1.0441e-008	1.2656e-008	1.5022e-008	1.7587e-008	1.9924e-008	2.2432e-008	3.0281e-008	3.5472e-008	3.9398e-008	4.4621e-008	5.083e-008	5.9211e-008	6.5864e-008	6.9675e-008	7.3313e-008	7.8392e-008	8.208e-008	8.3929e-008	8.5988e-008	8.8309e-008	9.0963e-008	9.2702e-008	9.3591e-008	9.4385e-008	9.3253e-008	9.2324e-008	9.1537e-008	9.0681e-008	9.0067e-008	8.9284e-008	8.8108e-008	8.6697e-008	8.2621e-008	7.9868e-008	7.7163e-008	7.6021e-008	7.41e-008	7.1682e-008	6.9718e-008	6.8257e-008	6.5973e-008	6.2721e-008	6.0158e-008	5.7338e-008	5.5079e-008	5.3383e-008	5.1853e-008	5.0264e-008	4.8612e-008	4.6003e-008	4.1691e-008	3.979e-008	3.7656e-008	3.4988e-008	3.0745e-008	2.8858e-008	2.6768e-008	2.4515e-008	2.1728e-008	2.023e-008	1.8043e-008	1.5921e-008	1.4514e-008	1.2568e-008	9.8543e-009	8.202e-009	6.9837e-009	5.906e-009	5.2067e-009	4.5742e-009	4.4448e-009	4.4781e-009	4.5914e-009	4.6436e-009	4.5682e-009	4.7149e-009	4.565e-009	4.6569e-009	5.1874e-009	5.9431e-009	5.9458e-009	6.0951e-009	6.8393e-009	8.6823e-009	1.173e-008	1.5394e-008	1.7261e-008	2.2619e-008	2.9151e-008	3.8532e-008	4.8134e-008	5.4739e-008	6.1712e-008	6.8633e-008	7.5655e-008	8.0925e-008	8.5388e-008	8.9721e-008	9.1546e-008	9.3125e-008	9.3958e-008	9.5725e-008	9.8134e-008	9.9154e-008	1.0054e-007	1.0063e-007	9.8876e-008	9.631e-008	9.4675e-008	9.3051e-008	9.1281e-008	8.9678e-008	8.8176e-008	8.657e-008	8.4173e-008	8.2966e-008	8.1897e-008	8.0344e-008	7.7524e-008	7.4113e-008	7.1008e-008	6.8372e-008	6.6496e-008	6.4338e-008	6.2091e-008	5.8674e-008	5.7302e-008	5.3229e-008	4.971e-008	4.8136e-008	4.5157e-008	4.2475e-008	3.9984e-008	3.6849e-008	3.421e-008	3.1001e-008	2.8591e-008	2.6735e-008	2.3846e-008	2.1496e-008	1.8823e-008	1.6502e-008	1.4568e-008	1.0743e-008	8.5369e-009	7.5612e-009	6.3175e-009	5.9239e-009	5.346e-009	5.25e-009	4.8076e-009	4.3755e-009	3.1552e-009	3.8056e-009	3.42e-009	3.6956e-009	3.8933e-009	4.2637e-009	4.869e-009	5.9092e-009	6.6171e-009	9.4632e-009	1.2125e-008	1.4938e-008	1.7761e-008	2.0606e-008	2.509e-008	3.0251e-008	3.5444e-008	4.0719e-008	4.6578e-008	5.3495e-008	6.0163e-008	6.5931e-008	7.0349e-008	7.4088e-008	7.9322e-008	8.5825e-008	8.7901e-008	8.9934e-008	9.1487e-008	9.3203e-008	9.336e-008	9.3767e-008	9.3956e-008	9.4029e-008	9.3529e-008	9.2768e-008	9.1165e-008	9.0219e-008	8.8559e-008	8.6921e-008	8.6077e-008	8.3774e-008	8.1157e-008	7.9287e-008	7.7955e-008	7.6102e-008	7.4496e-008	7.2918e-008	7.1265e-008	6.832e-008	6.6708e-008	6.3819e-008	5.8438e-008	5.6811e-008	5.4363e-008	5.1989e-008	5.059e-008	4.3794e-008	4.2173e-008	4.0707e-008	3.8693e-008	3.5762e-008	3.3597e-008	3.0386e-008	2.9093e-008
9.7166e-008	9.7092e-008	9.6269e-008	9.3791e-008	9.1266e-008	9.0156e-008	8.8373e-008	8.6538e-008	8.4238e-008	8.1848e-008	7.9964e-008	7.8148e-008	7.6577e-008	7.2899e-008	7.0896e-008	6.9206e-008	6.6956e-008	6.4763e-008	6.3474e-008	6.1789e-008	5.9061e-008	5.7101e-008	5.5448e-008	5.2849e-008	4.8564e-008	4.7827e-008	4.629e-008	4.4124e-008	3.9716e-008	3.7325e-008	3.3824e-008	3.1958e-008	3.0342e-008	2.9005e-008	2.7397e-008	2.5261e-008	2.3013e-008	2.1408e-008	1.9865e-008	1.721e-008	1.6011e-008	1.3829e-008	1.2207e-008	1.0995e-008	1.0178e-008	9.0925e-009	8.4197e-009	7.7795e-009	8.0415e-009	8.1333e-009	8.6773e-009	9.093e-009	9.0732e-009	8.8329e-009	9.227e-009	9.8101e-009	9.951e-009	1.1344e-008	1.3023e-008	1.6548e-008	2.0022e-008	2.4496e-008	3.0436e-008	3.4874e-008	4.1441e-008	4.9913e-008	5.8031e-008	6.5374e-008	7.0737e-008	7.7195e-008	8.0523e-008	8.4339e-008	8.7615e-008	8.9964e-008	9.1688e-008	9.3428e-008	9.4867e-008	9.7009e-008	9.7353e-008	9.6873e-008	9.643e-008	9.536e-008	9.4915e-008	9.5276e-008	9.5194e-008	9.4592e-008	9.3023e-008	8.9422e-008	8.7406e-008	8.4676e-008	8.2806e-008	8.1245e-008	8.0025e-008	7.8272e-008	7.8211e-008	7.6999e-008	7.5095e-008	7.3025e-008	7.0897e-008	6.7954e-008	6.6133e-008	6.4356e-008	6.3585e-008	6.1234e-008	5.7661e-008	5.3919e-008	5.2511e-008	4.9997e-008	4.8322e-008	4.674e-008	4.5221e-008	4.1913e-008	3.7571e-008	3.4393e-008	3.1385e-008	2.7026e-008	2.4661e-008	2.0574e-008	1.8473e-008	1.5875e-008	1.2928e-008	1.1356e-008	1.034e-008	9.5596e-009	9.477e-009	9.0478e-009	8.5601e-009	8.5527e-009	9.1905e-009	8.5732e-009	8.6575e-009	8.8429e-009	8.9695e-009	9.1924e-009	9.5139e-009	9.9881e-009	1.0301e-008	1.1421e-008	1.3032e-008	1.6665e-008	2.0791e-008	2.6361e-008	3.0836e-008	3.8592e-008	4.7204e-008	5.7449e-008	6.3909e-008	6.9756e-008	7.5205e-008	7.9426e-008	8.3685e-008	8.7004e-008	9.0554e-008	9.3093e-008	9.5443e-008	9.7556e-008	9.8902e-008	9.9957e-008	1.0007e-007	1.0009e-007	9.8262e-008	9.7883e-008	9.7414e-008	9.615e-008	9.5043e-008	9.3598e-008	8.9426e-008	8.8893e-008	8.3342e-008	8.1752e-008	7.9861e-008	7.8639e-008	7.7182e-008	7.438e-008	7.1285e-008	6.9628e-008	6.7577e-008	6.6156e-008	6.4738e-008	6.2385e-008	5.9341e-008	5.7219e-008	5.4082e-008	4.9894e-008	4.7393e-008	4.5396e-008	4.2287e-008	4.0628e-008	3.4264e-008	3.2692e-008	3.0452e-008	2.7868e-008	2.5628e-008	2.3529e-008	2.0046e-008	1.7786e-008	1.5776e-008	1.383e-008	1.1824e-008	9.8283e-009	8.9949e-009	8.8148e-009	8.3099e-009	8.3854e-009	8.1248e-009	8.2474e-009	7.9414e-009	7.8136e-009	8.2276e-009	8.0928e-009	7.9011e-009	8.0724e-009	8.1436e-009	8.9154e-009	9.5566e-009	1.1218e-008	1.3417e-008	1.6276e-008	1.8847e-008	2.2189e-008	2.5533e-008	3.2168e-008	3.8635e-008	4.4468e-008	5.1122e-008	5.7605e-008	6.2099e-008	6.7633e-008	7.2246e-008	7.7319e-008	8.2566e-008	8.6422e-008	8.8144e-008	9.0614e-008	9.2642e-008	9.3986e-008	9.4662e-008	9.5261e-008	9.539e-008	9.4738e-008	9.4302e-008	9.3587e-008	9.2477e-008	9.1363e-008	9.0252e-008	8.8385e-008	8.7728e-008	8.6564e-008	8.506e-008	8.1877e-008	8.0264e-008	7.7777e-008	7.3854e-008	7.2051e-008	7.0241e-008	6.9179e-008	6.7313e-008	6.4649e-008	6.3102e-008	6.0113e-008	5.7435e-008	5.5571e-008	5.2317e-008	4.9111e-008	4.6882e-008	4.4133e-008	4.0648e-008	3.9515e-008	3.7512e-008	3.4129e-008	3.2114e-008	2.7477e-008	2.5301e-008	2.3098e-008	2.0322e-008	1.8424e-008	1.495e-008	1.326e-008	1.0868e-008	9.2521e-009	8.119e-009	6.76e-009	6.467e-009	6.401e-009	6.1512e-009	5.8752e-009	5.6993e-009	5.9341e-009	6.4257e-009	5.7416e-009	5.4352e-009	6.0851e-009	6.5074e-009	7.0796e-009	8.2856e-009	9.939e-009	1.1526e-008	1.4622e-008	1.7823e-008	2.0917e-008	2.4231e-008	2.9478e-008	3.5619e-008	3.9844e-008	4.6219e-008	5.185e-008	5.7761e-008	6.3018e-008	6.8917e-008	7.3578e-008	7.668e-008	8.1394e-008	8.4349e-008	8.6973e-008	8.902e-008	9.1137e-008	9.2575e-008	9.4686e-008	9.4929e-008	9.3841e-008	9.2941e-008	9.2159e-008	9.0912e-008	9.0079e-008	8.9119e-008	8.7643e-008	8.5262e-008	8.1756e-008	8.0125e-008	7.7801e-008	7.5691e-008	7.4134e-008	7.176e-008	6.9735e-008	6.86e-008	6.6562e-008	6.3793e-008	6.1153e-008	5.781e-008	5.5664e-008	5.3543e-008	5.2286e-008	5.0258e-008	4.8659e-008	4.5674e-008	4.2279e-008	3.9742e-008	3.8452e-008	3.5812e-008	3.1423e-008	2.8653e-008	2.7444e-008	2.5695e-008	2.2498e-008	2.0877e-008	1.8769e-008	1.6484e-008	1.4519e-008	1.2558e-008	1.0479e-008	8.0544e-009	6.617e-009	5.9796e-009	5.4883e-009	5.0517e-009	4.8994e-009	4.7023e-009	5.1904e-009	5.1611e-009	5.122e-009	5.2633e-009	5.3002e-009	4.8581e-009	5.7087e-009	6.0369e-009	6.0218e-009	6.2944e-009	6.966e-009	8.9062e-009	1.1502e-008	1.4851e-008	1.8712e-008	2.3845e-008	2.8637e-008	3.8537e-008	4.8154e-008	5.4902e-008	6.2183e-008	6.802e-008	7.5823e-008	8.1245e-008	8.5239e-008	8.9166e-008	9.1779e-008	9.3307e-008	9.4614e-008	9.5752e-008	9.743e-008	9.958e-008	1.0094e-007	1.0073e-007	9.7696e-008	9.6669e-008	9.4852e-008	9.3568e-008	9.1891e-008	9.0253e-008	8.8831e-008	8.5699e-008	8.5075e-008	8.387e-008	8.262e-008	8.0478e-008	7.7232e-008	7.5604e-008	7.1503e-008	6.743e-008	6.61e-008	6.4022e-008	6.2747e-008	5.9707e-008	5.7793e-008	5.4554e-008	5.1247e-008	4.8812e-008	4.5698e-008	4.2851e-008	3.9007e-008	3.6181e-008	3.3918e-008	3.104e-008	2.8862e-008	2.6285e-008	2.3066e-008	2.1245e-008	1.7352e-008	1.6821e-008	1.3621e-008	1.1035e-008	9.432e-009	7.314e-009	6.4186e-009	5.7734e-009	5.4302e-009	5.8401e-009	4.9842e-009	4.4689e-009	4.0881e-009	4.5303e-009	4.5249e-009	4.6636e-009	4.3838e-009	5.3414e-009	5.4216e-009	6.2067e-009	7.3602e-009	9.701e-009	1.2728e-008	1.5265e-008	1.7314e-008	2.1503e-008	2.6237e-008	3.1401e-008	3.5409e-008	4.0683e-008	4.6128e-008	5.3286e-008	5.9026e-008	6.3612e-008	6.9273e-008	7.3782e-008	7.8654e-008	8.3525e-008	8.9069e-008	9.0317e-008	9.2141e-008	9.3386e-008	9.3171e-008	9.357e-008	9.4339e-008	9.4529e-008	9.4319e-008	9.3949e-008	9.2016e-008	9.0121e-008	8.834e-008	8.6886e-008	8.5825e-008	8.2583e-008	8.1214e-008	7.9488e-008	7.7891e-008	7.6552e-008	7.4621e-008	7.2515e-008	7.0662e-008	6.8826e-008	6.6582e-008	6.5378e-008	6.1557e-008	5.6518e-008	5.3952e-008	5.2119e-008	5.0478e-008	4.7443e-008	4.3016e-008	4.1575e-008	3.9169e-008	3.614e-008	3.2923e-008	2.9834e-008	2.9811e-008
9.7129e-008	9.6769e-008	9.6748e-008	9.6208e-008	9.3776e-008	9.1153e-008	8.9092e-008	8.5732e-008	8.3098e-008	8.0284e-008	7.7918e-008	7.709e-008	7.5828e-008	7.4086e-008	7.1567e-008	7.0317e-008	6.8047e-008	6.6139e-008	6.3821e-008	6.1686e-008	5.7757e-008	5.6745e-008	5.4906e-008	5.2556e-008	4.9468e-008	4.7969e-008	4.5765e-008	4.3738e-008	3.8418e-008	3.7086e-008	3.4744e-008	3.2612e-008	3.0157e-008	2.8771e-008	2.6946e-008	2.4607e-008	2.3303e-008	2.1166e-008	1.8864e-008	1.7144e-008	1.6098e-008	1.3715e-008	1.2364e-008	1.1081e-008	9.7535e-009	9.189e-009	8.5352e-009	8.6677e-009	7.3032e-009	7.66e-009	8.5873e-009	9.0726e-009	8.6474e-009	8.9511e-009	9.1293e-009	9.0322e-009	1.0022e-008	1.1237e-008	1.3848e-008	1.6557e-008	2.0499e-008	2.498e-008	2.8366e-008	3.512e-008	4.1996e-008	5.0492e-008	5.826e-008	6.3018e-008	7.0701e-008	7.6138e-008	7.9728e-008	8.3315e-008	8.6296e-008	8.9587e-008	9.1803e-008	9.3051e-008	9.4688e-008	9.6873e-008	9.7155e-008	9.6809e-008	9.6191e-008	9.5056e-008	9.449e-008	9.3982e-008	9.3869e-008	9.3257e-008	9.1295e-008	8.9293e-008	8.8025e-008	8.5231e-008	8.2837e-008	8.1836e-008	8.0576e-008	7.8584e-008	7.7992e-008	7.5886e-008	7.4438e-008	7.2026e-008	6.9875e-008	6.8199e-008	6.5594e-008	6.3558e-008	6.2479e-008	5.9109e-008	5.7651e-008	5.4566e-008	5.3037e-008	5.0469e-008	4.8103e-008	4.6714e-008	4.4587e-008	3.9705e-008	3.7361e-008	3.4135e-008	2.9914e-008	2.6346e-008	2.3345e-008	2.0259e-008	1.7161e-008	1.4976e-008	1.2441e-008	1.1031e-008	9.9951e-009	9.3989e-009	9.054e-009	9.1522e-009	8.3173e-009	9.0115e-009	9.3433e-009	8.5423e-009	9.1221e-009	8.6718e-009	8.6932e-009	8.5519e-009	9.3043e-009	9.8324e-009	1.0428e-008	1.0883e-008	1.2107e-008	1.5422e-008	2.0781e-008	2.607e-008	3.2192e-008	4.0061e-008	4.8874e-008	5.8121e-008	6.5264e-008	7.139e-008	7.6866e-008	8.0513e-008	8.461e-008	8.7124e-008	9.0449e-008	9.1847e-008	9.4767e-008	9.6446e-008	9.8152e-008	9.8984e-008	9.9386e-008	9.9e-008	9.8215e-008	9.7873e-008	9.715e-008	9.6729e-008	9.5327e-008	9.3976e-008	8.9532e-008	8.9184e-008	8.4943e-008	8.1815e-008	7.9849e-008	7.8592e-008	7.6612e-008	7.4032e-008	7.1822e-008	6.9593e-008	6.7147e-008	6.5837e-008	6.4113e-008	6.1984e-008	5.8485e-008	5.6424e-008	5.3797e-008	5.0867e-008	4.828e-008	4.561e-008	4.2772e-008	3.9863e-008	3.5321e-008	3.3664e-008	3.147e-008	2.7978e-008	2.5382e-008	2.2427e-008	1.9465e-008	1.7108e-008	1.5439e-008	1.3005e-008	1.0795e-008	9.316e-009	8.6966e-009	7.7421e-009	7.4872e-009	8.2676e-009	8.2653e-009	8.438e-009	7.5897e-009	7.4522e-009	7.8415e-009	7.7672e-009	7.8389e-009	8.2718e-009	8.0115e-009	8.985e-009	9.3568e-009	1.0454e-008	1.2978e-008	1.5739e-008	1.8551e-008	2.2923e-008	2.6569e-008	3.0788e-008	3.7418e-008	4.4446e-008	5.1288e-008	5.6318e-008	6.1925e-008	6.6661e-008	7.2146e-008	7.7324e-008	8.32e-008	8.6587e-008	8.8688e-008	9.1205e-008	9.2512e-008	9.3477e-008	9.5286e-008	9.6147e-008	9.6132e-008	9.5387e-008	9.4978e-008	9.4398e-008	9.2692e-008	9.1253e-008	8.9421e-008	8.7877e-008	8.6659e-008	8.6036e-008	8.3964e-008	8.0923e-008	7.9049e-008	7.6781e-008	7.3961e-008	7.2259e-008	7.0721e-008	6.9176e-008	6.7341e-008	6.5131e-008	6.2744e-008	5.9893e-008	5.6798e-008	5.395e-008	5.1419e-008	4.9789e-008	4.5248e-008	4.3416e-008	4.1121e-008	3.9319e-008	3.7417e-008	3.4446e-008	3.0965e-008	2.7845e-008	2.483e-008	2.2046e-008	2.0343e-008	1.8026e-008	1.6018e-008	1.3824e-008	1.1146e-008	9.2787e-009	8.1008e-009	6.9405e-009	6.4771e-009	6.112e-009	6.1099e-009	5.9769e-009	5.4562e-009	5.673e-009	5.6283e-009	5.2043e-009	5.5707e-009	6.1603e-009	6.4732e-009	6.7745e-009	8.1273e-009	9.8242e-009	1.1571e-008	1.4491e-008	1.7542e-008	2.0809e-008	2.474e-008	2.9895e-008	3.425e-008	4.0087e-008	4.716e-008	5.2378e-008	5.7295e-008	6.2637e-008	6.8787e-008	7.1947e-008	7.647e-008	8.0091e-008	8.3297e-008	8.7329e-008	8.9175e-008	9.279e-008	9.3584e-008	9.4238e-008	9.4396e-008	9.3616e-008	9.3024e-008	9.2577e-008	9.1022e-008	8.9822e-008	8.7921e-008	8.6711e-008	8.4568e-008	8.2448e-008	8.0144e-008	7.8336e-008	7.6618e-008	7.4294e-008	7.2796e-008	6.9417e-008	6.8745e-008	6.6627e-008	6.4163e-008	6.223e-008	5.9328e-008	5.6444e-008	5.3101e-008	5.0539e-008	4.9984e-008	4.7812e-008	4.4789e-008	4.1273e-008	3.9805e-008	3.7691e-008	3.544e-008	3.1424e-008	2.8552e-008	2.7622e-008	2.6128e-008	2.3275e-008	2.0811e-008	1.8706e-008	1.6882e-008	1.4627e-008	1.2218e-008	1.0544e-008	8.6361e-009	7.0986e-009	5.9741e-009	5.4145e-009	4.9189e-009	4.5105e-009	4.5832e-009	5.0385e-009	4.8429e-009	5.3972e-009	5.2815e-009	5.0801e-009	4.6919e-009	4.7395e-009	5.4113e-009	5.7784e-009	6.0959e-009	6.8951e-009	8.2656e-009	1.1159e-008	1.4923e-008	1.8718e-008	2.3517e-008	2.9385e-008	4.1088e-008	4.9019e-008	5.5382e-008	6.1559e-008	6.7797e-008	7.4789e-008	7.9802e-008	8.385e-008	8.7995e-008	9.0291e-008	9.3462e-008	9.3755e-008	9.5367e-008	9.7276e-008	9.8879e-008	1.0022e-007	9.9218e-008	9.6837e-008	9.6154e-008	9.5102e-008	9.3135e-008	9.249e-008	9.1383e-008	8.9345e-008	8.6204e-008	8.4418e-008	8.3151e-008	8.2023e-008	7.8957e-008	7.6437e-008	7.4333e-008	7.118e-008	6.7003e-008	6.5649e-008	6.2633e-008	6.1351e-008	6.0167e-008	5.7258e-008	5.4121e-008	5.1238e-008	4.8338e-008	4.5047e-008	4.1208e-008	3.7848e-008	3.5744e-008	3.4266e-008	3.1842e-008	2.8571e-008	2.5604e-008	2.2955e-008	2.06e-008	1.7231e-008	1.587e-008	1.3032e-008	1.0666e-008	8.9905e-009	6.3327e-009	5.8714e-009	5.6518e-009	5.6005e-009	5.6611e-009	4.9371e-009	4.8512e-009	4.8201e-009	4.8964e-009	4.8631e-009	5.0732e-009	4.7965e-009	5.4977e-009	5.8374e-009	6.0846e-009	7.4067e-009	9.1619e-009	1.2521e-008	1.5151e-008	1.793e-008	2.1998e-008	2.6064e-008	3.1367e-008	3.615e-008	4.1445e-008	4.6768e-008	5.2717e-008	5.7711e-008	6.3444e-008	6.8933e-008	7.32e-008	7.8796e-008	8.2927e-008	8.7486e-008	8.9928e-008	9.1689e-008	9.163e-008	9.2771e-008	9.3282e-008	9.4282e-008	9.4279e-008	9.4233e-008	9.3673e-008	9.1865e-008	8.9764e-008	8.8432e-008	8.6657e-008	8.4872e-008	8.2139e-008	8.079e-008	7.8073e-008	7.6924e-008	7.5676e-008	7.462e-008	7.2516e-008	6.9467e-008	6.8128e-008	6.6309e-008	6.414e-008	6.1249e-008	5.696e-008	5.4255e-008	5.2904e-008	5.0421e-008	4.7226e-008	4.3379e-008	4.2101e-008	4.024e-008	3.5927e-008	3.4607e-008	3.2095e-008	2.9919e-008
9.7517e-008	9.7106e-008	9.7077e-008	9.6113e-008	9.3164e-008	9.1574e-008	9.0183e-008	8.726e-008	8.2259e-008	7.9496e-008	7.7269e-008	7.5222e-008	7.5097e-008	7.4753e-008	7.1567e-008	7.0153e-008	6.7905e-008	6.6823e-008	6.4866e-008	6.2181e-008	5.9038e-008	5.7648e-008	5.5489e-008	5.24e-008	5.0745e-008	4.8515e-008	4.5766e-008	4.3519e-008	3.9939e-008	3.7465e-008	3.5791e-008	3.3304e-008	3.0856e-008	2.991e-008	2.7999e-008	2.6029e-008	2.295e-008	2.0595e-008	1.9717e-008	1.7226e-008	1.5453e-008	1.3842e-008	1.3058e-008	1.1202e-008	9.758e-009	9.2925e-009	8.6361e-009	9.2995e-009	9.1903e-009	8.4197e-009	8.2654e-009	8.7042e-009	8.6411e-009	9.1243e-009	9.0819e-009	9.5198e-009	1.0633e-008	1.1639e-008	1.3878e-008	1.6567e-008	2.0759e-008	2.5708e-008	3.0336e-008	3.6862e-008	4.3365e-008	5.1829e-008	5.7687e-008	6.3703e-008	7.0614e-008	7.5326e-008	8.0207e-008	8.4011e-008	8.711e-008	9.0272e-008	9.1854e-008	9.2674e-008	9.461e-008	9.6129e-008	9.6569e-008	9.6307e-008	9.6084e-008	9.5587e-008	9.528e-008	9.4531e-008	9.3553e-008	9.2366e-008	9.0543e-008	8.9835e-008	8.8718e-008	8.6953e-008	8.3139e-008	8.2017e-008	8.1111e-008	7.9315e-008	7.7888e-008	7.639e-008	7.5155e-008	7.1139e-008	6.8558e-008	6.7136e-008	6.4923e-008	6.368e-008	6.2645e-008	6.0118e-008	5.8556e-008	5.5926e-008	5.3033e-008	5.1395e-008	4.9203e-008	4.7491e-008	4.5401e-008	4.1876e-008	3.7783e-008	3.4236e-008	3.0874e-008	2.6739e-008	2.389e-008	1.9136e-008	1.7288e-008	1.4805e-008	1.2229e-008	1.1283e-008	1.0044e-008	9.3814e-009	9.177e-009	9.5981e-009	8.5515e-009	8.3821e-009	8.6176e-009	8.7063e-009	9.2251e-009	9.1538e-009	8.9301e-009	9.4884e-009	9.4269e-009	9.4074e-009	9.6738e-009	1.1069e-008	1.3019e-008	1.6293e-008	2.0633e-008	2.5379e-008	3.2526e-008	4.1669e-008	5.0699e-008	5.9407e-008	6.6226e-008	7.2813e-008	7.8328e-008	8.1743e-008	8.4637e-008	8.6827e-008	8.954e-008	9.1542e-008	9.3524e-008	9.6086e-008	9.7319e-008	9.7933e-008	9.8934e-008	9.9599e-008	9.9514e-008	9.8441e-008	9.768e-008	9.7433e-008	9.6056e-008	9.4164e-008	9.1894e-008	8.8828e-008	8.5168e-008	8.2535e-008	8.1045e-008	7.8817e-008	7.6342e-008	7.4653e-008	7.2382e-008	7.0101e-008	6.6079e-008	6.4791e-008	6.3564e-008	6.1411e-008	5.6953e-008	5.591e-008	5.3272e-008	5.0258e-008	4.7294e-008	4.4092e-008	4.2561e-008	3.8387e-008	3.6043e-008	3.4128e-008	3.2071e-008	2.8705e-008	2.4815e-008	2.2138e-008	1.9382e-008	1.7188e-008	1.44e-008	1.2116e-008	9.7135e-009	8.8249e-009	8.9313e-009	7.951e-009	7.6801e-009	8.0299e-009	7.9996e-009	8.3368e-009	7.5885e-009	7.6587e-009	7.6978e-009	7.9844e-009	8.3467e-009	8.1177e-009	8.2792e-009	8.8303e-009	9.2459e-009	1.0784e-008	1.2333e-008	1.5709e-008	1.9075e-008	2.3175e-008	2.7504e-008	3.1513e-008	3.6891e-008	4.4573e-008	4.9654e-008	5.5872e-008	6.0711e-008	6.6328e-008	7.2826e-008	7.7926e-008	8.3206e-008	8.6107e-008	8.9086e-008	9.0862e-008	9.3057e-008	9.357e-008	9.5192e-008	9.6802e-008	9.7309e-008	9.6574e-008	9.6141e-008	9.4748e-008	9.3265e-008	9.1265e-008	8.9903e-008	8.8213e-008	8.7255e-008	8.5939e-008	8.3734e-008	8.1301e-008	7.9532e-008	7.6914e-008	7.4067e-008	7.2422e-008	7.0959e-008	6.9488e-008	6.8162e-008	6.6775e-008	6.3664e-008	5.9637e-008	5.7012e-008	5.3813e-008	5.1645e-008	5.0628e-008	4.8385e-008	4.3453e-008	4.1463e-008	3.8975e-008	3.6751e-008	3.4087e-008	3.1998e-008	2.7433e-008	2.5916e-008	2.3075e-008	2.1303e-008	2.0054e-008	1.7318e-008	1.45e-008	1.1233e-008	9.6099e-009	8.2855e-009	6.9929e-009	5.9836e-009	6.2578e-009	6.6065e-009	6.3242e-009	5.8875e-009	5.4219e-009	5.4922e-009	5.8592e-009	6.3927e-009	6.663e-009	6.7801e-009	7.1134e-009	7.8512e-009	9.0685e-009	1.194e-008	1.4517e-008	1.7721e-008	2.1218e-008	2.5066e-008	3.0637e-008	3.4163e-008	3.9702e-008	4.5061e-008	5.19e-008	5.7256e-008	6.29e-008	6.8895e-008	7.2921e-008	7.6837e-008	7.9874e-008	8.4089e-008	8.681e-008	9.053e-008	9.3032e-008	9.4325e-008	9.4522e-008	9.4284e-008	9.4036e-008	9.3518e-008	9.2793e-008	9.0596e-008	9.0045e-008	8.845e-008	8.6807e-008	8.5242e-008	8.3308e-008	8.2299e-008	7.9965e-008	7.7962e-008	7.5365e-008	7.3661e-008	7.1828e-008	6.8819e-008	6.6405e-008	6.4797e-008	6.3053e-008	6.0636e-008	5.8453e-008	5.6548e-008	5.3317e-008	4.9431e-008	4.629e-008	4.4016e-008	4.1822e-008	3.9727e-008	3.7776e-008	3.5315e-008	3.3216e-008	3.0101e-008	2.8615e-008	2.651e-008	2.4051e-008	2.1439e-008	1.9891e-008	1.7449e-008	1.4766e-008	1.2526e-008	1.0631e-008	8.7681e-009	7.4529e-009	7.0237e-009	5.8153e-009	5.2729e-009	5.225e-009	5.1572e-009	5.1386e-009	4.8221e-009	5.7772e-009	5.8792e-009	5.358e-009	4.9068e-009	4.6064e-009	5.1982e-009	6.1104e-009	5.9438e-009	6.8792e-009	8.4369e-009	1.1174e-008	1.4033e-008	1.8538e-008	2.3232e-008	2.8894e-008	3.9025e-008	4.8695e-008	5.4624e-008	6.1695e-008	6.6953e-008	7.3539e-008	7.7448e-008	8.24e-008	8.5168e-008	8.885e-008	9.1243e-008	9.345e-008	9.5022e-008	9.6348e-008	9.7874e-008	9.8569e-008	9.8304e-008	9.722e-008	9.6629e-008	9.6024e-008	9.5662e-008	9.4238e-008	9.2114e-008	8.9731e-008	8.7708e-008	8.5412e-008	8.3209e-008	8.0816e-008	7.8735e-008	7.5417e-008	7.3047e-008	6.9956e-008	6.7624e-008	6.484e-008	6.31e-008	6.1431e-008	5.9899e-008	5.7513e-008	5.4769e-008	5.0053e-008	4.6147e-008	4.4008e-008	4.147e-008	3.8735e-008	3.5692e-008	3.4029e-008	3.2246e-008	2.9389e-008	2.5616e-008	2.3491e-008	1.9546e-008	1.8114e-008	1.5446e-008	1.3096e-008	1.0012e-008	7.9085e-009	6.7075e-009	6.4131e-009	6.1474e-009	6.1786e-009	5.596e-009	4.9145e-009	5.3863e-009	6.0942e-009	5.5516e-009	5.253e-009	5.0372e-009	4.8537e-009	5.3514e-009	6.1413e-009	6.3276e-009	6.71e-009	8.7092e-009	1.1981e-008	1.4838e-008	1.7845e-008	2.1619e-008	2.6131e-008	3.0707e-008	3.5764e-008	4.1492e-008	4.7829e-008	5.2867e-008	5.7955e-008	6.3301e-008	6.8935e-008	7.4203e-008	7.878e-008	8.2877e-008	8.6879e-008	8.8308e-008	9.0204e-008	9.144e-008	9.2348e-008	9.3167e-008	9.4414e-008	9.5139e-008	9.5173e-008	9.316e-008	9.1675e-008	9.0513e-008	8.9827e-008	8.7841e-008	8.5837e-008	8.426e-008	8.1211e-008	7.9351e-008	7.7559e-008	7.622e-008	7.529e-008	7.3894e-008	7.1548e-008	6.8137e-008	6.5705e-008	6.3967e-008	6.1991e-008	5.8997e-008	5.5456e-008	5.3717e-008	5.0885e-008	4.7695e-008	4.4469e-008	4.1525e-008	3.8178e-008	3.6318e-008	3.487e-008	3.2073e-008	3.0228e-008
9.7225e-008	9.7837e-008	9.6278e-008	9.4422e-008	9.2258e-008	9.0658e-008	8.9173e-008	8.6443e-008	8.255e-008	7.9488e-008	7.6485e-008	7.4938e-008	7.4667e-008	7.4519e-008	7.1689e-008	7.0417e-008	6.9171e-008	6.7499e-008	6.5641e-008	6.3001e-008	5.9912e-008	5.8133e-008	5.6107e-008	5.2551e-008	5.0554e-008	4.8e-008	4.6332e-008	4.3481e-008	4.0931e-008	3.7063e-008	3.5465e-008	3.2731e-008	3.1081e-008	2.996e-008	2.7546e-008	2.5681e-008	2.3635e-008	2.183e-008	2.0015e-008	1.8151e-008	1.5719e-008	1.4327e-008	1.2861e-008	1.2027e-008	1.0337e-008	9.3238e-009	9.8235e-009	9.6514e-009	9.1193e-009	8.9531e-009	8.3658e-009	8.2742e-009	8.3483e-009	8.9044e-009	8.8027e-009	9.6354e-009	1.0211e-008	1.1507e-008	1.3179e-008	1.6257e-008	2.1603e-008	2.5665e-008	3.1465e-008	3.6778e-008	4.4407e-008	5.2366e-008	5.854e-008	6.3885e-008	7.0381e-008	7.4327e-008	7.9471e-008	8.3792e-008	8.7698e-008	9.0164e-008	9.1701e-008	9.3619e-008	9.5247e-008	9.5155e-008	9.496e-008	9.5238e-008	9.5756e-008	9.5782e-008	9.5653e-008	9.4597e-008	9.3335e-008	9.2221e-008	9.0701e-008	8.9726e-008	8.8668e-008	8.7024e-008	8.4485e-008	8.2184e-008	8.0965e-008	7.9541e-008	7.7423e-008	7.6067e-008	7.3221e-008	6.9948e-008	6.7711e-008	6.6024e-008	6.4494e-008	6.3575e-008	6.2339e-008	6.0978e-008	5.8782e-008	5.6886e-008	5.4866e-008	5.2959e-008	5.1373e-008	4.8189e-008	4.6049e-008	4.3007e-008	3.9106e-008	3.467e-008	3.1126e-008	2.5431e-008	2.3155e-008	2.0347e-008	1.7127e-008	1.4952e-008	1.3042e-008	1.0994e-008	1.0105e-008	9.6559e-009	9.257e-009	9.8111e-009	9.5106e-009	8.832e-009	8.761e-009	8.6484e-009	8.8484e-009	8.7602e-009	8.8929e-009	9.0175e-009	9.0433e-009	9.4239e-009	9.5477e-009	1.1073e-008	1.2998e-008	1.5599e-008	1.9998e-008	2.4779e-008	3.2143e-008	4.1892e-008	5.1754e-008	5.8255e-008	6.5884e-008	7.0638e-008	7.8582e-008	8.1723e-008	8.4297e-008	8.6729e-008	8.9156e-008	9.1401e-008	9.3312e-008	9.5364e-008	9.7595e-008	9.8379e-008	1.0021e-007	1.0079e-007	1.0075e-007	9.8495e-008	9.7473e-008	9.7428e-008	9.5146e-008	9.2909e-008	8.9976e-008	8.7555e-008	8.5482e-008	8.3409e-008	8.1778e-008	7.9053e-008	7.7335e-008	7.4862e-008	7.2564e-008	6.9165e-008	6.6282e-008	6.4158e-008	6.2802e-008	6.1182e-008	5.7436e-008	5.5454e-008	5.308e-008	5.0602e-008	4.7613e-008	4.5732e-008	4.2099e-008	3.9156e-008	3.7078e-008	3.3955e-008	3.1492e-008	2.688e-008	2.4433e-008	2.1624e-008	1.9129e-008	1.7012e-008	1.4841e-008	1.1997e-008	9.8985e-009	8.9426e-009	9.0213e-009	8.6806e-009	8.0845e-009	7.8299e-009	8.0208e-009	8.1765e-009	7.8235e-009	7.4333e-009	7.7091e-009	8.1093e-009	8.1554e-009	8.1226e-009	8.1149e-009	8.5527e-009	9.0443e-009	1.0535e-008	1.2433e-008	1.5644e-008	1.9242e-008	2.2659e-008	2.7325e-008	3.1727e-008	3.5241e-008	4.3518e-008	4.9101e-008	5.4199e-008	6.0065e-008	6.6322e-008	7.0763e-008	7.7344e-008	8.1358e-008	8.5423e-008	8.7743e-008	9.08e-008	9.2491e-008	9.3401e-008	9.5063e-008	9.6847e-008	9.7324e-008	9.7399e-008	9.6427e-008	9.4786e-008	9.3964e-008	9.2031e-008	9.0221e-008	8.9314e-008	8.8776e-008	8.8475e-008	8.2233e-008	8.1032e-008	8.0105e-008	7.7803e-008	7.5094e-008	7.3151e-008	7.0821e-008	6.9987e-008	6.8314e-008	6.483e-008	6.2747e-008	6.0528e-008	5.6679e-008	5.3927e-008	5.1362e-008	5.0198e-008	4.8889e-008	4.5711e-008	4.1782e-008	3.8682e-008	3.6151e-008	3.377e-008	3.1797e-008	2.8608e-008	2.6138e-008	2.4071e-008	2.1793e-008	1.9563e-008	1.7457e-008	1.4976e-008	1.1936e-008	9.6689e-009	8.494e-009	7.0376e-009	6.233e-009	6.3495e-009	6.2732e-009	6.4361e-009	6.0959e-009	5.9742e-009	5.4594e-009	5.7886e-009	6.1287e-009	6.6209e-009	6.3927e-009	6.805e-009	7.2368e-009	8.5087e-009	1.0854e-008	1.3472e-008	1.7311e-008	2.128e-008	2.6519e-008	3.0021e-008	3.4079e-008	3.9872e-008	4.6942e-008	5.2817e-008	5.7477e-008	6.3247e-008	6.8607e-008	7.2728e-008	7.6566e-008	8.0091e-008	8.3637e-008	8.6498e-008	9.018e-008	9.184e-008	9.3861e-008	9.424e-008	9.4174e-008	9.382e-008	9.3634e-008	9.2948e-008	9.1861e-008	8.9531e-008	8.8331e-008	8.7088e-008	8.5711e-008	8.5265e-008	8.2694e-008	7.9793e-008	7.7812e-008	7.5518e-008	7.342e-008	7.1568e-008	6.7565e-008	6.5783e-008	6.3914e-008	6.2125e-008	6.0974e-008	5.8679e-008	5.6239e-008	5.3278e-008	4.9525e-008	4.6181e-008	4.4289e-008	4.2301e-008	3.9091e-008	3.7148e-008	3.4897e-008	3.3025e-008	3.097e-008	2.8591e-008	2.7377e-008	2.4027e-008	2.1561e-008	1.9661e-008	1.7028e-008	1.4308e-008	1.2751e-008	9.9749e-009	8.7926e-009	7.819e-009	6.9629e-009	5.5827e-009	5.3069e-009	5.2695e-009	5.0911e-009	5.1223e-009	5.3388e-009	5.515e-009	5.7306e-009	5.3358e-009	5.1261e-009	4.9072e-009	5.3678e-009	5.9506e-009	6.0002e-009	6.6382e-009	8.0706e-009	1.1135e-008	1.3954e-008	1.8069e-008	2.3598e-008	2.8989e-008	3.914e-008	4.757e-008	5.4239e-008	6.0747e-008	6.6685e-008	7.4241e-008	7.8512e-008	8.2013e-008	8.5303e-008	8.8175e-008	9.1202e-008	9.3409e-008	9.4886e-008	9.6304e-008	9.7473e-008	9.8343e-008	9.759e-008	9.7279e-008	9.668e-008	9.5979e-008	9.5452e-008	9.4143e-008	9.1855e-008	8.9557e-008	8.7426e-008	8.5487e-008	8.2977e-008	8.0404e-008	7.7957e-008	7.5846e-008	7.3751e-008	6.9907e-008	6.7734e-008	6.5191e-008	6.374e-008	6.1551e-008	6.0104e-008	5.7157e-008	5.3097e-008	4.9651e-008	4.6671e-008	4.3593e-008	4.2327e-008	3.9083e-008	3.6005e-008	3.3378e-008	3.1616e-008	2.9491e-008	2.6828e-008	2.3295e-008	2.077e-008	1.8276e-008	1.5397e-008	1.3175e-008	1.0983e-008	8.8869e-009	7.3947e-009	6.4557e-009	6.1591e-009	6.2109e-009	5.8128e-009	5.847e-009	6.288e-009	5.9053e-009	5.4799e-009	5.2577e-009	5.0676e-009	4.9915e-009	5.8296e-009	6.178e-009	6.3493e-009	6.6985e-009	8.6361e-009	1.1601e-008	1.4045e-008	1.696e-008	2.0771e-008	2.4189e-008	2.8497e-008	3.4422e-008	4.0985e-008	4.802e-008	5.3209e-008	5.7831e-008	6.3276e-008	6.812e-008	7.5344e-008	7.84e-008	8.2655e-008	8.6165e-008	8.7824e-008	8.9576e-008	9.0599e-008	9.1868e-008	9.3136e-008	9.4632e-008	9.5237e-008	9.4494e-008	9.3288e-008	9.2186e-008	9.0396e-008	8.9631e-008	8.7594e-008	8.6363e-008	8.4497e-008	8.0463e-008	7.9303e-008	7.7976e-008	7.7298e-008	7.5315e-008	7.3677e-008	6.9091e-008	6.7782e-008	6.5203e-008	6.3409e-008	6.0461e-008	5.8703e-008	5.716e-008	5.3463e-008	5.0421e-008	4.8116e-008	4.3753e-008	4.1145e-008	3.9262e-008	3.7864e-008	3.3616e-008	3.1788e-008	3.007e-008
9.7166e-008	9.7387e-008	9.5465e-008	9.3639e-008	9.1718e-008	8.9702e-008	8.7893e-008	8.6401e-008	8.2899e-008	7.9754e-008	7.7862e-008	7.5664e-008	7.4506e-008	7.3395e-008	7.2116e-008	7.084e-008	6.9375e-008	6.7106e-008	6.5255e-008	6.3495e-008	6.0346e-008	5.7885e-008	5.5179e-008	5.1771e-008	5.0033e-008	4.7844e-008	4.5148e-008	4.2507e-008	4.0204e-008	3.7899e-008	3.4976e-008	3.2854e-008	3.0842e-008	2.8995e-008	2.7137e-008	2.5637e-008	2.3524e-008	2.0898e-008	1.9507e-008	1.7532e-008	1.581e-008	1.4332e-008	1.2772e-008	1.1944e-008	1.0505e-008	9.3196e-009	9.2747e-009	8.9137e-009	9.0279e-009	9.2869e-009	8.5679e-009	8.3964e-009	8.6099e-009	8.6239e-009	8.6338e-009	9.425e-009	9.9983e-009	1.0996e-008	1.3247e-008	1.5813e-008	2.1531e-008	2.5509e-008	3.0758e-008	3.9079e-008	4.538e-008	5.1753e-008	5.9475e-008	6.4719e-008	6.8662e-008	7.5413e-008	7.9963e-008	8.378e-008	8.7736e-008	9.0601e-008	9.2066e-008	9.3816e-008	9.5094e-008	9.4961e-008	9.4991e-008	9.5304e-008	9.6226e-008	9.6817e-008	9.5885e-008	9.4103e-008	9.2731e-008	9.1987e-008	9.0298e-008	8.9446e-008	8.7948e-008	8.6402e-008	8.4662e-008	8.2911e-008	8.0772e-008	7.8464e-008	7.7021e-008	7.5685e-008	7.3199e-008	7.0992e-008	6.7905e-008	6.543e-008	6.375e-008	6.3607e-008	6.2562e-008	6.0608e-008	5.8186e-008	5.6553e-008	5.5189e-008	5.3433e-008	5.1442e-008	4.8475e-008	4.6812e-008	4.2281e-008	3.9655e-008	3.3129e-008	3.0771e-008	2.69e-008	2.3182e-008	2.0455e-008	1.7351e-008	1.469e-008	1.2968e-008	1.0954e-008	1.0185e-008	1.0027e-008	9.5288e-009	9.2248e-009	9.0676e-009	8.6628e-009	8.8064e-009	8.4628e-009	8.4739e-009	9.0255e-009	8.8742e-009	9.0975e-009	9.7684e-009	9.9158e-009	9.8878e-009	1.0876e-008	1.2895e-008	1.6397e-008	2.0206e-008	2.472e-008	3.2109e-008	4.1288e-008	5.2577e-008	5.9919e-008	6.5306e-008	6.9647e-008	7.6368e-008	8.1786e-008	8.4069e-008	8.701e-008	8.9209e-008	9.1164e-008	9.3934e-008	9.6614e-008	9.7883e-008	9.9003e-008	1.0087e-007	1.0098e-007	1.0057e-007	9.7962e-008	9.6976e-008	9.5301e-008	9.3696e-008	9.0804e-008	8.9585e-008	8.7365e-008	8.4952e-008	8.3115e-008	8.1871e-008	7.8483e-008	7.6795e-008	7.6129e-008	7.2763e-008	7.0063e-008	6.802e-008	6.4327e-008	6.3327e-008	6.0224e-008	5.8334e-008	5.5372e-008	5.2852e-008	4.9932e-008	4.7913e-008	4.5194e-008	4.053e-008	3.8918e-008	3.6775e-008	3.3187e-008	3.0497e-008	2.7346e-008	2.4131e-008	2.1351e-008	1.911e-008	1.5978e-008	1.3607e-008	1.1599e-008	9.7073e-009	8.5275e-009	8.646e-009	8.4753e-009	8.4011e-009	8.1796e-009	8.2779e-009	7.7537e-009	7.5337e-009	7.5468e-009	7.7015e-009	7.9455e-009	7.8713e-009	8.1107e-009	8.2104e-009	8.0355e-009	8.6256e-009	1.0293e-008	1.2856e-008	1.56e-008	1.9238e-008	2.3069e-008	2.8419e-008	3.1664e-008	3.6718e-008	4.3089e-008	4.8615e-008	5.4023e-008	5.9883e-008	6.6796e-008	7.2214e-008	7.6609e-008	7.9032e-008	8.3963e-008	8.7962e-008	9.0529e-008	9.19e-008	9.2857e-008	9.4069e-008	9.5924e-008	9.6871e-008	9.7452e-008	9.7306e-008	9.4802e-008	9.3659e-008	9.2095e-008	9.0448e-008	9.0206e-008	8.9593e-008	8.8875e-008	8.6082e-008	8.1476e-008	8.0558e-008	7.832e-008	7.546e-008	7.2736e-008	7.0948e-008	6.9948e-008	6.8356e-008	6.3793e-008	6.2242e-008	6.0103e-008	5.7481e-008	5.2869e-008	5.1491e-008	4.9912e-008	4.838e-008	4.4264e-008	4.0364e-008	3.7628e-008	3.5932e-008	3.4949e-008	3.0692e-008	2.8404e-008	2.5953e-008	2.4356e-008	2.154e-008	1.971e-008	1.7528e-008	1.4831e-008	1.2133e-008	1.0139e-008	8.1166e-009	6.8149e-009	6.5258e-009	6.6157e-009	6.3094e-009	6.341e-009	6.2442e-009	6.1078e-009	5.9834e-009	5.6603e-009	5.9722e-009	5.9358e-009	6.3906e-009	6.8925e-009	7.498e-009	8.3351e-009	1.0184e-008	1.3052e-008	1.6525e-008	2.0905e-008	2.5606e-008	3.0031e-008	3.3718e-008	4.0417e-008	4.6983e-008	5.3025e-008	5.8175e-008	6.4451e-008	6.8554e-008	7.3192e-008	7.7073e-008	8.0961e-008	8.3859e-008	8.7099e-008	8.972e-008	9.13e-008	9.2318e-008	9.3051e-008	9.348e-008	9.3561e-008	9.332e-008	9.3416e-008	9.2653e-008	9.1815e-008	8.9625e-008	8.8654e-008	8.683e-008	8.5549e-008	8.2185e-008	7.9583e-008	7.7441e-008	7.5608e-008	7.3329e-008	7.0495e-008	6.6792e-008	6.4586e-008	6.2859e-008	6.1793e-008	6.029e-008	5.8248e-008	5.6416e-008	5.1656e-008	4.9283e-008	4.5724e-008	4.407e-008	4.3005e-008	3.8906e-008	3.7403e-008	3.5725e-008	3.4097e-008	3.1433e-008	3.0072e-008	2.5588e-008	2.3961e-008	2.1772e-008	1.8983e-008	1.7161e-008	1.5319e-008	1.3505e-008	1.0698e-008	9.0658e-009	8.0639e-009	6.942e-009	5.9217e-009	5.3665e-009	5.2832e-009	4.9968e-009	5.2542e-009	4.9076e-009	4.4729e-009	5.0354e-009	5.279e-009	5.5272e-009	5.2297e-009	4.8196e-009	5.469e-009	6.0927e-009	6.5224e-009	7.8735e-009	1.0559e-008	1.3693e-008	1.7315e-008	2.293e-008	2.7969e-008	3.7166e-008	4.5209e-008	5.2483e-008	5.9246e-008	6.6566e-008	7.3966e-008	7.9635e-008	8.3627e-008	8.6333e-008	8.9798e-008	9.1077e-008	9.3164e-008	9.4306e-008	9.6365e-008	9.7327e-008	9.7641e-008	9.7396e-008	9.7265e-008	9.6326e-008	9.5113e-008	9.4686e-008	9.337e-008	9.0932e-008	8.97e-008	8.7437e-008	8.5339e-008	8.1871e-008	8.0659e-008	7.7054e-008	7.4645e-008	7.3955e-008	7.138e-008	6.8723e-008	6.7262e-008	6.377e-008	6.2151e-008	5.9797e-008	5.6658e-008	5.1255e-008	4.9643e-008	4.664e-008	4.4239e-008	4.2161e-008	3.8233e-008	3.6113e-008	3.337e-008	3.1393e-008	2.9482e-008	2.6617e-008	2.3324e-008	2.1606e-008	1.8442e-008	1.4766e-008	1.3568e-008	1.1708e-008	9.2078e-009	7.5941e-009	6.2864e-009	6.0953e-009	6.2481e-009	6.0592e-009	5.8129e-009	5.9564e-009	5.682e-009	5.1401e-009	5.1503e-009	5.1366e-009	5.1919e-009	5.7135e-009	6.5133e-009	6.6224e-009	6.6624e-009	7.9362e-009	1.1199e-008	1.4048e-008	1.6528e-008	2.0037e-008	2.3056e-008	2.715e-008	3.3465e-008	3.9717e-008	4.7355e-008	4.9426e-008	5.7054e-008	6.3218e-008	6.8236e-008	7.4657e-008	7.7541e-008	8.1619e-008	8.5428e-008	8.6982e-008	8.8371e-008	9.0041e-008	9.1696e-008	9.253e-008	9.377e-008	9.4739e-008	9.4128e-008	9.3219e-008	9.213e-008	9.0352e-008	8.8879e-008	8.712e-008	8.6172e-008	8.366e-008	8.0178e-008	7.9145e-008	7.7836e-008	7.7404e-008	7.5659e-008	7.4561e-008	7.1163e-008	6.7916e-008	6.5475e-008	6.3526e-008	6.1307e-008	5.8736e-008	5.6672e-008	5.5443e-008	5.2561e-008	4.8193e-008	4.4476e-008	4.1969e-008	4.0593e-008	3.7702e-008	3.4108e-008	3.0968e-008	2.9098e-008
9.6543e-008	9.6739e-008	9.4629e-008	9.3023e-008	9.061e-008	8.848e-008	8.7901e-008	8.552e-008	8.2122e-008	7.9858e-008	7.7575e-008	7.5853e-008	7.4933e-008	7.4414e-008	7.1793e-008	7.0857e-008	6.9253e-008	6.7323e-008	6.4364e-008	6.2719e-008	6.0311e-008	5.6322e-008	5.3462e-008	5.134e-008	4.9044e-008	4.6598e-008	4.4503e-008	4.1194e-008	3.9306e-008	3.7539e-008	3.494e-008	3.2346e-008	3.0388e-008	2.8583e-008	2.7074e-008	2.508e-008	2.2815e-008	2.0904e-008	1.8771e-008	1.6991e-008	1.4674e-008	1.3923e-008	1.2615e-008	1.1146e-008	1.0223e-008	9.6634e-009	9.2952e-009	8.973e-009	9.0977e-009	8.859e-009	8.9943e-009	8.864e-009	8.783e-009	8.8078e-009	8.7612e-009	9.0654e-009	9.5504e-009	1.0506e-008	1.2851e-008	1.581e-008	2.0127e-008	2.5549e-008	3.2225e-008	3.6632e-008	4.4263e-008	5.2162e-008	6.0198e-008	6.5311e-008	7.0343e-008	7.5409e-008	8.0093e-008	8.3026e-008	8.8039e-008	9.022e-008	9.2516e-008	9.3332e-008	9.3695e-008	9.3927e-008	9.4283e-008	9.5148e-008	9.6407e-008	9.7195e-008	9.5849e-008	9.3224e-008	9.1445e-008	9.0483e-008	8.8939e-008	8.7797e-008	8.6924e-008	8.5117e-008	8.3193e-008	8.2014e-008	7.9813e-008	7.7919e-008	7.6844e-008	7.5596e-008	7.3786e-008	7.1178e-008	6.7909e-008	6.4516e-008	6.3588e-008	6.3057e-008	6.2205e-008	5.9312e-008	5.7222e-008	5.5912e-008	5.4055e-008	5.3036e-008	5.0406e-008	4.79e-008	4.6298e-008	4.3073e-008	3.967e-008	3.4658e-008	2.9708e-008	2.605e-008	2.2161e-008	1.9258e-008	1.668e-008	1.434e-008	1.226e-008	1.0237e-008	9.3737e-009	9.5086e-009	9.2832e-009	8.2705e-009	7.7416e-009	7.6912e-009	8.242e-009	7.9903e-009	7.9248e-009	8.2829e-009	8.8915e-009	9.1282e-009	9.0157e-009	9.3623e-009	9.5008e-009	1.0421e-008	1.2702e-008	1.563e-008	1.9485e-008	2.4478e-008	3.2016e-008	3.9603e-008	5.1523e-008	5.9756e-008	6.4249e-008	6.8729e-008	7.4982e-008	8.0357e-008	8.3657e-008	8.6661e-008	8.8693e-008	9.036e-008	9.3736e-008	9.5607e-008	9.7534e-008	9.919e-008	1.0066e-007	1.0055e-007	9.9671e-008	9.7259e-008	9.5459e-008	9.3899e-008	9.2128e-008	9.0621e-008	8.8687e-008	8.6283e-008	8.4135e-008	8.2882e-008	8.2021e-008	7.8945e-008	7.6614e-008	7.4872e-008	7.2723e-008	7.0525e-008	6.7466e-008	6.5692e-008	6.3108e-008	6.066e-008	5.7735e-008	5.5641e-008	5.2187e-008	4.9325e-008	4.7384e-008	4.3375e-008	4.0512e-008	3.7845e-008	3.5344e-008	3.278e-008	2.9902e-008	2.6668e-008	2.3625e-008	2.0581e-008	1.8215e-008	1.5432e-008	1.3174e-008	1.1003e-008	8.8891e-009	8.1918e-009	8.0622e-009	7.3904e-009	8.3601e-009	7.7015e-009	7.2262e-009	7.2457e-009	7.3034e-009	7.3441e-009	7.3434e-009	6.9087e-009	7.0879e-009	7.4586e-009	7.5677e-009	7.4837e-009	7.9493e-009	9.9154e-009	1.2046e-008	1.4773e-008	1.8072e-008	2.2252e-008	2.71e-008	3.209e-008	3.6438e-008	4.3584e-008	4.8648e-008	5.4133e-008	6.0853e-008	6.7472e-008	7.2121e-008	7.5472e-008	7.8893e-008	8.2588e-008	8.6912e-008	8.974e-008	9.1798e-008	9.2561e-008	9.3355e-008	9.4704e-008	9.5438e-008	9.662e-008	9.6193e-008	9.4598e-008	9.2704e-008	9.1965e-008	9.0814e-008	8.9941e-008	8.8937e-008	8.7357e-008	8.5214e-008	8.3373e-008	8.0757e-008	7.6422e-008	7.4397e-008	7.2584e-008	7.1176e-008	6.9107e-008	6.7591e-008	6.3751e-008	6.1727e-008	5.939e-008	5.7783e-008	5.571e-008	5.1027e-008	4.9632e-008	4.7017e-008	4.4758e-008	4.0899e-008	3.8396e-008	3.5774e-008	3.4004e-008	3.1255e-008	2.7339e-008	2.5674e-008	2.3733e-008	2.2366e-008	1.842e-008	1.6976e-008	1.4541e-008	1.2408e-008	9.5402e-009	7.9406e-009	6.4839e-009	6.1313e-009	6.159e-009	6.1299e-009	5.9957e-009	5.6572e-009	5.7526e-009	5.7967e-009	5.5794e-009	5.349e-009	5.4063e-009	5.6215e-009	6.4526e-009	6.8139e-009	7.5314e-009	9.1722e-009	1.1855e-008	1.5316e-008	1.9267e-008	2.4864e-008	2.8833e-008	3.3513e-008	4.033e-008	4.549e-008	5.2823e-008	5.7581e-008	6.4035e-008	6.7654e-008	7.3482e-008	7.7418e-008	8.0852e-008	8.368e-008	8.6977e-008	8.9233e-008	9.0878e-008	9.2067e-008	9.2154e-008	9.2953e-008	9.3098e-008	9.3343e-008	9.331e-008	9.2633e-008	9.1151e-008	8.9774e-008	8.8787e-008	8.6894e-008	8.4945e-008	8.1547e-008	7.9214e-008	7.6169e-008	7.4423e-008	7.2264e-008	6.9544e-008	6.5656e-008	6.4524e-008	6.1819e-008	6.093e-008	5.8706e-008	5.7086e-008	5.4525e-008	5.201e-008	4.8288e-008	4.618e-008	4.3999e-008	4.2373e-008	3.9335e-008	3.6898e-008	3.5471e-008	3.4033e-008	3.1694e-008	2.8965e-008	2.6356e-008	2.3076e-008	2.1115e-008	1.8976e-008	1.6817e-008	1.4432e-008	1.1537e-008	9.7161e-009	8.3234e-009	7.2395e-009	6.1992e-009	5.0917e-009	5.2807e-009	5.158e-009	5.552e-009	5.0126e-009	4.5161e-009	5.0116e-009	4.9384e-009	5.0313e-009	5.5676e-009	5.1431e-009	4.5119e-009	4.9307e-009	5.5325e-009	6.3198e-009	7.4557e-009	9.8643e-009	1.3063e-008	1.713e-008	2.2155e-008	2.7876e-008	3.5712e-008	4.4745e-008	5.1291e-008	5.835e-008	6.6427e-008	7.4433e-008	7.9848e-008	8.234e-008	8.5467e-008	8.8312e-008	9.124e-008	9.2759e-008	9.3763e-008	9.434e-008	9.5484e-008	9.5912e-008	9.6264e-008	9.6565e-008	9.5594e-008	9.5194e-008	9.3164e-008	9.1879e-008	8.9685e-008	8.7285e-008	8.6137e-008	8.3684e-008	8.1575e-008	7.7696e-008	7.5108e-008	7.416e-008	7.2999e-008	7.054e-008	6.8741e-008	6.5885e-008	6.2876e-008	6.1047e-008	5.9184e-008	5.5924e-008	5.1275e-008	4.7898e-008	4.5303e-008	4.3432e-008	4.0566e-008	3.7045e-008	3.5955e-008	3.296e-008	3.0277e-008	2.8825e-008	2.6074e-008	2.3775e-008	2.0782e-008	1.8681e-008	1.5315e-008	1.2124e-008	1.0844e-008	8.9034e-009	6.7398e-009	6.2254e-009	5.9537e-009	5.7197e-009	5.5344e-009	5.2365e-009	4.7346e-009	4.6688e-009	4.0654e-009	4.3204e-009	5.1704e-009	4.8605e-009	5.1206e-009	5.5125e-009	6.4674e-009	6.3322e-009	7.0425e-009	9.7657e-009	1.313e-008	1.6094e-008	1.9512e-008	2.2297e-008	2.546e-008	3.0582e-008	3.9107e-008	4.6032e-008	5.0452e-008	5.7522e-008	6.3179e-008	6.8603e-008	7.279e-008	7.6886e-008	7.9658e-008	8.4171e-008	8.6311e-008	8.8682e-008	9.0234e-008	9.1e-008	9.1758e-008	9.2617e-008	9.3235e-008	9.3303e-008	9.2984e-008	9.1837e-008	8.9475e-008	8.7426e-008	8.6361e-008	8.4029e-008	8.1337e-008	8.0361e-008	7.9006e-008	7.6894e-008	7.5566e-008	7.4623e-008	7.3087e-008	7.0648e-008	6.7064e-008	6.4644e-008	6.3218e-008	6.0335e-008	5.8653e-008	5.6446e-008	5.4636e-008	5.1201e-008	4.7266e-008	4.3438e-008	4.1928e-008	4.0518e-008	3.6646e-008	3.2912e-008	3.0677e-008	2.9159e-008
9.6687e-008	9.5655e-008	9.4518e-008	9.3219e-008	9.1476e-008	8.9627e-008	8.7915e-008	8.6093e-008	8.3925e-008	8.0679e-008	7.8971e-008	7.7535e-008	7.5761e-008	7.5303e-008	7.2656e-008	7.1108e-008	6.9872e-008	6.6921e-008	6.3602e-008	6.1858e-008	5.8496e-008	5.5589e-008	5.3546e-008	5.2274e-008	4.9896e-008	4.6813e-008	4.4348e-008	4.0971e-008	3.9438e-008	3.8102e-008	3.5194e-008	3.318e-008	3.132e-008	2.9282e-008	2.6594e-008	2.4567e-008	2.2806e-008	2.1083e-008	1.8753e-008	1.7325e-008	1.4949e-008	1.4277e-008	1.3226e-008	1.1546e-008	1.0436e-008	1.0049e-008	9.7438e-009	9.5185e-009	9.6185e-009	9.1873e-009	9.2517e-009	9.4976e-009	9.2955e-009	8.972e-009	9.5267e-009	9.3268e-009	1.0034e-008	1.0982e-008	1.321e-008	1.6498e-008	2.0358e-008	2.5816e-008	3.2354e-008	3.7437e-008	4.3899e-008	5.2467e-008	6.0065e-008	6.6419e-008	7.1171e-008	7.5751e-008	8.0235e-008	8.3022e-008	8.497e-008	8.982e-008	9.2645e-008	9.3129e-008	9.3675e-008	9.4208e-008	9.4931e-008	9.5168e-008	9.632e-008	9.7053e-008	9.567e-008	9.402e-008	9.2191e-008	9.1219e-008	8.9527e-008	8.8339e-008	8.6958e-008	8.5109e-008	8.2686e-008	8.0904e-008	7.9074e-008	7.7878e-008	7.7456e-008	7.5692e-008	7.3779e-008	7.2038e-008	6.9192e-008	6.6843e-008	6.4708e-008	6.3682e-008	6.1539e-008	5.8131e-008	5.6536e-008	5.5944e-008	5.46e-008	5.3866e-008	5.2128e-008	4.9477e-008	4.5909e-008	4.1084e-008	3.8635e-008	3.1753e-008	2.9761e-008	2.616e-008	2.2189e-008	1.9882e-008	1.6976e-008	1.4567e-008	1.2279e-008	1.0893e-008	1.0028e-008	1.0038e-008	9.5556e-009	8.9304e-009	8.224e-009	8.3611e-009	8.5433e-009	8.8358e-009	8.9432e-009	8.6875e-009	9.2697e-009	9.3254e-009	9.2493e-009	9.4339e-009	9.8887e-009	1.078e-008	1.2618e-008	1.5568e-008	1.973e-008	2.5304e-008	3.2833e-008	3.9678e-008	4.9871e-008	5.965e-008	6.4448e-008	6.8471e-008	7.5725e-008	8.053e-008	8.4687e-008	8.6648e-008	9.0593e-008	9.2628e-008	9.494e-008	9.7099e-008	9.8219e-008	9.9754e-008	1.0076e-007	1.0105e-007	9.9638e-008	9.7965e-008	9.6102e-008	9.4015e-008	9.2551e-008	9.066e-008	8.87e-008	8.559e-008	8.4392e-008	8.3433e-008	8.2535e-008	7.9151e-008	7.7143e-008	7.5638e-008	7.2605e-008	7.1718e-008	6.8993e-008	6.6289e-008	6.3254e-008	6.0757e-008	5.7811e-008	5.4668e-008	5.3024e-008	5.0316e-008	4.7671e-008	4.6001e-008	4.0381e-008	3.6612e-008	3.5178e-008	3.3087e-008	3.1284e-008	2.5686e-008	2.4014e-008	2.1006e-008	1.8492e-008	1.5943e-008	1.2631e-008	1.1002e-008	9.7561e-009	8.7137e-009	8.2855e-009	8.2901e-009	8.9498e-009	8.2265e-009	7.675e-009	7.6932e-009	8.1232e-009	7.9954e-009	7.8459e-009	7.6885e-009	8.0156e-009	8.3889e-009	8.4187e-009	8.6878e-009	8.6e-009	9.6347e-009	1.2391e-008	1.5652e-008	1.79e-008	2.2019e-008	2.629e-008	3.1652e-008	3.6979e-008	4.3944e-008	4.9494e-008	5.5835e-008	6.209e-008	6.8641e-008	7.343e-008	7.6294e-008	7.9666e-008	8.3801e-008	8.5632e-008	9.0124e-008	9.221e-008	9.3362e-008	9.3806e-008	9.432e-008	9.4803e-008	9.5826e-008	9.4863e-008	9.435e-008	9.378e-008	9.2067e-008	9.1078e-008	9.011e-008	8.9946e-008	8.7894e-008	8.5563e-008	8.4128e-008	8.2289e-008	7.9487e-008	7.6835e-008	7.4933e-008	7.2403e-008	7.1858e-008	6.8655e-008	6.4602e-008	6.2664e-008	6.0521e-008	5.819e-008	5.5774e-008	5.2085e-008	4.9187e-008	4.6483e-008	4.4474e-008	4.1658e-008	3.973e-008	3.6942e-008	3.4855e-008	3.0992e-008	2.9505e-008	2.6241e-008	2.4089e-008	2.2999e-008	1.9492e-008	1.7349e-008	1.5563e-008	1.3235e-008	1.1837e-008	9.2644e-009	8.0393e-009	7.2096e-009	6.358e-009	6.4299e-009	6.2932e-009	5.7437e-009	5.8071e-009	5.911e-009	5.767e-009	5.8222e-009	5.3989e-009	5.6717e-009	6.6908e-009	7.015e-009	7.6399e-009	9.1639e-009	1.1621e-008	1.495e-008	1.9046e-008	2.3463e-008	2.8909e-008	3.4796e-008	4.025e-008	4.6438e-008	5.2885e-008	5.9858e-008	6.5838e-008	6.9429e-008	7.3911e-008	7.8028e-008	8.0988e-008	8.4475e-008	8.7413e-008	8.9608e-008	9.1465e-008	9.2561e-008	9.2895e-008	9.365e-008	9.3947e-008	9.3835e-008	9.3777e-008	9.3034e-008	9.1841e-008	9.0015e-008	8.8929e-008	8.7587e-008	8.4191e-008	8.1928e-008	7.9534e-008	7.6605e-008	7.4269e-008	7.1746e-008	6.9178e-008	6.6326e-008	6.4566e-008	6.2747e-008	6.1197e-008	5.9097e-008	5.8287e-008	5.574e-008	5.1744e-008	5.0352e-008	4.7522e-008	4.4826e-008	4.3323e-008	4.0591e-008	3.7647e-008	3.5377e-008	3.3441e-008	3.2118e-008	2.938e-008	2.6524e-008	2.3713e-008	2.1557e-008	1.9393e-008	1.7052e-008	1.5389e-008	1.3057e-008	1.033e-008	8.0109e-009	7.4712e-009	6.2984e-009	5.4752e-009	5.7678e-009	5.8797e-009	5.9319e-009	5.5586e-009	4.9431e-009	5.6803e-009	5.353e-009	5.2667e-009	5.2528e-009	4.8253e-009	4.881e-009	5.8594e-009	6.2523e-009	6.8726e-009	7.8473e-009	1.0116e-008	1.4081e-008	1.7728e-008	2.2749e-008	2.8324e-008	3.7321e-008	4.5299e-008	5.2111e-008	5.8753e-008	6.6372e-008	7.3876e-008	8.0119e-008	8.3996e-008	8.5926e-008	8.8919e-008	9.1234e-008	9.2857e-008	9.3592e-008	9.3731e-008	9.5217e-008	9.5835e-008	9.5963e-008	9.6441e-008	9.6295e-008	9.5813e-008	9.3328e-008	9.0882e-008	8.8201e-008	8.7122e-008	8.522e-008	8.2899e-008	8.133e-008	7.8712e-008	7.546e-008	7.3753e-008	7.2665e-008	7.05e-008	6.8868e-008	6.7338e-008	6.3861e-008	6.0508e-008	5.9092e-008	5.5418e-008	5.2394e-008	4.9154e-008	4.4802e-008	4.3339e-008	4.1292e-008	3.8787e-008	3.6932e-008	3.2457e-008	3.1524e-008	2.8707e-008	2.6201e-008	2.3873e-008	2.0215e-008	1.8964e-008	1.6648e-008	1.3581e-008	1.1765e-008	9.8397e-009	8.2526e-009	6.5591e-009	6.268e-009	5.7965e-009	5.5926e-009	5.3669e-009	5.0455e-009	5.1024e-009	4.6846e-009	4.97e-009	5.4194e-009	4.9901e-009	5.3346e-009	6.3304e-009	6.812e-009	6.6977e-009	7.429e-009	9.6495e-009	1.2086e-008	1.574e-008	1.9148e-008	2.2271e-008	2.6081e-008	3.0647e-008	3.781e-008	4.4847e-008	5.1459e-008	5.8967e-008	6.504e-008	6.9729e-008	7.265e-008	7.701e-008	8.0549e-008	8.3948e-008	8.768e-008	8.916e-008	9.0872e-008	9.2668e-008	9.3165e-008	9.3446e-008	9.2837e-008	9.3137e-008	9.3053e-008	9.2173e-008	9.0811e-008	8.8583e-008	8.6439e-008	8.4865e-008	8.2725e-008	8.1217e-008	8.0013e-008	7.8552e-008	7.6771e-008	7.4852e-008	7.341e-008	7.1428e-008	6.8193e-008	6.5561e-008	6.4013e-008	6.174e-008	5.9285e-008	5.708e-008	5.5132e-008	5.0178e-008	4.7081e-008	4.5072e-008	4.3118e-008	4.0638e-008	3.8297e-008	3.2232e-008	3.0887e-008	2.9442e-008
9.6386e-008	9.5436e-008	9.4249e-008	9.3198e-008	9.0998e-008	8.9826e-008	8.8007e-008	8.6013e-008	8.354e-008	8.0981e-008	7.9619e-008	7.8261e-008	7.6274e-008	7.4727e-008	7.2178e-008	6.9975e-008	6.8565e-008	6.5698e-008	6.3845e-008	6.1553e-008	5.828e-008	5.544e-008	5.4134e-008	5.2368e-008	5.0379e-008	4.7047e-008	4.32e-008	4.1332e-008	3.8861e-008	3.6879e-008	3.4491e-008	3.3274e-008	3.038e-008	2.7952e-008	2.5904e-008	2.443e-008	2.2632e-008	2.0624e-008	1.807e-008	1.65e-008	1.4818e-008	1.3482e-008	1.2357e-008	1.0811e-008	1.0046e-008	9.3419e-009	8.9515e-009	8.8632e-009	9.2699e-009	9.0865e-009	8.6706e-009	9.2095e-009	8.7806e-009	8.9669e-009	9.3554e-009	9.3775e-009	9.6541e-009	1.0563e-008	1.2959e-008	1.5905e-008	1.9605e-008	2.4866e-008	3.162e-008	3.662e-008	4.4091e-008	5.304e-008	5.9131e-008	6.584e-008	7.1717e-008	7.622e-008	7.9355e-008	8.218e-008	8.5254e-008	8.8258e-008	9.0419e-008	9.2497e-008	9.3231e-008	9.3883e-008	9.4784e-008	9.5269e-008	9.5939e-008	9.6265e-008	9.4789e-008	9.3018e-008	9.1984e-008	9.1023e-008	8.9605e-008	8.8379e-008	8.6491e-008	8.3823e-008	8.1989e-008	7.9131e-008	7.723e-008	7.7103e-008	7.6933e-008	7.483e-008	7.2858e-008	7.1796e-008	6.9145e-008	6.6395e-008	6.4479e-008	6.2694e-008	5.8391e-008	5.7514e-008	5.5926e-008	5.4602e-008	5.3199e-008	5.2718e-008	5.0787e-008	4.8277e-008	4.4342e-008	4.1493e-008	3.6883e-008	3.3326e-008	3.048e-008	2.5354e-008	2.1898e-008	1.909e-008	1.6666e-008	1.4352e-008	1.2043e-008	1.0646e-008	9.8621e-009	9.692e-009	8.9051e-009	8.5766e-009	8.4395e-009	8.4711e-009	8.2979e-009	8.7289e-009	8.5862e-009	8.6493e-009	8.786e-009	9.1005e-009	9.3306e-009	9.5055e-009	9.5798e-009	1.0178e-008	1.2283e-008	1.5471e-008	1.9654e-008	2.6237e-008	3.3146e-008	4.0665e-008	4.741e-008	5.6784e-008	6.3895e-008	6.8406e-008	7.5687e-008	8.0158e-008	8.4762e-008	8.8664e-008	9.1811e-008	9.4742e-008	9.6303e-008	9.7072e-008	9.8537e-008	1.0025e-007	1.0028e-007	1.003e-007	9.9239e-008	9.7618e-008	9.5824e-008	9.4277e-008	9.1719e-008	9.0002e-008	8.8254e-008	8.5483e-008	8.4177e-008	8.2894e-008	8.1459e-008	7.8587e-008	7.7032e-008	7.5152e-008	7.3271e-008	7.1954e-008	6.9566e-008	6.5846e-008	6.2606e-008	6.1182e-008	5.7704e-008	5.4855e-008	5.178e-008	4.9423e-008	4.7462e-008	4.5335e-008	4.2105e-008	3.7271e-008	3.4291e-008	3.2708e-008	3.1302e-008	2.5641e-008	2.3302e-008	2.0489e-008	1.8151e-008	1.5682e-008	1.3432e-008	1.1025e-008	9.5544e-009	8.5695e-009	8.3296e-009	8.3777e-009	8.6762e-009	8.4837e-009	7.8161e-009	7.7617e-009	7.9848e-009	7.6815e-009	7.6975e-009	7.7097e-009	8.0852e-009	8.4035e-009	8.782e-009	8.7746e-009	8.8821e-009	1.0026e-008	1.1682e-008	1.5288e-008	1.8837e-008	2.2312e-008	2.5781e-008	3.0963e-008	3.7412e-008	4.3916e-008	4.8962e-008	5.5766e-008	6.2277e-008	6.9193e-008	7.3316e-008	7.6512e-008	8.0437e-008	8.4404e-008	8.7366e-008	9.1351e-008	9.2677e-008	9.321e-008	9.3673e-008	9.3713e-008	9.3855e-008	9.3929e-008	9.4745e-008	9.4617e-008	9.3982e-008	9.2456e-008	9.0354e-008	8.9719e-008	8.9534e-008	8.8251e-008	8.5332e-008	8.3677e-008	8.1988e-008	7.9856e-008	7.7855e-008	7.5902e-008	7.4039e-008	7.1862e-008	7.0085e-008	6.6707e-008	6.3316e-008	6.059e-008	5.8078e-008	5.5057e-008	5.2458e-008	5.0391e-008	4.8e-008	4.3688e-008	4.2343e-008	3.8883e-008	3.7485e-008	3.4995e-008	3.1575e-008	2.9813e-008	2.7597e-008	2.4311e-008	2.2898e-008	2.0664e-008	1.8338e-008	1.6125e-008	1.4145e-008	1.1488e-008	9.7635e-009	8.5869e-009	7.4172e-009	6.9896e-009	6.6892e-009	6.4433e-009	5.6387e-009	5.8185e-009	6.6176e-009	6.1607e-009	6.0887e-009	5.8291e-009	5.6217e-009	6.4745e-009	6.98e-009	7.6163e-009	9.2079e-009	1.163e-008	1.5155e-008	1.82e-008	2.1914e-008	3.0162e-008	3.5135e-008	4.0103e-008	4.5401e-008	5.325e-008	6.0063e-008	6.6489e-008	7.0043e-008	7.4495e-008	7.8145e-008	8.0847e-008	8.4487e-008	8.7474e-008	9.054e-008	9.2203e-008	9.3169e-008	9.3246e-008	9.4103e-008	9.4041e-008	9.4025e-008	9.4111e-008	9.3184e-008	9.2074e-008	9.0408e-008	8.8654e-008	8.7469e-008	8.3809e-008	8.2589e-008	8.0115e-008	7.6229e-008	7.3778e-008	7.1874e-008	6.9468e-008	6.6676e-008	6.4559e-008	6.2647e-008	6.2116e-008	6.0972e-008	5.9529e-008	5.6357e-008	5.2383e-008	5.0948e-008	4.849e-008	4.657e-008	4.4477e-008	4.115e-008	3.8062e-008	3.5779e-008	3.3765e-008	3.1469e-008	2.9596e-008	2.752e-008	2.4395e-008	2.1915e-008	2.018e-008	1.8099e-008	1.5605e-008	1.2901e-008	1.1145e-008	8.8868e-009	7.2882e-009	6.654e-009	6.1492e-009	6.7809e-009	6.4067e-009	5.835e-009	5.6625e-009	5.1173e-009	4.7982e-009	4.9193e-009	4.8718e-009	4.8871e-009	5.1183e-009	5.498e-009	6.5312e-009	6.5276e-009	7.2747e-009	8.6143e-009	1.0415e-008	1.3933e-008	1.7344e-008	2.3355e-008	2.8789e-008	3.6463e-008	4.697e-008	5.2759e-008	5.8885e-008	6.5761e-008	7.3766e-008	7.9808e-008	8.4042e-008	8.6053e-008	8.9182e-008	9.1739e-008	9.2882e-008	9.3628e-008	9.3643e-008	9.4048e-008	9.4868e-008	9.5268e-008	9.6709e-008	9.6737e-008	9.6145e-008	9.3243e-008	9.0451e-008	8.7619e-008	8.5528e-008	8.4505e-008	8.3333e-008	8.1096e-008	7.8144e-008	7.5989e-008	7.3472e-008	7.1249e-008	6.9364e-008	6.8785e-008	6.7402e-008	6.2834e-008	6.0297e-008	5.7046e-008	5.4891e-008	5.1923e-008	4.858e-008	4.5874e-008	4.4782e-008	4.2634e-008	3.976e-008	3.7188e-008	3.3972e-008	3.1843e-008	2.9266e-008	2.7149e-008	2.5452e-008	2.3052e-008	1.9492e-008	1.7081e-008	1.5162e-008	1.2698e-008	1.1064e-008	9.3547e-009	7.8854e-009	6.9507e-009	6.6757e-009	6.226e-009	5.7861e-009	5.9908e-009	5.7294e-009	5.3575e-009	5.5261e-009	5.7656e-009	5.1823e-009	5.3245e-009	5.915e-009	6.5044e-009	6.6708e-009	7.6212e-009	8.7852e-009	1.2139e-008	1.5039e-008	1.7681e-008	2.2705e-008	2.6166e-008	3.0851e-008	3.7806e-008	4.3543e-008	5.1381e-008	5.9624e-008	6.6083e-008	7.0086e-008	7.2597e-008	7.8451e-008	8.2028e-008	8.5553e-008	8.8478e-008	9.1783e-008	9.3306e-008	9.3627e-008	9.3842e-008	9.4321e-008	9.4251e-008	9.3282e-008	9.3086e-008	9.1978e-008	9.2105e-008	9.1622e-008	8.7599e-008	8.581e-008	8.3848e-008	8.2459e-008	8.0535e-008	7.9422e-008	7.7491e-008	7.5352e-008	7.3884e-008	7.1645e-008	6.9429e-008	6.7269e-008	6.3082e-008	6.2276e-008	6.0343e-008	5.8366e-008	5.554e-008	5.2647e-008	4.7966e-008	4.5631e-008	4.3404e-008	4.0809e-008	3.7464e-008	3.3476e-008	3.1896e-008	3.0791e-008
9.6636e-008	9.5331e-008	9.431e-008	9.3567e-008	9.21e-008	9.0399e-008	8.8149e-008	8.5198e-008	8.4075e-008	8.2747e-008	8.1017e-008	7.8828e-008	7.6952e-008	7.5453e-008	7.2574e-008	6.9745e-008	6.8326e-008	6.5916e-008	6.4557e-008	6.2183e-008	5.8476e-008	5.5671e-008	5.4281e-008	5.285e-008	5.1192e-008	4.7434e-008	4.3933e-008	4.1478e-008	3.9057e-008	3.6728e-008	3.51e-008	3.3134e-008	3.1074e-008	2.9352e-008	2.6682e-008	2.5346e-008	2.2618e-008	2.1259e-008	1.8454e-008	1.6814e-008	1.4715e-008	1.327e-008	1.2179e-008	1.15e-008	1.0406e-008	9.5105e-009	9.1645e-009	8.7108e-009	8.718e-009	8.6266e-009	9.0311e-009	8.9644e-009	8.9878e-009	9.4434e-009	9.5574e-009	9.6934e-009	1.0246e-008	1.1732e-008	1.3763e-008	1.6704e-008	2.1371e-008	2.5979e-008	3.0757e-008	3.591e-008	4.4657e-008	5.2716e-008	6.0067e-008	6.4838e-008	7.2621e-008	7.6883e-008	7.9561e-008	8.2992e-008	8.5932e-008	8.8524e-008	9.0567e-008	9.2766e-008	9.3467e-008	9.4521e-008	9.5139e-008	9.4745e-008	9.5647e-008	9.5314e-008	9.4841e-008	9.3098e-008	9.2204e-008	9.1071e-008	9.0092e-008	8.8271e-008	8.5441e-008	8.3402e-008	8.1565e-008	7.9547e-008	7.7701e-008	7.6143e-008	7.5185e-008	7.4345e-008	7.1976e-008	6.997e-008	6.8288e-008	6.6528e-008	6.4876e-008	6.2021e-008	5.9524e-008	5.7295e-008	5.5041e-008	5.3681e-008	5.272e-008	5.0792e-008	4.8695e-008	4.6028e-008	4.3996e-008	3.8698e-008	3.5557e-008	3.1972e-008	2.6586e-008	2.5653e-008	2.245e-008	1.9238e-008	1.6536e-008	1.3806e-008	1.1673e-008	1.0519e-008	9.8371e-009	9.7583e-009	8.9102e-009	8.8761e-009	8.4306e-009	8.335e-009	8.5227e-009	8.4441e-009	8.7301e-009	8.9376e-009	8.8994e-009	9.4663e-009	9.7158e-009	9.826e-009	1.0183e-008	1.0418e-008	1.2389e-008	1.5364e-008	2.0098e-008	2.5284e-008	3.3026e-008	3.962e-008	4.7208e-008	5.7502e-008	6.4331e-008	7.0916e-008	7.5129e-008	8.1481e-008	8.5926e-008	8.9446e-008	9.2996e-008	9.5593e-008	9.6515e-008	9.7141e-008	9.8051e-008	9.9397e-008	9.9742e-008	9.9448e-008	9.9068e-008	9.8552e-008	9.602e-008	9.418e-008	9.1216e-008	8.9642e-008	8.8227e-008	8.6618e-008	8.5012e-008	8.2863e-008	8.1586e-008	7.8343e-008	7.6798e-008	7.4738e-008	7.409e-008	7.2283e-008	6.9208e-008	6.3595e-008	6.2265e-008	5.9342e-008	5.7377e-008	5.4196e-008	5.1736e-008	4.9437e-008	4.7387e-008	4.4836e-008	4.2168e-008	3.9484e-008	3.5606e-008	3.2994e-008	3.1195e-008	2.5308e-008	2.2175e-008	2.0541e-008	1.851e-008	1.4999e-008	1.3985e-008	1.1254e-008	1.0055e-008	8.763e-009	8.754e-009	8.5047e-009	8.788e-009	8.8445e-009	8.269e-009	8.1794e-009	7.7658e-009	8.0851e-009	7.9872e-009	8.1245e-009	8.4449e-009	9.0226e-009	9.1724e-009	8.8244e-009	9.1734e-009	9.9361e-009	1.1306e-008	1.3854e-008	1.8519e-008	2.2937e-008	2.6072e-008	3.0375e-008	3.778e-008	4.4662e-008	4.9522e-008	5.5812e-008	6.2691e-008	6.715e-008	7.3911e-008	7.6815e-008	8.055e-008	8.4368e-008	8.8464e-008	9.099e-008	9.2764e-008	9.4213e-008	9.4492e-008	9.4751e-008	9.473e-008	9.467e-008	9.4926e-008	9.4731e-008	9.4254e-008	9.2514e-008	9.0942e-008	9.0029e-008	8.9493e-008	8.8155e-008	8.5335e-008	8.3579e-008	8.0737e-008	7.8946e-008	7.7787e-008	7.5826e-008	7.4295e-008	7.1598e-008	6.9465e-008	6.6259e-008	6.4772e-008	6.0658e-008	5.7997e-008	5.4338e-008	5.1815e-008	5.0009e-008	4.7837e-008	4.5597e-008	4.2918e-008	3.9579e-008	3.7061e-008	3.4549e-008	3.2457e-008	2.9737e-008	2.7258e-008	2.3054e-008	2.2646e-008	2.0625e-008	1.8708e-008	1.6811e-008	1.4102e-008	1.2313e-008	1.0652e-008	9.3628e-009	7.833e-009	7.5376e-009	6.8983e-009	6.5115e-009	6.1848e-009	6.824e-009	6.509e-009	6.047e-009	6.4836e-009	6.2307e-009	5.9523e-009	6.1596e-009	7.2827e-009	7.7894e-009	8.8946e-009	1.1102e-008	1.3672e-008	1.7306e-008	2.0985e-008	2.9227e-008	3.3929e-008	4.0303e-008	4.5395e-008	5.2368e-008	5.8529e-008	6.5569e-008	7.0262e-008	7.5083e-008	7.8009e-008	8.081e-008	8.4998e-008	8.7848e-008	8.9787e-008	9.1898e-008	9.3253e-008	9.4072e-008	9.4469e-008	9.4526e-008	9.4356e-008	9.3989e-008	9.3461e-008	9.2219e-008	8.955e-008	8.8621e-008	8.6905e-008	8.3882e-008	8.2378e-008	7.9485e-008	7.6488e-008	7.3792e-008	7.1508e-008	6.9317e-008	6.6942e-008	6.5819e-008	6.4566e-008	6.27e-008	6.1094e-008	5.8969e-008	5.4618e-008	5.266e-008	5.0445e-008	4.8016e-008	4.588e-008	4.368e-008	4.0694e-008	3.8061e-008	3.6652e-008	3.3431e-008	3.1483e-008	2.9584e-008	2.7828e-008	2.3869e-008	2.1622e-008	1.9901e-008	1.8117e-008	1.5698e-008	1.2373e-008	1.1419e-008	9.5786e-009	7.7193e-009	6.7134e-009	6.2546e-009	6.7733e-009	5.9031e-009	5.1651e-009	5.0974e-009	4.8735e-009	4.5511e-009	4.203e-009	5.0704e-009	5.5872e-009	6.2253e-009	5.4296e-009	5.8423e-009	6.2382e-009	6.7562e-009	7.7067e-009	9.4817e-009	1.3416e-008	1.7233e-008	2.2723e-008	2.9681e-008	3.9112e-008	4.9127e-008	5.4576e-008	5.9793e-008	6.4297e-008	7.2359e-008	7.9132e-008	8.3875e-008	8.7211e-008	9.0274e-008	9.1796e-008	9.2167e-008	9.2932e-008	9.3253e-008	9.3726e-008	9.3933e-008	9.4595e-008	9.5798e-008	9.5632e-008	9.3955e-008	9.2194e-008	9.0453e-008	8.7556e-008	8.639e-008	8.5145e-008	8.3199e-008	7.9817e-008	7.8457e-008	7.5891e-008	7.3463e-008	7.0942e-008	6.8971e-008	6.757e-008	6.6748e-008	6.2356e-008	5.863e-008	5.7564e-008	5.4302e-008	5.1957e-008	4.8751e-008	4.6821e-008	4.5563e-008	4.4191e-008	4.05e-008	3.7308e-008	3.4376e-008	3.118e-008	2.8874e-008	2.6375e-008	2.4769e-008	2.2771e-008	2.0352e-008	1.7932e-008	1.5129e-008	1.2563e-008	1.0952e-008	8.9632e-009	7.8459e-009	6.5837e-009	6.567e-009	6.3814e-009	5.8223e-009	5.787e-009	5.5463e-009	5.603e-009	5.4645e-009	5.0922e-009	4.6192e-009	5.2064e-009	5.6524e-009	5.9726e-009	6.0883e-009	7.8242e-009	9.1439e-009	1.1176e-008	1.4288e-008	1.7089e-008	2.1755e-008	2.6185e-008	2.9806e-008	3.701e-008	4.3399e-008	5.0154e-008	5.9606e-008	6.6292e-008	7.0679e-008	7.3299e-008	7.8595e-008	8.2008e-008	8.5353e-008	8.872e-008	9.2208e-008	9.3481e-008	9.3437e-008	9.3464e-008	9.4656e-008	9.4289e-008	9.3617e-008	9.311e-008	9.2006e-008	9.1602e-008	9.1069e-008	8.6873e-008	8.6972e-008	8.52e-008	8.449e-008	8.1005e-008	7.9207e-008	7.7434e-008	7.57e-008	7.4289e-008	7.1035e-008	6.9193e-008	6.8368e-008	6.5473e-008	6.2316e-008	5.9965e-008	5.7367e-008	5.4651e-008	5.1323e-008	4.9039e-008	4.6148e-008	4.3947e-008	4.1036e-008	3.7052e-008	3.4314e-008	3.3315e-008	3.1703e-008
9.5609e-008	9.4579e-008	9.3786e-008	9.309e-008	9.2689e-008	9.0646e-008	8.8339e-008	8.5951e-008	8.3931e-008	8.2704e-008	8.0157e-008	7.8585e-008	7.6813e-008	7.4902e-008	7.2299e-008	6.9535e-008	6.7633e-008	6.5658e-008	6.4514e-008	6.1611e-008	5.9343e-008	5.6724e-008	5.2622e-008	5.139e-008	4.9788e-008	4.6962e-008	4.4687e-008	4.1877e-008	3.9325e-008	3.5894e-008	3.387e-008	3.3317e-008	3.147e-008	2.9241e-008	2.6645e-008	2.4426e-008	2.2076e-008	2.0636e-008	1.8758e-008	1.6127e-008	1.4606e-008	1.3133e-008	1.1755e-008	1.0545e-008	9.2957e-009	8.8034e-009	8.6599e-009	8.6291e-009	8.484e-009	8.9719e-009	8.8094e-009	8.8668e-009	9.1613e-009	8.6741e-009	8.5809e-009	9.0218e-009	9.8912e-009	1.116e-008	1.337e-008	1.6776e-008	2.0683e-008	2.5755e-008	2.9744e-008	3.4891e-008	4.3518e-008	4.9354e-008	5.5568e-008	6.3665e-008	6.9644e-008	7.5652e-008	8.047e-008	8.3456e-008	8.6843e-008	8.8644e-008	9.0923e-008	9.1866e-008	9.2727e-008	9.4074e-008	9.3859e-008	9.363e-008	9.3837e-008	9.3994e-008	9.3254e-008	9.2343e-008	9.1793e-008	9.0848e-008	8.9189e-008	8.7506e-008	8.4531e-008	8.2473e-008	8.0047e-008	7.8588e-008	7.7454e-008	7.6497e-008	7.4737e-008	7.2835e-008	7.102e-008	6.8802e-008	6.75e-008	6.5221e-008	6.372e-008	6.2481e-008	6.0068e-008	5.792e-008	5.4365e-008	5.2254e-008	5.084e-008	5.0008e-008	4.8133e-008	4.5641e-008	4.2264e-008	3.6229e-008	3.3673e-008	3.1743e-008	2.9053e-008	2.6263e-008	2.1945e-008	1.8363e-008	1.5751e-008	1.2576e-008	1.0934e-008	9.9204e-009	9.5156e-009	8.9651e-009	8.8861e-009	8.874e-009	8.256e-009	7.7642e-009	8.2792e-009	7.8613e-009	8.2173e-009	8.8427e-009	8.5623e-009	8.8203e-009	8.8763e-009	8.6593e-009	9.1541e-009	9.7243e-009	1.1498e-008	1.4014e-008	1.8135e-008	2.4086e-008	3.0269e-008	3.6763e-008	4.4688e-008	5.7475e-008	6.5558e-008	7.0701e-008	7.5167e-008	7.8338e-008	8.5203e-008	8.901e-008	9.2641e-008	9.4372e-008	9.5037e-008	9.5853e-008	9.7401e-008	9.8151e-008	9.8653e-008	9.8599e-008	9.8554e-008	9.8317e-008	9.6701e-008	9.4582e-008	9.2576e-008	8.9253e-008	8.8466e-008	8.6112e-008	8.6e-008	8.3723e-008	8.3186e-008	7.9181e-008	7.6415e-008	7.495e-008	7.3686e-008	7.0705e-008	6.7331e-008	6.3521e-008	6.2248e-008	6.0909e-008	5.6898e-008	5.4657e-008	5.0922e-008	4.8788e-008	4.6207e-008	4.3887e-008	4.1745e-008	3.9101e-008	3.5122e-008	3.2312e-008	3.0196e-008	2.7577e-008	2.3389e-008	2.0443e-008	1.7944e-008	1.5957e-008	1.3212e-008	1.0699e-008	9.3422e-009	8.566e-009	8.6077e-009	8.024e-009	8.0762e-009	7.86e-009	7.4534e-009	7.3626e-009	6.9721e-009	7.2297e-009	7.1058e-009	7.5158e-009	8.4094e-009	8.5566e-009	8.5613e-009	8.1643e-009	8.9293e-009	9.6973e-009	1.1395e-008	1.436e-008	1.8899e-008	2.2345e-008	2.4713e-008	3.0827e-008	3.726e-008	4.4262e-008	4.956e-008	5.546e-008	6.1807e-008	6.6236e-008	7.3317e-008	7.6611e-008	8.0838e-008	8.4465e-008	8.8639e-008	9.0598e-008	9.3001e-008	9.4107e-008	9.431e-008	9.5004e-008	9.5151e-008	9.4712e-008	9.4345e-008	9.4568e-008	9.5226e-008	9.3743e-008	9.0564e-008	8.9787e-008	8.9093e-008	8.7356e-008	8.4758e-008	8.1392e-008	7.93e-008	7.83e-008	7.7399e-008	7.5008e-008	7.2569e-008	6.9633e-008	6.8474e-008	6.5371e-008	6.3871e-008	6.0474e-008	5.6738e-008	5.3362e-008	5.2381e-008	4.9763e-008	4.7105e-008	4.4623e-008	4.2195e-008	3.906e-008	3.6368e-008	3.4731e-008	3.2991e-008	3.0095e-008	2.6871e-008	2.5577e-008	2.3569e-008	2.0576e-008	1.9127e-008	1.6347e-008	1.3272e-008	1.1942e-008	1.1174e-008	9.6428e-009	7.8914e-009	6.3567e-009	6.3428e-009	5.8857e-009	6.0432e-009	6.0312e-009	5.9946e-009	6.4012e-009	6.4487e-009	6.1353e-009	5.7176e-009	5.8591e-009	7.1863e-009	7.25e-009	8.2565e-009	1.0224e-008	1.2961e-008	1.6207e-008	1.9633e-008	2.7389e-008	3.3285e-008	3.8696e-008	4.581e-008	5.1495e-008	5.8955e-008	6.4516e-008	7.0279e-008	7.4953e-008	7.732e-008	8.0897e-008	8.4681e-008	8.7152e-008	8.9193e-008	9.0764e-008	9.2696e-008	9.382e-008	9.4208e-008	9.4807e-008	9.4121e-008	9.3308e-008	9.2504e-008	9.1403e-008	8.989e-008	8.8669e-008	8.7514e-008	8.4529e-008	8.1255e-008	7.9277e-008	7.7105e-008	7.24e-008	7.1074e-008	6.9814e-008	6.8321e-008	6.6562e-008	6.4755e-008	6.2525e-008	6.1593e-008	5.864e-008	5.5042e-008	5.2286e-008	5.0049e-008	4.7853e-008	4.4894e-008	4.3037e-008	4.0281e-008	3.8747e-008	3.7371e-008	3.5084e-008	3.2327e-008	2.9551e-008	2.6797e-008	2.3029e-008	2.1824e-008	1.9956e-008	1.7911e-008	1.5833e-008	1.316e-008	1.163e-008	9.068e-009	7.4218e-009	6.4611e-009	6.1229e-009	5.9074e-009	5.7907e-009	5.4512e-009	4.9387e-009	5.0331e-009	4.918e-009	4.4634e-009	4.7206e-009	5.1449e-009	5.9398e-009	5.3767e-009	5.6186e-009	5.9883e-009	6.22e-009	6.933e-009	9.1143e-009	1.1946e-008	1.7188e-008	2.18e-008	2.9362e-008	4.0161e-008	4.8599e-008	5.5039e-008	6.007e-008	6.5986e-008	7.1662e-008	7.6751e-008	8.3629e-008	8.657e-008	8.9689e-008	9.1455e-008	9.197e-008	9.211e-008	9.2856e-008	9.3212e-008	9.3284e-008	9.4133e-008	9.4411e-008	9.423e-008	9.3181e-008	9.1658e-008	8.9172e-008	8.7981e-008	8.6943e-008	8.5283e-008	8.2846e-008	7.9568e-008	7.8571e-008	7.546e-008	7.2684e-008	6.9957e-008	6.8946e-008	6.7441e-008	6.6092e-008	6.2775e-008	5.8759e-008	5.675e-008	5.3818e-008	5.1351e-008	4.8754e-008	4.6154e-008	4.5302e-008	4.3067e-008	3.7753e-008	3.5917e-008	3.3886e-008	3.1746e-008	2.8873e-008	2.7248e-008	2.4462e-008	2.2733e-008	1.9975e-008	1.7534e-008	1.4988e-008	1.2367e-008	1.1016e-008	9.3329e-009	7.661e-009	6.777e-009	6.0652e-009	5.9003e-009	5.832e-009	5.1421e-009	5.323e-009	5.8016e-009	4.8847e-009	5.1733e-009	5.2889e-009	5.2788e-009	5.4653e-009	5.2673e-009	6.0353e-009	6.8601e-009	8.3609e-009	1.0481e-008	1.3492e-008	1.6517e-008	2.0159e-008	2.6315e-008	3.0217e-008	3.6598e-008	4.4145e-008	4.9968e-008	5.7893e-008	6.5774e-008	7.027e-008	7.4109e-008	7.7642e-008	8.1299e-008	8.5408e-008	8.835e-008	9.1549e-008	9.2872e-008	9.3236e-008	9.3498e-008	9.3732e-008	9.4541e-008	9.3883e-008	9.2946e-008	9.2233e-008	9.0777e-008	8.9109e-008	8.7845e-008	8.7266e-008	8.641e-008	8.4829e-008	8.1747e-008	7.9689e-008	7.688e-008	7.5702e-008	7.322e-008	7.0395e-008	6.9094e-008	6.8111e-008	6.6521e-008	6.3353e-008	6.0206e-008	5.7376e-008	5.4351e-008	5.1336e-008	4.9051e-008	4.5887e-008	4.4368e-008	3.9681e-008	3.8024e-008	3.4877e-008	3.3943e-008	3.3053e-008
9.6315e-008	9.6027e-008	9.4552e-008	9.3178e-008	9.2159e-008	9.0681e-008	8.8805e-008	8.7881e-008	8.5007e-008	8.2505e-008	8.053e-008	7.8307e-008	7.7205e-008	7.4076e-008	7.1679e-008	7.0468e-008	6.8663e-008	6.6635e-008	6.4571e-008	6.1604e-008	5.996e-008	5.6905e-008	5.3351e-008	5.1375e-008	4.9885e-008	4.6954e-008	4.4625e-008	4.1295e-008	3.8451e-008	3.6807e-008	3.464e-008	3.3298e-008	3.0926e-008	2.9211e-008	2.5924e-008	2.3611e-008	2.1324e-008	2.0366e-008	1.8918e-008	1.6601e-008	1.5035e-008	1.3276e-008	1.1311e-008	1.0163e-008	9.4396e-009	8.6565e-009	8.5603e-009	8.7142e-009	8.9023e-009	9.1773e-009	9.0247e-009	9.1758e-009	9.353e-009	9.787e-009	9.8133e-009	9.5641e-009	1.0179e-008	1.1914e-008	1.3266e-008	1.6695e-008	2.0277e-008	2.6791e-008	2.9382e-008	3.3892e-008	4.1773e-008	4.9997e-008	5.5659e-008	6.3025e-008	6.912e-008	7.4849e-008	8.2058e-008	8.4832e-008	8.7493e-008	8.9985e-008	9.148e-008	9.233e-008	9.3416e-008	9.4516e-008	9.4418e-008	9.4479e-008	9.5026e-008	9.4551e-008	9.3275e-008	9.2239e-008	9.1758e-008	9.0425e-008	8.8413e-008	8.7445e-008	8.4016e-008	8.1744e-008	7.9879e-008	7.893e-008	7.798e-008	7.6318e-008	7.4513e-008	7.262e-008	7.1192e-008	6.9132e-008	6.7484e-008	6.5448e-008	6.3293e-008	6.1803e-008	5.9178e-008	5.6487e-008	5.4549e-008	5.2197e-008	5.07e-008	4.9512e-008	4.6691e-008	4.4295e-008	4.1558e-008	3.719e-008	3.3766e-008	3.1447e-008	2.8105e-008	2.5542e-008	2.2408e-008	1.7821e-008	1.5323e-008	1.2362e-008	1.1313e-008	1.0471e-008	9.9288e-009	1.0185e-008	9.6796e-009	9.2978e-009	9.1024e-009	9.0324e-009	8.4514e-009	8.6916e-009	9.111e-009	8.8535e-009	8.5401e-009	8.9719e-009	8.849e-009	9.3239e-009	9.3881e-009	1.0423e-008	1.1138e-008	1.4564e-008	1.9244e-008	2.2965e-008	2.9659e-008	3.4923e-008	4.4566e-008	5.8476e-008	6.5117e-008	7.0876e-008	7.6114e-008	7.988e-008	8.5221e-008	8.8384e-008	9.1172e-008	9.3968e-008	9.4523e-008	9.5835e-008	9.7077e-008	9.7836e-008	9.853e-008	9.8475e-008	9.9146e-008	9.913e-008	9.7508e-008	9.5635e-008	9.4089e-008	9.1116e-008	8.9362e-008	8.7733e-008	8.7005e-008	8.5392e-008	8.3759e-008	7.9932e-008	7.7587e-008	7.4572e-008	7.325e-008	7.0377e-008	6.7688e-008	6.4832e-008	6.2624e-008	6.1363e-008	5.679e-008	5.4389e-008	5.1637e-008	4.9317e-008	4.7199e-008	4.4437e-008	4.0106e-008	3.7607e-008	3.573e-008	3.3744e-008	3.024e-008	2.7131e-008	2.3916e-008	2.0471e-008	1.8034e-008	1.6095e-008	1.318e-008	1.1338e-008	9.6571e-009	9.0717e-009	8.7758e-009	8.389e-009	8.4807e-009	8.1896e-009	7.8859e-009	7.4649e-009	6.8529e-009	7.1695e-009	7.4461e-009	8.2653e-009	8.3695e-009	8.2453e-009	8.4344e-009	8.7552e-009	9.6986e-009	1.0829e-008	1.2575e-008	1.4708e-008	1.8435e-008	2.2159e-008	2.5276e-008	3.224e-008	3.7836e-008	4.4331e-008	5.0221e-008	5.6532e-008	6.2233e-008	6.7004e-008	7.2624e-008	7.7556e-008	8.1222e-008	8.4058e-008	8.9001e-008	9.066e-008	9.2566e-008	9.492e-008	9.5072e-008	9.6036e-008	9.6192e-008	9.5524e-008	9.5136e-008	9.5599e-008	9.5743e-008	9.5414e-008	9.1961e-008	9.0348e-008	8.9418e-008	8.6754e-008	8.3692e-008	8.1118e-008	7.9458e-008	7.8002e-008	7.6559e-008	7.5413e-008	7.1528e-008	6.9413e-008	6.7606e-008	6.4755e-008	6.201e-008	5.9875e-008	5.7934e-008	5.4581e-008	5.2953e-008	4.9814e-008	4.6231e-008	4.4959e-008	4.3231e-008	4.0331e-008	3.8442e-008	3.5048e-008	3.2168e-008	3.0943e-008	2.8599e-008	2.497e-008	2.453e-008	2.2076e-008	2.0063e-008	1.7305e-008	1.5257e-008	1.3597e-008	1.1912e-008	1.0305e-008	8.8576e-009	8.1058e-009	7.0403e-009	6.2528e-009	6.2449e-009	6.2798e-009	6.8365e-009	6.7557e-009	6.872e-009	6.8362e-009	6.1078e-009	5.9894e-009	7.1447e-009	7.2179e-009	8.0253e-009	1.0231e-008	1.2805e-008	1.5905e-008	1.9426e-008	2.4599e-008	3.3272e-008	3.8721e-008	4.4022e-008	5.1007e-008	5.905e-008	6.4542e-008	6.868e-008	7.5002e-008	7.7909e-008	8.1271e-008	8.5545e-008	8.8088e-008	9.0522e-008	9.1725e-008	9.2955e-008	9.4198e-008	9.4696e-008	9.4746e-008	9.4335e-008	9.4e-008	9.3373e-008	9.2641e-008	9.1277e-008	8.9162e-008	8.7813e-008	8.4492e-008	8.2424e-008	8.1367e-008	7.8679e-008	7.4451e-008	7.2375e-008	7.0879e-008	6.9386e-008	6.7742e-008	6.6005e-008	6.3802e-008	6.1995e-008	5.7509e-008	5.5303e-008	5.2344e-008	5.0783e-008	4.9269e-008	4.4371e-008	4.3805e-008	4.0297e-008	3.9257e-008	3.7833e-008	3.6029e-008	3.2918e-008	3.027e-008	2.7444e-008	2.4767e-008	2.2299e-008	2.0368e-008	1.9063e-008	1.5338e-008	1.3701e-008	1.1693e-008	1.0297e-008	7.5771e-009	7.3061e-009	7.022e-009	6.5823e-009	6.0281e-009	6.1591e-009	5.744e-009	5.9798e-009	5.3397e-009	5.2226e-009	5.0351e-009	5.2642e-009	6.1377e-009	5.4376e-009	6.0737e-009	6.441e-009	6.5459e-009	6.8575e-009	9.1202e-009	1.1916e-008	1.6643e-008	2.1477e-008	3.1849e-008	4.112e-008	4.7714e-008	5.5486e-008	6.0533e-008	6.5359e-008	7.1797e-008	7.5927e-008	8.2414e-008	8.4385e-008	8.7728e-008	9.0698e-008	9.1871e-008	9.236e-008	9.2932e-008	9.3183e-008	9.3957e-008	9.4437e-008	9.4655e-008	9.4536e-008	9.3981e-008	9.0864e-008	8.9574e-008	8.8379e-008	8.7419e-008	8.5345e-008	8.3463e-008	7.9553e-008	7.857e-008	7.6031e-008	7.2864e-008	7.0486e-008	6.9149e-008	6.7422e-008	6.4808e-008	6.2175e-008	5.9329e-008	5.6492e-008	5.3729e-008	5.1485e-008	4.8736e-008	4.5998e-008	4.4997e-008	4.3008e-008	3.9276e-008	3.7149e-008	3.4882e-008	3.1552e-008	2.9722e-008	2.7421e-008	2.4972e-008	2.1441e-008	1.9528e-008	1.7421e-008	1.5318e-008	1.3266e-008	1.2069e-008	9.8039e-009	8.3798e-009	6.5734e-009	6.3588e-009	6.2208e-009	5.6832e-009	5.3246e-009	4.9809e-009	5.0806e-009	5.183e-009	5.2997e-009	5.6437e-009	5.5605e-009	5.4294e-009	5.2547e-009	6.3274e-009	6.6977e-009	8.2525e-009	9.9343e-009	1.335e-008	1.6197e-008	2.0871e-008	2.5791e-008	3.1166e-008	3.7488e-008	4.4278e-008	5.0107e-008	5.7861e-008	6.5984e-008	7.0974e-008	7.4107e-008	7.698e-008	8.2544e-008	8.6103e-008	8.9404e-008	9.1193e-008	9.2232e-008	9.3256e-008	9.393e-008	9.5251e-008	9.5663e-008	9.4908e-008	9.3443e-008	9.1839e-008	9.0307e-008	8.9006e-008	8.9281e-008	8.7691e-008	8.6413e-008	8.5256e-008	8.3001e-008	8.0435e-008	7.6135e-008	7.5298e-008	7.2757e-008	7.0961e-008	6.9146e-008	6.7958e-008	6.651e-008	6.3808e-008	6.1095e-008	5.7249e-008	5.3144e-008	5.1159e-008	4.8846e-008	4.7535e-008	4.4369e-008	4.1402e-008	3.8767e-008	3.6026e-008	3.4673e-008	3.3201e-008
9.7122e-008	9.6034e-008	9.5333e-008	9.3043e-008	9.194e-008	9.0982e-008	9.0649e-008	8.7557e-008	8.609e-008	8.3838e-008	8.132e-008	7.9461e-008	7.6728e-008	7.4686e-008	7.2825e-008	7.0715e-008	6.8855e-008	6.7329e-008	6.5163e-008	6.2302e-008	6.0279e-008	5.5834e-008	5.3563e-008	5.241e-008	5.0775e-008	4.7802e-008	4.4686e-008	4.1709e-008	3.8767e-008	3.796e-008	3.5503e-008	3.3787e-008	3.1212e-008	2.8914e-008	2.6116e-008	2.3749e-008	2.2342e-008	2.0615e-008	1.7846e-008	1.6832e-008	1.4805e-008	1.3312e-008	1.1404e-008	1.0617e-008	9.6155e-009	9.0123e-009	8.5992e-009	8.9851e-009	9.0552e-009	9.0948e-009	9.2492e-009	9.3092e-009	9.1632e-009	9.569e-009	1.0143e-008	1.0004e-008	1.0629e-008	1.217e-008	1.3973e-008	1.7068e-008	2.1484e-008	2.5372e-008	3.1521e-008	3.6295e-008	4.218e-008	4.9293e-008	5.5158e-008	6.4071e-008	7.0621e-008	7.4713e-008	8.2063e-008	8.4782e-008	8.7437e-008	8.9545e-008	9.1252e-008	9.2426e-008	9.3962e-008	9.4939e-008	9.5154e-008	9.6073e-008	9.5602e-008	9.4991e-008	9.3162e-008	9.2287e-008	9.1726e-008	9.1099e-008	8.9232e-008	8.6971e-008	8.4389e-008	8.0886e-008	7.9052e-008	7.8421e-008	7.78e-008	7.5476e-008	7.4789e-008	7.197e-008	7.0905e-008	6.8913e-008	6.7007e-008	6.5496e-008	6.2571e-008	6.1098e-008	5.9478e-008	5.6685e-008	5.5692e-008	5.328e-008	5.0198e-008	4.828e-008	4.6655e-008	4.3223e-008	4.0274e-008	3.6687e-008	3.4008e-008	3.1737e-008	2.8442e-008	2.4715e-008	2.1888e-008	1.8208e-008	1.6924e-008	1.442e-008	1.1831e-008	1.025e-008	9.8852e-009	1.0333e-008	1.0055e-008	9.3356e-009	9.4615e-009	9.1815e-009	8.572e-009	9.2276e-009	8.7721e-009	8.6237e-009	8.855e-009	8.9892e-009	9.2984e-009	9.4339e-009	1.0008e-008	1.0296e-008	1.1802e-008	1.4075e-008	1.9054e-008	2.4284e-008	2.9692e-008	3.6001e-008	4.237e-008	5.5077e-008	6.1963e-008	7.0361e-008	7.6139e-008	8.0736e-008	8.3855e-008	8.6991e-008	9.0548e-008	9.2869e-008	9.4569e-008	9.5991e-008	9.6835e-008	9.805e-008	9.8592e-008	9.9595e-008	1.0055e-007	1.0044e-007	9.9228e-008	9.7295e-008	9.4596e-008	9.3622e-008	8.9839e-008	8.7297e-008	8.7082e-008	8.5821e-008	8.4396e-008	8.1112e-008	7.84e-008	7.5081e-008	7.2149e-008	7.0151e-008	6.7464e-008	6.514e-008	6.2997e-008	6.1009e-008	5.7025e-008	5.4871e-008	5.2411e-008	5.0324e-008	4.7902e-008	4.4443e-008	4.2522e-008	3.8044e-008	3.6138e-008	3.3502e-008	3.0533e-008	2.6582e-008	2.3174e-008	2.0256e-008	1.8445e-008	1.6009e-008	1.3859e-008	1.124e-008	1.0197e-008	9.3152e-009	8.7001e-009	8.3525e-009	8.4546e-009	8.3464e-009	8.0337e-009	7.8943e-009	7.4371e-009	7.2969e-009	7.9812e-009	8.69e-009	8.3276e-009	8.2262e-009	8.5369e-009	8.8118e-009	9.3631e-009	1.0722e-008	1.2443e-008	1.5042e-008	1.8092e-008	2.1052e-008	2.5206e-008	3.3594e-008	3.9033e-008	4.4934e-008	5.0451e-008	5.5542e-008	6.2974e-008	6.7402e-008	7.2271e-008	7.7337e-008	8.1066e-008	8.5201e-008	8.8014e-008	9.025e-008	9.17e-008	9.4957e-008	9.5012e-008	9.6247e-008	9.6175e-008	9.5616e-008	9.5584e-008	9.5969e-008	9.5697e-008	9.5198e-008	9.2421e-008	9.0103e-008	8.8817e-008	8.6419e-008	8.3699e-008	8.1287e-008	7.9562e-008	7.788e-008	7.5706e-008	7.411e-008	7.2358e-008	7.025e-008	6.753e-008	6.3902e-008	6.1867e-008	5.9417e-008	5.7808e-008	5.5715e-008	5.3381e-008	5.1533e-008	4.8253e-008	4.5832e-008	4.2925e-008	4.0866e-008	3.8871e-008	3.5389e-008	3.2921e-008	3.1239e-008	3.0063e-008	2.7053e-008	2.5296e-008	2.276e-008	2.0794e-008	1.7897e-008	1.6298e-008	1.3948e-008	1.2177e-008	1.1038e-008	9.668e-009	8.4556e-009	7.3896e-009	6.3845e-009	6.2372e-009	6.3371e-009	6.5474e-009	6.4459e-009	6.795e-009	6.3941e-009	5.9247e-009	6.362e-009	7.068e-009	7.5219e-009	8.2351e-009	1.0242e-008	1.2628e-008	1.6237e-008	1.9623e-008	2.4962e-008	3.1838e-008	3.8196e-008	4.4139e-008	5.0336e-008	5.5412e-008	6.4014e-008	6.8498e-008	7.3784e-008	7.8825e-008	8.1777e-008	8.629e-008	8.924e-008	9.1168e-008	9.3095e-008	9.3335e-008	9.4403e-008	9.4819e-008	9.4756e-008	9.4476e-008	9.4127e-008	9.348e-008	9.3039e-008	9.1449e-008	8.9697e-008	8.7453e-008	8.5287e-008	8.2615e-008	8.1164e-008	7.9145e-008	7.5479e-008	7.1925e-008	7.1232e-008	7.0153e-008	6.7413e-008	6.6072e-008	6.4062e-008	6.1423e-008	5.8676e-008	5.643e-008	5.3441e-008	5.1467e-008	4.8127e-008	4.4738e-008	4.4123e-008	4.1336e-008	3.9229e-008	3.8014e-008	3.6863e-008	3.2196e-008	3.0057e-008	2.8546e-008	2.5345e-008	2.2813e-008	2.0491e-008	1.9354e-008	1.6495e-008	1.3609e-008	1.2365e-008	1.0523e-008	8.68e-009	7.7401e-009	7.3305e-009	6.4501e-009	6.2319e-009	6.6112e-009	6.7163e-009	5.9414e-009	5.3799e-009	5.4559e-009	5.5573e-009	5.3586e-009	5.1107e-009	5.4366e-009	6.0688e-009	6.2964e-009	6.5282e-009	7.3421e-009	9.7952e-009	1.2606e-008	1.7578e-008	2.2409e-008	3.3532e-008	4.1372e-008	4.7377e-008	5.4131e-008	5.9272e-008	6.417e-008	7.1944e-008	7.7544e-008	8.2438e-008	8.5154e-008	8.7655e-008	8.9663e-008	9.1611e-008	9.2544e-008	9.3822e-008	9.4511e-008	9.4534e-008	9.4251e-008	9.4607e-008	9.4922e-008	9.3132e-008	9.1192e-008	8.8787e-008	8.8037e-008	8.6574e-008	8.5259e-008	8.2036e-008	7.9775e-008	7.7858e-008	7.5199e-008	7.2564e-008	7.0483e-008	6.9345e-008	6.7805e-008	6.4535e-008	6.0919e-008	6.0055e-008	5.7626e-008	5.36e-008	5.1721e-008	4.9286e-008	4.6546e-008	4.4411e-008	4.2295e-008	3.8732e-008	3.7531e-008	3.543e-008	3.2075e-008	2.9825e-008	2.7946e-008	2.6098e-008	2.2914e-008	1.9762e-008	1.7522e-008	1.6184e-008	1.3584e-008	1.2499e-008	1.1009e-008	8.5257e-009	6.7529e-009	6.3756e-009	5.9628e-009	5.7437e-009	5.2222e-009	5.2559e-009	5.8321e-009	5.5832e-009	5.0869e-009	5.6345e-009	5.6208e-009	5.4373e-009	5.6187e-009	7.0256e-009	7.3575e-009	8.1353e-009	1.0796e-008	1.3729e-008	1.5759e-008	2.0248e-008	2.5925e-008	3.0952e-008	3.7413e-008	4.3305e-008	4.7777e-008	5.6045e-008	6.0121e-008	6.8491e-008	7.3736e-008	7.7634e-008	8.2496e-008	8.4506e-008	8.9739e-008	9.0464e-008	9.1709e-008	9.3107e-008	9.3957e-008	9.5602e-008	9.6303e-008	9.5432e-008	9.3234e-008	9.1833e-008	9.0466e-008	8.9881e-008	8.9669e-008	8.8033e-008	8.6557e-008	8.5573e-008	8.3765e-008	8.2053e-008	7.8991e-008	7.5951e-008	7.3156e-008	7.1315e-008	7.0058e-008	6.9358e-008	6.4572e-008	6.3006e-008	6.0968e-008	5.818e-008	5.4545e-008	5.2453e-008	5.0363e-008	4.845e-008	4.5211e-008	4.1706e-008	3.922e-008	3.6068e-008	3.5218e-008	3.3526e-008
9.7837e-008	9.6786e-008	9.3861e-008	9.2449e-008	9.1348e-008	9.1356e-008	9.0653e-008	8.8748e-008	8.5803e-008	8.3163e-008	8.1692e-008	8.1627e-008	7.9519e-008	7.5786e-008	7.322e-008	7.1257e-008	6.8709e-008	6.6768e-008	6.521e-008	6.1758e-008	6.0645e-008	5.6851e-008	5.446e-008	5.2638e-008	5.019e-008	4.7535e-008	4.5295e-008	4.2599e-008	3.9843e-008	3.835e-008	3.4876e-008	3.3612e-008	3.1236e-008	2.8173e-008	2.5679e-008	2.4393e-008	2.26e-008	2.0322e-008	1.7757e-008	1.6127e-008	1.4514e-008	1.2919e-008	1.1556e-008	1.0837e-008	1.0105e-008	9.5471e-009	8.9135e-009	9.4678e-009	9.3417e-009	9.2861e-009	9.4389e-009	9.411e-009	9.3135e-009	9.8832e-009	1.01e-008	1.0245e-008	1.0393e-008	1.1784e-008	1.4227e-008	1.6526e-008	2.1226e-008	2.4254e-008	2.9541e-008	3.6245e-008	4.1741e-008	4.9131e-008	5.662e-008	6.3697e-008	7.0327e-008	7.4161e-008	8.0912e-008	8.4821e-008	8.7482e-008	8.8658e-008	9.1016e-008	9.2695e-008	9.4553e-008	9.5196e-008	9.5591e-008	9.5962e-008	9.5549e-008	9.4838e-008	9.3299e-008	9.1839e-008	9.0657e-008	8.9446e-008	8.8043e-008	8.6161e-008	8.3506e-008	8.1215e-008	7.8821e-008	7.8092e-008	7.6929e-008	7.5333e-008	7.4402e-008	7.2059e-008	7.0365e-008	6.8432e-008	6.7052e-008	6.5091e-008	6.2916e-008	6.0649e-008	5.8639e-008	5.7626e-008	5.5843e-008	5.3851e-008	5.0661e-008	4.7903e-008	4.4247e-008	4.2025e-008	3.8842e-008	3.6855e-008	3.4818e-008	3.1891e-008	2.794e-008	2.4878e-008	2.217e-008	1.9873e-008	1.7185e-008	1.4798e-008	1.2601e-008	1.0848e-008	1.0135e-008	1.016e-008	9.907e-009	9.945e-009	9.7494e-009	9.1163e-009	8.747e-009	8.7364e-009	9.2315e-009	9.1192e-009	9.0137e-009	9.5447e-009	9.5125e-009	9.8095e-009	1.0637e-008	1.091e-008	1.159e-008	1.4242e-008	1.895e-008	2.4286e-008	2.9884e-008	3.6708e-008	4.3157e-008	5.4574e-008	6.4478e-008	7.0091e-008	7.6134e-008	8.0735e-008	8.3962e-008	8.6894e-008	9.079e-008	9.3023e-008	9.4308e-008	9.5891e-008	9.7589e-008	9.9098e-008	1.001e-007	1.0043e-007	1.0062e-007	1.0066e-007	1.0035e-007	9.8683e-008	9.7194e-008	9.4222e-008	9.096e-008	8.7617e-008	8.7158e-008	8.5058e-008	8.3437e-008	8.1299e-008	7.8054e-008	7.4251e-008	7.2411e-008	7.0568e-008	6.8449e-008	6.6011e-008	6.3529e-008	6.1078e-008	5.7679e-008	5.5388e-008	5.3517e-008	5.1521e-008	4.6154e-008	4.4014e-008	4.097e-008	3.7916e-008	3.551e-008	3.3474e-008	2.9893e-008	2.6744e-008	2.3935e-008	2.0569e-008	1.8034e-008	1.6144e-008	1.3891e-008	1.2306e-008	1.0717e-008	9.7311e-009	9.093e-009	8.5204e-009	8.1415e-009	8.0937e-009	8.4723e-009	8.7291e-009	7.8267e-009	7.6772e-009	8.6493e-009	8.4608e-009	8.0469e-009	8.0712e-009	8.5227e-009	9.102e-009	9.4346e-009	1.0152e-008	1.2329e-008	1.4222e-008	1.6465e-008	2.0585e-008	2.4123e-008	3.2659e-008	4.0605e-008	4.5434e-008	5.0385e-008	5.4275e-008	6.0665e-008	6.718e-008	7.2592e-008	7.8111e-008	8.1025e-008	8.6648e-008	8.8139e-008	9.0201e-008	9.2177e-008	9.4628e-008	9.4908e-008	9.5363e-008	9.6095e-008	9.5591e-008	9.6023e-008	9.6055e-008	9.5821e-008	9.4753e-008	9.1748e-008	8.9186e-008	8.8363e-008	8.5816e-008	8.3131e-008	8.2026e-008	8.0261e-008	7.8179e-008	7.6085e-008	7.4669e-008	7.2803e-008	7.054e-008	6.8024e-008	6.469e-008	6.2269e-008	5.9831e-008	5.8325e-008	5.5403e-008	5.3305e-008	5.1724e-008	4.936e-008	4.6304e-008	4.3372e-008	4.09e-008	3.8922e-008	3.64e-008	3.3348e-008	3.1682e-008	3.0495e-008	2.7672e-008	2.5438e-008	2.2576e-008	2.1225e-008	1.8335e-008	1.6426e-008	1.47e-008	1.3073e-008	1.1768e-008	1.0632e-008	8.9228e-009	7.9984e-009	7.6039e-009	6.8597e-009	6.6496e-009	6.8136e-009	6.6263e-009	6.7471e-009	7.031e-009	6.3738e-009	6.8627e-009	7.3269e-009	7.329e-009	8.0149e-009	9.5328e-009	1.2374e-008	1.5886e-008	2.0585e-008	2.4215e-008	3.0415e-008	3.6917e-008	4.4198e-008	5.0413e-008	5.3838e-008	6.2652e-008	6.8118e-008	7.3131e-008	7.8526e-008	8.1522e-008	8.683e-008	8.8912e-008	9.201e-008	9.3293e-008	9.3316e-008	9.4323e-008	9.4836e-008	9.516e-008	9.4604e-008	9.4424e-008	9.3671e-008	9.2999e-008	9.3101e-008	8.985e-008	8.6815e-008	8.498e-008	8.2411e-008	7.9847e-008	7.8914e-008	7.7078e-008	7.4192e-008	7.134e-008	7.0715e-008	6.8894e-008	6.5892e-008	6.3749e-008	6.0102e-008	5.8339e-008	5.6538e-008	5.4048e-008	5.1303e-008	4.8779e-008	4.5858e-008	4.4171e-008	4.2384e-008	4.0134e-008	3.8059e-008	3.4817e-008	3.2915e-008	3.0428e-008	2.8729e-008	2.7005e-008	2.4447e-008	2.1644e-008	1.9264e-008	1.7283e-008	1.4336e-008	1.2592e-008	1.0482e-008	8.6906e-009	7.8317e-009	7.0771e-009	6.4874e-009	6.2613e-009	6.6737e-009	6.3351e-009	5.6558e-009	5.4744e-009	6.061e-009	6.1123e-009	5.8337e-009	5.7213e-009	5.9549e-009	6.6413e-009	7.1659e-009	7.1723e-009	8.2556e-009	9.6984e-009	1.2831e-008	1.7058e-008	2.3864e-008	3.3246e-008	4.1555e-008	4.7794e-008	5.3308e-008	5.9186e-008	6.5065e-008	7.1199e-008	7.7699e-008	8.246e-008	8.455e-008	8.7229e-008	8.9046e-008	9.1424e-008	9.2912e-008	9.4257e-008	9.521e-008	9.5026e-008	9.4897e-008	9.435e-008	9.4159e-008	9.305e-008	9.0876e-008	8.9528e-008	8.8093e-008	8.6173e-008	8.4218e-008	8.2147e-008	8.0324e-008	7.7662e-008	7.5588e-008	7.2708e-008	7.0774e-008	6.9528e-008	6.8937e-008	6.5143e-008	6.2244e-008	6.0322e-008	5.7785e-008	5.5206e-008	5.1806e-008	4.927e-008	4.7251e-008	4.3222e-008	4.1554e-008	3.9291e-008	3.7576e-008	3.6223e-008	3.1528e-008	3.0017e-008	2.7789e-008	2.478e-008	2.2448e-008	2.0768e-008	1.8836e-008	1.6587e-008	1.4326e-008	1.2937e-008	1.1405e-008	8.7028e-009	7.4201e-009	6.8483e-009	5.7871e-009	5.7338e-009	5.1964e-009	5.4301e-009	5.6929e-009	5.4521e-009	5.2619e-009	5.6714e-009	5.6724e-009	5.6782e-009	5.6347e-009	6.9542e-009	7.4678e-009	8.2296e-009	1.0731e-008	1.3397e-008	1.6847e-008	2.015e-008	2.494e-008	3.0611e-008	3.625e-008	4.1487e-008	4.9161e-008	5.6385e-008	6.2213e-008	6.7922e-008	7.3965e-008	7.7445e-008	8.2042e-008	8.4918e-008	8.9032e-008	9.0332e-008	9.1684e-008	9.2899e-008	9.5081e-008	9.5283e-008	9.6596e-008	9.51e-008	9.4138e-008	9.2424e-008	9.0883e-008	8.9943e-008	8.9776e-008	8.8548e-008	8.6897e-008	8.562e-008	8.3424e-008	8.1954e-008	7.9389e-008	7.6702e-008	7.3417e-008	7.1294e-008	7.0048e-008	6.9374e-008	6.7018e-008	6.2165e-008	6.0364e-008	5.7616e-008	5.4879e-008	5.2763e-008	5.1056e-008	4.8511e-008	4.6564e-008	4.2337e-008	3.9449e-008	3.6243e-008	3.5247e-008	3.3903e-008
9.6979e-008	9.5561e-008	9.4304e-008	9.2721e-008	9.0547e-008	8.9868e-008	8.919e-008	8.7144e-008	8.5102e-008	8.2694e-008	8.1657e-008	8.0788e-008	7.8894e-008	7.5767e-008	7.2891e-008	7.1667e-008	6.9774e-008	6.6558e-008	6.4215e-008	6.2187e-008	5.9349e-008	5.5523e-008	5.397e-008	5.1757e-008	4.9104e-008	4.6818e-008	4.4807e-008	4.2156e-008	4.0063e-008	3.8091e-008	3.4817e-008	3.2759e-008	3.0546e-008	2.7583e-008	2.596e-008	2.4266e-008	2.1935e-008	2.03e-008	1.7483e-008	1.5921e-008	1.4099e-008	1.2354e-008	1.1048e-008	1.0328e-008	1.0155e-008	9.5702e-009	9.3653e-009	9.2853e-009	9.2433e-009	9.5263e-009	9.5759e-009	9.2081e-009	9.4687e-009	1.0095e-008	9.7592e-009	1.011e-008	1.0729e-008	1.2231e-008	1.3948e-008	1.7119e-008	2.0694e-008	2.5922e-008	3.1828e-008	3.6879e-008	4.1924e-008	4.8949e-008	5.6529e-008	6.4507e-008	6.9155e-008	7.484e-008	8.0184e-008	8.4126e-008	8.6546e-008	8.8105e-008	9.0165e-008	9.1775e-008	9.3901e-008	9.5682e-008	9.5756e-008	9.51e-008	9.5039e-008	9.4541e-008	9.322e-008	9.2118e-008	9.0562e-008	8.906e-008	8.7567e-008	8.5549e-008	8.3156e-008	8.0263e-008	7.847e-008	7.6769e-008	7.5843e-008	7.4224e-008	7.279e-008	7.0122e-008	6.9067e-008	6.695e-008	6.6277e-008	6.5105e-008	6.2941e-008	6.0072e-008	5.8192e-008	5.6848e-008	5.51e-008	5.1586e-008	5.115e-008	4.8548e-008	4.3889e-008	4.1054e-008	3.893e-008	3.5871e-008	3.4586e-008	3.0854e-008	2.7048e-008	2.4986e-008	2.2707e-008	2.0198e-008	1.638e-008	1.4629e-008	1.3022e-008	1.1297e-008	1.0378e-008	1.0061e-008	9.8947e-009	9.6068e-009	9.0199e-009	8.9186e-009	9.1768e-009	8.983e-009	9.2122e-009	9.2354e-009	9.6001e-009	9.7304e-009	9.9414e-009	9.8463e-009	1.0521e-008	1.0876e-008	1.1494e-008	1.4258e-008	1.8458e-008	2.3862e-008	3.0599e-008	3.5395e-008	4.4576e-008	5.3522e-008	6.2205e-008	6.8895e-008	7.5021e-008	8.0308e-008	8.3965e-008	8.7128e-008	9.001e-008	9.3125e-008	9.4463e-008	9.6031e-008	9.7938e-008	9.9748e-008	1.0077e-007	1.0055e-007	9.9817e-008	1.0054e-007	9.9504e-008	9.8459e-008	9.6828e-008	9.43e-008	9.1465e-008	8.811e-008	8.6335e-008	8.4621e-008	8.3843e-008	8.0391e-008	7.8239e-008	7.5534e-008	7.3221e-008	7.0388e-008	6.8e-008	6.6304e-008	6.3686e-008	6.1899e-008	5.8824e-008	5.639e-008	5.4258e-008	5.1373e-008	4.6817e-008	4.3961e-008	4.1012e-008	3.7313e-008	3.5274e-008	3.3257e-008	3.0865e-008	2.7097e-008	2.4938e-008	2.0441e-008	1.7935e-008	1.6037e-008	1.4068e-008	1.2121e-008	1.0957e-008	9.7113e-009	8.829e-009	8.404e-009	8.5583e-009	8.3944e-009	8.3614e-009	8.3074e-009	7.5354e-009	7.5971e-009	8.6751e-009	8.3876e-009	7.9555e-009	7.9009e-009	8.7406e-009	9.1781e-009	9.4884e-009	1.0054e-008	1.192e-008	1.4421e-008	1.8138e-008	2.0942e-008	2.4536e-008	3.2776e-008	4.0301e-008	4.58e-008	5.0395e-008	5.4876e-008	6.0876e-008	6.6761e-008	7.3155e-008	7.9802e-008	8.4956e-008	8.6598e-008	8.7657e-008	9e-008	9.1577e-008	9.316e-008	9.4417e-008	9.5221e-008	9.5587e-008	9.5602e-008	9.5506e-008	9.5543e-008	9.5454e-008	9.5036e-008	9.2358e-008	8.9539e-008	8.8275e-008	8.5985e-008	8.3742e-008	8.2888e-008	8.1574e-008	7.8296e-008	7.6396e-008	7.4203e-008	7.1941e-008	6.9561e-008	6.9147e-008	6.3245e-008	6.2729e-008	6.1645e-008	6.0306e-008	5.5766e-008	5.3152e-008	5.1334e-008	4.9201e-008	4.5065e-008	4.3252e-008	4.0501e-008	3.8803e-008	3.7442e-008	3.3887e-008	3.2372e-008	2.9903e-008	2.686e-008	2.4857e-008	2.3125e-008	2.146e-008	1.971e-008	1.7015e-008	1.4545e-008	1.396e-008	1.2306e-008	1.0662e-008	9.2514e-009	8.1929e-009	7.753e-009	6.7764e-009	6.3728e-009	6.6671e-009	6.7924e-009	6.9913e-009	7.3975e-009	6.846e-009	7.0784e-009	7.1668e-009	7.1797e-009	8.1359e-009	1.0144e-008	1.1915e-008	1.5453e-008	2.0687e-008	2.5034e-008	2.9927e-008	3.5825e-008	4.4006e-008	5.0725e-008	5.5383e-008	6.0857e-008	6.7522e-008	7.2599e-008	7.9164e-008	8.2441e-008	8.7002e-008	8.9868e-008	9.239e-008	9.3081e-008	9.3046e-008	9.3715e-008	9.4452e-008	9.493e-008	9.4437e-008	9.4036e-008	9.3124e-008	9.2795e-008	9.0532e-008	8.8906e-008	8.5931e-008	8.394e-008	8.1593e-008	7.9725e-008	7.8596e-008	7.6602e-008	7.3777e-008	7.1696e-008	7.0322e-008	6.8172e-008	6.497e-008	6.3154e-008	6.1053e-008	5.8679e-008	5.6297e-008	5.3633e-008	5.2187e-008	4.9347e-008	4.5781e-008	4.3944e-008	4.3005e-008	4.0507e-008	3.9002e-008	3.5344e-008	3.3571e-008	3.0228e-008	2.873e-008	2.6577e-008	2.4889e-008	2.1556e-008	1.9011e-008	1.7224e-008	1.4858e-008	1.3015e-008	1.138e-008	9.8079e-009	8.4369e-009	6.9419e-009	6.4125e-009	5.3512e-009	5.8906e-009	6.3861e-009	5.863e-009	5.2722e-009	5.7652e-009	5.9681e-009	5.7294e-009	5.6007e-009	5.9211e-009	6.943e-009	7.3329e-009	7.3025e-009	8.3386e-009	9.7675e-009	1.2987e-008	1.6736e-008	2.3391e-008	3.2134e-008	4.0731e-008	4.828e-008	5.3696e-008	5.9864e-008	6.5199e-008	7.0681e-008	7.7432e-008	8.2286e-008	8.4344e-008	8.7168e-008	8.8977e-008	9.086e-008	9.2227e-008	9.4384e-008	9.5282e-008	9.5398e-008	9.5288e-008	9.4416e-008	9.4104e-008	9.3248e-008	9.1672e-008	8.97e-008	8.7325e-008	8.5521e-008	8.33e-008	8.1221e-008	8.0138e-008	7.7617e-008	7.5484e-008	7.2953e-008	7.2101e-008	6.9948e-008	6.8294e-008	6.4677e-008	6.2448e-008	5.9927e-008	5.6376e-008	5.5449e-008	5.3163e-008	5.0588e-008	4.6528e-008	4.0836e-008	4.0832e-008	3.8662e-008	3.8075e-008	3.6409e-008	3.1796e-008	2.9996e-008	2.7171e-008	2.4796e-008	2.2828e-008	2.0929e-008	1.9692e-008	1.6536e-008	1.5256e-008	1.316e-008	1.0903e-008	9.2352e-009	8.2739e-009	7.4467e-009	6.1775e-009	5.6977e-009	5.5733e-009	5.9094e-009	5.5082e-009	5.4185e-009	5.3418e-009	5.5869e-009	5.8458e-009	5.7492e-009	6.3414e-009	6.2658e-009	6.6076e-009	8.0284e-009	1.0304e-008	1.2657e-008	1.6754e-008	2.0235e-008	2.5372e-008	3.0096e-008	3.622e-008	4.2384e-008	5.032e-008	5.64e-008	6.3341e-008	6.9603e-008	7.5196e-008	7.8396e-008	8.3439e-008	8.5766e-008	8.8472e-008	9.0698e-008	9.2959e-008	9.4345e-008	9.5686e-008	9.6559e-008	9.6311e-008	9.5722e-008	9.4417e-008	9.3587e-008	9.1557e-008	9.005e-008	8.9274e-008	8.8471e-008	8.6767e-008	8.5427e-008	8.3136e-008	8.138e-008	7.9431e-008	7.4051e-008	7.3313e-008	7.0774e-008	6.9559e-008	6.8584e-008	6.5783e-008	6.2889e-008	6.0742e-008	5.8025e-008	5.49e-008	5.2613e-008	5.1421e-008	4.9885e-008	4.6987e-008	4.2343e-008	4.053e-008	3.6865e-008	3.5593e-008	3.3536e-008
9.554e-008	9.4764e-008	9.4459e-008	9.3117e-008	9.1827e-008	8.9937e-008	8.8259e-008	8.649e-008	8.4814e-008	8.2857e-008	8.1819e-008	8.0793e-008	7.8619e-008	7.5793e-008	7.3369e-008	7.217e-008	6.9439e-008	6.7332e-008	6.5233e-008	6.1639e-008	5.7829e-008	5.5565e-008	5.3429e-008	5.0611e-008	4.8606e-008	4.5839e-008	4.3745e-008	4.1384e-008	4.0067e-008	3.7004e-008	3.5082e-008	3.259e-008	3.0477e-008	2.8068e-008	2.5919e-008	2.4219e-008	2.2399e-008	1.9842e-008	1.7636e-008	1.5536e-008	1.3871e-008	1.1682e-008	1.0466e-008	1.0006e-008	9.606e-009	9.4317e-009	9.0169e-009	9.1427e-009	9.6794e-009	9.908e-009	9.7988e-009	9.5949e-009	9.9927e-009	9.9079e-009	9.7746e-009	1.0332e-008	1.0897e-008	1.3023e-008	1.4854e-008	1.7363e-008	2.1879e-008	2.6077e-008	3.2208e-008	3.8126e-008	4.3461e-008	5.0004e-008	5.7279e-008	6.6141e-008	7.2741e-008	7.6316e-008	8.035e-008	8.4445e-008	8.5947e-008	8.7895e-008	9.0292e-008	9.3339e-008	9.5451e-008	9.6338e-008	9.6111e-008	9.5373e-008	9.5411e-008	9.4758e-008	9.406e-008	9.2759e-008	9.149e-008	8.9657e-008	8.6691e-008	8.4653e-008	8.2312e-008	8.0645e-008	7.8776e-008	7.6669e-008	7.4977e-008	7.357e-008	7.24e-008	7.0307e-008	6.8452e-008	6.7597e-008	6.6312e-008	6.4491e-008	6.2552e-008	5.8732e-008	5.7126e-008	5.5278e-008	5.4262e-008	5.1988e-008	4.997e-008	4.6109e-008	4.2907e-008	4.1629e-008	3.9428e-008	3.5496e-008	3.1986e-008	3.0971e-008	2.8043e-008	2.5462e-008	2.2583e-008	1.9398e-008	1.7372e-008	1.5711e-008	1.3614e-008	1.1706e-008	1.0794e-008	1.018e-008	9.66e-009	9.3263e-009	8.9484e-009	9.5672e-009	9.6814e-009	9.9298e-009	9.0175e-009	9.1272e-009	9.5687e-009	9.9107e-009	1.005e-008	1.0072e-008	1.0296e-008	1.0598e-008	1.2141e-008	1.5303e-008	1.7946e-008	2.4108e-008	3.1466e-008	3.7789e-008	4.5785e-008	5.3777e-008	6.2081e-008	6.9309e-008	7.43e-008	8.0163e-008	8.3709e-008	8.8057e-008	9.15e-008	9.3527e-008	9.5212e-008	9.6644e-008	9.8499e-008	9.9906e-008	1.0111e-007	1.0092e-007	1.0052e-007	1.0045e-007	9.9926e-008	9.8654e-008	9.6247e-008	9.3029e-008	9.0145e-008	8.8637e-008	8.6215e-008	8.5149e-008	8.3303e-008	8.0796e-008	7.8692e-008	7.6925e-008	7.2684e-008	7.098e-008	6.8273e-008	6.7549e-008	6.4892e-008	6.2712e-008	5.9383e-008	5.5817e-008	5.4282e-008	5.0742e-008	4.5101e-008	4.1893e-008	4.0296e-008	3.687e-008	3.5461e-008	3.2716e-008	3.1229e-008	2.8563e-008	2.5e-008	2.2262e-008	1.995e-008	1.6784e-008	1.4522e-008	1.237e-008	1.0695e-008	9.8119e-009	9.1199e-009	9.086e-009	8.9336e-009	8.6951e-009	8.6493e-009	8.6289e-009	7.8287e-009	7.8083e-009	8.0026e-009	8.8358e-009	8.8517e-009	8.525e-009	8.4396e-009	8.7567e-009	9.6648e-009	1.0811e-008	1.2686e-008	1.5492e-008	1.8357e-008	2.1394e-008	2.4701e-008	3.1649e-008	3.9846e-008	4.6143e-008	5.1065e-008	5.5611e-008	6.0942e-008	6.6902e-008	7.3248e-008	8.1126e-008	8.4584e-008	8.6547e-008	8.7957e-008	9.0505e-008	9.1908e-008	9.3661e-008	9.4281e-008	9.5534e-008	9.6119e-008	9.5667e-008	9.5358e-008	9.5369e-008	9.6748e-008	9.4529e-008	9.0237e-008	8.9649e-008	8.7982e-008	8.5952e-008	8.5261e-008	8.4449e-008	8.2746e-008	7.9525e-008	7.6123e-008	7.4225e-008	7.2429e-008	7.0014e-008	6.9469e-008	6.6177e-008	6.3653e-008	6.2447e-008	6.0945e-008	5.5541e-008	5.3096e-008	5.0275e-008	4.8293e-008	4.5751e-008	4.3291e-008	4.0034e-008	3.9341e-008	3.7562e-008	3.5739e-008	3.1593e-008	2.9648e-008	2.8061e-008	2.5451e-008	2.3398e-008	2.1581e-008	2.0037e-008	1.7505e-008	1.6084e-008	1.45e-008	1.3008e-008	1.1316e-008	9.8575e-009	9e-009	8.2119e-009	7.7835e-009	7.1872e-009	7.2853e-009	7.1994e-009	7.3369e-009	7.5364e-009	7.0503e-009	6.7074e-009	7.2842e-009	7.6039e-009	8.41e-009	1.0006e-008	1.2151e-008	1.5271e-008	2.015e-008	2.5253e-008	2.9833e-008	3.6188e-008	4.4881e-008	4.9864e-008	5.6439e-008	5.9992e-008	6.5635e-008	7.2684e-008	7.8258e-008	8.2975e-008	8.6949e-008	9.0884e-008	9.2336e-008	9.2997e-008	9.3207e-008	9.3847e-008	9.4745e-008	9.4572e-008	9.4174e-008	9.4421e-008	9.3136e-008	9.2194e-008	9.1289e-008	8.7993e-008	8.6047e-008	8.3107e-008	8.2057e-008	8.0205e-008	7.8771e-008	7.6654e-008	7.3774e-008	7.1637e-008	7.0357e-008	6.6606e-008	6.5055e-008	6.3182e-008	5.9781e-008	5.7994e-008	5.5733e-008	5.4187e-008	5.2137e-008	4.9249e-008	4.6366e-008	4.529e-008	4.381e-008	4.1216e-008	3.9335e-008	3.6672e-008	3.4351e-008	3.1415e-008	2.9202e-008	2.7085e-008	2.5061e-008	2.3079e-008	1.9905e-008	1.6946e-008	1.4637e-008	1.3007e-008	1.1349e-008	1.015e-008	8.4968e-009	7.4696e-009	6.7007e-009	6.3328e-009	6.3357e-009	6.357e-009	5.6692e-009	5.2374e-009	5.6695e-009	5.6753e-009	5.7435e-009	5.9483e-009	6.1957e-009	6.8973e-009	7.12e-009	7.4425e-009	8.443e-009	9.7458e-009	1.3353e-008	1.8324e-008	2.5076e-008	3.1773e-008	4.1181e-008	4.8966e-008	5.4995e-008	6.0847e-008	6.5732e-008	7.0515e-008	7.7082e-008	8.1612e-008	8.4895e-008	8.7432e-008	9.0186e-008	9.1461e-008	9.2857e-008	9.2991e-008	9.5084e-008	9.4922e-008	9.5134e-008	9.431e-008	9.3972e-008	9.2962e-008	9.1316e-008	8.7669e-008	8.6684e-008	8.4367e-008	8.1758e-008	8.1308e-008	8.0346e-008	7.7921e-008	7.4983e-008	7.3271e-008	7.217e-008	6.9994e-008	6.715e-008	6.4467e-008	6.2265e-008	6.026e-008	5.8713e-008	5.5036e-008	5.3417e-008	5.1025e-008	4.7744e-008	4.3699e-008	4.2111e-008	3.9206e-008	3.8302e-008	3.509e-008	3.1982e-008	2.9739e-008	2.7842e-008	2.6177e-008	2.391e-008	2.156e-008	2.0079e-008	1.7464e-008	1.5906e-008	1.384e-008	1.076e-008	9.5778e-009	8.6763e-009	7.2478e-009	6.6149e-009	6.5866e-009	5.947e-009	5.8042e-009	5.3794e-009	5.7577e-009	5.9405e-009	5.7214e-009	6.1692e-009	5.9085e-009	6.3809e-009	6.2036e-009	6.5959e-009	7.4171e-009	1.0175e-008	1.2653e-008	1.5539e-008	2.0557e-008	2.4152e-008	3.0429e-008	3.6038e-008	4.2803e-008	5.2415e-008	5.9715e-008	6.435e-008	7.0753e-008	7.5567e-008	8.0865e-008	8.3728e-008	8.7344e-008	8.9161e-008	9.1477e-008	9.3242e-008	9.4294e-008	9.5825e-008	9.6257e-008	9.5922e-008	9.5665e-008	9.5356e-008	9.4025e-008	9.2295e-008	9.0246e-008	8.9634e-008	8.8384e-008	8.754e-008	8.5461e-008	8.3407e-008	8.1703e-008	7.9329e-008	7.4628e-008	7.3387e-008	7.1635e-008	6.9725e-008	6.7816e-008	6.4058e-008	6.2978e-008	6.1481e-008	5.997e-008	5.6744e-008	5.3855e-008	5.2211e-008	4.9786e-008	4.767e-008	4.2628e-008	4.1698e-008	3.8132e-008	3.5591e-008	3.3949e-008
9.5406e-008	9.4686e-008	9.452e-008	9.364e-008	9.1712e-008	8.9945e-008	8.8406e-008	8.6092e-008	8.495e-008	8.2861e-008	8.1388e-008	8.0188e-008	7.8754e-008	7.5851e-008	7.3037e-008	7.1601e-008	6.9976e-008	6.6855e-008	6.4647e-008	6.2203e-008	5.6886e-008	5.4313e-008	5.2856e-008	5.1324e-008	4.9234e-008	4.5935e-008	4.3327e-008	4.136e-008	3.9449e-008	3.7371e-008	3.4976e-008	3.3278e-008	3.0187e-008	2.8256e-008	2.6057e-008	2.4028e-008	2.2528e-008	2.0074e-008	1.7998e-008	1.6305e-008	1.3736e-008	1.1403e-008	1.0874e-008	1.0324e-008	9.76e-009	9.181e-009	8.8532e-009	9.0879e-009	9.3867e-009	8.9873e-009	9.2682e-009	9.9498e-009	1.0419e-008	1.0503e-008	1.0181e-008	1.0817e-008	1.1087e-008	1.2952e-008	1.5046e-008	1.7373e-008	2.1976e-008	2.7052e-008	3.0796e-008	3.7772e-008	4.433e-008	5.1799e-008	5.8334e-008	6.6455e-008	7.2416e-008	7.7163e-008	8.0918e-008	8.4404e-008	8.6406e-008	8.7898e-008	9.09e-008	9.299e-008	9.5551e-008	9.6363e-008	9.6019e-008	9.5769e-008	9.532e-008	9.5087e-008	9.4353e-008	9.3394e-008	9.145e-008	8.898e-008	8.6734e-008	8.4719e-008	8.3341e-008	8.1196e-008	7.8633e-008	7.6944e-008	7.5177e-008	7.4047e-008	7.2826e-008	7.1645e-008	6.9907e-008	6.8071e-008	6.6547e-008	6.3887e-008	6.1312e-008	5.9076e-008	5.648e-008	5.3442e-008	5.2344e-008	5.1814e-008	4.9955e-008	4.6045e-008	4.3222e-008	4.1575e-008	3.9428e-008	3.6957e-008	3.3964e-008	3.0688e-008	2.7674e-008	2.5335e-008	2.2549e-008	1.9702e-008	1.7099e-008	1.5911e-008	1.3939e-008	1.2165e-008	1.0668e-008	1.0098e-008	9.5346e-009	9.3021e-009	8.7193e-009	9.2941e-009	9.6025e-009	9.9011e-009	9.3649e-009	9.3245e-009	9.1301e-009	9.1157e-009	9.104e-009	9.5645e-009	9.6307e-009	1.0242e-008	1.1975e-008	1.5034e-008	1.795e-008	2.3946e-008	3.0895e-008	3.8806e-008	4.7502e-008	5.4411e-008	5.9269e-008	6.7412e-008	7.3911e-008	8.0377e-008	8.487e-008	8.8583e-008	9.0656e-008	9.3658e-008	9.5204e-008	9.7003e-008	9.8713e-008	9.9965e-008	1.0091e-007	1.0095e-007	1.0099e-007	1.0098e-007	1.0047e-007	9.7816e-008	9.4718e-008	9.2086e-008	8.9688e-008	8.8841e-008	8.7174e-008	8.552e-008	8.3081e-008	8.0167e-008	7.9048e-008	7.6837e-008	7.3567e-008	7.1246e-008	6.8799e-008	6.7226e-008	6.5149e-008	6.2151e-008	5.8927e-008	5.5453e-008	5.2954e-008	4.7849e-008	4.5762e-008	4.167e-008	4.0348e-008	3.853e-008	3.6235e-008	3.2913e-008	3.0377e-008	2.8532e-008	2.5392e-008	2.2695e-008	1.9591e-008	1.6919e-008	1.4338e-008	1.2257e-008	1.0685e-008	9.4919e-009	8.8732e-009	9.03e-009	8.6284e-009	8.0226e-009	8.2725e-009	8.3107e-009	8.0765e-009	7.5144e-009	7.4581e-009	8.5187e-009	8.9478e-009	8.3939e-009	8.009e-009	7.9891e-009	9.7067e-009	1.0908e-008	1.2735e-008	1.5004e-008	1.8571e-008	2.1098e-008	2.5067e-008	2.8826e-008	3.7207e-008	4.5062e-008	5.0403e-008	5.6908e-008	6.0988e-008	6.5803e-008	7.3702e-008	8.1211e-008	8.3548e-008	8.6207e-008	8.7685e-008	9.0291e-008	9.174e-008	9.3232e-008	9.4687e-008	9.5596e-008	9.5931e-008	9.5628e-008	9.5091e-008	9.5595e-008	9.6341e-008	9.584e-008	9.0541e-008	8.9878e-008	8.7636e-008	8.6886e-008	8.5706e-008	8.4814e-008	8.2554e-008	7.9318e-008	7.6312e-008	7.3946e-008	7.2122e-008	6.995e-008	6.9267e-008	6.6856e-008	6.4208e-008	6.2657e-008	5.8742e-008	5.5167e-008	5.255e-008	4.9189e-008	4.7318e-008	4.5874e-008	4.4556e-008	4.2312e-008	3.9651e-008	3.7776e-008	3.5613e-008	3.1465e-008	3.0609e-008	2.8592e-008	2.5632e-008	2.3699e-008	2.202e-008	2.0042e-008	1.7938e-008	1.6256e-008	1.5094e-008	1.2891e-008	1.0799e-008	1.0268e-008	9.5992e-009	8.3613e-009	8.0812e-009	7.3167e-009	7.2011e-009	7.1978e-009	7.3486e-009	7.1132e-009	6.6102e-009	6.673e-009	6.8727e-009	7.8456e-009	8.399e-009	1.0128e-008	1.2534e-008	1.5869e-008	2.0122e-008	2.4195e-008	2.9451e-008	3.6587e-008	4.4366e-008	4.9998e-008	5.5158e-008	5.9324e-008	6.4767e-008	7.0201e-008	7.7027e-008	8.3009e-008	8.8018e-008	9.113e-008	9.2119e-008	9.2346e-008	9.2833e-008	9.3239e-008	9.3694e-008	9.4371e-008	9.4163e-008	9.3952e-008	9.3093e-008	9.1172e-008	8.8844e-008	8.7131e-008	8.5089e-008	8.3003e-008	8.158e-008	8.0133e-008	7.8291e-008	7.6487e-008	7.4051e-008	7.2065e-008	7.0408e-008	6.5694e-008	6.549e-008	6.2711e-008	6.0456e-008	5.7611e-008	5.556e-008	5.353e-008	5.1246e-008	4.9827e-008	4.7341e-008	4.5813e-008	4.4235e-008	4.0677e-008	3.9411e-008	3.6946e-008	3.4534e-008	3.1544e-008	2.9794e-008	2.7765e-008	2.5641e-008	2.315e-008	1.9604e-008	1.8068e-008	1.5826e-008	1.3324e-008	1.1676e-008	1.0075e-008	8.8755e-009	7.6694e-009	7.0445e-009	6.21e-009	6.4596e-009	6.4766e-009	6.0357e-009	5.5954e-009	6.1563e-009	5.8112e-009	6.2512e-009	6.383e-009	6.0032e-009	6.8833e-009	7.288e-009	7.3383e-009	8.8681e-009	1.1067e-008	1.4568e-008	1.9792e-008	2.5149e-008	3.2315e-008	4.126e-008	4.8304e-008	5.5401e-008	6.0561e-008	6.5355e-008	7.0399e-008	7.5793e-008	8.0458e-008	8.4412e-008	8.7397e-008	9.0396e-008	9.183e-008	9.3381e-008	9.3258e-008	9.4721e-008	9.4984e-008	9.4971e-008	9.4483e-008	9.3829e-008	9.2305e-008	9.0344e-008	8.7854e-008	8.6512e-008	8.4609e-008	8.2982e-008	8.1439e-008	7.9548e-008	7.7071e-008	7.4835e-008	7.1801e-008	7.1234e-008	6.9437e-008	6.6765e-008	6.46e-008	6.281e-008	6.1048e-008	5.9216e-008	5.6659e-008	5.4295e-008	5.0888e-008	4.7719e-008	4.5406e-008	4.2411e-008	3.9195e-008	3.7787e-008	3.5527e-008	3.2678e-008	3.0615e-008	2.8645e-008	2.6858e-008	2.4932e-008	2.3135e-008	2.0377e-008	1.742e-008	1.6163e-008	1.252e-008	1.0881e-008	9.6762e-009	8.4436e-009	7.3364e-009	7.0498e-009	6.7126e-009	5.8138e-009	5.5747e-009	5.3809e-009	5.8624e-009	5.7792e-009	5.9903e-009	6.2561e-009	6.1e-009	5.9054e-009	5.8943e-009	6.8045e-009	7.7641e-009	1.0048e-008	1.2711e-008	1.6569e-008	1.9525e-008	2.4771e-008	3.0664e-008	3.5691e-008	4.2719e-008	5.2651e-008	5.9286e-008	6.3681e-008	7.0321e-008	7.6522e-008	8.1293e-008	8.5353e-008	8.6747e-008	8.8982e-008	9.1272e-008	9.3217e-008	9.3963e-008	9.5691e-008	9.5146e-008	9.5342e-008	9.5534e-008	9.5687e-008	9.3911e-008	9.2351e-008	9.0819e-008	8.9373e-008	8.8339e-008	8.7635e-008	8.6345e-008	8.4573e-008	8.3031e-008	7.8527e-008	7.5858e-008	7.4022e-008	7.2792e-008	6.956e-008	6.7524e-008	6.4795e-008	6.2703e-008	6.2446e-008	6.0132e-008	5.6806e-008	5.5204e-008	5.2406e-008	4.8954e-008	4.5417e-008	4.3476e-008	4.2147e-008	3.9675e-008	3.657e-008	3.5456e-008
9.5453e-008	9.4482e-008	9.3852e-008	9.373e-008	9.2362e-008	9.0965e-008	8.8734e-008	8.699e-008	8.4987e-008	8.2815e-008	8.1279e-008	7.9756e-008	7.814e-008	7.6514e-008	7.3256e-008	7.1625e-008	6.994e-008	6.5774e-008	6.4228e-008	6.2416e-008	5.9458e-008	5.6551e-008	5.3522e-008	5.1184e-008	4.8114e-008	4.5886e-008	4.3225e-008	4.167e-008	3.9229e-008	3.6942e-008	3.537e-008	3.3281e-008	3.0926e-008	2.9232e-008	2.6318e-008	2.4611e-008	2.1488e-008	1.993e-008	1.7826e-008	1.5722e-008	1.3875e-008	1.1867e-008	1.0659e-008	1.0228e-008	9.9799e-009	9.3245e-009	8.935e-009	9.4538e-009	9.3532e-009	9.0111e-009	9.5002e-009	9.8218e-009	1.0248e-008	1.0531e-008	1.0835e-008	1.1188e-008	1.149e-008	1.3157e-008	1.5543e-008	1.8441e-008	2.2014e-008	2.6849e-008	3.1451e-008	3.6426e-008	4.4997e-008	5.1102e-008	5.9068e-008	6.384e-008	7.2864e-008	7.7623e-008	8.0715e-008	8.4422e-008	8.6379e-008	8.884e-008	9.047e-008	9.2924e-008	9.573e-008	9.6457e-008	9.7082e-008	9.5704e-008	9.4744e-008	9.4585e-008	9.3932e-008	9.2959e-008	9.1838e-008	8.9827e-008	8.7207e-008	8.4808e-008	8.3584e-008	8.2124e-008	8.0109e-008	7.7136e-008	7.5848e-008	7.4666e-008	7.3701e-008	7.2136e-008	6.9142e-008	6.777e-008	6.6663e-008	6.2105e-008	6.1487e-008	5.9335e-008	5.552e-008	5.2871e-008	5.0631e-008	4.9257e-008	4.7216e-008	4.5109e-008	4.2203e-008	4.0966e-008	3.8943e-008	3.6823e-008	3.3959e-008	3.0602e-008	2.8165e-008	2.4728e-008	2.2721e-008	1.953e-008	1.7205e-008	1.5819e-008	1.3827e-008	1.2175e-008	1.0882e-008	1.0285e-008	9.7856e-009	9.284e-009	9.0013e-009	9.552e-009	1.0028e-008	9.7637e-009	9.395e-009	9.6823e-009	9.3823e-009	9.2565e-009	9.154e-009	9.5167e-009	9.9157e-009	1.0254e-008	1.1906e-008	1.4625e-008	1.8598e-008	2.3919e-008	2.9667e-008	3.851e-008	4.6816e-008	5.494e-008	5.9118e-008	6.5462e-008	7.2551e-008	7.9468e-008	8.4684e-008	8.7706e-008	9.0934e-008	9.3109e-008	9.5228e-008	9.7086e-008	9.8879e-008	9.9981e-008	1.0097e-007	1.0162e-007	1.011e-007	1.0078e-007	9.9104e-008	9.7296e-008	9.4482e-008	9.2041e-008	9.1294e-008	8.9317e-008	8.7126e-008	8.5153e-008	8.3307e-008	8.0856e-008	7.9272e-008	7.6704e-008	7.244e-008	7.1035e-008	6.8947e-008	6.7275e-008	6.475e-008	6.1653e-008	5.7619e-008	5.4748e-008	5.2123e-008	4.7898e-008	4.5792e-008	4.2404e-008	4.0729e-008	3.858e-008	3.3953e-008	3.3193e-008	3.0484e-008	2.8727e-008	2.354e-008	2.1059e-008	2.0401e-008	1.7386e-008	1.4523e-008	1.3152e-008	1.1765e-008	9.4162e-009	8.9108e-009	8.9445e-009	8.5466e-009	7.8082e-009	7.6816e-009	7.5883e-009	8.0692e-009	8.0507e-009	7.7401e-009	8.365e-009	8.5472e-009	8.0046e-009	8.3366e-009	8.7064e-009	9.7732e-009	1.1179e-008	1.2879e-008	1.4979e-008	1.7933e-008	2.1335e-008	2.4864e-008	2.8701e-008	3.5313e-008	4.1495e-008	4.7961e-008	5.4915e-008	5.9859e-008	6.5032e-008	7.1627e-008	7.9141e-008	8.3233e-008	8.5211e-008	8.7458e-008	9e-008	9.1253e-008	9.3682e-008	9.5276e-008	9.5962e-008	9.5502e-008	9.5838e-008	9.5806e-008	9.5496e-008	9.5391e-008	9.3924e-008	9.2202e-008	9.0145e-008	8.8073e-008	8.717e-008	8.5961e-008	8.4919e-008	8.2332e-008	7.7713e-008	7.5612e-008	7.3222e-008	7.1764e-008	7.0783e-008	6.9284e-008	6.6137e-008	6.4895e-008	6.3302e-008	5.9283e-008	5.6724e-008	5.3652e-008	5.0618e-008	4.728e-008	4.635e-008	4.5002e-008	4.32e-008	4.0055e-008	3.6794e-008	3.522e-008	3.2453e-008	3.0524e-008	2.8786e-008	2.7012e-008	2.3898e-008	2.2184e-008	1.9747e-008	1.8621e-008	1.7086e-008	1.5344e-008	1.5126e-008	1.3887e-008	1.2276e-008	1.044e-008	8.6881e-009	8.083e-009	7.6759e-009	7.4229e-009	7.5381e-009	7.8222e-009	7.7069e-009	7.2195e-009	6.8333e-009	7.1906e-009	7.9493e-009	9.0474e-009	1.0583e-008	1.3028e-008	1.5774e-008	1.8713e-008	2.4081e-008	2.9573e-008	3.5049e-008	4.2454e-008	4.9409e-008	5.3938e-008	5.8049e-008	6.419e-008	6.982e-008	7.6268e-008	8.1986e-008	8.7596e-008	9.008e-008	9.0939e-008	9.1523e-008	9.222e-008	9.2904e-008	9.3787e-008	9.478e-008	9.4174e-008	9.3193e-008	9.2364e-008	9.1002e-008	8.9213e-008	8.7477e-008	8.567e-008	8.2777e-008	8.1627e-008	8.0495e-008	7.8832e-008	7.6932e-008	7.2704e-008	7.1919e-008	7.0982e-008	6.8143e-008	6.5236e-008	6.3377e-008	6.1222e-008	5.8296e-008	5.4872e-008	5.448e-008	5.2333e-008	5.1189e-008	4.817e-008	4.5568e-008	4.4433e-008	4.2277e-008	3.8912e-008	3.6779e-008	3.5095e-008	3.1946e-008	3.0389e-008	2.8444e-008	2.6664e-008	2.4745e-008	1.9176e-008	1.8325e-008	1.5818e-008	1.3932e-008	1.1264e-008	1.0272e-008	8.7531e-009	7.8931e-009	7.1598e-009	6.408e-009	6.5702e-009	6.1664e-009	6.3442e-009	6.612e-009	6.6525e-009	6.123e-009	5.7926e-009	5.8841e-009	6.2613e-009	7.3145e-009	7.0351e-009	7.9446e-009	9.6336e-009	1.155e-008	1.4138e-008	2.0393e-008	2.5345e-008	3.1627e-008	4.0236e-008	4.8538e-008	5.591e-008	6.1678e-008	6.7131e-008	7.0606e-008	7.5226e-008	8.0168e-008	8.4221e-008	8.7579e-008	9.0528e-008	9.3148e-008	9.3848e-008	9.3747e-008	9.448e-008	9.5775e-008	9.544e-008	9.4517e-008	9.2731e-008	9.1934e-008	8.992e-008	8.8345e-008	8.7144e-008	8.5635e-008	8.3143e-008	8.1773e-008	7.9583e-008	7.6046e-008	7.3174e-008	7.0935e-008	7.0101e-008	6.9258e-008	6.8043e-008	6.5933e-008	6.3721e-008	6.1457e-008	5.9086e-008	5.684e-008	5.401e-008	5.1234e-008	4.9259e-008	4.5973e-008	4.139e-008	3.9739e-008	3.6437e-008	3.5318e-008	3.2348e-008	3.0354e-008	2.8693e-008	2.7235e-008	2.5295e-008	2.203e-008	1.9702e-008	1.7658e-008	1.604e-008	1.3247e-008	1.1579e-008	9.8167e-009	8.7999e-009	7.7168e-009	7.1812e-009	6.2999e-009	5.7621e-009	5.8108e-009	5.8291e-009	6.0732e-009	5.9753e-009	6.2221e-009	6.3666e-009	6.1752e-009	6.4351e-009	6.5443e-009	7.0174e-009	7.9252e-009	9.9318e-009	1.2154e-008	1.5839e-008	1.9399e-008	2.4609e-008	3.0214e-008	3.6608e-008	4.2376e-008	5.0502e-008	5.7628e-008	6.4269e-008	7.0191e-008	7.6253e-008	8.1458e-008	8.5274e-008	8.712e-008	8.8846e-008	9.1108e-008	9.3367e-008	9.4158e-008	9.4936e-008	9.5161e-008	9.5383e-008	9.5497e-008	9.527e-008	9.3646e-008	9.2611e-008	9.137e-008	8.9395e-008	8.8475e-008	8.7786e-008	8.7143e-008	8.5166e-008	8.2825e-008	7.9274e-008	7.6557e-008	7.5178e-008	7.1743e-008	6.6509e-008	6.6482e-008	6.4877e-008	6.2768e-008	6.2713e-008	6.1007e-008	5.6973e-008	5.4465e-008	5.1656e-008	4.9483e-008	4.6449e-008	4.4239e-008	4.2237e-008	3.9532e-008	3.6966e-008	3.593e-008
9.5729e-008	9.4935e-008	9.4729e-008	9.4243e-008	9.298e-008	9.0648e-008	8.8873e-008	8.7624e-008	8.5499e-008	8.4157e-008	8.3122e-008	8.1146e-008	7.922e-008	7.5888e-008	7.4574e-008	7.2477e-008	7.04e-008	6.7857e-008	6.4863e-008	6.2833e-008	6.0616e-008	5.7292e-008	5.3613e-008	5.1132e-008	4.8719e-008	4.6359e-008	4.3927e-008	4.2109e-008	3.7662e-008	3.6715e-008	3.5006e-008	3.3333e-008	3.1105e-008	2.9059e-008	2.5759e-008	2.4118e-008	2.204e-008	1.9588e-008	1.7663e-008	1.5647e-008	1.3816e-008	1.2094e-008	1.1159e-008	1.0317e-008	1.0074e-008	9.5179e-009	9.5966e-009	9.6489e-009	9.2761e-009	9.625e-009	1.0227e-008	1.037e-008	1.0336e-008	1.1137e-008	1.0856e-008	1.1268e-008	1.1955e-008	1.3653e-008	1.5475e-008	1.8261e-008	2.1743e-008	2.8529e-008	3.2293e-008	3.6297e-008	4.5675e-008	5.3347e-008	5.8907e-008	6.6791e-008	7.2334e-008	7.78e-008	8.1061e-008	8.5313e-008	8.7336e-008	8.9716e-008	9.1529e-008	9.3295e-008	9.5419e-008	9.6474e-008	9.6317e-008	9.5436e-008	9.451e-008	9.4169e-008	9.3498e-008	9.2652e-008	9.1131e-008	8.9599e-008	8.7601e-008	8.5876e-008	8.436e-008	8.2267e-008	8.0375e-008	7.8469e-008	7.5889e-008	7.5084e-008	7.3838e-008	7.257e-008	6.9475e-008	6.6888e-008	6.6288e-008	6.1799e-008	6.1147e-008	5.772e-008	5.3755e-008	5.0954e-008	4.9589e-008	4.812e-008	4.7052e-008	4.4095e-008	4.1611e-008	4.0434e-008	3.8413e-008	3.5584e-008	3.2945e-008	3.1262e-008	2.7112e-008	2.3521e-008	2.2173e-008	1.9924e-008	1.8392e-008	1.5608e-008	1.3469e-008	1.1721e-008	1.0628e-008	1.0352e-008	1.0484e-008	9.8755e-009	9.6529e-009	9.6527e-009	9.6394e-009	9.4755e-009	9.6761e-009	9.7232e-009	9.7277e-009	9.5409e-009	9.8017e-009	9.9388e-009	1.0364e-008	1.0816e-008	1.2775e-008	1.5254e-008	1.8898e-008	2.4115e-008	3.1556e-008	3.8116e-008	4.6927e-008	5.5059e-008	5.9731e-008	6.5331e-008	7.2712e-008	8.1136e-008	8.5334e-008	8.8551e-008	9.0438e-008	9.3331e-008	9.5194e-008	9.745e-008	9.9693e-008	1.0061e-007	1.0131e-007	1.0243e-007	1.0152e-007	1.0034e-007	9.8413e-008	9.6247e-008	9.3726e-008	9.192e-008	9.0819e-008	8.8506e-008	8.6358e-008	8.4254e-008	8.271e-008	8.0541e-008	7.8918e-008	7.6776e-008	7.3765e-008	7.1443e-008	6.8392e-008	6.7113e-008	6.3171e-008	5.7973e-008	5.7637e-008	5.4604e-008	4.7866e-008	4.7835e-008	4.5498e-008	4.3283e-008	4.1824e-008	4.0423e-008	3.3866e-008	3.2932e-008	3.0919e-008	2.8155e-008	2.522e-008	2.319e-008	2.0633e-008	1.8343e-008	1.5386e-008	1.3798e-008	1.1829e-008	9.7908e-009	9.2954e-009	8.8364e-009	8.1856e-009	8.1567e-009	8.0145e-009	8.5029e-009	8.4189e-009	7.8739e-009	7.9515e-009	7.9768e-009	8.1067e-009	8.0902e-009	8.7938e-009	9.01e-009	9.8404e-009	1.1164e-008	1.2848e-008	1.5345e-008	1.8555e-008	2.1762e-008	2.5774e-008	2.9954e-008	3.5533e-008	4.1486e-008	4.6619e-008	5.3363e-008	5.8978e-008	6.4759e-008	7.0967e-008	7.7403e-008	8.0138e-008	8.4331e-008	8.6466e-008	8.9619e-008	9.156e-008	9.3772e-008	9.5248e-008	9.5983e-008	9.6693e-008	9.7213e-008	9.6382e-008	9.7163e-008	9.6516e-008	9.4153e-008	9.1915e-008	9.0216e-008	8.8975e-008	8.7239e-008	8.6393e-008	8.4112e-008	8.2737e-008	7.7983e-008	7.5795e-008	7.3765e-008	7.2182e-008	7.0157e-008	6.8914e-008	6.6181e-008	6.5107e-008	6.2927e-008	6.0311e-008	5.7874e-008	5.3761e-008	5.0942e-008	4.9222e-008	4.6607e-008	4.4987e-008	4.3832e-008	4.2224e-008	3.7989e-008	3.5448e-008	3.3097e-008	3.1713e-008	2.8496e-008	2.6628e-008	2.4978e-008	2.2919e-008	2.0277e-008	1.8365e-008	1.777e-008	1.6653e-008	1.4918e-008	1.3733e-008	1.2383e-008	1.0837e-008	1.0521e-008	9.3977e-009	8.2876e-009	7.7285e-009	8.1486e-009	8.1091e-009	8.0673e-009	7.7318e-009	7.5602e-009	7.0115e-009	8.1972e-009	9.0947e-009	1.1321e-008	1.3224e-008	1.581e-008	1.8402e-008	2.4815e-008	2.909e-008	3.56e-008	4.1905e-008	4.7659e-008	5.2784e-008	5.7835e-008	6.4593e-008	7.1469e-008	7.6172e-008	8.0771e-008	8.6736e-008	8.8667e-008	8.9647e-008	9.0714e-008	9.2241e-008	9.2928e-008	9.4185e-008	9.443e-008	9.3797e-008	9.2931e-008	9.232e-008	9.2352e-008	9.0362e-008	8.7258e-008	8.5068e-008	8.4165e-008	8.2125e-008	8.1203e-008	7.9409e-008	7.6999e-008	7.296e-008	7.2101e-008	7.012e-008	6.7152e-008	6.6191e-008	6.3804e-008	6.1668e-008	5.9381e-008	5.819e-008	5.5321e-008	5.3785e-008	5.1671e-008	4.8244e-008	4.6725e-008	4.4603e-008	4.1212e-008	3.8127e-008	3.6351e-008	3.5306e-008	3.2032e-008	3.0133e-008	2.876e-008	2.6914e-008	2.4404e-008	2.0983e-008	1.8826e-008	1.5434e-008	1.4062e-008	1.1921e-008	1.0279e-008	8.3777e-009	7.5082e-009	6.9874e-009	6.7039e-009	6.7013e-009	7.1705e-009	7.4047e-009	6.5333e-009	6.779e-009	6.6642e-009	6.3347e-009	6.202e-009	6.1749e-009	6.7149e-009	7.0618e-009	7.7514e-009	9.3957e-009	1.1683e-008	1.4695e-008	2.0008e-008	2.6671e-008	3.2829e-008	4.0301e-008	4.8583e-008	5.6332e-008	6.3279e-008	6.7728e-008	7.1915e-008	7.5212e-008	8.1431e-008	8.3862e-008	8.6862e-008	8.9452e-008	9.2281e-008	9.3845e-008	9.4187e-008	9.6071e-008	9.6038e-008	9.5444e-008	9.3432e-008	9.2221e-008	9.1455e-008	9.0114e-008	8.8709e-008	8.7429e-008	8.6001e-008	8.2246e-008	8.0872e-008	7.6249e-008	7.5247e-008	7.2967e-008	7.113e-008	6.963e-008	6.8458e-008	6.7341e-008	6.5506e-008	6.2987e-008	6.1574e-008	5.8374e-008	5.5896e-008	5.3425e-008	5.1713e-008	4.9343e-008	4.6004e-008	4.1766e-008	3.9766e-008	3.8345e-008	3.605e-008	3.3204e-008	3.0441e-008	2.9072e-008	2.6442e-008	2.4941e-008	2.2813e-008	1.9948e-008	1.7415e-008	1.5726e-008	1.41e-008	1.168e-008	1.0174e-008	8.7346e-009	7.9171e-009	7.4784e-009	6.6273e-009	6.2342e-009	6.231e-009	5.6838e-009	6.1214e-009	6.2303e-009	6.1604e-009	6.1788e-009	6.1757e-009	6.3917e-009	6.3921e-009	6.9464e-009	7.871e-009	9.8692e-009	1.2733e-008	1.6598e-008	2.0118e-008	2.4322e-008	3.0608e-008	3.8017e-008	4.3646e-008	4.9474e-008	5.7025e-008	6.3839e-008	6.9503e-008	7.4842e-008	8.0404e-008	8.4289e-008	8.658e-008	8.8825e-008	9.1816e-008	9.3884e-008	9.5236e-008	9.5486e-008	9.5576e-008	9.5825e-008	9.5199e-008	9.4694e-008	9.4292e-008	9.2859e-008	9.15e-008	8.9711e-008	8.8164e-008	8.6913e-008	8.6407e-008	8.4673e-008	8.1363e-008	7.992e-008	7.7347e-008	7.4845e-008	7.4221e-008	7.1611e-008	6.7302e-008	6.4179e-008	6.2664e-008	6.1457e-008	5.9272e-008	5.8049e-008	5.4249e-008	5.1461e-008	4.8923e-008	4.6386e-008	4.4235e-008	4.227e-008	4.0529e-008	3.798e-008	3.6473e-008
9.4674e-008	9.4138e-008	9.3889e-008	9.3622e-008	9.1765e-008	8.9587e-008	8.7742e-008	8.6712e-008	8.5355e-008	8.4172e-008	8.2547e-008	8.1422e-008	7.8456e-008	7.6566e-008	7.4651e-008	7.1168e-008	6.9571e-008	6.7622e-008	6.4639e-008	6.2646e-008	5.7815e-008	5.6538e-008	5.3865e-008	5.0244e-008	4.7697e-008	4.6095e-008	4.4461e-008	4.0822e-008	3.918e-008	3.6713e-008	3.5086e-008	3.238e-008	3.0508e-008	2.8619e-008	2.549e-008	2.3794e-008	2.1524e-008	1.953e-008	1.7663e-008	1.5622e-008	1.3578e-008	1.1882e-008	1.0739e-008	9.9537e-009	9.6562e-009	9.3788e-009	9.0951e-009	9.1133e-009	9.0438e-009	9.2683e-009	9.6384e-009	9.8225e-009	9.7735e-009	1.0208e-008	1.0352e-008	1.0739e-008	1.1163e-008	1.3117e-008	1.5505e-008	1.8287e-008	2.1675e-008	2.7796e-008	3.0608e-008	3.6913e-008	4.4016e-008	5.1527e-008	5.8235e-008	6.4243e-008	7.0622e-008	7.6252e-008	8.0546e-008	8.3886e-008	8.6528e-008	8.8631e-008	9.0485e-008	9.1861e-008	9.383e-008	9.4514e-008	9.4697e-008	9.451e-008	9.3485e-008	9.3427e-008	9.1859e-008	9.1425e-008	9.0679e-008	8.9281e-008	8.7772e-008	8.5505e-008	8.3987e-008	8.1934e-008	8.0381e-008	7.9225e-008	7.6532e-008	7.3563e-008	7.239e-008	7.0779e-008	6.8882e-008	6.601e-008	6.476e-008	6.2574e-008	6.0348e-008	5.7774e-008	5.4556e-008	5.1717e-008	4.8951e-008	4.7011e-008	4.5784e-008	4.3089e-008	4.1082e-008	3.9314e-008	3.6931e-008	3.4943e-008	3.2808e-008	3.075e-008	2.8846e-008	2.5633e-008	2.1854e-008	1.9817e-008	1.7933e-008	1.5493e-008	1.3741e-008	1.2056e-008	9.9628e-009	9.324e-009	9.9012e-009	9.4093e-009	9.7138e-009	9.0827e-009	9.0237e-009	9.9334e-009	9.754e-009	9.571e-009	9.5393e-009	9.4223e-009	9.4273e-009	9.0951e-009	9.9342e-009	1.079e-008	1.233e-008	1.5134e-008	1.9025e-008	2.488e-008	3.0477e-008	3.7207e-008	4.6597e-008	5.4226e-008	5.9695e-008	6.5109e-008	7.1769e-008	8.1761e-008	8.6337e-008	8.8786e-008	9.0207e-008	9.3342e-008	9.522e-008	9.7496e-008	9.9523e-008	1.0021e-007	1.0121e-007	1.0144e-007	1.0074e-007	9.9329e-008	9.8026e-008	9.5339e-008	9.3045e-008	9.1545e-008	8.9392e-008	8.7258e-008	8.5541e-008	8.3507e-008	8.2553e-008	7.9972e-008	7.8332e-008	7.667e-008	7.3347e-008	7.1307e-008	6.9444e-008	6.6667e-008	6.3362e-008	5.8757e-008	5.6921e-008	5.5295e-008	5.2612e-008	4.9838e-008	4.6735e-008	4.3839e-008	4.1536e-008	4.027e-008	3.6876e-008	3.3163e-008	3.0386e-008	2.8537e-008	2.6323e-008	2.2868e-008	2.0769e-008	1.9291e-008	1.6482e-008	1.4666e-008	1.27e-008	1.0611e-008	9.8478e-009	9.1759e-009	9.0536e-009	8.388e-009	8.0964e-009	8.544e-009	8.1703e-009	7.6383e-009	7.7053e-009	7.9999e-009	8.5031e-009	8.3408e-009	8.7081e-009	9.1386e-009	9.472e-009	1.1307e-008	1.2785e-008	1.5511e-008	1.8142e-008	2.1939e-008	2.5591e-008	3.0248e-008	3.5967e-008	4.1611e-008	4.6753e-008	5.163e-008	5.8517e-008	6.4793e-008	7.0713e-008	7.5635e-008	8.0608e-008	8.3956e-008	8.673e-008	8.9389e-008	9.2011e-008	9.4183e-008	9.5289e-008	9.6773e-008	9.7387e-008	9.798e-008	9.7911e-008	9.8168e-008	9.7545e-008	9.5966e-008	9.3159e-008	9.1362e-008	8.8565e-008	8.7319e-008	8.6657e-008	8.4975e-008	8.0251e-008	7.7654e-008	7.5723e-008	7.3777e-008	7.1805e-008	6.9865e-008	6.779e-008	6.55e-008	6.497e-008	6.2956e-008	6.0466e-008	5.6522e-008	5.4389e-008	5.1609e-008	4.9403e-008	4.7336e-008	4.5008e-008	4.3739e-008	4.037e-008	3.8158e-008	3.5305e-008	3.3423e-008	3.2279e-008	2.9091e-008	2.6485e-008	2.5035e-008	2.3461e-008	2.2007e-008	1.892e-008	1.8133e-008	1.704e-008	1.5218e-008	1.4128e-008	1.3458e-008	1.1831e-008	1.0956e-008	9.7731e-009	9.4424e-009	9.4144e-009	8.8782e-009	8.511e-009	9.0469e-009	8.2613e-009	7.9441e-009	7.6413e-009	8.4226e-009	9.6653e-009	1.1476e-008	1.4475e-008	1.647e-008	1.9291e-008	2.4414e-008	2.8627e-008	3.3687e-008	4.1635e-008	4.6521e-008	5.222e-008	5.8748e-008	6.453e-008	7.0287e-008	7.6217e-008	8.1055e-008	8.5058e-008	8.6985e-008	8.854e-008	8.9974e-008	9.2588e-008	9.4009e-008	9.4718e-008	9.4434e-008	9.359e-008	9.3404e-008	9.2765e-008	9.228e-008	9.072e-008	8.7856e-008	8.5212e-008	8.3751e-008	8.2118e-008	8.1261e-008	7.8593e-008	7.6978e-008	7.4159e-008	7.2367e-008	6.8096e-008	6.7655e-008	6.7103e-008	6.4065e-008	6.3592e-008	6.2289e-008	5.9373e-008	5.6242e-008	5.3941e-008	4.9651e-008	4.8135e-008	4.6988e-008	4.4956e-008	4.2852e-008	4.0123e-008	3.723e-008	3.59e-008	3.3003e-008	3.0408e-008	2.9244e-008	2.6891e-008	2.4814e-008	2.134e-008	1.9251e-008	1.568e-008	1.5022e-008	1.2834e-008	9.8416e-009	8.6086e-009	7.4296e-009	6.4769e-009	6.6128e-009	6.9555e-009	7.1215e-009	7.0897e-009	6.6356e-009	6.9109e-009	7.2212e-009	6.9209e-009	6.9767e-009	7.3493e-009	7.2619e-009	7.1142e-009	7.8768e-009	9.4081e-009	1.1483e-008	1.5027e-008	2.0673e-008	2.7185e-008	3.3663e-008	4.2331e-008	4.935e-008	5.5475e-008	6.2263e-008	6.9148e-008	7.2707e-008	7.6598e-008	8.0406e-008	8.4744e-008	8.7048e-008	8.856e-008	9.1203e-008	9.3512e-008	9.4326e-008	9.4786e-008	9.5153e-008	9.477e-008	9.3644e-008	9.2629e-008	9.192e-008	9.0483e-008	8.874e-008	8.7339e-008	8.5621e-008	8.1801e-008	7.9112e-008	7.7579e-008	7.618e-008	7.4127e-008	7.1357e-008	7.0003e-008	6.8347e-008	6.6549e-008	6.524e-008	6.3927e-008	6.2109e-008	5.6349e-008	5.532e-008	5.3327e-008	5.036e-008	4.9093e-008	4.57e-008	4.4052e-008	4.0129e-008	3.8137e-008	3.5671e-008	3.3317e-008	3.142e-008	3.0196e-008	2.7445e-008	2.4222e-008	2.2953e-008	2.1205e-008	1.802e-008	1.5449e-008	1.3647e-008	1.157e-008	1.0424e-008	9.5666e-009	8.4786e-009	7.5097e-009	6.9056e-009	6.7037e-009	6.5081e-009	6.613e-009	6.3813e-009	6.2331e-009	6.0696e-009	6.2482e-009	6.3747e-009	6.8811e-009	6.8306e-009	7.2958e-009	7.8832e-009	9.6202e-009	1.2201e-008	1.6346e-008	2.0457e-008	2.4183e-008	3.0633e-008	3.9152e-008	4.5641e-008	4.9581e-008	5.584e-008	6.4897e-008	7.0311e-008	7.459e-008	7.8849e-008	8.1949e-008	8.635e-008	8.8993e-008	9.1723e-008	9.4546e-008	9.5132e-008	9.5684e-008	9.6677e-008	9.6586e-008	9.6301e-008	9.5038e-008	9.6081e-008	9.5326e-008	9.2644e-008	8.9841e-008	8.8368e-008	8.737e-008	8.5975e-008	8.4111e-008	8.1935e-008	8.0107e-008	7.8524e-008	7.6222e-008	7.3783e-008	7.1186e-008	6.7856e-008	6.542e-008	6.4338e-008	6.1642e-008	5.9795e-008	5.7804e-008	5.4097e-008	5.1062e-008	4.8763e-008	4.6913e-008	4.4141e-008	4.0995e-008	3.9919e-008	3.7277e-008	3.5983e-008
9.4442e-008	9.4713e-008	9.4273e-008	9.314e-008	9.1278e-008	8.9225e-008	8.7328e-008	8.6352e-008	8.596e-008	8.3972e-008	8.2598e-008	8.1387e-008	7.7831e-008	7.6161e-008	7.5395e-008	7.1484e-008	6.9932e-008	6.7996e-008	6.5338e-008	6.3608e-008	6.1763e-008	5.7107e-008	5.2981e-008	5.0634e-008	4.8142e-008	4.5876e-008	4.4104e-008	4.2149e-008	3.8592e-008	3.7243e-008	3.494e-008	3.2163e-008	3.0467e-008	2.8253e-008	2.5639e-008	2.3532e-008	2.1837e-008	1.8877e-008	1.714e-008	1.5205e-008	1.3616e-008	1.1676e-008	1.0302e-008	1.0047e-008	9.6715e-009	9.4964e-009	8.9624e-009	8.6464e-009	8.849e-009	9.1017e-009	9.0339e-009	9.2682e-009	9.1321e-009	9.4998e-009	9.8718e-009	1.0092e-008	1.0861e-008	1.3218e-008	1.5491e-008	1.826e-008	2.1649e-008	2.737e-008	3.0928e-008	3.7608e-008	4.543e-008	5.1433e-008	5.6675e-008	6.4187e-008	6.9285e-008	7.3239e-008	7.7807e-008	8.2579e-008	8.5344e-008	8.7528e-008	8.9412e-008	9.0587e-008	9.2232e-008	9.3323e-008	9.3921e-008	9.369e-008	9.3036e-008	9.2438e-008	9.176e-008	9.1299e-008	8.9823e-008	8.8745e-008	8.7628e-008	8.6131e-008	8.4023e-008	8.1371e-008	7.9726e-008	7.8309e-008	7.5781e-008	7.4341e-008	7.29e-008	7.0353e-008	6.8262e-008	6.5892e-008	6.4157e-008	6.1857e-008	6.0579e-008	5.7558e-008	5.4489e-008	5.1249e-008	4.821e-008	4.6085e-008	4.4631e-008	4.2709e-008	4.0433e-008	3.83e-008	3.6759e-008	3.509e-008	3.2317e-008	2.9924e-008	2.8263e-008	2.3813e-008	2.1658e-008	1.9044e-008	1.7327e-008	1.581e-008	1.4236e-008	1.2257e-008	9.9924e-009	9.6108e-009	9.5547e-009	9.3823e-009	9.3378e-009	9.7977e-009	8.9395e-009	9.3477e-009	8.9369e-009	8.8449e-009	8.9934e-009	8.5201e-009	8.3308e-009	8.7924e-009	9.3417e-009	1.0376e-008	1.1619e-008	1.4302e-008	1.8344e-008	2.4494e-008	3.0266e-008	3.6248e-008	4.5196e-008	5.3136e-008	6.071e-008	6.5591e-008	7.343e-008	8.1683e-008	8.4177e-008	8.6669e-008	9.02e-008	9.3212e-008	9.4906e-008	9.7309e-008	9.8662e-008	9.9565e-008	9.9635e-008	9.9903e-008	9.9221e-008	9.8034e-008	9.6375e-008	9.443e-008	9.2557e-008	9.0102e-008	8.8219e-008	8.6942e-008	8.5183e-008	8.3847e-008	8.1914e-008	7.9729e-008	7.7245e-008	7.5372e-008	7.2161e-008	7.0688e-008	6.8874e-008	6.6486e-008	6.492e-008	6.2777e-008	5.7206e-008	5.5117e-008	5.2478e-008	5.0139e-008	4.6349e-008	4.3177e-008	4.1195e-008	3.9553e-008	3.5799e-008	3.3493e-008	2.9804e-008	2.8069e-008	2.5572e-008	2.364e-008	2.0347e-008	1.8909e-008	1.6715e-008	1.374e-008	1.1776e-008	1.004e-008	9.1833e-009	8.8199e-009	8.8013e-009	8.1628e-009	7.9112e-009	8.1131e-009	7.3214e-009	7.3207e-009	7.3233e-009	7.6661e-009	8.0458e-009	8.2318e-009	8.0432e-009	8.0912e-009	8.8516e-009	1.0257e-008	1.3124e-008	1.5566e-008	1.8523e-008	2.1967e-008	2.5491e-008	3.0096e-008	3.6616e-008	4.3183e-008	4.6958e-008	5.061e-008	5.7918e-008	6.4849e-008	7.0946e-008	7.5483e-008	7.9735e-008	8.216e-008	8.6038e-008	8.8648e-008	9.0698e-008	9.3765e-008	9.5666e-008	9.6874e-008	9.6991e-008	9.7229e-008	9.765e-008	9.7515e-008	9.6464e-008	9.5503e-008	9.3079e-008	9.0655e-008	8.8697e-008	8.7286e-008	8.5668e-008	8.4155e-008	8.0426e-008	7.832e-008	7.5479e-008	7.3035e-008	7.1558e-008	6.9728e-008	6.7796e-008	6.554e-008	6.3363e-008	6.1939e-008	6.0311e-008	5.7907e-008	5.4288e-008	5.1877e-008	4.8522e-008	4.7014e-008	4.4287e-008	4.2719e-008	3.9596e-008	3.7238e-008	3.4614e-008	3.3338e-008	3.164e-008	2.9299e-008	2.725e-008	2.5121e-008	2.3225e-008	2.1526e-008	1.9994e-008	1.8601e-008	1.6746e-008	1.5736e-008	1.4074e-008	1.3116e-008	1.2778e-008	1.1075e-008	1.047e-008	1.0289e-008	9.99e-009	9.582e-009	9.3317e-009	8.4601e-009	7.5542e-009	7.167e-009	7.4047e-009	7.5757e-009	8.9835e-009	1.1369e-008	1.4088e-008	1.6036e-008	1.8263e-008	2.2327e-008	2.7852e-008	3.3191e-008	4.0365e-008	4.5912e-008	5.2587e-008	5.7857e-008	6.3886e-008	7.0335e-008	7.5954e-008	7.984e-008	8.2557e-008	8.5386e-008	8.6857e-008	8.8857e-008	9.1225e-008	9.2859e-008	9.3812e-008	9.3551e-008	9.27e-008	9.214e-008	9.1626e-008	9.0961e-008	8.9051e-008	8.6732e-008	8.4728e-008	8.2701e-008	8.1342e-008	7.9854e-008	7.78e-008	7.5634e-008	7.3109e-008	7.11e-008	6.927e-008	6.6786e-008	6.5945e-008	6.395e-008	6.3266e-008	6.1904e-008	5.9444e-008	5.6078e-008	5.3025e-008	5.0315e-008	4.765e-008	4.6246e-008	4.486e-008	4.2047e-008	4.0256e-008	3.6034e-008	3.5176e-008	3.2508e-008	2.98e-008	2.8095e-008	2.6458e-008	2.4054e-008	2.0801e-008	1.8563e-008	1.5845e-008	1.4149e-008	1.0901e-008	8.7513e-009	7.1126e-009	5.9463e-009	5.8086e-009	5.6216e-009	5.3384e-009	4.7822e-009	5.0692e-009	5.7795e-009	6.3634e-009	5.7466e-009	5.6628e-009	6.0307e-009	6.3637e-009	6.5521e-009	6.2861e-009	7.001e-009	8.9028e-009	1.1679e-008	1.5214e-008	2.0621e-008	2.6783e-008	3.359e-008	4.2594e-008	4.9289e-008	5.5829e-008	6.1708e-008	6.7908e-008	7.1965e-008	7.6869e-008	7.9681e-008	8.264e-008	8.5472e-008	8.6805e-008	8.9439e-008	9.1635e-008	9.188e-008	9.2168e-008	9.3067e-008	9.3413e-008	9.2208e-008	9.1577e-008	9.0215e-008	8.8995e-008	8.7415e-008	8.563e-008	8.3235e-008	8.0609e-008	7.9143e-008	7.5367e-008	7.4647e-008	7.3767e-008	7.2186e-008	6.9293e-008	6.6989e-008	6.4894e-008	6.3289e-008	6.1909e-008	5.9513e-008	5.708e-008	5.4506e-008	5.2374e-008	4.9674e-008	4.6986e-008	4.431e-008	4.2701e-008	4.0614e-008	3.7958e-008	3.5665e-008	3.2178e-008	3.0533e-008	2.8814e-008	2.625e-008	2.4025e-008	2.2382e-008	2.0462e-008	1.712e-008	1.4706e-008	1.2693e-008	1.0744e-008	9.2867e-009	8.1766e-009	7.0456e-009	6.3303e-009	5.5766e-009	5.3017e-009	5.1156e-009	4.8675e-009	4.6463e-009	4.5983e-009	4.3695e-009	4.5865e-009	5.0607e-009	5.1718e-009	5.4628e-009	5.6219e-009	6.2808e-009	8.3767e-009	1.0769e-008	1.5991e-008	1.9829e-008	2.3637e-008	3.0638e-008	3.7392e-008	4.482e-008	4.9081e-008	5.4785e-008	6.3793e-008	6.9715e-008	7.2337e-008	7.6525e-008	8.0283e-008	8.4404e-008	8.7986e-008	9.0446e-008	9.2081e-008	9.3892e-008	9.504e-008	9.5513e-008	9.5931e-008	9.6165e-008	9.4862e-008	9.4824e-008	9.3009e-008	9.0896e-008	8.8988e-008	8.8037e-008	8.624e-008	8.4769e-008	8.2535e-008	8.093e-008	7.9287e-008	7.7547e-008	7.5207e-008	7.2241e-008	6.9815e-008	6.7525e-008	6.5153e-008	6.3554e-008	6.2398e-008	5.9794e-008	5.5804e-008	5.27e-008	5.0466e-008	4.7247e-008	4.6604e-008	4.4982e-008	4.164e-008	3.7767e-008	3.5197e-008	3.3381e-008
9.5697e-008	9.5224e-008	9.4411e-008	9.318e-008	9.0807e-008	8.9095e-008	8.8078e-008	8.6973e-008	8.593e-008	8.479e-008	8.324e-008	8.1157e-008	7.8452e-008	7.6555e-008	7.5096e-008	7.1216e-008	7.0229e-008	6.8792e-008	6.6335e-008	6.3291e-008	5.9206e-008	5.745e-008	5.3942e-008	5.137e-008	4.8637e-008	4.5866e-008	4.443e-008	4.2339e-008	3.9572e-008	3.8138e-008	3.5268e-008	3.2869e-008	3.0858e-008	2.9529e-008	2.5731e-008	2.4463e-008	2.1825e-008	1.9165e-008	1.7295e-008	1.5228e-008	1.3284e-008	1.1201e-008	1.0385e-008	9.6544e-009	9.6583e-009	9.8272e-009	9.2167e-009	9.1578e-009	9.1038e-009	9.3441e-009	9.5141e-009	9.4971e-009	9.1093e-009	9.591e-009	9.5645e-009	1.071e-008	1.1702e-008	1.3282e-008	1.5691e-008	1.8716e-008	2.1063e-008	2.6254e-008	3.152e-008	3.7775e-008	4.3232e-008	5.1053e-008	5.7686e-008	6.4393e-008	7.0106e-008	7.4323e-008	7.9051e-008	8.1817e-008	8.4924e-008	8.697e-008	8.9376e-008	9.1452e-008	9.2963e-008	9.4233e-008	9.4703e-008	9.4275e-008	9.3425e-008	9.2088e-008	9.161e-008	9.1173e-008	8.9639e-008	8.8719e-008	8.7982e-008	8.5617e-008	8.4712e-008	8.2769e-008	7.9397e-008	7.7874e-008	7.5882e-008	7.4758e-008	7.3116e-008	7.1409e-008	6.8427e-008	6.6005e-008	6.437e-008	6.259e-008	6.147e-008	5.7917e-008	5.4949e-008	5.232e-008	4.7914e-008	4.6805e-008	4.5323e-008	4.2833e-008	4.0936e-008	3.9654e-008	3.6676e-008	3.5169e-008	3.1819e-008	3.0291e-008	2.7008e-008	2.3482e-008	2.1736e-008	1.9885e-008	1.8152e-008	1.6568e-008	1.4601e-008	1.336e-008	1.1061e-008	1.0187e-008	1.0055e-008	1.0045e-008	9.9138e-009	1.0156e-008	9.4386e-009	9.344e-009	9.3632e-009	9.6602e-009	9.3833e-009	8.9118e-009	8.2769e-009	9.8015e-009	1.0318e-008	1.0967e-008	1.3348e-008	1.6079e-008	1.9988e-008	2.5466e-008	2.9769e-008	3.6846e-008	4.3567e-008	5.3109e-008	5.7971e-008	6.6633e-008	7.3634e-008	7.9327e-008	8.5036e-008	8.7969e-008	9.1067e-008	9.3615e-008	9.5213e-008	9.7334e-008	9.8665e-008	9.9677e-008	9.9675e-008	9.9834e-008	9.9378e-008	9.7963e-008	9.6332e-008	9.5018e-008	9.2972e-008	9.0589e-008	8.8692e-008	8.7306e-008	8.5313e-008	8.374e-008	8.2252e-008	8.0091e-008	7.7575e-008	7.5695e-008	7.3695e-008	7.1148e-008	6.8733e-008	6.6556e-008	6.4695e-008	6.2648e-008	5.9811e-008	5.6146e-008	5.0509e-008	5.0589e-008	4.8128e-008	4.4786e-008	4.1987e-008	3.983e-008	3.6841e-008	3.4716e-008	3.2363e-008	2.909e-008	2.7207e-008	2.3735e-008	2.1522e-008	1.9665e-008	1.658e-008	1.4614e-008	1.2126e-008	1.0744e-008	9.8476e-009	9.5739e-009	9.0918e-009	8.9984e-009	8.7606e-009	8.6526e-009	8.5635e-009	8.4258e-009	8.5182e-009	8.4577e-009	8.7899e-009	8.516e-009	8.5429e-009	8.5303e-009	9.4962e-009	1.1134e-008	1.3897e-008	1.6758e-008	1.9823e-008	2.3478e-008	2.5991e-008	3.0723e-008	3.7412e-008	4.4167e-008	4.802e-008	5.1359e-008	5.8391e-008	6.6014e-008	7.0735e-008	7.6585e-008	7.9805e-008	8.4183e-008	8.6663e-008	8.9004e-008	9.1986e-008	9.4731e-008	9.6949e-008	9.8157e-008	9.7843e-008	9.8156e-008	9.8606e-008	9.7545e-008	9.6375e-008	9.5596e-008	9.4157e-008	9.2317e-008	9.134e-008	8.9499e-008	8.7617e-008	8.4802e-008	8.152e-008	7.9128e-008	7.5611e-008	7.3887e-008	7.1639e-008	6.9525e-008	6.733e-008	6.5102e-008	6.3792e-008	6.2604e-008	6.056e-008	5.7976e-008	5.5578e-008	5.3129e-008	5.0203e-008	4.7767e-008	4.5698e-008	4.306e-008	3.8972e-008	3.8181e-008	3.6782e-008	3.3705e-008	3.2218e-008	3.0307e-008	2.7576e-008	2.5545e-008	2.4137e-008	2.1999e-008	2.0431e-008	1.9476e-008	1.7747e-008	1.6722e-008	1.5895e-008	1.5327e-008	1.3599e-008	1.2744e-008	1.2843e-008	1.2302e-008	1.1243e-008	1.0712e-008	1.0064e-008	9.0457e-009	8.5147e-009	8.045e-009	8.1701e-009	8.8517e-009	1.0676e-008	1.249e-008	1.5367e-008	1.7417e-008	1.9758e-008	2.2664e-008	2.8878e-008	3.4674e-008	4.0416e-008	4.7817e-008	5.6466e-008	6.045e-008	6.4951e-008	6.9426e-008	7.5782e-008	7.968e-008	8.3908e-008	8.6539e-008	8.7541e-008	8.9856e-008	9.235e-008	9.3496e-008	9.4516e-008	9.3975e-008	9.2915e-008	9.2505e-008	9.1946e-008	9.1161e-008	8.965e-008	8.7628e-008	8.5047e-008	8.3337e-008	8.1585e-008	8.0391e-008	7.7998e-008	7.6495e-008	7.4131e-008	7.2258e-008	7.0025e-008	6.7991e-008	6.5734e-008	6.4508e-008	6.3631e-008	6.2477e-008	6.0284e-008	5.7788e-008	5.4597e-008	5.2025e-008	4.9703e-008	4.7722e-008	4.6221e-008	4.2518e-008	4.032e-008	3.7989e-008	3.5877e-008	3.3449e-008	3.114e-008	2.9377e-008	2.7172e-008	2.4534e-008	2.1294e-008	1.9224e-008	1.6719e-008	1.5253e-008	1.2029e-008	9.678e-009	7.5027e-009	7.0207e-009	6.6528e-009	6.4051e-009	5.9876e-009	5.97e-009	6.3309e-009	6.5826e-009	6.496e-009	6.3951e-009	6.7613e-009	7.2637e-009	7.0541e-009	6.961e-009	6.7856e-009	8.0422e-009	1.05e-008	1.2914e-008	1.7142e-008	2.258e-008	2.8141e-008	3.571e-008	4.3999e-008	5.1168e-008	5.702e-008	6.3448e-008	6.752e-008	7.1384e-008	7.7305e-008	8.0722e-008	8.2967e-008	8.5172e-008	8.7222e-008	8.9127e-008	9.0406e-008	9.1816e-008	9.287e-008	9.2919e-008	9.3609e-008	9.2052e-008	9.1476e-008	9.0488e-008	8.9046e-008	8.7205e-008	8.5191e-008	8.2374e-008	8.1547e-008	8.0738e-008	7.8081e-008	7.5771e-008	7.4519e-008	7.2706e-008	7.0171e-008	6.7304e-008	6.5815e-008	6.3575e-008	6.2008e-008	5.864e-008	5.5584e-008	5.4159e-008	5.2575e-008	4.9548e-008	4.7088e-008	4.4094e-008	4.3902e-008	4.2257e-008	3.8895e-008	3.6155e-008	3.3297e-008	3.1093e-008	2.8916e-008	2.7417e-008	2.498e-008	2.288e-008	2.0758e-008	1.7851e-008	1.6365e-008	1.3517e-008	1.2077e-008	9.8931e-009	8.4898e-009	7.2211e-009	6.4174e-009	6.0602e-009	6.0989e-009	6.1105e-009	6.2348e-009	6.2191e-009	5.5308e-009	5.7407e-009	6.0445e-009	6.0435e-009	6.1022e-009	6.1389e-009	6.592e-009	7.4407e-009	9.1618e-009	1.2236e-008	1.5871e-008	2.1249e-008	2.4253e-008	2.9957e-008	3.7808e-008	4.4768e-008	4.9198e-008	5.5693e-008	6.3946e-008	6.9564e-008	7.3991e-008	7.7053e-008	8.0703e-008	8.3937e-008	8.7902e-008	9.0822e-008	9.2663e-008	9.4606e-008	9.5431e-008	9.601e-008	9.6629e-008	9.64e-008	9.5641e-008	9.5127e-008	9.3628e-008	9.1528e-008	9.0999e-008	8.9027e-008	8.7797e-008	8.5653e-008	8.2995e-008	8.1393e-008	7.9912e-008	7.7795e-008	7.5239e-008	7.338e-008	7.1161e-008	6.8755e-008	6.6674e-008	6.4765e-008	6.3763e-008	6.1897e-008	5.8314e-008	5.4139e-008	5.1441e-008	4.9015e-008	4.7376e-008	4.6504e-008	4.4948e-008	4.0361e-008	3.7131e-008	3.5704e-008
9.6337e-008	9.5542e-008	9.5083e-008	9.3153e-008	9.1068e-008	8.9653e-008	8.7855e-008	8.7322e-008	8.6124e-008	8.469e-008	8.2915e-008	8.087e-008	7.9194e-008	7.6299e-008	7.3984e-008	7.2523e-008	7.0174e-008	6.8368e-008	6.6316e-008	6.3509e-008	6.104e-008	5.8257e-008	5.4095e-008	5.161e-008	4.9449e-008	4.8108e-008	4.6177e-008	4.3318e-008	4.0806e-008	3.8184e-008	3.5893e-008	3.4519e-008	3.1834e-008	3.0384e-008	2.7404e-008	2.4666e-008	2.2699e-008	2.0017e-008	1.8124e-008	1.5256e-008	1.3435e-008	1.1433e-008	1.0526e-008	1.0038e-008	1.001e-008	9.7729e-009	9.9897e-009	9.7375e-009	9.6112e-009	9.5263e-009	1.0147e-008	9.673e-009	9.7751e-009	9.6385e-009	1.0298e-008	1.1237e-008	1.2036e-008	1.4146e-008	1.6521e-008	1.8976e-008	2.3031e-008	2.6502e-008	3.243e-008	3.7215e-008	4.6109e-008	5.0985e-008	5.7246e-008	6.4572e-008	7.0107e-008	7.4913e-008	7.988e-008	8.2177e-008	8.5244e-008	8.7578e-008	9.0054e-008	9.2114e-008	9.3506e-008	9.5279e-008	9.5635e-008	9.4919e-008	9.3623e-008	9.2424e-008	9.1697e-008	9.0955e-008	9.0286e-008	8.9236e-008	8.7098e-008	8.4845e-008	8.4169e-008	8.2089e-008	7.9216e-008	7.7703e-008	7.5919e-008	7.4541e-008	7.3208e-008	7.2134e-008	6.91e-008	6.6139e-008	6.3615e-008	6.2381e-008	5.7714e-008	5.7427e-008	5.5711e-008	5.15e-008	4.8591e-008	4.7037e-008	4.5019e-008	4.3381e-008	4.1627e-008	3.9081e-008	3.6594e-008	3.547e-008	3.3139e-008	2.985e-008	2.7828e-008	2.508e-008	2.2189e-008	2.0697e-008	1.859e-008	1.7016e-008	1.4696e-008	1.2741e-008	1.1235e-008	1.0367e-008	1.0487e-008	1.0221e-008	9.9176e-009	9.736e-009	9.4815e-009	9.5985e-009	9.9603e-009	9.9242e-009	9.3188e-009	9.0837e-009	9.2658e-009	1.0286e-008	1.0829e-008	1.1791e-008	1.4396e-008	1.7197e-008	2.0423e-008	2.5302e-008	3.1694e-008	3.5736e-008	4.4016e-008	5.1807e-008	5.9125e-008	6.6642e-008	7.4276e-008	7.8677e-008	8.4908e-008	8.8012e-008	9.1778e-008	9.4326e-008	9.6206e-008	9.7215e-008	9.811e-008	9.881e-008	9.9036e-008	9.9249e-008	9.8815e-008	9.7689e-008	9.6297e-008	9.5094e-008	9.2045e-008	9.0538e-008	8.8564e-008	8.7076e-008	8.5374e-008	8.4071e-008	8.251e-008	7.935e-008	7.6778e-008	7.4924e-008	7.3735e-008	7.0346e-008	6.8973e-008	6.6608e-008	6.4778e-008	6.2392e-008	5.9986e-008	5.6505e-008	5.3826e-008	4.7536e-008	4.6245e-008	4.4509e-008	4.2341e-008	3.9983e-008	3.7334e-008	3.4455e-008	3.271e-008	3.034e-008	2.7987e-008	2.4445e-008	2.2827e-008	1.9633e-008	1.7932e-008	1.4438e-008	1.2573e-008	1.0832e-008	9.817e-009	9.242e-009	8.8477e-009	9.0115e-009	8.5786e-009	8.8997e-009	8.4495e-009	8.4202e-009	8.9214e-009	9.0233e-009	9.0957e-009	8.9486e-009	8.4095e-009	8.6615e-009	9.7281e-009	1.1306e-008	1.3797e-008	1.6008e-008	2.045e-008	2.3808e-008	2.6789e-008	3.1731e-008	3.8226e-008	4.3942e-008	4.8683e-008	5.2353e-008	5.7802e-008	6.5772e-008	7.153e-008	7.71e-008	8.0327e-008	8.4927e-008	8.7102e-008	8.9153e-008	9.2125e-008	9.4494e-008	9.7158e-008	9.7633e-008	9.7373e-008	9.7831e-008	9.8164e-008	9.7509e-008	9.6085e-008	9.4693e-008	9.3767e-008	9.3089e-008	9.1802e-008	8.9457e-008	8.803e-008	8.4634e-008	8.1621e-008	7.9016e-008	7.6473e-008	7.3641e-008	7.0884e-008	6.922e-008	6.6431e-008	6.486e-008	6.3307e-008	6.2387e-008	6.0477e-008	5.852e-008	5.4566e-008	5.2683e-008	5.0591e-008	4.8609e-008	4.5808e-008	4.3409e-008	4.0605e-008	3.8593e-008	3.7547e-008	3.4878e-008	3.1655e-008	3.0481e-008	2.7548e-008	2.615e-008	2.4509e-008	2.2132e-008	2.1009e-008	2.0012e-008	1.8729e-008	1.7034e-008	1.6002e-008	1.521e-008	1.3899e-008	1.3249e-008	1.3212e-008	1.1952e-008	1.1475e-008	1.1487e-008	1.0037e-008	9.128e-009	8.7599e-009	8.5167e-009	8.7097e-009	9.1832e-009	1.0498e-008	1.2429e-008	1.5575e-008	1.7992e-008	2.0565e-008	2.3602e-008	2.8918e-008	3.466e-008	4.1943e-008	4.8736e-008	5.5554e-008	6.1568e-008	6.6102e-008	7.1225e-008	7.6116e-008	8.0512e-008	8.4329e-008	8.6767e-008	8.8914e-008	9.0429e-008	9.1954e-008	9.3167e-008	9.3724e-008	9.2842e-008	9.2612e-008	9.1976e-008	9.1554e-008	9.1347e-008	8.866e-008	8.7042e-008	8.5068e-008	8.3236e-008	8.1614e-008	8.1497e-008	7.9956e-008	7.6669e-008	7.3759e-008	7.176e-008	6.9676e-008	6.7385e-008	6.5711e-008	6.4308e-008	6.3508e-008	6.2348e-008	6.0303e-008	5.8444e-008	5.4771e-008	5.2227e-008	5.0115e-008	4.7541e-008	4.5841e-008	4.288e-008	4.051e-008	3.7731e-008	3.5858e-008	3.3698e-008	3.1648e-008	2.9931e-008	2.7235e-008	2.4603e-008	2.1401e-008	1.9458e-008	1.7525e-008	1.5096e-008	1.1465e-008	1.0217e-008	8.1232e-009	6.9368e-009	6.1428e-009	5.9724e-009	5.9288e-009	6.0599e-009	6.2963e-009	6.257e-009	5.9452e-009	5.9787e-009	6.299e-009	6.9058e-009	6.541e-009	6.6713e-009	7.3111e-009	8.725e-009	1.0907e-008	1.3376e-008	1.7141e-008	2.2428e-008	2.7565e-008	3.4793e-008	4.346e-008	5.1495e-008	5.7712e-008	6.39e-008	6.7549e-008	7.1807e-008	7.7116e-008	7.9793e-008	8.2454e-008	8.5186e-008	8.7637e-008	8.93e-008	9.0582e-008	9.2108e-008	9.3319e-008	9.3066e-008	9.231e-008	9.1727e-008	9.0484e-008	8.9664e-008	8.7645e-008	8.6219e-008	8.4514e-008	8.2658e-008	8.1464e-008	7.9929e-008	7.8222e-008	7.5972e-008	7.4745e-008	7.1925e-008	6.8756e-008	6.7503e-008	6.5808e-008	6.4471e-008	6.18e-008	5.7614e-008	5.5207e-008	5.3553e-008	5.0915e-008	4.8268e-008	4.7134e-008	4.5928e-008	4.4801e-008	4.2413e-008	3.847e-008	3.585e-008	3.364e-008	3.1117e-008	2.945e-008	2.8108e-008	2.4695e-008	2.3146e-008	2.085e-008	1.782e-008	1.6115e-008	1.3736e-008	1.1515e-008	9.8473e-009	8.4815e-009	6.9069e-009	6.5795e-009	6.4299e-009	6.2662e-009	6.3096e-009	7.0704e-009	6.0123e-009	5.5904e-009	5.8701e-009	6.1546e-009	6.159e-009	6.2895e-009	6.7277e-009	7.0317e-009	7.4466e-009	9.4354e-009	1.2164e-008	1.5596e-008	1.8963e-008	2.4308e-008	2.9296e-008	3.6505e-008	4.3399e-008	4.7994e-008	5.51e-008	6.284e-008	7.02e-008	7.456e-008	7.774e-008	8.1359e-008	8.4466e-008	8.8435e-008	9.0635e-008	9.2693e-008	9.4865e-008	9.5486e-008	9.5836e-008	9.5559e-008	9.6087e-008	9.5708e-008	9.4898e-008	9.3419e-008	9.1657e-008	9.1266e-008	8.916e-008	8.8025e-008	8.4471e-008	8.2822e-008	8.1017e-008	7.9004e-008	7.5793e-008	7.4192e-008	7.329e-008	7.1519e-008	6.9746e-008	6.7151e-008	6.4419e-008	6.3553e-008	6.0822e-008	5.6833e-008	5.3767e-008	5.2021e-008	4.9754e-008	4.7596e-008	4.6047e-008	4.3804e-008	4.072e-008	3.7195e-008	3.5833e-008
9.6536e-008	9.6328e-008	9.5898e-008	9.3867e-008	9.1371e-008	8.9381e-008	8.8019e-008	8.6277e-008	8.5523e-008	8.4341e-008	8.2585e-008	8.0296e-008	7.9105e-008	7.6936e-008	7.4191e-008	7.2234e-008	6.9546e-008	6.8308e-008	6.6854e-008	6.4046e-008	6.2139e-008	5.6317e-008	5.4908e-008	5.2874e-008	5.0399e-008	4.8667e-008	4.5865e-008	4.3597e-008	4.1155e-008	3.8366e-008	3.5885e-008	3.4924e-008	3.237e-008	2.8898e-008	2.8053e-008	2.5808e-008	2.2598e-008	2.026e-008	1.8933e-008	1.5441e-008	1.3674e-008	1.1963e-008	1.0731e-008	1.065e-008	1.0587e-008	1.0134e-008	1.0543e-008	1.0218e-008	1.007e-008	1.022e-008	1.0351e-008	9.6042e-009	9.8517e-009	1.0128e-008	1.0724e-008	1.1426e-008	1.2241e-008	1.4151e-008	1.6155e-008	1.9363e-008	2.4004e-008	2.8179e-008	3.29e-008	3.8874e-008	4.5206e-008	5.1698e-008	5.7785e-008	6.4679e-008	7.042e-008	7.617e-008	8.0146e-008	8.2414e-008	8.5488e-008	8.7906e-008	8.9758e-008	9.219e-008	9.4256e-008	9.6092e-008	9.614e-008	9.4944e-008	9.4139e-008	9.3306e-008	9.198e-008	9.1133e-008	9.0686e-008	8.9532e-008	8.6945e-008	8.3392e-008	8.2395e-008	8.1061e-008	7.9402e-008	7.7973e-008	7.6663e-008	7.466e-008	7.3544e-008	7.1465e-008	6.8152e-008	6.5817e-008	6.4222e-008	6.1754e-008	5.9978e-008	5.7227e-008	5.6072e-008	5.1811e-008	4.7606e-008	4.639e-008	4.5098e-008	4.3809e-008	4.1897e-008	4.0031e-008	3.7456e-008	3.6106e-008	3.295e-008	3.0146e-008	2.7515e-008	2.575e-008	2.3646e-008	2.0751e-008	1.925e-008	1.6585e-008	1.4556e-008	1.2792e-008	1.1791e-008	1.1212e-008	1.0882e-008	1.0625e-008	1.0259e-008	1.0085e-008	9.5344e-009	9.5599e-009	9.687e-009	9.8651e-009	9.4836e-009	9.4513e-009	9.7905e-009	1.0324e-008	1.0875e-008	1.2277e-008	1.3964e-008	1.7284e-008	2.1271e-008	2.4845e-008	3.0057e-008	3.7683e-008	4.3491e-008	5.1482e-008	6.1143e-008	6.8533e-008	7.4647e-008	8.0433e-008	8.4037e-008	8.738e-008	9.0936e-008	9.4319e-008	9.6191e-008	9.6684e-008	9.8045e-008	9.8904e-008	9.8988e-008	9.904e-008	9.9273e-008	9.8413e-008	9.6538e-008	9.5446e-008	9.2158e-008	9.0287e-008	8.8352e-008	8.6626e-008	8.5676e-008	8.4365e-008	8.2541e-008	7.8996e-008	7.7504e-008	7.4644e-008	7.3892e-008	7.2089e-008	6.8925e-008	6.7423e-008	6.4248e-008	6.2763e-008	5.9699e-008	5.6262e-008	5.4311e-008	5.1151e-008	4.8338e-008	4.5301e-008	4.3105e-008	4.0072e-008	3.7031e-008	3.5095e-008	3.3862e-008	3.0628e-008	2.8862e-008	2.6152e-008	2.2439e-008	2.0527e-008	1.821e-008	1.5667e-008	1.303e-008	1.1776e-008	1.0375e-008	9.708e-009	9.4005e-009	9.1752e-009	9.1477e-009	9.5053e-009	8.9221e-009	8.9018e-009	8.8961e-009	9.3287e-009	9.1569e-009	9.2143e-009	9.243e-009	9.4048e-009	9.5551e-009	1.1802e-008	1.356e-008	1.7114e-008	2.0345e-008	2.3843e-008	2.7489e-008	3.0865e-008	3.8253e-008	4.3464e-008	4.9163e-008	5.3278e-008	5.7285e-008	6.3537e-008	7.1569e-008	7.6329e-008	8.0282e-008	8.4949e-008	8.7781e-008	8.9806e-008	9.2157e-008	9.3389e-008	9.6719e-008	9.6723e-008	9.7007e-008	9.7331e-008	9.774e-008	9.7074e-008	9.5823e-008	9.49e-008	9.4688e-008	9.3773e-008	9.2169e-008	9.0215e-008	8.7631e-008	8.474e-008	8.2731e-008	7.883e-008	7.6682e-008	7.388e-008	7.1852e-008	6.8967e-008	6.6774e-008	6.5623e-008	6.5138e-008	6.2603e-008	6.1048e-008	5.9259e-008	5.4541e-008	5.2522e-008	5.0586e-008	4.8699e-008	4.5989e-008	4.3216e-008	4.1188e-008	3.9407e-008	3.7852e-008	3.503e-008	3.3579e-008	3.0821e-008	2.8796e-008	2.7259e-008	2.4655e-008	2.3557e-008	2.1083e-008	2.0381e-008	1.963e-008	1.737e-008	1.6643e-008	1.5755e-008	1.4521e-008	1.3637e-008	1.3085e-008	1.2143e-008	1.2144e-008	1.1738e-008	1.0746e-008	9.9592e-009	1.0029e-008	1.0018e-008	9.915e-009	1.029e-008	1.0961e-008	1.3178e-008	1.5862e-008	1.8117e-008	2.0617e-008	2.4313e-008	2.8483e-008	3.3919e-008	4.2113e-008	4.9347e-008	5.7503e-008	6.2824e-008	6.7768e-008	7.3536e-008	7.7063e-008	8.1882e-008	8.4859e-008	8.7106e-008	8.9892e-008	9.0996e-008	9.1777e-008	9.2672e-008	9.295e-008	9.2601e-008	9.2975e-008	9.2851e-008	9.271e-008	9.2094e-008	8.8742e-008	8.6784e-008	8.4546e-008	8.2905e-008	8.2266e-008	8.1682e-008	8.0376e-008	7.8204e-008	7.2881e-008	7.2914e-008	7.0991e-008	6.8306e-008	6.5998e-008	6.4745e-008	6.3933e-008	6.233e-008	6.0924e-008	5.8448e-008	5.5381e-008	5.2464e-008	4.9885e-008	4.7717e-008	4.5529e-008	4.2657e-008	4.1416e-008	3.8781e-008	3.6513e-008	3.4602e-008	3.2744e-008	2.9939e-008	2.7216e-008	2.3796e-008	2.2082e-008	1.9788e-008	1.7568e-008	1.5393e-008	1.1603e-008	1.0274e-008	8.6352e-009	7.5906e-009	6.7431e-009	6.3605e-009	6.2101e-009	6.4488e-009	6.6715e-009	6.6214e-009	6.6251e-009	6.3922e-009	6.7861e-009	6.9103e-009	7.2875e-009	7.3529e-009	7.9125e-009	9.8177e-009	1.2102e-008	1.4337e-008	1.8437e-008	2.3579e-008	2.8956e-008	3.6306e-008	4.4581e-008	5.1854e-008	5.7373e-008	6.3212e-008	6.8e-008	7.1272e-008	7.5963e-008	7.9414e-008	8.2586e-008	8.4411e-008	8.7521e-008	9.0243e-008	9.1405e-008	9.3387e-008	9.4072e-008	9.4158e-008	9.2549e-008	9.1665e-008	9.063e-008	8.8731e-008	8.728e-008	8.5851e-008	8.3971e-008	8.2652e-008	8.1077e-008	7.9519e-008	7.8251e-008	7.6355e-008	7.3578e-008	7.1602e-008	6.9234e-008	6.7223e-008	6.5959e-008	6.4632e-008	5.9928e-008	5.7847e-008	5.6121e-008	5.3836e-008	5.0664e-008	4.7994e-008	4.7446e-008	4.626e-008	4.5552e-008	4.3389e-008	3.9935e-008	3.6537e-008	3.3192e-008	3.1545e-008	3.0332e-008	2.8616e-008	2.5723e-008	2.326e-008	2.0463e-008	1.8343e-008	1.6485e-008	1.3133e-008	1.126e-008	9.3236e-009	8.5217e-009	7.8339e-009	6.9996e-009	7.0148e-009	6.4963e-009	6.4904e-009	7.2367e-009	6.2552e-009	5.5815e-009	5.816e-009	6.3875e-009	6.3456e-009	6.6838e-009	7.1625e-009	7.6998e-009	7.6462e-009	8.5772e-009	1.1321e-008	1.5424e-008	2.0572e-008	2.529e-008	3.0833e-008	3.6715e-008	4.2427e-008	4.7869e-008	5.5362e-008	6.3613e-008	6.9497e-008	7.5094e-008	7.898e-008	8.2204e-008	8.4988e-008	8.8763e-008	9.1343e-008	9.2969e-008	9.4757e-008	9.5776e-008	9.5842e-008	9.5344e-008	9.6177e-008	9.6667e-008	9.5814e-008	9.4618e-008	9.1788e-008	9.1562e-008	8.8742e-008	8.7333e-008	8.4954e-008	8.2575e-008	7.9984e-008	7.7361e-008	7.5528e-008	7.4303e-008	7.3605e-008	7.1982e-008	7.0188e-008	6.6142e-008	6.4958e-008	6.3909e-008	6.0977e-008	5.8203e-008	5.4838e-008	5.2109e-008	5.069e-008	4.7479e-008	4.6274e-008	4.3827e-008	4.1461e-008	3.7795e-008	3.6204e-008
9.6326e-008	9.6767e-008	9.6082e-008	9.4923e-008	9.0894e-008	8.8978e-008	8.7081e-008	8.5381e-008	8.443e-008	8.2926e-008	8.1708e-008	8.0336e-008	7.8877e-008	7.644e-008	7.4232e-008	7.2154e-008	7.0197e-008	6.8138e-008	6.6298e-008	6.4077e-008	6.205e-008	5.7851e-008	5.4924e-008	5.3464e-008	5.1505e-008	4.9016e-008	4.5945e-008	4.3175e-008	4.0991e-008	3.9223e-008	3.702e-008	3.5246e-008	3.205e-008	2.9829e-008	2.7872e-008	2.571e-008	2.4089e-008	2.1183e-008	1.9028e-008	1.6512e-008	1.4057e-008	1.1809e-008	1.1149e-008	1.0843e-008	1.0418e-008	1.0071e-008	1.0125e-008	9.851e-009	9.8814e-009	1.0044e-008	9.7154e-009	9.1493e-009	8.9983e-009	1.0062e-008	1.0354e-008	1.0947e-008	1.244e-008	1.4218e-008	1.6269e-008	1.9424e-008	2.4142e-008	2.8703e-008	3.2838e-008	3.8073e-008	4.4656e-008	5.1883e-008	5.8478e-008	6.4861e-008	7.0787e-008	7.576e-008	7.9421e-008	8.2744e-008	8.5109e-008	8.8178e-008	9.0718e-008	9.1955e-008	9.2806e-008	9.3873e-008	9.4825e-008	9.3863e-008	9.3441e-008	9.2773e-008	9.1908e-008	9.0889e-008	9.0238e-008	8.9066e-008	8.6103e-008	8.3481e-008	8.1522e-008	8.0888e-008	7.9717e-008	7.8285e-008	7.6491e-008	7.4498e-008	7.3007e-008	7.1084e-008	6.9106e-008	6.6474e-008	6.3863e-008	6.2286e-008	6.0032e-008	5.7269e-008	5.6445e-008	5.4428e-008	4.9002e-008	4.6568e-008	4.5336e-008	4.4061e-008	4.1767e-008	4.0297e-008	3.7663e-008	3.5751e-008	3.3956e-008	3.1293e-008	2.8468e-008	2.607e-008	2.3898e-008	2.1259e-008	1.9371e-008	1.7547e-008	1.4593e-008	1.2676e-008	1.1383e-008	1.057e-008	1.061e-008	1.036e-008	1.0413e-008	1.0349e-008	9.6218e-009	9.4101e-009	9.8036e-009	1.0071e-008	9.8255e-009	9.7089e-009	9.9765e-009	1.0074e-008	1.0698e-008	1.1678e-008	1.4735e-008	1.8083e-008	2.1682e-008	2.5748e-008	3.0966e-008	3.7612e-008	4.3616e-008	5.0763e-008	6.2033e-008	6.8881e-008	7.5341e-008	8.1078e-008	8.4182e-008	8.6746e-008	8.9534e-008	9.2374e-008	9.521e-008	9.6436e-008	9.8004e-008	9.8821e-008	9.8879e-008	9.8481e-008	9.8804e-008	9.8097e-008	9.6953e-008	9.5005e-008	9.3111e-008	8.898e-008	8.7461e-008	8.6705e-008	8.5755e-008	8.4134e-008	8.0934e-008	8.0311e-008	7.7363e-008	7.4253e-008	7.2879e-008	7.1465e-008	6.9118e-008	6.7121e-008	6.3897e-008	6.1803e-008	5.8554e-008	5.6265e-008	5.368e-008	5.1151e-008	4.8417e-008	4.5128e-008	4.2657e-008	4.0038e-008	3.6925e-008	3.5949e-008	3.3482e-008	3.1318e-008	2.8547e-008	2.6675e-008	2.3079e-008	2.0742e-008	1.7797e-008	1.4569e-008	1.3324e-008	1.1792e-008	1.049e-008	9.982e-009	9.4249e-009	9.2218e-009	9.0711e-009	9.015e-009	9.0644e-009	9.0555e-009	8.5085e-009	8.9548e-009	9.0208e-009	8.9422e-009	9.2239e-009	9.2082e-009	9.9151e-009	1.179e-008	1.351e-008	1.6733e-008	2.0494e-008	2.3184e-008	2.7302e-008	3.1083e-008	3.8276e-008	4.3649e-008	4.858e-008	5.3758e-008	5.9139e-008	6.5458e-008	6.9691e-008	7.5434e-008	7.9944e-008	8.4812e-008	8.7478e-008	9.0252e-008	9.221e-008	9.4207e-008	9.6004e-008	9.694e-008	9.7089e-008	9.8431e-008	9.764e-008	9.7497e-008	9.6058e-008	9.5127e-008	9.4588e-008	9.3309e-008	9.0721e-008	8.9878e-008	8.6952e-008	8.4498e-008	8.3305e-008	8.1057e-008	7.8293e-008	7.4691e-008	7.225e-008	7.048e-008	6.9018e-008	6.7692e-008	6.6386e-008	6.3733e-008	6.162e-008	5.8739e-008	5.4831e-008	5.2781e-008	5.1396e-008	4.9257e-008	4.6445e-008	4.3248e-008	4.0922e-008	3.9802e-008	3.8079e-008	3.5465e-008	3.4126e-008	3.0989e-008	2.9368e-008	2.7504e-008	2.5568e-008	2.4318e-008	2.2231e-008	2.0254e-008	1.9213e-008	1.8029e-008	1.6836e-008	1.591e-008	1.4353e-008	1.2956e-008	1.2439e-008	1.2197e-008	1.2188e-008	1.2124e-008	1.1369e-008	1.0789e-008	1.0623e-008	1.048e-008	1.0578e-008	1.1024e-008	1.1639e-008	1.344e-008	1.5805e-008	1.8011e-008	2.1549e-008	2.4259e-008	2.8789e-008	3.3594e-008	4.0423e-008	4.8574e-008	5.7004e-008	6.278e-008	6.9119e-008	7.4372e-008	7.8499e-008	8.1701e-008	8.5033e-008	8.8234e-008	9.0304e-008	9.1332e-008	9.2305e-008	9.2744e-008	9.2845e-008	9.2806e-008	9.3804e-008	9.3534e-008	9.256e-008	9.0969e-008	8.9005e-008	8.7065e-008	8.5975e-008	8.4677e-008	8.3634e-008	8.1846e-008	8.0443e-008	7.8173e-008	7.4634e-008	7.3399e-008	7.1265e-008	6.817e-008	6.6344e-008	6.5269e-008	6.3742e-008	6.2721e-008	6.0509e-008	5.7874e-008	5.4758e-008	5.2454e-008	5.0086e-008	4.7319e-008	4.4652e-008	4.3524e-008	4.0886e-008	3.9179e-008	3.6679e-008	3.5441e-008	3.28e-008	2.9851e-008	2.7828e-008	2.3228e-008	2.1681e-008	1.9954e-008	1.7352e-008	1.5149e-008	1.0711e-008	1.0207e-008	8.7265e-009	7.6299e-009	7.0902e-009	6.6301e-009	6.498e-009	6.9844e-009	7.3051e-009	7.125e-009	7.31e-009	7.1057e-009	7.7033e-009	7.4511e-009	7.657e-009	7.8642e-009	8.3757e-009	1.0321e-008	1.2462e-008	1.579e-008	1.9348e-008	2.4458e-008	2.9962e-008	3.7398e-008	4.5063e-008	5.1762e-008	5.7487e-008	6.2583e-008	6.7046e-008	7.0871e-008	7.4692e-008	7.8791e-008	8.2269e-008	8.5053e-008	8.8112e-008	9.0726e-008	9.3177e-008	9.455e-008	9.4692e-008	9.4472e-008	9.2353e-008	9.1249e-008	9.0435e-008	8.9247e-008	8.8341e-008	8.6999e-008	8.4766e-008	8.225e-008	8.1294e-008	7.9932e-008	7.825e-008	7.6122e-008	7.4811e-008	7.1122e-008	6.8415e-008	6.6708e-008	6.518e-008	6.3537e-008	5.9635e-008	5.8698e-008	5.6744e-008	5.4593e-008	5.1657e-008	4.8097e-008	4.7279e-008	4.6608e-008	4.4459e-008	4.3476e-008	3.9761e-008	3.7752e-008	3.3421e-008	3.1991e-008	3.1192e-008	2.8945e-008	2.608e-008	2.3721e-008	2.0129e-008	1.8159e-008	1.4107e-008	1.3004e-008	1.1331e-008	8.9965e-009	8.4027e-009	7.7901e-009	7.2833e-009	7.1623e-009	7.1693e-009	6.6443e-009	6.7122e-009	6.0234e-009	5.9231e-009	6.3406e-009	6.5923e-009	6.6089e-009	6.9802e-009	7.2762e-009	7.7869e-009	8.3272e-009	9.5392e-009	1.1494e-008	1.6293e-008	2.0524e-008	2.5813e-008	3.1038e-008	3.6207e-008	4.1159e-008	4.8792e-008	5.6096e-008	6.3704e-008	6.9465e-008	7.5525e-008	7.891e-008	8.2827e-008	8.433e-008	8.8837e-008	9.1235e-008	9.3394e-008	9.4144e-008	9.4506e-008	9.4262e-008	9.5263e-008	9.6231e-008	9.7351e-008	9.6699e-008	9.4845e-008	9.2559e-008	9.0762e-008	8.9327e-008	8.831e-008	8.5979e-008	8.3082e-008	8.0561e-008	7.8047e-008	7.6251e-008	7.4064e-008	7.331e-008	7.2706e-008	7.0121e-008	6.7017e-008	6.5384e-008	6.4315e-008	6.1064e-008	5.8149e-008	5.5922e-008	5.2963e-008	5.0457e-008	4.7983e-008	4.6714e-008	4.4091e-008	4.1009e-008	3.8353e-008	3.5697e-008
9.7065e-008	9.7103e-008	9.6411e-008	9.4625e-008	9.0489e-008	8.9013e-008	8.7263e-008	8.5727e-008	8.4157e-008	8.3344e-008	8.258e-008	8.1071e-008	7.8107e-008	7.576e-008	7.3871e-008	7.1892e-008	7.0005e-008	6.9099e-008	6.6651e-008	6.3718e-008	6.1218e-008	5.7401e-008	5.6099e-008	5.4132e-008	5.1784e-008	4.862e-008	4.565e-008	4.3064e-008	4.1444e-008	3.9687e-008	3.7821e-008	3.5981e-008	3.1212e-008	2.9595e-008	2.8118e-008	2.5073e-008	2.3572e-008	2.0934e-008	1.8781e-008	1.7191e-008	1.4761e-008	1.2689e-008	1.1812e-008	1.1339e-008	1.0498e-008	1.0379e-008	1.0296e-008	9.9967e-009	1.0042e-008	9.9322e-009	9.8945e-009	9.643e-009	9.3967e-009	1.0726e-008	1.0945e-008	1.129e-008	1.2604e-008	1.4728e-008	1.6357e-008	2.0195e-008	2.4289e-008	2.8514e-008	3.3177e-008	3.9011e-008	4.4914e-008	5.2496e-008	6.008e-008	6.5945e-008	7.1056e-008	7.5701e-008	7.8967e-008	8.262e-008	8.601e-008	8.9809e-008	9.1589e-008	9.2496e-008	9.3181e-008	9.3353e-008	9.3214e-008	9.2734e-008	9.2698e-008	9.273e-008	9.2562e-008	9.1261e-008	8.9844e-008	8.734e-008	8.561e-008	8.3978e-008	8.2356e-008	8.1938e-008	8.0804e-008	7.8763e-008	7.6621e-008	7.479e-008	7.2796e-008	7.0647e-008	6.9025e-008	6.7584e-008	6.4779e-008	6.2019e-008	5.9256e-008	5.8054e-008	5.6151e-008	5.4133e-008	5.0403e-008	4.6697e-008	4.557e-008	4.2891e-008	4.1487e-008	4.013e-008	3.7676e-008	3.4799e-008	3.3773e-008	3.0824e-008	2.898e-008	2.6084e-008	2.3526e-008	2.2074e-008	2.0017e-008	1.7329e-008	1.5099e-008	1.3595e-008	1.2049e-008	1.0979e-008	1.089e-008	1.1132e-008	1.0669e-008	1.0341e-008	9.7679e-009	9.7757e-009	1.027e-008	1.0583e-008	1.0586e-008	1.0054e-008	1.0433e-008	1.0364e-008	1.091e-008	1.194e-008	1.49e-008	1.7951e-008	2.0517e-008	2.601e-008	3.1803e-008	3.6977e-008	4.2892e-008	5.3051e-008	6.2895e-008	7.0546e-008	7.6949e-008	8.225e-008	8.4536e-008	8.688e-008	8.9689e-008	9.2581e-008	9.4092e-008	9.5126e-008	9.651e-008	9.8165e-008	9.8791e-008	9.8713e-008	9.869e-008	9.8382e-008	9.6878e-008	9.5463e-008	9.3582e-008	9.0849e-008	8.8005e-008	8.6801e-008	8.5382e-008	8.3499e-008	8.1726e-008	8.0604e-008	7.7378e-008	7.469e-008	7.2268e-008	7.0193e-008	6.9159e-008	6.7476e-008	6.4809e-008	6.218e-008	5.9271e-008	5.5938e-008	5.4363e-008	5.2943e-008	4.9444e-008	4.647e-008	4.2853e-008	4.0737e-008	3.85e-008	3.6732e-008	3.5051e-008	3.2944e-008	2.9564e-008	2.6545e-008	2.4257e-008	2.1309e-008	1.9061e-008	1.6048e-008	1.3858e-008	1.2393e-008	1.098e-008	9.756e-009	9.3603e-009	8.8457e-009	9.0972e-009	9.0724e-009	9.1158e-009	8.8612e-009	8.7086e-009	9.0278e-009	9.2643e-009	9.2061e-009	9.658e-009	9.3927e-009	1.0457e-008	1.189e-008	1.3574e-008	1.5515e-008	1.904e-008	2.2937e-008	2.7085e-008	3.1326e-008	3.5854e-008	4.2231e-008	4.8109e-008	5.3819e-008	5.9927e-008	6.6503e-008	7.1783e-008	7.635e-008	8.0685e-008	8.4269e-008	8.7124e-008	8.9474e-008	9.1985e-008	9.4033e-008	9.6143e-008	9.8929e-008	9.9752e-008	9.947e-008	9.8768e-008	9.8597e-008	9.7252e-008	9.5536e-008	9.4187e-008	9.2189e-008	9.0633e-008	8.8491e-008	8.6408e-008	8.4686e-008	8.3449e-008	8.1761e-008	7.8235e-008	7.5694e-008	7.2637e-008	7.1081e-008	6.926e-008	6.7882e-008	6.6372e-008	6.4252e-008	6.2298e-008	5.8545e-008	5.6191e-008	5.3787e-008	5.2273e-008	5.0025e-008	4.697e-008	4.4313e-008	4.1776e-008	4.0362e-008	3.788e-008	3.5621e-008	3.3657e-008	3.1403e-008	2.8812e-008	2.6324e-008	2.543e-008	2.367e-008	2.1361e-008	2.0326e-008	1.9835e-008	1.8005e-008	1.7049e-008	1.5676e-008	1.4564e-008	1.3412e-008	1.223e-008	1.1679e-008	1.1996e-008	1.1966e-008	1.1346e-008	1.086e-008	1.0883e-008	1.1012e-008	1.1475e-008	1.1636e-008	1.3144e-008	1.4519e-008	1.6456e-008	1.9356e-008	2.2374e-008	2.514e-008	2.8858e-008	3.3191e-008	3.9446e-008	4.9327e-008	5.7546e-008	6.4037e-008	7.0212e-008	7.2917e-008	7.9041e-008	8.2043e-008	8.5359e-008	8.8435e-008	9.0409e-008	9.2124e-008	9.3209e-008	9.3342e-008	9.3724e-008	9.3078e-008	9.3858e-008	9.3505e-008	9.2147e-008	9.0145e-008	8.9405e-008	8.8473e-008	8.6833e-008	8.5462e-008	8.4293e-008	8.2032e-008	7.9969e-008	7.7834e-008	7.5539e-008	7.4663e-008	7.3052e-008	6.955e-008	6.7547e-008	6.5228e-008	6.4716e-008	6.3077e-008	6.0346e-008	5.7573e-008	5.5592e-008	5.2133e-008	5.0789e-008	4.8068e-008	4.5918e-008	4.4047e-008	4.1649e-008	3.939e-008	3.7023e-008	3.5213e-008	3.2829e-008	2.9919e-008	2.8477e-008	2.525e-008	2.1919e-008	1.9677e-008	1.7256e-008	1.5186e-008	1.2573e-008	1.0001e-008	8.5099e-009	8.1708e-009	7.2283e-009	7.2581e-009	6.8364e-009	7.5712e-009	7.7452e-009	7.6025e-009	7.683e-009	7.8488e-009	7.9232e-009	7.4124e-009	7.7102e-009	8.5873e-009	9.8596e-009	1.116e-008	1.3669e-008	1.6336e-008	2.0164e-008	2.4426e-008	3.0882e-008	3.6742e-008	4.4909e-008	5.1801e-008	5.8082e-008	6.4495e-008	6.9905e-008	7.2989e-008	7.6623e-008	7.9126e-008	8.1941e-008	8.518e-008	8.801e-008	9.092e-008	9.3469e-008	9.4348e-008	9.4844e-008	9.3883e-008	9.2209e-008	9.1365e-008	9.1512e-008	9.0266e-008	8.8888e-008	8.735e-008	8.4906e-008	8.338e-008	8.1435e-008	8.0178e-008	7.8698e-008	7.7018e-008	7.4873e-008	7.1357e-008	6.8661e-008	6.6785e-008	6.554e-008	6.4314e-008	6.2023e-008	5.9484e-008	5.7094e-008	5.4591e-008	5.0624e-008	4.8619e-008	4.7499e-008	4.6317e-008	4.5176e-008	4.3108e-008	4.0286e-008	3.7604e-008	3.3836e-008	3.246e-008	3.0812e-008	2.8898e-008	2.705e-008	2.4223e-008	2.0617e-008	1.7195e-008	1.5782e-008	1.3222e-008	1.1243e-008	9.1175e-009	8.1769e-009	7.359e-009	7.19e-009	7.253e-009	7.0029e-009	6.6257e-009	6.2771e-009	6.2654e-009	6.4245e-009	6.6391e-009	7.3767e-009	7.4412e-009	7.4277e-009	7.4486e-009	7.8065e-009	8.5986e-009	9.8342e-009	1.2024e-008	1.4498e-008	1.9467e-008	2.4772e-008	3.2147e-008	3.6678e-008	4.2857e-008	4.9894e-008	5.6578e-008	6.3919e-008	7.0424e-008	7.5738e-008	7.9468e-008	8.2599e-008	8.6285e-008	8.9138e-008	9.1388e-008	9.2997e-008	9.3784e-008	9.3875e-008	9.4206e-008	9.4661e-008	9.5331e-008	9.6711e-008	9.6223e-008	9.4702e-008	9.2616e-008	9.1955e-008	9.0709e-008	8.8655e-008	8.6198e-008	8.3901e-008	8.0073e-008	7.7624e-008	7.5532e-008	7.4463e-008	7.35e-008	7.221e-008	6.9775e-008	6.7543e-008	6.5172e-008	6.4123e-008	6.1501e-008	5.7917e-008	5.5165e-008	5.2656e-008	4.9928e-008	4.8749e-008	4.6804e-008	4.3965e-008	4.1068e-008	3.7879e-008	3.6023e-008
9.6372e-008	9.6785e-008	9.5905e-008	9.4047e-008	9.0873e-008	8.8311e-008	8.6292e-008	8.5234e-008	8.4321e-008	8.3918e-008	8.304e-008	8.0026e-008	7.8264e-008	7.5434e-008	7.2932e-008	7.0988e-008	6.9517e-008	6.8606e-008	6.522e-008	6.3785e-008	6.1939e-008	5.9227e-008	5.5676e-008	5.3698e-008	5.1075e-008	4.7685e-008	4.464e-008	4.3395e-008	4.2096e-008	3.9559e-008	3.7172e-008	3.5642e-008	3.2411e-008	3.0842e-008	2.8544e-008	2.6281e-008	2.3497e-008	2.0423e-008	1.8679e-008	1.7341e-008	1.4946e-008	1.3126e-008	1.189e-008	1.0963e-008	1.0423e-008	1.0301e-008	1.0237e-008	9.843e-009	9.4065e-009	9.58e-009	1.0266e-008	9.2009e-009	9.7275e-009	1.0216e-008	1.107e-008	1.1092e-008	1.2494e-008	1.424e-008	1.6156e-008	1.9039e-008	2.3021e-008	2.7194e-008	3.325e-008	4.0143e-008	4.5175e-008	5.3508e-008	5.8969e-008	6.4996e-008	7.0708e-008	7.451e-008	7.8404e-008	8.2099e-008	8.5197e-008	8.9594e-008	9.1331e-008	9.247e-008	9.2928e-008	9.3013e-008	9.3342e-008	9.2555e-008	9.2513e-008	9.3024e-008	9.2387e-008	9.1366e-008	8.8855e-008	8.732e-008	8.5265e-008	8.4186e-008	8.2963e-008	8.1824e-008	8.0675e-008	7.8522e-008	7.6276e-008	7.4148e-008	7.2662e-008	7.0718e-008	6.8897e-008	6.616e-008	6.2979e-008	6.0969e-008	5.9409e-008	5.7981e-008	5.5964e-008	5.2996e-008	5.0033e-008	4.6919e-008	4.4981e-008	4.3029e-008	4.1626e-008	4.0105e-008	3.7494e-008	3.5235e-008	3.3304e-008	3.0722e-008	2.8215e-008	2.6426e-008	2.4303e-008	2.2076e-008	1.9994e-008	1.7356e-008	1.5701e-008	1.4093e-008	1.209e-008	1.131e-008	1.1375e-008	1.1238e-008	1.0274e-008	1.0229e-008	9.6722e-009	9.5052e-009	1.0447e-008	1.0568e-008	1.0155e-008	1.0213e-008	1.0468e-008	1.0273e-008	1.0525e-008	1.2001e-008	1.469e-008	1.7753e-008	2.1711e-008	2.5044e-008	3.1338e-008	3.7202e-008	4.2706e-008	5.3156e-008	6.208e-008	7.0568e-008	7.7116e-008	8.2139e-008	8.4107e-008	8.6039e-008	8.9378e-008	9.2114e-008	9.4048e-008	9.5622e-008	9.6904e-008	9.7553e-008	9.7991e-008	9.8701e-008	9.8594e-008	9.814e-008	9.6895e-008	9.5597e-008	9.3334e-008	9.0992e-008	8.838e-008	8.7012e-008	8.4871e-008	8.3014e-008	8.1309e-008	7.9912e-008	7.6877e-008	7.4675e-008	7.2401e-008	7.058e-008	6.9725e-008	6.8315e-008	6.5068e-008	6.2845e-008	5.9111e-008	5.7193e-008	5.4962e-008	5.2261e-008	4.9564e-008	4.7009e-008	4.2587e-008	4.0201e-008	3.8898e-008	3.7236e-008	3.4404e-008	3.2893e-008	2.9693e-008	2.6932e-008	2.4483e-008	2.1879e-008	1.881e-008	1.6453e-008	1.4219e-008	1.2876e-008	1.0768e-008	9.5182e-009	9.6557e-009	9.3857e-009	9.4566e-009	9.4464e-009	9.0164e-009	8.9357e-009	9.0993e-009	9.4245e-009	9.1939e-009	9.2794e-009	9.7276e-009	9.409e-009	1.0273e-008	1.1945e-008	1.3761e-008	1.5994e-008	1.8311e-008	2.2653e-008	2.6893e-008	3.0536e-008	3.469e-008	4.1018e-008	4.7132e-008	5.3958e-008	6.0824e-008	6.6951e-008	7.265e-008	7.688e-008	8.0957e-008	8.4866e-008	8.7388e-008	9.0308e-008	9.2322e-008	9.4325e-008	9.7111e-008	9.9196e-008	1e-007	9.9676e-008	9.9415e-008	9.8415e-008	9.6811e-008	9.5794e-008	9.4247e-008	9.292e-008	9.0234e-008	8.8474e-008	8.665e-008	8.486e-008	8.3001e-008	8.1543e-008	7.8546e-008	7.5733e-008	7.2559e-008	7.1065e-008	6.9744e-008	6.7815e-008	6.5707e-008	6.3866e-008	6.1582e-008	5.8744e-008	5.5556e-008	5.3919e-008	5.2413e-008	4.9401e-008	4.7053e-008	4.3561e-008	4.1622e-008	3.9992e-008	3.7767e-008	3.4008e-008	3.3108e-008	3.0203e-008	2.7917e-008	2.6355e-008	2.4529e-008	2.3786e-008	2.0833e-008	2.017e-008	1.92e-008	1.7661e-008	1.6703e-008	1.6055e-008	1.4756e-008	1.299e-008	1.1894e-008	1.1472e-008	1.1362e-008	1.1536e-008	1.1106e-008	1.0297e-008	1.0436e-008	1.0839e-008	1.1523e-008	1.2108e-008	1.3066e-008	1.5193e-008	1.702e-008	1.8605e-008	2.297e-008	2.5502e-008	2.8997e-008	3.2245e-008	3.9481e-008	4.918e-008	5.9411e-008	6.6385e-008	7.144e-008	7.5034e-008	7.905e-008	8.1082e-008	8.4341e-008	8.7855e-008	9.0849e-008	9.228e-008	9.3249e-008	9.4949e-008	9.4613e-008	9.3761e-008	9.2418e-008	9.1687e-008	9.0915e-008	9.0315e-008	9.0266e-008	8.9298e-008	8.803e-008	8.6746e-008	8.4302e-008	8.1294e-008	7.9977e-008	7.8636e-008	7.6538e-008	7.5046e-008	7.3392e-008	6.9522e-008	6.765e-008	6.5743e-008	6.5682e-008	6.177e-008	6.0489e-008	5.7891e-008	5.6366e-008	5.3795e-008	5.0865e-008	4.9136e-008	4.7522e-008	4.4497e-008	4.2124e-008	3.9021e-008	3.7372e-008	3.5703e-008	3.3705e-008	3.0121e-008	2.7971e-008	2.3124e-008	2.1571e-008	1.8329e-008	1.7528e-008	1.5103e-008	1.2296e-008	1.0182e-008	8.6641e-009	8.66e-009	8.2287e-009	7.8025e-009	7.2126e-009	7.8934e-009	8.0782e-009	8.1007e-009	7.7989e-009	8.3358e-009	8.4653e-009	7.8778e-009	8.309e-009	9.0794e-009	1.038e-008	1.1597e-008	1.4448e-008	1.7717e-008	2.0667e-008	2.5327e-008	3.0729e-008	3.7194e-008	4.2802e-008	5.1098e-008	5.8621e-008	6.5072e-008	7.1525e-008	7.4893e-008	7.7409e-008	7.9859e-008	8.2407e-008	8.5091e-008	8.8274e-008	9.1696e-008	9.2688e-008	9.4137e-008	9.4605e-008	9.3408e-008	9.4008e-008	9.3843e-008	9.2541e-008	9.144e-008	8.9703e-008	8.8015e-008	8.6116e-008	8.4547e-008	8.2402e-008	8.0726e-008	7.8941e-008	7.6917e-008	7.5001e-008	7.1853e-008	6.9504e-008	6.7718e-008	6.6177e-008	6.4995e-008	6.2653e-008	6.0285e-008	5.6558e-008	5.4124e-008	5.1309e-008	4.9604e-008	4.855e-008	4.5859e-008	4.478e-008	4.2876e-008	4.0393e-008	3.7115e-008	3.3588e-008	3.2441e-008	3.049e-008	2.8549e-008	2.6698e-008	2.3985e-008	1.9379e-008	1.7289e-008	1.5939e-008	1.356e-008	1.1584e-008	9.669e-009	8.226e-009	7.5552e-009	7.4546e-009	7.3335e-009	6.64e-009	6.6442e-009	6.529e-009	6.32e-009	7.0138e-009	7.8556e-009	7.6321e-009	7.4751e-009	7.4032e-009	7.6383e-009	8.5779e-009	8.9554e-009	1.0756e-008	1.2173e-008	1.6633e-008	2.064e-008	2.4998e-008	3.1227e-008	3.7841e-008	4.424e-008	5.2099e-008	5.7708e-008	6.4412e-008	7.0837e-008	7.5756e-008	7.9881e-008	8.3863e-008	8.7178e-008	8.9592e-008	9.1821e-008	9.287e-008	9.3479e-008	9.4e-008	9.4965e-008	9.5752e-008	9.5148e-008	9.511e-008	9.4765e-008	9.4184e-008	9.2937e-008	9.2086e-008	9.111e-008	8.8757e-008	8.6167e-008	8.4006e-008	7.9459e-008	7.7297e-008	7.5221e-008	7.4266e-008	7.3315e-008	7.1529e-008	6.9242e-008	6.6971e-008	6.4844e-008	6.3376e-008	6.1096e-008	5.7804e-008	5.4755e-008	5.2742e-008	5.0323e-008	4.8362e-008	4.6687e-008	4.3749e-008	4.0594e-008	3.6066e-008	3.4646e-008
9.4935e-008	9.5893e-008	9.5293e-008	9.4431e-008	9.0903e-008	8.8067e-008	8.6805e-008	8.4813e-008	8.4247e-008	8.3778e-008	8.3192e-008	8.1958e-008	7.8263e-008	7.5144e-008	7.2549e-008	7.0203e-008	6.9385e-008	6.8765e-008	6.6571e-008	6.5033e-008	5.8784e-008	5.5743e-008	5.5261e-008	5.3262e-008	5.0782e-008	4.8283e-008	4.5391e-008	4.4198e-008	4.2588e-008	4.0802e-008	3.882e-008	3.4772e-008	3.333e-008	3.1145e-008	2.857e-008	2.6463e-008	2.3959e-008	2.1777e-008	1.9968e-008	1.7504e-008	1.5752e-008	1.3652e-008	1.2364e-008	1.0953e-008	1.0418e-008	1.0011e-008	9.9034e-009	9.6828e-009	9.4107e-009	9.2675e-009	9.491e-009	9.0747e-009	9.1797e-009	1.0423e-008	1.1291e-008	1.0486e-008	1.159e-008	1.3972e-008	1.621e-008	1.8671e-008	2.2998e-008	2.6094e-008	3.1411e-008	3.7063e-008	4.5545e-008	5.1472e-008	5.9845e-008	6.5198e-008	7.014e-008	7.4068e-008	7.8478e-008	8.2366e-008	8.7e-008	8.9785e-008	9.111e-008	9.2005e-008	9.2193e-008	9.2486e-008	9.2872e-008	9.2378e-008	9.224e-008	9.1911e-008	9.139e-008	9.104e-008	8.9535e-008	8.5886e-008	8.4925e-008	8.4295e-008	8.3572e-008	8.2596e-008	8.1055e-008	7.8514e-008	7.6183e-008	7.3844e-008	7.1462e-008	6.9654e-008	6.8005e-008	6.6519e-008	6.3047e-008	6.0591e-008	5.8674e-008	5.6905e-008	5.4652e-008	5.1204e-008	4.8988e-008	4.6367e-008	4.5135e-008	4.3795e-008	4.0442e-008	3.9375e-008	3.7172e-008	3.4692e-008	3.2972e-008	3.1484e-008	2.8134e-008	2.5705e-008	2.3681e-008	2.1846e-008	1.9114e-008	1.7349e-008	1.548e-008	1.3524e-008	1.2212e-008	1.1103e-008	1.0685e-008	1.013e-008	9.8117e-009	9.1268e-009	9.8768e-009	9.3872e-009	1.0189e-008	1.0233e-008	9.8756e-009	1.0001e-008	1.0284e-008	9.8986e-009	1.0242e-008	1.2157e-008	1.4309e-008	1.6541e-008	2.1187e-008	2.5707e-008	3.1772e-008	3.7009e-008	4.2976e-008	5.1313e-008	6.0484e-008	7.0248e-008	7.7478e-008	8.1341e-008	8.3802e-008	8.5911e-008	8.8941e-008	9.0585e-008	9.3677e-008	9.5367e-008	9.692e-008	9.7466e-008	9.8092e-008	9.8627e-008	9.8746e-008	9.7791e-008	9.6477e-008	9.4982e-008	9.2955e-008	8.9653e-008	8.8138e-008	8.6281e-008	8.4243e-008	8.2002e-008	7.9848e-008	7.7794e-008	7.6038e-008	7.3834e-008	7.2337e-008	7.0139e-008	6.9249e-008	6.7586e-008	6.4246e-008	6.278e-008	6.096e-008	5.7679e-008	5.5387e-008	5.1226e-008	4.7432e-008	4.6454e-008	4.4691e-008	4.2925e-008	3.7272e-008	3.6798e-008	3.4132e-008	3.1987e-008	2.9985e-008	2.6988e-008	2.4587e-008	2.1595e-008	1.7489e-008	1.6404e-008	1.4865e-008	1.2854e-008	1.0426e-008	9.3181e-009	9.0012e-009	8.4259e-009	8.7704e-009	9.0341e-009	9.0331e-009	8.8019e-009	8.5558e-009	8.8539e-009	9.0059e-009	8.7878e-009	9.0121e-009	8.9791e-009	9.5955e-009	1.1353e-008	1.3223e-008	1.4673e-008	1.824e-008	2.1216e-008	2.5373e-008	2.9997e-008	3.4428e-008	3.707e-008	4.586e-008	5.3557e-008	6.1185e-008	6.8965e-008	7.2978e-008	7.7331e-008	8.056e-008	8.3614e-008	8.7764e-008	9.0999e-008	9.2438e-008	9.4424e-008	9.6598e-008	9.7904e-008	9.9028e-008	9.9734e-008	9.9112e-008	9.7533e-008	9.621e-008	9.5652e-008	9.3492e-008	9.257e-008	9.0529e-008	8.8199e-008	8.6922e-008	8.3884e-008	8.238e-008	8.0978e-008	7.676e-008	7.4196e-008	7.159e-008	7.0344e-008	6.8986e-008	6.7317e-008	6.5337e-008	6.3119e-008	6.1274e-008	5.8814e-008	5.6221e-008	5.3131e-008	5.1319e-008	4.8087e-008	4.6176e-008	4.4004e-008	4.1125e-008	3.885e-008	3.7087e-008	3.4834e-008	3.2293e-008	3.0339e-008	2.8558e-008	2.5553e-008	2.5257e-008	2.3627e-008	2.213e-008	2.0082e-008	1.8237e-008	1.67e-008	1.5818e-008	1.5252e-008	1.4198e-008	1.2761e-008	1.1623e-008	1.1172e-008	1.0531e-008	1.0479e-008	1.0196e-008	9.5754e-009	9.0348e-009	9.7806e-009	1.0722e-008	1.1403e-008	1.3361e-008	1.4878e-008	1.6387e-008	1.8303e-008	2.1605e-008	2.5371e-008	2.9062e-008	3.2806e-008	3.8708e-008	4.8704e-008	5.8921e-008	6.4293e-008	7.0896e-008	7.4308e-008	7.8455e-008	8.1339e-008	8.4148e-008	8.709e-008	9.0284e-008	9.252e-008	9.3477e-008	9.4556e-008	9.4275e-008	9.366e-008	9.2513e-008	9.205e-008	9.1147e-008	9.0143e-008	8.9532e-008	8.8625e-008	8.7495e-008	8.637e-008	8.5148e-008	8.1285e-008	7.9695e-008	7.8105e-008	7.5666e-008	7.3902e-008	7.1656e-008	6.9169e-008	6.7156e-008	6.5195e-008	6.4866e-008	6.2526e-008	5.939e-008	5.7588e-008	5.5672e-008	5.2836e-008	5.0914e-008	4.9596e-008	4.7663e-008	4.4095e-008	4.101e-008	3.8492e-008	3.6317e-008	3.5186e-008	3.3562e-008	3.1052e-008	2.6804e-008	2.4637e-008	2.1831e-008	1.7835e-008	1.6126e-008	1.4371e-008	1.164e-008	8.6742e-009	7.9241e-009	7.9747e-009	7.7435e-009	7.4846e-009	7.0344e-009	7.0859e-009	7.2588e-009	7.2138e-009	6.9068e-009	7.417e-009	7.6934e-009	7.1863e-009	8.7939e-009	9.0277e-009	1.0097e-008	1.1669e-008	1.358e-008	1.8598e-008	2.1166e-008	2.5477e-008	3.0964e-008	3.7603e-008	4.4676e-008	5.0972e-008	5.8172e-008	6.4201e-008	6.937e-008	7.4164e-008	7.7726e-008	7.9761e-008	8.1928e-008	8.4224e-008	8.7803e-008	9.0643e-008	9.2045e-008	9.2891e-008	9.2719e-008	9.2622e-008	9.3696e-008	9.3474e-008	9.2226e-008	9.0596e-008	8.9395e-008	8.8366e-008	8.6761e-008	8.3376e-008	8.2236e-008	8.0396e-008	7.8247e-008	7.5344e-008	7.2593e-008	7.0456e-008	6.8442e-008	6.6765e-008	6.5268e-008	6.4241e-008	6.1529e-008	6.0416e-008	5.7626e-008	5.2598e-008	5.0857e-008	4.8751e-008	4.7657e-008	4.5112e-008	4.3848e-008	4.1499e-008	3.8978e-008	3.6169e-008	3.3578e-008	3.0906e-008	2.9267e-008	2.6796e-008	2.4916e-008	2.2574e-008	1.8889e-008	1.7012e-008	1.5258e-008	1.2648e-008	1.0871e-008	8.9964e-009	7.9976e-009	6.9676e-009	6.6151e-009	6.459e-009	5.8273e-009	5.6561e-009	5.2847e-009	5.8139e-009	6.7118e-009	6.7183e-009	6.4509e-009	6.5728e-009	6.5454e-009	6.9904e-009	7.3568e-009	8.7798e-009	9.745e-009	1.31e-008	1.6555e-008	1.9383e-008	2.3855e-008	3.1613e-008	3.777e-008	4.5081e-008	5.2355e-008	5.8181e-008	6.341e-008	6.9545e-008	7.4978e-008	7.8975e-008	8.3095e-008	8.6104e-008	8.9727e-008	9.1187e-008	9.1792e-008	9.3137e-008	9.4107e-008	9.4861e-008	9.5053e-008	9.4456e-008	9.4038e-008	9.3851e-008	9.3504e-008	9.2321e-008	9.1181e-008	8.9339e-008	8.7538e-008	8.6077e-008	8.3085e-008	7.9744e-008	7.6512e-008	7.4945e-008	7.412e-008	7.2163e-008	7.0439e-008	6.8584e-008	6.541e-008	6.4169e-008	6.2142e-008	6.0164e-008	5.6704e-008	5.4128e-008	5.2607e-008	4.9461e-008	4.6791e-008	4.5121e-008	4.2904e-008	4.0234e-008	3.35e-008	3.2855e-008
