# Channel: ZSensor
# Width: 1.891 µm
# Height: 0.473 µm
# Value units: m
2.6345e-009	2.5969e-009	2.7231e-009	2.5516e-009	2.8016e-009	2.4659e-009	3.1582e-009	2.773e-009	3.2245e-009	3.2649e-009	3.7533e-009	4.0988e-009	4.6307e-009	5.8387e-009	7.8127e-009	1.0635e-008	1.3706e-008	1.8316e-008	2.4386e-008	2.9293e-008	3.5431e-008	3.9353e-008	4.4454e-008	4.8947e-008	5.5046e-008	6.1407e-008	6.6577e-008	7.2144e-008	7.6569e-008	8.0418e-008	8.2294e-008	8.5393e-008	8.763e-008	8.8533e-008	8.8666e-008	8.8988e-008	9.0447e-008	9.0401e-008	8.9885e-008	8.8965e-008	8.7412e-008	8.6021e-008	8.4943e-008	8.2359e-008	8.013e-008	7.8889e-008	7.761e-008	7.5759e-008	7.2942e-008	7.1254e-008	6.9206e-008	6.767e-008	6.5949e-008	6.4421e-008	6.2607e-008	5.9889e-008	5.7671e-008	5.5277e-008	5.2155e-008	5.0275e-008	4.9136e-008	4.5684e-008	4.2619e-008	4.087e-008	3.8128e-008	3.5771e-008	3.2992e-008	3.1418e-008	3.0287e-008	2.7848e-008	2.4886e-008	2.312e-008	2.1516e-008	2.0206e-008	1.7972e-008	1.6252e-008	1.459e-008	1.3239e-008	1.236e-008	1.2107e-008	1.1174e-008	9.5285e-009	8.5214e-009	8.0859e-009	7.4026e-009	7.3196e-009	6.1642e-009	5.9112e-009	5.4253e-009	5.1309e-009	4.7935e-009	4.8824e-009	4.3817e-009	4.5161e-009	5.2303e-009	5.9214e-009	7.6882e-009	1.0096e-008	1.1032e-008	1.3197e-008	1.601e-008	1.8314e-008	2.0855e-008	2.36e-008	2.9575e-008	3.5251e-008	4.0784e-008	4.6692e-008	5.2766e-008	5.9909e-008	6.4908e-008	6.8556e-008	7.187e-008	7.5842e-008	8.0277e-008	8.3925e-008	8.7461e-008	8.9471e-008	9.0139e-008	9.2015e-008	9.2608e-008	9.2076e-008	9.0826e-008	9.0923e-008	9.0843e-008	8.9907e-008	8.8476e-008	8.657e-008	8.4638e-008	8.1997e-008	7.9911e-008	7.7092e-008	7.5629e-008	7.3351e-008	7.2042e-008	7.0663e-008	6.8663e-008	6.4914e-008	6.3097e-008	6.1081e-008	6.0452e-008	5.9662e-008	5.6375e-008	5.5599e-008	5.2453e-008	4.9631e-008	4.5035e-008	4.3012e-008	4.0706e-008	3.8417e-008	3.5819e-008	3.3436e-008	3.164e-008	2.946e-008	2.5964e-008	2.3381e-008	2.1892e-008	1.9977e-008	1.779e-008	1.4952e-008	1.3495e-008	1.1002e-008	9.5435e-009	6.5827e-009	5.2918e-009	3.7249e-009	3.2772e-009	3.3528e-009	3.2582e-009	2.8431e-009	2.416e-009	2.7721e-009	2.8587e-009	2.9131e-009	2.661e-009	2.6274e-009	3.1609e-009	2.7634e-009	2.6428e-009	2.4867e-009	3.0483e-009	4.0843e-009	4.9956e-009	6.6728e-009	9.2674e-009	1.2053e-008	1.5598e-008	1.9839e-008	2.5048e-008	3.0979e-008	3.8111e-008	4.4504e-008	4.8468e-008	5.391e-008	5.9104e-008	6.4136e-008	6.9559e-008	7.4603e-008	7.8209e-008	8.1406e-008	8.3956e-008	8.5836e-008	8.8259e-008	9.0423e-008	9.1681e-008	9.1534e-008	9.1486e-008	9.1733e-008	9.247e-008	9.2592e-008	9.1421e-008	8.8641e-008	8.5351e-008	8.4151e-008	8.3131e-008	8.1648e-008	8.0337e-008	7.8038e-008	7.5322e-008	7.2458e-008	7.0324e-008	6.7994e-008	6.6254e-008	6.4228e-008	6.253e-008	5.9949e-008	5.841e-008	5.6097e-008	5.4307e-008	5.1635e-008	4.8936e-008	4.6036e-008	4.2904e-008	4.0957e-008	3.9139e-008	3.703e-008	3.4253e-008	3.0622e-008	2.9328e-008	2.7161e-008	2.325e-008	2.1915e-008	2.037e-008	1.7504e-008	1.5347e-008	1.2607e-008	1.0448e-008	8.2897e-009	7.4359e-009	5.5585e-009	4.075e-009	3.8714e-009	3.6446e-009	2.8672e-009	3.2211e-009	3.533e-009	3.7345e-009	3.5753e-009	3.4931e-009	3.3242e-009	2.9258e-009	2.7891e-009	4.0032e-009	4.3586e-009	5.4355e-009	6.4856e-009	7.3222e-009	8.457e-009	1.0227e-008	1.2038e-008	1.5157e-008	1.8093e-008	2.2854e-008	2.6795e-008	3.2382e-008	4.0079e-008	4.5857e-008	5.3633e-008	5.8178e-008	6.2029e-008	6.6746e-008	7.1229e-008	7.6414e-008	8.0021e-008	8.3467e-008	8.6928e-008	9.0321e-008	9.1628e-008	9.184e-008	9.3238e-008	9.4336e-008	9.4358e-008	9.3359e-008	9.3042e-008	9.2617e-008	9.1633e-008	8.859e-008	8.7633e-008	8.6628e-008	8.3975e-008	8.1181e-008	7.9227e-008	7.8064e-008	7.6091e-008	7.549e-008	7.2723e-008	6.9465e-008	6.6243e-008	6.4703e-008	6.2007e-008	5.8749e-008	5.73e-008	5.5553e-008	5.2898e-008	5.071e-008	4.6714e-008	4.3255e-008	4.0209e-008	3.8032e-008	3.583e-008	3.4216e-008	3.1336e-008	2.9332e-008	2.5995e-008	2.3397e-008	2.0534e-008	1.7706e-008	1.5873e-008	1.3082e-008	1.1585e-008	9.9388e-009	8.615e-009	7.0616e-009	6.1609e-009	5.1842e-009	4.525e-009	3.9782e-009	3.9723e-009	3.8705e-009	3.6485e-009	3.4018e-009	3.3035e-009	3.0233e-009	2.8387e-009	2.6102e-009	3.0181e-009	3.4577e-009	3.4613e-009	3.7959e-009	3.8411e-009	3.9604e-009	3.9282e-009	4.0998e-009	4.5614e-009	6.8535e-009	1.0252e-008	1.3758e-008	1.7428e-008	2.3073e-008	2.8953e-008	3.6019e-008	4.4666e-008	5.0044e-008	5.581e-008	6.3305e-008	6.8509e-008	7.1175e-008	7.6295e-008	7.9566e-008	8.2136e-008	8.415e-008	8.7405e-008	8.9015e-008	9.017e-008	9.1978e-008	9.3671e-008	9.3418e-008	9.2451e-008	9.0786e-008	8.9826e-008	8.8462e-008	8.8507e-008	8.6782e-008	8.3734e-008	8.1593e-008	8.017e-008	7.7839e-008	7.5992e-008	7.4163e-008	7.0448e-008	6.8446e-008	6.6192e-008	6.4684e-008	6.2379e-008	6.1694e-008	5.9438e-008	5.7564e-008	5.5283e-008	5.3003e-008	4.9582e-008	4.635e-008	4.3932e-008	4.1123e-008	3.9074e-008	3.7066e-008	3.4395e-008	3.0978e-008	2.8549e-008	2.6467e-008	2.5426e-008	2.2821e-008	2.0379e-008	1.8058e-008	1.5728e-008	1.3037e-008	1.1469e-008	9.1513e-009	7.5442e-009	6.1258e-009	5.0361e-009	4.2104e-009	3.7295e-009	2.9946e-009	2.8421e-009	3.5383e-009	3.3503e-009	3.4791e-009	3.55e-009	3.7916e-009	3.6592e-009	3.5872e-009	3.904e-009	4.1501e-009	5.2542e-009	6.8968e-009	8.3503e-009	1.0457e-008	1.224e-008	1.5846e-008	1.888e-008	2.2086e-008	2.6153e-008	2.9468e-008	3.5323e-008	4.079e-008	4.449e-008	4.855e-008	5.2238e-008	5.7232e-008	6.4327e-008	6.9084e-008	7.3832e-008	7.8356e-008	8.0595e-008	8.1534e-008	8.3663e-008	8.6452e-008	8.8217e-008	8.9507e-008	9.0419e-008	9.1488e-008	9.2287e-008	9.2724e-008	9.3178e-008	9.1763e-008	9.0132e-008	8.9163e-008	8.7026e-008	8.4543e-008	8.2894e-008	8.0898e-008	7.9729e-008	7.8357e-008	7.6953e-008	7.4845e-008	7.1922e-008	6.8938e-008	6.6342e-008	6.3893e-008	6.1246e-008	5.9195e-008	5.6883e-008	5.5306e-008	5.1573e-008	4.9417e-008	4.7267e-008	4.4223e-008	4.3003e-008	4.2438e-008	4.0535e-008	3.8556e-008	3.6629e-008	3.4323e-008	3.3194e-008	3.0585e-008	2.9172e-008	2.7776e-008	2.6157e-008	2.4231e-008	2.0997e-008	2.0185e-008	1.8563e-008	1.5935e-008	1.4761e-008	1.256e-008	1.0521e-008	8.9322e-009	7.0663e-009	6.5017e-009	5.7854e-009	5.4121e-009	4.5541e-009
2.6202e-009	2.6206e-009	2.114e-009	2.7145e-009	2.8075e-009	2.1672e-009	2.4191e-009	2.544e-009	3.3657e-009	3.5102e-009	3.8174e-009	4.214e-009	4.337e-009	6.1522e-009	7.6253e-009	1.0337e-008	1.3342e-008	1.8376e-008	2.4365e-008	2.9837e-008	3.4886e-008	3.9611e-008	4.4275e-008	4.8594e-008	5.6028e-008	6.1844e-008	6.7362e-008	7.2869e-008	7.7186e-008	8.0213e-008	8.2338e-008	8.5577e-008	8.8781e-008	8.9732e-008	9.0011e-008	8.9545e-008	9.0622e-008	9.0315e-008	8.9636e-008	8.9882e-008	8.7886e-008	8.6524e-008	8.4763e-008	8.2718e-008	8.0695e-008	8.0284e-008	7.7942e-008	7.5448e-008	7.3071e-008	7.0663e-008	6.9293e-008	6.6885e-008	6.5557e-008	6.3534e-008	6.1769e-008	5.9466e-008	5.7424e-008	5.6193e-008	5.2323e-008	5.0415e-008	4.8362e-008	4.4111e-008	4.256e-008	4.0546e-008	3.848e-008	3.5266e-008	3.3494e-008	3.1104e-008	2.963e-008	2.748e-008	2.454e-008	2.3293e-008	2.1741e-008	2.0308e-008	1.7688e-008	1.576e-008	1.4494e-008	1.3153e-008	1.2153e-008	1.1727e-008	1.0202e-008	9.3989e-009	8.2052e-009	7.5789e-009	6.8223e-009	6.382e-009	5.858e-009	5.4467e-009	4.4044e-009	4.4003e-009	4.0643e-009	4.1333e-009	4.3387e-009	4.5821e-009	4.8485e-009	5.4275e-009	6.5869e-009	7.9259e-009	9.8056e-009	1.2233e-008	1.537e-008	1.7531e-008	1.9958e-008	2.3894e-008	2.851e-008	3.437e-008	3.9199e-008	4.6318e-008	5.3602e-008	5.9566e-008	6.5369e-008	6.8548e-008	7.1656e-008	7.5569e-008	8.1327e-008	8.3717e-008	8.6392e-008	8.9139e-008	9.032e-008	9.1427e-008	9.2137e-008	9.067e-008	9.0458e-008	9.1021e-008	9.0969e-008	8.9911e-008	8.8428e-008	8.6519e-008	8.4796e-008	8.2356e-008	8.0244e-008	7.7564e-008	7.5706e-008	7.3456e-008	7.1896e-008	7.0606e-008	6.8045e-008	6.5319e-008	6.403e-008	6.2688e-008	6.1135e-008	6.0145e-008	5.7494e-008	5.5846e-008	5.3034e-008	4.9157e-008	4.5666e-008	4.2796e-008	4.0748e-008	3.8017e-008	3.5788e-008	3.3082e-008	3.1569e-008	2.8453e-008	2.4963e-008	2.3208e-008	2.114e-008	1.9277e-008	1.8033e-008	1.5057e-008	1.2765e-008	1.0367e-008	8.2611e-009	6.3124e-009	4.7673e-009	3.5775e-009	3.2353e-009	3.227e-009	3.0499e-009	2.8104e-009	2.691e-009	2.5723e-009	2.738e-009	2.9132e-009	2.7165e-009	2.6625e-009	3.2709e-009	3.1109e-009	2.9032e-009	2.6117e-009	3.4667e-009	4.0786e-009	5.0733e-009	7.3664e-009	1.0035e-008	1.2038e-008	1.5884e-008	2.045e-008	2.5282e-008	3.0769e-008	3.8422e-008	4.4928e-008	4.8903e-008	5.4066e-008	5.9068e-008	6.5538e-008	7.0544e-008	7.5862e-008	7.9929e-008	8.2186e-008	8.4124e-008	8.5707e-008	8.8325e-008	9.1772e-008	9.28e-008	9.2242e-008	9.1483e-008	9.1078e-008	9.1366e-008	9.1367e-008	8.9351e-008	8.7872e-008	8.5556e-008	8.3919e-008	8.3173e-008	8.1737e-008	8.0506e-008	7.7999e-008	7.5779e-008	7.2397e-008	7.1017e-008	6.7712e-008	6.5313e-008	6.4107e-008	6.2807e-008	6.0021e-008	5.8322e-008	5.5914e-008	5.3456e-008	5.1361e-008	4.9034e-008	4.6357e-008	4.2614e-008	4.0645e-008	3.8614e-008	3.5843e-008	3.416e-008	3.1173e-008	2.9534e-008	2.705e-008	2.3217e-008	2.2049e-008	2.004e-008	1.7716e-008	1.4609e-008	1.1633e-008	1.0086e-008	8.6891e-009	7.591e-009	6.1014e-009	3.9516e-009	3.646e-009	3.4023e-009	2.9176e-009	3.2927e-009	3.4269e-009	3.3658e-009	3.2853e-009	3.2564e-009	3.0942e-009	2.569e-009	2.2989e-009	3.0341e-009	4.0268e-009	5.0107e-009	5.7573e-009	7.0689e-009	8.1051e-009	9.7424e-009	1.2102e-008	1.4723e-008	1.9434e-008	2.2944e-008	2.6552e-008	3.2873e-008	3.9818e-008	4.5812e-008	5.3617e-008	5.9271e-008	6.406e-008	6.7444e-008	7.2011e-008	7.5921e-008	8.0301e-008	8.2971e-008	8.6306e-008	9.0273e-008	9.1255e-008	9.1524e-008	9.3078e-008	9.3918e-008	9.3829e-008	9.3727e-008	9.3123e-008	9.1879e-008	9.0743e-008	8.9136e-008	8.7651e-008	8.7671e-008	8.5916e-008	8.1894e-008	7.9226e-008	7.7444e-008	7.5444e-008	7.4677e-008	7.2266e-008	7.0182e-008	6.6686e-008	6.5182e-008	6.1633e-008	5.8921e-008	5.7237e-008	5.5366e-008	5.3373e-008	4.9924e-008	4.6156e-008	4.3148e-008	4.0195e-008	3.8145e-008	3.5928e-008	3.3589e-008	3.0971e-008	2.8353e-008	2.5744e-008	2.3278e-008	2.0307e-008	1.7558e-008	1.5711e-008	1.3272e-008	1.1969e-008	1.0142e-008	8.4307e-009	7.4928e-009	5.9601e-009	5.0994e-009	4.5585e-009	3.9824e-009	3.6387e-009	3.9894e-009	3.7563e-009	3.4817e-009	3.293e-009	2.8141e-009	2.3336e-009	2.6625e-009	2.9525e-009	3.7426e-009	3.7039e-009	4.1919e-009	4.1014e-009	4.2863e-009	4.1524e-009	4.3866e-009	4.7674e-009	6.3347e-009	1.0022e-008	1.3387e-008	1.6822e-008	2.2247e-008	2.7824e-008	3.5303e-008	4.2637e-008	4.9705e-008	5.7293e-008	6.2904e-008	6.7458e-008	7.1033e-008	7.587e-008	7.9511e-008	8.3249e-008	8.4933e-008	8.764e-008	8.903e-008	9.0072e-008	9.182e-008	9.2541e-008	9.3026e-008	9.182e-008	9.0366e-008	8.9316e-008	8.8757e-008	8.9024e-008	8.7176e-008	8.3548e-008	8.209e-008	8.0395e-008	7.8029e-008	7.5657e-008	7.3472e-008	7.0019e-008	6.7899e-008	6.6261e-008	6.5306e-008	6.3692e-008	6.138e-008	5.8668e-008	5.6116e-008	5.4751e-008	5.2603e-008	5.0232e-008	4.5966e-008	4.4291e-008	4.1788e-008	3.9287e-008	3.7367e-008	3.4634e-008	3.2112e-008	2.904e-008	2.7009e-008	2.5799e-008	2.3042e-008	2.0761e-008	1.8844e-008	1.6638e-008	1.3589e-008	1.1516e-008	1.0082e-008	7.8847e-009	6.0188e-009	4.9993e-009	4.084e-009	3.5901e-009	2.9862e-009	2.6867e-009	2.9515e-009	3.3908e-009	3.4426e-009	3.6488e-009	3.8115e-009	3.8306e-009	3.7475e-009	4.0009e-009	4.4182e-009	5.4107e-009	7.421e-009	8.7721e-009	1.0963e-008	1.2519e-008	1.5591e-008	1.8618e-008	2.2699e-008	2.6519e-008	2.9128e-008	3.2896e-008	3.8948e-008	4.4346e-008	4.8089e-008	5.1075e-008	5.7037e-008	6.4082e-008	6.9967e-008	7.4745e-008	7.946e-008	8.146e-008	8.263e-008	8.4301e-008	8.6388e-008	8.8207e-008	8.9276e-008	9.0255e-008	9.1248e-008	9.1817e-008	9.2523e-008	9.3137e-008	9.1963e-008	9.0414e-008	8.8809e-008	8.6778e-008	8.4633e-008	8.3063e-008	8.1588e-008	8.0153e-008	7.8461e-008	7.644e-008	7.3713e-008	7.1013e-008	6.7218e-008	6.5855e-008	6.3266e-008	6.1076e-008	5.8632e-008	5.6688e-008	5.4747e-008	5.0637e-008	4.911e-008	4.7235e-008	4.4012e-008	4.2856e-008	4.2114e-008	3.992e-008	3.8439e-008	3.6599e-008	3.4065e-008	3.2739e-008	3.037e-008	2.8505e-008	2.6967e-008	2.6134e-008	2.408e-008	2.0662e-008	1.972e-008	1.762e-008	1.5227e-008	1.4021e-008	1.2292e-008	1.007e-008	8.2183e-009	6.9284e-009	5.88e-009	5.7387e-009	5.32e-009	4.5285e-009
2.7067e-009	2.5172e-009	2.4283e-009	2.467e-009	3.0123e-009	2.2267e-009	2.0891e-009	2.3002e-009	2.8147e-009	3.2911e-009	3.7042e-009	4.077e-009	4.4426e-009	6.4186e-009	8.2582e-009	1.0284e-008	1.3097e-008	1.8331e-008	2.4817e-008	2.8844e-008	3.3896e-008	3.9287e-008	4.3744e-008	5.0288e-008	5.6957e-008	6.2365e-008	6.8174e-008	7.3722e-008	7.6911e-008	8.0037e-008	8.2191e-008	8.5926e-008	8.9132e-008	9.022e-008	9.0642e-008	8.9813e-008	9.0449e-008	9.0253e-008	8.9608e-008	8.9956e-008	8.9025e-008	8.6728e-008	8.3905e-008	8.2997e-008	8.1825e-008	8.1022e-008	7.8718e-008	7.5751e-008	7.4437e-008	7.1239e-008	6.9605e-008	6.7177e-008	6.4558e-008	6.2692e-008	6.1744e-008	5.9573e-008	5.8022e-008	5.6064e-008	5.2901e-008	4.9833e-008	4.7332e-008	4.3825e-008	4.2634e-008	4.0752e-008	3.8906e-008	3.497e-008	3.3534e-008	3.0852e-008	2.8842e-008	2.6931e-008	2.4745e-008	2.2743e-008	2.1605e-008	1.9719e-008	1.7574e-008	1.593e-008	1.4116e-008	1.2777e-008	1.1657e-008	1.0717e-008	1.0137e-008	9.1277e-009	7.9649e-009	6.9624e-009	6.3608e-009	5.977e-009	4.8809e-009	4.3632e-009	3.8879e-009	3.8594e-009	3.8639e-009	4.0717e-009	4.2661e-009	4.4476e-009	4.6377e-009	4.8364e-009	5.688e-009	6.9707e-009	9.482e-009	1.1003e-008	1.4043e-008	1.6515e-008	1.9517e-008	2.3246e-008	2.8317e-008	3.2145e-008	3.7864e-008	4.4223e-008	5.3928e-008	6.0916e-008	6.6112e-008	6.9376e-008	7.2092e-008	7.5284e-008	8.0168e-008	8.3913e-008	8.5988e-008	8.8697e-008	9.0188e-008	9.0661e-008	9.1252e-008	9.0844e-008	9.104e-008	9.1114e-008	9.0747e-008	8.9252e-008	8.795e-008	8.6369e-008	8.4605e-008	8.2862e-008	7.9901e-008	7.7541e-008	7.5638e-008	7.3645e-008	7.1622e-008	7.042e-008	6.7269e-008	6.4521e-008	6.4511e-008	6.406e-008	6.1737e-008	5.9808e-008	5.737e-008	5.6023e-008	5.2466e-008	4.9165e-008	4.6724e-008	4.3139e-008	3.9808e-008	3.7873e-008	3.6013e-008	3.3686e-008	3.1432e-008	2.7957e-008	2.5461e-008	2.2881e-008	2.1246e-008	1.8761e-008	1.7516e-008	1.4675e-008	1.3215e-008	1.0491e-008	7.4526e-009	6.1601e-009	4.8221e-009	3.5324e-009	3.0013e-009	2.9146e-009	2.7167e-009	2.3727e-009	2.6823e-009	2.9892e-009	2.5761e-009	2.7518e-009	3.166e-009	2.979e-009	3.3561e-009	3.1048e-009	2.9035e-009	3.0301e-009	3.6967e-009	3.8937e-009	5.0951e-009	7.2513e-009	1.0104e-008	1.2534e-008	1.5598e-008	2.0835e-008	2.4521e-008	3.0369e-008	3.5345e-008	4.3836e-008	4.877e-008	5.338e-008	6.0425e-008	6.6365e-008	7.1165e-008	7.6493e-008	8.0732e-008	8.2316e-008	8.4255e-008	8.6797e-008	8.9895e-008	9.1994e-008	9.3403e-008	9.3119e-008	9.1664e-008	9.0676e-008	9.0522e-008	8.9959e-008	8.8202e-008	8.7396e-008	8.5563e-008	8.4229e-008	8.2993e-008	8.1837e-008	8.0316e-008	7.7514e-008	7.5799e-008	7.297e-008	7.1006e-008	6.8599e-008	6.5917e-008	6.3868e-008	6.2074e-008	6.0084e-008	5.803e-008	5.6746e-008	5.4058e-008	5.1764e-008	4.8529e-008	4.4977e-008	4.2451e-008	3.9957e-008	3.8471e-008	3.5995e-008	3.4195e-008	3.1579e-008	2.9546e-008	2.7396e-008	2.4245e-008	2.2033e-008	2.0332e-008	1.8023e-008	1.3994e-008	1.2259e-008	1.0674e-008	9.2047e-009	7.4373e-009	5.8456e-009	4.3654e-009	3.8737e-009	3.6566e-009	3.2259e-009	3.0967e-009	3.2257e-009	2.8403e-009	3.3376e-009	3.2589e-009	3.1709e-009	2.8665e-009	2.5702e-009	3.1937e-009	3.8529e-009	4.3999e-009	5.2227e-009	6.1283e-009	7.2535e-009	9.1672e-009	1.143e-008	1.37e-008	1.8475e-008	2.2821e-008	2.6857e-008	3.2921e-008	3.8902e-008	4.5274e-008	5.2639e-008	5.9605e-008	6.5289e-008	6.7439e-008	7.1803e-008	7.5766e-008	7.9913e-008	8.2311e-008	8.5006e-008	8.8601e-008	9.0341e-008	9.1375e-008	9.2363e-008	9.2952e-008	9.3121e-008	9.333e-008	9.3009e-008	9.2049e-008	9.0606e-008	8.9274e-008	8.8046e-008	8.8051e-008	8.6775e-008	8.314e-008	7.9097e-008	7.7594e-008	7.5812e-008	7.382e-008	7.247e-008	7.0921e-008	6.8619e-008	6.6146e-008	6.3241e-008	5.9034e-008	5.8153e-008	5.5344e-008	5.3331e-008	4.9427e-008	4.6727e-008	4.4325e-008	4.0435e-008	3.8139e-008	3.5461e-008	3.2481e-008	3.0748e-008	2.7795e-008	2.4825e-008	2.2102e-008	2.0888e-008	1.8529e-008	1.5535e-008	1.3583e-008	1.2253e-008	1.0412e-008	8.5935e-009	7.6441e-009	5.683e-009	4.7129e-009	4.1407e-009	3.7675e-009	3.6683e-009	3.7259e-009	3.226e-009	3.0838e-009	2.6002e-009	2.3249e-009	1.6639e-009	2.3983e-009	2.8708e-009	3.4293e-009	3.9249e-009	3.9367e-009	4.0695e-009	4.335e-009	4.2188e-009	4.737e-009	5.2013e-009	6.5822e-009	9.3599e-009	1.2961e-008	1.7679e-008	2.2689e-008	2.8616e-008	3.5795e-008	4.2955e-008	4.8956e-008	5.574e-008	6.1375e-008	6.6656e-008	7.0397e-008	7.4587e-008	7.8391e-008	8.3222e-008	8.4976e-008	8.7206e-008	8.8797e-008	9.0164e-008	9.1849e-008	9.1988e-008	9.1582e-008	9.091e-008	8.9488e-008	8.908e-008	8.8749e-008	8.8715e-008	8.7954e-008	8.4188e-008	8.2101e-008	8.0073e-008	7.8635e-008	7.4529e-008	7.1706e-008	6.9256e-008	6.7626e-008	6.6335e-008	6.5151e-008	6.3354e-008	6.1105e-008	5.8371e-008	5.5265e-008	5.4261e-008	5.2462e-008	4.9408e-008	4.664e-008	4.4704e-008	4.2269e-008	4.029e-008	3.7383e-008	3.4555e-008	3.2214e-008	2.9548e-008	2.7254e-008	2.5885e-008	2.3192e-008	2.1627e-008	1.8062e-008	1.7045e-008	1.4435e-008	1.3214e-008	1.0573e-008	8.4288e-009	6.564e-009	5.4531e-009	4.7061e-009	3.7575e-009	3.2155e-009	2.968e-009	2.8008e-009	2.803e-009	3.1246e-009	3.5055e-009	3.6457e-009	3.7129e-009	3.4974e-009	3.7087e-009	4.1933e-009	5.491e-009	7.4617e-009	9.3988e-009	1.1007e-008	1.3493e-008	1.5417e-008	1.8329e-008	2.2488e-008	2.623e-008	2.8622e-008	3.2427e-008	3.5213e-008	4.2452e-008	4.6419e-008	5.0267e-008	5.5627e-008	6.29e-008	7.0061e-008	7.4905e-008	7.8371e-008	8.1301e-008	8.266e-008	8.5133e-008	8.7008e-008	8.8388e-008	8.918e-008	9.0281e-008	9.1338e-008	9.182e-008	9.2625e-008	9.312e-008	9.2124e-008	9.0536e-008	8.7767e-008	8.6514e-008	8.4674e-008	8.2733e-008	8.1618e-008	7.891e-008	7.6937e-008	7.5256e-008	7.3255e-008	7.0879e-008	6.6666e-008	6.4896e-008	6.2749e-008	5.9389e-008	5.7479e-008	5.5372e-008	5.3099e-008	4.9635e-008	4.854e-008	4.685e-008	4.3166e-008	4.1564e-008	4.0899e-008	3.9569e-008	3.8448e-008	3.6688e-008	3.3823e-008	3.2143e-008	2.9701e-008	2.7353e-008	2.5649e-008	2.4702e-008	2.2128e-008	2.0434e-008	1.8537e-008	1.6882e-008	1.4582e-008	1.3103e-008	1.1859e-008	9.479e-009	7.5375e-009	6.06e-009	5.4111e-009	5.104e-009	5.0338e-009	4.5375e-009
2.2231e-009	1.9468e-009	2.2732e-009	2.4619e-009	2.522e-009	2.0895e-009	2.1003e-009	1.5804e-009	2.201e-009	3.0012e-009	3.7276e-009	4.3272e-009	4.8441e-009	6.2547e-009	8.2495e-009	9.915e-009	1.3749e-008	1.8304e-008	2.3256e-008	2.9284e-008	3.3242e-008	3.8702e-008	4.4101e-008	5.1601e-008	5.9477e-008	6.439e-008	6.9179e-008	7.4317e-008	7.7561e-008	8.0291e-008	8.2182e-008	8.5319e-008	8.8621e-008	9.0254e-008	9.0231e-008	8.9838e-008	8.9515e-008	8.9865e-008	8.9598e-008	8.9462e-008	8.8746e-008	8.6797e-008	8.3864e-008	8.2785e-008	8.1732e-008	8.107e-008	7.8108e-008	7.5795e-008	7.4158e-008	7.2017e-008	6.909e-008	6.6726e-008	6.398e-008	6.2303e-008	6.035e-008	5.9093e-008	5.7676e-008	5.5004e-008	5.2762e-008	4.9292e-008	4.764e-008	4.5037e-008	4.2264e-008	4.0889e-008	3.8841e-008	3.6278e-008	3.3688e-008	3.1315e-008	2.8869e-008	2.6925e-008	2.5352e-008	2.2961e-008	2.1168e-008	1.9041e-008	1.7371e-008	1.574e-008	1.426e-008	1.2441e-008	1.1604e-008	1.0611e-008	9.6223e-009	8.6435e-009	7.37e-009	6.0584e-009	5.6052e-009	5.2851e-009	4.2092e-009	3.7189e-009	3.4795e-009	3.6733e-009	4.0226e-009	3.7063e-009	3.9669e-009	4.131e-009	4.2558e-009	4.6054e-009	5.042e-009	6.031e-009	8.2457e-009	1.0268e-008	1.2321e-008	1.4929e-008	1.887e-008	2.2631e-008	2.722e-008	3.2577e-008	3.7283e-008	4.427e-008	5.3982e-008	5.9737e-008	6.7222e-008	7.0165e-008	7.265e-008	7.5576e-008	7.8949e-008	8.3539e-008	8.6088e-008	8.8889e-008	9.0048e-008	9.0681e-008	9.0984e-008	9.1079e-008	9.1131e-008	9.1035e-008	9.0333e-008	8.8843e-008	8.7491e-008	8.6216e-008	8.4816e-008	8.2627e-008	7.9441e-008	7.7476e-008	7.6013e-008	7.3769e-008	7.2528e-008	7.0702e-008	6.7949e-008	6.5232e-008	6.5089e-008	6.3826e-008	6.1895e-008	5.8965e-008	5.6669e-008	5.4527e-008	5.2133e-008	4.9188e-008	4.6897e-008	4.4453e-008	4.0368e-008	3.7906e-008	3.6072e-008	3.3337e-008	3.0981e-008	2.8823e-008	2.5355e-008	2.2544e-008	2.1101e-008	1.8743e-008	1.6225e-008	1.4173e-008	1.256e-008	9.9377e-009	7.5849e-009	5.8868e-009	4.6664e-009	3.7445e-009	2.4873e-009	2.3923e-009	2.248e-009	2.1371e-009	2.8765e-009	3.1167e-009	2.938e-009	2.5803e-009	2.9456e-009	2.6381e-009	3.1592e-009	2.6761e-009	2.9132e-009	3.4916e-009	3.9287e-009	3.9598e-009	5.1881e-009	7.2168e-009	9.5294e-009	1.2262e-008	1.4717e-008	2.0546e-008	2.4575e-008	3.015e-008	3.5401e-008	4.2773e-008	4.8855e-008	5.2868e-008	5.9573e-008	6.6205e-008	7.2211e-008	7.6052e-008	8.0331e-008	8.2075e-008	8.4949e-008	8.7638e-008	9.0807e-008	9.2228e-008	9.3742e-008	9.3286e-008	9.143e-008	9.0469e-008	8.9583e-008	8.8862e-008	8.7763e-008	8.6505e-008	8.5571e-008	8.4412e-008	8.296e-008	8.113e-008	7.9391e-008	7.6832e-008	7.5357e-008	7.3018e-008	7.0278e-008	6.8371e-008	6.5991e-008	6.2933e-008	6.1467e-008	5.9217e-008	5.8145e-008	5.5818e-008	5.321e-008	5.1016e-008	4.7462e-008	4.4187e-008	4.1815e-008	3.9489e-008	3.7639e-008	3.5523e-008	3.3031e-008	3.0978e-008	2.8822e-008	2.6527e-008	2.4268e-008	2.1929e-008	1.9585e-008	1.6907e-008	1.3928e-008	1.1978e-008	1.0175e-008	8.511e-009	6.9578e-009	5.0044e-009	4.6592e-009	3.7158e-009	3.44e-009	3.4616e-009	3.1485e-009	2.9631e-009	2.3025e-009	3.1531e-009	3.0899e-009	3.2098e-009	2.5496e-009	2.6656e-009	3.0167e-009	3.6518e-009	3.773e-009	4.4344e-009	5.8968e-009	7.1729e-009	8.6662e-009	1.151e-008	1.3972e-008	1.722e-008	2.1852e-008	2.6957e-008	3.1723e-008	3.9267e-008	4.4352e-008	5.2583e-008	5.8692e-008	6.3812e-008	6.7924e-008	7.1684e-008	7.5782e-008	7.9597e-008	8.2893e-008	8.511e-008	8.7686e-008	9.028e-008	9.115e-008	9.1772e-008	9.1606e-008	9.2376e-008	9.286e-008	9.2263e-008	9.1753e-008	9.0365e-008	8.8959e-008	8.7963e-008	8.7716e-008	8.6135e-008	8.1906e-008	7.8718e-008	7.7035e-008	7.5223e-008	7.3178e-008	7.2076e-008	7.0306e-008	6.8162e-008	6.6191e-008	6.4087e-008	5.9141e-008	5.7358e-008	5.4727e-008	5.2414e-008	4.8874e-008	4.663e-008	4.4794e-008	4.1952e-008	3.7895e-008	3.5467e-008	3.1948e-008	3.0052e-008	2.6791e-008	2.4213e-008	2.2321e-008	2.0241e-008	1.7623e-008	1.5056e-008	1.3282e-008	1.2198e-008	9.5183e-009	8.1378e-009	7.19e-009	5.6508e-009	4.0542e-009	3.6113e-009	3.572e-009	3.5455e-009	3.5677e-009	2.8884e-009	2.8355e-009	2.7556e-009	2.3477e-009	2.2224e-009	2.1899e-009	2.631e-009	3.5049e-009	4.3714e-009	3.8221e-009	3.9841e-009	4.2463e-009	4.3221e-009	4.727e-009	5.2493e-009	6.5601e-009	9.282e-009	1.2592e-008	1.6339e-008	2.3537e-008	3.011e-008	3.6308e-008	4.2622e-008	4.8431e-008	5.5102e-008	5.9951e-008	6.5387e-008	6.9149e-008	7.4582e-008	7.8058e-008	8.2571e-008	8.5516e-008	8.6831e-008	8.8431e-008	8.9417e-008	9.2228e-008	9.2318e-008	9.1313e-008	9.0278e-008	8.9658e-008	8.8664e-008	8.8532e-008	8.8088e-008	8.7533e-008	8.475e-008	8.0625e-008	7.929e-008	7.8175e-008	7.4707e-008	7.1984e-008	6.9177e-008	6.7507e-008	6.6284e-008	6.4087e-008	6.2613e-008	6.0834e-008	5.7216e-008	5.4596e-008	5.2537e-008	5.0487e-008	4.743e-008	4.6046e-008	4.4556e-008	4.2423e-008	4.037e-008	3.7352e-008	3.4516e-008	3.2212e-008	2.9298e-008	2.7752e-008	2.5309e-008	2.3206e-008	2.2285e-008	1.9258e-008	1.7317e-008	1.472e-008	1.3569e-008	1.1553e-008	8.8693e-009	7.4485e-009	5.7997e-009	4.7725e-009	3.8225e-009	3.4743e-009	3.1393e-009	2.8848e-009	2.2581e-009	2.4443e-009	3.2321e-009	3.5527e-009	3.4547e-009	3.1751e-009	3.1564e-009	4.0774e-009	5.3382e-009	7.2614e-009	9.2925e-009	1.1532e-008	1.3768e-008	1.5588e-008	1.8115e-008	2.2547e-008	2.6346e-008	2.8907e-008	3.2717e-008	3.6246e-008	4.1103e-008	4.5718e-008	5.0121e-008	5.4967e-008	6.1497e-008	6.8534e-008	7.4459e-008	7.709e-008	8.0364e-008	8.4015e-008	8.6342e-008	8.8581e-008	8.9621e-008	9.047e-008	9.0753e-008	9.1168e-008	9.1649e-008	9.2463e-008	9.276e-008	9.1859e-008	9.0373e-008	8.8187e-008	8.6843e-008	8.4415e-008	8.2222e-008	8.1146e-008	7.7325e-008	7.6031e-008	7.4947e-008	7.3036e-008	6.9396e-008	6.6038e-008	6.333e-008	6.2376e-008	5.8891e-008	5.644e-008	5.3932e-008	5.2013e-008	4.9401e-008	4.7815e-008	4.5874e-008	4.3427e-008	4.1333e-008	3.9717e-008	3.8617e-008	3.7409e-008	3.5736e-008	3.2965e-008	3.0735e-008	2.8144e-008	2.6457e-008	2.4465e-008	2.2678e-008	2.161e-008	1.9892e-008	1.8219e-008	1.5759e-008	1.4108e-008	1.277e-008	1.1432e-008	9.2663e-009	6.7336e-009	5.6133e-009	5.1877e-009	4.7791e-009	4.713e-009	4.5147e-009
2.174e-009	2.1463e-009	2.2257e-009	2.7885e-009	2.7846e-009	2.3699e-009	2.1076e-009	1.7503e-009	2.1659e-009	3.075e-009	3.6743e-009	4.5683e-009	5.1318e-009	6.4776e-009	8.2186e-009	1.0235e-008	1.5116e-008	1.9476e-008	2.317e-008	2.8775e-008	3.327e-008	3.8732e-008	4.5452e-008	5.3621e-008	6.0483e-008	6.6685e-008	7.0597e-008	7.4245e-008	7.7793e-008	8.0927e-008	8.2489e-008	8.6027e-008	8.8774e-008	8.9878e-008	8.9507e-008	8.9805e-008	8.9981e-008	8.9908e-008	8.9393e-008	8.9126e-008	8.8427e-008	8.6351e-008	8.4838e-008	8.2593e-008	8.1741e-008	8.0882e-008	7.828e-008	7.5872e-008	7.4427e-008	7.2838e-008	6.9745e-008	6.6455e-008	6.4825e-008	6.2644e-008	6.0175e-008	5.8574e-008	5.761e-008	5.4953e-008	5.2422e-008	5.0155e-008	4.7733e-008	4.5721e-008	4.261e-008	4.1086e-008	3.8211e-008	3.6025e-008	3.4002e-008	3.1531e-008	2.9679e-008	2.7238e-008	2.5298e-008	2.3239e-008	2.1067e-008	1.9092e-008	1.7382e-008	1.6055e-008	1.4106e-008	1.2641e-008	1.125e-008	9.8015e-009	8.8431e-009	8.3622e-009	6.9106e-009	5.1379e-009	4.4727e-009	4.4798e-009	3.893e-009	3.5536e-009	3.4551e-009	3.2995e-009	3.6634e-009	3.3722e-009	3.1611e-009	4.0324e-009	3.875e-009	3.9327e-009	4.708e-009	6.0858e-009	7.4137e-009	9.0985e-009	1.1484e-008	1.4377e-008	1.8062e-008	2.2981e-008	2.7932e-008	3.3646e-008	3.8706e-008	4.5909e-008	5.4003e-008	5.9161e-008	6.6017e-008	7.0502e-008	7.3186e-008	7.6374e-008	8.0036e-008	8.3565e-008	8.5969e-008	8.8503e-008	9.024e-008	9.1266e-008	9.1357e-008	9.1549e-008	9.1365e-008	9.098e-008	9.0643e-008	8.8777e-008	8.7849e-008	8.6202e-008	8.5086e-008	8.3144e-008	8.0305e-008	7.819e-008	7.6222e-008	7.413e-008	7.3214e-008	7.1179e-008	6.8457e-008	6.6083e-008	6.5417e-008	6.4245e-008	6.0418e-008	5.835e-008	5.6591e-008	5.4102e-008	5.2337e-008	4.9716e-008	4.7329e-008	4.5697e-008	4.175e-008	3.7603e-008	3.6364e-008	3.3905e-008	3.1278e-008	2.9354e-008	2.7406e-008	2.2783e-008	2.0967e-008	1.849e-008	1.5752e-008	1.3702e-008	1.2141e-008	9.9723e-009	7.3644e-009	6.3634e-009	5.3487e-009	3.9873e-009	2.7781e-009	2.5395e-009	2.3044e-009	2.5242e-009	3.1338e-009	3.294e-009	2.9957e-009	2.9523e-009	2.8205e-009	2.3474e-009	2.6116e-009	2.7589e-009	3.2458e-009	4.111e-009	4.3398e-009	4.3787e-009	5.4628e-009	7.5412e-009	9.6283e-009	1.3539e-008	1.5622e-008	2.0222e-008	2.472e-008	3.092e-008	3.5632e-008	4.1454e-008	4.977e-008	5.399e-008	5.9521e-008	6.5042e-008	7.1245e-008	7.5092e-008	7.8628e-008	8.1848e-008	8.4967e-008	8.8276e-008	9.0816e-008	9.2089e-008	9.3791e-008	9.3243e-008	9.1548e-008	9.0797e-008	9.0267e-008	8.9201e-008	8.7543e-008	8.6686e-008	8.5899e-008	8.5027e-008	8.2905e-008	8.0611e-008	7.8102e-008	7.6783e-008	7.5142e-008	7.2748e-008	6.9818e-008	6.8046e-008	6.5433e-008	6.3472e-008	6.1644e-008	5.9408e-008	5.8106e-008	5.5937e-008	5.2156e-008	5.0096e-008	4.6864e-008	4.3922e-008	4.1592e-008	3.9306e-008	3.7264e-008	3.5225e-008	3.2176e-008	3.1078e-008	2.8919e-008	2.6534e-008	2.4767e-008	2.1681e-008	1.8202e-008	1.6299e-008	1.4711e-008	1.2665e-008	9.9451e-009	8.0034e-009	6.5095e-009	5.2677e-009	4.6152e-009	3.7049e-009	3.7054e-009	3.8493e-009	3.7416e-009	3.9391e-009	2.6847e-009	3.0057e-009	3.0509e-009	3.1473e-009	3.3717e-009	3.6905e-009	3.1062e-009	4.0286e-009	3.9126e-009	4.6049e-009	5.4875e-009	7.2739e-009	8.7054e-009	1.1284e-008	1.3817e-008	1.7404e-008	2.12e-008	2.6822e-008	3.2876e-008	3.878e-008	4.4779e-008	5.1771e-008	5.8715e-008	6.3591e-008	6.8636e-008	7.2048e-008	7.7167e-008	8.0577e-008	8.3374e-008	8.5239e-008	8.7567e-008	9.0222e-008	9.1466e-008	9.1858e-008	9.1609e-008	9.2203e-008	9.2259e-008	9.2115e-008	9.2143e-008	9.0963e-008	8.9336e-008	8.7874e-008	8.6339e-008	8.3825e-008	8.0965e-008	7.8621e-008	7.7209e-008	7.4748e-008	7.2434e-008	7.1105e-008	6.9491e-008	6.8037e-008	6.6179e-008	6.4918e-008	6.1022e-008	5.7351e-008	5.5344e-008	5.2076e-008	4.7956e-008	4.6356e-008	4.4799e-008	4.2313e-008	3.8616e-008	3.6143e-008	3.3999e-008	3.0714e-008	2.7751e-008	2.4131e-008	2.3022e-008	2.0467e-008	1.7818e-008	1.5548e-008	1.3107e-008	1.255e-008	1.0061e-008	8.348e-009	6.764e-009	5.87e-009	4.603e-009	4.2638e-009	3.8593e-009	3.9005e-009	3.7886e-009	3.0403e-009	2.7811e-009	3.0374e-009	2.7853e-009	2.708e-009	2.3911e-009	2.4165e-009	3.5571e-009	4.4288e-009	4.0512e-009	4.0371e-009	4.3985e-009	4.4991e-009	4.8654e-009	5.3149e-009	6.2897e-009	9.4332e-009	1.2454e-008	1.6417e-008	2.3872e-008	3.096e-008	3.8067e-008	4.3298e-008	4.9103e-008	5.5363e-008	6.0648e-008	6.5606e-008	6.9615e-008	7.4085e-008	7.7633e-008	8.2742e-008	8.5928e-008	8.6679e-008	8.831e-008	8.9081e-008	9.1896e-008	9.2304e-008	9.1361e-008	9.0789e-008	8.9782e-008	8.9117e-008	8.8984e-008	8.8025e-008	8.7668e-008	8.4622e-008	8.1411e-008	8.0132e-008	7.883e-008	7.4735e-008	7.2447e-008	6.9655e-008	6.7465e-008	6.6164e-008	6.4109e-008	6.2865e-008	6.1217e-008	5.6022e-008	5.4141e-008	5.2894e-008	5.0242e-008	4.8315e-008	4.6239e-008	4.4578e-008	4.2723e-008	4.0603e-008	3.7782e-008	3.5543e-008	3.291e-008	3.0859e-008	2.8705e-008	2.674e-008	2.462e-008	2.2131e-008	1.9755e-008	1.8153e-008	1.5301e-008	1.3891e-008	1.1508e-008	9.1849e-009	8.0169e-009	6.3061e-009	5.3499e-009	4.1232e-009	3.6131e-009	3.4167e-009	3.3014e-009	2.5717e-009	2.7872e-009	3.2089e-009	3.3873e-009	3.6493e-009	3.3804e-009	3.5498e-009	4.318e-009	5.4698e-009	7.1194e-009	8.9717e-009	1.1592e-008	1.4037e-008	1.5944e-008	1.7294e-008	2.2219e-008	2.5044e-008	2.9131e-008	3.2768e-008	3.7079e-008	4.1025e-008	4.6372e-008	5.0555e-008	5.5262e-008	6.2625e-008	6.7499e-008	7.2904e-008	7.6513e-008	8.0037e-008	8.4339e-008	8.6836e-008	8.9276e-008	9.0837e-008	9.1086e-008	9.1267e-008	9.0971e-008	9.2166e-008	9.2737e-008	9.3093e-008	9.259e-008	9.0515e-008	9.0258e-008	8.7324e-008	8.555e-008	8.2688e-008	8.007e-008	7.66e-008	7.5508e-008	7.4596e-008	7.3198e-008	6.9737e-008	6.5341e-008	6.4006e-008	6.2143e-008	5.9066e-008	5.5825e-008	5.4066e-008	5.2522e-008	4.9769e-008	4.856e-008	4.639e-008	4.4358e-008	4.2557e-008	4.0158e-008	3.8652e-008	3.6727e-008	3.4937e-008	3.2717e-008	3.0145e-008	2.7882e-008	2.6539e-008	2.4809e-008	2.3119e-008	2.1718e-008	2.022e-008	1.7852e-008	1.5865e-008	1.4575e-008	1.2824e-008	1.123e-008	8.3024e-009	7.2176e-009	5.6193e-009	5.0765e-009	4.6933e-009	4.6671e-009	4.2051e-009
2.3917e-009	2.2731e-009	2.4172e-009	2.4926e-009	2.6521e-009	2.2085e-009	1.8727e-009	2.313e-009	2.5521e-009	3.0127e-009	3.6611e-009	4.3211e-009	5.0364e-009	6.2452e-009	8.1102e-009	1.0899e-008	1.4744e-008	2.0212e-008	2.3294e-008	2.8041e-008	3.3573e-008	3.9004e-008	4.5041e-008	5.3964e-008	6.0622e-008	6.676e-008	7.0583e-008	7.458e-008	7.7996e-008	8.0806e-008	8.2787e-008	8.5671e-008	8.8237e-008	8.9548e-008	8.9618e-008	9.0741e-008	9.0901e-008	8.9767e-008	8.9469e-008	8.8981e-008	8.8308e-008	8.7122e-008	8.5129e-008	8.3396e-008	8.1929e-008	7.994e-008	7.8176e-008	7.5916e-008	7.4747e-008	7.2486e-008	6.8698e-008	6.7138e-008	6.469e-008	6.2638e-008	5.9849e-008	5.8205e-008	5.7848e-008	5.5519e-008	5.3021e-008	5.1317e-008	4.7582e-008	4.6066e-008	4.336e-008	4.0822e-008	3.7692e-008	3.5835e-008	3.3907e-008	3.1991e-008	2.9845e-008	2.7325e-008	2.5796e-008	2.2576e-008	2.0917e-008	1.9178e-008	1.7867e-008	1.5798e-008	1.4024e-008	1.2524e-008	1.0306e-008	9.3754e-009	8.2631e-009	7.8168e-009	6.9469e-009	5.1205e-009	4.1651e-009	4.062e-009	3.8506e-009	3.2467e-009	3.4187e-009	3.193e-009	3.0323e-009	3.206e-009	3.1038e-009	3.8143e-009	4.0234e-009	3.6129e-009	4.3977e-009	5.1736e-009	6.4289e-009	8.2927e-009	1.0808e-008	1.3111e-008	1.7956e-008	2.22e-008	2.9101e-008	3.492e-008	3.9829e-008	4.6793e-008	5.4201e-008	6.0513e-008	6.6368e-008	7.0664e-008	7.3792e-008	7.7329e-008	8.0258e-008	8.3457e-008	8.588e-008	8.8382e-008	8.9827e-008	9.14e-008	9.2476e-008	9.3112e-008	9.1098e-008	9.1081e-008	8.9738e-008	8.8462e-008	8.7422e-008	8.6424e-008	8.5332e-008	8.3296e-008	8.0629e-008	7.8425e-008	7.6126e-008	7.4264e-008	7.3373e-008	7.1034e-008	6.8471e-008	6.7295e-008	6.5615e-008	6.4572e-008	6.0182e-008	5.8387e-008	5.6564e-008	5.399e-008	5.2596e-008	5.009e-008	4.6824e-008	4.5252e-008	4.253e-008	3.8416e-008	3.6353e-008	3.3853e-008	3.1513e-008	2.9212e-008	2.6529e-008	2.3357e-008	2.0934e-008	1.8702e-008	1.5767e-008	1.389e-008	1.234e-008	1.1038e-008	8.5043e-009	6.5589e-009	5.3275e-009	4.2571e-009	3.3914e-009	2.9024e-009	2.6538e-009	2.9539e-009	2.918e-009	3.1703e-009	2.8487e-009	2.7027e-009	2.6281e-009	2.5872e-009	2.4823e-009	2.6044e-009	3.3705e-009	3.9458e-009	4.7015e-009	4.7542e-009	5.5137e-009	7.4159e-009	1.0144e-008	1.3558e-008	1.614e-008	1.9819e-008	2.6566e-008	3.0641e-008	3.6416e-008	4.1333e-008	4.9282e-008	5.4749e-008	5.9529e-008	6.5385e-008	7.0566e-008	7.4501e-008	7.9421e-008	8.2824e-008	8.5292e-008	8.8118e-008	8.9915e-008	9.1232e-008	9.256e-008	9.2514e-008	9.1469e-008	9.0777e-008	9.0428e-008	8.9851e-008	8.8226e-008	8.6717e-008	8.5774e-008	8.4815e-008	8.2182e-008	7.943e-008	7.7472e-008	7.6404e-008	7.4493e-008	7.1802e-008	6.883e-008	6.6734e-008	6.5471e-008	6.335e-008	6.1413e-008	5.9098e-008	5.7875e-008	5.4992e-008	5.2073e-008	4.9249e-008	4.6366e-008	4.38e-008	4.1553e-008	3.9758e-008	3.6715e-008	3.4684e-008	3.2426e-008	3.075e-008	2.8934e-008	2.5958e-008	2.4025e-008	2.0686e-008	1.8393e-008	1.582e-008	1.4537e-008	1.2434e-008	9.4513e-009	7.9952e-009	6.5062e-009	5.1801e-009	3.8037e-009	3.2757e-009	3.4213e-009	3.7256e-009	3.7915e-009	4.0154e-009	3.2469e-009	3.3831e-009	3.7557e-009	3.2095e-009	3.65e-009	3.9699e-009	3.4212e-009	3.9042e-009	3.7831e-009	4.4376e-009	5.2324e-009	6.9687e-009	8.7372e-009	1.1103e-008	1.3495e-008	1.6891e-008	2.1583e-008	2.7117e-008	3.4089e-008	3.9546e-008	4.5454e-008	5.0867e-008	5.7722e-008	6.4672e-008	6.863e-008	7.3799e-008	7.8497e-008	8.1152e-008	8.3393e-008	8.5635e-008	8.8048e-008	9.0387e-008	9.1668e-008	9.1915e-008	9.166e-008	9.2101e-008	9.2417e-008	9.2387e-008	9.2418e-008	9.1509e-008	9.0216e-008	8.8216e-008	8.6236e-008	8.3699e-008	8.2217e-008	7.9064e-008	7.7095e-008	7.3782e-008	7.1678e-008	6.9523e-008	6.7991e-008	6.6778e-008	6.5401e-008	6.3826e-008	6.1506e-008	5.8269e-008	5.512e-008	5.2364e-008	4.7946e-008	4.5894e-008	4.4116e-008	4.1819e-008	3.8564e-008	3.5185e-008	3.3739e-008	3.0682e-008	2.8455e-008	2.497e-008	2.2375e-008	2.0279e-008	1.6851e-008	1.5232e-008	1.3234e-008	1.1587e-008	9.6209e-009	8.1459e-009	6.325e-009	5.1911e-009	4.6059e-009	4.3744e-009	4.0451e-009	3.6799e-009	3.4999e-009	3.3896e-009	3.2845e-009	3.2939e-009	2.77e-009	2.3462e-009	1.891e-009	2.0223e-009	2.7088e-009	3.6826e-009	3.264e-009	3.7608e-009	4.4327e-009	4.5317e-009	4.8338e-009	5.4155e-009	6.4959e-009	9.3862e-009	1.2145e-008	1.5367e-008	2.3266e-008	3.113e-008	3.8813e-008	4.3638e-008	4.8945e-008	5.5203e-008	6.1448e-008	6.6899e-008	6.9962e-008	7.4166e-008	7.6888e-008	8.182e-008	8.4375e-008	8.6082e-008	8.7194e-008	8.9025e-008	9.0282e-008	9.113e-008	9.092e-008	9.0436e-008	8.9616e-008	8.9423e-008	8.9255e-008	8.811e-008	8.6591e-008	8.4353e-008	8.1368e-008	8.0314e-008	7.8424e-008	7.5406e-008	7.2177e-008	6.9238e-008	6.6621e-008	6.4756e-008	6.3628e-008	6.288e-008	6.0782e-008	5.7707e-008	5.4456e-008	5.3069e-008	4.9789e-008	4.7779e-008	4.621e-008	4.481e-008	4.3247e-008	4.0881e-008	3.7709e-008	3.5409e-008	3.3073e-008	3.0938e-008	2.8718e-008	2.7205e-008	2.4672e-008	2.236e-008	2.0374e-008	1.7673e-008	1.5979e-008	1.3667e-008	1.184e-008	8.8777e-009	8.5205e-009	6.3595e-009	5.1334e-009	3.9384e-009	3.4879e-009	3.2378e-009	2.898e-009	2.4449e-009	2.8237e-009	2.921e-009	3.1357e-009	3.7793e-009	3.7589e-009	3.6691e-009	4.6196e-009	5.9321e-009	7.2931e-009	8.9717e-009	1.1821e-008	1.383e-008	1.5933e-008	1.7888e-008	2.2188e-008	2.5788e-008	2.9257e-008	3.2632e-008	3.6677e-008	4.1597e-008	4.7267e-008	5.0769e-008	5.5626e-008	6.2216e-008	6.6614e-008	7.201e-008	7.5631e-008	8.0612e-008	8.4307e-008	8.6711e-008	8.8876e-008	9.1124e-008	9.1305e-008	9.1143e-008	9.1088e-008	9.2557e-008	9.3487e-008	9.4027e-008	9.3959e-008	9.1206e-008	9.0937e-008	8.819e-008	8.6181e-008	8.3477e-008	8.0818e-008	7.6412e-008	7.5708e-008	7.4234e-008	7.265e-008	6.8444e-008	6.5558e-008	6.4024e-008	6.1861e-008	5.8287e-008	5.6915e-008	5.4592e-008	5.3405e-008	5.0358e-008	4.8442e-008	4.6768e-008	4.4656e-008	4.2366e-008	4.0356e-008	3.8224e-008	3.6701e-008	3.4633e-008	3.1861e-008	2.9866e-008	2.8248e-008	2.6955e-008	2.471e-008	2.2889e-008	2.07e-008	1.8918e-008	1.7514e-008	1.5288e-008	1.3737e-008	1.185e-008	1.0295e-008	8.6074e-009	7.1278e-009	5.8975e-009	4.992e-009	4.2514e-009	4.2532e-009	4.2522e-009
2.9762e-009	2.5997e-009	2.6427e-009	2.8502e-009	2.9334e-009	2.5726e-009	2.5747e-009	2.6409e-009	2.9942e-009	3.1898e-009	3.6974e-009	4.4083e-009	5.357e-009	6.6609e-009	8.658e-009	1.1527e-008	1.5467e-008	2.0207e-008	2.3166e-008	2.9569e-008	3.5962e-008	4.0129e-008	4.5889e-008	5.455e-008	6.1696e-008	6.6627e-008	7.1023e-008	7.423e-008	7.8384e-008	8.0642e-008	8.3208e-008	8.6381e-008	8.9264e-008	9.0253e-008	9.022e-008	9.2187e-008	9.2387e-008	9.0773e-008	9.0056e-008	8.9032e-008	8.8193e-008	8.7466e-008	8.6277e-008	8.4e-008	8.2241e-008	7.969e-008	7.8305e-008	7.6307e-008	7.4774e-008	7.311e-008	7.0017e-008	6.7821e-008	6.5085e-008	6.2783e-008	6.0259e-008	5.9044e-008	5.8265e-008	5.6356e-008	5.4164e-008	5.2269e-008	4.8777e-008	4.6919e-008	4.353e-008	4.0222e-008	3.7306e-008	3.5443e-008	3.4642e-008	3.2352e-008	2.9737e-008	2.7775e-008	2.6258e-008	2.2348e-008	2.0964e-008	1.9352e-008	1.7537e-008	1.5429e-008	1.4125e-008	1.2772e-008	1.0411e-008	9.3886e-009	8.0101e-009	7.4289e-009	6.6335e-009	5.0868e-009	4.5206e-009	4.2628e-009	3.9139e-009	3.5024e-009	3.6827e-009	3.3931e-009	3.4152e-009	3.2893e-009	3.4893e-009	3.705e-009	3.9686e-009	3.8682e-009	4.2041e-009	4.9363e-009	6.2659e-009	8.0594e-009	1.0334e-008	1.3096e-008	1.7156e-008	2.2306e-008	2.9622e-008	3.6197e-008	4.1447e-008	4.8397e-008	5.5706e-008	6.1511e-008	6.876e-008	7.2623e-008	7.4338e-008	7.7497e-008	8.0738e-008	8.4047e-008	8.5897e-008	8.8756e-008	9.0451e-008	9.1461e-008	9.2636e-008	9.3807e-008	9.206e-008	9.1171e-008	8.9469e-008	8.8329e-008	8.7126e-008	8.6619e-008	8.5765e-008	8.4125e-008	8.0672e-008	7.9008e-008	7.5963e-008	7.423e-008	7.3268e-008	7.2131e-008	6.9853e-008	6.7859e-008	6.6042e-008	6.4345e-008	5.9548e-008	5.7846e-008	5.6371e-008	5.4613e-008	5.3248e-008	5.098e-008	4.7081e-008	4.477e-008	4.1276e-008	3.8195e-008	3.5497e-008	3.3111e-008	3.1302e-008	2.9192e-008	2.559e-008	2.3915e-008	2.1135e-008	1.8685e-008	1.5851e-008	1.4053e-008	1.2366e-008	1.0398e-008	8.7695e-009	7.1113e-009	5.3047e-009	4.1042e-009	3.8591e-009	3.391e-009	3.1319e-009	3.3884e-009	3.4839e-009	3.3078e-009	3.1657e-009	2.7157e-009	2.7472e-009	2.8823e-009	2.7986e-009	2.9209e-009	3.3705e-009	3.5672e-009	4.6211e-009	4.9123e-009	5.4437e-009	7.3849e-009	9.9764e-009	1.393e-008	1.6816e-008	2.0669e-008	2.6679e-008	3.0209e-008	3.6078e-008	4.0859e-008	4.8413e-008	5.5025e-008	6.0937e-008	6.5923e-008	7.0379e-008	7.5563e-008	8.1484e-008	8.3747e-008	8.5465e-008	8.8018e-008	8.9653e-008	9.0994e-008	9.2561e-008	9.2494e-008	9.194e-008	9.1415e-008	9.1148e-008	9.0781e-008	8.8431e-008	8.7611e-008	8.6152e-008	8.4278e-008	8.1207e-008	7.8552e-008	7.588e-008	7.476e-008	7.3741e-008	7.0733e-008	6.8503e-008	6.738e-008	6.5377e-008	6.3679e-008	6.067e-008	5.8699e-008	5.6368e-008	5.3207e-008	5.1425e-008	4.9154e-008	4.6591e-008	4.3813e-008	4.1714e-008	4.0017e-008	3.817e-008	3.3857e-008	3.1355e-008	2.9753e-008	2.8557e-008	2.4817e-008	2.2308e-008	2.0145e-008	1.8562e-008	1.5481e-008	1.4077e-008	1.2287e-008	9.9505e-009	7.9206e-009	6.1072e-009	5.0635e-009	4.1176e-009	3.5433e-009	3.7307e-009	3.7926e-009	3.6476e-009	3.5496e-009	3.4581e-009	3.6279e-009	4.0339e-009	3.3763e-009	3.5715e-009	3.9479e-009	3.4979e-009	3.6382e-009	4.0089e-009	4.2522e-009	4.4517e-009	5.517e-009	7.0662e-009	1.0213e-008	1.2873e-008	1.716e-008	2.1419e-008	2.7215e-008	3.3365e-008	4.054e-008	4.5811e-008	5.1265e-008	5.7953e-008	6.3116e-008	6.9098e-008	7.2886e-008	7.8302e-008	8.142e-008	8.4104e-008	8.6182e-008	8.8718e-008	9.1306e-008	9.2319e-008	9.2765e-008	9.2571e-008	9.2431e-008	9.2677e-008	9.2977e-008	9.2986e-008	9.2212e-008	9.1127e-008	8.9082e-008	8.6815e-008	8.442e-008	8.2085e-008	7.9108e-008	7.6502e-008	7.4067e-008	7.1685e-008	6.8932e-008	6.7717e-008	6.6234e-008	6.4668e-008	6.3246e-008	6.1078e-008	5.8903e-008	5.4333e-008	5.2124e-008	4.8414e-008	4.5232e-008	4.2963e-008	4.1226e-008	3.8768e-008	3.5222e-008	3.3623e-008	3.0887e-008	2.8572e-008	2.5119e-008	2.2925e-008	1.9898e-008	1.7817e-008	1.4963e-008	1.3451e-008	1.1395e-008	9.5808e-009	7.3979e-009	6.4625e-009	4.7172e-009	4.3552e-009	4.2087e-009	4.116e-009	3.849e-009	3.5224e-009	3.3897e-009	3.5578e-009	3.3495e-009	2.7781e-009	2.1489e-009	1.7176e-009	2.525e-009	2.7732e-009	3.1992e-009	3.2699e-009	3.6042e-009	4.4601e-009	4.3542e-009	4.7314e-009	5.7884e-009	6.8412e-009	9.0379e-009	1.1894e-008	1.6385e-008	2.2597e-008	3.1054e-008	3.8805e-008	4.4074e-008	5.0138e-008	5.558e-008	6.1708e-008	6.6213e-008	7.0713e-008	7.3899e-008	7.7542e-008	8.0386e-008	8.2814e-008	8.5052e-008	8.6857e-008	8.8995e-008	8.9873e-008	9.0397e-008	9.0706e-008	9.0487e-008	9.0232e-008	8.9873e-008	8.9587e-008	8.8237e-008	8.5795e-008	8.3836e-008	8.0712e-008	7.9723e-008	7.8167e-008	7.5798e-008	7.215e-008	6.9319e-008	6.7096e-008	6.4466e-008	6.3374e-008	6.162e-008	5.978e-008	5.7804e-008	5.5641e-008	5.1937e-008	4.9875e-008	4.7724e-008	4.6091e-008	4.4305e-008	4.3149e-008	4.1312e-008	3.7957e-008	3.6417e-008	3.3256e-008	3.1259e-008	2.8719e-008	2.6449e-008	2.4662e-008	2.2235e-008	2.0459e-008	1.8192e-008	1.6229e-008	1.3854e-008	1.2597e-008	9.8781e-009	8.6645e-009	7.1754e-009	5.4215e-009	4.1269e-009	3.4457e-009	3.5566e-009	2.8854e-009	2.9077e-009	2.7132e-009	2.8058e-009	2.8707e-009	3.6071e-009	3.9584e-009	4.1308e-009	5.0337e-009	6.338e-009	7.7629e-009	9.7064e-009	1.1732e-008	1.4053e-008	1.5931e-008	1.8404e-008	2.1423e-008	2.5492e-008	2.9e-008	3.2737e-008	3.687e-008	4.194e-008	4.6701e-008	5.193e-008	5.6555e-008	6.2512e-008	6.6196e-008	7.1769e-008	7.6319e-008	7.993e-008	8.4395e-008	8.6488e-008	8.8408e-008	9.1091e-008	9.1234e-008	9.1236e-008	9.1753e-008	9.3001e-008	9.412e-008	9.437e-008	9.4215e-008	9.2049e-008	9.0812e-008	8.778e-008	8.5848e-008	8.3404e-008	8.0278e-008	7.6519e-008	7.6138e-008	7.436e-008	7.1813e-008	6.7915e-008	6.6007e-008	6.3999e-008	6.2099e-008	5.8076e-008	5.7458e-008	5.6029e-008	5.3203e-008	5.0735e-008	4.8338e-008	4.6843e-008	4.435e-008	4.1883e-008	4.0049e-008	3.8122e-008	3.6504e-008	3.4811e-008	3.2499e-008	2.9902e-008	2.8348e-008	2.6566e-008	2.4735e-008	2.2358e-008	1.9878e-008	1.8778e-008	1.7081e-008	1.4876e-008	1.2547e-008	1.075e-008	9.2923e-009	7.8915e-009	6.3418e-009	5.371e-009	4.6441e-009	3.8429e-009	3.4043e-009	3.9562e-009
3.3712e-009	3.6709e-009	3.0848e-009	3.1127e-009	2.7719e-009	2.5518e-009	2.4078e-009	2.5998e-009	2.8253e-009	3.1812e-009	3.8946e-009	4.2087e-009	5.258e-009	6.7117e-009	8.4557e-009	1.1135e-008	1.4979e-008	1.9845e-008	2.3171e-008	2.9473e-008	3.6305e-008	4.1329e-008	4.6506e-008	5.5262e-008	6.1519e-008	6.6966e-008	7.0695e-008	7.4174e-008	7.8754e-008	8.1001e-008	8.2786e-008	8.597e-008	8.9095e-008	9.0635e-008	9.0874e-008	9.2291e-008	9.2901e-008	9.1497e-008	8.9737e-008	8.8902e-008	8.8166e-008	8.7505e-008	8.6333e-008	8.4528e-008	8.2266e-008	7.9432e-008	7.8195e-008	7.6265e-008	7.3915e-008	7.2348e-008	7.0142e-008	6.6976e-008	6.4985e-008	6.2442e-008	6.1224e-008	5.9188e-008	5.8368e-008	5.6692e-008	5.4513e-008	5.2507e-008	5.039e-008	4.712e-008	4.4744e-008	4.1409e-008	3.779e-008	3.6113e-008	3.4873e-008	3.2281e-008	2.9413e-008	2.7892e-008	2.6012e-008	2.461e-008	2.178e-008	1.9716e-008	1.7981e-008	1.6386e-008	1.4724e-008	1.2713e-008	1.1346e-008	9.5253e-009	8.3335e-009	7.4027e-009	6.1548e-009	4.9015e-009	4.0723e-009	4.1291e-009	3.7242e-009	3.5125e-009	3.4048e-009	3.532e-009	3.5691e-009	3.3056e-009	3.5062e-009	3.6545e-009	3.8954e-009	4.2905e-009	4.3522e-009	4.5827e-009	5.2807e-009	6.7415e-009	9.4327e-009	1.2275e-008	1.7387e-008	2.307e-008	2.8779e-008	3.4711e-008	4.149e-008	4.8788e-008	5.632e-008	6.1698e-008	6.8363e-008	7.2824e-008	7.4396e-008	7.8705e-008	8.2599e-008	8.4256e-008	8.6327e-008	8.8778e-008	9.1204e-008	9.246e-008	9.261e-008	9.3412e-008	9.2215e-008	9.0869e-008	8.9198e-008	8.8452e-008	8.7079e-008	8.6486e-008	8.5759e-008	8.4337e-008	8.1634e-008	7.8722e-008	7.5801e-008	7.4695e-008	7.3432e-008	7.2837e-008	7.064e-008	6.8346e-008	6.6147e-008	6.3094e-008	5.8653e-008	5.7018e-008	5.6223e-008	5.51e-008	5.3671e-008	5.1444e-008	4.745e-008	4.3756e-008	4.1084e-008	3.8405e-008	3.6045e-008	3.3167e-008	3.1412e-008	2.8515e-008	2.5773e-008	2.3958e-008	2.098e-008	1.8752e-008	1.6426e-008	1.4212e-008	1.1944e-008	1.0047e-008	9.0667e-009	6.3501e-009	5.1715e-009	4.2137e-009	4.0267e-009	3.3376e-009	3.0595e-009	3.2484e-009	3.5481e-009	3.3867e-009	2.9222e-009	2.8794e-009	2.7579e-009	2.7088e-009	2.9292e-009	3.0779e-009	2.7352e-009	3.2855e-009	4.6625e-009	4.8866e-009	5.3049e-009	7.969e-009	1.041e-008	1.4067e-008	1.7014e-008	2.0321e-008	2.5163e-008	3.0157e-008	3.5991e-008	4.0966e-008	4.7145e-008	5.4418e-008	6.0154e-008	6.6053e-008	7.0228e-008	7.5885e-008	8.1306e-008	8.4392e-008	8.5617e-008	8.7382e-008	8.945e-008	9.111e-008	9.2351e-008	9.293e-008	9.1977e-008	9.1444e-008	9.166e-008	9.1471e-008	8.9715e-008	8.8061e-008	8.6034e-008	8.3383e-008	8.1022e-008	7.8594e-008	7.5298e-008	7.3904e-008	7.316e-008	7.143e-008	6.9461e-008	6.7352e-008	6.5886e-008	6.2894e-008	6.1243e-008	5.8443e-008	5.562e-008	5.2831e-008	5.1237e-008	4.942e-008	4.7255e-008	4.4612e-008	4.2236e-008	4.0378e-008	3.8121e-008	3.5011e-008	3.2067e-008	2.915e-008	2.8723e-008	2.6719e-008	2.2661e-008	1.9904e-008	1.8303e-008	1.6107e-008	1.378e-008	1.1186e-008	9.4703e-009	8.1416e-009	6.2083e-009	5.075e-009	4.3197e-009	3.8996e-009	3.9331e-009	3.327e-009	3.4887e-009	3.3648e-009	3.5828e-009	3.8024e-009	3.8769e-009	3.5286e-009	3.5159e-009	3.9834e-009	3.4187e-009	3.5033e-009	4.0643e-009	4.3045e-009	4.6255e-009	5.5394e-009	6.7131e-009	9.5481e-009	1.2496e-008	1.6809e-008	2.1293e-008	2.5629e-008	3.3942e-008	4.0134e-008	4.559e-008	5.1421e-008	5.729e-008	6.4061e-008	6.8555e-008	7.3716e-008	7.8304e-008	8.137e-008	8.4203e-008	8.6994e-008	8.9933e-008	9.212e-008	9.2934e-008	9.328e-008	9.3486e-008	9.3148e-008	9.3325e-008	9.3465e-008	9.333e-008	9.2717e-008	9.1916e-008	9.0387e-008	8.6575e-008	8.5113e-008	8.3075e-008	8.0334e-008	7.7125e-008	7.4165e-008	7.1765e-008	6.9643e-008	6.7933e-008	6.6255e-008	6.4925e-008	6.3542e-008	6.1375e-008	5.8641e-008	5.4746e-008	5.1273e-008	4.6581e-008	4.4326e-008	4.2178e-008	4.1304e-008	3.7725e-008	3.5478e-008	3.2434e-008	3.0727e-008	2.8279e-008	2.4937e-008	2.2298e-008	2.0138e-008	1.7624e-008	1.5128e-008	1.3336e-008	1.0873e-008	8.7306e-009	7.3737e-009	6.5888e-009	5.1131e-009	4.8901e-009	4.6164e-009	4.1107e-009	3.3617e-009	3.2528e-009	3.3913e-009	3.3207e-009	3.0026e-009	2.9259e-009	2.5986e-009	3.0194e-009	3.2859e-009	3.1072e-009	2.9878e-009	3.2204e-009	3.5902e-009	4.0189e-009	4.5499e-009	5.1827e-009	5.7352e-009	7.1116e-009	9.4758e-009	1.2688e-008	1.6939e-008	2.2024e-008	2.9549e-008	4.0065e-008	4.5222e-008	5.0966e-008	5.5629e-008	6.2433e-008	6.6228e-008	7.108e-008	7.4569e-008	7.8312e-008	8.0649e-008	8.3061e-008	8.6156e-008	8.7901e-008	8.9182e-008	9.0015e-008	9.0689e-008	9.117e-008	9.0564e-008	9.0633e-008	9.0572e-008	9.0643e-008	8.8269e-008	8.5402e-008	8.2246e-008	7.9917e-008	7.936e-008	7.755e-008	7.5299e-008	7.3196e-008	7.0304e-008	6.6996e-008	6.5348e-008	6.3411e-008	6.2122e-008	5.9676e-008	5.7597e-008	5.5947e-008	5.3657e-008	5.0611e-008	4.8825e-008	4.6887e-008	4.5017e-008	4.3162e-008	4.1244e-008	3.9032e-008	3.6389e-008	3.3967e-008	3.1811e-008	2.9059e-008	2.6066e-008	2.4691e-008	2.2114e-008	2.0177e-008	1.8199e-008	1.6475e-008	1.4519e-008	1.2578e-008	1.0547e-008	9.2073e-009	7.2957e-009	6.2203e-009	4.7758e-009	4.0632e-009	3.8664e-009	3.4939e-009	3.3335e-009	2.9761e-009	3.2024e-009	3.4577e-009	3.6947e-009	4.0931e-009	4.8042e-009	5.3779e-009	7.0286e-009	8.1356e-009	9.9972e-009	1.2116e-008	1.456e-008	1.6833e-008	1.861e-008	2.1743e-008	2.5161e-008	2.9295e-008	3.3156e-008	3.656e-008	4.158e-008	4.7389e-008	5.2441e-008	5.7365e-008	6.294e-008	6.6698e-008	7.1746e-008	7.6693e-008	7.9972e-008	8.4157e-008	8.694e-008	8.8342e-008	9.0397e-008	9.0916e-008	9.1416e-008	9.2303e-008	9.4121e-008	9.5026e-008	9.4574e-008	9.3832e-008	9.1459e-008	8.9421e-008	8.6865e-008	8.5411e-008	8.3982e-008	8.0522e-008	7.7285e-008	7.6262e-008	7.4302e-008	7.1002e-008	6.8117e-008	6.6053e-008	6.4187e-008	6.2314e-008	5.9238e-008	5.816e-008	5.6661e-008	5.3803e-008	5.0442e-008	4.9148e-008	4.6408e-008	4.3729e-008	4.1629e-008	3.9397e-008	3.7603e-008	3.5782e-008	3.4319e-008	3.2419e-008	3.0862e-008	2.8616e-008	2.4807e-008	2.3724e-008	2.1368e-008	1.9637e-008	1.8797e-008	1.6568e-008	1.3926e-008	1.2481e-008	1.0503e-008	8.4147e-009	6.7394e-009	5.7738e-009	5.6065e-009	4.6363e-009	3.9334e-009	3.6109e-009	3.9094e-009
3.3006e-009	4.0756e-009	3.6718e-009	3.0524e-009	2.777e-009	3.1655e-009	2.9635e-009	3.0661e-009	3.19e-009	3.0586e-009	4.0275e-009	4.6213e-009	5.1809e-009	6.4971e-009	8.7135e-009	1.1659e-008	1.586e-008	2.0191e-008	2.4065e-008	3.003e-008	3.6407e-008	4.1543e-008	4.6256e-008	5.5647e-008	6.2457e-008	6.7843e-008	7.1095e-008	7.4405e-008	7.9627e-008	8.1666e-008	8.2449e-008	8.5538e-008	8.8253e-008	9.0338e-008	9.1037e-008	9.1581e-008	9.2201e-008	9.1032e-008	8.9352e-008	8.8207e-008	8.7557e-008	8.6713e-008	8.5243e-008	8.3523e-008	8.1306e-008	8.0009e-008	7.8127e-008	7.6929e-008	7.5e-008	7.2614e-008	6.9449e-008	6.738e-008	6.5532e-008	6.3201e-008	6.1853e-008	5.9846e-008	5.8185e-008	5.6458e-008	5.4118e-008	5.2024e-008	5.0382e-008	4.6937e-008	4.354e-008	4.148e-008	3.9322e-008	3.721e-008	3.4981e-008	3.3308e-008	3.1292e-008	2.8153e-008	2.6201e-008	2.4812e-008	2.3034e-008	2.0374e-008	1.8008e-008	1.6593e-008	1.5037e-008	1.3854e-008	1.2214e-008	1.0122e-008	8.0612e-009	7.2713e-009	5.5427e-009	4.5029e-009	3.8327e-009	4.1475e-009	3.6966e-009	3.3789e-009	3.1385e-009	3.1475e-009	3.3668e-009	3.1991e-009	3.8168e-009	3.7304e-009	4.3516e-009	4.2706e-009	4.3364e-009	4.3428e-009	4.7143e-009	6.2623e-009	8.8252e-009	1.2101e-008	1.6756e-008	2.1499e-008	2.9137e-008	3.3207e-008	4.0945e-008	4.698e-008	5.595e-008	6.192e-008	6.713e-008	7.2799e-008	7.4899e-008	8.0618e-008	8.415e-008	8.4748e-008	8.6216e-008	8.8869e-008	9.1269e-008	9.3064e-008	9.3077e-008	9.2356e-008	9.2135e-008	9.1083e-008	8.9856e-008	8.8409e-008	8.7342e-008	8.5963e-008	8.5021e-008	8.3919e-008	8.0843e-008	7.8643e-008	7.5965e-008	7.4664e-008	7.3596e-008	7.2855e-008	7.0817e-008	6.7793e-008	6.6148e-008	6.211e-008	5.9029e-008	5.7357e-008	5.6542e-008	5.559e-008	5.347e-008	5.1279e-008	4.7477e-008	4.3339e-008	4.0383e-008	3.8218e-008	3.5032e-008	3.3211e-008	3.0469e-008	2.8544e-008	2.5786e-008	2.3497e-008	2.1512e-008	1.8244e-008	1.6736e-008	1.4078e-008	1.2228e-008	1.0255e-008	9.2117e-009	7.1442e-009	5.2458e-009	4.2992e-009	3.9522e-009	3.1653e-009	2.759e-009	2.7193e-009	3.2406e-009	3.06e-009	2.7474e-009	2.6654e-009	2.6195e-009	2.4209e-009	2.6394e-009	2.9035e-009	2.8203e-009	3.2708e-009	3.9001e-009	4.7354e-009	5.5111e-009	8.1945e-009	1.0349e-008	1.3677e-008	1.6897e-008	1.9762e-008	2.4518e-008	2.9821e-008	3.4921e-008	4.0282e-008	4.6871e-008	5.2993e-008	6.0103e-008	6.5274e-008	7.0247e-008	7.533e-008	8.175e-008	8.4818e-008	8.6954e-008	8.7844e-008	8.9277e-008	9.0973e-008	9.1797e-008	9.2193e-008	9.1614e-008	9.1452e-008	9.1653e-008	9.1422e-008	8.9213e-008	8.812e-008	8.641e-008	8.3045e-008	8.0546e-008	7.8314e-008	7.5993e-008	7.3116e-008	7.2116e-008	7.0788e-008	6.9594e-008	6.7297e-008	6.5949e-008	6.3843e-008	6.0725e-008	5.8607e-008	5.5681e-008	5.2386e-008	5.1386e-008	4.9445e-008	4.6276e-008	4.4132e-008	4.2137e-008	3.892e-008	3.6577e-008	3.4528e-008	3.1622e-008	2.9328e-008	2.8618e-008	2.6324e-008	2.2211e-008	1.9756e-008	1.8161e-008	1.5961e-008	1.4164e-008	1.1638e-008	9.3866e-009	8.0488e-009	6.1429e-009	4.9222e-009	3.8498e-009	3.6843e-009	3.817e-009	3.5952e-009	3.66e-009	3.3158e-009	3.317e-009	3.401e-009	2.9828e-009	2.7542e-009	3.4963e-009	3.7829e-009	3.2225e-009	3.7453e-009	4.0902e-009	4.1644e-009	4.7509e-009	5.7346e-009	6.9562e-009	8.8042e-009	1.189e-008	1.6755e-008	2.0908e-008	2.5619e-008	3.1466e-008	3.9716e-008	4.5265e-008	5.0383e-008	5.6606e-008	6.393e-008	6.8816e-008	7.468e-008	7.8671e-008	8.1215e-008	8.4602e-008	8.7616e-008	9.1559e-008	9.2188e-008	9.2987e-008	9.3331e-008	9.3083e-008	9.308e-008	9.3478e-008	9.3272e-008	9.3527e-008	9.2683e-008	9.1671e-008	9.0346e-008	8.6545e-008	8.4919e-008	8.2654e-008	8.0435e-008	7.7389e-008	7.4183e-008	7.2927e-008	7.1373e-008	6.7786e-008	6.6762e-008	6.5394e-008	6.2922e-008	6.0633e-008	5.8872e-008	5.5363e-008	5.0841e-008	4.6298e-008	4.3723e-008	4.2092e-008	4.0746e-008	3.8865e-008	3.5656e-008	3.3051e-008	3.0576e-008	2.8365e-008	2.4724e-008	2.2125e-008	1.9685e-008	1.6986e-008	1.488e-008	1.2804e-008	1.0529e-008	8.7504e-009	7.6791e-009	6.0523e-009	5.249e-009	4.4809e-009	4.2726e-009	4.1362e-009	3.6494e-009	3.3471e-009	3.2325e-009	2.8952e-009	2.8184e-009	3.1567e-009	2.6939e-009	3.0343e-009	3.3103e-009	2.6148e-009	3.0399e-009	2.7601e-009	2.5578e-009	3.1075e-009	4.0847e-009	4.5296e-009	5.0887e-009	5.9974e-009	8.7572e-009	1.2432e-008	1.6675e-008	2.1385e-008	3.0023e-008	3.8034e-008	4.4362e-008	5.1148e-008	5.5798e-008	6.2073e-008	6.64e-008	7.1234e-008	7.4311e-008	7.8109e-008	8.1041e-008	8.4134e-008	8.6248e-008	8.8109e-008	8.9636e-008	9.1217e-008	9.1045e-008	9.1168e-008	9.0324e-008	9.0308e-008	9.0318e-008	9.0443e-008	8.8071e-008	8.5505e-008	8.3147e-008	8.0814e-008	7.9614e-008	7.7267e-008	7.4771e-008	7.3501e-008	7.1114e-008	6.8248e-008	6.6193e-008	6.3792e-008	6.2618e-008	6.0551e-008	5.7728e-008	5.5868e-008	5.3938e-008	5.1708e-008	4.9631e-008	4.8128e-008	4.5649e-008	4.3668e-008	4.136e-008	3.8904e-008	3.5806e-008	3.3952e-008	3.175e-008	2.9326e-008	2.6363e-008	2.477e-008	2.2232e-008	1.9896e-008	1.904e-008	1.633e-008	1.6055e-008	1.2309e-008	1.0577e-008	9.3078e-009	8.0529e-009	6.6782e-009	5.2377e-009	4.2937e-009	3.9788e-009	3.4341e-009	3.1299e-009	3.1089e-009	3.1771e-009	3.4568e-009	3.5379e-009	3.9736e-009	4.7991e-009	5.3342e-009	6.8069e-009	7.9705e-009	9.0974e-009	1.1555e-008	1.4075e-008	1.661e-008	1.8493e-008	2.154e-008	2.4091e-008	2.8034e-008	3.2494e-008	3.6053e-008	4.0221e-008	4.7216e-008	5.1949e-008	5.8041e-008	6.3238e-008	6.7841e-008	7.2211e-008	7.543e-008	8.026e-008	8.3878e-008	8.6282e-008	8.7473e-008	8.8577e-008	9.0161e-008	9.0786e-008	9.2906e-008	9.5234e-008	9.4933e-008	9.3494e-008	9.146e-008	8.9092e-008	8.7307e-008	8.5624e-008	8.4837e-008	8.3257e-008	8.0142e-008	7.6539e-008	7.4986e-008	7.2028e-008	7.0042e-008	6.841e-008	6.6286e-008	6.4342e-008	6.2586e-008	5.9076e-008	5.7849e-008	5.6475e-008	5.3483e-008	5.0417e-008	4.9123e-008	4.596e-008	4.3825e-008	4.0931e-008	3.9063e-008	3.6936e-008	3.5489e-008	3.3546e-008	3.2009e-008	3.0021e-008	2.6901e-008	2.5287e-008	2.3108e-008	2.0654e-008	1.8994e-008	1.7913e-008	1.6058e-008	1.3097e-008	1.1688e-008	9.8797e-009	8.0199e-009	6.7773e-009	5.9568e-009	5.2374e-009	4.0596e-009	3.7135e-009	3.2267e-009	3.6118e-009
3.0724e-009	3.4009e-009	3.4834e-009	3.3543e-009	2.8965e-009	3.4094e-009	3.3313e-009	3.1548e-009	3.3916e-009	3.4395e-009	4.0269e-009	4.8947e-009	5.1803e-009	7.0895e-009	9.4144e-009	1.2383e-008	1.6148e-008	2.0369e-008	2.404e-008	3.0699e-008	3.6174e-008	4.1232e-008	4.64e-008	5.5018e-008	6.105e-008	6.7251e-008	7.1397e-008	7.5772e-008	7.964e-008	8.1892e-008	8.3145e-008	8.5026e-008	8.742e-008	8.8988e-008	9.0376e-008	9.0621e-008	9.093e-008	8.9999e-008	8.8455e-008	8.7921e-008	8.7289e-008	8.6205e-008	8.4289e-008	8.2966e-008	8.1601e-008	8.0826e-008	7.7654e-008	7.6781e-008	7.5088e-008	7.21e-008	6.9043e-008	6.8062e-008	6.7171e-008	6.3746e-008	6.1575e-008	5.9895e-008	5.7991e-008	5.6103e-008	5.3319e-008	5.1813e-008	5.0242e-008	4.7208e-008	4.3655e-008	4.0805e-008	3.9196e-008	3.7979e-008	3.4775e-008	3.3186e-008	3.17e-008	2.9633e-008	2.6367e-008	2.4551e-008	2.3621e-008	2.1441e-008	1.8185e-008	1.674e-008	1.5143e-008	1.4083e-008	1.2471e-008	1.0345e-008	8.632e-009	7.1413e-009	5.794e-009	4.442e-009	3.9497e-009	3.6192e-009	3.4339e-009	3.3854e-009	2.6556e-009	2.547e-009	3.4321e-009	3.1392e-009	3.5235e-009	3.8785e-009	4.1983e-009	4.3244e-009	4.4229e-009	4.5008e-009	4.7127e-009	6.0449e-009	8.6494e-009	1.1539e-008	1.6374e-008	2.1163e-008	2.8389e-008	3.3564e-008	3.9677e-008	4.6147e-008	5.3933e-008	6.1248e-008	6.7658e-008	7.1835e-008	7.5238e-008	8.0473e-008	8.462e-008	8.5188e-008	8.6242e-008	8.8922e-008	9.1016e-008	9.298e-008	9.3108e-008	9.2058e-008	9.2191e-008	9.1418e-008	8.9827e-008	8.7467e-008	8.6826e-008	8.5064e-008	8.3724e-008	8.2754e-008	7.9974e-008	7.7784e-008	7.6146e-008	7.405e-008	7.3366e-008	7.2356e-008	7.0775e-008	6.9065e-008	6.5047e-008	6.287e-008	5.8778e-008	5.7607e-008	5.662e-008	5.539e-008	5.2641e-008	4.9786e-008	4.6148e-008	4.3109e-008	4.0791e-008	3.9062e-008	3.5237e-008	3.302e-008	3.0242e-008	2.7632e-008	2.5534e-008	2.2868e-008	2.2299e-008	1.9699e-008	1.7067e-008	1.4493e-008	1.2573e-008	1.0296e-008	8.8288e-009	7.3587e-009	5.8635e-009	4.4621e-009	4.1057e-009	2.9235e-009	2.7916e-009	3.017e-009	2.5529e-009	2.6843e-009	2.7918e-009	2.6504e-009	2.8651e-009	2.7256e-009	2.7625e-009	2.887e-009	2.789e-009	3.1915e-009	3.8256e-009	4.4064e-009	5.2766e-009	7.6547e-009	1.0078e-008	1.3961e-008	1.6874e-008	1.9246e-008	2.3641e-008	2.9174e-008	3.4695e-008	3.9728e-008	4.6404e-008	5.2608e-008	5.9495e-008	6.4569e-008	7.04e-008	7.5389e-008	8.1991e-008	8.5215e-008	8.7816e-008	8.8471e-008	8.9056e-008	9.0238e-008	9.1551e-008	9.1566e-008	9.1855e-008	9.1318e-008	9.1115e-008	9.0807e-008	8.9561e-008	8.7821e-008	8.5249e-008	8.287e-008	8.056e-008	7.8134e-008	7.5902e-008	7.3627e-008	7.1994e-008	7.0918e-008	6.8974e-008	6.6273e-008	6.5117e-008	6.2926e-008	6.027e-008	5.7842e-008	5.599e-008	5.2215e-008	5.1384e-008	4.9896e-008	4.789e-008	4.4025e-008	4.093e-008	3.8797e-008	3.6808e-008	3.5203e-008	3.1319e-008	2.9164e-008	2.781e-008	2.5463e-008	2.1614e-008	1.9931e-008	1.7817e-008	1.6144e-008	1.4713e-008	1.1801e-008	9.5857e-009	7.6442e-009	6.398e-009	4.6611e-009	4.2882e-009	3.5967e-009	3.6157e-009	3.5315e-009	3.6459e-009	3.3498e-009	3.2755e-009	3.2628e-009	2.8383e-009	2.9758e-009	3.6135e-009	3.2568e-009	3.3486e-009	3.8402e-009	4.0879e-009	4.1895e-009	4.795e-009	5.5613e-009	7.1063e-009	8.7975e-009	1.2298e-008	1.5838e-008	2.0599e-008	2.5581e-008	3.0942e-008	3.8009e-008	4.3824e-008	4.9152e-008	5.6393e-008	6.268e-008	7.0605e-008	7.6735e-008	7.9841e-008	8.1881e-008	8.4016e-008	8.7678e-008	9.172e-008	9.2398e-008	9.2699e-008	9.3502e-008	9.2843e-008	9.2877e-008	9.3168e-008	9.3368e-008	9.4377e-008	9.3055e-008	9.1655e-008	9.0302e-008	8.7383e-008	8.4964e-008	8.2732e-008	8.0899e-008	7.7986e-008	7.5831e-008	7.4399e-008	7.2349e-008	6.9077e-008	6.7827e-008	6.5415e-008	6.2972e-008	6.1131e-008	5.8169e-008	5.5523e-008	5.1143e-008	4.6867e-008	4.4312e-008	4.1801e-008	4.0199e-008	3.7955e-008	3.6055e-008	3.3659e-008	3.0603e-008	2.8324e-008	2.5198e-008	2.183e-008	1.9656e-008	1.6397e-008	1.4791e-008	1.3184e-008	1.1309e-008	9.2562e-009	7.6821e-009	6.0763e-009	5.4682e-009	4.6e-009	4.3132e-009	4.0353e-009	3.4973e-009	3.3502e-009	3.095e-009	2.865e-009	2.7426e-009	3.2382e-009	2.8778e-009	2.9237e-009	3.4951e-009	2.9729e-009	3.258e-009	3.2905e-009	2.7492e-009	3.1088e-009	3.805e-009	4.1179e-009	4.6699e-009	5.6767e-009	8.3543e-009	1.2005e-008	1.6825e-008	2.1833e-008	2.9809e-008	3.7584e-008	4.4695e-008	5.0707e-008	5.6172e-008	6.2759e-008	6.7281e-008	7.2268e-008	7.5139e-008	7.8224e-008	8.0952e-008	8.4284e-008	8.6831e-008	8.8559e-008	9.0899e-008	9.1939e-008	9.1314e-008	9.1228e-008	9.067e-008	9.0112e-008	8.9476e-008	8.9559e-008	8.8369e-008	8.5241e-008	8.3093e-008	8.1648e-008	7.9877e-008	7.6601e-008	7.4522e-008	7.3179e-008	7.0964e-008	6.9243e-008	6.6022e-008	6.3711e-008	6.2899e-008	6.142e-008	5.7356e-008	5.5719e-008	5.3823e-008	5.2056e-008	4.9808e-008	4.8377e-008	4.6176e-008	4.3559e-008	4.1106e-008	3.8509e-008	3.5682e-008	3.391e-008	3.0883e-008	2.9369e-008	2.7235e-008	2.588e-008	2.2724e-008	2.096e-008	1.9823e-008	1.6872e-008	1.6025e-008	1.3756e-008	1.1944e-008	9.9014e-009	8.3934e-009	6.572e-009	5.3471e-009	4.4745e-009	3.7627e-009	3.6205e-009	3.3688e-009	3.6616e-009	3.4122e-009	3.6505e-009	3.6852e-009	3.753e-009	4.1846e-009	5.0468e-009	6.0284e-009	7.3838e-009	8.8383e-009	1.0485e-008	1.3779e-008	1.6506e-008	1.8354e-008	2.0618e-008	2.3728e-008	2.7574e-008	3.1597e-008	3.4934e-008	3.8665e-008	4.4642e-008	5.1176e-008	5.9073e-008	6.3461e-008	6.8116e-008	7.2876e-008	7.6454e-008	7.9811e-008	8.319e-008	8.482e-008	8.6939e-008	8.8484e-008	8.9929e-008	9.1355e-008	9.273e-008	9.508e-008	9.4643e-008	9.2912e-008	9.078e-008	8.815e-008	8.6409e-008	8.4727e-008	8.3377e-008	8.2011e-008	8.0049e-008	7.6242e-008	7.4519e-008	7.2276e-008	7.0711e-008	6.8099e-008	6.5238e-008	6.414e-008	6.2682e-008	5.9838e-008	5.7588e-008	5.6035e-008	5.3173e-008	5.0468e-008	4.8493e-008	4.5867e-008	4.3691e-008	4.096e-008	3.8569e-008	3.6704e-008	3.4473e-008	3.2719e-008	3.1071e-008	2.8751e-008	2.6478e-008	2.445e-008	2.3362e-008	2.0696e-008	1.8895e-008	1.7398e-008	1.5301e-008	1.236e-008	1.1166e-008	9.2695e-009	7.8802e-009	6.721e-009	5.5722e-009	5.0306e-009	4.0509e-009	3.6483e-009	3.2612e-009	3.2336e-009
2.8825e-009	3.0249e-009	3.3761e-009	2.9732e-009	3.2076e-009	3.4465e-009	3.5855e-009	3.4208e-009	3.8688e-009	3.9836e-009	4.6429e-009	5.3178e-009	5.8209e-009	7.5772e-009	9.5333e-009	1.2514e-008	1.6521e-008	2.0306e-008	2.482e-008	2.9359e-008	3.597e-008	4.211e-008	4.8837e-008	5.5056e-008	6.1298e-008	6.6126e-008	7.0919e-008	7.568e-008	7.9958e-008	8.1855e-008	8.3611e-008	8.5498e-008	8.7759e-008	8.9059e-008	8.9539e-008	9.0462e-008	9.1081e-008	8.9799e-008	8.8557e-008	8.8127e-008	8.7814e-008	8.645e-008	8.4405e-008	8.3548e-008	8.3021e-008	8.0786e-008	7.8592e-008	7.6968e-008	7.6681e-008	7.3848e-008	7.0308e-008	6.8747e-008	6.7651e-008	6.5075e-008	6.2665e-008	6.0331e-008	5.7999e-008	5.6378e-008	5.4118e-008	5.15e-008	4.9253e-008	4.7468e-008	4.5128e-008	4.1842e-008	4.0752e-008	3.8787e-008	3.6797e-008	3.3571e-008	3.2369e-008	3.0075e-008	2.8465e-008	2.5739e-008	2.4129e-008	2.2468e-008	1.9754e-008	1.7166e-008	1.6002e-008	1.4685e-008	1.2433e-008	1.108e-008	9.5245e-009	7.7817e-009	6.2717e-009	4.9952e-009	4.3428e-009	3.7392e-009	3.5072e-009	3.726e-009	2.9158e-009	2.7217e-009	3.5881e-009	3.368e-009	3.6766e-009	3.2265e-009	3.6874e-009	4.0029e-009	4.4972e-009	4.7514e-009	5.1361e-009	6.4541e-009	9.1726e-009	1.2502e-008	1.587e-008	2.0476e-008	2.801e-008	3.447e-008	4.0416e-008	4.6135e-008	5.3335e-008	6.0444e-008	6.6684e-008	7.023e-008	7.5139e-008	7.9532e-008	8.3379e-008	8.5241e-008	8.628e-008	8.9043e-008	9.1616e-008	9.2998e-008	9.3762e-008	9.3077e-008	9.2044e-008	9.2017e-008	9.0998e-008	8.8442e-008	8.7055e-008	8.5162e-008	8.3739e-008	8.2512e-008	8.0077e-008	7.837e-008	7.7097e-008	7.5109e-008	7.2867e-008	7.1202e-008	7.052e-008	6.9357e-008	6.647e-008	6.388e-008	5.9385e-008	5.836e-008	5.6341e-008	5.4928e-008	5.1203e-008	4.8971e-008	4.6556e-008	4.3608e-008	4.1802e-008	3.9317e-008	3.6545e-008	3.4072e-008	3.0997e-008	2.7745e-008	2.5504e-008	2.3288e-008	2.2716e-008	2.0618e-008	1.6996e-008	1.5245e-008	1.269e-008	1.0725e-008	9.2556e-009	7.691e-009	6.5051e-009	4.5146e-009	3.7241e-009	3.5481e-009	3.3912e-009	3.2512e-009	2.7952e-009	3.3791e-009	2.8857e-009	3.0754e-009	3.4797e-009	3.1349e-009	2.9691e-009	3.13e-009	3.1955e-009	3.6376e-009	4.3217e-009	4.736e-009	5.6892e-009	7.4333e-009	1.0344e-008	1.2905e-008	1.6658e-008	1.9186e-008	2.2438e-008	2.8604e-008	3.4808e-008	3.9743e-008	4.6832e-008	5.1677e-008	5.9504e-008	6.5077e-008	7.0835e-008	7.6094e-008	8.163e-008	8.5774e-008	8.8095e-008	8.9194e-008	8.9205e-008	9.0221e-008	9.1152e-008	9.1154e-008	9.1523e-008	9.1361e-008	9.0932e-008	8.9959e-008	8.8674e-008	8.7507e-008	8.5262e-008	8.2341e-008	8.0304e-008	7.8108e-008	7.5686e-008	7.3387e-008	7.2494e-008	7.1533e-008	6.9001e-008	6.6647e-008	6.4513e-008	6.2591e-008	6.1079e-008	5.9087e-008	5.6055e-008	5.3189e-008	5.195e-008	4.9575e-008	4.7462e-008	4.3907e-008	4.0723e-008	3.9045e-008	3.6776e-008	3.4704e-008	3.2177e-008	2.9863e-008	2.81e-008	2.5477e-008	2.2127e-008	2.0053e-008	1.7374e-008	1.5023e-008	1.4037e-008	1.2167e-008	1.0482e-008	8.1581e-009	6.2824e-009	4.5485e-009	4.458e-009	3.8774e-009	3.6274e-009	3.3358e-009	3.3986e-009	3.1815e-009	3.4368e-009	3.4564e-009	3.1474e-009	2.9881e-009	3.745e-009	3.327e-009	3.3287e-009	3.9147e-009	4.1336e-009	4.5804e-009	5.0666e-009	5.7775e-009	7.1513e-009	9.4969e-009	1.2196e-008	1.6219e-008	2.1179e-008	2.5921e-008	3.1848e-008	3.7135e-008	4.2382e-008	4.9264e-008	5.5941e-008	6.2958e-008	7.1142e-008	7.7762e-008	8.0556e-008	8.2424e-008	8.4433e-008	8.7269e-008	9.0812e-008	9.2866e-008	9.3014e-008	9.3449e-008	9.2614e-008	9.2544e-008	9.2854e-008	9.3537e-008	9.4827e-008	9.3433e-008	9.1892e-008	8.9865e-008	8.6725e-008	8.4634e-008	8.3092e-008	8.149e-008	7.867e-008	7.627e-008	7.4908e-008	7.3168e-008	7.0857e-008	6.8873e-008	6.5977e-008	6.3082e-008	6.1147e-008	5.863e-008	5.5107e-008	5.1747e-008	4.8112e-008	4.515e-008	4.2574e-008	3.9948e-008	3.6908e-008	3.5864e-008	3.285e-008	3.0606e-008	2.7644e-008	2.4841e-008	2.1659e-008	1.959e-008	1.6843e-008	1.5405e-008	1.2712e-008	1.1158e-008	9.1325e-009	7.672e-009	6.8512e-009	6.0951e-009	5.5595e-009	4.3966e-009	4.139e-009	3.8761e-009	3.6136e-009	3.1276e-009	2.7809e-009	2.9565e-009	2.9903e-009	2.8096e-009	2.8721e-009	3.1474e-009	3.5055e-009	2.8527e-009	3.1425e-009	3.6077e-009	3.4018e-009	3.7191e-009	4.0774e-009	4.7861e-009	6.0347e-009	8.0292e-009	1.2366e-008	1.7704e-008	2.2057e-008	2.9239e-008	3.6527e-008	4.4044e-008	5.1003e-008	5.6115e-008	6.206e-008	6.7774e-008	7.2763e-008	7.5815e-008	7.8771e-008	8.1015e-008	8.4415e-008	8.7031e-008	8.8702e-008	9.1189e-008	9.2256e-008	9.155e-008	9.1234e-008	9.0805e-008	8.9644e-008	8.8969e-008	8.8696e-008	8.7864e-008	8.459e-008	8.26e-008	8.1843e-008	7.918e-008	7.6108e-008	7.5013e-008	7.3061e-008	7.1158e-008	6.9218e-008	6.7695e-008	6.5609e-008	6.3744e-008	6.2779e-008	5.9807e-008	5.6683e-008	5.4475e-008	5.1509e-008	5.0357e-008	4.8092e-008	4.5874e-008	4.2748e-008	4.08e-008	3.8241e-008	3.6061e-008	3.2993e-008	3.1966e-008	3.0101e-008	2.8294e-008	2.5826e-008	2.3884e-008	2.1657e-008	1.9732e-008	1.8469e-008	1.6137e-008	1.5439e-008	1.192e-008	1.096e-008	8.7911e-009	6.5224e-009	5.6403e-009	4.3666e-009	3.8815e-009	3.554e-009	3.6072e-009	4.0451e-009	3.4084e-009	3.6938e-009	3.634e-009	3.5777e-009	4.1453e-009	4.7397e-009	5.7748e-009	7.1705e-009	8.6781e-009	1.0526e-008	1.2401e-008	1.5711e-008	1.7778e-008	2.0148e-008	2.3468e-008	2.7467e-008	3.027e-008	3.4052e-008	3.7911e-008	4.3684e-008	5.024e-008	5.7883e-008	6.2355e-008	6.6671e-008	7.2564e-008	7.7143e-008	7.9858e-008	8.2991e-008	8.466e-008	8.6266e-008	8.8391e-008	9.0284e-008	9.175e-008	9.2623e-008	9.4183e-008	9.3832e-008	9.2533e-008	9.0973e-008	8.8599e-008	8.5964e-008	8.4813e-008	8.2693e-008	8.1376e-008	7.8362e-008	7.6339e-008	7.4444e-008	7.2378e-008	7.1069e-008	6.9102e-008	6.5617e-008	6.35e-008	6.1894e-008	6.0747e-008	5.6411e-008	5.4392e-008	5.1975e-008	4.9477e-008	4.82e-008	4.6024e-008	4.3924e-008	4.1547e-008	3.8945e-008	3.5711e-008	3.3485e-008	3.1716e-008	3.0554e-008	2.8974e-008	2.612e-008	2.4035e-008	2.1873e-008	2.0417e-008	1.9187e-008	1.6678e-008	1.5409e-008	1.2603e-008	1.0907e-008	8.8132e-009	7.7968e-009	6.5662e-009	5.2879e-009	4.6096e-009	4.1208e-009	3.8024e-009	3.3334e-009	3.258e-009
3.3053e-009	3.176e-009	3.2203e-009	3.0631e-009	2.9877e-009	3.1436e-009	3.0044e-009	3.5279e-009	4.2033e-009	4.4616e-009	4.8563e-009	5.1491e-009	6.0413e-009	7.3787e-009	9.5693e-009	1.2475e-008	1.6993e-008	2.008e-008	2.4449e-008	2.9276e-008	3.4608e-008	4.1381e-008	4.9901e-008	5.6491e-008	6.1352e-008	6.6899e-008	6.9882e-008	7.4058e-008	7.8408e-008	8.1097e-008	8.2887e-008	8.5408e-008	8.7478e-008	8.8635e-008	8.9249e-008	9.0151e-008	9.123e-008	9.1042e-008	8.9177e-008	8.8471e-008	8.7878e-008	8.7024e-008	8.5277e-008	8.3918e-008	8.2972e-008	8.0644e-008	7.8153e-008	7.6254e-008	7.6013e-008	7.3356e-008	7.0187e-008	6.8973e-008	6.7524e-008	6.5633e-008	6.3072e-008	6.0212e-008	5.8984e-008	5.7624e-008	5.3219e-008	5.2043e-008	4.8605e-008	4.6843e-008	4.5302e-008	4.1716e-008	4.064e-008	3.921e-008	3.678e-008	3.4457e-008	3.241e-008	3.0086e-008	2.8269e-008	2.6883e-008	2.466e-008	2.307e-008	1.9994e-008	1.7906e-008	1.5951e-008	1.4645e-008	1.2516e-008	1.1121e-008	9.6073e-009	7.7575e-009	6.1287e-009	5.0017e-009	4.3899e-009	3.8683e-009	3.2178e-009	2.8832e-009	2.4044e-009	2.3062e-009	2.8434e-009	2.8857e-009	2.8515e-009	2.3931e-009	2.6393e-009	3.4194e-009	3.7764e-009	4.8239e-009	5.393e-009	6.5896e-009	9.2476e-009	1.2182e-008	1.5579e-008	2.0555e-008	2.6852e-008	3.4575e-008	4.0851e-008	4.6148e-008	5.2804e-008	5.854e-008	6.657e-008	6.9783e-008	7.3899e-008	7.93e-008	8.225e-008	8.4073e-008	8.556e-008	8.8317e-008	9.1743e-008	9.2872e-008	9.3962e-008	9.3511e-008	9.2145e-008	9.1223e-008	9.0388e-008	8.8397e-008	8.6979e-008	8.4862e-008	8.3228e-008	8.135e-008	7.9178e-008	7.7902e-008	7.7231e-008	7.5691e-008	7.3833e-008	7.094e-008	7.0332e-008	6.9017e-008	6.622e-008	6.3539e-008	6.0624e-008	5.7735e-008	5.5514e-008	5.3622e-008	5.1031e-008	4.8774e-008	4.5877e-008	4.3223e-008	4.1025e-008	3.8863e-008	3.6737e-008	3.3424e-008	3.1279e-008	2.7828e-008	2.5049e-008	2.4501e-008	2.2492e-008	2.0617e-008	1.7807e-008	1.4772e-008	1.2216e-008	1.0797e-008	9.3115e-009	7.9631e-009	6.9285e-009	4.7572e-009	3.7639e-009	3.6503e-009	3.4638e-009	3.2997e-009	2.9859e-009	3.474e-009	2.9327e-009	2.9201e-009	3.2296e-009	2.73e-009	2.8251e-009	2.9827e-009	3.1714e-009	3.7182e-009	4.2879e-009	4.4549e-009	5.8139e-009	7.357e-009	1.0016e-008	1.2568e-008	1.6015e-008	1.8697e-008	2.1908e-008	2.8155e-008	3.4267e-008	4.0498e-008	4.6608e-008	5.367e-008	6.0063e-008	6.5326e-008	7.1243e-008	7.6763e-008	8.141e-008	8.4556e-008	8.7813e-008	8.9247e-008	8.977e-008	9.0628e-008	9.1004e-008	9.0718e-008	9.0748e-008	9.0531e-008	9.0648e-008	8.9381e-008	8.8235e-008	8.7168e-008	8.5371e-008	8.1928e-008	8.0109e-008	7.7473e-008	7.4948e-008	7.3542e-008	7.2439e-008	7.0778e-008	6.7554e-008	6.5766e-008	6.3823e-008	6.1964e-008	6.0678e-008	5.9308e-008	5.669e-008	5.4719e-008	5.0592e-008	4.9172e-008	4.631e-008	4.2501e-008	4.0508e-008	3.8714e-008	3.6396e-008	3.4235e-008	3.1898e-008	2.9076e-008	2.7401e-008	2.3816e-008	2.1515e-008	1.9977e-008	1.8105e-008	1.5458e-008	1.404e-008	1.2087e-008	9.5632e-009	7.7666e-009	6.1078e-009	4.6497e-009	4.3334e-009	3.8047e-009	3.591e-009	3.2965e-009	3.0613e-009	3.2054e-009	3.2152e-009	3.2536e-009	3.4315e-009	3.1508e-009	3.7704e-009	3.5051e-009	3.2112e-009	3.3259e-009	3.6847e-009	4.075e-009	4.5466e-009	5.6981e-009	6.9542e-009	9.4012e-009	1.2043e-008	1.6274e-008	2.1226e-008	2.667e-008	3.1182e-008	3.7139e-008	4.2258e-008	4.927e-008	5.644e-008	6.3346e-008	7.1086e-008	7.7994e-008	8.0932e-008	8.2961e-008	8.5539e-008	8.7676e-008	9.0272e-008	9.2801e-008	9.3021e-008	9.3192e-008	9.2472e-008	9.2617e-008	9.2543e-008	9.368e-008	9.4496e-008	9.3058e-008	9.1575e-008	8.8466e-008	8.5189e-008	8.3867e-008	8.3072e-008	8.1714e-008	7.7708e-008	7.6783e-008	7.4987e-008	7.3179e-008	7.0604e-008	6.8727e-008	6.4366e-008	6.1728e-008	6.0243e-008	5.8576e-008	5.4888e-008	5.1286e-008	4.8649e-008	4.5565e-008	4.3744e-008	3.9372e-008	3.6717e-008	3.5431e-008	3.2887e-008	3.0773e-008	2.7889e-008	2.4756e-008	2.1774e-008	2.0112e-008	1.7972e-008	1.5481e-008	1.3454e-008	1.1513e-008	9.0312e-009	8.0469e-009	6.8045e-009	5.9346e-009	5.8751e-009	5.1199e-009	4.1317e-009	4.0502e-009	3.0398e-009	2.1019e-009	2.3321e-009	2.7952e-009	3.1161e-009	3.1468e-009	3.0597e-009	3.159e-009	3.009e-009	2.8081e-009	3.3778e-009	4.186e-009	4.0579e-009	3.7438e-009	4.0313e-009	4.9052e-009	6.1342e-009	7.969e-009	1.1951e-008	1.7581e-008	2.2171e-008	2.9049e-008	3.6279e-008	4.3911e-008	4.9845e-008	5.6785e-008	6.2679e-008	6.6038e-008	7.3006e-008	7.5984e-008	7.9048e-008	8.1091e-008	8.4363e-008	8.683e-008	8.7941e-008	9.0919e-008	9.2246e-008	9.1435e-008	9.1081e-008	9.0285e-008	8.8921e-008	8.8299e-008	8.7473e-008	8.5908e-008	8.3613e-008	8.2264e-008	8.1581e-008	7.9425e-008	7.6288e-008	7.5098e-008	7.3281e-008	7.1327e-008	6.9891e-008	6.8092e-008	6.6852e-008	6.4644e-008	6.2195e-008	6.0045e-008	5.7286e-008	5.5888e-008	5.2702e-008	5.0329e-008	4.7598e-008	4.5161e-008	4.1307e-008	3.962e-008	3.8015e-008	3.618e-008	3.4615e-008	3.1822e-008	3.016e-008	2.7931e-008	2.5856e-008	2.4251e-008	2.1711e-008	2.0401e-008	1.8164e-008	1.6874e-008	1.5642e-008	1.2629e-008	1.1418e-008	9.2707e-009	7.6066e-009	5.6e-009	5.0138e-009	3.7411e-009	3.3181e-009	3.453e-009	3.5592e-009	2.9454e-009	3.5425e-009	3.5882e-009	3.824e-009	4.416e-009	4.8441e-009	5.6499e-009	6.9738e-009	8.5388e-009	1.083e-008	1.2761e-008	1.5571e-008	1.7242e-008	1.9616e-008	2.3378e-008	2.6958e-008	2.9244e-008	3.32e-008	3.7466e-008	4.2982e-008	5.133e-008	5.6237e-008	6.2354e-008	6.8025e-008	7.2667e-008	7.7058e-008	7.9557e-008	8.2362e-008	8.3943e-008	8.6626e-008	8.8511e-008	9.0537e-008	9.1772e-008	9.2566e-008	9.3851e-008	9.3152e-008	9.272e-008	9.085e-008	8.8568e-008	8.5976e-008	8.4152e-008	8.2182e-008	8.1723e-008	7.8926e-008	7.6173e-008	7.4733e-008	7.2594e-008	7.0219e-008	6.8078e-008	6.5347e-008	6.2461e-008	6.0787e-008	5.917e-008	5.6135e-008	5.3332e-008	5.0937e-008	4.9017e-008	4.6888e-008	4.5689e-008	4.3176e-008	4.1486e-008	3.9161e-008	3.3804e-008	3.2492e-008	3.118e-008	3.0106e-008	2.805e-008	2.57e-008	2.3104e-008	2.1067e-008	1.9727e-008	1.834e-008	1.6048e-008	1.3862e-008	1.2047e-008	1.0367e-008	8.7634e-009	7.338e-009	6.0984e-009	5.2502e-009	4.744e-009	4.4935e-009	3.9868e-009	3.8743e-009	3.4482e-009
3.7265e-009	3.1722e-009	3.0275e-009	3.1109e-009	3.141e-009	2.7524e-009	2.982e-009	3.6962e-009	4.5029e-009	5.0249e-009	4.9603e-009	5.4048e-009	6.4792e-009	7.8401e-009	1.0878e-008	1.3763e-008	1.8034e-008	2.1156e-008	2.5104e-008	3.0132e-008	3.5389e-008	4.1344e-008	5.0568e-008	5.6589e-008	6.1703e-008	6.6041e-008	6.9333e-008	7.2904e-008	7.7913e-008	8.0592e-008	8.2556e-008	8.4449e-008	8.7733e-008	8.8797e-008	8.93e-008	9.0264e-008	9.1363e-008	9.1665e-008	9.049e-008	9.0097e-008	8.908e-008	8.8099e-008	8.5692e-008	8.4895e-008	8.3155e-008	8.0552e-008	7.8387e-008	7.5386e-008	7.4381e-008	7.288e-008	7.1188e-008	6.9584e-008	6.7276e-008	6.6098e-008	6.4314e-008	6.0813e-008	5.9636e-008	5.8445e-008	5.6081e-008	5.1209e-008	4.9622e-008	4.6534e-008	4.4833e-008	4.2587e-008	4.1258e-008	3.9614e-008	3.6738e-008	3.3525e-008	3.2351e-008	3.0437e-008	2.9161e-008	2.7664e-008	2.4242e-008	2.3151e-008	2.1157e-008	1.9596e-008	1.668e-008	1.5342e-008	1.3188e-008	1.2001e-008	1.0514e-008	8.207e-009	6.8851e-009	5.4907e-009	4.8107e-009	4.5037e-009	3.6902e-009	3.1826e-009	2.7126e-009	2.3142e-009	2.3052e-009	2.7224e-009	2.9869e-009	2.7592e-009	3.0731e-009	3.7028e-009	3.5786e-009	4.4055e-009	5.6934e-009	7.0045e-009	9.2515e-009	1.2785e-008	1.6233e-008	2.0053e-008	2.7793e-008	3.444e-008	4.1598e-008	4.6534e-008	5.3445e-008	5.9916e-008	6.6142e-008	6.9582e-008	7.2371e-008	7.8714e-008	8.218e-008	8.3516e-008	8.6428e-008	8.7973e-008	9.0237e-008	9.2807e-008	9.3583e-008	9.3378e-008	9.2196e-008	9.1212e-008	9.0805e-008	8.9282e-008	8.6253e-008	8.5178e-008	8.2865e-008	8.1126e-008	7.944e-008	7.8277e-008	7.8422e-008	7.6222e-008	7.4712e-008	7.1918e-008	7.0147e-008	6.8231e-008	6.5867e-008	6.2793e-008	5.9498e-008	5.6817e-008	5.5322e-008	5.3645e-008	5.1948e-008	4.9629e-008	4.5246e-008	4.2844e-008	4.1585e-008	3.8262e-008	3.6704e-008	3.4102e-008	3.159e-008	2.8223e-008	2.6446e-008	2.5247e-008	2.2526e-008	2.016e-008	1.777e-008	1.5449e-008	1.2319e-008	1.0499e-008	9.0719e-009	7.7916e-009	6.4721e-009	4.3735e-009	3.8626e-009	4.1531e-009	4.2749e-009	3.5571e-009	3.3752e-009	3.7433e-009	2.9924e-009	2.156e-009	2.308e-009	3.1383e-009	3.4763e-009	3.5677e-009	3.4096e-009	4.0231e-009	3.9881e-009	4.1808e-009	5.3771e-009	7.9513e-009	9.7854e-009	1.2783e-008	1.5649e-008	1.8659e-008	2.1326e-008	2.6862e-008	3.5135e-008	4.0451e-008	4.6307e-008	5.1887e-008	6.0061e-008	6.6124e-008	7.1359e-008	7.638e-008	8.1169e-008	8.3185e-008	8.7546e-008	9.0467e-008	9.1826e-008	9.1726e-008	9.1337e-008	9.109e-008	9.0876e-008	9.0197e-008	9.0133e-008	8.9629e-008	8.8587e-008	8.7945e-008	8.6427e-008	8.2313e-008	8.0369e-008	7.8061e-008	7.5726e-008	7.4307e-008	7.3031e-008	7.1541e-008	6.7827e-008	6.5389e-008	6.4119e-008	6.2719e-008	6.0916e-008	5.954e-008	5.7457e-008	5.5375e-008	5.2335e-008	4.8397e-008	4.6148e-008	4.2323e-008	4.055e-008	3.848e-008	3.6552e-008	3.4085e-008	3.2233e-008	2.9721e-008	2.7126e-008	2.4231e-008	2.1937e-008	2.0967e-008	1.8065e-008	1.6319e-008	1.4659e-008	1.283e-008	1.0042e-008	8.6772e-009	7.4565e-009	5.3488e-009	4.758e-009	4.1025e-009	3.3183e-009	3.2822e-009	2.9436e-009	2.93e-009	2.6838e-009	2.8962e-009	2.9856e-009	3.2276e-009	3.2277e-009	3.2275e-009	3.1236e-009	3.6084e-009	3.8967e-009	4.1895e-009	4.9371e-009	6.1025e-009	7.3041e-009	9.4284e-009	1.2054e-008	1.4849e-008	1.9967e-008	2.497e-008	3.0665e-008	3.6718e-008	4.2013e-008	4.9637e-008	5.7381e-008	6.3064e-008	7.0456e-008	7.6195e-008	8.0758e-008	8.2922e-008	8.5747e-008	8.8088e-008	9.0493e-008	9.2229e-008	9.3025e-008	9.3337e-008	9.2871e-008	9.2771e-008	9.2767e-008	9.3105e-008	9.2496e-008	9.0571e-008	8.9396e-008	8.8521e-008	8.5576e-008	8.3673e-008	8.3087e-008	8.2195e-008	7.8791e-008	7.6706e-008	7.4712e-008	7.3628e-008	7.0836e-008	6.8816e-008	6.4302e-008	6.1946e-008	6.0115e-008	5.8419e-008	5.6076e-008	5.2881e-008	4.9926e-008	4.6428e-008	4.4489e-008	3.9394e-008	3.6868e-008	3.5588e-008	3.296e-008	3.0903e-008	2.846e-008	2.5258e-008	2.1733e-008	2.0121e-008	1.8727e-008	1.5656e-008	1.3527e-008	1.2454e-008	9.7641e-009	8.5957e-009	6.8284e-009	6.2963e-009	6.0931e-009	5.1442e-009	4.4337e-009	4.3271e-009	2.9166e-009	2.45e-009	2.942e-009	3.0883e-009	3.1728e-009	3.4099e-009	3.449e-009	3.3457e-009	3.3296e-009	3.5195e-009	3.7212e-009	4.2853e-009	4.3013e-009	4.1441e-009	4.2027e-009	4.6607e-009	5.8934e-009	7.9091e-009	1.1121e-008	1.6146e-008	2.1677e-008	2.7715e-008	3.629e-008	4.4659e-008	4.9938e-008	5.5522e-008	6.1045e-008	6.6688e-008	7.288e-008	7.6729e-008	7.9348e-008	8.1325e-008	8.3779e-008	8.6242e-008	8.7681e-008	8.9015e-008	9.0023e-008	9.0679e-008	9.0337e-008	9.0037e-008	8.8859e-008	8.805e-008	8.6567e-008	8.4704e-008	8.3024e-008	8.1806e-008	8.0111e-008	7.8957e-008	7.6732e-008	7.5068e-008	7.3361e-008	7.136e-008	6.9681e-008	6.8124e-008	6.7537e-008	6.5597e-008	6.2929e-008	5.933e-008	5.7358e-008	5.5526e-008	5.2853e-008	5.0693e-008	4.868e-008	4.6455e-008	4.2133e-008	4.0553e-008	3.9058e-008	3.6338e-008	3.5151e-008	3.2926e-008	3.0136e-008	2.8429e-008	2.6828e-008	2.4673e-008	2.3849e-008	2.0969e-008	1.8742e-008	1.8007e-008	1.6274e-008	1.4204e-008	1.1784e-008	9.3491e-009	8.8587e-009	6.304e-009	5.3932e-009	4.3445e-009	3.6384e-009	3.432e-009	3.6145e-009	3.5598e-009	3.6905e-009	3.7778e-009	4.2213e-009	4.7315e-009	4.7297e-009	5.2488e-009	6.5661e-009	8.1883e-009	1.0405e-008	1.3032e-008	1.5637e-008	1.7921e-008	2.0666e-008	2.3451e-008	2.6702e-008	2.8898e-008	3.3366e-008	3.9199e-008	4.4656e-008	5.0466e-008	5.6147e-008	6.1523e-008	6.6839e-008	7.2777e-008	7.6803e-008	7.9448e-008	8.2578e-008	8.4504e-008	8.6598e-008	8.8462e-008	9.0611e-008	9.2024e-008	9.3272e-008	9.4735e-008	9.3817e-008	9.3032e-008	9.1207e-008	8.9407e-008	8.5738e-008	8.3882e-008	8.2535e-008	8.2234e-008	7.9522e-008	7.6877e-008	7.4918e-008	7.3588e-008	7.0499e-008	6.8078e-008	6.584e-008	6.3216e-008	6.1509e-008	5.831e-008	5.6285e-008	5.3155e-008	5.0713e-008	4.9042e-008	4.7521e-008	4.5341e-008	4.2623e-008	4.0382e-008	3.7349e-008	3.3818e-008	3.1929e-008	3.1413e-008	2.9035e-008	2.7435e-008	2.469e-008	2.2151e-008	2.0692e-008	1.9575e-008	1.7601e-008	1.5592e-008	1.3541e-008	1.1989e-008	1.0677e-008	9.0156e-009	6.7438e-009	5.9999e-009	5.2507e-009	4.7856e-009	4.507e-009	4.6038e-009	4.1103e-009	4.3685e-009
2.6227e-009	2.6119e-009	2.6686e-009	2.9351e-009	3.422e-009	2.5944e-009	2.9878e-009	3.4074e-009	4.0847e-009	4.4019e-009	4.7704e-009	5.4905e-009	6.7547e-009	8.5949e-009	1.1113e-008	1.5072e-008	1.8145e-008	2.1379e-008	2.6753e-008	3.1157e-008	3.5865e-008	4.2068e-008	4.8921e-008	5.5271e-008	6.0673e-008	6.4544e-008	6.8465e-008	7.154e-008	7.5378e-008	7.8969e-008	8.0767e-008	8.3466e-008	8.5596e-008	8.7802e-008	8.8763e-008	8.9584e-008	9.0941e-008	9.2164e-008	9.1528e-008	9.0474e-008	9.0074e-008	8.8717e-008	8.6729e-008	8.5393e-008	8.3428e-008	8.06e-008	7.8098e-008	7.4817e-008	7.2901e-008	7.1712e-008	7.0865e-008	6.9644e-008	6.7176e-008	6.5911e-008	6.4786e-008	6.1147e-008	5.9923e-008	5.8392e-008	5.6541e-008	5.1195e-008	4.998e-008	4.8276e-008	4.4937e-008	4.2764e-008	4.1267e-008	4.0084e-008	3.7813e-008	3.4362e-008	3.247e-008	3.0876e-008	2.9638e-008	2.8321e-008	2.5787e-008	2.3212e-008	2.0897e-008	2.0108e-008	1.8397e-008	1.565e-008	1.3267e-008	1.1954e-008	1.018e-008	8.3932e-009	6.9091e-009	5.7634e-009	4.6422e-009	3.9844e-009	3.3373e-009	2.8244e-009	2.6306e-009	2.3751e-009	2.3587e-009	2.7747e-009	2.5822e-009	2.7034e-009	2.9994e-009	3.4738e-009	3.3236e-009	4.1621e-009	5.9138e-009	7.234e-009	9.2383e-009	1.2187e-008	1.6211e-008	2.1454e-008	2.8552e-008	3.4755e-008	4.1349e-008	4.6814e-008	5.3129e-008	6.1194e-008	6.6149e-008	6.9343e-008	7.2908e-008	7.7707e-008	8.1304e-008	8.3153e-008	8.6066e-008	8.7576e-008	8.9508e-008	9.2351e-008	9.2877e-008	9.269e-008	9.1384e-008	9.0913e-008	9.0552e-008	8.8795e-008	8.6763e-008	8.4825e-008	8.2883e-008	8.1107e-008	7.9381e-008	7.8217e-008	7.8948e-008	7.7061e-008	7.483e-008	7.1729e-008	6.9586e-008	6.7481e-008	6.4752e-008	6.1571e-008	5.9107e-008	5.5975e-008	5.4389e-008	5.265e-008	5.0973e-008	4.9369e-008	4.5726e-008	4.2981e-008	4.2279e-008	3.8915e-008	3.5633e-008	3.3525e-008	3.1712e-008	2.8891e-008	2.629e-008	2.436e-008	2.2102e-008	2.0407e-008	1.7705e-008	1.5056e-008	1.2673e-008	9.924e-009	8.3499e-009	6.9689e-009	5.9295e-009	4.4145e-009	3.9081e-009	3.8199e-009	3.7333e-009	2.9221e-009	3.3317e-009	3.3193e-009	2.9599e-009	2.441e-009	2.4639e-009	3.0459e-009	3.1371e-009	3.3748e-009	3.4216e-009	3.3048e-009	3.4514e-009	4.0753e-009	5.2997e-009	7.8078e-009	9.5726e-009	1.2781e-008	1.5301e-008	1.8332e-008	2.1251e-008	2.6186e-008	3.5181e-008	4.0267e-008	4.6667e-008	5.4106e-008	5.9803e-008	6.6724e-008	7.1295e-008	7.5793e-008	8.0132e-008	8.3046e-008	8.6663e-008	9.1012e-008	9.2676e-008	9.2264e-008	9.1831e-008	9.0689e-008	9.0044e-008	8.9577e-008	8.9299e-008	8.803e-008	8.7412e-008	8.7005e-008	8.6118e-008	8.3397e-008	7.9745e-008	7.7408e-008	7.5367e-008	7.3613e-008	7.2279e-008	6.9877e-008	6.7592e-008	6.595e-008	6.4999e-008	6.2704e-008	6.0478e-008	5.7837e-008	5.6341e-008	5.501e-008	5.1478e-008	4.7736e-008	4.6085e-008	4.3152e-008	4.0528e-008	3.8306e-008	3.6337e-008	3.3675e-008	3.1382e-008	2.9771e-008	2.7462e-008	2.4952e-008	2.2619e-008	2.0118e-008	1.8671e-008	1.6566e-008	1.4618e-008	1.2826e-008	1.1581e-008	8.829e-009	8.0548e-009	5.6815e-009	4.878e-009	4.0522e-009	3.136e-009	3.1147e-009	2.179e-009	2.2081e-009	2.4257e-009	2.7443e-009	2.6989e-009	3.0405e-009	3.1713e-009	3.2291e-009	2.9086e-009	3.4052e-009	4.1249e-009	4.1437e-009	4.8601e-009	5.7992e-009	7.0899e-009	9.239e-009	1.1512e-008	1.5339e-008	1.9996e-008	2.4839e-008	3.1332e-008	3.605e-008	4.3336e-008	4.9668e-008	5.7363e-008	6.2308e-008	6.9766e-008	7.6016e-008	8.0144e-008	8.2889e-008	8.6061e-008	8.7042e-008	8.9807e-008	9.1267e-008	9.2227e-008	9.292e-008	9.28e-008	9.2569e-008	9.2044e-008	9.1651e-008	9.0713e-008	8.9634e-008	8.8588e-008	8.7192e-008	8.5013e-008	8.2717e-008	8.247e-008	8.1566e-008	7.8453e-008	7.5633e-008	7.3986e-008	7.2279e-008	6.9188e-008	6.6863e-008	6.4129e-008	6.2361e-008	5.9646e-008	5.8654e-008	5.6579e-008	5.3063e-008	4.9321e-008	4.6381e-008	4.4734e-008	4.1137e-008	3.8366e-008	3.5556e-008	3.3883e-008	3.0748e-008	2.8572e-008	2.5981e-008	2.3016e-008	2.084e-008	1.8817e-008	1.6989e-008	1.3939e-008	1.2494e-008	1.0179e-008	8.6923e-009	7.2058e-009	5.8293e-009	5.6941e-009	4.8368e-009	4.0302e-009	3.7451e-009	3.3399e-009	3.1824e-009	3.0239e-009	3.106e-009	3.2373e-009	3.3636e-009	2.9996e-009	3.1314e-009	2.8345e-009	3.1384e-009	3.514e-009	3.6661e-009	3.6836e-009	3.9108e-009	4.142e-009	4.7136e-009	5.5766e-009	7.5708e-009	1.1152e-008	1.6209e-008	2.3644e-008	2.9133e-008	3.6058e-008	4.4221e-008	5.1071e-008	5.5436e-008	6.094e-008	6.5186e-008	7.1674e-008	7.6013e-008	7.9275e-008	8.1524e-008	8.376e-008	8.6449e-008	8.8028e-008	8.8896e-008	8.9357e-008	8.9774e-008	8.9509e-008	8.8424e-008	8.7861e-008	8.7767e-008	8.6289e-008	8.4626e-008	8.2693e-008	8.1759e-008	7.9928e-008	7.7409e-008	7.4693e-008	7.2773e-008	7.1097e-008	6.9819e-008	6.8891e-008	6.7706e-008	6.7388e-008	6.538e-008	6.2308e-008	5.9705e-008	5.7178e-008	5.4624e-008	5.2934e-008	5.0697e-008	4.8339e-008	4.5249e-008	4.311e-008	4.0944e-008	3.9428e-008	3.7892e-008	3.4167e-008	3.2616e-008	3.0384e-008	2.8331e-008	2.6321e-008	2.5251e-008	2.3646e-008	2.2114e-008	1.9431e-008	1.8422e-008	1.6249e-008	1.4263e-008	1.2541e-008	1.0182e-008	8.4779e-009	6.8311e-009	5.7527e-009	4.4291e-009	3.3057e-009	3.5057e-009	3.475e-009	3.5964e-009	3.4492e-009	3.6189e-009	3.9546e-009	4.5483e-009	4.8513e-009	5.4668e-009	7.2293e-009	8.8577e-009	1.0205e-008	1.2276e-008	1.5041e-008	1.6731e-008	2.0153e-008	2.3038e-008	2.6065e-008	2.946e-008	3.4179e-008	3.8852e-008	4.6503e-008	5.1541e-008	5.6301e-008	6.0843e-008	6.661e-008	7.2109e-008	7.5912e-008	8.0131e-008	8.3122e-008	8.5035e-008	8.6483e-008	8.8379e-008	9.0554e-008	9.1933e-008	9.2999e-008	9.4477e-008	9.3978e-008	9.2567e-008	9.0117e-008	8.8751e-008	8.6038e-008	8.425e-008	8.2463e-008	8.1811e-008	7.98e-008	7.6841e-008	7.4772e-008	7.2112e-008	6.9333e-008	6.7704e-008	6.6262e-008	6.4129e-008	6.2163e-008	5.8535e-008	5.5881e-008	5.2604e-008	5.1543e-008	4.9276e-008	4.7244e-008	4.4988e-008	4.1591e-008	3.9353e-008	3.5868e-008	3.34e-008	3.1574e-008	2.9793e-008	2.8463e-008	2.6611e-008	2.388e-008	2.2145e-008	2.0592e-008	1.8072e-008	1.7006e-008	1.4461e-008	1.3116e-008	1.1945e-008	9.9204e-009	8.723e-009	6.9526e-009	5.962e-009	4.6162e-009	4.1462e-009	4.0784e-009	3.9731e-009	3.7952e-009	4.0234e-009
2.2424e-009	2.5779e-009	2.9239e-009	3.0335e-009	3.2191e-009	3.2962e-009	3.35e-009	3.4233e-009	4.2546e-009	4.3374e-009	5.1741e-009	5.8764e-009	7.2545e-009	9.6577e-009	1.1959e-008	1.5561e-008	1.8395e-008	2.1921e-008	2.7523e-008	3.2239e-008	3.766e-008	4.2327e-008	4.6402e-008	5.3024e-008	5.7992e-008	6.2321e-008	6.5895e-008	6.9987e-008	7.325e-008	7.757e-008	7.9875e-008	8.1805e-008	8.4806e-008	8.5952e-008	8.791e-008	8.9235e-008	9.0549e-008	9.1729e-008	9.1747e-008	9.1214e-008	9.0735e-008	8.9598e-008	8.7456e-008	8.5917e-008	8.3647e-008	8.11e-008	7.8263e-008	7.4935e-008	7.2343e-008	7.1886e-008	7.1144e-008	6.8857e-008	6.7265e-008	6.5919e-008	6.4219e-008	6.1312e-008	6.001e-008	5.8225e-008	5.6089e-008	5.3515e-008	5.028e-008	4.8712e-008	4.5575e-008	4.3208e-008	4.1219e-008	4.0402e-008	3.7683e-008	3.5094e-008	3.3464e-008	3.1158e-008	3.0471e-008	2.8639e-008	2.5951e-008	2.3089e-008	2.2013e-008	2.0225e-008	1.8939e-008	1.6509e-008	1.3643e-008	1.2411e-008	1.1088e-008	8.3641e-009	7.7027e-009	5.4776e-009	4.6287e-009	4.1669e-009	3.2978e-009	3.2462e-009	2.8312e-009	2.427e-009	2.6924e-009	2.8299e-009	2.6848e-009	2.6845e-009	3.3571e-009	3.4225e-009	3.7253e-009	4.582e-009	6.026e-009	7.5883e-009	9.2163e-009	1.2309e-008	1.6641e-008	2.2193e-008	2.9088e-008	3.5882e-008	4.1591e-008	4.6981e-008	5.3471e-008	6.1361e-008	6.6074e-008	6.9437e-008	7.276e-008	7.7591e-008	8.0781e-008	8.3633e-008	8.569e-008	8.7828e-008	8.9452e-008	9.1184e-008	9.2702e-008	9.2367e-008	9.115e-008	9.094e-008	9.0193e-008	8.8804e-008	8.8134e-008	8.5376e-008	8.3591e-008	8.1582e-008	7.8693e-008	7.8252e-008	7.9331e-008	7.7633e-008	7.4683e-008	7.19e-008	7.0233e-008	6.7333e-008	6.5216e-008	6.2246e-008	5.9164e-008	5.5966e-008	5.4419e-008	5.2541e-008	5.11e-008	4.9422e-008	4.7254e-008	4.2775e-008	4.1991e-008	3.949e-008	3.5334e-008	3.2755e-008	3.0961e-008	2.9137e-008	2.6547e-008	2.3449e-008	2.1811e-008	2.0162e-008	1.8075e-008	1.5476e-008	1.273e-008	1.0331e-008	8.8112e-009	7.2109e-009	5.7016e-009	4.9979e-009	3.8582e-009	4.0939e-009	3.4928e-009	2.7014e-009	3.3381e-009	3.3022e-009	3.1733e-009	2.9798e-009	2.6803e-009	3.0277e-009	3.4765e-009	3.7275e-009	3.8597e-009	3.8566e-009	3.8377e-009	4.2135e-009	5.7188e-009	7.3272e-009	9.4313e-009	1.3204e-008	1.5782e-008	1.8854e-008	2.174e-008	2.7685e-008	3.5859e-008	4.1882e-008	4.7638e-008	5.4561e-008	6.2139e-008	6.7794e-008	7.1906e-008	7.6026e-008	7.91e-008	8.2648e-008	8.6268e-008	9.0683e-008	9.314e-008	9.2713e-008	9.2592e-008	9.0968e-008	9.0096e-008	8.9659e-008	8.9413e-008	8.7729e-008	8.7217e-008	8.7033e-008	8.5415e-008	8.2208e-008	7.9792e-008	7.7374e-008	7.5512e-008	7.346e-008	7.1721e-008	6.9595e-008	6.8046e-008	6.6537e-008	6.5563e-008	6.4341e-008	6.0297e-008	5.6926e-008	5.5505e-008	5.3774e-008	5.0403e-008	4.8353e-008	4.6652e-008	4.4068e-008	4.1092e-008	3.7914e-008	3.6676e-008	3.4302e-008	3.1765e-008	3.0246e-008	2.8048e-008	2.5457e-008	2.3585e-008	2.0504e-008	1.9204e-008	1.7265e-008	1.586e-008	1.41e-008	1.259e-008	1.0668e-008	8.7959e-009	7.5121e-009	5.8571e-009	4.6394e-009	4.0538e-009	3.2852e-009	2.9136e-009	2.1065e-009	2.597e-009	2.5997e-009	3.0474e-009	3.7075e-009	3.9212e-009	3.6893e-009	3.3431e-009	3.5009e-009	4.3401e-009	4.7282e-009	5.1501e-009	6.333e-009	7.6802e-009	8.8574e-009	1.1579e-008	1.604e-008	2.0087e-008	2.6247e-008	3.1384e-008	3.647e-008	4.2317e-008	5.052e-008	5.6565e-008	6.327e-008	6.9435e-008	7.6245e-008	7.8895e-008	8.3791e-008	8.6809e-008	8.7076e-008	8.8221e-008	9.0747e-008	9.1796e-008	9.3036e-008	9.3218e-008	9.2718e-008	9.1992e-008	9.1238e-008	9.019e-008	8.9364e-008	8.881e-008	8.8003e-008	8.4052e-008	8.2405e-008	8.1283e-008	7.9826e-008	7.8383e-008	7.6059e-008	7.3016e-008	7.1261e-008	6.8508e-008	6.6817e-008	6.4418e-008	6.2647e-008	6.0773e-008	5.9375e-008	5.7524e-008	5.4216e-008	5.0057e-008	4.6288e-008	4.4108e-008	4.1987e-008	3.9622e-008	3.6626e-008	3.4175e-008	3.0883e-008	2.8683e-008	2.5953e-008	2.319e-008	2.1234e-008	1.8914e-008	1.7063e-008	1.5553e-008	1.3128e-008	1.0323e-008	9.0632e-009	7.1227e-009	6.2883e-009	5.5429e-009	5.0753e-009	4.388e-009	3.6215e-009	3.6822e-009	3.804e-009	3.5471e-009	3.3291e-009	3.451e-009	3.4104e-009	3.4467e-009	3.0775e-009	3.0285e-009	3.4293e-009	3.4859e-009	3.7308e-009	3.4986e-009	4.1798e-009	4.39e-009	4.6618e-009	5.6968e-009	7.452e-009	1.2293e-008	1.7092e-008	2.4154e-008	2.9655e-008	3.672e-008	4.2808e-008	5.1427e-008	5.6201e-008	5.9768e-008	6.5786e-008	7.0799e-008	7.4891e-008	7.9381e-008	8.2042e-008	8.4766e-008	8.7141e-008	8.8407e-008	8.9615e-008	8.985e-008	8.9979e-008	8.9738e-008	8.8625e-008	8.7558e-008	8.7706e-008	8.64e-008	8.4481e-008	8.3275e-008	8.1847e-008	8.0174e-008	7.7414e-008	7.4409e-008	7.2661e-008	7.0731e-008	6.9249e-008	6.8222e-008	6.8159e-008	6.7129e-008	6.464e-008	6.2358e-008	5.9638e-008	5.6743e-008	5.4705e-008	5.3222e-008	5.1238e-008	4.9231e-008	4.6282e-008	4.4373e-008	4.1374e-008	3.9614e-008	3.8185e-008	3.5864e-008	3.4398e-008	3.0441e-008	2.9008e-008	2.6955e-008	2.6029e-008	2.4062e-008	2.2107e-008	2.054e-008	1.8822e-008	1.6736e-008	1.5237e-008	1.3429e-008	1.1498e-008	9.4647e-009	7.7525e-009	5.9743e-009	5.0908e-009	4.5583e-009	3.9865e-009	3.4805e-009	3.6636e-009	3.9542e-009	4.0358e-009	4.2228e-009	4.5549e-009	5.0539e-009	6.0677e-009	7.5388e-009	9.1699e-009	1.0724e-008	1.2768e-008	1.5121e-008	1.6539e-008	1.9729e-008	2.2355e-008	2.5919e-008	3.0113e-008	3.5317e-008	4.043e-008	4.708e-008	5.1477e-008	5.666e-008	6.1288e-008	6.7661e-008	7.2064e-008	7.663e-008	8.2113e-008	8.476e-008	8.5785e-008	8.7275e-008	8.9016e-008	9.0165e-008	9.2026e-008	9.2773e-008	9.3802e-008	9.4402e-008	9.3821e-008	9.1319e-008	8.8289e-008	8.6749e-008	8.5279e-008	8.3365e-008	8.1611e-008	8.0013e-008	7.7678e-008	7.5014e-008	7.2491e-008	6.9708e-008	6.7726e-008	6.6128e-008	6.4756e-008	6.3098e-008	5.9397e-008	5.6553e-008	5.4173e-008	5.2665e-008	5.0401e-008	4.7349e-008	4.4467e-008	4.1757e-008	3.9681e-008	3.715e-008	3.3415e-008	3.1369e-008	2.9615e-008	2.7374e-008	2.5585e-008	2.4135e-008	2.2217e-008	1.9798e-008	1.7799e-008	1.5421e-008	1.4194e-008	1.2416e-008	1.1743e-008	9.3534e-009	7.881e-009	7.3519e-009	5.8286e-009	4.5843e-009	4.6313e-009	4.1169e-009	4.0196e-009	4.1126e-009	4.3517e-009
2.9386e-009	3.2317e-009	2.9115e-009	2.8048e-009	2.4837e-009	3.2275e-009	3.2776e-009	3.4064e-009	3.6982e-009	3.9468e-009	4.8176e-009	5.4904e-009	7.0705e-009	9.751e-009	1.2042e-008	1.5598e-008	1.8568e-008	2.2189e-008	2.5998e-008	3.1505e-008	3.7194e-008	4.1628e-008	4.6029e-008	5.1127e-008	5.6021e-008	6.1003e-008	6.4448e-008	6.8744e-008	7.2837e-008	7.6827e-008	7.9358e-008	8.1266e-008	8.3875e-008	8.5568e-008	8.729e-008	8.8297e-008	8.9261e-008	9.0283e-008	9.111e-008	9.0901e-008	9.057e-008	8.9437e-008	8.6719e-008	8.471e-008	8.279e-008	8.0969e-008	7.791e-008	7.4912e-008	7.2839e-008	7.195e-008	7.141e-008	6.8354e-008	6.7214e-008	6.5105e-008	6.3288e-008	6.1713e-008	5.9696e-008	5.7065e-008	5.5561e-008	5.3587e-008	5.0448e-008	4.9008e-008	4.66e-008	4.3861e-008	4.1061e-008	3.9772e-008	3.7698e-008	3.4974e-008	3.3801e-008	3.2011e-008	3.0679e-008	2.878e-008	2.6575e-008	2.3502e-008	2.263e-008	2.0707e-008	1.7656e-008	1.5915e-008	1.3454e-008	1.2102e-008	1.0279e-008	8.5012e-009	7.7104e-009	6.1379e-009	4.905e-009	3.5005e-009	3.5794e-009	2.5864e-009	2.3562e-009	2.5408e-009	2.5013e-009	2.7439e-009	2.976e-009	2.9156e-009	3.1944e-009	3.2488e-009	3.801e-009	4.8212e-009	6.2279e-009	7.6706e-009	9.8216e-009	1.3025e-008	1.7017e-008	2.2549e-008	2.8539e-008	3.4475e-008	4.1358e-008	4.6568e-008	5.2951e-008	6.0451e-008	6.5204e-008	6.8703e-008	7.294e-008	7.6728e-008	7.9328e-008	8.2907e-008	8.5187e-008	8.742e-008	8.8864e-008	8.9886e-008	9.0985e-008	9.1273e-008	9.0394e-008	9.0203e-008	8.9557e-008	8.8276e-008	8.8005e-008	8.5149e-008	8.3112e-008	8.2135e-008	7.8649e-008	7.8035e-008	7.8441e-008	7.6885e-008	7.3933e-008	7.1264e-008	7.0499e-008	6.8018e-008	6.5137e-008	6.2434e-008	5.8642e-008	5.6129e-008	5.3886e-008	5.2776e-008	5.0706e-008	4.8859e-008	4.7667e-008	4.3531e-008	4.1507e-008	3.8267e-008	3.5234e-008	3.2454e-008	3.0891e-008	2.8287e-008	2.6221e-008	2.3649e-008	2.1717e-008	1.9457e-008	1.7449e-008	1.5131e-008	1.2886e-008	1.0326e-008	8.4541e-009	6.9361e-009	5.542e-009	4.7482e-009	3.7079e-009	3.472e-009	3.349e-009	2.826e-009	3.1198e-009	3.1487e-009	3.002e-009	3.3021e-009	2.8194e-009	3.048e-009	3.3685e-009	3.4795e-009	3.4721e-009	3.6238e-009	3.8307e-009	4.3323e-009	5.5379e-009	7.0569e-009	9.0119e-009	1.2117e-008	1.5154e-008	1.9223e-008	2.1651e-008	2.873e-008	3.782e-008	4.4124e-008	4.8994e-008	5.4206e-008	6.0758e-008	6.8495e-008	7.1541e-008	7.5621e-008	7.8473e-008	8.2253e-008	8.599e-008	8.9363e-008	9.2257e-008	9.2518e-008	9.2113e-008	9.1025e-008	8.9863e-008	8.9799e-008	8.9486e-008	8.7923e-008	8.682e-008	8.5649e-008	8.4158e-008	8.1336e-008	7.9341e-008	7.7323e-008	7.5339e-008	7.3202e-008	7.1169e-008	6.9376e-008	6.8428e-008	6.7272e-008	6.5255e-008	6.4443e-008	6.135e-008	5.6035e-008	5.4588e-008	5.2806e-008	5.0145e-008	4.8124e-008	4.701e-008	4.5273e-008	4.219e-008	3.8214e-008	3.578e-008	3.4319e-008	3.1944e-008	2.9607e-008	2.8223e-008	2.5446e-008	2.272e-008	2.0638e-008	1.8464e-008	1.749e-008	1.6537e-008	1.3859e-008	1.1628e-008	1.135e-008	9.2442e-009	7.9905e-009	5.8842e-009	5.0684e-009	3.9333e-009	3.3153e-009	2.893e-009	2.416e-009	2.4786e-009	2.4615e-009	3.0887e-009	3.576e-009	3.7052e-009	3.4401e-009	3.5086e-009	3.121e-009	3.9472e-009	4.3573e-009	4.9397e-009	5.9979e-009	7.2426e-009	8.7192e-009	1.2054e-008	1.5325e-008	1.9924e-008	2.6015e-008	3.1614e-008	3.5707e-008	4.0972e-008	4.9336e-008	5.673e-008	6.3104e-008	6.957e-008	7.5463e-008	7.8293e-008	8.2443e-008	8.6416e-008	8.7002e-008	8.7088e-008	8.8537e-008	9.0426e-008	9.1511e-008	9.2923e-008	9.2302e-008	9.1484e-008	9.1183e-008	9.0175e-008	8.9576e-008	8.9195e-008	8.8113e-008	8.5802e-008	8.2049e-008	8.0582e-008	7.8638e-008	7.7359e-008	7.5722e-008	7.2525e-008	7.0553e-008	6.8496e-008	6.7087e-008	6.5663e-008	6.2615e-008	6.0731e-008	5.9004e-008	5.6482e-008	5.4402e-008	4.9918e-008	4.6799e-008	4.4002e-008	4.1854e-008	3.974e-008	3.6693e-008	3.3159e-008	3.0037e-008	2.8208e-008	2.6425e-008	2.2807e-008	2.058e-008	1.884e-008	1.7338e-008	1.5392e-008	1.3311e-008	1.1208e-008	8.6751e-009	6.6823e-009	5.774e-009	5.0531e-009	4.6052e-009	4.139e-009	3.7128e-009	3.2876e-009	3.5586e-009	3.4218e-009	3.1023e-009	3.2419e-009	3.1982e-009	3.1006e-009	3.1611e-009	2.9837e-009	3.5317e-009	3.5166e-009	3.585e-009	3.1771e-009	3.3847e-009	3.7468e-009	4.1743e-009	5.0574e-009	6.9392e-009	1.1744e-008	1.7119e-008	2.2088e-008	2.9477e-008	3.721e-008	4.3774e-008	5.1351e-008	5.5829e-008	5.9417e-008	6.4668e-008	7.0174e-008	7.514e-008	7.9686e-008	8.2378e-008	8.4794e-008	8.6842e-008	8.7516e-008	8.9192e-008	8.9554e-008	8.9296e-008	8.9033e-008	8.7986e-008	8.7451e-008	8.6715e-008	8.5703e-008	8.3424e-008	8.2854e-008	8.1974e-008	7.9726e-008	7.693e-008	7.4287e-008	7.2599e-008	7.1345e-008	6.921e-008	6.7683e-008	6.7182e-008	6.6054e-008	6.4124e-008	6.2104e-008	5.9739e-008	5.6067e-008	5.4058e-008	5.3107e-008	5.2039e-008	4.9561e-008	4.5141e-008	4.4238e-008	4.1788e-008	3.9797e-008	3.7374e-008	3.5832e-008	3.4118e-008	3.0569e-008	2.9388e-008	2.7397e-008	2.5992e-008	2.4906e-008	2.2041e-008	2.075e-008	1.9173e-008	1.7624e-008	1.5785e-008	1.3011e-008	1.1893e-008	9.7156e-009	8.1013e-009	6.3655e-009	5.1994e-009	4.8293e-009	4.4741e-009	3.9106e-009	3.6681e-009	3.6858e-009	3.8103e-009	4.363e-009	4.9538e-009	5.6819e-009	6.5777e-009	7.5765e-009	9.543e-009	1.0612e-008	1.3123e-008	1.5123e-008	1.7662e-008	2.0266e-008	2.2202e-008	2.6172e-008	2.9822e-008	3.5101e-008	3.9931e-008	4.7322e-008	5.3043e-008	5.8664e-008	6.3019e-008	6.8587e-008	7.2595e-008	7.5977e-008	8.2457e-008	8.4942e-008	8.6315e-008	8.7763e-008	8.9381e-008	9.042e-008	9.1335e-008	9.2163e-008	9.2893e-008	9.3403e-008	9.3586e-008	9.1829e-008	8.8338e-008	8.6447e-008	8.5148e-008	8.3666e-008	8.169e-008	8.0304e-008	7.8053e-008	7.5163e-008	7.2149e-008	6.9933e-008	6.7917e-008	6.5934e-008	6.4493e-008	6.2025e-008	5.9334e-008	5.6478e-008	5.4136e-008	5.2881e-008	5.0368e-008	4.7386e-008	4.3916e-008	4.1636e-008	3.8819e-008	3.6866e-008	3.3441e-008	3.1567e-008	2.9369e-008	2.7571e-008	2.5463e-008	2.404e-008	2.1629e-008	1.9327e-008	1.6762e-008	1.4696e-008	1.3874e-008	1.2799e-008	1.0757e-008	9.0045e-009	7.4869e-009	6.6438e-009	5.5842e-009	4.1905e-009	4.1794e-009	4.1335e-009	3.8274e-009	4.1771e-009	4.7133e-009
3.2191e-009	3.5281e-009	2.8836e-009	3.0798e-009	2.9823e-009	3.3587e-009	3.2201e-009	3.2722e-009	3.6882e-009	4.0718e-009	4.7856e-009	5.7431e-009	8.0648e-009	9.9535e-009	1.2931e-008	1.5437e-008	1.9276e-008	2.2092e-008	2.6024e-008	3.1239e-008	3.7201e-008	4.2511e-008	4.625e-008	5.0903e-008	5.5624e-008	6.0532e-008	6.4629e-008	6.8461e-008	7.2533e-008	7.6804e-008	7.9337e-008	8.2418e-008	8.4301e-008	8.6437e-008	8.7742e-008	8.8146e-008	8.9076e-008	8.9627e-008	9.0261e-008	9.0196e-008	8.9414e-008	8.806e-008	8.6014e-008	8.3947e-008	8.1153e-008	8.0175e-008	7.7279e-008	7.5622e-008	7.3106e-008	7.1642e-008	7.0287e-008	6.8745e-008	6.6458e-008	6.5039e-008	6.313e-008	6.1888e-008	6.0453e-008	5.6271e-008	5.4051e-008	5.177e-008	5.0214e-008	4.8288e-008	4.633e-008	4.3611e-008	4.1673e-008	4.0653e-008	3.727e-008	3.5598e-008	3.3721e-008	3.2253e-008	3.0789e-008	2.9133e-008	2.7204e-008	2.4134e-008	2.2547e-008	2.1546e-008	1.9063e-008	1.5501e-008	1.4546e-008	1.2113e-008	1.0593e-008	9.553e-009	8.1066e-009	6.3168e-009	5.6329e-009	4.186e-009	3.8076e-009	3.3459e-009	2.7184e-009	3.0461e-009	3.379e-009	3.4918e-009	3.1123e-009	2.9405e-009	3.3514e-009	3.7781e-009	4.1983e-009	4.6995e-009	6.4837e-009	8.2739e-009	1.0726e-008	1.382e-008	1.7279e-008	2.3745e-008	2.9618e-008	3.4993e-008	4.0954e-008	4.8141e-008	5.4038e-008	5.8964e-008	6.4327e-008	6.8645e-008	7.2659e-008	7.6357e-008	7.9248e-008	8.2467e-008	8.4243e-008	8.6653e-008	8.8164e-008	8.9492e-008	9.031e-008	9.0754e-008	9.0169e-008	8.9711e-008	8.8892e-008	8.8118e-008	8.7048e-008	8.5499e-008	8.333e-008	8.2168e-008	7.9682e-008	7.8057e-008	7.7124e-008	7.6314e-008	7.4232e-008	7.1745e-008	7.0118e-008	6.8392e-008	6.5451e-008	6.374e-008	6.0794e-008	5.7215e-008	5.4897e-008	5.3051e-008	5.1077e-008	4.891e-008	4.6804e-008	4.4007e-008	4.183e-008	3.7127e-008	3.4815e-008	3.2073e-008	3.0817e-008	2.7879e-008	2.6072e-008	2.3957e-008	2.1581e-008	2.0078e-008	1.7341e-008	1.5019e-008	1.2925e-008	1.0567e-008	8.2933e-009	6.9428e-009	5.8784e-009	4.7358e-009	4.0008e-009	3.7685e-009	3.4009e-009	3.2003e-009	3.6069e-009	3.9565e-009	3.4331e-009	3.5785e-009	3.1366e-009	2.8982e-009	3.3143e-009	3.5401e-009	3.3757e-009	3.4978e-009	3.6068e-009	4.1195e-009	5.5153e-009	6.7716e-009	8.5166e-009	1.1428e-008	1.5308e-008	1.8437e-008	2.2466e-008	2.9757e-008	3.8458e-008	4.5466e-008	5.055e-008	5.5312e-008	6.0215e-008	6.7453e-008	7.2051e-008	7.525e-008	7.8529e-008	8.2403e-008	8.6007e-008	8.8797e-008	9.1945e-008	9.2239e-008	9.1419e-008	9.0318e-008	9.0009e-008	9.0319e-008	9.0349e-008	8.8875e-008	8.7435e-008	8.5562e-008	8.2784e-008	8.1378e-008	7.9284e-008	7.699e-008	7.5053e-008	7.2511e-008	7.0954e-008	6.9724e-008	6.9042e-008	6.8289e-008	6.5956e-008	6.3247e-008	5.9772e-008	5.6078e-008	5.4789e-008	5.2909e-008	4.9731e-008	4.9155e-008	4.709e-008	4.5276e-008	4.1787e-008	3.8698e-008	3.6991e-008	3.407e-008	3.1506e-008	2.9639e-008	2.7805e-008	2.5814e-008	2.331e-008	2.0933e-008	1.8904e-008	1.8173e-008	1.7114e-008	1.5673e-008	1.3123e-008	1.1615e-008	1.0503e-008	9.3662e-009	7.3665e-009	5.5639e-009	4.8019e-009	4.4553e-009	3.6515e-009	3.2025e-009	3.2532e-009	3.4228e-009	3.51e-009	3.464e-009	3.5929e-009	3.6077e-009	4.0463e-009	3.6063e-009	3.9528e-009	4.7777e-009	5.0902e-009	5.9437e-009	7.0692e-009	9.5107e-009	1.2519e-008	1.5334e-008	2.1304e-008	2.6893e-008	3.0661e-008	3.5731e-008	4.1452e-008	4.9122e-008	5.7219e-008	6.3213e-008	7.0213e-008	7.528e-008	7.8238e-008	8.0466e-008	8.4905e-008	8.6508e-008	8.6927e-008	8.794e-008	8.8469e-008	9.0899e-008	9.2076e-008	9.2109e-008	9.1345e-008	9.1099e-008	9.0857e-008	9.0318e-008	8.9244e-008	8.7751e-008	8.5905e-008	8.2291e-008	8.0849e-008	7.9297e-008	7.7705e-008	7.5271e-008	7.2669e-008	6.9556e-008	6.8027e-008	6.694e-008	6.461e-008	6.296e-008	6.0554e-008	5.8652e-008	5.6336e-008	5.3418e-008	5.1206e-008	4.7859e-008	4.455e-008	4.2649e-008	3.8699e-008	3.6326e-008	3.3739e-008	3.0188e-008	2.8125e-008	2.5464e-008	2.3612e-008	2.074e-008	1.8311e-008	1.7394e-008	1.5117e-008	1.3235e-008	1.1214e-008	8.5762e-009	6.4543e-009	5.5251e-009	4.7168e-009	3.9966e-009	3.7686e-009	3.9662e-009	3.8285e-009	3.6803e-009	3.352e-009	3.2071e-009	3.1923e-009	3.2933e-009	3.2397e-009	3.849e-009	3.6762e-009	3.7774e-009	4.0053e-009	3.3772e-009	3.3746e-009	3.3164e-009	3.6612e-009	4.2839e-009	5.3614e-009	7.4276e-009	1.1957e-008	1.6462e-008	2.2979e-008	2.9902e-008	3.803e-008	4.47e-008	5.188e-008	5.5825e-008	6.0169e-008	6.5212e-008	6.9537e-008	7.5172e-008	8.0917e-008	8.2782e-008	8.4482e-008	8.5754e-008	8.6889e-008	8.8382e-008	8.9197e-008	8.9208e-008	8.8769e-008	8.8265e-008	8.8277e-008	8.6432e-008	8.5363e-008	8.3633e-008	8.2526e-008	8.1743e-008	8.0577e-008	7.7921e-008	7.4384e-008	7.2454e-008	7.1932e-008	7.0669e-008	6.7898e-008	6.6326e-008	6.4692e-008	6.3099e-008	6.1811e-008	5.9241e-008	5.7599e-008	5.5226e-008	5.3775e-008	5.1398e-008	4.9486e-008	4.6083e-008	4.4329e-008	4.1661e-008	3.9614e-008	3.674e-008	3.5428e-008	3.3666e-008	3.1124e-008	2.9811e-008	2.7114e-008	2.6278e-008	2.4451e-008	2.2461e-008	2.0624e-008	1.8799e-008	1.7778e-008	1.6069e-008	1.415e-008	1.1834e-008	1.0446e-008	8.8117e-009	7.0007e-009	5.9172e-009	4.8978e-009	4.1681e-009	4.1025e-009	3.9515e-009	3.8204e-009	3.9207e-009	4.4511e-009	4.636e-009	5.5423e-009	6.449e-009	7.2421e-009	9.4234e-009	1.0462e-008	1.3098e-008	1.5229e-008	1.7648e-008	2.0728e-008	2.2863e-008	2.6461e-008	3.0116e-008	3.5359e-008	4.0076e-008	4.6874e-008	5.2106e-008	6.0184e-008	6.3867e-008	7.0754e-008	7.4154e-008	7.7148e-008	8.1241e-008	8.4636e-008	8.6777e-008	8.8964e-008	8.9933e-008	9.0587e-008	9.0984e-008	9.1783e-008	9.2602e-008	9.2942e-008	9.2396e-008	9.1137e-008	8.8806e-008	8.6462e-008	8.522e-008	8.4047e-008	8.0782e-008	7.9386e-008	7.7433e-008	7.3999e-008	7.0961e-008	6.9124e-008	6.669e-008	6.4591e-008	6.3152e-008	6.1628e-008	5.8659e-008	5.6911e-008	5.4463e-008	5.2918e-008	5.0823e-008	4.6849e-008	4.3485e-008	4.1774e-008	3.9054e-008	3.6702e-008	3.3873e-008	3.1374e-008	2.8806e-008	2.7372e-008	2.5511e-008	2.3206e-008	2.0398e-008	1.9216e-008	1.7456e-008	1.5144e-008	1.371e-008	1.253e-008	1.1045e-008	9.0883e-009	6.9648e-009	5.7925e-009	4.7727e-009	4.2391e-009	3.8321e-009	3.838e-009	3.5082e-009	3.9446e-009	3.6971e-009
3.1686e-009	3.4121e-009	3.2626e-009	2.9746e-009	2.9532e-009	3.5675e-009	2.9966e-009	3.1474e-009	3.6581e-009	4.2916e-009	5.0881e-009	6.1305e-009	8.3881e-009	1.1253e-008	1.3591e-008	1.6054e-008	1.9646e-008	2.3841e-008	2.7323e-008	3.0795e-008	3.6169e-008	4.3782e-008	4.7321e-008	5.0311e-008	5.6209e-008	6.0398e-008	6.4515e-008	6.8687e-008	7.2912e-008	7.6488e-008	7.9821e-008	8.3329e-008	8.5045e-008	8.7819e-008	8.8647e-008	8.8946e-008	8.9241e-008	8.966e-008	9.0295e-008	9.0188e-008	8.8269e-008	8.7312e-008	8.6121e-008	8.4298e-008	8.0977e-008	7.9293e-008	7.7565e-008	7.6603e-008	7.373e-008	7.211e-008	6.9838e-008	6.9006e-008	6.7456e-008	6.5461e-008	6.4014e-008	6.2153e-008	6.0205e-008	5.7437e-008	5.4686e-008	5.1329e-008	4.9261e-008	4.6589e-008	4.5003e-008	4.3693e-008	4.1536e-008	4.0016e-008	3.7678e-008	3.5813e-008	3.3821e-008	3.2137e-008	2.9986e-008	2.8756e-008	2.7581e-008	2.4663e-008	2.2823e-008	2.1698e-008	1.9422e-008	1.6231e-008	1.5062e-008	1.2692e-008	1.0644e-008	9.0909e-009	8.0408e-009	6.4202e-009	5.4692e-009	4.6472e-009	3.5369e-009	3.7535e-009	3.1546e-009	3.1413e-009	3.6406e-009	3.7123e-009	3.596e-009	3.3027e-009	3.3814e-009	3.9012e-009	4.4923e-009	5.3981e-009	6.645e-009	8.5811e-009	1.116e-008	1.3868e-008	1.6377e-008	2.1629e-008	2.9341e-008	3.4414e-008	4.0528e-008	4.6476e-008	5.3764e-008	5.8311e-008	6.3979e-008	6.8124e-008	7.2403e-008	7.63e-008	7.9828e-008	8.289e-008	8.4898e-008	8.6108e-008	8.7413e-008	8.9226e-008	9.035e-008	8.9863e-008	8.9373e-008	8.8811e-008	8.7966e-008	8.7586e-008	8.6346e-008	8.4771e-008	8.3074e-008	8.1596e-008	7.9735e-008	7.7737e-008	7.605e-008	7.4559e-008	7.4223e-008	7.1858e-008	6.9851e-008	6.873e-008	6.5899e-008	6.409e-008	6.2198e-008	5.7915e-008	5.5623e-008	5.3139e-008	5.063e-008	4.7928e-008	4.6676e-008	4.4764e-008	4.202e-008	3.784e-008	3.4931e-008	3.2686e-008	3.0942e-008	2.8891e-008	2.7178e-008	2.4363e-008	2.1295e-008	1.9769e-008	1.7202e-008	1.4672e-008	1.2448e-008	1.0622e-008	8.4876e-009	6.4363e-009	5.3775e-009	4.3152e-009	3.7828e-009	3.4301e-009	3.2112e-009	3.0774e-009	3.2997e-009	4.1024e-009	3.7614e-009	3.5771e-009	3.0384e-009	2.8362e-009	2.9733e-009	3.1293e-009	3.1564e-009	3.2621e-009	3.4641e-009	4.0372e-009	4.8819e-009	6.1754e-009	8.0124e-009	1.11e-008	1.46e-008	1.8173e-008	2.3058e-008	2.9916e-008	3.9984e-008	4.5485e-008	5.1955e-008	5.6087e-008	6.0215e-008	6.6968e-008	7.1705e-008	7.5524e-008	7.8764e-008	8.2092e-008	8.608e-008	8.867e-008	9.0081e-008	9.0505e-008	9.0565e-008	9.1202e-008	9.0955e-008	9.0882e-008	9.004e-008	8.9194e-008	8.6422e-008	8.5093e-008	8.2519e-008	8.1057e-008	7.9416e-008	7.7601e-008	7.5635e-008	7.3159e-008	7.0537e-008	6.9395e-008	6.8559e-008	6.8026e-008	6.6011e-008	6.3688e-008	6.0268e-008	5.6473e-008	5.428e-008	5.2887e-008	5.0658e-008	4.9519e-008	4.81e-008	4.5603e-008	4.3856e-008	3.9641e-008	3.7979e-008	3.5019e-008	3.2387e-008	3.0243e-008	2.7858e-008	2.574e-008	2.3785e-008	2.1851e-008	1.9631e-008	1.8275e-008	1.6951e-008	1.5257e-008	1.3742e-008	1.1975e-008	1.0353e-008	9.0625e-009	7.5656e-009	6.3259e-009	5.196e-009	5.1341e-009	4.3429e-009	3.6475e-009	3.3656e-009	3.8328e-009	3.7019e-009	3.6787e-009	3.6975e-009	3.708e-009	3.9011e-009	3.6015e-009	3.6808e-009	4.7847e-009	5.1204e-009	6.4325e-009	7.5586e-009	9.3406e-009	1.2578e-008	1.5556e-008	1.8884e-008	2.6374e-008	3.1045e-008	3.4857e-008	4.2288e-008	4.8418e-008	5.625e-008	6.3452e-008	6.8936e-008	7.5724e-008	7.8523e-008	8.0707e-008	8.333e-008	8.5812e-008	8.69e-008	8.7744e-008	8.9049e-008	9.0967e-008	9.1176e-008	9.1084e-008	9.076e-008	9.0037e-008	9.0141e-008	8.9698e-008	8.8825e-008	8.7812e-008	8.5285e-008	8.2641e-008	8.0665e-008	7.8797e-008	7.7822e-008	7.5964e-008	7.183e-008	7.004e-008	6.8268e-008	6.5814e-008	6.3975e-008	6.181e-008	6.0092e-008	5.7466e-008	5.5629e-008	5.3712e-008	5.1657e-008	4.8903e-008	4.601e-008	4.278e-008	3.8686e-008	3.6211e-008	3.3818e-008	3.1899e-008	2.8968e-008	2.6621e-008	2.3418e-008	2.162e-008	1.9442e-008	1.7336e-008	1.5287e-008	1.3269e-008	1.0871e-008	8.8338e-009	6.9844e-009	5.3069e-009	4.7042e-009	3.8009e-009	3.3735e-009	3.1498e-009	3.1935e-009	3.7073e-009	3.5028e-009	3.2664e-009	3.3882e-009	3.2097e-009	3.0692e-009	3.4374e-009	3.7823e-009	3.9222e-009	3.8739e-009	3.6097e-009	3.3436e-009	3.2037e-009	3.7334e-009	4.5872e-009	6.0756e-009	7.7625e-009	1.1416e-008	1.649e-008	2.3129e-008	2.9733e-008	3.7856e-008	4.4112e-008	5.2452e-008	5.6047e-008	6.0694e-008	6.5176e-008	6.9956e-008	7.6179e-008	8.0301e-008	8.3015e-008	8.4656e-008	8.5584e-008	8.6587e-008	8.7741e-008	8.8009e-008	8.8422e-008	8.892e-008	8.8457e-008	8.7728e-008	8.6936e-008	8.5335e-008	8.3139e-008	8.1432e-008	7.9937e-008	7.8907e-008	7.6994e-008	7.3969e-008	7.1635e-008	7.1308e-008	7.1142e-008	6.887e-008	6.552e-008	6.4405e-008	6.2264e-008	6.1368e-008	6.0034e-008	5.7003e-008	5.5185e-008	5.4131e-008	5.189e-008	4.8103e-008	4.5863e-008	4.4183e-008	4.2272e-008	3.9734e-008	3.8245e-008	3.4989e-008	3.2941e-008	3.1787e-008	3.0468e-008	2.7402e-008	2.5932e-008	2.4537e-008	2.1861e-008	2.022e-008	1.9045e-008	1.7762e-008	1.6194e-008	1.4595e-008	1.2627e-008	1.0062e-008	8.4517e-009	6.7208e-009	6.073e-009	4.8045e-009	4.5814e-009	4.2937e-009	4.0016e-009	4.0625e-009	4.1087e-009	4.3607e-009	4.5631e-009	5.2075e-009	6.1176e-009	7.2737e-009	8.6577e-009	1.0475e-008	1.2443e-008	1.4492e-008	1.7182e-008	2.0327e-008	2.1989e-008	2.4979e-008	2.9719e-008	3.55e-008	4.0257e-008	4.6368e-008	5.0354e-008	5.9343e-008	6.4407e-008	7.1649e-008	7.5116e-008	7.7699e-008	8.0999e-008	8.3673e-008	8.6945e-008	8.8876e-008	9.0202e-008	9.1541e-008	9.1108e-008	9.1882e-008	9.2194e-008	9.2204e-008	9.1069e-008	8.9585e-008	8.8851e-008	8.7218e-008	8.5254e-008	8.3937e-008	8.1801e-008	7.884e-008	7.6012e-008	7.2778e-008	7.0336e-008	6.857e-008	6.602e-008	6.3978e-008	6.2376e-008	6.0587e-008	5.7899e-008	5.6255e-008	5.4046e-008	5.22e-008	5.0269e-008	4.6226e-008	4.3563e-008	4.1634e-008	3.9445e-008	3.6123e-008	3.3846e-008	3.0338e-008	2.924e-008	2.662e-008	2.4416e-008	2.2693e-008	2.0328e-008	1.8758e-008	1.7093e-008	1.5298e-008	1.3452e-008	1.1863e-008	9.8277e-009	8.2325e-009	6.6689e-009	6.0727e-009	4.7574e-009	4.1926e-009	3.7494e-009	3.4252e-009	3.4183e-009	3.3601e-009	3.4142e-009
2.9075e-009	3.3086e-009	3.0904e-009	2.7985e-009	2.8362e-009	3.1029e-009	3.0927e-009	2.9609e-009	3.5182e-009	3.8323e-009	4.4175e-009	6.0379e-009	7.9323e-009	1.1239e-008	1.3789e-008	1.581e-008	2.0334e-008	2.3612e-008	2.76e-008	3.1072e-008	3.6482e-008	4.3257e-008	4.7453e-008	5.0522e-008	5.5829e-008	5.9932e-008	6.4248e-008	6.825e-008	7.3135e-008	7.6223e-008	8.0397e-008	8.3226e-008	8.4921e-008	8.7972e-008	8.9368e-008	8.9449e-008	8.9492e-008	8.9513e-008	8.9817e-008	8.9909e-008	8.8823e-008	8.7362e-008	8.5142e-008	8.2901e-008	8.0769e-008	7.9442e-008	7.7641e-008	7.6516e-008	7.4177e-008	7.1916e-008	6.9869e-008	6.906e-008	6.8098e-008	6.5583e-008	6.384e-008	6.2042e-008	6.0015e-008	5.7951e-008	5.4687e-008	5.1948e-008	4.9469e-008	4.7121e-008	4.5174e-008	4.3886e-008	4.2278e-008	4.0314e-008	3.8223e-008	3.6268e-008	3.4747e-008	3.1918e-008	2.9853e-008	2.8886e-008	2.7361e-008	2.4719e-008	2.2073e-008	2.1562e-008	1.9597e-008	1.6832e-008	1.4982e-008	1.3158e-008	1.1452e-008	9.7794e-009	8.5032e-009	7.1038e-009	5.533e-009	4.4842e-009	3.902e-009	3.6506e-009	2.9443e-009	3.035e-009	3.5635e-009	3.4469e-009	3.1056e-009	3.2695e-009	3.4509e-009	4.0803e-009	4.8323e-009	5.9498e-009	6.6455e-009	8.5647e-009	1.073e-008	1.2958e-008	1.6604e-008	2.2443e-008	2.9113e-008	3.4063e-008	4.0385e-008	4.6347e-008	5.2656e-008	5.8293e-008	6.3363e-008	6.798e-008	7.2533e-008	7.6409e-008	8.0302e-008	8.3915e-008	8.5567e-008	8.617e-008	8.7216e-008	8.8153e-008	8.9149e-008	8.9001e-008	8.8753e-008	8.891e-008	8.8077e-008	8.6833e-008	8.6141e-008	8.4836e-008	8.3506e-008	8.1563e-008	8.0528e-008	7.7895e-008	7.6689e-008	7.4868e-008	7.3112e-008	7.177e-008	6.9673e-008	6.9004e-008	6.7139e-008	6.4512e-008	6.2722e-008	5.9949e-008	5.6947e-008	5.4289e-008	5.181e-008	4.9039e-008	4.6738e-008	4.4819e-008	4.2262e-008	3.9749e-008	3.54e-008	3.329e-008	3.1384e-008	2.958e-008	2.7222e-008	2.5072e-008	2.2289e-008	1.9677e-008	1.7013e-008	1.4647e-008	1.2316e-008	9.8662e-009	7.897e-009	6.7649e-009	5.7318e-009	4.7105e-009	4.0528e-009	3.0962e-009	3.0732e-009	2.8915e-009	2.9343e-009	3.675e-009	3.4958e-009	3.4396e-009	3.1183e-009	2.8832e-009	2.6459e-009	3.1018e-009	3.5886e-009	3.8712e-009	3.4315e-009	4.2785e-009	4.2607e-009	5.5632e-009	7.7804e-009	1.0431e-008	1.441e-008	1.8443e-008	2.3547e-008	3.0973e-008	3.8492e-008	4.7834e-008	5.2375e-008	5.5622e-008	5.9949e-008	6.6761e-008	7.1799e-008	7.5924e-008	7.8714e-008	8.2915e-008	8.583e-008	8.7927e-008	8.9328e-008	8.9375e-008	8.9954e-008	9.1538e-008	9.2198e-008	9.1965e-008	9.0091e-008	8.9019e-008	8.7189e-008	8.4422e-008	8.204e-008	8.0436e-008	7.8251e-008	7.6938e-008	7.56e-008	7.3022e-008	7.0761e-008	6.9616e-008	6.8837e-008	6.6882e-008	6.4822e-008	6.2817e-008	6.0031e-008	5.723e-008	5.4388e-008	5.2755e-008	5.0787e-008	4.9503e-008	4.8651e-008	4.6102e-008	4.3258e-008	4.1372e-008	3.8786e-008	3.5204e-008	3.3583e-008	3.0754e-008	2.817e-008	2.6622e-008	2.4408e-008	2.213e-008	2.0419e-008	1.8548e-008	1.6861e-008	1.4935e-008	1.3174e-008	1.2383e-008	1.1064e-008	1.0034e-008	7.7402e-009	6.3239e-009	5.5199e-009	5.1815e-009	4.8822e-009	3.9061e-009	3.6974e-009	3.7888e-009	3.8476e-009	3.5806e-009	3.4623e-009	3.6487e-009	3.767e-009	3.7244e-009	3.544e-009	4.5567e-009	5.2797e-009	6.6114e-009	7.2714e-009	9.8496e-009	1.2908e-008	1.6212e-008	1.9639e-008	2.6011e-008	3.0214e-008	3.6337e-008	4.3237e-008	4.8884e-008	5.5489e-008	6.2238e-008	6.9738e-008	7.5637e-008	7.8612e-008	8.0999e-008	8.2708e-008	8.5432e-008	8.651e-008	8.7695e-008	9.0434e-008	9.115e-008	9.2181e-008	9.1475e-008	9.0394e-008	8.9744e-008	8.9412e-008	8.8847e-008	8.7781e-008	8.7073e-008	8.4504e-008	8.2278e-008	8.0276e-008	7.7822e-008	7.6605e-008	7.5492e-008	7.2639e-008	7.0256e-008	6.9147e-008	6.7012e-008	6.4306e-008	6.1318e-008	5.8516e-008	5.6611e-008	5.5282e-008	5.3918e-008	5.1197e-008	4.9315e-008	4.5481e-008	4.1963e-008	3.932e-008	3.5889e-008	3.3783e-008	3.1997e-008	2.9072e-008	2.6408e-008	2.4051e-008	2.1366e-008	2.0463e-008	1.8082e-008	1.5713e-008	1.3878e-008	1.0676e-008	9.0452e-009	7.5554e-009	4.726e-009	4.5331e-009	3.9132e-009	3.5031e-009	3.6245e-009	3.7944e-009	3.6708e-009	3.5467e-009	3.2318e-009	3.4544e-009	3.6459e-009	3.1746e-009	2.9357e-009	3.3925e-009	3.4645e-009	3.9255e-009	4.1447e-009	3.8831e-009	3.96e-009	4.3506e-009	5.1093e-009	6.1916e-009	7.9412e-009	1.1093e-008	1.5414e-008	2.2108e-008	2.9852e-008	3.8756e-008	4.5272e-008	5.2218e-008	5.714e-008	6.2373e-008	6.6175e-008	7.0775e-008	7.6145e-008	7.9695e-008	8.2326e-008	8.4465e-008	8.5385e-008	8.6429e-008	8.7429e-008	8.7315e-008	8.8345e-008	8.9315e-008	8.9198e-008	8.84e-008	8.7128e-008	8.6085e-008	8.3452e-008	8.1313e-008	7.9849e-008	7.8888e-008	7.6705e-008	7.4178e-008	7.1826e-008	7.0891e-008	7.0985e-008	6.8405e-008	6.546e-008	6.3845e-008	6.2057e-008	6.1173e-008	6.0445e-008	5.7685e-008	5.5227e-008	5.3832e-008	5.1901e-008	4.8195e-008	4.6681e-008	4.4014e-008	4.2422e-008	4.0481e-008	3.7564e-008	3.4567e-008	3.3008e-008	3.1025e-008	2.9315e-008	2.7572e-008	2.5764e-008	2.4855e-008	2.2581e-008	2.0092e-008	1.9146e-008	1.8241e-008	1.6393e-008	1.4644e-008	1.3129e-008	1.057e-008	8.5871e-009	7.7276e-009	6.7326e-009	5.0088e-009	4.5965e-009	4.411e-009	3.8005e-009	3.8443e-009	3.7738e-009	4.4083e-009	5.0594e-009	5.4701e-009	6.2958e-009	7.1841e-009	8.6216e-009	1.0438e-008	1.2218e-008	1.4523e-008	1.634e-008	1.9798e-008	2.1898e-008	2.471e-008	2.8361e-008	3.4608e-008	4.0178e-008	4.5706e-008	5.1621e-008	5.9349e-008	6.4289e-008	7.1548e-008	7.5639e-008	7.7831e-008	8.0227e-008	8.3847e-008	8.6946e-008	8.8678e-008	9.1001e-008	9.2276e-008	9.2233e-008	9.2147e-008	9.2363e-008	9.2057e-008	9.1292e-008	8.9775e-008	8.8619e-008	8.7046e-008	8.5237e-008	8.3629e-008	8.0565e-008	7.7832e-008	7.5531e-008	7.2721e-008	6.9978e-008	6.739e-008	6.591e-008	6.3598e-008	6.2454e-008	5.9919e-008	5.811e-008	5.5778e-008	5.3759e-008	5.0885e-008	4.9323e-008	4.5643e-008	4.3713e-008	4.1742e-008	3.9295e-008	3.5849e-008	3.322e-008	3.0788e-008	2.856e-008	2.6236e-008	2.4561e-008	2.2395e-008	2.0588e-008	1.8722e-008	1.7071e-008	1.5579e-008	1.3398e-008	1.2446e-008	9.8013e-009	8.1099e-009	7.0653e-009	5.7613e-009	4.929e-009	4.2797e-009	3.8043e-009	3.7356e-009	3.5898e-009	4.0465e-009	3.6382e-009
2.7865e-009	3.0506e-009	3.0459e-009	2.7674e-009	2.784e-009	2.9067e-009	2.8905e-009	2.9127e-009	3.447e-009	3.6844e-009	4.4619e-009	5.8414e-009	7.3131e-009	1.0399e-008	1.3065e-008	1.6614e-008	2.0332e-008	2.4026e-008	2.7458e-008	3.2023e-008	3.7455e-008	4.3199e-008	4.7123e-008	5.0793e-008	5.5999e-008	6.0778e-008	6.5274e-008	6.9393e-008	7.3077e-008	7.7169e-008	8.0709e-008	8.3241e-008	8.5179e-008	8.7749e-008	8.9825e-008	9.0118e-008	9.0363e-008	9.0126e-008	9.0161e-008	8.9789e-008	8.8583e-008	8.6343e-008	8.4768e-008	8.2869e-008	8.0293e-008	7.8771e-008	7.7928e-008	7.5904e-008	7.4232e-008	7.1219e-008	6.9885e-008	6.8545e-008	6.6485e-008	6.4411e-008	6.3361e-008	6.1066e-008	5.8464e-008	5.6102e-008	5.4109e-008	5.1882e-008	5.005e-008	4.7106e-008	4.5185e-008	4.3885e-008	4.2188e-008	4.0445e-008	3.8349e-008	3.6639e-008	3.4971e-008	3.1479e-008	2.9483e-008	2.8216e-008	2.6538e-008	2.4262e-008	2.2173e-008	2.0556e-008	1.8928e-008	1.6985e-008	1.4904e-008	1.2957e-008	1.1532e-008	9.5372e-009	8.7433e-009	7.0249e-009	5.6059e-009	4.0532e-009	3.5548e-009	2.6847e-009	2.6622e-009	2.8903e-009	3.2162e-009	3.1175e-009	2.9555e-009	3.1884e-009	3.3207e-009	3.766e-009	4.5861e-009	5.2839e-009	6.5792e-009	8.5189e-009	1.0416e-008	1.3139e-008	1.6993e-008	2.0839e-008	2.7956e-008	3.4614e-008	4.0102e-008	4.6088e-008	5.2251e-008	5.7275e-008	6.205e-008	6.7504e-008	7.2504e-008	7.6152e-008	8.0115e-008	8.4184e-008	8.5597e-008	8.5886e-008	8.6721e-008	8.7021e-008	8.7865e-008	8.8059e-008	8.8169e-008	8.8224e-008	8.7905e-008	8.7063e-008	8.6876e-008	8.5439e-008	8.3991e-008	8.2232e-008	8.0446e-008	7.8392e-008	7.7373e-008	7.5409e-008	7.273e-008	7.1164e-008	6.9553e-008	6.8598e-008	6.7483e-008	6.4096e-008	6.2197e-008	5.9993e-008	5.6615e-008	5.4973e-008	5.2024e-008	4.9896e-008	4.7169e-008	4.5167e-008	4.3152e-008	4.0079e-008	3.562e-008	3.2922e-008	3.0898e-008	2.908e-008	2.7162e-008	2.403e-008	2.1017e-008	1.8858e-008	1.6152e-008	1.4294e-008	1.1484e-008	9.7556e-009	7.9453e-009	6.7581e-009	5.3862e-009	4.3731e-009	3.443e-009	2.9918e-009	3.0427e-009	3.1457e-009	3.0547e-009	3.0617e-009	3.1033e-009	2.7522e-009	2.5069e-009	2.3279e-009	2.3891e-009	3.0518e-009	3.5319e-009	3.9407e-009	3.0604e-009	3.5513e-009	3.9585e-009	5.6491e-009	7.4027e-009	9.9988e-009	1.3951e-008	1.7561e-008	2.3163e-008	3.0084e-008	3.9515e-008	4.7496e-008	5.2172e-008	5.5643e-008	5.9395e-008	6.6213e-008	7.1746e-008	7.6775e-008	8.0017e-008	8.2878e-008	8.5212e-008	8.7517e-008	8.8503e-008	8.8835e-008	9.0113e-008	9.1461e-008	9.2002e-008	9.205e-008	9.0813e-008	8.8219e-008	8.6576e-008	8.3511e-008	8.0705e-008	7.8854e-008	7.7634e-008	7.639e-008	7.4949e-008	7.3711e-008	7.1269e-008	6.974e-008	6.8429e-008	6.6835e-008	6.4055e-008	6.2638e-008	5.99e-008	5.7196e-008	5.474e-008	5.288e-008	5.0717e-008	4.8858e-008	4.7908e-008	4.6357e-008	4.2907e-008	4.1712e-008	3.8889e-008	3.5541e-008	3.3449e-008	3.1795e-008	2.8479e-008	2.6425e-008	2.4738e-008	2.3444e-008	2.0931e-008	1.9356e-008	1.7119e-008	1.5176e-008	1.3636e-008	1.2557e-008	1.1187e-008	9.7204e-009	8.5128e-009	6.5593e-009	5.8638e-009	4.8678e-009	4.5589e-009	3.9356e-009	3.8164e-009	3.6255e-009	3.6838e-009	3.6862e-009	3.3022e-009	3.3636e-009	3.5002e-009	3.5325e-009	3.3123e-009	4.4513e-009	4.8549e-009	6.0635e-009	7.3334e-009	1.0453e-008	1.3617e-008	1.6597e-008	1.9347e-008	2.557e-008	2.991e-008	3.6842e-008	4.2637e-008	4.9063e-008	5.4595e-008	6.0924e-008	6.7956e-008	7.3553e-008	7.8257e-008	8.0885e-008	8.2533e-008	8.4923e-008	8.5432e-008	8.709e-008	9.0288e-008	9.114e-008	9.2484e-008	9.2961e-008	9.0504e-008	8.9568e-008	8.8995e-008	8.7516e-008	8.6379e-008	8.5751e-008	8.3108e-008	8.1566e-008	8.0906e-008	7.8531e-008	7.5465e-008	7.4078e-008	7.2629e-008	7.042e-008	6.895e-008	6.7667e-008	6.5555e-008	5.992e-008	5.76e-008	5.617e-008	5.4553e-008	5.4067e-008	5.1518e-008	4.8448e-008	4.5285e-008	4.233e-008	3.9728e-008	3.67e-008	3.4082e-008	3.2071e-008	2.9595e-008	2.6876e-008	2.4045e-008	2.2221e-008	2.0791e-008	1.8771e-008	1.631e-008	1.354e-008	1.1493e-008	9.1684e-009	7.6963e-009	5.5462e-009	4.8558e-009	3.9455e-009	3.7019e-009	3.7236e-009	3.6583e-009	3.6982e-009	3.3811e-009	3.0741e-009	3.3282e-009	3.7039e-009	3.1129e-009	2.7434e-009	2.8427e-009	3.3593e-009	3.4303e-009	3.7499e-009	4.2523e-009	4.2751e-009	4.4326e-009	5.2323e-009	6.3211e-009	8.3585e-009	1.1871e-008	1.5466e-008	2.1925e-008	2.9531e-008	3.8541e-008	4.4988e-008	5.1284e-008	5.6081e-008	6.3571e-008	6.7666e-008	7.0589e-008	7.6023e-008	7.9423e-008	8.1726e-008	8.3756e-008	8.5079e-008	8.6426e-008	8.7329e-008	8.8423e-008	8.8913e-008	8.9874e-008	8.9993e-008	8.9367e-008	8.7834e-008	8.5149e-008	8.341e-008	8.2211e-008	8.073e-008	7.9379e-008	7.7673e-008	7.4701e-008	7.2504e-008	7.141e-008	6.9911e-008	6.8656e-008	6.6119e-008	6.4002e-008	6.2584e-008	6.1289e-008	6.0592e-008	5.8586e-008	5.4877e-008	5.2749e-008	5.1421e-008	4.9225e-008	4.6627e-008	4.4938e-008	4.2115e-008	3.9714e-008	3.8076e-008	3.5134e-008	3.3672e-008	3.1333e-008	2.9554e-008	2.7741e-008	2.5331e-008	2.3777e-008	2.2415e-008	2.08e-008	1.9495e-008	1.8568e-008	1.7016e-008	1.452e-008	1.3413e-008	1.1387e-008	9.6058e-009	8.1131e-009	6.762e-009	5.8302e-009	4.558e-009	4.0789e-009	3.5646e-009	3.6767e-009	3.9132e-009	4.5326e-009	5.0732e-009	5.5596e-009	6.255e-009	7.1105e-009	8.6507e-009	1.0779e-008	1.2314e-008	1.4079e-008	1.6159e-008	1.8965e-008	2.0996e-008	2.4637e-008	2.8573e-008	3.3382e-008	3.9067e-008	4.4693e-008	5.2024e-008	5.8304e-008	6.4377e-008	7.1124e-008	7.5486e-008	7.8146e-008	8.0479e-008	8.3813e-008	8.6179e-008	8.9257e-008	9.2221e-008	9.2738e-008	9.2466e-008	9.2934e-008	9.3107e-008	9.2454e-008	9.1877e-008	9.0037e-008	8.8129e-008	8.6786e-008	8.5485e-008	8.3921e-008	8.1506e-008	7.8286e-008	7.5512e-008	7.3456e-008	6.9881e-008	6.6993e-008	6.5514e-008	6.3864e-008	6.1579e-008	5.9327e-008	5.7824e-008	5.5887e-008	5.4032e-008	5.1711e-008	4.932e-008	4.7087e-008	4.3507e-008	4.2177e-008	3.9213e-008	3.645e-008	3.3187e-008	3.1526e-008	2.8931e-008	2.6773e-008	2.5033e-008	2.2914e-008	2.1071e-008	1.9512e-008	1.7385e-008	1.5267e-008	1.3634e-008	1.2672e-008	1.0972e-008	8.45e-009	7.4457e-009	5.9578e-009	5.0854e-009	4.4816e-009	4.2893e-009	4.6426e-009	3.977e-009	4.1558e-009	3.8519e-009
2.9038e-009	2.9655e-009	3.2647e-009	3.0081e-009	3.0332e-009	3.4541e-009	3.2235e-009	2.7292e-009	3.2026e-009	4.0146e-009	5.0345e-009	6.3618e-009	8.7289e-009	1.0555e-008	1.2892e-008	1.6653e-008	2.055e-008	2.4063e-008	2.7347e-008	3.2968e-008	3.7536e-008	4.2667e-008	4.6666e-008	5.1819e-008	5.7125e-008	6.1882e-008	6.6702e-008	7.0161e-008	7.3353e-008	7.668e-008	8.0579e-008	8.2794e-008	8.557e-008	8.8549e-008	9.0296e-008	9.0534e-008	9.1747e-008	9.1138e-008	9.0866e-008	8.9986e-008	8.867e-008	8.6831e-008	8.5032e-008	8.2664e-008	8.0427e-008	7.8773e-008	7.7366e-008	7.5783e-008	7.4024e-008	7.1388e-008	6.9454e-008	6.756e-008	6.5873e-008	6.4429e-008	6.2299e-008	6.0002e-008	5.7694e-008	5.5367e-008	5.4164e-008	5.2707e-008	5.0795e-008	4.7604e-008	4.548e-008	4.3971e-008	4.2403e-008	4.0241e-008	3.7992e-008	3.5939e-008	3.4013e-008	3.1366e-008	2.8798e-008	2.7557e-008	2.6028e-008	2.3202e-008	2.1887e-008	1.9908e-008	1.8536e-008	1.67e-008	1.5386e-008	1.3264e-008	1.1396e-008	9.7892e-009	8.3871e-009	6.8018e-009	4.8431e-009	4.1273e-009	3.4883e-009	3.2114e-009	2.7781e-009	3.027e-009	2.5515e-009	2.4233e-009	2.9872e-009	3.2112e-009	3.185e-009	3.4495e-009	4.8418e-009	5.3406e-009	7.2524e-009	9.0786e-009	1.0942e-008	1.4595e-008	1.849e-008	2.2531e-008	2.8227e-008	3.4642e-008	4.1169e-008	4.6563e-008	5.1679e-008	5.6152e-008	6.1051e-008	6.729e-008	7.1301e-008	7.5628e-008	7.9289e-008	8.3822e-008	8.5419e-008	8.5581e-008	8.587e-008	8.6742e-008	8.7255e-008	8.7614e-008	8.8475e-008	8.7815e-008	8.7591e-008	8.7385e-008	8.7531e-008	8.5731e-008	8.3674e-008	8.2423e-008	8.0649e-008	7.855e-008	7.772e-008	7.5806e-008	7.3088e-008	7.1898e-008	6.9631e-008	6.85e-008	6.6425e-008	6.4362e-008	6.2581e-008	6.0168e-008	5.7169e-008	5.4841e-008	5.2045e-008	5.0147e-008	4.7865e-008	4.5581e-008	4.2314e-008	3.9391e-008	3.6942e-008	3.3162e-008	3.1529e-008	2.962e-008	2.7421e-008	2.379e-008	2.1298e-008	1.9081e-008	1.6072e-008	1.3722e-008	1.2067e-008	9.8785e-009	8.5044e-009	6.9426e-009	5.8282e-009	4.0144e-009	3.5074e-009	3.1982e-009	3.2359e-009	3.1194e-009	2.7818e-009	3.0099e-009	2.5297e-009	2.9849e-009	2.8733e-009	2.5452e-009	3.1867e-009	3.0167e-009	3.4459e-009	3.411e-009	3.439e-009	3.3649e-009	3.7999e-009	5.1863e-009	7.3134e-009	9.6227e-009	1.3365e-008	1.7461e-008	2.3678e-008	3.1012e-008	3.9482e-008	4.5297e-008	5.1266e-008	5.5612e-008	6.0085e-008	6.5148e-008	7.2177e-008	7.7746e-008	8.0846e-008	8.3093e-008	8.4916e-008	8.7077e-008	8.8762e-008	8.9044e-008	8.997e-008	9.1273e-008	9.1472e-008	9.1651e-008	9.0323e-008	8.7486e-008	8.553e-008	8.3584e-008	8.1429e-008	7.8655e-008	7.7089e-008	7.5627e-008	7.4833e-008	7.452e-008	7.1878e-008	6.9211e-008	6.7907e-008	6.6332e-008	6.4471e-008	6.2711e-008	6.0865e-008	5.7913e-008	5.5586e-008	5.3577e-008	5.0822e-008	4.858e-008	4.7625e-008	4.605e-008	4.2927e-008	4.1161e-008	3.8145e-008	3.6335e-008	3.3602e-008	3.1729e-008	2.8935e-008	2.643e-008	2.4958e-008	2.395e-008	2.2006e-008	1.9875e-008	1.7831e-008	1.6254e-008	1.3597e-008	1.2447e-008	1.1409e-008	1.0079e-008	8.113e-009	6.6361e-009	6.0294e-009	4.8994e-009	4.1599e-009	3.8147e-009	4.0161e-009	3.7656e-009	3.2626e-009	3.9795e-009	4.1986e-009	4.1103e-009	3.9231e-009	3.4067e-009	3.453e-009	4.6533e-009	5.1128e-009	6.0516e-009	7.6843e-009	1.0626e-008	1.3522e-008	1.6512e-008	2.0043e-008	2.4757e-008	2.9854e-008	3.6647e-008	4.4009e-008	4.9872e-008	5.4863e-008	6.0348e-008	6.718e-008	7.3208e-008	7.7389e-008	8.04e-008	8.1935e-008	8.4669e-008	8.5839e-008	8.6736e-008	8.9807e-008	9.1618e-008	9.2403e-008	9.311e-008	9.1277e-008	8.8879e-008	8.8383e-008	8.7588e-008	8.5702e-008	8.4271e-008	8.2414e-008	8.1106e-008	7.9806e-008	7.7574e-008	7.5189e-008	7.3399e-008	7.2696e-008	7.0564e-008	6.9163e-008	6.7918e-008	6.4321e-008	5.9713e-008	5.7817e-008	5.6736e-008	5.5205e-008	5.3182e-008	5.0026e-008	4.7505e-008	4.4639e-008	4.2248e-008	4.0264e-008	3.7563e-008	3.5375e-008	3.3143e-008	2.9964e-008	2.8099e-008	2.5603e-008	2.3177e-008	2.0773e-008	1.8786e-008	1.6581e-008	1.4005e-008	1.1644e-008	1.0022e-008	7.7509e-009	6.0803e-009	4.7454e-009	4.5016e-009	3.7e-009	3.4612e-009	3.2917e-009	3.2194e-009	2.9728e-009	3.448e-009	3.2837e-009	3.1765e-009	2.8525e-009	2.4802e-009	2.4291e-009	2.8375e-009	3.1234e-009	3.476e-009	3.7779e-009	4.6156e-009	4.4599e-009	5.3581e-009	6.2618e-009	8.8644e-009	1.2735e-008	1.6672e-008	2.1267e-008	2.9543e-008	3.8592e-008	4.536e-008	5.1777e-008	5.7135e-008	6.3276e-008	6.7277e-008	7.0869e-008	7.5442e-008	7.8072e-008	8.0351e-008	8.2105e-008	8.4262e-008	8.7868e-008	8.8815e-008	8.8868e-008	8.9351e-008	9.0331e-008	9.0847e-008	9.0562e-008	8.8372e-008	8.6055e-008	8.428e-008	8.2611e-008	8.1039e-008	7.9078e-008	7.8132e-008	7.543e-008	7.3624e-008	7.1764e-008	6.9969e-008	6.8208e-008	6.5895e-008	6.4037e-008	6.3046e-008	6.2294e-008	5.9868e-008	5.7568e-008	5.4509e-008	5.248e-008	5.0296e-008	4.8387e-008	4.6473e-008	4.4072e-008	4.2321e-008	4.0184e-008	3.7522e-008	3.5196e-008	3.3146e-008	3.0951e-008	2.9481e-008	2.8148e-008	2.4999e-008	2.3073e-008	2.0994e-008	1.9793e-008	1.916e-008	1.7866e-008	1.5598e-008	1.3974e-008	1.2921e-008	1.1383e-008	9.8573e-009	8.3064e-009	6.3533e-009	5.5222e-009	4.8336e-009	4.003e-009	3.7116e-009	3.5974e-009	3.9047e-009	4.0841e-009	4.5509e-009	5.1857e-009	5.887e-009	6.9829e-009	8.8333e-009	1.0505e-008	1.1948e-008	1.3516e-008	1.5632e-008	1.8647e-008	2.1256e-008	2.5758e-008	2.9277e-008	3.3465e-008	3.8239e-008	4.4053e-008	5.1783e-008	5.805e-008	6.4646e-008	7.11e-008	7.4703e-008	7.7612e-008	8.0308e-008	8.3215e-008	8.5361e-008	8.9333e-008	9.2019e-008	9.3062e-008	9.2908e-008	9.3015e-008	9.298e-008	9.2467e-008	9.211e-008	9.0295e-008	8.7821e-008	8.6014e-008	8.5029e-008	8.397e-008	8.0772e-008	7.8238e-008	7.6909e-008	7.3307e-008	6.9597e-008	6.7376e-008	6.5591e-008	6.297e-008	6.1355e-008	5.9659e-008	5.7841e-008	5.6072e-008	5.3405e-008	5.1453e-008	4.961e-008	4.7785e-008	4.4351e-008	4.2613e-008	3.8986e-008	3.6487e-008	3.3626e-008	3.1547e-008	2.907e-008	2.6584e-008	2.521e-008	2.3302e-008	2.1853e-008	1.9261e-008	1.7433e-008	1.5702e-008	1.363e-008	1.244e-008	1.0437e-008	8.3036e-009	6.9979e-009	5.9871e-009	4.6942e-009	3.9824e-009	4.064e-009	4.3493e-009	4.0101e-009	3.4048e-009	3.1075e-009
3.1831e-009	3.1132e-009	2.9677e-009	2.9712e-009	3.3339e-009	3.2547e-009	2.7299e-009	3.0179e-009	3.5565e-009	4.3671e-009	4.9095e-009	6.2547e-009	9.026e-009	1.0881e-008	1.3485e-008	1.5726e-008	1.9789e-008	2.2683e-008	2.7602e-008	3.2703e-008	3.7273e-008	4.2159e-008	4.6221e-008	5.2174e-008	5.767e-008	6.2576e-008	6.7464e-008	7.0274e-008	7.4245e-008	7.7881e-008	8.1219e-008	8.313e-008	8.5188e-008	8.8601e-008	9.0108e-008	9.0937e-008	9.1955e-008	9.1392e-008	9.0278e-008	8.9607e-008	8.8572e-008	8.7141e-008	8.5628e-008	8.3814e-008	8.0769e-008	7.8505e-008	7.7253e-008	7.5362e-008	7.4044e-008	7.1804e-008	6.9718e-008	6.687e-008	6.5909e-008	6.429e-008	6.2371e-008	6.0126e-008	5.7345e-008	5.5401e-008	5.4072e-008	5.2745e-008	5.1623e-008	4.8672e-008	4.545e-008	4.3598e-008	4.2559e-008	4.0648e-008	3.8625e-008	3.6307e-008	3.3487e-008	3.1424e-008	2.9607e-008	2.7441e-008	2.5486e-008	2.2936e-008	2.1292e-008	1.9822e-008	1.8368e-008	1.6822e-008	1.5083e-008	1.3646e-008	1.1772e-008	1.0132e-008	8.6726e-009	7.0681e-009	5.3084e-009	4.2906e-009	3.5242e-009	3.0325e-009	2.5971e-009	2.7298e-009	2.9954e-009	3.2696e-009	3.3413e-009	3.1688e-009	3.0856e-009	3.4776e-009	4.5501e-009	5.5689e-009	7.2444e-009	8.8598e-009	1.0903e-008	1.5966e-008	1.9578e-008	2.3437e-008	2.9028e-008	3.5009e-008	4.179e-008	4.7213e-008	5.1187e-008	5.5534e-008	6.143e-008	6.6705e-008	6.9977e-008	7.4932e-008	7.9342e-008	8.311e-008	8.4883e-008	8.5495e-008	8.5658e-008	8.5855e-008	8.6542e-008	8.6906e-008	8.7751e-008	8.7457e-008	8.7499e-008	8.7035e-008	8.7213e-008	8.6426e-008	8.3822e-008	8.1722e-008	8.007e-008	7.8719e-008	7.806e-008	7.6057e-008	7.3542e-008	7.1079e-008	6.9653e-008	6.7607e-008	6.6401e-008	6.4094e-008	6.2908e-008	6.0834e-008	5.8088e-008	5.5997e-008	5.2938e-008	5.0796e-008	4.8217e-008	4.5538e-008	4.3433e-008	3.97e-008	3.7169e-008	3.3911e-008	3.1684e-008	2.9986e-008	2.7923e-008	2.4631e-008	2.2614e-008	1.9196e-008	1.6245e-008	1.3874e-008	1.241e-008	9.997e-009	8.1931e-009	7.1153e-009	5.2846e-009	3.9619e-009	3.4948e-009	2.8202e-009	3.1052e-009	2.8285e-009	2.7601e-009	2.7359e-009	2.7402e-009	2.5969e-009	2.3466e-009	2.4299e-009	3.0604e-009	3.0963e-009	3.2222e-009	3.3979e-009	3.4521e-009	3.402e-009	3.6479e-009	5.0632e-009	6.7273e-009	9.4313e-009	1.2595e-008	1.6921e-008	2.2624e-008	3.0392e-008	3.9072e-008	4.5814e-008	5.0409e-008	5.5772e-008	5.9818e-008	6.4667e-008	7.1487e-008	7.8247e-008	8.0904e-008	8.3046e-008	8.4782e-008	8.6483e-008	8.8736e-008	8.9271e-008	8.9468e-008	8.9904e-008	9.0053e-008	9.018e-008	9.0089e-008	8.8214e-008	8.6239e-008	8.4498e-008	8.1415e-008	7.8552e-008	7.6899e-008	7.5769e-008	7.5382e-008	7.5199e-008	7.3298e-008	6.9914e-008	6.8099e-008	6.661e-008	6.4804e-008	6.2955e-008	6.1797e-008	5.9318e-008	5.6308e-008	5.4103e-008	5.0573e-008	4.7716e-008	4.6941e-008	4.4934e-008	4.2217e-008	4.0576e-008	3.8542e-008	3.6306e-008	3.438e-008	3.1945e-008	2.9625e-008	2.7609e-008	2.4945e-008	2.3921e-008	2.2383e-008	2.0717e-008	1.873e-008	1.7318e-008	1.547e-008	1.3227e-008	1.1891e-008	9.9242e-009	8.8079e-009	7.3969e-009	5.6421e-009	5.5199e-009	4.9782e-009	3.8518e-009	3.9841e-009	3.9312e-009	3.9732e-009	4.3381e-009	4.452e-009	4.4025e-009	4.3243e-009	4.4009e-009	3.7033e-009	4.5653e-009	5.4646e-009	6.1286e-009	8.4141e-009	1.142e-008	1.4507e-008	1.7172e-008	2.0668e-008	2.5329e-008	3.0423e-008	3.8526e-008	4.4282e-008	4.9571e-008	5.5252e-008	5.9179e-008	6.5487e-008	7.0959e-008	7.5805e-008	7.8904e-008	8.1457e-008	8.3739e-008	8.5814e-008	8.6675e-008	8.9959e-008	9.1579e-008	9.1642e-008	9.1776e-008	9.0845e-008	8.8448e-008	8.8341e-008	8.7385e-008	8.5682e-008	8.4305e-008	8.2428e-008	8.1581e-008	7.9823e-008	7.8101e-008	7.5067e-008	7.3515e-008	7.139e-008	6.9701e-008	6.8763e-008	6.8027e-008	6.4655e-008	5.9603e-008	5.8206e-008	5.7016e-008	5.5028e-008	5.3189e-008	4.9957e-008	4.6637e-008	4.4234e-008	4.2328e-008	4.0671e-008	3.8218e-008	3.5458e-008	3.3979e-008	3.0991e-008	2.8805e-008	2.6521e-008	2.4186e-008	2.1774e-008	1.9438e-008	1.5895e-008	1.4144e-008	1.2072e-008	1.057e-008	8.1811e-009	6.1224e-009	4.9863e-009	4.3515e-009	3.596e-009	3.7154e-009	3.6697e-009	3.7446e-009	2.6416e-009	3.3358e-009	3.3182e-009	3.4074e-009	2.5994e-009	2.7061e-009	2.7431e-009	2.9475e-009	3.1514e-009	3.1467e-009	3.593e-009	4.1265e-009	4.5624e-009	5.5517e-009	6.886e-009	9.6574e-009	1.2962e-008	1.7574e-008	2.1403e-008	2.9613e-008	3.9013e-008	4.6735e-008	5.1887e-008	5.5778e-008	6.1288e-008	6.5741e-008	7.0962e-008	7.4494e-008	7.7135e-008	7.928e-008	8.1418e-008	8.4453e-008	8.832e-008	8.9473e-008	8.9278e-008	8.9584e-008	9.0162e-008	9.1077e-008	9.1725e-008	8.9592e-008	8.5562e-008	8.4094e-008	8.2336e-008	8.1e-008	7.9215e-008	7.8065e-008	7.6675e-008	7.4549e-008	7.2448e-008	7.0056e-008	6.8094e-008	6.5812e-008	6.3962e-008	6.2997e-008	6.2373e-008	5.9538e-008	5.7143e-008	5.4489e-008	5.2299e-008	5.0332e-008	4.7823e-008	4.6275e-008	4.5211e-008	4.198e-008	4.0152e-008	3.7852e-008	3.5858e-008	3.3679e-008	3.1269e-008	2.9251e-008	2.793e-008	2.572e-008	2.3267e-008	2.1424e-008	2.0137e-008	1.8481e-008	1.7712e-008	1.601e-008	1.3592e-008	1.2697e-008	1.167e-008	9.6713e-009	8.3796e-009	6.7821e-009	5.5623e-009	4.6856e-009	4.1281e-009	3.9963e-009	4.1142e-009	4.026e-009	4.3073e-009	4.6207e-009	5.0253e-009	5.6958e-009	6.719e-009	8.6319e-009	9.9996e-009	1.1796e-008	1.3724e-008	1.5653e-008	1.8415e-008	2.1771e-008	2.5861e-008	2.9267e-008	3.457e-008	3.8359e-008	4.3641e-008	5.0885e-008	5.7706e-008	6.5129e-008	7.1368e-008	7.4787e-008	7.7597e-008	8.0062e-008	8.2915e-008	8.469e-008	8.8508e-008	9.1758e-008	9.2842e-008	9.2976e-008	9.3184e-008	9.2886e-008	9.2467e-008	9.2127e-008	8.9696e-008	8.7393e-008	8.5608e-008	8.437e-008	8.3269e-008	8.1189e-008	7.9007e-008	7.7018e-008	7.43e-008	7.2245e-008	6.7406e-008	6.5319e-008	6.3389e-008	6.1454e-008	6.0196e-008	5.8956e-008	5.6075e-008	5.433e-008	5.2446e-008	4.9501e-008	4.6856e-008	4.4644e-008	4.2825e-008	3.9266e-008	3.7181e-008	3.3714e-008	3.2073e-008	2.9757e-008	2.7724e-008	2.576e-008	2.4309e-008	2.2501e-008	1.9881e-008	1.7922e-008	1.593e-008	1.3669e-008	1.2291e-008	1.0228e-008	8.7095e-009	7.0708e-009	5.7916e-009	4.993e-009	4.5032e-009	4.1785e-009	3.9796e-009	3.9747e-009	3.802e-009	3.4895e-009
3.0186e-009	2.9395e-009	2.5733e-009	2.9744e-009	3.2079e-009	2.8836e-009	2.4808e-009	3.146e-009	3.387e-009	3.9141e-009	4.3399e-009	5.8967e-009	8.3618e-009	1.0855e-008	1.3381e-008	1.5871e-008	1.9565e-008	2.234e-008	2.6466e-008	3.2341e-008	3.7769e-008	4.2419e-008	4.6868e-008	5.2086e-008	5.8063e-008	6.3057e-008	6.7519e-008	7.042e-008	7.4198e-008	7.7981e-008	8.315e-008	8.3954e-008	8.5011e-008	8.741e-008	8.9469e-008	9.0749e-008	9.2025e-008	9.123e-008	9.001e-008	8.9624e-008	8.9246e-008	8.7594e-008	8.6133e-008	8.3638e-008	8.048e-008	7.8814e-008	7.7737e-008	7.6138e-008	7.4634e-008	7.0738e-008	6.9268e-008	6.7472e-008	6.6198e-008	6.4453e-008	6.2011e-008	6.0405e-008	5.742e-008	5.5681e-008	5.4057e-008	5.2674e-008	5.067e-008	4.7938e-008	4.4961e-008	4.3828e-008	4.23e-008	4.0242e-008	3.8458e-008	3.5852e-008	3.3343e-008	3.1167e-008	2.9782e-008	2.7542e-008	2.626e-008	2.3208e-008	2.1415e-008	1.9465e-008	1.7902e-008	1.6066e-008	1.4365e-008	1.3105e-008	1.1526e-008	9.8142e-009	8.7775e-009	7.3358e-009	5.5669e-009	4.301e-009	3.5138e-009	2.7915e-009	2.6711e-009	2.5071e-009	3.06e-009	3.6442e-009	3.0797e-009	2.6588e-009	3.044e-009	3.401e-009	4.291e-009	5.4098e-009	7.2517e-009	8.7694e-009	1.1568e-008	1.6141e-008	1.9686e-008	2.4257e-008	2.8149e-008	3.5652e-008	4.0693e-008	4.6304e-008	5.0928e-008	5.5171e-008	6.0876e-008	6.5931e-008	6.9689e-008	7.3866e-008	7.9352e-008	8.262e-008	8.4109e-008	8.4696e-008	8.498e-008	8.5687e-008	8.6378e-008	8.687e-008	8.7142e-008	8.789e-008	8.7331e-008	8.5981e-008	8.5883e-008	8.5337e-008	8.3746e-008	8.2042e-008	8.0058e-008	7.8986e-008	7.7517e-008	7.5942e-008	7.4505e-008	7.1399e-008	6.8837e-008	6.7224e-008	6.687e-008	6.5137e-008	6.2694e-008	6.0327e-008	5.7194e-008	5.5336e-008	5.3009e-008	5.0586e-008	4.8418e-008	4.4891e-008	4.2662e-008	3.8764e-008	3.6288e-008	3.408e-008	3.2146e-008	3.0064e-008	2.8411e-008	2.4795e-008	2.2856e-008	1.8878e-008	1.6285e-008	1.3585e-008	1.2566e-008	1.0199e-008	7.8914e-009	6.9122e-009	4.9796e-009	4.0556e-009	3.1855e-009	2.8698e-009	2.5483e-009	2.392e-009	1.8328e-009	2.0266e-009	2.5642e-009	2.7964e-009	2.0401e-009	2.3941e-009	2.6508e-009	2.9712e-009	3.2963e-009	3.0699e-009	2.7505e-009	3.2452e-009	3.6457e-009	4.9181e-009	6.3603e-009	8.68e-009	1.2026e-008	1.5514e-008	2.0513e-008	2.9772e-008	3.7317e-008	4.5255e-008	4.9571e-008	5.5651e-008	5.9934e-008	6.444e-008	6.9798e-008	7.7323e-008	8.0294e-008	8.2852e-008	8.4591e-008	8.6722e-008	8.9121e-008	8.9374e-008	8.9674e-008	9.0016e-008	9.011e-008	8.9132e-008	8.899e-008	8.8447e-008	8.6576e-008	8.467e-008	8.2943e-008	7.8621e-008	7.7097e-008	7.5867e-008	7.5754e-008	7.5708e-008	7.3496e-008	6.9676e-008	6.8179e-008	6.6526e-008	6.4954e-008	6.3594e-008	6.2136e-008	5.9177e-008	5.6737e-008	5.2185e-008	4.9601e-008	4.7587e-008	4.6433e-008	4.4032e-008	4.2041e-008	4.1011e-008	3.8629e-008	3.6034e-008	3.4407e-008	3.1792e-008	2.9542e-008	2.7989e-008	2.5922e-008	2.4295e-008	2.2504e-008	2.0813e-008	1.8805e-008	1.7497e-008	1.5599e-008	1.3589e-008	1.2085e-008	1.0593e-008	9.39e-009	7.2128e-009	6.3404e-009	5.8098e-009	5.0558e-009	4.2904e-009	4.0178e-009	4.2808e-009	4.1057e-009	4.4109e-009	4.2085e-009	3.8277e-009	4.4123e-009	4.6174e-009	3.773e-009	3.7205e-009	4.8098e-009	6.5972e-009	9.3575e-009	1.238e-008	1.5505e-008	1.8245e-008	2.2149e-008	2.6381e-008	3.2087e-008	3.8769e-008	4.4747e-008	4.9955e-008	5.4743e-008	5.903e-008	6.4732e-008	7.0345e-008	7.4935e-008	7.7144e-008	7.9763e-008	8.2346e-008	8.4333e-008	8.5956e-008	8.8921e-008	9.0675e-008	9.0922e-008	9.0131e-008	8.8904e-008	8.7779e-008	8.7572e-008	8.6081e-008	8.4933e-008	8.3999e-008	8.3154e-008	8.1411e-008	7.9772e-008	7.7924e-008	7.5876e-008	7.351e-008	7.1492e-008	6.9588e-008	6.8434e-008	6.7274e-008	6.456e-008	5.9605e-008	5.842e-008	5.7454e-008	5.5749e-008	5.2728e-008	4.9445e-008	4.7357e-008	4.4172e-008	4.2579e-008	4.0352e-008	3.8624e-008	3.5762e-008	3.3624e-008	3.0926e-008	2.9028e-008	2.6608e-008	2.3512e-008	2.1493e-008	1.9075e-008	1.6752e-008	1.4718e-008	1.2607e-008	1.0741e-008	8.7188e-009	6.4714e-009	4.9386e-009	4.0059e-009	3.6176e-009	3.4031e-009	3.2957e-009	3.5364e-009	2.1658e-009	2.5469e-009	3.1918e-009	3.1786e-009	2.7171e-009	2.5073e-009	2.6378e-009	2.5269e-009	3.0868e-009	2.7973e-009	3.2355e-009	4.0416e-009	4.3948e-009	5.8485e-009	7.2907e-009	1.0074e-008	1.3243e-008	1.7845e-008	2.2357e-008	3.1105e-008	3.9056e-008	4.7731e-008	5.1905e-008	5.5972e-008	5.9849e-008	6.5062e-008	7.0869e-008	7.4858e-008	7.8007e-008	8.0354e-008	8.2452e-008	8.5415e-008	8.8369e-008	8.9664e-008	8.971e-008	8.9781e-008	9.0259e-008	9.12e-008	9.1475e-008	8.9162e-008	8.6279e-008	8.4364e-008	8.2371e-008	8.0881e-008	7.8854e-008	7.7679e-008	7.6243e-008	7.4414e-008	7.3454e-008	7.083e-008	6.7672e-008	6.5167e-008	6.4267e-008	6.3258e-008	6.2296e-008	5.9802e-008	5.6837e-008	5.4303e-008	5.1988e-008	4.9711e-008	4.8057e-008	4.596e-008	4.4101e-008	4.1828e-008	4.0128e-008	3.8222e-008	3.602e-008	3.4048e-008	3.1221e-008	2.9058e-008	2.7349e-008	2.5032e-008	2.2877e-008	2.1676e-008	2.0097e-008	1.8605e-008	1.6988e-008	1.5459e-008	1.3904e-008	1.1696e-008	1.1312e-008	9.7175e-009	8.0998e-009	6.8508e-009	5.725e-009	4.7621e-009	3.9776e-009	3.8626e-009	4.1197e-009	4.1869e-009	4.3729e-009	4.5008e-009	4.8521e-009	5.5507e-009	6.5017e-009	8.4968e-009	9.4893e-009	1.1289e-008	1.3685e-008	1.59e-008	1.8776e-008	2.2304e-008	2.5535e-008	2.9222e-008	3.4103e-008	3.8536e-008	4.3779e-008	5.0184e-008	5.7145e-008	6.4351e-008	7.1137e-008	7.4575e-008	7.8155e-008	8.042e-008	8.2934e-008	8.4717e-008	8.7237e-008	9.073e-008	9.2725e-008	9.2727e-008	9.263e-008	9.2348e-008	9.1961e-008	9.1432e-008	8.8903e-008	8.6968e-008	8.5749e-008	8.3893e-008	8.3091e-008	8.0797e-008	7.8989e-008	7.7846e-008	7.414e-008	7.2487e-008	6.9355e-008	6.4831e-008	6.3939e-008	6.2192e-008	6.1282e-008	5.9642e-008	5.7688e-008	5.4091e-008	5.2872e-008	5.1219e-008	4.7908e-008	4.5554e-008	4.319e-008	4.019e-008	3.7525e-008	3.4327e-008	3.2242e-008	3.0247e-008	2.8462e-008	2.6314e-008	2.3867e-008	2.2814e-008	2.0503e-008	1.8253e-008	1.625e-008	1.4051e-008	1.1619e-008	1.01e-008	8.6242e-009	7.3226e-009	5.8286e-009	5.0175e-009	4.4825e-009	4.2309e-009	4.0024e-009	4.1355e-009	4.0987e-009	3.7102e-009
3.1385e-009	2.6042e-009	2.6562e-009	2.9621e-009	3.4834e-009	2.4496e-009	2.7507e-009	3.4066e-009	3.6819e-009	4.1294e-009	4.6519e-009	5.9501e-009	8.2474e-009	1.0779e-008	1.2915e-008	1.6055e-008	1.8345e-008	2.1803e-008	2.5881e-008	3.1378e-008	3.7978e-008	4.2242e-008	4.8161e-008	5.3055e-008	5.7068e-008	6.1475e-008	6.7101e-008	7.037e-008	7.4457e-008	7.8068e-008	8.2911e-008	8.4153e-008	8.5192e-008	8.6902e-008	8.8307e-008	9.0026e-008	9.1399e-008	9.095e-008	9.0204e-008	8.9828e-008	8.9844e-008	8.8626e-008	8.6533e-008	8.2976e-008	8.1032e-008	7.8531e-008	7.776e-008	7.6652e-008	7.4662e-008	7.2011e-008	7.0284e-008	6.8661e-008	6.6167e-008	6.5514e-008	6.2792e-008	6.0513e-008	5.7865e-008	5.6323e-008	5.3732e-008	5.293e-008	5.1173e-008	4.8781e-008	4.6679e-008	4.4136e-008	4.1868e-008	4.0406e-008	3.9156e-008	3.6378e-008	3.4047e-008	3.1255e-008	2.9399e-008	2.763e-008	2.6602e-008	2.5043e-008	2.1806e-008	1.9907e-008	1.7687e-008	1.5624e-008	1.421e-008	1.2428e-008	1.1136e-008	9.7156e-009	8.2752e-009	7.5287e-009	5.59e-009	4.5568e-009	3.3121e-009	3.1862e-009	3.1532e-009	2.6773e-009	3.0131e-009	3.7908e-009	2.6894e-009	2.7139e-009	3.5894e-009	3.3942e-009	3.9719e-009	5.288e-009	7.1357e-009	9.2088e-009	1.2458e-008	1.6572e-008	2.0093e-008	2.4032e-008	2.828e-008	3.4732e-008	4.1505e-008	4.5865e-008	5.1311e-008	5.6214e-008	6.1459e-008	6.5768e-008	7.0025e-008	7.3574e-008	7.802e-008	8.2528e-008	8.3932e-008	8.4381e-008	8.4754e-008	8.5695e-008	8.6592e-008	8.6952e-008	8.7686e-008	8.811e-008	8.7465e-008	8.5539e-008	8.5843e-008	8.5411e-008	8.3976e-008	8.2327e-008	8.0472e-008	7.8589e-008	7.815e-008	7.645e-008	7.4675e-008	7.2103e-008	7.0126e-008	6.7931e-008	6.7158e-008	6.5154e-008	6.1912e-008	5.9928e-008	5.7791e-008	5.5695e-008	5.3343e-008	5.0522e-008	4.7928e-008	4.486e-008	4.2055e-008	3.9604e-008	3.617e-008	3.3707e-008	3.1937e-008	3.0485e-008	2.8864e-008	2.5467e-008	2.3513e-008	1.9836e-008	1.6833e-008	1.4418e-008	1.1674e-008	1.0109e-008	8.6507e-009	6.9329e-009	5.0543e-009	4.0451e-009	3.4602e-009	3.2102e-009	2.6723e-009	2.2849e-009	2.2612e-009	2.0275e-009	1.9971e-009	2.6984e-009	2.2422e-009	2.3966e-009	2.6292e-009	2.7648e-009	3.0616e-009	2.9983e-009	3.2809e-009	3.644e-009	3.9822e-009	5.0798e-009	6.2323e-009	8.7996e-009	1.13e-008	1.5284e-008	1.9512e-008	2.622e-008	3.6339e-008	4.4307e-008	5.0128e-008	5.5367e-008	6.0375e-008	6.4996e-008	7.0647e-008	7.665e-008	7.9754e-008	8.3401e-008	8.5018e-008	8.8129e-008	8.9532e-008	8.9692e-008	8.9859e-008	9.0092e-008	9.1005e-008	9.0525e-008	8.9272e-008	8.8652e-008	8.7442e-008	8.5118e-008	8.2519e-008	7.9287e-008	7.8107e-008	7.6667e-008	7.6635e-008	7.5659e-008	7.3674e-008	7.0358e-008	6.8345e-008	6.7831e-008	6.5701e-008	6.4061e-008	6.296e-008	6.0575e-008	5.7003e-008	5.1209e-008	4.9636e-008	4.7933e-008	4.6861e-008	4.4293e-008	4.2576e-008	4.0685e-008	3.9136e-008	3.6942e-008	3.3971e-008	3.247e-008	3.0085e-008	2.8449e-008	2.6067e-008	2.4432e-008	2.2436e-008	2.1122e-008	1.9413e-008	1.7222e-008	1.5527e-008	1.4134e-008	1.2797e-008	1.0844e-008	9.1528e-009	7.9485e-009	6.6522e-009	5.7364e-009	5.3852e-009	4.5939e-009	4.4983e-009	4.3695e-009	4.2829e-009	4.261e-009	4.1913e-009	3.5682e-009	4.1696e-009	4.8498e-009	4.2435e-009	4.088e-009	5.0844e-009	7.3657e-009	9.7747e-009	1.2323e-008	1.6015e-008	1.8655e-008	2.2272e-008	2.6839e-008	3.3125e-008	3.9312e-008	4.4474e-008	5.085e-008	5.4916e-008	5.9359e-008	6.3592e-008	6.9248e-008	7.3261e-008	7.6298e-008	7.946e-008	8.1535e-008	8.3117e-008	8.5827e-008	8.7086e-008	9.0333e-008	9.0611e-008	9.0797e-008	8.8651e-008	8.7928e-008	8.6942e-008	8.6104e-008	8.4919e-008	8.4155e-008	8.3188e-008	8.1728e-008	7.9521e-008	7.7577e-008	7.547e-008	7.3102e-008	7.2356e-008	6.9249e-008	6.73e-008	6.6742e-008	6.3324e-008	5.9576e-008	5.8403e-008	5.7393e-008	5.6028e-008	5.2512e-008	4.9835e-008	4.6181e-008	4.4767e-008	4.2807e-008	4.0845e-008	3.8564e-008	3.5414e-008	3.297e-008	3.192e-008	2.8432e-008	2.6042e-008	2.4382e-008	2.1555e-008	1.9851e-008	1.7747e-008	1.6002e-008	1.3544e-008	1.1986e-008	9.7135e-009	7.1451e-009	5.3342e-009	4.7208e-009	3.8503e-009	3.4592e-009	3.2356e-009	3.067e-009	2.2866e-009	2.3971e-009	2.6273e-009	2.4554e-009	2.3511e-009	2.4775e-009	2.6519e-009	2.683e-009	2.8285e-009	3.1751e-009	3.3708e-009	4.1853e-009	4.9368e-009	5.9955e-009	8.0007e-009	1.0548e-008	1.4099e-008	1.8365e-008	2.424e-008	3.2578e-008	4.0646e-008	4.7219e-008	5.1804e-008	5.6026e-008	5.9977e-008	6.4867e-008	6.9388e-008	7.5318e-008	7.8977e-008	8.2569e-008	8.4232e-008	8.6313e-008	8.8647e-008	8.9511e-008	8.9691e-008	8.9439e-008	9.0122e-008	9.1371e-008	9.1157e-008	8.8196e-008	8.6436e-008	8.5024e-008	8.2416e-008	8.0545e-008	7.9156e-008	7.7902e-008	7.5909e-008	7.4792e-008	7.2793e-008	7.0984e-008	6.8556e-008	6.6743e-008	6.4702e-008	6.3903e-008	6.2172e-008	5.9713e-008	5.6852e-008	5.4057e-008	5.1202e-008	4.9543e-008	4.7881e-008	4.6623e-008	4.4294e-008	4.2551e-008	4.0198e-008	3.8258e-008	3.5976e-008	3.4229e-008	3.0583e-008	2.8715e-008	2.6762e-008	2.4471e-008	2.2978e-008	2.1721e-008	2.0062e-008	1.8166e-008	1.6428e-008	1.5695e-008	1.3566e-008	1.2326e-008	1.0919e-008	9.9681e-009	8.5193e-009	5.8766e-009	5.316e-009	4.6028e-009	4.0239e-009	3.9248e-009	4.0526e-009	4.1258e-009	4.3803e-009	4.68e-009	4.907e-009	5.4101e-009	6.2618e-009	8.2378e-009	9.3662e-009	1.0976e-008	1.4033e-008	1.5718e-008	1.9217e-008	2.2609e-008	2.5699e-008	2.9265e-008	3.489e-008	3.8656e-008	4.3278e-008	5.1401e-008	5.7936e-008	6.435e-008	7.0039e-008	7.4105e-008	7.8042e-008	8.0399e-008	8.299e-008	8.5309e-008	8.7351e-008	8.9553e-008	9.1249e-008	9.1232e-008	9.1025e-008	9.1329e-008	9.1322e-008	9.0361e-008	8.8711e-008	8.7034e-008	8.6265e-008	8.3829e-008	8.2169e-008	7.9981e-008	7.8691e-008	7.7738e-008	7.4725e-008	7.2966e-008	7.1228e-008	6.6003e-008	6.4438e-008	6.2872e-008	6.191e-008	6.0257e-008	5.7491e-008	5.423e-008	5.2933e-008	5.1304e-008	4.7319e-008	4.4667e-008	4.2995e-008	4.0564e-008	3.6411e-008	3.4771e-008	3.2785e-008	3.0829e-008	2.8997e-008	2.6943e-008	2.4626e-008	2.2095e-008	2.028e-008	1.8574e-008	1.6099e-008	1.5039e-008	1.2264e-008	1.0336e-008	8.7573e-009	7.4311e-009	6.2001e-009	5.1562e-009	4.6058e-009	4.1813e-009	4.0696e-009	4.0342e-009	3.9275e-009	3.9386e-009
3.4743e-009	2.6947e-009	2.9384e-009	3.0002e-009	2.8694e-009	2.4321e-009	2.5558e-009	3.1782e-009	3.4258e-009	3.7051e-009	4.4361e-009	5.4667e-009	7.4974e-009	1.0197e-008	1.2749e-008	1.605e-008	1.8194e-008	2.1573e-008	2.6679e-008	3.1604e-008	3.7058e-008	4.3468e-008	4.8583e-008	5.3096e-008	5.7546e-008	6.0809e-008	6.5491e-008	6.9358e-008	7.4515e-008	7.8251e-008	8.2558e-008	8.3612e-008	8.4554e-008	8.6613e-008	8.7537e-008	8.869e-008	8.9976e-008	9.0483e-008	8.9873e-008	8.9838e-008	8.9685e-008	8.8992e-008	8.7266e-008	8.2307e-008	8.008e-008	7.8197e-008	7.7565e-008	7.6895e-008	7.4628e-008	7.1963e-008	7.0408e-008	6.869e-008	6.6945e-008	6.5425e-008	6.3737e-008	6.0206e-008	5.801e-008	5.496e-008	5.2893e-008	5.1442e-008	4.9787e-008	4.8637e-008	4.6104e-008	4.3436e-008	4.1967e-008	4.0183e-008	3.8851e-008	3.6091e-008	3.389e-008	3.1949e-008	2.9015e-008	2.7444e-008	2.6466e-008	2.3474e-008	2.1543e-008	2.0406e-008	1.7654e-008	1.6063e-008	1.316e-008	1.1527e-008	1.0498e-008	8.7788e-009	7.3312e-009	6.3113e-009	5.0793e-009	4.4099e-009	3.1251e-009	3.0553e-009	2.6234e-009	2.1852e-009	2.3679e-009	2.9909e-009	2.7648e-009	2.6376e-009	3.4936e-009	3.8413e-009	4.0072e-009	5.4629e-009	7.6623e-009	9.6105e-009	1.2246e-008	1.5655e-008	1.9518e-008	2.3393e-008	2.7718e-008	3.2862e-008	4.0654e-008	4.5538e-008	5.0684e-008	5.518e-008	6.2276e-008	6.6059e-008	6.9646e-008	7.3829e-008	7.7853e-008	8.1583e-008	8.3632e-008	8.4383e-008	8.434e-008	8.526e-008	8.6125e-008	8.6989e-008	8.768e-008	8.7539e-008	8.6328e-008	8.5449e-008	8.5111e-008	8.4965e-008	8.3109e-008	8.1908e-008	8.0298e-008	7.8471e-008	7.703e-008	7.6495e-008	7.4238e-008	7.1649e-008	6.9224e-008	6.7517e-008	6.5677e-008	6.4217e-008	6.2185e-008	5.8693e-008	5.7561e-008	5.5544e-008	5.2946e-008	5.0507e-008	4.6862e-008	4.3916e-008	4.0678e-008	3.94e-008	3.6204e-008	3.3871e-008	3.1629e-008	2.9586e-008	2.7433e-008	2.5205e-008	2.32e-008	2.0714e-008	1.7242e-008	1.4269e-008	1.2138e-008	1.0071e-008	8.5677e-009	6.8418e-009	5.3166e-009	4.5667e-009	4.0048e-009	3.5236e-009	2.5009e-009	2.5121e-009	2.5565e-009	2.0909e-009	1.9676e-009	2.1126e-009	1.8443e-009	1.9039e-009	2.2304e-009	2.2935e-009	2.7234e-009	3.0454e-009	3.4715e-009	3.9405e-009	4.0869e-009	4.7642e-009	5.8755e-009	8.1463e-009	1.0892e-008	1.4549e-008	1.9473e-008	2.5312e-008	3.3259e-008	4.2352e-008	5.1623e-008	5.5226e-008	6.0638e-008	6.5074e-008	7.0589e-008	7.558e-008	8.0893e-008	8.3716e-008	8.544e-008	8.8751e-008	8.9672e-008	8.9516e-008	8.9792e-008	9.0217e-008	9.1269e-008	9.0871e-008	8.9875e-008	8.853e-008	8.6506e-008	8.4796e-008	8.2163e-008	7.9996e-008	7.8794e-008	7.7419e-008	7.6872e-008	7.5744e-008	7.2767e-008	7.065e-008	6.9457e-008	6.8162e-008	6.5468e-008	6.4245e-008	6.2393e-008	5.9438e-008	5.6657e-008	5.3136e-008	5.027e-008	4.828e-008	4.6678e-008	4.5047e-008	4.3394e-008	4.0833e-008	3.9365e-008	3.7148e-008	3.4528e-008	3.2032e-008	3.0461e-008	2.8703e-008	2.6688e-008	2.5169e-008	2.3209e-008	2.1657e-008	1.9789e-008	1.8098e-008	1.6288e-008	1.5066e-008	1.3067e-008	1.1363e-008	9.3864e-009	7.6803e-009	6.4773e-009	5.4316e-009	4.9507e-009	4.2415e-009	4.1493e-009	4.4277e-009	3.9119e-009	3.9462e-009	3.9476e-009	3.6984e-009	3.9662e-009	4.9258e-009	5.0016e-009	4.5996e-009	5.4095e-009	7.7373e-009	1.0094e-008	1.2479e-008	1.5579e-008	1.8532e-008	2.2576e-008	2.6711e-008	3.2832e-008	3.8289e-008	4.5668e-008	5.173e-008	5.5172e-008	5.8911e-008	6.4243e-008	6.9801e-008	7.3354e-008	7.6073e-008	7.8456e-008	8.0996e-008	8.3135e-008	8.5735e-008	8.6547e-008	8.8325e-008	8.9854e-008	8.949e-008	8.8169e-008	8.8234e-008	8.6973e-008	8.5928e-008	8.4978e-008	8.3851e-008	8.2352e-008	8.0856e-008	7.8643e-008	7.6656e-008	7.4886e-008	7.3028e-008	7.1998e-008	7.0215e-008	6.6887e-008	6.5335e-008	6.2261e-008	5.9829e-008	5.8771e-008	5.7042e-008	5.6081e-008	5.3795e-008	5.0595e-008	4.7933e-008	4.5368e-008	4.2879e-008	4.0902e-008	3.8522e-008	3.6892e-008	3.3577e-008	3.1595e-008	2.8953e-008	2.7056e-008	2.5201e-008	2.2973e-008	2.0952e-008	1.8938e-008	1.6957e-008	1.4111e-008	1.2228e-008	1.015e-008	7.7224e-009	6.3038e-009	5.0957e-009	4.0767e-009	2.8963e-009	3.015e-009	2.8356e-009	2.6089e-009	2.5314e-009	2.4196e-009	1.7431e-009	1.8605e-009	2.1868e-009	2.3487e-009	2.3003e-009	2.6032e-009	2.6328e-009	2.9107e-009	4.3905e-009	5.6208e-009	6.9181e-009	8.4369e-009	1.1303e-008	1.5609e-008	1.9426e-008	2.5294e-008	3.2986e-008	4.0651e-008	4.6735e-008	5.0636e-008	5.5572e-008	5.9588e-008	6.5182e-008	6.9752e-008	7.6162e-008	7.9355e-008	8.2649e-008	8.4645e-008	8.6777e-008	8.8479e-008	8.9152e-008	8.9204e-008	8.9231e-008	8.9633e-008	9.0879e-008	9.0277e-008	8.8393e-008	8.6806e-008	8.4888e-008	8.2794e-008	8.1115e-008	7.9537e-008	7.8e-008	7.6287e-008	7.5457e-008	7.3072e-008	7.0876e-008	6.8829e-008	6.6955e-008	6.5741e-008	6.4156e-008	6.1965e-008	5.9656e-008	5.6459e-008	5.3611e-008	5.1437e-008	4.9241e-008	4.8358e-008	4.6808e-008	4.5147e-008	4.2437e-008	3.9654e-008	3.7372e-008	3.6029e-008	3.3378e-008	3.129e-008	2.9109e-008	2.6955e-008	2.5255e-008	2.33e-008	2.1368e-008	1.9811e-008	1.7849e-008	1.6491e-008	1.5444e-008	1.337e-008	1.2299e-008	1.0242e-008	9.2683e-009	8.2974e-009	6.3771e-009	5.0727e-009	4.294e-009	4.1077e-009	4.0991e-009	4.2414e-009	3.6884e-009	3.7811e-009	4.0269e-009	4.6542e-009	5.2599e-009	6.2544e-009	8.3338e-009	9.401e-009	1.0675e-008	1.3623e-008	1.5419e-008	1.8363e-008	2.1899e-008	2.5447e-008	2.8921e-008	3.3341e-008	3.8557e-008	4.365e-008	5.1513e-008	5.8627e-008	6.4052e-008	7.0127e-008	7.3902e-008	7.8073e-008	8.0163e-008	8.3173e-008	8.5096e-008	8.721e-008	8.9648e-008	8.9934e-008	8.9944e-008	9.1092e-008	9.0944e-008	9.0209e-008	8.9219e-008	8.8492e-008	8.639e-008	8.5715e-008	8.381e-008	8.1442e-008	7.9378e-008	7.809e-008	7.6296e-008	7.4533e-008	7.3182e-008	7.2197e-008	6.9185e-008	6.5683e-008	6.4253e-008	6.3306e-008	6.0386e-008	5.8503e-008	5.5102e-008	5.215e-008	4.9202e-008	4.6452e-008	4.4435e-008	4.2784e-008	3.9723e-008	3.7774e-008	3.5043e-008	3.3459e-008	3.1327e-008	2.9279e-008	2.693e-008	2.4937e-008	2.3258e-008	2.1736e-008	2.0004e-008	1.6336e-008	1.5581e-008	1.2769e-008	1.0892e-008	9.9925e-009	8.0601e-009	6.4824e-009	5.4177e-009	4.5784e-009	4.2996e-009	4.1712e-009	3.7049e-009	3.585e-009	3.829e-009
4.0394e-009	3.4548e-009	3.4266e-009	3.0842e-009	3.4246e-009	2.663e-009	2.6339e-009	3.0026e-009	3.473e-009	3.8902e-009	4.9289e-009	5.7342e-009	7.3336e-009	9.7927e-009	1.291e-008	1.6052e-008	1.8588e-008	2.2212e-008	2.6843e-008	3.3361e-008	3.782e-008	4.3925e-008	4.8631e-008	5.247e-008	5.7316e-008	6.0717e-008	6.5761e-008	7.0535e-008	7.5048e-008	7.848e-008	8.1506e-008	8.283e-008	8.4219e-008	8.641e-008	8.7639e-008	8.8334e-008	8.897e-008	8.9241e-008	8.9346e-008	8.9689e-008	8.9915e-008	8.9011e-008	8.7521e-008	8.3151e-008	8.1189e-008	7.9415e-008	7.8589e-008	7.767e-008	7.4652e-008	7.3015e-008	7.0843e-008	6.8698e-008	6.6649e-008	6.5719e-008	6.2895e-008	5.958e-008	5.7863e-008	5.4334e-008	5.2126e-008	5.1473e-008	5.007e-008	4.7991e-008	4.4498e-008	4.3195e-008	4.2072e-008	4.0607e-008	3.8602e-008	3.579e-008	3.3223e-008	3.1528e-008	2.9185e-008	2.7683e-008	2.5586e-008	2.3451e-008	2.2004e-008	2.059e-008	1.8384e-008	1.6237e-008	1.4061e-008	1.1688e-008	9.7218e-009	8.3725e-009	6.552e-009	5.1914e-009	4.4822e-009	3.9173e-009	3.2792e-009	3.0863e-009	2.66e-009	2.6533e-009	2.937e-009	2.825e-009	3.1932e-009	2.9472e-009	3.3928e-009	3.8238e-009	4.2701e-009	5.2656e-009	7.4412e-009	9.9749e-009	1.2454e-008	1.5207e-008	1.9065e-008	2.3959e-008	2.8199e-008	3.38e-008	3.9168e-008	4.5652e-008	5.1216e-008	5.6727e-008	6.2898e-008	6.6809e-008	7.0181e-008	7.435e-008	7.7486e-008	8.0963e-008	8.31e-008	8.466e-008	8.4666e-008	8.5373e-008	8.6413e-008	8.7644e-008	8.8435e-008	8.7392e-008	8.6534e-008	8.5877e-008	8.5456e-008	8.427e-008	8.2688e-008	8.1281e-008	8.0164e-008	7.7838e-008	7.6215e-008	7.4978e-008	7.3434e-008	7.093e-008	7.0029e-008	6.7411e-008	6.5604e-008	6.4925e-008	6.3032e-008	6.0647e-008	5.7505e-008	5.6408e-008	5.3298e-008	5.064e-008	4.6846e-008	4.4056e-008	4.1975e-008	4.006e-008	3.6091e-008	3.4362e-008	3.2255e-008	2.9554e-008	2.7042e-008	2.5691e-008	2.3048e-008	2.0649e-008	1.7803e-008	1.5013e-008	1.2196e-008	1.1002e-008	9.3459e-009	7.6862e-009	5.7672e-009	4.92e-009	4.2255e-009	3.8719e-009	2.9474e-009	2.9516e-009	3.2867e-009	2.6686e-009	2.4293e-009	2.4697e-009	2.4059e-009	2.1313e-009	2.477e-009	2.5197e-009	3.0559e-009	3.3858e-009	3.7239e-009	4.0004e-009	4.3056e-009	4.9301e-009	5.8194e-009	8.1248e-009	1.0606e-008	1.4429e-008	1.9052e-008	2.4592e-008	3.3542e-008	3.9217e-008	4.9117e-008	5.4686e-008	6.068e-008	6.5531e-008	7.1428e-008	7.5388e-008	8.0575e-008	8.4003e-008	8.5976e-008	8.8743e-008	9.0035e-008	9.0045e-008	9.0304e-008	9.1295e-008	9.19e-008	9.1601e-008	9.0833e-008	8.9185e-008	8.7009e-008	8.437e-008	8.2528e-008	8.0963e-008	7.9255e-008	7.8068e-008	7.7268e-008	7.5557e-008	7.3177e-008	7.108e-008	7.0165e-008	6.8531e-008	6.5847e-008	6.4263e-008	6.249e-008	5.9001e-008	5.6543e-008	5.2988e-008	4.9841e-008	4.9044e-008	4.6782e-008	4.5431e-008	4.3607e-008	4.1512e-008	3.9817e-008	3.8043e-008	3.5792e-008	3.2996e-008	3.0736e-008	2.9256e-008	2.7623e-008	2.5411e-008	2.3437e-008	2.2221e-008	2.0079e-008	1.8829e-008	1.6778e-008	1.5719e-008	1.3421e-008	1.175e-008	9.7214e-009	8.2307e-009	6.7947e-009	5.7232e-009	5.2533e-009	4.7674e-009	4.5278e-009	4.4603e-009	4.1241e-009	4.0479e-009	4.0102e-009	3.8076e-009	4.2147e-009	4.693e-009	4.8719e-009	5.2603e-009	6.1543e-009	8.9373e-009	1.118e-008	1.3878e-008	1.6341e-008	2.082e-008	2.4211e-008	2.808e-008	3.3551e-008	4.0297e-008	4.5397e-008	5.1689e-008	5.5679e-008	6.0914e-008	6.7061e-008	7.1098e-008	7.3583e-008	7.7079e-008	7.8839e-008	8.1593e-008	8.3857e-008	8.5171e-008	8.6129e-008	8.76e-008	8.9449e-008	8.9491e-008	8.8781e-008	8.83e-008	8.7226e-008	8.559e-008	8.5004e-008	8.4382e-008	8.2179e-008	8.0132e-008	7.8975e-008	7.6896e-008	7.5301e-008	7.3507e-008	7.1646e-008	6.89e-008	6.5951e-008	6.3747e-008	6.2297e-008	6.1021e-008	5.9542e-008	5.8158e-008	5.5848e-008	5.3709e-008	5.0535e-008	4.8422e-008	4.5638e-008	4.3205e-008	4.1452e-008	3.9497e-008	3.7444e-008	3.4524e-008	3.151e-008	3.0174e-008	2.7634e-008	2.5744e-008	2.3709e-008	2.2512e-008	1.9307e-008	1.7524e-008	1.5446e-008	1.2729e-008	1.0335e-008	8.7134e-009	6.3991e-009	5.3838e-009	4.699e-009	3.6893e-009	3.1486e-009	3.0557e-009	2.6883e-009	2.3782e-009	2.3636e-009	1.919e-009	1.8561e-009	2.2133e-009	2.258e-009	2.4904e-009	3.0281e-009	2.7568e-009	2.8688e-009	4.8693e-009	6.4461e-009	7.6069e-009	9.473e-009	1.276e-008	1.7298e-008	2.0546e-008	2.6173e-008	3.331e-008	4.0237e-008	4.6486e-008	5.0956e-008	5.4599e-008	6.0152e-008	6.5515e-008	7.047e-008	7.5316e-008	8.0331e-008	8.3158e-008	8.5378e-008	8.7598e-008	8.8225e-008	8.8581e-008	8.9002e-008	8.9856e-008	9.0048e-008	9.0296e-008	8.9592e-008	8.8889e-008	8.7881e-008	8.5081e-008	8.3373e-008	8.1109e-008	7.9867e-008	7.8136e-008	7.6532e-008	7.5729e-008	7.3475e-008	7.0786e-008	6.9796e-008	6.7757e-008	6.652e-008	6.4852e-008	6.2967e-008	6.0337e-008	5.7966e-008	5.4113e-008	5.185e-008	4.999e-008	4.9447e-008	4.7332e-008	4.5411e-008	4.2641e-008	3.8785e-008	3.7184e-008	3.6281e-008	3.4119e-008	3.1441e-008	2.9627e-008	2.7209e-008	2.5125e-008	2.3526e-008	2.1849e-008	1.9735e-008	1.8449e-008	1.6496e-008	1.5287e-008	1.3987e-008	1.2448e-008	1.0745e-008	8.7984e-009	7.6412e-009	6.5398e-009	5.4302e-009	4.9627e-009	4.2845e-009	4.1646e-009	3.8399e-009	3.5952e-009	3.8603e-009	4.0388e-009	4.7688e-009	5.7039e-009	6.9815e-009	8.6091e-009	1.0029e-008	1.0961e-008	1.3247e-008	1.6146e-008	1.8819e-008	2.1404e-008	2.5288e-008	2.8883e-008	3.3276e-008	3.861e-008	4.5764e-008	5.1614e-008	5.9359e-008	6.4107e-008	6.9598e-008	7.389e-008	7.8628e-008	8.0866e-008	8.315e-008	8.4719e-008	8.7482e-008	8.9643e-008	9.0462e-008	9.0638e-008	9.1872e-008	9.1491e-008	8.9952e-008	8.9701e-008	8.8949e-008	8.7029e-008	8.5664e-008	8.4084e-008	8.1444e-008	7.9247e-008	7.7712e-008	7.6017e-008	7.5015e-008	7.3758e-008	7.2123e-008	6.9663e-008	6.6366e-008	6.5774e-008	6.3869e-008	6.1673e-008	5.8645e-008	5.5764e-008	5.2123e-008	4.8793e-008	4.7335e-008	4.5614e-008	4.333e-008	4.0951e-008	3.8303e-008	3.5866e-008	3.4063e-008	3.2156e-008	3.0229e-008	2.7921e-008	2.5662e-008	2.3966e-008	2.2975e-008	2.0957e-008	1.7519e-008	1.5742e-008	1.4037e-008	1.1861e-008	1.0669e-008	8.4852e-009	6.7579e-009	5.6685e-009	4.9908e-009	4.5689e-009	4.2448e-009	3.9094e-009	3.7235e-009	3.653e-009
3.9599e-009	3.2421e-009	3.1606e-009	2.957e-009	3.1822e-009	2.5796e-009	2.9129e-009	2.8915e-009	3.0943e-009	3.437e-009	4.3124e-009	5.777e-009	7.2712e-009	9.3159e-009	1.2021e-008	1.4854e-008	1.7621e-008	2.1992e-008	2.6435e-008	3.3127e-008	3.8056e-008	4.3355e-008	4.8121e-008	5.3276e-008	5.7458e-008	6.1492e-008	6.5996e-008	6.9838e-008	7.5403e-008	7.9512e-008	8.1349e-008	8.2903e-008	8.4436e-008	8.5961e-008	8.7189e-008	8.7953e-008	8.8812e-008	8.9247e-008	8.8886e-008	8.9466e-008	8.9123e-008	8.7845e-008	8.5607e-008	8.322e-008	8.1346e-008	7.9806e-008	7.8232e-008	7.6867e-008	7.4611e-008	7.2754e-008	7.105e-008	6.8677e-008	6.6671e-008	6.5294e-008	6.3348e-008	6.0602e-008	5.8037e-008	5.5699e-008	5.3436e-008	5.2413e-008	4.9992e-008	4.7595e-008	4.4447e-008	4.3432e-008	4.2233e-008	4.0204e-008	3.8037e-008	3.4938e-008	3.3641e-008	3.1555e-008	2.9694e-008	2.7482e-008	2.5178e-008	2.3163e-008	2.1949e-008	2.0166e-008	1.7918e-008	1.5603e-008	1.3633e-008	1.1671e-008	9.8452e-009	7.9922e-009	6.5872e-009	4.8164e-009	3.8508e-009	3.3724e-009	3.2928e-009	2.8066e-009	2.5669e-009	2.8366e-009	3.1873e-009	3.0822e-009	3.5905e-009	2.9169e-009	2.8374e-009	3.3817e-009	4.3333e-009	5.6453e-009	8.258e-009	1.0379e-008	1.2237e-008	1.5449e-008	1.9647e-008	2.3178e-008	2.915e-008	3.4776e-008	4.1275e-008	4.6122e-008	5.2308e-008	5.9552e-008	6.4335e-008	6.8801e-008	7.0897e-008	7.3434e-008	7.7441e-008	8.0378e-008	8.2804e-008	8.3044e-008	8.3647e-008	8.5354e-008	8.6225e-008	8.775e-008	8.8981e-008	8.87e-008	8.6661e-008	8.5512e-008	8.4794e-008	8.2948e-008	8.0865e-008	7.9324e-008	7.9052e-008	7.7626e-008	7.5685e-008	7.5007e-008	7.2303e-008	7.1339e-008	7.0498e-008	6.8826e-008	6.5223e-008	6.4205e-008	6.261e-008	6.0961e-008	5.8261e-008	5.6771e-008	5.388e-008	5.0135e-008	4.7183e-008	4.4905e-008	4.245e-008	4.0808e-008	3.6205e-008	3.4799e-008	3.291e-008	2.9761e-008	2.7865e-008	2.6006e-008	2.329e-008	2.0261e-008	1.7878e-008	1.5862e-008	1.2675e-008	1.118e-008	9.9595e-009	7.4608e-009	6.0952e-009	4.5104e-009	4.1901e-009	3.7674e-009	3.3719e-009	2.787e-009	3.0525e-009	2.7478e-009	2.4478e-009	2.3749e-009	2.4906e-009	2.0011e-009	2.1761e-009	2.2102e-009	3.1388e-009	3.6869e-009	3.6155e-009	3.7463e-009	4.4396e-009	5.1817e-009	5.3752e-009	7.3824e-009	1.002e-008	1.3221e-008	1.8763e-008	2.4516e-008	3.3844e-008	4.0128e-008	4.6554e-008	5.4672e-008	6.2364e-008	6.768e-008	7.2137e-008	7.591e-008	7.9672e-008	8.3667e-008	8.6205e-008	8.8073e-008	8.9714e-008	9.0191e-008	9.0373e-008	9.1576e-008	9.2362e-008	9.1574e-008	9.0685e-008	8.9371e-008	8.7072e-008	8.4987e-008	8.3432e-008	8.1237e-008	7.9305e-008	7.8505e-008	7.7212e-008	7.4522e-008	7.2716e-008	7.1035e-008	7.0394e-008	6.8132e-008	6.6155e-008	6.4598e-008	6.124e-008	5.9377e-008	5.7287e-008	5.4549e-008	5.1059e-008	4.9482e-008	4.7223e-008	4.562e-008	4.439e-008	4.1989e-008	4.0224e-008	3.8323e-008	3.5876e-008	3.3295e-008	3.1917e-008	2.9976e-008	2.7969e-008	2.5992e-008	2.42e-008	2.2811e-008	2.0638e-008	1.9314e-008	1.7472e-008	1.6042e-008	1.3712e-008	1.1539e-008	9.9649e-009	8.562e-009	6.8933e-009	6.2902e-009	5.3422e-009	4.3265e-009	4.351e-009	4.1154e-009	4.4069e-009	4.0545e-009	3.8436e-009	3.6624e-009	3.8404e-009	3.8834e-009	4.8767e-009	5.2177e-009	6.5393e-009	9.1032e-009	1.2297e-008	1.4973e-008	1.8074e-008	2.1463e-008	2.5023e-008	2.938e-008	3.5295e-008	4.074e-008	4.8088e-008	5.2276e-008	5.569e-008	6.0273e-008	6.6207e-008	7.1342e-008	7.5272e-008	7.8527e-008	8.1335e-008	8.3467e-008	8.4234e-008	8.4977e-008	8.5956e-008	8.7243e-008	8.8645e-008	8.9431e-008	8.9259e-008	8.8128e-008	8.6983e-008	8.6076e-008	8.5457e-008	8.4818e-008	8.2386e-008	8.0618e-008	7.8663e-008	7.7374e-008	7.4977e-008	7.3606e-008	7.1455e-008	6.8412e-008	6.5839e-008	6.3492e-008	6.2891e-008	6.1742e-008	6.0486e-008	5.795e-008	5.5978e-008	5.4185e-008	5.0905e-008	4.8709e-008	4.6609e-008	4.3136e-008	4.1304e-008	3.989e-008	3.7855e-008	3.5192e-008	3.2148e-008	3.0779e-008	2.759e-008	2.6003e-008	2.4203e-008	2.3346e-008	1.8856e-008	1.7113e-008	1.5779e-008	1.3368e-008	1.0803e-008	9.3021e-009	7.0545e-009	6.2295e-009	4.7759e-009	3.9024e-009	3.4452e-009	2.9088e-009	2.5413e-009	2.7318e-009	2.5183e-009	2.3113e-009	2.113e-009	2.0613e-009	2.3036e-009	2.5621e-009	2.7957e-009	2.6386e-009	3.4287e-009	4.7201e-009	6.3471e-009	8.1348e-009	1.0201e-008	1.3534e-008	1.7607e-008	2.2322e-008	2.6725e-008	3.4376e-008	3.9094e-008	4.5367e-008	5.1628e-008	5.5796e-008	5.9989e-008	6.4762e-008	7.0169e-008	7.4147e-008	7.9344e-008	8.2548e-008	8.5901e-008	8.796e-008	8.8802e-008	8.9125e-008	8.9786e-008	9.0442e-008	9.0816e-008	9.0152e-008	9.0218e-008	8.9051e-008	8.838e-008	8.5427e-008	8.3791e-008	8.1405e-008	7.997e-008	7.8292e-008	7.646e-008	7.5038e-008	7.2831e-008	7.0979e-008	7.0316e-008	6.8588e-008	6.6643e-008	6.5455e-008	6.3057e-008	6.1813e-008	5.6805e-008	5.4587e-008	5.2516e-008	5.0909e-008	4.9862e-008	4.7417e-008	4.5355e-008	4.2522e-008	3.9551e-008	3.6523e-008	3.5682e-008	3.4063e-008	3.1492e-008	2.9623e-008	2.6793e-008	2.5273e-008	2.4104e-008	2.1234e-008	1.9825e-008	1.8426e-008	1.651e-008	1.4901e-008	1.4166e-008	1.2533e-008	1.0405e-008	8.5916e-009	7.2892e-009	6.3502e-009	5.4672e-009	5.0148e-009	4.4527e-009	4.347e-009	3.2991e-009	3.2558e-009	3.9561e-009	4.7982e-009	5.3485e-009	5.9308e-009	6.8151e-009	8.0599e-009	9.937e-009	1.0981e-008	1.3021e-008	1.5807e-008	1.8826e-008	2.156e-008	2.483e-008	2.9199e-008	3.3074e-008	4.0115e-008	4.653e-008	5.3757e-008	6.0116e-008	6.4084e-008	6.8521e-008	7.204e-008	7.696e-008	8.017e-008	8.2405e-008	8.4708e-008	8.7292e-008	8.89e-008	9.026e-008	9.0867e-008	9.1894e-008	9.196e-008	9.0789e-008	8.9736e-008	8.9104e-008	8.7655e-008	8.5656e-008	8.3738e-008	8.1482e-008	7.8993e-008	7.7888e-008	7.6371e-008	7.5067e-008	7.3726e-008	7.1691e-008	6.9651e-008	6.7364e-008	6.6603e-008	6.4861e-008	6.2109e-008	5.9142e-008	5.5419e-008	5.2683e-008	4.9719e-008	4.7609e-008	4.6247e-008	4.3679e-008	4.2171e-008	3.894e-008	3.7186e-008	3.4766e-008	3.3021e-008	3.0683e-008	2.8765e-008	2.6872e-008	2.4275e-008	2.2984e-008	2.1496e-008	1.9929e-008	1.6852e-008	1.4781e-008	1.3235e-008	1.1051e-008	9.1434e-009	7.2826e-009	6.0325e-009	5.6858e-009	5.2802e-009	4.8289e-009	4.3062e-009	4.2266e-009	3.9116e-009
3.4798e-009	3.1127e-009	3.2961e-009	2.7991e-009	2.5248e-009	2.1387e-009	2.2935e-009	2.1462e-009	2.848e-009	3.3135e-009	3.9991e-009	5.6467e-009	6.9317e-009	8.7191e-009	1.1279e-008	1.4035e-008	1.6829e-008	2.091e-008	2.5965e-008	3.283e-008	3.7698e-008	4.2737e-008	4.7758e-008	5.3019e-008	5.763e-008	6.1392e-008	6.5726e-008	6.9412e-008	7.4766e-008	7.9682e-008	8.2227e-008	8.3438e-008	8.4988e-008	8.6332e-008	8.7335e-008	8.8499e-008	8.9043e-008	9.0126e-008	8.9264e-008	8.9092e-008	8.8087e-008	8.594e-008	8.4264e-008	8.2157e-008	8.1147e-008	7.9569e-008	7.8284e-008	7.6227e-008	7.4517e-008	7.2693e-008	7.0211e-008	6.8278e-008	6.6668e-008	6.4976e-008	6.2783e-008	6.068e-008	5.8224e-008	5.5109e-008	5.4038e-008	5.2589e-008	5.0361e-008	4.6274e-008	4.409e-008	4.2612e-008	4.1946e-008	4.0284e-008	3.6403e-008	3.4583e-008	3.3515e-008	3.1729e-008	2.976e-008	2.7431e-008	2.5277e-008	2.3037e-008	2.1175e-008	1.9049e-008	1.7722e-008	1.5523e-008	1.3416e-008	1.1469e-008	9.7228e-009	7.5741e-009	6.205e-009	4.1042e-009	3.1601e-009	2.8207e-009	2.9858e-009	2.64e-009	2.821e-009	3.234e-009	3.184e-009	2.8693e-009	3.137e-009	3.1332e-009	2.9028e-009	3.9443e-009	4.5308e-009	5.791e-009	8.1676e-009	1.0115e-008	1.2649e-008	1.5203e-008	2.0175e-008	2.3665e-008	2.9633e-008	3.5951e-008	4.284e-008	4.7808e-008	5.2568e-008	6.0063e-008	6.6091e-008	6.9749e-008	7.1663e-008	7.4189e-008	7.6876e-008	8.012e-008	8.24e-008	8.2693e-008	8.3592e-008	8.4612e-008	8.5567e-008	8.7259e-008	8.8737e-008	8.8463e-008	8.7075e-008	8.5368e-008	8.3964e-008	8.1911e-008	8.0371e-008	7.9042e-008	7.8468e-008	7.7946e-008	7.6272e-008	7.4906e-008	7.1961e-008	7.1183e-008	7.0495e-008	6.8608e-008	6.432e-008	6.339e-008	6.2115e-008	6.0809e-008	5.9054e-008	5.5816e-008	5.366e-008	5.0678e-008	4.6972e-008	4.4515e-008	4.1912e-008	4.0757e-008	3.7679e-008	3.4761e-008	3.29e-008	2.9735e-008	2.8076e-008	2.6327e-008	2.3866e-008	2.0882e-008	1.7683e-008	1.6024e-008	1.3998e-008	1.2193e-008	1.0304e-008	7.8848e-009	6.3093e-009	4.6614e-009	4.0732e-009	3.6284e-009	3.2119e-009	2.7162e-009	2.7248e-009	2.5345e-009	2.2502e-009	2.4694e-009	2.4465e-009	2.204e-009	1.9147e-009	1.888e-009	2.9711e-009	3.3187e-009	3.2877e-009	3.496e-009	4.3647e-009	5.0457e-009	5.2036e-009	7.8159e-009	1.049e-008	1.3459e-008	1.7872e-008	2.5279e-008	3.2737e-008	3.9812e-008	4.6789e-008	5.4613e-008	6.0269e-008	6.8708e-008	7.3002e-008	7.6302e-008	7.9437e-008	8.3185e-008	8.702e-008	8.7927e-008	8.9691e-008	9.036e-008	9.1023e-008	9.1869e-008	9.2526e-008	9.1384e-008	9.0297e-008	8.937e-008	8.7825e-008	8.6e-008	8.3269e-008	8.1972e-008	8.0101e-008	7.8552e-008	7.719e-008	7.4839e-008	7.3207e-008	7.1194e-008	6.999e-008	6.8344e-008	6.6625e-008	6.5503e-008	6.247e-008	5.9318e-008	5.7697e-008	5.4779e-008	5.1807e-008	5.0085e-008	4.807e-008	4.5883e-008	4.4228e-008	4.2824e-008	4.064e-008	3.9325e-008	3.5685e-008	3.4117e-008	3.196e-008	3.0093e-008	2.8507e-008	2.6582e-008	2.4607e-008	2.2969e-008	2.0838e-008	1.933e-008	1.7355e-008	1.5677e-008	1.3836e-008	1.2112e-008	1.0524e-008	8.8729e-009	7.7856e-009	6.4933e-009	5.2351e-009	3.8095e-009	3.8406e-009	3.9447e-009	3.9521e-009	3.8562e-009	3.7901e-009	4.219e-009	4.0056e-009	4.3962e-009	5.1043e-009	5.9662e-009	7.5179e-009	1.0039e-008	1.3156e-008	1.5234e-008	1.8027e-008	2.1886e-008	2.5739e-008	2.9789e-008	3.6023e-008	4.1557e-008	4.7889e-008	5.2544e-008	5.6095e-008	6.0961e-008	6.578e-008	7.1583e-008	7.624e-008	7.8985e-008	8.2591e-008	8.466e-008	8.5111e-008	8.5103e-008	8.6065e-008	8.761e-008	8.9246e-008	8.9983e-008	9.0255e-008	8.9305e-008	8.7669e-008	8.7322e-008	8.6448e-008	8.4606e-008	8.3259e-008	8.0906e-008	7.8903e-008	7.7872e-008	7.5428e-008	7.4493e-008	7.2338e-008	6.866e-008	6.6427e-008	6.4695e-008	6.3777e-008	6.2821e-008	6.0998e-008	5.9054e-008	5.6082e-008	5.429e-008	5.0662e-008	4.7926e-008	4.6527e-008	4.3883e-008	4.1454e-008	4.015e-008	3.7549e-008	3.5254e-008	3.2697e-008	3.1555e-008	2.9758e-008	2.6654e-008	2.5156e-008	2.4085e-008	2.1172e-008	1.7679e-008	1.6641e-008	1.3629e-008	1.1913e-008	9.7161e-009	8.6353e-009	6.6396e-009	4.9052e-009	4.1457e-009	3.6966e-009	3.186e-009	2.6005e-009	2.6398e-009	2.8452e-009	2.8439e-009	2.3921e-009	2.2356e-009	2.5503e-009	2.7141e-009	2.5826e-009	2.8182e-009	4.294e-009	5.4776e-009	7.3069e-009	9.1082e-009	1.1249e-008	1.4181e-008	1.7832e-008	2.2384e-008	2.6718e-008	3.376e-008	3.9635e-008	4.4688e-008	5.1798e-008	5.7189e-008	6.0736e-008	6.4601e-008	6.9166e-008	7.3493e-008	7.8646e-008	8.2961e-008	8.5945e-008	8.8171e-008	8.91e-008	8.983e-008	9.0419e-008	9.1492e-008	9.1583e-008	9.1126e-008	9.21e-008	8.961e-008	8.7908e-008	8.6611e-008	8.4445e-008	8.2606e-008	8.0526e-008	7.8837e-008	7.6545e-008	7.444e-008	7.2399e-008	7.0807e-008	7.0366e-008	6.9347e-008	6.7304e-008	6.4893e-008	6.2854e-008	6.1581e-008	5.7892e-008	5.4772e-008	5.2945e-008	5.1274e-008	5.0096e-008	4.7594e-008	4.5873e-008	4.1358e-008	4.0102e-008	3.6838e-008	3.5276e-008	3.3077e-008	3.0922e-008	2.9315e-008	2.7202e-008	2.5142e-008	2.4179e-008	2.2644e-008	2.0344e-008	1.8065e-008	1.6856e-008	1.4977e-008	1.3911e-008	1.3048e-008	1.039e-008	8.6465e-009	7.094e-009	5.8249e-009	5.3345e-009	4.9439e-009	4.4315e-009	4.4629e-009	3.7468e-009	3.4463e-009	3.9712e-009	4.8766e-009	5.2379e-009	5.9503e-009	6.8688e-009	8.2288e-009	1.0002e-008	1.1709e-008	1.339e-008	1.6066e-008	1.9243e-008	2.2242e-008	2.5766e-008	3.0404e-008	3.5706e-008	4.0793e-008	4.6123e-008	5.191e-008	6.0234e-008	6.4542e-008	6.8316e-008	7.1482e-008	7.5639e-008	7.8582e-008	8.0864e-008	8.3688e-008	8.6695e-008	8.8935e-008	9.0632e-008	9.0897e-008	9.1535e-008	9.2009e-008	9.0702e-008	8.9749e-008	8.9443e-008	8.8269e-008	8.6105e-008	8.406e-008	8.1889e-008	7.8519e-008	7.7545e-008	7.6799e-008	7.5338e-008	7.3715e-008	7.1673e-008	6.9939e-008	6.8264e-008	6.7136e-008	6.5406e-008	6.3358e-008	6.1377e-008	5.5464e-008	5.2842e-008	5.1024e-008	4.9514e-008	4.745e-008	4.602e-008	4.2174e-008	3.9463e-008	3.8208e-008	3.4963e-008	3.3572e-008	3.2009e-008	2.96e-008	2.8649e-008	2.6719e-008	2.3235e-008	2.2011e-008	2.0439e-008	1.8892e-008	1.6474e-008	1.4117e-008	1.2467e-008	1.0754e-008	8.0564e-009	7.3064e-009	6.6482e-009	5.6538e-009	5.5568e-009	5.0016e-009	5.085e-009	4.6014e-009
4.1788e-009	3.7156e-009	3.3342e-009	2.8677e-009	2.7669e-009	2.3099e-009	2.4147e-009	3.0865e-009	3.7537e-009	3.7862e-009	4.2256e-009	5.2435e-009	6.9278e-009	8.636e-009	1.1217e-008	1.4155e-008	1.6915e-008	2.0363e-008	2.6548e-008	3.1947e-008	3.7946e-008	4.2617e-008	4.8477e-008	5.3884e-008	5.8945e-008	6.1975e-008	6.5519e-008	7.0044e-008	7.4745e-008	7.9825e-008	8.2639e-008	8.4448e-008	8.6043e-008	8.751e-008	8.8447e-008	8.9139e-008	8.9693e-008	9.0649e-008	9.0351e-008	8.9375e-008	8.8519e-008	8.6256e-008	8.373e-008	8.2083e-008	8.0906e-008	7.9746e-008	7.8395e-008	7.6372e-008	7.4562e-008	7.3725e-008	7.0865e-008	6.8686e-008	6.686e-008	6.6563e-008	6.42e-008	6.21e-008	5.8817e-008	5.58e-008	5.4815e-008	5.3015e-008	5.0929e-008	4.6089e-008	4.4128e-008	4.2735e-008	4.196e-008	4.005e-008	3.7996e-008	3.5646e-008	3.3903e-008	3.2009e-008	3.0038e-008	2.7295e-008	2.5094e-008	2.2623e-008	2.0529e-008	1.8888e-008	1.7798e-008	1.5849e-008	1.3451e-008	1.169e-008	9.5592e-009	7.7994e-009	5.5377e-009	4.4e-009	3.4347e-009	3.262e-009	3.2773e-009	3.18e-009	3.5881e-009	3.2832e-009	3.3979e-009	3.743e-009	3.0788e-009	3.2502e-009	4.0779e-009	4.756e-009	5.3016e-009	6.5442e-009	8.6203e-009	1.0498e-008	1.3565e-008	1.5998e-008	2.0664e-008	2.4109e-008	3.0077e-008	3.4835e-008	4.3708e-008	4.8545e-008	5.2871e-008	5.9797e-008	6.7312e-008	7.0167e-008	7.2531e-008	7.5705e-008	7.7241e-008	7.9915e-008	8.2683e-008	8.3716e-008	8.4546e-008	8.5082e-008	8.5526e-008	8.6409e-008	8.9002e-008	8.8649e-008	8.721e-008	8.635e-008	8.4023e-008	8.1942e-008	8.1106e-008	7.932e-008	7.8872e-008	7.8197e-008	7.7431e-008	7.6052e-008	7.2401e-008	7.0455e-008	6.8938e-008	6.6528e-008	6.4081e-008	6.3073e-008	6.1972e-008	6.0341e-008	5.8884e-008	5.5074e-008	5.3158e-008	5.0307e-008	4.8656e-008	4.6353e-008	4.3444e-008	4.0703e-008	3.7646e-008	3.6103e-008	3.3141e-008	3.1274e-008	2.8301e-008	2.617e-008	2.3681e-008	1.9529e-008	1.8051e-008	1.5972e-008	1.5189e-008	1.2886e-008	1.0785e-008	7.5317e-009	6.3898e-009	4.9525e-009	4.0406e-009	3.8667e-009	3.454e-009	2.8774e-009	3.2255e-009	3.0506e-009	2.73e-009	3.129e-009	3.2595e-009	3.2099e-009	2.7148e-009	2.1817e-009	2.461e-009	2.8957e-009	2.9388e-009	3.2526e-009	3.7884e-009	4.7712e-009	5.3128e-009	8.0511e-009	1.062e-008	1.386e-008	1.8101e-008	2.5438e-008	3.4183e-008	4.043e-008	4.8283e-008	5.4815e-008	6.166e-008	7.0303e-008	7.4582e-008	7.7941e-008	8.1051e-008	8.4365e-008	8.7855e-008	8.9534e-008	9.0634e-008	9.1981e-008	9.2733e-008	9.2541e-008	9.2661e-008	9.1415e-008	9.0469e-008	9.0027e-008	8.8687e-008	8.7102e-008	8.5236e-008	8.4029e-008	8.1257e-008	7.897e-008	7.6693e-008	7.4704e-008	7.3428e-008	7.1386e-008	6.9994e-008	6.855e-008	6.7514e-008	6.5549e-008	6.2912e-008	5.9392e-008	5.7869e-008	5.6056e-008	5.2312e-008	5.0948e-008	4.8267e-008	4.6321e-008	4.3696e-008	4.2043e-008	4.0724e-008	3.8896e-008	3.6603e-008	3.4216e-008	3.3474e-008	3.0685e-008	2.8072e-008	2.7138e-008	2.5527e-008	2.3876e-008	2.2045e-008	2.0134e-008	1.8173e-008	1.6324e-008	1.498e-008	1.2993e-008	1.14e-008	9.4552e-009	8.4884e-009	7.421e-009	5.7619e-009	5.1443e-009	4.3965e-009	4.2559e-009	4.1198e-009	4.0121e-009	4.5194e-009	4.5858e-009	4.4262e-009	4.8631e-009	6.4148e-009	7.7562e-009	9.443e-009	1.1372e-008	1.4162e-008	1.6104e-008	1.9136e-008	2.2175e-008	2.6101e-008	3.0512e-008	3.6191e-008	4.2142e-008	4.8596e-008	5.1738e-008	5.6201e-008	6.0771e-008	6.6833e-008	7.1839e-008	7.6623e-008	7.94e-008	8.3087e-008	8.5525e-008	8.5908e-008	8.5295e-008	8.6402e-008	8.7885e-008	9.0059e-008	9.1018e-008	9.194e-008	9.0732e-008	8.9643e-008	8.7949e-008	8.7434e-008	8.486e-008	8.2831e-008	8.0857e-008	7.9745e-008	7.8355e-008	7.5582e-008	7.4699e-008	7.3754e-008	6.8904e-008	6.7548e-008	6.7016e-008	6.4534e-008	6.3721e-008	6.2067e-008	5.9702e-008	5.6507e-008	5.5015e-008	5.1963e-008	4.8562e-008	4.6392e-008	4.4167e-008	4.2154e-008	4.0341e-008	3.8668e-008	3.4603e-008	3.3451e-008	3.1781e-008	2.9575e-008	2.7869e-008	2.5757e-008	2.389e-008	2.1935e-008	1.9395e-008	1.738e-008	1.5172e-008	1.3372e-008	1.0652e-008	9.0814e-009	6.7928e-009	5.4586e-009	4.5725e-009	4.3042e-009	4.0938e-009	3.2156e-009	2.8855e-009	2.679e-009	2.8337e-009	2.6684e-009	2.663e-009	3.0495e-009	3.1648e-009	3.4746e-009	4.0019e-009	5.287e-009	6.687e-009	8.2456e-009	1.05e-008	1.247e-008	1.6332e-008	1.9708e-008	2.3074e-008	2.6647e-008	3.3492e-008	3.9539e-008	4.6582e-008	5.3026e-008	5.8535e-008	6.1844e-008	6.479e-008	6.841e-008	7.4149e-008	7.8364e-008	8.2452e-008	8.5895e-008	8.7929e-008	8.9428e-008	9.0182e-008	9.1003e-008	9.2352e-008	9.2447e-008	9.2452e-008	9.2947e-008	9.257e-008	8.8816e-008	8.6873e-008	8.535e-008	8.4538e-008	8.119e-008	7.9631e-008	7.7525e-008	7.4375e-008	7.3009e-008	7.1415e-008	7.0229e-008	6.8729e-008	6.7139e-008	6.3989e-008	6.1852e-008	6.0145e-008	5.8067e-008	5.5168e-008	5.3317e-008	5.1817e-008	5.0875e-008	4.8618e-008	4.5644e-008	4.1294e-008	3.9627e-008	3.8177e-008	3.5223e-008	3.362e-008	3.1001e-008	2.9576e-008	2.7202e-008	2.5664e-008	2.4095e-008	2.2588e-008	2.085e-008	1.8837e-008	1.7092e-008	1.5699e-008	1.3882e-008	1.2331e-008	1.0662e-008	8.6637e-009	7.4021e-009	6.4883e-009	5.3557e-009	4.9888e-009	4.8252e-009	4.2699e-009	3.8416e-009	3.8481e-009	4.3291e-009	4.9264e-009	5.0435e-009	5.9341e-009	7.3609e-009	8.7448e-009	1.0286e-008	1.2282e-008	1.4595e-008	1.675e-008	2.0296e-008	2.3138e-008	2.6701e-008	3.2186e-008	3.6791e-008	4.1593e-008	4.7481e-008	5.3119e-008	6.0803e-008	6.5272e-008	6.8445e-008	7.123e-008	7.5403e-008	7.8637e-008	8.0934e-008	8.3243e-008	8.566e-008	8.9256e-008	9.0611e-008	9.0576e-008	9.062e-008	9.17e-008	9.0325e-008	8.9572e-008	8.9311e-008	8.8491e-008	8.5824e-008	8.383e-008	8.223e-008	8.0011e-008	7.8092e-008	7.6541e-008	7.5144e-008	7.3033e-008	7.1399e-008	6.9817e-008	6.8385e-008	6.7666e-008	6.5783e-008	6.3347e-008	6.1711e-008	5.7507e-008	5.3458e-008	5.2166e-008	5.0978e-008	4.7589e-008	4.5501e-008	4.402e-008	4.0173e-008	3.901e-008	3.674e-008	3.4903e-008	3.2938e-008	3.1096e-008	2.8796e-008	2.6997e-008	2.45e-008	2.2547e-008	2.1383e-008	2.0187e-008	1.8151e-008	1.4961e-008	1.2945e-008	1.1298e-008	9.3815e-009	8.1128e-009	7.4463e-009	6.3754e-009	5.5751e-009	5.4873e-009	5.1041e-009	4.6338e-009
3.671e-009	3.1937e-009	2.7016e-009	2.5984e-009	2.6477e-009	2.7639e-009	2.7508e-009	2.9958e-009	3.1713e-009	3.4318e-009	3.7691e-009	4.7489e-009	6.0905e-009	8.2685e-009	1.1326e-008	1.4631e-008	1.7383e-008	2.1256e-008	2.731e-008	3.1896e-008	3.8253e-008	4.2698e-008	4.8564e-008	5.4081e-008	5.9188e-008	6.2278e-008	6.6167e-008	6.988e-008	7.4043e-008	7.8165e-008	8.2311e-008	8.4054e-008	8.5435e-008	8.7354e-008	8.843e-008	8.9133e-008	8.9747e-008	9.033e-008	9.0361e-008	8.9667e-008	8.7868e-008	8.5419e-008	8.361e-008	8.1729e-008	8.0427e-008	7.9018e-008	7.7704e-008	7.6227e-008	7.48e-008	7.3507e-008	7.1006e-008	6.8199e-008	6.6566e-008	6.5787e-008	6.4074e-008	6.2151e-008	5.8764e-008	5.6242e-008	5.472e-008	5.397e-008	4.9278e-008	4.5982e-008	4.4196e-008	4.1959e-008	4.0658e-008	3.9156e-008	3.8226e-008	3.5404e-008	3.3677e-008	3.1489e-008	2.951e-008	2.7841e-008	2.4496e-008	2.2598e-008	2.1226e-008	1.9449e-008	1.7092e-008	1.5591e-008	1.3534e-008	1.1268e-008	9.1815e-009	7.3517e-009	5.0958e-009	4.107e-009	3.4983e-009	3.0205e-009	2.7063e-009	2.7856e-009	2.8179e-009	3.242e-009	3.3833e-009	3.2897e-009	3.4738e-009	3.7051e-009	4.1671e-009	4.845e-009	5.3197e-009	6.4851e-009	8.4896e-009	1.03e-008	1.3469e-008	1.7113e-008	2.106e-008	2.4487e-008	2.9777e-008	3.7415e-008	4.4618e-008	4.9489e-008	5.3722e-008	5.8631e-008	6.6943e-008	6.9544e-008	7.3677e-008	7.6737e-008	7.8448e-008	7.9862e-008	8.2723e-008	8.44e-008	8.5409e-008	8.6153e-008	8.5632e-008	8.6405e-008	8.8433e-008	8.833e-008	8.7151e-008	8.6356e-008	8.4992e-008	8.3353e-008	8.2424e-008	8.0554e-008	7.9246e-008	7.83e-008	7.7346e-008	7.5198e-008	7.2405e-008	6.9802e-008	6.835e-008	6.5943e-008	6.4292e-008	6.2768e-008	6.1534e-008	5.9355e-008	5.6957e-008	5.463e-008	5.2702e-008	4.982e-008	4.8538e-008	4.5853e-008	4.3247e-008	4.116e-008	3.769e-008	3.5438e-008	3.3234e-008	3.1295e-008	2.8924e-008	2.7127e-008	2.4975e-008	2.1854e-008	1.9499e-008	1.6734e-008	1.4956e-008	1.2534e-008	1.0915e-008	7.8481e-009	6.203e-009	4.7651e-009	4.1733e-009	3.7014e-009	3.5748e-009	3.2164e-009	2.9254e-009	2.8978e-009	2.8691e-009	3.4155e-009	3.3573e-009	3.0975e-009	2.6298e-009	2.0754e-009	2.0614e-009	2.8754e-009	2.8694e-009	3.501e-009	3.3914e-009	4.073e-009	4.6225e-009	6.4094e-009	1.0235e-008	1.402e-008	1.8377e-008	2.5362e-008	3.3916e-008	4.0051e-008	4.7451e-008	5.503e-008	6.2339e-008	6.9541e-008	7.4838e-008	7.7512e-008	8.0936e-008	8.456e-008	8.7755e-008	9.0535e-008	9.1615e-008	9.2737e-008	9.3733e-008	9.372e-008	9.2684e-008	9.0977e-008	9.0547e-008	9.0019e-008	8.9387e-008	8.7971e-008	8.6302e-008	8.518e-008	8.1782e-008	7.9696e-008	7.675e-008	7.5252e-008	7.3805e-008	7.1884e-008	7.0459e-008	6.9377e-008	6.8001e-008	6.6525e-008	6.208e-008	6.0392e-008	5.8419e-008	5.7524e-008	5.4704e-008	5.0013e-008	4.9166e-008	4.675e-008	4.4237e-008	4.2674e-008	3.9861e-008	3.7872e-008	3.6955e-008	3.4245e-008	3.2428e-008	3.0633e-008	2.9072e-008	2.7293e-008	2.5624e-008	2.3571e-008	2.2555e-008	2.0618e-008	1.8921e-008	1.666e-008	1.5151e-008	1.3927e-008	1.2117e-008	1.0661e-008	9.0601e-009	8.1613e-009	6.626e-009	5.5432e-009	4.7699e-009	4.7491e-009	4.0754e-009	3.7164e-009	4.582e-009	4.912e-009	4.8766e-009	5.4579e-009	6.8411e-009	8.6299e-009	1.0513e-008	1.2117e-008	1.4262e-008	1.6715e-008	1.9412e-008	2.2988e-008	2.6151e-008	2.9844e-008	3.6531e-008	4.2556e-008	4.7377e-008	5.0594e-008	5.6335e-008	6.1033e-008	6.669e-008	7.0286e-008	7.5974e-008	7.9086e-008	8.2807e-008	8.5728e-008	8.6177e-008	8.5402e-008	8.6305e-008	8.7438e-008	9.054e-008	9.1744e-008	9.2734e-008	9.1393e-008	8.9419e-008	8.8196e-008	8.7336e-008	8.4809e-008	8.2122e-008	8.0572e-008	7.9474e-008	7.8857e-008	7.5809e-008	7.4333e-008	7.3285e-008	6.9104e-008	6.868e-008	6.7955e-008	6.5946e-008	6.4505e-008	6.1105e-008	5.966e-008	5.6977e-008	5.4764e-008	5.1576e-008	4.875e-008	4.6382e-008	4.4368e-008	4.2354e-008	4.0758e-008	3.851e-008	3.5705e-008	3.4193e-008	3.2718e-008	3.0421e-008	2.7911e-008	2.6623e-008	2.4253e-008	2.2462e-008	2.0524e-008	1.7539e-008	1.6119e-008	1.4598e-008	1.1761e-008	1.0131e-008	8.2799e-009	6.6432e-009	5.4476e-009	4.753e-009	4.0775e-009	3.028e-009	2.5153e-009	2.5685e-009	2.5856e-009	2.3384e-009	2.521e-009	2.894e-009	2.9393e-009	3.788e-009	4.9666e-009	5.8275e-009	7.2827e-009	8.6916e-009	1.0814e-008	1.2959e-008	1.7304e-008	2.0367e-008	2.4826e-008	2.7503e-008	3.2638e-008	3.9532e-008	4.6718e-008	5.3768e-008	5.8558e-008	6.2951e-008	6.4951e-008	6.8914e-008	7.3446e-008	7.7881e-008	8.1347e-008	8.5028e-008	8.7678e-008	8.9876e-008	9.1061e-008	9.1841e-008	9.2974e-008	9.3163e-008	9.3234e-008	9.2786e-008	9.2352e-008	8.9441e-008	8.7514e-008	8.6098e-008	8.545e-008	8.2449e-008	7.9747e-008	7.8513e-008	7.6222e-008	7.2543e-008	7.1236e-008	7.0125e-008	6.8067e-008	6.6246e-008	6.3872e-008	6.1988e-008	5.9496e-008	5.822e-008	5.6326e-008	5.3896e-008	5.2947e-008	5.0598e-008	4.8067e-008	4.6266e-008	4.2192e-008	4.0572e-008	3.9017e-008	3.6107e-008	3.282e-008	3.1591e-008	2.952e-008	2.7046e-008	2.6177e-008	2.4143e-008	2.1949e-008	2.0158e-008	1.8417e-008	1.6972e-008	1.4945e-008	1.3745e-008	1.2934e-008	1.0501e-008	9.1726e-009	7.3333e-009	6.4176e-009	5.2049e-009	4.3251e-009	4.1138e-009	4.4559e-009	3.9702e-009	4.1567e-009	4.3946e-009	4.7708e-009	5.5725e-009	5.9196e-009	7.4858e-009	8.8762e-009	9.7549e-009	1.24e-008	1.4462e-008	1.7212e-008	2.0184e-008	2.3462e-008	2.6546e-008	3.2448e-008	3.6166e-008	4.0575e-008	4.5796e-008	5.2394e-008	5.9551e-008	6.538e-008	6.8304e-008	7.1337e-008	7.5085e-008	7.834e-008	8.122e-008	8.3012e-008	8.5007e-008	8.8072e-008	8.927e-008	8.9212e-008	8.9306e-008	8.9257e-008	8.9794e-008	8.8936e-008	8.8382e-008	8.7491e-008	8.4872e-008	8.3172e-008	8.1752e-008	7.9767e-008	7.8231e-008	7.6678e-008	7.5257e-008	7.3598e-008	7.2126e-008	7.0464e-008	6.833e-008	6.7374e-008	6.6002e-008	6.3964e-008	6.1348e-008	5.7289e-008	5.4853e-008	5.2218e-008	5.0655e-008	4.9281e-008	4.7e-008	4.342e-008	4.1372e-008	3.9653e-008	3.7825e-008	3.5238e-008	3.3702e-008	3.2248e-008	3.0024e-008	2.8175e-008	2.5859e-008	2.3739e-008	2.2326e-008	2.0636e-008	1.9382e-008	1.6712e-008	1.4778e-008	1.2913e-008	1.0261e-008	8.9468e-009	7.6289e-009	5.8813e-009	5.148e-009	5.1201e-009	4.9329e-009	4.7542e-009
3.0134e-009	2.7731e-009	2.646e-009	2.4073e-009	2.5284e-009	2.6651e-009	2.8133e-009	2.894e-009	3.0418e-009	3.4809e-009	3.7947e-009	4.5544e-009	6.1648e-009	7.8315e-009	1.1083e-008	1.4622e-008	1.7574e-008	2.1645e-008	2.7013e-008	3.0916e-008	3.6673e-008	4.2195e-008	4.8335e-008	5.4161e-008	5.8941e-008	6.3476e-008	6.673e-008	7.0057e-008	7.3745e-008	7.8212e-008	8.155e-008	8.3567e-008	8.4896e-008	8.6993e-008	8.8459e-008	9.0199e-008	9.0731e-008	9.0687e-008	9.0733e-008	8.9582e-008	8.7928e-008	8.5432e-008	8.3224e-008	8.1766e-008	8.0901e-008	7.8815e-008	7.7385e-008	7.6293e-008	7.5186e-008	7.3513e-008	7.101e-008	6.8328e-008	6.6336e-008	6.534e-008	6.3948e-008	6.1445e-008	5.8944e-008	5.6086e-008	5.4644e-008	5.224e-008	4.9915e-008	4.6799e-008	4.4997e-008	4.1782e-008	4.0913e-008	3.9353e-008	3.7967e-008	3.5014e-008	3.3815e-008	3.1561e-008	2.9336e-008	2.713e-008	2.4937e-008	2.219e-008	2.0957e-008	1.8986e-008	1.6921e-008	1.4523e-008	1.2938e-008	1.0752e-008	8.8568e-009	7.3959e-009	5.6122e-009	3.6865e-009	3.3345e-009	2.7197e-009	2.7223e-009	2.5299e-009	2.1245e-009	2.7154e-009	3.1851e-009	3.3498e-009	3.3334e-009	3.8881e-009	4.4883e-009	4.8133e-009	5.0093e-009	6.189e-009	8.5931e-009	1.0691e-008	1.3718e-008	1.7724e-008	2.1451e-008	2.4984e-008	3.1736e-008	3.8843e-008	4.4263e-008	5.0178e-008	5.4775e-008	5.9396e-008	6.5461e-008	6.9944e-008	7.5681e-008	7.7776e-008	7.8939e-008	8.0414e-008	8.2322e-008	8.4453e-008	8.6082e-008	8.7047e-008	8.7255e-008	8.684e-008	8.8084e-008	8.8339e-008	8.7309e-008	8.5976e-008	8.5002e-008	8.438e-008	8.329e-008	8.053e-008	7.9884e-008	7.9032e-008	7.7317e-008	7.4179e-008	7.2829e-008	6.9684e-008	6.8832e-008	6.6259e-008	6.3432e-008	6.2734e-008	6.1149e-008	5.9063e-008	5.6393e-008	5.422e-008	5.3001e-008	5.1055e-008	4.7206e-008	4.5023e-008	4.2473e-008	4.0143e-008	3.7364e-008	3.588e-008	3.3799e-008	3.1298e-008	2.9365e-008	2.6995e-008	2.5194e-008	2.2057e-008	1.887e-008	1.7326e-008	1.5065e-008	1.2724e-008	1.0661e-008	9.0495e-009	6.3292e-009	5.1358e-009	4.6039e-009	4.3943e-009	3.7617e-009	3.6828e-009	3.0486e-009	2.8859e-009	3.2264e-009	3.2769e-009	3.4e-009	2.9227e-009	3.315e-009	2.8261e-009	2.6927e-009	2.9955e-009	3.4599e-009	3.7991e-009	3.9786e-009	4.084e-009	4.8284e-009	6.512e-009	8.9807e-009	1.3814e-008	1.8774e-008	2.5378e-008	3.4182e-008	4.0507e-008	4.8433e-008	5.5128e-008	6.327e-008	6.8748e-008	7.3791e-008	7.732e-008	7.9732e-008	8.4222e-008	8.723e-008	9.0273e-008	9.1391e-008	9.3219e-008	9.4255e-008	9.4358e-008	9.3313e-008	9.2083e-008	9.0591e-008	9.0141e-008	8.9556e-008	8.9339e-008	8.7727e-008	8.607e-008	8.4086e-008	7.9901e-008	7.7438e-008	7.5567e-008	7.4111e-008	7.3063e-008	7.1867e-008	6.9963e-008	6.8824e-008	6.6636e-008	6.4152e-008	6.0386e-008	5.9049e-008	5.8024e-008	5.5921e-008	5.1899e-008	4.9873e-008	4.8686e-008	4.5644e-008	4.3921e-008	3.9021e-008	3.8517e-008	3.7188e-008	3.5053e-008	3.2648e-008	3.0491e-008	2.8818e-008	2.7629e-008	2.5586e-008	2.4106e-008	2.2732e-008	2.1563e-008	1.956e-008	1.819e-008	1.5476e-008	1.3837e-008	1.2931e-008	1.1147e-008	1.0351e-008	9.0434e-009	7.7606e-009	6.7728e-009	4.9251e-009	4.972e-009	4.3166e-009	4.0253e-009	4.6711e-009	5.6058e-009	6.1352e-009	7.3138e-009	7.9751e-009	9.6348e-009	1.1049e-008	1.2848e-008	1.4572e-008	1.7132e-008	2.0581e-008	2.3137e-008	2.6639e-008	3.026e-008	3.5241e-008	4.2977e-008	4.6849e-008	5.1537e-008	5.628e-008	6.1091e-008	6.6086e-008	7.1046e-008	7.5473e-008	7.8895e-008	8.2672e-008	8.5334e-008	8.6175e-008	8.5412e-008	8.6695e-008	8.8618e-008	9.0831e-008	9.2166e-008	9.2503e-008	9.1701e-008	9.0776e-008	8.919e-008	8.7971e-008	8.5845e-008	8.3245e-008	8.1012e-008	7.9408e-008	7.9199e-008	7.6406e-008	7.4097e-008	7.2171e-008	6.9549e-008	6.9205e-008	6.8782e-008	6.6472e-008	6.5145e-008	6.2495e-008	5.931e-008	5.5757e-008	5.4122e-008	5.1767e-008	4.8773e-008	4.5661e-008	4.4217e-008	4.2481e-008	4.1528e-008	3.8453e-008	3.6169e-008	3.4881e-008	3.365e-008	3.104e-008	2.8829e-008	2.6518e-008	2.4864e-008	2.355e-008	2.1781e-008	1.8813e-008	1.6228e-008	1.486e-008	1.2656e-008	1.1639e-008	9.3327e-009	8.005e-009	6.9317e-009	5.5281e-009	4.8603e-009	3.081e-009	2.755e-009	2.7968e-009	2.6535e-009	2.5333e-009	3.2902e-009	3.5538e-009	3.6759e-009	4.8685e-009	5.6591e-009	6.439e-009	8.1108e-009	9.7925e-009	1.1656e-008	1.4354e-008	1.7274e-008	1.9959e-008	2.5706e-008	2.8999e-008	3.3336e-008	4.0359e-008	4.7966e-008	5.4368e-008	5.9859e-008	6.355e-008	6.6664e-008	6.9834e-008	7.3762e-008	7.815e-008	8.1054e-008	8.5572e-008	8.8736e-008	9.078e-008	9.1781e-008	9.2127e-008	9.3012e-008	9.4199e-008	9.4547e-008	9.3828e-008	9.2581e-008	8.959e-008	8.8049e-008	8.6927e-008	8.6101e-008	8.4071e-008	8.098e-008	7.9696e-008	7.8231e-008	7.3995e-008	7.113e-008	7.0139e-008	6.942e-008	6.6434e-008	6.3727e-008	6.2644e-008	6.0266e-008	5.9352e-008	5.7002e-008	5.4764e-008	5.3809e-008	5.1647e-008	4.8758e-008	4.5111e-008	4.2643e-008	4.0661e-008	3.9179e-008	3.6463e-008	3.4501e-008	3.2426e-008	3.0989e-008	2.8497e-008	2.6078e-008	2.4864e-008	2.2382e-008	2.0189e-008	1.8859e-008	1.7352e-008	1.5504e-008	1.4068e-008	1.3035e-008	1.134e-008	1.0175e-008	7.8661e-009	6.5767e-009	5.3749e-009	4.7135e-009	4.348e-009	4.4682e-009	4.5526e-009	5.1249e-009	4.9401e-009	4.9522e-009	5.922e-009	6.4796e-009	7.9081e-009	9.1973e-009	1.089e-008	1.3114e-008	1.4934e-008	1.7269e-008	1.9668e-008	2.3654e-008	2.867e-008	3.2825e-008	3.7259e-008	4.1598e-008	4.7021e-008	5.1923e-008	5.759e-008	6.4975e-008	6.9576e-008	7.2714e-008	7.504e-008	7.9144e-008	8.2493e-008	8.4109e-008	8.5425e-008	8.7518e-008	8.8466e-008	8.8875e-008	8.9203e-008	8.922e-008	8.9654e-008	8.8688e-008	8.7921e-008	8.7243e-008	8.5338e-008	8.2915e-008	8.1784e-008	8.0206e-008	7.8938e-008	7.8014e-008	7.5917e-008	7.3984e-008	7.2584e-008	7.0925e-008	6.9178e-008	6.7335e-008	6.6311e-008	6.3997e-008	6.1598e-008	5.766e-008	5.486e-008	5.2852e-008	5.1913e-008	4.9044e-008	4.662e-008	4.3787e-008	4.2615e-008	4.1146e-008	3.8873e-008	3.6881e-008	3.4467e-008	3.3024e-008	3.2423e-008	2.856e-008	2.6538e-008	2.496e-008	2.3378e-008	2.2006e-008	1.9999e-008	1.6939e-008	1.5655e-008	1.3862e-008	1.2656e-008	1.0494e-008	8.9758e-009	7.2434e-009	6.2809e-009	5.7966e-009	5.5946e-009	5.4942e-009
3.0704e-009	2.7547e-009	2.4547e-009	2.4629e-009	2.1304e-009	1.976e-009	2.1932e-009	2.8222e-009	3.468e-009	3.6317e-009	3.9138e-009	5.1943e-009	6.4039e-009	8.6403e-009	1.11e-008	1.4207e-008	1.7504e-008	2.3288e-008	2.744e-008	3.0837e-008	3.7202e-008	4.0895e-008	4.7912e-008	5.5169e-008	5.8536e-008	6.2868e-008	6.7212e-008	7.0491e-008	7.35e-008	7.7817e-008	8.1093e-008	8.3142e-008	8.4652e-008	8.6573e-008	8.8469e-008	9.1012e-008	9.1303e-008	9.1189e-008	9.0466e-008	8.902e-008	8.7098e-008	8.5202e-008	8.359e-008	8.1403e-008	8.0779e-008	7.8773e-008	7.7794e-008	7.6665e-008	7.5285e-008	7.2982e-008	7.0214e-008	6.7247e-008	6.6395e-008	6.5088e-008	6.3864e-008	6.0479e-008	5.8585e-008	5.6772e-008	5.4006e-008	5.1656e-008	4.8856e-008	4.6301e-008	4.4784e-008	4.2697e-008	4.1101e-008	3.9669e-008	3.7214e-008	3.4804e-008	3.3507e-008	3.1549e-008	2.9152e-008	2.6287e-008	2.4438e-008	2.2903e-008	2.013e-008	1.7928e-008	1.6147e-008	1.4361e-008	1.2667e-008	1.0985e-008	8.4216e-009	6.7727e-009	4.7159e-009	3.4217e-009	2.9636e-009	2.2467e-009	2.5243e-009	2.5505e-009	1.9381e-009	2.384e-009	2.7637e-009	2.9043e-009	3.0443e-009	3.8556e-009	4.2511e-009	3.9879e-009	4.6657e-009	5.8028e-009	8.5561e-009	1.0988e-008	1.3436e-008	1.7741e-008	2.0956e-008	2.5746e-008	3.2183e-008	3.791e-008	4.3508e-008	4.8967e-008	5.4536e-008	5.9714e-008	6.6311e-008	7.1254e-008	7.5377e-008	7.7745e-008	7.9404e-008	8.0659e-008	8.2532e-008	8.4063e-008	8.5844e-008	8.716e-008	8.8098e-008	8.7786e-008	8.7841e-008	8.7975e-008	8.7679e-008	8.68e-008	8.5668e-008	8.4619e-008	8.3561e-008	8.1524e-008	7.9637e-008	7.8576e-008	7.6475e-008	7.404e-008	7.2698e-008	7.0498e-008	6.91e-008	6.6741e-008	6.3026e-008	6.282e-008	6.1503e-008	5.9524e-008	5.6121e-008	5.4035e-008	5.2657e-008	5.0173e-008	4.779e-008	4.5325e-008	4.2113e-008	3.964e-008	3.7725e-008	3.5834e-008	3.3295e-008	3.1093e-008	2.9031e-008	2.7155e-008	2.4155e-008	2.232e-008	1.9347e-008	1.6726e-008	1.5379e-008	1.2369e-008	9.9795e-009	9.2921e-009	7.2501e-009	5.4231e-009	4.365e-009	3.8951e-009	3.6931e-009	3.6405e-009	3.1619e-009	2.5708e-009	2.6298e-009	2.5351e-009	3.0591e-009	2.8679e-009	3.1066e-009	3.2667e-009	2.8475e-009	2.5281e-009	2.8464e-009	3.3808e-009	4.0035e-009	4.0964e-009	4.7375e-009	6.2735e-009	8.9751e-009	1.3716e-008	1.9627e-008	2.5858e-008	3.3571e-008	4.0113e-008	4.6546e-008	5.6955e-008	6.3855e-008	7.0778e-008	7.4984e-008	7.8084e-008	8.1695e-008	8.5231e-008	8.7536e-008	8.9576e-008	9.0672e-008	9.2354e-008	9.3596e-008	9.4077e-008	9.2982e-008	9.2083e-008	9.051e-008	8.9237e-008	8.9242e-008	8.9163e-008	8.7937e-008	8.612e-008	8.3939e-008	8.0226e-008	7.7583e-008	7.6205e-008	7.4134e-008	7.3429e-008	7.2852e-008	6.98e-008	6.814e-008	6.6812e-008	6.4218e-008	5.9723e-008	5.8813e-008	5.7548e-008	5.6165e-008	5.4279e-008	5.0749e-008	4.8969e-008	4.6864e-008	4.3982e-008	3.9969e-008	3.8877e-008	3.6963e-008	3.4877e-008	3.3019e-008	3.1177e-008	2.9863e-008	2.7157e-008	2.5419e-008	2.4803e-008	2.303e-008	2.1301e-008	1.9759e-008	1.8573e-008	1.6594e-008	1.445e-008	1.3321e-008	1.1948e-008	1.1006e-008	9.7535e-009	8.1767e-009	7.4901e-009	6.115e-009	5.6113e-009	5.3711e-009	5.1736e-009	5.3794e-009	6.1179e-009	7.0358e-009	7.6879e-009	8.7885e-009	1.0417e-008	1.1331e-008	1.351e-008	1.5199e-008	1.7957e-008	2.0795e-008	2.2778e-008	2.5786e-008	3.0129e-008	3.4815e-008	4.1854e-008	4.6268e-008	5.1075e-008	5.6076e-008	6.0516e-008	6.5237e-008	7.0209e-008	7.4923e-008	7.8361e-008	8.2177e-008	8.463e-008	8.624e-008	8.6141e-008	8.7302e-008	8.8425e-008	9.0445e-008	9.1508e-008	9.2235e-008	9.1861e-008	9.158e-008	8.9372e-008	8.8417e-008	8.6546e-008	8.3993e-008	8.169e-008	8.0311e-008	7.9611e-008	7.6233e-008	7.3083e-008	7.091e-008	6.9319e-008	6.8702e-008	6.7956e-008	6.6278e-008	6.4632e-008	6.2695e-008	5.9797e-008	5.4907e-008	5.3448e-008	5.2422e-008	4.9926e-008	4.5512e-008	4.4396e-008	4.2892e-008	4.1717e-008	3.9713e-008	3.6653e-008	3.4909e-008	3.3579e-008	3.1521e-008	2.7821e-008	2.6543e-008	2.5438e-008	2.3577e-008	2.2438e-008	1.9684e-008	1.7391e-008	1.5979e-008	1.4414e-008	1.3156e-008	1.1298e-008	9.04e-009	7.9014e-009	6.6196e-009	5.745e-009	4.4073e-009	3.7506e-009	3.2704e-009	3.2324e-009	3.4091e-009	3.7079e-009	3.6461e-009	4.0565e-009	4.8914e-009	5.8927e-009	6.9408e-009	8.9471e-009	1.0748e-008	1.3142e-008	1.5222e-008	1.7641e-008	2.0353e-008	2.5154e-008	3.01e-008	3.4424e-008	4.211e-008	4.74e-008	5.4846e-008	6.004e-008	6.4521e-008	6.6997e-008	7.0909e-008	7.4724e-008	7.8552e-008	8.159e-008	8.5461e-008	8.8877e-008	9.1002e-008	9.224e-008	9.2345e-008	9.3266e-008	9.4283e-008	9.4571e-008	9.4097e-008	9.2795e-008	9.0333e-008	8.8487e-008	8.7288e-008	8.5794e-008	8.4468e-008	8.1544e-008	8.0063e-008	7.8962e-008	7.3666e-008	7.1623e-008	7.0592e-008	6.9568e-008	6.656e-008	6.3601e-008	6.3064e-008	6.1336e-008	6.0122e-008	5.8081e-008	5.4858e-008	5.3434e-008	5.1771e-008	4.9703e-008	4.4175e-008	4.2639e-008	4.0447e-008	3.9448e-008	3.6694e-008	3.4655e-008	3.2617e-008	3.0744e-008	2.836e-008	2.6818e-008	2.4554e-008	2.312e-008	2.0539e-008	1.9521e-008	1.7855e-008	1.6579e-008	1.4424e-008	1.3578e-008	1.1688e-008	1.0816e-008	9.1544e-009	7.0828e-009	6.4344e-009	5.5947e-009	5.1428e-009	4.9305e-009	4.7722e-009	5.2483e-009	5.0319e-009	4.9148e-009	5.9129e-009	6.6517e-009	8.5032e-009	9.5514e-009	1.1822e-008	1.3783e-008	1.5429e-008	1.7631e-008	1.9674e-008	2.2941e-008	2.8082e-008	3.3445e-008	3.7463e-008	4.0911e-008	4.5196e-008	5.1564e-008	5.6845e-008	6.5192e-008	7.0873e-008	7.3958e-008	7.6408e-008	8.0319e-008	8.3155e-008	8.479e-008	8.5413e-008	8.6851e-008	8.7657e-008	8.8514e-008	8.8268e-008	8.8688e-008	8.9138e-008	8.8365e-008	8.7651e-008	8.6704e-008	8.4716e-008	8.2632e-008	8.0878e-008	7.9332e-008	7.8417e-008	7.7985e-008	7.6669e-008	7.4508e-008	7.2592e-008	7.0567e-008	6.8164e-008	6.6856e-008	6.5557e-008	6.3123e-008	6.0955e-008	5.8409e-008	5.4708e-008	5.2323e-008	5.1306e-008	4.9603e-008	4.6711e-008	4.5092e-008	4.3286e-008	4.1726e-008	3.9709e-008	3.7536e-008	3.5143e-008	3.3252e-008	3.2351e-008	2.8275e-008	2.7085e-008	2.6284e-008	2.4187e-008	2.3194e-008	2.1188e-008	1.7668e-008	1.693e-008	1.4943e-008	1.341e-008	1.2589e-008	1.0744e-008	8.4296e-009	6.9383e-009	6.2596e-009	5.9201e-009	5.569e-009
3.3258e-009	2.951e-009	2.4732e-009	2.4864e-009	2.0608e-009	1.7588e-009	1.5437e-009	2.2789e-009	2.7924e-009	3.4104e-009	3.867e-009	5.0141e-009	6.5323e-009	8.5566e-009	1.0936e-008	1.3845e-008	1.7624e-008	2.3303e-008	2.7466e-008	3.0979e-008	3.5341e-008	4.04e-008	4.7351e-008	5.424e-008	5.8796e-008	6.2709e-008	6.6835e-008	7.001e-008	7.3499e-008	7.7189e-008	8.0527e-008	8.305e-008	8.4614e-008	8.6358e-008	8.8345e-008	9.056e-008	9.0974e-008	9.0746e-008	9.0339e-008	8.8501e-008	8.618e-008	8.4421e-008	8.322e-008	8.1928e-008	8.0889e-008	7.8915e-008	7.8073e-008	7.6715e-008	7.5599e-008	7.2857e-008	7.1143e-008	6.8285e-008	6.597e-008	6.5176e-008	6.358e-008	6.1387e-008	5.8714e-008	5.636e-008	5.3714e-008	5.1364e-008	4.9219e-008	4.6381e-008	4.4341e-008	4.3059e-008	4.1743e-008	3.9657e-008	3.7773e-008	3.5123e-008	3.3097e-008	3.0669e-008	2.9009e-008	2.6404e-008	2.4405e-008	2.3082e-008	1.9367e-008	1.7308e-008	1.5403e-008	1.4098e-008	1.2398e-008	1.0983e-008	8.6994e-009	6.5695e-009	5.0056e-009	3.8386e-009	3.1104e-009	2.7188e-009	2.6131e-009	2.2899e-009	2.2579e-009	2.2823e-009	2.4738e-009	2.6892e-009	2.6561e-009	3.488e-009	3.2641e-009	3.0223e-009	4.4395e-009	5.1663e-009	7.6993e-009	1.0779e-008	1.4001e-008	1.6928e-008	2.0983e-008	2.5866e-008	3.229e-008	3.9222e-008	4.4283e-008	4.9227e-008	5.4074e-008	5.9962e-008	6.6211e-008	7.0484e-008	7.5489e-008	7.7582e-008	7.9146e-008	8.1124e-008	8.3261e-008	8.4413e-008	8.5825e-008	8.6903e-008	8.8256e-008	8.7749e-008	8.7607e-008	8.765e-008	8.7748e-008	8.7402e-008	8.6186e-008	8.5061e-008	8.3719e-008	8.1869e-008	7.9791e-008	7.873e-008	7.6059e-008	7.3912e-008	7.2874e-008	7.1532e-008	6.8255e-008	6.6836e-008	6.403e-008	6.3629e-008	6.1349e-008	5.9418e-008	5.6668e-008	5.4286e-008	5.2609e-008	4.9565e-008	4.6736e-008	4.4747e-008	4.1908e-008	3.9567e-008	3.7156e-008	3.5667e-008	3.3429e-008	3.073e-008	2.9127e-008	2.6986e-008	2.4293e-008	2.2778e-008	2.0138e-008	1.6821e-008	1.5188e-008	1.2938e-008	1.0766e-008	9.3234e-009	7.611e-009	5.9418e-009	4.7361e-009	3.9985e-009	3.3817e-009	3.4299e-009	3.0172e-009	2.2523e-009	2.2441e-009	2.2229e-009	2.2113e-009	2.6539e-009	2.9485e-009	2.8796e-009	3.0716e-009	2.6511e-009	2.586e-009	3.1156e-009	3.6222e-009	4.1343e-009	4.6874e-009	6.4076e-009	9.3852e-009	1.2949e-008	1.9987e-008	2.651e-008	3.3439e-008	4.0647e-008	4.6371e-008	5.5902e-008	6.3472e-008	7.0846e-008	7.516e-008	7.8327e-008	8.2144e-008	8.6039e-008	8.8313e-008	8.9348e-008	9.0392e-008	9.1912e-008	9.3331e-008	9.3455e-008	9.2861e-008	9.1623e-008	9.106e-008	9.0084e-008	8.9461e-008	8.9143e-008	8.8023e-008	8.653e-008	8.5015e-008	8.0408e-008	7.8748e-008	7.6506e-008	7.4761e-008	7.3214e-008	7.2788e-008	7.0452e-008	6.7863e-008	6.6721e-008	6.5037e-008	6.0841e-008	5.8426e-008	5.6114e-008	5.5166e-008	5.2693e-008	5.0622e-008	4.9214e-008	4.7336e-008	4.4082e-008	4.1079e-008	3.8638e-008	3.6602e-008	3.5143e-008	3.3467e-008	3.1453e-008	2.9926e-008	2.8137e-008	2.6066e-008	2.4742e-008	2.3213e-008	2.1562e-008	2.0144e-008	1.8982e-008	1.7294e-008	1.5728e-008	1.3742e-008	1.2622e-008	1.1626e-008	1.0352e-008	9.6615e-009	8.7862e-009	7.7529e-009	6.374e-009	6.366e-009	6.1394e-009	6.0793e-009	6.7246e-009	7.7846e-009	8.484e-009	9.8741e-009	1.134e-008	1.2888e-008	1.462e-008	1.6151e-008	1.8942e-008	2.1218e-008	2.2919e-008	2.5454e-008	3.0872e-008	3.722e-008	4.2051e-008	4.6975e-008	5.0458e-008	5.5909e-008	6.042e-008	6.5051e-008	7.041e-008	7.4093e-008	7.7788e-008	8.1519e-008	8.4142e-008	8.6342e-008	8.6787e-008	8.816e-008	8.8984e-008	9.0083e-008	9.1085e-008	9.2275e-008	9.2766e-008	9.21e-008	9.0333e-008	8.8987e-008	8.7624e-008	8.5029e-008	8.2509e-008	8.059e-008	7.9861e-008	7.5816e-008	7.2339e-008	7.0421e-008	6.8769e-008	6.775e-008	6.6624e-008	6.5363e-008	6.4505e-008	6.2196e-008	6.0429e-008	5.7992e-008	5.4237e-008	5.26e-008	5.1284e-008	4.7215e-008	4.4781e-008	4.3774e-008	4.1973e-008	4.0228e-008	3.6845e-008	3.5432e-008	3.3249e-008	3.1954e-008	3.0711e-008	2.8195e-008	2.6659e-008	2.4045e-008	2.1407e-008	1.9699e-008	1.8181e-008	1.6974e-008	1.4896e-008	1.3603e-008	1.1773e-008	1.0203e-008	8.9035e-009	7.5104e-009	6.4557e-009	4.8677e-009	4.3537e-009	4.2753e-009	3.7224e-009	3.9027e-009	4.0397e-009	3.8531e-009	4.3791e-009	5.1517e-009	6.0667e-009	7.4848e-009	9.4271e-009	1.1713e-008	1.3752e-008	1.5528e-008	1.8795e-008	2.1616e-008	2.5164e-008	2.9594e-008	3.4662e-008	4.1879e-008	4.7936e-008	5.4795e-008	5.9949e-008	6.5123e-008	6.8278e-008	7.2159e-008	7.5683e-008	8.0429e-008	8.3518e-008	8.7669e-008	8.9098e-008	9.1203e-008	9.2547e-008	9.2936e-008	9.3824e-008	9.4037e-008	9.4435e-008	9.3999e-008	9.2523e-008	9.0422e-008	8.9158e-008	8.7267e-008	8.6181e-008	8.4443e-008	8.1382e-008	8.045e-008	7.843e-008	7.4573e-008	7.2281e-008	7.0631e-008	6.9642e-008	6.6569e-008	6.4396e-008	6.3528e-008	6.098e-008	6.005e-008	5.8439e-008	5.547e-008	5.3323e-008	5.145e-008	5.0269e-008	4.3913e-008	4.3485e-008	4.1476e-008	3.9116e-008	3.7231e-008	3.4516e-008	3.2667e-008	3.0737e-008	2.8728e-008	2.7188e-008	2.5179e-008	2.3337e-008	2.1157e-008	1.9795e-008	1.8054e-008	1.685e-008	1.5285e-008	1.3794e-008	1.2481e-008	1.1434e-008	9.9601e-009	9.4204e-009	7.1385e-009	6.4963e-009	6.1684e-009	5.2913e-009	5.1157e-009	5.4265e-009	5.4605e-009	5.2227e-009	6.0843e-009	7.1202e-009	8.5994e-009	9.9557e-009	1.2409e-008	1.3981e-008	1.6058e-008	1.8613e-008	2.1217e-008	2.444e-008	2.9213e-008	3.3729e-008	3.7157e-008	4.1049e-008	4.6005e-008	5.1696e-008	5.8658e-008	6.4414e-008	6.9838e-008	7.437e-008	7.7251e-008	8.0437e-008	8.3295e-008	8.4926e-008	8.5154e-008	8.6318e-008	8.7426e-008	8.8126e-008	8.8073e-008	8.8334e-008	8.9074e-008	8.8512e-008	8.7362e-008	8.6149e-008	8.4141e-008	8.2497e-008	8.1103e-008	7.9298e-008	7.8271e-008	7.7038e-008	7.6436e-008	7.4262e-008	7.2063e-008	7.0375e-008	6.8258e-008	6.6548e-008	6.49e-008	6.283e-008	6.0283e-008	5.748e-008	5.4795e-008	5.2928e-008	5.1256e-008	5.007e-008	4.7802e-008	4.5916e-008	4.4475e-008	4.2881e-008	4.0464e-008	3.8343e-008	3.5931e-008	3.4069e-008	3.2001e-008	3.0576e-008	2.8173e-008	2.6796e-008	2.4938e-008	2.345e-008	2.1649e-008	1.8405e-008	1.7353e-008	1.5804e-008	1.4918e-008	1.3778e-008	1.102e-008	1.0384e-008	8.9797e-009	7.7267e-009	6.7353e-009	6.6523e-009
3.1476e-009	2.8729e-009	2.1269e-009	2.2319e-009	2.0502e-009	1.9395e-009	1.9886e-009	2.4423e-009	2.9439e-009	2.964e-009	3.7142e-009	4.7711e-009	6.365e-009	8.2901e-009	1.0383e-008	1.347e-008	1.7808e-008	2.2535e-008	2.6699e-008	3.1114e-008	3.4651e-008	3.9635e-008	4.6404e-008	5.247e-008	5.7898e-008	6.2603e-008	6.6543e-008	6.9108e-008	7.252e-008	7.6362e-008	7.9603e-008	8.2549e-008	8.4814e-008	8.6333e-008	8.8027e-008	8.991e-008	9.1046e-008	9.0799e-008	9.0208e-008	8.8124e-008	8.6294e-008	8.4407e-008	8.3068e-008	8.2065e-008	8.0666e-008	7.9346e-008	7.7882e-008	7.7159e-008	7.5081e-008	7.2484e-008	7.1616e-008	6.9704e-008	6.5864e-008	6.5522e-008	6.4083e-008	6.1418e-008	5.8694e-008	5.629e-008	5.4135e-008	5.1396e-008	4.9488e-008	4.5945e-008	4.4638e-008	4.2861e-008	4.2045e-008	3.9839e-008	3.7289e-008	3.5264e-008	3.3902e-008	3.1255e-008	2.8877e-008	2.6426e-008	2.4334e-008	2.3013e-008	1.993e-008	1.8092e-008	1.5014e-008	1.401e-008	1.1518e-008	1.0053e-008	8.0204e-009	5.8789e-009	5.1448e-009	4.3824e-009	4.0998e-009	3.2391e-009	3.2835e-009	2.9083e-009	2.8187e-009	2.7142e-009	2.7156e-009	3.1061e-009	2.7643e-009	2.8184e-009	2.9241e-009	3.3071e-009	4.574e-009	5.5714e-009	7.6879e-009	1.0953e-008	1.3541e-008	1.7331e-008	2.0212e-008	2.5911e-008	3.3144e-008	3.9594e-008	4.4983e-008	4.9428e-008	5.4067e-008	6.0405e-008	6.5912e-008	7.1413e-008	7.5371e-008	7.8107e-008	8.0576e-008	8.2047e-008	8.3745e-008	8.4852e-008	8.6266e-008	8.7245e-008	8.793e-008	8.7562e-008	8.7812e-008	8.7668e-008	8.7653e-008	8.7406e-008	8.689e-008	8.5681e-008	8.4189e-008	8.109e-008	8.0129e-008	7.8581e-008	7.5959e-008	7.4162e-008	7.2458e-008	7.1862e-008	6.8658e-008	6.6991e-008	6.5017e-008	6.4211e-008	6.1521e-008	5.8887e-008	5.6682e-008	5.3932e-008	5.2343e-008	5.0092e-008	4.7279e-008	4.4199e-008	4.1667e-008	3.9688e-008	3.7114e-008	3.5464e-008	3.3963e-008	3.1336e-008	2.8863e-008	2.6328e-008	2.4356e-008	2.324e-008	2.1303e-008	1.7171e-008	1.5929e-008	1.2526e-008	1.1096e-008	9.2556e-009	7.8984e-009	6.3345e-009	5.2138e-009	4.1749e-009	3.3467e-009	2.7208e-009	2.2525e-009	1.9207e-009	1.9671e-009	2.2127e-009	2.0395e-009	2.3456e-009	2.2623e-009	1.9248e-009	1.9965e-009	2.6098e-009	2.9512e-009	3.2808e-009	3.4591e-009	3.9595e-009	4.5961e-009	6.5242e-009	1.0353e-008	1.3703e-008	1.8823e-008	2.6467e-008	3.4822e-008	4.1435e-008	4.7362e-008	5.6585e-008	6.3862e-008	6.9801e-008	7.5193e-008	7.8729e-008	8.285e-008	8.6944e-008	8.8817e-008	8.9353e-008	9.0153e-008	9.2319e-008	9.3768e-008	9.3399e-008	9.2318e-008	9.1373e-008	9.0746e-008	9.0397e-008	8.9578e-008	8.8662e-008	8.7587e-008	8.5894e-008	8.521e-008	8.1291e-008	7.8867e-008	7.6831e-008	7.5392e-008	7.334e-008	7.1633e-008	7.0283e-008	6.7534e-008	6.5913e-008	6.4349e-008	6.06e-008	5.8499e-008	5.6787e-008	5.4857e-008	5.3682e-008	5.0942e-008	4.834e-008	4.6429e-008	4.4545e-008	4.1285e-008	3.8801e-008	3.7735e-008	3.6207e-008	3.4248e-008	3.2217e-008	3.14e-008	2.7615e-008	2.6062e-008	2.4747e-008	2.4193e-008	2.1937e-008	2.0445e-008	1.9735e-008	1.706e-008	1.6204e-008	1.4645e-008	1.3647e-008	1.2321e-008	1.0888e-008	1.0626e-008	9.4901e-009	8.773e-009	7.5376e-009	6.9356e-009	7.273e-009	7.4354e-009	7.8343e-009	8.314e-009	9.0302e-009	1.0526e-008	1.2125e-008	1.3658e-008	1.5521e-008	1.676e-008	1.9073e-008	2.0884e-008	2.305e-008	2.6088e-008	3.0984e-008	3.801e-008	4.3182e-008	4.7754e-008	5.1513e-008	5.6348e-008	6.0667e-008	6.4763e-008	7.0791e-008	7.4215e-008	7.7359e-008	8.1181e-008	8.366e-008	8.5504e-008	8.714e-008	8.9461e-008	9.0313e-008	9.0369e-008	9.1339e-008	9.2698e-008	9.3248e-008	9.2208e-008	9.0434e-008	8.9062e-008	8.7844e-008	8.5495e-008	8.3979e-008	8.0626e-008	7.9499e-008	7.5984e-008	7.3113e-008	7.0948e-008	6.9237e-008	6.6934e-008	6.6402e-008	6.6315e-008	6.4935e-008	6.2446e-008	6.0283e-008	5.801e-008	5.629e-008	5.4531e-008	5.047e-008	4.8579e-008	4.59e-008	4.4333e-008	4.2627e-008	4.1121e-008	3.6614e-008	3.5534e-008	3.3818e-008	3.2762e-008	3.0645e-008	2.9361e-008	2.7889e-008	2.6293e-008	2.3121e-008	2.1843e-008	1.9574e-008	1.7413e-008	1.6572e-008	1.443e-008	1.3821e-008	1.0269e-008	1.0349e-008	8.3067e-009	7.3707e-009	6.0613e-009	5.6025e-009	4.7858e-009	4.2934e-009	4.2283e-009	4.6688e-009	4.8739e-009	5.2119e-009	5.6782e-009	6.5302e-009	8.0089e-009	9.5617e-009	1.1437e-008	1.4306e-008	1.6707e-008	1.9599e-008	2.2293e-008	2.5673e-008	3.0487e-008	3.5042e-008	4.1735e-008	4.6824e-008	5.471e-008	5.9443e-008	6.5254e-008	6.9697e-008	7.3036e-008	7.7221e-008	8.1602e-008	8.5731e-008	8.8349e-008	8.9459e-008	9.1587e-008	9.2914e-008	9.3491e-008	9.4232e-008	9.4496e-008	9.4365e-008	9.3766e-008	9.2635e-008	9.1245e-008	9.0153e-008	8.6981e-008	8.6159e-008	8.45e-008	8.1898e-008	8.0387e-008	7.8204e-008	7.4506e-008	7.3663e-008	7.1445e-008	6.9661e-008	6.6879e-008	6.5646e-008	6.4364e-008	6.1522e-008	5.9919e-008	5.8953e-008	5.464e-008	5.3394e-008	5.2213e-008	5.0133e-008	4.6784e-008	4.4159e-008	4.0887e-008	3.9938e-008	3.6614e-008	3.5229e-008	3.3262e-008	3.1398e-008	2.9902e-008	2.7848e-008	2.5486e-008	2.4344e-008	2.1288e-008	2.037e-008	1.8631e-008	1.6886e-008	1.5908e-008	1.4448e-008	1.3145e-008	1.1516e-008	1.0626e-008	1.016e-008	8.991e-009	7.2902e-009	6.8031e-009	6.3435e-009	6.4471e-009	5.8978e-009	5.7692e-009	5.8813e-009	6.8233e-009	8.3401e-009	9.3532e-009	1.0476e-008	1.227e-008	1.4067e-008	1.7408e-008	1.9414e-008	2.2202e-008	2.6089e-008	2.9439e-008	3.4028e-008	3.6803e-008	4.0817e-008	4.6156e-008	5.3919e-008	6.0382e-008	6.5269e-008	6.972e-008	7.4084e-008	7.7441e-008	8.0093e-008	8.3823e-008	8.5281e-008	8.5148e-008	8.6257e-008	8.727e-008	8.8289e-008	8.8739e-008	8.8474e-008	8.8507e-008	8.7705e-008	8.705e-008	8.5733e-008	8.4191e-008	8.3772e-008	8.1115e-008	7.9349e-008	7.8562e-008	7.8424e-008	7.5647e-008	7.3887e-008	7.1466e-008	6.9935e-008	6.7916e-008	6.6695e-008	6.4327e-008	6.2059e-008	6.0975e-008	5.7979e-008	5.534e-008	5.3261e-008	5.1967e-008	5.1185e-008	4.9432e-008	4.5661e-008	4.4991e-008	4.3305e-008	4.1338e-008	3.9899e-008	3.5861e-008	3.4053e-008	3.2585e-008	3.0354e-008	2.8947e-008	2.7112e-008	2.5104e-008	2.3012e-008	2.2134e-008	2.0434e-008	1.8257e-008	1.6675e-008	1.545e-008	1.4574e-008	1.1995e-008	1.1125e-008	1.0454e-008	9.0632e-009	8.4314e-009	7.5229e-009
2.7076e-009	2.5834e-009	2.2086e-009	2.3233e-009	2.1359e-009	2.2984e-009	2.1047e-009	2.8678e-009	2.808e-009	2.7611e-009	3.4951e-009	4.374e-009	6.1756e-009	8.3692e-009	1.0678e-008	1.2844e-008	1.728e-008	2.1781e-008	2.584e-008	3.1499e-008	3.5408e-008	4.0325e-008	4.6424e-008	5.2607e-008	5.7532e-008	6.2967e-008	6.6493e-008	6.9339e-008	7.2199e-008	7.65e-008	7.9548e-008	8.2259e-008	8.441e-008	8.6204e-008	8.804e-008	9.0065e-008	9.1455e-008	9.088e-008	8.9579e-008	8.7475e-008	8.603e-008	8.4802e-008	8.3697e-008	8.1824e-008	8.0723e-008	7.9083e-008	7.7489e-008	7.6359e-008	7.4075e-008	7.2182e-008	7.0958e-008	6.95e-008	6.7121e-008	6.6343e-008	6.3952e-008	6.1438e-008	5.8952e-008	5.6548e-008	5.5403e-008	5.1475e-008	4.9809e-008	4.6878e-008	4.5024e-008	4.3353e-008	4.2671e-008	3.9818e-008	3.6999e-008	3.4057e-008	3.3541e-008	3.1398e-008	2.8341e-008	2.6141e-008	2.4523e-008	2.2595e-008	1.9492e-008	1.7538e-008	1.4869e-008	1.3267e-008	1.1664e-008	1.032e-008	8.7079e-009	6.3196e-009	4.8678e-009	4.5719e-009	4.0227e-009	3.2398e-009	3.0158e-009	3.0877e-009	2.7962e-009	2.9662e-009	3.2425e-009	3.1199e-009	2.9338e-009	3.1563e-009	3.5807e-009	3.9411e-009	4.7259e-009	6.7184e-009	9.1583e-009	1.1371e-008	1.3881e-008	1.7638e-008	2.1329e-008	2.6745e-008	3.18e-008	3.861e-008	4.584e-008	4.9517e-008	5.4611e-008	6.0056e-008	6.65e-008	7.1944e-008	7.5732e-008	8.0368e-008	8.2553e-008	8.3173e-008	8.4129e-008	8.5197e-008	8.6929e-008	8.7181e-008	8.7643e-008	8.7685e-008	8.7471e-008	8.7519e-008	8.7569e-008	8.7886e-008	8.7414e-008	8.5897e-008	8.342e-008	8.1392e-008	7.9179e-008	7.7429e-008	7.5605e-008	7.4425e-008	7.2764e-008	7.0944e-008	6.8336e-008	6.7556e-008	6.546e-008	6.4887e-008	6.0881e-008	5.888e-008	5.7458e-008	5.4501e-008	5.1337e-008	5.0059e-008	4.6151e-008	4.3601e-008	4.0838e-008	3.9634e-008	3.7946e-008	3.5135e-008	3.3214e-008	3.1097e-008	2.863e-008	2.6738e-008	2.5013e-008	2.3025e-008	2.0811e-008	1.7356e-008	1.5868e-008	1.3627e-008	1.2272e-008	9.6652e-009	8.541e-009	7.0301e-009	5.7558e-009	4.8845e-009	3.436e-009	2.5848e-009	2.1476e-009	2.0492e-009	2.049e-009	1.8962e-009	2.0328e-009	2.5093e-009	2.355e-009	2.3608e-009	2.5761e-009	2.5055e-009	3.014e-009	3.097e-009	3.1624e-009	3.6964e-009	4.5314e-009	6.6515e-009	1.0137e-008	1.4841e-008	1.9587e-008	2.5734e-008	3.4078e-008	4.0867e-008	4.7682e-008	5.6552e-008	6.401e-008	6.9582e-008	7.4245e-008	7.8836e-008	8.2377e-008	8.6542e-008	8.8267e-008	8.9187e-008	9.0565e-008	9.2578e-008	9.3487e-008	9.3655e-008	9.2022e-008	9.157e-008	9.1318e-008	9.0849e-008	9.0079e-008	8.9624e-008	8.8369e-008	8.5677e-008	8.4332e-008	8.2141e-008	8.0138e-008	7.7263e-008	7.5819e-008	7.4042e-008	7.2224e-008	7.0585e-008	6.7423e-008	6.6047e-008	6.3844e-008	6.0509e-008	5.8512e-008	5.7249e-008	5.4978e-008	5.3563e-008	5.0658e-008	4.8732e-008	4.6017e-008	4.3311e-008	4.1351e-008	3.8802e-008	3.789e-008	3.6514e-008	3.3898e-008	3.2239e-008	3.1569e-008	2.8768e-008	2.7294e-008	2.5528e-008	2.4139e-008	2.252e-008	2.1134e-008	2.0297e-008	1.836e-008	1.682e-008	1.5311e-008	1.4312e-008	1.2945e-008	1.1695e-008	1.0986e-008	1.082e-008	9.8584e-009	8.2674e-009	8.1882e-009	8.5369e-009	8.5448e-009	8.771e-009	8.7859e-009	1.01e-008	1.1062e-008	1.245e-008	1.3868e-008	1.5459e-008	1.7152e-008	1.9508e-008	2.1091e-008	2.3255e-008	2.6384e-008	3.0956e-008	3.7695e-008	4.323e-008	4.8273e-008	5.3221e-008	5.7799e-008	6.1316e-008	6.5583e-008	7.1135e-008	7.4298e-008	7.7498e-008	8.1081e-008	8.3037e-008	8.5129e-008	8.7883e-008	9.0365e-008	9.0719e-008	9.0823e-008	9.14e-008	9.2514e-008	9.2832e-008	9.1832e-008	8.9759e-008	8.8751e-008	8.783e-008	8.526e-008	8.4171e-008	8.1384e-008	7.8422e-008	7.5333e-008	7.3651e-008	7.0478e-008	6.9433e-008	6.7766e-008	6.7028e-008	6.6798e-008	6.4877e-008	6.2774e-008	6.064e-008	5.8361e-008	5.646e-008	5.5106e-008	5.2971e-008	4.7828e-008	4.63e-008	4.5071e-008	4.3268e-008	4.102e-008	3.7668e-008	3.555e-008	3.4273e-008	3.2693e-008	3.1367e-008	3.0134e-008	2.8333e-008	2.7452e-008	2.5196e-008	2.261e-008	2.0973e-008	1.9198e-008	1.7008e-008	1.528e-008	1.4716e-008	1.243e-008	1.1736e-008	9.8462e-009	8.265e-009	7.3783e-009	6.308e-009	5.9759e-009	5.6433e-009	5.2327e-009	5.3171e-009	5.9991e-009	5.753e-009	6.1906e-009	7.3007e-009	8.7074e-009	1.0418e-008	1.246e-008	1.4694e-008	1.7489e-008	1.9777e-008	2.294e-008	2.6442e-008	3.1718e-008	3.5265e-008	4.0965e-008	4.7046e-008	5.369e-008	6.0443e-008	6.5918e-008	7.0405e-008	7.3513e-008	7.8109e-008	8.3266e-008	8.649e-008	8.8861e-008	9.0638e-008	9.2192e-008	9.3496e-008	9.3889e-008	9.4456e-008	9.4467e-008	9.3952e-008	9.3423e-008	9.2662e-008	9.1834e-008	9.0358e-008	8.721e-008	8.5958e-008	8.371e-008	8.1435e-008	7.9285e-008	7.7476e-008	7.5504e-008	7.4024e-008	7.2247e-008	7.0194e-008	6.8056e-008	6.6125e-008	6.4454e-008	6.2862e-008	6.0619e-008	5.9408e-008	5.5935e-008	5.4266e-008	5.3165e-008	5.0302e-008	4.7806e-008	4.5658e-008	4.3034e-008	4.1048e-008	3.6306e-008	3.4979e-008	3.368e-008	3.238e-008	3.0364e-008	2.8648e-008	2.6277e-008	2.4471e-008	2.3083e-008	2.0438e-008	1.9547e-008	1.7106e-008	1.6507e-008	1.5516e-008	1.3336e-008	1.2061e-008	1.1359e-008	1.0319e-008	9.6281e-009	9.0228e-009	7.7369e-009	7.2821e-009	7.5405e-009	7.2709e-009	7.0353e-009	6.9552e-009	7.8659e-009	8.897e-009	1.0152e-008	1.1191e-008	1.2739e-008	1.5558e-008	1.7995e-008	1.9792e-008	2.2512e-008	2.6392e-008	2.9298e-008	3.3613e-008	3.7233e-008	4.1391e-008	4.5885e-008	5.4345e-008	6.0691e-008	6.6163e-008	7.0023e-008	7.3761e-008	7.7428e-008	8.0339e-008	8.3264e-008	8.486e-008	8.526e-008	8.6055e-008	8.6919e-008	8.8307e-008	8.887e-008	8.8052e-008	8.791e-008	8.735e-008	8.7088e-008	8.5862e-008	8.4493e-008	8.3634e-008	8.0863e-008	7.9443e-008	7.8871e-008	7.9093e-008	7.6033e-008	7.3161e-008	7.1501e-008	6.9186e-008	6.7911e-008	6.7336e-008	6.6232e-008	6.3733e-008	6.0637e-008	5.8439e-008	5.5509e-008	5.4629e-008	5.2124e-008	5.103e-008	4.9532e-008	4.7256e-008	4.5088e-008	4.425e-008	4.1954e-008	4.0574e-008	3.8266e-008	3.3939e-008	3.2997e-008	3.0965e-008	2.9824e-008	2.7281e-008	2.5773e-008	2.4266e-008	2.2085e-008	2.0435e-008	1.9185e-008	1.7827e-008	1.6601e-008	1.5363e-008	1.3298e-008	1.2106e-008	1.1354e-008	1.0237e-008	9.4317e-009	8.2692e-009
2.5211e-009	2.5091e-009	2.138e-009	2.2489e-009	1.8746e-009	2.2713e-009	2.4119e-009	2.5189e-009	2.4488e-009	2.6368e-009	3.8884e-009	4.7666e-009	5.8431e-009	8.6827e-009	1.0593e-008	1.2881e-008	1.6458e-008	2.1575e-008	2.594e-008	3.1067e-008	3.567e-008	4.1553e-008	4.7552e-008	5.2583e-008	5.8411e-008	6.3899e-008	6.7179e-008	6.9456e-008	7.3329e-008	7.5985e-008	7.9524e-008	8.2346e-008	8.4499e-008	8.5998e-008	8.834e-008	9.0419e-008	9.1074e-008	8.9937e-008	8.8761e-008	8.6631e-008	8.5559e-008	8.4438e-008	8.4102e-008	8.2662e-008	8.118e-008	7.9101e-008	7.7369e-008	7.5042e-008	7.2837e-008	7.1835e-008	7.064e-008	6.9148e-008	6.7627e-008	6.6788e-008	6.5132e-008	6.0602e-008	5.8885e-008	5.6213e-008	5.546e-008	5.2468e-008	4.9694e-008	4.6527e-008	4.463e-008	4.4053e-008	4.2427e-008	4.0257e-008	3.7895e-008	3.4679e-008	3.306e-008	3.0371e-008	2.8355e-008	2.6998e-008	2.4719e-008	2.1434e-008	1.9418e-008	1.7033e-008	1.5433e-008	1.2951e-008	1.1609e-008	1.0104e-008	8.4346e-009	6.361e-009	4.8504e-009	4.7162e-009	3.9727e-009	3.4131e-009	3.0535e-009	2.9565e-009	2.5257e-009	2.8501e-009	3.236e-009	2.9642e-009	2.9366e-009	3.6212e-009	4.1485e-009	4.2982e-009	5.1069e-009	7.6334e-009	9.7939e-009	1.2186e-008	1.506e-008	1.8891e-008	2.4056e-008	2.826e-008	3.3381e-008	3.9059e-008	4.5769e-008	4.9527e-008	5.5599e-008	6.1101e-008	6.7308e-008	7.2011e-008	7.628e-008	8.1314e-008	8.2736e-008	8.3418e-008	8.3957e-008	8.5931e-008	8.7544e-008	8.7681e-008	8.7686e-008	8.8025e-008	8.7111e-008	8.736e-008	8.7196e-008	8.7732e-008	8.7567e-008	8.5961e-008	8.3031e-008	8.169e-008	7.9247e-008	7.7474e-008	7.5707e-008	7.4217e-008	7.2688e-008	7.0772e-008	6.7751e-008	6.692e-008	6.5121e-008	6.4783e-008	6.198e-008	5.8882e-008	5.7756e-008	5.5947e-008	5.2189e-008	4.981e-008	4.7718e-008	4.4032e-008	4.1911e-008	4.0573e-008	3.8234e-008	3.5863e-008	3.3436e-008	3.138e-008	2.9227e-008	2.7749e-008	2.5038e-008	2.3168e-008	1.9947e-008	1.8043e-008	1.5511e-008	1.3816e-008	1.2467e-008	1.0415e-008	8.9728e-009	7.3722e-009	5.659e-009	4.9116e-009	3.794e-009	3.0111e-009	2.59e-009	2.4418e-009	2.246e-009	1.9614e-009	1.9279e-009	2.7017e-009	2.8974e-009	2.6898e-009	3.0405e-009	2.8779e-009	2.7993e-009	3.3343e-009	3.4704e-009	3.6011e-009	4.695e-009	6.5038e-009	1.0479e-008	1.458e-008	1.9905e-008	2.6683e-008	3.4499e-008	4.1278e-008	5.0141e-008	5.9173e-008	6.585e-008	7.0877e-008	7.505e-008	7.8267e-008	8.2151e-008	8.6712e-008	8.7684e-008	8.9512e-008	9.1283e-008	9.2804e-008	9.361e-008	9.3744e-008	9.283e-008	9.1804e-008	9.2043e-008	9.0829e-008	9.0454e-008	8.9844e-008	8.8688e-008	8.6e-008	8.3635e-008	8.1649e-008	8.0528e-008	7.8238e-008	7.6307e-008	7.5021e-008	7.3164e-008	7.0914e-008	6.834e-008	6.5657e-008	6.361e-008	6.109e-008	5.9022e-008	5.806e-008	5.5237e-008	5.344e-008	5.0797e-008	4.8656e-008	4.6492e-008	4.4021e-008	4.2377e-008	4.0039e-008	3.8686e-008	3.6356e-008	3.5133e-008	3.3284e-008	3.1556e-008	2.8946e-008	2.738e-008	2.5336e-008	2.4279e-008	2.3103e-008	2.184e-008	2.0284e-008	1.8987e-008	1.7345e-008	1.6606e-008	1.4316e-008	1.3752e-008	1.2578e-008	1.1608e-008	1.1101e-008	1.0618e-008	9.7237e-009	9.2581e-009	9.3959e-009	9.4399e-009	9.9987e-009	1.0078e-008	1.0961e-008	1.1504e-008	1.312e-008	1.4526e-008	1.551e-008	1.7267e-008	1.9653e-008	2.159e-008	2.4321e-008	2.7299e-008	3.1249e-008	3.7596e-008	4.3224e-008	4.7685e-008	5.4124e-008	5.9224e-008	6.1929e-008	6.5991e-008	7.1681e-008	7.4559e-008	7.7874e-008	8.0762e-008	8.3442e-008	8.5905e-008	8.9223e-008	9.1631e-008	9.1763e-008	9.1122e-008	9.1728e-008	9.2574e-008	9.2677e-008	9.1673e-008	8.9158e-008	8.8332e-008	8.7119e-008	8.5199e-008	8.3804e-008	8.0648e-008	7.7409e-008	7.6659e-008	7.4852e-008	7.1591e-008	6.9732e-008	6.8926e-008	6.8005e-008	6.7774e-008	6.5979e-008	6.3311e-008	5.9644e-008	5.8495e-008	5.7075e-008	5.6335e-008	5.3711e-008	4.7689e-008	4.6232e-008	4.5064e-008	4.4019e-008	4.0958e-008	3.9156e-008	3.7228e-008	3.531e-008	3.4161e-008	3.1908e-008	3.0328e-008	2.8904e-008	2.8267e-008	2.6564e-008	2.4387e-008	2.2725e-008	2.0737e-008	1.8294e-008	1.5672e-008	1.5236e-008	1.4018e-008	1.3315e-008	1.1012e-008	1.0201e-008	8.2904e-009	7.9563e-009	7.5672e-009	7.0423e-009	6.5997e-009	6.7869e-009	7.1434e-009	7.165e-009	7.6823e-009	8.4065e-009	9.5526e-009	1.1647e-008	1.3605e-008	1.5438e-008	1.7629e-008	2.0313e-008	2.4278e-008	2.7002e-008	3.0957e-008	3.6378e-008	4.1123e-008	4.7174e-008	5.3522e-008	5.8636e-008	6.5678e-008	7.0294e-008	7.4735e-008	7.9287e-008	8.3788e-008	8.7274e-008	8.9286e-008	9.1653e-008	9.3149e-008	9.3819e-008	9.3791e-008	9.4343e-008	9.4535e-008	9.4088e-008	9.3903e-008	9.3958e-008	9.3277e-008	9.0131e-008	8.7757e-008	8.6075e-008	8.3348e-008	8.1078e-008	7.9021e-008	7.7948e-008	7.701e-008	7.4997e-008	7.3963e-008	7.1522e-008	6.925e-008	6.7357e-008	6.4793e-008	6.3004e-008	6.1756e-008	5.9233e-008	5.7227e-008	5.5359e-008	5.4278e-008	5.1753e-008	4.9111e-008	4.6294e-008	4.3829e-008	4.1283e-008	3.8469e-008	3.6276e-008	3.4118e-008	3.3344e-008	3.141e-008	2.8897e-008	2.7415e-008	2.5702e-008	2.3524e-008	2.1576e-008	2.0543e-008	1.8626e-008	1.6875e-008	1.5945e-008	1.4701e-008	1.3371e-008	1.1982e-008	1.1291e-008	1.0669e-008	9.6682e-009	9.2543e-009	8.7743e-009	8.67e-009	8.3935e-009	8.3829e-009	8.3166e-009	9.1866e-009	1.0283e-008	1.1266e-008	1.2176e-008	1.4001e-008	1.5878e-008	1.8174e-008	2.0003e-008	2.3218e-008	2.6371e-008	2.993e-008	3.2918e-008	3.775e-008	4.1818e-008	4.6352e-008	5.2826e-008	6.1302e-008	6.6218e-008	7.0634e-008	7.4379e-008	7.704e-008	7.9895e-008	8.3151e-008	8.4469e-008	8.5337e-008	8.6318e-008	8.735e-008	8.8391e-008	8.9015e-008	8.8215e-008	8.8279e-008	8.7578e-008	8.7284e-008	8.5742e-008	8.4851e-008	8.3331e-008	8.1414e-008	8.0184e-008	7.9592e-008	7.9466e-008	7.8449e-008	7.4371e-008	7.0987e-008	6.9217e-008	6.781e-008	6.7744e-008	6.6404e-008	6.381e-008	6.1745e-008	5.8186e-008	5.6456e-008	5.475e-008	5.2912e-008	5.065e-008	4.9483e-008	4.7226e-008	4.5771e-008	4.4405e-008	4.3133e-008	4.1701e-008	3.9514e-008	3.4827e-008	3.4046e-008	3.2221e-008	2.9748e-008	2.7867e-008	2.6126e-008	2.509e-008	2.3657e-008	2.216e-008	2.0199e-008	1.8489e-008	1.7598e-008	1.5655e-008	1.4913e-008	1.3022e-008	1.197e-008	1.0712e-008	1.0559e-008	9.5049e-009
3.0892e-009	2.6093e-009	2.4588e-009	2.2587e-009	2.2918e-009	2.5002e-009	2.9259e-009	3.0931e-009	2.9783e-009	3.4545e-009	4.5953e-009	5.5392e-009	6.6162e-009	8.8844e-009	1.1332e-008	1.3857e-008	1.708e-008	2.3232e-008	2.6214e-008	3.2121e-008	3.6986e-008	4.2068e-008	4.9435e-008	5.3969e-008	6.0038e-008	6.5093e-008	6.8444e-008	7.1363e-008	7.4125e-008	7.679e-008	8.0319e-008	8.2579e-008	8.5248e-008	8.6378e-008	8.8455e-008	9.0629e-008	9.1163e-008	9.0216e-008	8.9045e-008	8.7527e-008	8.5439e-008	8.4981e-008	8.4795e-008	8.4373e-008	8.2427e-008	8.0693e-008	7.7101e-008	7.4767e-008	7.3184e-008	7.1842e-008	7.1107e-008	7.008e-008	6.8572e-008	6.7729e-008	6.5703e-008	6.3002e-008	5.9728e-008	5.7767e-008	5.5028e-008	5.2924e-008	4.9991e-008	4.7212e-008	4.5456e-008	4.4815e-008	4.3849e-008	4.0041e-008	3.8087e-008	3.5568e-008	3.4206e-008	3.1391e-008	2.8752e-008	2.7676e-008	2.5435e-008	2.1887e-008	1.9915e-008	1.7087e-008	1.5612e-008	1.3749e-008	1.1401e-008	1.0465e-008	8.3805e-009	6.4926e-009	5.0903e-009	4.7543e-009	4.7066e-009	3.975e-009	3.4482e-009	3.4228e-009	3.0314e-009	3.2996e-009	3.29e-009	3.2454e-009	3.8097e-009	4.116e-009	4.7309e-009	5.5764e-009	6.7873e-009	8.3516e-009	1.0854e-008	1.378e-008	1.6085e-008	1.9717e-008	2.4711e-008	2.9881e-008	3.4896e-008	3.913e-008	4.3703e-008	4.9741e-008	5.6201e-008	6.2064e-008	6.7661e-008	7.244e-008	7.7148e-008	8.0935e-008	8.2876e-008	8.3474e-008	8.425e-008	8.6127e-008	8.8737e-008	8.8634e-008	8.8251e-008	8.8378e-008	8.7976e-008	8.7921e-008	8.834e-008	8.9047e-008	8.864e-008	8.6636e-008	8.426e-008	8.2661e-008	8.0089e-008	7.9064e-008	7.6895e-008	7.4921e-008	7.2443e-008	7.1288e-008	6.8667e-008	6.6764e-008	6.5266e-008	6.4109e-008	6.1966e-008	6.0045e-008	5.8319e-008	5.5635e-008	5.2924e-008	5.1e-008	4.8891e-008	4.6001e-008	4.4e-008	4.1329e-008	3.9875e-008	3.7877e-008	3.5829e-008	3.324e-008	3.0469e-008	2.8423e-008	2.5591e-008	2.3151e-008	2.0243e-008	1.9234e-008	1.7367e-008	1.4889e-008	1.2929e-008	1.077e-008	9.3739e-009	7.35e-009	6.5909e-009	5.7632e-009	4.4471e-009	3.9184e-009	3.0908e-009	2.5509e-009	2.5899e-009	2.527e-009	2.2536e-009	2.9639e-009	3.4794e-009	3.0189e-009	2.8372e-009	3.1626e-009	3.305e-009	3.4888e-009	3.6706e-009	3.786e-009	4.9211e-009	7.272e-009	1.074e-008	1.5145e-008	1.9658e-008	2.7997e-008	3.5457e-008	4.2548e-008	5.1447e-008	6.0756e-008	6.5437e-008	7.1122e-008	7.4509e-008	7.815e-008	8.1085e-008	8.6165e-008	8.8108e-008	8.9637e-008	9.159e-008	9.2689e-008	9.3727e-008	9.376e-008	9.3538e-008	9.2672e-008	9.2454e-008	9.1621e-008	9.1087e-008	9.0304e-008	8.8748e-008	8.6128e-008	8.374e-008	8.1665e-008	8.1174e-008	7.9003e-008	7.751e-008	7.5305e-008	7.3856e-008	7.1966e-008	7.0468e-008	6.704e-008	6.392e-008	6.1236e-008	5.9559e-008	5.7666e-008	5.516e-008	5.2956e-008	5.1046e-008	4.8764e-008	4.6231e-008	4.4658e-008	4.2709e-008	4.11e-008	3.8678e-008	3.6588e-008	3.4585e-008	3.3166e-008	3.1386e-008	2.9561e-008	2.8033e-008	2.6837e-008	2.4421e-008	2.3606e-008	2.2362e-008	2.0808e-008	1.9022e-008	1.78e-008	1.6882e-008	1.5808e-008	1.4756e-008	1.3077e-008	1.2467e-008	1.1835e-008	1.1589e-008	1.1364e-008	1.0752e-008	1.0219e-008	9.6937e-009	1.0181e-008	1.0889e-008	1.1722e-008	1.2331e-008	1.3807e-008	1.5165e-008	1.6137e-008	1.7836e-008	1.9842e-008	2.1815e-008	2.4504e-008	2.7595e-008	3.2048e-008	3.8165e-008	4.2753e-008	4.8214e-008	5.5101e-008	5.9388e-008	6.2307e-008	6.6005e-008	7.0315e-008	7.4732e-008	7.8347e-008	8.1563e-008	8.5021e-008	8.7587e-008	9.0414e-008	9.2563e-008	9.2997e-008	9.2048e-008	9.1895e-008	9.2155e-008	9.1653e-008	9.0747e-008	8.9011e-008	8.8003e-008	8.6133e-008	8.4604e-008	8.2706e-008	8.053e-008	7.8794e-008	7.7316e-008	7.4815e-008	7.2907e-008	7.081e-008	6.9855e-008	6.8907e-008	6.7541e-008	6.6253e-008	6.4662e-008	6.1129e-008	5.8741e-008	5.7861e-008	5.5657e-008	5.4007e-008	5.0447e-008	4.7067e-008	4.5445e-008	4.3753e-008	4.1922e-008	3.9813e-008	3.7448e-008	3.5879e-008	3.4875e-008	3.2117e-008	3.0164e-008	2.9363e-008	2.8297e-008	2.6897e-008	2.4943e-008	2.3213e-008	2.1509e-008	2.0163e-008	1.7128e-008	1.5524e-008	1.4573e-008	1.4273e-008	1.3387e-008	1.2035e-008	1.0362e-008	9.0973e-009	8.9736e-009	8.6329e-009	8.2456e-009	7.9151e-009	8.0999e-009	8.398e-009	9.0751e-009	9.0644e-009	1.0536e-008	1.2534e-008	1.3957e-008	1.5853e-008	1.829e-008	2.0364e-008	2.4326e-008	2.7327e-008	3.1164e-008	3.5661e-008	4.1184e-008	4.709e-008	5.3495e-008	5.9596e-008	6.5109e-008	7.049e-008	7.569e-008	8.0461e-008	8.499e-008	8.8424e-008	9.0277e-008	9.1953e-008	9.3141e-008	9.413e-008	9.4225e-008	9.4454e-008	9.4291e-008	9.4077e-008	9.4313e-008	9.4111e-008	9.3056e-008	9.1034e-008	8.7084e-008	8.5905e-008	8.375e-008	8.1456e-008	7.914e-008	7.7676e-008	7.6953e-008	7.5274e-008	7.3968e-008	7.1531e-008	6.9796e-008	6.8334e-008	6.6641e-008	6.3337e-008	6.0917e-008	5.9586e-008	5.768e-008	5.5968e-008	5.4383e-008	5.2261e-008	4.9053e-008	4.6304e-008	4.4091e-008	4.2094e-008	3.8953e-008	3.6923e-008	3.5166e-008	3.3501e-008	3.1663e-008	2.937e-008	2.7568e-008	2.5945e-008	2.4307e-008	2.2596e-008	2.1015e-008	1.9502e-008	1.7735e-008	1.6288e-008	1.5262e-008	1.3726e-008	1.2757e-008	1.2387e-008	1.135e-008	1.0206e-008	9.8226e-009	9.338e-009	9.0871e-009	9.1453e-009	9.4586e-009	9.5404e-009	1.0326e-008	1.0695e-008	1.1803e-008	1.2785e-008	1.4349e-008	1.6043e-008	1.7903e-008	2.0169e-008	2.3158e-008	2.6186e-008	3.0384e-008	3.3573e-008	3.8233e-008	4.2819e-008	4.6925e-008	5.2351e-008	5.9665e-008	6.475e-008	6.956e-008	7.408e-008	7.6279e-008	7.9494e-008	8.3169e-008	8.4386e-008	8.5272e-008	8.5931e-008	8.7012e-008	8.7949e-008	8.8131e-008	8.7842e-008	8.8448e-008	8.8222e-008	8.7715e-008	8.6743e-008	8.5131e-008	8.3324e-008	8.1362e-008	7.9961e-008	7.964e-008	7.938e-008	7.753e-008	7.477e-008	7.0925e-008	6.8897e-008	6.8539e-008	6.8001e-008	6.734e-008	6.5551e-008	6.1852e-008	5.98e-008	5.7897e-008	5.5918e-008	5.1558e-008	5.0841e-008	4.9908e-008	4.904e-008	4.6774e-008	4.503e-008	4.3876e-008	4.2371e-008	4.016e-008	3.6072e-008	3.4706e-008	3.2501e-008	3.0993e-008	2.9006e-008	2.7482e-008	2.5468e-008	2.3476e-008	2.2465e-008	2.0857e-008	1.9417e-008	1.8619e-008	1.7096e-008	1.5932e-008	1.4408e-008	1.2994e-008	1.1624e-008	1.1011e-008	1.0599e-008
3.2038e-009	2.9034e-009	2.5298e-009	2.1704e-009	2.18e-009	1.9568e-009	2.5247e-009	2.6301e-009	2.9713e-009	3.2577e-009	4.0687e-009	5.4987e-009	6.7616e-009	8.86e-009	1.0855e-008	1.3524e-008	1.7951e-008	2.2459e-008	2.6534e-008	3.0847e-008	3.724e-008	4.3395e-008	4.962e-008	5.4984e-008	6.0177e-008	6.4911e-008	6.8866e-008	7.2169e-008	7.4479e-008	7.7187e-008	8.0206e-008	8.3285e-008	8.559e-008	8.671e-008	8.8334e-008	9.0396e-008	9.0984e-008	9.0769e-008	8.8987e-008	8.7632e-008	8.6522e-008	8.5689e-008	8.5288e-008	8.4587e-008	8.2148e-008	8.1199e-008	7.7149e-008	7.5081e-008	7.4264e-008	7.2301e-008	7.2549e-008	7.1237e-008	6.9825e-008	6.7653e-008	6.5928e-008	6.3187e-008	5.9787e-008	5.7245e-008	5.4944e-008	5.2071e-008	4.9707e-008	4.8407e-008	4.6628e-008	4.5566e-008	4.4053e-008	4.0817e-008	3.873e-008	3.7013e-008	3.3962e-008	3.1642e-008	2.9534e-008	2.7439e-008	2.5143e-008	2.2979e-008	1.9849e-008	1.7843e-008	1.62e-008	1.348e-008	1.1978e-008	9.8204e-009	8.3275e-009	7.1232e-009	5.5613e-009	4.6024e-009	4.4141e-009	3.5653e-009	3.6096e-009	4.3736e-009	3.6806e-009	3.6085e-009	4.0775e-009	3.9483e-009	4.3821e-009	4.536e-009	5.2933e-009	6.3994e-009	7.888e-009	9.1833e-009	1.1504e-008	1.3824e-008	1.7987e-008	2.0811e-008	2.4807e-008	3.1612e-008	3.5303e-008	3.9803e-008	4.3934e-008	4.9814e-008	5.6798e-008	6.2568e-008	6.8655e-008	7.2599e-008	7.7692e-008	8.0453e-008	8.352e-008	8.5188e-008	8.5223e-008	8.6184e-008	8.8496e-008	8.9867e-008	8.919e-008	8.8556e-008	8.8497e-008	8.8198e-008	8.8685e-008	8.9239e-008	8.836e-008	8.7153e-008	8.4435e-008	8.3041e-008	8.0925e-008	7.9767e-008	7.7456e-008	7.5696e-008	7.3327e-008	7.0706e-008	6.8875e-008	6.6525e-008	6.555e-008	6.3866e-008	6.1464e-008	5.9952e-008	5.8833e-008	5.5899e-008	5.2213e-008	5.0732e-008	4.9187e-008	4.7499e-008	4.4705e-008	4.2334e-008	3.9717e-008	3.8334e-008	3.5988e-008	3.3927e-008	3.1597e-008	2.9326e-008	2.7455e-008	2.4954e-008	2.098e-008	1.9436e-008	1.7517e-008	1.5347e-008	1.4094e-008	1.1589e-008	9.5333e-009	8.3551e-009	7.0164e-009	5.3588e-009	4.2283e-009	3.6501e-009	3.1674e-009	2.8374e-009	2.6668e-009	2.8762e-009	2.5516e-009	3.0481e-009	2.9362e-009	2.7726e-009	2.3454e-009	3.0008e-009	3.4271e-009	3.2723e-009	3.551e-009	4.0177e-009	5.119e-009	7.7359e-009	1.0361e-008	1.5127e-008	2.0063e-008	2.8136e-008	3.5375e-008	4.4594e-008	5.1651e-008	5.837e-008	6.5376e-008	6.9956e-008	7.4225e-008	7.7305e-008	8.1232e-008	8.4561e-008	8.7513e-008	8.942e-008	9.1419e-008	9.2369e-008	9.3384e-008	9.3457e-008	9.3406e-008	9.2918e-008	9.1826e-008	9.1489e-008	9.1216e-008	9.0406e-008	8.806e-008	8.6235e-008	8.4613e-008	8.1759e-008	8.0648e-008	7.8897e-008	7.7307e-008	7.5666e-008	7.3248e-008	7.2369e-008	7.1218e-008	6.7816e-008	6.4095e-008	6.1428e-008	5.9636e-008	5.7683e-008	5.4818e-008	5.27e-008	5.0937e-008	4.923e-008	4.6326e-008	4.484e-008	4.301e-008	4.0672e-008	3.8737e-008	3.6309e-008	3.4596e-008	3.3018e-008	3.1427e-008	2.9797e-008	2.7654e-008	2.6889e-008	2.4993e-008	2.3594e-008	2.2135e-008	2.0195e-008	1.9912e-008	1.856e-008	1.6927e-008	1.6521e-008	1.5791e-008	1.4562e-008	1.2596e-008	1.1783e-008	1.1881e-008	1.2158e-008	1.1443e-008	1.1057e-008	1.0791e-008	1.1339e-008	1.1748e-008	1.239e-008	1.3287e-008	1.3587e-008	1.5584e-008	1.6602e-008	1.8038e-008	2.0006e-008	2.1559e-008	2.4111e-008	2.7927e-008	3.2584e-008	3.8022e-008	4.2975e-008	4.6861e-008	5.4812e-008	5.9299e-008	6.2286e-008	6.5972e-008	6.9039e-008	7.4206e-008	7.8691e-008	8.2058e-008	8.6299e-008	8.9442e-008	9.1164e-008	9.271e-008	9.2799e-008	9.2111e-008	9.1378e-008	9.1332e-008	9.1596e-008	9.0551e-008	8.9061e-008	8.7819e-008	8.6279e-008	8.4358e-008	8.264e-008	8.0876e-008	7.8791e-008	7.7295e-008	7.4122e-008	7.2698e-008	7.1093e-008	6.9916e-008	6.8719e-008	6.6928e-008	6.5354e-008	6.4447e-008	6.0778e-008	5.9269e-008	5.7702e-008	5.5546e-008	5.4354e-008	5.0289e-008	4.7884e-008	4.6335e-008	4.4191e-008	4.2363e-008	4.0836e-008	3.84e-008	3.6283e-008	3.4684e-008	3.1772e-008	3.1082e-008	2.9505e-008	2.838e-008	2.6333e-008	2.4654e-008	2.3823e-008	2.2541e-008	2.0432e-008	1.8899e-008	1.7116e-008	1.5589e-008	1.4873e-008	1.3836e-008	1.2759e-008	1.2185e-008	1.0898e-008	1.0263e-008	9.5692e-009	9.2655e-009	8.8993e-009	9.0535e-009	9.351e-009	9.6392e-009	1.0463e-008	1.1368e-008	1.2664e-008	1.4506e-008	1.6277e-008	1.8538e-008	2.1232e-008	2.4055e-008	2.7751e-008	3.2126e-008	3.6092e-008	4.0578e-008	4.7141e-008	5.2776e-008	6.0036e-008	6.52e-008	7.0801e-008	7.6576e-008	8.0463e-008	8.5048e-008	8.8634e-008	8.9781e-008	9.1799e-008	9.2999e-008	9.3797e-008	9.4394e-008	9.4979e-008	9.5076e-008	9.4418e-008	9.4959e-008	9.3753e-008	9.2147e-008	9.0463e-008	8.7019e-008	8.4985e-008	8.3591e-008	8.2116e-008	7.8738e-008	7.767e-008	7.6663e-008	7.5324e-008	7.461e-008	7.307e-008	7.0966e-008	6.899e-008	6.6945e-008	6.4587e-008	6.1739e-008	6.0714e-008	5.8875e-008	5.6792e-008	5.5001e-008	5.3267e-008	4.936e-008	4.6291e-008	4.4029e-008	4.2529e-008	3.9809e-008	3.7518e-008	3.5557e-008	3.345e-008	3.0943e-008	2.9138e-008	2.8331e-008	2.5473e-008	2.4316e-008	2.3566e-008	2.2034e-008	1.9883e-008	1.8484e-008	1.6653e-008	1.551e-008	1.4214e-008	1.3057e-008	1.3214e-008	1.1984e-008	1.13e-008	9.8394e-009	9.3837e-009	9.0536e-009	9.3909e-009	1.0008e-008	1.0254e-008	1.0763e-008	1.1223e-008	1.2148e-008	1.3339e-008	1.4731e-008	1.6223e-008	1.7962e-008	1.9836e-008	2.3279e-008	2.5808e-008	3.0532e-008	3.4159e-008	3.9655e-008	4.3261e-008	4.8657e-008	5.2556e-008	5.8079e-008	6.2807e-008	6.7118e-008	7.1768e-008	7.5786e-008	7.8373e-008	8.2221e-008	8.4738e-008	8.4876e-008	8.5298e-008	8.627e-008	8.6578e-008	8.684e-008	8.6643e-008	8.7259e-008	8.7576e-008	8.7279e-008	8.6521e-008	8.4398e-008	8.2493e-008	8.085e-008	8.0073e-008	7.9494e-008	7.9132e-008	7.7239e-008	7.316e-008	7.0377e-008	6.9058e-008	6.8092e-008	6.7682e-008	6.6883e-008	6.5509e-008	6.1448e-008	5.9362e-008	5.8134e-008	5.6693e-008	5.2966e-008	5.1655e-008	5.0218e-008	4.8491e-008	4.6262e-008	4.4617e-008	4.376e-008	4.2215e-008	3.9533e-008	3.665e-008	3.5832e-008	3.4442e-008	3.2181e-008	2.9609e-008	2.8434e-008	2.6257e-008	2.4242e-008	2.3028e-008	2.1119e-008	1.9959e-008	1.915e-008	1.8055e-008	1.6645e-008	1.4542e-008	1.3386e-008	1.2211e-008	1.0891e-008	1.066e-008
2.756e-009	2.3378e-009	1.962e-009	1.909e-009	1.9169e-009	1.7844e-009	2.0056e-009	2.075e-009	2.2636e-009	2.6929e-009	3.2144e-009	4.3284e-009	6.142e-009	8.5353e-009	1.0147e-008	1.3089e-008	1.7648e-008	2.1704e-008	2.6708e-008	3.0817e-008	3.6798e-008	4.3549e-008	5.0836e-008	5.5458e-008	5.9355e-008	6.4002e-008	6.81e-008	7.2067e-008	7.4171e-008	7.7306e-008	8.1002e-008	8.3198e-008	8.5483e-008	8.6973e-008	8.8409e-008	9.0432e-008	9.1089e-008	9.0402e-008	8.764e-008	8.6811e-008	8.6296e-008	8.5806e-008	8.5032e-008	8.2369e-008	8.0865e-008	8.029e-008	7.7033e-008	7.5151e-008	7.3851e-008	7.2852e-008	7.292e-008	7.1807e-008	6.959e-008	6.7735e-008	6.4491e-008	6.1769e-008	5.9491e-008	5.7258e-008	5.5082e-008	5.276e-008	5.027e-008	4.8664e-008	4.7313e-008	4.5151e-008	4.3694e-008	4.1056e-008	3.8702e-008	3.6823e-008	3.3869e-008	3.0516e-008	2.8781e-008	2.7948e-008	2.501e-008	2.2345e-008	2.0169e-008	1.8157e-008	1.5932e-008	1.3498e-008	1.1932e-008	9.6853e-009	8.8767e-009	6.7459e-009	5.8871e-009	5.0791e-009	4.1916e-009	4.0286e-009	3.7112e-009	4.1022e-009	4.0205e-009	3.9451e-009	4.2965e-009	4.4468e-009	4.4848e-009	4.9343e-009	5.8943e-009	6.9129e-009	8.0308e-009	9.9428e-009	1.2759e-008	1.5403e-008	1.8806e-008	2.1953e-008	2.5773e-008	3.1147e-008	3.4919e-008	3.9877e-008	4.4598e-008	5.2138e-008	5.8104e-008	6.3723e-008	6.8917e-008	7.3239e-008	7.7657e-008	7.9997e-008	8.437e-008	8.5485e-008	8.5825e-008	8.6592e-008	8.8529e-008	9.0199e-008	8.9753e-008	8.906e-008	8.85e-008	8.8406e-008	8.868e-008	8.8766e-008	8.8101e-008	8.6715e-008	8.4733e-008	8.3626e-008	8.0437e-008	8.0077e-008	7.8227e-008	7.5368e-008	7.3217e-008	7.1495e-008	6.9008e-008	6.6771e-008	6.557e-008	6.3034e-008	6.0914e-008	5.8434e-008	5.7624e-008	5.5507e-008	5.1693e-008	5.0341e-008	4.871e-008	4.7063e-008	4.5672e-008	4.3235e-008	4.0726e-008	3.7743e-008	3.6144e-008	3.303e-008	3.071e-008	2.9186e-008	2.696e-008	2.4824e-008	2.2187e-008	1.965e-008	1.768e-008	1.5395e-008	1.3685e-008	1.1871e-008	9.0893e-009	8.1777e-009	6.3696e-009	4.7481e-009	3.3965e-009	3.0549e-009	2.7848e-009	2.8001e-009	3.0918e-009	3.3734e-009	2.5687e-009	2.187e-009	2.1487e-009	1.5952e-009	1.8611e-009	2.3001e-009	2.8835e-009	2.9166e-009	3.17e-009	4.4348e-009	5.3074e-009	7.6585e-009	1.018e-008	1.5114e-008	1.9875e-008	2.8591e-008	3.7194e-008	4.6328e-008	5.3566e-008	5.8855e-008	6.4866e-008	7.0185e-008	7.4472e-008	7.6484e-008	8.1161e-008	8.4044e-008	8.5947e-008	8.8671e-008	9.0955e-008	9.1804e-008	9.2395e-008	9.3001e-008	9.3211e-008	9.3471e-008	9.236e-008	9.1784e-008	9.0949e-008	9.0324e-008	8.8387e-008	8.683e-008	8.4743e-008	8.21e-008	8.023e-008	7.93e-008	7.749e-008	7.4876e-008	7.2991e-008	7.2363e-008	7.067e-008	6.8518e-008	6.5762e-008	6.3063e-008	6.0213e-008	5.8808e-008	5.6551e-008	5.4431e-008	5.0186e-008	4.8269e-008	4.5781e-008	4.5266e-008	4.3854e-008	4.07e-008	3.7788e-008	3.5927e-008	3.4641e-008	3.2741e-008	3.0844e-008	2.9692e-008	2.8012e-008	2.6801e-008	2.4641e-008	2.317e-008	2.1992e-008	2.0815e-008	1.983e-008	1.8531e-008	1.7474e-008	1.678e-008	1.5738e-008	1.5042e-008	1.4106e-008	1.2468e-008	1.203e-008	1.2202e-008	1.1336e-008	1.0993e-008	1.1712e-008	1.2392e-008	1.2126e-008	1.3011e-008	1.3494e-008	1.3847e-008	1.482e-008	1.6219e-008	1.794e-008	2.0586e-008	2.2589e-008	2.419e-008	2.816e-008	3.3304e-008	3.9017e-008	4.2404e-008	4.8082e-008	5.4011e-008	5.8525e-008	6.1809e-008	6.546e-008	6.9479e-008	7.3972e-008	7.8304e-008	8.2036e-008	8.569e-008	8.9662e-008	9.1599e-008	9.2792e-008	9.2418e-008	9.1869e-008	9.1196e-008	9.1148e-008	9.0971e-008	8.9775e-008	8.889e-008	8.8233e-008	8.699e-008	8.5283e-008	8.3681e-008	8.2022e-008	7.9331e-008	7.6619e-008	7.4034e-008	7.2571e-008	7.06e-008	6.9524e-008	6.8079e-008	6.6548e-008	6.4475e-008	6.2311e-008	6.0126e-008	5.9103e-008	5.8438e-008	5.6289e-008	5.4213e-008	5.0781e-008	4.7932e-008	4.6165e-008	4.3948e-008	4.2436e-008	4.0666e-008	3.843e-008	3.669e-008	3.4133e-008	3.2063e-008	3.1313e-008	3.071e-008	2.8656e-008	2.5972e-008	2.489e-008	2.3957e-008	2.2641e-008	2.1242e-008	1.9281e-008	1.7853e-008	1.652e-008	1.5262e-008	1.4283e-008	1.3439e-008	1.2857e-008	1.1985e-008	1.1319e-008	1.066e-008	9.5052e-009	9.5969e-009	1.0013e-008	1.0242e-008	1.0367e-008	1.105e-008	1.2033e-008	1.3711e-008	1.5294e-008	1.646e-008	1.8469e-008	2.1308e-008	2.3647e-008	2.7555e-008	3.2351e-008	3.5872e-008	3.9758e-008	4.6292e-008	5.254e-008	5.9192e-008	6.5628e-008	7.1059e-008	7.5863e-008	7.9861e-008	8.3592e-008	8.7466e-008	8.8763e-008	9.0987e-008	9.2496e-008	9.3674e-008	9.4677e-008	9.5817e-008	9.564e-008	9.4757e-008	9.4576e-008	9.3339e-008	9.114e-008	8.9165e-008	8.6488e-008	8.4628e-008	8.3374e-008	8.1956e-008	7.9624e-008	7.8293e-008	7.7887e-008	7.6006e-008	7.4875e-008	7.3501e-008	7.0972e-008	6.9551e-008	6.7273e-008	6.5362e-008	6.2593e-008	6.1208e-008	5.9956e-008	5.8143e-008	5.5213e-008	5.3164e-008	4.9061e-008	4.7059e-008	4.4763e-008	4.2951e-008	4.1234e-008	3.9537e-008	3.6346e-008	3.348e-008	3.1631e-008	3.0018e-008	2.885e-008	2.7455e-008	2.5124e-008	2.396e-008	2.253e-008	2.0886e-008	1.9354e-008	1.785e-008	1.6465e-008	1.4696e-008	1.3596e-008	1.346e-008	1.2643e-008	1.2123e-008	1.1284e-008	1.0285e-008	1.0128e-008	1.0012e-008	1.0903e-008	1.0987e-008	1.117e-008	1.1706e-008	1.2608e-008	1.3793e-008	1.4774e-008	1.6945e-008	1.8605e-008	2.0183e-008	2.3042e-008	2.6186e-008	2.9727e-008	3.4505e-008	3.9914e-008	4.4226e-008	4.9931e-008	5.4953e-008	5.8901e-008	6.3294e-008	6.7497e-008	7.1919e-008	7.5046e-008	7.8193e-008	8.1325e-008	8.4263e-008	8.5045e-008	8.537e-008	8.5661e-008	8.6215e-008	8.6665e-008	8.7254e-008	8.6942e-008	8.7102e-008	8.6563e-008	8.5809e-008	8.3833e-008	8.2839e-008	8.2127e-008	8.1314e-008	8.0211e-008	7.9464e-008	7.7513e-008	7.407e-008	7.1015e-008	6.9577e-008	6.8542e-008	6.7445e-008	6.6651e-008	6.3984e-008	6.1545e-008	5.9479e-008	5.8142e-008	5.7413e-008	5.3762e-008	5.2224e-008	5.0651e-008	5.0132e-008	4.6852e-008	4.4714e-008	4.3488e-008	4.1169e-008	3.918e-008	3.7323e-008	3.6252e-008	3.5087e-008	3.3273e-008	3.0739e-008	2.8842e-008	2.6613e-008	2.4869e-008	2.4144e-008	2.2973e-008	2.0494e-008	1.9692e-008	1.8603e-008	1.7339e-008	1.5733e-008	1.4838e-008	1.3502e-008	1.2827e-008	1.1726e-008
3.0457e-009	2.6825e-009	2.594e-009	2.2362e-009	2.0644e-009	2.5214e-009	2.5372e-009	2.1288e-009	2.4124e-009	2.9857e-009	3.2653e-009	4.4535e-009	6.2248e-009	8.8929e-009	1.0731e-008	1.3414e-008	1.7961e-008	2.192e-008	2.6217e-008	3.1745e-008	3.7113e-008	4.2593e-008	5.1104e-008	5.5108e-008	5.9131e-008	6.3297e-008	6.7391e-008	7.2362e-008	7.4761e-008	7.7746e-008	8.1716e-008	8.362e-008	8.542e-008	8.7226e-008	8.8737e-008	8.9858e-008	9.1362e-008	9.1108e-008	8.8841e-008	8.8231e-008	8.6965e-008	8.6112e-008	8.4352e-008	8.2748e-008	8.104e-008	7.9823e-008	7.7532e-008	7.5451e-008	7.4332e-008	7.3243e-008	7.262e-008	7.1107e-008	6.9922e-008	6.7546e-008	6.4817e-008	6.1676e-008	5.9701e-008	5.6282e-008	5.4446e-008	5.327e-008	5.1119e-008	4.9226e-008	4.8094e-008	4.5613e-008	4.3403e-008	4.0857e-008	3.9076e-008	3.7462e-008	3.4317e-008	3.2238e-008	2.8929e-008	2.7953e-008	2.6028e-008	2.2394e-008	2.0788e-008	1.8611e-008	1.6681e-008	1.4554e-008	1.2637e-008	1.0369e-008	9.3526e-009	8.1925e-009	7.1128e-009	5.78e-009	4.6726e-009	4.673e-009	4.5082e-009	4.6858e-009	4.3774e-009	4.7002e-009	4.7741e-009	5.2082e-009	5.4278e-009	5.7812e-009	6.7473e-009	7.6082e-009	9.1442e-009	1.1298e-008	1.3795e-008	1.6129e-008	1.9612e-008	2.2661e-008	2.7167e-008	3.0771e-008	3.5159e-008	3.9698e-008	4.5648e-008	5.3424e-008	5.9045e-008	6.5063e-008	6.9336e-008	7.3836e-008	7.747e-008	8.069e-008	8.3634e-008	8.5632e-008	8.651e-008	8.7707e-008	8.9523e-008	9.0556e-008	8.9963e-008	8.979e-008	8.8924e-008	8.8243e-008	8.8804e-008	8.9263e-008	8.8666e-008	8.6199e-008	8.4926e-008	8.3902e-008	8.2836e-008	7.9618e-008	7.8499e-008	7.6621e-008	7.378e-008	7.1513e-008	6.877e-008	6.6764e-008	6.5674e-008	6.3465e-008	6.0429e-008	5.8505e-008	5.6577e-008	5.4222e-008	5.1962e-008	5.0372e-008	4.9418e-008	4.6623e-008	4.5954e-008	4.2965e-008	4.138e-008	3.7985e-008	3.6639e-008	3.4179e-008	3.2066e-008	2.9413e-008	2.832e-008	2.4722e-008	2.2702e-008	1.9877e-008	1.809e-008	1.6401e-008	1.4111e-008	1.2942e-008	9.8555e-009	7.9506e-009	5.9807e-009	4.374e-009	3.8232e-009	3.7832e-009	3.3641e-009	2.7584e-009	3.0128e-009	3.2235e-009	2.4123e-009	2.1994e-009	2.601e-009	1.9969e-009	2.075e-009	2.4533e-009	3.1493e-009	2.913e-009	3.4357e-009	4.5506e-009	5.9983e-009	8.5457e-009	1.2649e-008	1.6013e-008	2.0113e-008	2.8326e-008	3.7394e-008	4.697e-008	5.3187e-008	5.8805e-008	6.4103e-008	7.0517e-008	7.5043e-008	7.7174e-008	8.1776e-008	8.4198e-008	8.6993e-008	8.9499e-008	9.1565e-008	9.1717e-008	9.2333e-008	9.2674e-008	9.3174e-008	9.3823e-008	9.3365e-008	9.2556e-008	9.1499e-008	8.9865e-008	8.8573e-008	8.7458e-008	8.5875e-008	8.2848e-008	8.0692e-008	7.871e-008	7.725e-008	7.4195e-008	7.2419e-008	7.2918e-008	7.0932e-008	6.8365e-008	6.6047e-008	6.3614e-008	6.0402e-008	5.9216e-008	5.6588e-008	5.4378e-008	5.1243e-008	4.8345e-008	4.5867e-008	4.4538e-008	4.3639e-008	4.0829e-008	3.8212e-008	3.6383e-008	3.4916e-008	3.2198e-008	2.9393e-008	2.9061e-008	2.8164e-008	2.7168e-008	2.498e-008	2.2726e-008	2.1687e-008	2.1146e-008	2.0766e-008	1.8562e-008	1.7592e-008	1.6874e-008	1.5594e-008	1.4633e-008	1.41e-008	1.3802e-008	1.2959e-008	1.2292e-008	1.1687e-008	1.1091e-008	1.2171e-008	1.2516e-008	1.2293e-008	1.3087e-008	1.3664e-008	1.4119e-008	1.474e-008	1.6399e-008	1.7977e-008	2.087e-008	2.3398e-008	2.5124e-008	2.8688e-008	3.3655e-008	3.8923e-008	4.2268e-008	4.957e-008	5.5108e-008	5.9122e-008	6.3064e-008	6.6473e-008	7.0879e-008	7.4173e-008	7.8268e-008	8.2168e-008	8.4664e-008	8.8805e-008	9.1199e-008	9.3774e-008	9.2755e-008	9.2496e-008	9.1558e-008	9.1483e-008	9.075e-008	9.0223e-008	8.9215e-008	8.879e-008	8.6895e-008	8.5359e-008	8.4623e-008	8.2796e-008	8.0435e-008	7.7797e-008	7.4199e-008	7.287e-008	7.0969e-008	6.969e-008	6.891e-008	6.6878e-008	6.3027e-008	6.0844e-008	6.0358e-008	5.9657e-008	5.8949e-008	5.578e-008	5.3513e-008	5.0815e-008	4.7711e-008	4.5909e-008	4.4084e-008	4.2527e-008	4.0246e-008	3.8481e-008	3.7356e-008	3.4871e-008	3.2703e-008	3.1961e-008	3.092e-008	2.932e-008	2.6516e-008	2.5687e-008	2.4143e-008	2.302e-008	2.1013e-008	2.0152e-008	1.881e-008	1.7008e-008	1.6124e-008	1.488e-008	1.3973e-008	1.3391e-008	1.2631e-008	1.1642e-008	1.1448e-008	1.0573e-008	1.0554e-008	1.0966e-008	1.0786e-008	1.131e-008	1.1474e-008	1.2275e-008	1.3801e-008	1.5354e-008	1.6798e-008	1.8483e-008	2.0592e-008	2.3184e-008	2.7695e-008	3.2077e-008	3.5793e-008	4.0097e-008	4.5002e-008	5.1099e-008	5.8638e-008	6.5347e-008	6.9924e-008	7.5708e-008	7.887e-008	8.352e-008	8.6554e-008	8.7894e-008	9.0285e-008	9.2178e-008	9.3272e-008	9.4288e-008	9.5927e-008	9.6125e-008	9.4637e-008	9.3338e-008	9.1752e-008	9.0389e-008	8.9582e-008	8.5246e-008	8.3346e-008	8.2018e-008	8.0977e-008	7.8967e-008	7.9017e-008	7.8927e-008	7.747e-008	7.4895e-008	7.3058e-008	7.1378e-008	6.9014e-008	6.724e-008	6.4834e-008	6.2401e-008	6.0939e-008	6.0567e-008	5.8802e-008	5.6016e-008	5.4416e-008	5.0493e-008	4.8168e-008	4.5634e-008	4.4088e-008	4.1986e-008	3.9086e-008	3.724e-008	3.4363e-008	3.2228e-008	3.0438e-008	2.8841e-008	2.7655e-008	2.5974e-008	2.4537e-008	2.2603e-008	2.1052e-008	1.9289e-008	1.8193e-008	1.7056e-008	1.5953e-008	1.3831e-008	1.3809e-008	1.2699e-008	1.1968e-008	1.1317e-008	1.0822e-008	1.0707e-008	1.08e-008	1.1346e-008	1.1417e-008	1.1266e-008	1.1749e-008	1.2795e-008	1.3999e-008	1.5435e-008	1.695e-008	1.8938e-008	2.0246e-008	2.3122e-008	2.6699e-008	3.0049e-008	3.4139e-008	3.9551e-008	4.4799e-008	5.0409e-008	5.4941e-008	6.0944e-008	6.4689e-008	6.8417e-008	7.2964e-008	7.5292e-008	7.8106e-008	7.9848e-008	8.2843e-008	8.4459e-008	8.5646e-008	8.5944e-008	8.6822e-008	8.755e-008	8.8014e-008	8.7323e-008	8.7056e-008	8.6386e-008	8.5758e-008	8.416e-008	8.3131e-008	8.294e-008	8.2067e-008	8.0925e-008	7.9507e-008	7.7475e-008	7.4614e-008	7.1967e-008	7.0192e-008	6.8271e-008	6.7464e-008	6.5637e-008	6.3789e-008	6.1612e-008	5.9446e-008	5.8439e-008	5.7534e-008	5.5364e-008	5.198e-008	5.1163e-008	4.9513e-008	4.6927e-008	4.4407e-008	4.3423e-008	4.0365e-008	3.9183e-008	3.7289e-008	3.6733e-008	3.5204e-008	3.3857e-008	3.0727e-008	2.8334e-008	2.7311e-008	2.5584e-008	2.5106e-008	2.3578e-008	2.1517e-008	2.0044e-008	1.7944e-008	1.681e-008	1.5282e-008	1.4732e-008	1.3862e-008	1.3159e-008	1.2636e-008
2.7146e-009	2.0587e-009	1.9087e-009	2.2302e-009	2.1502e-009	2.5016e-009	2.6765e-009	2.1447e-009	2.2592e-009	2.4857e-009	3.2751e-009	4.6197e-009	6.1277e-009	8.6683e-009	1.0662e-008	1.3741e-008	1.8187e-008	2.1747e-008	2.6154e-008	3.1235e-008	3.7232e-008	4.3354e-008	4.9404e-008	5.4799e-008	5.8208e-008	6.287e-008	6.7136e-008	7.0946e-008	7.4278e-008	7.7933e-008	8.1896e-008	8.3796e-008	8.5411e-008	8.6861e-008	8.7864e-008	8.9372e-008	9.0934e-008	9.0397e-008	8.9332e-008	8.9242e-008	8.8348e-008	8.5858e-008	8.3672e-008	8.298e-008	8.1804e-008	7.9565e-008	7.707e-008	7.583e-008	7.4753e-008	7.3693e-008	7.2095e-008	7.0764e-008	6.9679e-008	6.577e-008	6.4909e-008	6.138e-008	5.9404e-008	5.6133e-008	5.4315e-008	5.3502e-008	5.2263e-008	4.9503e-008	4.8392e-008	4.5438e-008	4.2736e-008	4.0372e-008	3.8897e-008	3.6783e-008	3.3998e-008	3.2487e-008	2.9898e-008	2.7762e-008	2.5254e-008	2.3232e-008	2.0469e-008	1.8662e-008	1.7143e-008	1.5309e-008	1.2918e-008	1.1566e-008	9.2574e-009	8.7323e-009	7.68e-009	6.6431e-009	5.5272e-009	5.4467e-009	5.5682e-009	5.372e-009	5.4076e-009	5.1468e-009	5.3134e-009	5.1691e-009	5.9237e-009	6.4491e-009	7.4138e-009	8.3833e-009	9.7726e-009	1.2607e-008	1.521e-008	1.7652e-008	2.063e-008	2.37e-008	2.7408e-008	3.1509e-008	3.4897e-008	3.942e-008	4.6099e-008	5.2761e-008	5.9763e-008	6.4852e-008	6.9502e-008	7.4951e-008	7.7437e-008	8.0276e-008	8.2274e-008	8.4908e-008	8.6136e-008	8.7717e-008	8.9552e-008	8.9835e-008	8.9514e-008	9.0095e-008	8.9616e-008	8.8422e-008	8.9094e-008	8.9088e-008	8.8499e-008	8.6176e-008	8.4858e-008	8.3812e-008	8.3501e-008	8.1513e-008	7.8381e-008	7.6546e-008	7.3507e-008	7.0993e-008	6.8439e-008	6.6813e-008	6.487e-008	6.265e-008	6.0227e-008	5.9011e-008	5.7305e-008	5.4371e-008	5.2286e-008	5.1584e-008	4.9584e-008	4.6651e-008	4.5755e-008	4.4018e-008	4.1553e-008	3.9349e-008	3.6091e-008	3.4056e-008	3.1868e-008	2.9727e-008	2.8104e-008	2.5325e-008	2.2832e-008	2.0318e-008	1.8279e-008	1.6561e-008	1.441e-008	1.2553e-008	1.0868e-008	8.9439e-009	6.9097e-009	5.336e-009	4.565e-009	4.1413e-009	3.4823e-009	2.8929e-009	2.5815e-009	2.6269e-009	2.7116e-009	2.68e-009	2.3638e-009	1.8158e-009	1.9766e-009	2.6415e-009	3.1013e-009	3.1466e-009	3.5344e-009	4.7267e-009	6.5622e-009	9.1378e-009	1.2976e-008	1.6571e-008	2.0618e-008	2.81e-008	3.7546e-008	4.6141e-008	5.3785e-008	5.8635e-008	6.425e-008	6.9473e-008	7.4929e-008	7.7106e-008	8.1449e-008	8.4453e-008	8.7543e-008	9.0578e-008	9.2528e-008	9.1947e-008	9.2429e-008	9.3018e-008	9.3525e-008	9.3621e-008	9.3376e-008	9.2677e-008	9.1669e-008	9.0145e-008	8.8755e-008	8.7318e-008	8.5941e-008	8.2933e-008	8.0326e-008	7.7678e-008	7.5214e-008	7.3484e-008	7.2e-008	7.1866e-008	6.9673e-008	6.76e-008	6.5808e-008	6.4502e-008	6.1912e-008	5.9792e-008	5.7327e-008	5.3421e-008	5.0293e-008	4.8401e-008	4.6205e-008	4.4189e-008	4.2162e-008	4.0742e-008	3.9138e-008	3.8208e-008	3.539e-008	3.2792e-008	3.0102e-008	2.9096e-008	2.8483e-008	2.6942e-008	2.4821e-008	2.3338e-008	2.1703e-008	2.1316e-008	2.0628e-008	1.9162e-008	1.8115e-008	1.7497e-008	1.5977e-008	1.5342e-008	1.4154e-008	1.4034e-008	1.3239e-008	1.2286e-008	1.144e-008	1.1852e-008	1.2464e-008	1.2581e-008	1.2671e-008	1.3542e-008	1.3591e-008	1.4036e-008	1.4345e-008	1.6459e-008	1.8723e-008	2.0392e-008	2.3338e-008	2.4689e-008	2.9198e-008	3.3603e-008	3.9124e-008	4.3166e-008	5.0843e-008	5.5859e-008	5.9381e-008	6.3545e-008	6.8031e-008	7.201e-008	7.4591e-008	7.8176e-008	8.2033e-008	8.5513e-008	8.8912e-008	9.1061e-008	9.3383e-008	9.2991e-008	9.2631e-008	9.2005e-008	9.2103e-008	9.1206e-008	9.0653e-008	8.9478e-008	8.9511e-008	8.8535e-008	8.5728e-008	8.468e-008	8.3135e-008	8.0601e-008	7.8421e-008	7.5584e-008	7.2414e-008	7.0859e-008	7.0139e-008	6.9244e-008	6.7919e-008	6.4224e-008	6.1485e-008	6.0237e-008	6.0137e-008	5.9269e-008	5.4736e-008	5.3046e-008	5.1217e-008	4.799e-008	4.6248e-008	4.4924e-008	4.2602e-008	4.0398e-008	3.8601e-008	3.7122e-008	3.4912e-008	3.344e-008	3.245e-008	3.0743e-008	2.9075e-008	2.7276e-008	2.6033e-008	2.4112e-008	2.3162e-008	2.2103e-008	2.0935e-008	1.9259e-008	1.7554e-008	1.6254e-008	1.5454e-008	1.5089e-008	1.3942e-008	1.311e-008	1.2403e-008	1.2735e-008	1.1656e-008	1.1677e-008	1.1655e-008	1.1264e-008	1.1906e-008	1.2796e-008	1.2848e-008	1.4038e-008	1.517e-008	1.7306e-008	1.8981e-008	2.0865e-008	2.36e-008	2.801e-008	3.1983e-008	3.6932e-008	4.0898e-008	4.5404e-008	5.1158e-008	5.7422e-008	6.512e-008	7.1648e-008	7.5821e-008	8.0205e-008	8.4789e-008	8.7302e-008	8.83e-008	9.0154e-008	9.1667e-008	9.3141e-008	9.378e-008	9.5451e-008	9.5949e-008	9.4133e-008	9.1833e-008	9.0947e-008	9.0446e-008	9.0174e-008	8.7701e-008	8.3878e-008	8.1948e-008	8.0127e-008	7.9173e-008	7.9522e-008	7.9151e-008	7.6263e-008	7.4047e-008	7.2714e-008	7.0813e-008	6.9001e-008	6.7089e-008	6.4877e-008	6.2747e-008	6.0568e-008	5.9729e-008	5.718e-008	5.5977e-008	5.4486e-008	4.9663e-008	4.8505e-008	4.6338e-008	4.4625e-008	4.3228e-008	4.1944e-008	3.7913e-008	3.5415e-008	3.3579e-008	3.1459e-008	2.9961e-008	2.8073e-008	2.7e-008	2.4796e-008	2.2975e-008	2.1689e-008	1.9782e-008	1.8834e-008	1.8093e-008	1.6999e-008	1.5339e-008	1.3579e-008	1.3151e-008	1.29e-008	1.1894e-008	1.1495e-008	1.1403e-008	1.1396e-008	1.1504e-008	1.1554e-008	1.1549e-008	1.1946e-008	1.3434e-008	1.4944e-008	1.5876e-008	1.7374e-008	1.9529e-008	2.0938e-008	2.4043e-008	2.7438e-008	3.0466e-008	3.4691e-008	3.9761e-008	4.3626e-008	5.0178e-008	5.6161e-008	6.1424e-008	6.6065e-008	6.9821e-008	7.3678e-008	7.6448e-008	7.9273e-008	8.0539e-008	8.2389e-008	8.4629e-008	8.5836e-008	8.6845e-008	8.7832e-008	8.8397e-008	8.872e-008	8.8289e-008	8.7556e-008	8.6724e-008	8.5449e-008	8.4655e-008	8.353e-008	8.3094e-008	8.2146e-008	8.1853e-008	8.09e-008	7.7847e-008	7.5747e-008	7.3192e-008	7.1065e-008	6.9101e-008	6.8518e-008	6.6498e-008	6.3154e-008	6.224e-008	6.0171e-008	5.9516e-008	5.7794e-008	5.6443e-008	5.301e-008	5.1507e-008	4.9496e-008	4.6923e-008	4.4571e-008	4.3636e-008	4.0677e-008	3.9455e-008	3.8058e-008	3.705e-008	3.5619e-008	3.4738e-008	3.1997e-008	2.9462e-008	2.7625e-008	2.6009e-008	2.5655e-008	2.3902e-008	2.1749e-008	2.027e-008	1.8894e-008	1.7426e-008	1.6067e-008	1.52e-008	1.4381e-008	1.3238e-008	1.2755e-008
2.393e-009	2.3153e-009	2.0897e-009	1.8182e-009	2.1717e-009	2.8136e-009	3.1865e-009	2.3944e-009	2.4786e-009	2.9305e-009	3.9909e-009	5.0168e-009	6.1522e-009	8.2944e-009	1.0719e-008	1.3098e-008	1.7206e-008	2.1687e-008	2.6792e-008	3.1071e-008	3.7998e-008	4.3725e-008	4.8185e-008	5.3866e-008	5.7683e-008	6.1763e-008	6.5908e-008	7.0848e-008	7.4772e-008	7.8663e-008	8.193e-008	8.4151e-008	8.5344e-008	8.7182e-008	8.8376e-008	9.0295e-008	9.1266e-008	9.0638e-008	9.0174e-008	9.0399e-008	8.9188e-008	8.6151e-008	8.4322e-008	8.3766e-008	8.269e-008	7.955e-008	7.7219e-008	7.6114e-008	7.5512e-008	7.4983e-008	7.2988e-008	7.0907e-008	6.9229e-008	6.6274e-008	6.445e-008	6.1594e-008	5.9079e-008	5.6713e-008	5.5055e-008	5.3803e-008	5.2443e-008	5.093e-008	4.8616e-008	4.5364e-008	4.311e-008	4.1239e-008	3.924e-008	3.7767e-008	3.3838e-008	3.2354e-008	2.8962e-008	2.7079e-008	2.5289e-008	2.3768e-008	2.1827e-008	1.9774e-008	1.7655e-008	1.5415e-008	1.3212e-008	1.1925e-008	1.0414e-008	9.9528e-009	8.0743e-009	6.7925e-009	6.6383e-009	6.7895e-009	6.5186e-009	6.4939e-009	6.4904e-009	6.2541e-009	6.9091e-009	6.835e-009	6.9277e-009	7.856e-009	8.4634e-009	9.7603e-009	1.163e-008	1.4241e-008	1.6146e-008	1.8754e-008	2.1717e-008	2.4617e-008	2.8074e-008	3.1718e-008	3.6257e-008	4.0932e-008	4.6438e-008	5.2234e-008	5.9382e-008	6.4909e-008	6.9079e-008	7.4882e-008	7.7281e-008	7.9628e-008	8.1663e-008	8.4168e-008	8.5853e-008	8.7589e-008	8.9062e-008	8.9628e-008	8.9536e-008	9.0593e-008	9.0141e-008	8.8765e-008	8.9193e-008	8.8222e-008	8.647e-008	8.4916e-008	8.4488e-008	8.4112e-008	8.3411e-008	8.1604e-008	7.8065e-008	7.6476e-008	7.3797e-008	7.0339e-008	6.8282e-008	6.6834e-008	6.5632e-008	6.3494e-008	6.138e-008	5.9653e-008	5.804e-008	5.4935e-008	5.2883e-008	5.1917e-008	5.0677e-008	4.7593e-008	4.5857e-008	4.4058e-008	4.2101e-008	4.0235e-008	3.7647e-008	3.4194e-008	3.1967e-008	2.9738e-008	2.7731e-008	2.5688e-008	2.3553e-008	2.1121e-008	1.8914e-008	1.6928e-008	1.494e-008	1.2898e-008	1.2002e-008	9.2251e-009	7.6418e-009	5.5884e-009	5.043e-009	4.5512e-009	3.7665e-009	3.5322e-009	3.2504e-009	2.9617e-009	3.1808e-009	2.64e-009	2.4618e-009	2.3108e-009	2.2749e-009	3.1796e-009	3.8258e-009	3.6246e-009	3.6226e-009	4.7502e-009	6.6584e-009	9.3739e-009	1.3144e-008	1.745e-008	2.1665e-008	2.7322e-008	3.811e-008	4.6465e-008	5.3044e-008	5.9183e-008	6.3768e-008	6.9097e-008	7.3891e-008	7.7237e-008	8.1079e-008	8.4787e-008	8.7886e-008	9.0848e-008	9.2443e-008	9.2156e-008	9.2735e-008	9.3111e-008	9.3121e-008	9.3839e-008	9.4014e-008	9.3367e-008	9.1549e-008	8.9905e-008	8.8728e-008	8.7272e-008	8.5178e-008	8.3105e-008	8.0884e-008	7.8855e-008	7.5888e-008	7.3945e-008	7.2394e-008	7.0499e-008	6.8366e-008	6.727e-008	6.5615e-008	6.4914e-008	6.2089e-008	5.9282e-008	5.7215e-008	5.4356e-008	5.1332e-008	4.7836e-008	4.6368e-008	4.4336e-008	4.25e-008	4.0814e-008	3.9379e-008	3.8274e-008	3.5761e-008	3.2868e-008	3.0433e-008	2.9285e-008	2.8039e-008	2.7219e-008	2.5954e-008	2.3842e-008	2.2725e-008	2.1011e-008	2.0316e-008	1.9545e-008	1.8734e-008	1.7747e-008	1.6235e-008	1.5395e-008	1.4564e-008	1.392e-008	1.2998e-008	1.2295e-008	1.1465e-008	1.1468e-008	1.1823e-008	1.2256e-008	1.2095e-008	1.342e-008	1.3905e-008	1.4229e-008	1.4679e-008	1.6088e-008	1.8188e-008	2.063e-008	2.2665e-008	2.4225e-008	2.8668e-008	3.3296e-008	3.9155e-008	4.3536e-008	5.1536e-008	5.6554e-008	6.0288e-008	6.3844e-008	6.8565e-008	7.2365e-008	7.5339e-008	7.8957e-008	8.224e-008	8.6231e-008	8.9191e-008	9.0472e-008	9.1529e-008	9.2266e-008	9.273e-008	9.3468e-008	9.3102e-008	9.2613e-008	9.142e-008	9.0009e-008	8.9326e-008	8.8778e-008	8.6163e-008	8.4931e-008	8.3799e-008	8.1286e-008	7.8352e-008	7.6302e-008	7.3514e-008	7.087e-008	6.9864e-008	6.8922e-008	6.7439e-008	6.4754e-008	6.1532e-008	5.9912e-008	5.9398e-008	5.7984e-008	5.4289e-008	5.2191e-008	5.1636e-008	4.9412e-008	4.7572e-008	4.5095e-008	4.3399e-008	4.0744e-008	3.8631e-008	3.6524e-008	3.5054e-008	3.3811e-008	3.2031e-008	3.105e-008	2.9199e-008	2.8274e-008	2.7387e-008	2.5771e-008	2.3433e-008	2.2191e-008	2.1125e-008	1.9154e-008	1.7835e-008	1.637e-008	1.6065e-008	1.5254e-008	1.4951e-008	1.3971e-008	1.2991e-008	1.304e-008	1.2768e-008	1.2422e-008	1.2033e-008	1.1791e-008	1.2623e-008	1.3342e-008	1.3041e-008	1.3913e-008	1.526e-008	1.7223e-008	1.906e-008	2.0994e-008	2.4192e-008	2.7656e-008	3.2004e-008	3.5774e-008	4.0951e-008	4.745e-008	5.1316e-008	5.6669e-008	6.3704e-008	7.065e-008	7.5874e-008	8.1589e-008	8.5538e-008	8.7642e-008	8.8863e-008	8.9904e-008	9.1208e-008	9.2616e-008	9.3028e-008	9.3163e-008	9.3704e-008	9.2986e-008	9.1357e-008	9.0729e-008	9.0433e-008	8.9817e-008	8.8042e-008	8.3758e-008	8.1352e-008	7.9919e-008	7.9509e-008	7.9553e-008	7.9797e-008	7.6368e-008	7.4432e-008	7.2535e-008	7.1381e-008	6.8778e-008	6.7093e-008	6.5404e-008	6.3209e-008	6.0874e-008	5.9137e-008	5.7109e-008	5.5521e-008	5.4455e-008	5.1625e-008	4.877e-008	4.6922e-008	4.4932e-008	4.359e-008	4.1743e-008	3.9485e-008	3.6559e-008	3.3724e-008	3.1741e-008	3.0315e-008	2.9033e-008	2.7853e-008	2.5973e-008	2.2696e-008	2.1502e-008	2.0302e-008	1.8701e-008	1.7928e-008	1.6931e-008	1.567e-008	1.4486e-008	1.3504e-008	1.3075e-008	1.2222e-008	1.163e-008	1.1012e-008	1.0641e-008	1.1052e-008	1.1458e-008	1.2042e-008	1.2515e-008	1.3562e-008	1.462e-008	1.6123e-008	1.7681e-008	1.9867e-008	2.1647e-008	2.438e-008	2.7644e-008	3.1434e-008	3.4515e-008	3.893e-008	4.3182e-008	4.892e-008	5.5941e-008	6.064e-008	6.6246e-008	6.967e-008	7.3915e-008	7.7417e-008	7.9425e-008	8.1097e-008	8.2448e-008	8.4797e-008	8.6234e-008	8.7543e-008	8.8483e-008	8.8672e-008	8.8865e-008	8.8694e-008	8.7586e-008	8.5867e-008	8.4336e-008	8.3893e-008	8.3342e-008	8.2748e-008	8.2144e-008	8.1798e-008	8.0427e-008	7.8646e-008	7.5652e-008	7.4052e-008	7.0986e-008	6.9299e-008	6.8424e-008	6.7985e-008	6.44e-008	6.2354e-008	6.072e-008	5.927e-008	5.7658e-008	5.6236e-008	5.3733e-008	5.0632e-008	4.9633e-008	4.6778e-008	4.507e-008	4.3466e-008	4.0809e-008	3.9861e-008	3.9104e-008	3.7317e-008	3.5689e-008	3.4951e-008	3.2186e-008	2.9621e-008	2.8048e-008	2.6388e-008	2.5403e-008	2.3814e-008	2.2031e-008	2.0385e-008	1.8718e-008	1.785e-008	1.6531e-008	1.5346e-008	1.4134e-008	1.332e-008	1.1854e-008
2.7031e-009	2.596e-009	2.2698e-009	2.2579e-009	2.7437e-009	3.0424e-009	2.8457e-009	2.2208e-009	2.2444e-009	3.0555e-009	4.1602e-009	5.147e-009	6.5691e-009	8.484e-009	1.1056e-008	1.3599e-008	1.7031e-008	2.1782e-008	2.5588e-008	3.1061e-008	3.7951e-008	4.4056e-008	4.8736e-008	5.3303e-008	5.6963e-008	6.0621e-008	6.4927e-008	7.0939e-008	7.4856e-008	7.8733e-008	8.2272e-008	8.429e-008	8.5974e-008	8.7041e-008	8.833e-008	8.9886e-008	9.0858e-008	9.0739e-008	9.0513e-008	9.0184e-008	8.9015e-008	8.6585e-008	8.4706e-008	8.2998e-008	8.2176e-008	7.9689e-008	7.7586e-008	7.5768e-008	7.4831e-008	7.4573e-008	7.2602e-008	7.0903e-008	6.8911e-008	6.5583e-008	6.411e-008	6.1923e-008	5.9571e-008	5.6618e-008	5.5482e-008	5.4653e-008	5.343e-008	5.1168e-008	4.9493e-008	4.5082e-008	4.3993e-008	4.2071e-008	4.0311e-008	3.9141e-008	3.4955e-008	3.1655e-008	2.9176e-008	2.7092e-008	2.6037e-008	2.4042e-008	2.15e-008	2.0079e-008	1.8175e-008	1.6327e-008	1.4075e-008	1.2783e-008	1.1146e-008	1.019e-008	9.0774e-009	7.9748e-009	7.5331e-009	7.4081e-009	7.1453e-009	6.993e-009	7.2893e-009	7.5324e-009	7.4332e-009	7.4845e-009	7.8154e-009	8.7813e-009	9.4669e-009	1.1147e-008	1.2241e-008	1.488e-008	1.6489e-008	1.8692e-008	2.2074e-008	2.4918e-008	2.9141e-008	3.217e-008	3.6689e-008	4.0124e-008	4.6205e-008	5.2321e-008	5.9205e-008	6.3766e-008	6.8526e-008	7.3911e-008	7.6612e-008	7.8838e-008	8.1512e-008	8.385e-008	8.5573e-008	8.7601e-008	8.8193e-008	8.8721e-008	8.8825e-008	8.9845e-008	9.0269e-008	8.8737e-008	8.8107e-008	8.6475e-008	8.5235e-008	8.5114e-008	8.4631e-008	8.3955e-008	8.2797e-008	8.059e-008	7.7309e-008	7.5767e-008	7.3377e-008	7.1168e-008	6.8518e-008	6.6764e-008	6.5374e-008	6.3796e-008	6.1317e-008	5.9722e-008	5.8487e-008	5.4729e-008	5.2755e-008	5.1672e-008	4.9809e-008	4.7678e-008	4.5867e-008	4.3823e-008	4.2101e-008	4.0307e-008	3.725e-008	3.5523e-008	3.2489e-008	3.0172e-008	2.8408e-008	2.6429e-008	2.4037e-008	2.1303e-008	1.8984e-008	1.7366e-008	1.5936e-008	1.3378e-008	1.2435e-008	1.0437e-008	9.0107e-009	7.2327e-009	5.5266e-009	4.3479e-009	3.9891e-009	3.8297e-009	3.6571e-009	3.2805e-009	3.2405e-009	2.7925e-009	2.3202e-009	2.6626e-009	2.7946e-009	3.1016e-009	3.7601e-009	3.7311e-009	3.9556e-009	5.226e-009	6.7987e-009	9.4886e-009	1.3429e-008	1.7013e-008	2.1331e-008	2.7792e-008	3.795e-008	4.5563e-008	5.2463e-008	5.9153e-008	6.3374e-008	6.8866e-008	7.3395e-008	7.687e-008	8.1347e-008	8.4666e-008	8.8321e-008	8.9345e-008	9.0822e-008	9.1594e-008	9.2768e-008	9.3602e-008	9.3471e-008	9.4143e-008	9.3889e-008	9.2667e-008	9.1571e-008	9.0236e-008	8.8379e-008	8.6603e-008	8.4827e-008	8.2308e-008	8.1069e-008	7.8565e-008	7.7532e-008	7.5137e-008	7.2131e-008	6.9877e-008	6.8589e-008	6.7394e-008	6.6272e-008	6.4338e-008	6.2484e-008	5.7983e-008	5.5859e-008	5.3349e-008	5.1238e-008	4.8974e-008	4.5577e-008	4.4187e-008	4.256e-008	4.1305e-008	4.0018e-008	3.6961e-008	3.4586e-008	3.2849e-008	3.147e-008	2.9718e-008	2.8126e-008	2.6657e-008	2.6203e-008	2.3976e-008	2.2753e-008	2.1415e-008	2.0326e-008	1.959e-008	1.8947e-008	1.7512e-008	1.586e-008	1.4953e-008	1.3886e-008	1.3067e-008	1.2401e-008	1.2441e-008	1.1606e-008	1.1624e-008	1.1341e-008	1.1704e-008	1.1686e-008	1.2805e-008	1.3402e-008	1.4012e-008	1.4836e-008	1.6385e-008	1.8349e-008	1.9889e-008	2.1386e-008	2.3902e-008	2.7481e-008	3.1602e-008	3.8175e-008	4.3245e-008	5.1869e-008	5.7272e-008	6.0523e-008	6.4715e-008	6.8538e-008	7.2552e-008	7.6216e-008	7.9767e-008	8.28e-008	8.6297e-008	8.8749e-008	8.9798e-008	9.0956e-008	9.2618e-008	9.4277e-008	9.4331e-008	9.4446e-008	9.3553e-008	9.1475e-008	8.9991e-008	8.8889e-008	8.8045e-008	8.6327e-008	8.4735e-008	8.3227e-008	8.1167e-008	7.8188e-008	7.6361e-008	7.3805e-008	7.1901e-008	6.9307e-008	6.7293e-008	6.4821e-008	6.3105e-008	6.0785e-008	5.9911e-008	5.8911e-008	5.7139e-008	5.4759e-008	5.2174e-008	5.1261e-008	4.9746e-008	4.7542e-008	4.52e-008	4.3293e-008	4.1286e-008	3.9232e-008	3.6281e-008	3.5004e-008	3.3996e-008	3.2277e-008	3.1007e-008	2.8741e-008	2.7868e-008	2.6912e-008	2.5883e-008	2.455e-008	2.2034e-008	2.0971e-008	1.9725e-008	1.8636e-008	1.7357e-008	1.6427e-008	1.4922e-008	1.4488e-008	1.3808e-008	1.2677e-008	1.2596e-008	1.2813e-008	1.2285e-008	1.1728e-008	1.1646e-008	1.2037e-008	1.3148e-008	1.3075e-008	1.3948e-008	1.541e-008	1.6718e-008	1.8914e-008	2.1048e-008	2.3817e-008	2.882e-008	3.2172e-008	3.6291e-008	4.1399e-008	4.7501e-008	5.2336e-008	5.7039e-008	6.2465e-008	6.9692e-008	7.4761e-008	8.0291e-008	8.5331e-008	8.6944e-008	8.8973e-008	9.0134e-008	9.1428e-008	9.2549e-008	9.3116e-008	9.3071e-008	9.2822e-008	9.2307e-008	9.1199e-008	9.0007e-008	8.9616e-008	8.8839e-008	8.5237e-008	8.2614e-008	8.1145e-008	7.9773e-008	7.9873e-008	7.8981e-008	7.8251e-008	7.5727e-008	7.4104e-008	7.231e-008	7.1608e-008	7.0573e-008	6.6292e-008	6.5171e-008	6.3316e-008	6.1483e-008	5.9581e-008	5.8489e-008	5.6265e-008	5.39e-008	5.1365e-008	4.8545e-008	4.7388e-008	4.5034e-008	4.3266e-008	4.1249e-008	3.8407e-008	3.687e-008	3.4369e-008	3.1843e-008	3.0494e-008	2.9043e-008	2.763e-008	2.4988e-008	2.3139e-008	2.172e-008	2.117e-008	1.9622e-008	1.8225e-008	1.7346e-008	1.5835e-008	1.4498e-008	1.3569e-008	1.3347e-008	1.3156e-008	1.1893e-008	1.1599e-008	1.0764e-008	1.1808e-008	1.1749e-008	1.1943e-008	1.2929e-008	1.386e-008	1.4449e-008	1.626e-008	1.8404e-008	2.0576e-008	2.1847e-008	2.4031e-008	2.7473e-008	3.0754e-008	3.4426e-008	3.8033e-008	4.1985e-008	4.7872e-008	5.4852e-008	6.098e-008	6.5202e-008	6.9956e-008	7.3934e-008	7.7354e-008	8.0198e-008	8.1868e-008	8.2445e-008	8.5097e-008	8.6276e-008	8.7294e-008	8.8085e-008	8.7868e-008	8.8498e-008	8.8259e-008	8.6791e-008	8.4626e-008	8.3078e-008	8.2978e-008	8.2656e-008	8.158e-008	8.1328e-008	8.1008e-008	7.9338e-008	7.8122e-008	7.6727e-008	7.4184e-008	7.1363e-008	6.8339e-008	6.7385e-008	6.6387e-008	6.4744e-008	6.1766e-008	6.1023e-008	5.9427e-008	5.7627e-008	5.5795e-008	5.3407e-008	5.0636e-008	4.968e-008	4.7377e-008	4.4638e-008	4.2676e-008	4.0762e-008	3.9669e-008	3.8518e-008	3.6715e-008	3.5376e-008	3.3853e-008	3.2087e-008	3.107e-008	2.8986e-008	2.6591e-008	2.6174e-008	2.4659e-008	2.3017e-008	2.0104e-008	1.8811e-008	1.7755e-008	1.6595e-008	1.5212e-008	1.4301e-008	1.3029e-008	1.1927e-008
2.8646e-009	2.6012e-009	2.4083e-009	2.4864e-009	2.6484e-009	2.2808e-009	1.452e-009	1.7588e-009	2.1751e-009	2.9052e-009	3.8166e-009	4.7112e-009	5.9352e-009	7.7926e-009	1.0409e-008	1.3593e-008	1.7255e-008	2.113e-008	2.6238e-008	3.1865e-008	3.8314e-008	4.4327e-008	4.808e-008	5.3573e-008	5.616e-008	6.1072e-008	6.5919e-008	7.1056e-008	7.4779e-008	7.8882e-008	8.1685e-008	8.3886e-008	8.608e-008	8.6668e-008	8.7482e-008	8.8656e-008	8.9737e-008	9.007e-008	9.0309e-008	8.9908e-008	8.7487e-008	8.5594e-008	8.4378e-008	8.2907e-008	8.1711e-008	8.0113e-008	7.7217e-008	7.5311e-008	7.3402e-008	7.2682e-008	7.1263e-008	6.991e-008	6.8043e-008	6.5517e-008	6.3815e-008	6.1837e-008	5.9554e-008	5.6779e-008	5.5663e-008	5.446e-008	5.3225e-008	5.1115e-008	4.811e-008	4.5685e-008	4.4468e-008	4.1792e-008	3.9233e-008	3.8783e-008	3.6099e-008	3.21e-008	3.0096e-008	2.744e-008	2.6196e-008	2.4832e-008	2.112e-008	1.9333e-008	1.74e-008	1.5977e-008	1.4915e-008	1.2833e-008	1.1341e-008	1.0616e-008	9.2039e-009	8.9268e-009	8.4524e-009	7.7702e-009	6.9655e-009	7.0642e-009	7.5389e-009	7.659e-009	7.6353e-009	8.2199e-009	8.4195e-009	9.3044e-009	9.8229e-009	1.1587e-008	1.2846e-008	1.5534e-008	1.652e-008	1.8607e-008	2.1845e-008	2.5256e-008	2.9332e-008	3.3217e-008	3.6936e-008	4.1484e-008	4.6203e-008	5.2596e-008	5.9672e-008	6.3685e-008	6.7698e-008	7.2821e-008	7.6195e-008	7.8922e-008	8.154e-008	8.3711e-008	8.6219e-008	8.8432e-008	8.938e-008	8.8451e-008	8.7906e-008	8.9032e-008	8.9586e-008	8.9009e-008	8.7062e-008	8.6327e-008	8.5094e-008	8.4926e-008	8.466e-008	8.3837e-008	8.2072e-008	7.9428e-008	7.8416e-008	7.5983e-008	7.3057e-008	7.0621e-008	6.863e-008	6.6775e-008	6.5295e-008	6.3658e-008	6.1611e-008	5.9482e-008	5.79e-008	5.5579e-008	5.3002e-008	5.1073e-008	4.9081e-008	4.689e-008	4.5654e-008	4.3321e-008	4.2124e-008	4.0414e-008	3.7149e-008	3.5168e-008	3.2833e-008	3.0458e-008	2.7679e-008	2.6056e-008	2.3969e-008	2.1869e-008	1.9096e-008	1.6981e-008	1.5627e-008	1.3952e-008	1.2839e-008	1.0754e-008	8.7424e-009	7.2326e-009	5.8281e-009	4.6331e-009	4.2515e-009	3.6471e-009	3.4328e-009	2.8898e-009	3.0398e-009	2.738e-009	2.5098e-009	3.0972e-009	3.2788e-009	3.3153e-009	3.7472e-009	3.7703e-009	4.3284e-009	5.2904e-009	6.8066e-009	9.6591e-009	1.3063e-008	1.6566e-008	2.1248e-008	2.8386e-008	3.7414e-008	4.4342e-008	5.2982e-008	5.799e-008	6.3308e-008	6.863e-008	7.2594e-008	7.6898e-008	8.0491e-008	8.4211e-008	8.7556e-008	8.8903e-008	9.0013e-008	9.1334e-008	9.2699e-008	9.4326e-008	9.4065e-008	9.3908e-008	9.3119e-008	9.1468e-008	9.0543e-008	8.9726e-008	8.8008e-008	8.6116e-008	8.4636e-008	8.2385e-008	8.1084e-008	7.9253e-008	7.7586e-008	7.614e-008	7.3934e-008	7.0126e-008	6.8301e-008	6.7289e-008	6.6058e-008	6.4414e-008	6.2598e-008	5.8609e-008	5.5111e-008	5.2597e-008	5.128e-008	4.8979e-008	4.6672e-008	4.3793e-008	4.265e-008	4.1383e-008	3.8774e-008	3.5725e-008	3.3817e-008	3.2876e-008	3.1262e-008	2.9249e-008	2.8078e-008	2.6462e-008	2.5598e-008	2.2998e-008	2.2283e-008	2.1239e-008	2.0035e-008	1.9123e-008	1.8447e-008	1.6481e-008	1.5472e-008	1.4623e-008	1.3365e-008	1.265e-008	1.2071e-008	1.193e-008	1.1137e-008	1.0927e-008	1.123e-008	1.1545e-008	1.1185e-008	1.2016e-008	1.3101e-008	1.3712e-008	1.4478e-008	1.6063e-008	1.8035e-008	1.9785e-008	2.1869e-008	2.4674e-008	2.702e-008	3.1091e-008	3.5676e-008	4.1441e-008	5.0883e-008	5.6744e-008	6.0459e-008	6.3813e-008	6.7912e-008	7.2229e-008	7.663e-008	7.9989e-008	8.3162e-008	8.6033e-008	8.837e-008	8.9404e-008	9.057e-008	9.2786e-008	9.4419e-008	9.4925e-008	9.4386e-008	9.3917e-008	9.1767e-008	8.9774e-008	8.9163e-008	8.7672e-008	8.5616e-008	8.4016e-008	8.1797e-008	8.0147e-008	7.7398e-008	7.6322e-008	7.4179e-008	7.2467e-008	6.8238e-008	6.5472e-008	6.3047e-008	6.2147e-008	6.0242e-008	5.9596e-008	5.8538e-008	5.6125e-008	5.4669e-008	5.2231e-008	5.1018e-008	5.0064e-008	4.7908e-008	4.5306e-008	4.3224e-008	4.12e-008	3.9469e-008	3.6463e-008	3.4469e-008	3.3348e-008	3.1898e-008	3.0641e-008	2.8525e-008	2.7262e-008	2.6749e-008	2.5629e-008	2.4188e-008	2.2272e-008	2.0831e-008	1.9643e-008	1.8977e-008	1.8902e-008	1.6898e-008	1.5063e-008	1.4159e-008	1.3783e-008	1.2726e-008	1.2444e-008	1.238e-008	1.16e-008	1.1319e-008	1.1506e-008	1.166e-008	1.2685e-008	1.2794e-008	1.373e-008	1.5353e-008	1.6719e-008	1.8212e-008	2.1183e-008	2.3892e-008	2.8171e-008	3.2481e-008	3.6028e-008	3.9543e-008	4.7215e-008	5.2229e-008	5.6141e-008	6.266e-008	6.8404e-008	7.2887e-008	7.9045e-008	8.4243e-008	8.713e-008	8.9698e-008	9.1445e-008	9.1952e-008	9.2706e-008	9.3233e-008	9.2887e-008	9.225e-008	9.1005e-008	9.0479e-008	8.9649e-008	8.891e-008	8.8312e-008	8.5227e-008	8.2646e-008	8.116e-008	8.0121e-008	8.003e-008	7.9415e-008	7.7345e-008	7.5361e-008	7.3574e-008	7.1726e-008	7.1184e-008	7.0604e-008	6.807e-008	6.5905e-008	6.3932e-008	6.1897e-008	6.0139e-008	5.9236e-008	5.6529e-008	5.3837e-008	5.1004e-008	4.8587e-008	4.6744e-008	4.5316e-008	4.3396e-008	4.1267e-008	3.9148e-008	3.6531e-008	3.5048e-008	3.2009e-008	3.0598e-008	2.9106e-008	2.6857e-008	2.4789e-008	2.3882e-008	2.2499e-008	2.16e-008	1.9899e-008	1.8302e-008	1.7103e-008	1.5621e-008	1.4882e-008	1.3243e-008	1.3103e-008	1.3103e-008	1.2222e-008	1.1894e-008	1.0881e-008	1.1524e-008	1.1546e-008	1.168e-008	1.3149e-008	1.373e-008	1.438e-008	1.6012e-008	1.8498e-008	1.9569e-008	2.1478e-008	2.3079e-008	2.6007e-008	2.9961e-008	3.3021e-008	3.676e-008	4.1718e-008	4.7148e-008	5.4093e-008	5.861e-008	6.464e-008	6.9508e-008	7.3498e-008	7.7427e-008	8.0452e-008	8.1979e-008	8.2844e-008	8.4737e-008	8.662e-008	8.7614e-008	8.7554e-008	8.7249e-008	8.7637e-008	8.7714e-008	8.6502e-008	8.4568e-008	8.3084e-008	8.2406e-008	8.1903e-008	8.1378e-008	8.1028e-008	8.0051e-008	7.877e-008	7.7591e-008	7.6316e-008	7.3599e-008	7.0329e-008	6.785e-008	6.6744e-008	6.5882e-008	6.5129e-008	6.2853e-008	6.1252e-008	5.9643e-008	5.7687e-008	5.4333e-008	5.253e-008	5.1185e-008	4.9736e-008	4.7036e-008	4.4742e-008	4.2486e-008	4.0764e-008	3.9207e-008	3.7525e-008	3.6236e-008	3.4893e-008	3.3231e-008	3.1503e-008	3.0644e-008	2.9314e-008	2.7507e-008	2.6384e-008	2.4485e-008	2.2703e-008	2.0266e-008	1.8765e-008	1.7486e-008	1.6354e-008	1.5257e-008	1.4142e-008	1.2741e-008	1.2088e-008
3.2849e-009	2.9851e-009	2.7996e-009	2.8635e-009	2.5444e-009	1.4869e-009	1.6182e-009	2.1206e-009	2.1229e-009	2.6098e-009	3.5128e-009	4.4897e-009	5.3746e-009	7.2202e-009	9.6806e-009	1.2848e-008	1.6329e-008	2.0708e-008	2.5064e-008	3.0948e-008	3.897e-008	4.4721e-008	4.9367e-008	5.3575e-008	6.039e-008	6.3615e-008	6.7465e-008	7.12e-008	7.5109e-008	7.8714e-008	8.1065e-008	8.3982e-008	8.5851e-008	8.6403e-008	8.7565e-008	8.8826e-008	9.0074e-008	9.1075e-008	9.1027e-008	9.1269e-008	8.6264e-008	8.5725e-008	8.4793e-008	8.3063e-008	8.1765e-008	8.0173e-008	7.7667e-008	7.4561e-008	7.3371e-008	7.2527e-008	7.1885e-008	7.0673e-008	6.9181e-008	6.5934e-008	6.3269e-008	6.1685e-008	5.9829e-008	5.7138e-008	5.5815e-008	5.3897e-008	5.2432e-008	5.0736e-008	4.8224e-008	4.5956e-008	4.3842e-008	4.149e-008	3.8797e-008	3.7516e-008	3.5879e-008	3.2558e-008	3.0329e-008	2.8441e-008	2.671e-008	2.509e-008	2.2252e-008	1.9949e-008	1.7841e-008	1.64e-008	1.5312e-008	1.3912e-008	1.2244e-008	1.0526e-008	9.5266e-009	9.2283e-009	9.4131e-009	8.371e-009	7.7935e-009	7.0587e-009	7.1622e-009	7.589e-009	8.9238e-009	1.0243e-008	9.4731e-009	1.0219e-008	1.0909e-008	1.141e-008	1.3805e-008	1.5904e-008	1.7775e-008	2.0287e-008	2.2743e-008	2.5661e-008	3.0562e-008	3.4869e-008	3.8727e-008	4.3113e-008	4.7108e-008	5.342e-008	6.0353e-008	6.4315e-008	6.8232e-008	7.1683e-008	7.5909e-008	7.9828e-008	8.1883e-008	8.3896e-008	8.6764e-008	8.922e-008	9.0528e-008	8.9675e-008	8.8523e-008	8.8775e-008	8.9257e-008	8.8696e-008	8.6673e-008	8.6075e-008	8.5057e-008	8.4755e-008	8.3723e-008	8.3036e-008	8.1855e-008	7.9614e-008	7.8516e-008	7.6097e-008	7.4177e-008	7.1111e-008	6.9388e-008	6.653e-008	6.453e-008	6.2146e-008	6.0773e-008	5.9284e-008	5.7593e-008	5.6463e-008	5.4535e-008	5.1805e-008	4.8575e-008	4.7162e-008	4.5595e-008	4.3114e-008	4.2189e-008	3.9513e-008	3.7332e-008	3.5055e-008	3.284e-008	3.0578e-008	2.8288e-008	2.6143e-008	2.4127e-008	2.1849e-008	1.9636e-008	1.7114e-008	1.5452e-008	1.4549e-008	1.2637e-008	1.0627e-008	9.211e-009	7.2345e-009	6.1984e-009	5.3831e-009	4.1469e-009	3.301e-009	2.8171e-009	2.5114e-009	2.5632e-009	2.5221e-009	2.0897e-009	2.5838e-009	3.2688e-009	3.3585e-009	3.426e-009	3.9604e-009	4.8303e-009	5.3146e-009	6.8686e-009	9.7242e-009	1.2955e-008	1.7363e-008	2.2275e-008	2.9258e-008	3.7217e-008	4.5165e-008	5.1611e-008	5.769e-008	6.1844e-008	6.7653e-008	7.2071e-008	7.588e-008	8.0226e-008	8.3397e-008	8.717e-008	8.8666e-008	9.0446e-008	9.2542e-008	9.3262e-008	9.5105e-008	9.5469e-008	9.3762e-008	9.2435e-008	9.0676e-008	8.9937e-008	8.9131e-008	8.7663e-008	8.5766e-008	8.4112e-008	8.2348e-008	8.1174e-008	8.0125e-008	7.8206e-008	7.6038e-008	7.4813e-008	7.1502e-008	6.8533e-008	6.6989e-008	6.5514e-008	6.4298e-008	6.2371e-008	5.9155e-008	5.5814e-008	5.2327e-008	5.1331e-008	4.9241e-008	4.6469e-008	4.4594e-008	4.2657e-008	4.0735e-008	3.7731e-008	3.6272e-008	3.495e-008	3.271e-008	3.0694e-008	2.9185e-008	2.719e-008	2.5718e-008	2.5094e-008	2.3002e-008	2.2136e-008	2.1135e-008	1.9633e-008	1.8861e-008	1.7606e-008	1.6285e-008	1.5278e-008	1.4855e-008	1.2969e-008	1.2321e-008	1.1554e-008	1.0929e-008	1.052e-008	1.0354e-008	1.066e-008	1.0856e-008	1.0895e-008	1.1275e-008	1.285e-008	1.3378e-008	1.3956e-008	1.5249e-008	1.7626e-008	2.0398e-008	2.2715e-008	2.4905e-008	2.7473e-008	3.1285e-008	3.511e-008	4.1934e-008	4.6884e-008	5.5135e-008	5.9717e-008	6.3285e-008	6.7162e-008	7.1257e-008	7.6647e-008	8.0759e-008	8.3728e-008	8.7349e-008	8.8509e-008	8.9177e-008	9.1066e-008	9.2835e-008	9.4374e-008	9.5032e-008	9.4336e-008	9.3836e-008	9.2173e-008	9.0484e-008	9.0013e-008	8.841e-008	8.5095e-008	8.3955e-008	8.2279e-008	7.8943e-008	7.7737e-008	7.6798e-008	7.4706e-008	7.2683e-008	6.8089e-008	6.4834e-008	6.3375e-008	6.3181e-008	6.1808e-008	5.9849e-008	5.8044e-008	5.5638e-008	5.4809e-008	5.2809e-008	5.1186e-008	4.9587e-008	4.8065e-008	4.5469e-008	4.3855e-008	4.1151e-008	3.9028e-008	3.6159e-008	3.4455e-008	3.3112e-008	3.1674e-008	3.0063e-008	2.8361e-008	2.7075e-008	2.6647e-008	2.6652e-008	2.4427e-008	2.2106e-008	2.0714e-008	1.9604e-008	1.9172e-008	1.9265e-008	1.7089e-008	1.5203e-008	1.4218e-008	1.358e-008	1.2728e-008	1.2241e-008	1.2561e-008	1.1573e-008	1.1247e-008	1.1448e-008	1.1395e-008	1.2378e-008	1.2756e-008	1.3829e-008	1.4788e-008	1.6134e-008	1.8023e-008	2.0439e-008	2.3721e-008	2.6442e-008	3.1688e-008	3.5943e-008	4.0321e-008	4.5623e-008	5.1731e-008	5.6626e-008	6.1788e-008	6.8236e-008	7.2642e-008	7.8041e-008	8.2666e-008	8.6557e-008	9.0077e-008	9.1871e-008	9.338e-008	9.3232e-008	9.3665e-008	9.2962e-008	9.1853e-008	9.0963e-008	9.0164e-008	8.9485e-008	8.8118e-008	8.6671e-008	8.4665e-008	8.2536e-008	8.104e-008	8.0568e-008	8.0102e-008	7.8975e-008	7.6723e-008	7.4336e-008	7.2781e-008	7.1217e-008	7.0926e-008	7.0156e-008	6.8275e-008	6.6059e-008	6.4688e-008	6.2694e-008	6.0885e-008	5.9648e-008	5.604e-008	5.3159e-008	5.0904e-008	4.8362e-008	4.6788e-008	4.481e-008	4.3776e-008	4.1714e-008	3.9243e-008	3.6798e-008	3.5019e-008	3.3255e-008	3.1121e-008	2.9916e-008	2.8003e-008	2.5586e-008	2.4112e-008	2.2467e-008	2.1344e-008	2.0311e-008	1.887e-008	1.7723e-008	1.5733e-008	1.446e-008	1.3473e-008	1.2725e-008	1.29e-008	1.233e-008	1.1873e-008	1.1062e-008	1.1235e-008	1.1639e-008	1.2115e-008	1.2987e-008	1.379e-008	1.4663e-008	1.5804e-008	1.7271e-008	1.9386e-008	2.1421e-008	2.3367e-008	2.6296e-008	2.9055e-008	3.2484e-008	3.6977e-008	4.2892e-008	4.8442e-008	5.3931e-008	5.8559e-008	6.4759e-008	6.9672e-008	7.423e-008	7.7985e-008	8.0656e-008	8.2078e-008	8.2792e-008	8.4385e-008	8.6631e-008	8.7388e-008	8.7148e-008	8.7207e-008	8.7201e-008	8.684e-008	8.5887e-008	8.4686e-008	8.3704e-008	8.2677e-008	8.2342e-008	8.1706e-008	8.1164e-008	7.9962e-008	7.8915e-008	7.7677e-008	7.5623e-008	7.2236e-008	6.9742e-008	6.8357e-008	6.743e-008	6.5571e-008	6.52e-008	6.3973e-008	6.1057e-008	5.9461e-008	5.7906e-008	5.473e-008	5.2106e-008	5.1e-008	4.9907e-008	4.6983e-008	4.4407e-008	4.2249e-008	4.0644e-008	3.9565e-008	3.7672e-008	3.5711e-008	3.4514e-008	3.2332e-008	3.1461e-008	3.0687e-008	2.9814e-008	2.8232e-008	2.584e-008	2.391e-008	2.1504e-008	2.0263e-008	1.9049e-008	1.711e-008	1.5662e-008	1.4024e-008	1.2484e-008	1.1639e-008	1.079e-008
2.3009e-009	2.3276e-009	2.4138e-009	2.3753e-009	1.7639e-009	1.2332e-009	1.5329e-009	1.803e-009	2.1255e-009	2.707e-009	3.4515e-009	4.3457e-009	5.5337e-009	7.3327e-009	9.7351e-009	1.2811e-008	1.7885e-008	2.1694e-008	2.576e-008	3.017e-008	3.6956e-008	4.2951e-008	4.8999e-008	5.4146e-008	6.002e-008	6.5517e-008	6.9856e-008	7.2269e-008	7.5194e-008	7.8043e-008	8.0706e-008	8.4228e-008	8.6164e-008	8.6993e-008	8.8105e-008	8.9216e-008	9.0249e-008	9.0803e-008	9.1461e-008	9.1346e-008	8.9333e-008	8.6678e-008	8.5641e-008	8.3443e-008	8.1513e-008	8.0376e-008	7.8373e-008	7.5437e-008	7.3941e-008	7.3493e-008	7.1713e-008	7.0222e-008	6.8223e-008	6.4895e-008	6.2331e-008	6.1083e-008	5.9271e-008	5.7388e-008	5.592e-008	5.415e-008	5.1648e-008	4.9903e-008	4.8041e-008	4.6576e-008	4.5098e-008	4.2607e-008	3.8458e-008	3.7102e-008	3.5839e-008	3.3802e-008	3.1053e-008	2.9636e-008	2.7273e-008	2.5199e-008	2.2334e-008	2.0081e-008	1.8316e-008	1.618e-008	1.5434e-008	1.39e-008	1.2681e-008	1.0968e-008	9.9677e-009	9.5673e-009	9.3937e-009	8.9523e-009	8.1736e-009	7.6741e-009	6.9482e-009	7.538e-009	9.0193e-009	1.0384e-008	9.7968e-009	1.0012e-008	1.099e-008	1.2317e-008	1.4689e-008	1.6557e-008	1.8493e-008	2.1058e-008	2.3015e-008	2.5973e-008	3.0217e-008	3.5133e-008	3.9491e-008	4.283e-008	4.7555e-008	5.5007e-008	6.1642e-008	6.5701e-008	6.9388e-008	7.2944e-008	7.748e-008	8.0944e-008	8.3033e-008	8.4921e-008	8.6915e-008	8.9535e-008	9.0487e-008	8.9601e-008	8.8588e-008	8.818e-008	8.781e-008	8.6772e-008	8.5902e-008	8.5912e-008	8.4974e-008	8.4379e-008	8.3082e-008	8.2048e-008	8.0206e-008	7.8511e-008	7.7364e-008	7.5851e-008	7.3852e-008	7.1527e-008	6.951e-008	6.6781e-008	6.3875e-008	6.2079e-008	6.0594e-008	5.9521e-008	5.8205e-008	5.6369e-008	5.4644e-008	5.2211e-008	4.943e-008	4.8081e-008	4.6562e-008	4.2698e-008	4.197e-008	3.932e-008	3.7129e-008	3.4704e-008	3.2849e-008	3.1179e-008	2.8712e-008	2.6514e-008	2.4196e-008	2.2349e-008	2.0433e-008	1.8767e-008	1.5717e-008	1.4134e-008	1.2256e-008	1.0807e-008	8.9798e-009	7.3134e-009	5.9564e-009	5.1709e-009	4.1139e-009	3.2963e-009	2.6943e-009	2.4383e-009	2.0853e-009	2.1744e-009	2.0963e-009	2.1982e-009	2.3537e-009	3.122e-009	3.1519e-009	3.6937e-009	4.6168e-009	5.3361e-009	7.2431e-009	9.8771e-009	1.3976e-008	1.7893e-008	2.2466e-008	3.0157e-008	3.699e-008	4.4328e-008	5.1673e-008	5.67e-008	6.1661e-008	6.6474e-008	7.2766e-008	7.6037e-008	7.9513e-008	8.3714e-008	8.6721e-008	8.9425e-008	9.231e-008	9.2802e-008	9.3378e-008	9.4714e-008	9.6107e-008	9.4294e-008	9.2295e-008	9.0862e-008	8.9933e-008	8.8617e-008	8.7397e-008	8.5819e-008	8.4205e-008	8.1955e-008	8.0749e-008	7.9975e-008	7.8179e-008	7.6396e-008	7.4432e-008	7.1669e-008	6.8334e-008	6.6591e-008	6.5112e-008	6.2446e-008	6.0659e-008	5.8121e-008	5.6107e-008	5.3966e-008	5.1465e-008	4.9487e-008	4.6162e-008	4.4657e-008	4.215e-008	3.9978e-008	3.726e-008	3.6205e-008	3.5064e-008	3.2434e-008	3.0827e-008	2.8887e-008	2.6989e-008	2.5733e-008	2.4383e-008	2.2646e-008	2.1863e-008	2.0837e-008	1.8729e-008	1.7825e-008	1.7106e-008	1.5779e-008	1.4748e-008	1.4019e-008	1.2343e-008	1.1289e-008	1.0886e-008	1.003e-008	9.6852e-009	9.596e-009	1e-008	1.013e-008	1.0319e-008	1.0614e-008	1.193e-008	1.2595e-008	1.3576e-008	1.4625e-008	1.6472e-008	1.9617e-008	2.2301e-008	2.4812e-008	2.7747e-008	3.0917e-008	3.4994e-008	4.1463e-008	4.7756e-008	5.3908e-008	5.8812e-008	6.2188e-008	6.6906e-008	7.1529e-008	7.5931e-008	7.9675e-008	8.3164e-008	8.7045e-008	8.9646e-008	8.9576e-008	9.0528e-008	9.2099e-008	9.4221e-008	9.4332e-008	9.3784e-008	9.2815e-008	9.2416e-008	9.0657e-008	8.9614e-008	8.7732e-008	8.4564e-008	8.3292e-008	8.0907e-008	7.9056e-008	7.7919e-008	7.6484e-008	7.4502e-008	7.1101e-008	6.6886e-008	6.4854e-008	6.3816e-008	6.3087e-008	6.1695e-008	5.935e-008	5.7564e-008	5.5358e-008	5.4124e-008	5.2983e-008	5.0684e-008	4.9332e-008	4.7396e-008	4.5233e-008	4.3314e-008	4.1086e-008	3.8908e-008	3.5802e-008	3.3974e-008	3.2485e-008	3.1426e-008	2.9765e-008	2.7828e-008	2.7018e-008	2.6323e-008	2.5865e-008	2.4075e-008	2.1966e-008	2.0482e-008	1.9472e-008	1.8385e-008	1.8667e-008	1.7254e-008	1.5766e-008	1.4196e-008	1.3642e-008	1.294e-008	1.2381e-008	1.1886e-008	1.1668e-008	1.1389e-008	1.115e-008	1.1224e-008	1.1687e-008	1.2056e-008	1.338e-008	1.4355e-008	1.5559e-008	1.7295e-008	1.9898e-008	2.3667e-008	2.6881e-008	3.044e-008	3.4684e-008	3.9882e-008	4.6313e-008	5.1622e-008	5.6164e-008	6.2408e-008	6.7128e-008	7.1787e-008	7.6648e-008	8.1203e-008	8.5841e-008	8.9695e-008	9.1527e-008	9.3005e-008	9.302e-008	9.3375e-008	9.2649e-008	9.2157e-008	9.0734e-008	9.0029e-008	8.9066e-008	8.7855e-008	8.6073e-008	8.4751e-008	8.278e-008	8.0942e-008	8.0433e-008	8.0156e-008	7.827e-008	7.5954e-008	7.3707e-008	7.1873e-008	7.0703e-008	7.033e-008	6.9512e-008	6.8124e-008	6.6087e-008	6.4527e-008	6.3223e-008	6.0588e-008	5.8943e-008	5.5775e-008	5.3189e-008	5.1983e-008	5.0249e-008	4.6643e-008	4.4735e-008	4.3447e-008	4.1967e-008	3.9497e-008	3.7668e-008	3.5694e-008	3.393e-008	3.2385e-008	3.0224e-008	2.7699e-008	2.5886e-008	2.4329e-008	2.339e-008	2.2569e-008	2.0164e-008	1.8813e-008	1.7843e-008	1.5856e-008	1.4679e-008	1.3786e-008	1.3579e-008	1.2867e-008	1.2427e-008	1.1751e-008	1.1337e-008	1.139e-008	1.1765e-008	1.2438e-008	1.324e-008	1.3954e-008	1.4933e-008	1.6129e-008	1.7641e-008	1.9635e-008	2.1701e-008	2.3965e-008	2.6314e-008	2.9602e-008	3.3385e-008	3.834e-008	4.4166e-008	4.8837e-008	5.4264e-008	5.9059e-008	6.3626e-008	6.9527e-008	7.4405e-008	7.8442e-008	8.0009e-008	8.2008e-008	8.3191e-008	8.4227e-008	8.581e-008	8.7078e-008	8.7034e-008	8.7017e-008	8.6999e-008	8.7011e-008	8.6123e-008	8.5197e-008	8.4587e-008	8.3113e-008	8.2387e-008	8.2217e-008	8.1941e-008	8.0725e-008	7.8794e-008	7.712e-008	7.4135e-008	7.1714e-008	6.949e-008	6.8447e-008	6.7821e-008	6.5993e-008	6.4918e-008	6.3152e-008	6.0367e-008	5.8816e-008	5.7306e-008	5.4195e-008	5.2441e-008	5.0649e-008	4.985e-008	4.8045e-008	4.4571e-008	4.2795e-008	4.1026e-008	4.0193e-008	3.9401e-008	3.6606e-008	3.4244e-008	3.221e-008	3.1562e-008	3.018e-008	2.9298e-008	2.794e-008	2.593e-008	2.2828e-008	2.1549e-008	2.053e-008	1.8362e-008	1.6738e-008	1.4687e-008	1.3521e-008	1.1674e-008	1.0867e-008	1.0038e-008
2.4692e-009	2.266e-009	2.4788e-009	2.2863e-009	1.8612e-009	1.8745e-009	2.004e-009	2.0595e-009	2.4536e-009	2.7094e-009	3.7326e-009	4.0922e-009	5.6778e-009	8.0542e-009	1.0996e-008	1.3656e-008	1.7818e-008	2.2178e-008	2.6234e-008	3.0677e-008	3.5799e-008	4.3349e-008	4.8457e-008	5.4068e-008	6.0972e-008	6.6918e-008	7.1407e-008	7.4931e-008	7.8432e-008	8.0425e-008	8.0977e-008	8.4426e-008	8.6585e-008	8.7772e-008	8.8464e-008	8.9219e-008	9.0813e-008	9.124e-008	9.1436e-008	9.1455e-008	8.98e-008	8.7999e-008	8.6169e-008	8.4033e-008	8.1351e-008	8.0081e-008	7.776e-008	7.582e-008	7.4516e-008	7.3696e-008	7.2772e-008	6.9739e-008	6.7433e-008	6.4572e-008	6.2214e-008	6.0836e-008	5.9998e-008	5.7447e-008	5.5572e-008	5.4081e-008	5.2426e-008	4.9245e-008	4.7686e-008	4.6112e-008	4.4546e-008	4.242e-008	3.9583e-008	3.7825e-008	3.6396e-008	3.5204e-008	3.1092e-008	2.9565e-008	2.69e-008	2.5063e-008	2.3247e-008	2.0973e-008	1.9958e-008	1.7165e-008	1.6496e-008	1.4204e-008	1.306e-008	1.1081e-008	9.8717e-009	9.904e-009	9.9765e-009	9.5091e-009	8.8333e-009	8.3134e-009	6.9998e-009	7.0729e-009	8.2162e-009	9.7387e-009	1.006e-008	1.0224e-008	1.1387e-008	1.2559e-008	1.528e-008	1.6959e-008	1.8009e-008	2.1249e-008	2.3612e-008	2.6219e-008	2.9344e-008	3.4668e-008	3.9567e-008	4.2908e-008	4.665e-008	5.378e-008	6.19e-008	6.6682e-008	6.9902e-008	7.3798e-008	7.821e-008	8.1811e-008	8.4267e-008	8.5791e-008	8.7585e-008	8.9186e-008	9.0258e-008	8.9966e-008	8.8567e-008	8.8063e-008	8.7144e-008	8.6412e-008	8.6509e-008	8.6473e-008	8.5914e-008	8.4732e-008	8.3594e-008	8.1547e-008	7.867e-008	7.7153e-008	7.5452e-008	7.4817e-008	7.3054e-008	7.1336e-008	6.9419e-008	6.7637e-008	6.5111e-008	6.3144e-008	6.1005e-008	5.9663e-008	5.899e-008	5.6537e-008	5.4972e-008	5.1812e-008	4.9759e-008	4.8716e-008	4.6905e-008	4.3281e-008	4.2095e-008	4.0095e-008	3.8525e-008	3.5019e-008	3.3129e-008	3.1301e-008	2.893e-008	2.6372e-008	2.5187e-008	2.3082e-008	2.1329e-008	1.8864e-008	1.5988e-008	1.378e-008	1.2584e-008	1.105e-008	9.2474e-009	7.7514e-009	7.0744e-009	5.0912e-009	4.3363e-009	3.2313e-009	2.7326e-009	2.6489e-009	2.8382e-009	3.2399e-009	2.7566e-009	2.5086e-009	2.8276e-009	2.8707e-009	2.854e-009	3.6197e-009	4.9521e-009	5.826e-009	7.782e-009	1.0761e-008	1.5047e-008	1.8384e-008	2.2891e-008	3.0995e-008	3.6492e-008	4.4472e-008	5.1056e-008	5.7423e-008	6.2844e-008	6.7672e-008	7.2089e-008	7.5853e-008	7.9397e-008	8.4011e-008	8.6807e-008	8.969e-008	9.2906e-008	9.3679e-008	9.4213e-008	9.4763e-008	9.5398e-008	9.4078e-008	9.2626e-008	9.1448e-008	9.0687e-008	8.8943e-008	8.8451e-008	8.6917e-008	8.4817e-008	8.207e-008	8.0702e-008	7.9493e-008	7.7656e-008	7.5647e-008	7.4326e-008	7.2517e-008	6.8608e-008	6.7101e-008	6.4807e-008	6.1858e-008	5.9712e-008	5.7642e-008	5.6006e-008	5.5008e-008	5.2257e-008	4.9258e-008	4.6445e-008	4.437e-008	4.2558e-008	3.8976e-008	3.754e-008	3.6294e-008	3.4658e-008	3.2596e-008	3.069e-008	2.9323e-008	2.683e-008	2.5272e-008	2.3764e-008	2.2168e-008	2.1757e-008	2.0238e-008	1.8005e-008	1.679e-008	1.6162e-008	1.5615e-008	1.436e-008	1.2704e-008	1.0989e-008	1.0664e-008	1.039e-008	9.209e-009	8.9537e-009	8.7019e-009	8.8066e-009	8.5734e-009	9.1148e-009	9.5831e-009	1.0331e-008	1.1464e-008	1.3041e-008	1.4745e-008	1.6102e-008	1.7845e-008	2.086e-008	2.3911e-008	2.73e-008	3.0106e-008	3.5549e-008	4.1953e-008	4.8195e-008	5.378e-008	5.9086e-008	6.3231e-008	6.6671e-008	7.1722e-008	7.5907e-008	7.9013e-008	8.3052e-008	8.7302e-008	8.9363e-008	8.9454e-008	8.9849e-008	9.1437e-008	9.3395e-008	9.3972e-008	9.3875e-008	9.3641e-008	9.2743e-008	9.1259e-008	8.8525e-008	8.6309e-008	8.4818e-008	8.2719e-008	7.9579e-008	7.8797e-008	7.8293e-008	7.7102e-008	7.4015e-008	7.0036e-008	6.8335e-008	6.6351e-008	6.4081e-008	6.2572e-008	6.0983e-008	5.927e-008	5.7663e-008	5.577e-008	5.3899e-008	5.1868e-008	5.0102e-008	4.9042e-008	4.6965e-008	4.4702e-008	4.2502e-008	4.0598e-008	3.8226e-008	3.6291e-008	3.4196e-008	3.1939e-008	3.0874e-008	3.0142e-008	2.8262e-008	2.7191e-008	2.659e-008	2.5817e-008	2.4672e-008	2.2305e-008	2.0711e-008	1.9083e-008	1.8226e-008	1.8307e-008	1.7983e-008	1.516e-008	1.4198e-008	1.3567e-008	1.3513e-008	1.241e-008	1.1853e-008	1.1263e-008	1.0707e-008	1.052e-008	1.1095e-008	1.1411e-008	1.2109e-008	1.3555e-008	1.4077e-008	1.4667e-008	1.7258e-008	2.0377e-008	2.3807e-008	2.7124e-008	3.0705e-008	3.4698e-008	4.0114e-008	4.6295e-008	5.1947e-008	5.7187e-008	6.3265e-008	6.8126e-008	7.2362e-008	7.6049e-008	8.0182e-008	8.4293e-008	8.8293e-008	9.0177e-008	9.1259e-008	9.2024e-008	9.244e-008	9.2626e-008	9.239e-008	9.0948e-008	8.9871e-008	8.9372e-008	8.7601e-008	8.6234e-008	8.4531e-008	8.2933e-008	8.0982e-008	8.0617e-008	8.0199e-008	7.8229e-008	7.5669e-008	7.2994e-008	7.1733e-008	7.0546e-008	6.9956e-008	6.914e-008	6.7197e-008	6.6299e-008	6.3873e-008	6.2069e-008	6.0144e-008	5.8194e-008	5.4858e-008	5.3146e-008	5.233e-008	5.067e-008	4.8596e-008	4.4411e-008	4.2936e-008	4.0295e-008	3.8091e-008	3.7313e-008	3.6674e-008	3.3652e-008	3.2353e-008	3.0729e-008	2.8865e-008	2.5357e-008	2.4168e-008	2.2948e-008	2.2345e-008	2.0877e-008	1.8806e-008	1.7364e-008	1.5826e-008	1.4969e-008	1.4338e-008	1.3183e-008	1.2517e-008	1.2056e-008	1.1981e-008	1.16e-008	1.1852e-008	1.1692e-008	1.1979e-008	1.3291e-008	1.3881e-008	1.4961e-008	1.6369e-008	1.7965e-008	2.0271e-008	2.1897e-008	2.4083e-008	2.6379e-008	2.9593e-008	3.383e-008	3.8514e-008	4.3984e-008	4.9428e-008	5.4727e-008	5.9973e-008	6.3948e-008	6.8154e-008	7.4395e-008	7.733e-008	8.0058e-008	8.1769e-008	8.2916e-008	8.3894e-008	8.5251e-008	8.6076e-008	8.6708e-008	8.7084e-008	8.7713e-008	8.6926e-008	8.6026e-008	8.5279e-008	8.4244e-008	8.3404e-008	8.2927e-008	8.223e-008	8.1927e-008	8.0668e-008	7.7758e-008	7.5019e-008	7.3288e-008	7.0888e-008	6.9575e-008	6.8126e-008	6.7516e-008	6.6528e-008	6.4432e-008	6.164e-008	5.853e-008	5.731e-008	5.5652e-008	5.3654e-008	5.2364e-008	5.0636e-008	4.9328e-008	4.749e-008	4.4624e-008	4.2338e-008	4.1031e-008	4.0645e-008	3.9064e-008	3.6742e-008	3.4204e-008	3.212e-008	3.1018e-008	2.9439e-008	2.8122e-008	2.676e-008	2.4091e-008	2.2089e-008	2.0475e-008	1.9514e-008	1.7182e-008	1.5406e-008	1.3869e-008	1.2779e-008	1.1125e-008	1.0604e-008	8.9465e-009
1.9632e-009	1.5874e-009	1.8529e-009	1.9609e-009	2.4013e-009	2.3292e-009	2.0376e-009	2.1735e-009	1.6214e-009	1.9263e-009	2.9322e-009	3.5487e-009	5.5229e-009	8.2098e-009	1.1228e-008	1.3476e-008	1.7381e-008	2.2339e-008	2.6739e-008	3.099e-008	3.6179e-008	4.3111e-008	4.8039e-008	5.3295e-008	6.0826e-008	6.704e-008	7.1833e-008	7.5095e-008	7.8689e-008	8.117e-008	8.1661e-008	8.453e-008	8.6633e-008	8.7724e-008	8.8001e-008	8.9154e-008	9.037e-008	9.0794e-008	9.1006e-008	9.0952e-008	8.9407e-008	8.8214e-008	8.7299e-008	8.321e-008	8.1356e-008	7.9547e-008	7.7595e-008	7.5516e-008	7.4103e-008	7.3023e-008	7.1847e-008	6.9892e-008	6.6997e-008	6.4366e-008	6.2019e-008	6.09e-008	5.8973e-008	5.7361e-008	5.5845e-008	5.4487e-008	5.1775e-008	4.9254e-008	4.7059e-008	4.5494e-008	4.3517e-008	4.1607e-008	4e-008	3.7408e-008	3.563e-008	3.436e-008	3.0881e-008	2.8918e-008	2.5726e-008	2.4303e-008	2.2791e-008	2.1028e-008	1.8985e-008	1.7445e-008	1.5748e-008	1.3985e-008	1.2464e-008	1.1039e-008	9.8033e-009	9.5068e-009	9.2421e-009	8.8944e-009	8.197e-009	7.6053e-009	6.7608e-009	6.5626e-009	7.3631e-009	7.9986e-009	9.129e-009	1.0055e-008	1.1086e-008	1.2161e-008	1.4018e-008	1.5655e-008	1.7104e-008	2.0159e-008	2.2984e-008	2.5966e-008	2.92e-008	3.2923e-008	3.9564e-008	4.3502e-008	4.6366e-008	5.4559e-008	6.2104e-008	6.62e-008	6.9545e-008	7.4302e-008	7.8291e-008	8.1392e-008	8.3729e-008	8.513e-008	8.6942e-008	8.8133e-008	8.9141e-008	8.8883e-008	8.8129e-008	8.7634e-008	8.7797e-008	8.7519e-008	8.7507e-008	8.7278e-008	8.701e-008	8.5675e-008	8.3379e-008	8.1244e-008	7.8482e-008	7.5656e-008	7.3733e-008	7.3143e-008	7.1798e-008	7.0074e-008	6.8677e-008	6.6933e-008	6.5494e-008	6.3335e-008	6.1406e-008	5.9257e-008	5.8624e-008	5.6504e-008	5.4014e-008	5.1384e-008	4.9641e-008	4.8285e-008	4.6435e-008	4.3192e-008	4.1466e-008	4.0389e-008	3.7899e-008	3.4902e-008	3.3194e-008	3.1736e-008	2.995e-008	2.7022e-008	2.4448e-008	2.3025e-008	2.0418e-008	1.8769e-008	1.6198e-008	1.3946e-008	1.217e-008	1.1213e-008	9.2216e-009	7.0687e-009	6.6733e-009	5.3027e-009	3.7532e-009	2.8432e-009	2.3024e-009	2.6503e-009	2.4793e-009	2.7586e-009	2.6981e-009	2.4476e-009	3.037e-009	2.8669e-009	3.1351e-009	4.1238e-009	4.985e-009	6.0317e-009	7.9358e-009	1.0788e-008	1.5158e-008	1.8748e-008	2.3779e-008	2.963e-008	3.7082e-008	4.2009e-008	4.9162e-008	5.5753e-008	6.4407e-008	6.7111e-008	7.1563e-008	7.6155e-008	7.9502e-008	8.3927e-008	8.6772e-008	9.0295e-008	9.2072e-008	9.3011e-008	9.3948e-008	9.4181e-008	9.4286e-008	9.3897e-008	9.2058e-008	9.1357e-008	9.1005e-008	8.8919e-008	8.8337e-008	8.7281e-008	8.4659e-008	8.2026e-008	8.0526e-008	7.8539e-008	7.7237e-008	7.5061e-008	7.4535e-008	7.2633e-008	6.935e-008	6.7172e-008	6.5468e-008	6.1627e-008	5.9442e-008	5.8024e-008	5.6951e-008	5.5343e-008	5.23e-008	4.8743e-008	4.5635e-008	4.3469e-008	4.1704e-008	3.8642e-008	3.7492e-008	3.6549e-008	3.3979e-008	3.1825e-008	2.9922e-008	2.8591e-008	2.686e-008	2.5267e-008	2.3441e-008	2.19e-008	2.1046e-008	1.9267e-008	1.7752e-008	1.6919e-008	1.5682e-008	1.4174e-008	1.2682e-008	1.1593e-008	1.0055e-008	9.6351e-009	9.4228e-009	8.3532e-009	7.9264e-009	7.2982e-009	6.6165e-009	6.9677e-009	7.2933e-009	8.1884e-009	9.0786e-009	1.0354e-008	1.211e-008	1.3806e-008	1.5657e-008	1.7433e-008	1.9444e-008	2.2971e-008	2.6533e-008	3.0263e-008	3.4803e-008	4.2839e-008	4.8631e-008	5.4225e-008	5.9001e-008	6.3109e-008	6.6895e-008	7.1896e-008	7.5883e-008	7.8803e-008	8.2663e-008	8.5522e-008	8.8081e-008	8.8599e-008	8.9597e-008	9.0914e-008	9.2365e-008	9.3882e-008	9.3866e-008	9.3292e-008	9.1933e-008	9.0314e-008	8.8618e-008	8.6326e-008	8.4532e-008	8.269e-008	8.0101e-008	7.8577e-008	7.7936e-008	7.6418e-008	7.4015e-008	6.9557e-008	6.8103e-008	6.6977e-008	6.418e-008	6.1762e-008	6.0366e-008	5.9068e-008	5.7298e-008	5.5281e-008	5.3487e-008	5.1763e-008	4.9545e-008	4.8642e-008	4.6502e-008	4.4868e-008	4.2093e-008	4.0077e-008	3.7338e-008	3.622e-008	3.4381e-008	3.2638e-008	3.1086e-008	2.9886e-008	2.7775e-008	2.6958e-008	2.6089e-008	2.527e-008	2.38e-008	2.2344e-008	2.065e-008	1.9425e-008	1.832e-008	1.757e-008	1.6882e-008	1.5385e-008	1.4604e-008	1.3361e-008	1.3222e-008	1.2009e-008	1.1087e-008	1.0119e-008	1.0338e-008	1.0275e-008	1.0878e-008	1.1412e-008	1.1832e-008	1.3249e-008	1.4209e-008	1.5527e-008	1.7584e-008	2.0501e-008	2.342e-008	2.6706e-008	3.0436e-008	3.5208e-008	4.0217e-008	4.7595e-008	5.3154e-008	5.91e-008	6.4471e-008	6.892e-008	7.3262e-008	7.6527e-008	7.9576e-008	8.322e-008	8.6356e-008	8.7888e-008	8.963e-008	9.0789e-008	9.1639e-008	9.1881e-008	9.1471e-008	9.0216e-008	8.9553e-008	8.9375e-008	8.8253e-008	8.6189e-008	8.4129e-008	8.2187e-008	8.0791e-008	8.0778e-008	8.0175e-008	7.8232e-008	7.5024e-008	7.2899e-008	7.1421e-008	7.0046e-008	6.9672e-008	6.9163e-008	6.6957e-008	6.5712e-008	6.3422e-008	6.062e-008	5.9249e-008	5.6996e-008	5.4613e-008	5.3596e-008	5.3192e-008	5.1725e-008	4.9325e-008	4.5493e-008	4.2816e-008	3.9859e-008	3.8251e-008	3.7277e-008	3.6273e-008	3.3967e-008	3.2388e-008	3.0311e-008	2.785e-008	2.5884e-008	2.4687e-008	2.345e-008	2.1829e-008	2.0586e-008	1.864e-008	1.7216e-008	1.6462e-008	1.4969e-008	1.4129e-008	1.3008e-008	1.2701e-008	1.2044e-008	1.1594e-008	1.1187e-008	1.1357e-008	1.1404e-008	1.1466e-008	1.3035e-008	1.3615e-008	1.4969e-008	1.6164e-008	1.7632e-008	1.9586e-008	2.122e-008	2.363e-008	2.6366e-008	2.8942e-008	3.3378e-008	3.8972e-008	4.5043e-008	5.0851e-008	5.6068e-008	6.1272e-008	6.4817e-008	6.8694e-008	7.4404e-008	7.7476e-008	8.0251e-008	8.1584e-008	8.2832e-008	8.3976e-008	8.4967e-008	8.6285e-008	8.7129e-008	8.8145e-008	8.8309e-008	8.7447e-008	8.5979e-008	8.5145e-008	8.4655e-008	8.3921e-008	8.3741e-008	8.334e-008	8.1542e-008	7.9786e-008	7.7016e-008	7.4796e-008	7.3505e-008	7.1478e-008	7.0237e-008	6.8486e-008	6.7071e-008	6.5622e-008	6.3423e-008	6.0398e-008	5.8315e-008	5.5783e-008	5.3999e-008	5.3163e-008	5.1675e-008	5.0762e-008	4.9537e-008	4.7458e-008	4.4948e-008	4.2995e-008	4.0941e-008	4.0369e-008	3.9215e-008	3.7171e-008	3.3665e-008	3.1694e-008	3.0743e-008	2.9674e-008	2.7495e-008	2.507e-008	2.3132e-008	2.1307e-008	1.9657e-008	1.8028e-008	1.5869e-008	1.4283e-008	1.2312e-008	1.0804e-008	9.9154e-009	8.9892e-009	8.1411e-009
2.6214e-009	1.6915e-009	2.0117e-009	2.1458e-009	2.5201e-009	2.1579e-009	2.28e-009	2.5908e-009	2.478e-009	3.0742e-009	3.05e-009	3.9424e-009	5.2497e-009	7.961e-009	1.0943e-008	1.3951e-008	1.7119e-008	2.2041e-008	2.6518e-008	3.1515e-008	3.7109e-008	4.2015e-008	4.7393e-008	5.3358e-008	6.0196e-008	6.8088e-008	7.3092e-008	7.6045e-008	7.8998e-008	8.1621e-008	8.2473e-008	8.4578e-008	8.7035e-008	8.7586e-008	8.7836e-008	8.933e-008	9.0279e-008	9.1604e-008	9.2487e-008	9.193e-008	9.0024e-008	8.8464e-008	8.7096e-008	8.4761e-008	8.204e-008	8.0116e-008	7.7377e-008	7.5725e-008	7.4279e-008	7.3318e-008	7.1996e-008	7.068e-008	6.6542e-008	6.4445e-008	6.2493e-008	6.12e-008	5.9077e-008	5.7427e-008	5.6495e-008	5.5502e-008	5.2902e-008	4.8997e-008	4.7827e-008	4.6327e-008	4.4567e-008	4.1821e-008	4.0229e-008	3.815e-008	3.5178e-008	3.3687e-008	3.1206e-008	2.8852e-008	2.707e-008	2.4668e-008	2.1956e-008	2.0183e-008	1.8891e-008	1.7391e-008	1.5074e-008	1.2995e-008	1.2049e-008	1.1198e-008	1.0055e-008	8.805e-009	8.7515e-009	8.3462e-009	7.551e-009	7.0837e-009	6.3628e-009	6.2329e-009	7.1845e-009	7.5367e-009	8.2728e-009	9.9085e-009	1.0683e-008	1.1912e-008	1.3542e-008	1.457e-008	1.6608e-008	1.9487e-008	2.2511e-008	2.658e-008	2.9835e-008	3.3622e-008	3.8553e-008	4.4071e-008	4.9356e-008	5.4917e-008	6.249e-008	6.6303e-008	6.9159e-008	7.4514e-008	7.8678e-008	8.1285e-008	8.3078e-008	8.4686e-008	8.6588e-008	8.7531e-008	8.8002e-008	8.8074e-008	8.7906e-008	8.7715e-008	8.7472e-008	8.8216e-008	8.7922e-008	8.7155e-008	8.668e-008	8.5505e-008	8.2523e-008	8.02e-008	7.8375e-008	7.4916e-008	7.3154e-008	7.2181e-008	7.1412e-008	6.9137e-008	6.7724e-008	6.6593e-008	6.5738e-008	6.3577e-008	6.1172e-008	5.8973e-008	5.7087e-008	5.5102e-008	5.2751e-008	5.1699e-008	4.9664e-008	4.7599e-008	4.5461e-008	4.2615e-008	4.1231e-008	3.999e-008	3.744e-008	3.4432e-008	3.3415e-008	3.1514e-008	2.957e-008	2.724e-008	2.3014e-008	2.1689e-008	2.0421e-008	1.8348e-008	1.6042e-008	1.446e-008	1.2423e-008	1.0556e-008	9.2748e-009	7.3745e-009	6.3804e-009	4.514e-009	3.9993e-009	3.2076e-009	2.7708e-009	2.6355e-009	2.2607e-009	2.5359e-009	2.1063e-009	2.0863e-009	3.0201e-009	3.1706e-009	3.3114e-009	4.2338e-009	4.6007e-009	6.2307e-009	8.5614e-009	1.1492e-008	1.461e-008	1.8239e-008	2.4273e-008	3.1527e-008	3.6805e-008	4.2813e-008	4.943e-008	5.529e-008	6.2101e-008	6.6573e-008	7.028e-008	7.5388e-008	8.0059e-008	8.2838e-008	8.5885e-008	8.9488e-008	9.0268e-008	9.1539e-008	9.2825e-008	9.3717e-008	9.4155e-008	9.4191e-008	9.2229e-008	9.1056e-008	9.0231e-008	8.8359e-008	8.7346e-008	8.6297e-008	8.419e-008	8.1849e-008	8.0098e-008	7.8193e-008	7.6708e-008	7.551e-008	7.4207e-008	7.1615e-008	6.9378e-008	6.7061e-008	6.4934e-008	6.2821e-008	6.0257e-008	5.7719e-008	5.6229e-008	5.473e-008	5.1989e-008	4.9247e-008	4.5499e-008	4.2794e-008	4.0418e-008	3.8783e-008	3.6474e-008	3.5488e-008	3.378e-008	3.123e-008	2.9263e-008	2.7324e-008	2.6552e-008	2.4828e-008	2.2308e-008	2.0944e-008	1.9909e-008	1.795e-008	1.7e-008	1.6399e-008	1.469e-008	1.286e-008	1.1424e-008	1.0648e-008	9.2456e-009	8.4712e-009	7.8135e-009	6.7663e-009	5.9022e-009	5.7753e-009	5.9798e-009	6.2257e-009	6.0838e-009	6.6582e-009	7.3673e-009	9.137e-009	1.0629e-008	1.2109e-008	1.4828e-008	1.6484e-008	1.9016e-008	2.218e-008	2.6844e-008	3.0486e-008	3.5453e-008	4.2798e-008	4.9465e-008	5.3803e-008	5.9589e-008	6.2825e-008	6.7603e-008	7.1944e-008	7.6546e-008	7.9022e-008	8.2589e-008	8.4936e-008	8.6528e-008	8.7728e-008	8.8861e-008	9.053e-008	9.17e-008	9.3463e-008	9.3207e-008	9.2107e-008	9.0578e-008	8.8658e-008	8.7542e-008	8.5619e-008	8.4012e-008	8.2926e-008	8.0556e-008	7.8653e-008	7.6791e-008	7.5008e-008	7.2042e-008	6.9593e-008	6.6736e-008	6.5972e-008	6.4164e-008	6.1042e-008	5.9788e-008	5.9083e-008	5.6404e-008	5.3479e-008	5.2558e-008	5.1688e-008	4.9778e-008	4.8069e-008	4.5937e-008	4.3898e-008	4.0396e-008	3.8446e-008	3.6581e-008	3.5272e-008	3.4367e-008	3.2291e-008	3.0532e-008	2.936e-008	2.706e-008	2.5572e-008	2.5205e-008	2.3983e-008	2.2536e-008	2.1672e-008	2.0301e-008	1.8737e-008	1.7264e-008	1.6396e-008	1.5576e-008	1.4562e-008	1.3532e-008	1.2679e-008	1.2406e-008	1.1613e-008	1.0706e-008	9.1033e-009	9.0277e-009	9.2089e-009	9.5511e-009	1.0466e-008	1.0937e-008	1.2185e-008	1.3508e-008	1.5256e-008	1.7132e-008	1.9756e-008	2.225e-008	2.5433e-008	3.0587e-008	3.6031e-008	4.1745e-008	4.7302e-008	5.3698e-008	5.9175e-008	6.4178e-008	6.9513e-008	7.2618e-008	7.6387e-008	7.933e-008	8.2647e-008	8.4891e-008	8.6813e-008	8.8408e-008	8.9954e-008	9.0989e-008	9.0751e-008	9.0823e-008	8.9957e-008	8.9847e-008	8.9717e-008	8.8301e-008	8.6101e-008	8.3569e-008	8.2477e-008	8.09e-008	8.0262e-008	7.9368e-008	7.7536e-008	7.5447e-008	7.2218e-008	7.0587e-008	6.9449e-008	6.9025e-008	6.845e-008	6.7028e-008	6.4334e-008	6.1174e-008	5.8412e-008	5.6797e-008	5.5658e-008	5.4395e-008	5.3581e-008	5.2646e-008	5.0918e-008	4.8809e-008	4.6352e-008	4.2486e-008	4.0015e-008	3.8342e-008	3.6845e-008	3.5463e-008	3.3354e-008	3.1863e-008	2.9592e-008	2.7939e-008	2.6374e-008	2.4673e-008	2.3023e-008	2.1509e-008	2.0092e-008	1.8864e-008	1.6965e-008	1.5623e-008	1.4686e-008	1.3485e-008	1.3034e-008	1.2597e-008	1.1513e-008	1.1096e-008	1.1114e-008	1.1006e-008	1.1252e-008	1.1361e-008	1.1756e-008	1.2964e-008	1.4149e-008	1.5229e-008	1.6691e-008	1.8347e-008	1.9994e-008	2.2324e-008	2.4826e-008	2.7753e-008	3.2578e-008	3.6984e-008	4.509e-008	5.158e-008	5.6903e-008	6.2058e-008	6.4995e-008	6.817e-008	7.2151e-008	7.7314e-008	7.9938e-008	8.142e-008	8.2416e-008	8.3781e-008	8.5168e-008	8.6377e-008	8.694e-008	8.7829e-008	8.8222e-008	8.7619e-008	8.631e-008	8.503e-008	8.4335e-008	8.3638e-008	8.3837e-008	8.3465e-008	8.149e-008	7.8901e-008	7.6281e-008	7.4662e-008	7.3322e-008	7.1428e-008	7.018e-008	6.8019e-008	6.5663e-008	6.4461e-008	6.1677e-008	5.907e-008	5.7749e-008	5.5232e-008	5.3993e-008	5.2609e-008	5.0946e-008	5.023e-008	4.9588e-008	4.7268e-008	4.435e-008	4.2324e-008	4.039e-008	3.9935e-008	3.8466e-008	3.6094e-008	3.4025e-008	3.1665e-008	3.0116e-008	2.9313e-008	2.7001e-008	2.4996e-008	2.2248e-008	2.032e-008	1.8531e-008	1.6414e-008	1.5274e-008	1.3748e-008	1.1597e-008	9.949e-009	8.5774e-009	7.5807e-009	6.6561e-009
2.4554e-009	1.7486e-009	1.4839e-009	1.6679e-009	1.868e-009	1.7046e-009	1.7677e-009	1.7073e-009	1.9749e-009	2.8593e-009	3.1654e-009	3.7458e-009	5.1751e-009	7.0837e-009	1.0528e-008	1.2977e-008	1.6394e-008	2.0936e-008	2.6547e-008	3.1546e-008	3.6716e-008	4.2719e-008	4.697e-008	5.334e-008	5.9884e-008	6.5473e-008	7.2675e-008	7.6113e-008	7.8489e-008	8.1142e-008	8.2158e-008	8.458e-008	8.6998e-008	8.8105e-008	8.8119e-008	8.8783e-008	8.9717e-008	9.1089e-008	9.207e-008	9.1627e-008	8.9125e-008	8.7635e-008	8.6393e-008	8.4689e-008	8.2514e-008	8.0416e-008	7.8338e-008	7.6027e-008	7.4128e-008	7.3658e-008	7.2489e-008	7.1341e-008	6.7145e-008	6.5525e-008	6.323e-008	6.1401e-008	5.9548e-008	5.8023e-008	5.6452e-008	5.5283e-008	5.3286e-008	4.9219e-008	4.8312e-008	4.5926e-008	4.4689e-008	4.1955e-008	4.0287e-008	3.7998e-008	3.5228e-008	3.3021e-008	3.0668e-008	2.8436e-008	2.7821e-008	2.5703e-008	2.2796e-008	2.1316e-008	1.8812e-008	1.7406e-008	1.4317e-008	1.2773e-008	1.1488e-008	1.0786e-008	9.2892e-009	7.8513e-009	7.5079e-009	7.07e-009	6.8466e-009	6.5385e-009	6.0408e-009	5.8853e-009	7.1207e-009	7.2976e-009	7.7502e-009	8.44e-009	9.7048e-009	1.0754e-008	1.2875e-008	1.4644e-008	1.6558e-008	1.9374e-008	2.2776e-008	2.5363e-008	2.9671e-008	3.2918e-008	3.8669e-008	4.3748e-008	4.9325e-008	5.4445e-008	5.9904e-008	6.5102e-008	6.8312e-008	7.2082e-008	7.7624e-008	7.9905e-008	8.2556e-008	8.4929e-008	8.6274e-008	8.6777e-008	8.7102e-008	8.7469e-008	8.7621e-008	8.7962e-008	8.7784e-008	8.8351e-008	8.8202e-008	8.664e-008	8.5736e-008	8.4711e-008	8.1579e-008	7.9005e-008	7.7156e-008	7.4417e-008	7.2371e-008	7.1309e-008	7.0566e-008	6.8666e-008	6.7571e-008	6.6546e-008	6.5158e-008	6.2709e-008	6.0763e-008	5.8026e-008	5.5952e-008	5.4765e-008	5.261e-008	5.1672e-008	4.9393e-008	4.6225e-008	4.5297e-008	4.3464e-008	4.0493e-008	3.8937e-008	3.6972e-008	3.446e-008	3.3049e-008	3.0847e-008	2.8899e-008	2.629e-008	2.3665e-008	2.1667e-008	2.0319e-008	1.8164e-008	1.5922e-008	1.4354e-008	1.2506e-008	9.8383e-009	8.9693e-009	7.6144e-009	5.8077e-009	3.9465e-009	3.7456e-009	3.5655e-009	3.3275e-009	2.7091e-009	2.3277e-009	2.8139e-009	2.0391e-009	1.6478e-009	2.0822e-009	2.6247e-009	2.9818e-009	3.807e-009	4.4049e-009	6.0052e-009	8.646e-009	1.1316e-008	1.4731e-008	1.8898e-008	2.4532e-008	3.1232e-008	3.6444e-008	4.2745e-008	4.907e-008	5.5816e-008	6.1751e-008	6.629e-008	7.005e-008	7.4297e-008	7.9594e-008	8.2627e-008	8.5094e-008	8.671e-008	8.8269e-008	9.075e-008	9.2247e-008	9.3092e-008	9.3749e-008	9.37e-008	9.2268e-008	9.0744e-008	8.9369e-008	8.8334e-008	8.6746e-008	8.5115e-008	8.2917e-008	8.1491e-008	7.9413e-008	7.6996e-008	7.5908e-008	7.525e-008	7.3591e-008	7.0897e-008	6.8739e-008	6.6362e-008	6.4032e-008	6.2484e-008	6.0485e-008	5.8068e-008	5.5696e-008	5.3671e-008	5.1254e-008	4.7835e-008	4.4925e-008	4.2399e-008	4.034e-008	3.8814e-008	3.6464e-008	3.5236e-008	3.3589e-008	3.0911e-008	2.8674e-008	2.672e-008	2.6127e-008	2.4764e-008	2.2458e-008	2.0322e-008	1.8789e-008	1.716e-008	1.6106e-008	1.591e-008	1.3596e-008	1.1619e-008	1.0797e-008	9.6371e-009	8.3356e-009	7.0186e-009	6.312e-009	5.713e-009	4.8605e-009	4.7595e-009	4.9954e-009	4.824e-009	4.7482e-009	5.3681e-009	6.137e-009	7.6368e-009	8.8849e-009	1.0667e-008	1.4011e-008	1.5763e-008	1.8016e-008	2.1319e-008	2.7025e-008	3.0414e-008	3.5489e-008	4.2139e-008	4.7875e-008	5.4123e-008	5.89e-008	6.3047e-008	6.8269e-008	7.2435e-008	7.6999e-008	7.9369e-008	8.28e-008	8.4536e-008	8.6076e-008	8.7944e-008	8.9265e-008	9.0423e-008	9.1587e-008	9.272e-008	9.3601e-008	9.127e-008	8.9406e-008	8.8187e-008	8.6644e-008	8.4588e-008	8.3756e-008	8.2676e-008	8.0565e-008	7.8547e-008	7.615e-008	7.4593e-008	7.1735e-008	6.9416e-008	6.6238e-008	6.4964e-008	6.3031e-008	6.0527e-008	5.9347e-008	5.8695e-008	5.5921e-008	5.3468e-008	5.2873e-008	5.1332e-008	4.947e-008	4.7726e-008	4.5023e-008	4.2527e-008	3.9386e-008	3.7748e-008	3.5829e-008	3.4412e-008	3.3677e-008	3.2003e-008	3.0246e-008	2.8657e-008	2.7146e-008	2.5783e-008	2.4925e-008	2.3034e-008	2.1656e-008	2.0908e-008	1.9769e-008	1.7846e-008	1.6529e-008	1.5755e-008	1.4585e-008	1.3382e-008	1.2813e-008	1.1913e-008	1.1401e-008	1.1134e-008	9.619e-009	7.9357e-009	7.6302e-009	8.3823e-009	8.9111e-009	9.7031e-009	1.0111e-008	1.1414e-008	1.3172e-008	1.4634e-008	1.6827e-008	2.0143e-008	2.1968e-008	2.4873e-008	2.9597e-008	3.6206e-008	4.2843e-008	4.7605e-008	5.3613e-008	5.8563e-008	6.3238e-008	6.9163e-008	7.228e-008	7.6758e-008	7.9442e-008	8.2222e-008	8.4311e-008	8.6628e-008	8.8431e-008	8.9254e-008	9.1166e-008	9.127e-008	9.0864e-008	9.0479e-008	9.091e-008	9.0373e-008	8.9158e-008	8.5687e-008	8.397e-008	8.2663e-008	8.1495e-008	8.0083e-008	7.8613e-008	7.7248e-008	7.5181e-008	7.2743e-008	7.0364e-008	6.8456e-008	6.7686e-008	6.7155e-008	6.5918e-008	6.2883e-008	6.0253e-008	5.785e-008	5.5967e-008	5.4909e-008	5.4006e-008	5.3202e-008	5.164e-008	5.0215e-008	4.8554e-008	4.6257e-008	4.3438e-008	3.9913e-008	3.8097e-008	3.6394e-008	3.5529e-008	3.401e-008	3.2134e-008	3.014e-008	2.7265e-008	2.56e-008	2.4283e-008	2.2682e-008	2.1085e-008	1.9145e-008	1.8693e-008	1.6931e-008	1.5119e-008	1.4106e-008	1.339e-008	1.3065e-008	1.2314e-008	1.0817e-008	1.0764e-008	1.0974e-008	1.0445e-008	1.0509e-008	1.0882e-008	1.1927e-008	1.2521e-008	1.3663e-008	1.4849e-008	1.6403e-008	1.7542e-008	1.9985e-008	2.1722e-008	2.4726e-008	2.7394e-008	3.2124e-008	3.7385e-008	4.4205e-008	5.114e-008	5.6487e-008	6.2089e-008	6.472e-008	6.8055e-008	7.3528e-008	7.8597e-008	8.1368e-008	8.2068e-008	8.2847e-008	8.3779e-008	8.5533e-008	8.6563e-008	8.7277e-008	8.8401e-008	8.8747e-008	8.7737e-008	8.5952e-008	8.4794e-008	8.3937e-008	8.3674e-008	8.3518e-008	8.314e-008	8.0588e-008	7.7859e-008	7.5715e-008	7.4388e-008	7.395e-008	7.1548e-008	6.9398e-008	6.7435e-008	6.4497e-008	6.3146e-008	6.1339e-008	5.8847e-008	5.7387e-008	5.5384e-008	5.3696e-008	5.1964e-008	5.0204e-008	4.9173e-008	4.857e-008	4.6809e-008	4.388e-008	4.1554e-008	3.9824e-008	3.8622e-008	3.7384e-008	3.4976e-008	3.3663e-008	3.1314e-008	2.964e-008	2.8347e-008	2.7145e-008	2.4499e-008	2.1879e-008	1.9956e-008	1.8614e-008	1.6386e-008	1.4665e-008	1.2653e-008	1.0294e-008	8.3076e-009	7.4138e-009	6.4117e-009	5.6668e-009
1.8598e-009	1.3961e-009	1.0416e-009	1.0972e-009	1.5727e-009	1.8313e-009	1.5868e-009	1.4811e-009	2.2016e-009	2.7755e-009	3.3529e-009	3.3871e-009	4.9924e-009	6.9781e-009	9.4442e-009	1.2357e-008	1.6105e-008	2.0827e-008	2.6052e-008	3.1859e-008	3.6437e-008	4.2118e-008	4.7861e-008	5.417e-008	5.9785e-008	6.5808e-008	7.1808e-008	7.5684e-008	7.8325e-008	8.0244e-008	8.2155e-008	8.529e-008	8.6981e-008	8.7843e-008	8.849e-008	8.9108e-008	8.9471e-008	9.0733e-008	9.1718e-008	9.1019e-008	8.9095e-008	8.6683e-008	8.5629e-008	8.4807e-008	8.273e-008	8.0641e-008	7.8419e-008	7.6512e-008	7.4891e-008	7.3791e-008	7.2383e-008	7.108e-008	6.7273e-008	6.5654e-008	6.4075e-008	6.2015e-008	5.9751e-008	5.7816e-008	5.6555e-008	5.508e-008	5.2684e-008	4.9769e-008	4.884e-008	4.6839e-008	4.4606e-008	4.2167e-008	4.0413e-008	3.8501e-008	3.4362e-008	3.2772e-008	3.0595e-008	2.8381e-008	2.745e-008	2.5844e-008	2.2607e-008	2.0609e-008	1.8214e-008	1.6343e-008	1.5224e-008	1.3247e-008	1.1501e-008	1.0099e-008	8.5305e-009	7.4462e-009	5.8182e-009	5.6257e-009	6.1068e-009	5.828e-009	5.5831e-009	5.94e-009	6.3373e-009	6.7507e-009	6.9813e-009	7.7277e-009	8.9045e-009	1.0216e-008	1.1974e-008	1.3953e-008	1.6774e-008	1.9441e-008	2.2846e-008	2.587e-008	2.9599e-008	3.2379e-008	3.7579e-008	4.214e-008	4.9217e-008	5.3679e-008	5.8954e-008	6.3257e-008	6.7405e-008	7.0839e-008	7.5162e-008	7.9411e-008	8.2667e-008	8.571e-008	8.6544e-008	8.6295e-008	8.6673e-008	8.7682e-008	8.8498e-008	8.9147e-008	8.8886e-008	8.8297e-008	8.7806e-008	8.6574e-008	8.5009e-008	8.3241e-008	8.0805e-008	7.9442e-008	7.668e-008	7.4612e-008	7.2574e-008	7.1128e-008	6.961e-008	6.8391e-008	6.7041e-008	6.5725e-008	6.4358e-008	6.2448e-008	6.0582e-008	5.8287e-008	5.6117e-008	5.5613e-008	5.3458e-008	5.1284e-008	4.9099e-008	4.5787e-008	4.4804e-008	4.3129e-008	4.0354e-008	3.8576e-008	3.5967e-008	3.4571e-008	3.2876e-008	3.0241e-008	2.8455e-008	2.526e-008	2.3455e-008	2.1945e-008	2.0022e-008	1.7891e-008	1.6008e-008	1.4642e-008	1.1897e-008	9.8717e-009	8.5576e-009	7.3294e-009	5.5413e-009	4.3742e-009	4.2358e-009	4.038e-009	3.4797e-009	2.8778e-009	2.4805e-009	2.5389e-009	2.6892e-009	2.2036e-009	2.3408e-009	2.3536e-009	2.657e-009	3.054e-009	4.5813e-009	6.1199e-009	8.6171e-009	1.1232e-008	1.5286e-008	1.9752e-008	2.6934e-008	3.1712e-008	3.6646e-008	4.2016e-008	4.8815e-008	5.5187e-008	6.0969e-008	6.7005e-008	7.0458e-008	7.3813e-008	7.802e-008	8.223e-008	8.4329e-008	8.6233e-008	8.8269e-008	9.0611e-008	9.2517e-008	9.3001e-008	9.2601e-008	9.2658e-008	9.1499e-008	9.0229e-008	8.9375e-008	8.7878e-008	8.6059e-008	8.4341e-008	8.2989e-008	8.1191e-008	7.9651e-008	7.6403e-008	7.5621e-008	7.4489e-008	7.248e-008	6.9517e-008	6.851e-008	6.5949e-008	6.3999e-008	6.2044e-008	5.9622e-008	5.7785e-008	5.4726e-008	5.1449e-008	5.0006e-008	4.7642e-008	4.4496e-008	4.2392e-008	4.0614e-008	3.9445e-008	3.6431e-008	3.4888e-008	3.2201e-008	2.9818e-008	2.7406e-008	2.6385e-008	2.507e-008	2.3943e-008	2.2304e-008	2.0362e-008	1.8e-008	1.6239e-008	1.4915e-008	1.3676e-008	1.191e-008	1.0456e-008	9.8337e-009	8.4978e-009	6.8401e-009	6.1067e-009	4.8382e-009	4.0137e-009	3.5516e-009	3.7071e-009	3.7832e-009	3.485e-009	3.6921e-009	4.3339e-009	5.1128e-009	6.5571e-009	7.7175e-009	9.8426e-009	1.2095e-008	1.4761e-008	1.7787e-008	2.0699e-008	2.6145e-008	3.0455e-008	3.5872e-008	4.1281e-008	4.7347e-008	5.2776e-008	5.8471e-008	6.3562e-008	6.8884e-008	7.3564e-008	7.7132e-008	8.0418e-008	8.2901e-008	8.4319e-008	8.6225e-008	8.7926e-008	8.9352e-008	9.0366e-008	9.141e-008	9.2177e-008	9.2672e-008	9.1366e-008	8.9076e-008	8.7757e-008	8.6836e-008	8.477e-008	8.3105e-008	8.1371e-008	7.8778e-008	7.7605e-008	7.5791e-008	7.4352e-008	7.225e-008	6.898e-008	6.6488e-008	6.4491e-008	6.2626e-008	6.0044e-008	5.9071e-008	5.6663e-008	5.423e-008	5.3714e-008	5.278e-008	5.124e-008	4.9444e-008	4.6485e-008	4.4135e-008	4.1783e-008	3.9268e-008	3.6948e-008	3.5161e-008	3.3504e-008	3.2352e-008	3.0926e-008	2.9643e-008	2.8003e-008	2.6395e-008	2.5647e-008	2.419e-008	2.2236e-008	2.1015e-008	1.9865e-008	1.8771e-008	1.6661e-008	1.5332e-008	1.4216e-008	1.2879e-008	1.1926e-008	1.1221e-008	1.0642e-008	9.6249e-009	9.2963e-009	7.5891e-009	6.8657e-009	6.7634e-009	7.6358e-009	8.2667e-009	8.7046e-009	8.9837e-009	1.0553e-008	1.2925e-008	1.4471e-008	1.7128e-008	2.0057e-008	2.1816e-008	2.4997e-008	2.9493e-008	3.5825e-008	4.222e-008	4.6766e-008	5.1955e-008	5.8378e-008	6.4226e-008	6.9251e-008	7.4285e-008	7.6938e-008	8.0158e-008	8.1871e-008	8.4388e-008	8.6578e-008	8.8782e-008	9.0422e-008	9.1272e-008	9.1275e-008	9.1135e-008	9.1345e-008	9.1081e-008	9.0513e-008	8.9914e-008	8.5621e-008	8.3682e-008	8.2899e-008	8.1831e-008	8.0004e-008	7.7965e-008	7.5531e-008	7.4215e-008	7.2556e-008	7.1037e-008	6.9598e-008	6.7925e-008	6.653e-008	6.4304e-008	6.2617e-008	6.0047e-008	5.692e-008	5.5037e-008	5.4064e-008	5.333e-008	5.2266e-008	5.1372e-008	4.9176e-008	4.786e-008	4.5982e-008	4.3474e-008	3.9701e-008	3.7561e-008	3.6528e-008	3.5102e-008	3.3834e-008	3.1683e-008	2.9813e-008	2.689e-008	2.5212e-008	2.382e-008	2.2167e-008	2.0911e-008	1.8856e-008	1.7119e-008	1.5317e-008	1.4541e-008	1.3323e-008	1.2919e-008	1.2931e-008	1.1981e-008	1.0511e-008	1.0047e-008	1.0532e-008	1.0028e-008	1.0531e-008	1.0857e-008	1.1795e-008	1.2296e-008	1.3171e-008	1.4143e-008	1.5803e-008	1.7356e-008	2.0078e-008	2.1906e-008	2.461e-008	2.7983e-008	3.2561e-008	3.7159e-008	4.2738e-008	5.0379e-008	5.5556e-008	6.1223e-008	6.5363e-008	6.8499e-008	7.2994e-008	7.9339e-008	8.1674e-008	8.2486e-008	8.3194e-008	8.4286e-008	8.5951e-008	8.6963e-008	8.8044e-008	8.91e-008	8.9193e-008	8.7893e-008	8.6094e-008	8.4892e-008	8.4249e-008	8.3889e-008	8.3605e-008	8.2291e-008	8.0038e-008	7.8041e-008	7.5547e-008	7.4557e-008	7.3747e-008	7.16e-008	6.8238e-008	6.5853e-008	6.3676e-008	6.2062e-008	6.0788e-008	5.8518e-008	5.7446e-008	5.5333e-008	5.3072e-008	5.1425e-008	4.9677e-008	4.8594e-008	4.7448e-008	4.6322e-008	4.3034e-008	4.1134e-008	3.9395e-008	3.8108e-008	3.6112e-008	3.4674e-008	3.3449e-008	3.0308e-008	2.8701e-008	2.8204e-008	2.6227e-008	2.3538e-008	2.1249e-008	1.967e-008	1.7861e-008	1.6493e-008	1.4656e-008	1.1726e-008	9.9509e-009	7.945e-009	6.7631e-009	5.6531e-009	5.0864e-009
2.2233e-009	1.1525e-009	9.379e-010	9.2757e-010	1.1074e-009	1.3597e-009	1.567e-009	2.0299e-009	1.8211e-009	1.8566e-009	2.5379e-009	3.2449e-009	4.9075e-009	6.8135e-009	8.7891e-009	1.1963e-008	1.487e-008	2.0238e-008	2.5237e-008	3.1283e-008	3.6213e-008	4.1497e-008	4.7421e-008	5.4246e-008	6.0566e-008	6.6602e-008	7.0919e-008	7.5419e-008	7.7326e-008	8.0226e-008	8.2965e-008	8.5006e-008	8.6812e-008	8.7488e-008	8.8297e-008	8.893e-008	8.9668e-008	9.0535e-008	9.1272e-008	9.0124e-008	8.8239e-008	8.6166e-008	8.5073e-008	8.4372e-008	8.2485e-008	8.1206e-008	7.8035e-008	7.5978e-008	7.4373e-008	7.3617e-008	7.1805e-008	6.9968e-008	6.7854e-008	6.6066e-008	6.4144e-008	6.1922e-008	5.9676e-008	5.7091e-008	5.6018e-008	5.4346e-008	5.1551e-008	4.9558e-008	4.8628e-008	4.6749e-008	4.4111e-008	4.1752e-008	3.9937e-008	3.7751e-008	3.3816e-008	3.2239e-008	3.021e-008	2.8333e-008	2.6397e-008	2.494e-008	2.178e-008	2.0158e-008	1.7853e-008	1.5709e-008	1.4507e-008	1.2517e-008	1.0495e-008	8.728e-009	7.731e-009	6.5663e-009	5.5438e-009	4.7025e-009	4.8527e-009	4.5748e-009	4.6067e-009	4.5161e-009	4.7453e-009	5.6988e-009	6.3009e-009	7.0653e-009	8.1927e-009	9.0849e-009	1.1201e-008	1.3914e-008	1.6435e-008	1.8948e-008	2.2201e-008	2.5892e-008	2.9216e-008	3.2137e-008	3.7996e-008	4.3545e-008	4.8884e-008	5.3236e-008	5.7875e-008	6.2129e-008	6.6813e-008	7.0011e-008	7.4028e-008	7.8428e-008	8.43e-008	8.6338e-008	8.6956e-008	8.625e-008	8.6538e-008	8.8416e-008	8.9495e-008	9.0436e-008	8.9719e-008	8.8223e-008	8.6893e-008	8.5884e-008	8.4266e-008	8.1965e-008	8.0495e-008	7.9104e-008	7.6603e-008	7.4668e-008	7.2974e-008	7.1174e-008	6.9542e-008	6.7894e-008	6.5921e-008	6.4418e-008	6.3675e-008	6.2159e-008	6.0351e-008	5.7781e-008	5.6261e-008	5.5515e-008	5.3872e-008	5.0957e-008	4.7843e-008	4.5866e-008	4.3621e-008	4.1678e-008	4.0121e-008	3.7859e-008	3.5935e-008	3.4028e-008	3.2374e-008	2.9633e-008	2.7822e-008	2.5906e-008	2.3821e-008	2.1643e-008	1.9601e-008	1.8097e-008	1.5296e-008	1.3628e-008	1.1526e-008	1.0619e-008	9.1094e-009	7.4103e-009	4.9817e-009	4.6185e-009	4.0455e-009	3.3034e-009	3.0106e-009	2.7332e-009	2.1986e-009	2.5068e-009	2.8733e-009	2.2652e-009	2.2146e-009	2.275e-009	2.3951e-009	2.8006e-009	4.1645e-009	5.7764e-009	8.4158e-009	1.09e-008	1.5406e-008	2.0407e-008	2.605e-008	3.2021e-008	3.6734e-008	4.3393e-008	4.9331e-008	5.6385e-008	6.3511e-008	6.7031e-008	7.0813e-008	7.3939e-008	7.7503e-008	8.1256e-008	8.3711e-008	8.5568e-008	8.7875e-008	9.027e-008	9.2819e-008	9.3805e-008	9.3076e-008	9.1478e-008	9.084e-008	8.9668e-008	8.9543e-008	8.7768e-008	8.5407e-008	8.4257e-008	8.382e-008	8.1255e-008	7.9471e-008	7.6107e-008	7.5179e-008	7.3169e-008	7.0279e-008	6.8213e-008	6.6321e-008	6.4154e-008	6.1904e-008	6.0692e-008	5.9054e-008	5.6208e-008	5.3378e-008	5.0625e-008	4.9755e-008	4.7937e-008	4.5195e-008	4.216e-008	4.0396e-008	3.8907e-008	3.6441e-008	3.4578e-008	3.1419e-008	2.9662e-008	2.7872e-008	2.6536e-008	2.4246e-008	2.2482e-008	2.155e-008	1.9456e-008	1.7371e-008	1.5082e-008	1.3425e-008	1.237e-008	1.1314e-008	9.2489e-009	7.9995e-009	6.7368e-009	6.0342e-009	5.2789e-009	3.4674e-009	2.9212e-009	2.7723e-009	3.1452e-009	3.1851e-009	3.0011e-009	2.9828e-009	3.3046e-009	3.47e-009	5.0638e-009	6.834e-009	8.7833e-009	1.1192e-008	1.373e-008	1.6672e-008	1.9853e-008	2.5666e-008	3.0926e-008	3.5807e-008	4.1739e-008	4.6786e-008	5.202e-008	5.7753e-008	6.1937e-008	6.8996e-008	7.322e-008	7.7496e-008	8.1591e-008	8.3131e-008	8.5058e-008	8.6264e-008	8.7734e-008	8.9644e-008	9.0866e-008	9.141e-008	9.1785e-008	9.0996e-008	8.9447e-008	8.8469e-008	8.7366e-008	8.6887e-008	8.4996e-008	8.3261e-008	7.8996e-008	7.735e-008	7.6556e-008	7.5512e-008	7.3762e-008	7.15e-008	6.9528e-008	6.7992e-008	6.5917e-008	6.2711e-008	5.9608e-008	5.79e-008	5.5101e-008	5.3504e-008	5.309e-008	5.2008e-008	5.0008e-008	4.7182e-008	4.4938e-008	4.3548e-008	4.1976e-008	3.9479e-008	3.6844e-008	3.4661e-008	3.2874e-008	3.1617e-008	2.9861e-008	2.7934e-008	2.6672e-008	2.5379e-008	2.4137e-008	2.3218e-008	2.102e-008	2.0074e-008	1.9041e-008	1.7915e-008	1.6332e-008	1.3764e-008	1.3145e-008	1.1818e-008	1.0672e-008	9.1606e-009	8.5016e-009	8.0468e-009	7.4269e-009	6.2127e-009	5.9813e-009	5.6228e-009	6.3924e-009	6.8475e-009	7.6149e-009	8.2725e-009	9.7213e-009	1.1252e-008	1.3739e-008	1.6392e-008	1.9238e-008	2.1646e-008	2.5024e-008	2.901e-008	3.6355e-008	4.0785e-008	4.6076e-008	5.2309e-008	5.7993e-008	6.437e-008	7.0919e-008	7.5309e-008	7.8134e-008	7.9946e-008	8.1955e-008	8.4092e-008	8.6906e-008	8.8589e-008	9.0686e-008	9.1342e-008	9.1525e-008	9.1188e-008	9.1405e-008	9.0736e-008	9.008e-008	8.8617e-008	8.5955e-008	8.3963e-008	8.2608e-008	8.1435e-008	7.9338e-008	7.6731e-008	7.4719e-008	7.2956e-008	7.1901e-008	7.0882e-008	6.9742e-008	6.7337e-008	6.5215e-008	6.3693e-008	6.1551e-008	5.926e-008	5.6579e-008	5.4608e-008	5.295e-008	5.2008e-008	5.191e-008	5.124e-008	4.8837e-008	4.6896e-008	4.4784e-008	4.2412e-008	3.9239e-008	3.7638e-008	3.6827e-008	3.4972e-008	3.3529e-008	3.1542e-008	2.8904e-008	2.701e-008	2.5429e-008	2.229e-008	2.0791e-008	1.9805e-008	1.8874e-008	1.7022e-008	1.477e-008	1.3754e-008	1.2844e-008	1.1913e-008	1.1369e-008	1.0564e-008	1.001e-008	9.8037e-009	1.0289e-008	9.693e-009	9.9503e-009	9.7042e-009	1.0191e-008	1.1149e-008	1.2216e-008	1.3569e-008	1.4799e-008	1.6675e-008	1.9029e-008	2.0864e-008	2.4258e-008	2.7742e-008	3.2321e-008	3.6824e-008	4.1872e-008	4.913e-008	5.6753e-008	6.1685e-008	6.5648e-008	6.8711e-008	7.3166e-008	7.7964e-008	8.0828e-008	8.2209e-008	8.3437e-008	8.4746e-008	8.6579e-008	8.7951e-008	8.87e-008	8.9696e-008	8.9953e-008	8.9024e-008	8.7927e-008	8.5995e-008	8.4224e-008	8.3883e-008	8.3213e-008	8.1542e-008	7.9702e-008	7.7806e-008	7.6356e-008	7.4554e-008	7.3708e-008	6.9515e-008	6.6694e-008	6.4656e-008	6.2782e-008	6.095e-008	5.8848e-008	5.7957e-008	5.6828e-008	5.4461e-008	5.1931e-008	4.9702e-008	4.8201e-008	4.6995e-008	4.5422e-008	4.3743e-008	4.1522e-008	4.0298e-008	3.9128e-008	3.7868e-008	3.5483e-008	3.3355e-008	3.1792e-008	2.8977e-008	2.7633e-008	2.7354e-008	2.5626e-008	2.3317e-008	2.1307e-008	1.852e-008	1.7077e-008	1.5604e-008	1.3442e-008	1.0199e-008	8.9324e-009	7.4521e-009	6.0222e-009	4.6973e-009	4.4377e-009
2.0677e-009	1.9372e-009	1.3921e-009	1.213e-009	9.885e-010	1.0535e-009	1.4619e-009	1.7628e-009	1.3975e-009	1.5234e-009	1.9846e-009	2.4047e-009	3.5615e-009	5.8075e-009	8.2048e-009	1.0824e-008	1.4636e-008	1.8656e-008	2.2589e-008	3.0296e-008	3.484e-008	4.0228e-008	4.7576e-008	5.4659e-008	6.1311e-008	6.612e-008	7.1778e-008	7.4735e-008	7.7779e-008	8.06e-008	8.3533e-008	8.4959e-008	8.6254e-008	8.7555e-008	8.8084e-008	8.8437e-008	9.0036e-008	9.0507e-008	9.0009e-008	8.8654e-008	8.7783e-008	8.6484e-008	8.5727e-008	8.4638e-008	8.2602e-008	8.1027e-008	7.8352e-008	7.6248e-008	7.3982e-008	7.3109e-008	7.1327e-008	6.9162e-008	6.8172e-008	6.6331e-008	6.4135e-008	6.1054e-008	5.943e-008	5.6871e-008	5.527e-008	5.2928e-008	5.0574e-008	4.8639e-008	4.7998e-008	4.6145e-008	4.3205e-008	4.1007e-008	3.9349e-008	3.6086e-008	3.3808e-008	3.184e-008	3.0259e-008	2.8852e-008	2.6757e-008	2.3298e-008	2.2521e-008	2.019e-008	1.8187e-008	1.513e-008	1.3323e-008	1.1435e-008	9.1996e-009	7.7759e-009	7.4918e-009	5.687e-009	4.8896e-009	4.2065e-009	3.9383e-009	3.6239e-009	3.5982e-009	3.6748e-009	4.1194e-009	4.9617e-009	5.4091e-009	6.2411e-009	7.5938e-009	8.8699e-009	1.0759e-008	1.3624e-008	1.5558e-008	1.8712e-008	2.1145e-008	2.5441e-008	2.975e-008	3.342e-008	3.9159e-008	4.3022e-008	4.7755e-008	5.397e-008	5.6822e-008	6.162e-008	6.557e-008	6.946e-008	7.2429e-008	7.7066e-008	8.3297e-008	8.664e-008	8.6586e-008	8.6314e-008	8.686e-008	8.8934e-008	8.9999e-008	9.0308e-008	8.9229e-008	8.7875e-008	8.6026e-008	8.5103e-008	8.4187e-008	8.2525e-008	8.1064e-008	7.8817e-008	7.6698e-008	7.5493e-008	7.335e-008	7.1728e-008	6.9512e-008	6.7561e-008	6.552e-008	6.3296e-008	6.2393e-008	6.1597e-008	5.9492e-008	5.7145e-008	5.5491e-008	5.4582e-008	5.3345e-008	5.1333e-008	4.7815e-008	4.528e-008	4.2736e-008	4.0751e-008	3.9341e-008	3.7268e-008	3.576e-008	3.3956e-008	3.1735e-008	2.9829e-008	2.7312e-008	2.4803e-008	2.3378e-008	2.1179e-008	1.9078e-008	1.7379e-008	1.4987e-008	1.2901e-008	1.134e-008	1.003e-008	8.4366e-009	6.7667e-009	4.9387e-009	4.7957e-009	3.7952e-009	3.2253e-009	2.8198e-009	2.5916e-009	2.7644e-009	2.424e-009	1.8604e-009	1.8982e-009	2.2039e-009	2.0751e-009	2.5496e-009	3.3135e-009	4.5692e-009	6.3846e-009	8.3102e-009	1.1246e-008	1.5003e-008	1.9344e-008	2.6337e-008	3.3481e-008	3.9945e-008	4.5086e-008	5.0352e-008	5.7233e-008	6.3245e-008	6.7885e-008	7.117e-008	7.4519e-008	7.761e-008	8.179e-008	8.608e-008	8.6485e-008	8.8961e-008	9.062e-008	9.2944e-008	9.3735e-008	9.2907e-008	9.1968e-008	9.0409e-008	8.9578e-008	8.9236e-008	8.7379e-008	8.4883e-008	8.3804e-008	8.3154e-008	8.0926e-008	7.8761e-008	7.5727e-008	7.343e-008	7.1565e-008	6.9174e-008	6.735e-008	6.4514e-008	6.2284e-008	6.1037e-008	6.0315e-008	5.8723e-008	5.5406e-008	5.1975e-008	4.9732e-008	4.8435e-008	4.6879e-008	4.5068e-008	4.2205e-008	4.0428e-008	3.8012e-008	3.6067e-008	3.4472e-008	3.0506e-008	2.8989e-008	2.7666e-008	2.5925e-008	2.3213e-008	2.2102e-008	2.0029e-008	1.7811e-008	1.5817e-008	1.4544e-008	1.2548e-008	1.1519e-008	9.6581e-009	7.468e-009	6.2489e-009	5.1765e-009	4.3325e-009	3.5416e-009	2.6983e-009	2.3952e-009	2.428e-009	2.3731e-009	2.6548e-009	2.7259e-009	2.7874e-009	3.4436e-009	3.3515e-009	4.0927e-009	5.8842e-009	7.7403e-009	1.0543e-008	1.3213e-008	1.6005e-008	1.8889e-008	2.4111e-008	2.9564e-008	3.4321e-008	4.0782e-008	4.5554e-008	5.1955e-008	5.7383e-008	6.2706e-008	6.896e-008	7.3823e-008	7.7041e-008	8.0741e-008	8.3338e-008	8.4624e-008	8.7006e-008	8.8752e-008	9.0245e-008	9.1394e-008	9.2153e-008	9.2114e-008	9.0961e-008	8.9298e-008	8.8447e-008	8.7088e-008	8.588e-008	8.4387e-008	8.2322e-008	7.9191e-008	7.673e-008	7.6212e-008	7.4579e-008	7.2994e-008	7.1079e-008	6.9553e-008	6.8202e-008	6.6597e-008	6.3167e-008	6.0782e-008	5.7029e-008	5.4913e-008	5.3716e-008	5.2368e-008	5.1197e-008	4.9529e-008	4.6976e-008	4.4474e-008	4.369e-008	4.1951e-008	3.9414e-008	3.6816e-008	3.472e-008	3.296e-008	3.0976e-008	2.9644e-008	2.7485e-008	2.5666e-008	2.4346e-008	2.3181e-008	2.25e-008	2.0862e-008	2.003e-008	1.823e-008	1.7236e-008	1.5057e-008	1.3408e-008	1.2476e-008	1.1069e-008	9.7818e-009	8.53e-009	7.3515e-009	6.7007e-009	5.946e-009	5.4251e-009	5.5742e-009	4.823e-009	5.5463e-009	6.0853e-009	7.2876e-009	8.3072e-009	9.3647e-009	1.0906e-008	1.3295e-008	1.5824e-008	1.9103e-008	2.2139e-008	2.5678e-008	2.9406e-008	3.6733e-008	4.1805e-008	4.7469e-008	5.2326e-008	5.768e-008	6.6209e-008	7.1772e-008	7.5575e-008	7.8373e-008	8.0267e-008	8.2668e-008	8.4549e-008	8.7161e-008	8.9711e-008	9.0528e-008	9.1274e-008	9.0791e-008	9.0735e-008	9.0864e-008	9.044e-008	8.9435e-008	8.7504e-008	8.6616e-008	8.4636e-008	8.2127e-008	8.062e-008	7.8399e-008	7.6275e-008	7.3778e-008	7.2757e-008	7.2185e-008	7.0312e-008	6.9608e-008	6.7952e-008	6.5921e-008	6.4067e-008	6.0597e-008	5.8739e-008	5.7443e-008	5.4932e-008	5.3115e-008	5.2015e-008	5.1855e-008	5.1079e-008	4.8843e-008	4.6393e-008	4.3556e-008	4.1394e-008	3.985e-008	3.8275e-008	3.6563e-008	3.4698e-008	3.3202e-008	3.1075e-008	2.8247e-008	2.6743e-008	2.4636e-008	2.2391e-008	2.0763e-008	1.9481e-008	1.7994e-008	1.6334e-008	1.4892e-008	1.3784e-008	1.2337e-008	1.176e-008	1.1164e-008	1.0358e-008	9.6371e-009	9.2298e-009	9.2689e-009	9.0854e-009	9.233e-009	9.1951e-009	9.5553e-009	1.0318e-008	1.1636e-008	1.2713e-008	1.416e-008	1.5779e-008	1.8374e-008	2.1193e-008	2.4345e-008	2.8161e-008	3.245e-008	3.7693e-008	4.2884e-008	4.9089e-008	5.4731e-008	6.1578e-008	6.6251e-008	6.9716e-008	7.4692e-008	7.7834e-008	7.9811e-008	8.2348e-008	8.3801e-008	8.5515e-008	8.7133e-008	8.8523e-008	8.9077e-008	8.9708e-008	8.9942e-008	8.9112e-008	8.8008e-008	8.6914e-008	8.5155e-008	8.4114e-008	8.3449e-008	8.1274e-008	7.9125e-008	7.7475e-008	7.6648e-008	7.4666e-008	7.2756e-008	6.8464e-008	6.6107e-008	6.4996e-008	6.3335e-008	6.0383e-008	5.8676e-008	5.7883e-008	5.61e-008	5.374e-008	5.2078e-008	4.915e-008	4.7175e-008	4.6236e-008	4.4717e-008	4.3312e-008	4.1724e-008	4.0098e-008	3.9193e-008	3.8113e-008	3.568e-008	3.2208e-008	3.1283e-008	2.9787e-008	2.7012e-008	2.5471e-008	2.3917e-008	2.3234e-008	2.1228e-008	1.7854e-008	1.7428e-008	1.4489e-008	1.2308e-008	1.0673e-008	8.4164e-009	6.9818e-009	5.5646e-009	4.2696e-009	4.0905e-009
2.192e-009	2.2882e-009	2.2673e-009	1.5741e-009	1.4739e-009	1.2937e-009	1.7917e-009	1.5252e-009	1.542e-009	1.9208e-009	2.545e-009	2.7195e-009	3.2056e-009	5.2131e-009	7.3996e-009	9.9419e-009	1.3965e-008	1.7713e-008	2.1966e-008	2.6783e-008	3.3571e-008	4.0106e-008	4.6717e-008	5.3489e-008	6.1901e-008	6.7077e-008	7.2396e-008	7.6052e-008	7.8821e-008	8.1314e-008	8.3757e-008	8.5353e-008	8.7499e-008	8.8708e-008	9.0221e-008	9.0457e-008	9.1095e-008	9.096e-008	8.99e-008	8.9014e-008	8.8019e-008	8.789e-008	8.6882e-008	8.544e-008	8.417e-008	8.2373e-008	7.9833e-008	7.6159e-008	7.3947e-008	7.2721e-008	7.1387e-008	7.0152e-008	6.8543e-008	6.6768e-008	6.375e-008	6.1024e-008	5.9605e-008	5.685e-008	5.5422e-008	5.278e-008	5.105e-008	4.9112e-008	4.8173e-008	4.5709e-008	4.3142e-008	4.0142e-008	3.8558e-008	3.6961e-008	3.4967e-008	3.3151e-008	3.069e-008	2.9394e-008	2.7571e-008	2.4455e-008	2.2982e-008	2.0355e-008	1.7808e-008	1.579e-008	1.342e-008	1.1453e-008	9.393e-009	8.2546e-009	6.8777e-009	5.1754e-009	5.071e-009	4.4955e-009	3.7484e-009	3.3222e-009	3.3268e-009	3.6948e-009	3.9312e-009	4.6671e-009	5.0009e-009	5.7202e-009	7.2341e-009	8.7228e-009	1.0397e-008	1.2063e-008	1.513e-008	1.7327e-008	2.0627e-008	2.4746e-008	2.966e-008	3.4269e-008	4.0285e-008	4.3051e-008	4.7449e-008	5.3708e-008	5.6689e-008	6.1667e-008	6.7049e-008	6.9574e-008	7.2594e-008	7.7039e-008	8.1512e-008	8.5637e-008	8.5709e-008	8.6442e-008	8.8186e-008	8.9548e-008	9.0253e-008	8.9878e-008	8.9139e-008	8.6976e-008	8.6182e-008	8.4884e-008	8.3449e-008	8.2839e-008	8.1028e-008	7.9009e-008	7.7428e-008	7.681e-008	7.5689e-008	7.2297e-008	6.9588e-008	6.6983e-008	6.5082e-008	6.3855e-008	6.2644e-008	6.1301e-008	5.8749e-008	5.5765e-008	5.4621e-008	5.3839e-008	5.3287e-008	5.1671e-008	4.7815e-008	4.5549e-008	4.222e-008	4.0438e-008	3.8945e-008	3.7414e-008	3.6102e-008	3.4259e-008	3.1533e-008	2.9285e-008	2.6905e-008	2.4754e-008	2.2997e-008	2.0906e-008	1.8337e-008	1.6443e-008	1.4214e-008	1.2577e-008	1.107e-008	1.0092e-008	7.4976e-009	5.9683e-009	5.0844e-009	4.602e-009	3.3873e-009	3.2715e-009	3.2819e-009	2.8819e-009	3.3861e-009	3.3955e-009	2.4486e-009	2.1066e-009	2.4595e-009	2.4825e-009	3.1453e-009	3.8186e-009	4.8516e-009	6.6057e-009	8.6466e-009	1.1287e-008	1.4952e-008	1.959e-008	2.6006e-008	3.281e-008	4.0371e-008	4.5818e-008	5.0141e-008	5.5928e-008	6.3457e-008	6.7412e-008	7.1037e-008	7.5246e-008	7.8013e-008	8.269e-008	8.6419e-008	8.776e-008	8.9224e-008	9.0637e-008	9.2453e-008	9.3399e-008	9.2377e-008	9.1222e-008	8.9862e-008	8.9205e-008	8.837e-008	8.6096e-008	8.4793e-008	8.3918e-008	8.2566e-008	8.0117e-008	7.8072e-008	7.538e-008	7.2611e-008	7.1165e-008	6.9536e-008	6.724e-008	6.404e-008	6.2057e-008	6.1238e-008	6.0954e-008	5.9355e-008	5.4748e-008	5.1166e-008	4.9487e-008	4.7541e-008	4.6222e-008	4.4411e-008	4.2513e-008	4.0081e-008	3.8026e-008	3.6851e-008	3.4045e-008	3.0893e-008	2.9388e-008	2.6948e-008	2.3778e-008	2.1746e-008	2.1437e-008	2e-008	1.7768e-008	1.5679e-008	1.3981e-008	1.1596e-008	1.0108e-008	8.2862e-009	6.5972e-009	5.4536e-009	4.3276e-009	3.4712e-009	2.7392e-009	2.4399e-009	2.1756e-009	2.3874e-009	2.6264e-009	2.6804e-009	2.8575e-009	2.9567e-009	3.6348e-009	3.3081e-009	3.7065e-009	5.2517e-009	7.1387e-009	9.6849e-009	1.2814e-008	1.6285e-008	1.8678e-008	2.2952e-008	2.9332e-008	3.4547e-008	3.9436e-008	4.3935e-008	5.1957e-008	5.7038e-008	6.2007e-008	6.6462e-008	7.3308e-008	7.6584e-008	7.9679e-008	8.2752e-008	8.4578e-008	8.7107e-008	8.9396e-008	9.1421e-008	9.2763e-008	9.3331e-008	9.3076e-008	9.1511e-008	8.9517e-008	8.827e-008	8.7753e-008	8.6286e-008	8.4438e-008	8.1605e-008	7.9193e-008	7.6985e-008	7.5222e-008	7.3441e-008	7.2481e-008	7.1087e-008	6.9554e-008	6.8481e-008	6.6705e-008	6.3944e-008	6.1342e-008	5.7418e-008	5.5821e-008	5.4487e-008	5.339e-008	5.1725e-008	5.0091e-008	4.6546e-008	4.356e-008	4.2281e-008	4.0828e-008	3.8982e-008	3.6497e-008	3.4304e-008	3.2035e-008	3.0766e-008	2.9086e-008	2.7828e-008	2.5874e-008	2.3853e-008	2.2827e-008	2.1663e-008	2.028e-008	1.9333e-008	1.7334e-008	1.5828e-008	1.3756e-008	1.2803e-008	1.165e-008	9.9026e-009	8.7616e-009	7.4903e-009	6.1888e-009	5.0597e-009	4.4289e-009	4.4523e-009	4.3094e-009	3.9172e-009	4.6982e-009	5.3857e-009	6.6128e-009	7.7942e-009	8.969e-009	1.0273e-008	1.2756e-008	1.5243e-008	1.7966e-008	2.1335e-008	2.5108e-008	2.8553e-008	3.6776e-008	4.2609e-008	4.8135e-008	5.2457e-008	5.7318e-008	6.4664e-008	7.1435e-008	7.5501e-008	7.7203e-008	8.0388e-008	8.2959e-008	8.5432e-008	8.7401e-008	8.9908e-008	9.0224e-008	9.0433e-008	9.0056e-008	9.0175e-008	9.0071e-008	8.9758e-008	8.8584e-008	8.7324e-008	8.6621e-008	8.4393e-008	8.1941e-008	7.971e-008	7.8216e-008	7.7252e-008	7.5804e-008	7.3992e-008	7.303e-008	7.0975e-008	6.8963e-008	6.788e-008	6.6431e-008	6.2915e-008	6.0084e-008	5.7919e-008	5.6815e-008	5.4675e-008	5.2872e-008	5.1762e-008	5.1625e-008	5.0183e-008	4.7977e-008	4.5364e-008	4.3424e-008	4.2078e-008	4.0643e-008	3.8294e-008	3.6294e-008	3.4764e-008	3.2461e-008	3.0396e-008	2.8247e-008	2.5542e-008	2.3846e-008	2.1999e-008	2.0428e-008	1.8209e-008	1.7039e-008	1.566e-008	1.4254e-008	1.2511e-008	1.1611e-008	1.0822e-008	1.072e-008	1.0025e-008	9.36e-009	8.4765e-009	8.4713e-009	8.3975e-009	8.7728e-009	8.9329e-009	9.1892e-009	9.5936e-009	1.0832e-008	1.1724e-008	1.2951e-008	1.5272e-008	1.7895e-008	2.107e-008	2.3559e-008	2.7316e-008	3.2786e-008	3.656e-008	4.3255e-008	4.9575e-008	5.5704e-008	6.1515e-008	6.615e-008	7.1025e-008	7.6178e-008	7.8403e-008	7.9965e-008	8.191e-008	8.4936e-008	8.6358e-008	8.7495e-008	8.8874e-008	8.8817e-008	8.918e-008	8.9631e-008	8.8951e-008	8.7955e-008	8.7107e-008	8.5675e-008	8.4231e-008	8.3196e-008	8.1278e-008	7.8979e-008	7.7317e-008	7.5643e-008	7.445e-008	7.2466e-008	6.8114e-008	6.7187e-008	6.5781e-008	6.4043e-008	6.1486e-008	5.9484e-008	5.7185e-008	5.4983e-008	5.3655e-008	5.1118e-008	4.8171e-008	4.7125e-008	4.6071e-008	4.5078e-008	4.2792e-008	4.1601e-008	3.9899e-008	3.8604e-008	3.7168e-008	3.4384e-008	3.1665e-008	3.1528e-008	2.9588e-008	2.6099e-008	2.4466e-008	2.2978e-008	2.2931e-008	2.0724e-008	1.704e-008	1.6537e-008	1.3708e-008	1.1573e-008	9.9409e-009	6.7618e-009	5.3512e-009	4.9918e-009	3.9446e-009	3.4611e-009
8.897e-010	1.4039e-009	1.8643e-009	1.4338e-009	1.1318e-009	1.254e-009	1.7802e-009	1.4493e-009	1.2763e-009	1.7584e-009	2.4681e-009	2.6684e-009	3.5112e-009	4.8692e-009	7.2303e-009	9.7091e-009	1.2736e-008	1.6304e-008	2.099e-008	2.7138e-008	3.4059e-008	4.1059e-008	4.7648e-008	5.4965e-008	6.1372e-008	6.8874e-008	7.3481e-008	7.6974e-008	7.94e-008	8.1564e-008	8.3861e-008	8.6027e-008	8.7791e-008	8.9991e-008	9.0941e-008	9.1376e-008	9.1315e-008	9.0713e-008	8.9806e-008	8.876e-008	8.8172e-008	8.8207e-008	8.7418e-008	8.503e-008	8.3908e-008	8.2006e-008	7.9067e-008	7.523e-008	7.367e-008	7.2483e-008	7.1714e-008	7.0936e-008	6.896e-008	6.5906e-008	6.3152e-008	6.0935e-008	5.9444e-008	5.7177e-008	5.498e-008	5.2641e-008	5.0758e-008	4.9777e-008	4.8696e-008	4.552e-008	4.2922e-008	4.0723e-008	3.8463e-008	3.7104e-008	3.5223e-008	3.2857e-008	3.0307e-008	2.906e-008	2.6883e-008	2.4534e-008	2.2403e-008	1.9821e-008	1.7429e-008	1.5167e-008	1.2958e-008	1.0459e-008	8.9221e-009	6.7381e-009	5.8438e-009	4.6053e-009	4.2908e-009	3.6343e-009	3.0594e-009	3.1064e-009	3.0312e-009	2.965e-009	3.3194e-009	3.666e-009	4.4192e-009	4.902e-009	6.6976e-009	7.9774e-009	9.3503e-009	1.1394e-008	1.4227e-008	1.6244e-008	2.0076e-008	2.4189e-008	2.8085e-008	3.3931e-008	3.9639e-008	4.3108e-008	4.6551e-008	5.2215e-008	5.7253e-008	6.3757e-008	6.7965e-008	7.01e-008	7.3889e-008	7.6679e-008	8.1039e-008	8.3701e-008	8.5604e-008	8.7079e-008	8.8331e-008	8.9638e-008	9.0115e-008	8.9108e-008	8.8283e-008	8.6835e-008	8.5905e-008	8.5234e-008	8.3035e-008	8.2098e-008	8.0481e-008	7.8621e-008	7.7458e-008	7.698e-008	7.5701e-008	7.2404e-008	6.8911e-008	6.6675e-008	6.5017e-008	6.3599e-008	6.2758e-008	6.0589e-008	5.8402e-008	5.5628e-008	5.4106e-008	5.317e-008	5.2064e-008	5.0305e-008	4.7655e-008	4.4449e-008	4.1391e-008	3.9828e-008	3.8518e-008	3.6675e-008	3.5396e-008	3.2831e-008	3.1197e-008	2.8843e-008	2.584e-008	2.3798e-008	2.1964e-008	1.9333e-008	1.7829e-008	1.5381e-008	1.4196e-008	1.243e-008	1.0904e-008	9.7139e-009	6.8982e-009	5.6872e-009	4.5168e-009	3.7151e-009	3.4157e-009	3.3246e-009	2.9372e-009	2.9288e-009	2.9014e-009	3.0414e-009	2.892e-009	2.7009e-009	2.6859e-009	2.6294e-009	3.1516e-009	3.858e-009	4.3938e-009	5.9661e-009	8.8125e-009	1.1419e-008	1.4924e-008	1.9747e-008	2.6489e-008	3.4425e-008	4.0157e-008	4.5571e-008	4.9905e-008	5.5417e-008	6.2667e-008	6.6718e-008	7.1136e-008	7.5416e-008	7.8901e-008	8.2221e-008	8.5821e-008	8.7626e-008	8.8981e-008	8.995e-008	9.0866e-008	9.1508e-008	9.0587e-008	9.0114e-008	8.8797e-008	8.8179e-008	8.7397e-008	8.5966e-008	8.447e-008	8.3322e-008	8.1435e-008	7.8799e-008	7.6972e-008	7.5276e-008	7.2537e-008	7.135e-008	6.8828e-008	6.6456e-008	6.3158e-008	6.2126e-008	6.1062e-008	5.9923e-008	5.8639e-008	5.3907e-008	5.0882e-008	4.8803e-008	4.7668e-008	4.6542e-008	4.4566e-008	4.2932e-008	3.9366e-008	3.7647e-008	3.6212e-008	3.3563e-008	3.1031e-008	2.8725e-008	2.6397e-008	2.363e-008	2.1426e-008	2.0253e-008	1.8468e-008	1.7239e-008	1.5112e-008	1.3147e-008	1.0989e-008	8.7332e-009	6.9933e-009	5.6626e-009	4.5143e-009	3.4508e-009	2.926e-009	2.3623e-009	2.1007e-009	2.0813e-009	2.1576e-009	2.2628e-009	2.0782e-009	2.4016e-009	2.6509e-009	3.3026e-009	3.1923e-009	3.4103e-009	3.9557e-009	5.6541e-009	8.6758e-009	1.0915e-008	1.4748e-008	1.8065e-008	2.1714e-008	2.7909e-008	3.437e-008	3.821e-008	4.3422e-008	5.0351e-008	5.7831e-008	6.3062e-008	6.6169e-008	7.0886e-008	7.4638e-008	7.9098e-008	8.1562e-008	8.4213e-008	8.7156e-008	8.967e-008	9.2001e-008	9.3197e-008	9.3443e-008	9.2545e-008	9.1052e-008	8.9585e-008	8.8017e-008	8.7755e-008	8.6798e-008	8.4842e-008	8.1484e-008	7.8684e-008	7.6598e-008	7.4983e-008	7.3492e-008	7.2346e-008	7.1393e-008	6.9616e-008	6.7858e-008	6.6199e-008	6.4146e-008	6.2362e-008	5.8405e-008	5.6193e-008	5.5039e-008	5.3049e-008	5.1173e-008	4.9133e-008	4.5668e-008	4.2984e-008	4.1691e-008	3.9391e-008	3.8284e-008	3.6594e-008	3.3644e-008	3.2189e-008	3.0561e-008	2.8978e-008	2.7618e-008	2.5659e-008	2.3861e-008	2.2037e-008	2.0605e-008	1.9287e-008	1.8447e-008	1.6895e-008	1.472e-008	1.2892e-008	1.1653e-008	1.0002e-008	8.5794e-009	7.5437e-009	6.6065e-009	4.2307e-009	3.4094e-009	3.3214e-009	3.2885e-009	3.2935e-009	3.327e-009	3.3206e-009	3.8642e-009	5.0007e-009	6.8286e-009	8.0822e-009	9.5016e-009	1.1771e-008	1.4803e-008	1.7849e-008	2.0611e-008	2.4762e-008	2.9278e-008	3.5882e-008	4.2092e-008	4.6908e-008	5.2193e-008	5.7818e-008	6.3997e-008	6.9779e-008	7.4226e-008	7.6008e-008	8.0161e-008	8.2454e-008	8.489e-008	8.7313e-008	8.912e-008	9.0141e-008	8.9593e-008	8.9109e-008	8.9695e-008	8.9843e-008	8.9175e-008	8.7741e-008	8.6948e-008	8.6311e-008	8.3899e-008	8.0841e-008	7.8573e-008	7.7939e-008	7.6977e-008	7.6141e-008	7.3372e-008	7.2053e-008	7.028e-008	6.8195e-008	6.7108e-008	6.5696e-008	6.337e-008	5.9775e-008	5.7479e-008	5.578e-008	5.4059e-008	5.2835e-008	5.1654e-008	5.1235e-008	4.9323e-008	4.7212e-008	4.5044e-008	4.3872e-008	4.2478e-008	4.0366e-008	3.825e-008	3.5296e-008	3.3531e-008	3.1504e-008	2.9741e-008	2.8247e-008	2.5802e-008	2.3898e-008	2.1486e-008	1.997e-008	1.798e-008	1.6182e-008	1.5088e-008	1.368e-008	1.2096e-008	1.1009e-008	1.0421e-008	9.9414e-009	9.3956e-009	8.1365e-009	7.4061e-009	6.8303e-009	7.2046e-009	7.5997e-009	7.2739e-009	7.5981e-009	8.5869e-009	9.7641e-009	1.0763e-008	1.2316e-008	1.4233e-008	1.7642e-008	1.9982e-008	2.2225e-008	2.6776e-008	3.1108e-008	3.5147e-008	4.1218e-008	4.8041e-008	5.5272e-008	6.0386e-008	6.5991e-008	7.023e-008	7.592e-008	7.9104e-008	8.1951e-008	8.3083e-008	8.567e-008	8.6544e-008	8.777e-008	8.8269e-008	8.8365e-008	8.8424e-008	8.9117e-008	8.8813e-008	8.7597e-008	8.6992e-008	8.5172e-008	8.4072e-008	8.3085e-008	8.1699e-008	7.9375e-008	7.7464e-008	7.5723e-008	7.4068e-008	7.2294e-008	7.0597e-008	6.8164e-008	6.6299e-008	6.4631e-008	6.1286e-008	5.9697e-008	5.7266e-008	5.4885e-008	5.2722e-008	5.1065e-008	4.8959e-008	4.7381e-008	4.6494e-008	4.5763e-008	4.274e-008	4.1027e-008	3.9023e-008	3.6641e-008	3.4696e-008	3.3304e-008	3.2176e-008	3.0975e-008	2.8739e-008	2.4965e-008	2.3483e-008	2.2187e-008	2.096e-008	1.9327e-008	1.6962e-008	1.4768e-008	1.2402e-008	1.0079e-008	7.9163e-009	6.0363e-009	4.9198e-009	3.7676e-009	3.632e-009	3.5895e-009
1.135e-009	1.0222e-009	1.2264e-009	1.396e-009	1.3114e-009	1.6159e-009	1.66e-009	1.6272e-009	1.2739e-009	1.7386e-009	2.1532e-009	2.4122e-009	3.5963e-009	4.5399e-009	6.6928e-009	9.7681e-009	1.2128e-008	1.53e-008	1.8983e-008	2.6259e-008	3.337e-008	4.0017e-008	4.8576e-008	5.3921e-008	6.1775e-008	6.649e-008	7.377e-008	7.8082e-008	8.0091e-008	8.2034e-008	8.4321e-008	8.581e-008	8.799e-008	9.0037e-008	9.1343e-008	9.206e-008	9.2339e-008	9.1157e-008	8.93e-008	8.8903e-008	8.8339e-008	8.7771e-008	8.6904e-008	8.4532e-008	8.3136e-008	8.1628e-008	7.8443e-008	7.5085e-008	7.3891e-008	7.1999e-008	7.178e-008	7.1267e-008	6.9524e-008	6.5879e-008	6.3094e-008	6.1273e-008	5.9174e-008	5.7045e-008	5.526e-008	5.3151e-008	5.179e-008	5.0152e-008	4.8834e-008	4.6829e-008	4.4171e-008	4.0612e-008	3.9027e-008	3.7432e-008	3.5151e-008	3.2905e-008	3.0144e-008	2.8339e-008	2.6179e-008	2.399e-008	2.1883e-008	1.9026e-008	1.7143e-008	1.4277e-008	1.2456e-008	1.0101e-008	8.6582e-009	6.3531e-009	4.9595e-009	4.4795e-009	3.8229e-009	3.3189e-009	3.0687e-009	3.2846e-009	3.0658e-009	3.1569e-009	3.2641e-009	3.5587e-009	4.1628e-009	4.8098e-009	5.5223e-009	6.4572e-009	8.2644e-009	1.093e-008	1.3368e-008	1.5835e-008	1.9485e-008	2.3178e-008	2.8362e-008	3.2363e-008	3.8226e-008	4.2103e-008	4.5964e-008	5.236e-008	5.7997e-008	6.2749e-008	6.8325e-008	7.0854e-008	7.4647e-008	7.9065e-008	8.3238e-008	8.4492e-008	8.6134e-008	8.7654e-008	8.8149e-008	8.9042e-008	8.9388e-008	8.8577e-008	8.7458e-008	8.6516e-008	8.5501e-008	8.4702e-008	8.3033e-008	8.1998e-008	8.0744e-008	7.9007e-008	7.766e-008	7.6748e-008	7.4815e-008	7.093e-008	6.9038e-008	6.6786e-008	6.6078e-008	6.4197e-008	6.2841e-008	6.0176e-008	5.7468e-008	5.5123e-008	5.3409e-008	5.2135e-008	5.098e-008	4.8916e-008	4.6814e-008	4.4296e-008	4.1639e-008	3.9085e-008	3.799e-008	3.6588e-008	3.487e-008	3.2726e-008	3.125e-008	2.8971e-008	2.6678e-008	2.3922e-008	2.1274e-008	1.9671e-008	1.7374e-008	1.5205e-008	1.385e-008	1.1947e-008	1.003e-008	8.7599e-009	7.2201e-009	4.9794e-009	4.3083e-009	3.8382e-009	3.0759e-009	3.1376e-009	2.9962e-009	2.6252e-009	1.9993e-009	2.2453e-009	3.1297e-009	2.8712e-009	2.6411e-009	2.7329e-009	3.2367e-009	3.9218e-009	4.4833e-009	5.7809e-009	8.7034e-009	1.2049e-008	1.4867e-008	2.1182e-008	2.7079e-008	3.3511e-008	3.9892e-008	4.4819e-008	4.8646e-008	5.5532e-008	6.0747e-008	6.5829e-008	7.0448e-008	7.5693e-008	7.8803e-008	8.2486e-008	8.4972e-008	8.7126e-008	8.7775e-008	8.8947e-008	8.948e-008	8.9294e-008	8.9849e-008	8.9702e-008	8.8725e-008	8.7858e-008	8.6916e-008	8.5693e-008	8.4445e-008	8.2512e-008	8.0098e-008	7.7477e-008	7.4733e-008	7.3138e-008	7.1742e-008	7.0516e-008	6.8925e-008	6.6765e-008	6.3915e-008	6.2284e-008	6.0426e-008	5.8914e-008	5.776e-008	5.4972e-008	5.0427e-008	4.8777e-008	4.7469e-008	4.6219e-008	4.5114e-008	4.2568e-008	3.9395e-008	3.6948e-008	3.56e-008	3.3422e-008	3.1221e-008	2.8318e-008	2.5356e-008	2.3343e-008	2.1235e-008	1.9685e-008	1.8329e-008	1.5961e-008	1.3791e-008	1.1772e-008	1.0017e-008	7.1886e-009	5.8693e-009	4.5162e-009	3.6831e-009	2.8173e-009	2.5387e-009	2.204e-009	2.243e-009	1.9072e-009	1.833e-009	2.0314e-009	2.067e-009	2.3902e-009	2.6726e-009	2.8011e-009	2.8257e-009	3.1231e-009	4.244e-009	5.7407e-009	7.9244e-009	1.0722e-008	1.391e-008	1.7694e-008	2.1154e-008	2.7618e-008	3.3521e-008	3.8676e-008	4.3903e-008	5.0818e-008	5.7687e-008	6.3058e-008	6.6508e-008	7.0161e-008	7.4547e-008	7.8452e-008	8.1639e-008	8.3931e-008	8.6677e-008	8.969e-008	9.1779e-008	9.2507e-008	9.308e-008	9.2092e-008	9.056e-008	8.8671e-008	8.7472e-008	8.7613e-008	8.6492e-008	8.507e-008	8.094e-008	7.8013e-008	7.5944e-008	7.4911e-008	7.3912e-008	7.2215e-008	7.0502e-008	6.9225e-008	6.7991e-008	6.6262e-008	6.4013e-008	6.2236e-008	5.9483e-008	5.6581e-008	5.493e-008	5.3294e-008	5.0616e-008	4.8059e-008	4.5669e-008	4.3023e-008	4.1322e-008	3.9367e-008	3.7762e-008	3.6512e-008	3.4112e-008	3.3075e-008	3.0572e-008	2.8129e-008	2.6563e-008	2.4996e-008	2.3331e-008	2.1923e-008	1.9926e-008	1.8632e-008	1.7669e-008	1.6287e-008	1.4215e-008	1.1968e-008	1.0653e-008	8.9256e-009	7.7813e-009	6.3585e-009	5.0778e-009	3.735e-009	3.4564e-009	3.0175e-009	3.0049e-009	2.8924e-009	2.954e-009	3.1984e-009	3.6309e-009	4.3575e-009	5.8659e-009	7.8746e-009	9.1483e-009	1.1468e-008	1.4462e-008	1.7367e-008	2.066e-008	2.493e-008	2.9514e-008	3.7165e-008	4.2126e-008	4.636e-008	5.2087e-008	5.6626e-008	6.3642e-008	6.8792e-008	7.2854e-008	7.5403e-008	7.9452e-008	8.1887e-008	8.4049e-008	8.7134e-008	8.9051e-008	9.0431e-008	8.9904e-008	8.8837e-008	8.9254e-008	8.8832e-008	8.7351e-008	8.5971e-008	8.5247e-008	8.4114e-008	8.0425e-008	7.8954e-008	7.7798e-008	7.716e-008	7.6365e-008	7.5399e-008	7.2924e-008	7.0599e-008	6.9299e-008	6.8031e-008	6.6802e-008	6.4744e-008	6.2172e-008	5.9893e-008	5.7058e-008	5.5682e-008	5.4055e-008	5.2478e-008	5.0575e-008	4.9123e-008	4.8008e-008	4.5932e-008	4.4427e-008	4.3075e-008	4.14e-008	3.9502e-008	3.7051e-008	3.4734e-008	3.2826e-008	3.0694e-008	2.9621e-008	2.7731e-008	2.626e-008	2.4393e-008	2.072e-008	1.8962e-008	1.7006e-008	1.5529e-008	1.4371e-008	1.2795e-008	1.1438e-008	1.0507e-008	9.4467e-009	8.7551e-009	7.8902e-009	7.1694e-009	6.7228e-009	6.2624e-009	5.9446e-009	6.4361e-009	6.7636e-009	6.9058e-009	7.6692e-009	8.648e-009	1.0378e-008	1.1914e-008	1.3894e-008	1.6503e-008	1.8875e-008	2.1591e-008	2.6454e-008	2.9846e-008	3.5066e-008	4.0596e-008	4.7345e-008	5.3962e-008	6.0879e-008	6.6472e-008	7.1502e-008	7.5737e-008	7.9269e-008	8.2835e-008	8.444e-008	8.6468e-008	8.7953e-008	8.8122e-008	8.8201e-008	8.8737e-008	8.8662e-008	8.8746e-008	8.8308e-008	8.7375e-008	8.7028e-008	8.5321e-008	8.4333e-008	8.3103e-008	8.1832e-008	7.9959e-008	7.7381e-008	7.5611e-008	7.3584e-008	7.1981e-008	7.1538e-008	7.0359e-008	6.6574e-008	6.5472e-008	6.2651e-008	6.0512e-008	5.7472e-008	5.4812e-008	5.3254e-008	5.1406e-008	5.0115e-008	4.8172e-008	4.6356e-008	4.5303e-008	4.262e-008	4.0751e-008	3.8206e-008	3.56e-008	3.3414e-008	3.2944e-008	3.2284e-008	2.9844e-008	2.7496e-008	2.4275e-008	2.2896e-008	2.1637e-008	1.9753e-008	1.7614e-008	1.4767e-008	1.3185e-008	1.1145e-008	8.7489e-009	6.9434e-009	5.4888e-009	4.5558e-009	3.5007e-009	3.0886e-009	2.9498e-009
1.5056e-009	9.892e-010	1.0606e-009	9.1497e-010	1.2567e-009	1.013e-009	1.2586e-009	1.1051e-009	8.3429e-010	1.127e-009	1.8356e-009	2.0953e-009	2.7128e-009	3.6825e-009	5.4507e-009	8.3639e-009	1.1629e-008	1.4558e-008	1.8235e-008	2.5869e-008	3.3146e-008	4.0837e-008	4.8349e-008	5.4875e-008	6.0656e-008	6.5542e-008	7.0811e-008	7.7729e-008	7.9942e-008	8.2051e-008	8.4461e-008	8.5118e-008	8.6907e-008	8.9146e-008	9.0935e-008	9.2104e-008	9.2135e-008	9.1139e-008	8.8967e-008	8.812e-008	8.7804e-008	8.7124e-008	8.6279e-008	8.4439e-008	8.2618e-008	8.0825e-008	7.7769e-008	7.5507e-008	7.3107e-008	7.2302e-008	7.1268e-008	7.0463e-008	6.8751e-008	6.6355e-008	6.2493e-008	6.0919e-008	5.8817e-008	5.7007e-008	5.5156e-008	5.3348e-008	5.2037e-008	5.0278e-008	4.8389e-008	4.6292e-008	4.4419e-008	4.0265e-008	3.8645e-008	3.7287e-008	3.4894e-008	3.2137e-008	2.9709e-008	2.7502e-008	2.5871e-008	2.4171e-008	2.2129e-008	1.9175e-008	1.7063e-008	1.4257e-008	1.1802e-008	9.4837e-009	7.4618e-009	5.9682e-009	5.2753e-009	4.4058e-009	3.3469e-009	2.8112e-009	2.6861e-009	3.0675e-009	3.2153e-009	2.9819e-009	3.2758e-009	3.8044e-009	3.948e-009	4.1287e-009	4.9651e-009	6.0136e-009	7.5147e-009	1.0346e-008	1.2619e-008	1.5313e-008	1.9083e-008	2.2444e-008	2.7412e-008	3.2311e-008	3.7034e-008	4.1197e-008	4.4423e-008	5.1001e-008	5.8365e-008	6.263e-008	6.7649e-008	7.0568e-008	7.5083e-008	7.9621e-008	8.3577e-008	8.5202e-008	8.6321e-008	8.7508e-008	8.8047e-008	8.8328e-008	8.8381e-008	8.8438e-008	8.7513e-008	8.5928e-008	8.49e-008	8.4208e-008	8.3298e-008	8.2467e-008	8.0542e-008	7.9284e-008	7.7524e-008	7.5803e-008	7.4409e-008	7.1595e-008	6.9803e-008	6.7761e-008	6.6174e-008	6.4124e-008	6.2397e-008	6.0207e-008	5.7387e-008	5.5455e-008	5.3705e-008	5.1888e-008	5.0365e-008	4.7899e-008	4.6171e-008	4.3496e-008	4.1145e-008	3.9526e-008	3.7995e-008	3.6085e-008	3.4074e-008	3.1784e-008	2.9956e-008	2.7763e-008	2.6455e-008	2.4608e-008	2.2007e-008	1.9758e-008	1.8088e-008	1.5402e-008	1.3529e-008	1.1919e-008	9.7392e-009	8.5961e-009	6.295e-009	4.6705e-009	3.6571e-009	3.4683e-009	3.0511e-009	2.9532e-009	2.8922e-009	2.2833e-009	1.9413e-009	2.9561e-009	2.8922e-009	2.3547e-009	2.2223e-009	2.2001e-009	3.0711e-009	4.0388e-009	4.9235e-009	6.3023e-009	8.582e-009	1.2357e-008	1.6225e-008	2.1021e-008	2.7557e-008	3.4521e-008	3.9093e-008	4.4473e-008	4.9645e-008	5.5343e-008	6.2233e-008	6.7112e-008	7.0441e-008	7.4724e-008	7.8079e-008	8.1655e-008	8.4866e-008	8.6388e-008	8.7712e-008	8.824e-008	8.8884e-008	8.8987e-008	8.9818e-008	8.9647e-008	8.8554e-008	8.7316e-008	8.6573e-008	8.55e-008	8.4336e-008	8.2369e-008	7.9532e-008	7.6596e-008	7.3949e-008	7.1937e-008	7.0395e-008	6.9101e-008	6.7995e-008	6.5763e-008	6.3938e-008	6.1891e-008	5.9912e-008	5.8148e-008	5.695e-008	5.5165e-008	5.0646e-008	4.8746e-008	4.7476e-008	4.6217e-008	4.4976e-008	4.2588e-008	3.975e-008	3.7006e-008	3.4923e-008	3.2517e-008	3.0612e-008	2.7176e-008	2.5497e-008	2.328e-008	2.1242e-008	1.9583e-008	1.6909e-008	1.4406e-008	1.2468e-008	1.0654e-008	8.0746e-009	5.8173e-009	4.5717e-009	3.8625e-009	2.9053e-009	1.6224e-009	2.1724e-009	2.5249e-009	2.2208e-009	2.1571e-009	1.7365e-009	1.2932e-009	1.5938e-009	1.8609e-009	2.0939e-009	2.3125e-009	2.7157e-009	3.3553e-009	4.5764e-009	5.6951e-009	7.6416e-009	1.0342e-008	1.336e-008	1.7014e-008	2.0363e-008	2.6269e-008	3.2651e-008	3.9104e-008	4.5358e-008	5.146e-008	5.7156e-008	6.2562e-008	6.6054e-008	6.9896e-008	7.4662e-008	7.8718e-008	8.106e-008	8.4283e-008	8.6973e-008	8.8938e-008	9.182e-008	9.2083e-008	9.2217e-008	9.1236e-008	8.9371e-008	8.785e-008	8.661e-008	8.6665e-008	8.5905e-008	8.424e-008	8.0974e-008	7.7524e-008	7.5846e-008	7.4901e-008	7.3963e-008	7.2388e-008	6.9746e-008	6.834e-008	6.7138e-008	6.5431e-008	6.3376e-008	6.1559e-008	6.0184e-008	5.7418e-008	5.5018e-008	5.3248e-008	4.9999e-008	4.6724e-008	4.5168e-008	4.333e-008	4.1202e-008	3.9508e-008	3.7276e-008	3.599e-008	3.4066e-008	3.2713e-008	3.0739e-008	2.7582e-008	2.5985e-008	2.4133e-008	2.2465e-008	2.1046e-008	1.9325e-008	1.7943e-008	1.6924e-008	1.5312e-008	1.2841e-008	1.1115e-008	9.4671e-009	7.8587e-009	6.4595e-009	4.9815e-009	3.9337e-009	3.0653e-009	3.1505e-009	2.9536e-009	2.6179e-009	2.4817e-009	2.7177e-009	3.0692e-009	3.3589e-009	4.0263e-009	5.4302e-009	7.0244e-009	8.6704e-009	1.0419e-008	1.3485e-008	1.644e-008	2.0634e-008	2.4514e-008	2.9735e-008	3.693e-008	4.1895e-008	4.5727e-008	5.0529e-008	5.6996e-008	6.4919e-008	6.8737e-008	7.1276e-008	7.5172e-008	7.856e-008	8.1462e-008	8.4128e-008	8.7531e-008	8.9092e-008	9.004e-008	8.9667e-008	8.8267e-008	8.882e-008	8.8254e-008	8.6059e-008	8.5154e-008	8.4003e-008	8.2321e-008	8.0885e-008	7.9838e-008	7.7736e-008	7.6631e-008	7.5405e-008	7.3973e-008	7.1704e-008	6.9744e-008	6.839e-008	6.7612e-008	6.6076e-008	6.4105e-008	6.2151e-008	5.9525e-008	5.7329e-008	5.5459e-008	5.4104e-008	5.2508e-008	4.9957e-008	4.8412e-008	4.7439e-008	4.5971e-008	4.3725e-008	4.2474e-008	4.0725e-008	3.8726e-008	3.6345e-008	3.398e-008	3.2505e-008	3.135e-008	2.9341e-008	2.779e-008	2.5041e-008	2.3667e-008	2.0127e-008	1.8368e-008	1.6711e-008	1.5288e-008	1.2977e-008	1.0569e-008	9.4714e-009	8.8299e-009	7.9368e-009	7.5145e-009	6.5262e-009	6.2511e-009	5.9042e-009	5.702e-009	5.6376e-009	5.1385e-009	5.2718e-009	6.1628e-009	7.0177e-009	7.8117e-009	9.449e-009	1.0036e-008	1.2518e-008	1.4612e-008	1.7186e-008	2.0578e-008	2.5126e-008	2.8931e-008	3.312e-008	4.1055e-008	4.6267e-008	5.3393e-008	5.9901e-008	6.7181e-008	7.1592e-008	7.5876e-008	7.9621e-008	8.2749e-008	8.5331e-008	8.6696e-008	8.8309e-008	8.8643e-008	8.8654e-008	8.8689e-008	8.8893e-008	8.9202e-008	8.9054e-008	8.7851e-008	8.6609e-008	8.5527e-008	8.4551e-008	8.3264e-008	8.1511e-008	7.98e-008	7.7608e-008	7.5948e-008	7.3844e-008	7.2361e-008	7.1893e-008	7.0173e-008	6.6885e-008	6.504e-008	6.3716e-008	6.1264e-008	5.8408e-008	5.5455e-008	5.3159e-008	5.1838e-008	5.0316e-008	4.854e-008	4.6138e-008	4.446e-008	4.2397e-008	4.0251e-008	3.768e-008	3.5007e-008	3.3317e-008	3.2134e-008	3.0845e-008	2.8765e-008	2.6745e-008	2.3385e-008	2.2093e-008	2.0274e-008	1.9051e-008	1.6414e-008	1.3691e-008	1.2398e-008	1.0736e-008	7.955e-009	6.4426e-009	5.343e-009	4.4449e-009	3.9041e-009	3.1441e-009	2.7741e-009
1.2264e-009	9.986e-010	9.5545e-010	5.4116e-010	5.5061e-010	4.3706e-010	9.5517e-010	1.5903e-009	9.3526e-010	1.3413e-009	1.8376e-009	1.9538e-009	2.6478e-009	3.0502e-009	4.2962e-009	7.4827e-009	1.0486e-008	1.4028e-008	1.8201e-008	2.5256e-008	3.2116e-008	4.0538e-008	4.8662e-008	5.4895e-008	6.0411e-008	6.6595e-008	7.16e-008	7.5757e-008	7.8827e-008	8.195e-008	8.4306e-008	8.5395e-008	8.6547e-008	8.7962e-008	8.963e-008	9.0967e-008	9.1078e-008	9.0422e-008	8.9032e-008	8.7699e-008	8.7409e-008	8.5923e-008	8.4527e-008	8.4362e-008	8.2125e-008	8.0035e-008	7.7239e-008	7.5461e-008	7.301e-008	7.2232e-008	7.1052e-008	6.9609e-008	6.7995e-008	6.6176e-008	6.2187e-008	6.1315e-008	6.0054e-008	5.7449e-008	5.5275e-008	5.3205e-008	5.1435e-008	4.9771e-008	4.7499e-008	4.5582e-008	4.3621e-008	4.0243e-008	3.7998e-008	3.6638e-008	3.456e-008	3.1978e-008	2.9347e-008	2.737e-008	2.5598e-008	2.3666e-008	2.1159e-008	1.8739e-008	1.6191e-008	1.4011e-008	1.1592e-008	8.9957e-009	6.6562e-009	5.4771e-009	4.7868e-009	3.688e-009	2.7993e-009	2.361e-009	2.1945e-009	2.1648e-009	2.6016e-009	2.8537e-009	2.7942e-009	3.3017e-009	3.8348e-009	3.4481e-009	3.8743e-009	5.5155e-009	6.9875e-009	8.9608e-009	1.1778e-008	1.3903e-008	1.8163e-008	2.1219e-008	2.6925e-008	3.117e-008	3.5945e-008	4.0037e-008	4.4071e-008	4.957e-008	5.6319e-008	6.2204e-008	6.7081e-008	7.1007e-008	7.6301e-008	8.1131e-008	8.4215e-008	8.5335e-008	8.6791e-008	8.7486e-008	8.8255e-008	8.8631e-008	8.8777e-008	8.8438e-008	8.808e-008	8.706e-008	8.5265e-008	8.4291e-008	8.3217e-008	8.1841e-008	8.0431e-008	7.9042e-008	7.801e-008	7.653e-008	7.4172e-008	7.1233e-008	6.9114e-008	6.7601e-008	6.6543e-008	6.4449e-008	6.2051e-008	5.9672e-008	5.7086e-008	5.506e-008	5.2963e-008	5.1129e-008	4.9315e-008	4.7588e-008	4.6169e-008	4.2717e-008	4.0394e-008	3.9089e-008	3.759e-008	3.4963e-008	3.3171e-008	3.0162e-008	2.9024e-008	2.6939e-008	2.5935e-008	2.3652e-008	2.1047e-008	1.8792e-008	1.7349e-008	1.4793e-008	1.3049e-008	1.1522e-008	9.3553e-009	7.529e-009	5.9889e-009	4.1062e-009	3.2439e-009	2.9593e-009	2.7253e-009	2.2988e-009	2.2993e-009	1.5918e-009	1.7878e-009	2.4142e-009	2.4062e-009	1.7894e-009	2.2488e-009	2.3923e-009	3.1123e-009	3.8285e-009	4.9223e-009	6.472e-009	9.2903e-009	1.3017e-008	1.719e-008	2.2446e-008	2.7757e-008	3.3729e-008	3.8878e-008	4.4144e-008	4.8272e-008	5.5928e-008	6.1983e-008	6.7981e-008	7.0554e-008	7.2795e-008	7.6504e-008	8.044e-008	8.4107e-008	8.5999e-008	8.8172e-008	8.7992e-008	8.8487e-008	8.9087e-008	8.9368e-008	8.876e-008	8.8277e-008	8.6778e-008	8.604e-008	8.5024e-008	8.3417e-008	8.1421e-008	7.8989e-008	7.5616e-008	7.2207e-008	7.0763e-008	6.8562e-008	6.7444e-008	6.6473e-008	6.4651e-008	6.3144e-008	6.1626e-008	5.8838e-008	5.7681e-008	5.6479e-008	5.3753e-008	5.0373e-008	4.8212e-008	4.706e-008	4.606e-008	4.3905e-008	4.1103e-008	3.8507e-008	3.6725e-008	3.4517e-008	3.1356e-008	2.9464e-008	2.728e-008	2.5117e-008	2.2852e-008	2.0524e-008	1.8134e-008	1.6484e-008	1.4274e-008	1.1444e-008	9.494e-009	6.7898e-009	5.2714e-009	4.0782e-009	3.3313e-009	2.6095e-009	1.5705e-009	1.8463e-009	2.0221e-009	1.6643e-009	1.7069e-009	1.7575e-009	1.3874e-009	1.1262e-009	1.3828e-009	1.8239e-009	1.8783e-009	2.1795e-009	2.8071e-009	3.5072e-009	4.8277e-009	6.876e-009	8.9658e-009	1.2609e-008	1.6242e-008	1.9501e-008	2.5862e-008	3.2412e-008	3.8843e-008	4.5208e-008	5.1049e-008	5.6007e-008	6.1839e-008	6.5508e-008	7.0474e-008	7.4946e-008	7.9024e-008	8.1219e-008	8.4313e-008	8.6613e-008	8.9158e-008	9.1387e-008	9.1211e-008	9.0744e-008	9.0041e-008	8.8879e-008	8.7789e-008	8.5924e-008	8.5706e-008	8.4829e-008	8.2636e-008	7.9148e-008	7.6849e-008	7.5823e-008	7.4936e-008	7.3323e-008	7.1683e-008	6.9384e-008	6.724e-008	6.589e-008	6.4493e-008	6.3582e-008	6.1343e-008	5.916e-008	5.6428e-008	5.4808e-008	5.2847e-008	4.95e-008	4.6773e-008	4.4458e-008	4.2632e-008	4.0358e-008	3.9253e-008	3.6369e-008	3.4284e-008	3.3153e-008	3.1033e-008	2.8896e-008	2.6612e-008	2.4621e-008	2.3074e-008	2.1237e-008	2.0266e-008	1.7939e-008	1.6992e-008	1.5361e-008	1.3711e-008	1.2458e-008	9.7727e-009	8.1124e-009	6.709e-009	5.2337e-009	3.954e-009	2.9239e-009	2.1837e-009	2.1355e-009	1.8607e-009	1.4494e-009	1.6978e-009	1.8423e-009	2.7039e-009	2.837e-009	3.2231e-009	4.463e-009	6.0216e-009	7.8253e-009	9.8129e-009	1.2087e-008	1.5426e-008	1.9847e-008	2.4194e-008	2.7734e-008	3.298e-008	4.1284e-008	4.4423e-008	4.9655e-008	5.6172e-008	6.2187e-008	6.8135e-008	7.0663e-008	7.4098e-008	7.7982e-008	8.0834e-008	8.4047e-008	8.7073e-008	8.9153e-008	8.9682e-008	8.9687e-008	8.8161e-008	8.8188e-008	8.7228e-008	8.5611e-008	8.4707e-008	8.32e-008	8.2121e-008	8.1566e-008	7.9934e-008	7.7007e-008	7.5246e-008	7.3989e-008	7.1716e-008	7.0716e-008	6.8608e-008	6.772e-008	6.6356e-008	6.533e-008	6.4176e-008	6.1455e-008	5.8465e-008	5.6407e-008	5.5127e-008	5.3449e-008	5.1467e-008	5.0139e-008	4.8033e-008	4.7031e-008	4.559e-008	4.2688e-008	4.1853e-008	3.9881e-008	3.7319e-008	3.5359e-008	3.3381e-008	3.2271e-008	3.0794e-008	2.8937e-008	2.6975e-008	2.5294e-008	2.2583e-008	2.0277e-008	1.792e-008	1.5953e-008	1.3929e-008	1.1531e-008	1.0367e-008	8.3732e-009	7.277e-009	6.174e-009	5.4767e-009	5.0161e-009	4.6356e-009	4.2688e-009	4.3294e-009	4.2487e-009	3.8225e-009	3.7047e-009	4.0506e-009	4.9771e-009	6.0887e-009	7.1903e-009	8.7415e-009	1.0733e-008	1.2493e-008	1.6347e-008	1.9419e-008	2.3134e-008	2.7691e-008	3.2433e-008	3.878e-008	4.5582e-008	5.3039e-008	6.1415e-008	6.7374e-008	7.1965e-008	7.6159e-008	7.9845e-008	8.2597e-008	8.5019e-008	8.6296e-008	8.6956e-008	8.7799e-008	8.8228e-008	8.8446e-008	8.8576e-008	8.9165e-008	8.9081e-008	8.8312e-008	8.6649e-008	8.5516e-008	8.4027e-008	8.2137e-008	8.0821e-008	7.8987e-008	7.7036e-008	7.4868e-008	7.3175e-008	7.2006e-008	7.0738e-008	6.8836e-008	6.7044e-008	6.4251e-008	6.3021e-008	6.1353e-008	5.8762e-008	5.4696e-008	5.2918e-008	5.1796e-008	5.0117e-008	4.7413e-008	4.5069e-008	4.3104e-008	4.1414e-008	3.9969e-008	3.6918e-008	3.4966e-008	3.2504e-008	3.0221e-008	2.8734e-008	2.7158e-008	2.5487e-008	2.2123e-008	2.134e-008	1.9308e-008	1.828e-008	1.5824e-008	1.2799e-008	1.1679e-008	9.568e-009	7.9349e-009	5.5026e-009	4.3036e-009	3.7096e-009	3.0456e-009	2.9992e-009	2.8861e-009
9.8557e-010	8.8854e-010	5.1472e-010	2.3162e-010	0	9.4538e-010	5.9015e-010	9.2194e-010	9.0497e-010	1.093e-009	1.249e-009	1.4007e-009	1.9456e-009	2.4459e-009	3.3588e-009	5.6692e-009	7.7446e-009	1.1581e-008	1.6614e-008	2.3391e-008	2.9215e-008	3.7999e-008	4.6623e-008	5.3877e-008	6.0827e-008	6.6839e-008	7.1523e-008	7.5413e-008	7.8225e-008	8.1689e-008	8.3494e-008	8.4665e-008	8.6657e-008	8.7543e-008	8.8632e-008	8.9093e-008	8.9775e-008	8.9692e-008	8.7997e-008	8.7376e-008	8.7194e-008	8.5145e-008	8.3901e-008	8.3259e-008	8.0931e-008	7.9371e-008	7.7386e-008	7.6095e-008	7.3203e-008	7.127e-008	7.0366e-008	6.8902e-008	6.7447e-008	6.46e-008	6.2498e-008	6.15e-008	6.0025e-008	5.738e-008	5.5581e-008	5.3453e-008	5.1771e-008	4.899e-008	4.6959e-008	4.4252e-008	4.1038e-008	3.919e-008	3.7335e-008	3.5682e-008	3.3998e-008	3.1291e-008	2.8055e-008	2.6609e-008	2.4883e-008	2.2825e-008	2.0476e-008	1.7954e-008	1.4952e-008	1.3069e-008	1.086e-008	8.1688e-009	5.941e-009	4.5522e-009	4.006e-009	2.8148e-009	2.2355e-009	1.9268e-009	1.9897e-009	2.0109e-009	1.9061e-009	2.478e-009	2.6127e-009	2.7864e-009	3.5326e-009	3.4277e-009	3.8062e-009	4.6865e-009	6.3018e-009	8.1303e-009	1.0896e-008	1.3269e-008	1.7333e-008	2.0452e-008	2.5766e-008	3.0459e-008	3.5758e-008	3.9619e-008	4.3051e-008	4.8242e-008	5.5824e-008	6.18e-008	6.6179e-008	7.1296e-008	7.6621e-008	8.0309e-008	8.4053e-008	8.5267e-008	8.678e-008	8.7793e-008	8.8216e-008	8.8663e-008	8.876e-008	8.8944e-008	8.8213e-008	8.7065e-008	8.5367e-008	8.3851e-008	8.1913e-008	8.0734e-008	7.9575e-008	7.8848e-008	7.7056e-008	7.585e-008	7.3393e-008	7.0517e-008	6.8694e-008	6.7261e-008	6.6311e-008	6.4107e-008	6.1893e-008	6.0078e-008	5.8268e-008	5.4779e-008	5.1806e-008	5.0071e-008	4.877e-008	4.7093e-008	4.53e-008	4.2457e-008	4.0177e-008	3.8162e-008	3.6512e-008	3.4619e-008	3.2053e-008	3.0045e-008	2.7925e-008	2.5999e-008	2.4622e-008	2.2923e-008	2.0652e-008	1.8176e-008	1.6253e-008	1.4513e-008	1.2141e-008	1.087e-008	8.6152e-009	6.7143e-009	5.2639e-009	3.9344e-009	3.0232e-009	2.6704e-009	2.1691e-009	1.6594e-009	2.2788e-009	2.277e-009	1.807e-009	1.9581e-009	2.3556e-009	1.9725e-009	2.1228e-009	2.3321e-009	2.6612e-009	3.1848e-009	4.6801e-009	6.7204e-009	9.6602e-009	1.3419e-008	1.7473e-008	2.2277e-008	2.7706e-008	3.253e-008	3.8045e-008	4.4008e-008	4.8635e-008	5.4578e-008	6.1058e-008	6.7631e-008	7.1082e-008	7.2676e-008	7.6217e-008	7.9273e-008	8.2783e-008	8.5714e-008	8.7801e-008	8.7948e-008	8.8831e-008	8.9486e-008	8.9392e-008	8.7897e-008	8.7396e-008	8.6214e-008	8.5135e-008	8.4775e-008	8.3561e-008	8.207e-008	7.8792e-008	7.515e-008	7.2476e-008	7.0653e-008	6.8765e-008	6.7552e-008	6.6045e-008	6.4297e-008	6.2111e-008	6.0847e-008	5.9285e-008	5.7847e-008	5.5845e-008	5.3414e-008	5.0265e-008	4.7936e-008	4.6408e-008	4.5304e-008	4.3677e-008	4.0848e-008	3.7849e-008	3.6555e-008	3.3807e-008	3.0359e-008	2.8649e-008	2.6616e-008	2.4297e-008	2.1569e-008	1.9648e-008	1.8188e-008	1.5822e-008	1.3508e-008	1.0348e-008	8.2822e-009	6.4511e-009	4.4363e-009	3.3396e-009	3.0057e-009	1.9952e-009	1.4405e-009	1.7163e-009	1.8222e-009	1.8143e-009	1.7194e-009	1.2993e-009	1.14e-009	9.5023e-010	1.3896e-009	1.2942e-009	1.5913e-009	1.9281e-009	2.4372e-009	3.1773e-009	4.5369e-009	6.5632e-009	8.8418e-009	1.1426e-008	1.5558e-008	2.0127e-008	2.5558e-008	3.2295e-008	3.9354e-008	4.5589e-008	5.0243e-008	5.57e-008	6.1098e-008	6.5578e-008	7.052e-008	7.5244e-008	7.9215e-008	8.1841e-008	8.4309e-008	8.6346e-008	8.8893e-008	9.0738e-008	9.0714e-008	9.0363e-008	9.0237e-008	8.8729e-008	8.7788e-008	8.626e-008	8.4853e-008	8.4249e-008	8.1245e-008	7.8847e-008	7.654e-008	7.5764e-008	7.5702e-008	7.421e-008	7.1139e-008	6.8961e-008	6.656e-008	6.4556e-008	6.2953e-008	6.256e-008	6.124e-008	5.8831e-008	5.6739e-008	5.453e-008	5.2454e-008	4.9305e-008	4.6849e-008	4.4988e-008	4.2642e-008	4.0266e-008	3.858e-008	3.664e-008	3.3791e-008	3.1978e-008	3.0628e-008	2.8621e-008	2.6818e-008	2.4412e-008	2.3104e-008	2.1454e-008	2.0269e-008	1.838e-008	1.6785e-008	1.3998e-008	1.2569e-008	1.1661e-008	9.9263e-009	7.5078e-009	5.7345e-009	4.5274e-009	3.8553e-009	2.3963e-009	2.1334e-009	2.2824e-009	1.8833e-009	1.1917e-009	1.6441e-009	2.007e-009	2.2744e-009	2.239e-009	2.8218e-009	4.0289e-009	5.6963e-009	7.55e-009	9.8676e-009	1.2561e-008	1.5187e-008	1.8597e-008	2.3669e-008	2.8544e-008	3.4493e-008	4.0428e-008	4.5145e-008	5.0605e-008	5.7612e-008	6.2295e-008	6.7914e-008	7.0901e-008	7.4291e-008	7.7764e-008	8.1106e-008	8.382e-008	8.6686e-008	8.8221e-008	8.9389e-008	8.9912e-008	8.8645e-008	8.7935e-008	8.7197e-008	8.5621e-008	8.5185e-008	8.4376e-008	8.3281e-008	8.189e-008	8.0471e-008	7.6734e-008	7.4397e-008	7.3653e-008	7.2477e-008	7.0888e-008	6.8946e-008	6.751e-008	6.6236e-008	6.4584e-008	6.329e-008	6.0393e-008	5.7803e-008	5.6145e-008	5.5198e-008	5.4505e-008	5.3156e-008	5.1291e-008	4.8753e-008	4.6962e-008	4.4964e-008	4.2863e-008	4.1427e-008	3.949e-008	3.6725e-008	3.4991e-008	3.4208e-008	3.2425e-008	3.0633e-008	2.8813e-008	2.6728e-008	2.5033e-008	2.287e-008	2.026e-008	1.815e-008	1.6196e-008	1.4182e-008	1.1766e-008	1.0164e-008	8.6736e-009	6.9484e-009	5.9463e-009	4.7101e-009	3.9406e-009	3.4553e-009	3.4651e-009	4.0407e-009	3.3902e-009	2.8648e-009	2.8764e-009	3.4172e-009	4.2459e-009	4.9633e-009	5.9121e-009	7.7062e-009	1.0054e-008	1.2657e-008	1.5628e-008	1.9177e-008	2.4373e-008	2.8559e-008	3.2983e-008	3.8493e-008	4.5388e-008	5.2896e-008	6.0696e-008	6.7422e-008	7.3202e-008	7.6548e-008	8.0187e-008	8.2973e-008	8.4952e-008	8.617e-008	8.689e-008	8.7613e-008	8.8617e-008	8.8739e-008	8.8874e-008	8.9218e-008	8.8657e-008	8.8496e-008	8.7818e-008	8.6716e-008	8.6347e-008	8.4152e-008	8.1863e-008	7.9496e-008	7.764e-008	7.553e-008	7.2906e-008	7.1659e-008	7.1029e-008	6.8755e-008	6.7344e-008	6.5585e-008	6.3624e-008	6.217e-008	5.9062e-008	5.5115e-008	5.3175e-008	5.2145e-008	5.0738e-008	4.8385e-008	4.5933e-008	4.4243e-008	4.2132e-008	4.015e-008	3.7452e-008	3.5311e-008	3.2938e-008	3.0071e-008	2.7128e-008	2.5608e-008	2.4121e-008	2.2354e-008	2.0664e-008	1.8558e-008	1.7059e-008	1.4819e-008	1.3056e-008	1.144e-008	9.0514e-009	7.0044e-009	5.6859e-009	4.5452e-009	3.3013e-009	2.6344e-009	3.1419e-009	3.0961e-009
3.4713e-009	3.6185e-009	2.8682e-009	2.6537e-009	2.5102e-009	3.3781e-009	3.1692e-009	3.4804e-009	3.1461e-009	3.3894e-009	3.0547e-009	3.9671e-009	4.6635e-009	4.946e-009	5.5061e-009	7.2448e-009	9.8233e-009	1.4004e-008	1.7612e-008	2.516e-008	3.0818e-008	3.9786e-008	4.8348e-008	5.6593e-008	6.3999e-008	7.0711e-008	7.579e-008	7.8324e-008	8.0633e-008	8.3915e-008	8.589e-008	8.7719e-008	8.9664e-008	9.0536e-008	9.1133e-008	9.1103e-008	9.1715e-008	9.1711e-008	9.1159e-008	9.0406e-008	8.9762e-008	8.8421e-008	8.6378e-008	8.4083e-008	8.2751e-008	8.133e-008	7.974e-008	7.8931e-008	7.7189e-008	7.4783e-008	7.33e-008	7.2577e-008	6.9089e-008	6.7173e-008	6.5104e-008	6.4394e-008	6.2921e-008	5.9602e-008	5.8341e-008	5.6801e-008	5.4089e-008	5.2192e-008	4.8825e-008	4.5587e-008	4.3182e-008	4.1254e-008	3.9361e-008	3.8059e-008	3.6065e-008	3.276e-008	3.0239e-008	2.8414e-008	2.608e-008	2.4238e-008	2.1489e-008	1.9558e-008	1.7854e-008	1.5315e-008	1.1767e-008	9.7526e-009	8.0314e-009	6.6431e-009	6.4265e-009	5.1949e-009	4.7805e-009	4.1625e-009	4.2385e-009	4.63e-009	4.7512e-009	4.9647e-009	4.6959e-009	5.0328e-009	5.4065e-009	5.2961e-009	6.1281e-009	6.9364e-009	8.5019e-009	1.0272e-008	1.3236e-008	1.5628e-008	1.9657e-008	2.3638e-008	2.7331e-008	3.2331e-008	3.7597e-008	4.2282e-008	4.5473e-008	5.1294e-008	5.7823e-008	6.3924e-008	6.887e-008	7.2932e-008	7.8793e-008	8.3026e-008	8.5763e-008	8.7562e-008	8.9102e-008	9.0764e-008	9.1128e-008	9.1101e-008	9.1163e-008	9.1434e-008	9.1265e-008	9.005e-008	8.851e-008	8.7037e-008	8.5347e-008	8.3111e-008	8.0988e-008	7.9752e-008	7.8714e-008	7.6967e-008	7.5068e-008	7.3041e-008	7.1669e-008	7.0366e-008	6.8638e-008	6.6946e-008	6.4326e-008	6.3156e-008	6.177e-008	5.8308e-008	5.4954e-008	5.2737e-008	5.115e-008	4.9368e-008	4.7233e-008	4.5101e-008	4.2694e-008	4.0923e-008	3.8719e-008	3.5733e-008	3.44e-008	3.2522e-008	3.0849e-008	2.8711e-008	2.6805e-008	2.5008e-008	2.2454e-008	1.9828e-008	1.7616e-008	1.5543e-008	1.4068e-008	1.2307e-008	1.0292e-008	8.189e-009	6.6379e-009	6.0445e-009	5.2721e-009	5.1293e-009	4.4817e-009	4.1193e-009	4.3613e-009	4.4269e-009	3.8814e-009	3.6396e-009	4.0317e-009	4.1613e-009	4.412e-009	4.9109e-009	5.4081e-009	5.6175e-009	6.9473e-009	9.0122e-009	1.249e-008	1.666e-008	2.0187e-008	2.4069e-008	3.0365e-008	3.4098e-008	4.0587e-008	4.6338e-008	5.1279e-008	5.713e-008	6.4469e-008	6.7598e-008	7.2984e-008	7.5943e-008	7.9186e-008	8.1824e-008	8.4977e-008	8.7584e-008	8.9098e-008	9.0898e-008	9.133e-008	9.2539e-008	9.2197e-008	9.104e-008	8.9358e-008	8.8293e-008	8.6904e-008	8.646e-008	8.6143e-008	8.4447e-008	7.965e-008	7.7645e-008	7.4797e-008	7.3371e-008	7.2228e-008	7.0159e-008	6.8837e-008	6.6449e-008	6.4416e-008	6.3118e-008	6.136e-008	5.9889e-008	5.7676e-008	5.3969e-008	5.1744e-008	4.9649e-008	4.7967e-008	4.7313e-008	4.5666e-008	4.3507e-008	3.9996e-008	3.8167e-008	3.5796e-008	3.1981e-008	3.0174e-008	2.7863e-008	2.639e-008	2.3285e-008	2.114e-008	1.9288e-008	1.7281e-008	1.5208e-008	1.23e-008	1.0079e-008	8.2032e-009	6.6543e-009	5.4286e-009	5.0046e-009	4.1579e-009	3.8002e-009	3.2953e-009	3.6439e-009	3.8877e-009	4.1011e-009	3.5147e-009	3.2438e-009	3.3202e-009	3.4249e-009	3.4735e-009	3.0317e-009	3.4701e-009	4.3222e-009	4.9736e-009	6.0676e-009	7.9232e-009	1.0669e-008	1.4309e-008	1.8435e-008	2.3363e-008	2.7367e-008	3.3696e-008	4.0789e-008	4.6524e-008	5.188e-008	5.7242e-008	6.2433e-008	6.7842e-008	7.3129e-008	7.8488e-008	8.3103e-008	8.5332e-008	8.694e-008	8.8476e-008	9.0231e-008	9.1448e-008	9.214e-008	9.2464e-008	9.2536e-008	9.1131e-008	8.9999e-008	8.8687e-008	8.6641e-008	8.502e-008	8.2374e-008	8.0198e-008	7.8285e-008	7.7739e-008	7.7268e-008	7.631e-008	7.4142e-008	7.1291e-008	6.8737e-008	6.6968e-008	6.5287e-008	6.3994e-008	6.2256e-008	6.0294e-008	5.8962e-008	5.6323e-008	5.4207e-008	5.2002e-008	4.9643e-008	4.727e-008	4.3654e-008	4.1767e-008	3.9675e-008	3.7468e-008	3.5527e-008	3.3582e-008	3.2196e-008	3.0093e-008	2.7827e-008	2.6551e-008	2.4775e-008	2.3265e-008	2.1522e-008	1.9873e-008	1.7902e-008	1.5698e-008	1.4091e-008	1.2992e-008	1.0708e-008	9.32e-009	7.3508e-009	6.188e-009	4.978e-009	4.0977e-009	4.2151e-009	4.1337e-009	3.8776e-009	3.585e-009	4.0869e-009	4.3295e-009	3.921e-009	4.0213e-009	4.3355e-009	5.615e-009	7.5061e-009	9.3857e-009	1.2039e-008	1.4818e-008	1.7794e-008	2.1303e-008	2.4911e-008	3.2007e-008	3.7047e-008	4.2573e-008	4.6639e-008	5.3009e-008	6.1015e-008	6.7567e-008	7.0782e-008	7.3513e-008	7.6553e-008	7.9533e-008	8.3294e-008	8.5332e-008	8.768e-008	8.8464e-008	8.9636e-008	9.072e-008	8.9907e-008	8.9815e-008	8.9488e-008	8.8343e-008	8.6917e-008	8.6358e-008	8.4824e-008	8.413e-008	8.2563e-008	7.7533e-008	7.5964e-008	7.5076e-008	7.4707e-008	7.3594e-008	7.1483e-008	7.001e-008	6.893e-008	6.634e-008	6.3392e-008	6.1401e-008	5.9529e-008	5.7917e-008	5.6895e-008	5.6358e-008	5.5192e-008	5.3545e-008	5.0896e-008	4.8975e-008	4.6059e-008	4.3859e-008	4.1978e-008	3.9849e-008	3.8493e-008	3.7013e-008	3.5325e-008	3.3206e-008	3.2129e-008	3.0027e-008	2.7976e-008	2.6032e-008	2.4136e-008	2.1768e-008	1.9666e-008	1.6584e-008	1.4578e-008	1.2936e-008	1.1383e-008	9.5464e-009	8.1687e-009	7.0473e-009	5.9038e-009	5.3023e-009	4.7825e-009	4.8463e-009	4.9667e-009	4.5374e-009	4.6486e-009	4.2279e-009	4.5308e-009	5.2597e-009	6.2866e-009	7.1477e-009	8.4123e-009	1.1757e-008	1.4012e-008	1.7065e-008	2.1417e-008	2.5778e-008	3.0656e-008	3.4943e-008	4.0589e-008	4.7767e-008	5.5519e-008	6.3905e-008	7.0161e-008	7.4864e-008	7.8647e-008	8.1513e-008	8.4358e-008	8.671e-008	8.8006e-008	8.8762e-008	8.9494e-008	9.0263e-008	9.0488e-008	9.0698e-008	9.1173e-008	9.0901e-008	8.9834e-008	8.9535e-008	8.9619e-008	8.8368e-008	8.6071e-008	8.4314e-008	8.084e-008	7.9586e-008	7.719e-008	7.4305e-008	7.2699e-008	7.1758e-008	7.0183e-008	6.8542e-008	6.6759e-008	6.4961e-008	6.2816e-008	5.854e-008	5.6335e-008	5.4275e-008	5.344e-008	5.1563e-008	4.9691e-008	4.6492e-008	4.4784e-008	4.2865e-008	4.0099e-008	3.7857e-008	3.5963e-008	3.387e-008	3.0433e-008	2.8289e-008	2.691e-008	2.5075e-008	2.3437e-008	2.1724e-008	1.9287e-008	1.7376e-008	1.5414e-008	1.3507e-008	1.1503e-008	9.6415e-009	7.6226e-009	6.4831e-009	5.907e-009	4.7418e-009	4.8088e-009	4.6195e-009	4.6993e-009
3.4902e-009	3.6394e-009	2.9835e-009	2.5209e-009	2.3638e-009	2.5152e-009	3.035e-009	3.0842e-009	2.812e-009	2.6435e-009	2.7602e-009	4.0673e-009	4.3068e-009	4.5297e-009	4.9528e-009	6.3431e-009	8.9436e-009	1.2515e-008	1.7619e-008	2.4111e-008	3.0846e-008	3.7689e-008	4.6575e-008	5.6694e-008	6.4021e-008	6.9996e-008	7.5462e-008	7.868e-008	8.0571e-008	8.3722e-008	8.6116e-008	8.8504e-008	9.0338e-008	9.1369e-008	9.1608e-008	9.1574e-008	9.1692e-008	9.1982e-008	9.1381e-008	9.0851e-008	8.9999e-008	8.8456e-008	8.6225e-008	8.3274e-008	8.1985e-008	8.0875e-008	7.9618e-008	7.8493e-008	7.6696e-008	7.4215e-008	7.3022e-008	7.261e-008	7.0008e-008	6.6673e-008	6.5418e-008	6.4485e-008	6.3136e-008	5.9036e-008	5.8046e-008	5.6139e-008	5.3713e-008	5.2247e-008	4.8968e-008	4.4539e-008	4.3376e-008	4.1063e-008	3.9204e-008	3.766e-008	3.5244e-008	3.2593e-008	2.9871e-008	2.7353e-008	2.5056e-008	2.3191e-008	2.0671e-008	1.9093e-008	1.7199e-008	1.4565e-008	1.2067e-008	1.0407e-008	8.6219e-009	6.4375e-009	6.0149e-009	5.1653e-009	5.2214e-009	4.4395e-009	4.0123e-009	4.3301e-009	4.5872e-009	4.5305e-009	4.1366e-009	4.5371e-009	4.9449e-009	5.0916e-009	5.7738e-009	6.9125e-009	8.2777e-009	1.0045e-008	1.3371e-008	1.6277e-008	1.9986e-008	2.3412e-008	2.6844e-008	3.2071e-008	3.7607e-008	4.1222e-008	4.6442e-008	5.2719e-008	5.8558e-008	6.5465e-008	6.8885e-008	7.2822e-008	7.8211e-008	8.2122e-008	8.4991e-008	8.7127e-008	8.9227e-008	9.0786e-008	9.1453e-008	9.1642e-008	9.1447e-008	9.1219e-008	9.1207e-008	8.9977e-008	8.9002e-008	8.7307e-008	8.5067e-008	8.3276e-008	8.1026e-008	7.916e-008	7.7972e-008	7.5314e-008	7.4033e-008	7.2528e-008	7.1454e-008	6.9968e-008	6.8444e-008	6.6199e-008	6.4377e-008	6.3176e-008	6.1784e-008	5.6869e-008	5.4804e-008	5.251e-008	5.1153e-008	4.8341e-008	4.6315e-008	4.45e-008	4.2151e-008	4.0666e-008	3.8308e-008	3.5574e-008	3.4016e-008	3.2072e-008	3.0102e-008	2.7362e-008	2.5978e-008	2.4345e-008	2.1765e-008	1.9441e-008	1.7463e-008	1.4404e-008	1.3072e-008	1.132e-008	9.1526e-009	7.3812e-009	6.4365e-009	5.6719e-009	5.288e-009	4.81e-009	4.3637e-009	4.1988e-009	4.0533e-009	4.0561e-009	3.3919e-009	3.3629e-009	3.6338e-009	3.958e-009	4.1614e-009	4.6639e-009	5.0673e-009	5.6828e-009	7.1838e-009	8.8974e-009	1.1806e-008	1.7107e-008	2.012e-008	2.5397e-008	3.0874e-008	3.5779e-008	3.9962e-008	4.4787e-008	5.2625e-008	5.8236e-008	6.3928e-008	6.7916e-008	7.2522e-008	7.5777e-008	7.9224e-008	8.2307e-008	8.4726e-008	8.6367e-008	8.9361e-008	9.1156e-008	9.1849e-008	9.2589e-008	9.2045e-008	9.0824e-008	8.8837e-008	8.7482e-008	8.634e-008	8.6051e-008	8.5397e-008	8.3404e-008	8.0037e-008	7.7766e-008	7.4873e-008	7.3354e-008	7.2483e-008	7.0191e-008	6.8154e-008	6.6117e-008	6.3566e-008	6.23e-008	6.0332e-008	5.8494e-008	5.6706e-008	5.2689e-008	5.1215e-008	4.9372e-008	4.7882e-008	4.6984e-008	4.5484e-008	4.2454e-008	3.9328e-008	3.68e-008	3.3998e-008	3.2059e-008	2.9858e-008	2.7414e-008	2.5261e-008	2.3139e-008	2.0445e-008	1.7448e-008	1.5303e-008	1.3937e-008	1.1329e-008	9.5153e-009	7.4464e-009	6.0998e-009	5.4304e-009	4.4984e-009	3.9098e-009	3.9681e-009	3.6507e-009	3.9811e-009	3.5845e-009	3.6544e-009	3.6487e-009	3.6434e-009	3.4483e-009	3.7609e-009	3.5378e-009	3.1797e-009	3.3581e-009	3.6417e-009	4.2521e-009	5.6248e-009	7.4402e-009	1.0127e-008	1.3708e-008	1.8523e-008	2.233e-008	2.7223e-008	3.264e-008	3.9775e-008	4.619e-008	5.1363e-008	5.5953e-008	6.2028e-008	6.829e-008	7.4132e-008	7.8436e-008	8.3245e-008	8.5115e-008	8.6698e-008	8.8393e-008	8.9388e-008	9.052e-008	9.1966e-008	9.3314e-008	9.237e-008	9.0982e-008	8.962e-008	8.8569e-008	8.634e-008	8.4406e-008	8.2362e-008	7.9951e-008	7.7714e-008	7.7186e-008	7.6231e-008	7.5601e-008	7.3175e-008	7.0691e-008	6.8726e-008	6.7387e-008	6.5577e-008	6.362e-008	6.1471e-008	5.999e-008	5.8382e-008	5.6072e-008	5.3606e-008	5.1842e-008	4.9625e-008	4.6508e-008	4.3289e-008	4.1322e-008	3.9103e-008	3.7551e-008	3.569e-008	3.3674e-008	3.1959e-008	3.0092e-008	2.8236e-008	2.6511e-008	2.4445e-008	2.3039e-008	2.1053e-008	1.861e-008	1.6629e-008	1.501e-008	1.363e-008	1.1871e-008	1.0239e-008	8.5832e-009	7.4125e-009	5.9642e-009	4.8701e-009	4.4224e-009	4.0864e-009	3.983e-009	3.6231e-009	3.6081e-009	4.1711e-009	4.0976e-009	3.9823e-009	4.1902e-009	4.4698e-009	5.1914e-009	6.8817e-009	9.063e-009	1.1804e-008	1.4383e-008	1.7751e-008	2.1285e-008	2.6128e-008	3.1586e-008	3.7443e-008	4.122e-008	4.5902e-008	5.2303e-008	5.9326e-008	6.7503e-008	7.1331e-008	7.3764e-008	7.7314e-008	8.0012e-008	8.3291e-008	8.4799e-008	8.6746e-008	8.8346e-008	8.9606e-008	8.9866e-008	8.9888e-008	8.9619e-008	8.9332e-008	8.8532e-008	8.6263e-008	8.5004e-008	8.391e-008	8.3592e-008	8.1522e-008	7.712e-008	7.6446e-008	7.5337e-008	7.4849e-008	7.4175e-008	7.1888e-008	6.9984e-008	6.8971e-008	6.63e-008	6.37e-008	6.1111e-008	5.948e-008	5.7588e-008	5.6466e-008	5.5572e-008	5.445e-008	5.2543e-008	4.9995e-008	4.8364e-008	4.5905e-008	4.3806e-008	4.1766e-008	4.0262e-008	3.924e-008	3.6762e-008	3.4658e-008	3.244e-008	3.1667e-008	2.9874e-008	2.808e-008	2.5451e-008	2.2716e-008	2.0396e-008	1.821e-008	1.6081e-008	1.4257e-008	1.23e-008	1.0633e-008	8.8701e-009	7.3975e-009	6.5795e-009	5.2039e-009	4.4659e-009	4.1588e-009	4.6188e-009	4.0762e-009	3.6389e-009	3.5287e-009	2.8092e-009	3.4054e-009	4.3698e-009	5.4119e-009	6.2461e-009	7.3659e-009	9.316e-009	1.3046e-008	1.6028e-008	2.0399e-008	2.4009e-008	3.0035e-008	3.4466e-008	4.1797e-008	4.7368e-008	5.5212e-008	6.3151e-008	6.9614e-008	7.3905e-008	7.7894e-008	8.0876e-008	8.481e-008	8.6799e-008	8.8447e-008	8.9548e-008	9.0556e-008	9.1298e-008	9.0879e-008	9.02e-008	9.0315e-008	8.9779e-008	8.9615e-008	8.9549e-008	8.9502e-008	8.8291e-008	8.6458e-008	8.3618e-008	8.1401e-008	7.9113e-008	7.6543e-008	7.4626e-008	7.3568e-008	7.1729e-008	7.0101e-008	6.8243e-008	6.7015e-008	6.4157e-008	6.1604e-008	5.9e-008	5.6283e-008	5.4627e-008	5.2983e-008	5.0865e-008	4.817e-008	4.486e-008	4.3284e-008	4.1573e-008	3.8821e-008	3.6625e-008	3.4728e-008	3.3044e-008	2.9843e-008	2.8852e-008	2.6503e-008	2.455e-008	2.1997e-008	2.1072e-008	1.9346e-008	1.6341e-008	1.4467e-008	1.2763e-008	1.0528e-008	8.2492e-009	7.1846e-009	6.008e-009	4.9758e-009	4.5693e-009	4.6269e-009	4.1708e-009	4.8503e-009
3.0194e-009	3.3466e-009	3.1711e-009	3.0178e-009	2.6086e-009	2.2397e-009	2.6756e-009	2.9838e-009	2.7654e-009	2.255e-009	2.0209e-009	3.198e-009	4.0652e-009	3.8415e-009	4.3755e-009	5.6524e-009	8.2835e-009	1.1484e-008	1.6515e-008	2.4259e-008	3.0576e-008	3.7022e-008	4.5985e-008	5.6838e-008	6.4246e-008	7.103e-008	7.5642e-008	7.8784e-008	8.0311e-008	8.3836e-008	8.6123e-008	8.9375e-008	9.0868e-008	9.1747e-008	9.2075e-008	9.2022e-008	9.2082e-008	9.197e-008	9.1671e-008	9.0818e-008	9.0475e-008	8.8742e-008	8.7366e-008	8.4174e-008	8.2034e-008	8.083e-008	8.0043e-008	7.869e-008	7.6457e-008	7.4031e-008	7.2961e-008	7.1985e-008	6.9365e-008	6.6719e-008	6.5073e-008	6.4214e-008	6.2453e-008	5.8977e-008	5.7396e-008	5.6388e-008	5.2408e-008	5.1396e-008	4.885e-008	4.4436e-008	4.3543e-008	4.1859e-008	3.9276e-008	3.7386e-008	3.4588e-008	3.2346e-008	3.0207e-008	2.7799e-008	2.5378e-008	2.3343e-008	2.1014e-008	1.9132e-008	1.7412e-008	1.4264e-008	1.2007e-008	1.0619e-008	8.8663e-009	6.4266e-009	5.372e-009	4.9513e-009	4.8802e-009	4.3084e-009	3.9554e-009	4.2035e-009	4.5939e-009	4.0495e-009	4.0613e-009	4.8581e-009	5.1819e-009	5.466e-009	6.027e-009	7.1785e-009	8.2699e-009	1.0014e-008	1.3377e-008	1.6262e-008	2.0104e-008	2.2847e-008	2.7353e-008	3.1872e-008	3.694e-008	4.2662e-008	4.8332e-008	5.2921e-008	5.7455e-008	6.5149e-008	6.909e-008	7.2448e-008	7.7372e-008	8.1249e-008	8.3518e-008	8.6782e-008	8.8993e-008	9.0759e-008	9.1424e-008	9.1734e-008	9.1767e-008	9.1503e-008	9.1316e-008	9.0663e-008	8.9785e-008	8.8758e-008	8.7208e-008	8.2861e-008	8.1108e-008	7.8899e-008	7.7511e-008	7.523e-008	7.3365e-008	7.2422e-008	7.1072e-008	7.0025e-008	6.8577e-008	6.7239e-008	6.4963e-008	6.3065e-008	6.1917e-008	5.6929e-008	5.5159e-008	5.3403e-008	5.0849e-008	4.7704e-008	4.5689e-008	4.3448e-008	4.1993e-008	3.9976e-008	3.7672e-008	3.4888e-008	3.375e-008	3.1684e-008	2.9363e-008	2.7278e-008	2.5383e-008	2.4045e-008	2.2108e-008	1.9362e-008	1.7271e-008	1.5214e-008	1.2224e-008	1.0848e-008	9.5493e-009	7.2246e-009	5.9398e-009	5.3412e-009	5.0247e-009	4.5577e-009	3.939e-009	3.8141e-009	3.9085e-009	4.2617e-009	3.8827e-009	3.7871e-009	3.6238e-009	3.7674e-009	4.3507e-009	4.5829e-009	5.1736e-009	5.921e-009	7.3467e-009	9.1604e-009	1.2433e-008	1.6264e-008	1.9915e-008	2.5114e-008	3.0021e-008	3.6367e-008	3.9957e-008	4.4648e-008	5.0951e-008	5.8559e-008	6.3127e-008	6.8177e-008	7.1527e-008	7.5982e-008	7.8804e-008	8.2618e-008	8.4638e-008	8.599e-008	8.8821e-008	9.0315e-008	9.1513e-008	9.2244e-008	9.1807e-008	9.069e-008	8.8278e-008	8.7135e-008	8.5745e-008	8.5129e-008	8.4145e-008	8.2304e-008	7.9585e-008	7.752e-008	7.4518e-008	7.2894e-008	7.2066e-008	6.9974e-008	6.7526e-008	6.6122e-008	6.3427e-008	6.2039e-008	5.9889e-008	5.7868e-008	5.6238e-008	5.2595e-008	5.0842e-008	4.8151e-008	4.7459e-008	4.6297e-008	4.5122e-008	4.2516e-008	3.909e-008	3.6808e-008	3.4646e-008	3.1563e-008	2.9821e-008	2.6773e-008	2.5045e-008	2.2928e-008	2.0259e-008	1.753e-008	1.5119e-008	1.3805e-008	1.1334e-008	8.7679e-009	6.6137e-009	5.2949e-009	5.0965e-009	4.3508e-009	3.8345e-009	4.0202e-009	4.0856e-009	3.848e-009	3.8276e-009	3.9621e-009	4.1443e-009	4.007e-009	3.8499e-009	3.9089e-009	3.5667e-009	3.3943e-009	3.1877e-009	3.6382e-009	4.5242e-009	5.8289e-009	7.3204e-009	9.5669e-009	1.2374e-008	1.7158e-008	2.1158e-008	2.7528e-008	3.1608e-008	3.7394e-008	4.5884e-008	5.3244e-008	5.7004e-008	6.1134e-008	6.8763e-008	7.4975e-008	7.8191e-008	8.3116e-008	8.4693e-008	8.6281e-008	8.7741e-008	8.9191e-008	9.1044e-008	9.202e-008	9.3485e-008	9.2364e-008	9.0644e-008	8.9307e-008	8.7802e-008	8.5878e-008	8.4633e-008	8.2127e-008	7.9985e-008	7.8087e-008	7.7307e-008	7.6238e-008	7.6015e-008	7.3266e-008	7.0665e-008	6.8058e-008	6.7044e-008	6.5183e-008	6.3127e-008	6.047e-008	5.8389e-008	5.701e-008	5.5465e-008	5.2717e-008	5.141e-008	4.9935e-008	4.637e-008	4.3964e-008	4.2052e-008	3.9225e-008	3.7339e-008	3.5727e-008	3.3458e-008	3.2159e-008	3.0365e-008	2.82e-008	2.6019e-008	2.467e-008	2.2547e-008	2.0155e-008	1.8902e-008	1.6168e-008	1.4627e-008	1.3298e-008	1.1449e-008	1.009e-008	8.1942e-009	6.9648e-009	6.2211e-009	4.6011e-009	4.2595e-009	3.805e-009	3.9146e-009	3.869e-009	3.7179e-009	3.5583e-009	4.062e-009	4.6125e-009	4.615e-009	4.7002e-009	5.4536e-009	6.5572e-009	8.1669e-009	1.0779e-008	1.3654e-008	1.7599e-008	2.0603e-008	2.7101e-008	3.19e-008	3.7209e-008	4.1311e-008	4.6114e-008	5.2171e-008	5.9364e-008	6.6553e-008	7.0972e-008	7.4793e-008	7.8807e-008	8.1118e-008	8.3996e-008	8.6231e-008	8.8301e-008	8.9327e-008	9.0131e-008	9.0197e-008	9.0377e-008	9.0701e-008	8.9617e-008	8.9192e-008	8.702e-008	8.4721e-008	8.3554e-008	8.2611e-008	8.0086e-008	7.7654e-008	7.6959e-008	7.5314e-008	7.4198e-008	7.3652e-008	7.215e-008	6.9815e-008	6.8723e-008	6.5716e-008	6.3493e-008	6.1002e-008	5.9109e-008	5.7372e-008	5.5117e-008	5.4181e-008	5.3364e-008	5.1889e-008	4.9336e-008	4.7091e-008	4.5683e-008	4.4051e-008	4.2065e-008	3.9775e-008	3.8874e-008	3.6866e-008	3.4754e-008	3.2504e-008	3.1713e-008	2.9914e-008	2.6628e-008	2.4482e-008	2.2467e-008	2.0481e-008	1.8529e-008	1.6212e-008	1.3959e-008	1.1735e-008	9.5814e-009	7.9805e-009	6.7565e-009	5.4996e-009	4.5057e-009	3.6683e-009	3.4969e-009	4.2825e-009	3.5496e-009	3.1346e-009	2.6703e-009	2.8765e-009	3.2429e-009	4.1618e-009	4.6527e-009	5.4281e-009	6.1687e-009	8.0735e-009	1.1583e-008	1.5744e-008	1.9916e-008	2.4658e-008	3.0079e-008	3.5519e-008	4.2761e-008	4.814e-008	5.4319e-008	6.351e-008	7.0022e-008	7.387e-008	7.8196e-008	8.2098e-008	8.5158e-008	8.7116e-008	8.8762e-008	9.0249e-008	9.1324e-008	9.1523e-008	9.0874e-008	9.0374e-008	9.0071e-008	8.9662e-008	8.9742e-008	8.9177e-008	8.8715e-008	8.7313e-008	8.6444e-008	8.2985e-008	8.1087e-008	7.8758e-008	7.7063e-008	7.5282e-008	7.4386e-008	7.26e-008	7.0564e-008	6.9008e-008	6.6671e-008	6.4511e-008	6.2316e-008	5.975e-008	5.6619e-008	5.4745e-008	5.3402e-008	4.973e-008	4.7639e-008	4.4189e-008	4.1981e-008	4.0278e-008	3.903e-008	3.705e-008	3.45e-008	3.2022e-008	2.9668e-008	2.8133e-008	2.6544e-008	2.3487e-008	2.0694e-008	1.9316e-008	1.7952e-008	1.6209e-008	1.4025e-008	1.2349e-008	9.1163e-009	6.7701e-009	5.9318e-009	5.2342e-009	4.7348e-009	4.5197e-009	4.645e-009	4.151e-009	4.3146e-009
3.0517e-009	3.364e-009	3.6104e-009	2.6429e-009	2.7822e-009	2.6316e-009	2.1781e-009	2.5876e-009	2.4896e-009	2.2253e-009	2.3921e-009	2.4893e-009	3.0373e-009	4.032e-009	4.8242e-009	5.6966e-009	7.3519e-009	1.0497e-008	1.5367e-008	2.3324e-008	3.0883e-008	3.7556e-008	4.3996e-008	5.394e-008	6.3773e-008	6.9548e-008	7.5739e-008	7.8831e-008	8.1108e-008	8.3874e-008	8.6448e-008	8.9172e-008	9.1143e-008	9.1489e-008	9.2485e-008	9.2342e-008	9.2746e-008	9.2513e-008	9.2133e-008	9.0914e-008	9.0509e-008	8.8682e-008	8.7638e-008	8.5479e-008	8.4687e-008	8.3372e-008	8.1106e-008	7.9255e-008	7.6069e-008	7.4345e-008	7.3424e-008	7.1773e-008	6.905e-008	6.6429e-008	6.4771e-008	6.3771e-008	6.2518e-008	5.8699e-008	5.6206e-008	5.5251e-008	5.3641e-008	5.1206e-008	4.8175e-008	4.5303e-008	4.281e-008	4.2107e-008	3.9353e-008	3.676e-008	3.5153e-008	3.2477e-008	3.0353e-008	2.823e-008	2.5601e-008	2.2976e-008	2.0913e-008	1.9036e-008	1.6605e-008	1.4689e-008	1.2056e-008	1.0156e-008	8.1954e-009	6.2346e-009	5.3841e-009	4.6261e-009	4.0874e-009	4.0362e-009	4.1753e-009	4.0976e-009	4.2253e-009	4.1237e-009	4.2881e-009	4.9991e-009	5.2144e-009	5.5367e-009	6.0585e-009	6.7862e-009	8.5034e-009	1.0606e-008	1.2954e-008	1.6099e-008	1.9979e-008	2.364e-008	2.6914e-008	3.1318e-008	3.6553e-008	4.2427e-008	4.8758e-008	5.3191e-008	5.6985e-008	6.3942e-008	6.938e-008	7.354e-008	7.6963e-008	8.1253e-008	8.5383e-008	8.6958e-008	8.8768e-008	9.0427e-008	9.1601e-008	9.1489e-008	9.1723e-008	9.1837e-008	9.1578e-008	9.1112e-008	9.0932e-008	8.9401e-008	8.8002e-008	8.3312e-008	8.1666e-008	7.8479e-008	7.7029e-008	7.4726e-008	7.2976e-008	7.1731e-008	7.0942e-008	6.9791e-008	6.848e-008	6.67e-008	6.5141e-008	6.2951e-008	6.0818e-008	5.7754e-008	5.5832e-008	5.3833e-008	5.1214e-008	4.8121e-008	4.574e-008	4.3173e-008	4.1279e-008	3.885e-008	3.7271e-008	3.5336e-008	3.3266e-008	3.1717e-008	2.8704e-008	2.644e-008	2.4753e-008	2.3663e-008	2.2171e-008	1.9002e-008	1.6314e-008	1.4639e-008	1.2036e-008	1.0603e-008	8.4149e-009	6.4652e-009	5.4512e-009	4.7785e-009	4.7135e-009	4.1444e-009	3.7992e-009	3.5143e-009	3.7896e-009	3.6302e-009	3.6759e-009	3.948e-009	3.8904e-009	3.872e-009	4.5367e-009	4.7327e-009	5.0727e-009	5.8646e-009	7.0589e-009	8.7783e-009	1.1396e-008	1.5982e-008	1.9574e-008	2.427e-008	3.0338e-008	3.5551e-008	3.9783e-008	4.4807e-008	5.0655e-008	5.6851e-008	6.3146e-008	6.8099e-008	7.16e-008	7.5149e-008	7.8688e-008	8.2541e-008	8.3886e-008	8.5902e-008	8.7941e-008	8.9979e-008	9.1243e-008	9.2161e-008	9.1407e-008	9.1088e-008	8.8826e-008	8.7419e-008	8.508e-008	8.3629e-008	8.2643e-008	8.0774e-008	7.9209e-008	7.6565e-008	7.3931e-008	7.1934e-008	7.0475e-008	6.8692e-008	6.7283e-008	6.6049e-008	6.3554e-008	6.2187e-008	5.9924e-008	5.6847e-008	5.4934e-008	5.1753e-008	5.0398e-008	4.8421e-008	4.6522e-008	4.5825e-008	4.3957e-008	4.157e-008	3.8574e-008	3.6296e-008	3.411e-008	3.1349e-008	2.9815e-008	2.6897e-008	2.476e-008	2.2158e-008	1.9485e-008	1.775e-008	1.5454e-008	1.3584e-008	1.0972e-008	8.698e-009	6.5011e-009	5.3459e-009	4.3629e-009	3.8231e-009	3.5659e-009	3.7482e-009	3.7781e-009	3.537e-009	3.5448e-009	4.104e-009	3.5809e-009	3.512e-009	3.8096e-009	3.7865e-009	3.3992e-009	3.2397e-009	3.2869e-009	3.5879e-009	4.4488e-009	5.6584e-009	7.1036e-009	9.3584e-009	1.1901e-008	1.5341e-008	2.0152e-008	2.6215e-008	3.1698e-008	3.7378e-008	4.5144e-008	5.3214e-008	5.7014e-008	6.1147e-008	6.7155e-008	7.4762e-008	7.8084e-008	8.2132e-008	8.335e-008	8.4847e-008	8.7149e-008	8.8882e-008	9.0775e-008	9.2045e-008	9.3388e-008	9.2406e-008	9.0413e-008	8.8746e-008	8.8035e-008	8.5937e-008	8.3865e-008	8.1397e-008	7.9483e-008	7.83e-008	7.7731e-008	7.6628e-008	7.4991e-008	7.2588e-008	7.0375e-008	6.8404e-008	6.6208e-008	6.4899e-008	6.2589e-008	5.9407e-008	5.6465e-008	5.4415e-008	5.3424e-008	5.1739e-008	5.0215e-008	4.9097e-008	4.6072e-008	4.377e-008	4.1684e-008	3.9649e-008	3.7637e-008	3.5686e-008	3.3572e-008	3.1476e-008	3.017e-008	2.7357e-008	2.5628e-008	2.4003e-008	2.1687e-008	2.0306e-008	1.8366e-008	1.6043e-008	1.4191e-008	1.2609e-008	1.0853e-008	9.514e-009	7.9322e-009	6.3066e-009	5.5672e-009	4.4554e-009	4.1095e-009	4.1331e-009	4.1196e-009	4.0637e-009	3.9211e-009	3.7565e-009	4.2517e-009	4.4388e-009	4.0211e-009	4.4776e-009	5.3867e-009	6.4023e-009	8.172e-009	1.0667e-008	1.3971e-008	1.6731e-008	2.1476e-008	2.7357e-008	3.2338e-008	3.7701e-008	4.2151e-008	4.7172e-008	5.2448e-008	5.8861e-008	6.6057e-008	7.0344e-008	7.5203e-008	7.8285e-008	8.2553e-008	8.5253e-008	8.6699e-008	8.8852e-008	8.958e-008	8.9768e-008	9.0303e-008	9.0612e-008	9.0762e-008	8.9642e-008	8.866e-008	8.7422e-008	8.5588e-008	8.367e-008	8.2577e-008	8.0252e-008	7.7409e-008	7.6222e-008	7.4648e-008	7.3215e-008	7.2345e-008	7.1218e-008	6.937e-008	6.8492e-008	6.5648e-008	6.3144e-008	6.102e-008	5.906e-008	5.718e-008	5.558e-008	5.2967e-008	5.1737e-008	5.0935e-008	4.8528e-008	4.6947e-008	4.5719e-008	4.3823e-008	4.1534e-008	3.9891e-008	3.81e-008	3.669e-008	3.4839e-008	3.2726e-008	3.0713e-008	2.8673e-008	2.6468e-008	2.4621e-008	2.1808e-008	1.9727e-008	1.7786e-008	1.5719e-008	1.35e-008	1.0962e-008	8.902e-009	7.2088e-009	5.508e-009	4.6001e-009	3.7897e-009	2.9941e-009	3.1199e-009	3.2787e-009	3.2694e-009	2.7551e-009	2.5726e-009	3.0212e-009	3.7289e-009	3.7141e-009	4.0361e-009	4.7837e-009	5.686e-009	7.7089e-009	1.1002e-008	1.4995e-008	1.9416e-008	2.4338e-008	2.9936e-008	3.5929e-008	4.3313e-008	4.928e-008	5.5965e-008	6.283e-008	7.0784e-008	7.5792e-008	8.0668e-008	8.3268e-008	8.5413e-008	8.7536e-008	8.9451e-008	9.0626e-008	9.1317e-008	9.1662e-008	9.1262e-008	9.1362e-008	9.0537e-008	9.0364e-008	8.9607e-008	8.8576e-008	8.7124e-008	8.6051e-008	8.5146e-008	8.2629e-008	8.1007e-008	7.7763e-008	7.7521e-008	7.6298e-008	7.5073e-008	7.2819e-008	7.0967e-008	6.9217e-008	6.597e-008	6.3256e-008	6.2162e-008	6.0142e-008	5.7148e-008	5.4959e-008	5.3404e-008	5.0598e-008	4.7207e-008	4.3758e-008	4.1822e-008	4.0391e-008	3.9087e-008	3.6633e-008	3.4252e-008	3.1633e-008	2.9347e-008	2.7264e-008	2.5379e-008	2.3106e-008	2.0169e-008	1.8699e-008	1.65e-008	1.5319e-008	1.2039e-008	1.0214e-008	7.7734e-009	6.2039e-009	5.4229e-009	4.6717e-009	4.2414e-009	4.3455e-009	4.151e-009	3.991e-009	3.8821e-009
2.6606e-009	3.161e-009	3.0536e-009	2.2766e-009	2.6569e-009	1.9147e-009	1.3133e-009	2.061e-009	2.2864e-009	2.1818e-009	2.3675e-009	2.4859e-009	3.2465e-009	3.9629e-009	4.352e-009	5.631e-009	7.3672e-009	1.0214e-008	1.519e-008	2.3768e-008	3.0243e-008	3.903e-008	4.4738e-008	5.5512e-008	6.2732e-008	7.0738e-008	7.4377e-008	7.8606e-008	8.0977e-008	8.3813e-008	8.6692e-008	8.8909e-008	9.0774e-008	9.1831e-008	9.3214e-008	9.292e-008	9.2994e-008	9.263e-008	9.1704e-008	9.0895e-008	9.0158e-008	8.881e-008	8.6897e-008	8.5599e-008	8.4997e-008	8.4342e-008	8.2437e-008	7.884e-008	7.6851e-008	7.4166e-008	7.2856e-008	7.0667e-008	6.7718e-008	6.5701e-008	6.4778e-008	6.3519e-008	6.281e-008	5.9427e-008	5.711e-008	5.5402e-008	5.2874e-008	5.1023e-008	4.7508e-008	4.4248e-008	4.3131e-008	4.0902e-008	3.9129e-008	3.6266e-008	3.494e-008	3.2262e-008	3.0183e-008	2.8399e-008	2.5562e-008	2.2917e-008	2.1383e-008	1.8596e-008	1.6354e-008	1.4794e-008	1.205e-008	9.815e-009	8.0245e-009	5.9948e-009	4.893e-009	3.9418e-009	3.7941e-009	3.4975e-009	3.6457e-009	4.0758e-009	4.6427e-009	4.3857e-009	4.1635e-009	4.4945e-009	4.8999e-009	5.1612e-009	5.6113e-009	6.3748e-009	7.984e-009	1.0117e-008	1.2463e-008	1.5638e-008	1.8805e-008	2.3926e-008	2.6618e-008	3.0842e-008	3.6146e-008	4.2357e-008	4.9016e-008	5.3034e-008	5.8155e-008	6.4721e-008	7.0531e-008	7.462e-008	7.7194e-008	8.1376e-008	8.6415e-008	8.8628e-008	8.9173e-008	9.0052e-008	9.1123e-008	9.1739e-008	9.2539e-008	9.2014e-008	9.1615e-008	9.2072e-008	9.1313e-008	9.006e-008	8.7894e-008	8.5042e-008	8.2406e-008	7.9001e-008	7.7656e-008	7.4681e-008	7.3368e-008	7.1479e-008	7.0227e-008	6.9262e-008	6.8352e-008	6.6889e-008	6.4686e-008	6.3231e-008	6.056e-008	5.9458e-008	5.722e-008	5.4242e-008	5.1052e-008	4.8192e-008	4.62e-008	4.4438e-008	4.1828e-008	3.9673e-008	3.7328e-008	3.4902e-008	3.2913e-008	3.0326e-008	2.8305e-008	2.5627e-008	2.3704e-008	2.3345e-008	2.1615e-008	1.893e-008	1.6682e-008	1.4062e-008	1.1888e-008	1.0041e-008	8.2072e-009	6.4255e-009	5.3552e-009	4.7638e-009	4.0695e-009	3.8728e-009	3.5902e-009	3.0893e-009	3.2631e-009	3.2286e-009	3.3831e-009	4.0041e-009	3.8243e-009	4.011e-009	4.364e-009	4.32e-009	5.1048e-009	6.1001e-009	7.1553e-009	9.0857e-009	1.2184e-008	1.5865e-008	1.8853e-008	2.4803e-008	2.9894e-008	3.5141e-008	3.9311e-008	4.4843e-008	5.0359e-008	5.6775e-008	6.3051e-008	6.7772e-008	7.2172e-008	7.5064e-008	7.7848e-008	8.1905e-008	8.3213e-008	8.5382e-008	8.779e-008	8.9554e-008	9.0868e-008	9.1514e-008	9.1606e-008	9.0867e-008	8.9214e-008	8.7626e-008	8.5458e-008	8.3618e-008	8.1764e-008	7.9931e-008	7.7485e-008	7.4647e-008	7.2936e-008	7.0995e-008	6.9383e-008	6.7972e-008	6.6599e-008	6.5188e-008	6.2939e-008	6.1911e-008	6.0409e-008	5.7083e-008	5.4193e-008	5.1721e-008	4.9471e-008	4.7811e-008	4.5326e-008	4.4037e-008	4.2958e-008	4.0142e-008	3.814e-008	3.6442e-008	3.3842e-008	3.1041e-008	2.8832e-008	2.6636e-008	2.4531e-008	2.1678e-008	1.9859e-008	1.8062e-008	1.5636e-008	1.247e-008	1.0249e-008	8.2923e-009	6.1016e-009	4.8233e-009	4.1819e-009	3.96e-009	3.7427e-009	3.5484e-009	3.842e-009	3.3141e-009	3.0711e-009	3.188e-009	3.3083e-009	3.0287e-009	2.9814e-009	3.3617e-009	2.5884e-009	3.0964e-009	3.4961e-009	3.7956e-009	4.4501e-009	5.5783e-009	7.006e-009	8.8207e-009	1.2017e-008	1.5805e-008	2.0261e-008	2.453e-008	3.1312e-008	3.9075e-008	4.6257e-008	5.2777e-008	5.6342e-008	6.2233e-008	6.7897e-008	7.4545e-008	7.783e-008	8.0739e-008	8.2648e-008	8.5337e-008	8.725e-008	8.9126e-008	9.047e-008	9.1731e-008	9.2828e-008	9.245e-008	9.1191e-008	8.897e-008	8.825e-008	8.6149e-008	8.2736e-008	8.105e-008	7.9037e-008	7.8164e-008	7.7293e-008	7.6698e-008	7.5087e-008	7.299e-008	7.0597e-008	6.8389e-008	6.614e-008	6.4764e-008	6.2393e-008	5.9402e-008	5.6185e-008	5.3592e-008	5.2548e-008	5.0641e-008	4.9919e-008	4.8678e-008	4.553e-008	4.362e-008	4.1194e-008	3.9473e-008	3.7066e-008	3.5191e-008	3.3409e-008	3.1143e-008	2.9527e-008	2.7459e-008	2.5917e-008	2.3965e-008	2.1424e-008	2.0278e-008	1.8093e-008	1.519e-008	1.3682e-008	1.2243e-008	1.1248e-008	9.6971e-009	7.4764e-009	5.8383e-009	5.037e-009	4.2935e-009	3.9045e-009	3.8049e-009	3.9835e-009	4.0308e-009	3.5236e-009	3.7162e-009	4.2552e-009	4.2241e-009	4.0693e-009	3.9433e-009	4.731e-009	6.098e-009	7.6429e-009	1.0994e-008	1.3717e-008	1.6819e-008	2.1718e-008	2.6183e-008	3.2242e-008	3.8019e-008	4.3354e-008	4.954e-008	5.3579e-008	5.8489e-008	6.5334e-008	6.9842e-008	7.5188e-008	7.9348e-008	8.3383e-008	8.5758e-008	8.708e-008	8.9072e-008	8.9468e-008	8.9576e-008	9.0573e-008	9.1148e-008	9.0669e-008	8.9645e-008	8.876e-008	8.7281e-008	8.5406e-008	8.3399e-008	8.226e-008	8.0605e-008	7.8031e-008	7.5051e-008	7.3866e-008	7.315e-008	7.1991e-008	7.0421e-008	6.9143e-008	6.8409e-008	6.605e-008	6.3312e-008	6.1238e-008	5.9182e-008	5.7555e-008	5.5859e-008	5.3343e-008	5.1754e-008	4.9857e-008	4.757e-008	4.6839e-008	4.5123e-008	4.3311e-008	4.186e-008	4.0103e-008	3.7658e-008	3.6318e-008	3.4563e-008	3.2851e-008	2.9971e-008	2.7805e-008	2.5889e-008	2.403e-008	2.1584e-008	1.8949e-008	1.757e-008	1.5305e-008	1.3097e-008	1.0448e-008	8.1224e-009	6.8511e-009	4.9514e-009	4.3868e-009	3.6771e-009	2.9134e-009	2.9898e-009	2.9311e-009	2.7333e-009	2.8504e-009	2.6161e-009	2.9533e-009	3.5213e-009	3.254e-009	3.5669e-009	4.0373e-009	4.8529e-009	7.0295e-009	1.0122e-008	1.3368e-008	1.9141e-008	2.4158e-008	2.9648e-008	3.6336e-008	4.3085e-008	5.1512e-008	5.6697e-008	6.3147e-008	7.0499e-008	7.6004e-008	8.1325e-008	8.3699e-008	8.6085e-008	8.7948e-008	9.0416e-008	9.0917e-008	9.115e-008	9.181e-008	9.1787e-008	9.1894e-008	9.1228e-008	9.0609e-008	9.013e-008	8.8658e-008	8.7089e-008	8.5663e-008	8.4904e-008	8.3149e-008	8.155e-008	7.9954e-008	7.7584e-008	7.6408e-008	7.5464e-008	7.3048e-008	7.1225e-008	6.8733e-008	6.4e-008	6.2247e-008	6.1821e-008	6.0052e-008	5.7302e-008	5.5418e-008	5.218e-008	5.0137e-008	4.7324e-008	4.3551e-008	4.2059e-008	4.0826e-008	3.9294e-008	3.6434e-008	3.362e-008	3.1651e-008	2.797e-008	2.6134e-008	2.4894e-008	2.2768e-008	1.9262e-008	1.7853e-008	1.6496e-008	1.3635e-008	1.0985e-008	9.0797e-009	7.3182e-009	6.1883e-009	5.1078e-009	4.4942e-009	4.1617e-009	4.2707e-009	4.2508e-009	3.9519e-009	3.9072e-009
2.4638e-009	2.2018e-009	1.7962e-009	2.0554e-009	1.9765e-009	1.4979e-009	1.1675e-009	2.1014e-009	2.3528e-009	1.7094e-009	2.3277e-009	2.8438e-009	2.9503e-009	3.9109e-009	3.9709e-009	5.649e-009	7.5189e-009	1.0103e-008	1.5794e-008	2.3399e-008	3.325e-008	3.9055e-008	4.4958e-008	5.4218e-008	6.1808e-008	6.9235e-008	7.439e-008	7.7382e-008	8.0525e-008	8.3493e-008	8.6552e-008	8.8775e-008	9.0357e-008	9.1561e-008	9.3608e-008	9.3031e-008	9.2719e-008	9.216e-008	9.0992e-008	8.9844e-008	8.9528e-008	8.8925e-008	8.7224e-008	8.5854e-008	8.5354e-008	8.4215e-008	8.3207e-008	8.007e-008	7.7382e-008	7.4656e-008	7.2773e-008	6.9722e-008	6.7664e-008	6.6279e-008	6.4791e-008	6.3478e-008	6.1987e-008	5.9257e-008	5.7966e-008	5.5506e-008	5.3394e-008	5.109e-008	4.8141e-008	4.4922e-008	4.274e-008	4.1751e-008	3.9519e-008	3.7193e-008	3.5418e-008	3.167e-008	2.9362e-008	2.7994e-008	2.6182e-008	2.3403e-008	2.1521e-008	1.7904e-008	1.597e-008	1.4137e-008	1.2261e-008	9.2803e-009	7.4866e-009	6.1023e-009	4.619e-009	4.373e-009	3.9439e-009	3.5653e-009	4.0685e-009	4.4438e-009	4.8905e-009	4.8229e-009	4.1567e-009	4.301e-009	4.6154e-009	5.2018e-009	5.0608e-009	5.9466e-009	7.6545e-009	9.7214e-009	1.2639e-008	1.5557e-008	1.928e-008	2.3194e-008	2.7141e-008	3.1424e-008	3.6312e-008	4.1922e-008	4.7265e-008	5.3589e-008	5.8912e-008	6.4212e-008	7.0552e-008	7.4563e-008	7.7407e-008	8.1522e-008	8.6332e-008	8.8995e-008	8.9975e-008	9.0231e-008	9.0952e-008	9.2021e-008	9.2325e-008	9.1821e-008	9.2261e-008	9.3053e-008	9.2494e-008	8.9966e-008	8.7876e-008	8.5433e-008	8.3187e-008	7.9578e-008	7.7595e-008	7.5039e-008	7.3433e-008	7.1907e-008	7.0395e-008	6.9327e-008	6.813e-008	6.6624e-008	6.4772e-008	6.308e-008	6.1098e-008	5.9708e-008	5.6649e-008	5.3839e-008	5.1052e-008	4.8117e-008	4.6485e-008	4.469e-008	4.1701e-008	3.923e-008	3.7463e-008	3.4021e-008	3.2138e-008	2.9866e-008	2.8283e-008	2.5707e-008	2.422e-008	2.3002e-008	2.0881e-008	1.7673e-008	1.6265e-008	1.3635e-008	1.1462e-008	9.2184e-009	7.3325e-009	6.1722e-009	5.1206e-009	4.591e-009	4.0449e-009	4.0546e-009	3.7197e-009	2.9664e-009	2.7082e-009	3.0637e-009	3.5892e-009	3.6965e-009	3.6208e-009	4.0816e-009	4.3174e-009	4.3407e-009	4.7159e-009	5.9937e-009	7.3232e-009	8.7709e-009	1.175e-008	1.5671e-008	1.8473e-008	2.4875e-008	2.936e-008	3.4609e-008	4.0776e-008	4.6647e-008	5.1134e-008	5.6963e-008	6.2483e-008	6.8337e-008	7.2288e-008	7.5394e-008	7.8447e-008	8.1467e-008	8.3079e-008	8.4959e-008	8.7838e-008	8.9144e-008	9.0006e-008	9.0971e-008	9.1084e-008	9.0809e-008	8.9283e-008	8.7735e-008	8.5804e-008	8.3594e-008	8.1836e-008	8.0123e-008	7.75e-008	7.4071e-008	7.244e-008	7.0433e-008	6.9669e-008	6.7726e-008	6.6225e-008	6.4407e-008	6.3297e-008	6.1476e-008	6.0101e-008	5.6798e-008	5.3106e-008	5.105e-008	4.8987e-008	4.7076e-008	4.5325e-008	4.3949e-008	4.1421e-008	3.9167e-008	3.743e-008	3.5652e-008	3.4289e-008	3.1477e-008	2.7666e-008	2.5618e-008	2.4371e-008	2.1518e-008	1.889e-008	1.6482e-008	1.5155e-008	1.2021e-008	9.9452e-009	8.356e-009	6.4301e-009	4.9348e-009	4.1994e-009	4.1424e-009	3.8516e-009	3.2686e-009	3.2498e-009	3.4107e-009	2.4278e-009	2.0671e-009	2.3505e-009	2.2879e-009	2.2943e-009	2.6329e-009	2.9939e-009	3.21e-009	3.8937e-009	3.8785e-009	4.2561e-009	5.2846e-009	7.2609e-009	9.3948e-009	1.2444e-008	1.5408e-008	2.0212e-008	2.4217e-008	3.0382e-008	3.9543e-008	4.66e-008	5.2799e-008	5.7782e-008	6.176e-008	6.7383e-008	7.2647e-008	7.6771e-008	8.0447e-008	8.2586e-008	8.4954e-008	8.6593e-008	8.8406e-008	8.9282e-008	9.0753e-008	9.1511e-008	9.1635e-008	9.1298e-008	8.9461e-008	8.8302e-008	8.6129e-008	8.2747e-008	8.0838e-008	7.9271e-008	7.8737e-008	7.8003e-008	7.6956e-008	7.5824e-008	7.3583e-008	7.0561e-008	6.8014e-008	6.6364e-008	6.4876e-008	6.3037e-008	5.9965e-008	5.6271e-008	5.3625e-008	5.2012e-008	5.0794e-008	4.9619e-008	4.749e-008	4.5107e-008	4.3178e-008	4.0378e-008	3.8513e-008	3.6367e-008	3.4824e-008	3.2903e-008	3.0471e-008	2.9398e-008	2.6587e-008	2.4867e-008	2.3564e-008	2.1026e-008	1.9823e-008	1.7844e-008	1.5899e-008	1.3553e-008	1.1875e-008	1.0095e-008	8.7319e-009	6.9012e-009	5.5862e-009	4.6533e-009	3.9142e-009	3.7608e-009	3.3877e-009	3.6843e-009	3.4724e-009	2.9265e-009	3.2517e-009	3.3044e-009	3.6343e-009	3.6082e-009	3.6571e-009	4.1433e-009	5.7278e-009	7.5184e-009	1.0131e-008	1.3406e-008	1.6529e-008	2.0988e-008	2.6336e-008	3.2032e-008	3.6852e-008	4.2168e-008	4.971e-008	5.5331e-008	6.0698e-008	6.5955e-008	6.9388e-008	7.3854e-008	7.8212e-008	8.2336e-008	8.5829e-008	8.7109e-008	8.8917e-008	9.0123e-008	9.0472e-008	9.1136e-008	9.1355e-008	9.0339e-008	8.9582e-008	8.8938e-008	8.7834e-008	8.5789e-008	8.311e-008	8.2323e-008	8.0725e-008	7.9072e-008	7.5608e-008	7.3765e-008	7.2551e-008	7.1434e-008	7.0327e-008	6.8899e-008	6.8047e-008	6.6323e-008	6.4255e-008	6.1478e-008	6.0034e-008	5.7612e-008	5.5385e-008	5.3066e-008	5.1845e-008	5.0451e-008	4.7678e-008	4.6016e-008	4.4403e-008	4.2453e-008	4.1607e-008	4.0439e-008	3.7766e-008	3.6333e-008	3.4253e-008	3.2937e-008	3.0236e-008	2.7395e-008	2.546e-008	2.3165e-008	2.0517e-008	1.7734e-008	1.6933e-008	1.4299e-008	1.1719e-008	9.8726e-009	8.1462e-009	6.1101e-009	4.4684e-009	3.9109e-009	3.0379e-009	2.5753e-009	2.4086e-009	2.6633e-009	1.9062e-009	2.4029e-009	2.5945e-009	2.6335e-009	2.9862e-009	3.2444e-009	3.2984e-009	3.7292e-009	4.8493e-009	6.5656e-009	9.7092e-009	1.3202e-008	1.8132e-008	2.2146e-008	2.8545e-008	3.5902e-008	4.5047e-008	5.0356e-008	5.6402e-008	6.3531e-008	7.0541e-008	7.4437e-008	7.9678e-008	8.3781e-008	8.5614e-008	8.8049e-008	9.0276e-008	9.113e-008	9.088e-008	9.1628e-008	9.1712e-008	9.1494e-008	9.1579e-008	9.0554e-008	9.0194e-008	8.8959e-008	8.7731e-008	8.5894e-008	8.4841e-008	8.3723e-008	8.2561e-008	7.9909e-008	7.7445e-008	7.5623e-008	7.4687e-008	7.2468e-008	7.0851e-008	6.7502e-008	6.3847e-008	6.2373e-008	6.1246e-008	5.9542e-008	5.7183e-008	5.5593e-008	5.2285e-008	5.0043e-008	4.6994e-008	4.3382e-008	4.2032e-008	4.0376e-008	3.7501e-008	3.6242e-008	3.4136e-008	3.1562e-008	2.758e-008	2.5899e-008	2.4043e-008	2.1915e-008	1.9277e-008	1.7002e-008	1.558e-008	1.3197e-008	1.0563e-008	8.179e-009	7.2731e-009	6.3806e-009	5.0005e-009	4.4153e-009	3.8583e-009	3.4897e-009	4.0826e-009	3.6222e-009	3.5859e-009
2.3649e-009	1.7599e-009	1.3675e-009	1.5721e-009	1.9849e-009	1.2405e-009	9.4813e-010	2.1193e-009	2.6636e-009	2.1777e-009	2.4501e-009	3.066e-009	3.1803e-009	3.4211e-009	4.001e-009	4.8694e-009	6.8508e-009	1.0905e-008	1.6271e-008	2.3111e-008	3.1548e-008	3.898e-008	4.5142e-008	5.1033e-008	5.9975e-008	6.9018e-008	7.3487e-008	7.6932e-008	7.8908e-008	8.3124e-008	8.6582e-008	8.8623e-008	8.9771e-008	9.1574e-008	9.221e-008	9.2704e-008	9.2586e-008	9.1773e-008	9.1229e-008	9.0255e-008	8.9801e-008	8.8694e-008	8.7701e-008	8.5434e-008	8.5078e-008	8.4248e-008	8.2378e-008	8.0468e-008	7.7346e-008	7.502e-008	7.3356e-008	7.091e-008	6.8918e-008	6.6633e-008	6.536e-008	6.2816e-008	6.0759e-008	5.9821e-008	5.8754e-008	5.6341e-008	5.3064e-008	5.0945e-008	4.8418e-008	4.5732e-008	4.2724e-008	4.1255e-008	3.9373e-008	3.7337e-008	3.4781e-008	3.1775e-008	2.9196e-008	2.7808e-008	2.582e-008	2.3374e-008	2.2034e-008	1.887e-008	1.599e-008	1.3652e-008	1.2019e-008	9.3633e-009	7.8275e-009	6.2506e-009	5.4465e-009	5.1132e-009	4.7119e-009	3.961e-009	4.4938e-009	4.5112e-009	4.3187e-009	4.0643e-009	3.9426e-009	3.9591e-009	4.3288e-009	4.9467e-009	4.6983e-009	5.7586e-009	8.2158e-009	1.0424e-008	1.2746e-008	1.5292e-008	1.9303e-008	2.3265e-008	2.6735e-008	3.2121e-008	3.6293e-008	4.0335e-008	4.7132e-008	5.2385e-008	5.9116e-008	6.3964e-008	7.0887e-008	7.3995e-008	7.6924e-008	8.1538e-008	8.6366e-008	8.9498e-008	8.9999e-008	9.0276e-008	9.1095e-008	9.2032e-008	9.2648e-008	9.2263e-008	9.2856e-008	9.3541e-008	9.326e-008	9.0101e-008	8.7433e-008	8.5656e-008	8.3287e-008	8.0232e-008	7.7463e-008	7.6498e-008	7.4285e-008	7.2671e-008	7.1161e-008	6.9811e-008	6.784e-008	6.6654e-008	6.5175e-008	6.2858e-008	6.1071e-008	5.9235e-008	5.6701e-008	5.2999e-008	5.0989e-008	4.7701e-008	4.5662e-008	4.4416e-008	4.0563e-008	3.793e-008	3.584e-008	3.4594e-008	3.1629e-008	2.9525e-008	2.8065e-008	2.5936e-008	2.405e-008	2.2095e-008	2.0252e-008	1.7577e-008	1.5667e-008	1.2834e-008	1.0782e-008	8.6286e-009	7.4728e-009	6.6063e-009	5.7768e-009	4.7916e-009	3.7561e-009	3.6425e-009	3.5311e-009	3.0652e-009	3.0594e-009	2.9625e-009	3.3236e-009	3.6806e-009	3.603e-009	4.1722e-009	4.3053e-009	4.516e-009	4.8692e-009	5.8573e-009	7.2277e-009	8.8823e-009	1.1505e-008	1.5516e-008	1.849e-008	2.4874e-008	2.8396e-008	3.4139e-008	4.221e-008	4.8234e-008	5.1977e-008	5.7087e-008	6.2082e-008	6.7617e-008	7.2346e-008	7.5282e-008	7.9183e-008	8.2273e-008	8.3815e-008	8.6164e-008	8.7626e-008	8.9712e-008	9.0175e-008	9.116e-008	9.087e-008	9.0376e-008	8.9685e-008	8.8113e-008	8.5467e-008	8.451e-008	8.1808e-008	8.0456e-008	7.796e-008	7.5178e-008	7.2561e-008	7.0609e-008	6.9545e-008	6.8237e-008	6.7018e-008	6.4743e-008	6.2937e-008	6.1344e-008	5.872e-008	5.6863e-008	5.3954e-008	5.08e-008	4.8643e-008	4.6734e-008	4.4763e-008	4.3097e-008	4.1208e-008	3.8985e-008	3.6934e-008	3.4988e-008	3.3345e-008	3.1435e-008	2.7223e-008	2.564e-008	2.3437e-008	2.0906e-008	1.8776e-008	1.6782e-008	1.4969e-008	1.1495e-008	9.6922e-009	7.5889e-009	6.0856e-009	4.6084e-009	4.0245e-009	3.8352e-009	3.2826e-009	2.7301e-009	2.688e-009	2.6159e-009	2.3438e-009	2.1144e-009	2.3268e-009	2.1014e-009	2.1783e-009	2.7855e-009	2.8115e-009	2.9414e-009	3.1888e-009	3.161e-009	4.0878e-009	5.4052e-009	7.1054e-009	9.7507e-009	1.2632e-008	1.4932e-008	2.001e-008	2.4435e-008	3.0598e-008	4.0529e-008	4.8097e-008	5.3986e-008	5.8636e-008	6.3316e-008	6.7795e-008	7.1846e-008	7.6318e-008	7.9912e-008	8.2636e-008	8.5668e-008	8.7419e-008	8.8061e-008	8.887e-008	8.9607e-008	9.0607e-008	9.0442e-008	9.0024e-008	8.8648e-008	8.7779e-008	8.6004e-008	8.3596e-008	8.1624e-008	7.8859e-008	7.8678e-008	7.8113e-008	7.7512e-008	7.5267e-008	7.3292e-008	7.0761e-008	6.8397e-008	6.6676e-008	6.5558e-008	6.3664e-008	6.1454e-008	5.9053e-008	5.3259e-008	5.1879e-008	5.0399e-008	4.8756e-008	4.6023e-008	4.4275e-008	4.2025e-008	4.033e-008	3.7987e-008	3.6577e-008	3.4522e-008	3.2642e-008	3.084e-008	2.8896e-008	2.6486e-008	2.4454e-008	2.3187e-008	2.0795e-008	1.9463e-008	1.798e-008	1.5672e-008	1.3738e-008	1.1737e-008	9.9268e-009	8.6828e-009	6.6076e-009	5.2611e-009	4.6027e-009	4.2893e-009	3.8266e-009	3.2979e-009	3.0021e-009	2.6332e-009	2.921e-009	2.9695e-009	3.1777e-009	3.5671e-009	3.7685e-009	3.7452e-009	4.3153e-009	5.6885e-009	7.4133e-009	1.0161e-008	1.3016e-008	1.6745e-008	2.0589e-008	2.4353e-008	3.1654e-008	3.6763e-008	4.438e-008	5.0199e-008	5.598e-008	6.1359e-008	6.6305e-008	7.0708e-008	7.3689e-008	7.7466e-008	8.1856e-008	8.4787e-008	8.6887e-008	8.9103e-008	9.0897e-008	9.1523e-008	9.1948e-008	9.139e-008	9.054e-008	8.9481e-008	8.8519e-008	8.7372e-008	8.5861e-008	8.2948e-008	8.2281e-008	8.1003e-008	7.9266e-008	7.5801e-008	7.4352e-008	7.2988e-008	7.2177e-008	7.0154e-008	6.8881e-008	6.7654e-008	6.639e-008	6.5415e-008	6.1939e-008	6.0598e-008	5.7983e-008	5.5218e-008	5.3068e-008	5.1921e-008	5.0834e-008	4.8017e-008	4.68e-008	4.5269e-008	4.3037e-008	4.1741e-008	4.0248e-008	3.7255e-008	3.5517e-008	3.3578e-008	3.2121e-008	2.9646e-008	2.7306e-008	2.4343e-008	2.2532e-008	2.0587e-008	1.7875e-008	1.5245e-008	1.3708e-008	1.156e-008	9.951e-009	7.6948e-009	5.4899e-009	4.0327e-009	3.6243e-009	3.1699e-009	2.4412e-009	2.0883e-009	2.4714e-009	2.365e-009	2.3317e-009	2.355e-009	2.5965e-009	2.9645e-009	3.034e-009	3.2459e-009	3.9292e-009	5.1791e-009	6.4091e-009	8.7187e-009	1.3656e-008	1.7493e-008	2.2152e-008	2.8199e-008	3.5987e-008	4.2259e-008	5.1395e-008	5.66e-008	6.2161e-008	6.9516e-008	7.3871e-008	7.8732e-008	8.3585e-008	8.5752e-008	8.7902e-008	8.9965e-008	9.1173e-008	9.0968e-008	9.1225e-008	9.2025e-008	9.1926e-008	9.2168e-008	9.1105e-008	9.069e-008	8.8997e-008	8.8008e-008	8.6206e-008	8.5341e-008	8.4006e-008	8.2897e-008	8.0449e-008	7.7393e-008	7.5345e-008	7.4004e-008	7.2741e-008	6.9136e-008	6.6713e-008	6.4041e-008	6.235e-008	6.0899e-008	5.9644e-008	5.716e-008	5.5422e-008	5.2013e-008	4.8642e-008	4.6268e-008	4.3183e-008	4.1274e-008	4.0057e-008	3.6987e-008	3.5824e-008	3.3598e-008	3.0482e-008	2.7577e-008	2.6249e-008	2.2905e-008	2.1212e-008	1.7976e-008	1.6476e-008	1.5763e-008	1.2061e-008	9.9151e-009	8.2126e-009	7.3342e-009	5.4926e-009	4.5142e-009	3.9906e-009	3.8773e-009	4.1359e-009	4.1967e-009	3.321e-009	3.1671e-009
1.7102e-009	1.7153e-009	1.4986e-009	1.1031e-009	1.3134e-009	6.9215e-010	6.1089e-010	1.4248e-009	2.1105e-009	2.2959e-009	2.5464e-009	2.7038e-009	3.0034e-009	2.9624e-009	3.3549e-009	3.8127e-009	5.1383e-009	9.5236e-009	1.605e-008	2.2936e-008	3.1784e-008	4.0167e-008	4.5356e-008	5.1568e-008	5.873e-008	6.7101e-008	7.155e-008	7.5789e-008	7.9293e-008	8.275e-008	8.6344e-008	8.8377e-008	8.9569e-008	9.0683e-008	9.1262e-008	9.2113e-008	9.2483e-008	9.172e-008	9.1061e-008	9.1067e-008	9.0887e-008	8.9517e-008	8.6926e-008	8.5487e-008	8.4475e-008	8.3716e-008	8.2362e-008	7.9949e-008	7.7012e-008	7.5127e-008	7.3417e-008	7.0772e-008	6.8953e-008	6.7515e-008	6.499e-008	6.252e-008	6.0457e-008	5.9862e-008	5.8616e-008	5.5603e-008	5.2574e-008	5.0223e-008	4.7469e-008	4.5171e-008	4.2957e-008	4.0658e-008	3.8246e-008	3.5424e-008	3.3173e-008	3.1049e-008	2.919e-008	2.7448e-008	2.4663e-008	2.3199e-008	2.2051e-008	1.8976e-008	1.5697e-008	1.4511e-008	1.2517e-008	9.5956e-009	7.7647e-009	6.1844e-009	5.0576e-009	4.9165e-009	4.5525e-009	4.3215e-009	4.3824e-009	4.0213e-009	3.4961e-009	3.8646e-009	3.8062e-009	4.1854e-009	4.4688e-009	4.8198e-009	4.8703e-009	5.3974e-009	7.9753e-009	1.0285e-008	1.2679e-008	1.4758e-008	1.9074e-008	2.2432e-008	2.6675e-008	3.0359e-008	3.5819e-008	4.1101e-008	4.6112e-008	5.2231e-008	5.796e-008	6.3796e-008	7.0747e-008	7.4071e-008	7.7231e-008	8.0981e-008	8.6275e-008	8.9428e-008	8.9595e-008	9.0266e-008	9.1436e-008	9.1823e-008	9.2173e-008	9.2253e-008	9.2899e-008	9.2879e-008	9.2477e-008	9.0686e-008	8.6718e-008	8.5279e-008	8.285e-008	7.9677e-008	7.7859e-008	7.6751e-008	7.4094e-008	7.2402e-008	7.1247e-008	6.9908e-008	6.748e-008	6.6275e-008	6.5087e-008	6.2373e-008	6.0816e-008	5.8276e-008	5.5887e-008	5.2874e-008	4.9815e-008	4.754e-008	4.5555e-008	4.3714e-008	4.076e-008	3.8073e-008	3.6349e-008	3.4257e-008	3.1581e-008	2.9649e-008	2.8056e-008	2.5753e-008	2.3443e-008	2.1669e-008	1.9477e-008	1.6853e-008	1.5348e-008	1.2652e-008	1.0229e-008	8.538e-009	7.0469e-009	5.7988e-009	5.0497e-009	4.1115e-009	3.45e-009	3.4672e-009	3.3431e-009	3.104e-009	2.8862e-009	2.6617e-009	3.2078e-009	3.3099e-009	3.3212e-009	3.8804e-009	3.9461e-009	4.1056e-009	4.6905e-009	5.477e-009	6.4624e-009	8.7577e-009	1.1913e-008	1.5284e-008	1.8939e-008	2.3134e-008	2.9431e-008	3.3703e-008	4.1494e-008	4.8901e-008	5.2476e-008	5.7838e-008	6.2032e-008	6.8119e-008	7.2461e-008	7.5522e-008	7.9488e-008	8.2395e-008	8.4756e-008	8.6456e-008	8.8014e-008	8.9936e-008	9.0525e-008	9.0876e-008	9.0636e-008	9.0447e-008	8.9858e-008	8.9028e-008	8.6198e-008	8.4231e-008	8.2195e-008	8.0861e-008	7.8576e-008	7.5044e-008	7.2729e-008	7.0785e-008	6.9681e-008	6.8066e-008	6.6819e-008	6.4776e-008	6.2251e-008	6.068e-008	5.8805e-008	5.6032e-008	5.3395e-008	5.1286e-008	4.9387e-008	4.6899e-008	4.4975e-008	4.2717e-008	4.0467e-008	3.8295e-008	3.5772e-008	3.3701e-008	3.2107e-008	2.9896e-008	2.6943e-008	2.4699e-008	2.2594e-008	2.0199e-008	1.8038e-008	1.6367e-008	1.4661e-008	1.1412e-008	8.485e-009	6.8944e-009	5.3724e-009	4.3762e-009	3.5363e-009	3.4043e-009	3.166e-009	2.5457e-009	2.5566e-009	2.1637e-009	1.8421e-009	2.0362e-009	1.8734e-009	1.9325e-009	1.6402e-009	2.3423e-009	2.4474e-009	2.9126e-009	2.9251e-009	3.0226e-009	3.3665e-009	4.5562e-009	6.4779e-009	9.4966e-009	1.2671e-008	1.5066e-008	1.9759e-008	2.466e-008	3.1025e-008	3.8961e-008	4.8931e-008	5.5129e-008	6.1029e-008	6.5218e-008	6.8848e-008	7.3326e-008	7.8359e-008	8.1878e-008	8.4123e-008	8.7216e-008	8.8608e-008	8.8854e-008	8.8893e-008	8.9255e-008	8.9579e-008	8.9325e-008	8.8824e-008	8.8477e-008	8.7501e-008	8.5864e-008	8.409e-008	8.1706e-008	7.9333e-008	7.8923e-008	7.7629e-008	7.705e-008	7.5275e-008	7.1558e-008	6.9591e-008	6.7463e-008	6.6353e-008	6.5856e-008	6.4174e-008	6.2143e-008	5.96e-008	5.7702e-008	5.386e-008	4.9371e-008	4.8079e-008	4.5583e-008	4.425e-008	4.1951e-008	3.9879e-008	3.796e-008	3.6541e-008	3.5205e-008	3.2829e-008	3.0886e-008	2.859e-008	2.6241e-008	2.4409e-008	2.2365e-008	2.0016e-008	1.9402e-008	1.7483e-008	1.4991e-008	1.2992e-008	1.1104e-008	9.622e-009	7.9709e-009	6.0691e-009	5.0124e-009	4.5549e-009	4.2073e-009	3.6632e-009	3.5274e-009	2.7178e-009	2.6598e-009	2.7015e-009	2.6657e-009	2.6973e-009	3.1984e-009	3.2981e-009	3.6881e-009	4.418e-009	5.3159e-009	7.0955e-009	9.7269e-009	1.2625e-008	1.6702e-008	2.0375e-008	2.4685e-008	3.0778e-008	3.6803e-008	4.3157e-008	5.0736e-008	5.7936e-008	6.2803e-008	6.6307e-008	7.0857e-008	7.2956e-008	7.714e-008	8.0354e-008	8.2906e-008	8.6495e-008	8.8956e-008	9.0506e-008	9.1418e-008	9.1368e-008	9.0927e-008	9.0018e-008	8.9266e-008	8.8511e-008	8.7318e-008	8.5445e-008	8.3053e-008	8.0458e-008	7.9949e-008	7.785e-008	7.571e-008	7.4828e-008	7.4239e-008	7.2743e-008	7.0198e-008	6.836e-008	6.7212e-008	6.5991e-008	6.4708e-008	6.2333e-008	6.0502e-008	5.7678e-008	5.4879e-008	5.2639e-008	5.1233e-008	5.0334e-008	4.7746e-008	4.6488e-008	4.5126e-008	4.3342e-008	4.1643e-008	3.8962e-008	3.7133e-008	3.4851e-008	3.3177e-008	3.1566e-008	2.9293e-008	2.7223e-008	2.364e-008	2.1861e-008	1.9463e-008	1.7353e-008	1.4976e-008	1.2609e-008	1.127e-008	8.9723e-009	6.6717e-009	5.032e-009	3.5101e-009	3.046e-009	2.8863e-009	2.3986e-009	2.0381e-009	2.2791e-009	2.2123e-009	1.7639e-009	1.7735e-009	1.922e-009	2.9002e-009	2.8103e-009	3.016e-009	3.7174e-009	4.8843e-009	5.9271e-009	9.2722e-009	1.3531e-008	1.7765e-008	2.326e-008	2.7618e-008	3.4633e-008	4.2956e-008	5.0543e-008	5.5893e-008	6.1689e-008	6.926e-008	7.2933e-008	7.7628e-008	8.0477e-008	8.4623e-008	8.6785e-008	8.9297e-008	9.0455e-008	9.0843e-008	9.0819e-008	9.147e-008	9.2071e-008	9.2729e-008	9.1732e-008	9.0549e-008	8.9325e-008	8.7631e-008	8.6609e-008	8.5495e-008	8.3926e-008	8.2686e-008	7.9907e-008	7.6403e-008	7.4188e-008	7.3307e-008	7.1699e-008	6.8573e-008	6.5601e-008	6.3752e-008	6.2192e-008	6.0695e-008	5.8927e-008	5.6471e-008	5.4142e-008	5.1081e-008	4.8307e-008	4.507e-008	4.2625e-008	4.1237e-008	3.8322e-008	3.6599e-008	3.5194e-008	3.311e-008	2.9735e-008	2.7598e-008	2.6585e-008	2.3209e-008	2.0213e-008	1.7585e-008	1.6009e-008	1.49e-008	1.2122e-008	9.3444e-009	7.767e-009	6.5325e-009	4.624e-009	3.7508e-009	3.5446e-009	3.8646e-009	4.0661e-009	3.5832e-009	3.1537e-009	2.7663e-009
1.6597e-009	1.4561e-009	1.0584e-009	1.1666e-009	6.8149e-010	7.779e-010	7.6564e-010	8.039e-010	1.5843e-009	2.5272e-009	2.8111e-009	2.6157e-009	3.1311e-009	3.3903e-009	3.7382e-009	3.8891e-009	5.293e-009	1.0609e-008	1.5806e-008	2.2549e-008	3.1737e-008	3.8739e-008	4.5194e-008	5.2321e-008	5.8757e-008	6.5398e-008	7.0423e-008	7.5729e-008	7.8673e-008	8.3017e-008	8.6347e-008	8.8248e-008	8.9711e-008	9.0277e-008	9.1587e-008	9.2331e-008	9.2296e-008	9.2055e-008	9.1786e-008	9.1755e-008	9.1401e-008	8.9978e-008	8.7081e-008	8.5659e-008	8.4196e-008	8.2787e-008	8.0882e-008	7.8446e-008	7.7169e-008	7.5813e-008	7.423e-008	7.1003e-008	6.9024e-008	6.7435e-008	6.5303e-008	6.2308e-008	6.0353e-008	5.9378e-008	5.8234e-008	5.4724e-008	5.2258e-008	5.0601e-008	4.7484e-008	4.493e-008	4.2842e-008	4.0658e-008	3.7815e-008	3.5854e-008	3.3124e-008	3.1071e-008	2.8768e-008	2.6922e-008	2.467e-008	2.2691e-008	2.1414e-008	1.9254e-008	1.6932e-008	1.4661e-008	1.2657e-008	1.0258e-008	8.3359e-009	6.7028e-009	5.6101e-009	4.9154e-009	4.138e-009	4.2709e-009	4.1733e-009	3.7927e-009	3.626e-009	4.0541e-009	3.7823e-009	4.1991e-009	4.2796e-009	4.796e-009	4.8244e-009	5.2615e-009	7.5458e-009	9.8994e-009	1.2693e-008	1.5209e-008	1.8773e-008	2.2183e-008	2.7106e-008	3.0947e-008	3.5451e-008	4.0994e-008	4.6281e-008	5.2574e-008	5.7707e-008	6.4799e-008	6.9499e-008	7.4368e-008	7.7111e-008	8.0855e-008	8.5752e-008	8.8297e-008	8.9417e-008	9.0755e-008	9.1743e-008	9.2293e-008	9.2329e-008	9.24e-008	9.2725e-008	9.1805e-008	9.0677e-008	8.8962e-008	8.6514e-008	8.5062e-008	8.2563e-008	7.9681e-008	7.7599e-008	7.5809e-008	7.4121e-008	7.2782e-008	7.1705e-008	7.0184e-008	6.8157e-008	6.6261e-008	6.4382e-008	6.225e-008	5.9901e-008	5.794e-008	5.5498e-008	5.2818e-008	5.0215e-008	4.7594e-008	4.5121e-008	4.2914e-008	4.0873e-008	3.8219e-008	3.6271e-008	3.3628e-008	3.1478e-008	3.0432e-008	2.7461e-008	2.5595e-008	2.3639e-008	2.1571e-008	1.9533e-008	1.6012e-008	1.4569e-008	1.2577e-008	9.9042e-009	8.1766e-009	6.5271e-009	5.2656e-009	4.6595e-009	4.0552e-009	3.3925e-009	3.1369e-009	2.9169e-009	3.0473e-009	2.4651e-009	2.5054e-009	3.186e-009	3.0802e-009	3.5391e-009	3.9482e-009	3.6599e-009	3.6493e-009	4.705e-009	5.1128e-009	6.269e-009	8.8741e-009	1.1731e-008	1.5339e-008	1.9082e-008	2.3345e-008	2.9846e-008	3.5235e-008	4.1738e-008	4.8358e-008	5.3042e-008	5.9358e-008	6.3231e-008	6.8208e-008	7.2873e-008	7.5813e-008	7.9242e-008	8.2619e-008	8.538e-008	8.7078e-008	8.8523e-008	8.9796e-008	9.0644e-008	9.0895e-008	9.0535e-008	9.0428e-008	9.0407e-008	8.9241e-008	8.6622e-008	8.3659e-008	8.22e-008	8.1151e-008	7.8209e-008	7.5461e-008	7.3623e-008	7.14e-008	6.9389e-008	6.754e-008	6.6063e-008	6.42e-008	6.2698e-008	6.009e-008	5.8798e-008	5.6505e-008	5.4039e-008	5.2103e-008	4.9278e-008	4.6923e-008	4.5403e-008	4.3706e-008	4.0535e-008	3.7887e-008	3.5297e-008	3.3865e-008	3.1734e-008	2.9943e-008	2.6929e-008	2.443e-008	2.1837e-008	2.0169e-008	1.7969e-008	1.5687e-008	1.4114e-008	1.102e-008	7.8025e-009	6.1149e-009	4.5474e-009	3.8614e-009	3.357e-009	3.4057e-009	2.898e-009	2.6116e-009	2.5255e-009	2.0134e-009	1.7327e-009	1.8139e-009	1.9624e-009	1.5458e-009	1.4797e-009	1.7379e-009	2.4708e-009	2.6076e-009	2.9679e-009	3.6313e-009	3.4639e-009	4.3011e-009	6.7364e-009	8.8575e-009	1.2106e-008	1.5664e-008	1.994e-008	2.4718e-008	3.1456e-008	3.8605e-008	4.8491e-008	5.5829e-008	6.2157e-008	6.6333e-008	6.9642e-008	7.393e-008	7.9592e-008	8.4756e-008	8.6006e-008	8.7836e-008	8.9052e-008	8.9179e-008	8.915e-008	8.9581e-008	8.9453e-008	8.9397e-008	8.8597e-008	8.8149e-008	8.8569e-008	8.6219e-008	8.3863e-008	8.2451e-008	8.0169e-008	7.8934e-008	7.793e-008	7.6708e-008	7.4751e-008	7.1331e-008	6.9243e-008	6.7239e-008	6.6537e-008	6.5681e-008	6.436e-008	6.2119e-008	6.0046e-008	5.8173e-008	5.4743e-008	5.1653e-008	4.8977e-008	4.5804e-008	4.4098e-008	4.171e-008	3.9531e-008	3.7511e-008	3.66e-008	3.4778e-008	3.3106e-008	3.0395e-008	2.7745e-008	2.5992e-008	2.4385e-008	2.2086e-008	1.991e-008	1.8964e-008	1.7017e-008	1.4897e-008	1.331e-008	1.1664e-008	9.7099e-009	8.2784e-009	6.2757e-009	5.3175e-009	4.8221e-009	3.9977e-009	3.3574e-009	3.0057e-009	3.3121e-009	3.2221e-009	2.7411e-009	2.94e-009	2.8047e-009	3.2247e-009	3.4779e-009	3.9852e-009	4.5411e-009	5.7383e-009	7.5129e-009	9.4733e-009	1.3195e-008	1.6463e-008	2.0149e-008	2.4707e-008	3.0887e-008	3.8447e-008	4.4224e-008	5.0855e-008	5.8559e-008	6.3611e-008	6.6449e-008	7.0109e-008	7.3201e-008	7.6919e-008	8.0353e-008	8.3542e-008	8.6558e-008	8.8385e-008	9.0391e-008	9.1344e-008	9.0804e-008	9.0442e-008	8.9678e-008	8.8699e-008	8.831e-008	8.7897e-008	8.6341e-008	8.3778e-008	8.1322e-008	7.9624e-008	7.7551e-008	7.6376e-008	7.5039e-008	7.4958e-008	7.2216e-008	7.0325e-008	6.8402e-008	6.7326e-008	6.6777e-008	6.4174e-008	6.1529e-008	5.9656e-008	5.8061e-008	5.5456e-008	5.2958e-008	5.149e-008	4.9953e-008	4.73e-008	4.5977e-008	4.5159e-008	4.3721e-008	4.0275e-008	3.7634e-008	3.6671e-008	3.4606e-008	3.3139e-008	3.1038e-008	2.8846e-008	2.6363e-008	2.4023e-008	2.1309e-008	1.9376e-008	1.6918e-008	1.4809e-008	1.2194e-008	1.083e-008	8.9175e-009	6.8005e-009	4.8213e-009	3.5553e-009	2.741e-009	3.4594e-009	2.95e-009	2.4156e-009	2.0979e-009	2.1568e-009	2.6117e-009	2.0558e-009	2.0724e-009	2.5339e-009	3.0806e-009	3.1786e-009	3.4984e-009	5.0765e-009	6.3984e-009	9.9892e-009	1.3888e-008	1.9394e-008	2.3866e-008	2.7756e-008	3.5252e-008	4.452e-008	5.1569e-008	5.7546e-008	6.3386e-008	6.9408e-008	7.3182e-008	7.7292e-008	8.0625e-008	8.3693e-008	8.6584e-008	8.9015e-008	8.9863e-008	9.0605e-008	9.1368e-008	9.2315e-008	9.3062e-008	9.2936e-008	9.1905e-008	9.0391e-008	8.9276e-008	8.8038e-008	8.6485e-008	8.5694e-008	8.4222e-008	8.3298e-008	7.9287e-008	7.4965e-008	7.2737e-008	7.1098e-008	6.9924e-008	6.8598e-008	6.6318e-008	6.4057e-008	6.2625e-008	6.077e-008	5.8308e-008	5.4255e-008	5.1833e-008	4.9467e-008	4.6703e-008	4.4897e-008	4.339e-008	4.2038e-008	3.9496e-008	3.657e-008	3.4678e-008	3.2038e-008	2.8769e-008	2.7217e-008	2.6258e-008	2.1881e-008	1.9861e-008	1.7545e-008	1.5524e-008	1.3619e-008	1.1204e-008	9.4235e-009	7.6885e-009	5.8433e-009	4.2764e-009	3.729e-009	3.7067e-009	4.0075e-009	3.3902e-009	2.7145e-009	2.8837e-009	2.9417e-009
2.5576e-009	2.8143e-009	1.8994e-009	2.3237e-009	1.6836e-009	1.7713e-009	1.7416e-009	2.1214e-009	2.7197e-009	3.0765e-009	3.5669e-009	3.7716e-009	3.7584e-009	3.8291e-009	4.3332e-009	4.4449e-009	6.9522e-009	1.1313e-008	1.6354e-008	2.2888e-008	3.0562e-008	3.8909e-008	4.6074e-008	5.2745e-008	5.934e-008	6.4338e-008	7.061e-008	7.5197e-008	7.9564e-008	8.372e-008	8.6487e-008	8.812e-008	9.0757e-008	9.1607e-008	9.2182e-008	9.2613e-008	9.2834e-008	9.2728e-008	9.2639e-008	9.2496e-008	9.1257e-008	9.0021e-008	8.8763e-008	8.7026e-008	8.4898e-008	8.2798e-008	8.0275e-008	7.8947e-008	7.735e-008	7.6572e-008	7.52e-008	7.2576e-008	6.9274e-008	6.8556e-008	6.6417e-008	6.2965e-008	6.0698e-008	6.0298e-008	5.8913e-008	5.5434e-008	5.2957e-008	5.0439e-008	4.7094e-008	4.4889e-008	4.3162e-008	4.0112e-008	3.8367e-008	3.7092e-008	3.4642e-008	3.1906e-008	2.9835e-008	2.7805e-008	2.5876e-008	2.3902e-008	2.2248e-008	2.0569e-008	1.8846e-008	1.6394e-008	1.383e-008	1.0823e-008	9.5479e-009	8.2414e-009	6.2886e-009	5.2506e-009	4.7438e-009	4.7067e-009	4.4914e-009	4.4025e-009	4.2604e-009	3.8665e-009	4.0806e-009	4.5515e-009	4.9565e-009	5.2324e-009	5.4187e-009	6.258e-009	7.7091e-009	1.0159e-008	1.2725e-008	1.5231e-008	1.981e-008	2.309e-008	2.7812e-008	3.2232e-008	3.6201e-008	4.2501e-008	4.7985e-008	5.3727e-008	5.8791e-008	6.5077e-008	6.9223e-008	7.4496e-008	7.8109e-008	8.1828e-008	8.468e-008	8.8471e-008	9.0238e-008	9.2035e-008	9.318e-008	9.3636e-008	9.3053e-008	9.3348e-008	9.315e-008	9.1931e-008	9.0506e-008	8.9374e-008	8.7617e-008	8.5905e-008	8.388e-008	8.0581e-008	7.8567e-008	7.6015e-008	7.4495e-008	7.3118e-008	7.2147e-008	7.1597e-008	6.8256e-008	6.6277e-008	6.4393e-008	6.3197e-008	6.1009e-008	5.8517e-008	5.623e-008	5.3619e-008	5.0644e-008	4.8684e-008	4.6581e-008	4.36e-008	4.2177e-008	3.9344e-008	3.7068e-008	3.5258e-008	3.2614e-008	3.1142e-008	2.798e-008	2.6371e-008	2.386e-008	2.2291e-008	1.9832e-008	1.7396e-008	1.5037e-008	1.303e-008	1.0875e-008	9.2978e-009	7.0829e-009	5.8826e-009	5.5847e-009	5.3424e-009	4.6936e-009	3.6276e-009	3.5373e-009	4.0076e-009	3.9255e-009	4.1568e-009	4.1781e-009	3.7243e-009	4.2427e-009	4.7106e-009	4.975e-009	4.5796e-009	5.2491e-009	5.337e-009	6.7118e-009	9.3463e-009	1.2769e-008	1.5978e-008	1.8733e-008	2.3901e-008	3.0678e-008	3.6825e-008	4.2984e-008	4.9035e-008	5.5335e-008	6.0983e-008	6.525e-008	6.979e-008	7.3602e-008	7.6972e-008	8.0448e-008	8.3483e-008	8.6104e-008	8.8286e-008	8.9365e-008	9.0996e-008	9.2562e-008	9.2232e-008	9.1547e-008	9.1333e-008	9.1753e-008	9.0325e-008	8.7887e-008	8.459e-008	8.2976e-008	8.2548e-008	7.8862e-008	7.6956e-008	7.4491e-008	7.2487e-008	7.0979e-008	6.8802e-008	6.5881e-008	6.4627e-008	6.2532e-008	6.1116e-008	6.0117e-008	5.7662e-008	5.5521e-008	5.3596e-008	5.0275e-008	4.8344e-008	4.6836e-008	4.4998e-008	4.0514e-008	3.8168e-008	3.6612e-008	3.5003e-008	3.244e-008	2.9889e-008	2.7353e-008	2.4824e-008	2.3017e-008	2.1254e-008	1.8186e-008	1.6374e-008	1.4169e-008	1.2001e-008	1.0227e-008	7.6744e-009	6.0108e-009	5.226e-009	4.0979e-009	3.5755e-009	3.2711e-009	3.2717e-009	3.2502e-009	3.4532e-009	3.0841e-009	2.4205e-009	2.9767e-009	2.8853e-009	2.2351e-009	2.3948e-009	2.8833e-009	3.388e-009	4.0584e-009	4.6809e-009	4.5216e-009	5.569e-009	7.39e-009	9.9675e-009	1.2183e-008	1.7138e-008	2.1074e-008	2.5285e-008	3.222e-008	4.0704e-008	4.8906e-008	5.5962e-008	6.2891e-008	6.7844e-008	7.124e-008	7.5328e-008	8.0867e-008	8.6238e-008	8.8558e-008	9.0004e-008	9.0529e-008	9.0627e-008	9.0656e-008	9.0787e-008	9.044e-008	8.996e-008	8.9534e-008	8.9223e-008	8.9737e-008	8.7622e-008	8.5598e-008	8.4316e-008	8.273e-008	8.0899e-008	7.9323e-008	7.7163e-008	7.4176e-008	7.2051e-008	7.0227e-008	6.8437e-008	6.7086e-008	6.6113e-008	6.3507e-008	6.1604e-008	6.022e-008	5.8725e-008	5.6255e-008	5.3144e-008	5.0635e-008	4.7446e-008	4.5537e-008	4.2463e-008	3.9692e-008	3.8483e-008	3.7741e-008	3.5255e-008	3.3981e-008	3.1097e-008	2.8343e-008	2.6812e-008	2.4657e-008	2.333e-008	2.1389e-008	1.9816e-008	1.8351e-008	1.5821e-008	1.4755e-008	1.3224e-008	1.1293e-008	9.7391e-009	7.2098e-009	6.2687e-009	5.5168e-009	5.0494e-009	4.4419e-009	4.1023e-009	4.0642e-009	3.8758e-009	3.5172e-009	3.4813e-009	3.5834e-009	4.0259e-009	4.3676e-009	4.8057e-009	5.6904e-009	6.5248e-009	9.0902e-009	1.1179e-008	1.398e-008	1.7602e-008	2.1385e-008	2.6524e-008	3.1432e-008	3.743e-008	4.6408e-008	5.3285e-008	5.8597e-008	6.391e-008	6.8379e-008	7.1302e-008	7.4512e-008	7.7889e-008	8.1437e-008	8.4723e-008	8.741e-008	8.8702e-008	9.1042e-008	9.1531e-008	9.1504e-008	9.1012e-008	9.0792e-008	8.9532e-008	8.8566e-008	8.8431e-008	8.7317e-008	8.5042e-008	8.2599e-008	8.0442e-008	7.8895e-008	7.8703e-008	7.732e-008	7.5158e-008	7.2718e-008	7.0669e-008	6.9078e-008	6.8005e-008	6.7146e-008	6.5974e-008	6.3028e-008	6.1716e-008	5.9064e-008	5.726e-008	5.4385e-008	5.2293e-008	4.9922e-008	4.8284e-008	4.6833e-008	4.5991e-008	4.3157e-008	4.1418e-008	3.8006e-008	3.6543e-008	3.4707e-008	3.3578e-008	3.2024e-008	2.9322e-008	2.7296e-008	2.394e-008	2.1432e-008	1.8893e-008	1.741e-008	1.5896e-008	1.294e-008	1.0971e-008	9.7433e-009	7.4509e-009	5.6111e-009	4.2795e-009	3.8444e-009	4.3871e-009	4.1003e-009	3.856e-009	3.2212e-009	3.0438e-009	3.4971e-009	3.2871e-009	3.3659e-009	3.4535e-009	3.5713e-009	4.1312e-009	4.7605e-009	6.3044e-009	8.012e-009	1.0711e-008	1.4918e-008	1.9577e-008	2.5309e-008	3.0081e-008	3.6456e-008	4.6689e-008	5.515e-008	6.0702e-008	6.5972e-008	7.0336e-008	7.4551e-008	7.8367e-008	8.1936e-008	8.4817e-008	8.7702e-008	8.9579e-008	9.1238e-008	9.2013e-008	9.3415e-008	9.4641e-008	9.4914e-008	9.4156e-008	9.3553e-008	9.1635e-008	9.0272e-008	8.883e-008	8.81e-008	8.6584e-008	8.5649e-008	8.3636e-008	8.1805e-008	7.5496e-008	7.316e-008	7.1169e-008	6.9921e-008	6.8257e-008	6.6926e-008	6.5475e-008	6.3592e-008	6.1604e-008	5.8061e-008	5.4103e-008	5.0858e-008	4.9406e-008	4.6845e-008	4.5985e-008	4.4562e-008	4.2983e-008	3.9436e-008	3.7448e-008	3.4267e-008	3.2464e-008	3.0584e-008	2.8756e-008	2.6922e-008	2.3285e-008	2.0915e-008	1.8311e-008	1.6232e-008	1.3961e-008	1.1605e-008	9.9064e-009	8.1132e-009	7.0663e-009	5.1046e-009	4.5594e-009	4.4382e-009	4.2855e-009	3.9423e-009	2.8709e-009	3.5507e-009	3.1665e-009
2.4809e-009	2.6241e-009	2.0965e-009	2.1789e-009	2.3633e-009	2.2502e-009	2.0923e-009	2.0921e-009	2.6642e-009	3.268e-009	3.6443e-009	3.7874e-009	4.0191e-009	3.8505e-009	3.9151e-009	4.3984e-009	7.1652e-009	1.133e-008	1.6721e-008	2.2889e-008	3.184e-008	3.767e-008	4.4223e-008	5.2084e-008	5.8538e-008	6.4125e-008	6.9782e-008	7.545e-008	7.9949e-008	8.4502e-008	8.6112e-008	8.7942e-008	8.9983e-008	9.2491e-008	9.3187e-008	9.3078e-008	9.3734e-008	9.3916e-008	9.3193e-008	9.3168e-008	9.1477e-008	8.9917e-008	8.8804e-008	8.6486e-008	8.3854e-008	8.1955e-008	7.905e-008	7.7671e-008	7.7006e-008	7.6168e-008	7.5443e-008	7.3299e-008	6.974e-008	6.8756e-008	6.6329e-008	6.3839e-008	6.2136e-008	5.942e-008	5.7968e-008	5.4964e-008	5.2209e-008	4.9292e-008	4.7442e-008	4.4042e-008	4.2864e-008	4.0038e-008	3.7922e-008	3.6231e-008	3.4185e-008	3.2054e-008	3.0092e-008	2.6985e-008	2.5843e-008	2.3383e-008	2.1637e-008	2.0496e-008	1.9005e-008	1.5983e-008	1.3899e-008	1.2373e-008	9.5735e-009	8.2895e-009	6.82e-009	5.1949e-009	4.6484e-009	4.1779e-009	4.2131e-009	4.2755e-009	4.3194e-009	3.8934e-009	4.0375e-009	4.7016e-009	4.9364e-009	5.2549e-009	5.2011e-009	6.1109e-009	7.4035e-009	9.885e-009	1.2107e-008	1.586e-008	2.0591e-008	2.4403e-008	2.9158e-008	3.2601e-008	3.6421e-008	4.1791e-008	4.8045e-008	5.5212e-008	6.0005e-008	6.4027e-008	6.9544e-008	7.273e-008	7.7282e-008	8.1362e-008	8.481e-008	8.7643e-008	9.0113e-008	9.1651e-008	9.2319e-008	9.2858e-008	9.3475e-008	9.3211e-008	9.2269e-008	9.137e-008	9.0068e-008	8.9457e-008	8.8084e-008	8.6669e-008	8.5021e-008	8.0363e-008	7.7965e-008	7.6224e-008	7.4526e-008	7.3374e-008	7.2084e-008	7.1051e-008	6.7624e-008	6.538e-008	6.4231e-008	6.2774e-008	6.0908e-008	5.8893e-008	5.5892e-008	5.406e-008	5.0103e-008	4.8275e-008	4.5943e-008	4.3863e-008	4.1528e-008	3.859e-008	3.6682e-008	3.498e-008	3.3024e-008	3.1965e-008	2.7843e-008	2.5663e-008	2.4092e-008	2.1729e-008	1.8986e-008	1.6699e-008	1.4986e-008	1.2694e-008	1.102e-008	9.6463e-009	7.1855e-009	6.2226e-009	5.7172e-009	5.1142e-009	4.2271e-009	4.1481e-009	3.913e-009	4.1022e-009	4.0819e-009	4.0444e-009	3.7764e-009	3.5964e-009	4.0356e-009	4.4151e-009	5.003e-009	5.103e-009	4.9586e-009	5.5159e-009	7.1593e-009	9.1273e-009	1.2485e-008	1.503e-008	1.911e-008	2.3099e-008	2.8985e-008	3.5607e-008	4.1756e-008	4.8294e-008	5.6146e-008	6.0808e-008	6.5665e-008	6.9942e-008	7.3802e-008	7.7342e-008	8.0339e-008	8.3504e-008	8.597e-008	8.8076e-008	8.9127e-008	9.1583e-008	9.2988e-008	9.2585e-008	9.1348e-008	9.1021e-008	9.1579e-008	9.0376e-008	8.7838e-008	8.5227e-008	8.3174e-008	8.2085e-008	7.8692e-008	7.6601e-008	7.385e-008	7.1566e-008	7.0811e-008	6.9095e-008	6.5916e-008	6.4579e-008	6.1586e-008	6.0534e-008	5.9362e-008	5.7515e-008	5.5003e-008	5.1938e-008	4.9868e-008	4.7988e-008	4.6088e-008	4.362e-008	4.0737e-008	3.8004e-008	3.6552e-008	3.4701e-008	3.1548e-008	2.9017e-008	2.6412e-008	2.4763e-008	2.2203e-008	2.0362e-008	1.7795e-008	1.5702e-008	1.4248e-008	1.1874e-008	1.0947e-008	8.0105e-009	5.785e-009	5.3662e-009	3.879e-009	3.3528e-009	3.3318e-009	2.9093e-009	2.8896e-009	3.3411e-009	3.1352e-009	2.6545e-009	2.4564e-009	2.9849e-009	2.4509e-009	1.8071e-009	1.9131e-009	2.8565e-009	3.4399e-009	3.6893e-009	4.5183e-009	5.7286e-009	7.3404e-009	1.0615e-008	1.2468e-008	1.6635e-008	2.0715e-008	2.5163e-008	3.0667e-008	3.9726e-008	4.6909e-008	5.3914e-008	6.055e-008	6.5894e-008	7.1269e-008	7.5663e-008	8.005e-008	8.5187e-008	8.8203e-008	8.9068e-008	9.0694e-008	9.0669e-008	9.0667e-008	9.0639e-008	9.0424e-008	9.0019e-008	8.9116e-008	8.8869e-008	8.8412e-008	8.6556e-008	8.5291e-008	8.4551e-008	8.307e-008	8.1183e-008	7.9366e-008	7.6708e-008	7.4154e-008	7.1856e-008	7.0172e-008	6.8292e-008	6.6395e-008	6.4626e-008	6.2237e-008	6.0467e-008	5.9294e-008	5.74e-008	5.6014e-008	5.3548e-008	5.098e-008	4.7449e-008	4.5391e-008	4.286e-008	4.0608e-008	3.8754e-008	3.7382e-008	3.4913e-008	3.2949e-008	3.1623e-008	2.7976e-008	2.6447e-008	2.4429e-008	2.3179e-008	2.1805e-008	1.9356e-008	1.7861e-008	1.5701e-008	1.4122e-008	1.2997e-008	1.1347e-008	1.0037e-008	7.8483e-009	6.8499e-009	6.08e-009	5.2565e-009	4.5522e-009	4.2163e-009	4.4318e-009	4.0092e-009	3.6722e-009	3.1669e-009	3.6665e-009	3.6541e-009	3.7621e-009	4.4311e-009	5.6507e-009	6.2455e-009	8.6985e-009	1.1624e-008	1.4486e-008	1.8094e-008	2.1362e-008	2.5116e-008	3.1574e-008	3.8409e-008	4.605e-008	5.3717e-008	5.9364e-008	6.5065e-008	6.8607e-008	7.1131e-008	7.4553e-008	7.7391e-008	8.0909e-008	8.4266e-008	8.6818e-008	8.8475e-008	8.9709e-008	9.1332e-008	9.2142e-008	9.1065e-008	8.9945e-008	8.8829e-008	8.8282e-008	8.8011e-008	8.6827e-008	8.5525e-008	8.407e-008	8.0946e-008	7.9289e-008	7.8967e-008	7.7709e-008	7.4202e-008	7.196e-008	7.0836e-008	6.9301e-008	6.7223e-008	6.654e-008	6.6066e-008	6.3107e-008	6.1719e-008	5.9406e-008	5.6806e-008	5.4175e-008	5.2104e-008	5.0677e-008	4.8181e-008	4.6692e-008	4.5762e-008	4.244e-008	4.0504e-008	3.7895e-008	3.5838e-008	3.4453e-008	3.2737e-008	3.0675e-008	2.8391e-008	2.6228e-008	2.3614e-008	2.0823e-008	1.8747e-008	1.7327e-008	1.5404e-008	1.3561e-008	1.0382e-008	9.3108e-009	7.8572e-009	5.1281e-009	4.0868e-009	3.5783e-009	3.601e-009	3.498e-009	3.4687e-009	3.1225e-009	2.7442e-009	2.7956e-009	2.9106e-009	2.9228e-009	3.6192e-009	3.3183e-009	3.9385e-009	4.7676e-009	6.4527e-009	8.5338e-009	1.1061e-008	1.4827e-008	1.8845e-008	2.5226e-008	3.0093e-008	3.6613e-008	4.5741e-008	5.5901e-008	6.0966e-008	6.6022e-008	7.0358e-008	7.5054e-008	7.7831e-008	8.1216e-008	8.5331e-008	8.7986e-008	8.9606e-008	9.1525e-008	9.3243e-008	9.5041e-008	9.5732e-008	9.5565e-008	9.4756e-008	9.434e-008	9.2024e-008	9.074e-008	8.9385e-008	8.8068e-008	8.6659e-008	8.4992e-008	8.347e-008	8.1979e-008	7.6308e-008	7.243e-008	7.1451e-008	6.9339e-008	6.8708e-008	6.6299e-008	6.4929e-008	6.3774e-008	5.9985e-008	5.7485e-008	5.4816e-008	5.2129e-008	5.0633e-008	4.7676e-008	4.6095e-008	4.4426e-008	4.333e-008	4.0611e-008	3.6379e-008	3.4614e-008	3.2238e-008	3.0438e-008	2.8257e-008	2.6194e-008	2.2916e-008	2.074e-008	1.8141e-008	1.5866e-008	1.3667e-008	1.1485e-008	9.4937e-009	8.0879e-009	6.6024e-009	5.4017e-009	4.2928e-009	4.0939e-009	4.7117e-009	3.7865e-009	3.1152e-009	3.5196e-009	3.5114e-009
2.6905e-009	2.5231e-009	2.3301e-009	2.1493e-009	3.0314e-009	2.7632e-009	2.0335e-009	1.6344e-009	2.1023e-009	3.034e-009	3.5708e-009	3.7301e-009	4.2113e-009	4.2217e-009	4.231e-009	4.9766e-009	7.0199e-009	1.1867e-008	1.7099e-008	2.184e-008	3.2662e-008	3.8113e-008	4.4518e-008	5.2369e-008	5.9243e-008	6.4305e-008	7.0617e-008	7.5893e-008	8.1148e-008	8.5496e-008	8.7547e-008	8.8311e-008	8.9788e-008	9.2499e-008	9.3607e-008	9.3138e-008	9.3897e-008	9.4327e-008	9.4159e-008	9.353e-008	9.1444e-008	9.0399e-008	8.9536e-008	8.6552e-008	8.3504e-008	8.1014e-008	7.836e-008	7.7496e-008	7.6876e-008	7.6718e-008	7.5035e-008	7.3746e-008	7.0599e-008	6.7834e-008	6.6102e-008	6.4267e-008	6.186e-008	5.9977e-008	5.7606e-008	5.5169e-008	5.194e-008	4.8574e-008	4.6405e-008	4.4272e-008	4.1906e-008	4.0392e-008	3.8617e-008	3.6768e-008	3.4226e-008	3.1991e-008	3.0038e-008	2.7218e-008	2.5711e-008	2.3842e-008	2.0968e-008	2.0006e-008	1.8125e-008	1.6202e-008	1.435e-008	1.273e-008	1.0246e-008	8.7174e-009	6.7591e-009	5.1785e-009	4.5131e-009	3.9629e-009	4.3529e-009	4.5029e-009	4.6174e-009	4.5373e-009	4.3745e-009	4.8648e-009	5.0204e-009	5.3693e-009	5.7302e-009	6.1908e-009	7.6045e-009	9.6072e-009	1.187e-008	1.5769e-008	2.0552e-008	2.4497e-008	2.946e-008	3.2643e-008	3.591e-008	4.067e-008	4.8741e-008	5.5978e-008	6.0996e-008	6.4913e-008	6.9429e-008	7.2511e-008	7.7279e-008	8.1157e-008	8.4563e-008	8.75e-008	8.9596e-008	9.0687e-008	9.1659e-008	9.171e-008	9.2709e-008	9.3023e-008	9.187e-008	9.1092e-008	9.0434e-008	9.0194e-008	8.9145e-008	8.6693e-008	8.4142e-008	8.0507e-008	7.7999e-008	7.4964e-008	7.4209e-008	7.3087e-008	7.156e-008	7.0398e-008	6.7196e-008	6.4901e-008	6.3796e-008	6.2994e-008	6.0467e-008	5.8114e-008	5.6017e-008	5.3182e-008	5.0971e-008	4.9321e-008	4.7081e-008	4.4162e-008	4.226e-008	3.9181e-008	3.7267e-008	3.5488e-008	3.332e-008	3.17e-008	2.9006e-008	2.6327e-008	2.4419e-008	2.1702e-008	1.8232e-008	1.667e-008	1.4538e-008	1.3048e-008	1.1184e-008	9.4356e-009	7.5499e-009	5.7697e-009	5.5766e-009	4.9976e-009	4.4549e-009	4.4942e-009	4.3213e-009	4.2193e-009	4.362e-009	3.8166e-009	3.5391e-009	3.7566e-009	4.013e-009	4.0574e-009	4.7696e-009	4.8098e-009	5.0998e-009	5.6924e-009	7.4999e-009	9.329e-009	1.2469e-008	1.5387e-008	1.9356e-008	2.451e-008	2.8905e-008	3.4227e-008	4.0796e-008	4.8447e-008	5.5965e-008	6.1362e-008	6.5728e-008	6.9794e-008	7.4062e-008	7.8282e-008	8.0994e-008	8.3874e-008	8.5582e-008	8.821e-008	9.0193e-008	9.1677e-008	9.2912e-008	9.2354e-008	9.1643e-008	9.1047e-008	9.0651e-008	8.9285e-008	8.7623e-008	8.6065e-008	8.39e-008	8.1037e-008	7.8946e-008	7.6454e-008	7.3286e-008	7.1264e-008	7.0292e-008	6.8571e-008	6.6018e-008	6.3522e-008	6.1459e-008	6.0516e-008	5.8699e-008	5.7472e-008	5.3922e-008	5.1473e-008	4.9034e-008	4.7881e-008	4.524e-008	4.3046e-008	4.0878e-008	3.8048e-008	3.5868e-008	3.3962e-008	3.0854e-008	2.8166e-008	2.5979e-008	2.3808e-008	2.1723e-008	1.9819e-008	1.7686e-008	1.5617e-008	1.4416e-008	1.2172e-008	1.0361e-008	9.0666e-009	6.3225e-009	5.392e-009	3.9959e-009	3.7647e-009	3.7165e-009	3.4213e-009	2.7694e-009	2.8996e-009	2.9056e-009	2.7494e-009	2.6897e-009	3.0113e-009	3.5133e-009	2.2593e-009	2.2657e-009	2.5686e-009	2.9709e-009	3.4816e-009	4.5924e-009	5.9151e-009	6.9041e-009	1.0032e-008	1.2744e-008	1.6483e-008	2.0852e-008	2.5972e-008	3.2081e-008	3.9762e-008	4.6088e-008	5.2769e-008	5.9095e-008	6.3803e-008	7.0734e-008	7.5764e-008	8.0804e-008	8.5749e-008	8.7696e-008	8.7971e-008	8.9353e-008	9.0399e-008	9.1074e-008	9.0903e-008	9.0568e-008	8.9586e-008	8.8706e-008	8.8074e-008	8.7539e-008	8.6114e-008	8.4753e-008	8.3575e-008	8.2968e-008	8.0825e-008	7.8868e-008	7.6656e-008	7.4314e-008	7.1929e-008	7.0116e-008	6.8012e-008	6.6217e-008	6.3959e-008	6.1875e-008	5.9969e-008	5.8639e-008	5.7785e-008	5.5476e-008	5.3063e-008	5.1665e-008	4.7792e-008	4.4819e-008	4.2809e-008	4.0858e-008	3.9007e-008	3.7173e-008	3.5368e-008	3.3286e-008	3.1597e-008	2.8977e-008	2.7089e-008	2.4836e-008	2.3084e-008	2.1849e-008	1.9812e-008	1.7975e-008	1.5574e-008	1.38e-008	1.2618e-008	1.1232e-008	9.2423e-009	7.9399e-009	7.212e-009	6.3611e-009	5.453e-009	4.8095e-009	4.1602e-009	4.1592e-009	3.8923e-009	3.8951e-009	3.7489e-009	3.3403e-009	3.5822e-009	3.6271e-009	4.9752e-009	5.6776e-009	6.3967e-009	9.4595e-009	1.2366e-008	1.5206e-008	1.899e-008	2.1994e-008	2.6821e-008	3.1558e-008	3.8538e-008	4.4651e-008	5.2235e-008	5.7073e-008	6.376e-008	6.8626e-008	7.2144e-008	7.5607e-008	7.7975e-008	8.107e-008	8.3913e-008	8.6653e-008	8.8618e-008	8.967e-008	9.1835e-008	9.1797e-008	9.1183e-008	8.9666e-008	8.9314e-008	8.8519e-008	8.8526e-008	8.6773e-008	8.5839e-008	8.4929e-008	8.1407e-008	7.9172e-008	7.8136e-008	7.7519e-008	7.5475e-008	7.2653e-008	7.052e-008	6.9683e-008	6.7105e-008	6.6571e-008	6.6468e-008	6.4165e-008	6.1618e-008	5.9906e-008	5.641e-008	5.4144e-008	5.1487e-008	5.0746e-008	4.7443e-008	4.6579e-008	4.4726e-008	4.2376e-008	3.95e-008	3.8273e-008	3.6162e-008	3.4796e-008	3.2801e-008	3.0507e-008	2.7697e-008	2.5178e-008	2.3195e-008	2.1469e-008	1.908e-008	1.7069e-008	1.5287e-008	1.3043e-008	1.0685e-008	8.8548e-009	7.3689e-009	5.3888e-009	4.1808e-009	3.8899e-009	3.3646e-009	3.239e-009	2.9158e-009	2.8181e-009	2.778e-009	3.0123e-009	3.4227e-009	3.7662e-009	3.4249e-009	3.2739e-009	4.2579e-009	4.6206e-009	6.249e-009	8.754e-009	1.1576e-008	1.4366e-008	1.9755e-008	2.5493e-008	3.1461e-008	3.7634e-008	4.4537e-008	5.4993e-008	6.0642e-008	6.6078e-008	7.0565e-008	7.4942e-008	7.8273e-008	8.2041e-008	8.561e-008	8.9149e-008	9.0646e-008	9.2589e-008	9.4152e-008	9.5637e-008	9.6374e-008	9.6174e-008	9.5806e-008	9.5121e-008	9.3239e-008	9.1876e-008	8.9318e-008	8.8296e-008	8.6868e-008	8.4794e-008	8.3516e-008	8.1623e-008	7.7189e-008	7.434e-008	7.2549e-008	7.0463e-008	6.8509e-008	6.7639e-008	6.5812e-008	6.3264e-008	5.9378e-008	5.8075e-008	5.5306e-008	5.217e-008	5.0275e-008	4.8138e-008	4.582e-008	4.3823e-008	4.2037e-008	3.9876e-008	3.7679e-008	3.4804e-008	3.2251e-008	2.9093e-008	2.6934e-008	2.4862e-008	2.2806e-008	2.048e-008	1.7812e-008	1.6248e-008	1.3342e-008	1.1682e-008	1.0359e-008	8.0726e-009	7.1994e-009	5.8554e-009	5.1276e-009	4.6837e-009	4.6847e-009	4.4719e-009	3.2159e-009	3.2158e-009	3.6256e-009
2.9704e-009	2.9056e-009	2.2665e-009	2.5051e-009	3.1243e-009	3.0862e-009	2.526e-009	2.487e-009	2.6836e-009	2.9576e-009	3.443e-009	3.712e-009	3.8611e-009	4.1911e-009	4.3861e-009	5.0719e-009	8.0469e-009	1.3124e-008	1.7982e-008	2.3659e-008	3.098e-008	3.7916e-008	4.4876e-008	5.3704e-008	6.1702e-008	6.6784e-008	7.144e-008	7.721e-008	8.1749e-008	8.5475e-008	8.8601e-008	8.8855e-008	8.9898e-008	9.215e-008	9.3143e-008	9.3012e-008	9.3948e-008	9.4585e-008	9.4205e-008	9.3651e-008	9.2211e-008	9.0713e-008	8.9726e-008	8.6702e-008	8.4053e-008	8.1921e-008	7.9538e-008	7.7851e-008	7.7191e-008	7.7026e-008	7.5444e-008	7.3011e-008	7.0962e-008	6.8632e-008	6.561e-008	6.3628e-008	6.082e-008	5.8632e-008	5.7463e-008	5.4182e-008	5.1026e-008	4.8139e-008	4.5931e-008	4.4435e-008	4.1887e-008	4.0033e-008	3.7999e-008	3.5876e-008	3.4394e-008	3.2126e-008	2.9219e-008	2.75e-008	2.5709e-008	2.3812e-008	2.1785e-008	2.0357e-008	1.8362e-008	1.6388e-008	1.4524e-008	1.2931e-008	1.0651e-008	8.0578e-009	6.6658e-009	5.5123e-009	4.1848e-009	4.0615e-009	4.548e-009	4.6621e-009	4.5416e-009	4.4367e-009	4.4784e-009	4.5787e-009	5.0377e-009	5.6536e-009	5.7142e-009	6.1786e-009	7.5439e-009	9.7578e-009	1.234e-008	1.5011e-008	1.9074e-008	2.4173e-008	2.8967e-008	3.2139e-008	3.6178e-008	4.1975e-008	4.9539e-008	5.6632e-008	6.1543e-008	6.5684e-008	6.9799e-008	7.2558e-008	7.6665e-008	8.0954e-008	8.5471e-008	8.8071e-008	9.0192e-008	9.0495e-008	9.1285e-008	9.1502e-008	9.2118e-008	9.2211e-008	9.1756e-008	9.1722e-008	9.1346e-008	9.0674e-008	9.0001e-008	8.7752e-008	8.4229e-008	8.0006e-008	7.7969e-008	7.544e-008	7.377e-008	7.3261e-008	7.1633e-008	6.9113e-008	6.7244e-008	6.4e-008	6.3633e-008	6.2224e-008	5.9618e-008	5.6427e-008	5.5005e-008	5.297e-008	5.0856e-008	4.9231e-008	4.789e-008	4.4046e-008	4.2433e-008	3.9593e-008	3.7124e-008	3.5802e-008	3.4755e-008	3.2171e-008	2.8626e-008	2.628e-008	2.4349e-008	2.2746e-008	1.9172e-008	1.7114e-008	1.4645e-008	1.2622e-008	1.1225e-008	8.7806e-009	7.3006e-009	6.118e-009	5.1431e-009	4.7304e-009	4.6081e-009	4.2756e-009	4.0945e-009	3.6825e-009	4.0369e-009	4.1601e-009	3.4513e-009	3.6482e-009	4.1172e-009	4.3326e-009	4.3857e-009	4.5734e-009	5.0147e-009	6.147e-009	7.7471e-009	9.5716e-009	1.2761e-008	1.5679e-008	1.922e-008	2.4512e-008	2.9629e-008	3.4209e-008	4.191e-008	4.9544e-008	5.6445e-008	6.1092e-008	6.6388e-008	7.0727e-008	7.4511e-008	7.8368e-008	8.1294e-008	8.4018e-008	8.5547e-008	8.896e-008	9.105e-008	9.1842e-008	9.2418e-008	9.2122e-008	9.1498e-008	9.1215e-008	8.9869e-008	8.8317e-008	8.7046e-008	8.6266e-008	8.4555e-008	8.167e-008	7.8974e-008	7.6215e-008	7.3423e-008	7.1685e-008	6.9806e-008	6.8042e-008	6.593e-008	6.353e-008	6.1667e-008	6.0752e-008	5.8867e-008	5.791e-008	5.3893e-008	5.0367e-008	4.8575e-008	4.7253e-008	4.5062e-008	4.2788e-008	4.0075e-008	3.739e-008	3.4964e-008	3.3575e-008	3.0496e-008	2.8204e-008	2.6098e-008	2.3614e-008	2.1716e-008	1.9794e-008	1.6904e-008	1.5137e-008	1.4042e-008	1.197e-008	9.4993e-009	8.3704e-009	6.2405e-009	4.9995e-009	4.0401e-009	3.7795e-009	3.8e-009	3.6828e-009	3.0384e-009	2.7397e-009	3.0208e-009	3.0676e-009	2.3892e-009	2.4969e-009	3.6417e-009	3.108e-009	2.9146e-009	2.8857e-009	3.4569e-009	3.2301e-009	3.7668e-009	5.4963e-009	7.002e-009	9.3941e-009	1.2893e-008	1.6554e-008	2.1168e-008	2.556e-008	3.1867e-008	3.8898e-008	4.6188e-008	5.1822e-008	5.8411e-008	6.4431e-008	6.9452e-008	7.6288e-008	8.1393e-008	8.5069e-008	8.7425e-008	8.7344e-008	8.8675e-008	9.0095e-008	9.0911e-008	9.0908e-008	9.0281e-008	8.9229e-008	8.8683e-008	8.8026e-008	8.7552e-008	8.6154e-008	8.4634e-008	8.3511e-008	8.2295e-008	8.0029e-008	7.7885e-008	7.6238e-008	7.3536e-008	7.1877e-008	6.9898e-008	6.7859e-008	6.5507e-008	6.3505e-008	6.1489e-008	6.031e-008	5.8287e-008	5.6699e-008	5.4876e-008	5.3148e-008	5.1584e-008	4.8331e-008	4.5456e-008	4.2987e-008	4.0608e-008	3.8391e-008	3.6348e-008	3.4603e-008	3.3424e-008	3.1324e-008	2.8895e-008	2.7089e-008	2.5254e-008	2.3318e-008	2.1572e-008	2.0103e-008	1.7696e-008	1.5249e-008	1.3704e-008	1.2358e-008	1.1248e-008	9.2702e-009	8.1385e-009	7.3489e-009	5.7874e-009	4.8403e-009	4.4436e-009	4.0359e-009	3.6543e-009	3.7058e-009	4.0843e-009	3.4638e-009	2.9717e-009	3.1658e-009	3.3198e-009	4.5447e-009	5.523e-009	7.2427e-009	9.7607e-009	1.223e-008	1.4691e-008	1.8064e-008	2.2192e-008	2.7448e-008	3.4077e-008	3.8454e-008	4.4921e-008	5.0503e-008	5.618e-008	6.3161e-008	6.8994e-008	7.3816e-008	7.6062e-008	7.8384e-008	8.1258e-008	8.3612e-008	8.6769e-008	8.8866e-008	8.966e-008	9.1015e-008	9.1934e-008	9.0834e-008	8.9667e-008	8.9344e-008	8.8817e-008	8.8219e-008	8.679e-008	8.5861e-008	8.4976e-008	8.191e-008	7.9161e-008	7.7583e-008	7.6545e-008	7.4884e-008	7.2884e-008	7.0777e-008	6.8928e-008	6.7145e-008	6.6102e-008	6.5204e-008	6.3416e-008	6.1706e-008	5.8722e-008	5.7314e-008	5.5168e-008	5.2581e-008	5.1247e-008	4.796e-008	4.5799e-008	4.374e-008	4.2122e-008	3.8958e-008	3.8047e-008	3.5993e-008	3.4467e-008	3.2259e-008	3.026e-008	2.6722e-008	2.4687e-008	2.2259e-008	2.0944e-008	1.9254e-008	1.7207e-008	1.4545e-008	1.2034e-008	1.0096e-008	8.0248e-009	7.0406e-009	5.4925e-009	4.352e-009	3.7093e-009	2.9152e-009	2.9947e-009	2.8035e-009	2.4149e-009	2.6788e-009	3.3248e-009	3.568e-009	4.1106e-009	3.366e-009	3.3076e-009	4.0103e-009	4.489e-009	6.3309e-009	8.623e-009	1.1711e-008	1.4852e-008	1.9548e-008	2.5701e-008	3.1522e-008	3.7789e-008	4.3632e-008	5.3102e-008	5.8823e-008	6.5044e-008	6.9282e-008	7.4638e-008	7.8539e-008	8.1829e-008	8.5629e-008	8.9331e-008	9.1752e-008	9.3227e-008	9.41e-008	9.579e-008	9.6597e-008	9.6741e-008	9.6293e-008	9.5972e-008	9.429e-008	9.1837e-008	9.0093e-008	8.8145e-008	8.6827e-008	8.4732e-008	8.3035e-008	8.0461e-008	7.7193e-008	7.3956e-008	7.3025e-008	7.1682e-008	6.9328e-008	6.7912e-008	6.6275e-008	6.318e-008	6.0138e-008	5.8769e-008	5.7567e-008	5.4676e-008	5.1985e-008	4.895e-008	4.6775e-008	4.3147e-008	4.1174e-008	3.9181e-008	3.8883e-008	3.5725e-008	3.1817e-008	2.9967e-008	2.6767e-008	2.5608e-008	2.2866e-008	2.1144e-008	1.8877e-008	1.647e-008	1.3704e-008	1.1612e-008	1.0616e-008	8.5228e-009	7.5234e-009	6.0544e-009	5.3012e-009	4.5177e-009	4.2506e-009	3.9831e-009	3.0454e-009	2.8499e-009	3.3877e-009
3.0976e-009	2.9418e-009	2.391e-009	2.4729e-009	2.9081e-009	3.301e-009	3.0442e-009	3.2009e-009	2.6531e-009	3.0612e-009	3.5546e-009	4.1498e-009	4.1916e-009	4.4852e-009	4.557e-009	5.5957e-009	8.0341e-009	1.3856e-008	1.8375e-008	2.5067e-008	3.054e-008	3.791e-008	4.507e-008	5.4581e-008	6.2812e-008	6.7818e-008	7.1737e-008	7.8371e-008	8.2415e-008	8.5154e-008	8.817e-008	8.8831e-008	9.0199e-008	9.2182e-008	9.3284e-008	9.3968e-008	9.4315e-008	9.4678e-008	9.4459e-008	9.303e-008	9.2052e-008	9.026e-008	8.9015e-008	8.6507e-008	8.4323e-008	8.2867e-008	8.0988e-008	7.9389e-008	7.8412e-008	7.7782e-008	7.6137e-008	7.4113e-008	7.1036e-008	6.8573e-008	6.5774e-008	6.3492e-008	6.0863e-008	5.8065e-008	5.6399e-008	5.4301e-008	5.1824e-008	4.8725e-008	4.6967e-008	4.384e-008	4.2611e-008	4.1309e-008	3.872e-008	3.5875e-008	3.3e-008	3.1282e-008	2.9655e-008	2.7752e-008	2.5756e-008	2.3901e-008	2.1706e-008	2.0699e-008	1.8542e-008	1.6255e-008	1.4901e-008	1.3574e-008	1.121e-008	8.7487e-009	6.9733e-009	6.1593e-009	4.5004e-009	4.3147e-009	4.2783e-009	4.3893e-009	4.3767e-009	4.2299e-009	4.4445e-009	4.7562e-009	4.8974e-009	5.869e-009	5.7303e-009	6.3139e-009	7.8183e-009	1.0368e-008	1.306e-008	1.4406e-008	1.8917e-008	2.2602e-008	2.7886e-008	3.2018e-008	3.6445e-008	4.2988e-008	5.0845e-008	5.6791e-008	6.2292e-008	6.575e-008	6.9256e-008	7.2229e-008	7.7416e-008	8.1975e-008	8.6495e-008	8.8987e-008	9.055e-008	9.0972e-008	9.0964e-008	9.1793e-008	9.1773e-008	9.2111e-008	9.2281e-008	9.2014e-008	9.1939e-008	9.1274e-008	8.9743e-008	8.838e-008	8.5374e-008	8.0693e-008	7.7854e-008	7.6178e-008	7.4167e-008	7.3658e-008	7.1833e-008	6.9213e-008	6.7486e-008	6.4425e-008	6.3173e-008	6.2213e-008	5.9369e-008	5.6754e-008	5.4946e-008	5.3521e-008	5.096e-008	4.9419e-008	4.7218e-008	4.3575e-008	4.2282e-008	4.0264e-008	3.7931e-008	3.6201e-008	3.5312e-008	3.3087e-008	2.9081e-008	2.6586e-008	2.4463e-008	2.2609e-008	2.0832e-008	1.7453e-008	1.5288e-008	1.3655e-008	1.0914e-008	9.0879e-009	7.0855e-009	6.146e-009	5.7784e-009	5.0809e-009	4.411e-009	4.351e-009	4.4022e-009	4.5568e-009	4.1175e-009	4.3584e-009	4.3521e-009	4.5065e-009	4.186e-009	3.8138e-009	3.913e-009	4.4768e-009	5.2522e-009	6.5817e-009	8.594e-009	1.06e-008	1.2548e-008	1.6328e-008	1.9229e-008	2.3739e-008	2.9645e-008	3.4671e-008	4.1599e-008	4.9659e-008	5.596e-008	6.105e-008	6.7e-008	7.0894e-008	7.4673e-008	7.8024e-008	8.1018e-008	8.3865e-008	8.6439e-008	8.9187e-008	9.1339e-008	9.2405e-008	9.2962e-008	9.1917e-008	9.1297e-008	9.0181e-008	8.9397e-008	8.8772e-008	8.7376e-008	8.6457e-008	8.4825e-008	8.1218e-008	7.8499e-008	7.585e-008	7.4501e-008	7.2366e-008	7.0708e-008	6.8578e-008	6.5449e-008	6.3073e-008	6.2139e-008	6.1017e-008	5.9062e-008	5.7667e-008	5.4135e-008	5.0938e-008	4.8413e-008	4.6354e-008	4.5277e-008	4.2492e-008	3.958e-008	3.7262e-008	3.5234e-008	3.3348e-008	3.1044e-008	2.8362e-008	2.5418e-008	2.282e-008	2.1208e-008	1.9128e-008	1.7112e-008	1.5709e-008	1.4022e-008	1.2042e-008	9.6965e-009	8.548e-009	6.6359e-009	5.3488e-009	4.486e-009	3.9123e-009	3.7054e-009	3.5797e-009	3.2018e-009	2.7118e-009	2.8401e-009	2.6428e-009	2.904e-009	2.5685e-009	2.6417e-009	2.8519e-009	2.9905e-009	3.3556e-009	2.993e-009	3.2289e-009	3.5231e-009	5.3012e-009	6.9647e-009	9.0077e-009	1.1643e-008	1.5773e-008	2.039e-008	2.5093e-008	3.2494e-008	3.9037e-008	4.6924e-008	5.2088e-008	5.839e-008	6.3825e-008	6.9644e-008	7.6028e-008	8.2155e-008	8.5163e-008	8.6768e-008	8.7273e-008	8.9342e-008	9.0363e-008	9.1105e-008	9.114e-008	9.0926e-008	9.0266e-008	8.9593e-008	8.8578e-008	8.8291e-008	8.644e-008	8.4969e-008	8.3657e-008	8.1663e-008	7.9288e-008	7.7604e-008	7.6635e-008	7.4967e-008	7.2346e-008	6.9791e-008	6.6638e-008	6.4858e-008	6.3409e-008	6.1114e-008	5.8883e-008	5.786e-008	5.662e-008	5.4748e-008	5.2914e-008	5.1361e-008	4.9414e-008	4.4755e-008	4.2606e-008	4.0202e-008	3.7808e-008	3.6478e-008	3.5262e-008	3.3473e-008	3.161e-008	2.9017e-008	2.6994e-008	2.5069e-008	2.314e-008	2.1585e-008	1.9779e-008	1.7841e-008	1.6194e-008	1.4533e-008	1.2896e-008	1.1399e-008	1.002e-008	8.547e-009	6.9247e-009	5.5431e-009	4.9844e-009	4.3132e-009	3.955e-009	4.0901e-009	3.9939e-009	3.8332e-009	3.535e-009	3.267e-009	3.4476e-009	3.6996e-009	4.111e-009	5.3512e-009	7.1184e-009	1.0143e-008	1.238e-008	1.5197e-008	1.7493e-008	2.2623e-008	2.8217e-008	3.4592e-008	3.9884e-008	4.4946e-008	4.9855e-008	5.6127e-008	6.2576e-008	6.919e-008	7.3854e-008	7.6027e-008	7.9295e-008	8.1525e-008	8.4284e-008	8.7472e-008	8.9204e-008	9.0252e-008	9.1028e-008	9.1888e-008	9.0851e-008	9.021e-008	8.9443e-008	8.8883e-008	8.7822e-008	8.6845e-008	8.5817e-008	8.5231e-008	8.2585e-008	7.8875e-008	7.7827e-008	7.7022e-008	7.5623e-008	7.3495e-008	7.1132e-008	6.8644e-008	6.6811e-008	6.5607e-008	6.4301e-008	6.3085e-008	6.1545e-008	5.8726e-008	5.6783e-008	5.6173e-008	5.3535e-008	5.1284e-008	4.905e-008	4.6032e-008	4.3666e-008	4.2592e-008	4.0241e-008	3.8035e-008	3.6275e-008	3.3352e-008	3.1847e-008	3.0049e-008	2.7998e-008	2.5416e-008	2.3454e-008	2.0287e-008	1.817e-008	1.6712e-008	1.4061e-008	1.2168e-008	1.1127e-008	8.9478e-009	6.267e-009	4.9304e-009	4.5106e-009	3.7013e-009	2.9494e-009	2.9899e-009	3.0886e-009	2.4918e-009	2.6946e-009	3.1064e-009	3.3211e-009	3.8198e-009	3.5674e-009	3.633e-009	4.0037e-009	4.8231e-009	6.0825e-009	9.3064e-009	1.2123e-008	1.5313e-008	2.0451e-008	2.6512e-008	3.2672e-008	3.8047e-008	4.4438e-008	5.0915e-008	5.7492e-008	6.3539e-008	6.8802e-008	7.4652e-008	7.7878e-008	8.2195e-008	8.5379e-008	8.9225e-008	9.2608e-008	9.4188e-008	9.4934e-008	9.5456e-008	9.5898e-008	9.6315e-008	9.5999e-008	9.6012e-008	9.511e-008	9.3342e-008	9.1989e-008	8.9388e-008	8.6074e-008	8.4498e-008	8.1806e-008	7.9595e-008	7.7097e-008	7.4826e-008	7.3796e-008	7.2534e-008	7.0081e-008	6.8202e-008	6.5617e-008	6.2805e-008	6.1124e-008	5.9587e-008	5.8072e-008	5.5647e-008	5.1742e-008	4.9102e-008	4.6901e-008	4.4805e-008	4.055e-008	3.972e-008	3.9021e-008	3.5724e-008	3.3119e-008	2.9413e-008	2.7785e-008	2.5396e-008	2.3096e-008	2.1552e-008	1.9166e-008	1.6394e-008	1.3624e-008	1.2111e-008	1.0177e-008	8.8288e-009	7.1578e-009	5.9208e-009	4.8142e-009	4.0334e-009	3.5181e-009	3.7109e-009	2.9715e-009	3.009e-009	2.9387e-009
2.8533e-009	3.3187e-009	3.3689e-009	3.2093e-009	2.9947e-009	3.1135e-009	3.2028e-009	3.5303e-009	2.8017e-009	2.5927e-009	3.2752e-009	3.9064e-009	4.2546e-009	4.3597e-009	4.9472e-009	6.1178e-009	9.3547e-009	1.3992e-008	1.7522e-008	2.4351e-008	3.05e-008	3.7216e-008	4.5658e-008	5.5726e-008	6.3307e-008	6.8637e-008	7.2598e-008	7.7376e-008	8.213e-008	8.482e-008	8.7398e-008	8.8498e-008	9.0349e-008	9.2499e-008	9.4001e-008	9.4899e-008	9.483e-008	9.4695e-008	9.4487e-008	9.3231e-008	9.1748e-008	8.987e-008	8.7774e-008	8.6124e-008	8.507e-008	8.4263e-008	8.1423e-008	7.9475e-008	7.8686e-008	7.7936e-008	7.5562e-008	7.3228e-008	6.9652e-008	6.756e-008	6.5436e-008	6.2748e-008	5.9817e-008	5.7776e-008	5.6275e-008	5.3923e-008	5.1072e-008	4.7865e-008	4.6357e-008	4.4113e-008	4.2917e-008	4.1497e-008	3.886e-008	3.6047e-008	3.303e-008	3.1766e-008	3.018e-008	2.8051e-008	2.631e-008	2.4457e-008	2.2948e-008	2.0519e-008	1.8335e-008	1.6342e-008	1.5167e-008	1.3513e-008	1.0821e-008	8.7977e-009	7.4838e-009	6.2162e-009	5.5001e-009	4.7594e-009	4.3639e-009	4.3901e-009	4.4886e-009	4.4536e-009	4.5e-009	4.4877e-009	4.6079e-009	5.4173e-009	5.9577e-009	6.3759e-009	7.7498e-009	9.6322e-009	1.2239e-008	1.5257e-008	1.8251e-008	2.2175e-008	2.5945e-008	3.073e-008	3.5952e-008	4.2639e-008	5.0613e-008	5.7221e-008	6.2607e-008	6.5391e-008	6.899e-008	7.4517e-008	7.9231e-008	8.31e-008	8.7019e-008	8.8841e-008	8.9451e-008	9.0747e-008	9.079e-008	9.181e-008	9.1722e-008	9.3485e-008	9.2756e-008	9.2269e-008	9.1439e-008	9.0701e-008	8.9724e-008	8.6632e-008	8.3894e-008	8.0394e-008	7.8496e-008	7.6659e-008	7.472e-008	7.384e-008	7.222e-008	6.9075e-008	6.6807e-008	6.4064e-008	6.2781e-008	6.1808e-008	5.9274e-008	5.6564e-008	5.4987e-008	5.2472e-008	5.0527e-008	4.9063e-008	4.5708e-008	4.3783e-008	4.29e-008	4.0184e-008	3.815e-008	3.6706e-008	3.4638e-008	3.1719e-008	2.8565e-008	2.6808e-008	2.4975e-008	2.3645e-008	2.1587e-008	1.9493e-008	1.6839e-008	1.3695e-008	1.0661e-008	9.0578e-009	7.3434e-009	6.7076e-009	5.5913e-009	4.8427e-009	4.2872e-009	4.3749e-009	4.9597e-009	4.9476e-009	4.2261e-009	4.4992e-009	4.7322e-009	4.6139e-009	4.3345e-009	4.3958e-009	4.0443e-009	4.1995e-009	4.9536e-009	6.3601e-009	8.8503e-009	1.0908e-008	1.3201e-008	1.6198e-008	1.9321e-008	2.3094e-008	2.8948e-008	3.3668e-008	4.1919e-008	4.9125e-008	5.5397e-008	6.232e-008	6.736e-008	7.2142e-008	7.5328e-008	7.8603e-008	8.1271e-008	8.3519e-008	8.728e-008	8.9664e-008	9.1249e-008	9.2608e-008	9.2554e-008	9.2164e-008	9.1266e-008	9.0298e-008	8.91e-008	8.8648e-008	8.7543e-008	8.6844e-008	8.3965e-008	8.0143e-008	7.7703e-008	7.5817e-008	7.5207e-008	7.348e-008	7.1383e-008	6.8012e-008	6.5719e-008	6.3576e-008	6.2027e-008	6.0838e-008	5.8818e-008	5.7135e-008	5.4246e-008	5.1395e-008	4.8802e-008	4.5887e-008	4.3994e-008	4.204e-008	3.9331e-008	3.7403e-008	3.5666e-008	3.3118e-008	3.0778e-008	2.8803e-008	2.5887e-008	2.3051e-008	2.0922e-008	1.8741e-008	1.7193e-008	1.5857e-008	1.3375e-008	1.111e-008	9.0813e-009	8.0813e-009	6.4183e-009	5.2631e-009	4.4199e-009	4.542e-009	3.7847e-009	3.3685e-009	3.4089e-009	3.2813e-009	3.0658e-009	2.6807e-009	2.7158e-009	2.9313e-009	2.665e-009	2.1005e-009	2.6154e-009	2.6211e-009	2.6504e-009	3.5861e-009	4.1567e-009	4.911e-009	7.0255e-009	8.7587e-009	1.2079e-008	1.599e-008	1.9235e-008	2.3991e-008	3.2531e-008	4.0862e-008	4.6789e-008	5.2266e-008	5.8698e-008	6.3404e-008	6.921e-008	7.6604e-008	8.1618e-008	8.4373e-008	8.6849e-008	8.8439e-008	8.9622e-008	9.0711e-008	9.1436e-008	9.1827e-008	9.1208e-008	9.0514e-008	9.0119e-008	8.996e-008	8.8031e-008	8.642e-008	8.5016e-008	8.4696e-008	8.2549e-008	8.024e-008	7.8177e-008	7.6602e-008	7.485e-008	7.2426e-008	6.9496e-008	6.7021e-008	6.4622e-008	6.3391e-008	6.2116e-008	5.966e-008	5.775e-008	5.5991e-008	5.493e-008	5.3909e-008	5.1346e-008	4.9238e-008	4.5717e-008	4.3798e-008	3.9407e-008	3.8123e-008	3.6695e-008	3.4713e-008	3.2998e-008	3.1174e-008	2.899e-008	2.7424e-008	2.5344e-008	2.3562e-008	2.1162e-008	1.9437e-008	1.7878e-008	1.612e-008	1.4138e-008	1.2969e-008	1.1471e-008	9.4593e-009	8.1739e-009	6.1245e-009	5.3882e-009	5.284e-009	4.1262e-009	3.8237e-009	3.841e-009	3.5152e-009	3.154e-009	3.0421e-009	3.2042e-009	3.3628e-009	3.796e-009	4.8387e-009	5.7817e-009	7.3398e-009	9.7281e-009	1.243e-008	1.5423e-008	1.8101e-008	2.1968e-008	2.7947e-008	3.3959e-008	4.0255e-008	4.5054e-008	4.9925e-008	5.467e-008	6.1617e-008	6.8279e-008	7.3655e-008	7.5312e-008	7.9345e-008	8.1752e-008	8.4181e-008	8.7478e-008	8.9155e-008	9.0336e-008	9.1171e-008	9.1141e-008	9.0553e-008	8.9973e-008	8.9731e-008	8.8931e-008	8.7852e-008	8.6859e-008	8.57e-008	8.4482e-008	8.1262e-008	7.855e-008	7.7611e-008	7.6844e-008	7.455e-008	7.3226e-008	7.1313e-008	6.8684e-008	6.752e-008	6.5921e-008	6.4948e-008	6.3936e-008	6.148e-008	5.97e-008	5.7327e-008	5.6093e-008	5.3616e-008	5.116e-008	4.9046e-008	4.5744e-008	4.387e-008	4.1639e-008	3.9745e-008	3.7574e-008	3.5711e-008	3.2717e-008	3.1202e-008	3.0111e-008	2.7346e-008	2.5541e-008	2.2952e-008	1.9556e-008	1.7343e-008	1.5346e-008	1.3199e-008	1.112e-008	9.6774e-009	8.053e-009	5.8062e-009	4.5611e-009	4.375e-009	3.8137e-009	3.319e-009	3.1081e-009	3.073e-009	3.2289e-009	3.152e-009	3.2234e-009	3.5788e-009	3.4986e-009	3.1995e-009	3.2306e-009	4.1027e-009	5.2747e-009	6.7916e-009	9.014e-009	1.2093e-008	1.5405e-008	2.1016e-008	2.5677e-008	3.345e-008	4.0092e-008	4.4461e-008	5.0563e-008	5.7691e-008	6.312e-008	6.9236e-008	7.453e-008	7.9872e-008	8.2945e-008	8.5298e-008	8.9657e-008	9.3334e-008	9.4654e-008	9.5579e-008	9.491e-008	9.4639e-008	9.5748e-008	9.5796e-008	9.5463e-008	9.5032e-008	9.3775e-008	9.2695e-008	9.1321e-008	8.7505e-008	8.4089e-008	8.1531e-008	7.9056e-008	7.6986e-008	7.5838e-008	7.4345e-008	7.234e-008	6.9808e-008	6.7782e-008	6.5051e-008	6.2334e-008	6.1248e-008	6.0222e-008	5.834e-008	5.7232e-008	5.4552e-008	5.1447e-008	4.7546e-008	4.3967e-008	4.174e-008	4.0039e-008	3.8562e-008	3.6237e-008	3.2142e-008	2.9873e-008	2.8158e-008	2.5375e-008	2.3161e-008	2.1421e-008	1.9114e-008	1.6493e-008	1.4325e-008	1.2282e-008	1.0216e-008	8.8221e-009	6.9163e-009	5.7232e-009	4.7222e-009	3.9595e-009	3.4667e-009	3.5152e-009	3.4714e-009	3.1832e-009	2.8972e-009
2.7173e-009	3.1921e-009	2.9641e-009	2.7928e-009	2.1379e-009	2.7756e-009	2.8306e-009	2.9963e-009	3.0692e-009	2.7502e-009	3.1508e-009	3.5542e-009	4.1226e-009	4.4305e-009	5.2983e-009	6.9005e-009	9.9373e-009	1.4531e-008	1.824e-008	2.4459e-008	2.9663e-008	3.7448e-008	4.4816e-008	5.546e-008	6.2738e-008	6.7459e-008	7.3103e-008	7.782e-008	8.1198e-008	8.4568e-008	8.7056e-008	8.872e-008	9.039e-008	9.2393e-008	9.3846e-008	9.565e-008	9.6298e-008	9.538e-008	9.4844e-008	9.3286e-008	9.1815e-008	8.8982e-008	8.7449e-008	8.569e-008	8.5438e-008	8.5219e-008	8.3602e-008	8.089e-008	7.8596e-008	7.7118e-008	7.4442e-008	7.1235e-008	6.9171e-008	6.7513e-008	6.5671e-008	6.3363e-008	6.0686e-008	5.816e-008	5.6217e-008	5.3606e-008	5.0558e-008	4.831e-008	4.5863e-008	4.4269e-008	4.3028e-008	4.0285e-008	3.8102e-008	3.5617e-008	3.2543e-008	3.1352e-008	3.0361e-008	2.7648e-008	2.5909e-008	2.4769e-008	2.2956e-008	2.041e-008	1.812e-008	1.6588e-008	1.4359e-008	1.321e-008	1.0919e-008	9.3673e-009	7.2843e-009	6.56e-009	5.5473e-009	4.6662e-009	4.2054e-009	3.7416e-009	3.7449e-009	3.8954e-009	4.0582e-009	3.9363e-009	3.9311e-009	4.2375e-009	5.0556e-009	6.3153e-009	7.2991e-009	9.3071e-009	1.2493e-008	1.5438e-008	1.7297e-008	2.0311e-008	2.678e-008	3.0586e-008	3.591e-008	4.1845e-008	5.0048e-008	5.6883e-008	6.2424e-008	6.5707e-008	6.9866e-008	7.5038e-008	7.9746e-008	8.4436e-008	8.7116e-008	8.7749e-008	8.8416e-008	8.9624e-008	9.0193e-008	9.1307e-008	9.1934e-008	9.4261e-008	9.4288e-008	9.1955e-008	9.0921e-008	8.9241e-008	8.8811e-008	8.714e-008	8.4457e-008	8.0951e-008	7.9289e-008	7.843e-008	7.6332e-008	7.4096e-008	7.2266e-008	6.9221e-008	6.7527e-008	6.485e-008	6.2853e-008	6.2523e-008	6.0222e-008	5.6686e-008	5.4437e-008	5.2368e-008	5.0426e-008	4.7985e-008	4.5892e-008	4.4498e-008	4.3849e-008	4.1539e-008	3.8094e-008	3.6033e-008	3.4062e-008	3.2034e-008	2.8616e-008	2.6648e-008	2.4832e-008	2.346e-008	2.1965e-008	1.8998e-008	1.7665e-008	1.427e-008	1.1067e-008	8.4364e-009	8.0841e-009	6.5706e-009	5.7903e-009	4.5462e-009	4.208e-009	4.5218e-009	4.685e-009	4.7497e-009	3.691e-009	3.5757e-009	3.7447e-009	4.0946e-009	4.641e-009	4.6283e-009	4.2936e-009	4.8432e-009	5.4936e-009	6.0493e-009	7.86e-009	1.0911e-008	1.3157e-008	1.6075e-008	1.9961e-008	2.3814e-008	2.7483e-008	3.272e-008	4.0886e-008	4.7574e-008	5.4119e-008	6.1786e-008	6.7232e-008	7.2159e-008	7.5943e-008	7.9356e-008	8.1582e-008	8.4103e-008	8.7358e-008	8.9508e-008	9.1604e-008	9.2443e-008	9.2999e-008	9.2682e-008	9.1783e-008	9.0506e-008	8.9744e-008	8.9428e-008	8.8498e-008	8.7284e-008	8.4339e-008	7.9077e-008	7.775e-008	7.6451e-008	7.5447e-008	7.3609e-008	7.0814e-008	6.7814e-008	6.5975e-008	6.3824e-008	6.2239e-008	6.032e-008	5.8897e-008	5.7131e-008	5.3929e-008	5.1794e-008	4.9448e-008	4.5471e-008	4.3181e-008	4.1048e-008	3.9903e-008	3.7799e-008	3.4848e-008	3.1302e-008	3.0355e-008	2.8603e-008	2.5501e-008	2.258e-008	2.0963e-008	1.9502e-008	1.7112e-008	1.4972e-008	1.3123e-008	1.1197e-008	9.2874e-009	8.1322e-009	6.7776e-009	5.6556e-009	4.6843e-009	4.3669e-009	3.8986e-009	3.4173e-009	3.3965e-009	3.146e-009	3.1045e-009	2.6794e-009	2.8379e-009	2.7443e-009	2.6861e-009	3.2222e-009	2.9068e-009	2.7791e-009	2.8376e-009	3.8413e-009	4.0306e-009	4.25e-009	6.2398e-009	8.2661e-009	1.185e-008	1.5873e-008	1.8655e-008	2.3811e-008	3.2108e-008	4.0086e-008	4.7962e-008	5.2654e-008	5.8948e-008	6.3881e-008	6.7328e-008	7.3414e-008	7.937e-008	8.306e-008	8.6052e-008	8.8488e-008	8.9879e-008	9.063e-008	9.1376e-008	9.1903e-008	9.1654e-008	9.1137e-008	9.0618e-008	9.0611e-008	8.8446e-008	8.5852e-008	8.4505e-008	8.4686e-008	8.3481e-008	8.0555e-008	7.8511e-008	7.5875e-008	7.4533e-008	7.2454e-008	7.0048e-008	6.7367e-008	6.6361e-008	6.3717e-008	6.1762e-008	5.9922e-008	5.8215e-008	5.6116e-008	5.4766e-008	5.3816e-008	5.0182e-008	4.8204e-008	4.5919e-008	4.395e-008	3.9677e-008	3.7819e-008	3.7021e-008	3.4458e-008	3.2677e-008	3.0889e-008	2.9385e-008	2.8375e-008	2.5643e-008	2.3176e-008	2.1966e-008	1.9752e-008	1.8007e-008	1.6478e-008	1.4258e-008	1.2639e-008	1.1333e-008	9.4355e-009	7.9396e-009	6.7765e-009	5.4992e-009	4.6577e-009	4.1672e-009	3.9906e-009	3.7766e-009	3.0618e-009	2.9873e-009	2.3606e-009	2.939e-009	3.4418e-009	3.6625e-009	4.7898e-009	6.3001e-009	7.7128e-009	9.649e-009	1.2247e-008	1.5821e-008	1.8395e-008	2.2455e-008	2.8045e-008	3.4079e-008	3.9222e-008	4.3741e-008	4.9684e-008	5.5225e-008	6.1383e-008	6.6868e-008	7.2593e-008	7.5236e-008	7.8587e-008	8.191e-008	8.4916e-008	8.7488e-008	8.8885e-008	9.0689e-008	9.1501e-008	9.1952e-008	9.1075e-008	9.041e-008	8.9608e-008	8.9045e-008	8.7827e-008	8.6628e-008	8.5516e-008	8.3479e-008	8.0992e-008	7.8595e-008	7.7585e-008	7.6218e-008	7.4493e-008	7.3379e-008	7.1602e-008	6.9794e-008	6.8363e-008	6.6297e-008	6.539e-008	6.3778e-008	6.1854e-008	5.9632e-008	5.7602e-008	5.5377e-008	5.3107e-008	5.0933e-008	4.8575e-008	4.5419e-008	4.3554e-008	4.1761e-008	3.9239e-008	3.7794e-008	3.5753e-008	3.3032e-008	3.0697e-008	2.9741e-008	2.6491e-008	2.4929e-008	2.1735e-008	1.9156e-008	1.6952e-008	1.4434e-008	1.3511e-008	1.0571e-008	9.1633e-009	7.446e-009	5.4776e-009	4.3994e-009	3.9741e-009	3.6964e-009	2.8801e-009	2.8098e-009	2.7818e-009	3.1385e-009	3.6025e-009	3.6463e-009	3.357e-009	3.5441e-009	3.5605e-009	3.5596e-009	4.3184e-009	5.1491e-009	7.2186e-009	9.428e-009	1.2524e-008	1.5538e-008	1.9844e-008	2.5924e-008	3.3733e-008	3.9861e-008	4.4774e-008	4.9522e-008	5.6696e-008	6.3294e-008	6.9847e-008	7.6117e-008	8.0252e-008	8.3088e-008	8.5624e-008	9.0166e-008	9.3263e-008	9.4505e-008	9.5078e-008	9.4779e-008	9.465e-008	9.5983e-008	9.7083e-008	9.5252e-008	9.4943e-008	9.3756e-008	9.3555e-008	9.1501e-008	8.7888e-008	8.4337e-008	8.2275e-008	7.9033e-008	7.7313e-008	7.6566e-008	7.5271e-008	7.3639e-008	7.0847e-008	6.782e-008	6.4446e-008	6.2281e-008	6.082e-008	5.9408e-008	5.8836e-008	5.6708e-008	5.4107e-008	5.1459e-008	4.7861e-008	4.3572e-008	4.0705e-008	3.8962e-008	3.7489e-008	3.4824e-008	3.2125e-008	2.963e-008	2.7382e-008	2.5249e-008	2.2603e-008	2.1349e-008	1.9119e-008	1.7178e-008	1.4703e-008	1.2808e-008	1.0577e-008	8.6733e-009	7.1486e-009	5.5217e-009	4.6258e-009	3.9441e-009	3.8889e-009	3.4822e-009	3.3886e-009	3.5065e-009	3.1942e-009
2.7614e-009	3.4296e-009	3.2069e-009	2.8016e-009	2.2439e-009	2.8138e-009	3.0529e-009	2.6276e-009	3.027e-009	3.2115e-009	3.6231e-009	4.1372e-009	4.677e-009	5.1692e-009	6.0541e-009	7.4973e-009	1.1194e-008	1.498e-008	1.8032e-008	2.52e-008	3.0601e-008	3.7679e-008	4.5309e-008	5.4949e-008	6.0715e-008	6.8336e-008	7.3141e-008	7.6913e-008	8.1854e-008	8.4613e-008	8.6366e-008	8.8714e-008	9.1037e-008	9.3081e-008	9.4809e-008	9.6705e-008	9.6928e-008	9.5806e-008	9.4615e-008	9.327e-008	9.1928e-008	8.9272e-008	8.73e-008	8.5599e-008	8.4674e-008	8.4438e-008	8.3407e-008	8.0208e-008	7.8958e-008	7.742e-008	7.458e-008	7.1824e-008	6.8869e-008	6.6801e-008	6.5205e-008	6.2909e-008	6.141e-008	5.9187e-008	5.6706e-008	5.2977e-008	5.0027e-008	4.8544e-008	4.5939e-008	4.3996e-008	4.2577e-008	4.0417e-008	3.7961e-008	3.4726e-008	3.2736e-008	3.0888e-008	2.9695e-008	2.7773e-008	2.5814e-008	2.4859e-008	2.2769e-008	1.9961e-008	1.8182e-008	1.7028e-008	1.5109e-008	1.363e-008	1.147e-008	1.0508e-008	8.5728e-009	7.3401e-009	6.1314e-009	5.3359e-009	4.6808e-009	3.9431e-009	3.7503e-009	4.2427e-009	4.7774e-009	4.118e-009	3.6814e-009	4.0844e-009	5.3609e-009	6.2757e-009	7.6754e-009	9.4307e-009	1.2232e-008	1.4866e-008	1.7797e-008	2.1452e-008	2.6085e-008	3.1105e-008	3.6066e-008	4.1611e-008	4.9831e-008	5.593e-008	6.3095e-008	6.6567e-008	7.0603e-008	7.5781e-008	8.1001e-008	8.5338e-008	8.6798e-008	8.6869e-008	8.7866e-008	8.9223e-008	9.0592e-008	9.098e-008	9.2047e-008	9.4441e-008	9.5321e-008	9.303e-008	9.1424e-008	8.9574e-008	8.8518e-008	8.7152e-008	8.3713e-008	8.0294e-008	7.9412e-008	7.862e-008	7.8171e-008	7.5718e-008	7.22e-008	6.9092e-008	6.7055e-008	6.5288e-008	6.3448e-008	6.1967e-008	6.0415e-008	5.6598e-008	5.4818e-008	5.3116e-008	5.0676e-008	4.8194e-008	4.61e-008	4.4484e-008	4.3545e-008	4.1084e-008	3.8183e-008	3.5671e-008	3.4194e-008	3.1552e-008	2.8025e-008	2.6527e-008	2.5238e-008	2.3153e-008	2.1022e-008	1.8724e-008	1.6653e-008	1.4671e-008	1.3021e-008	9.7429e-009	7.7522e-009	6.5257e-009	5.6797e-009	4.692e-009	4.5682e-009	5.1109e-009	5.3134e-009	4.2587e-009	4.2785e-009	3.8464e-009	3.8816e-009	3.4909e-009	3.9376e-009	4.2219e-009	4.5974e-009	4.6065e-009	5.3352e-009	6.1687e-009	8.0629e-009	1.0608e-008	1.3104e-008	1.6275e-008	1.9225e-008	2.2648e-008	2.7606e-008	3.3624e-008	4.104e-008	4.6799e-008	5.3955e-008	6.1218e-008	6.6844e-008	7.232e-008	7.6116e-008	8.0074e-008	8.2206e-008	8.4997e-008	8.7592e-008	8.9487e-008	9.1519e-008	9.2056e-008	9.2955e-008	9.3165e-008	9.2272e-008	9.0306e-008	8.9941e-008	8.9588e-008	8.8925e-008	8.6958e-008	8.5172e-008	8.1479e-008	7.7952e-008	7.6827e-008	7.4878e-008	7.3265e-008	7.0949e-008	6.9166e-008	6.6203e-008	6.3801e-008	6.2171e-008	6.1153e-008	5.9166e-008	5.707e-008	5.3857e-008	5.1978e-008	4.9353e-008	4.5566e-008	4.2832e-008	4.0647e-008	3.8891e-008	3.7542e-008	3.4573e-008	3.1939e-008	2.9816e-008	2.7604e-008	2.5002e-008	2.3189e-008	2.0728e-008	1.9316e-008	1.7e-008	1.4507e-008	1.3286e-008	1.1208e-008	9.7192e-009	8.4459e-009	6.4709e-009	5.5539e-009	5.014e-009	4.2663e-009	4.0625e-009	3.4667e-009	3.018e-009	3.0832e-009	2.9537e-009	2.4295e-009	2.6388e-009	2.6854e-009	2.8992e-009	3.3802e-009	3.709e-009	3.2579e-009	3.4525e-009	3.9697e-009	3.8156e-009	4.3647e-009	6.1842e-009	8.1778e-009	1.1858e-008	1.4862e-008	1.7979e-008	2.2335e-008	3.0805e-008	4.018e-008	4.7887e-008	5.3571e-008	5.8705e-008	6.3741e-008	6.7876e-008	7.4096e-008	7.8775e-008	8.2991e-008	8.6009e-008	8.7873e-008	8.9645e-008	9.0751e-008	9.1197e-008	9.1137e-008	9.1306e-008	9.1465e-008	9.0352e-008	8.9946e-008	8.8265e-008	8.5915e-008	8.4834e-008	8.4057e-008	8.3134e-008	8.1023e-008	7.8897e-008	7.6464e-008	7.4492e-008	7.1604e-008	6.9868e-008	6.7604e-008	6.6273e-008	6.405e-008	6.1889e-008	6.0537e-008	5.9013e-008	5.6032e-008	5.36e-008	5.2603e-008	4.9464e-008	4.6976e-008	4.4913e-008	4.2832e-008	4.0604e-008	3.8761e-008	3.6721e-008	3.3945e-008	3.2827e-008	3.0846e-008	2.9744e-008	2.8729e-008	2.5728e-008	2.357e-008	2.1423e-008	1.993e-008	1.7956e-008	1.6748e-008	1.5526e-008	1.3285e-008	1.1778e-008	9.4852e-009	7.5255e-009	6.4649e-009	5.5726e-009	4.3859e-009	4.0493e-009	3.8842e-009	3.4052e-009	2.9344e-009	3.2128e-009	3.0795e-009	3.5346e-009	3.6049e-009	4.0466e-009	4.7581e-009	6.3291e-009	7.9361e-009	9.6828e-009	1.2767e-008	1.5419e-008	1.8277e-008	2.105e-008	2.7096e-008	3.2249e-008	3.6761e-008	4.3375e-008	4.9322e-008	5.5215e-008	6.3508e-008	6.7864e-008	7.1773e-008	7.5789e-008	7.9199e-008	8.2858e-008	8.5709e-008	8.79e-008	8.9334e-008	9.0714e-008	9.1729e-008	9.2112e-008	9.1743e-008	9.1117e-008	8.9873e-008	8.896e-008	8.7697e-008	8.6356e-008	8.5253e-008	8.214e-008	8.0686e-008	7.875e-008	7.7001e-008	7.56e-008	7.4365e-008	7.3342e-008	7.2483e-008	6.9906e-008	6.9087e-008	6.7415e-008	6.5299e-008	6.3504e-008	6.1147e-008	5.8743e-008	5.7667e-008	5.5929e-008	5.3394e-008	5.1112e-008	4.8324e-008	4.5656e-008	4.4402e-008	4.1579e-008	3.9824e-008	3.818e-008	3.5472e-008	3.2285e-008	3.0674e-008	2.7945e-008	2.5093e-008	2.354e-008	2.0838e-008	1.9221e-008	1.7336e-008	1.4764e-008	1.2518e-008	1.0634e-008	8.8625e-009	7.4935e-009	5.5236e-009	4.6304e-009	3.9571e-009	3.7904e-009	2.8626e-009	2.9727e-009	2.8282e-009	2.8407e-009	3.6092e-009	3.3049e-009	3.0495e-009	3.3044e-009	3.6122e-009	3.7619e-009	4.3728e-009	5.443e-009	7.3887e-009	1.0424e-008	1.3327e-008	1.6483e-008	2.143e-008	2.5576e-008	3.281e-008	3.9541e-008	4.4791e-008	5.1071e-008	5.8202e-008	6.3917e-008	7.1454e-008	7.7387e-008	8.108e-008	8.3463e-008	8.592e-008	8.9727e-008	9.3758e-008	9.451e-008	9.4248e-008	9.4376e-008	9.4658e-008	9.657e-008	9.7723e-008	9.6123e-008	9.463e-008	9.3642e-008	9.319e-008	9.1005e-008	8.7657e-008	8.5019e-008	8.2659e-008	7.9079e-008	7.7714e-008	7.678e-008	7.5361e-008	7.3987e-008	7.1208e-008	6.8695e-008	6.563e-008	6.2438e-008	6.0476e-008	5.9059e-008	5.877e-008	5.7173e-008	5.3703e-008	5.0907e-008	4.8061e-008	4.4414e-008	4.2219e-008	3.9426e-008	3.698e-008	3.4332e-008	3.2192e-008	2.9961e-008	2.7325e-008	2.509e-008	2.3244e-008	2.1488e-008	1.9743e-008	1.7174e-008	1.4843e-008	1.3317e-008	1.111e-008	8.7743e-009	7.3571e-009	6.0491e-009	5.2945e-009	4.2274e-009	4.0781e-009	3.6047e-009	3.6691e-009	3.2762e-009	3.1443e-009
3.4134e-009	3.6497e-009	3.4897e-009	3.1001e-009	2.3843e-009	2.4607e-009	2.6798e-009	2.6385e-009	2.6329e-009	3.1336e-009	3.0981e-009	3.6554e-009	4.5241e-009	5.4099e-009	6.5775e-009	8.4932e-009	1.0598e-008	1.5007e-008	1.9947e-008	2.6546e-008	3.1846e-008	3.8303e-008	4.579e-008	5.3795e-008	5.913e-008	6.4564e-008	7.1813e-008	7.5228e-008	8.1548e-008	8.437e-008	8.6511e-008	8.9069e-008	9.2464e-008	9.4374e-008	9.5956e-008	9.7227e-008	9.7058e-008	9.6446e-008	9.4469e-008	9.2707e-008	9.1487e-008	9.0147e-008	8.7432e-008	8.5466e-008	8.3942e-008	8.2917e-008	8.1105e-008	7.9184e-008	7.8035e-008	7.7345e-008	7.4334e-008	7.1337e-008	6.8562e-008	6.6614e-008	6.5769e-008	6.3943e-008	6.1797e-008	5.9488e-008	5.7523e-008	5.4255e-008	5.2333e-008	4.9631e-008	4.6445e-008	4.3897e-008	4.2204e-008	4.0423e-008	3.7808e-008	3.4402e-008	3.2486e-008	3.0289e-008	2.8446e-008	2.68e-008	2.5731e-008	2.4687e-008	2.2271e-008	2.0074e-008	1.8217e-008	1.7772e-008	1.5959e-008	1.3588e-008	1.1776e-008	1.0113e-008	8.5586e-009	7.466e-009	5.7591e-009	5.176e-009	4.564e-009	4.2649e-009	4.3838e-009	4.3748e-009	4.7616e-009	3.8926e-009	3.4447e-009	4.0058e-009	5.3625e-009	6.6584e-009	7.6861e-009	9.5711e-009	1.2446e-008	1.5156e-008	1.893e-008	2.1841e-008	2.5356e-008	3.0903e-008	3.6463e-008	4.1441e-008	4.8739e-008	5.619e-008	6.1325e-008	6.7021e-008	7.1072e-008	7.6039e-008	8.2039e-008	8.5364e-008	8.7427e-008	8.7677e-008	8.7971e-008	8.9389e-008	9.0851e-008	9.1649e-008	9.2184e-008	9.2989e-008	9.3849e-008	9.3361e-008	9.1539e-008	9.0219e-008	8.8087e-008	8.5765e-008	8.2259e-008	8.1197e-008	8.041e-008	7.9001e-008	7.7701e-008	7.5488e-008	7.1609e-008	6.8437e-008	6.6931e-008	6.571e-008	6.397e-008	6.2315e-008	5.9324e-008	5.6679e-008	5.4583e-008	5.3588e-008	5.1203e-008	4.8634e-008	4.642e-008	4.4277e-008	4.2888e-008	4.0736e-008	3.88e-008	3.6612e-008	3.3965e-008	3.127e-008	2.9125e-008	2.6646e-008	2.527e-008	2.2888e-008	2.1461e-008	1.8246e-008	1.546e-008	1.4286e-008	1.2612e-008	1.004e-008	8.9534e-009	7.2411e-009	5.73e-009	4.9462e-009	4.8533e-009	4.9686e-009	5.3014e-009	4.2514e-009	4.0368e-009	4.0565e-009	4.0967e-009	3.5288e-009	3.3766e-009	4.008e-009	4.3684e-009	4.7139e-009	5.4922e-009	6.0206e-009	8.5294e-009	1.0267e-008	1.3242e-008	1.6558e-008	1.9426e-008	2.3338e-008	2.8074e-008	3.4765e-008	4.0693e-008	4.5728e-008	5.3552e-008	6.0552e-008	6.697e-008	7.216e-008	7.6853e-008	8.0359e-008	8.3056e-008	8.5429e-008	8.7981e-008	9.0136e-008	9.1447e-008	9.2038e-008	9.2519e-008	9.2794e-008	9.2557e-008	9.1086e-008	8.9783e-008	8.8681e-008	8.7625e-008	8.5794e-008	8.5281e-008	8.2663e-008	7.8566e-008	7.655e-008	7.4143e-008	7.2943e-008	7.1015e-008	6.8883e-008	6.5626e-008	6.3558e-008	6.2469e-008	6.11e-008	5.8664e-008	5.513e-008	5.3235e-008	5.0779e-008	4.8801e-008	4.6354e-008	4.2649e-008	4.0663e-008	3.8904e-008	3.7201e-008	3.4793e-008	3.2551e-008	2.9695e-008	2.7568e-008	2.4624e-008	2.3229e-008	2.0151e-008	1.8518e-008	1.692e-008	1.4272e-008	1.2959e-008	1.0806e-008	9.7122e-009	7.9654e-009	7.0857e-009	5.6236e-009	4.4789e-009	3.6227e-009	3.5935e-009	2.6798e-009	2.2495e-009	2.4624e-009	2.9308e-009	3.2128e-009	3.0794e-009	3.424e-009	3.3204e-009	2.9238e-009	2.7739e-009	2.6324e-009	3.4113e-009	3.7203e-009	4.187e-009	5.1045e-009	6.582e-009	8.9428e-009	1.199e-008	1.4874e-008	1.8153e-008	2.3442e-008	2.9774e-008	3.9113e-008	4.6882e-008	5.3607e-008	5.916e-008	6.3513e-008	6.8874e-008	7.303e-008	7.973e-008	8.3991e-008	8.6259e-008	8.8272e-008	8.9285e-008	9.0344e-008	9.0669e-008	9.111e-008	9.1487e-008	9.1243e-008	9.0888e-008	8.8965e-008	8.7747e-008	8.5946e-008	8.4585e-008	8.387e-008	8.2545e-008	8.0937e-008	7.8811e-008	7.7032e-008	7.6282e-008	7.4227e-008	6.9847e-008	6.8136e-008	6.6549e-008	6.5475e-008	6.349e-008	6.1196e-008	5.8993e-008	5.5304e-008	5.3478e-008	5.2e-008	4.907e-008	4.7374e-008	4.4314e-008	4.2341e-008	4.0688e-008	3.8703e-008	3.6453e-008	3.4522e-008	3.2844e-008	3.1571e-008	2.9684e-008	2.8172e-008	2.6203e-008	2.3854e-008	2.1571e-008	2.0011e-008	1.8429e-008	1.6711e-008	1.4978e-008	1.3679e-008	1.1572e-008	9.3601e-009	7.7223e-009	6.7345e-009	5.8996e-009	4.6517e-009	3.9007e-009	3.7524e-009	3.7175e-009	3.7503e-009	3.3869e-009	3.1938e-009	3.7742e-009	4.0251e-009	4.503e-009	4.5225e-009	5.8334e-009	7.4035e-009	9.6762e-009	1.2653e-008	1.4852e-008	1.8027e-008	2.0411e-008	2.5418e-008	3.1767e-008	3.7104e-008	4.2581e-008	4.9281e-008	5.5532e-008	6.376e-008	6.7849e-008	7.2669e-008	7.6958e-008	8.0271e-008	8.336e-008	8.6065e-008	8.8747e-008	9.0002e-008	9.0847e-008	9.1454e-008	9.1965e-008	9.1993e-008	9.1226e-008	8.9721e-008	8.8485e-008	8.6926e-008	8.5406e-008	8.4076e-008	8.2287e-008	8.0714e-008	7.8418e-008	7.5996e-008	7.4977e-008	7.3916e-008	7.3791e-008	7.3014e-008	7.0909e-008	6.965e-008	6.8781e-008	6.7223e-008	6.3818e-008	5.9863e-008	5.8573e-008	5.7317e-008	5.5998e-008	5.3951e-008	5.0657e-008	4.7182e-008	4.5317e-008	4.3742e-008	4.0862e-008	3.9054e-008	3.7793e-008	3.4537e-008	3.1725e-008	2.9831e-008	2.7787e-008	2.5147e-008	2.2043e-008	2.0204e-008	1.8965e-008	1.6637e-008	1.4379e-008	1.153e-008	1.0019e-008	8.7255e-009	6.8093e-009	5.3627e-009	4.0678e-009	3.6998e-009	3.6199e-009	2.6875e-009	2.8679e-009	2.3864e-009	2.3298e-009	2.6056e-009	2.5781e-009	2.8626e-009	2.8175e-009	3.3836e-009	3.8238e-009	4.2319e-009	5.5878e-009	7.8824e-009	1.0918e-008	1.3697e-008	1.764e-008	2.2707e-008	2.6502e-008	3.2822e-008	3.8492e-008	4.3503e-008	5.0138e-008	5.827e-008	6.5533e-008	7.1392e-008	7.7856e-008	8.1297e-008	8.3209e-008	8.5324e-008	8.8193e-008	9.2903e-008	9.4166e-008	9.4299e-008	9.4407e-008	9.4931e-008	9.6104e-008	9.7262e-008	9.6319e-008	9.4644e-008	9.3192e-008	9.202e-008	8.944e-008	8.7116e-008	8.4672e-008	8.3065e-008	8.0127e-008	7.7497e-008	7.6709e-008	7.5686e-008	7.2874e-008	7.0547e-008	6.8161e-008	6.4846e-008	6.2255e-008	6.0208e-008	5.9231e-008	5.7865e-008	5.6047e-008	5.3544e-008	5.0189e-008	4.6885e-008	4.4672e-008	4.216e-008	3.9296e-008	3.6433e-008	3.4812e-008	3.3428e-008	3.0663e-008	2.748e-008	2.5148e-008	2.3286e-008	2.1328e-008	1.8809e-008	1.6269e-008	1.4363e-008	1.2902e-008	1.0945e-008	8.5485e-009	7.8698e-009	5.6968e-009	4.8266e-009	4.5344e-009	4.1517e-009	3.6998e-009	3.7452e-009	3.251e-009	3.411e-009
3.2027e-009	2.9645e-009	3.139e-009	3.1531e-009	2.6317e-009	2.2909e-009	2.5127e-009	2.7286e-009	2.7868e-009	3.2851e-009	3.0909e-009	3.6487e-009	4.6598e-009	5.5512e-009	7.4151e-009	9.0983e-009	1.12e-008	1.5297e-008	2.1096e-008	2.8131e-008	3.4099e-008	3.9986e-008	4.5259e-008	5.2976e-008	5.8684e-008	6.5039e-008	7.0361e-008	7.5334e-008	8.0222e-008	8.3753e-008	8.7117e-008	8.9437e-008	9.3158e-008	9.5299e-008	9.5923e-008	9.6887e-008	9.7732e-008	9.6089e-008	9.4364e-008	9.2796e-008	9.1266e-008	9.024e-008	8.8641e-008	8.5834e-008	8.423e-008	8.1936e-008	7.9943e-008	7.8217e-008	7.8047e-008	7.6989e-008	7.3953e-008	7.0915e-008	6.7867e-008	6.6105e-008	6.5165e-008	6.4189e-008	6.2005e-008	6.0071e-008	5.8138e-008	5.4503e-008	5.2087e-008	4.9295e-008	4.6815e-008	4.3169e-008	4.1791e-008	4.0088e-008	3.7645e-008	3.5085e-008	3.2852e-008	3.006e-008	2.793e-008	2.6391e-008	2.5275e-008	2.3838e-008	2.2641e-008	2.0303e-008	1.8005e-008	1.7212e-008	1.5333e-008	1.3741e-008	1.1874e-008	9.4604e-009	8.0259e-009	6.7047e-009	5.572e-009	4.8792e-009	4.1917e-009	3.9832e-009	4.1172e-009	4.2401e-009	4.3894e-009	4.5531e-009	4.5092e-009	4.8613e-009	5.2998e-009	5.7465e-009	7.3819e-009	9.659e-009	1.2706e-008	1.5024e-008	1.8325e-008	2.1801e-008	2.5204e-008	3.0838e-008	3.5859e-008	4.1201e-008	4.9563e-008	5.5591e-008	6.0887e-008	6.6784e-008	7.1615e-008	7.7298e-008	8.1813e-008	8.5064e-008	8.7168e-008	8.7775e-008	8.9116e-008	9.1073e-008	9.1926e-008	9.2435e-008	9.2623e-008	9.2826e-008	9.3285e-008	9.2975e-008	9.2443e-008	9.0541e-008	8.8262e-008	8.5759e-008	8.2726e-008	8.1537e-008	8.0229e-008	7.9379e-008	7.7776e-008	7.438e-008	7.1534e-008	6.8825e-008	6.7925e-008	6.6652e-008	6.5234e-008	6.2867e-008	5.9509e-008	5.6634e-008	5.4576e-008	5.2973e-008	5.0933e-008	4.8985e-008	4.6128e-008	4.3703e-008	4.2758e-008	4.149e-008	3.8796e-008	3.6862e-008	3.46e-008	3.1349e-008	2.9156e-008	2.693e-008	2.5428e-008	2.3327e-008	2.1151e-008	1.758e-008	1.6305e-008	1.3533e-008	1.2676e-008	1.0809e-008	8.7334e-009	7.5216e-009	5.6482e-009	5.508e-009	5.1994e-009	5.157e-009	4.7746e-009	4.1909e-009	3.5131e-009	3.6498e-009	3.9851e-009	3.1987e-009	3.4641e-009	3.6979e-009	4.5178e-009	4.7025e-009	5.0555e-009	6.0106e-009	8.3562e-009	1.0342e-008	1.3593e-008	1.6691e-008	1.9338e-008	2.3478e-008	2.8863e-008	3.5138e-008	4.1563e-008	4.7657e-008	5.4617e-008	6.1908e-008	6.6705e-008	7.2816e-008	7.6663e-008	8.0265e-008	8.3208e-008	8.6029e-008	8.8453e-008	9.0602e-008	9.1304e-008	9.2086e-008	9.2788e-008	9.3148e-008	9.2959e-008	9.1047e-008	9.0335e-008	8.8379e-008	8.666e-008	8.5197e-008	8.4339e-008	8.2374e-008	7.9285e-008	7.6413e-008	7.4514e-008	7.4015e-008	7.249e-008	6.902e-008	6.6029e-008	6.4048e-008	6.3166e-008	6.1905e-008	5.9366e-008	5.5152e-008	5.199e-008	5.009e-008	4.8518e-008	4.6636e-008	4.3147e-008	4.183e-008	4.0229e-008	3.7967e-008	3.4706e-008	3.2659e-008	3.0033e-008	2.6619e-008	2.5005e-008	2.2645e-008	2.0966e-008	1.8234e-008	1.6741e-008	1.4491e-008	1.1921e-008	1.1068e-008	9.9762e-009	7.8465e-009	7.3413e-009	5.4255e-009	4.0817e-009	3.4851e-009	3.6923e-009	3.8153e-009	3.0845e-009	2.9345e-009	3.487e-009	4.2033e-009	3.9537e-009	3.5192e-009	3.432e-009	2.9928e-009	3.3949e-009	2.9953e-009	3.3756e-009	3.8602e-009	4.1486e-009	4.9891e-009	6.4181e-009	8.922e-009	1.1546e-008	1.4122e-008	1.8623e-008	2.416e-008	3.0188e-008	3.6517e-008	4.6711e-008	5.2413e-008	5.9178e-008	6.4086e-008	6.8719e-008	7.3275e-008	8.0077e-008	8.4391e-008	8.6642e-008	8.8662e-008	8.9325e-008	8.9983e-008	9.0591e-008	9.1207e-008	9.1638e-008	9.0906e-008	9.0453e-008	8.9183e-008	8.7319e-008	8.6381e-008	8.4781e-008	8.4545e-008	8.2774e-008	8.1033e-008	7.9183e-008	7.7079e-008	7.5921e-008	7.4203e-008	6.9589e-008	6.8409e-008	6.671e-008	6.5452e-008	6.3787e-008	6.2468e-008	5.9238e-008	5.5451e-008	5.3185e-008	5.1155e-008	4.9209e-008	4.7242e-008	4.4088e-008	4.2727e-008	4.1181e-008	3.9519e-008	3.6476e-008	3.4845e-008	3.3674e-008	3.1762e-008	3.0197e-008	2.821e-008	2.6691e-008	2.3701e-008	2.1586e-008	2.0044e-008	1.8821e-008	1.7214e-008	1.5099e-008	1.3998e-008	1.1978e-008	1.0446e-008	8.0358e-009	6.7491e-009	5.8304e-009	4.5844e-009	3.7274e-009	3.7651e-009	4.0495e-009	4.3812e-009	3.5105e-009	3.6249e-009	3.6031e-009	3.7406e-009	4.0091e-009	4.0035e-009	5.5091e-009	7.0216e-009	9.5353e-009	1.187e-008	1.5206e-008	1.785e-008	2.0987e-008	2.5934e-008	3.1519e-008	3.748e-008	4.4375e-008	4.9283e-008	5.568e-008	6.327e-008	6.783e-008	7.31e-008	7.776e-008	8.0735e-008	8.4044e-008	8.6343e-008	8.8699e-008	8.9856e-008	9.0808e-008	9.194e-008	9.2354e-008	9.1472e-008	9.0805e-008	8.9507e-008	8.8356e-008	8.7092e-008	8.5118e-008	8.4314e-008	8.2783e-008	8.0734e-008	7.8079e-008	7.6072e-008	7.4609e-008	7.3965e-008	7.3637e-008	7.3136e-008	7.1053e-008	6.9944e-008	6.9285e-008	6.7242e-008	6.4459e-008	6.0965e-008	5.9046e-008	5.7852e-008	5.7205e-008	5.4854e-008	4.997e-008	4.7707e-008	4.5779e-008	4.3641e-008	4.0766e-008	3.9484e-008	3.7606e-008	3.4498e-008	3.2547e-008	3.0448e-008	2.7767e-008	2.4568e-008	2.2532e-008	2.0573e-008	1.893e-008	1.6443e-008	1.387e-008	1.1854e-008	1.0133e-008	8.0406e-009	6.3094e-009	5.2973e-009	4.1113e-009	3.8012e-009	3.8205e-009	3.3256e-009	2.9441e-009	2.5971e-009	2.7487e-009	2.57e-009	2.5006e-009	2.9124e-009	2.7799e-009	3.3886e-009	4.068e-009	4.5854e-009	6.0563e-009	8.0423e-009	1.1244e-008	1.4585e-008	1.8721e-008	2.315e-008	2.718e-008	3.27e-008	3.8704e-008	4.4208e-008	5.044e-008	5.863e-008	6.5994e-008	7.2943e-008	7.8522e-008	8.1498e-008	8.3042e-008	8.5847e-008	8.9101e-008	9.201e-008	9.3784e-008	9.4109e-008	9.4449e-008	9.5484e-008	9.5495e-008	9.6196e-008	9.5871e-008	9.5065e-008	9.3108e-008	9.1396e-008	8.99e-008	8.7591e-008	8.4898e-008	8.2746e-008	8.0471e-008	7.8499e-008	7.7304e-008	7.5393e-008	7.2592e-008	7.0558e-008	6.8408e-008	6.5359e-008	6.2869e-008	6.068e-008	5.9463e-008	5.7525e-008	5.553e-008	5.2836e-008	4.9254e-008	4.658e-008	4.4914e-008	4.3081e-008	3.9174e-008	3.6395e-008	3.4836e-008	3.344e-008	2.9864e-008	2.7712e-008	2.5341e-008	2.3176e-008	2.1882e-008	1.8852e-008	1.6305e-008	1.3973e-008	1.2892e-008	1.0966e-008	8.7698e-009	7.6316e-009	5.4179e-009	4.6226e-009	4.4655e-009	4.6853e-009	4.3254e-009	3.6733e-009	3.7024e-009	4.0139e-009
3.3628e-009	2.7239e-009	2.7768e-009	2.6832e-009	2.4814e-009	1.8685e-009	1.9318e-009	2.5368e-009	2.6845e-009	3.1209e-009	3.6368e-009	3.7406e-009	4.7859e-009	5.7141e-009	7.1389e-009	1.0205e-008	1.1951e-008	1.6224e-008	2.1659e-008	2.8425e-008	3.5569e-008	4.0967e-008	4.5937e-008	5.2027e-008	5.817e-008	6.3564e-008	6.9468e-008	7.4983e-008	7.9386e-008	8.3784e-008	8.7412e-008	8.935e-008	9.183e-008	9.5009e-008	9.6175e-008	9.6898e-008	9.7691e-008	9.6855e-008	9.4698e-008	9.3076e-008	9.1843e-008	9.0265e-008	8.9146e-008	8.7379e-008	8.5089e-008	8.1892e-008	8.0261e-008	7.8782e-008	7.8332e-008	7.6366e-008	7.3643e-008	6.9776e-008	6.7189e-008	6.6048e-008	6.5031e-008	6.3726e-008	6.2331e-008	6.0005e-008	5.7217e-008	5.4132e-008	5.168e-008	4.8979e-008	4.6908e-008	4.2821e-008	4.1157e-008	3.9688e-008	3.7342e-008	3.4813e-008	3.2941e-008	2.9943e-008	2.8063e-008	2.6633e-008	2.5269e-008	2.312e-008	2.2245e-008	2.1045e-008	1.8353e-008	1.6241e-008	1.4965e-008	1.3593e-008	1.1447e-008	9.4112e-009	7.535e-009	6.4711e-009	5.4144e-009	4.8787e-009	3.9505e-009	3.758e-009	4.1191e-009	4.3125e-009	3.9649e-009	4.574e-009	4.4114e-009	4.4449e-009	5.0368e-009	5.8951e-009	6.929e-009	8.7411e-009	1.2201e-008	1.5021e-008	1.7718e-008	2.0805e-008	2.544e-008	2.9813e-008	3.4933e-008	4.149e-008	4.8744e-008	5.5765e-008	6.1307e-008	6.5775e-008	7.1365e-008	7.7328e-008	8.0359e-008	8.2718e-008	8.5779e-008	8.7147e-008	9.0219e-008	9.1884e-008	9.2214e-008	9.2689e-008	9.286e-008	9.2676e-008	9.2629e-008	9.2282e-008	9.2337e-008	9.0292e-008	8.8041e-008	8.5758e-008	8.3098e-008	8.1106e-008	7.9677e-008	7.8455e-008	7.6949e-008	7.3928e-008	7.1263e-008	6.9526e-008	6.9076e-008	6.8052e-008	6.5317e-008	6.2425e-008	5.9863e-008	5.7691e-008	5.5004e-008	5.2987e-008	5.0625e-008	4.9642e-008	4.8645e-008	4.3418e-008	4.1979e-008	4.1109e-008	3.8618e-008	3.5796e-008	3.4309e-008	3.1063e-008	2.8761e-008	2.7152e-008	2.5477e-008	2.3417e-008	2.0635e-008	1.8557e-008	1.7126e-008	1.6139e-008	1.2484e-008	1.0993e-008	9.2316e-009	8.0732e-009	6.3738e-009	5.3282e-009	5.2563e-009	5.0363e-009	4.2693e-009	3.5925e-009	3.2003e-009	3.3715e-009	3.636e-009	3.2532e-009	3.5166e-009	3.849e-009	4.5115e-009	4.5391e-009	5.0151e-009	6.4905e-009	9.3389e-009	1.1084e-008	1.3564e-008	1.638e-008	1.9351e-008	2.3044e-008	2.7685e-008	3.6077e-008	4.2234e-008	4.8212e-008	5.5568e-008	6.2315e-008	6.8824e-008	7.2565e-008	7.5428e-008	7.9799e-008	8.2989e-008	8.5966e-008	8.8408e-008	9.0522e-008	9.1282e-008	9.2129e-008	9.2549e-008	9.2531e-008	9.261e-008	9.1154e-008	9.0119e-008	8.9037e-008	8.7757e-008	8.5186e-008	8.3681e-008	8.2176e-008	7.8782e-008	7.6251e-008	7.5012e-008	7.4886e-008	7.2956e-008	6.9774e-008	6.5495e-008	6.4584e-008	6.2979e-008	6.1611e-008	5.9267e-008	5.564e-008	5.2018e-008	4.9703e-008	4.8374e-008	4.6653e-008	4.3541e-008	4.154e-008	4.0312e-008	3.6672e-008	3.3974e-008	3.2691e-008	2.917e-008	2.678e-008	2.5429e-008	2.2978e-008	2.1328e-008	1.8614e-008	1.6629e-008	1.3872e-008	1.1731e-008	1.0994e-008	9.8471e-009	7.7343e-009	6.5822e-009	4.8811e-009	4.0019e-009	3.2001e-009	3.1976e-009	3.3536e-009	3.0617e-009	2.8347e-009	3.3086e-009	3.7909e-009	3.918e-009	3.2514e-009	3.1401e-009	3.1418e-009	3.2351e-009	3.4286e-009	3.2168e-009	3.373e-009	3.9239e-009	4.5098e-009	5.8437e-009	8.1513e-009	1.0946e-008	1.4897e-008	1.8739e-008	2.4812e-008	3.0933e-008	3.751e-008	4.4327e-008	5.1471e-008	5.8777e-008	6.3716e-008	6.8903e-008	7.3403e-008	7.9103e-008	8.3184e-008	8.6832e-008	8.8568e-008	8.9408e-008	8.9824e-008	9.0769e-008	9.1092e-008	9.149e-008	9.0592e-008	8.9885e-008	8.8898e-008	8.7768e-008	8.6251e-008	8.5036e-008	8.4577e-008	8.2163e-008	8.0398e-008	7.7951e-008	7.6656e-008	7.4916e-008	7.248e-008	6.9691e-008	6.8256e-008	6.6678e-008	6.5146e-008	6.3712e-008	6.2192e-008	5.9589e-008	5.5545e-008	5.2649e-008	5.021e-008	4.8923e-008	4.6624e-008	4.4809e-008	4.3107e-008	4.178e-008	3.9639e-008	3.6463e-008	3.4661e-008	3.3227e-008	3.2054e-008	3.0384e-008	2.7841e-008	2.6422e-008	2.439e-008	2.3324e-008	2.1003e-008	1.9308e-008	1.686e-008	1.4987e-008	1.3712e-008	1.1726e-008	1.0138e-008	7.9984e-009	6.4034e-009	5.0057e-009	4.154e-009	2.8846e-009	3.2218e-009	3.7279e-009	4.1894e-009	3.5921e-009	3.1705e-009	3.4163e-009	3.1137e-009	3.7519e-009	4.0311e-009	4.7787e-009	6.4018e-009	9.1274e-009	1.1091e-008	1.4324e-008	1.787e-008	2.1814e-008	2.6644e-008	3.1907e-008	3.8626e-008	4.3829e-008	4.8988e-008	5.3382e-008	6.0965e-008	6.6836e-008	7.2645e-008	7.7721e-008	8.1483e-008	8.4394e-008	8.6635e-008	8.8635e-008	8.9544e-008	9.0532e-008	9.1886e-008	9.1631e-008	9.1313e-008	9.0053e-008	8.9779e-008	8.8836e-008	8.703e-008	8.6004e-008	8.4713e-008	8.2778e-008	8.0907e-008	7.7975e-008	7.6772e-008	7.4736e-008	7.3666e-008	7.3083e-008	7.3092e-008	7.174e-008	6.9204e-008	6.8314e-008	6.6997e-008	6.399e-008	6.1497e-008	5.9865e-008	5.8451e-008	5.7185e-008	5.4282e-008	5.1081e-008	4.8677e-008	4.5165e-008	4.176e-008	4.0539e-008	3.9143e-008	3.7226e-008	3.4137e-008	3.2218e-008	2.9981e-008	2.756e-008	2.4791e-008	2.2581e-008	1.9655e-008	1.7696e-008	1.566e-008	1.3479e-008	1.1345e-008	9.0358e-009	7.3237e-009	5.3366e-009	4.676e-009	4.089e-009	3.9125e-009	3.2694e-009	3.0616e-009	2.7302e-009	2.4206e-009	2.0007e-009	2.1336e-009	2.3459e-009	2.5803e-009	2.9544e-009	3.2459e-009	3.558e-009	4.5942e-009	5.6956e-009	8.1957e-009	1.0432e-008	1.5494e-008	1.9224e-008	2.3314e-008	2.8722e-008	3.3989e-008	3.8986e-008	4.4123e-008	5.0622e-008	5.8096e-008	6.4485e-008	7.1659e-008	7.7827e-008	8.1466e-008	8.2964e-008	8.574e-008	8.799e-008	9.0562e-008	9.3027e-008	9.3319e-008	9.4203e-008	9.5249e-008	9.4888e-008	9.5064e-008	9.5219e-008	9.4619e-008	9.2537e-008	9.0742e-008	8.9208e-008	8.7248e-008	8.5344e-008	8.3005e-008	8.0343e-008	7.8546e-008	7.7293e-008	7.5565e-008	7.1424e-008	6.9892e-008	6.8205e-008	6.5299e-008	6.3047e-008	6.0358e-008	5.8922e-008	5.7571e-008	5.5265e-008	5.1294e-008	4.8849e-008	4.6762e-008	4.5231e-008	4.2489e-008	3.8773e-008	3.6082e-008	3.3981e-008	3.1524e-008	2.8847e-008	2.6181e-008	2.4851e-008	2.2892e-008	2.0901e-008	1.8239e-008	1.6327e-008	1.4123e-008	1.2383e-008	1.0633e-008	8.7929e-009	6.5771e-009	5.0495e-009	4.8584e-009	4.6592e-009	4.4439e-009	4.1034e-009	3.8271e-009	3.5075e-009	3.6346e-009
3.588e-009	2.7806e-009	3.2289e-009	2.8908e-009	2.3931e-009	2.3302e-009	2.233e-009	2.4519e-009	2.6044e-009	2.8964e-009	3.8405e-009	3.6304e-009	4.6538e-009	5.5637e-009	7.6678e-009	9.6751e-009	1.2012e-008	1.6724e-008	2.2103e-008	2.8737e-008	3.4881e-008	4.0766e-008	4.678e-008	5.2836e-008	5.8674e-008	6.3023e-008	6.8221e-008	7.428e-008	8.0694e-008	8.495e-008	8.7065e-008	8.9761e-008	9.1289e-008	9.3643e-008	9.501e-008	9.6335e-008	9.701e-008	9.62e-008	9.4283e-008	9.2492e-008	9.1565e-008	9.0908e-008	8.9687e-008	8.7687e-008	8.5606e-008	8.1837e-008	8.0675e-008	7.8464e-008	7.7472e-008	7.4368e-008	7.1209e-008	6.878e-008	6.7322e-008	6.5955e-008	6.5379e-008	6.3457e-008	6.1926e-008	5.8676e-008	5.6752e-008	5.3942e-008	5.1194e-008	4.8034e-008	4.5818e-008	4.3309e-008	4.1669e-008	3.9581e-008	3.7436e-008	3.5342e-008	3.3086e-008	3.0119e-008	2.7494e-008	2.6109e-008	2.5226e-008	2.286e-008	2.1169e-008	2.0358e-008	1.8311e-008	1.6673e-008	1.4706e-008	1.2558e-008	1.0577e-008	8.8478e-009	7.1109e-009	6.6206e-009	5.4625e-009	4.4562e-009	4.144e-009	3.8282e-009	3.7698e-009	4.1442e-009	4.2767e-009	4.5626e-009	4.1678e-009	4.1769e-009	4.7529e-009	5.2548e-009	6.4483e-009	9.1126e-009	1.1611e-008	1.4121e-008	1.7459e-008	2.0933e-008	2.5464e-008	2.8713e-008	3.4324e-008	4.0948e-008	4.8507e-008	5.5069e-008	6.1367e-008	6.6519e-008	7.2503e-008	7.6472e-008	7.9765e-008	8.2702e-008	8.4905e-008	8.6744e-008	8.967e-008	9.137e-008	9.2376e-008	9.2895e-008	9.3141e-008	9.3383e-008	9.2098e-008	9.183e-008	9.1504e-008	9.0008e-008	8.8149e-008	8.691e-008	8.5194e-008	8.288e-008	7.9019e-008	7.7264e-008	7.5297e-008	7.3944e-008	7.1194e-008	6.9496e-008	6.9222e-008	6.8349e-008	6.5155e-008	6.2288e-008	5.9947e-008	5.7718e-008	5.5125e-008	5.3658e-008	5.1794e-008	5.0164e-008	4.9104e-008	4.54e-008	4.283e-008	3.9751e-008	3.8256e-008	3.5982e-008	3.3676e-008	3.1791e-008	2.8025e-008	2.6681e-008	2.5651e-008	2.339e-008	2.1347e-008	1.9693e-008	1.7544e-008	1.5947e-008	1.2807e-008	1.138e-008	9.6953e-009	7.7077e-009	6.1212e-009	5.0535e-009	4.6981e-009	4.2756e-009	4.1083e-009	3.6619e-009	3.4772e-009	2.922e-009	3.186e-009	3.4015e-009	4.0411e-009	4.4602e-009	4.5016e-009	4.6973e-009	5.3633e-009	7.4515e-009	9.1809e-009	1.111e-008	1.2999e-008	1.5592e-008	1.8998e-008	2.256e-008	2.7411e-008	3.433e-008	4.1686e-008	4.9044e-008	5.6957e-008	6.2935e-008	6.9092e-008	7.2668e-008	7.5735e-008	7.9909e-008	8.2995e-008	8.6712e-008	8.8472e-008	9.0748e-008	9.3859e-008	9.247e-008	9.2292e-008	9.1635e-008	9.151e-008	9.095e-008	8.9426e-008	8.8781e-008	8.8168e-008	8.5155e-008	8.3219e-008	8.1161e-008	7.8743e-008	7.6517e-008	7.5364e-008	7.4856e-008	7.2392e-008	6.9718e-008	6.7212e-008	6.5599e-008	6.2612e-008	6.0784e-008	5.9053e-008	5.6035e-008	5.3768e-008	5.0184e-008	4.8263e-008	4.6331e-008	4.3193e-008	4.0968e-008	3.9467e-008	3.6039e-008	3.3611e-008	3.1986e-008	2.9078e-008	2.7484e-008	2.5254e-008	2.3699e-008	2.064e-008	1.8149e-008	1.5684e-008	1.3336e-008	1.1884e-008	1.0484e-008	8.9719e-009	7.1479e-009	5.6037e-009	4.571e-009	3.7449e-009	2.7733e-009	2.6396e-009	3.0445e-009	2.7855e-009	2.5039e-009	2.364e-009	2.5971e-009	3.0005e-009	3.1369e-009	3.4192e-009	2.7301e-009	2.7913e-009	2.8972e-009	3.2227e-009	3.1565e-009	3.4871e-009	4.2525e-009	5.2566e-009	7.6226e-009	1.0529e-008	1.373e-008	1.7942e-008	2.4618e-008	2.9274e-008	3.7109e-008	4.3027e-008	5.0076e-008	5.8461e-008	6.3997e-008	6.9218e-008	7.3118e-008	7.9192e-008	8.2622e-008	8.5711e-008	8.8243e-008	8.9082e-008	8.9828e-008	9.0523e-008	9.1024e-008	9.0859e-008	9.0398e-008	8.9966e-008	8.9277e-008	8.772e-008	8.6593e-008	8.5139e-008	8.4305e-008	8.1968e-008	7.9523e-008	7.7445e-008	7.6704e-008	7.3845e-008	7.1591e-008	6.9668e-008	6.7993e-008	6.6102e-008	6.4905e-008	6.3772e-008	6.1184e-008	5.9269e-008	5.5013e-008	5.2537e-008	5.072e-008	4.8438e-008	4.6394e-008	4.4951e-008	4.3637e-008	4.2137e-008	3.9126e-008	3.6308e-008	3.4282e-008	3.263e-008	3.1882e-008	3.0262e-008	2.7671e-008	2.6191e-008	2.4296e-008	2.3623e-008	2.1313e-008	1.9313e-008	1.7615e-008	1.5247e-008	1.3198e-008	1.1096e-008	9.8e-009	7.7005e-009	5.786e-009	4.8696e-009	4.3003e-009	3.1775e-009	3.0841e-009	3.4091e-009	3.6383e-009	3.518e-009	3.2537e-009	3.1501e-009	3.0079e-009	3.1668e-009	3.8075e-009	4.6958e-009	5.8841e-009	7.9061e-009	1.0532e-008	1.3001e-008	1.7686e-008	2.1738e-008	2.619e-008	3.297e-008	3.7953e-008	4.4479e-008	4.8334e-008	5.4238e-008	6.1294e-008	6.6857e-008	7.2954e-008	7.7954e-008	8.21e-008	8.5457e-008	8.7583e-008	8.8968e-008	9.0522e-008	9.1144e-008	9.1923e-008	9.1777e-008	9.1342e-008	9.0263e-008	8.9572e-008	8.8543e-008	8.7114e-008	8.6725e-008	8.6089e-008	8.4302e-008	8.1852e-008	7.9206e-008	7.662e-008	7.4964e-008	7.3749e-008	7.2596e-008	7.249e-008	7.1259e-008	6.8862e-008	6.7333e-008	6.6661e-008	6.3789e-008	6.1259e-008	5.989e-008	5.8455e-008	5.6669e-008	5.3646e-008	5.0851e-008	4.9258e-008	4.6584e-008	4.1543e-008	4.1257e-008	3.8983e-008	3.6405e-008	3.3442e-008	3.2098e-008	3.0112e-008	2.7335e-008	2.4983e-008	2.1552e-008	1.9314e-008	1.6647e-008	1.5277e-008	1.2499e-008	1.0507e-008	7.7768e-009	6.3561e-009	4.9383e-009	4.36e-009	3.0872e-009	2.9644e-009	2.7633e-009	2.0631e-009	2.8294e-009	2.7189e-009	2.3532e-009	2.0186e-009	2.1463e-009	2.2288e-009	2.6568e-009	2.9138e-009	3.4947e-009	4.1579e-009	5.6301e-009	8.2592e-009	1.0639e-008	1.4637e-008	1.8703e-008	2.4015e-008	2.9294e-008	3.4013e-008	3.9449e-008	4.3282e-008	5.1146e-008	5.898e-008	6.6589e-008	7.2806e-008	7.7491e-008	8.128e-008	8.3212e-008	8.5185e-008	8.7263e-008	9.069e-008	9.2799e-008	9.3801e-008	9.4526e-008	9.4446e-008	9.4475e-008	9.4806e-008	9.5132e-008	9.4412e-008	9.2715e-008	9.1729e-008	8.9844e-008	8.7665e-008	8.5612e-008	8.4047e-008	8.0284e-008	7.9504e-008	7.7654e-008	7.5569e-008	7.2994e-008	7.1254e-008	6.7218e-008	6.5778e-008	6.2877e-008	6.0707e-008	5.9062e-008	5.7819e-008	5.4667e-008	5.0449e-008	4.6995e-008	4.5904e-008	4.4329e-008	4.1358e-008	3.9101e-008	3.6385e-008	3.3208e-008	3.058e-008	2.8919e-008	2.7369e-008	2.5312e-008	2.2631e-008	1.9329e-008	1.8177e-008	1.5606e-008	1.4228e-008	1.2485e-008	1.0894e-008	8.197e-009	7.009e-009	5.2715e-009	4.5839e-009	4.2496e-009	3.7379e-009	3.5934e-009	3.7161e-009	3.9951e-009	3.5339e-009
3.0266e-009	2.7551e-009	3.213e-009	2.7744e-009	2.6462e-009	2.0989e-009	2.3189e-009	2.4911e-009	2.6513e-009	3.045e-009	3.6919e-009	3.6433e-009	4.3651e-009	5.6113e-009	7.6716e-009	9.8784e-009	1.3003e-008	1.7351e-008	2.2923e-008	2.9819e-008	3.5463e-008	4.1644e-008	4.7802e-008	5.3784e-008	5.9414e-008	6.3671e-008	6.8735e-008	7.326e-008	7.9155e-008	8.5168e-008	8.7173e-008	8.9435e-008	9.1817e-008	9.3248e-008	9.4117e-008	9.5398e-008	9.6366e-008	9.5633e-008	9.3868e-008	9.2547e-008	9.1375e-008	9.0421e-008	9.0058e-008	8.7861e-008	8.5552e-008	8.2374e-008	8.1263e-008	7.9509e-008	7.7071e-008	7.4145e-008	7.0745e-008	6.877e-008	6.7194e-008	6.6358e-008	6.508e-008	6.3136e-008	6.2054e-008	5.8614e-008	5.6514e-008	5.3186e-008	4.9827e-008	4.7238e-008	4.6217e-008	4.3856e-008	4.1632e-008	3.9867e-008	3.7388e-008	3.528e-008	3.2611e-008	3.0074e-008	2.7264e-008	2.5673e-008	2.4313e-008	2.2389e-008	2.0998e-008	1.9213e-008	1.7992e-008	1.655e-008	1.4937e-008	1.2426e-008	1.0298e-008	8.7275e-009	7.5943e-009	6.41e-009	5.2081e-009	4.3006e-009	4.4564e-009	4.4478e-009	4.3338e-009	4.0794e-009	4.2273e-009	4.4083e-009	4.6103e-009	4.2654e-009	4.8392e-009	5.2518e-009	6.3705e-009	8.5978e-009	1.167e-008	1.4302e-008	1.7391e-008	2.0968e-008	2.5418e-008	2.8581e-008	3.3346e-008	4.1756e-008	4.9369e-008	5.5421e-008	6.073e-008	6.7146e-008	7.3193e-008	7.6825e-008	7.9487e-008	8.3765e-008	8.6205e-008	8.771e-008	9.0092e-008	9.2219e-008	9.2716e-008	9.3115e-008	9.3385e-008	9.3227e-008	9.2465e-008	9.2123e-008	9.1057e-008	8.9695e-008	8.7977e-008	8.7175e-008	8.5803e-008	8.2937e-008	7.9501e-008	7.7612e-008	7.4972e-008	7.3338e-008	7.0358e-008	6.9209e-008	6.8896e-008	6.744e-008	6.4316e-008	6.2437e-008	6.0981e-008	5.7904e-008	5.5857e-008	5.3965e-008	5.1949e-008	5.0359e-008	4.8793e-008	4.5995e-008	4.2698e-008	3.9776e-008	3.8184e-008	3.6044e-008	3.3712e-008	3.1352e-008	2.9396e-008	2.7249e-008	2.5583e-008	2.3408e-008	2.1521e-008	2.0786e-008	1.8082e-008	1.5171e-008	1.3244e-008	1.185e-008	9.4613e-009	7.6638e-009	6.2945e-009	5.2223e-009	4.7377e-009	4.1804e-009	3.9946e-009	3.5971e-009	3.3949e-009	3.2533e-009	3.7602e-009	3.9376e-009	4.8071e-009	5.0676e-009	4.3996e-009	4.9106e-009	5.5289e-009	7.2958e-009	8.9182e-009	1.1463e-008	1.3643e-008	1.6036e-008	1.9694e-008	2.343e-008	2.7571e-008	3.2149e-008	4.1923e-008	4.9769e-008	5.7767e-008	6.404e-008	6.888e-008	7.3328e-008	7.6634e-008	8.0988e-008	8.6107e-008	8.7991e-008	8.9222e-008	9.1773e-008	9.4581e-008	9.4596e-008	9.2491e-008	9.1584e-008	9.1167e-008	9.0942e-008	8.9629e-008	8.8267e-008	8.7422e-008	8.5205e-008	8.2894e-008	8.1115e-008	7.8977e-008	7.7049e-008	7.5932e-008	7.4877e-008	7.2658e-008	7.0506e-008	6.8314e-008	6.5978e-008	6.3233e-008	6.0736e-008	5.8886e-008	5.6709e-008	5.4387e-008	5.1157e-008	4.8072e-008	4.5481e-008	4.2984e-008	4.1084e-008	3.8682e-008	3.6474e-008	3.4343e-008	3.1947e-008	2.9322e-008	2.7903e-008	2.5738e-008	2.3508e-008	2.087e-008	1.8077e-008	1.5394e-008	1.378e-008	1.1583e-008	9.7806e-009	8.7228e-009	6.7318e-009	5.0855e-009	4.2696e-009	3.3017e-009	2.6662e-009	2.4225e-009	2.5542e-009	2.8816e-009	2.7843e-009	2.5227e-009	2.5671e-009	2.7979e-009	2.7583e-009	3.2099e-009	2.6893e-009	2.7943e-009	3.2633e-009	3.0339e-009	2.9479e-009	3.6915e-009	4.1419e-009	4.8685e-009	7.2161e-009	9.9619e-009	1.3719e-008	1.8636e-008	2.4727e-008	3.0106e-008	3.722e-008	4.3838e-008	5.0963e-008	5.7397e-008	6.3946e-008	6.9346e-008	7.431e-008	7.8527e-008	8.2527e-008	8.5098e-008	8.8098e-008	8.896e-008	8.9794e-008	8.9883e-008	9.0555e-008	9.0466e-008	9.0365e-008	9.01e-008	9.0038e-008	8.8687e-008	8.7321e-008	8.5957e-008	8.45e-008	8.2451e-008	8.0686e-008	7.8151e-008	7.6723e-008	7.4817e-008	7.1799e-008	6.9366e-008	6.7813e-008	6.5943e-008	6.4498e-008	6.3536e-008	6.0022e-008	5.7839e-008	5.4334e-008	5.1975e-008	5.099e-008	4.8402e-008	4.6428e-008	4.5456e-008	4.3624e-008	4.2839e-008	3.901e-008	3.5797e-008	3.4211e-008	3.238e-008	3.1642e-008	3.042e-008	2.7479e-008	2.6411e-008	2.4574e-008	2.3454e-008	2.1293e-008	1.9559e-008	1.7873e-008	1.5376e-008	1.3196e-008	1.1564e-008	1.0016e-008	8.4184e-009	6.1283e-009	4.7487e-009	4.2387e-009	3.5377e-009	3.2705e-009	3.4227e-009	3.2293e-009	3.3805e-009	3.6284e-009	3.063e-009	2.7814e-009	3.2267e-009	3.944e-009	4.897e-009	6.233e-009	8.2222e-009	1.0305e-008	1.3443e-008	1.7849e-008	2.2275e-008	2.6556e-008	3.1753e-008	3.8049e-008	4.3718e-008	4.8926e-008	5.5886e-008	6.1973e-008	6.6721e-008	7.2068e-008	7.7558e-008	8.2137e-008	8.5818e-008	8.8343e-008	8.9525e-008	9.1198e-008	9.189e-008	9.2292e-008	9.2294e-008	9.2035e-008	9.0494e-008	8.9954e-008	8.9181e-008	8.779e-008	8.703e-008	8.6188e-008	8.4319e-008	8.1457e-008	7.9474e-008	7.734e-008	7.6158e-008	7.3872e-008	7.2751e-008	7.1933e-008	7.0807e-008	6.837e-008	6.6678e-008	6.5801e-008	6.3511e-008	6.1259e-008	5.9555e-008	5.7999e-008	5.6191e-008	5.3804e-008	5.097e-008	4.9408e-008	4.6726e-008	4.2205e-008	4.1914e-008	3.8541e-008	3.5365e-008	3.3759e-008	3.1852e-008	2.9538e-008	2.764e-008	2.5239e-008	2.211e-008	1.9486e-008	1.6988e-008	1.4972e-008	1.2991e-008	9.9583e-009	7.9917e-009	6.2215e-009	4.6772e-009	3.6392e-009	3.3156e-009	2.6058e-009	2.8571e-009	2.3464e-009	2.8047e-009	2.6597e-009	2.5707e-009	2.3107e-009	2.202e-009	2.1045e-009	2.5645e-009	2.6587e-009	3.4732e-009	4.5231e-009	6.1674e-009	8.1976e-009	1.1074e-008	1.4296e-008	1.8889e-008	2.4128e-008	2.9189e-008	3.4153e-008	4.0513e-008	4.4738e-008	5.0682e-008	5.9808e-008	6.7173e-008	7.2169e-008	7.7193e-008	8.1311e-008	8.2841e-008	8.4965e-008	8.7086e-008	9.0807e-008	9.2817e-008	9.4606e-008	9.5099e-008	9.4196e-008	9.4517e-008	9.5074e-008	9.4805e-008	9.3849e-008	9.2809e-008	9.1529e-008	8.975e-008	8.7624e-008	8.6066e-008	8.5499e-008	8.2832e-008	7.9904e-008	7.7999e-008	7.5814e-008	7.3735e-008	7.2204e-008	6.9308e-008	6.7586e-008	6.5046e-008	6.034e-008	5.8873e-008	5.7636e-008	5.3567e-008	5.0744e-008	4.8151e-008	4.6401e-008	4.3497e-008	4.2462e-008	4.0158e-008	3.5231e-008	3.2919e-008	3.0446e-008	2.8932e-008	2.7588e-008	2.5513e-008	2.2385e-008	2.0432e-008	1.8378e-008	1.6313e-008	1.4215e-008	1.2437e-008	1.0738e-008	8.5467e-009	6.6814e-009	5.4911e-009	4.6048e-009	4.1593e-009	3.8637e-009	3.7326e-009	3.618e-009	4.1678e-009	3.8823e-009
3.2878e-009	2.6446e-009	2.7594e-009	2.9556e-009	2.7241e-009	2.0855e-009	2.3016e-009	2.4563e-009	2.8867e-009	2.9896e-009	3.6513e-009	3.6937e-009	4.289e-009	5.7209e-009	8.1263e-009	1.0511e-008	1.4198e-008	1.8543e-008	2.3994e-008	3.0989e-008	3.6743e-008	4.2271e-008	4.7811e-008	5.5205e-008	5.985e-008	6.4864e-008	6.8923e-008	7.4441e-008	7.9835e-008	8.5373e-008	8.7481e-008	8.8785e-008	9.1146e-008	9.2334e-008	9.3206e-008	9.4789e-008	9.501e-008	9.5422e-008	9.4509e-008	9.3268e-008	9.153e-008	8.9741e-008	8.9015e-008	8.734e-008	8.4886e-008	8.2214e-008	8.0972e-008	7.9139e-008	7.6306e-008	7.3199e-008	7.1337e-008	6.8846e-008	6.707e-008	6.5933e-008	6.4673e-008	6.3108e-008	6.1439e-008	5.7961e-008	5.579e-008	5.309e-008	5.0792e-008	4.7785e-008	4.6314e-008	4.4216e-008	4.1884e-008	3.9437e-008	3.6987e-008	3.474e-008	3.2398e-008	3.0113e-008	2.7392e-008	2.592e-008	2.4059e-008	2.2084e-008	2.0685e-008	1.8713e-008	1.6755e-008	1.5478e-008	1.4161e-008	1.1418e-008	9.5134e-009	8.4282e-009	7.4684e-009	5.8192e-009	5.1464e-009	4.419e-009	4.2796e-009	4.1839e-009	4.3891e-009	4.337e-009	4.1877e-009	4.1629e-009	4.4746e-009	4.0107e-009	4.4087e-009	5.0363e-009	6.3203e-009	8.2961e-009	1.1313e-008	1.4141e-008	1.7016e-008	2.1013e-008	2.5291e-008	3.0454e-008	3.4291e-008	4.2805e-008	5.0924e-008	5.6797e-008	6.1277e-008	6.6791e-008	7.2464e-008	7.6825e-008	7.9267e-008	8.3866e-008	8.7446e-008	8.8913e-008	9.0326e-008	9.207e-008	9.3029e-008	9.3719e-008	9.4004e-008	9.3672e-008	9.3032e-008	9.2684e-008	9.1615e-008	8.8848e-008	8.7264e-008	8.6926e-008	8.5819e-008	8.293e-008	8.0424e-008	7.7929e-008	7.5314e-008	7.3236e-008	7.0186e-008	6.8122e-008	6.7439e-008	6.6305e-008	6.3702e-008	6.1836e-008	6.0146e-008	5.7532e-008	5.5292e-008	5.3434e-008	5.1885e-008	5.0396e-008	4.8527e-008	4.5005e-008	4.3397e-008	4.0546e-008	3.8335e-008	3.6242e-008	3.3336e-008	3.1505e-008	2.891e-008	2.7227e-008	2.5156e-008	2.3334e-008	2.1926e-008	2.0193e-008	1.7997e-008	1.5538e-008	1.315e-008	1.1609e-008	1.0503e-008	8.2171e-009	6.23e-009	5.4741e-009	4.9522e-009	4.87e-009	4.1522e-009	3.9867e-009	3.8099e-009	3.478e-009	3.6047e-009	3.8943e-009	4.728e-009	4.6205e-009	4.4887e-009	4.7216e-009	5.9026e-009	7.0205e-009	8.6767e-009	1.1208e-008	1.4271e-008	1.6401e-008	2.0298e-008	2.4106e-008	2.7687e-008	3.2686e-008	4.1378e-008	4.979e-008	5.8262e-008	6.4145e-008	7.0106e-008	7.4364e-008	7.9027e-008	8.3479e-008	8.7009e-008	8.9069e-008	8.9677e-008	9.2584e-008	9.4111e-008	9.4314e-008	9.3014e-008	9.1464e-008	9.1135e-008	9.0773e-008	8.9018e-008	8.7664e-008	8.6481e-008	8.537e-008	8.3435e-008	8.2102e-008	7.9902e-008	7.6579e-008	7.5276e-008	7.41e-008	7.2148e-008	7.0422e-008	6.7944e-008	6.5682e-008	6.3359e-008	6.1207e-008	5.8731e-008	5.7092e-008	5.4855e-008	5.144e-008	4.814e-008	4.5644e-008	4.385e-008	4.0438e-008	3.8006e-008	3.6193e-008	3.4552e-008	3.1912e-008	2.9365e-008	2.7518e-008	2.5867e-008	2.3925e-008	2.0787e-008	1.7872e-008	1.5648e-008	1.3949e-008	1.1491e-008	9.7385e-009	7.924e-009	6.3398e-009	4.8577e-009	4.0818e-009	3.0722e-009	2.7573e-009	2.2496e-009	2.5883e-009	2.6364e-009	2.6662e-009	3.1994e-009	2.9694e-009	3.0354e-009	2.4794e-009	2.6133e-009	2.569e-009	2.8916e-009	3.2478e-009	2.7691e-009	2.6816e-009	3.689e-009	4.0057e-009	4.6062e-009	6.6946e-009	9.8536e-009	1.2875e-008	1.8853e-008	2.5248e-008	3.164e-008	3.7591e-008	4.476e-008	5.1773e-008	5.9424e-008	6.4437e-008	6.9951e-008	7.5264e-008	7.8707e-008	8.194e-008	8.4543e-008	8.7289e-008	8.8725e-008	8.9869e-008	9.0503e-008	9.1157e-008	9.1039e-008	9.0851e-008	9.1074e-008	9.1718e-008	9.0277e-008	8.7754e-008	8.6122e-008	8.4275e-008	8.2877e-008	8.1054e-008	7.8336e-008	7.627e-008	7.4545e-008	7.2258e-008	6.9351e-008	6.7697e-008	6.55e-008	6.3355e-008	6.2206e-008	5.9114e-008	5.6985e-008	5.453e-008	5.2076e-008	5.0778e-008	4.9283e-008	4.745e-008	4.473e-008	4.385e-008	4.2091e-008	3.8134e-008	3.6082e-008	3.4919e-008	3.3326e-008	3.1418e-008	3.0418e-008	2.7994e-008	2.6431e-008	2.4654e-008	2.315e-008	2.1639e-008	1.9358e-008	1.8081e-008	1.5079e-008	1.2709e-008	1.1773e-008	1.0383e-008	7.8375e-009	6.2633e-009	4.7484e-009	4.2467e-009	3.7548e-009	3.3212e-009	3.3608e-009	3.1522e-009	3.2772e-009	3.594e-009	2.795e-009	2.7402e-009	2.8207e-009	3.2829e-009	4.4056e-009	5.676e-009	7.2451e-009	9.6005e-009	1.2483e-008	1.7296e-008	2.2041e-008	2.6815e-008	3.0977e-008	3.4483e-008	4.1722e-008	4.7746e-008	5.6847e-008	6.2992e-008	6.8117e-008	7.3781e-008	7.8441e-008	8.2867e-008	8.7001e-008	8.88e-008	8.9929e-008	9.167e-008	9.2929e-008	9.2878e-008	9.2626e-008	9.2799e-008	9.1193e-008	9.0246e-008	8.9453e-008	8.8329e-008	8.7158e-008	8.5681e-008	8.3691e-008	8.1846e-008	8.0274e-008	7.8012e-008	7.7155e-008	7.5715e-008	7.3457e-008	7.1792e-008	7.0279e-008	6.8159e-008	6.6127e-008	6.4293e-008	6.2849e-008	6.0944e-008	5.8992e-008	5.6478e-008	5.4723e-008	5.3352e-008	5.1081e-008	4.9188e-008	4.6749e-008	4.3602e-008	4.1963e-008	3.9547e-008	3.6133e-008	3.3923e-008	3.1788e-008	2.8926e-008	2.6991e-008	2.5025e-008	2.1596e-008	1.9286e-008	1.6684e-008	1.4174e-008	1.2614e-008	9.6086e-009	8.013e-009	6.2873e-009	5.2609e-009	3.2764e-009	3.0162e-009	3.2947e-009	2.6567e-009	1.8822e-009	1.9673e-009	1.8863e-009	2.0366e-009	2.0505e-009	2.1364e-009	2.3257e-009	2.6655e-009	3.2273e-009	3.6027e-009	4.7343e-009	5.8856e-009	8.2154e-009	1.0948e-008	1.3771e-008	1.9261e-008	2.3166e-008	2.8105e-008	3.4324e-008	4.1654e-008	4.6398e-008	5.1738e-008	5.8664e-008	6.5758e-008	7.1968e-008	7.5727e-008	7.9932e-008	8.2095e-008	8.4065e-008	8.6427e-008	9.0574e-008	9.3475e-008	9.5264e-008	9.5272e-008	9.4721e-008	9.4736e-008	9.5007e-008	9.5191e-008	9.4383e-008	9.3139e-008	9.1449e-008	8.9517e-008	8.8093e-008	8.7073e-008	8.5262e-008	8.3615e-008	8.0126e-008	7.9028e-008	7.6561e-008	7.5084e-008	7.2622e-008	7.0256e-008	6.8151e-008	6.5789e-008	6.3535e-008	6.0131e-008	5.6258e-008	5.3748e-008	5.1875e-008	4.886e-008	4.6934e-008	4.4945e-008	4.2128e-008	4.0783e-008	3.7954e-008	3.2247e-008	3.0359e-008	2.8562e-008	2.6712e-008	2.4982e-008	2.1958e-008	1.9949e-008	1.8396e-008	1.6398e-008	1.4352e-008	1.1267e-008	1.0153e-008	8.3901e-009	6.491e-009	5.1874e-009	4.6855e-009	3.902e-009	3.8319e-009	3.4355e-009	3.2817e-009	4.0838e-009	4.3437e-009
3.0425e-009	2.7357e-009	3.3828e-009	3.2398e-009	3.11e-009	2.8775e-009	2.7058e-009	2.9117e-009	3.2212e-009	3.6063e-009	3.5738e-009	4.0776e-009	5.0772e-009	6.4e-009	8.4381e-009	1.1211e-008	1.4957e-008	1.8859e-008	2.4058e-008	3.1326e-008	3.8224e-008	4.2691e-008	4.9196e-008	5.5713e-008	6.1805e-008	6.6046e-008	6.9607e-008	7.4261e-008	8.0607e-008	8.5687e-008	8.8164e-008	8.9394e-008	9.1132e-008	9.2207e-008	9.3125e-008	9.4628e-008	9.5224e-008	9.589e-008	9.5619e-008	9.4551e-008	9.0928e-008	8.9932e-008	8.8766e-008	8.6708e-008	8.4695e-008	8.2137e-008	7.991e-008	7.8475e-008	7.7071e-008	7.3913e-008	7.1768e-008	6.977e-008	6.7498e-008	6.585e-008	6.4775e-008	6.3231e-008	6.1879e-008	5.9349e-008	5.7344e-008	5.3848e-008	5.1585e-008	4.8735e-008	4.6106e-008	4.4673e-008	4.2201e-008	3.9333e-008	3.6635e-008	3.4165e-008	3.2713e-008	2.9939e-008	2.8555e-008	2.5248e-008	2.3691e-008	2.2312e-008	1.9448e-008	1.7648e-008	1.6444e-008	1.4008e-008	1.2883e-008	1.1272e-008	9.1645e-009	7.7505e-009	6.8423e-009	5.5506e-009	4.4731e-009	4.1498e-009	3.718e-009	4.004e-009	4.385e-009	4.6318e-009	4.6804e-009	4.6465e-009	4.5084e-009	4.2408e-009	4.6482e-009	5.3425e-009	6.9016e-009	8.7286e-009	1.1226e-008	1.4836e-008	1.7415e-008	2.1761e-008	2.6363e-008	3.1257e-008	3.5436e-008	4.1677e-008	5.2125e-008	5.7049e-008	6.2371e-008	6.7079e-008	7.2265e-008	7.5623e-008	8.011e-008	8.4311e-008	8.7844e-008	8.956e-008	9.127e-008	9.2263e-008	9.4567e-008	9.4942e-008	9.4472e-008	9.4109e-008	9.3472e-008	9.2931e-008	9.1904e-008	8.8916e-008	8.7314e-008	8.7396e-008	8.5614e-008	8.3238e-008	8.0692e-008	7.8062e-008	7.6021e-008	7.2221e-008	7.0352e-008	6.7866e-008	6.646e-008	6.5037e-008	6.3858e-008	6.1385e-008	5.9314e-008	5.7678e-008	5.5982e-008	5.4656e-008	5.2054e-008	5.0592e-008	4.834e-008	4.5475e-008	4.3878e-008	4.0914e-008	3.8523e-008	3.584e-008	3.3469e-008	3.1179e-008	2.9773e-008	2.6917e-008	2.5081e-008	2.3321e-008	2.1974e-008	2.0156e-008	1.7827e-008	1.5352e-008	1.3584e-008	1.1635e-008	1.0379e-008	8.4593e-009	6.0675e-009	5.3955e-009	5.0275e-009	4.812e-009	4.2152e-009	3.9208e-009	3.7733e-009	3.8798e-009	3.706e-009	4.0049e-009	4.5581e-009	4.3281e-009	4.5094e-009	5.1152e-009	5.7878e-009	7.0729e-009	8.9105e-009	1.1468e-008	1.4447e-008	1.7546e-008	2.0354e-008	2.4446e-008	2.8788e-008	3.3492e-008	4.2326e-008	5.1718e-008	5.8269e-008	6.341e-008	7.0147e-008	7.5585e-008	7.9595e-008	8.4279e-008	8.7701e-008	8.887e-008	9.0378e-008	9.2991e-008	9.3754e-008	9.3839e-008	9.3269e-008	9.228e-008	9.1184e-008	9.0652e-008	8.8909e-008	8.8193e-008	8.6398e-008	8.5348e-008	8.3844e-008	8.1952e-008	7.949e-008	7.625e-008	7.5136e-008	7.337e-008	7.2104e-008	7.0295e-008	6.6967e-008	6.5855e-008	6.4018e-008	6.1314e-008	5.8185e-008	5.6732e-008	5.5226e-008	5.0423e-008	4.8401e-008	4.5772e-008	4.4121e-008	4.0798e-008	3.8287e-008	3.6855e-008	3.415e-008	3.1668e-008	2.842e-008	2.6596e-008	2.5457e-008	2.2871e-008	1.9984e-008	1.7727e-008	1.6023e-008	1.4098e-008	1.1853e-008	9.1341e-009	7.4314e-009	6.0022e-009	4.7378e-009	3.7138e-009	2.4643e-009	2.3357e-009	2.4447e-009	3.1001e-009	2.9614e-009	3.0786e-009	3.4644e-009	3.4281e-009	2.6788e-009	2.3067e-009	2.3503e-009	2.7433e-009	2.7845e-009	2.6563e-009	2.9307e-009	2.7275e-009	3.7185e-009	3.9238e-009	4.4493e-009	6.1601e-009	9.4643e-009	1.2438e-008	1.8593e-008	2.5651e-008	3.2902e-008	3.8634e-008	4.4628e-008	5.2192e-008	5.9399e-008	6.4427e-008	6.9734e-008	7.4905e-008	7.8575e-008	8.1818e-008	8.4186e-008	8.668e-008	8.9025e-008	9.0816e-008	9.1505e-008	9.1532e-008	9.1641e-008	9.1733e-008	9.1876e-008	9.2624e-008	9.1522e-008	8.947e-008	8.7615e-008	8.4249e-008	8.2903e-008	8.1659e-008	7.851e-008	7.5668e-008	7.2842e-008	7.153e-008	6.926e-008	6.7001e-008	6.457e-008	6.3454e-008	6.1749e-008	5.9263e-008	5.6256e-008	5.4272e-008	5.31e-008	5.077e-008	4.8829e-008	4.7904e-008	4.5934e-008	4.472e-008	4.2175e-008	3.8321e-008	3.6335e-008	3.528e-008	3.365e-008	3.1217e-008	2.9799e-008	2.843e-008	2.6408e-008	2.4786e-008	2.2675e-008	2.0932e-008	1.8652e-008	1.7142e-008	1.5245e-008	1.3522e-008	1.2e-008	1.0752e-008	8.8174e-009	6.8107e-009	5.1065e-009	4.0668e-009	3.7823e-009	3.2923e-009	3.0062e-009	3.5662e-009	3.467e-009	2.9259e-009	2.6475e-009	3.05e-009	2.9254e-009	3.233e-009	4.0032e-009	5.0555e-009	6.4914e-009	9.0352e-009	1.2116e-008	1.582e-008	2.1475e-008	2.5717e-008	2.9892e-008	3.4967e-008	4.0885e-008	4.8117e-008	5.5228e-008	6.2777e-008	6.7971e-008	7.4737e-008	7.9693e-008	8.4286e-008	8.8446e-008	8.9561e-008	9.0876e-008	9.2566e-008	9.4e-008	9.3809e-008	9.3964e-008	9.3297e-008	9.2385e-008	9.0621e-008	8.9948e-008	8.8925e-008	8.8067e-008	8.5964e-008	8.3973e-008	8.2072e-008	8.0927e-008	7.9537e-008	7.817e-008	7.5927e-008	7.4608e-008	7.2277e-008	7.1475e-008	7.0264e-008	6.7006e-008	6.4115e-008	6.2631e-008	6.1113e-008	5.7864e-008	5.6067e-008	5.4082e-008	5.2583e-008	5.044e-008	4.8283e-008	4.577e-008	4.397e-008	4.2319e-008	3.9822e-008	3.6223e-008	3.4427e-008	3.1191e-008	2.9253e-008	2.728e-008	2.3749e-008	2.1899e-008	1.9028e-008	1.6503e-008	1.3617e-008	1.1717e-008	9.2159e-009	7.227e-009	5.9516e-009	4.4916e-009	3.6705e-009	2.9636e-009	2.9418e-009	2.6329e-009	2.0531e-009	2.1385e-009	1.5046e-009	2.2366e-009	2.8279e-009	2.591e-009	2.9455e-009	3.3346e-009	3.3234e-009	3.5193e-009	4.5092e-009	5.8563e-009	8.2809e-009	1.0789e-008	1.4286e-008	1.9433e-008	2.3746e-008	2.777e-008	3.279e-008	4.2416e-008	4.7745e-008	5.3718e-008	5.916e-008	6.4903e-008	7.1371e-008	7.4915e-008	7.853e-008	8.1091e-008	8.3822e-008	8.6486e-008	9.052e-008	9.4285e-008	9.5568e-008	9.5802e-008	9.5076e-008	9.4978e-008	9.5468e-008	9.5506e-008	9.4799e-008	9.2881e-008	9.1408e-008	8.9317e-008	8.8565e-008	8.7245e-008	8.553e-008	8.4365e-008	8.1455e-008	7.9e-008	7.613e-008	7.4549e-008	7.2393e-008	6.978e-008	6.7492e-008	6.5873e-008	6.4517e-008	6.0984e-008	5.7807e-008	5.4328e-008	5.2455e-008	5.0088e-008	4.7979e-008	4.5867e-008	4.253e-008	4.1013e-008	3.8174e-008	3.3877e-008	2.9768e-008	2.8953e-008	2.69e-008	2.4573e-008	2.2444e-008	2.0261e-008	1.8462e-008	1.6661e-008	1.3497e-008	1.141e-008	9.6486e-009	7.7425e-009	5.9496e-009	5.0424e-009	4.1368e-009	3.6053e-009	3.7165e-009	3.3758e-009	3.26e-009	3.6271e-009	4.1885e-009
2.0459e-009	2.295e-009	3.0553e-009	2.5054e-009	2.6118e-009	2.8576e-009	2.6589e-009	3.0519e-009	3.6466e-009	3.6826e-009	3.7145e-009	4.0334e-009	5.3402e-009	6.71e-009	8.6899e-009	1.1472e-008	1.5077e-008	1.9261e-008	2.4119e-008	3.2435e-008	3.8171e-008	4.3259e-008	4.9158e-008	5.5862e-008	6.1551e-008	6.6321e-008	7.0219e-008	7.4178e-008	7.9949e-008	8.4599e-008	8.7876e-008	8.982e-008	9.1393e-008	9.2393e-008	9.3896e-008	9.4927e-008	9.5174e-008	9.5555e-008	9.5488e-008	9.5746e-008	9.3736e-008	8.9931e-008	8.8485e-008	8.7061e-008	8.5534e-008	8.2163e-008	7.9833e-008	7.8273e-008	7.5914e-008	7.3971e-008	7.2551e-008	7.0135e-008	6.7552e-008	6.7192e-008	6.5234e-008	6.3102e-008	6.1542e-008	5.985e-008	5.7711e-008	5.4046e-008	5.1955e-008	4.8876e-008	4.5165e-008	4.361e-008	4.1897e-008	3.937e-008	3.756e-008	3.5107e-008	3.2589e-008	3.0336e-008	2.849e-008	2.5499e-008	2.3532e-008	2.2027e-008	1.9679e-008	1.8241e-008	1.6569e-008	1.4339e-008	1.2522e-008	1.1024e-008	8.9796e-009	7.1689e-009	5.7864e-009	5.4808e-009	4.6633e-009	4.1794e-009	4.0607e-009	4.2608e-009	4.3065e-009	4.5295e-009	4.8926e-009	4.7905e-009	4.6609e-009	4.5253e-009	5.0687e-009	5.8641e-009	6.9099e-009	8.9735e-009	1.1673e-008	1.5442e-008	1.7839e-008	2.2241e-008	2.713e-008	3.1654e-008	3.5735e-008	4.2013e-008	4.8204e-008	5.7442e-008	6.3279e-008	6.7038e-008	7.1897e-008	7.5926e-008	7.892e-008	8.3323e-008	8.7178e-008	8.9816e-008	9.2354e-008	9.403e-008	9.5212e-008	9.5322e-008	9.5443e-008	9.4402e-008	9.3902e-008	9.2957e-008	9.2062e-008	9.003e-008	8.8442e-008	8.7658e-008	8.5987e-008	8.3145e-008	8.0283e-008	7.7917e-008	7.52e-008	7.2067e-008	7.0073e-008	6.832e-008	6.626e-008	6.4707e-008	6.3583e-008	6.1745e-008	6.0722e-008	5.8838e-008	5.7046e-008	5.5134e-008	5.2927e-008	5.0738e-008	4.7855e-008	4.6565e-008	4.3807e-008	4.0525e-008	3.8966e-008	3.6758e-008	3.3665e-008	3.0827e-008	2.964e-008	2.6895e-008	2.4927e-008	2.3363e-008	2.1936e-008	2.0281e-008	1.8204e-008	1.5404e-008	1.3343e-008	1.2073e-008	1.0385e-008	8.0692e-009	6.3603e-009	5.3653e-009	4.5165e-009	3.9993e-009	3.5799e-009	3.5088e-009	4.1789e-009	4.1529e-009	4.059e-009	4.2285e-009	4.1576e-009	4.3267e-009	4.6853e-009	4.8017e-009	5.6344e-009	7.6896e-009	9.8818e-009	1.2285e-008	1.54e-008	1.8278e-008	2.1395e-008	2.5463e-008	2.9574e-008	3.4206e-008	4.0539e-008	5.135e-008	5.8277e-008	6.4064e-008	7.0766e-008	7.5109e-008	7.9735e-008	8.306e-008	8.7798e-008	8.8482e-008	9.1536e-008	9.3357e-008	9.3534e-008	9.3897e-008	9.3205e-008	9.2696e-008	9.1094e-008	9.0161e-008	8.9129e-008	8.8275e-008	8.6565e-008	8.5036e-008	8.3559e-008	8.1633e-008	7.8938e-008	7.6116e-008	7.4912e-008	7.3169e-008	7.176e-008	6.9924e-008	6.7993e-008	6.5536e-008	6.3689e-008	6.1522e-008	5.8381e-008	5.6936e-008	5.4476e-008	5.0373e-008	4.8182e-008	4.5858e-008	4.3821e-008	4.1148e-008	3.9443e-008	3.7651e-008	3.3845e-008	3.2233e-008	3.0008e-008	2.6152e-008	2.4577e-008	2.2528e-008	2.0878e-008	1.7934e-008	1.5967e-008	1.3864e-008	1.1314e-008	8.764e-009	6.7052e-009	5.8885e-009	4.706e-009	3.5933e-009	2.4536e-009	2.3737e-009	2.338e-009	2.2278e-009	2.1024e-009	2.7879e-009	3.0882e-009	3.3842e-009	3.0575e-009	2.4922e-009	2.8344e-009	3.094e-009	2.7299e-009	2.9407e-009	3.1858e-009	2.9281e-009	3.5894e-009	4.4998e-009	5.0625e-009	6.6626e-009	9.3802e-009	1.2632e-008	1.7778e-008	2.592e-008	3.3776e-008	4.0217e-008	4.6128e-008	5.2618e-008	5.8146e-008	6.3556e-008	6.933e-008	7.4703e-008	7.9547e-008	8.1887e-008	8.3849e-008	8.6913e-008	8.9379e-008	9.2047e-008	9.2478e-008	9.1468e-008	9.1698e-008	9.1948e-008	9.1642e-008	9.1899e-008	9.1243e-008	8.9921e-008	8.694e-008	8.4029e-008	8.246e-008	8.1434e-008	7.7863e-008	7.5742e-008	7.3432e-008	7.1913e-008	6.9653e-008	6.6994e-008	6.4729e-008	6.3028e-008	6.1978e-008	5.9869e-008	5.7157e-008	5.4783e-008	5.3304e-008	5.0926e-008	4.8828e-008	4.7687e-008	4.6165e-008	4.4626e-008	4.262e-008	3.9932e-008	3.7627e-008	3.4744e-008	3.2992e-008	3.1082e-008	2.9782e-008	2.8113e-008	2.5955e-008	2.4093e-008	2.2721e-008	2.0779e-008	1.909e-008	1.6724e-008	1.4906e-008	1.3023e-008	1.1872e-008	1.0446e-008	8.7135e-009	7.0386e-009	5.5659e-009	4.0097e-009	3.6256e-009	3.2193e-009	2.9971e-009	3.1245e-009	3.4e-009	3.0057e-009	3.0743e-009	3.1933e-009	3.1786e-009	3.2311e-009	4.077e-009	4.9189e-009	6.774e-009	8.9203e-009	1.2054e-008	1.5807e-008	2.0443e-008	2.5316e-008	2.9221e-008	3.3487e-008	4.0831e-008	4.7336e-008	5.5136e-008	6.2619e-008	6.97e-008	7.5789e-008	8.0584e-008	8.481e-008	8.8865e-008	8.9961e-008	9.1988e-008	9.292e-008	9.4299e-008	9.4804e-008	9.4271e-008	9.3735e-008	9.2374e-008	9.1111e-008	9.0606e-008	8.9178e-008	8.8666e-008	8.6952e-008	8.4676e-008	8.2675e-008	8.1008e-008	8.0176e-008	7.9351e-008	7.7613e-008	7.579e-008	7.3663e-008	7.2217e-008	7.0849e-008	6.8947e-008	6.4787e-008	6.2582e-008	6.0914e-008	5.7838e-008	5.5046e-008	5.3031e-008	5.1875e-008	5.0015e-008	4.7232e-008	4.5281e-008	4.4023e-008	4.1793e-008	3.9302e-008	3.5754e-008	3.3836e-008	3.0817e-008	2.8419e-008	2.7739e-008	2.5059e-008	2.1746e-008	1.949e-008	1.6749e-008	1.3265e-008	1.1125e-008	9.0832e-009	6.5849e-009	4.9854e-009	4.2906e-009	3.4876e-009	2.5663e-009	2.0271e-009	2.1152e-009	1.8487e-009	1.9988e-009	2.2782e-009	2.2409e-009	2.5261e-009	2.4364e-009	2.7074e-009	2.9706e-009	2.889e-009	3.3751e-009	4.2417e-009	5.6682e-009	7.9374e-009	1.0952e-008	1.4378e-008	1.8859e-008	2.3369e-008	2.7652e-008	3.4925e-008	4.2488e-008	4.8381e-008	5.4366e-008	5.9911e-008	6.4876e-008	6.8632e-008	7.298e-008	7.6431e-008	8.0308e-008	8.301e-008	8.6023e-008	8.9457e-008	9.3854e-008	9.5047e-008	9.5559e-008	9.537e-008	9.4797e-008	9.501e-008	9.5317e-008	9.5014e-008	9.2815e-008	9.1617e-008	8.8748e-008	8.7459e-008	8.6815e-008	8.5839e-008	8.4408e-008	8.2259e-008	7.8105e-008	7.5458e-008	7.3905e-008	7.2101e-008	6.9303e-008	6.7172e-008	6.5535e-008	6.4309e-008	6.0172e-008	5.7707e-008	5.5349e-008	5.2545e-008	4.993e-008	4.8082e-008	4.5495e-008	4.301e-008	4.0328e-008	3.86e-008	3.5644e-008	3.1253e-008	2.9053e-008	2.7504e-008	2.514e-008	2.2699e-008	2.0855e-008	1.8493e-008	1.6797e-008	1.4024e-008	1.1528e-008	9.7727e-009	8.3911e-009	6.3825e-009	5.0683e-009	4.4238e-009	3.7592e-009	3.3032e-009	3.1174e-009	3.1005e-009	2.8477e-009	3.1034e-009
2.0164e-009	2.0399e-009	2.7416e-009	2.4974e-009	1.7677e-009	1.7497e-009	2.1769e-009	2.7849e-009	3.2318e-009	3.7497e-009	3.8294e-009	4.0859e-009	5.1809e-009	6.6227e-009	8.6587e-009	1.1462e-008	1.5565e-008	2.0422e-008	2.414e-008	3.1562e-008	3.7062e-008	4.3236e-008	4.9937e-008	5.6981e-008	6.1868e-008	6.5605e-008	7.0228e-008	7.4606e-008	8.054e-008	8.416e-008	8.8047e-008	8.9498e-008	9.1124e-008	9.2519e-008	9.3928e-008	9.4555e-008	9.4621e-008	9.4445e-008	9.4988e-008	9.5344e-008	9.3709e-008	9.1145e-008	8.934e-008	8.7623e-008	8.5452e-008	8.2651e-008	7.9963e-008	7.7789e-008	7.6365e-008	7.5134e-008	7.243e-008	7.0515e-008	6.8489e-008	6.7676e-008	6.5223e-008	6.3523e-008	6.1917e-008	6.0022e-008	5.7882e-008	5.4012e-008	5.0785e-008	4.743e-008	4.4989e-008	4.2995e-008	4.1388e-008	3.928e-008	3.7546e-008	3.5765e-008	3.2295e-008	2.9851e-008	2.8042e-008	2.4894e-008	2.2699e-008	2.1197e-008	1.9562e-008	1.7805e-008	1.5457e-008	1.3759e-008	1.1535e-008	9.8076e-009	8.2899e-009	6.9198e-009	5.2766e-009	5.0276e-009	4.5351e-009	4.3676e-009	4.4358e-009	3.9783e-009	4.2393e-009	4.7058e-009	5.0215e-009	5.038e-009	4.7387e-009	4.8775e-009	5.18e-009	5.8565e-009	7.103e-009	8.8883e-009	1.1825e-008	1.4463e-008	1.7588e-008	2.2218e-008	2.5853e-008	3.1532e-008	3.6026e-008	4.2468e-008	4.9487e-008	5.5775e-008	6.3013e-008	6.6754e-008	7.1463e-008	7.5344e-008	7.9978e-008	8.3544e-008	8.6133e-008	8.8705e-008	9.2253e-008	9.4112e-008	9.4998e-008	9.5301e-008	9.6345e-008	9.5921e-008	9.4175e-008	9.2832e-008	9.2194e-008	9.033e-008	8.8563e-008	8.7526e-008	8.5867e-008	8.3071e-008	8.0716e-008	7.8513e-008	7.532e-008	7.3024e-008	7.0931e-008	6.8595e-008	6.6486e-008	6.5117e-008	6.3019e-008	6.1654e-008	6.0611e-008	5.9281e-008	5.7376e-008	5.5733e-008	5.3181e-008	5.1788e-008	4.8957e-008	4.6673e-008	4.3909e-008	4.1044e-008	3.8209e-008	3.6013e-008	3.3022e-008	3.1287e-008	2.8974e-008	2.7093e-008	2.4908e-008	2.3273e-008	2.2117e-008	2.0534e-008	1.7853e-008	1.549e-008	1.2926e-008	1.1845e-008	9.6234e-009	7.9921e-009	6.2639e-009	5.2873e-009	4.2132e-009	3.4142e-009	3.0974e-009	3.3191e-009	3.9816e-009	4.0096e-009	3.7934e-009	3.8761e-009	4.3186e-009	4.5487e-009	4.5637e-009	4.8082e-009	5.8208e-009	7.8683e-009	1.0321e-008	1.2609e-008	1.588e-008	1.919e-008	2.1864e-008	2.5979e-008	2.9969e-008	3.5207e-008	4.2418e-008	5.0438e-008	5.7566e-008	6.3164e-008	7.0898e-008	7.5005e-008	7.9983e-008	8.2522e-008	8.5659e-008	8.8511e-008	9.1628e-008	9.339e-008	9.3814e-008	9.3446e-008	9.2954e-008	9.239e-008	9.1554e-008	9.0084e-008	8.9502e-008	8.8809e-008	8.7464e-008	8.5143e-008	8.301e-008	8.0908e-008	7.8178e-008	7.5929e-008	7.3872e-008	7.2115e-008	7.1107e-008	6.9373e-008	6.7378e-008	6.5767e-008	6.3824e-008	6.1423e-008	5.9659e-008	5.5945e-008	5.384e-008	5.0601e-008	4.7681e-008	4.6207e-008	4.476e-008	4.2545e-008	3.9945e-008	3.8581e-008	3.4522e-008	3.2156e-008	3.0114e-008	2.7374e-008	2.4754e-008	2.2856e-008	2.0745e-008	1.7921e-008	1.581e-008	1.3821e-008	1.1927e-008	9.6636e-009	6.8314e-009	5.6934e-009	4.5741e-009	3.3891e-009	2.6749e-009	2.8086e-009	2.6049e-009	1.9449e-009	1.66e-009	2.4989e-009	2.3058e-009	2.5729e-009	2.8259e-009	2.5431e-009	2.7401e-009	3.0857e-009	2.828e-009	2.9094e-009	2.8359e-009	2.7178e-009	3.4242e-009	4.5138e-009	5.4182e-009	6.9378e-009	9.2577e-009	1.2573e-008	1.7117e-008	2.3421e-008	3.2811e-008	3.8723e-008	4.7051e-008	5.4047e-008	5.8516e-008	6.3594e-008	6.9568e-008	7.5208e-008	7.988e-008	8.1891e-008	8.3742e-008	8.6516e-008	8.9788e-008	9.2741e-008	9.2565e-008	9.225e-008	9.1752e-008	9.2035e-008	9.0477e-008	9.0662e-008	9.0695e-008	8.8894e-008	8.5954e-008	8.3359e-008	8.1104e-008	8.0672e-008	7.8018e-008	7.6225e-008	7.3859e-008	7.1816e-008	7.0008e-008	6.7195e-008	6.5211e-008	6.4002e-008	6.1915e-008	6.0702e-008	5.7335e-008	5.5661e-008	5.2989e-008	5.1327e-008	4.8927e-008	4.7215e-008	4.6475e-008	4.465e-008	4.2241e-008	4.0129e-008	3.8286e-008	3.6145e-008	3.263e-008	3.1131e-008	2.9335e-008	2.7157e-008	2.5679e-008	2.4101e-008	2.2129e-008	1.9896e-008	1.8488e-008	1.644e-008	1.529e-008	1.3542e-008	1.1644e-008	1.002e-008	8.1352e-009	6.2991e-009	4.9901e-009	3.8418e-009	3.877e-009	3.3916e-009	2.9559e-009	2.9378e-009	3.0131e-009	3.2373e-009	3.3389e-009	3.5082e-009	3.2401e-009	3.1937e-009	3.9054e-009	4.4638e-009	6.1531e-009	9.0082e-009	1.2108e-008	1.4931e-008	1.9546e-008	2.3882e-008	2.8071e-008	3.4853e-008	4.154e-008	4.8096e-008	5.4949e-008	6.3055e-008	7.0129e-008	7.6342e-008	8.1005e-008	8.4384e-008	8.879e-008	9.0414e-008	9.2001e-008	9.3537e-008	9.4755e-008	9.51e-008	9.4374e-008	9.3868e-008	9.2485e-008	9.1535e-008	9.0899e-008	9.0216e-008	8.8934e-008	8.7839e-008	8.5014e-008	8.2687e-008	8.0761e-008	7.9655e-008	7.9098e-008	7.778e-008	7.6101e-008	7.402e-008	7.2882e-008	7.1576e-008	6.8447e-008	6.5114e-008	6.2985e-008	6.0787e-008	5.8743e-008	5.5574e-008	5.3702e-008	5.1852e-008	4.9888e-008	4.6894e-008	4.5189e-008	4.3422e-008	4.141e-008	3.8009e-008	3.5057e-008	3.2662e-008	3.0401e-008	2.9067e-008	2.6765e-008	2.4268e-008	2.208e-008	1.9919e-008	1.6162e-008	1.2694e-008	1.0496e-008	8.3224e-009	6.6163e-009	5.058e-009	3.8267e-009	2.9884e-009	2.344e-009	2.3066e-009	2.2539e-009	1.7941e-009	1.6956e-009	2.1306e-009	2.1313e-009	2.3728e-009	2.3063e-009	2.5698e-009	2.7509e-009	3.074e-009	3.2537e-009	4.4605e-009	5.6419e-009	8.2015e-009	1.0672e-008	1.4264e-008	1.939e-008	2.3199e-008	2.8397e-008	3.5847e-008	4.1872e-008	4.7276e-008	5.3836e-008	5.9575e-008	6.558e-008	6.8436e-008	7.165e-008	7.5187e-008	7.8738e-008	8.2392e-008	8.549e-008	8.9378e-008	9.1934e-008	9.4106e-008	9.5351e-008	9.4936e-008	9.4392e-008	9.4193e-008	9.4749e-008	9.4322e-008	9.2158e-008	9.0848e-008	8.8805e-008	8.7137e-008	8.6301e-008	8.596e-008	8.4471e-008	8.1057e-008	7.7562e-008	7.5623e-008	7.4191e-008	7.2181e-008	6.8675e-008	6.6698e-008	6.513e-008	6.3271e-008	6.0837e-008	5.7365e-008	5.4349e-008	5.1759e-008	4.9524e-008	4.8007e-008	4.5039e-008	4.3078e-008	4.0088e-008	3.8411e-008	3.4548e-008	3.1762e-008	2.9858e-008	2.7452e-008	2.5159e-008	2.2451e-008	2.0479e-008	1.8236e-008	1.594e-008	1.3894e-008	1.1785e-008	9.8034e-009	8.2176e-009	6.5621e-009	5.1707e-009	4.2171e-009	3.5277e-009	2.9416e-009	3.1729e-009	3.4292e-009	2.7474e-009	2.8596e-009
2.568e-009	2.5654e-009	2.5984e-009	2.5315e-009	2.2125e-009	2.1636e-009	2.6238e-009	2.8804e-009	2.9469e-009	3.6812e-009	3.8674e-009	4.2041e-009	4.7728e-009	6.4779e-009	8.8511e-009	1.2058e-008	1.6594e-008	2.1072e-008	2.5318e-008	3.1364e-008	3.7707e-008	4.3643e-008	5.0532e-008	5.7171e-008	6.2614e-008	6.6939e-008	7.0548e-008	7.5424e-008	8.0635e-008	8.4975e-008	8.8154e-008	8.9553e-008	9.1162e-008	9.2522e-008	9.3823e-008	9.4325e-008	9.4438e-008	9.3959e-008	9.4485e-008	9.4626e-008	9.2996e-008	9.1164e-008	8.9392e-008	8.7574e-008	8.5786e-008	8.2272e-008	7.9687e-008	7.7475e-008	7.6313e-008	7.5917e-008	7.395e-008	7.1048e-008	6.8958e-008	6.818e-008	6.665e-008	6.3662e-008	6.1768e-008	5.9729e-008	5.6963e-008	5.3467e-008	5.0452e-008	4.7964e-008	4.4935e-008	4.3253e-008	4.1297e-008	3.8958e-008	3.7431e-008	3.5401e-008	3.2352e-008	3.0506e-008	2.7129e-008	2.4775e-008	2.292e-008	2.0999e-008	1.9241e-008	1.735e-008	1.5248e-008	1.3479e-008	1.1658e-008	9.9582e-009	7.593e-009	6.979e-009	5.4816e-009	5.1792e-009	4.6658e-009	4.4491e-009	4.4761e-009	4.6548e-009	4.3921e-009	4.5621e-009	5.2776e-009	5.5055e-009	5.5395e-009	5.2363e-009	5.6577e-009	6.1536e-009	7.5141e-009	9.5819e-009	1.2112e-008	1.5074e-008	1.8102e-008	2.2592e-008	2.7081e-008	3.2501e-008	3.8315e-008	4.292e-008	4.9139e-008	5.6942e-008	6.1784e-008	6.5804e-008	7.1764e-008	7.5934e-008	8.0385e-008	8.3821e-008	8.666e-008	8.944e-008	9.2208e-008	9.4044e-008	9.5212e-008	9.6113e-008	9.6717e-008	9.6422e-008	9.5202e-008	9.365e-008	9.2575e-008	9.135e-008	8.9189e-008	8.7142e-008	8.5352e-008	8.3003e-008	8.0378e-008	7.7892e-008	7.5199e-008	7.4042e-008	7.2402e-008	7.0747e-008	6.6058e-008	6.5753e-008	6.4024e-008	6.2001e-008	6.0543e-008	5.9221e-008	5.7478e-008	5.6201e-008	5.4242e-008	5.1992e-008	4.9278e-008	4.6821e-008	4.3753e-008	4.1324e-008	3.8689e-008	3.6911e-008	3.4092e-008	3.1941e-008	2.8595e-008	2.6024e-008	2.4633e-008	2.3216e-008	2.1877e-008	1.9725e-008	1.7296e-008	1.5534e-008	1.346e-008	1.1489e-008	9.5282e-009	7.4142e-009	5.8614e-009	4.6845e-009	4.3136e-009	3.7405e-009	3.25e-009	3.7979e-009	3.6703e-009	3.6213e-009	3.45e-009	3.7562e-009	4.5267e-009	4.759e-009	4.6134e-009	5.3128e-009	6.2922e-009	8.3749e-009	1.0159e-008	1.3674e-008	1.6816e-008	1.9646e-008	2.2448e-008	2.7305e-008	3.21e-008	3.816e-008	4.3967e-008	4.927e-008	5.6498e-008	6.2161e-008	6.9877e-008	7.4747e-008	7.908e-008	8.1712e-008	8.4715e-008	8.7306e-008	8.9897e-008	9.2096e-008	9.3808e-008	9.3628e-008	9.2806e-008	9.2194e-008	9.0832e-008	9.0006e-008	8.9545e-008	8.8711e-008	8.6821e-008	8.5118e-008	8.2455e-008	7.9885e-008	7.76e-008	7.6215e-008	7.4011e-008	7.2277e-008	7.0598e-008	6.8865e-008	6.681e-008	6.5568e-008	6.4001e-008	6.1762e-008	6.0301e-008	5.6121e-008	5.332e-008	5.0065e-008	4.7383e-008	4.5918e-008	4.4965e-008	4.2705e-008	3.9581e-008	3.8252e-008	3.4887e-008	3.2187e-008	3.0068e-008	2.7695e-008	2.5297e-008	2.2911e-008	2.074e-008	1.7896e-008	1.6116e-008	1.3874e-008	1.1918e-008	9.6266e-009	7.6462e-009	5.6943e-009	4.8374e-009	3.449e-009	3.0982e-009	3.0244e-009	2.4882e-009	2.3004e-009	2.0357e-009	1.8419e-009	2.0409e-009	1.9371e-009	1.9585e-009	2.1457e-009	1.929e-009	2.4531e-009	2.8662e-009	2.5962e-009	2.8608e-009	2.3336e-009	2.2803e-009	3.5748e-009	5.025e-009	6.7908e-009	8.6719e-009	1.2448e-008	1.6012e-008	2.3503e-008	3.2249e-008	3.6728e-008	4.5114e-008	5.228e-008	5.8057e-008	6.2923e-008	7.1052e-008	7.598e-008	7.9627e-008	8.1922e-008	8.3771e-008	8.6367e-008	8.8647e-008	9.1587e-008	9.1896e-008	9.1585e-008	9.1387e-008	9.1415e-008	9.0329e-008	8.9865e-008	8.9178e-008	8.6853e-008	8.5158e-008	8.2502e-008	8.0982e-008	7.9739e-008	7.8037e-008	7.7071e-008	7.4489e-008	7.2221e-008	7.012e-008	6.7389e-008	6.5644e-008	6.4199e-008	6.248e-008	6.073e-008	5.7794e-008	5.5294e-008	5.3128e-008	5.1482e-008	4.9986e-008	4.802e-008	4.6118e-008	4.423e-008	4.2173e-008	4.056e-008	3.8851e-008	3.5426e-008	3.2073e-008	3.0785e-008	2.9385e-008	2.7073e-008	2.5386e-008	2.3472e-008	2.1149e-008	1.9746e-008	1.8463e-008	1.708e-008	1.4995e-008	1.3347e-008	1.1299e-008	9.3489e-009	7.7466e-009	6.1076e-009	4.9299e-009	4.3127e-009	3.8553e-009	3.5206e-009	3.1682e-009	3.1258e-009	3.3276e-009	3.1828e-009	3.2209e-009	2.9102e-009	3.2378e-009	3.611e-009	4.0981e-009	4.4206e-009	6.135e-009	8.4743e-009	1.1632e-008	1.453e-008	1.876e-008	2.3527e-008	2.9138e-008	3.6081e-008	4.423e-008	5.0135e-008	5.6172e-008	6.3471e-008	7.2009e-008	7.6906e-008	8.1609e-008	8.5153e-008	8.9225e-008	9.1134e-008	9.1987e-008	9.3672e-008	9.4925e-008	9.462e-008	9.4208e-008	9.3977e-008	9.3086e-008	9.1783e-008	9.0498e-008	9.0143e-008	8.8699e-008	8.7049e-008	8.5365e-008	8.3146e-008	8.0626e-008	7.9462e-008	7.8491e-008	7.6969e-008	7.542e-008	7.3882e-008	7.3369e-008	7.164e-008	6.868e-008	6.5032e-008	6.2526e-008	6.1135e-008	5.9043e-008	5.6231e-008	5.3549e-008	5.2406e-008	5.0912e-008	4.8466e-008	4.4975e-008	4.2558e-008	4.0495e-008	3.7998e-008	3.5116e-008	3.3191e-008	3.1163e-008	2.9115e-008	2.6962e-008	2.4138e-008	2.1848e-008	1.9603e-008	1.606e-008	1.3569e-008	1.1309e-008	8.7346e-009	6.4735e-009	4.2462e-009	3.5151e-009	3.1866e-009	2.3612e-009	2.44e-009	2.6873e-009	2.4382e-009	2.257e-009	2.3661e-009	2.4639e-009	2.5551e-009	2.298e-009	2.0849e-009	2.6303e-009	3.0753e-009	3.334e-009	4.2127e-009	5.5835e-009	7.7891e-009	1.0444e-008	1.4194e-008	1.9211e-008	2.3585e-008	2.9366e-008	3.5791e-008	4.1689e-008	4.6659e-008	5.3697e-008	5.8008e-008	6.5253e-008	6.7503e-008	7.1363e-008	7.469e-008	7.899e-008	8.2226e-008	8.4919e-008	8.6962e-008	9.1653e-008	9.3184e-008	9.4557e-008	9.4243e-008	9.3797e-008	9.3903e-008	9.4514e-008	9.3521e-008	9.1775e-008	9.0274e-008	8.8655e-008	8.7388e-008	8.6487e-008	8.5564e-008	8.4332e-008	8.1008e-008	7.7615e-008	7.603e-008	7.3276e-008	7.1276e-008	6.8714e-008	6.6365e-008	6.4559e-008	6.3388e-008	5.8274e-008	5.6267e-008	5.3905e-008	5.1225e-008	4.9481e-008	4.7712e-008	4.5009e-008	4.2579e-008	3.9987e-008	3.7299e-008	3.4587e-008	3.1597e-008	2.9444e-008	2.7789e-008	2.4506e-008	2.278e-008	2.042e-008	1.765e-008	1.6033e-008	1.3308e-008	1.1467e-008	9.8931e-009	7.6606e-009	6.3698e-009	4.9747e-009	4.0683e-009	3.5515e-009	3.529e-009	3.6825e-009	3.3872e-009	2.7707e-009	2.9723e-009
2.3027e-009	2.7737e-009	2.5887e-009	2.2605e-009	2.2171e-009	2.1501e-009	2.4854e-009	2.6234e-009	2.4041e-009	2.9221e-009	3.9663e-009	4.085e-009	5.1242e-009	6.7681e-009	8.9517e-009	1.2213e-008	1.6475e-008	2.0648e-008	2.5574e-008	3.2049e-008	3.7212e-008	4.5289e-008	5.1129e-008	5.7083e-008	6.3513e-008	6.7915e-008	7.135e-008	7.5006e-008	7.9389e-008	8.446e-008	8.7933e-008	8.9391e-008	9.0587e-008	9.1717e-008	9.262e-008	9.3638e-008	9.3888e-008	9.3443e-008	9.3894e-008	9.3643e-008	9.2865e-008	9.0342e-008	8.8116e-008	8.68e-008	8.5076e-008	8.2336e-008	7.8998e-008	7.7466e-008	7.6506e-008	7.6264e-008	7.4764e-008	7.1754e-008	6.894e-008	6.7638e-008	6.5805e-008	6.182e-008	6.0314e-008	5.7798e-008	5.5677e-008	5.3572e-008	5.0615e-008	4.7845e-008	4.4773e-008	4.3786e-008	4.2002e-008	3.848e-008	3.7631e-008	3.4108e-008	3.1466e-008	2.9953e-008	2.7857e-008	2.5541e-008	2.3152e-008	2.079e-008	1.9454e-008	1.742e-008	1.4401e-008	1.2603e-008	1.084e-008	9.3384e-009	7.6404e-009	6.7571e-009	5.5708e-009	5.0937e-009	4.8117e-009	4.2243e-009	4.3583e-009	4.9482e-009	4.3916e-009	4.1433e-009	4.5068e-009	5.1848e-009	5.3452e-009	5.3019e-009	5.5714e-009	6.5565e-009	8.1e-009	9.9591e-009	1.2713e-008	1.5142e-008	1.8301e-008	2.2934e-008	2.7636e-008	3.2192e-008	3.8956e-008	4.3973e-008	5.1118e-008	5.7188e-008	6.1966e-008	6.5797e-008	7.2166e-008	7.6463e-008	8.0743e-008	8.4337e-008	8.7469e-008	8.9956e-008	9.2301e-008	9.3641e-008	9.5184e-008	9.5959e-008	9.6159e-008	9.6544e-008	9.5352e-008	9.3805e-008	9.2617e-008	9.2138e-008	8.8978e-008	8.7349e-008	8.5185e-008	8.2794e-008	8.009e-008	7.8086e-008	7.5924e-008	7.4554e-008	7.3443e-008	7.2057e-008	7.039e-008	6.6607e-008	6.3955e-008	6.2109e-008	6.0591e-008	5.9758e-008	5.927e-008	5.6525e-008	5.418e-008	5.1428e-008	4.8599e-008	4.626e-008	4.2758e-008	4.0923e-008	3.919e-008	3.7518e-008	3.4727e-008	3.1953e-008	3.0092e-008	2.6911e-008	2.4524e-008	2.311e-008	2.1236e-008	1.8747e-008	1.6779e-008	1.5613e-008	1.3409e-008	1.1435e-008	9.4813e-009	7.1515e-009	5.823e-009	4.8349e-009	4.0254e-009	3.573e-009	3.3509e-009	3.3109e-009	2.9282e-009	3.2392e-009	3.9664e-009	3.8134e-009	3.8979e-009	4.5242e-009	4.3484e-009	5.3201e-009	6.5261e-009	8.6675e-009	1.0632e-008	1.3615e-008	1.6739e-008	1.8812e-008	2.3417e-008	2.7804e-008	3.3475e-008	3.8358e-008	4.3868e-008	4.9026e-008	5.6074e-008	6.1166e-008	6.8371e-008	7.3502e-008	7.711e-008	7.9631e-008	8.338e-008	8.5877e-008	8.8661e-008	9.1288e-008	9.2135e-008	9.2745e-008	9.2223e-008	9.2062e-008	9.0658e-008	8.9979e-008	8.9499e-008	8.82e-008	8.6948e-008	8.5039e-008	8.2109e-008	7.9483e-008	7.724e-008	7.6097e-008	7.4103e-008	7.2195e-008	7.0168e-008	6.8719e-008	6.741e-008	6.5563e-008	6.3757e-008	6.1411e-008	6.013e-008	5.6101e-008	5.2716e-008	4.9597e-008	4.7658e-008	4.5259e-008	4.459e-008	4.3023e-008	3.9556e-008	3.7414e-008	3.4009e-008	3.1939e-008	2.981e-008	2.7768e-008	2.5688e-008	2.2444e-008	2.0348e-008	1.8224e-008	1.6257e-008	1.3897e-008	1.2324e-008	1.0181e-008	7.9579e-009	6.078e-009	4.7669e-009	3.5748e-009	2.8083e-009	2.9442e-009	2.2795e-009	2.4503e-009	2.7021e-009	1.959e-009	1.7654e-009	1.4387e-009	1.4488e-009	1.7227e-009	1.7606e-009	2.0337e-009	2.4282e-009	2.7558e-009	2.8405e-009	2.7693e-009	2.9796e-009	3.7442e-009	4.5602e-009	5.8996e-009	8.4743e-009	1.1611e-008	1.6699e-008	2.3639e-008	3.0544e-008	3.8512e-008	4.5181e-008	5.1808e-008	5.7101e-008	6.2324e-008	7.0532e-008	7.6199e-008	7.9512e-008	8.2365e-008	8.3796e-008	8.6501e-008	8.8108e-008	8.9421e-008	9.0136e-008	9.0849e-008	9.134e-008	9.1295e-008	9.0654e-008	8.8696e-008	8.7295e-008	8.6132e-008	8.4577e-008	8.2399e-008	8.0699e-008	7.9086e-008	7.829e-008	7.6691e-008	7.4254e-008	7.2057e-008	6.9718e-008	6.7103e-008	6.5158e-008	6.337e-008	6.2542e-008	6.0516e-008	5.7703e-008	5.5458e-008	5.3409e-008	5.1403e-008	5.0325e-008	4.7773e-008	4.626e-008	4.3925e-008	4.1997e-008	4.0621e-008	3.8492e-008	3.4819e-008	3.2656e-008	3.1114e-008	2.9488e-008	2.7315e-008	2.5498e-008	2.3084e-008	2.1286e-008	2.0189e-008	1.8432e-008	1.7641e-008	1.5321e-008	1.2895e-008	1.0668e-008	8.967e-009	7.5909e-009	6.134e-009	4.7763e-009	4.049e-009	3.848e-009	4.0389e-009	3.3977e-009	3.1458e-009	3.1921e-009	3.0506e-009	3.3526e-009	2.882e-009	3.2593e-009	3.2185e-009	3.3829e-009	4.2906e-009	5.9349e-009	8.0905e-009	1.122e-008	1.431e-008	1.8301e-008	2.2921e-008	2.8777e-008	3.5685e-008	4.3154e-008	5.0381e-008	5.7783e-008	6.3587e-008	7.1129e-008	7.5864e-008	8.0976e-008	8.5674e-008	8.8947e-008	9.1501e-008	9.2434e-008	9.3013e-008	9.4056e-008	9.3683e-008	9.3841e-008	9.3907e-008	9.3709e-008	9.2446e-008	9.1146e-008	8.9934e-008	8.8783e-008	8.6187e-008	8.5441e-008	8.3109e-008	8.0567e-008	7.8978e-008	7.7936e-008	7.6784e-008	7.5034e-008	7.4376e-008	7.2989e-008	7.0979e-008	6.82e-008	6.4663e-008	6.2544e-008	6.0003e-008	5.8803e-008	5.5247e-008	5.328e-008	5.1686e-008	5.0486e-008	4.8494e-008	4.5213e-008	4.2938e-008	4.0943e-008	3.8821e-008	3.6887e-008	3.3541e-008	3.1439e-008	2.9164e-008	2.643e-008	2.4023e-008	2.1635e-008	1.916e-008	1.6605e-008	1.4294e-008	1.2305e-008	8.261e-009	6.2819e-009	4.7374e-009	3.8313e-009	3.3299e-009	2.458e-009	2.1088e-009	2.7233e-009	2.744e-009	2.2196e-009	2.223e-009	1.952e-009	2.1527e-009	2.0513e-009	2.1369e-009	2.5554e-009	2.9926e-009	3.5156e-009	3.8765e-009	5.4764e-009	7.5192e-009	9.7055e-009	1.4042e-008	1.758e-008	2.3558e-008	2.9638e-008	3.6131e-008	4.15e-008	4.5893e-008	5.293e-008	5.9183e-008	6.4123e-008	6.7588e-008	7.1635e-008	7.607e-008	8.0752e-008	8.3823e-008	8.5183e-008	8.7331e-008	8.9603e-008	9.1632e-008	9.3253e-008	9.34e-008	9.3623e-008	9.4496e-008	9.4915e-008	9.4079e-008	9.2461e-008	9.0607e-008	8.8403e-008	8.7427e-008	8.6055e-008	8.5021e-008	8.3109e-008	8.0422e-008	7.8084e-008	7.5847e-008	7.333e-008	7.1392e-008	6.84e-008	6.6574e-008	6.4857e-008	6.328e-008	5.926e-008	5.6197e-008	5.4071e-008	5.1586e-008	4.9811e-008	4.7202e-008	4.4621e-008	4.262e-008	4.0527e-008	3.7841e-008	3.5029e-008	3.2621e-008	3.0352e-008	2.8269e-008	2.4083e-008	2.2282e-008	2.0813e-008	1.7911e-008	1.5496e-008	1.343e-008	1.137e-008	9.5187e-009	7.8187e-009	6.368e-009	4.9424e-009	3.9796e-009	3.1938e-009	3.5526e-009	3.5483e-009	2.9461e-009	2.5607e-009	2.9307e-009
2.7451e-009	3.1093e-009	3.0023e-009	2.7313e-009	2.6554e-009	2.3443e-009	2.3861e-009	2.8763e-009	2.7738e-009	3.144e-009	4.0426e-009	4.0988e-009	5.2549e-009	6.9718e-009	9.1736e-009	1.2343e-008	1.6328e-008	2.0951e-008	2.4797e-008	3.2009e-008	3.7809e-008	4.5505e-008	5.0721e-008	5.6646e-008	6.4173e-008	6.9711e-008	7.2232e-008	7.5088e-008	8.0095e-008	8.3518e-008	8.7996e-008	9.0569e-008	9.0904e-008	9.1321e-008	9.2452e-008	9.3171e-008	9.4171e-008	9.4227e-008	9.4376e-008	9.425e-008	9.2814e-008	9.0038e-008	8.7955e-008	8.6565e-008	8.5257e-008	8.2492e-008	7.8707e-008	7.7426e-008	7.674e-008	7.6431e-008	7.4711e-008	7.1639e-008	6.9206e-008	6.7253e-008	6.398e-008	6.1902e-008	6.0417e-008	5.8725e-008	5.4977e-008	5.3375e-008	5.1574e-008	4.9095e-008	4.6708e-008	4.4673e-008	4.2911e-008	3.8838e-008	3.7405e-008	3.4842e-008	3.1865e-008	3.0076e-008	2.8781e-008	2.6302e-008	2.4157e-008	2.1689e-008	1.9326e-008	1.7451e-008	1.5374e-008	1.3149e-008	1.0981e-008	9.6522e-009	8.2162e-009	6.9622e-009	5.8931e-009	5.5131e-009	4.7662e-009	4.438e-009	4.5045e-009	4.6176e-009	4.6843e-009	5.0868e-009	5.0574e-009	5.1028e-009	5.2839e-009	5.2685e-009	5.6621e-009	7.3376e-009	8.691e-009	1.0124e-008	1.2725e-008	1.5014e-008	1.8859e-008	2.32e-008	2.7909e-008	3.3814e-008	3.9668e-008	4.5858e-008	5.4205e-008	5.9696e-008	6.3418e-008	6.641e-008	7.2478e-008	7.7676e-008	8.2134e-008	8.5737e-008	8.8138e-008	9.1541e-008	9.2889e-008	9.383e-008	9.5171e-008	9.6178e-008	9.671e-008	9.6979e-008	9.6039e-008	9.4025e-008	9.2809e-008	9.2381e-008	8.9767e-008	8.7778e-008	8.5648e-008	8.3775e-008	8.03e-008	7.8603e-008	7.6441e-008	7.4504e-008	7.4168e-008	7.2783e-008	7.0527e-008	6.7284e-008	6.5236e-008	6.3379e-008	6.0273e-008	6.0096e-008	5.9593e-008	5.6532e-008	5.3459e-008	5.0326e-008	4.8019e-008	4.5166e-008	4.3073e-008	4.0888e-008	3.9839e-008	3.8298e-008	3.5221e-008	3.2029e-008	3.0163e-008	2.6875e-008	2.4791e-008	2.2995e-008	2.1649e-008	1.9475e-008	1.6403e-008	1.5348e-008	1.3374e-008	1.1384e-008	9.4532e-009	7.1481e-009	6.1089e-009	5.2131e-009	4.2732e-009	4.1066e-009	3.4223e-009	2.8905e-009	2.4781e-009	2.7234e-009	3.8191e-009	4.1194e-009	4.1893e-009	4.273e-009	4.4755e-009	5.0842e-009	6.6867e-009	8.7217e-009	1.0559e-008	1.3771e-008	1.644e-008	1.9101e-008	2.3344e-008	2.8381e-008	3.3966e-008	3.854e-008	4.4646e-008	4.9884e-008	5.672e-008	6.2865e-008	6.8197e-008	7.3008e-008	7.6913e-008	7.9467e-008	8.2736e-008	8.5579e-008	8.8738e-008	9.0102e-008	9.1142e-008	9.1504e-008	9.1456e-008	9.1309e-008	9.0468e-008	8.9965e-008	8.9187e-008	8.7901e-008	8.6691e-008	8.4793e-008	8.2215e-008	8.0151e-008	7.8322e-008	7.6665e-008	7.4676e-008	7.2681e-008	7.0594e-008	6.9191e-008	6.7844e-008	6.623e-008	6.3508e-008	6.0667e-008	5.9787e-008	5.6641e-008	5.3451e-008	5.0715e-008	4.8553e-008	4.5917e-008	4.4934e-008	4.2629e-008	3.9524e-008	3.7689e-008	3.4792e-008	3.2756e-008	3.0204e-008	2.823e-008	2.5786e-008	2.1655e-008	2.0361e-008	1.8623e-008	1.6945e-008	1.4379e-008	1.2432e-008	1.0808e-008	8.2599e-009	6.0634e-009	5.156e-009	3.878e-009	3.6177e-009	2.9508e-009	2.5452e-009	2.9719e-009	2.9792e-009	2.3947e-009	2.2204e-009	2.0519e-009	2.6394e-009	2.0461e-009	2.234e-009	2.7205e-009	2.8743e-009	3.063e-009	3.1453e-009	3.128e-009	3.3212e-009	3.948e-009	4.5163e-009	5.948e-009	8.2169e-009	1.1862e-008	1.7333e-008	2.2413e-008	2.9668e-008	3.8864e-008	4.6046e-008	5.1412e-008	5.6699e-008	6.304e-008	7.091e-008	7.5403e-008	7.942e-008	8.259e-008	8.4428e-008	8.6799e-008	8.7437e-008	8.8762e-008	8.9503e-008	9.0045e-008	9.1281e-008	9.038e-008	8.9985e-008	8.8003e-008	8.6467e-008	8.4881e-008	8.368e-008	8.2296e-008	8.0119e-008	7.8886e-008	7.8207e-008	7.6094e-008	7.4079e-008	7.1932e-008	7.0048e-008	6.6849e-008	6.4546e-008	6.2937e-008	6.217e-008	5.9724e-008	5.7766e-008	5.5688e-008	5.4307e-008	5.2088e-008	5.0441e-008	4.8123e-008	4.6279e-008	4.4492e-008	4.1656e-008	3.9892e-008	3.7281e-008	3.4485e-008	3.3254e-008	3.1964e-008	2.9579e-008	2.7619e-008	2.586e-008	2.3759e-008	2.1727e-008	1.9916e-008	1.8699e-008	1.7428e-008	1.5109e-008	1.3134e-008	1.0994e-008	9.345e-009	7.5869e-009	6.2405e-009	5.006e-009	4.1418e-009	3.8028e-009	3.9136e-009	3.4892e-009	3.1616e-009	3.1648e-009	3.5349e-009	3.2636e-009	2.8819e-009	3.1946e-009	3.4e-009	3.6088e-009	4.7236e-009	6.45e-009	8.6127e-009	1.0998e-008	1.3805e-008	1.8493e-008	2.4175e-008	2.8667e-008	3.575e-008	4.3726e-008	5.0304e-008	5.8698e-008	6.3985e-008	7.2691e-008	7.7885e-008	8.1488e-008	8.4927e-008	8.872e-008	9.1527e-008	9.2587e-008	9.3211e-008	9.357e-008	9.3726e-008	9.4144e-008	9.4377e-008	9.3666e-008	9.3051e-008	9.1915e-008	9.0671e-008	8.8469e-008	8.6385e-008	8.5159e-008	8.2805e-008	8.0967e-008	7.9038e-008	7.7766e-008	7.6354e-008	7.522e-008	7.5001e-008	7.3329e-008	7.1027e-008	6.816e-008	6.5222e-008	6.286e-008	5.987e-008	5.7881e-008	5.5172e-008	5.3043e-008	5.1409e-008	4.9866e-008	4.7977e-008	4.5367e-008	4.3717e-008	4.1515e-008	3.918e-008	3.6799e-008	3.4347e-008	3.1282e-008	2.8582e-008	2.6193e-008	2.3452e-008	2.1667e-008	1.942e-008	1.6457e-008	1.413e-008	1.1725e-008	8.4321e-009	6.4177e-009	5.0006e-009	3.6695e-009	3.2149e-009	2.8783e-009	2.4343e-009	2.9336e-009	2.5758e-009	2.4109e-009	2.8168e-009	2.4394e-009	2.5131e-009	2.3898e-009	2.2536e-009	2.1794e-009	3.0557e-009	3.2708e-009	4.0661e-009	5.064e-009	7.9415e-009	9.9975e-009	1.2613e-008	1.6246e-008	2.1806e-008	2.9147e-008	3.6033e-008	4.1837e-008	4.6782e-008	5.2264e-008	5.7533e-008	6.4247e-008	6.8638e-008	7.2611e-008	7.8104e-008	8.3194e-008	8.5329e-008	8.6431e-008	8.791e-008	8.9835e-008	9.138e-008	9.1979e-008	9.3556e-008	9.3987e-008	9.4251e-008	9.4462e-008	9.4001e-008	9.2352e-008	9.0351e-008	8.8753e-008	8.702e-008	8.5456e-008	8.3456e-008	8.1253e-008	7.9761e-008	7.8207e-008	7.6121e-008	7.3437e-008	7.1931e-008	6.8233e-008	6.5818e-008	6.4081e-008	6.2081e-008	5.891e-008	5.6046e-008	5.3862e-008	5.129e-008	4.9946e-008	4.8706e-008	4.617e-008	4.2877e-008	4.0166e-008	3.8307e-008	3.5343e-008	3.2823e-008	3.0408e-008	2.7574e-008	2.3884e-008	2.2268e-008	2.0476e-008	1.741e-008	1.5092e-008	1.3712e-008	1.165e-008	9.2129e-009	7.0005e-009	5.7821e-009	4.6612e-009	4.1327e-009	3.5233e-009	3.6876e-009	3.6245e-009	3.1944e-009	2.9323e-009	3.266e-009
2.1972e-009	2.903e-009	2.7498e-009	2.7651e-009	2.6098e-009	2.0425e-009	2.38e-009	2.5275e-009	2.9284e-009	3.0558e-009	3.737e-009	4.2735e-009	5.4331e-009	7.5906e-009	1.0089e-008	1.2567e-008	1.6573e-008	2.0586e-008	2.5695e-008	3.1159e-008	3.6747e-008	4.4405e-008	4.9984e-008	5.5692e-008	6.1658e-008	6.8604e-008	7.2236e-008	7.509e-008	7.9063e-008	8.3187e-008	8.7551e-008	9.0013e-008	9.1121e-008	9.1478e-008	9.2559e-008	9.2963e-008	9.4201e-008	9.5019e-008	9.4856e-008	9.4247e-008	9.2086e-008	8.9639e-008	8.8489e-008	8.6502e-008	8.452e-008	8.163e-008	7.882e-008	7.6724e-008	7.6465e-008	7.5936e-008	7.3537e-008	7.0729e-008	6.8588e-008	6.6468e-008	6.3685e-008	6.2241e-008	6.0353e-008	5.8699e-008	5.5984e-008	5.3574e-008	5.1696e-008	4.8903e-008	4.7251e-008	4.4661e-008	4.217e-008	3.8936e-008	3.6901e-008	3.5258e-008	3.2295e-008	2.9712e-008	2.8196e-008	2.5893e-008	2.3604e-008	2.1307e-008	1.8582e-008	1.697e-008	1.5066e-008	1.3175e-008	1.0923e-008	9.7204e-009	8.2073e-009	6.5357e-009	5.876e-009	5.024e-009	4.871e-009	4.5902e-009	4.2886e-009	4.3127e-009	4.5011e-009	4.7275e-009	4.8292e-009	4.9398e-009	5.0279e-009	5.1806e-009	5.7765e-009	6.742e-009	8.0868e-009	1.0403e-008	1.2521e-008	1.4415e-008	1.8462e-008	2.307e-008	2.8025e-008	3.4685e-008	3.9694e-008	4.7064e-008	5.5681e-008	6.1615e-008	6.4895e-008	6.8637e-008	7.4552e-008	7.9528e-008	8.3497e-008	8.6495e-008	8.9555e-008	9.2494e-008	9.3467e-008	9.4895e-008	9.5269e-008	9.5779e-008	9.7152e-008	9.6934e-008	9.6346e-008	9.4664e-008	9.3421e-008	9.2796e-008	9.0105e-008	8.7047e-008	8.5626e-008	8.4067e-008	8.1672e-008	7.8862e-008	7.6629e-008	7.5297e-008	7.456e-008	7.3169e-008	7.0537e-008	6.8637e-008	6.5463e-008	6.4274e-008	6.1843e-008	6.0569e-008	5.9156e-008	5.5629e-008	5.1997e-008	4.9824e-008	4.7291e-008	4.4586e-008	4.2799e-008	4.1076e-008	3.9565e-008	3.7196e-008	3.4107e-008	3.1794e-008	2.974e-008	2.7908e-008	2.5703e-008	2.3809e-008	2.1355e-008	1.9274e-008	1.7235e-008	1.4299e-008	1.2536e-008	1.0974e-008	9.6877e-009	7.7046e-009	6.056e-009	4.6964e-009	4.0158e-009	4.2182e-009	3.9723e-009	3.3262e-009	3.4309e-009	3.2436e-009	3.3513e-009	3.7059e-009	3.8886e-009	4.048e-009	4.3484e-009	5.6535e-009	7.4736e-009	8.8358e-009	1.1071e-008	1.4814e-008	1.7143e-008	1.98e-008	2.5019e-008	3.0044e-008	3.4685e-008	3.8611e-008	4.3674e-008	5.094e-008	5.7296e-008	6.4786e-008	7.0442e-008	7.3991e-008	7.7288e-008	7.9782e-008	8.2999e-008	8.6603e-008	8.9663e-008	9.0223e-008	9.0659e-008	9.0696e-008	9.0462e-008	9.0105e-008	8.9572e-008	8.8824e-008	8.8126e-008	8.6931e-008	8.6127e-008	8.4651e-008	8.2637e-008	8.1557e-008	7.9888e-008	7.7711e-008	7.5765e-008	7.3114e-008	7.0924e-008	6.9695e-008	6.8387e-008	6.5827e-008	6.3223e-008	6.0827e-008	5.843e-008	5.6234e-008	5.4278e-008	5.185e-008	4.8447e-008	4.7166e-008	4.463e-008	4.226e-008	3.9081e-008	3.7821e-008	3.4785e-008	3.2544e-008	2.9955e-008	2.8445e-008	2.6628e-008	2.3489e-008	2.0295e-008	1.9006e-008	1.7031e-008	1.4341e-008	1.2819e-008	1.0635e-008	8.6069e-009	6.4477e-009	4.7982e-009	3.6546e-009	3.5566e-009	3.4779e-009	2.7411e-009	2.7149e-009	2.4347e-009	2.3047e-009	2.1719e-009	2.3662e-009	2.8886e-009	2.3069e-009	2.4672e-009	2.9574e-009	2.8513e-009	3.1018e-009	3.0371e-009	3.2316e-009	3.3419e-009	3.732e-009	4.4806e-009	5.8486e-009	8.5189e-009	1.2547e-008	1.8126e-008	2.3988e-008	2.9961e-008	3.9628e-008	4.7274e-008	5.2577e-008	5.8514e-008	6.2833e-008	6.7099e-008	7.4352e-008	7.8046e-008	8.1879e-008	8.4319e-008	8.606e-008	8.7194e-008	8.8432e-008	8.8933e-008	8.9374e-008	8.9844e-008	8.9602e-008	8.856e-008	8.7497e-008	8.6243e-008	8.4885e-008	8.3549e-008	8.2242e-008	8.0303e-008	7.8575e-008	7.739e-008	7.5666e-008	7.3784e-008	7.152e-008	6.889e-008	6.6704e-008	6.4861e-008	6.3325e-008	6.1377e-008	5.9265e-008	5.7873e-008	5.5627e-008	5.4061e-008	5.2053e-008	4.9896e-008	4.7583e-008	4.6236e-008	4.457e-008	4.1953e-008	3.936e-008	3.764e-008	3.5262e-008	3.3541e-008	3.136e-008	2.8877e-008	2.7592e-008	2.6105e-008	2.3681e-008	2.19e-008	2.0114e-008	1.8258e-008	1.6749e-008	1.4673e-008	1.3059e-008	1.1155e-008	9.4644e-009	7.6866e-009	6.3232e-009	4.9414e-009	4.1087e-009	3.6246e-009	3.2984e-009	2.9877e-009	3.2462e-009	2.7302e-009	3.0392e-009	3.0338e-009	2.8091e-009	3.2897e-009	3.2515e-009	3.3266e-009	4.3244e-009	5.974e-009	7.4778e-009	1.0368e-008	1.339e-008	1.8052e-008	2.4614e-008	2.917e-008	3.5203e-008	4.3313e-008	5.091e-008	5.8377e-008	6.5084e-008	7.3035e-008	7.91e-008	8.1199e-008	8.4799e-008	8.8835e-008	9.109e-008	9.2127e-008	9.3387e-008	9.4208e-008	9.4776e-008	9.5215e-008	9.5091e-008	9.4938e-008	9.4001e-008	9.2781e-008	9.1101e-008	8.9786e-008	8.7183e-008	8.5178e-008	8.3033e-008	8.1964e-008	7.9367e-008	7.7281e-008	7.5696e-008	7.4894e-008	7.421e-008	7.266e-008	7.0474e-008	6.7939e-008	6.5188e-008	6.2453e-008	6.0126e-008	5.7645e-008	5.5673e-008	5.2306e-008	5.0549e-008	4.9181e-008	4.702e-008	4.5255e-008	4.3574e-008	4.1288e-008	3.9139e-008	3.6823e-008	3.3915e-008	3.1369e-008	2.8786e-008	2.6126e-008	2.3908e-008	2.1574e-008	1.975e-008	1.7048e-008	1.4124e-008	1.138e-008	9.0871e-009	6.6225e-009	5.0255e-009	3.501e-009	3.0165e-009	2.7313e-009	2.4731e-009	2.4508e-009	2.0681e-009	2.3598e-009	2.6477e-009	2.1235e-009	1.7947e-009	2.0205e-009	2.3797e-009	2.549e-009	3.0609e-009	3.5153e-009	3.9741e-009	4.9227e-009	6.8382e-009	9.7547e-009	1.2674e-008	1.6798e-008	2.2227e-008	2.7945e-008	3.3419e-008	4.1168e-008	4.7619e-008	5.2674e-008	5.8837e-008	6.4532e-008	7.0121e-008	7.4511e-008	7.9384e-008	8.3292e-008	8.5654e-008	8.7248e-008	8.9255e-008	9.0863e-008	9.1564e-008	9.224e-008	9.3871e-008	9.4016e-008	9.4019e-008	9.4061e-008	9.3786e-008	9.2235e-008	9.0213e-008	8.9011e-008	8.6829e-008	8.5761e-008	8.2577e-008	8.0473e-008	7.954e-008	7.8744e-008	7.6093e-008	7.3505e-008	7.1823e-008	6.9309e-008	6.4596e-008	6.2246e-008	6.0319e-008	5.7911e-008	5.6559e-008	5.464e-008	5.1737e-008	5.0938e-008	4.9055e-008	4.6106e-008	4.2682e-008	4.08e-008	3.8391e-008	3.5454e-008	3.2664e-008	2.9053e-008	2.6204e-008	2.4052e-008	2.3315e-008	1.99e-008	1.6943e-008	1.5022e-008	1.313e-008	1.1462e-008	8.6825e-009	6.9308e-009	5.1626e-009	4.3997e-009	3.7224e-009	3.3095e-009	3.2444e-009	3.7474e-009	3.5357e-009	3.3317e-009	3.2227e-009
2.4989e-009	2.8334e-009	2.303e-009	2.2482e-009	2.6544e-009	1.9899e-009	2.1678e-009	2.4852e-009	3.1183e-009	3.5124e-009	3.6531e-009	4.1749e-009	5.5784e-009	7.9582e-009	1.0048e-008	1.2732e-008	1.658e-008	2.0892e-008	2.5745e-008	3.153e-008	3.7337e-008	4.3405e-008	4.9338e-008	5.6618e-008	6.2603e-008	6.724e-008	7.199e-008	7.5483e-008	7.8952e-008	8.3068e-008	8.6088e-008	8.9657e-008	9.044e-008	9.136e-008	9.1909e-008	9.2497e-008	9.3521e-008	9.4916e-008	9.4603e-008	9.3106e-008	9.0551e-008	8.876e-008	8.6809e-008	8.4911e-008	8.2468e-008	8.0466e-008	7.7877e-008	7.5993e-008	7.4934e-008	7.4479e-008	7.2705e-008	7.0072e-008	6.8351e-008	6.6092e-008	6.3539e-008	6.1931e-008	6.092e-008	5.766e-008	5.6141e-008	5.3874e-008	5.1814e-008	4.8717e-008	4.7693e-008	4.5752e-008	4.2593e-008	3.798e-008	3.6411e-008	3.4941e-008	3.2621e-008	3.0131e-008	2.793e-008	2.5039e-008	2.2631e-008	2.1044e-008	1.7879e-008	1.6704e-008	1.4863e-008	1.2318e-008	1.0756e-008	9.5019e-009	8.0053e-009	6.2963e-009	5.7741e-009	5.2148e-009	4.665e-009	4.3109e-009	4.1543e-009	4.2858e-009	4.4728e-009	4.7836e-009	4.9552e-009	5.2283e-009	5.491e-009	5.3582e-009	5.661e-009	6.6131e-009	8.2402e-009	1.059e-008	1.2842e-008	1.488e-008	1.8912e-008	2.2433e-008	2.7078e-008	3.4643e-008	4.0222e-008	4.7979e-008	5.5549e-008	6.2122e-008	6.5796e-008	6.9749e-008	7.6291e-008	8.2038e-008	8.4537e-008	8.6752e-008	9.0437e-008	9.2493e-008	9.4578e-008	9.5328e-008	9.5474e-008	9.6177e-008	9.7313e-008	9.6998e-008	9.6279e-008	9.4861e-008	9.3704e-008	9.268e-008	9.0248e-008	8.7768e-008	8.5515e-008	8.3547e-008	8.223e-008	8.0456e-008	7.8328e-008	7.616e-008	7.4889e-008	7.3062e-008	7.0388e-008	6.7046e-008	6.5591e-008	6.455e-008	6.2647e-008	5.9825e-008	5.8194e-008	5.5343e-008	5.1776e-008	5.0224e-008	4.7325e-008	4.5198e-008	4.3373e-008	4.1478e-008	3.9605e-008	3.6622e-008	3.379e-008	3.2211e-008	3.0235e-008	2.8019e-008	2.5953e-008	2.4275e-008	2.1094e-008	1.9024e-008	1.7344e-008	1.4073e-008	1.2243e-008	1.0882e-008	9.2133e-009	7.8102e-009	5.9804e-009	4.6509e-009	3.714e-009	3.8218e-009	3.67e-009	3.458e-009	3.6248e-009	4.0542e-009	3.714e-009	3.5814e-009	3.5143e-009	3.7287e-009	4.5406e-009	5.9543e-009	7.5449e-009	9.1079e-009	1.1538e-008	1.5518e-008	1.806e-008	2.1168e-008	2.5002e-008	3.114e-008	3.5043e-008	3.8441e-008	4.4151e-008	5.1369e-008	5.7757e-008	6.5525e-008	7.1192e-008	7.5038e-008	7.8701e-008	8.1604e-008	8.4119e-008	8.8064e-008	9.0432e-008	9.0557e-008	9.058e-008	9.0582e-008	9.0068e-008	8.9868e-008	8.9567e-008	8.8767e-008	8.8243e-008	8.7233e-008	8.6135e-008	8.4798e-008	8.2756e-008	8.1928e-008	8.0694e-008	7.8556e-008	7.6228e-008	7.3095e-008	7.0613e-008	6.926e-008	6.8416e-008	6.6395e-008	6.3315e-008	6.116e-008	5.8653e-008	5.6816e-008	5.4938e-008	5.2572e-008	4.9407e-008	4.777e-008	4.3846e-008	4.1392e-008	3.9617e-008	3.8493e-008	3.5094e-008	3.2479e-008	3.0581e-008	2.8734e-008	2.705e-008	2.362e-008	2.0085e-008	1.8593e-008	1.663e-008	1.4357e-008	1.2365e-008	1.0542e-008	8.413e-009	6.5886e-009	5.1692e-009	3.8769e-009	3.6985e-009	3.6829e-009	3.0785e-009	2.5025e-009	2.0878e-009	2.66e-009	2.3074e-009	2.6163e-009	2.7557e-009	2.1556e-009	2.0165e-009	2.5528e-009	2.7008e-009	3.4107e-009	3.7479e-009	4.0715e-009	4.2242e-009	4.1921e-009	4.6952e-009	5.9261e-009	8.1865e-009	1.2582e-008	1.8411e-008	2.4499e-008	3.0881e-008	4.0432e-008	4.8559e-008	5.3368e-008	5.9739e-008	6.3447e-008	6.8405e-008	7.3979e-008	7.8226e-008	8.1601e-008	8.381e-008	8.5408e-008	8.6836e-008	8.8129e-008	8.8955e-008	8.928e-008	8.9306e-008	8.8733e-008	8.7868e-008	8.7307e-008	8.5962e-008	8.4576e-008	8.3282e-008	8.2218e-008	8.0812e-008	7.8897e-008	7.749e-008	7.5537e-008	7.3268e-008	7.0695e-008	6.8576e-008	6.6224e-008	6.4455e-008	6.3079e-008	6.0809e-008	5.9328e-008	5.7603e-008	5.4781e-008	5.3253e-008	5.1329e-008	4.9163e-008	4.6667e-008	4.4768e-008	4.3776e-008	4.1652e-008	3.9794e-008	3.7592e-008	3.5118e-008	3.2999e-008	3.027e-008	2.8251e-008	2.738e-008	2.5876e-008	2.3485e-008	2.0919e-008	1.9068e-008	1.7248e-008	1.5917e-008	1.407e-008	1.2121e-008	1.0928e-008	9.7541e-009	7.3473e-009	6.0604e-009	4.8189e-009	4.0357e-009	3.4406e-009	2.9994e-009	2.787e-009	2.9906e-009	2.8146e-009	2.9024e-009	2.6665e-009	2.8582e-009	3.0018e-009	2.9083e-009	2.9586e-009	4.1011e-009	5.2374e-009	6.8042e-009	9.5929e-009	1.3861e-008	1.8693e-008	2.401e-008	2.9482e-008	3.5634e-008	4.2546e-008	5.0803e-008	5.7122e-008	6.5546e-008	7.4547e-008	7.8879e-008	8.1028e-008	8.4769e-008	8.8787e-008	9.1345e-008	9.2292e-008	9.3573e-008	9.4776e-008	9.5219e-008	9.5661e-008	9.516e-008	9.4973e-008	9.4658e-008	9.3058e-008	9.1018e-008	8.9398e-008	8.6704e-008	8.4733e-008	8.3263e-008	8.169e-008	7.9431e-008	7.6839e-008	7.5407e-008	7.4126e-008	7.3092e-008	7.188e-008	6.9981e-008	6.7676e-008	6.5141e-008	6.2394e-008	6.004e-008	5.7758e-008	5.5246e-008	5.2604e-008	5.0718e-008	4.8934e-008	4.7019e-008	4.5087e-008	4.3707e-008	4.1096e-008	3.8787e-008	3.5695e-008	3.2783e-008	3.115e-008	2.7818e-008	2.5702e-008	2.357e-008	2.1182e-008	1.8801e-008	1.6649e-008	1.384e-008	1.137e-008	8.9417e-009	6.6791e-009	4.9876e-009	3.3977e-009	3.2387e-009	3.051e-009	2.5494e-009	2.2806e-009	1.6719e-009	2.12e-009	2.0466e-009	1.6028e-009	2.1001e-009	2.3555e-009	2.4211e-009	2.9783e-009	2.8954e-009	3.3529e-009	3.587e-009	4.0953e-009	6.4667e-009	8.9434e-009	1.3036e-008	1.7577e-008	2.2788e-008	2.7322e-008	3.4633e-008	4.0357e-008	4.7404e-008	5.1972e-008	5.949e-008	6.5344e-008	7.1406e-008	7.6067e-008	8.0375e-008	8.2915e-008	8.5384e-008	8.7805e-008	8.9932e-008	9.1767e-008	9.2856e-008	9.2913e-008	9.3427e-008	9.3912e-008	9.4199e-008	9.3872e-008	9.3111e-008	9.1598e-008	8.9733e-008	8.8578e-008	8.7002e-008	8.5727e-008	8.2096e-008	7.8935e-008	7.8247e-008	7.7399e-008	7.46e-008	7.2714e-008	7.0903e-008	6.8362e-008	6.429e-008	6.1076e-008	5.9788e-008	5.7986e-008	5.6637e-008	5.4499e-008	5.2824e-008	5.1727e-008	4.9358e-008	4.6298e-008	4.3177e-008	4.0943e-008	3.8519e-008	3.5407e-008	3.2392e-008	2.8061e-008	2.5911e-008	2.4824e-008	2.2555e-008	1.9705e-008	1.7913e-008	1.5391e-008	1.2914e-008	1.2031e-008	8.3311e-009	5.9026e-009	4.9134e-009	4.6885e-009	3.6967e-009	3.5426e-009	3.2242e-009	3.6541e-009	3.3781e-009	3.5998e-009	3.1254e-009
2.6289e-009	2.5806e-009	2.2648e-009	2.151e-009	2.633e-009	2.3998e-009	2.1071e-009	2.1258e-009	3.1505e-009	3.53e-009	3.5668e-009	4.0173e-009	5.0759e-009	7.655e-009	1.0392e-008	1.1998e-008	1.5918e-008	2.0858e-008	2.509e-008	3.1447e-008	3.8943e-008	4.3292e-008	4.9123e-008	5.7161e-008	6.3159e-008	6.8543e-008	7.2257e-008	7.6225e-008	7.9357e-008	8.2677e-008	8.5753e-008	8.8281e-008	8.9683e-008	9.0251e-008	9.0625e-008	9.1563e-008	9.2949e-008	9.414e-008	9.3892e-008	9.2374e-008	9.0053e-008	8.8292e-008	8.7321e-008	8.4431e-008	8.2046e-008	8.0411e-008	7.8114e-008	7.653e-008	7.4596e-008	7.2617e-008	7.1366e-008	6.9619e-008	6.8238e-008	6.5781e-008	6.3398e-008	6.1838e-008	6.0407e-008	5.7377e-008	5.5406e-008	5.3297e-008	5.1358e-008	4.923e-008	4.7704e-008	4.4145e-008	4.1471e-008	3.7513e-008	3.6605e-008	3.4403e-008	3.2513e-008	3.0505e-008	2.8091e-008	2.4922e-008	2.3043e-008	2.1011e-008	1.8576e-008	1.6896e-008	1.4225e-008	1.2174e-008	1.0613e-008	9.0817e-009	7.6138e-009	6.0487e-009	5.5353e-009	5.6666e-009	4.8089e-009	4.308e-009	4.1846e-009	4.0325e-009	4.6449e-009	4.8221e-009	4.9943e-009	5.2634e-009	5.2238e-009	5.0039e-009	5.4217e-009	6.9907e-009	8.6606e-009	1.0795e-008	1.3311e-008	1.5866e-008	1.9257e-008	2.2508e-008	2.7676e-008	3.3009e-008	3.9186e-008	4.8321e-008	5.3099e-008	5.9564e-008	6.5585e-008	7.0722e-008	7.561e-008	8.2325e-008	8.438e-008	8.7415e-008	9.0423e-008	9.2849e-008	9.4297e-008	9.5538e-008	9.6567e-008	9.6431e-008	9.6593e-008	9.6689e-008	9.6123e-008	9.4722e-008	9.3987e-008	9.3132e-008	9.1544e-008	8.7929e-008	8.6495e-008	8.4757e-008	8.2376e-008	8.0729e-008	7.9297e-008	7.6232e-008	7.491e-008	7.2483e-008	7.0622e-008	6.7077e-008	6.5517e-008	6.4403e-008	6.2697e-008	5.9025e-008	5.693e-008	5.5442e-008	5.3445e-008	5.1436e-008	4.8021e-008	4.6387e-008	4.2447e-008	4.166e-008	3.958e-008	3.8071e-008	3.4916e-008	3.2456e-008	3.0196e-008	2.7568e-008	2.612e-008	2.4112e-008	2.2038e-008	1.8026e-008	1.7132e-008	1.5312e-008	1.2783e-008	1.1032e-008	9.398e-009	7.5394e-009	5.8017e-009	4.9573e-009	4.0221e-009	3.6718e-009	3.2084e-009	3.4136e-009	3.5063e-009	3.7031e-009	3.5299e-009	3.8257e-009	3.2701e-009	3.3253e-009	4.0457e-009	5.382e-009	7.4785e-009	9.5156e-009	1.1962e-008	1.5178e-008	1.8354e-008	2.1412e-008	2.5053e-008	2.9612e-008	3.4865e-008	3.85e-008	4.4355e-008	5.1657e-008	5.8888e-008	6.5508e-008	7.1588e-008	7.5695e-008	7.9312e-008	8.1778e-008	8.4302e-008	8.8147e-008	9.0841e-008	9.092e-008	9.0534e-008	9.0613e-008	9.0007e-008	9.0151e-008	9.0021e-008	8.9324e-008	8.8661e-008	8.7332e-008	8.6155e-008	8.4832e-008	8.2646e-008	8.137e-008	8.0294e-008	7.8751e-008	7.6633e-008	7.3073e-008	7.0181e-008	6.8738e-008	6.7526e-008	6.5509e-008	6.3323e-008	6.0138e-008	5.7765e-008	5.6238e-008	5.4465e-008	5.2712e-008	5.0179e-008	4.789e-008	4.5299e-008	4.1323e-008	3.94e-008	3.8304e-008	3.6051e-008	3.3377e-008	3.066e-008	2.9022e-008	2.5752e-008	2.3559e-008	2.0765e-008	1.9214e-008	1.6663e-008	1.4604e-008	1.2576e-008	1.0303e-008	8.5011e-009	6.427e-009	4.8518e-009	3.5504e-009	3.6927e-009	3.6156e-009	3.0667e-009	2.3934e-009	2.2456e-009	2.1863e-009	2.1238e-009	1.7943e-009	1.4623e-009	1.5993e-009	1.8083e-009	2.0156e-009	2.755e-009	3.1338e-009	3.4831e-009	3.9015e-009	4.3829e-009	4.4602e-009	4.8677e-009	6.0139e-009	8.0855e-009	1.1741e-008	1.8879e-008	2.4494e-008	3.1508e-008	4.007e-008	4.7457e-008	5.4491e-008	6.0937e-008	6.4443e-008	6.8569e-008	7.3035e-008	7.7434e-008	8.0645e-008	8.3015e-008	8.5431e-008	8.7083e-008	8.8327e-008	8.8855e-008	8.8952e-008	8.8787e-008	8.7955e-008	8.7966e-008	8.7418e-008	8.6442e-008	8.5081e-008	8.3582e-008	8.278e-008	8.1582e-008	7.9548e-008	7.7474e-008	7.5725e-008	7.3808e-008	7.1692e-008	6.9298e-008	6.6721e-008	6.4906e-008	6.3307e-008	6.0701e-008	5.9498e-008	5.739e-008	5.5199e-008	5.2774e-008	5.0439e-008	4.8214e-008	4.5985e-008	4.4438e-008	4.3727e-008	4.095e-008	3.9478e-008	3.7819e-008	3.4491e-008	3.2205e-008	3.0133e-008	2.7851e-008	2.6355e-008	2.4743e-008	2.3138e-008	2.0869e-008	1.826e-008	1.6818e-008	1.5619e-008	1.3767e-008	1.2554e-008	1.0868e-008	9.6454e-009	6.9343e-009	5.6806e-009	4.6976e-009	3.7745e-009	3.0598e-009	2.6175e-009	2.6206e-009	3.0528e-009	2.7513e-009	2.9066e-009	2.8398e-009	2.6868e-009	2.9065e-009	3.0312e-009	3.4988e-009	3.9406e-009	4.8841e-009	6.8411e-009	9.3548e-009	1.3434e-008	1.7748e-008	2.4008e-008	2.8966e-008	3.526e-008	4.2999e-008	4.9582e-008	5.6995e-008	6.7362e-008	7.506e-008	7.887e-008	8.0958e-008	8.4891e-008	8.88e-008	9.086e-008	9.2142e-008	9.3844e-008	9.4993e-008	9.6196e-008	9.5979e-008	9.5512e-008	9.565e-008	9.5697e-008	9.4005e-008	9.0765e-008	8.9081e-008	8.7327e-008	8.5439e-008	8.3536e-008	8.0855e-008	7.8736e-008	7.6783e-008	7.5647e-008	7.4079e-008	7.3477e-008	7.2415e-008	6.9989e-008	6.7374e-008	6.4783e-008	6.2054e-008	5.9891e-008	5.7937e-008	5.5362e-008	5.2594e-008	5.1262e-008	4.8691e-008	4.7355e-008	4.5966e-008	4.3353e-008	4.0945e-008	3.8241e-008	3.6013e-008	3.2603e-008	3.0403e-008	2.8208e-008	2.5645e-008	2.3258e-008	2.135e-008	1.9813e-008	1.6781e-008	1.3893e-008	1.1085e-008	8.7352e-009	6.4029e-009	5.1758e-009	3.7014e-009	3.3287e-009	3.0825e-009	2.5937e-009	2.3031e-009	1.8303e-009	2.2895e-009	2.188e-009	2.1884e-009	2.0967e-009	2.468e-009	2.3819e-009	2.947e-009	3.1298e-009	3.2402e-009	3.4451e-009	4.2685e-009	6.2575e-009	8.7397e-009	1.3111e-008	1.7052e-008	2.2538e-008	2.7657e-008	3.3962e-008	3.9943e-008	4.6214e-008	5.2123e-008	5.7872e-008	6.5581e-008	7.2258e-008	7.6027e-008	8.0876e-008	8.2331e-008	8.4636e-008	8.813e-008	9.0229e-008	9.2986e-008	9.4132e-008	9.3872e-008	9.3756e-008	9.4374e-008	9.4399e-008	9.431e-008	9.3132e-008	9.1633e-008	9.0208e-008	8.8129e-008	8.7027e-008	8.5695e-008	8.1588e-008	7.903e-008	7.7367e-008	7.6583e-008	7.5057e-008	7.3756e-008	6.9128e-008	6.6505e-008	6.3294e-008	6.2495e-008	6.1684e-008	5.9838e-008	5.7367e-008	5.504e-008	5.3293e-008	5.171e-008	4.9341e-008	4.4939e-008	4.3036e-008	4.0297e-008	3.8105e-008	3.499e-008	3.153e-008	2.8074e-008	2.5765e-008	2.5217e-008	2.2135e-008	1.9224e-008	1.7247e-008	1.4855e-008	1.2613e-008	1.138e-008	9.1542e-009	6.4342e-009	5.3042e-009	4.6018e-009	3.7323e-009	3.5041e-009	3.2443e-009	3.0882e-009	3.4914e-009	3.1999e-009	3.0787e-009
2.5703e-009	2.2816e-009	2.3613e-009	2.315e-009	2.5431e-009	2.5246e-009	2.2899e-009	2.1435e-009	2.8226e-009	3.5308e-009	3.7878e-009	4.3322e-009	5.1373e-009	7.4108e-009	1.0471e-008	1.2076e-008	1.4695e-008	2.0076e-008	2.4261e-008	3.1401e-008	3.9609e-008	4.4402e-008	4.951e-008	5.7941e-008	6.4563e-008	6.8873e-008	7.2764e-008	7.6392e-008	8.0328e-008	8.301e-008	8.6465e-008	8.7962e-008	8.8983e-008	8.9799e-008	9.0253e-008	9.0997e-008	9.2103e-008	9.3536e-008	9.4228e-008	9.2626e-008	9.0327e-008	8.8445e-008	8.7242e-008	8.3951e-008	8.2611e-008	8.0053e-008	7.8284e-008	7.6566e-008	7.4973e-008	7.2572e-008	7.0709e-008	6.9915e-008	6.7941e-008	6.5831e-008	6.3109e-008	6.1798e-008	6.0357e-008	5.7901e-008	5.4871e-008	5.3226e-008	5.1497e-008	4.9367e-008	4.7488e-008	4.3494e-008	4.156e-008	3.8444e-008	3.6373e-008	3.4371e-008	3.2061e-008	3.0178e-008	2.7247e-008	2.4663e-008	2.303e-008	2.105e-008	1.8613e-008	1.5692e-008	1.4463e-008	1.2489e-008	1.0608e-008	9.1254e-009	7.141e-009	5.8107e-009	5.6482e-009	5.3899e-009	4.9909e-009	4.6462e-009	4.4803e-009	4.2619e-009	4.1969e-009	4.755e-009	5.026e-009	5.1014e-009	5.2499e-009	5.3129e-009	5.7239e-009	7.2344e-009	8.6549e-009	1.0849e-008	1.2662e-008	1.5839e-008	1.906e-008	2.3826e-008	2.8576e-008	3.2878e-008	3.7923e-008	4.592e-008	5.435e-008	5.9253e-008	6.5359e-008	7.0866e-008	7.6268e-008	8.0633e-008	8.4479e-008	8.7797e-008	9.0271e-008	9.2976e-008	9.4338e-008	9.5621e-008	9.6903e-008	9.6856e-008	9.6707e-008	9.6373e-008	9.6174e-008	9.4572e-008	9.4226e-008	9.2521e-008	9.1698e-008	8.914e-008	8.6004e-008	8.4733e-008	8.2959e-008	8.109e-008	7.8372e-008	7.5545e-008	7.4727e-008	7.2436e-008	7.0678e-008	6.7968e-008	6.51e-008	6.337e-008	6.1178e-008	5.8119e-008	5.6159e-008	5.4698e-008	5.3148e-008	5.1014e-008	4.8593e-008	4.7176e-008	4.3685e-008	4.0915e-008	3.9277e-008	3.7522e-008	3.5008e-008	3.2628e-008	3.022e-008	2.7557e-008	2.5681e-008	2.4102e-008	2.2048e-008	1.8903e-008	1.6877e-008	1.4626e-008	1.2627e-008	1.0755e-008	8.8437e-009	7.4368e-009	5.6774e-009	4.6806e-009	3.6337e-009	2.8741e-009	3.0093e-009	3.1829e-009	3.243e-009	3.442e-009	3.6455e-009	3.586e-009	3.3255e-009	3.6118e-009	4.5038e-009	5.5501e-009	7.3525e-009	1.0091e-008	1.2023e-008	1.4184e-008	1.8139e-008	2.1286e-008	2.5197e-008	2.9707e-008	3.3733e-008	3.807e-008	4.489e-008	5.2451e-008	5.874e-008	6.6463e-008	7.318e-008	7.6669e-008	7.9698e-008	8.2453e-008	8.4766e-008	8.8446e-008	9.0792e-008	9.1118e-008	9.1038e-008	9.0697e-008	8.9977e-008	9.0068e-008	9.0372e-008	8.9148e-008	8.8833e-008	8.7651e-008	8.6158e-008	8.4639e-008	8.211e-008	7.9733e-008	7.8979e-008	7.7628e-008	7.5931e-008	7.2869e-008	6.9338e-008	6.7751e-008	6.6609e-008	6.4265e-008	6.2444e-008	5.9204e-008	5.7229e-008	5.5649e-008	5.4019e-008	5.2983e-008	5.0471e-008	4.7637e-008	4.5134e-008	4.1939e-008	3.9732e-008	3.7636e-008	3.5952e-008	3.3857e-008	3.0924e-008	2.9103e-008	2.6525e-008	2.4017e-008	2.2099e-008	1.9225e-008	1.7013e-008	1.4623e-008	1.2981e-008	1.1002e-008	9.3269e-009	7.0506e-009	5.1584e-009	3.9145e-009	3.6863e-009	3.7848e-009	3.5326e-009	3.1774e-009	2.6492e-009	2.1449e-009	1.6861e-009	1.3044e-009	1.4843e-009	1.7712e-009	1.9832e-009	1.8257e-009	2.295e-009	2.6455e-009	2.8723e-009	3.3791e-009	3.499e-009	4.1791e-009	4.4509e-009	5.3002e-009	7.898e-009	1.1806e-008	1.7485e-008	2.335e-008	3.0723e-008	3.7799e-008	4.717e-008	5.2899e-008	6.0353e-008	6.4813e-008	6.8855e-008	7.3654e-008	7.8399e-008	7.9807e-008	8.1824e-008	8.5274e-008	8.7694e-008	8.8822e-008	8.8803e-008	8.859e-008	8.8751e-008	8.7829e-008	8.7919e-008	8.7538e-008	8.6655e-008	8.5249e-008	8.4213e-008	8.3031e-008	8.197e-008	8.0499e-008	7.8126e-008	7.6266e-008	7.3675e-008	7.1589e-008	6.9126e-008	6.6909e-008	6.4704e-008	6.2632e-008	6.0213e-008	5.9551e-008	5.7891e-008	5.5717e-008	5.2865e-008	5.0388e-008	4.7634e-008	4.5924e-008	4.4233e-008	4.3478e-008	4.138e-008	3.9042e-008	3.6664e-008	3.4195e-008	3.1986e-008	2.9696e-008	2.7362e-008	2.5449e-008	2.3445e-008	2.1979e-008	1.9885e-008	1.8583e-008	1.6673e-008	1.558e-008	1.2813e-008	1.1694e-008	9.7914e-009	8.4728e-009	6.3709e-009	5.212e-009	4.3604e-009	3.6035e-009	2.6425e-009	2.373e-009	2.4727e-009	2.806e-009	2.546e-009	2.534e-009	2.8075e-009	2.5488e-009	3.0409e-009	3.2882e-009	3.7742e-009	3.8254e-009	4.6514e-009	6.3731e-009	9.6463e-009	1.306e-008	1.6893e-008	2.2719e-008	2.7953e-008	3.361e-008	4.3854e-008	5.0096e-008	5.766e-008	6.4437e-008	7.4671e-008	7.9516e-008	8.1665e-008	8.4863e-008	8.8856e-008	9.1095e-008	9.2525e-008	9.4068e-008	9.5293e-008	9.6351e-008	9.6632e-008	9.6291e-008	9.6374e-008	9.6319e-008	9.4273e-008	9.145e-008	8.8763e-008	8.7714e-008	8.6705e-008	8.399e-008	8.1264e-008	7.9072e-008	7.705e-008	7.7114e-008	7.6053e-008	7.4824e-008	7.2887e-008	7.0414e-008	6.7382e-008	6.5407e-008	6.2078e-008	5.995e-008	5.8034e-008	5.5721e-008	5.3941e-008	5.1583e-008	5.0174e-008	4.8149e-008	4.6168e-008	4.2659e-008	4.0715e-008	3.7872e-008	3.5859e-008	3.3547e-008	3.1365e-008	2.8892e-008	2.6293e-008	2.3727e-008	2.1966e-008	1.8926e-008	1.6114e-008	1.3603e-008	1.1542e-008	9.6759e-009	7.3747e-009	5.0394e-009	3.7398e-009	3.1851e-009	2.5711e-009	2.5038e-009	2.4651e-009	2.2289e-009	2.3552e-009	1.962e-009	2.2542e-009	2.3273e-009	2.4806e-009	2.6073e-009	3.0951e-009	3.0588e-009	3.1785e-009	3.4436e-009	4.7567e-009	6.2466e-009	9.0931e-009	1.2358e-008	1.6988e-008	2.1629e-008	2.7534e-008	3.322e-008	3.923e-008	4.6234e-008	5.1962e-008	5.7617e-008	6.53e-008	7.0081e-008	7.5778e-008	8.013e-008	8.2648e-008	8.4845e-008	8.7813e-008	9.0531e-008	9.3803e-008	9.4694e-008	9.4736e-008	9.4894e-008	9.504e-008	9.4989e-008	9.5243e-008	9.3448e-008	9.2388e-008	9.0626e-008	8.869e-008	8.7446e-008	8.5747e-008	8.1832e-008	7.8942e-008	7.7515e-008	7.68e-008	7.4588e-008	7.2917e-008	7.0304e-008	6.6187e-008	6.4058e-008	6.3346e-008	6.2205e-008	5.9917e-008	5.6954e-008	5.4904e-008	5.3701e-008	5.1591e-008	4.9474e-008	4.6159e-008	4.3181e-008	3.9834e-008	3.7073e-008	3.4644e-008	3.1935e-008	2.8652e-008	2.5719e-008	2.4455e-008	2.2452e-008	1.9418e-008	1.6227e-008	1.4975e-008	1.2444e-008	1.0423e-008	8.8783e-009	7.0796e-009	5.6033e-009	4.9419e-009	4.4523e-009	4.3099e-009	3.5072e-009	2.8508e-009	3.1651e-009	3.2412e-009	3.2483e-009
2.6389e-009	2.2645e-009	2.2082e-009	2.2363e-009	2.791e-009	2.5821e-009	2.4565e-009	2.3448e-009	3.0019e-009	3.5311e-009	4.1284e-009	4.6035e-009	5.5663e-009	7.4119e-009	1.0048e-008	1.2473e-008	1.6126e-008	2.039e-008	2.427e-008	3.0024e-008	3.8091e-008	4.4862e-008	5.0629e-008	5.8409e-008	6.4221e-008	6.8913e-008	7.2914e-008	7.6608e-008	8.0695e-008	8.3551e-008	8.6882e-008	8.8115e-008	8.9152e-008	9.0256e-008	9.0597e-008	9.0794e-008	9.1551e-008	9.1704e-008	9.2634e-008	9.1819e-008	9.055e-008	8.8741e-008	8.7641e-008	8.5962e-008	8.3157e-008	8.1717e-008	8.0316e-008	7.7304e-008	7.6003e-008	7.3987e-008	7.1547e-008	6.9861e-008	6.8142e-008	6.6104e-008	6.3902e-008	6.2159e-008	6.1379e-008	5.9337e-008	5.5937e-008	5.3377e-008	5.1667e-008	5.0027e-008	4.7829e-008	4.4587e-008	4.0766e-008	3.8093e-008	3.6406e-008	3.3936e-008	3.2746e-008	3.0601e-008	2.8001e-008	2.5729e-008	2.4088e-008	2.1667e-008	2.0327e-008	1.6557e-008	1.4896e-008	1.2669e-008	1.1501e-008	9.6919e-009	7.4817e-009	6.4108e-009	5.7808e-009	5.2875e-009	5.1968e-009	4.8888e-009	4.8164e-009	4.4822e-009	4.3918e-009	4.6173e-009	4.4924e-009	4.6754e-009	4.9083e-009	5.6859e-009	6.1785e-009	7.2042e-009	8.585e-009	1.0849e-008	1.3144e-008	1.5356e-008	1.918e-008	2.4488e-008	2.9369e-008	3.314e-008	3.786e-008	4.5279e-008	5.3068e-008	5.8793e-008	6.405e-008	7.0037e-008	7.6051e-008	8.056e-008	8.3917e-008	8.7084e-008	8.9814e-008	9.233e-008	9.4477e-008	9.5661e-008	9.6647e-008	9.6863e-008	9.6776e-008	9.6538e-008	9.5798e-008	9.5263e-008	9.4303e-008	9.2568e-008	9.2153e-008	8.9449e-008	8.5497e-008	8.4614e-008	8.3608e-008	8.1404e-008	7.8397e-008	7.6833e-008	7.472e-008	7.1979e-008	6.9907e-008	6.8006e-008	6.5484e-008	6.2499e-008	5.9615e-008	5.7336e-008	5.5915e-008	5.4657e-008	5.2844e-008	5.0258e-008	4.9301e-008	4.8053e-008	4.4727e-008	4.1618e-008	3.8885e-008	3.6632e-008	3.5427e-008	3.2324e-008	2.9841e-008	2.8552e-008	2.6416e-008	2.4819e-008	2.2125e-008	1.9614e-008	1.7517e-008	1.5408e-008	1.2909e-008	1.0895e-008	8.7653e-009	7.1024e-009	5.4002e-009	4.5381e-009	3.7194e-009	3.0739e-009	3.0289e-009	3.3779e-009	3.968e-009	3.9269e-009	3.9039e-009	3.5845e-009	3.9589e-009	4.2998e-009	4.9864e-009	5.7586e-009	6.9181e-009	9.8693e-009	1.2221e-008	1.4536e-008	1.8287e-008	2.1795e-008	2.5384e-008	3.0205e-008	3.3367e-008	3.8396e-008	4.5278e-008	5.2952e-008	6.0155e-008	6.6182e-008	7.2899e-008	7.7185e-008	8.0115e-008	8.3032e-008	8.6211e-008	8.9212e-008	9.0502e-008	9.0417e-008	9.0419e-008	9.0202e-008	8.9606e-008	8.9883e-008	9.0464e-008	9.0115e-008	8.9442e-008	8.849e-008	8.6896e-008	8.4652e-008	8.1311e-008	7.9496e-008	7.8535e-008	7.6855e-008	7.4802e-008	7.1642e-008	6.9347e-008	6.7738e-008	6.6149e-008	6.4482e-008	6.2287e-008	5.9116e-008	5.7182e-008	5.5557e-008	5.4012e-008	5.1931e-008	5.0096e-008	4.7776e-008	4.4555e-008	4.2121e-008	4.0197e-008	3.7892e-008	3.617e-008	3.3922e-008	3.1578e-008	2.9764e-008	2.7007e-008	2.4585e-008	2.2161e-008	2.0078e-008	1.8246e-008	1.5966e-008	1.3409e-008	1.2205e-008	9.4733e-009	7.3773e-009	5.5733e-009	4.6426e-009	3.9608e-009	3.5698e-009	3.2623e-009	3.1352e-009	2.7135e-009	2.4251e-009	2.0473e-009	1.5748e-009	1.7074e-009	1.949e-009	1.8389e-009	1.7763e-009	2.249e-009	2.3803e-009	2.4957e-009	2.7715e-009	3.4721e-009	3.7807e-009	4.2097e-009	5.8776e-009	8.2472e-009	1.2292e-008	1.885e-008	2.5499e-008	3.06e-008	3.7299e-008	4.532e-008	5.1378e-008	5.8867e-008	6.5152e-008	6.9558e-008	7.5032e-008	7.9018e-008	8.0309e-008	8.1631e-008	8.4577e-008	8.8036e-008	8.9414e-008	8.9935e-008	8.8982e-008	8.8483e-008	8.7906e-008	8.7756e-008	8.7766e-008	8.71e-008	8.5474e-008	8.4233e-008	8.3398e-008	8.23e-008	8.1247e-008	7.873e-008	7.6546e-008	7.4334e-008	7.2854e-008	6.9723e-008	6.6971e-008	6.5296e-008	6.1194e-008	6.0232e-008	5.9315e-008	5.7497e-008	5.5816e-008	5.2581e-008	4.9869e-008	4.7837e-008	4.6339e-008	4.4141e-008	4.3201e-008	4.1521e-008	3.7655e-008	3.4803e-008	3.3381e-008	3.124e-008	2.922e-008	2.7238e-008	2.5966e-008	2.3167e-008	2.2152e-008	2.0391e-008	1.8822e-008	1.6702e-008	1.4914e-008	1.306e-008	1.1461e-008	9.0697e-009	7.5219e-009	6.0046e-009	5.3006e-009	4.3041e-009	3.6196e-009	3.3572e-009	3.3836e-009	2.5497e-009	2.5834e-009	2.7276e-009	2.6748e-009	2.7318e-009	2.1127e-009	2.3578e-009	2.8352e-009	3.2743e-009	3.6471e-009	4.409e-009	6.4648e-009	9.5988e-009	1.3435e-008	1.7872e-008	2.2869e-008	2.7988e-008	3.3437e-008	4.3137e-008	5.0118e-008	5.7464e-008	6.4711e-008	7.184e-008	7.9327e-008	8.147e-008	8.5662e-008	8.9363e-008	9.1591e-008	9.2879e-008	9.4328e-008	9.5327e-008	9.6626e-008	9.7598e-008	9.7685e-008	9.6903e-008	9.6172e-008	9.3967e-008	9.1945e-008	8.9464e-008	8.8158e-008	8.7497e-008	8.4962e-008	8.2137e-008	7.9534e-008	7.8108e-008	7.828e-008	7.78e-008	7.5613e-008	7.2611e-008	6.9896e-008	6.8196e-008	6.5788e-008	6.2498e-008	6.0066e-008	5.7464e-008	5.6026e-008	5.4255e-008	5.2122e-008	5.0977e-008	4.8239e-008	4.5706e-008	4.2736e-008	3.9492e-008	3.7692e-008	3.5563e-008	3.3368e-008	3.0446e-008	2.8395e-008	2.6962e-008	2.3806e-008	2.2689e-008	1.9678e-008	1.5587e-008	1.3755e-008	1.2004e-008	9.7247e-009	7.4671e-009	4.6719e-009	3.8615e-009	2.8213e-009	2.6477e-009	2.7855e-009	2.449e-009	2.1097e-009	2.451e-009	2.8627e-009	1.8532e-009	1.9967e-009	2.3955e-009	2.8332e-009	3.2357e-009	3.0686e-009	2.9048e-009	3.2922e-009	4.736e-009	6.3314e-009	9.4593e-009	1.2717e-008	1.8045e-008	2.3188e-008	2.8565e-008	3.2925e-008	3.8793e-008	4.5327e-008	5.1315e-008	5.7266e-008	6.5302e-008	7.073e-008	7.5424e-008	7.9359e-008	8.1819e-008	8.5352e-008	8.7798e-008	9.0177e-008	9.3088e-008	9.5158e-008	9.5095e-008	9.5509e-008	9.5378e-008	9.5853e-008	9.6149e-008	9.4801e-008	9.1854e-008	9.0429e-008	8.8228e-008	8.7162e-008	8.495e-008	8.1688e-008	7.9572e-008	7.8017e-008	7.6512e-008	7.4773e-008	7.2387e-008	6.8897e-008	6.6406e-008	6.435e-008	6.3529e-008	6.2806e-008	6.0141e-008	5.7834e-008	5.4631e-008	5.2716e-008	5.1021e-008	4.9216e-008	4.5312e-008	4.2544e-008	3.9071e-008	3.6625e-008	3.4532e-008	3.1821e-008	2.9069e-008	2.6151e-008	2.414e-008	2.1303e-008	1.8877e-008	1.7227e-008	1.4019e-008	1.2479e-008	1.0534e-008	8.7686e-009	7.3254e-009	5.8713e-009	4.8886e-009	4.4412e-009	4.0274e-009	3.1838e-009	2.9742e-009	2.9193e-009	2.8856e-009	2.9135e-009
2.2522e-009	1.763e-009	1.7571e-009	1.9858e-009	2.399e-009	2.2869e-009	2.3301e-009	2.1205e-009	2.5744e-009	2.4549e-009	3.484e-009	4.2345e-009	5.2393e-009	7.4766e-009	9.7048e-009	1.2424e-008	1.5837e-008	1.9928e-008	2.3698e-008	2.9638e-008	3.7618e-008	4.3696e-008	5.117e-008	5.9327e-008	6.4449e-008	6.8879e-008	7.2395e-008	7.6925e-008	8.0543e-008	8.3895e-008	8.6306e-008	8.7694e-008	8.9051e-008	9.0163e-008	8.9955e-008	9.0048e-008	9.0646e-008	9.0416e-008	9.0765e-008	9.1017e-008	8.9772e-008	8.8229e-008	8.7393e-008	8.5432e-008	8.3408e-008	8.2285e-008	8.1217e-008	7.8704e-008	7.6268e-008	7.493e-008	7.2066e-008	6.9678e-008	6.7703e-008	6.5855e-008	6.4217e-008	6.2502e-008	6.0913e-008	5.8947e-008	5.5957e-008	5.3409e-008	5.1274e-008	4.8964e-008	4.6487e-008	4.4726e-008	4.1832e-008	3.938e-008	3.5995e-008	3.3766e-008	3.2062e-008	3.0224e-008	2.7982e-008	2.6261e-008	2.3317e-008	2.123e-008	1.9958e-008	1.7335e-008	1.5756e-008	1.3543e-008	1.1603e-008	9.5403e-009	7.6331e-009	6.5031e-009	5.4981e-009	5.1534e-009	5.1631e-009	4.301e-009	3.9111e-009	3.8423e-009	3.8906e-009	3.7639e-009	3.5298e-009	4.0993e-009	4.2293e-009	4.4108e-009	5.0166e-009	6.0229e-009	8.5481e-009	1.1185e-008	1.3649e-008	1.6372e-008	2.0085e-008	2.371e-008	2.9803e-008	3.4611e-008	3.856e-008	4.5952e-008	5.4432e-008	5.94e-008	6.3747e-008	6.9095e-008	7.4588e-008	7.9842e-008	8.3157e-008	8.5809e-008	8.8392e-008	9.1695e-008	9.4303e-008	9.5344e-008	9.5888e-008	9.5975e-008	9.574e-008	9.5385e-008	9.4792e-008	9.4556e-008	9.4051e-008	9.3128e-008	9.0819e-008	8.8691e-008	8.6053e-008	8.3721e-008	8.2094e-008	7.9821e-008	7.8012e-008	7.6696e-008	7.5413e-008	7.3154e-008	6.9013e-008	6.7044e-008	6.5034e-008	6.1826e-008	5.9607e-008	5.7225e-008	5.5287e-008	5.3855e-008	5.1932e-008	5.0082e-008	4.9291e-008	4.7745e-008	4.4307e-008	4.1689e-008	3.9619e-008	3.8238e-008	3.6474e-008	3.3695e-008	3.034e-008	2.7652e-008	2.6058e-008	2.4257e-008	2.1808e-008	1.9278e-008	1.7587e-008	1.4719e-008	1.2396e-008	1.0383e-008	8.098e-009	6.5556e-009	5.0587e-009	4.1806e-009	3.6082e-009	3.1434e-009	2.7294e-009	3.4243e-009	4.0841e-009	3.6873e-009	3.579e-009	4.0078e-009	4.2579e-009	4.4639e-009	5.096e-009	6.0838e-009	7.1101e-009	9.0699e-009	1.2278e-008	1.543e-008	1.8518e-008	2.1822e-008	2.5722e-008	3.088e-008	3.3233e-008	3.828e-008	4.6702e-008	5.4624e-008	6.0315e-008	6.7532e-008	7.3053e-008	7.7575e-008	8.0179e-008	8.3594e-008	8.6398e-008	8.8758e-008	8.9643e-008	9.0763e-008	9.0757e-008	8.9996e-008	8.999e-008	9.0339e-008	9.0097e-008	9.0069e-008	8.9577e-008	8.9475e-008	8.7748e-008	8.5021e-008	8.2008e-008	8.0091e-008	7.8629e-008	7.6279e-008	7.4166e-008	7.2135e-008	6.9103e-008	6.7752e-008	6.6556e-008	6.4214e-008	6.258e-008	5.9092e-008	5.7096e-008	5.5037e-008	5.3145e-008	5.1432e-008	5.0441e-008	4.8506e-008	4.5216e-008	4.2867e-008	4.0674e-008	3.8401e-008	3.6053e-008	3.3744e-008	3.1245e-008	2.9901e-008	2.747e-008	2.4545e-008	2.2726e-008	2.0036e-008	1.8094e-008	1.6658e-008	1.463e-008	1.2393e-008	9.4993e-009	7.4004e-009	6.0364e-009	4.7345e-009	4.0079e-009	3.5072e-009	2.8204e-009	2.8081e-009	2.2126e-009	2.232e-009	2.0607e-009	1.6004e-009	1.7567e-009	1.7417e-009	1.8089e-009	2.0543e-009	2.1608e-009	2.2025e-009	2.4894e-009	2.7303e-009	3.5395e-009	3.6477e-009	4.2654e-009	5.9484e-009	8.3245e-009	1.2801e-008	1.7691e-008	2.4983e-008	2.9917e-008	3.7538e-008	4.3054e-008	5.0259e-008	5.8121e-008	6.4299e-008	6.9547e-008	7.4374e-008	7.9059e-008	8.0426e-008	8.129e-008	8.3546e-008	8.6862e-008	8.8643e-008	8.9419e-008	8.8491e-008	8.8075e-008	8.7592e-008	8.7761e-008	8.764e-008	8.6968e-008	8.5692e-008	8.4093e-008	8.3335e-008	8.1889e-008	7.9995e-008	7.7614e-008	7.5708e-008	7.4148e-008	7.2794e-008	7.0161e-008	6.6648e-008	6.4963e-008	6.2445e-008	5.9872e-008	5.8653e-008	5.69e-008	5.5854e-008	5.3803e-008	5.0718e-008	4.8559e-008	4.6167e-008	4.4504e-008	4.2113e-008	3.955e-008	3.7348e-008	3.5141e-008	3.3029e-008	3.0554e-008	2.8542e-008	2.6945e-008	2.5143e-008	2.3372e-008	2.1419e-008	1.9694e-008	1.8333e-008	1.6017e-008	1.3638e-008	1.231e-008	1.0907e-008	8.998e-009	7.3111e-009	6.4251e-009	5.0505e-009	4.1984e-009	3.6871e-009	3.5059e-009	3.5342e-009	2.6751e-009	2.4836e-009	2.9668e-009	2.9102e-009	2.8935e-009	2.5299e-009	2.2834e-009	2.4641e-009	3.1372e-009	3.5954e-009	4.5368e-009	6.2905e-009	8.932e-009	1.3153e-008	1.8167e-008	2.2948e-008	2.8056e-008	3.4198e-008	4.1485e-008	5.0176e-008	5.8118e-008	6.6097e-008	7.2905e-008	7.7608e-008	8.1023e-008	8.6001e-008	8.9772e-008	9.1604e-008	9.2736e-008	9.3912e-008	9.5245e-008	9.6387e-008	9.731e-008	9.7468e-008	9.7246e-008	9.5661e-008	9.3582e-008	9.2306e-008	9.0351e-008	8.8206e-008	8.7121e-008	8.5325e-008	8.3174e-008	7.9804e-008	7.8597e-008	7.8122e-008	7.7779e-008	7.5385e-008	7.2763e-008	6.9603e-008	6.7961e-008	6.5454e-008	6.2691e-008	5.914e-008	5.8099e-008	5.6912e-008	5.5128e-008	5.1815e-008	4.962e-008	4.7436e-008	4.4703e-008	4.179e-008	3.9574e-008	3.8515e-008	3.5975e-008	3.3334e-008	3.1443e-008	2.8404e-008	2.6195e-008	2.4333e-008	2.223e-008	1.994e-008	1.6899e-008	1.453e-008	1.2201e-008	1.0787e-008	8.6278e-009	6.5104e-009	4.3543e-009	3.2153e-009	2.8843e-009	2.7657e-009	2.3904e-009	2.0877e-009	2.3692e-009	2.4655e-009	2.1251e-009	2.2508e-009	2.5816e-009	2.7763e-009	3.0023e-009	2.8075e-009	2.8291e-009	3.4742e-009	4.5915e-009	6.4076e-009	9.7816e-009	1.339e-008	1.8973e-008	2.343e-008	2.849e-008	3.3017e-008	3.8563e-008	4.4755e-008	5.1719e-008	5.7856e-008	6.5702e-008	7.1589e-008	7.6111e-008	7.9447e-008	8.2566e-008	8.5612e-008	8.839e-008	9.0169e-008	9.1956e-008	9.354e-008	9.5462e-008	9.5432e-008	9.5319e-008	9.6003e-008	9.6181e-008	9.3877e-008	9.123e-008	8.9787e-008	8.7519e-008	8.5744e-008	8.3855e-008	8.175e-008	7.9733e-008	7.8716e-008	7.7277e-008	7.5206e-008	7.1598e-008	6.8436e-008	6.6218e-008	6.4799e-008	6.405e-008	6.271e-008	5.9395e-008	5.7885e-008	5.4709e-008	5.204e-008	5.0527e-008	4.8785e-008	4.5935e-008	4.2138e-008	3.9277e-008	3.6443e-008	3.4124e-008	3.1928e-008	2.9772e-008	2.6745e-008	2.4081e-008	2.1104e-008	1.9013e-008	1.729e-008	1.4208e-008	1.2117e-008	1.1019e-008	8.4841e-009	6.8681e-009	5.8682e-009	4.4895e-009	4.2528e-009	3.6744e-009	3.0104e-009	2.758e-009	2.4826e-009	2.6435e-009	2.5234e-009
2.1107e-009	1.4083e-009	1.4364e-009	1.5815e-009	2.0484e-009	1.9354e-009	2.1293e-009	2.2925e-009	2.7172e-009	2.6836e-009	3.2683e-009	4.1285e-009	5.2886e-009	6.9664e-009	9.8219e-009	1.2461e-008	1.5328e-008	1.9356e-008	2.2772e-008	2.8947e-008	3.5798e-008	4.3621e-008	4.9807e-008	5.8884e-008	6.4363e-008	6.8617e-008	7.2289e-008	7.6437e-008	8.0263e-008	8.3658e-008	8.5954e-008	8.7095e-008	8.8524e-008	8.9612e-008	8.9821e-008	8.9933e-008	9.02e-008	9.0414e-008	9.0611e-008	9.0592e-008	8.9693e-008	8.8361e-008	8.6871e-008	8.4867e-008	8.3255e-008	8.3124e-008	8.0713e-008	7.8717e-008	7.582e-008	7.4475e-008	7.1662e-008	6.9022e-008	6.749e-008	6.59e-008	6.4352e-008	6.2734e-008	6.0701e-008	5.8863e-008	5.5384e-008	5.3417e-008	5.1572e-008	4.8861e-008	4.7222e-008	4.5542e-008	4.2833e-008	4.0191e-008	3.7655e-008	3.4e-008	3.1947e-008	3.0245e-008	2.7365e-008	2.6197e-008	2.3761e-008	2.1936e-008	1.9442e-008	1.6763e-008	1.5659e-008	1.3612e-008	1.1463e-008	9.6236e-009	8.1406e-009	6.0712e-009	5.5656e-009	5.0488e-009	4.4919e-009	4.0511e-009	3.6616e-009	3.5324e-009	3.4612e-009	3.4693e-009	3.7474e-009	3.768e-009	4.0346e-009	4.2532e-009	5.2093e-009	6.2471e-009	8.7305e-009	1.1401e-008	1.3685e-008	1.5827e-008	1.9938e-008	2.4122e-008	2.963e-008	3.5017e-008	3.8588e-008	4.4187e-008	5.4519e-008	5.8486e-008	6.3134e-008	6.7768e-008	7.3409e-008	7.8161e-008	8.2656e-008	8.5873e-008	8.8412e-008	9.0805e-008	9.3201e-008	9.507e-008	9.5413e-008	9.5476e-008	9.4797e-008	9.4342e-008	9.4182e-008	9.3984e-008	9.3454e-008	9.21e-008	8.9612e-008	8.7666e-008	8.5493e-008	8.3352e-008	8.121e-008	7.95e-008	7.7744e-008	7.6143e-008	7.5209e-008	7.3008e-008	7.0386e-008	6.7906e-008	6.454e-008	6.2432e-008	5.9874e-008	5.734e-008	5.5655e-008	5.3325e-008	5.1993e-008	5.0299e-008	4.9191e-008	4.5954e-008	4.2601e-008	4.1282e-008	3.9295e-008	3.7961e-008	3.5959e-008	3.3005e-008	2.975e-008	2.7856e-008	2.602e-008	2.3557e-008	2.1645e-008	1.9443e-008	1.7161e-008	1.5442e-008	1.2152e-008	1.0227e-008	7.6905e-009	6.246e-009	4.8114e-009	3.8585e-009	2.9078e-009	2.6318e-009	2.9226e-009	3.5123e-009	3.6609e-009	3.2347e-009	3.3701e-009	3.8069e-009	3.9736e-009	4.3097e-009	5.463e-009	6.3154e-009	7.8086e-009	9.6451e-009	1.24e-008	1.5526e-008	1.8495e-008	2.0755e-008	2.5393e-008	3.0311e-008	3.3934e-008	3.9402e-008	4.8101e-008	5.6353e-008	6.036e-008	6.5788e-008	7.1987e-008	7.6922e-008	8.0162e-008	8.3577e-008	8.5999e-008	8.7252e-008	8.9328e-008	9.1671e-008	9.133e-008	9.0129e-008	8.9892e-008	8.9978e-008	9.0036e-008	9.0462e-008	9.028e-008	8.9665e-008	8.7441e-008	8.4666e-008	8.2367e-008	7.9885e-008	7.7842e-008	7.5781e-008	7.3902e-008	7.2782e-008	7.0335e-008	6.8177e-008	6.6062e-008	6.5059e-008	6.2595e-008	5.9443e-008	5.6764e-008	5.5263e-008	5.2839e-008	5.1569e-008	4.9981e-008	4.8075e-008	4.562e-008	4.3244e-008	4.1178e-008	3.9636e-008	3.5787e-008	3.4682e-008	3.1656e-008	2.9492e-008	2.7318e-008	2.4683e-008	2.267e-008	2.0491e-008	1.8379e-008	1.6775e-008	1.4398e-008	1.1942e-008	9.2065e-009	7.1604e-009	6.0916e-009	4.8505e-009	3.8659e-009	3.6954e-009	2.6126e-009	2.2673e-009	2.043e-009	2.0076e-009	2.2542e-009	2.2066e-009	2.1376e-009	1.8624e-009	1.8674e-009	1.7427e-009	2.0336e-009	2.4233e-009	2.2946e-009	2.4809e-009	3.2092e-009	3.219e-009	4.5701e-009	6.407e-009	8.4626e-009	1.309e-008	1.7259e-008	2.3641e-008	3.0254e-008	3.5781e-008	4.2362e-008	4.7689e-008	5.76e-008	6.3962e-008	6.7241e-008	7.4709e-008	7.8979e-008	8.0537e-008	8.1686e-008	8.3244e-008	8.5035e-008	8.786e-008	8.7568e-008	8.7286e-008	8.7019e-008	8.7237e-008	8.7878e-008	8.7746e-008	8.7183e-008	8.5323e-008	8.3976e-008	8.3421e-008	8.1777e-008	7.9602e-008	7.6337e-008	7.3904e-008	7.2885e-008	7.1983e-008	7.0234e-008	6.6195e-008	6.4443e-008	6.2793e-008	6.0014e-008	5.8842e-008	5.6929e-008	5.6038e-008	5.3221e-008	5.0661e-008	4.8008e-008	4.6363e-008	4.4389e-008	4.2092e-008	3.964e-008	3.7635e-008	3.5171e-008	3.2853e-008	3.0667e-008	2.8607e-008	2.6864e-008	2.4522e-008	2.2697e-008	2.1284e-008	1.9713e-008	1.7425e-008	1.5574e-008	1.3869e-008	1.1924e-008	1.018e-008	8.6268e-009	7.4143e-009	5.9796e-009	4.4832e-009	3.5346e-009	3.2691e-009	3.5521e-009	3.4156e-009	2.6126e-009	2.4388e-009	2.984e-009	3.4382e-009	3.4059e-009	2.5632e-009	2.3049e-009	2.566e-009	2.8294e-009	3.6245e-009	4.3988e-009	5.6956e-009	8.315e-009	1.255e-008	1.7002e-008	2.2518e-008	2.7585e-008	3.4272e-008	4.2496e-008	5.0274e-008	5.688e-008	6.5688e-008	7.1376e-008	7.6445e-008	8.0708e-008	8.5874e-008	8.9798e-008	9.1759e-008	9.3388e-008	9.3525e-008	9.482e-008	9.5826e-008	9.6379e-008	9.6596e-008	9.6774e-008	9.548e-008	9.3511e-008	9.1986e-008	9.035e-008	8.8308e-008	8.6764e-008	8.607e-008	8.3217e-008	7.9686e-008	7.86e-008	7.7746e-008	7.6968e-008	7.5116e-008	7.2792e-008	6.9943e-008	6.7157e-008	6.5065e-008	6.2571e-008	6.0326e-008	5.8388e-008	5.7601e-008	5.5489e-008	5.2367e-008	4.8783e-008	4.7512e-008	4.4626e-008	4.1591e-008	3.9078e-008	3.8319e-008	3.585e-008	3.3265e-008	3.0865e-008	2.8476e-008	2.6403e-008	2.4611e-008	2.2567e-008	2.0483e-008	1.7387e-008	1.4873e-008	1.2182e-008	1.0521e-008	8.6412e-009	6.9452e-009	4.6536e-009	3.3615e-009	3.0972e-009	2.8983e-009	2.3235e-009	2.1323e-009	1.6096e-009	1.953e-009	2.3846e-009	2.6173e-009	2.9481e-009	3.0077e-009	2.515e-009	2.6116e-009	3.4924e-009	3.8587e-009	4.576e-009	6.9624e-009	9.4515e-009	1.4423e-008	1.8955e-008	2.3522e-008	2.9791e-008	3.36e-008	3.8059e-008	4.4632e-008	5.0905e-008	5.8731e-008	6.5553e-008	7.0962e-008	7.6942e-008	7.9793e-008	8.2262e-008	8.5436e-008	8.8713e-008	9.0398e-008	9.1505e-008	9.3151e-008	9.5118e-008	9.5291e-008	9.5237e-008	9.5688e-008	9.5547e-008	9.3375e-008	9.1191e-008	8.916e-008	8.6829e-008	8.5375e-008	8.365e-008	8.204e-008	7.988e-008	7.8521e-008	7.7241e-008	7.5464e-008	7.1905e-008	6.8306e-008	6.57e-008	6.4861e-008	6.4133e-008	6.2822e-008	5.9566e-008	5.7775e-008	5.5133e-008	5.142e-008	4.9403e-008	4.8139e-008	4.5055e-008	4.2492e-008	4.0024e-008	3.6468e-008	3.3137e-008	3.0755e-008	2.9119e-008	2.6509e-008	2.3354e-008	2.086e-008	1.8668e-008	1.67e-008	1.3771e-008	1.2564e-008	1.0806e-008	8.6072e-009	6.274e-009	5.8228e-009	4.7648e-009	3.9244e-009	3.6232e-009	3.3982e-009	2.7627e-009	2.581e-009	2.8328e-009	3.2076e-009
2.2629e-009	2.4273e-009	1.9923e-009	1.8432e-009	1.4354e-009	1.6748e-009	2.2576e-009	2.7334e-009	3.1111e-009	2.7924e-009	3.3912e-009	4.3284e-009	5.2329e-009	6.4979e-009	8.837e-009	1.2411e-008	1.5235e-008	1.9371e-008	2.3057e-008	2.9479e-008	3.4962e-008	4.3615e-008	5.2331e-008	5.924e-008	6.4853e-008	6.8981e-008	7.336e-008	7.826e-008	8.1285e-008	8.3844e-008	8.5907e-008	8.7003e-008	8.7985e-008	8.9333e-008	9.0131e-008	9.0558e-008	9.0586e-008	9.0577e-008	9.052e-008	9.0654e-008	8.9849e-008	8.8342e-008	8.662e-008	8.4037e-008	8.32e-008	8.2629e-008	8.0488e-008	7.7876e-008	7.5698e-008	7.4016e-008	7.1731e-008	6.9528e-008	6.8115e-008	6.6833e-008	6.5181e-008	6.2594e-008	6.1348e-008	5.9178e-008	5.6415e-008	5.4478e-008	5.2199e-008	5.0175e-008	4.7231e-008	4.5749e-008	4.4491e-008	4.118e-008	3.805e-008	3.4522e-008	3.276e-008	3.0059e-008	2.7673e-008	2.5978e-008	2.3696e-008	2.147e-008	1.9285e-008	1.7177e-008	1.5322e-008	1.3002e-008	1.1172e-008	9.8719e-009	8.051e-009	6.6877e-009	5.6449e-009	5.2279e-009	4.8513e-009	4.5396e-009	3.6228e-009	3.3352e-009	3.4293e-009	3.8072e-009	3.8455e-009	4.2533e-009	4.1776e-009	4.4849e-009	5.1695e-009	6.6577e-009	8.5075e-009	1.053e-008	1.3416e-008	1.5762e-008	1.9542e-008	2.4124e-008	2.9398e-008	3.5566e-008	3.8579e-008	4.3135e-008	5.3429e-008	5.878e-008	6.3142e-008	6.7637e-008	7.3125e-008	7.7445e-008	8.1725e-008	8.5239e-008	8.8295e-008	9.0423e-008	9.2394e-008	9.4427e-008	9.4927e-008	9.5097e-008	9.5068e-008	9.4489e-008	9.4201e-008	9.3371e-008	9.3299e-008	9.2049e-008	8.9565e-008	8.7711e-008	8.4985e-008	8.2901e-008	8.1324e-008	8.031e-008	7.8061e-008	7.6069e-008	7.4899e-008	7.2421e-008	7.0722e-008	6.801e-008	6.5336e-008	6.3308e-008	6.0069e-008	5.8192e-008	5.6502e-008	5.4235e-008	5.2589e-008	5.118e-008	5.0056e-008	4.7038e-008	4.2412e-008	4.1061e-008	3.94e-008	3.7939e-008	3.4756e-008	3.3239e-008	3.0498e-008	2.7313e-008	2.6066e-008	2.4587e-008	2.1851e-008	2.0056e-008	1.7359e-008	1.5505e-008	1.3471e-008	1.0541e-008	9.8219e-009	6.9565e-009	5.3863e-009	4.1969e-009	2.989e-009	2.8364e-009	3.7872e-009	4.1802e-009	3.8347e-009	3.7004e-009	3.5644e-009	3.5977e-009	3.5628e-009	4.147e-009	5.4859e-009	6.8858e-009	8.7661e-009	1.0223e-008	1.2739e-008	1.6431e-008	1.9214e-008	2.217e-008	2.5753e-008	3.0573e-008	3.5476e-008	3.9474e-008	4.9734e-008	5.6695e-008	6.1636e-008	6.637e-008	7.033e-008	7.5145e-008	7.8452e-008	8.2416e-008	8.4591e-008	8.7182e-008	8.9542e-008	9.2232e-008	9.1549e-008	9.0219e-008	8.9993e-008	9.0135e-008	9.0291e-008	9.0719e-008	9.0327e-008	8.9403e-008	8.7544e-008	8.5438e-008	8.1862e-008	7.985e-008	7.8014e-008	7.5853e-008	7.3762e-008	7.2794e-008	7.0832e-008	6.8803e-008	6.7224e-008	6.5835e-008	6.2611e-008	5.9396e-008	5.7305e-008	5.6273e-008	5.3841e-008	5.1002e-008	4.9971e-008	4.7967e-008	4.6381e-008	4.4169e-008	4.1324e-008	3.9747e-008	3.7767e-008	3.4512e-008	3.2017e-008	2.9956e-008	2.7552e-008	2.4426e-008	2.2849e-008	2.1166e-008	1.8719e-008	1.7021e-008	1.467e-008	1.2387e-008	1.0251e-008	8.6489e-009	6.4368e-009	4.7044e-009	3.6054e-009	3.5039e-009	3.0342e-009	2.4195e-009	2.1248e-009	2.1957e-009	2.2952e-009	2.0902e-009	1.834e-009	1.8625e-009	1.6093e-009	1.6654e-009	1.7892e-009	2.3554e-009	2.4163e-009	2.4967e-009	3.3268e-009	3.3765e-009	4.6927e-009	6.4101e-009	9.0472e-009	1.338e-008	1.7208e-008	2.317e-008	2.8625e-008	3.5399e-008	4.2541e-008	5.0296e-008	5.7528e-008	6.3709e-008	6.806e-008	7.534e-008	7.8872e-008	8.0188e-008	8.1804e-008	8.2905e-008	8.4206e-008	8.568e-008	8.6124e-008	8.6424e-008	8.7183e-008	8.7048e-008	8.683e-008	8.6961e-008	8.6623e-008	8.4658e-008	8.3579e-008	8.3033e-008	8.2117e-008	7.9045e-008	7.4836e-008	7.3078e-008	7.2195e-008	7.0722e-008	6.8538e-008	6.5635e-008	6.4621e-008	6.3672e-008	6.0218e-008	5.8617e-008	5.7215e-008	5.581e-008	5.3359e-008	5.1348e-008	4.8184e-008	4.6024e-008	4.4312e-008	4.1861e-008	3.887e-008	3.7157e-008	3.4543e-008	3.2023e-008	3.0456e-008	2.8587e-008	2.6624e-008	2.471e-008	2.2528e-008	2.1193e-008	1.9034e-008	1.6649e-008	1.495e-008	1.3525e-008	1.1598e-008	1.0131e-008	8.4386e-009	6.9172e-009	5.2443e-009	4.1653e-009	3.4502e-009	3.2628e-009	3.3108e-009	2.6575e-009	2.1693e-009	2.2624e-009	2.7534e-009	3.4162e-009	3.3157e-009	2.9518e-009	2.3258e-009	2.5042e-009	3.0301e-009	3.7441e-009	4.6382e-009	5.8118e-009	8.5747e-009	1.312e-008	1.8645e-008	2.2357e-008	2.7969e-008	3.6359e-008	4.3968e-008	5.0853e-008	5.6797e-008	6.5824e-008	7.1556e-008	7.6259e-008	8.0557e-008	8.4352e-008	8.8947e-008	9.1522e-008	9.3538e-008	9.5149e-008	9.5441e-008	9.5409e-008	9.5793e-008	9.6364e-008	9.5503e-008	9.44e-008	9.272e-008	9.1774e-008	8.9623e-008	8.8287e-008	8.7289e-008	8.523e-008	8.2297e-008	7.9119e-008	7.7713e-008	7.641e-008	7.5627e-008	7.4254e-008	7.1891e-008	6.8939e-008	6.6649e-008	6.4532e-008	6.1955e-008	5.9542e-008	5.8526e-008	5.7017e-008	5.398e-008	5.102e-008	4.8388e-008	4.7043e-008	4.4568e-008	4.0921e-008	3.9224e-008	3.763e-008	3.5962e-008	3.3304e-008	3.016e-008	2.7794e-008	2.6137e-008	2.4929e-008	2.2028e-008	2.0737e-008	1.6862e-008	1.4666e-008	1.2674e-008	1.0233e-008	8.5718e-009	6.1927e-009	4.134e-009	3.3108e-009	2.9983e-009	2.56e-009	2.4882e-009	2.2308e-009	1.6196e-009	2.1601e-009	2.4208e-009	2.5849e-009	2.7621e-009	2.6287e-009	1.9824e-009	2.6296e-009	3.4891e-009	3.7038e-009	5.5469e-009	8.2852e-009	1.1794e-008	1.5329e-008	1.9749e-008	2.3554e-008	2.9582e-008	3.3545e-008	3.842e-008	4.6047e-008	5.1466e-008	5.7856e-008	6.5865e-008	7.2434e-008	7.7458e-008	8.0116e-008	8.2222e-008	8.5072e-008	8.8184e-008	9.0271e-008	9.145e-008	9.2654e-008	9.4074e-008	9.4689e-008	9.4474e-008	9.4649e-008	9.3707e-008	9.1819e-008	9.0283e-008	8.8567e-008	8.6264e-008	8.4917e-008	8.35e-008	8.1657e-008	7.9737e-008	7.8267e-008	7.6491e-008	7.3255e-008	7.0327e-008	6.7366e-008	6.5822e-008	6.5222e-008	6.4137e-008	6.2505e-008	6.0102e-008	5.8025e-008	5.5991e-008	5.3608e-008	5.0119e-008	4.7964e-008	4.4706e-008	4.1954e-008	3.9456e-008	3.6509e-008	3.3272e-008	3.074e-008	2.8458e-008	2.6202e-008	2.3251e-008	2.0975e-008	1.8865e-008	1.6168e-008	1.4683e-008	1.3009e-008	1.0442e-008	8.7437e-009	7.1781e-009	5.777e-009	4.6241e-009	3.9122e-009	3.803e-009	3.5894e-009	3.222e-009	2.8412e-009	2.926e-009	3.2513e-009
2.2348e-009	2.2292e-009	1.8682e-009	1.7017e-009	1.5824e-009	1.3412e-009	1.7632e-009	2.282e-009	2.6354e-009	2.5254e-009	3.2422e-009	3.7426e-009	4.4609e-009	6.2818e-009	8.6551e-009	1.1081e-008	1.4038e-008	1.8451e-008	2.3247e-008	2.9706e-008	3.6087e-008	4.4116e-008	5.1723e-008	5.8954e-008	6.4123e-008	6.8292e-008	7.5404e-008	7.9865e-008	8.2865e-008	8.487e-008	8.6083e-008	8.6959e-008	8.8104e-008	8.8844e-008	9.0353e-008	9.0567e-008	9.0442e-008	9.0145e-008	9.0684e-008	9.0825e-008	8.9835e-008	8.8464e-008	8.6141e-008	8.4324e-008	8.3291e-008	8.1611e-008	7.9658e-008	7.7816e-008	7.5752e-008	7.398e-008	7.1895e-008	6.9843e-008	6.8541e-008	6.6968e-008	6.5571e-008	6.3167e-008	6.1562e-008	5.925e-008	5.7523e-008	5.5584e-008	5.3255e-008	5.0646e-008	4.7658e-008	4.5533e-008	4.45e-008	4.1425e-008	3.8987e-008	3.4594e-008	3.3084e-008	3.0642e-008	2.8803e-008	2.483e-008	2.3055e-008	2.1059e-008	1.9047e-008	1.725e-008	1.5476e-008	1.3553e-008	1.1777e-008	1.0133e-008	7.4729e-009	6.4372e-009	5.3351e-009	4.7287e-009	5.1852e-009	4.5894e-009	3.6076e-009	3.0384e-009	3.548e-009	3.8131e-009	3.7652e-009	3.9005e-009	3.9139e-009	4.2478e-009	5.3232e-009	6.3748e-009	8.0304e-009	1.0095e-008	1.2888e-008	1.5297e-008	1.8933e-008	2.3521e-008	2.8385e-008	3.4786e-008	3.849e-008	4.4426e-008	5.1634e-008	5.756e-008	6.2286e-008	6.7192e-008	7.2611e-008	7.7051e-008	8.1742e-008	8.5625e-008	8.7721e-008	8.9619e-008	9.1778e-008	9.32e-008	9.4418e-008	9.5349e-008	9.5374e-008	9.4672e-008	9.4233e-008	9.3337e-008	9.2515e-008	9.1178e-008	8.8771e-008	8.6775e-008	8.5132e-008	8.2911e-008	8.0746e-008	7.9955e-008	7.8435e-008	7.6756e-008	7.5583e-008	7.279e-008	6.97e-008	6.7771e-008	6.5741e-008	6.3766e-008	6.0304e-008	5.8264e-008	5.6804e-008	5.4499e-008	5.271e-008	5.1329e-008	4.9516e-008	4.6625e-008	4.3634e-008	4.1229e-008	3.9903e-008	3.7961e-008	3.5298e-008	3.294e-008	3.0868e-008	2.7796e-008	2.5542e-008	2.3787e-008	2.1984e-008	2.0538e-008	1.737e-008	1.5011e-008	1.3173e-008	1.1157e-008	1.0027e-008	7.8553e-009	5.9727e-009	4.6284e-009	3.5312e-009	3.2281e-009	3.5178e-009	3.8393e-009	3.7947e-009	3.4932e-009	3.2853e-009	3.4977e-009	3.5798e-009	4.0867e-009	5.3168e-009	7.0592e-009	8.8258e-009	1.0304e-008	1.252e-008	1.6348e-008	1.9018e-008	2.2104e-008	2.6062e-008	3.1726e-008	3.6524e-008	3.9706e-008	4.4915e-008	5.5689e-008	6.0546e-008	6.6175e-008	6.8715e-008	7.358e-008	7.7637e-008	8.0895e-008	8.2973e-008	8.5894e-008	8.8741e-008	9.0876e-008	9.1298e-008	9.0378e-008	9.0505e-008	9.0819e-008	9.1147e-008	9.1184e-008	9.0375e-008	8.9245e-008	8.7577e-008	8.5776e-008	8.2599e-008	8.0006e-008	7.8677e-008	7.6788e-008	7.4953e-008	7.2703e-008	7.0617e-008	6.8913e-008	6.7391e-008	6.5783e-008	6.2611e-008	5.9651e-008	5.7904e-008	5.6508e-008	5.4655e-008	5.1845e-008	4.9532e-008	4.8261e-008	4.6275e-008	4.4485e-008	4.1593e-008	3.9906e-008	3.7709e-008	3.5192e-008	3.2649e-008	3.0348e-008	2.7581e-008	2.5493e-008	2.3208e-008	2.1056e-008	1.8795e-008	1.7229e-008	1.4976e-008	1.2402e-008	1.0719e-008	8.4752e-009	6.7449e-009	5.3475e-009	3.9108e-009	3.5047e-009	3.1894e-009	2.5794e-009	2.1425e-009	2.3849e-009	2.5307e-009	2.0164e-009	2.0792e-009	1.6416e-009	1.3734e-009	1.1025e-009	1.4969e-009	2.2196e-009	2.5088e-009	2.6862e-009	3.1473e-009	3.7029e-009	4.6675e-009	6.4372e-009	9.1702e-009	1.3347e-008	1.7576e-008	2.2546e-008	2.802e-008	3.5036e-008	4.354e-008	5.1145e-008	5.7602e-008	6.2397e-008	6.7849e-008	7.3747e-008	7.7889e-008	7.9322e-008	8.0433e-008	8.1875e-008	8.3496e-008	8.4796e-008	8.553e-008	8.6292e-008	8.7301e-008	8.7079e-008	8.6805e-008	8.6525e-008	8.5826e-008	8.4564e-008	8.3667e-008	8.3193e-008	8.1739e-008	7.9336e-008	7.5158e-008	7.3411e-008	7.2051e-008	7.0733e-008	6.8617e-008	6.6127e-008	6.5321e-008	6.4197e-008	6.2017e-008	5.9152e-008	5.723e-008	5.5218e-008	5.2783e-008	5.1096e-008	4.8747e-008	4.6146e-008	4.3978e-008	4.164e-008	3.8408e-008	3.6037e-008	3.4455e-008	3.232e-008	3.0581e-008	2.8495e-008	2.6732e-008	2.4883e-008	2.3042e-008	2.1238e-008	1.9409e-008	1.6861e-008	1.5385e-008	1.373e-008	1.1636e-008	1.0319e-008	8.7069e-009	6.8147e-009	4.8404e-009	3.9164e-009	3.6106e-009	3.2473e-009	3.1045e-009	1.9463e-009	1.7553e-009	1.7994e-009	2.1944e-009	3.5588e-009	3.1476e-009	3.212e-009	2.9742e-009	2.6864e-009	3.2852e-009	4.1851e-009	5.0068e-009	6.2323e-009	9.0161e-009	1.3807e-008	1.7901e-008	2.2483e-008	2.8726e-008	3.6742e-008	4.445e-008	5.0673e-008	5.6902e-008	6.508e-008	7.1482e-008	7.6536e-008	8.0232e-008	8.3784e-008	8.786e-008	9.1497e-008	9.4403e-008	9.5695e-008	9.5746e-008	9.5622e-008	9.647e-008	9.6613e-008	9.5343e-008	9.4624e-008	9.3427e-008	9.2353e-008	9.0096e-008	8.8597e-008	8.7066e-008	8.4365e-008	8.1565e-008	7.8858e-008	7.746e-008	7.6358e-008	7.588e-008	7.3493e-008	7.1314e-008	6.8544e-008	6.6332e-008	6.4423e-008	6.1921e-008	5.965e-008	5.8424e-008	5.6948e-008	5.3303e-008	5.0406e-008	4.8933e-008	4.7406e-008	4.4476e-008	4.191e-008	4.0298e-008	3.7608e-008	3.5691e-008	3.343e-008	3.1229e-008	2.8558e-008	2.6327e-008	2.4173e-008	2.2086e-008	2.0737e-008	1.718e-008	1.4454e-008	1.337e-008	1.0233e-008	8.0695e-009	6.2055e-009	5.0722e-009	3.7172e-009	3.2958e-009	2.7557e-009	2.3283e-009	2.3306e-009	1.9742e-009	2.0091e-009	1.8151e-009	2.0142e-009	1.9053e-009	2.1936e-009	2.2819e-009	2.7859e-009	3.2003e-009	4.0654e-009	6.1105e-009	9.8054e-009	1.2281e-008	1.5798e-008	1.9663e-008	2.3787e-008	2.9216e-008	3.3689e-008	4.1397e-008	4.6833e-008	5.2968e-008	5.895e-008	6.4893e-008	7.1444e-008	7.7317e-008	7.9726e-008	8.1841e-008	8.4567e-008	8.7439e-008	9.0115e-008	9.1393e-008	9.2526e-008	9.3535e-008	9.3855e-008	9.4082e-008	9.3809e-008	9.3039e-008	9.169e-008	8.9799e-008	8.7521e-008	8.6058e-008	8.4456e-008	8.2838e-008	8.0814e-008	7.832e-008	7.6473e-008	7.5753e-008	7.3513e-008	7.027e-008	6.7899e-008	6.6588e-008	6.5989e-008	6.4167e-008	6.2171e-008	5.9727e-008	5.7747e-008	5.5641e-008	5.3363e-008	5.0979e-008	4.7001e-008	4.3584e-008	4.1112e-008	3.8393e-008	3.5798e-008	3.3018e-008	3.0756e-008	2.8454e-008	2.62e-008	2.3595e-008	2.1056e-008	1.8448e-008	1.6328e-008	1.4283e-008	1.2894e-008	1.0309e-008	8.3516e-009	7.3978e-009	5.9199e-009	4.6868e-009	3.985e-009	3.9806e-009	3.4031e-009	3.022e-009	3.2745e-009	3.465e-009	3.1994e-009
2.6023e-009	2.8011e-009	1.899e-009	1.8973e-009	2.1367e-009	1.5534e-009	1.7881e-009	2.2715e-009	2.7398e-009	3.1146e-009	3.6633e-009	4.153e-009	4.8734e-009	6.3613e-009	8.5493e-009	1.0857e-008	1.4194e-008	1.8311e-008	2.3543e-008	2.9948e-008	3.6728e-008	4.6549e-008	5.418e-008	5.966e-008	6.4622e-008	6.982e-008	7.5294e-008	8.2206e-008	8.5155e-008	8.624e-008	8.6831e-008	8.7668e-008	8.881e-008	8.9828e-008	9.0696e-008	9.0662e-008	9.0674e-008	9.0287e-008	9.0667e-008	9.083e-008	8.9746e-008	8.9001e-008	8.7908e-008	8.5064e-008	8.3039e-008	8.1452e-008	7.9699e-008	7.8157e-008	7.5065e-008	7.4173e-008	7.2631e-008	7.0744e-008	6.8989e-008	6.7421e-008	6.54e-008	6.3652e-008	6.1676e-008	5.8953e-008	5.7861e-008	5.5982e-008	5.3995e-008	5.1419e-008	4.8275e-008	4.6729e-008	4.4797e-008	4.1211e-008	3.8752e-008	3.49e-008	3.2946e-008	3.0957e-008	2.8705e-008	2.5603e-008	2.3822e-008	2.125e-008	1.9228e-008	1.7286e-008	1.5428e-008	1.4291e-008	1.2431e-008	1.0259e-008	8.1822e-009	6.3269e-009	5.2974e-009	4.6191e-009	5.2065e-009	5.0012e-009	3.7829e-009	3.7309e-009	3.9124e-009	3.8655e-009	4.1013e-009	3.7388e-009	3.6722e-009	4.5337e-009	5.2472e-009	6.2522e-009	8.0328e-009	1.0381e-008	1.3424e-008	1.6028e-008	1.9503e-008	2.3489e-008	2.8392e-008	3.5599e-008	3.9281e-008	4.5477e-008	5.1694e-008	5.695e-008	6.1265e-008	6.7438e-008	7.3307e-008	7.735e-008	8.2232e-008	8.582e-008	8.8668e-008	9.0369e-008	9.1882e-008	9.3534e-008	9.4411e-008	9.5041e-008	9.5312e-008	9.5048e-008	9.407e-008	9.3533e-008	9.2928e-008	9.1176e-008	8.9133e-008	8.6578e-008	8.4914e-008	8.3173e-008	8.0866e-008	7.9843e-008	7.8669e-008	7.7627e-008	7.6249e-008	7.2439e-008	6.9957e-008	6.793e-008	6.6273e-008	6.378e-008	6.1625e-008	5.902e-008	5.6914e-008	5.5217e-008	5.2889e-008	5.0711e-008	4.8564e-008	4.6482e-008	4.4066e-008	4.1975e-008	3.9651e-008	3.79e-008	3.4825e-008	3.2857e-008	3.0507e-008	2.7922e-008	2.6354e-008	2.4e-008	2.2112e-008	2.0327e-008	1.7615e-008	1.5058e-008	1.3554e-008	1.143e-008	9.8077e-009	8.1117e-009	6.3033e-009	5.0266e-009	4.3587e-009	3.6768e-009	3.591e-009	3.8252e-009	3.7606e-009	3.6287e-009	3.4332e-009	3.7816e-009	4.2224e-009	4.6336e-009	5.6746e-009	7.2595e-009	8.7871e-009	1.0972e-008	1.3063e-008	1.6978e-008	1.9474e-008	2.1696e-008	2.7583e-008	3.139e-008	3.7143e-008	4.0519e-008	4.4552e-008	5.4665e-008	5.9098e-008	6.5814e-008	6.8655e-008	7.2722e-008	7.6966e-008	7.9683e-008	8.2775e-008	8.5665e-008	8.8368e-008	8.983e-008	9.0479e-008	9.0431e-008	9.0767e-008	9.1149e-008	9.1615e-008	9.144e-008	9.044e-008	8.919e-008	8.6857e-008	8.5292e-008	8.3289e-008	8.1113e-008	7.8964e-008	7.7334e-008	7.4786e-008	7.2569e-008	7.0144e-008	6.9491e-008	6.7495e-008	6.4562e-008	6.2333e-008	6.0425e-008	5.8428e-008	5.6637e-008	5.4279e-008	5.1723e-008	4.9917e-008	4.8222e-008	4.6555e-008	4.3679e-008	4.1612e-008	3.9649e-008	3.7279e-008	3.5246e-008	3.316e-008	3.0484e-008	2.7599e-008	2.6082e-008	2.3955e-008	2.1651e-008	1.8783e-008	1.7635e-008	1.5908e-008	1.3051e-008	1.1054e-008	8.9873e-009	7.2344e-009	5.7789e-009	4.454e-009	3.9973e-009	3.3072e-009	2.9597e-009	2.5423e-009	2.1679e-009	2.6365e-009	2.273e-009	2.0009e-009	1.9213e-009	1.3753e-009	1.376e-009	2.1793e-009	2.7035e-009	2.3561e-009	3.1451e-009	3.573e-009	4.2551e-009	5.1627e-009	6.9598e-009	1.0429e-008	1.4101e-008	1.7944e-008	2.3027e-008	2.9688e-008	3.591e-008	4.5868e-008	5.3332e-008	5.8969e-008	6.4173e-008	6.8147e-008	7.3738e-008	7.6951e-008	7.8296e-008	8.0498e-008	8.2187e-008	8.4062e-008	8.5134e-008	8.5699e-008	8.6706e-008	8.7416e-008	8.7592e-008	8.6802e-008	8.6625e-008	8.5772e-008	8.4172e-008	8.3606e-008	8.2432e-008	8.0387e-008	7.7455e-008	7.6197e-008	7.3938e-008	7.2582e-008	7.0183e-008	6.8501e-008	6.6591e-008	6.5375e-008	6.4211e-008	6.2241e-008	5.9423e-008	5.6647e-008	5.4962e-008	5.245e-008	5.0711e-008	4.8415e-008	4.5829e-008	4.3004e-008	4.048e-008	3.7447e-008	3.6003e-008	3.4314e-008	3.0844e-008	2.9339e-008	2.7911e-008	2.6187e-008	2.3711e-008	2.2886e-008	2.1393e-008	1.8689e-008	1.6915e-008	1.5597e-008	1.3436e-008	1.1438e-008	9.7501e-009	8.1299e-009	6.4642e-009	4.7891e-009	4.0591e-009	3.2684e-009	2.8451e-009	2.3602e-009	2.0507e-009	1.9354e-009	1.6785e-009	2.4064e-009	2.8255e-009	3.2054e-009	3.437e-009	3.1846e-009	2.9578e-009	3.7317e-009	4.3398e-009	5.4539e-009	6.9789e-009	1.0151e-008	1.4737e-008	1.9363e-008	2.5641e-008	3.0934e-008	3.7322e-008	4.5281e-008	5.229e-008	5.7785e-008	6.4611e-008	7.1559e-008	7.6016e-008	8.0723e-008	8.3675e-008	8.6206e-008	9.1692e-008	9.5194e-008	9.5804e-008	9.5623e-008	9.5867e-008	9.6505e-008	9.6458e-008	9.582e-008	9.4572e-008	9.3662e-008	9.2472e-008	9.0318e-008	8.7468e-008	8.616e-008	8.4128e-008	8.1186e-008	7.848e-008	7.6838e-008	7.5581e-008	7.55e-008	7.4136e-008	7.0961e-008	6.8678e-008	6.6009e-008	6.3016e-008	6.2006e-008	5.9149e-008	5.7985e-008	5.5268e-008	5.3041e-008	5.0936e-008	4.8718e-008	4.6485e-008	4.3593e-008	4.1496e-008	4.0303e-008	3.7208e-008	3.6219e-008	3.3953e-008	3.0818e-008	2.8206e-008	2.6618e-008	2.4334e-008	2.2283e-008	2.0263e-008	1.699e-008	1.5545e-008	1.3723e-008	1.1026e-008	9.1773e-009	6.7065e-009	5.5682e-009	4.5804e-009	3.7046e-009	3.1224e-009	2.727e-009	2.1529e-009	2.3711e-009	2.0198e-009	2.0136e-009	2.0881e-009	2.2649e-009	2.3683e-009	2.4654e-009	3.2527e-009	3.4052e-009	4.8895e-009	7.7895e-009	1.0647e-008	1.3002e-008	1.629e-008	2.0701e-008	2.5456e-008	2.9188e-008	3.377e-008	4.2127e-008	4.884e-008	5.4327e-008	5.9866e-008	6.495e-008	6.9147e-008	7.68e-008	7.9658e-008	8.1959e-008	8.4645e-008	8.7615e-008	9.1042e-008	9.1968e-008	9.2691e-008	9.3783e-008	9.3931e-008	9.3961e-008	9.3399e-008	9.3154e-008	9.1591e-008	8.9804e-008	8.7271e-008	8.5255e-008	8.3654e-008	8.1589e-008	7.9477e-008	7.7579e-008	7.5788e-008	7.4254e-008	7.2576e-008	7.0937e-008	6.7994e-008	6.6841e-008	6.6233e-008	6.4703e-008	6.2722e-008	5.9509e-008	5.6587e-008	5.5049e-008	5.2935e-008	5.0602e-008	4.6424e-008	4.2599e-008	3.9544e-008	3.7696e-008	3.5347e-008	3.3411e-008	3.1365e-008	2.8535e-008	2.6026e-008	2.302e-008	2.089e-008	1.827e-008	1.646e-008	1.4339e-008	1.2627e-008	1.0837e-008	8.2385e-009	7.0035e-009	5.5641e-009	5.0395e-009	4.2124e-009	3.9372e-009	3.639e-009	3.3924e-009	3.7078e-009	3.6996e-009	3.5182e-009
2.5419e-009	2.6065e-009	1.9157e-009	2.284e-009	2.5296e-009	2.3555e-009	2.6004e-009	3.2408e-009	3.4821e-009	3.9631e-009	4.1602e-009	4.5927e-009	4.8402e-009	6.2194e-009	7.9886e-009	1.09e-008	1.4336e-008	1.7259e-008	2.444e-008	3.0023e-008	3.8672e-008	4.8708e-008	5.5708e-008	6.0696e-008	6.4687e-008	7.0705e-008	7.6041e-008	8.1001e-008	8.5929e-008	8.7001e-008	8.7558e-008	8.8486e-008	8.964e-008	9.1153e-008	9.1393e-008	9.1083e-008	9.1106e-008	9.079e-008	9.1119e-008	9.1048e-008	9.0163e-008	8.9205e-008	8.8827e-008	8.6128e-008	8.3642e-008	8.1608e-008	7.9974e-008	7.7975e-008	7.5825e-008	7.4569e-008	7.3127e-008	7.1346e-008	6.8871e-008	6.7498e-008	6.5318e-008	6.4433e-008	6.2039e-008	5.9192e-008	5.7878e-008	5.6137e-008	5.4218e-008	5.1336e-008	4.8397e-008	4.6305e-008	4.46e-008	4.2109e-008	3.9532e-008	3.4231e-008	3.2719e-008	3.1304e-008	2.9795e-008	2.6521e-008	2.3391e-008	2.1835e-008	1.9451e-008	1.7689e-008	1.5398e-008	1.3506e-008	1.1701e-008	1.0434e-008	8.339e-009	6.5636e-009	5.4307e-009	4.7456e-009	5.3331e-009	4.2814e-009	3.9893e-009	3.9891e-009	3.9804e-009	4.1852e-009	4.5068e-009	4.5968e-009	4.6379e-009	4.9983e-009	5.3461e-009	6.3788e-009	7.9726e-009	1.0639e-008	1.3128e-008	1.6609e-008	1.9597e-008	2.4427e-008	2.8907e-008	3.5338e-008	4.1058e-008	4.8269e-008	5.4197e-008	5.8515e-008	6.1576e-008	6.6881e-008	7.1483e-008	7.7056e-008	8.1151e-008	8.5936e-008	8.9088e-008	9.004e-008	9.1539e-008	9.355e-008	9.446e-008	9.4977e-008	9.5408e-008	9.5575e-008	9.4746e-008	9.4243e-008	9.2997e-008	9.1188e-008	8.9413e-008	8.7166e-008	8.5334e-008	8.3254e-008	8.0836e-008	8.0006e-008	7.9543e-008	7.8856e-008	7.6632e-008	7.3072e-008	6.959e-008	6.8365e-008	6.6599e-008	6.4491e-008	6.2826e-008	6.1063e-008	5.82e-008	5.6318e-008	5.3525e-008	4.9803e-008	4.8132e-008	4.6598e-008	4.4563e-008	4.2374e-008	3.9828e-008	3.7444e-008	3.5645e-008	3.373e-008	3.1814e-008	2.8916e-008	2.5949e-008	2.4333e-008	2.2931e-008	2.0398e-008	1.7648e-008	1.5549e-008	1.3754e-008	1.2647e-008	1.0481e-008	7.428e-009	6.8138e-009	5.5307e-009	4.7416e-009	4.2029e-009	4.1881e-009	3.995e-009	4.0834e-009	4.4402e-009	3.9283e-009	4.2812e-009	4.7351e-009	5.2739e-009	6.6152e-009	7.7375e-009	8.9324e-009	1.1044e-008	1.3938e-008	1.7642e-008	1.9335e-008	2.2597e-008	2.7729e-008	3.2859e-008	3.7818e-008	4.1245e-008	4.5199e-008	5.3219e-008	5.8461e-008	6.3511e-008	6.8218e-008	7.2871e-008	7.637e-008	7.978e-008	8.2401e-008	8.459e-008	8.7637e-008	8.8447e-008	8.9073e-008	9.0578e-008	9.1542e-008	9.1635e-008	9.133e-008	9.102e-008	9.001e-008	8.8753e-008	8.6775e-008	8.4916e-008	8.1931e-008	8.0948e-008	7.8938e-008	7.7538e-008	7.4577e-008	7.2346e-008	7.0342e-008	6.8757e-008	6.746e-008	6.4629e-008	6.1847e-008	5.9985e-008	5.9092e-008	5.7396e-008	5.55e-008	5.3726e-008	4.9835e-008	4.8549e-008	4.6501e-008	4.4139e-008	4.2537e-008	4.0335e-008	3.7491e-008	3.5548e-008	3.3655e-008	3.1784e-008	2.8795e-008	2.6894e-008	2.4405e-008	2.2517e-008	1.9973e-008	1.7879e-008	1.5981e-008	1.361e-008	1.1044e-008	9.3337e-009	8.1208e-009	6.4983e-009	5.1866e-009	4.1453e-009	3.2497e-009	2.9141e-009	2.7731e-009	2.7241e-009	2.8563e-009	2.263e-009	2.1705e-009	2.2509e-009	2.3823e-009	2.1759e-009	2.6219e-009	3.1549e-009	2.724e-009	3.3052e-009	4.0063e-009	4.2949e-009	5.8006e-009	7.7285e-009	1.1241e-008	1.4682e-008	1.9107e-008	2.3678e-008	2.9815e-008	3.8233e-008	4.4082e-008	5.4996e-008	6.1346e-008	6.5598e-008	6.9098e-008	7.3255e-008	7.5915e-008	7.8294e-008	7.9925e-008	8.1815e-008	8.4378e-008	8.5898e-008	8.6478e-008	8.723e-008	8.7733e-008	8.7453e-008	8.7175e-008	8.7424e-008	8.7151e-008	8.5499e-008	8.3953e-008	8.2455e-008	8.0446e-008	7.8223e-008	7.7434e-008	7.5373e-008	7.2453e-008	7.1044e-008	6.9507e-008	6.712e-008	6.5828e-008	6.3753e-008	6.2022e-008	5.9249e-008	5.7268e-008	5.4874e-008	5.2474e-008	5.0867e-008	4.8817e-008	4.6652e-008	4.3069e-008	4.1698e-008	3.8028e-008	3.637e-008	3.448e-008	3.1781e-008	2.9787e-008	2.819e-008	2.6488e-008	2.4537e-008	2.2734e-008	2.1418e-008	1.8893e-008	1.7023e-008	1.608e-008	1.3632e-008	1.2009e-008	1.0071e-008	8.3026e-009	6.3907e-009	5.3555e-009	4.4185e-009	3.7339e-009	3.1578e-009	2.9909e-009	2.7205e-009	2.5219e-009	1.953e-009	2.7908e-009	2.7701e-009	2.878e-009	3.2413e-009	3.4064e-009	3.1838e-009	3.9687e-009	4.4725e-009	5.7028e-009	7.3578e-009	1.0975e-008	1.6108e-008	2.0612e-008	2.6128e-008	3.1777e-008	3.696e-008	4.6246e-008	5.3376e-008	5.8991e-008	6.4838e-008	7.1946e-008	7.5683e-008	8.0285e-008	8.3589e-008	8.7154e-008	9.146e-008	9.397e-008	9.5429e-008	9.5491e-008	9.6087e-008	9.6088e-008	9.62e-008	9.6405e-008	9.4981e-008	9.3441e-008	9.2104e-008	9.0456e-008	8.7441e-008	8.6092e-008	8.4501e-008	8.2027e-008	7.8596e-008	7.6832e-008	7.448e-008	7.3793e-008	7.3529e-008	7.1263e-008	6.9294e-008	6.646e-008	6.3201e-008	6.127e-008	6.0142e-008	5.8413e-008	5.5884e-008	5.3772e-008	5.115e-008	4.9591e-008	4.6995e-008	4.3597e-008	4.1238e-008	3.9782e-008	3.7633e-008	3.6329e-008	3.4313e-008	3.2185e-008	2.9514e-008	2.6841e-008	2.4587e-008	2.2864e-008	2.1041e-008	1.8455e-008	1.6137e-008	1.4656e-008	1.2276e-008	1.0235e-008	7.988e-009	6.3776e-009	5.2943e-009	4.3104e-009	3.964e-009	3.6007e-009	2.8788e-009	2.8349e-009	2.8196e-009	2.7686e-009	2.799e-009	3.0972e-009	2.7882e-009	3.3943e-009	3.7219e-009	4.7296e-009	6.4362e-009	8.593e-009	1.1496e-008	1.3485e-008	1.6745e-008	2.1151e-008	2.613e-008	3.0092e-008	3.577e-008	4.3493e-008	4.9905e-008	5.4843e-008	6.0852e-008	6.5303e-008	6.9775e-008	7.3969e-008	7.866e-008	8.1151e-008	8.4887e-008	8.8062e-008	9.0079e-008	9.1829e-008	9.2799e-008	9.3865e-008	9.4201e-008	9.4483e-008	9.3525e-008	9.3069e-008	9.1881e-008	8.9179e-008	8.7073e-008	8.4417e-008	8.2084e-008	8.0821e-008	7.9454e-008	7.8632e-008	7.6514e-008	7.4184e-008	7.1716e-008	7.0338e-008	6.8262e-008	6.8257e-008	6.6576e-008	6.4627e-008	6.2132e-008	5.9421e-008	5.6626e-008	5.3875e-008	5.2429e-008	5.1016e-008	4.7872e-008	4.4039e-008	4.0092e-008	3.738e-008	3.6142e-008	3.318e-008	2.9953e-008	2.8468e-008	2.4434e-008	2.2241e-008	2.0879e-008	1.9319e-008	1.6898e-008	1.3457e-008	1.2627e-008	1.0229e-008	8.6047e-009	7.1422e-009	6.3478e-009	5.1626e-009	4.6981e-009	4.5998e-009	4.1556e-009	3.9248e-009	4.0907e-009	4.0813e-009	3.8429e-009
1.9466e-009	1.7199e-009	1.7638e-009	2.1312e-009	2.611e-009	2.368e-009	2.8435e-009	3.3624e-009	3.5134e-009	4.1963e-009	4.3767e-009	4.2625e-009	5.0288e-009	5.9748e-009	8.328e-009	1.1024e-008	1.4219e-008	1.9597e-008	2.554e-008	3.2047e-008	3.7431e-008	4.6149e-008	5.5864e-008	6.0242e-008	6.4405e-008	7.1124e-008	7.6354e-008	8.1956e-008	8.5683e-008	8.7016e-008	8.7785e-008	8.8809e-008	8.9963e-008	9.1338e-008	9.1534e-008	9.1233e-008	9.1078e-008	9.1043e-008	9.109e-008	9.0174e-008	8.9707e-008	8.8623e-008	8.7761e-008	8.5826e-008	8.3723e-008	8.2077e-008	7.9569e-008	7.7063e-008	7.539e-008	7.4336e-008	7.322e-008	7.1004e-008	6.8691e-008	6.6102e-008	6.4852e-008	6.4024e-008	6.2208e-008	5.8677e-008	5.6894e-008	5.5709e-008	5.4292e-008	5.2192e-008	4.9083e-008	4.6679e-008	4.5109e-008	4.1675e-008	3.81e-008	3.5351e-008	3.3003e-008	3.0669e-008	2.8588e-008	2.6429e-008	2.4179e-008	2.2379e-008	2.0321e-008	1.8125e-008	1.6082e-008	1.3927e-008	1.1735e-008	1.0192e-008	8.3137e-009	6.3583e-009	5.3679e-009	4.3939e-009	4.6086e-009	4.4546e-009	4.1857e-009	3.6249e-009	3.4507e-009	3.8634e-009	4.0637e-009	4.9004e-009	4.8802e-009	4.9192e-009	5.3885e-009	6.5922e-009	8.0836e-009	9.845e-009	1.312e-008	1.6725e-008	2.0686e-008	2.4172e-008	2.9712e-008	3.5647e-008	4.2724e-008	4.8659e-008	5.5749e-008	5.9389e-008	6.2428e-008	6.6119e-008	7.1179e-008	7.5854e-008	8.0807e-008	8.4192e-008	8.8298e-008	8.9584e-008	9.137e-008	9.2648e-008	9.3872e-008	9.4874e-008	9.483e-008	9.5164e-008	9.4668e-008	9.4003e-008	9.271e-008	9.1022e-008	8.9453e-008	8.7666e-008	8.5709e-008	8.3446e-008	8.1487e-008	7.9963e-008	7.9643e-008	7.9092e-008	7.5163e-008	7.0726e-008	6.9136e-008	6.8128e-008	6.6668e-008	6.5152e-008	6.3311e-008	6.1687e-008	5.9263e-008	5.6046e-008	5.3725e-008	5.0341e-008	4.8505e-008	4.6408e-008	4.483e-008	4.1964e-008	3.9204e-008	3.7349e-008	3.5078e-008	3.423e-008	3.1995e-008	3.033e-008	2.639e-008	2.4027e-008	2.2846e-008	2.0763e-008	1.7736e-008	1.5647e-008	1.3596e-008	1.2652e-008	1.0514e-008	6.8857e-009	6.6875e-009	5.6935e-009	4.4775e-009	4.3017e-009	4.1832e-009	4.2708e-009	4.3844e-009	4.0815e-009	4.159e-009	4.3294e-009	4.703e-009	5.3026e-009	6.1212e-009	7.7202e-009	9.1038e-009	1.0668e-008	1.4373e-008	1.7923e-008	1.9534e-008	2.2973e-008	2.655e-008	3.2021e-008	3.7257e-008	4.1316e-008	4.6633e-008	5.3157e-008	5.8839e-008	6.2923e-008	6.7235e-008	7.1615e-008	7.54e-008	7.8629e-008	8.1261e-008	8.4065e-008	8.7039e-008	8.8361e-008	8.9691e-008	9.1284e-008	9.1663e-008	9.1378e-008	9.1512e-008	9.0559e-008	9.0333e-008	8.8061e-008	8.5753e-008	8.3767e-008	8.147e-008	8.0139e-008	7.7902e-008	7.7006e-008	7.4367e-008	7.1517e-008	7.0155e-008	6.8487e-008	6.6097e-008	6.3794e-008	6.1482e-008	5.9897e-008	5.8469e-008	5.706e-008	5.5849e-008	5.334e-008	4.9648e-008	4.8273e-008	4.6477e-008	4.4163e-008	4.2396e-008	3.9582e-008	3.7295e-008	3.523e-008	3.3974e-008	3.1774e-008	2.8329e-008	2.6382e-008	2.4443e-008	2.2297e-008	2.0317e-008	1.8176e-008	1.6244e-008	1.4285e-008	1.1341e-008	9.1979e-009	7.995e-009	5.9685e-009	4.8756e-009	3.9206e-009	3.39e-009	2.9134e-009	2.6243e-009	2.9833e-009	2.4636e-009	1.5353e-009	1.5795e-009	1.9335e-009	2.1589e-009	2.7121e-009	2.7106e-009	2.9969e-009	2.5733e-009	3.4054e-009	3.7651e-009	4.663e-009	5.7853e-009	7.8019e-009	1.095e-008	1.5054e-008	1.917e-008	2.4853e-008	3.0494e-008	3.8513e-008	4.5874e-008	5.6377e-008	6.2329e-008	6.7547e-008	6.9835e-008	7.279e-008	7.6233e-008	7.8134e-008	7.9986e-008	8.1837e-008	8.4508e-008	8.6856e-008	8.7283e-008	8.756e-008	8.7722e-008	8.6922e-008	8.7197e-008	8.7325e-008	8.6539e-008	8.5914e-008	8.3928e-008	8.1786e-008	8.0037e-008	7.8033e-008	7.7295e-008	7.5319e-008	7.228e-008	7.045e-008	6.8848e-008	6.7027e-008	6.4877e-008	6.2617e-008	6.1639e-008	6.0012e-008	5.7487e-008	5.4035e-008	5.2113e-008	5.0757e-008	4.8284e-008	4.5623e-008	4.317e-008	4.1749e-008	3.7981e-008	3.6207e-008	3.3796e-008	3.1911e-008	2.9854e-008	2.7278e-008	2.5593e-008	2.4472e-008	2.3004e-008	1.9879e-008	1.8125e-008	1.6241e-008	1.5577e-008	1.351e-008	1.1356e-008	9.7327e-009	7.8363e-009	5.7094e-009	4.8387e-009	4.1913e-009	2.9799e-009	2.7677e-009	2.3978e-009	2.0852e-009	2.2073e-009	2.4365e-009	2.6954e-009	2.222e-009	2.5553e-009	3.0177e-009	3.1574e-009	3.5335e-009	3.9693e-009	4.4641e-009	6.0998e-009	7.8414e-009	1.1351e-008	1.587e-008	2.0049e-008	2.6967e-008	3.1622e-008	3.7645e-008	4.5873e-008	5.4044e-008	6.1676e-008	6.715e-008	7.1274e-008	7.5193e-008	7.9851e-008	8.3391e-008	8.668e-008	9.1457e-008	9.4008e-008	9.4423e-008	9.5326e-008	9.5826e-008	9.5602e-008	9.5547e-008	9.5639e-008	9.5075e-008	9.3311e-008	9.0845e-008	8.745e-008	8.6039e-008	8.5882e-008	8.4318e-008	8.1004e-008	7.8115e-008	7.6397e-008	7.4262e-008	7.3336e-008	7.2418e-008	7.0253e-008	6.7782e-008	6.603e-008	6.3525e-008	6.1893e-008	6.0412e-008	5.8766e-008	5.5571e-008	5.3676e-008	4.952e-008	4.8233e-008	4.5345e-008	4.359e-008	4.181e-008	3.9483e-008	3.7635e-008	3.5768e-008	3.3639e-008	3.2197e-008	3.0285e-008	2.7193e-008	2.4567e-008	2.3423e-008	2.0489e-008	1.9405e-008	1.5755e-008	1.4491e-008	1.2542e-008	9.9083e-009	7.6386e-009	6.3498e-009	5.0247e-009	4.3761e-009	3.7678e-009	2.9558e-009	3.1706e-009	2.7315e-009	2.7749e-009	2.7224e-009	2.765e-009	3.2133e-009	3.5506e-009	3.9941e-009	4.4517e-009	5.2935e-009	7.1491e-009	8.9924e-009	1.1161e-008	1.391e-008	1.6335e-008	2.0792e-008	2.4637e-008	3.0731e-008	3.6826e-008	4.3465e-008	4.8871e-008	5.3903e-008	5.8707e-008	6.4651e-008	6.9095e-008	7.3213e-008	7.729e-008	8.1152e-008	8.5492e-008	8.8537e-008	9.0105e-008	9.2021e-008	9.2929e-008	9.3398e-008	9.3828e-008	9.4143e-008	9.2866e-008	9.1723e-008	8.9641e-008	8.766e-008	8.5748e-008	8.3438e-008	8.1378e-008	8.0141e-008	7.9356e-008	7.8503e-008	7.6697e-008	7.3388e-008	7.1141e-008	7.0252e-008	6.9028e-008	6.8751e-008	6.5913e-008	6.421e-008	6.1217e-008	5.919e-008	5.5808e-008	5.3252e-008	5.1173e-008	4.9724e-008	4.6672e-008	4.5139e-008	4.1414e-008	3.8849e-008	3.5225e-008	3.3433e-008	3.043e-008	2.7529e-008	2.4849e-008	2.1289e-008	2.028e-008	1.904e-008	1.7013e-008	1.4098e-008	1.2274e-008	9.9261e-009	8.2354e-009	7.0164e-009	6.3363e-009	4.6959e-009	4.2903e-009	4.2953e-009	4.2026e-009	3.985e-009	4.0174e-009	4.1914e-009	3.9572e-009
2.2255e-009	1.8937e-009	1.8148e-009	2.1756e-009	2.1743e-009	2.0707e-009	2.5004e-009	2.625e-009	3.2627e-009	3.687e-009	3.9702e-009	4.0475e-009	4.5607e-009	5.6739e-009	7.4192e-009	1.0767e-008	1.427e-008	1.8637e-008	2.4251e-008	3.144e-008	3.8361e-008	4.4481e-008	5.4073e-008	5.9387e-008	6.4249e-008	7.071e-008	7.6205e-008	8.0903e-008	8.4085e-008	8.626e-008	8.7437e-008	8.8872e-008	8.9859e-008	9.0872e-008	9.0961e-008	9.1038e-008	9.0872e-008	9.1008e-008	9.0133e-008	8.9171e-008	8.8701e-008	8.829e-008	8.763e-008	8.6353e-008	8.3743e-008	8.142e-008	7.9898e-008	7.6977e-008	7.5278e-008	7.3946e-008	7.2597e-008	7.1021e-008	6.715e-008	6.5359e-008	6.4454e-008	6.2811e-008	6.0976e-008	5.8536e-008	5.6847e-008	5.5189e-008	5.3577e-008	5.0737e-008	4.8897e-008	4.7235e-008	4.5664e-008	4.2523e-008	3.7629e-008	3.609e-008	3.3717e-008	3.1403e-008	2.8908e-008	2.6891e-008	2.4178e-008	2.1988e-008	1.9988e-008	1.7439e-008	1.5922e-008	1.363e-008	1.1754e-008	9.654e-009	7.5228e-009	6.3868e-009	5.4843e-009	4.4561e-009	4.1379e-009	3.8431e-009	3.603e-009	3.4405e-009	3.321e-009	3.6245e-009	3.9165e-009	4.2566e-009	4.6948e-009	4.8074e-009	5.0115e-009	6.3477e-009	8.0243e-009	9.6576e-009	1.367e-008	1.7226e-008	2.0815e-008	2.4915e-008	2.9246e-008	3.4501e-008	4.2744e-008	4.812e-008	5.5891e-008	5.9813e-008	6.3024e-008	6.6304e-008	7.1354e-008	7.5535e-008	8.0198e-008	8.345e-008	8.6385e-008	8.9566e-008	9.1264e-008	9.2108e-008	9.3301e-008	9.4504e-008	9.4263e-008	9.4667e-008	9.47e-008	9.4535e-008	9.2521e-008	9.1394e-008	8.9298e-008	8.6235e-008	8.4802e-008	8.2892e-008	8.1593e-008	7.966e-008	7.8918e-008	7.8041e-008	7.4754e-008	7.0797e-008	6.9212e-008	6.8086e-008	6.6316e-008	6.5232e-008	6.2981e-008	6.1787e-008	5.9567e-008	5.5254e-008	5.228e-008	5.0402e-008	4.8774e-008	4.7318e-008	4.5259e-008	4.1344e-008	3.9031e-008	3.7576e-008	3.492e-008	3.3127e-008	3.1577e-008	2.9892e-008	2.7592e-008	2.4128e-008	2.2427e-008	2.0364e-008	1.8e-008	1.5835e-008	1.4504e-008	1.245e-008	1.0746e-008	8.6318e-009	7.0581e-009	6.0143e-009	4.8921e-009	4.4496e-009	4.3855e-009	4.2222e-009	4.2428e-009	4.2692e-009	4.0716e-009	4.0681e-009	4.541e-009	5.2925e-009	5.8993e-009	7.2473e-009	8.3237e-009	1.0984e-008	1.4357e-008	1.7449e-008	2.0474e-008	2.357e-008	2.7416e-008	3.2015e-008	3.6383e-008	4.1281e-008	4.6991e-008	5.4826e-008	6.0017e-008	6.3351e-008	6.6939e-008	7.0476e-008	7.4838e-008	7.8144e-008	8.0274e-008	8.2833e-008	8.545e-008	8.8248e-008	9.0292e-008	9.1296e-008	9.1381e-008	9.1104e-008	9.1339e-008	9.0853e-008	8.9439e-008	8.7431e-008	8.4813e-008	8.257e-008	8.0278e-008	7.839e-008	7.6863e-008	7.5859e-008	7.4153e-008	7.1851e-008	6.9926e-008	6.8467e-008	6.5333e-008	6.331e-008	6.1364e-008	6.0707e-008	5.9232e-008	5.7091e-008	5.6055e-008	5.3465e-008	5.125e-008	4.7978e-008	4.6366e-008	4.5008e-008	4.2971e-008	4.1039e-008	3.8697e-008	3.6111e-008	3.4102e-008	3.1877e-008	2.8469e-008	2.592e-008	2.4121e-008	2.2484e-008	2.0822e-008	1.8177e-008	1.6393e-008	1.4644e-008	1.254e-008	9.6036e-009	8.4002e-009	6.1957e-009	4.9821e-009	3.8496e-009	3.1592e-009	2.6855e-009	2.5539e-009	2.3712e-009	2.0018e-009	1.1096e-009	1.0572e-009	1.9146e-009	2.2533e-009	2.5243e-009	2.3296e-009	2.0938e-009	2.4358e-009	3.1777e-009	3.3793e-009	4.5136e-009	6.0495e-009	8.3293e-009	1.1397e-008	1.4412e-008	1.9119e-008	2.4669e-008	3.0814e-008	3.8197e-008	4.7065e-008	5.5136e-008	6.1301e-008	6.7042e-008	6.9533e-008	7.2714e-008	7.6314e-008	7.8174e-008	8.0849e-008	8.2484e-008	8.4777e-008	8.6756e-008	8.741e-008	8.7827e-008	8.7793e-008	8.8043e-008	8.7542e-008	8.6747e-008	8.6061e-008	8.5411e-008	8.3855e-008	8.1787e-008	7.9652e-008	7.8032e-008	7.6833e-008	7.5511e-008	7.1971e-008	6.9863e-008	6.7898e-008	6.6621e-008	6.5755e-008	6.3608e-008	6.1488e-008	6.0121e-008	5.7116e-008	5.4136e-008	5.2012e-008	4.9677e-008	4.6884e-008	4.4462e-008	4.2718e-008	4.1247e-008	3.8942e-008	3.5558e-008	3.3887e-008	3.1914e-008	3.009e-008	2.7123e-008	2.5255e-008	2.4197e-008	2.2813e-008	1.9712e-008	1.8466e-008	1.6923e-008	1.5115e-008	1.2812e-008	1.1276e-008	9.6715e-009	8.0785e-009	6.5168e-009	5.405e-009	3.6138e-009	2.7014e-009	2.6705e-009	2.6918e-009	2.2956e-009	2.3921e-009	2.5065e-009	2.5109e-009	2.1523e-009	2.5526e-009	2.9046e-009	2.7845e-009	3.3988e-009	3.5255e-009	4.6097e-009	6.5704e-009	8.2506e-009	1.1557e-008	1.5641e-008	2.0639e-008	2.6859e-008	3.1327e-008	3.7943e-008	4.6275e-008	5.3507e-008	6.1606e-008	6.7102e-008	7.0692e-008	7.4426e-008	7.8607e-008	8.3022e-008	8.7308e-008	9.1669e-008	9.3669e-008	9.4194e-008	9.4963e-008	9.5378e-008	9.5164e-008	9.5404e-008	9.5551e-008	9.505e-008	9.327e-008	8.998e-008	8.7082e-008	8.6059e-008	8.4956e-008	8.369e-008	8.1539e-008	7.8161e-008	7.7251e-008	7.4654e-008	7.3727e-008	7.2262e-008	6.9845e-008	6.8025e-008	6.5454e-008	6.3535e-008	6.1831e-008	6.0198e-008	5.9233e-008	5.5855e-008	5.1576e-008	4.974e-008	4.86e-008	4.6834e-008	4.4617e-008	4.1934e-008	3.9998e-008	3.7116e-008	3.4931e-008	3.3397e-008	3.1278e-008	2.9808e-008	2.7687e-008	2.539e-008	2.4101e-008	2.144e-008	1.9688e-008	1.7724e-008	1.5237e-008	1.2542e-008	9.8889e-009	8.5005e-009	6.2679e-009	5.0206e-009	3.4487e-009	3.081e-009	2.7382e-009	2.7935e-009	2.6654e-009	2.4113e-009	2.3757e-009	2.8065e-009	3.5466e-009	3.8769e-009	4.3415e-009	5.0355e-009	5.711e-009	7.7638e-009	9.8699e-009	1.1966e-008	1.415e-008	1.6429e-008	2.1085e-008	2.4997e-008	2.9909e-008	3.6511e-008	4.2792e-008	4.8431e-008	5.3098e-008	5.9036e-008	6.4217e-008	7.0558e-008	7.3945e-008	7.7477e-008	8.1112e-008	8.5055e-008	8.8788e-008	9.1824e-008	9.3011e-008	9.3171e-008	9.2966e-008	9.3404e-008	9.3825e-008	9.1995e-008	9.0334e-008	8.8409e-008	8.6577e-008	8.4363e-008	8.228e-008	8.0204e-008	7.9319e-008	7.9083e-008	7.7958e-008	7.6172e-008	7.3347e-008	7.0667e-008	7.0049e-008	6.9684e-008	6.8396e-008	6.6004e-008	6.3599e-008	6.1499e-008	5.8908e-008	5.5918e-008	5.3156e-008	5.1608e-008	4.9664e-008	4.7011e-008	4.5169e-008	4.1633e-008	3.8264e-008	3.5829e-008	3.4105e-008	3.0733e-008	2.7476e-008	2.5173e-008	2.2119e-008	2.0682e-008	1.8788e-008	1.689e-008	1.452e-008	1.2424e-008	1.0107e-008	7.8956e-009	6.8181e-009	6.1417e-009	4.9536e-009	4.4237e-009	4.4347e-009	4.3095e-009	4.0363e-009	3.987e-009	4.2952e-009	4.0496e-009
2.4162e-009	2.0494e-009	2.1366e-009	2.1575e-009	1.9708e-009	2.185e-009	2.9718e-009	3.1515e-009	3.6376e-009	3.9051e-009	3.9766e-009	4.4232e-009	4.8547e-009	5.9139e-009	7.4545e-009	9.8719e-009	1.4032e-008	1.8985e-008	2.456e-008	3.2355e-008	3.8905e-008	4.5597e-008	5.1456e-008	5.8843e-008	6.354e-008	6.8548e-008	7.5424e-008	7.937e-008	8.3531e-008	8.6026e-008	8.7909e-008	8.9527e-008	9.0267e-008	9.0836e-008	9.1688e-008	9.2277e-008	9.1865e-008	9.1141e-008	9.0412e-008	8.9285e-008	8.8916e-008	8.8546e-008	8.7201e-008	8.5363e-008	8.3711e-008	8.1332e-008	7.9504e-008	7.7822e-008	7.6376e-008	7.3598e-008	7.2017e-008	6.9901e-008	6.7091e-008	6.5638e-008	6.3822e-008	6.2738e-008	6.1124e-008	5.9841e-008	5.8035e-008	5.5835e-008	5.4547e-008	5.1597e-008	4.9359e-008	4.7365e-008	4.6369e-008	4.3609e-008	3.8356e-008	3.8291e-008	3.5286e-008	3.2421e-008	3.0123e-008	2.7598e-008	2.526e-008	2.2695e-008	2.0897e-008	1.734e-008	1.5381e-008	1.3682e-008	1.1287e-008	9.2544e-009	7.839e-009	6.7714e-009	5.7404e-009	4.7124e-009	4.3007e-009	3.5761e-009	3.7434e-009	3.4428e-009	3.4724e-009	4.0573e-009	4.0878e-009	4.4653e-009	4.6535e-009	5.2081e-009	5.3638e-009	6.0571e-009	7.8413e-009	9.588e-009	1.385e-008	1.7264e-008	2.1011e-008	2.6245e-008	2.9624e-008	3.5979e-008	4.2809e-008	4.9301e-008	5.4837e-008	6.08e-008	6.4445e-008	6.7377e-008	7.2088e-008	7.6201e-008	7.9663e-008	8.2994e-008	8.6494e-008	8.8709e-008	9.136e-008	9.306e-008	9.3781e-008	9.4018e-008	9.4021e-008	9.4885e-008	9.4596e-008	9.3636e-008	9.2055e-008	9.1135e-008	8.9473e-008	8.6782e-008	8.4901e-008	8.3512e-008	8.194e-008	8.0126e-008	7.8222e-008	7.7191e-008	7.4278e-008	7.0978e-008	6.9573e-008	6.8447e-008	6.6715e-008	6.504e-008	6.3585e-008	6.1588e-008	6.0307e-008	5.7596e-008	5.3803e-008	5.0907e-008	4.9406e-008	4.7435e-008	4.4613e-008	4.1032e-008	3.9952e-008	3.7608e-008	3.5848e-008	3.3489e-008	3.2369e-008	3.0385e-008	2.7606e-008	2.4857e-008	2.3599e-008	2.1046e-008	1.8364e-008	1.6385e-008	1.501e-008	1.3245e-008	1.1588e-008	1.0154e-008	7.8305e-009	6.5076e-009	5.5694e-009	4.9594e-009	4.822e-009	4.3005e-009	4.0569e-009	4.2521e-009	4.6386e-009	5.0228e-009	5.0097e-009	5.6556e-009	6.1703e-009	7.4492e-009	9.2176e-009	1.1358e-008	1.41e-008	1.7565e-008	2.1519e-008	2.4973e-008	2.8595e-008	3.2386e-008	3.736e-008	4.2277e-008	4.9814e-008	5.4953e-008	6.0762e-008	6.4978e-008	6.7592e-008	7.1439e-008	7.5551e-008	7.9053e-008	8.1448e-008	8.3421e-008	8.6044e-008	8.9188e-008	9.0893e-008	9.1656e-008	9.1168e-008	9.103e-008	9.1041e-008	9.1129e-008	8.9583e-008	8.7272e-008	8.2925e-008	8.1884e-008	7.9584e-008	7.7701e-008	7.6768e-008	7.6153e-008	7.4487e-008	7.2432e-008	7.0848e-008	6.8723e-008	6.5687e-008	6.4478e-008	6.2381e-008	6.1699e-008	6.002e-008	5.8092e-008	5.647e-008	5.433e-008	5.1877e-008	4.9061e-008	4.8039e-008	4.5989e-008	4.3747e-008	4.1765e-008	3.9276e-008	3.6553e-008	3.5107e-008	3.2229e-008	2.9073e-008	2.7318e-008	2.528e-008	2.3356e-008	2.1462e-008	1.9501e-008	1.7636e-008	1.5966e-008	1.3396e-008	1.0966e-008	8.5525e-009	7.2952e-009	5.8645e-009	4.345e-009	3.9995e-009	3.4359e-009	3.0696e-009	2.679e-009	2.6376e-009	1.9994e-009	1.7599e-009	2.0803e-009	2.3689e-009	2.9504e-009	2.7404e-009	2.4406e-009	3.1055e-009	3.6456e-009	4.046e-009	5.2352e-009	6.8768e-009	8.898e-009	1.2412e-008	1.6067e-008	2.0787e-008	2.5115e-008	3.1713e-008	3.9463e-008	4.7776e-008	5.451e-008	6.1752e-008	6.5729e-008	6.9927e-008	7.3792e-008	7.7911e-008	8.0806e-008	8.286e-008	8.4217e-008	8.5681e-008	8.7e-008	8.8227e-008	8.9256e-008	8.9227e-008	8.9194e-008	8.8891e-008	8.747e-008	8.6858e-008	8.5827e-008	8.4297e-008	8.2796e-008	8.0363e-008	7.8298e-008	7.6949e-008	7.5751e-008	7.2551e-008	7.0176e-008	6.8018e-008	6.7288e-008	6.6625e-008	6.3555e-008	6.1921e-008	6.0076e-008	5.7306e-008	5.5066e-008	5.196e-008	4.8961e-008	4.6543e-008	4.4866e-008	4.3172e-008	4.0564e-008	3.8133e-008	3.6157e-008	3.4272e-008	3.2099e-008	3.022e-008	2.7574e-008	2.5505e-008	2.4822e-008	2.2865e-008	2.0259e-008	1.8865e-008	1.674e-008	1.4599e-008	1.3403e-008	1.2106e-008	1.0598e-008	8.4952e-009	7.2882e-009	6.3978e-009	4.9768e-009	3.4685e-009	3.3151e-009	2.9766e-009	2.9443e-009	3.2016e-009	3.0745e-009	2.9553e-009	2.4974e-009	3.1957e-009	3.4058e-009	3.6546e-009	3.922e-009	4.2948e-009	5.3987e-009	7.1871e-009	8.8937e-009	1.2395e-008	1.6329e-008	2.2605e-008	2.6679e-008	3.2286e-008	3.9157e-008	4.6181e-008	5.1454e-008	6.1638e-008	6.7278e-008	7.0733e-008	7.4843e-008	7.9386e-008	8.3159e-008	8.878e-008	9.2024e-008	9.3611e-008	9.4282e-008	9.4912e-008	9.5373e-008	9.5598e-008	9.6139e-008	9.5746e-008	9.5319e-008	9.384e-008	9.0185e-008	8.7263e-008	8.6482e-008	8.4999e-008	8.3414e-008	8.1484e-008	7.8571e-008	7.7208e-008	7.5425e-008	7.3889e-008	7.2604e-008	7.0418e-008	6.785e-008	6.5684e-008	6.3873e-008	6.3277e-008	6.1343e-008	5.9748e-008	5.5502e-008	5.2381e-008	5.0026e-008	4.8909e-008	4.7742e-008	4.6007e-008	4.2067e-008	4.0477e-008	3.7802e-008	3.5378e-008	3.4523e-008	3.3466e-008	3.0581e-008	2.7609e-008	2.6427e-008	2.4602e-008	2.1829e-008	1.9908e-008	1.8301e-008	1.5492e-008	1.2389e-008	1.0418e-008	9.1746e-009	6.9198e-009	5.0827e-009	3.4787e-009	2.9872e-009	3.2002e-009	3.2288e-009	3.006e-009	2.7326e-009	2.8764e-009	3.1903e-009	4.2645e-009	4.6062e-009	5.1743e-009	5.9258e-009	7.2766e-009	8.7314e-009	1.0646e-008	1.2931e-008	1.4951e-008	1.7888e-008	2.1522e-008	2.5616e-008	2.9228e-008	3.6315e-008	4.1069e-008	4.7612e-008	5.3364e-008	6.0684e-008	6.6432e-008	7.1745e-008	7.5845e-008	7.823e-008	8.093e-008	8.5352e-008	8.9471e-008	9.2425e-008	9.3774e-008	9.3755e-008	9.3497e-008	9.2947e-008	9.2584e-008	9.1104e-008	8.9152e-008	8.8333e-008	8.6454e-008	8.4536e-008	8.2029e-008	8.0193e-008	7.9623e-008	7.9378e-008	7.8426e-008	7.5979e-008	7.2992e-008	7.0748e-008	7.0426e-008	6.9884e-008	6.7348e-008	6.4249e-008	6.2629e-008	6.1588e-008	5.8261e-008	5.5302e-008	5.3436e-008	5.2355e-008	4.9835e-008	4.7772e-008	4.5355e-008	4.16e-008	3.8548e-008	3.6312e-008	3.4181e-008	3.1567e-008	2.8382e-008	2.584e-008	2.2114e-008	2.0668e-008	1.9236e-008	1.6872e-008	1.5235e-008	1.3094e-008	1.0487e-008	8.4855e-009	6.8854e-009	5.6796e-009	4.7381e-009	5.0209e-009	4.8378e-009	4.5376e-009	4.4984e-009	4.336e-009	4.6998e-009	4.5115e-009
1.995e-009	1.6268e-009	2.3044e-009	2.3516e-009	2.1827e-009	2.4558e-009	3.1657e-009	2.833e-009	2.7556e-009	3.434e-009	3.9053e-009	4.6821e-009	5.291e-009	6.0643e-009	7.6582e-009	9.4676e-009	1.2941e-008	1.8842e-008	2.4508e-008	3.1488e-008	3.9877e-008	4.5654e-008	5.2027e-008	5.6827e-008	6.3424e-008	6.9498e-008	7.5122e-008	7.938e-008	8.3552e-008	8.8311e-008	8.9452e-008	9.0124e-008	9.0931e-008	9.1426e-008	9.2623e-008	9.3212e-008	9.2838e-008	9.1272e-008	9.0634e-008	8.9103e-008	8.8351e-008	8.7223e-008	8.5455e-008	8.4135e-008	8.3257e-008	8.0747e-008	7.9579e-008	7.8088e-008	7.5643e-008	7.3925e-008	7.1971e-008	6.8997e-008	6.7103e-008	6.5587e-008	6.397e-008	6.2692e-008	6.1547e-008	6.0203e-008	5.8796e-008	5.6592e-008	5.3615e-008	5.1485e-008	4.9041e-008	4.7687e-008	4.6103e-008	4.4119e-008	4.1099e-008	3.9387e-008	3.689e-008	3.2129e-008	3.026e-008	2.7807e-008	2.4805e-008	2.273e-008	2.0233e-008	1.823e-008	1.5936e-008	1.3618e-008	1.1338e-008	9.1426e-009	7.6994e-009	6.6647e-009	5.1248e-009	4.3823e-009	3.925e-009	3.8575e-009	3.9817e-009	3.629e-009	3.385e-009	3.7925e-009	4.3654e-009	4.4001e-009	4.5122e-009	4.2631e-009	4.7657e-009	5.6399e-009	7.2075e-009	9.8051e-009	1.2699e-008	1.6643e-008	1.9691e-008	2.5678e-008	2.9651e-008	3.3811e-008	4.2739e-008	5.0897e-008	5.6073e-008	6.2053e-008	6.5259e-008	6.9172e-008	7.3962e-008	7.776e-008	8.1189e-008	8.3574e-008	8.6827e-008	8.8583e-008	9.0948e-008	9.3272e-008	9.4029e-008	9.3668e-008	9.3302e-008	9.3659e-008	9.2861e-008	9.1689e-008	9.0442e-008	8.9364e-008	8.7896e-008	8.6326e-008	8.5217e-008	8.3554e-008	8.2529e-008	7.995e-008	7.7881e-008	7.6776e-008	7.3983e-008	7.1065e-008	6.9241e-008	6.8149e-008	6.6356e-008	6.4664e-008	6.3176e-008	6.1275e-008	5.9252e-008	5.6678e-008	5.4446e-008	5.1757e-008	4.9731e-008	4.7035e-008	4.355e-008	4.1928e-008	4.0323e-008	3.8202e-008	3.6175e-008	3.3422e-008	3.2033e-008	3.0285e-008	2.822e-008	2.5561e-008	2.3742e-008	2.1418e-008	1.9221e-008	1.7528e-008	1.632e-008	1.4119e-008	1.2291e-008	1.0114e-008	7.822e-009	6.3393e-009	5.4246e-009	5.1009e-009	4.9492e-009	4.3504e-009	4.5047e-009	4.0775e-009	3.9448e-009	4.1756e-009	4.4944e-009	5.1048e-009	5.951e-009	7.1633e-009	9.46e-009	1.1277e-008	1.3142e-008	1.7598e-008	2.107e-008	2.4892e-008	2.8601e-008	3.2408e-008	3.8404e-008	4.2746e-008	5.031e-008	5.584e-008	5.9652e-008	6.5638e-008	6.8512e-008	7.2698e-008	7.651e-008	7.9808e-008	8.1893e-008	8.3942e-008	8.6801e-008	8.9522e-008	9.0629e-008	9.0457e-008	9.0119e-008	9.0213e-008	8.9592e-008	8.8943e-008	8.756e-008	8.4785e-008	8.2329e-008	8.0772e-008	7.9351e-008	7.7582e-008	7.6777e-008	7.5749e-008	7.4075e-008	7.2876e-008	7.1002e-008	6.9195e-008	6.6527e-008	6.5278e-008	6.4029e-008	6.1932e-008	6.0169e-008	5.7937e-008	5.6708e-008	5.4039e-008	5.2492e-008	4.9528e-008	4.8106e-008	4.635e-008	4.4146e-008	4.2408e-008	3.986e-008	3.6638e-008	3.4938e-008	3.2551e-008	2.9359e-008	2.7778e-008	2.592e-008	2.2689e-008	2.1001e-008	1.9268e-008	1.7669e-008	1.525e-008	1.3574e-008	1.1036e-008	9.2959e-009	7.5858e-009	6.2259e-009	4.6505e-009	3.7552e-009	3.5513e-009	3.2448e-009	2.327e-009	2.5007e-009	2.4489e-009	1.874e-009	2.3644e-009	2.7096e-009	2.8931e-009	2.6864e-009	3.0737e-009	3.2395e-009	3.7596e-009	3.9734e-009	4.7651e-009	6.3571e-009	8.9085e-009	1.2024e-008	1.5998e-008	2.0129e-008	2.5289e-008	3.1635e-008	3.8552e-008	4.6895e-008	5.2999e-008	6.0204e-008	6.4164e-008	6.8443e-008	7.41e-008	7.9272e-008	8.1936e-008	8.3831e-008	8.4532e-008	8.5896e-008	8.7348e-008	9.0221e-008	9.0787e-008	9.0105e-008	8.9656e-008	8.8429e-008	8.7834e-008	8.757e-008	8.5754e-008	8.3847e-008	8.2225e-008	8.0189e-008	7.7964e-008	7.6549e-008	7.5401e-008	7.2853e-008	6.9338e-008	6.8006e-008	6.6773e-008	6.5619e-008	6.3264e-008	6.0682e-008	5.804e-008	5.6794e-008	5.5015e-008	5.2019e-008	4.9933e-008	4.6877e-008	4.3902e-008	4.1805e-008	4.0393e-008	3.8447e-008	3.5954e-008	3.405e-008	3.2633e-008	2.9497e-008	2.7337e-008	2.5356e-008	2.3724e-008	2.1723e-008	2.0419e-008	1.9465e-008	1.7683e-008	1.608e-008	1.4123e-008	1.3252e-008	1.161e-008	1.0204e-008	7.9876e-009	6.7254e-009	5.4016e-009	4.5e-009	3.2723e-009	2.5702e-009	2.7388e-009	3.4684e-009	3.2133e-009	2.6559e-009	2.7987e-009	3.0514e-009	3.1656e-009	3.5499e-009	3.9448e-009	3.97e-009	5.2128e-009	7.2564e-009	9.4782e-009	1.2611e-008	1.6262e-008	2.2037e-008	2.7185e-008	3.1793e-008	3.9999e-008	4.5849e-008	5.3064e-008	5.8936e-008	6.5508e-008	6.9884e-008	7.3704e-008	7.9613e-008	8.393e-008	8.9244e-008	9.2305e-008	9.3532e-008	9.4472e-008	9.4944e-008	9.536e-008	9.561e-008	9.607e-008	9.4991e-008	9.4004e-008	9.2522e-008	9.0801e-008	8.8614e-008	8.6645e-008	8.5507e-008	8.3784e-008	8.1909e-008	7.9229e-008	7.661e-008	7.5528e-008	7.402e-008	7.2337e-008	7.0596e-008	6.8374e-008	6.6236e-008	6.4435e-008	6.3892e-008	6.2211e-008	5.9854e-008	5.4859e-008	5.2656e-008	5.0585e-008	4.903e-008	4.7819e-008	4.6227e-008	4.196e-008	4.0734e-008	3.9088e-008	3.5927e-008	3.497e-008	3.3928e-008	3.1703e-008	2.8703e-008	2.7463e-008	2.5768e-008	2.2521e-008	2.0171e-008	1.7217e-008	1.5665e-008	1.3043e-008	1.108e-008	9.8664e-009	7.155e-009	5.7003e-009	3.728e-009	3.2521e-009	3.1956e-009	2.9121e-009	2.8835e-009	2.7798e-009	3.2393e-009	3.7005e-009	4.404e-009	5.0942e-009	5.6783e-009	6.7139e-009	8.0604e-009	9.7616e-009	1.1068e-008	1.3271e-008	1.5952e-008	1.9859e-008	2.282e-008	2.5922e-008	2.9831e-008	3.4939e-008	4.0574e-008	4.6515e-008	5.3133e-008	6.0353e-008	6.59e-008	7.1976e-008	7.5999e-008	7.8368e-008	8.0903e-008	8.4512e-008	8.843e-008	9.1586e-008	9.3074e-008	9.2688e-008	9.2472e-008	9.2318e-008	9.1749e-008	9.0795e-008	8.9953e-008	8.8695e-008	8.6086e-008	8.3498e-008	8.1128e-008	7.9339e-008	7.8611e-008	7.7745e-008	7.704e-008	7.4562e-008	7.2964e-008	7.1148e-008	6.9957e-008	6.9278e-008	6.7575e-008	6.4653e-008	6.1907e-008	6.0497e-008	5.8179e-008	5.471e-008	5.2781e-008	5.1385e-008	4.9005e-008	4.6858e-008	4.4953e-008	4.0962e-008	3.8077e-008	3.6058e-008	3.3878e-008	3.2163e-008	2.9259e-008	2.5578e-008	2.2527e-008	2.0684e-008	1.8773e-008	1.6483e-008	1.4553e-008	1.2112e-008	9.9348e-009	8.2016e-009	7.0551e-009	5.9041e-009	4.8158e-009	4.7225e-009	4.5938e-009	4.3715e-009	4.6111e-009	4.3819e-009	4.2689e-009	4.0516e-009
1.7151e-009	1.8196e-009	2.2678e-009	2.3345e-009	2.4196e-009	2.6033e-009	2.6647e-009	2.6341e-009	2.7235e-009	3.0065e-009	3.9407e-009	4.7007e-009	5.5809e-009	6.2526e-009	8.0969e-009	9.5077e-009	1.3213e-008	1.8488e-008	2.463e-008	3.1298e-008	3.8421e-008	4.5027e-008	5.162e-008	5.7616e-008	6.3438e-008	6.8775e-008	7.5076e-008	7.987e-008	8.5366e-008	8.9976e-008	9.07e-008	9.1024e-008	9.1296e-008	9.2264e-008	9.3129e-008	9.3717e-008	9.3049e-008	9.1666e-008	9.0701e-008	8.9113e-008	8.7707e-008	8.6358e-008	8.4659e-008	8.381e-008	8.2011e-008	8.0894e-008	7.9448e-008	7.7639e-008	7.5546e-008	7.3547e-008	7.2366e-008	7.0767e-008	6.8094e-008	6.6063e-008	6.4728e-008	6.3042e-008	6.1959e-008	6.0207e-008	5.8776e-008	5.6331e-008	5.3407e-008	5.118e-008	4.9247e-008	4.7443e-008	4.5684e-008	4.4179e-008	4.1403e-008	3.9445e-008	3.6202e-008	3.1688e-008	3.0372e-008	2.7022e-008	2.4297e-008	2.2738e-008	1.9665e-008	1.7796e-008	1.6496e-008	1.3821e-008	1.1105e-008	8.8339e-009	7.2119e-009	5.8006e-009	4.774e-009	3.9722e-009	3.9144e-009	4.2603e-009	3.69e-009	3.7462e-009	3.2984e-009	3.9217e-009	4.3536e-009	4.5386e-009	4.0676e-009	3.8554e-009	4.302e-009	5.3165e-009	7.4433e-009	9.3615e-009	1.2178e-008	1.6102e-008	1.9976e-008	2.4809e-008	2.8498e-008	3.3362e-008	4.133e-008	4.9814e-008	5.6761e-008	6.1999e-008	6.5114e-008	6.9594e-008	7.446e-008	7.8611e-008	8.252e-008	8.4044e-008	8.6103e-008	8.907e-008	9.1148e-008	9.3611e-008	9.4822e-008	9.3419e-008	9.262e-008	9.3401e-008	9.2253e-008	9.0973e-008	8.9839e-008	8.8497e-008	8.6833e-008	8.5843e-008	8.5246e-008	8.3476e-008	8.2273e-008	7.9977e-008	7.7813e-008	7.5925e-008	7.3547e-008	7.092e-008	6.935e-008	6.7932e-008	6.6431e-008	6.5267e-008	6.3727e-008	6.1417e-008	5.8698e-008	5.6737e-008	5.4864e-008	5.2412e-008	5.0219e-008	4.7995e-008	4.37e-008	4.2326e-008	4.0299e-008	3.8171e-008	3.6033e-008	3.3869e-008	3.1546e-008	2.9873e-008	2.8442e-008	2.575e-008	2.3145e-008	2.1148e-008	1.9623e-008	1.7984e-008	1.6778e-008	1.4211e-008	1.2411e-008	1.0008e-008	8.0521e-009	6.6587e-009	5.9131e-009	5.2852e-009	4.8783e-009	4.7634e-009	5.0973e-009	4.4002e-009	4.3533e-009	4.0527e-009	4.3279e-009	5.1097e-009	6.2095e-009	7.1801e-009	8.7341e-009	1.1271e-008	1.3649e-008	1.7e-008	2.0665e-008	2.3565e-008	2.8243e-008	3.3647e-008	3.7836e-008	4.3855e-008	4.868e-008	5.5397e-008	5.8708e-008	6.5366e-008	6.8863e-008	7.3237e-008	7.7305e-008	8.0931e-008	8.2977e-008	8.5331e-008	8.8096e-008	8.9721e-008	9.0605e-008	9.0024e-008	9.0275e-008	9.004e-008	8.8891e-008	8.7594e-008	8.604e-008	8.3885e-008	8.2816e-008	8.0771e-008	7.8846e-008	7.7145e-008	7.6691e-008	7.5654e-008	7.4024e-008	7.2752e-008	7.0927e-008	6.9175e-008	6.68e-008	6.5729e-008	6.4296e-008	6.309e-008	6.0358e-008	5.7664e-008	5.6267e-008	5.4372e-008	5.2262e-008	4.9384e-008	4.7709e-008	4.5736e-008	4.4722e-008	4.2621e-008	4.0499e-008	3.738e-008	3.4115e-008	3.1578e-008	2.9999e-008	2.811e-008	2.5628e-008	2.3318e-008	2.1302e-008	1.9437e-008	1.774e-008	1.5614e-008	1.3591e-008	1.1065e-008	9.3511e-009	8.0782e-009	6.1351e-009	4.5405e-009	3.4343e-009	3.6131e-009	3.0743e-009	2.1134e-009	2.033e-009	2.1174e-009	2.352e-009	2.1716e-009	2.4854e-009	2.6897e-009	2.5718e-009	3.1418e-009	3.5712e-009	4.0358e-009	4.1536e-009	4.831e-009	6.3775e-009	8.7214e-009	1.2254e-008	1.6645e-008	2.0491e-008	2.6437e-008	3.3164e-008	3.9028e-008	4.4779e-008	5.3051e-008	5.8646e-008	6.3337e-008	6.8272e-008	7.353e-008	7.953e-008	8.2301e-008	8.4038e-008	8.4513e-008	8.5723e-008	8.8205e-008	9.1322e-008	9.1595e-008	9.1121e-008	9.0316e-008	8.9089e-008	8.807e-008	8.7629e-008	8.549e-008	8.2396e-008	8.0893e-008	7.9242e-008	7.7605e-008	7.6625e-008	7.5149e-008	7.2396e-008	6.9701e-008	6.7724e-008	6.637e-008	6.4573e-008	6.1945e-008	5.9087e-008	5.7932e-008	5.6592e-008	5.4142e-008	5.114e-008	5.0085e-008	4.6818e-008	4.3445e-008	4.1905e-008	4.0037e-008	3.75e-008	3.552e-008	3.3694e-008	3.1516e-008	2.9698e-008	2.7284e-008	2.5042e-008	2.4111e-008	2.2019e-008	2.1002e-008	1.9136e-008	1.7521e-008	1.5407e-008	1.4085e-008	1.27e-008	1.1131e-008	9.3659e-009	8.0331e-009	6.5694e-009	5.5795e-009	4.1439e-009	3.3471e-009	2.4473e-009	2.7098e-009	3.0477e-009	2.8441e-009	2.4815e-009	2.5211e-009	2.4194e-009	2.5335e-009	3.3208e-009	3.9642e-009	4.4709e-009	6.1589e-009	7.8454e-009	1.049e-008	1.2871e-008	1.777e-008	2.1856e-008	2.738e-008	3.346e-008	4.0801e-008	4.7239e-008	5.3635e-008	5.9385e-008	6.4211e-008	7.0129e-008	7.4793e-008	8.0389e-008	8.4038e-008	8.8934e-008	9.2224e-008	9.3268e-008	9.4741e-008	9.4785e-008	9.4868e-008	9.5106e-008	9.5392e-008	9.4327e-008	9.3256e-008	9.1753e-008	9.0024e-008	8.8286e-008	8.5903e-008	8.4954e-008	8.3468e-008	8.157e-008	7.8146e-008	7.6669e-008	7.5107e-008	7.2983e-008	7.1262e-008	6.9886e-008	6.8099e-008	6.6235e-008	6.5431e-008	6.3939e-008	6.2306e-008	5.9242e-008	5.3849e-008	5.1519e-008	5.0378e-008	4.8768e-008	4.6746e-008	4.454e-008	4.1736e-008	4.0263e-008	3.8539e-008	3.5518e-008	3.4599e-008	3.3105e-008	3.1066e-008	2.8968e-008	2.7095e-008	2.4783e-008	2.2454e-008	1.9983e-008	1.7353e-008	1.5489e-008	1.3414e-008	1.1308e-008	9.3879e-009	7.4175e-009	5.6395e-009	4.1691e-009	3.3164e-009	3.2365e-009	2.984e-009	2.9467e-009	2.9404e-009	3.3209e-009	3.8999e-009	4.6517e-009	5.2439e-009	6.1695e-009	7.623e-009	9.0214e-009	1.0812e-008	1.1939e-008	1.3868e-008	1.6924e-008	1.9948e-008	2.377e-008	2.6401e-008	2.9939e-008	3.3994e-008	4.0755e-008	4.7852e-008	5.4194e-008	6.1194e-008	6.6088e-008	7.1954e-008	7.556e-008	7.8498e-008	8.0561e-008	8.3754e-008	8.7134e-008	8.9703e-008	9.1814e-008	9.1712e-008	9.1625e-008	9.1411e-008	9.1172e-008	9.1263e-008	9.1039e-008	8.8472e-008	8.5969e-008	8.3376e-008	8.0588e-008	7.9027e-008	7.8106e-008	7.6675e-008	7.555e-008	7.4581e-008	7.3391e-008	7.2202e-008	6.9787e-008	6.8858e-008	6.7008e-008	6.4289e-008	6.1817e-008	6.0924e-008	5.8091e-008	5.4221e-008	5.3392e-008	5.1368e-008	4.8729e-008	4.6537e-008	4.3987e-008	4.0842e-008	3.7867e-008	3.6015e-008	3.3279e-008	3.1839e-008	2.9101e-008	2.5731e-008	2.1575e-008	2.0423e-008	1.8241e-008	1.5483e-008	1.4075e-008	1.1968e-008	9.9296e-009	8.3542e-009	6.9672e-009	6.1494e-009	5.2678e-009	4.7833e-009	4.2204e-009	3.9889e-009	4.1547e-009	4.1668e-009	3.6773e-009	3.4853e-009
1.7809e-009	2.2372e-009	2.391e-009	2.2652e-009	2.7337e-009	2.8468e-009	2.1296e-009	2.8805e-009	2.7597e-009	2.8735e-009	3.568e-009	4.2497e-009	4.9682e-009	5.494e-009	8.1492e-009	1.0124e-008	1.4154e-008	1.8725e-008	2.352e-008	3.0375e-008	3.7737e-008	4.53e-008	5.1959e-008	5.7891e-008	6.4443e-008	7.0068e-008	7.5071e-008	8.0032e-008	8.5306e-008	9.0183e-008	9.139e-008	9.1684e-008	9.2015e-008	9.2755e-008	9.3484e-008	9.3602e-008	9.3354e-008	9.2003e-008	9.0557e-008	8.9383e-008	8.7151e-008	8.5736e-008	8.4352e-008	8.2926e-008	8.1511e-008	8.0142e-008	7.8493e-008	7.6627e-008	7.461e-008	7.3349e-008	7.2188e-008	7.0972e-008	6.8113e-008	6.6394e-008	6.4478e-008	6.2928e-008	6.1457e-008	5.9437e-008	5.7727e-008	5.531e-008	5.3174e-008	5.0348e-008	4.8968e-008	4.7819e-008	4.49e-008	4.3287e-008	4.0258e-008	3.7995e-008	3.4472e-008	3.0086e-008	2.8121e-008	2.6297e-008	2.4293e-008	2.2549e-008	1.9959e-008	1.7634e-008	1.6188e-008	1.4009e-008	1.0735e-008	8.7228e-009	6.8303e-009	5.4614e-009	4.2175e-009	4.2318e-009	4.1206e-009	4.1333e-009	3.9788e-009	3.1186e-009	3.1215e-009	2.8568e-009	3.0624e-009	3.8998e-009	4.3929e-009	4.2739e-009	4.4974e-009	5.5862e-009	7.4145e-009	9.0746e-009	1.1607e-008	1.5248e-008	1.9376e-008	2.4143e-008	2.7667e-008	3.2047e-008	4.0379e-008	4.8859e-008	5.7741e-008	6.148e-008	6.5925e-008	7.0323e-008	7.6061e-008	7.9432e-008	8.256e-008	8.4302e-008	8.6371e-008	8.9039e-008	9.089e-008	9.3389e-008	9.3771e-008	9.3055e-008	9.2646e-008	9.2321e-008	9.118e-008	9.0467e-008	8.9791e-008	8.7941e-008	8.6425e-008	8.5746e-008	8.4442e-008	8.2774e-008	8.1307e-008	7.9283e-008	7.7748e-008	7.517e-008	7.3247e-008	7.0759e-008	6.8634e-008	6.7255e-008	6.6277e-008	6.4873e-008	6.3184e-008	6.0769e-008	5.8252e-008	5.6838e-008	5.5062e-008	5.2799e-008	5.0551e-008	4.825e-008	4.5271e-008	4.2884e-008	3.9765e-008	3.806e-008	3.593e-008	3.3373e-008	3.1789e-008	2.937e-008	2.7712e-008	2.5539e-008	2.2892e-008	2.1523e-008	1.9938e-008	1.8067e-008	1.6762e-008	1.3806e-008	1.2014e-008	1.0254e-008	8.1204e-009	6.7714e-009	5.5738e-009	4.7247e-009	4.2625e-009	4.6454e-009	4.6349e-009	4.3466e-009	4.4695e-009	3.8007e-009	4.402e-009	4.951e-009	5.6129e-009	6.6172e-009	8.2631e-009	1.0351e-008	1.3869e-008	1.674e-008	2.0589e-008	2.3879e-008	2.9062e-008	3.3433e-008	3.8118e-008	4.4452e-008	4.8989e-008	5.5582e-008	5.9592e-008	6.4327e-008	6.8455e-008	7.2998e-008	7.8873e-008	8.2562e-008	8.4433e-008	8.6e-008	8.7966e-008	8.9262e-008	9.0253e-008	9.0282e-008	9.0607e-008	8.9318e-008	8.7954e-008	8.6667e-008	8.4955e-008	8.4295e-008	8.3156e-008	8.0649e-008	7.7469e-008	7.6603e-008	7.6417e-008	7.6719e-008	7.4332e-008	7.2304e-008	7.0739e-008	6.9227e-008	6.6298e-008	6.5321e-008	6.443e-008	6.3042e-008	6.0016e-008	5.7511e-008	5.6499e-008	5.4723e-008	5.0072e-008	4.8249e-008	4.7055e-008	4.5756e-008	4.4275e-008	4.2743e-008	4.0495e-008	3.6665e-008	3.427e-008	3.1626e-008	2.9765e-008	2.7981e-008	2.5561e-008	2.3469e-008	2.1274e-008	1.9563e-008	1.7716e-008	1.5353e-008	1.3883e-008	1.1476e-008	9.5453e-009	8.3034e-009	6.0365e-009	4.229e-009	2.8993e-009	2.8172e-009	2.8042e-009	2.4972e-009	2.1869e-009	1.8841e-009	2.0335e-009	2.3049e-009	2.3338e-009	2.2205e-009	2.3207e-009	2.5032e-009	3.3859e-009	4.1652e-009	4.4353e-009	5.5023e-009	6.8869e-009	9.2574e-009	1.344e-008	1.6367e-008	2.0928e-008	2.934e-008	3.4454e-008	4.0013e-008	4.6202e-008	5.1225e-008	5.7649e-008	6.2375e-008	6.6886e-008	7.2996e-008	7.9133e-008	8.2259e-008	8.3958e-008	8.4404e-008	8.6299e-008	8.8437e-008	9.1101e-008	9.1388e-008	9.1685e-008	9.027e-008	8.8955e-008	8.8099e-008	8.6531e-008	8.4434e-008	8.2241e-008	8.0651e-008	7.9231e-008	7.8168e-008	7.6905e-008	7.4609e-008	7.0943e-008	6.9418e-008	6.7549e-008	6.5931e-008	6.4121e-008	6.1585e-008	5.8948e-008	5.7912e-008	5.6624e-008	5.4278e-008	5.1131e-008	4.9771e-008	4.7141e-008	4.4307e-008	4.2008e-008	4.0324e-008	3.7238e-008	3.5515e-008	3.3547e-008	3.1369e-008	2.9612e-008	2.8034e-008	2.5287e-008	2.431e-008	2.2095e-008	2.108e-008	1.9081e-008	1.7613e-008	1.5825e-008	1.3586e-008	1.2279e-008	1.0785e-008	9.3881e-009	8.1961e-009	6.691e-009	5.7134e-009	4.3877e-009	3.2584e-009	3.224e-009	3.0966e-009	3.1255e-009	2.4611e-009	2.5343e-009	2.2702e-009	2.2827e-009	2.0315e-009	2.9658e-009	3.5641e-009	3.9208e-009	5.9669e-009	7.9071e-009	1.061e-008	1.3332e-008	1.8209e-008	2.1437e-008	2.7403e-008	3.509e-008	4.2195e-008	4.8919e-008	5.4935e-008	6.1574e-008	6.5331e-008	7.0697e-008	7.5214e-008	8.1519e-008	8.4722e-008	8.7786e-008	9.1735e-008	9.3124e-008	9.4425e-008	9.4377e-008	9.3981e-008	9.3698e-008	9.4237e-008	9.339e-008	9.1763e-008	9.0564e-008	8.9844e-008	8.7871e-008	8.6006e-008	8.4808e-008	8.3641e-008	8.126e-008	7.8396e-008	7.6146e-008	7.5006e-008	7.2695e-008	7.0901e-008	6.9641e-008	6.7659e-008	6.6872e-008	6.5659e-008	6.3972e-008	6.1962e-008	5.9802e-008	5.4511e-008	5.1125e-008	4.9372e-008	4.7688e-008	4.6306e-008	4.3726e-008	4.1852e-008	4.0584e-008	3.8473e-008	3.588e-008	3.4081e-008	3.2277e-008	3.064e-008	2.8325e-008	2.6392e-008	2.4292e-008	2.2115e-008	1.982e-008	1.8014e-008	1.5376e-008	1.3247e-008	1.0623e-008	8.3956e-009	7.0924e-009	5.5021e-009	4.3962e-009	3.5332e-009	3.0922e-009	3.0101e-009	3.0152e-009	2.7073e-009	3.1039e-009	3.6835e-009	4.4701e-009	5.5212e-009	6.298e-009	7.9714e-009	9.0883e-009	1.1102e-008	1.2363e-008	1.5164e-008	1.8495e-008	2.0311e-008	2.3659e-008	2.7374e-008	3.0635e-008	3.5055e-008	4.1865e-008	4.8606e-008	5.5928e-008	6.1624e-008	6.5921e-008	7.0568e-008	7.485e-008	7.8451e-008	8.058e-008	8.3192e-008	8.6271e-008	8.9319e-008	9.1666e-008	9.1814e-008	9.1634e-008	9.1589e-008	9.1148e-008	9.165e-008	9.195e-008	8.8591e-008	8.5196e-008	8.2831e-008	8.1033e-008	7.9139e-008	7.7985e-008	7.7374e-008	7.5556e-008	7.448e-008	7.4023e-008	7.2595e-008	7.0269e-008	6.8151e-008	6.6263e-008	6.376e-008	6.2387e-008	6.1466e-008	5.9515e-008	5.515e-008	5.3978e-008	5.1874e-008	4.8627e-008	4.5635e-008	4.4262e-008	4.1342e-008	3.7157e-008	3.518e-008	3.297e-008	3.1297e-008	2.8991e-008	2.5612e-008	2.2217e-008	2.0564e-008	1.8173e-008	1.5871e-008	1.4292e-008	1.1789e-008	9.7821e-009	7.9028e-009	6.7552e-009	6.0251e-009	4.9842e-009	4.6379e-009	3.9359e-009	4.1715e-009	4.2088e-009	3.685e-009	3.4963e-009	3.4838e-009
2.3121e-009	2.5892e-009	2.9028e-009	2.41e-009	2.3574e-009	2.0052e-009	2.1784e-009	2.8211e-009	3.038e-009	3.378e-009	3.863e-009	4.25e-009	5.0313e-009	5.6901e-009	7.5668e-009	1.0281e-008	1.4101e-008	1.9574e-008	2.3245e-008	2.9466e-008	3.5962e-008	4.4339e-008	5.157e-008	5.8171e-008	6.49e-008	7.0859e-008	7.6579e-008	8.0451e-008	8.5502e-008	9.0045e-008	9.2503e-008	9.3213e-008	9.3242e-008	9.3327e-008	9.3646e-008	9.3351e-008	9.3358e-008	9.192e-008	9.1173e-008	8.9755e-008	8.8355e-008	8.6301e-008	8.511e-008	8.3925e-008	8.2103e-008	8.0065e-008	7.8676e-008	7.698e-008	7.4504e-008	7.4226e-008	7.2717e-008	7.2279e-008	7.0049e-008	6.6474e-008	6.4709e-008	6.3084e-008	6.0953e-008	5.9817e-008	5.8026e-008	5.4494e-008	5.3019e-008	5.0354e-008	4.8946e-008	4.7587e-008	4.492e-008	4.2476e-008	3.9352e-008	3.6837e-008	3.3448e-008	2.9795e-008	2.8346e-008	2.6494e-008	2.4013e-008	2.1279e-008	1.9304e-008	1.7927e-008	1.6148e-008	1.409e-008	1.1002e-008	8.9188e-009	6.7428e-009	5.2793e-009	4.3699e-009	4.3013e-009	4.7337e-009	4.1597e-009	4.1306e-009	3.3488e-009	3.47e-009	2.8162e-009	3.0532e-009	3.7749e-009	4.6045e-009	4.2507e-009	4.3716e-009	5.7474e-009	7.2207e-009	9.1385e-009	1.1511e-008	1.4627e-008	1.9262e-008	2.3461e-008	2.7844e-008	3.2385e-008	4.113e-008	4.9893e-008	5.712e-008	6.1398e-008	6.6644e-008	7.0535e-008	7.6893e-008	8.0202e-008	8.2973e-008	8.5127e-008	8.7955e-008	8.963e-008	9.0892e-008	9.2328e-008	9.2922e-008	9.216e-008	9.2534e-008	9.1848e-008	9.0673e-008	9.0488e-008	8.9987e-008	8.7859e-008	8.5781e-008	8.5011e-008	8.4121e-008	8.3618e-008	8.2303e-008	7.943e-008	7.7096e-008	7.4548e-008	7.2261e-008	7.0226e-008	6.8787e-008	6.7836e-008	6.7307e-008	6.5288e-008	6.2842e-008	6.0365e-008	5.7532e-008	5.5144e-008	5.3514e-008	5.1973e-008	5.0274e-008	4.82e-008	4.6355e-008	4.3548e-008	4.0019e-008	3.7947e-008	3.5732e-008	3.322e-008	3.2061e-008	2.9221e-008	2.807e-008	2.5419e-008	2.3701e-008	2.1778e-008	2.027e-008	1.87e-008	1.5748e-008	1.4115e-008	1.2211e-008	1.0225e-008	8.2261e-009	6.9149e-009	5.5679e-009	4.9378e-009	4.9189e-009	4.9857e-009	5.3027e-009	4.6497e-009	4.826e-009	4.3795e-009	4.4184e-009	5.1906e-009	5.5753e-009	6.7914e-009	8.3688e-009	1.0735e-008	1.4072e-008	1.6868e-008	2.0968e-008	2.493e-008	2.9912e-008	3.4824e-008	3.811e-008	4.4314e-008	4.8719e-008	5.4369e-008	5.9835e-008	6.4098e-008	6.8476e-008	7.297e-008	7.6798e-008	8.339e-008	8.537e-008	8.6906e-008	8.8214e-008	8.952e-008	9.0645e-008	9.2123e-008	9.1792e-008	9.0377e-008	8.8532e-008	8.6778e-008	8.5239e-008	8.4546e-008	8.3715e-008	8.0975e-008	7.8907e-008	7.7683e-008	7.6382e-008	7.6784e-008	7.4883e-008	7.2429e-008	7.1045e-008	6.9028e-008	6.6819e-008	6.5447e-008	6.4565e-008	6.256e-008	5.9334e-008	5.7869e-008	5.6774e-008	5.5135e-008	5.0493e-008	4.8385e-008	4.6346e-008	4.4894e-008	4.4427e-008	4.3104e-008	4.0013e-008	3.6522e-008	3.4269e-008	3.2152e-008	3.0335e-008	2.792e-008	2.6183e-008	2.4059e-008	2.1979e-008	1.9388e-008	1.7379e-008	1.578e-008	1.4576e-008	1.2005e-008	9.9911e-009	7.9642e-009	5.8054e-009	4.3e-009	3.3773e-009	3.0027e-009	2.3719e-009	2.7007e-009	2.8004e-009	2.3802e-009	2.5447e-009	3.0291e-009	3.2952e-009	3.1906e-009	2.8467e-009	2.673e-009	3.6634e-009	4.2733e-009	4.57e-009	5.5913e-009	7.4127e-009	1.0545e-008	1.3726e-008	1.7049e-008	2.194e-008	2.8946e-008	3.5604e-008	4.0021e-008	4.5659e-008	5.1208e-008	5.7203e-008	6.2492e-008	6.7488e-008	7.1367e-008	7.6574e-008	8.001e-008	8.304e-008	8.4812e-008	8.6728e-008	8.906e-008	9.0414e-008	9.1482e-008	9.2405e-008	9.1105e-008	9.0024e-008	8.8403e-008	8.6955e-008	8.456e-008	8.2499e-008	8.0946e-008	7.9641e-008	7.8065e-008	7.6556e-008	7.3695e-008	7.0652e-008	6.8918e-008	6.7337e-008	6.627e-008	6.421e-008	6.1466e-008	6.0108e-008	5.7885e-008	5.6742e-008	5.4293e-008	5.0964e-008	4.9129e-008	4.7087e-008	4.3672e-008	4.1309e-008	3.9383e-008	3.7396e-008	3.5395e-008	3.3823e-008	3.1481e-008	2.9948e-008	2.799e-008	2.5564e-008	2.4171e-008	2.2358e-008	2.0772e-008	1.9353e-008	1.8021e-008	1.583e-008	1.4251e-008	1.2402e-008	1.1195e-008	9.936e-009	9.0236e-009	7.3836e-009	6.1933e-009	4.8049e-009	3.6234e-009	3.7384e-009	3.6019e-009	3.1687e-009	2.7178e-009	2.6438e-009	2.696e-009	2.0842e-009	1.7134e-009	2.8068e-009	3.3491e-009	4.5571e-009	6.0747e-009	8.1487e-009	1.0856e-008	1.3746e-008	1.8637e-008	2.2481e-008	2.779e-008	3.5903e-008	4.2647e-008	5.0018e-008	5.6033e-008	6.2345e-008	6.6721e-008	7.1304e-008	7.6824e-008	8.1819e-008	8.4995e-008	8.813e-008	9.1981e-008	9.3999e-008	9.4597e-008	9.4383e-008	9.3468e-008	9.3059e-008	9.3071e-008	9.2402e-008	9.1394e-008	9.0175e-008	8.9259e-008	8.7447e-008	8.6118e-008	8.5032e-008	8.3368e-008	8.1321e-008	7.932e-008	7.6855e-008	7.4109e-008	7.317e-008	7.1419e-008	7.0057e-008	6.8982e-008	6.7281e-008	6.5361e-008	6.3708e-008	6.1467e-008	5.8655e-008	5.6029e-008	5.2369e-008	5.0092e-008	4.7705e-008	4.5963e-008	4.3982e-008	4.2322e-008	4.0854e-008	3.909e-008	3.5788e-008	3.377e-008	3.0865e-008	2.9846e-008	2.8849e-008	2.6262e-008	2.3801e-008	2.1378e-008	1.9665e-008	1.8031e-008	1.5896e-008	1.3899e-008	1.1137e-008	8.3647e-009	6.754e-009	5.2521e-009	4.4657e-009	3.7401e-009	3.318e-009	3.1984e-009	2.7224e-009	2.5252e-009	3.417e-009	4.2179e-009	4.9147e-009	5.7945e-009	6.7826e-009	8.6826e-009	9.5198e-009	1.0876e-008	1.2787e-008	1.4982e-008	1.8976e-008	2.0489e-008	2.3214e-008	2.8284e-008	3.2615e-008	3.6803e-008	4.2072e-008	4.975e-008	5.615e-008	6.2287e-008	6.5271e-008	6.9888e-008	7.4839e-008	7.8172e-008	8.1161e-008	8.3899e-008	8.6939e-008	8.9239e-008	9.1341e-008	9.1311e-008	9.1358e-008	9.1568e-008	9.1895e-008	9.2099e-008	9.197e-008	8.9536e-008	8.6007e-008	8.3287e-008	8.157e-008	7.928e-008	7.8482e-008	7.778e-008	7.6349e-008	7.5723e-008	7.4241e-008	7.3582e-008	7.0093e-008	6.8137e-008	6.6735e-008	6.4394e-008	6.2632e-008	6.1931e-008	6.0233e-008	5.7033e-008	5.5353e-008	5.2949e-008	4.8392e-008	4.6577e-008	4.4189e-008	4.1628e-008	3.7501e-008	3.5445e-008	3.2896e-008	3.1592e-008	2.9352e-008	2.5941e-008	2.3827e-008	2.0621e-008	1.7923e-008	1.6157e-008	1.485e-008	1.248e-008	9.9045e-009	8.1573e-009	6.6596e-009	5.8805e-009	4.5992e-009	4.369e-009	4.0128e-009	3.7918e-009	3.8068e-009	3.4696e-009	3.4196e-009	3.6785e-009
2.1176e-009	2.5338e-009	2.8051e-009	2.694e-009	2.4217e-009	1.6703e-009	2.0238e-009	2.7925e-009	3.3217e-009	3.1866e-009	3.5455e-009	3.9338e-009	4.3587e-009	4.9124e-009	6.6956e-009	9.7305e-009	1.2989e-008	1.9938e-008	2.4246e-008	2.9569e-008	3.6808e-008	4.3438e-008	5.1483e-008	5.8569e-008	6.5567e-008	7.2205e-008	7.6539e-008	8.1284e-008	8.6212e-008	8.9751e-008	9.2847e-008	9.3468e-008	9.3685e-008	9.3806e-008	9.3516e-008	9.3682e-008	9.3001e-008	9.2171e-008	9.1602e-008	9.0392e-008	8.9621e-008	8.7843e-008	8.5709e-008	8.4902e-008	8.2841e-008	8.1076e-008	7.8477e-008	7.7527e-008	7.592e-008	7.4753e-008	7.358e-008	7.2959e-008	6.926e-008	6.6068e-008	6.4781e-008	6.2977e-008	6.1442e-008	5.9806e-008	5.7122e-008	5.4243e-008	5.1851e-008	4.9911e-008	4.8362e-008	4.6818e-008	4.343e-008	4.1295e-008	3.8625e-008	3.4898e-008	3.1928e-008	3.0427e-008	2.8497e-008	2.6462e-008	2.3827e-008	2.063e-008	1.891e-008	1.6793e-008	1.4971e-008	1.2711e-008	1.0471e-008	8.1005e-009	5.6656e-009	4.6768e-009	3.6775e-009	3.7871e-009	4.392e-009	4.1149e-009	3.7385e-009	3.3464e-009	3.6671e-009	3.0889e-009	2.9724e-009	3.2078e-009	3.5508e-009	3.4911e-009	4.1962e-009	5.5987e-009	7.1658e-009	9.0108e-009	1.1438e-008	1.4756e-008	1.8626e-008	2.3311e-008	2.757e-008	3.3358e-008	4.2155e-008	5.0575e-008	5.6783e-008	6.1084e-008	6.6974e-008	7.0541e-008	7.7131e-008	8.0533e-008	8.3331e-008	8.5026e-008	8.823e-008	8.9981e-008	9.0425e-008	9.1592e-008	9.2062e-008	9.1767e-008	9.1144e-008	9.0644e-008	9.0134e-008	9.0493e-008	9.0527e-008	8.8724e-008	8.5487e-008	8.468e-008	8.394e-008	8.3342e-008	8.1895e-008	7.8836e-008	7.6491e-008	7.4399e-008	7.1754e-008	6.9734e-008	6.815e-008	6.7529e-008	6.7471e-008	6.4723e-008	6.1498e-008	5.9586e-008	5.7425e-008	5.4737e-008	5.25e-008	5.1062e-008	4.9389e-008	4.7745e-008	4.6272e-008	4.3671e-008	4.0924e-008	3.8461e-008	3.5165e-008	3.2888e-008	3.0684e-008	2.9327e-008	2.8392e-008	2.5926e-008	2.4032e-008	2.1536e-008	1.984e-008	1.814e-008	1.5297e-008	1.3981e-008	1.207e-008	9.6479e-009	7.2567e-009	6.3595e-009	5.2147e-009	4.6944e-009	5.213e-009	5.002e-009	4.8458e-009	4.2239e-009	4.5914e-009	4.1932e-009	4.0609e-009	4.3839e-009	5.3326e-009	6.5409e-009	7.9295e-009	1.0709e-008	1.3599e-008	1.7035e-008	2.0421e-008	2.509e-008	2.934e-008	3.4955e-008	3.8241e-008	4.32e-008	4.7014e-008	5.2863e-008	5.901e-008	6.419e-008	6.8876e-008	7.2582e-008	7.655e-008	8.2595e-008	8.5731e-008	8.7345e-008	8.8501e-008	8.9651e-008	9.0702e-008	9.2436e-008	9.2915e-008	9.1379e-008	8.9555e-008	8.6421e-008	8.5154e-008	8.4256e-008	8.3515e-008	8.1578e-008	8.021e-008	7.8411e-008	7.707e-008	7.5448e-008	7.3359e-008	7.1983e-008	7.0693e-008	6.8437e-008	6.6613e-008	6.5996e-008	6.4043e-008	6.1779e-008	5.9562e-008	5.771e-008	5.6244e-008	5.3821e-008	5.0593e-008	4.8823e-008	4.6341e-008	4.466e-008	4.403e-008	4.1856e-008	3.9223e-008	3.6314e-008	3.4215e-008	3.2114e-008	3.0497e-008	2.779e-008	2.5649e-008	2.3564e-008	2.1483e-008	1.9117e-008	1.7972e-008	1.632e-008	1.3624e-008	1.229e-008	1.0319e-008	8.1644e-009	5.8096e-009	4.7504e-009	3.5717e-009	2.7439e-009	2.6151e-009	3.0671e-009	3.0772e-009	2.8646e-009	3.1821e-009	3.3254e-009	3.2507e-009	3.2072e-009	3.0192e-009	2.8621e-009	3.3787e-009	4.0026e-009	4.9814e-009	5.5934e-009	7.3112e-009	1.0359e-008	1.3408e-008	1.7236e-008	2.2069e-008	2.915e-008	3.5797e-008	3.9697e-008	4.4174e-008	5.1347e-008	5.7659e-008	6.3137e-008	6.6878e-008	7.0906e-008	7.4312e-008	7.8917e-008	8.2072e-008	8.5339e-008	8.7341e-008	8.8516e-008	8.9862e-008	9.1411e-008	9.1894e-008	9.1418e-008	9.0446e-008	8.9714e-008	8.7272e-008	8.5414e-008	8.3213e-008	8.1193e-008	7.9309e-008	7.8199e-008	7.6602e-008	7.3663e-008	7.1206e-008	6.8961e-008	6.6644e-008	6.5707e-008	6.3797e-008	6.1187e-008	6.0034e-008	5.8069e-008	5.6106e-008	5.3873e-008	5.0542e-008	4.7645e-008	4.6278e-008	4.3743e-008	4.1884e-008	3.9781e-008	3.7252e-008	3.5401e-008	3.383e-008	3.1922e-008	3.0412e-008	2.7505e-008	2.5844e-008	2.4369e-008	2.2326e-008	2.0634e-008	1.9425e-008	1.7552e-008	1.54e-008	1.393e-008	1.2734e-008	1.0766e-008	9.9643e-009	8.7387e-009	7.2397e-009	5.9187e-009	4.9719e-009	4.027e-009	3.9849e-009	3.7637e-009	3.3298e-009	2.752e-009	2.9685e-009	2.4998e-009	2.053e-009	2.1448e-009	2.6775e-009	3.5215e-009	5.2304e-009	6.8122e-009	8.2017e-009	1.0759e-008	1.3819e-008	1.8438e-008	2.2535e-008	2.8584e-008	3.6058e-008	4.3242e-008	5.0147e-008	5.623e-008	6.1276e-008	6.7341e-008	7.2174e-008	7.7599e-008	8.1711e-008	8.4781e-008	8.769e-008	9.2234e-008	9.4606e-008	9.4853e-008	9.3587e-008	9.3236e-008	9.3005e-008	9.2706e-008	9.1855e-008	9.0984e-008	9.0031e-008	8.8841e-008	8.718e-008	8.6004e-008	8.4464e-008	8.2239e-008	8.024e-008	7.9217e-008	7.6948e-008	7.4966e-008	7.3728e-008	7.2546e-008	7.0746e-008	6.9396e-008	6.705e-008	6.4699e-008	6.3125e-008	6.0649e-008	5.7999e-008	5.6045e-008	5.3464e-008	5.065e-008	4.8318e-008	4.6798e-008	4.5011e-008	4.182e-008	4.0964e-008	3.9294e-008	3.6191e-008	3.4152e-008	3.2024e-008	2.964e-008	2.8156e-008	2.5825e-008	2.3529e-008	2.1169e-008	1.8773e-008	1.7673e-008	1.5297e-008	1.3428e-008	1.1014e-008	8.958e-009	7e-009	5.812e-009	4.3386e-009	3.866e-009	3.619e-009	3.4622e-009	3.1372e-009	3.3862e-009	3.7106e-009	3.7436e-009	4.6499e-009	5.7293e-009	6.8499e-009	8.8569e-009	9.8229e-009	1.0712e-008	1.2697e-008	1.5051e-008	1.8323e-008	2.0815e-008	2.3176e-008	2.9108e-008	3.2923e-008	3.7025e-008	4.1332e-008	4.883e-008	5.6238e-008	6.1496e-008	6.5764e-008	7.0215e-008	7.4071e-008	7.9002e-008	8.1668e-008	8.5164e-008	8.7433e-008	8.8924e-008	9.1013e-008	9.1439e-008	9.1528e-008	9.2101e-008	9.2537e-008	9.2218e-008	9.0842e-008	8.9247e-008	8.6362e-008	8.4185e-008	8.2255e-008	8.0074e-008	7.8214e-008	7.7102e-008	7.6343e-008	7.6009e-008	7.4678e-008	7.2829e-008	7.0283e-008	6.8287e-008	6.7195e-008	6.4774e-008	6.2794e-008	6.188e-008	5.9537e-008	5.6408e-008	5.5027e-008	5.2694e-008	4.9236e-008	4.6699e-008	4.4989e-008	4.1571e-008	3.7316e-008	3.5345e-008	3.3457e-008	3.2222e-008	2.9417e-008	2.691e-008	2.3587e-008	2.1225e-008	1.7265e-008	1.6261e-008	1.4293e-008	1.261e-008	1.0293e-008	8.1633e-009	6.8656e-009	5.4225e-009	4.5322e-009	4.3214e-009	3.921e-009	3.7144e-009	4.1443e-009	3.9776e-009	3.6928e-009	3.8648e-009
2.25e-009	2.2191e-009	2.4759e-009	2.7186e-009	2.4672e-009	2.4709e-009	2.2828e-009	2.8822e-009	2.9974e-009	2.8968e-009	3.4592e-009	3.8311e-009	3.9707e-009	4.4567e-009	6.4748e-009	9.3209e-009	1.2609e-008	1.8891e-008	2.3579e-008	2.9378e-008	3.6302e-008	4.3131e-008	5.0877e-008	5.8985e-008	6.5847e-008	7.212e-008	7.849e-008	8.2836e-008	8.6562e-008	8.8879e-008	9.2308e-008	9.3228e-008	9.4871e-008	9.4955e-008	9.4365e-008	9.3824e-008	9.3685e-008	9.3015e-008	9.2298e-008	9.1603e-008	9.0126e-008	8.8601e-008	8.7478e-008	8.61e-008	8.3805e-008	8.1694e-008	7.9713e-008	7.7252e-008	7.637e-008	7.5067e-008	7.3579e-008	7.1993e-008	7.0317e-008	6.7597e-008	6.4486e-008	6.3169e-008	6.1768e-008	6.0066e-008	5.734e-008	5.3589e-008	5.2316e-008	5.0354e-008	4.7471e-008	4.5533e-008	4.3697e-008	4.161e-008	3.8096e-008	3.4724e-008	3.2297e-008	3.1266e-008	2.8771e-008	2.513e-008	2.2469e-008	1.9304e-008	1.8197e-008	1.6395e-008	1.467e-008	1.174e-008	9.3928e-009	7.2712e-009	5.7107e-009	4.7486e-009	4.2949e-009	4.2826e-009	4.6387e-009	4.7055e-009	3.8166e-009	3.3737e-009	3.0664e-009	3.1531e-009	3.7001e-009	3.1187e-009	3.2113e-009	3.4686e-009	4.4029e-009	5.446e-009	6.7291e-009	8.556e-009	1.0923e-008	1.4423e-008	1.8498e-008	2.3059e-008	2.7812e-008	3.4767e-008	4.3606e-008	5.184e-008	5.6768e-008	6.2635e-008	6.728e-008	7.0935e-008	7.5277e-008	7.9268e-008	8.3242e-008	8.5308e-008	8.7828e-008	8.9754e-008	8.9973e-008	9.0681e-008	9.0819e-008	9.0959e-008	9.0238e-008	9.0008e-008	8.984e-008	9.0373e-008	9.0095e-008	8.8412e-008	8.5935e-008	8.5041e-008	8.3494e-008	8.3343e-008	8.1353e-008	7.9e-008	7.6627e-008	7.4606e-008	7.2007e-008	7.0388e-008	6.8103e-008	6.7434e-008	6.6886e-008	6.4338e-008	6.232e-008	5.9397e-008	5.5657e-008	5.4269e-008	5.1951e-008	5.075e-008	4.9557e-008	4.6988e-008	4.5614e-008	4.3597e-008	4.1347e-008	3.8161e-008	3.4859e-008	3.3433e-008	3.1088e-008	2.9517e-008	2.8576e-008	2.6383e-008	2.4965e-008	2.1464e-008	1.9143e-008	1.7382e-008	1.5874e-008	1.4497e-008	1.1661e-008	9.8615e-009	7.8172e-009	5.9494e-009	5.1027e-009	5.138e-009	5.4145e-009	4.8114e-009	4.591e-009	4.3405e-009	4.457e-009	4.2068e-009	4.2333e-009	4.1105e-009	5.4113e-009	6.7281e-009	7.8028e-009	1.0831e-008	1.3735e-008	1.6733e-008	2.1026e-008	2.5518e-008	2.9493e-008	3.3319e-008	3.743e-008	4.2677e-008	4.7506e-008	5.2039e-008	5.7915e-008	6.2766e-008	6.9461e-008	7.2515e-008	7.672e-008	8.1125e-008	8.5353e-008	8.7028e-008	8.8518e-008	8.9636e-008	9.0598e-008	9.1995e-008	9.2405e-008	9.1415e-008	8.9681e-008	8.708e-008	8.522e-008	8.3994e-008	8.3321e-008	8.1592e-008	8.0618e-008	7.9898e-008	7.7363e-008	7.4679e-008	7.2976e-008	7.1596e-008	7.0774e-008	6.8596e-008	6.7175e-008	6.6154e-008	6.4643e-008	6.2157e-008	5.9817e-008	5.7969e-008	5.5987e-008	5.3355e-008	5.058e-008	4.984e-008	4.825e-008	4.5458e-008	4.4161e-008	4.1868e-008	3.9435e-008	3.6192e-008	3.4978e-008	3.2786e-008	3.0649e-008	2.8571e-008	2.634e-008	2.375e-008	2.1255e-008	1.9419e-008	1.776e-008	1.629e-008	1.407e-008	1.2072e-008	1.0269e-008	8.3195e-009	6.4708e-009	5.0065e-009	4.26e-009	3.2934e-009	2.9701e-009	2.9092e-009	3.2161e-009	3.0355e-009	3.3279e-009	3.2815e-009	3.0556e-009	2.7927e-009	3.0329e-009	3.3231e-009	3.3192e-009	4.1176e-009	5.1937e-009	5.5571e-009	7.2791e-009	1.0241e-008	1.3915e-008	1.6826e-008	2.0849e-008	2.7272e-008	3.497e-008	3.979e-008	4.3721e-008	5.1567e-008	5.8525e-008	6.3573e-008	6.6961e-008	7.0484e-008	7.4337e-008	7.9e-008	8.2408e-008	8.6136e-008	8.8028e-008	8.8918e-008	8.9748e-008	9.0789e-008	9.1382e-008	9.1643e-008	9.1239e-008	9.0503e-008	8.7585e-008	8.6618e-008	8.4547e-008	8.2355e-008	7.9063e-008	7.804e-008	7.6447e-008	7.3917e-008	7.1662e-008	6.9544e-008	6.6492e-008	6.4989e-008	6.2602e-008	6.1034e-008	5.9395e-008	5.7653e-008	5.5544e-008	5.2959e-008	5.0312e-008	4.7054e-008	4.501e-008	4.3756e-008	4.2063e-008	4.0265e-008	3.7209e-008	3.512e-008	3.3432e-008	3.204e-008	2.997e-008	2.8381e-008	2.5513e-008	2.4214e-008	2.2826e-008	2.1012e-008	1.9063e-008	1.7402e-008	1.5191e-008	1.3673e-008	1.2789e-008	1.0765e-008	9.7834e-009	8.4567e-009	7.1697e-009	5.7448e-009	4.7126e-009	3.7103e-009	3.1063e-009	2.8294e-009	2.506e-009	2.4453e-009	2.9579e-009	2.7301e-009	2.5265e-009	3.3701e-009	3.3288e-009	3.8025e-009	5.006e-009	6.9101e-009	8.609e-009	1.0816e-008	1.4439e-008	1.7873e-008	2.2539e-008	2.9368e-008	3.7074e-008	4.2428e-008	5.0076e-008	5.6808e-008	6.2157e-008	6.7329e-008	7.262e-008	7.7371e-008	8.1571e-008	8.447e-008	8.7205e-008	9.1804e-008	9.4647e-008	9.4245e-008	9.3485e-008	9.2669e-008	9.2452e-008	9.2073e-008	9.1319e-008	9.0623e-008	8.9208e-008	8.7674e-008	8.6918e-008	8.516e-008	8.3312e-008	8.1271e-008	7.9505e-008	7.7855e-008	7.6579e-008	7.4965e-008	7.3784e-008	7.2136e-008	7.124e-008	6.9121e-008	6.6651e-008	6.3373e-008	6.1048e-008	5.9667e-008	5.7641e-008	5.6339e-008	5.2484e-008	4.9635e-008	4.8614e-008	4.7449e-008	4.5389e-008	4.1996e-008	4.0297e-008	3.8809e-008	3.6157e-008	3.3669e-008	3.2024e-008	3.007e-008	2.7467e-008	2.4713e-008	2.3534e-008	2.1655e-008	1.9223e-008	1.7053e-008	1.5228e-008	1.2518e-008	1.0531e-008	9.1646e-009	7.0675e-009	5.6918e-009	4.24e-009	3.835e-009	3.4601e-009	3.3348e-009	3.0794e-009	3.0151e-009	3.5682e-009	3.4582e-009	4.1923e-009	5.3467e-009	6.4544e-009	7.9211e-009	9.3971e-009	1.0749e-008	1.295e-008	1.4809e-008	1.7741e-008	2.1048e-008	2.418e-008	2.8338e-008	3.3359e-008	3.6315e-008	4.0361e-008	4.7123e-008	5.4267e-008	6.1714e-008	6.5264e-008	7.0679e-008	7.3966e-008	7.937e-008	8.1733e-008	8.5776e-008	8.7623e-008	8.8845e-008	9.0518e-008	9.1019e-008	9.204e-008	9.2362e-008	9.2282e-008	9.1869e-008	9.0333e-008	8.9438e-008	8.6694e-008	8.401e-008	8.1958e-008	8.0444e-008	7.8863e-008	7.7124e-008	7.6049e-008	7.5104e-008	7.433e-008	7.2128e-008	7.0057e-008	6.9411e-008	6.6959e-008	6.4783e-008	6.2764e-008	6.0977e-008	5.9263e-008	5.6345e-008	5.5321e-008	5.2725e-008	4.9001e-008	4.6583e-008	4.4649e-008	4.1859e-008	3.8345e-008	3.6295e-008	3.374e-008	3.1937e-008	2.9313e-008	2.7153e-008	2.3461e-008	2.1695e-008	1.8986e-008	1.6349e-008	1.3924e-008	1.231e-008	1.0381e-008	8.2057e-009	6.8851e-009	5.4299e-009	4.5522e-009	4.4922e-009	4.0113e-009	3.6828e-009	3.8496e-009	3.8045e-009	3.3515e-009	3.1836e-009
1.6981e-009	1.6318e-009	1.9781e-009	2.2546e-009	2.2783e-009	2.6805e-009	3.0382e-009	2.8619e-009	2.4198e-009	2.4669e-009	2.8972e-009	3.3382e-009	3.986e-009	4.1807e-009	5.9116e-009	8.8356e-009	1.3203e-008	1.6853e-008	2.3353e-008	3.0986e-008	3.753e-008	4.45e-008	5.2289e-008	6.0067e-008	6.7612e-008	7.348e-008	7.8749e-008	8.2669e-008	8.6523e-008	8.8863e-008	9.1242e-008	9.2747e-008	9.5179e-008	9.5433e-008	9.5297e-008	9.4796e-008	9.4668e-008	9.3813e-008	9.3015e-008	9.1794e-008	9.0711e-008	8.9004e-008	8.7727e-008	8.666e-008	8.4194e-008	8.2106e-008	8.0114e-008	7.7834e-008	7.6718e-008	7.4941e-008	7.3259e-008	7.1808e-008	7.0075e-008	6.861e-008	6.4887e-008	6.2603e-008	6.1568e-008	5.9924e-008	5.7747e-008	5.3701e-008	5.2015e-008	5.0163e-008	4.7186e-008	4.6113e-008	4.467e-008	4.1473e-008	3.7837e-008	3.5417e-008	3.2828e-008	3.14e-008	2.9178e-008	2.6112e-008	2.217e-008	1.9484e-008	1.8137e-008	1.6575e-008	1.4276e-008	1.0919e-008	9.0366e-009	6.7375e-009	5.1796e-009	4.779e-009	4.6221e-009	4.133e-009	3.9167e-009	4.29e-009	3.8741e-009	3.3757e-009	3.4031e-009	3.1735e-009	3.5424e-009	3.3581e-009	3.1728e-009	4.0547e-009	4.3561e-009	4.9197e-009	6.2191e-009	8.4124e-009	1.0357e-008	1.4419e-008	1.8847e-008	2.3396e-008	2.8752e-008	3.5581e-008	4.3495e-008	5.1687e-008	5.7499e-008	6.2438e-008	6.6318e-008	7.0228e-008	7.3899e-008	7.7453e-008	8.1126e-008	8.4444e-008	8.6442e-008	8.7805e-008	8.8698e-008	8.9893e-008	8.9908e-008	9.0128e-008	8.9913e-008	8.9793e-008	8.9705e-008	8.9634e-008	8.8955e-008	8.7724e-008	8.5875e-008	8.4642e-008	8.3251e-008	8.1793e-008	7.9884e-008	7.8911e-008	7.722e-008	7.5169e-008	7.2387e-008	7.0855e-008	6.8541e-008	6.7013e-008	6.6149e-008	6.3713e-008	6.2268e-008	5.881e-008	5.6231e-008	5.3753e-008	5.1992e-008	5.0286e-008	4.8995e-008	4.7161e-008	4.5523e-008	4.2787e-008	4.0913e-008	3.8395e-008	3.5658e-008	3.4502e-008	3.1933e-008	2.9376e-008	2.844e-008	2.7066e-008	2.5335e-008	2.1928e-008	1.9364e-008	1.706e-008	1.5671e-008	1.5026e-008	1.2293e-008	9.8094e-009	8.3152e-009	6.195e-009	5.6251e-009	5.0576e-009	5.0849e-009	4.5832e-009	4.3632e-009	4.3805e-009	3.9648e-009	3.9413e-009	4.4193e-009	4.319e-009	5.0162e-009	6.5945e-009	7.9691e-009	1.0489e-008	1.3527e-008	1.7076e-008	2.0734e-008	2.4634e-008	2.8473e-008	3.2521e-008	3.6034e-008	4.1166e-008	4.618e-008	5.1792e-008	5.7549e-008	6.3153e-008	6.8863e-008	7.3496e-008	7.7349e-008	8.0338e-008	8.3985e-008	8.6303e-008	8.7715e-008	8.8967e-008	8.994e-008	9.1249e-008	9.1945e-008	9.1515e-008	9.0194e-008	8.7315e-008	8.5558e-008	8.4718e-008	8.3011e-008	8.2125e-008	8.1198e-008	8.0158e-008	7.8412e-008	7.4876e-008	7.2728e-008	7.2056e-008	7.1493e-008	7.0146e-008	6.7043e-008	6.5629e-008	6.4543e-008	6.2122e-008	5.9688e-008	5.7438e-008	5.5389e-008	5.3919e-008	5.1485e-008	5.0516e-008	4.9111e-008	4.5469e-008	4.4348e-008	4.2067e-008	3.9738e-008	3.7116e-008	3.5668e-008	3.3581e-008	3.1085e-008	2.7496e-008	2.542e-008	2.4625e-008	2.1947e-008	1.9542e-008	1.7827e-008	1.6311e-008	1.3802e-008	1.1854e-008	9.6819e-009	8.4307e-009	6.7546e-009	5.1542e-009	4.0972e-009	3.4646e-009	3.1666e-009	2.7562e-009	2.7164e-009	3.1084e-009	3.2745e-009	3.1869e-009	2.791e-009	2.7369e-009	3.1329e-009	3.5303e-009	4.1973e-009	4.7566e-009	4.9745e-009	5.5181e-009	7.6197e-009	1.0362e-008	1.3618e-008	1.7244e-008	2.1534e-008	2.7303e-008	3.4721e-008	3.9874e-008	4.4754e-008	5.0735e-008	5.9438e-008	6.4129e-008	6.7586e-008	7.1099e-008	7.5085e-008	7.9055e-008	8.3185e-008	8.6783e-008	8.9234e-008	8.9603e-008	8.9635e-008	8.9912e-008	9.0722e-008	9.1241e-008	9.106e-008	9.0887e-008	8.908e-008	8.7032e-008	8.4496e-008	8.266e-008	8.0323e-008	7.7714e-008	7.5426e-008	7.3491e-008	7.1799e-008	6.9769e-008	6.6657e-008	6.5118e-008	6.2904e-008	6.072e-008	5.9155e-008	5.7662e-008	5.6009e-008	5.2612e-008	4.9952e-008	4.7582e-008	4.5123e-008	4.3563e-008	4.1933e-008	3.9799e-008	3.7345e-008	3.533e-008	3.3461e-008	3.1981e-008	3e-008	2.8451e-008	2.6452e-008	2.3966e-008	2.2187e-008	2.1615e-008	1.9198e-008	1.7131e-008	1.6272e-008	1.4559e-008	1.3243e-008	1.0573e-008	9.2578e-009	8.2016e-009	7.1285e-009	5.2309e-009	4.5078e-009	3.4975e-009	2.9942e-009	2.8552e-009	2.5006e-009	2.6981e-009	2.9596e-009	2.7964e-009	2.9478e-009	3.5769e-009	3.4982e-009	3.9997e-009	5.2205e-009	6.5214e-009	8.4944e-009	1.0871e-008	1.4684e-008	1.7678e-008	2.2018e-008	2.9573e-008	3.724e-008	4.3103e-008	4.8514e-008	5.6284e-008	6.2165e-008	6.9146e-008	7.3477e-008	7.7793e-008	8.0892e-008	8.4061e-008	8.6189e-008	8.9967e-008	9.391e-008	9.4351e-008	9.3708e-008	9.2925e-008	9.2207e-008	9.1812e-008	9.1309e-008	9.0884e-008	9.002e-008	8.7684e-008	8.612e-008	8.4889e-008	8.2765e-008	8.1085e-008	7.9616e-008	7.7842e-008	7.6608e-008	7.5062e-008	7.2978e-008	7.2377e-008	7.104e-008	6.909e-008	6.5455e-008	6.2279e-008	6.0441e-008	5.8748e-008	5.73e-008	5.6405e-008	5.2383e-008	5.0675e-008	4.8651e-008	4.678e-008	4.4574e-008	4.1924e-008	3.957e-008	3.8322e-008	3.6282e-008	3.3164e-008	3.0931e-008	2.9451e-008	2.7252e-008	2.3933e-008	2.2927e-008	2.1215e-008	1.9083e-008	1.6576e-008	1.4282e-008	1.2345e-008	1.0557e-008	8.6883e-009	6.7783e-009	5.5152e-009	4.2229e-009	3.5457e-009	3.5412e-009	3.1918e-009	3.2203e-009	3.3605e-009	3.701e-009	3.8412e-009	4.1418e-009	4.936e-009	5.8192e-009	7.6588e-009	9.2392e-009	1.0778e-008	1.2945e-008	1.5049e-008	1.7904e-008	2.1379e-008	2.5094e-008	2.7589e-008	3.2386e-008	3.5411e-008	3.993e-008	4.7259e-008	5.592e-008	6.0838e-008	6.633e-008	7.0392e-008	7.4334e-008	7.8811e-008	8.1683e-008	8.4767e-008	8.8219e-008	8.9563e-008	9.0433e-008	9.0835e-008	9.2082e-008	9.2406e-008	9.1645e-008	9.0567e-008	9.0053e-008	8.8737e-008	8.6567e-008	8.4213e-008	8.2669e-008	8.1587e-008	7.9351e-008	7.7566e-008	7.6025e-008	7.4651e-008	7.3159e-008	7.162e-008	7.0573e-008	6.9906e-008	6.8109e-008	6.3734e-008	6.1269e-008	5.9568e-008	5.7587e-008	5.589e-008	5.4236e-008	5.191e-008	4.8236e-008	4.6504e-008	4.466e-008	4.2289e-008	4.0015e-008	3.6298e-008	3.3428e-008	3.1173e-008	2.8752e-008	2.6726e-008	2.419e-008	2.1385e-008	1.8433e-008	1.6472e-008	1.4034e-008	1.2171e-008	1.0699e-008	8.2537e-009	7.0202e-009	5.0504e-009	4.6171e-009	4.7102e-009	4.1196e-009	3.9236e-009	4.0197e-009	4.5522e-009	3.8221e-009	3.4365e-009
1.8294e-009	1.4736e-009	1.7328e-009	2.1323e-009	2.2283e-009	2.5394e-009	2.8797e-009	2.991e-009	3.3528e-009	2.9476e-009	2.6942e-009	2.8545e-009	3.6395e-009	4.1477e-009	5.4744e-009	8.2672e-009	1.2743e-008	1.734e-008	2.2549e-008	3.0152e-008	3.8241e-008	4.7051e-008	5.4825e-008	6.1584e-008	6.7879e-008	7.348e-008	7.8668e-008	8.2885e-008	8.5766e-008	8.8012e-008	9.0564e-008	9.2525e-008	9.494e-008	9.6159e-008	9.5878e-008	9.526e-008	9.4958e-008	9.4452e-008	9.2842e-008	9.2207e-008	9.0882e-008	8.8998e-008	8.7422e-008	8.5757e-008	8.3952e-008	8.1668e-008	7.8775e-008	7.736e-008	7.6174e-008	7.4093e-008	7.2718e-008	7.1691e-008	7.0119e-008	6.8186e-008	6.4191e-008	6.2316e-008	6.0644e-008	5.9053e-008	5.6392e-008	5.3785e-008	5.1103e-008	4.927e-008	4.7054e-008	4.5851e-008	4.3708e-008	4.0694e-008	3.7441e-008	3.5567e-008	3.3083e-008	3.0427e-008	2.8426e-008	2.5004e-008	2.2365e-008	1.9188e-008	1.7195e-008	1.5101e-008	1.3294e-008	1.0502e-008	8.7152e-009	6.6792e-009	5.443e-009	5.0771e-009	4.2869e-009	3.7546e-009	3.7048e-009	3.9086e-009	4.4852e-009	3.8345e-009	3.4695e-009	2.7963e-009	3.2452e-009	3.021e-009	3.0299e-009	3.9607e-009	4.5646e-009	4.8591e-009	6.282e-009	8.3228e-009	1.0807e-008	1.4556e-008	1.8159e-008	2.3226e-008	3.0341e-008	3.6161e-008	4.31e-008	5.1363e-008	5.7756e-008	6.2518e-008	6.5922e-008	6.9873e-008	7.2952e-008	7.6738e-008	7.9692e-008	8.35e-008	8.5355e-008	8.7507e-008	8.8339e-008	8.9659e-008	9.0114e-008	9.038e-008	9.006e-008	9.0104e-008	9.0025e-008	8.9415e-008	8.8988e-008	8.781e-008	8.5807e-008	8.3738e-008	8.2156e-008	8.0414e-008	7.9019e-008	7.8383e-008	7.6867e-008	7.4824e-008	7.251e-008	7.0884e-008	6.9187e-008	6.6389e-008	6.4983e-008	6.3574e-008	6.0959e-008	5.7439e-008	5.5273e-008	5.3124e-008	5.1742e-008	4.9917e-008	4.8322e-008	4.7446e-008	4.5133e-008	4.3174e-008	4.0694e-008	3.8072e-008	3.614e-008	3.4295e-008	3.2088e-008	2.9364e-008	2.8304e-008	2.6812e-008	2.4672e-008	2.1061e-008	1.8626e-008	1.6711e-008	1.5401e-008	1.4727e-008	1.1904e-008	9.6069e-009	7.9281e-009	5.9447e-009	5.3133e-009	4.7238e-009	4.5797e-009	4.2671e-009	4.3817e-009	4.2082e-009	3.747e-009	3.8546e-009	4.0241e-009	4.1923e-009	4.5055e-009	5.8821e-009	8.0965e-009	1.036e-008	1.2801e-008	1.6372e-008	1.9938e-008	2.4215e-008	2.8228e-008	3.229e-008	3.6441e-008	4.157e-008	4.61e-008	5.2237e-008	5.8541e-008	6.4011e-008	6.9227e-008	7.3842e-008	7.75e-008	8.0059e-008	8.3047e-008	8.5017e-008	8.7349e-008	8.8636e-008	8.9297e-008	8.9632e-008	9.0602e-008	9.0502e-008	8.8437e-008	8.6823e-008	8.6084e-008	8.5043e-008	8.3641e-008	8.2577e-008	8.1818e-008	8.0066e-008	7.8699e-008	7.3194e-008	7.2828e-008	7.3025e-008	7.2523e-008	7.0207e-008	6.6917e-008	6.5181e-008	6.375e-008	6.1749e-008	5.8985e-008	5.7058e-008	5.5901e-008	5.3618e-008	5.2087e-008	5.086e-008	4.9029e-008	4.5616e-008	4.4182e-008	4.2682e-008	3.9928e-008	3.7061e-008	3.5338e-008	3.3403e-008	3.156e-008	2.8279e-008	2.5906e-008	2.5007e-008	2.2613e-008	2.0225e-008	1.7729e-008	1.6167e-008	1.4386e-008	1.1756e-008	1.0465e-008	8.586e-009	6.671e-009	5.0717e-009	3.9659e-009	3.2774e-009	2.9496e-009	2.5622e-009	2.187e-009	2.6962e-009	2.7287e-009	2.4271e-009	2.169e-009	2.6807e-009	2.8601e-009	3.014e-009	3.6681e-009	4.4938e-009	4.525e-009	5.6446e-009	7.8723e-009	1.0725e-008	1.3337e-008	1.6742e-008	2.1989e-008	2.6998e-008	3.4823e-008	3.9967e-008	4.5235e-008	5.0703e-008	5.9251e-008	6.4474e-008	6.8118e-008	7.1729e-008	7.5532e-008	7.916e-008	8.281e-008	8.6566e-008	8.9131e-008	8.9718e-008	9.0173e-008	8.972e-008	9.0258e-008	9.087e-008	9.0149e-008	9.0469e-008	8.9185e-008	8.7429e-008	8.6115e-008	8.2976e-008	8.0935e-008	7.838e-008	7.5513e-008	7.3348e-008	7.158e-008	6.9356e-008	6.6247e-008	6.4609e-008	6.2936e-008	6.1149e-008	5.9645e-008	5.7137e-008	5.5445e-008	5.2497e-008	5.0158e-008	4.8204e-008	4.473e-008	4.3176e-008	4.1802e-008	4.0223e-008	3.8199e-008	3.605e-008	3.3198e-008	3.1521e-008	3.0077e-008	2.8434e-008	2.6902e-008	2.4297e-008	2.2729e-008	2.2011e-008	2.0381e-008	1.8682e-008	1.6214e-008	1.4858e-008	1.3793e-008	1.055e-008	8.9495e-009	8.1392e-009	6.9769e-009	4.8657e-009	3.8412e-009	2.8688e-009	2.7447e-009	3.0299e-009	2.6829e-009	2.9056e-009	2.9671e-009	3.0995e-009	3.3718e-009	3.3414e-009	3.4919e-009	3.9155e-009	4.9348e-009	6.5179e-009	8.9679e-009	1.1228e-008	1.4278e-008	1.7437e-008	2.1973e-008	2.7927e-008	3.8329e-008	4.4207e-008	5.1133e-008	5.7372e-008	6.3706e-008	7.0268e-008	7.4075e-008	7.7042e-008	8.0873e-008	8.3211e-008	8.5895e-008	9.0804e-008	9.3378e-008	9.4514e-008	9.3857e-008	9.2644e-008	9.1906e-008	9.1557e-008	9.1141e-008	9.0994e-008	8.9966e-008	8.7364e-008	8.5421e-008	8.3775e-008	8.2187e-008	8.084e-008	7.9005e-008	7.7537e-008	7.6277e-008	7.482e-008	7.3559e-008	7.2213e-008	7.0746e-008	6.8066e-008	6.4771e-008	6.2331e-008	6.0471e-008	5.8476e-008	5.6439e-008	5.4798e-008	5.2341e-008	5.0489e-008	4.8313e-008	4.5637e-008	4.4194e-008	4.2236e-008	3.8877e-008	3.6548e-008	3.5204e-008	3.3348e-008	3.0726e-008	2.9257e-008	2.7089e-008	2.4809e-008	2.2835e-008	2.1335e-008	1.8641e-008	1.5682e-008	1.3557e-008	1.209e-008	1.0456e-008	8.3484e-009	6.5961e-009	5.5136e-009	4.2711e-009	3.5384e-009	3.7883e-009	3.4379e-009	3.2827e-009	3.3289e-009	3.5194e-009	3.6457e-009	3.9438e-009	4.5645e-009	6.1092e-009	7.5594e-009	9.1612e-009	1.0713e-008	1.3232e-008	1.4672e-008	1.8433e-008	2.1575e-008	2.5073e-008	2.8404e-008	3.1441e-008	3.5376e-008	3.9629e-008	4.6275e-008	5.4153e-008	6.1088e-008	6.6832e-008	7.1656e-008	7.692e-008	7.8999e-008	8.1706e-008	8.4926e-008	8.7736e-008	8.9849e-008	9.0851e-008	9.072e-008	9.1286e-008	9.1791e-008	9.1009e-008	8.9889e-008	8.8978e-008	8.7497e-008	8.633e-008	8.4847e-008	8.2968e-008	8.1989e-008	8.0549e-008	7.8656e-008	7.6834e-008	7.4604e-008	7.3019e-008	7.1593e-008	7.0336e-008	6.9794e-008	6.7702e-008	6.3401e-008	6.1009e-008	5.8766e-008	5.6954e-008	5.457e-008	5.3485e-008	5.0508e-008	4.9096e-008	4.6354e-008	4.4037e-008	4.1631e-008	3.9868e-008	3.5627e-008	3.3403e-008	3.1224e-008	2.8804e-008	2.5268e-008	2.3687e-008	2.2023e-008	1.9495e-008	1.6102e-008	1.4311e-008	1.2175e-008	1.1229e-008	8.524e-009	7.0619e-009	5.3505e-009	5.0903e-009	4.6597e-009	3.9776e-009	3.6897e-009	3.9585e-009	4.2499e-009	4.2245e-009	4.6163e-009
1.9062e-009	1.7665e-009	1.7238e-009	1.9558e-009	2.2262e-009	2.3461e-009	2.6575e-009	3.1887e-009	3.4501e-009	2.8516e-009	2.601e-009	2.9036e-009	3.4587e-009	4.6177e-009	6.1541e-009	8.5852e-009	1.2397e-008	1.6755e-008	2.1957e-008	2.9213e-008	3.8803e-008	4.8162e-008	5.6258e-008	6.4479e-008	6.8278e-008	7.4171e-008	7.958e-008	8.248e-008	8.588e-008	8.8158e-008	9.145e-008	9.3113e-008	9.4785e-008	9.5759e-008	9.5717e-008	9.5197e-008	9.5312e-008	9.5213e-008	9.2849e-008	9.2291e-008	9.1499e-008	8.9129e-008	8.7367e-008	8.5282e-008	8.4076e-008	8.0827e-008	7.851e-008	7.7005e-008	7.501e-008	7.3375e-008	7.2351e-008	7.1184e-008	6.954e-008	6.7132e-008	6.4146e-008	6.2111e-008	6.0924e-008	5.9325e-008	5.5459e-008	5.3549e-008	5.1087e-008	4.8859e-008	4.6968e-008	4.4812e-008	4.2562e-008	3.9683e-008	3.8003e-008	3.5572e-008	3.3501e-008	2.9606e-008	2.703e-008	2.4072e-008	2.1903e-008	1.9449e-008	1.6191e-008	1.4058e-008	1.2712e-008	1.0059e-008	8.0304e-009	5.824e-009	5.2389e-009	4.8762e-009	3.8942e-009	3.8658e-009	3.7527e-009	3.9549e-009	4.6116e-009	3.7606e-009	3.386e-009	3.0067e-009	3.1901e-009	3.229e-009	3.1317e-009	4.0552e-009	4.6304e-009	5.0318e-009	6.715e-009	8.2193e-009	1.0753e-008	1.4326e-008	1.7644e-008	2.282e-008	3.0743e-008	3.7219e-008	4.3915e-008	5.0442e-008	5.6468e-008	6.2336e-008	6.6005e-008	6.9594e-008	7.3294e-008	7.8094e-008	8.1239e-008	8.3518e-008	8.5322e-008	8.6667e-008	8.8218e-008	8.9368e-008	9.0281e-008	9.0493e-008	9.0234e-008	8.9842e-008	8.9339e-008	8.9072e-008	8.8249e-008	8.6815e-008	8.5397e-008	8.3439e-008	8.1347e-008	7.9937e-008	7.8936e-008	7.8001e-008	7.6781e-008	7.4912e-008	7.2432e-008	7.0697e-008	6.9374e-008	6.715e-008	6.5695e-008	6.2594e-008	5.9578e-008	5.7136e-008	5.5477e-008	5.2987e-008	5.1749e-008	4.9932e-008	4.8117e-008	4.7411e-008	4.5647e-008	4.3225e-008	4.0858e-008	3.9601e-008	3.6423e-008	3.4128e-008	3.1931e-008	3.0035e-008	2.8179e-008	2.6644e-008	2.4922e-008	2.1989e-008	1.8451e-008	1.7397e-008	1.5512e-008	1.3127e-008	1.0503e-008	8.7273e-009	7.292e-009	5.6309e-009	4.9312e-009	4.3093e-009	4.0712e-009	3.747e-009	3.5651e-009	3.8415e-009	3.8158e-009	3.8046e-009	4.0362e-009	4.5178e-009	5.056e-009	6.0184e-009	7.9275e-009	1.0723e-008	1.3043e-008	1.6278e-008	2.0045e-008	2.4205e-008	2.8331e-008	3.3591e-008	3.8621e-008	4.3322e-008	4.6605e-008	5.2132e-008	5.9125e-008	6.4655e-008	7.0559e-008	7.6031e-008	7.8871e-008	8.038e-008	8.3346e-008	8.5186e-008	8.7002e-008	8.8548e-008	8.8642e-008	8.9025e-008	8.8839e-008	8.8327e-008	8.8049e-008	8.6819e-008	8.5903e-008	8.5291e-008	8.3734e-008	8.3118e-008	8.2234e-008	7.9966e-008	7.8661e-008	7.5676e-008	7.4968e-008	7.38e-008	7.2633e-008	6.9326e-008	6.6408e-008	6.5056e-008	6.3514e-008	6.1969e-008	5.996e-008	5.8141e-008	5.6518e-008	5.4072e-008	5.2897e-008	5.115e-008	4.8747e-008	4.5157e-008	4.3433e-008	4.2223e-008	3.9941e-008	3.6616e-008	3.496e-008	3.2948e-008	3.0798e-008	2.8592e-008	2.583e-008	2.3562e-008	2.2277e-008	2.0625e-008	1.8501e-008	1.6245e-008	1.4362e-008	1.1772e-008	1.0271e-008	8.5424e-009	7.3575e-009	5.306e-009	3.9397e-009	3.1655e-009	2.5467e-009	2.0675e-009	1.8879e-009	2.0271e-009	2.2257e-009	2.1505e-009	2.3465e-009	2.7873e-009	2.762e-009	2.5483e-009	3.1715e-009	3.8514e-009	4.5309e-009	5.5108e-009	7.785e-009	1.028e-008	1.3555e-008	1.6708e-008	2.1238e-008	2.6089e-008	3.1764e-008	3.8695e-008	4.4067e-008	5.0999e-008	5.6616e-008	6.4091e-008	6.8008e-008	7.1972e-008	7.6017e-008	7.9386e-008	8.2278e-008	8.6004e-008	8.8853e-008	9.0345e-008	9.106e-008	8.9712e-008	9.0134e-008	9.0587e-008	9.0097e-008	8.991e-008	8.8999e-008	8.706e-008	8.5059e-008	8.308e-008	8.1045e-008	7.8457e-008	7.6129e-008	7.2702e-008	7.0617e-008	6.7481e-008	6.6034e-008	6.456e-008	6.285e-008	6.128e-008	5.9668e-008	5.7543e-008	5.4769e-008	5.1823e-008	5.03e-008	4.8882e-008	4.4753e-008	4.4535e-008	4.2471e-008	3.9947e-008	3.8493e-008	3.6237e-008	3.378e-008	3.1942e-008	2.9685e-008	2.7926e-008	2.6197e-008	2.4687e-008	2.3522e-008	2.1924e-008	2.0109e-008	1.8714e-008	1.6282e-008	1.4638e-008	1.3221e-008	1.0778e-008	9.3554e-009	7.4608e-009	7.1619e-009	5.054e-009	3.4144e-009	2.6531e-009	2.8057e-009	2.8308e-009	2.4951e-009	2.6395e-009	2.9939e-009	3.2291e-009	3.2635e-009	2.9236e-009	3.182e-009	3.6918e-009	4.4161e-009	6.3763e-009	9.1409e-009	1.1521e-008	1.4614e-008	1.7645e-008	2.212e-008	2.8936e-008	3.7001e-008	4.4277e-008	5.1781e-008	5.9269e-008	6.4266e-008	7.0548e-008	7.4802e-008	7.8222e-008	8.0212e-008	8.2822e-008	8.5399e-008	8.8496e-008	9.2725e-008	9.4261e-008	9.3503e-008	9.21e-008	9.1327e-008	9.0918e-008	9.0644e-008	9.0889e-008	8.8646e-008	8.5925e-008	8.4136e-008	8.2782e-008	8.1494e-008	8.0694e-008	7.8475e-008	7.6754e-008	7.5579e-008	7.3994e-008	7.2833e-008	7.1134e-008	6.9295e-008	6.64e-008	6.4269e-008	6.1163e-008	6.0103e-008	5.8205e-008	5.5908e-008	5.3535e-008	5.1047e-008	4.9029e-008	4.7382e-008	4.5711e-008	4.3608e-008	4.2059e-008	3.8416e-008	3.5776e-008	3.4505e-008	3.3186e-008	3.113e-008	2.9009e-008	2.7402e-008	2.4452e-008	2.2295e-008	2.0311e-008	1.7588e-008	1.5366e-008	1.2687e-008	1.1397e-008	9.4415e-009	7.8444e-009	6.2907e-009	5.0937e-009	4.1084e-009	3.4773e-009	3.3293e-009	3.0355e-009	3.0076e-009	3.1616e-009	3.261e-009	3.5482e-009	3.8168e-009	4.7352e-009	5.8552e-009	7.1423e-009	8.6751e-009	1.0372e-008	1.2732e-008	1.4696e-008	1.7904e-008	2.1159e-008	2.5183e-008	2.8429e-008	3.1635e-008	3.6185e-008	4.0662e-008	4.6309e-008	5.2887e-008	6.0911e-008	6.6047e-008	7.1092e-008	7.7345e-008	7.9445e-008	8.1132e-008	8.4479e-008	8.6951e-008	8.9414e-008	9.0862e-008	9.131e-008	9.079e-008	9.1251e-008	9.0563e-008	8.9153e-008	8.8361e-008	8.7555e-008	8.6633e-008	8.555e-008	8.3858e-008	8.2276e-008	8.0924e-008	7.9706e-008	7.8167e-008	7.5788e-008	7.3475e-008	7.1909e-008	7.0449e-008	6.9213e-008	6.6893e-008	6.264e-008	6.0036e-008	5.8164e-008	5.5764e-008	5.399e-008	5.2768e-008	5.1192e-008	4.9052e-008	4.7105e-008	4.4117e-008	4.1696e-008	3.8093e-008	3.6341e-008	3.3453e-008	3.0675e-008	2.8318e-008	2.5824e-008	2.3719e-008	2.1498e-008	1.9299e-008	1.644e-008	1.3923e-008	1.2022e-008	1.0834e-008	8.9259e-009	7.4736e-009	6.1239e-009	5.1508e-009	4.2311e-009	3.9326e-009	3.3542e-009	3.4889e-009	3.8375e-009	3.9785e-009	3.9471e-009
1.8504e-009	1.6547e-009	1.4237e-009	1.8351e-009	2.1058e-009	2.1615e-009	2.4947e-009	2.9158e-009	3.0074e-009	2.7615e-009	2.4849e-009	2.6973e-009	3.129e-009	3.9724e-009	6.0867e-009	8.1064e-009	1.1368e-008	1.5647e-008	2.1686e-008	2.8924e-008	3.7083e-008	4.647e-008	5.5711e-008	6.2926e-008	6.9291e-008	7.3732e-008	7.9933e-008	8.2895e-008	8.6123e-008	8.9708e-008	9.2738e-008	9.3655e-008	9.4117e-008	9.5014e-008	9.5149e-008	9.4969e-008	9.5062e-008	9.5497e-008	9.4145e-008	9.2597e-008	9.1986e-008	8.9805e-008	8.7794e-008	8.5353e-008	8.3996e-008	8.1408e-008	7.7776e-008	7.6041e-008	7.433e-008	7.3313e-008	7.1937e-008	7.0582e-008	6.8486e-008	6.6435e-008	6.4168e-008	6.1979e-008	6.0844e-008	5.8938e-008	5.577e-008	5.2666e-008	5.0638e-008	4.897e-008	4.6368e-008	4.4346e-008	4.1336e-008	3.9424e-008	3.8051e-008	3.5255e-008	3.1509e-008	2.8459e-008	2.6449e-008	2.34e-008	2.0799e-008	1.851e-008	1.6065e-008	1.3463e-008	1.1542e-008	9.5256e-009	7.5265e-009	5.602e-009	4.799e-009	4.0447e-009	4.1299e-009	4.0596e-009	3.5984e-009	3.3737e-009	3.3862e-009	3.0142e-009	2.9103e-009	3.1941e-009	3.7126e-009	4.2473e-009	3.4175e-009	3.8343e-009	4.5589e-009	5.3789e-009	6.4343e-009	8.0287e-009	1.0465e-008	1.4192e-008	1.8072e-008	2.2359e-008	2.9404e-008	3.796e-008	4.3058e-008	4.958e-008	5.431e-008	6.0186e-008	6.5622e-008	6.9016e-008	7.2765e-008	7.8428e-008	8.1961e-008	8.4209e-008	8.556e-008	8.7718e-008	8.8115e-008	8.8825e-008	8.9811e-008	9.0199e-008	8.979e-008	8.948e-008	8.8966e-008	8.8193e-008	8.7367e-008	8.6682e-008	8.5218e-008	8.3359e-008	8.233e-008	8.0332e-008	7.9356e-008	7.8169e-008	7.6208e-008	7.3786e-008	7.216e-008	7.0194e-008	6.9077e-008	6.738e-008	6.577e-008	6.1714e-008	5.9167e-008	5.7796e-008	5.4223e-008	5.2594e-008	5.1713e-008	5.0448e-008	4.86e-008	4.685e-008	4.45e-008	4.2129e-008	4.0384e-008	3.9309e-008	3.6725e-008	3.4151e-008	3.1735e-008	2.9543e-008	2.7418e-008	2.5505e-008	2.4239e-008	2.2249e-008	1.9264e-008	1.7028e-008	1.4675e-008	1.1931e-008	1.0132e-008	8.1844e-009	6.6567e-009	5.2809e-009	4.3087e-009	4.1506e-009	4.4005e-009	4.0737e-009	3.6933e-009	3.5392e-009	3.473e-009	3.5089e-009	3.6679e-009	4.2493e-009	5.2322e-009	6.1597e-009	8.2902e-009	1.1051e-008	1.3084e-008	1.5708e-008	1.9238e-008	2.4249e-008	2.8127e-008	3.4193e-008	4.0256e-008	4.4825e-008	4.8879e-008	5.2645e-008	5.9776e-008	6.5826e-008	7.1146e-008	7.6943e-008	7.961e-008	8.2073e-008	8.5105e-008	8.6638e-008	8.7575e-008	8.8146e-008	8.8189e-008	8.8772e-008	8.8885e-008	8.8593e-008	8.7864e-008	8.7052e-008	8.5324e-008	8.4786e-008	8.3709e-008	8.3141e-008	8.1915e-008	7.9543e-008	7.7477e-008	7.5989e-008	7.4732e-008	7.3551e-008	7.1212e-008	6.7971e-008	6.5735e-008	6.3963e-008	6.2714e-008	6.1618e-008	6.0397e-008	5.7931e-008	5.6315e-008	5.3708e-008	5.2753e-008	5.1142e-008	4.8299e-008	4.4604e-008	4.306e-008	4.1253e-008	3.9084e-008	3.6352e-008	3.4409e-008	3.2602e-008	3.0439e-008	2.877e-008	2.643e-008	2.3558e-008	2.1367e-008	2.0161e-008	1.7765e-008	1.5677e-008	1.3596e-008	1.1674e-008	9.6673e-009	8.6675e-009	7.3405e-009	5.5974e-009	3.9261e-009	2.7907e-009	2.2327e-009	1.8807e-009	1.7559e-009	1.8288e-009	1.2393e-009	1.7442e-009	2.2168e-009	2.3458e-009	1.9577e-009	2.3401e-009	2.9336e-009	3.4598e-009	4.2797e-009	5.5798e-009	7.4507e-009	9.7357e-009	1.2907e-008	1.6636e-008	2.1223e-008	2.7145e-008	3.2639e-008	3.8551e-008	4.4624e-008	5.1389e-008	5.5884e-008	6.1941e-008	6.7161e-008	7.1439e-008	7.5874e-008	7.8695e-008	8.1681e-008	8.5475e-008	8.8208e-008	8.994e-008	9.0879e-008	9.0576e-008	8.982e-008	8.9755e-008	8.9127e-008	8.8347e-008	8.7429e-008	8.5723e-008	8.3435e-008	8.2062e-008	7.9697e-008	7.8451e-008	7.5205e-008	7.2717e-008	7.0445e-008	6.7223e-008	6.5532e-008	6.3768e-008	6.256e-008	6.0862e-008	5.91e-008	5.6909e-008	5.4257e-008	5.2315e-008	5.0194e-008	4.7954e-008	4.6405e-008	4.4501e-008	4.3308e-008	3.9798e-008	3.7814e-008	3.6202e-008	3.4065e-008	3.2245e-008	2.949e-008	2.7038e-008	2.6392e-008	2.4439e-008	2.3307e-008	2.2075e-008	1.9888e-008	1.8227e-008	1.6137e-008	1.4307e-008	1.3191e-008	1.1041e-008	9.7881e-009	7.9536e-009	6.2081e-009	4.4691e-009	3.3917e-009	2.7789e-009	2.3665e-009	2.1333e-009	2.1372e-009	2.5449e-009	2.282e-009	2.3377e-009	2.8181e-009	3.1438e-009	3.1208e-009	3.592e-009	4.2615e-009	6.3707e-009	8.9596e-009	1.1068e-008	1.4596e-008	1.7079e-008	2.1261e-008	2.9292e-008	3.5841e-008	4.3132e-008	5.2007e-008	6.003e-008	6.417e-008	7.0237e-008	7.5265e-008	7.8349e-008	7.9709e-008	8.182e-008	8.4878e-008	8.8407e-008	9.1178e-008	9.3248e-008	9.2282e-008	9.1367e-008	9.0383e-008	8.9866e-008	9.009e-008	8.9926e-008	8.8109e-008	8.5841e-008	8.3208e-008	8.1989e-008	8.0615e-008	7.929e-008	7.7156e-008	7.5665e-008	7.4732e-008	7.3359e-008	7.1743e-008	6.9598e-008	6.7482e-008	6.5299e-008	6.3879e-008	6.1667e-008	5.9557e-008	5.8026e-008	5.5559e-008	5.3279e-008	4.9697e-008	4.8545e-008	4.6996e-008	4.5011e-008	4.3507e-008	4.1163e-008	3.7209e-008	3.5217e-008	3.4403e-008	3.2584e-008	3.0317e-008	2.9831e-008	2.7671e-008	2.4574e-008	2.0815e-008	1.9161e-008	1.6367e-008	1.4528e-008	1.2247e-008	1.0915e-008	9.0047e-009	7.443e-009	5.2859e-009	4.3778e-009	3.8881e-009	3.3695e-009	3.5073e-009	2.8666e-009	2.8036e-009	3.0528e-009	2.9522e-009	2.755e-009	3.2306e-009	4.0568e-009	4.9195e-009	6.4471e-009	7.5798e-009	1.0185e-008	1.2143e-008	1.4089e-008	1.6028e-008	1.961e-008	2.3845e-008	2.7808e-008	3.1648e-008	3.67e-008	4.1517e-008	4.6964e-008	5.1476e-008	5.8278e-008	6.5304e-008	7.0858e-008	7.6098e-008	7.9314e-008	8.1307e-008	8.3552e-008	8.6014e-008	8.8572e-008	9.0671e-008	9.0747e-008	9.0792e-008	9.026e-008	8.9382e-008	8.8884e-008	8.8138e-008	8.7483e-008	8.67e-008	8.5718e-008	8.326e-008	8.213e-008	8.1503e-008	8.0028e-008	7.8311e-008	7.5279e-008	7.3498e-008	7.1841e-008	7.0857e-008	6.8317e-008	6.5219e-008	6.2636e-008	6.0742e-008	5.8239e-008	5.5607e-008	5.3268e-008	5.1787e-008	5.0655e-008	4.8757e-008	4.6571e-008	4.3512e-008	4.0657e-008	3.7941e-008	3.6049e-008	3.4277e-008	3.1712e-008	2.8103e-008	2.5986e-008	2.295e-008	2.0448e-008	1.8308e-008	1.6269e-008	1.3588e-008	1.1644e-008	1.0603e-008	8.3638e-009	6.8888e-009	6.0843e-009	4.6705e-009	4.0636e-009	3.3924e-009	2.7747e-009	2.7483e-009	3.3521e-009	3.0653e-009	2.7963e-009
1.2512e-009	1.1415e-009	8.4682e-010	9.8629e-010	1.6272e-009	1.7237e-009	2.026e-009	1.946e-009	1.9057e-009	2.2231e-009	2.3413e-009	2.6082e-009	2.9547e-009	3.5842e-009	5.4922e-009	7.6227e-009	1.1264e-008	1.6961e-008	2.1591e-008	2.8259e-008	3.6056e-008	4.6341e-008	5.4193e-008	6.2857e-008	6.9189e-008	7.3436e-008	7.9163e-008	8.2332e-008	8.581e-008	8.9807e-008	9.2259e-008	9.309e-008	9.3486e-008	9.4296e-008	9.4558e-008	9.4726e-008	9.492e-008	9.4669e-008	9.3603e-008	9.2819e-008	9.1448e-008	8.912e-008	8.7536e-008	8.4585e-008	8.2572e-008	8.0457e-008	7.7074e-008	7.4809e-008	7.358e-008	7.2107e-008	7.1147e-008	6.9198e-008	6.7165e-008	6.5479e-008	6.3212e-008	6.1419e-008	6.0154e-008	5.8754e-008	5.6304e-008	5.238e-008	4.9479e-008	4.7844e-008	4.5368e-008	4.2027e-008	4.0315e-008	3.8532e-008	3.6843e-008	3.3695e-008	2.9755e-008	2.7745e-008	2.5846e-008	2.2759e-008	1.9811e-008	1.7686e-008	1.4604e-008	1.272e-008	1.0078e-008	8.2019e-009	6.3367e-009	4.9421e-009	3.9251e-009	3.4325e-009	3.595e-009	3.2907e-009	2.8212e-009	2.3726e-009	2.3721e-009	2.5978e-009	2.5023e-009	2.6349e-009	2.8198e-009	3.8005e-009	3.2252e-009	3.2079e-009	3.9416e-009	4.727e-009	5.7993e-009	7.7483e-009	1.0113e-008	1.3922e-008	1.7503e-008	2.2422e-008	2.9268e-008	3.5789e-008	4.1307e-008	4.9173e-008	5.3358e-008	5.924e-008	6.4544e-008	6.8829e-008	7.2317e-008	7.8316e-008	8.1376e-008	8.3734e-008	8.5179e-008	8.7908e-008	8.9739e-008	8.9661e-008	8.9685e-008	8.9377e-008	8.8956e-008	8.9199e-008	8.869e-008	8.7975e-008	8.7528e-008	8.6969e-008	8.5936e-008	8.3781e-008	8.2359e-008	8.0524e-008	7.895e-008	7.7971e-008	7.4661e-008	7.2362e-008	7.1044e-008	6.9816e-008	6.8496e-008	6.6533e-008	6.5045e-008	6.1768e-008	5.9381e-008	5.7289e-008	5.2936e-008	5.2118e-008	5.1279e-008	5.036e-008	4.8199e-008	4.4931e-008	4.2815e-008	4.0966e-008	3.9347e-008	3.83e-008	3.6209e-008	3.3775e-008	3.1803e-008	2.9351e-008	2.7297e-008	2.524e-008	2.3685e-008	2.1557e-008	1.8841e-008	1.6348e-008	1.3572e-008	1.1534e-008	9.1784e-009	7.4675e-009	5.8402e-009	4.5053e-009	3.553e-009	3.271e-009	3.8738e-009	3.6306e-009	3.3693e-009	3.0115e-009	3.01e-009	2.8003e-009	3.0976e-009	3.804e-009	5.0203e-009	5.801e-009	7.8663e-009	1.0003e-008	1.2314e-008	1.5942e-008	1.931e-008	2.2994e-008	2.6707e-008	3.2872e-008	3.9857e-008	4.403e-008	4.9187e-008	5.2295e-008	5.9432e-008	6.5089e-008	7.1944e-008	7.7003e-008	7.9221e-008	8.2023e-008	8.5916e-008	8.6953e-008	8.7079e-008	8.7405e-008	8.762e-008	8.8741e-008	8.9176e-008	8.8902e-008	8.8413e-008	8.7729e-008	8.6993e-008	8.5006e-008	8.3816e-008	8.2906e-008	8.0332e-008	7.8812e-008	7.6747e-008	7.5102e-008	7.3493e-008	7.2838e-008	7.1377e-008	6.8139e-008	6.6063e-008	6.3e-008	6.1906e-008	6.0685e-008	6.0478e-008	5.8712e-008	5.6041e-008	5.4245e-008	5.2321e-008	5.0557e-008	4.8584e-008	4.463e-008	4.2391e-008	4.0082e-008	3.7857e-008	3.6057e-008	3.3686e-008	3.1974e-008	2.9771e-008	2.8455e-008	2.555e-008	2.331e-008	2.0495e-008	1.9238e-008	1.7257e-008	1.5304e-008	1.2889e-008	1.1577e-008	9.7309e-009	8.1621e-009	6.7273e-009	4.8786e-009	3.3255e-009	2.4037e-009	1.6494e-009	1.4105e-009	1.654e-009	1.2682e-009	1.0113e-009	1.7183e-009	1.5166e-009	1.846e-009	2.2405e-009	2.393e-009	2.7774e-009	2.8442e-009	3.8548e-009	4.7418e-009	6.7433e-009	9.0246e-009	1.2012e-008	1.47e-008	1.9916e-008	2.5245e-008	3.1324e-008	3.7728e-008	4.3461e-008	5.0779e-008	5.6823e-008	6.177e-008	6.6592e-008	7.083e-008	7.5076e-008	7.7614e-008	8.1727e-008	8.6818e-008	8.7602e-008	8.8473e-008	8.9675e-008	8.96e-008	8.8933e-008	8.8442e-008	8.773e-008	8.7095e-008	8.5979e-008	8.3988e-008	8.1611e-008	7.9519e-008	7.7979e-008	7.7825e-008	7.4805e-008	7.1696e-008	6.9658e-008	6.7271e-008	6.5985e-008	6.4094e-008	6.2523e-008	6.0388e-008	5.7949e-008	5.6192e-008	5.4619e-008	5.2777e-008	5.0777e-008	4.819e-008	4.5914e-008	4.3621e-008	4.2268e-008	3.9491e-008	3.7546e-008	3.6107e-008	3.3632e-008	3.2462e-008	2.9556e-008	2.7341e-008	2.6301e-008	2.4843e-008	2.2901e-008	2.1681e-008	2.0112e-008	1.7737e-008	1.581e-008	1.4104e-008	1.2518e-008	1.096e-008	9.2598e-009	7.9149e-009	5.1526e-009	4.3427e-009	3.3014e-009	2.4377e-009	1.6981e-009	1.3291e-009	1.7906e-009	1.9984e-009	1.9277e-009	1.8583e-009	2.3476e-009	2.8559e-009	2.6741e-009	3.0627e-009	3.7959e-009	5.775e-009	7.8833e-009	1.0832e-008	1.3709e-008	1.6534e-008	2.1548e-008	2.8273e-008	3.4678e-008	4.2152e-008	4.9514e-008	5.8952e-008	6.4175e-008	6.8627e-008	7.5139e-008	7.7791e-008	7.9076e-008	8.0981e-008	8.3516e-008	8.7757e-008	9.0352e-008	9.1962e-008	9.1353e-008	9.039e-008	8.9814e-008	8.9026e-008	8.8645e-008	8.8329e-008	8.7392e-008	8.6204e-008	8.3475e-008	8.1449e-008	7.9833e-008	7.8064e-008	7.641e-008	7.4413e-008	7.3713e-008	7.2905e-008	7.1619e-008	6.9452e-008	6.7204e-008	6.5113e-008	6.342e-008	6.1299e-008	5.8974e-008	5.7345e-008	5.5197e-008	5.3254e-008	5.0005e-008	4.7858e-008	4.5922e-008	4.3998e-008	4.2634e-008	4.0145e-008	3.6893e-008	3.5e-008	3.3775e-008	3.1774e-008	2.9526e-008	2.9024e-008	2.6276e-008	2.2929e-008	2.0212e-008	1.8631e-008	1.6369e-008	1.4429e-008	1.1828e-008	1.0623e-008	8.6226e-009	7.1489e-009	5.163e-009	3.8196e-009	3.2865e-009	3.1507e-009	3.3557e-009	2.9266e-009	2.5149e-009	2.7722e-009	2.7887e-009	2.0785e-009	2.7394e-009	2.8174e-009	4.091e-009	5.5251e-009	6.7334e-009	9.1707e-009	1.1227e-008	1.2997e-008	1.5011e-008	1.8449e-008	2.2538e-008	2.6535e-008	3.1752e-008	3.6138e-008	4.049e-008	4.6509e-008	5.0856e-008	5.7125e-008	6.4718e-008	7.0203e-008	7.573e-008	7.9764e-008	8.1872e-008	8.3239e-008	8.5026e-008	8.737e-008	9.0678e-008	9.1466e-008	9.062e-008	8.9485e-008	8.9347e-008	8.9357e-008	8.8534e-008	8.7972e-008	8.6571e-008	8.542e-008	8.3059e-008	8.1623e-008	8.0939e-008	7.9666e-008	7.8168e-008	7.4724e-008	7.3476e-008	7.1594e-008	7.0848e-008	6.869e-008	6.5317e-008	6.2637e-008	6.0846e-008	5.8766e-008	5.5986e-008	5.2645e-008	5.1103e-008	4.9962e-008	4.8706e-008	4.6356e-008	4.3532e-008	4.0093e-008	3.7656e-008	3.5513e-008	3.4346e-008	3.0785e-008	2.9677e-008	2.6108e-008	2.248e-008	1.9898e-008	1.7485e-008	1.4584e-008	1.3033e-008	1.119e-008	1.0185e-008	8.3854e-009	6.7528e-009	5.5579e-009	4.4184e-009	3.6068e-009	3.1313e-009	2.3946e-009	2.4591e-009	2.8225e-009	2.5035e-009	2.3626e-009
1.5899e-009	1.385e-009	1.0385e-009	1.2344e-009	1.4955e-009	1.8125e-009	1.8192e-009	2.25e-009	1.6587e-009	1.9224e-009	2.4772e-009	2.6667e-009	3.179e-009	3.8109e-009	5.1948e-009	7.6373e-009	1.1726e-008	1.5997e-008	2.2571e-008	2.807e-008	3.5519e-008	4.4341e-008	5.2958e-008	6.0711e-008	6.744e-008	7.4556e-008	7.8933e-008	8.1883e-008	8.5023e-008	8.865e-008	9.1659e-008	9.2459e-008	9.3092e-008	9.4388e-008	9.5187e-008	9.487e-008	9.5031e-008	9.4717e-008	9.3854e-008	9.2879e-008	9.1722e-008	8.9409e-008	8.7209e-008	8.3979e-008	8.1405e-008	7.9204e-008	7.6799e-008	7.499e-008	7.3847e-008	7.2695e-008	7.1125e-008	7.0182e-008	6.7518e-008	6.4625e-008	6.3209e-008	6.0809e-008	5.975e-008	5.8319e-008	5.5794e-008	5.27e-008	4.9418e-008	4.679e-008	4.5258e-008	4.2396e-008	4.0196e-008	3.7435e-008	3.5322e-008	3.1682e-008	2.9291e-008	2.7127e-008	2.5568e-008	2.1333e-008	1.9558e-008	1.685e-008	1.4399e-008	1.17e-008	9.3378e-009	7.7705e-009	5.9192e-009	4.5911e-009	3.8142e-009	3.3115e-009	2.985e-009	2.6003e-009	2.0397e-009	2.1708e-009	2.1965e-009	2.5393e-009	2.5093e-009	2.5171e-009	2.8365e-009	3.8857e-009	3.3044e-009	3.2661e-009	3.8338e-009	4.6239e-009	5.9384e-009	7.6096e-009	9.9002e-009	1.3746e-008	1.7966e-008	2.1717e-008	2.9231e-008	3.4957e-008	4.1136e-008	4.7509e-008	5.2503e-008	5.7869e-008	6.1793e-008	6.866e-008	7.3872e-008	7.7838e-008	8.0521e-008	8.3875e-008	8.5528e-008	8.8484e-008	9.134e-008	9.1016e-008	9.0628e-008	8.9962e-008	8.9983e-008	9.0756e-008	8.9386e-008	8.8547e-008	8.8033e-008	8.7568e-008	8.6392e-008	8.4333e-008	8.232e-008	8.0547e-008	7.8165e-008	7.5174e-008	7.2718e-008	7.1942e-008	7.1135e-008	6.9725e-008	6.7912e-008	6.5559e-008	6.3369e-008	6.1534e-008	5.9677e-008	5.7347e-008	5.4781e-008	5.2315e-008	5.1214e-008	4.9861e-008	4.8417e-008	4.4652e-008	4.3151e-008	4.1133e-008	3.9715e-008	3.7727e-008	3.6031e-008	3.3804e-008	3.1311e-008	2.9225e-008	2.7476e-008	2.5603e-008	2.4029e-008	2.1623e-008	1.8732e-008	1.5907e-008	1.3699e-008	1.0848e-008	9.1546e-009	7.2844e-009	5.6666e-009	4.4321e-009	3.9227e-009	3.4013e-009	3.5906e-009	3.9085e-009	3.4549e-009	3.0793e-009	3.1722e-009	3.4379e-009	3.1257e-009	4.2119e-009	5.0717e-009	6.0561e-009	7.5662e-009	1.0054e-008	1.3163e-008	1.6413e-008	2e-008	2.3629e-008	2.7472e-008	3.2379e-008	3.926e-008	4.4801e-008	4.9059e-008	5.3721e-008	5.9748e-008	6.5642e-008	7.1728e-008	7.7188e-008	8.0242e-008	8.3696e-008	8.6735e-008	8.8479e-008	8.7746e-008	8.7706e-008	8.8521e-008	8.9732e-008	9.0017e-008	8.9637e-008	8.8656e-008	8.8206e-008	8.7424e-008	8.5485e-008	8.4533e-008	8.2663e-008	8.0948e-008	7.8871e-008	7.6411e-008	7.4454e-008	7.3149e-008	7.2459e-008	7.1297e-008	6.9121e-008	6.6193e-008	6.3321e-008	6.1524e-008	6.0508e-008	6.0339e-008	5.8953e-008	5.6885e-008	5.4397e-008	5.2525e-008	5.0537e-008	4.8519e-008	4.6213e-008	4.3516e-008	4.1986e-008	3.8334e-008	3.6011e-008	3.3602e-008	3.1475e-008	2.9957e-008	2.8868e-008	2.6324e-008	2.3684e-008	2.0837e-008	1.8902e-008	1.722e-008	1.5504e-008	1.3713e-008	1.1376e-008	9.7966e-009	7.7973e-009	6.1355e-009	4.8281e-009	3.4605e-009	2.5141e-009	1.7866e-009	1.632e-009	1.7057e-009	1.227e-009	1.4943e-009	2.8586e-009	1.9697e-009	2.3396e-009	2.5568e-009	2.6834e-009	3.0213e-009	3.3022e-009	4.0804e-009	4.7743e-009	6.9216e-009	8.8316e-009	1.232e-008	1.5613e-008	2.0473e-008	2.5125e-008	3.1789e-008	3.7334e-008	4.3164e-008	5.0146e-008	5.7936e-008	6.2452e-008	6.7703e-008	7.1256e-008	7.5601e-008	7.8194e-008	8.2727e-008	8.7189e-008	8.7539e-008	8.8008e-008	8.8924e-008	8.8626e-008	8.8198e-008	8.7659e-008	8.7157e-008	8.7049e-008	8.5653e-008	8.3956e-008	8.1629e-008	7.9094e-008	7.7793e-008	7.7694e-008	7.4757e-008	7.2135e-008	6.9474e-008	6.7738e-008	6.6481e-008	6.4795e-008	6.4222e-008	6.157e-008	5.9962e-008	5.7018e-008	5.5269e-008	5.3392e-008	5.0733e-008	4.8229e-008	4.5452e-008	4.3346e-008	4.2119e-008	4.0033e-008	3.8096e-008	3.6126e-008	3.4186e-008	3.2397e-008	2.984e-008	2.7472e-008	2.6466e-008	2.5052e-008	2.3134e-008	2.1665e-008	2.0212e-008	1.821e-008	1.6225e-008	1.4535e-008	1.2567e-008	1.1562e-008	9.3764e-009	7.532e-009	5.7506e-009	4.4766e-009	3.2816e-009	2.4062e-009	2.023e-009	1.6545e-009	1.6295e-009	1.9507e-009	2.1411e-009	2.0001e-009	2.4799e-009	2.948e-009	2.8752e-009	3.0906e-009	3.6143e-009	5.7633e-009	7.8448e-009	1.0837e-008	1.3813e-008	1.7011e-008	2.2184e-008	2.7497e-008	3.5189e-008	4.2751e-008	5.1595e-008	5.7061e-008	6.2656e-008	6.7523e-008	7.3857e-008	7.7129e-008	7.8477e-008	8.0213e-008	8.2845e-008	8.6312e-008	8.9904e-008	9.078e-008	9.0457e-008	9.0192e-008	8.9687e-008	8.8898e-008	8.7741e-008	8.7551e-008	8.7117e-008	8.6279e-008	8.413e-008	8.1297e-008	7.9113e-008	7.7725e-008	7.6192e-008	7.477e-008	7.2994e-008	7.2202e-008	7.1187e-008	6.9633e-008	6.7275e-008	6.516e-008	6.3295e-008	6.1106e-008	5.8787e-008	5.6628e-008	5.4585e-008	5.2293e-008	5.0116e-008	4.7191e-008	4.524e-008	4.3667e-008	4.1106e-008	3.8472e-008	3.6332e-008	3.4855e-008	3.3249e-008	3.0996e-008	2.8565e-008	2.6881e-008	2.5473e-008	2.2949e-008	2.0164e-008	1.8114e-008	1.5781e-008	1.4399e-008	1.2552e-008	1.0447e-008	8.203e-009	6.7448e-009	5.1079e-009	3.7768e-009	3.0717e-009	3.2193e-009	3.398e-009	2.9545e-009	2.2278e-009	2.4583e-009	2.4739e-009	2.2268e-009	2.5033e-009	2.6584e-009	4.4197e-009	5.0717e-009	6.2439e-009	8.4286e-009	1.0683e-008	1.2616e-008	1.4994e-008	1.843e-008	2.2363e-008	2.6352e-008	3.1969e-008	3.6569e-008	4.0309e-008	4.6213e-008	5.0319e-008	5.6084e-008	6.4027e-008	7.1067e-008	7.7078e-008	8.0135e-008	8.2485e-008	8.3748e-008	8.5064e-008	8.7422e-008	9.0546e-008	9.1788e-008	9.0544e-008	8.9594e-008	8.9748e-008	9.0148e-008	8.8979e-008	8.8069e-008	8.6803e-008	8.5221e-008	8.2872e-008	8.134e-008	8.0239e-008	7.9349e-008	7.7888e-008	7.4934e-008	7.3197e-008	7.1951e-008	7.1024e-008	6.8591e-008	6.6416e-008	6.3574e-008	6.0891e-008	5.8802e-008	5.6947e-008	5.3293e-008	5.0514e-008	4.948e-008	4.8309e-008	4.6846e-008	4.3189e-008	3.9575e-008	3.7348e-008	3.5531e-008	3.4716e-008	3.1527e-008	2.9766e-008	2.5823e-008	2.2712e-008	1.9592e-008	1.7417e-008	1.5311e-008	1.2632e-008	1.0911e-008	1.0163e-008	8.5149e-009	6.941e-009	5.3456e-009	4.0715e-009	3.6072e-009	2.8804e-009	2.4602e-009	2.5586e-009	2.875e-009	2.417e-009	2.1318e-009
1.3821e-009	1.4774e-009	1.3588e-009	1.0372e-009	1.2765e-009	1.4866e-009	1.6476e-009	1.8727e-009	1.4866e-009	1.5712e-009	2.5741e-009	2.6933e-009	3.2305e-009	4.1801e-009	5.3502e-009	8.2166e-009	1.1991e-008	1.6977e-008	2.3616e-008	3.08e-008	3.7039e-008	4.4744e-008	5.2374e-008	6.1173e-008	6.8028e-008	7.3673e-008	7.8814e-008	8.1687e-008	8.4568e-008	8.7507e-008	9.0212e-008	9.2401e-008	9.3683e-008	9.4453e-008	9.5215e-008	9.533e-008	9.5194e-008	9.4939e-008	9.3936e-008	9.3001e-008	9.1593e-008	8.9628e-008	8.6206e-008	8.3092e-008	8.1134e-008	7.8917e-008	7.6718e-008	7.5436e-008	7.4255e-008	7.2982e-008	7.1134e-008	7.0428e-008	6.7058e-008	6.3991e-008	6.2059e-008	6.0496e-008	5.9246e-008	5.7391e-008	5.569e-008	5.2361e-008	4.9846e-008	4.6739e-008	4.5154e-008	4.2282e-008	3.9422e-008	3.6591e-008	3.4219e-008	3.1748e-008	2.8535e-008	2.6683e-008	2.4261e-008	2.1156e-008	1.9289e-008	1.5896e-008	1.3353e-008	1.0979e-008	9.185e-009	7.0502e-009	4.9848e-009	3.7776e-009	3.4248e-009	3.0242e-009	3.0903e-009	2.5438e-009	2.3034e-009	2.0556e-009	1.968e-009	2.4059e-009	2.4791e-009	2.6947e-009	3.6818e-009	4.0827e-009	3.5524e-009	3.5361e-009	3.6724e-009	4.5244e-009	5.6634e-009	7.4073e-009	1.035e-008	1.453e-008	1.9025e-008	2.2438e-008	2.9657e-008	3.4168e-008	4.2015e-008	4.7157e-008	5.2241e-008	5.7679e-008	6.3396e-008	6.9274e-008	7.433e-008	7.8367e-008	8.2097e-008	8.4917e-008	8.7072e-008	8.9645e-008	9.12e-008	9.1307e-008	9.0658e-008	9.0696e-008	9.1603e-008	9.2072e-008	9.2057e-008	9.1353e-008	8.9568e-008	8.8004e-008	8.6768e-008	8.4867e-008	8.2007e-008	7.9731e-008	7.5985e-008	7.394e-008	7.2584e-008	7.1671e-008	7.067e-008	7.014e-008	6.8051e-008	6.5413e-008	6.2921e-008	6.1544e-008	5.9771e-008	5.7206e-008	5.5451e-008	5.2996e-008	5.0832e-008	4.9262e-008	4.772e-008	4.5457e-008	4.3469e-008	4.2027e-008	4.0042e-008	3.7656e-008	3.5936e-008	3.4057e-008	3.184e-008	2.9909e-008	2.7536e-008	2.5587e-008	2.3516e-008	2.0913e-008	1.8433e-008	1.5877e-008	1.3796e-008	1.1096e-008	9.1435e-009	7.2959e-009	5.7693e-009	4.5032e-009	3.9872e-009	3.4428e-009	3.9066e-009	3.7111e-009	3.1966e-009	3.0647e-009	3.2313e-009	3.3738e-009	3.1914e-009	3.8939e-009	4.5355e-009	6.1703e-009	7.6319e-009	1.0852e-008	1.3397e-008	1.649e-008	2.0752e-008	2.3953e-008	2.7849e-008	3.2616e-008	3.8352e-008	4.4427e-008	4.915e-008	5.5101e-008	6.0712e-008	6.6342e-008	7.2382e-008	7.681e-008	8.1338e-008	8.4055e-008	8.6759e-008	8.8638e-008	8.8088e-008	8.7915e-008	8.9054e-008	8.9968e-008	9.0206e-008	9.0208e-008	8.9296e-008	8.8072e-008	8.7477e-008	8.564e-008	8.4642e-008	8.2614e-008	8.1004e-008	7.9242e-008	7.6744e-008	7.4368e-008	7.2877e-008	7.1743e-008	7.0895e-008	6.9479e-008	6.5963e-008	6.2966e-008	6.1815e-008	6.0193e-008	5.9629e-008	5.8641e-008	5.6896e-008	5.4066e-008	5.2347e-008	5.0843e-008	4.9156e-008	4.6568e-008	4.4085e-008	4.2686e-008	3.9311e-008	3.6942e-008	3.361e-008	3.1642e-008	3.0253e-008	2.8707e-008	2.5929e-008	2.3612e-008	2.0668e-008	1.8819e-008	1.7332e-008	1.5774e-008	1.3936e-008	1.0765e-008	9.3923e-009	8.0842e-009	6.1227e-009	5.0558e-009	3.3276e-009	2.5893e-009	1.9838e-009	1.8292e-009	1.8538e-009	1.0358e-009	2.0248e-009	3.0086e-009	2.2813e-009	2.4613e-009	2.5085e-009	2.6778e-009	3.1176e-009	3.5233e-009	3.9758e-009	5.2639e-009	7.3514e-009	8.8353e-009	1.2297e-008	1.5322e-008	1.9899e-008	2.5189e-008	3.1312e-008	3.7023e-008	4.3809e-008	5.1473e-008	5.8728e-008	6.4723e-008	6.9695e-008	7.352e-008	7.6912e-008	8.0271e-008	8.3679e-008	8.7612e-008	8.7724e-008	8.805e-008	8.9021e-008	8.8872e-008	8.8178e-008	8.7498e-008	8.6869e-008	8.6707e-008	8.534e-008	8.3644e-008	8.1319e-008	7.9469e-008	7.8488e-008	7.7583e-008	7.4658e-008	7.2042e-008	7.0462e-008	6.9054e-008	6.7044e-008	6.5741e-008	6.5204e-008	6.3052e-008	6.0295e-008	5.8465e-008	5.5906e-008	5.353e-008	4.9662e-008	4.772e-008	4.5359e-008	4.3101e-008	4.1882e-008	3.955e-008	3.7685e-008	3.5751e-008	3.4101e-008	3.1713e-008	2.9719e-008	2.7542e-008	2.6319e-008	2.4514e-008	2.2785e-008	2.1607e-008	2.0276e-008	1.8457e-008	1.6657e-008	1.5011e-008	1.2814e-008	1.1669e-008	9.778e-009	8.2527e-009	6.1707e-009	5.0481e-009	3.2348e-009	2.4306e-009	2.125e-009	1.7342e-009	1.4123e-009	1.6825e-009	1.8021e-009	1.6395e-009	2.2315e-009	2.863e-009	3.0369e-009	2.8526e-009	3.8826e-009	6.0453e-009	8.5993e-009	1.1598e-008	1.4386e-008	1.7932e-008	2.4056e-008	2.8443e-008	3.5566e-008	4.2249e-008	5.2476e-008	5.8233e-008	6.324e-008	6.6887e-008	7.1422e-008	7.575e-008	7.7291e-008	7.9682e-008	8.2618e-008	8.5462e-008	8.7748e-008	8.8501e-008	8.9251e-008	8.993e-008	8.9651e-008	8.8513e-008	8.7311e-008	8.6391e-008	8.5696e-008	8.5166e-008	8.3946e-008	8.1518e-008	7.875e-008	7.7083e-008	7.5403e-008	7.3663e-008	7.2556e-008	7.1778e-008	7.0519e-008	6.9278e-008	6.7052e-008	6.5189e-008	6.2737e-008	6.0366e-008	5.7908e-008	5.6515e-008	5.5376e-008	5.2075e-008	5.0068e-008	4.6958e-008	4.5243e-008	4.3237e-008	4.0498e-008	3.7831e-008	3.5502e-008	3.423e-008	3.2865e-008	3.037e-008	2.8298e-008	2.6903e-008	2.5442e-008	2.2877e-008	2.0039e-008	1.827e-008	1.5558e-008	1.3823e-008	1.2544e-008	1.0753e-008	8.0251e-009	6.6253e-009	4.935e-009	3.413e-009	2.9392e-009	3.0427e-009	2.9173e-009	2.803e-009	2.3353e-009	2.1409e-009	2.3946e-009	2.3996e-009	2.2399e-009	2.5553e-009	3.9298e-009	5.2011e-009	6.184e-009	8.0648e-009	9.7753e-009	1.2311e-008	1.492e-008	1.8877e-008	2.2279e-008	2.6469e-008	3.1443e-008	3.6445e-008	4.1614e-008	4.757e-008	5.2649e-008	5.7891e-008	6.4257e-008	6.9958e-008	7.6464e-008	8.0292e-008	8.2761e-008	8.4746e-008	8.5472e-008	8.7605e-008	8.9278e-008	9.0561e-008	9.0243e-008	8.9912e-008	9.0168e-008	9.055e-008	8.9508e-008	8.8023e-008	8.6605e-008	8.4948e-008	8.2656e-008	8.0429e-008	7.8642e-008	7.8153e-008	7.6393e-008	7.4572e-008	7.3308e-008	7.2004e-008	7.0823e-008	6.8714e-008	6.6923e-008	6.4833e-008	6.2629e-008	5.8959e-008	5.5867e-008	5.2902e-008	5.1635e-008	5.0547e-008	4.8646e-008	4.6739e-008	4.3944e-008	4.022e-008	3.8658e-008	3.6425e-008	3.4988e-008	3.2677e-008	2.9926e-008	2.5742e-008	2.306e-008	2.136e-008	1.8063e-008	1.5248e-008	1.2756e-008	1.121e-008	1.0586e-008	8.4856e-009	6.9504e-009	5.1766e-009	4.0074e-009	3.7258e-009	3.5027e-009	3.1717e-009	3.0516e-009	2.8615e-009	2.5493e-009	2.1949e-009
1.1289e-009	1.102e-009	1.2113e-009	1.1526e-009	1.1992e-009	1.5443e-009	1.6296e-009	1.4744e-009	1.9663e-009	2.0477e-009	2.4726e-009	2.5483e-009	3.1676e-009	3.9938e-009	5.1677e-009	7.787e-009	1.0716e-008	1.5095e-008	2.3937e-008	3.1102e-008	3.8529e-008	4.4675e-008	5.1489e-008	6.1085e-008	6.8268e-008	7.2637e-008	7.8309e-008	8.1535e-008	8.4304e-008	8.712e-008	8.9915e-008	9.2505e-008	9.386e-008	9.4264e-008	9.4902e-008	9.5897e-008	9.5088e-008	9.4473e-008	9.3904e-008	9.2714e-008	9.1124e-008	8.8956e-008	8.5667e-008	8.255e-008	8.0825e-008	7.8556e-008	7.6798e-008	7.5622e-008	7.4754e-008	7.2301e-008	7.1002e-008	6.9732e-008	6.7199e-008	6.3992e-008	6.2293e-008	6.0739e-008	5.869e-008	5.6765e-008	5.521e-008	5.3379e-008	4.8694e-008	4.6354e-008	4.456e-008	4.1816e-008	3.9415e-008	3.6895e-008	3.3881e-008	3.0464e-008	2.8305e-008	2.6054e-008	2.3114e-008	2.135e-008	1.8671e-008	1.5346e-008	1.2208e-008	1.0657e-008	8.581e-009	6.522e-009	4.773e-009	3.8482e-009	3.5756e-009	3.2548e-009	2.9479e-009	2.7041e-009	2.1966e-009	2.0307e-009	1.7252e-009	2.3283e-009	2.7639e-009	2.9596e-009	3.5505e-009	3.7401e-009	3.6321e-009	3.5263e-009	3.553e-009	4.7435e-009	5.7999e-009	7.593e-009	1.099e-008	1.5124e-008	1.9257e-008	2.4364e-008	2.9514e-008	3.4441e-008	4.0755e-008	4.6686e-008	5.2511e-008	5.7318e-008	6.4335e-008	6.9072e-008	7.5087e-008	8.0581e-008	8.3573e-008	8.6359e-008	8.856e-008	8.9809e-008	9.0849e-008	9.0723e-008	9.073e-008	9.1197e-008	9.3066e-008	9.2677e-008	9.2053e-008	9.1721e-008	9.0543e-008	8.8419e-008	8.6923e-008	8.5867e-008	8.1844e-008	7.8853e-008	7.6145e-008	7.4338e-008	7.2708e-008	7.1869e-008	7.0824e-008	7.0255e-008	6.7838e-008	6.501e-008	6.2623e-008	6.1467e-008	5.9527e-008	5.744e-008	5.5317e-008	5.332e-008	5.078e-008	4.8997e-008	4.7181e-008	4.605e-008	4.4401e-008	4.2323e-008	3.975e-008	3.7831e-008	3.5488e-008	3.3898e-008	3.1712e-008	2.9896e-008	2.7048e-008	2.5408e-008	2.34e-008	2.0899e-008	1.8678e-008	1.5973e-008	1.3909e-008	1.107e-008	9.0395e-009	7.2332e-009	5.5018e-009	4.6421e-009	4.0411e-009	3.6957e-009	3.8045e-009	3.5167e-009	3.4932e-009	3.8456e-009	3.45e-009	3.4788e-009	3.0665e-009	3.7739e-009	4.5272e-009	5.8475e-009	7.6304e-009	1.0595e-008	1.3074e-008	1.5765e-008	2.069e-008	2.426e-008	2.8159e-008	3.3122e-008	3.8741e-008	4.4435e-008	4.9577e-008	5.4899e-008	6.1637e-008	6.665e-008	7.1846e-008	7.6264e-008	7.9904e-008	8.3474e-008	8.5357e-008	8.7467e-008	8.805e-008	8.8168e-008	8.8878e-008	8.9693e-008	9.0073e-008	8.998e-008	8.9004e-008	8.8068e-008	8.6999e-008	8.5986e-008	8.4086e-008	8.2827e-008	8.1266e-008	7.9239e-008	7.6723e-008	7.4444e-008	7.2628e-008	7.1401e-008	7.0304e-008	6.8687e-008	6.5708e-008	6.2554e-008	6.0654e-008	5.9599e-008	5.9207e-008	5.8542e-008	5.6837e-008	5.2628e-008	5.1015e-008	5.0109e-008	4.8659e-008	4.6428e-008	4.3577e-008	4.2305e-008	3.9693e-008	3.7068e-008	3.3622e-008	3.1316e-008	2.9877e-008	2.8114e-008	2.5077e-008	2.3258e-008	2.0723e-008	1.895e-008	1.7603e-008	1.5603e-008	1.3736e-008	1.0991e-008	9.4171e-009	7.8229e-009	6.0993e-009	4.5274e-009	2.8663e-009	2.5188e-009	1.8621e-009	1.9362e-009	1.8534e-009	1.3535e-009	1.6614e-009	2.2867e-009	2.1271e-009	2.1166e-009	2.7375e-009	3.0258e-009	3.1257e-009	3.2747e-009	3.5494e-009	5.1924e-009	6.9187e-009	8.7432e-009	1.2771e-008	1.5455e-008	2.1005e-008	2.5935e-008	3.2423e-008	3.7906e-008	4.5064e-008	5.1198e-008	5.9259e-008	6.5097e-008	7.0117e-008	7.4369e-008	7.8399e-008	8.0872e-008	8.3971e-008	8.7692e-008	8.8076e-008	8.7766e-008	8.8742e-008	8.874e-008	8.792e-008	8.7306e-008	8.6836e-008	8.6392e-008	8.5387e-008	8.3926e-008	8.2168e-008	7.9943e-008	7.8903e-008	7.7107e-008	7.5607e-008	7.296e-008	7.0896e-008	6.9393e-008	6.7345e-008	6.6021e-008	6.5327e-008	6.3781e-008	6.1571e-008	5.9606e-008	5.7221e-008	5.3368e-008	5.0181e-008	4.7627e-008	4.5646e-008	4.3074e-008	4.1783e-008	3.9777e-008	3.7967e-008	3.62e-008	3.3458e-008	3.1466e-008	2.9916e-008	2.7615e-008	2.6484e-008	2.4988e-008	2.349e-008	2.1565e-008	2.0285e-008	1.8866e-008	1.6854e-008	1.4853e-008	1.3078e-008	1.1529e-008	9.706e-009	8.6402e-009	6.9921e-009	5.2172e-009	3.8523e-009	2.9428e-009	3.0044e-009	2.2249e-009	1.6239e-009	1.5905e-009	1.7631e-009	2.1075e-009	2.2532e-009	2.6793e-009	2.8107e-009	3.4351e-009	4.4837e-009	6.3963e-009	8.8484e-009	1.1884e-008	1.557e-008	1.8914e-008	2.3973e-008	2.8371e-008	3.5184e-008	4.2803e-008	5.1564e-008	5.6895e-008	6.3268e-008	6.7031e-008	7.0979e-008	7.4984e-008	7.719e-008	7.9153e-008	8.3163e-008	8.5014e-008	8.6591e-008	8.7682e-008	8.8821e-008	8.9872e-008	8.9768e-008	8.845e-008	8.6691e-008	8.5754e-008	8.4977e-008	8.4703e-008	8.3308e-008	8.1453e-008	7.9142e-008	7.6819e-008	7.4692e-008	7.3535e-008	7.274e-008	7.1652e-008	6.9614e-008	6.8333e-008	6.6679e-008	6.4882e-008	6.2966e-008	5.9913e-008	5.8138e-008	5.6436e-008	5.5014e-008	5.2557e-008	4.9782e-008	4.685e-008	4.4481e-008	4.1911e-008	3.9785e-008	3.7484e-008	3.5129e-008	3.3735e-008	3.1968e-008	3.0714e-008	2.8817e-008	2.645e-008	2.5459e-008	2.241e-008	1.9196e-008	1.7772e-008	1.5265e-008	1.332e-008	1.1691e-008	9.9546e-009	7.7426e-009	5.9894e-009	4.4117e-009	3.165e-009	2.988e-009	2.9513e-009	3.0236e-009	2.6872e-009	2.4414e-009	2.1382e-009	2.8542e-009	2.5812e-009	2.3778e-009	2.5409e-009	3.3132e-009	4.9239e-009	5.8913e-009	7.5964e-009	9.2146e-009	1.2341e-008	1.4752e-008	1.8222e-008	2.1941e-008	2.595e-008	3.1036e-008	3.5929e-008	4.2735e-008	4.9189e-008	5.4475e-008	6.0446e-008	6.5396e-008	7.2094e-008	7.6074e-008	7.9288e-008	8.2642e-008	8.4473e-008	8.5537e-008	8.7266e-008	8.8581e-008	8.9696e-008	8.9992e-008	8.9846e-008	8.9973e-008	9.0233e-008	8.9601e-008	8.8714e-008	8.6817e-008	8.4849e-008	8.2794e-008	7.9967e-008	7.8094e-008	7.7045e-008	7.5846e-008	7.4324e-008	7.2742e-008	7.1703e-008	6.9935e-008	6.8909e-008	6.7615e-008	6.5648e-008	6.3727e-008	5.9468e-008	5.8097e-008	5.4593e-008	5.2281e-008	5.1356e-008	4.9517e-008	4.6341e-008	4.3909e-008	4.1072e-008	3.914e-008	3.7153e-008	3.4552e-008	3.2139e-008	2.8863e-008	2.4881e-008	2.3075e-008	2.1004e-008	1.8311e-008	1.5753e-008	1.3801e-008	1.1859e-008	1.0396e-008	8.7608e-009	6.995e-009	5.4488e-009	4.1242e-009	3.4932e-009	3.5632e-009	3.0648e-009	3.109e-009	3.0281e-009	2.7025e-009	2.651e-009
1.6312e-009	1.3287e-009	1.2496e-009	1.3539e-009	1.4639e-009	1.6217e-009	1.6073e-009	1.641e-009	2.3677e-009	2.7507e-009	2.6771e-009	2.553e-009	2.936e-009	3.8685e-009	5.6699e-009	7.7272e-009	1.0473e-008	1.4613e-008	2.2947e-008	3.1567e-008	3.9598e-008	4.5588e-008	5.1765e-008	6.0697e-008	6.8019e-008	7.3391e-008	7.714e-008	8.0937e-008	8.4143e-008	8.7346e-008	9.0122e-008	9.2479e-008	9.4434e-008	9.5042e-008	9.5022e-008	9.5981e-008	9.717e-008	9.5242e-008	9.3909e-008	9.2723e-008	9.0949e-008	8.7924e-008	8.5034e-008	8.3487e-008	8.0929e-008	7.8544e-008	7.7925e-008	7.6003e-008	7.4974e-008	7.4262e-008	7.1235e-008	6.9242e-008	6.5881e-008	6.4162e-008	6.2654e-008	6.0396e-008	5.8956e-008	5.6546e-008	5.4925e-008	5.3261e-008	4.9561e-008	4.5195e-008	4.3156e-008	4.0821e-008	3.8659e-008	3.6502e-008	3.3816e-008	3.0087e-008	2.7866e-008	2.5815e-008	2.316e-008	2.1006e-008	1.8091e-008	1.5003e-008	1.1845e-008	9.4378e-009	7.3743e-009	5.4273e-009	3.9588e-009	3.4862e-009	3.2293e-009	3.2743e-009	2.6268e-009	2.5928e-009	1.9549e-009	1.8956e-009	1.7203e-009	2.3267e-009	2.8283e-009	2.7713e-009	3.1036e-009	3.4591e-009	3.5239e-009	3.3901e-009	3.606e-009	4.5803e-009	5.8254e-009	7.6261e-009	1.1385e-008	1.4546e-008	1.8889e-008	2.3848e-008	2.9321e-008	3.3894e-008	4.105e-008	4.708e-008	5.2583e-008	5.8029e-008	6.3878e-008	6.9661e-008	7.5194e-008	8.0814e-008	8.3374e-008	8.6215e-008	8.8433e-008	8.9748e-008	9.0963e-008	9.1168e-008	9.2513e-008	9.2306e-008	9.3161e-008	9.2533e-008	9.1816e-008	9.1633e-008	9.0431e-008	8.8504e-008	8.6553e-008	8.5563e-008	8.2728e-008	7.8659e-008	7.6562e-008	7.4164e-008	7.2321e-008	7.1555e-008	6.9844e-008	6.8454e-008	6.6576e-008	6.4379e-008	6.2286e-008	6.1633e-008	6.0285e-008	5.7735e-008	5.476e-008	5.2914e-008	5.0727e-008	4.9502e-008	4.7517e-008	4.6176e-008	4.4313e-008	4.2304e-008	3.9258e-008	3.7332e-008	3.5524e-008	3.3323e-008	3.1604e-008	2.9619e-008	2.652e-008	2.5334e-008	2.3092e-008	2.1331e-008	1.8184e-008	1.5807e-008	1.3054e-008	1.0574e-008	8.403e-009	6.3567e-009	4.7909e-009	4.317e-009	3.6502e-009	3.4096e-009	3.4275e-009	3.358e-009	3.6482e-009	3.8589e-009	3.3863e-009	3.3483e-009	3.4001e-009	3.9876e-009	4.744e-009	5.7558e-009	7.8095e-009	9.9105e-009	1.3105e-008	1.6993e-008	2.0749e-008	2.4554e-008	2.8091e-008	3.2218e-008	3.9308e-008	4.3661e-008	4.8931e-008	5.5079e-008	6.1779e-008	6.7635e-008	7.1857e-008	7.5338e-008	7.8415e-008	8.2805e-008	8.4836e-008	8.7106e-008	8.8311e-008	8.8602e-008	8.8815e-008	8.936e-008	8.9756e-008	8.986e-008	8.9351e-008	8.8418e-008	8.7224e-008	8.6095e-008	8.4512e-008	8.3102e-008	8.0981e-008	7.8943e-008	7.6709e-008	7.4208e-008	7.2822e-008	7.1238e-008	6.9372e-008	6.7161e-008	6.4591e-008	6.2477e-008	6.0522e-008	5.9413e-008	5.8921e-008	5.7639e-008	5.53e-008	5.2112e-008	5.0563e-008	4.9318e-008	4.7918e-008	4.5878e-008	4.2905e-008	4.1464e-008	3.8664e-008	3.6418e-008	3.2849e-008	3.124e-008	2.9893e-008	2.7445e-008	2.4692e-008	2.2489e-008	2.0421e-008	1.9024e-008	1.7191e-008	1.5517e-008	1.3512e-008	1.117e-008	9.4358e-009	7.8665e-009	6.2197e-009	4.0387e-009	2.6652e-009	2.5459e-009	2.086e-009	2.1628e-009	1.9906e-009	1.7632e-009	1.6007e-009	1.553e-009	1.7689e-009	1.5214e-009	2.6544e-009	2.822e-009	3.0335e-009	2.8967e-009	3.3609e-009	4.681e-009	6.9881e-009	9.832e-009	1.2751e-008	1.5541e-008	1.98e-008	2.649e-008	3.3235e-008	3.9405e-008	4.5017e-008	5.1311e-008	5.8821e-008	6.5667e-008	7.0011e-008	7.4778e-008	7.8002e-008	8.088e-008	8.3173e-008	8.712e-008	8.7964e-008	8.7383e-008	8.7962e-008	8.81e-008	8.7707e-008	8.7608e-008	8.8434e-008	8.8557e-008	8.5869e-008	8.4193e-008	8.1712e-008	8.0075e-008	7.918e-008	7.848e-008	7.5986e-008	7.3971e-008	7.1466e-008	6.9139e-008	6.7447e-008	6.6258e-008	6.5213e-008	6.3287e-008	6.1297e-008	5.9503e-008	5.7148e-008	5.2854e-008	5.0403e-008	4.7495e-008	4.5256e-008	4.3166e-008	4.1593e-008	4.0035e-008	3.789e-008	3.6527e-008	3.3865e-008	3.1625e-008	3.0348e-008	2.8102e-008	2.672e-008	2.5226e-008	2.3807e-008	2.2081e-008	2.0501e-008	1.9074e-008	1.7425e-008	1.5614e-008	1.4503e-008	1.194e-008	1e-008	9.045e-009	7.4059e-009	5.8995e-009	4.6331e-009	3.3589e-009	3.1891e-009	2.5236e-009	2.1601e-009	1.6742e-009	1.8343e-009	2.5008e-009	2.4348e-009	2.7416e-009	2.8579e-009	3.5797e-009	5.0012e-009	6.8187e-009	9.0893e-009	1.2504e-008	1.603e-008	1.9876e-008	2.5167e-008	2.9182e-008	3.5026e-008	4.2429e-008	4.9843e-008	5.7303e-008	6.2292e-008	6.6294e-008	7.0531e-008	7.3289e-008	7.7053e-008	7.9744e-008	8.3097e-008	8.4806e-008	8.5913e-008	8.7026e-008	8.8079e-008	8.96e-008	8.9501e-008	8.8304e-008	8.6435e-008	8.531e-008	8.4621e-008	8.4619e-008	8.3173e-008	8.1183e-008	7.9288e-008	7.7107e-008	7.4898e-008	7.369e-008	7.2781e-008	7.1785e-008	6.9771e-008	6.8473e-008	6.6972e-008	6.4811e-008	6.2783e-008	6.0289e-008	5.8072e-008	5.5882e-008	5.4246e-008	5.2074e-008	5.0089e-008	4.7024e-008	4.4154e-008	4.1704e-008	3.9884e-008	3.801e-008	3.5312e-008	3.3774e-008	3.1692e-008	3.0577e-008	2.8754e-008	2.5988e-008	2.4357e-008	2.2166e-008	1.8226e-008	1.5974e-008	1.4016e-008	1.2233e-008	1.0856e-008	9.0408e-009	7.1695e-009	5.1897e-009	4.1501e-009	3.2327e-009	2.982e-009	2.5935e-009	2.8197e-009	2.7698e-009	2.2528e-009	2.5803e-009	3.082e-009	2.9604e-009	2.5377e-009	2.2938e-009	2.8724e-009	3.5264e-009	4.672e-009	6.9487e-009	9.5954e-009	1.2192e-008	1.5023e-008	1.7269e-008	2.1406e-008	2.4913e-008	3.0205e-008	3.6536e-008	4.4442e-008	4.9922e-008	5.5934e-008	6.0979e-008	6.7236e-008	7.3219e-008	7.6332e-008	7.9029e-008	8.2302e-008	8.417e-008	8.5501e-008	8.7286e-008	8.8048e-008	8.8862e-008	8.9445e-008	8.9411e-008	8.9495e-008	8.9883e-008	8.9441e-008	8.8489e-008	8.6927e-008	8.49e-008	8.2962e-008	8.1087e-008	7.8479e-008	7.7049e-008	7.5725e-008	7.4364e-008	7.1933e-008	7.1043e-008	7.0157e-008	6.8788e-008	6.7533e-008	6.5329e-008	6.3393e-008	6.041e-008	5.8358e-008	5.6371e-008	5.355e-008	5.1827e-008	5.0024e-008	4.7359e-008	4.4415e-008	4.176e-008	3.9252e-008	3.7153e-008	3.4512e-008	3.1286e-008	2.798e-008	2.507e-008	2.3072e-008	2.0024e-008	1.7765e-008	1.5705e-008	1.367e-008	1.2127e-008	1.0532e-008	8.3408e-009	6.9266e-009	5.0864e-009	4.2025e-009	3.5968e-009	3.4521e-009	3.1588e-009	3.2698e-009	3.1261e-009	2.7957e-009	3.255e-009
1.6327e-009	1.5902e-009	1.5197e-009	1.5023e-009	1.44e-009	1.2437e-009	9.4805e-010	1.1507e-009	2.0065e-009	2.6584e-009	2.7797e-009	2.6284e-009	3.1961e-009	3.4695e-009	5.5503e-009	7.2757e-009	1.0646e-008	1.5208e-008	2.3049e-008	3.1446e-008	3.9196e-008	4.4768e-008	5.2132e-008	6.1751e-008	6.7223e-008	7.2197e-008	7.6511e-008	7.9908e-008	8.3551e-008	8.6979e-008	9.0522e-008	9.2728e-008	9.446e-008	9.5119e-008	9.5272e-008	9.59e-008	9.7017e-008	9.6055e-008	9.4297e-008	9.2633e-008	9.0059e-008	8.7645e-008	8.5577e-008	8.3971e-008	8.1251e-008	7.8732e-008	7.8137e-008	7.6413e-008	7.4961e-008	7.4273e-008	7.1431e-008	6.9199e-008	6.5726e-008	6.4321e-008	6.2999e-008	6.1126e-008	5.927e-008	5.7356e-008	5.56e-008	5.3375e-008	5.0037e-008	4.4687e-008	4.2757e-008	4.07e-008	3.8454e-008	3.5967e-008	3.2065e-008	2.9189e-008	2.7466e-008	2.5356e-008	2.2777e-008	2.027e-008	1.7781e-008	1.419e-008	1.0883e-008	8.7274e-009	6.7988e-009	4.9558e-009	3.4691e-009	3.0385e-009	3.2467e-009	3.2566e-009	2.5279e-009	2.3644e-009	1.7869e-009	1.9117e-009	2.164e-009	2.569e-009	2.856e-009	2.6811e-009	2.8185e-009	3.4355e-009	3.7693e-009	3.4267e-009	3.651e-009	4.4374e-009	5.6608e-009	7.4885e-009	1.1298e-008	1.4131e-008	1.8486e-008	2.3378e-008	2.9408e-008	3.5108e-008	4.0738e-008	4.6887e-008	5.2376e-008	5.8044e-008	6.4025e-008	6.9337e-008	7.5073e-008	8.0669e-008	8.336e-008	8.564e-008	8.7817e-008	8.9649e-008	9.1591e-008	9.2808e-008	9.286e-008	9.2725e-008	9.29e-008	9.2315e-008	9.1364e-008	9.1046e-008	8.9511e-008	8.8118e-008	8.6239e-008	8.4473e-008	8.2009e-008	7.9519e-008	7.6939e-008	7.4527e-008	7.2478e-008	7.1159e-008	6.981e-008	6.819e-008	6.6263e-008	6.4527e-008	6.2582e-008	6.1971e-008	6.0854e-008	5.7949e-008	5.5194e-008	5.2863e-008	5.1242e-008	5.0176e-008	4.7891e-008	4.6259e-008	4.3815e-008	4.1502e-008	3.9114e-008	3.725e-008	3.5324e-008	3.301e-008	3.096e-008	2.8885e-008	2.6765e-008	2.5356e-008	2.3227e-008	2.0934e-008	1.8392e-008	1.5085e-008	1.2249e-008	9.7624e-009	7.9927e-009	6.1527e-009	4.6221e-009	4.0782e-009	3.312e-009	3.0648e-009	2.7486e-009	2.9357e-009	3.3629e-009	3.8218e-009	3.7186e-009	3.6842e-009	3.802e-009	4.1578e-009	4.8442e-009	5.9372e-009	7.2823e-009	1.1355e-008	1.3404e-008	1.7476e-008	2.0977e-008	2.4039e-008	2.7599e-008	3.3413e-008	3.9242e-008	4.2197e-008	4.7465e-008	5.3469e-008	6.1752e-008	6.7699e-008	7.1685e-008	7.5299e-008	7.9763e-008	8.2732e-008	8.5059e-008	8.712e-008	8.8112e-008	8.8922e-008	8.9428e-008	8.9642e-008	9.0122e-008	8.9841e-008	8.9739e-008	8.8989e-008	8.8092e-008	8.6367e-008	8.4871e-008	8.3349e-008	8.0942e-008	7.8232e-008	7.6009e-008	7.4099e-008	7.25e-008	7.0381e-008	6.8324e-008	6.587e-008	6.4035e-008	6.2275e-008	6.009e-008	5.9177e-008	5.8563e-008	5.7561e-008	5.5829e-008	5.3314e-008	5.0322e-008	4.8628e-008	4.6607e-008	4.4144e-008	4.1428e-008	3.951e-008	3.7084e-008	3.5219e-008	3.2959e-008	3.0757e-008	2.9729e-008	2.7843e-008	2.5174e-008	2.2245e-008	2.0848e-008	1.9263e-008	1.7307e-008	1.5024e-008	1.2891e-008	1.0978e-008	9.2505e-009	7.6087e-009	5.6059e-009	3.6937e-009	2.7289e-009	2.3323e-009	1.9953e-009	2.0443e-009	2.1578e-009	2.3134e-009	1.9043e-009	1.7265e-009	1.4974e-009	1.5919e-009	2.2235e-009	2.6983e-009	2.9137e-009	3.2864e-009	3.6049e-009	4.5071e-009	6.5468e-009	9.8034e-009	1.2842e-008	1.6033e-008	1.972e-008	2.5973e-008	3.2674e-008	3.9786e-008	4.5762e-008	5.0839e-008	5.8059e-008	6.4838e-008	6.8796e-008	7.505e-008	7.7691e-008	8.1132e-008	8.36e-008	8.6403e-008	8.7809e-008	8.7915e-008	8.8482e-008	8.8385e-008	8.8368e-008	8.9182e-008	8.9801e-008	8.9518e-008	8.7292e-008	8.3862e-008	8.1483e-008	7.983e-008	7.9137e-008	7.87e-008	7.6661e-008	7.4568e-008	7.1324e-008	6.9151e-008	6.7925e-008	6.6588e-008	6.4823e-008	6.2858e-008	6.1035e-008	5.9352e-008	5.5811e-008	5.301e-008	5.107e-008	4.7915e-008	4.5414e-008	4.3578e-008	4.1994e-008	4.0062e-008	3.7836e-008	3.5745e-008	3.377e-008	3.2096e-008	3.0677e-008	2.8553e-008	2.7078e-008	2.5762e-008	2.3882e-008	2.2307e-008	2.1069e-008	1.9912e-008	1.8351e-008	1.6858e-008	1.4817e-008	1.3073e-008	1.0716e-008	9.2301e-009	7.9419e-009	6.6185e-009	5.0248e-009	4.2169e-009	3.6785e-009	2.9216e-009	2.4752e-009	2.4387e-009	2.765e-009	2.8572e-009	2.7176e-009	2.7671e-009	3.4516e-009	4.4059e-009	5.7538e-009	7.4958e-009	9.4999e-009	1.2809e-008	1.6181e-008	1.9992e-008	2.484e-008	2.9632e-008	3.5099e-008	4.2709e-008	4.9464e-008	5.6535e-008	6.1235e-008	6.5499e-008	7.0041e-008	7.3647e-008	7.6829e-008	8.0226e-008	8.3801e-008	8.5091e-008	8.5735e-008	8.6626e-008	8.7719e-008	8.8803e-008	8.9104e-008	8.7645e-008	8.6343e-008	8.4953e-008	8.4647e-008	8.3704e-008	8.2782e-008	8.077e-008	7.902e-008	7.7606e-008	7.5189e-008	7.395e-008	7.246e-008	7.1791e-008	7.0334e-008	6.8801e-008	6.6816e-008	6.4781e-008	6.2419e-008	6.0647e-008	5.8208e-008	5.5964e-008	5.4418e-008	5.1563e-008	4.9606e-008	4.6152e-008	4.5163e-008	4.3084e-008	3.9567e-008	3.7951e-008	3.5503e-008	3.3423e-008	3.1851e-008	3.0159e-008	2.8122e-008	2.5863e-008	2.3859e-008	2.123e-008	1.8121e-008	1.5759e-008	1.3855e-008	1.2177e-008	1.0367e-008	8.8637e-009	6.7969e-009	5.4924e-009	4.1385e-009	3.1088e-009	2.6188e-009	2.3677e-009	2.524e-009	2.5174e-009	2.2043e-009	2.6826e-009	2.856e-009	2.7587e-009	2.2681e-009	2.3406e-009	3.1522e-009	4.1531e-009	4.6176e-009	6.625e-009	9.0974e-009	1.1968e-008	1.4572e-008	1.6445e-008	2.0406e-008	2.3656e-008	3.0475e-008	3.6229e-008	4.4401e-008	5.0287e-008	5.6411e-008	6.0631e-008	6.8374e-008	7.4148e-008	7.6506e-008	7.9435e-008	8.2297e-008	8.4136e-008	8.5551e-008	8.7272e-008	8.7873e-008	8.8164e-008	8.9093e-008	8.8929e-008	8.9115e-008	8.9196e-008	8.9683e-008	8.9131e-008	8.7183e-008	8.6005e-008	8.3962e-008	8.1579e-008	7.8857e-008	7.7027e-008	7.6005e-008	7.4785e-008	7.2519e-008	7.1135e-008	7.013e-008	6.8533e-008	6.74e-008	6.4645e-008	6.2442e-008	6.0018e-008	5.8737e-008	5.6321e-008	5.4246e-008	5.1737e-008	4.9945e-008	4.6861e-008	4.4349e-008	4.149e-008	3.8883e-008	3.6925e-008	3.4544e-008	3.0842e-008	2.8212e-008	2.5612e-008	2.3782e-008	2.0563e-008	1.8418e-008	1.5751e-008	1.3604e-008	1.1974e-008	1.0413e-008	8.2279e-009	7.0799e-009	5.5369e-009	4.3873e-009	3.4966e-009	3.2048e-009	3.36e-009	3.2642e-009	3.1637e-009	3.1336e-009	3.3462e-009
1.4049e-009	1.4152e-009	1.363e-009	1.4648e-009	1.2375e-009	1.1657e-009	1.3851e-009	7.907e-010	1.7006e-009	2.4257e-009	2.5374e-009	2.3519e-009	2.7958e-009	3.4119e-009	4.7014e-009	6.9663e-009	1.0992e-008	1.567e-008	2.3809e-008	3.2639e-008	3.919e-008	4.5182e-008	5.3154e-008	6.3057e-008	6.7399e-008	7.1983e-008	7.5842e-008	8.0259e-008	8.304e-008	8.7314e-008	9.0596e-008	9.2502e-008	9.4057e-008	9.4794e-008	9.4842e-008	9.5675e-008	9.6561e-008	9.5818e-008	9.3834e-008	9.2405e-008	9.063e-008	8.7617e-008	8.647e-008	8.4476e-008	8.1951e-008	7.8769e-008	7.7863e-008	7.605e-008	7.4268e-008	7.2923e-008	7.052e-008	6.8163e-008	6.5174e-008	6.3771e-008	6.2922e-008	6.1227e-008	5.934e-008	5.6976e-008	5.5342e-008	5.2843e-008	4.8506e-008	4.4081e-008	4.3175e-008	4.0423e-008	3.8076e-008	3.4696e-008	3.1136e-008	2.9209e-008	2.6538e-008	2.4443e-008	2.239e-008	1.943e-008	1.6132e-008	1.3354e-008	1.0815e-008	8.2547e-009	6.2537e-009	4.5717e-009	3.3547e-009	3.2773e-009	3.2111e-009	2.5803e-009	2.5246e-009	1.7604e-009	1.6645e-009	1.7071e-009	2.0804e-009	2.641e-009	2.4879e-009	2.4045e-009	2.3471e-009	2.8356e-009	3.3914e-009	3.08e-009	3.2599e-009	3.8765e-009	5.4926e-009	7.9018e-009	1.0563e-008	1.4228e-008	1.8097e-008	2.2914e-008	2.9445e-008	3.5622e-008	4.1462e-008	4.7005e-008	5.2742e-008	5.8237e-008	6.3865e-008	6.9684e-008	7.5097e-008	8.0697e-008	8.5129e-008	8.6289e-008	8.7733e-008	9.0492e-008	9.2234e-008	9.309e-008	9.3424e-008	9.2885e-008	9.2222e-008	9.1189e-008	9.0458e-008	8.9512e-008	8.7926e-008	8.6688e-008	8.454e-008	8.3092e-008	8.1472e-008	7.9308e-008	7.6666e-008	7.456e-008	7.2624e-008	7.0523e-008	6.8866e-008	6.806e-008	6.6364e-008	6.4433e-008	6.3423e-008	6.2282e-008	6.0684e-008	5.746e-008	5.3647e-008	5.2293e-008	5.1332e-008	4.9948e-008	4.7655e-008	4.5692e-008	4.2885e-008	4.0504e-008	3.8626e-008	3.6436e-008	3.498e-008	3.2668e-008	3.0658e-008	2.8417e-008	2.6082e-008	2.435e-008	2.199e-008	1.9608e-008	1.7139e-008	1.4326e-008	1.2053e-008	9.1373e-009	7.4745e-009	5.5768e-009	4.2444e-009	3.9021e-009	2.9389e-009	2.9842e-009	2.646e-009	2.398e-009	2.7286e-009	2.9359e-009	3.0521e-009	3.2871e-009	3.6377e-009	4.1661e-009	4.9229e-009	6.0599e-009	7.5981e-009	1.1241e-008	1.3443e-008	1.7347e-008	2.0162e-008	2.3552e-008	2.7233e-008	3.4327e-008	3.939e-008	4.2582e-008	4.7447e-008	5.4469e-008	6.204e-008	6.6879e-008	7.1222e-008	7.523e-008	7.9381e-008	8.1799e-008	8.3268e-008	8.6821e-008	8.8845e-008	8.9196e-008	8.9559e-008	9.0067e-008	9.0117e-008	8.9568e-008	8.972e-008	8.9479e-008	8.8011e-008	8.6226e-008	8.4796e-008	8.2927e-008	8.0384e-008	7.806e-008	7.5605e-008	7.3796e-008	7.202e-008	6.9978e-008	6.7459e-008	6.5114e-008	6.2999e-008	6.1456e-008	5.9449e-008	5.9424e-008	5.8578e-008	5.7114e-008	5.5019e-008	5.2823e-008	4.9935e-008	4.756e-008	4.5331e-008	4.2724e-008	4.1063e-008	3.9379e-008	3.6746e-008	3.4755e-008	3.3159e-008	3.0825e-008	2.9091e-008	2.777e-008	2.5127e-008	2.2445e-008	2.079e-008	1.8836e-008	1.6876e-008	1.4707e-008	1.2394e-008	1.0359e-008	8.5147e-009	6.9738e-009	5.014e-009	3.2617e-009	2.4049e-009	1.9803e-009	1.7607e-009	1.7683e-009	1.7355e-009	1.8917e-009	1.6206e-009	1.3647e-009	1.3745e-009	1.3817e-009	1.9304e-009	2.0368e-009	3.1941e-009	3.2727e-009	3.2903e-009	4.223e-009	6.2855e-009	9.2666e-009	1.2267e-008	1.5787e-008	1.8849e-008	2.583e-008	3.1677e-008	3.8122e-008	4.5763e-008	5.082e-008	5.7373e-008	6.335e-008	6.8146e-008	7.3568e-008	7.7294e-008	8.1044e-008	8.3892e-008	8.578e-008	8.7308e-008	8.8265e-008	8.8597e-008	8.8578e-008	8.903e-008	9.0032e-008	9.0288e-008	8.9631e-008	8.7697e-008	8.2871e-008	8.0855e-008	7.9224e-008	7.8941e-008	7.8426e-008	7.6418e-008	7.425e-008	7.1674e-008	6.8777e-008	6.7567e-008	6.6269e-008	6.461e-008	6.2407e-008	6.0022e-008	5.7788e-008	5.5232e-008	5.3015e-008	5.0006e-008	4.7891e-008	4.6074e-008	4.4102e-008	4.218e-008	3.9937e-008	3.7437e-008	3.5591e-008	3.3908e-008	3.1977e-008	3.0409e-008	2.8393e-008	2.6565e-008	2.564e-008	2.4261e-008	2.2115e-008	2.0829e-008	1.9994e-008	1.8312e-008	1.6493e-008	1.4615e-008	1.2997e-008	1.1257e-008	8.7344e-009	7.8697e-009	7.5071e-009	5.3567e-009	4.534e-009	3.7297e-009	3.2491e-009	2.9081e-009	3.0686e-009	3.0074e-009	2.6902e-009	2.5967e-009	2.6567e-009	3.4747e-009	4.2914e-009	5.6997e-009	7.7246e-009	1.0109e-008	1.286e-008	1.5867e-008	2.0221e-008	2.4483e-008	2.9369e-008	3.4927e-008	4.1567e-008	4.8923e-008	5.5567e-008	6.043e-008	6.6301e-008	7.0679e-008	7.4164e-008	7.7869e-008	7.9961e-008	8.3794e-008	8.4856e-008	8.505e-008	8.5788e-008	8.6683e-008	8.7294e-008	8.7616e-008	8.6543e-008	8.543e-008	8.5188e-008	8.466e-008	8.3064e-008	8.2092e-008	8.0556e-008	7.9107e-008	7.844e-008	7.5638e-008	7.411e-008	7.1757e-008	7.1028e-008	6.9628e-008	6.8274e-008	6.6388e-008	6.3582e-008	6.1761e-008	6.0252e-008	5.8088e-008	5.5918e-008	5.3584e-008	5.109e-008	4.9121e-008	4.6311e-008	4.4745e-008	4.3493e-008	3.9637e-008	3.7242e-008	3.5116e-008	3.2963e-008	3.1015e-008	2.9615e-008	2.7398e-008	2.5495e-008	2.2947e-008	2.0019e-008	1.7697e-008	1.5611e-008	1.3691e-008	1.2208e-008	1.0314e-008	8.5943e-009	6.0507e-009	5.0033e-009	3.776e-009	3.0136e-009	2.3697e-009	2.0734e-009	2.4283e-009	2.0895e-009	1.8291e-009	1.911e-009	1.8784e-009	2.1086e-009	2.0792e-009	2.1624e-009	2.7714e-009	3.9914e-009	4.5123e-009	5.8211e-009	8.0635e-009	1.0529e-008	1.3897e-008	1.6465e-008	2.0021e-008	2.4018e-008	3.0621e-008	3.622e-008	4.2518e-008	4.8735e-008	5.6e-008	6.0873e-008	6.8163e-008	7.2902e-008	7.5967e-008	7.8526e-008	8.2009e-008	8.3853e-008	8.5144e-008	8.6824e-008	8.7527e-008	8.7553e-008	8.8427e-008	8.8444e-008	8.8341e-008	8.8987e-008	9.0092e-008	8.932e-008	8.7256e-008	8.5957e-008	8.4221e-008	8.2172e-008	7.7928e-008	7.7e-008	7.5561e-008	7.3928e-008	7.1964e-008	7.092e-008	7.0033e-008	6.7616e-008	6.632e-008	6.3792e-008	6.1609e-008	5.994e-008	5.822e-008	5.6003e-008	5.4964e-008	5.1876e-008	5.0226e-008	4.8144e-008	4.4201e-008	4.182e-008	3.8497e-008	3.6835e-008	3.3176e-008	2.9781e-008	2.7478e-008	2.5733e-008	2.4296e-008	2.114e-008	1.7908e-008	1.5935e-008	1.3912e-008	1.1485e-008	9.6524e-009	8.2612e-009	6.7437e-009	5.2758e-009	4.1933e-009	3.3194e-009	2.7004e-009	3.2385e-009	3.2082e-009	3.113e-009	3.0823e-009	3.2461e-009
1.0714e-009	1.4145e-009	1.2494e-009	1.3735e-009	6.6716e-010	1.0252e-009	1.4321e-009	1.162e-009	1.4286e-009	2.1735e-009	2.379e-009	1.9554e-009	2.752e-009	3.265e-009	4.3804e-009	6.7998e-009	1.1413e-008	1.6495e-008	2.4254e-008	3.2062e-008	3.8329e-008	4.4978e-008	5.3248e-008	6.099e-008	6.6681e-008	7.131e-008	7.5534e-008	7.9739e-008	8.3564e-008	8.6947e-008	9.0025e-008	9.1502e-008	9.332e-008	9.4282e-008	9.4328e-008	9.5029e-008	9.6091e-008	9.5656e-008	9.4594e-008	9.2535e-008	8.9973e-008	8.8064e-008	8.7105e-008	8.5378e-008	8.1871e-008	7.9353e-008	7.7518e-008	7.5625e-008	7.3842e-008	7.1853e-008	7.0256e-008	6.8401e-008	6.5878e-008	6.3688e-008	6.2701e-008	6.131e-008	5.9338e-008	5.6629e-008	5.4713e-008	5.2077e-008	4.8389e-008	4.4155e-008	4.3205e-008	4.0821e-008	3.7549e-008	3.417e-008	3.1318e-008	2.9296e-008	2.6669e-008	2.4404e-008	2.207e-008	1.9178e-008	1.5769e-008	1.3106e-008	1.0798e-008	8.3705e-009	5.7515e-009	4.1898e-009	3.3562e-009	2.9729e-009	2.9655e-009	2.6848e-009	2.5928e-009	2.3168e-009	2.524e-009	2.158e-009	1.8473e-009	2.3152e-009	2.6008e-009	2.562e-009	2.5933e-009	2.3112e-009	2.8844e-009	2.7233e-009	2.778e-009	3.5536e-009	5.303e-009	7.3868e-009	1.0664e-008	1.3658e-008	1.8414e-008	2.3136e-008	2.9107e-008	3.5354e-008	4.1489e-008	4.7893e-008	5.3004e-008	5.8878e-008	6.3923e-008	6.9869e-008	7.6939e-008	8.2189e-008	8.5226e-008	8.6833e-008	8.879e-008	9.1553e-008	9.2745e-008	9.348e-008	9.4141e-008	9.3438e-008	9.2694e-008	9.2028e-008	9.095e-008	8.9372e-008	8.7222e-008	8.5578e-008	8.4259e-008	8.2725e-008	8.1088e-008	7.9443e-008	7.6789e-008	7.4545e-008	7.2461e-008	7.0598e-008	6.9114e-008	6.8372e-008	6.6596e-008	6.4943e-008	6.4036e-008	6.2578e-008	6.0465e-008	5.7178e-008	5.3579e-008	5.2255e-008	5.0975e-008	4.9544e-008	4.7474e-008	4.5576e-008	4.3063e-008	4.0353e-008	3.7975e-008	3.5783e-008	3.3816e-008	3.2099e-008	2.9983e-008	2.7906e-008	2.5577e-008	2.376e-008	2.2013e-008	1.9212e-008	1.6929e-008	1.3856e-008	1.0638e-008	8.8789e-009	7.0569e-009	5.4748e-009	4.4463e-009	4.0288e-009	3.5018e-009	3.6002e-009	3.2848e-009	2.634e-009	2.5426e-009	2.4356e-009	2.4703e-009	3.1391e-009	3.8452e-009	4.5887e-009	5.4782e-009	6.4951e-009	8.3921e-009	1.1007e-008	1.377e-008	1.7084e-008	1.9189e-008	2.1853e-008	2.7711e-008	3.4479e-008	3.9536e-008	4.2944e-008	4.8695e-008	5.433e-008	5.9179e-008	6.6256e-008	7.0517e-008	7.4238e-008	7.8503e-008	8.1246e-008	8.2968e-008	8.6356e-008	8.8973e-008	8.9624e-008	9.013e-008	9.0542e-008	9.0353e-008	9.001e-008	8.9897e-008	8.9941e-008	8.8424e-008	8.6282e-008	8.486e-008	8.3009e-008	8.0959e-008	7.7888e-008	7.6236e-008	7.3861e-008	7.1551e-008	6.9662e-008	6.7224e-008	6.5419e-008	6.3052e-008	6.1078e-008	6.0129e-008	5.9718e-008	5.864e-008	5.6782e-008	5.4945e-008	5.297e-008	5.0404e-008	4.7642e-008	4.6349e-008	4.285e-008	4.154e-008	4.0174e-008	3.8277e-008	3.499e-008	3.3564e-008	3.0815e-008	2.9028e-008	2.7021e-008	2.4265e-008	2.2098e-008	2.0753e-008	1.8689e-008	1.6744e-008	1.4727e-008	1.2214e-008	1.0115e-008	8.6141e-009	6.4852e-009	4.9292e-009	3.7617e-009	2.64e-009	2.4554e-009	1.9656e-009	2.3177e-009	1.9938e-009	1.828e-009	1.5679e-009	1.4946e-009	1.7171e-009	2.1853e-009	2.1831e-009	2.4885e-009	3.2097e-009	3.5276e-009	3.4026e-009	4.6297e-009	6.0898e-009	9.2253e-009	1.2471e-008	1.5655e-008	1.9614e-008	2.6453e-008	3.2798e-008	3.9146e-008	4.4992e-008	5.1663e-008	5.7323e-008	6.257e-008	6.7672e-008	7.4926e-008	7.9108e-008	8.2552e-008	8.4923e-008	8.6439e-008	8.8953e-008	8.909e-008	8.8804e-008	8.9009e-008	8.9884e-008	9.0931e-008	9.0986e-008	8.9883e-008	8.6862e-008	8.2286e-008	8.0973e-008	7.946e-008	7.9345e-008	7.8179e-008	7.6067e-008	7.4216e-008	7.1346e-008	6.9031e-008	6.7644e-008	6.6105e-008	6.4232e-008	6.2119e-008	5.9304e-008	5.7917e-008	5.4956e-008	5.3166e-008	5.0175e-008	4.8205e-008	4.6644e-008	4.4876e-008	4.2234e-008	3.9975e-008	3.7602e-008	3.5744e-008	3.4157e-008	3.2357e-008	3.0844e-008	2.8555e-008	2.6979e-008	2.58e-008	2.4551e-008	2.2916e-008	2.0941e-008	2.0034e-008	1.8489e-008	1.6938e-008	1.5049e-008	1.3595e-008	1.2023e-008	1.0141e-008	9.2708e-009	8.1839e-009	6.5701e-009	4.6141e-009	4.236e-009	4.0847e-009	3.6852e-009	3.707e-009	3.4595e-009	3.0056e-009	2.8593e-009	3.3686e-009	3.7701e-009	4.549e-009	6.16e-009	8.1961e-009	1.0713e-008	1.3227e-008	1.6938e-008	2.0053e-008	2.4663e-008	2.9607e-008	3.5418e-008	4.0906e-008	4.8452e-008	5.4699e-008	5.9729e-008	6.6831e-008	7.1399e-008	7.4513e-008	7.8221e-008	8.0247e-008	8.3706e-008	8.4546e-008	8.4916e-008	8.5389e-008	8.6459e-008	8.7229e-008	8.7245e-008	8.6124e-008	8.5506e-008	8.5897e-008	8.6005e-008	8.4251e-008	8.2523e-008	8.0985e-008	8.0358e-008	7.8777e-008	7.6245e-008	7.4172e-008	7.1429e-008	7.0661e-008	6.96e-008	6.8196e-008	6.6801e-008	6.2438e-008	6.1775e-008	5.9755e-008	5.794e-008	5.6307e-008	5.4049e-008	5.0859e-008	4.852e-008	4.6505e-008	4.4539e-008	4.2753e-008	3.9481e-008	3.6388e-008	3.446e-008	3.2713e-008	3.0766e-008	2.8899e-008	2.7178e-008	2.4806e-008	2.2115e-008	1.9577e-008	1.7939e-008	1.5685e-008	1.322e-008	1.2046e-008	1.0225e-008	7.9053e-009	6.0686e-009	5.1913e-009	3.945e-009	3.3989e-009	2.8707e-009	2.5967e-009	2.8936e-009	2.366e-009	2.0587e-009	1.8736e-009	2.0258e-009	2.312e-009	2.5093e-009	2.3779e-009	3.0299e-009	3.8498e-009	4.9309e-009	5.8679e-009	7.8507e-009	1.0118e-008	1.3676e-008	1.6471e-008	2.0361e-008	2.476e-008	3.0714e-008	3.5685e-008	4.2029e-008	4.9095e-008	5.4796e-008	6.2799e-008	6.7552e-008	7.1999e-008	7.5036e-008	7.7761e-008	8.1718e-008	8.3769e-008	8.4785e-008	8.6772e-008	8.7738e-008	8.8276e-008	8.8453e-008	8.8272e-008	8.845e-008	8.9539e-008	9.0605e-008	8.9549e-008	8.7181e-008	8.6117e-008	8.4434e-008	8.2927e-008	7.9857e-008	7.7167e-008	7.531e-008	7.3496e-008	7.1916e-008	7.0932e-008	7.0076e-008	6.7463e-008	6.6232e-008	6.3594e-008	6.1281e-008	6.0122e-008	5.8415e-008	5.6485e-008	5.5249e-008	5.241e-008	5.0043e-008	4.8623e-008	4.4519e-008	4.2287e-008	3.9242e-008	3.7227e-008	3.2493e-008	2.9567e-008	2.7317e-008	2.578e-008	2.4363e-008	2.1978e-008	1.9132e-008	1.6284e-008	1.4205e-008	1.2317e-008	9.6192e-009	8.0112e-009	6.4531e-009	4.8291e-009	4.2804e-009	3.4458e-009	2.9564e-009	3.1954e-009	3.2552e-009	2.668e-009	3.023e-009	3.2623e-009
1.325e-009	1.5609e-009	9.4784e-010	9.2768e-010	6.5963e-010	8.6421e-010	1.3069e-009	1.485e-009	1.6766e-009	1.8161e-009	1.8404e-009	2.1245e-009	2.8332e-009	3.1174e-009	4.2585e-009	6.6035e-009	1.1395e-008	1.5493e-008	2.4199e-008	3.1296e-008	3.8563e-008	4.4936e-008	5.2605e-008	6.1968e-008	6.6711e-008	7.1577e-008	7.6057e-008	8.043e-008	8.4408e-008	8.6917e-008	8.9654e-008	9.1515e-008	9.294e-008	9.3855e-008	9.447e-008	9.5715e-008	9.6594e-008	9.6109e-008	9.5008e-008	9.3278e-008	9.0189e-008	8.8425e-008	8.7346e-008	8.5856e-008	8.2331e-008	7.9374e-008	7.7776e-008	7.5993e-008	7.4286e-008	7.1379e-008	7.0414e-008	6.8669e-008	6.6101e-008	6.3436e-008	6.1776e-008	6.0561e-008	5.8225e-008	5.613e-008	5.425e-008	5.1189e-008	4.6644e-008	4.3916e-008	4.2937e-008	4.1033e-008	3.6998e-008	3.3724e-008	3.082e-008	2.8755e-008	2.6488e-008	2.4188e-008	2.1745e-008	1.9134e-008	1.4981e-008	1.2769e-008	1.0215e-008	7.7513e-009	5.1349e-009	3.7397e-009	3.2765e-009	2.6268e-009	2.297e-009	2.1704e-009	2.545e-009	2.156e-009	2.3892e-009	1.7829e-009	1.568e-009	1.9575e-009	2.2429e-009	2.2018e-009	2.3862e-009	2.5594e-009	3.0104e-009	2.9786e-009	2.6342e-009	3.6843e-009	5.4706e-009	7.7192e-009	1.0618e-008	1.4098e-008	1.8952e-008	2.2721e-008	2.8028e-008	3.5657e-008	4.1706e-008	4.7995e-008	5.2481e-008	5.9701e-008	6.4352e-008	6.9455e-008	7.6459e-008	8.2445e-008	8.5153e-008	8.7206e-008	8.9221e-008	9.2615e-008	9.3036e-008	9.348e-008	9.4053e-008	9.3688e-008	9.3211e-008	9.2544e-008	9.0923e-008	8.9456e-008	8.7741e-008	8.5868e-008	8.3843e-008	8.2539e-008	8.0647e-008	7.9755e-008	7.8183e-008	7.6061e-008	7.3488e-008	7.1552e-008	6.9272e-008	6.8493e-008	6.6299e-008	6.5009e-008	6.3613e-008	6.2222e-008	6.0023e-008	5.6339e-008	5.3128e-008	5.1567e-008	5.0306e-008	4.8755e-008	4.6949e-008	4.4771e-008	4.2742e-008	3.977e-008	3.7417e-008	3.5438e-008	3.3592e-008	3.1378e-008	2.8951e-008	2.679e-008	2.5484e-008	2.3059e-008	2.1082e-008	1.7489e-008	1.5692e-008	1.3354e-008	1.0547e-008	8.7446e-009	6.294e-009	5.178e-009	3.9294e-009	3.5328e-009	3.4514e-009	3.5477e-009	3.299e-009	2.81e-009	2.4971e-009	2.0071e-009	2.3592e-009	3.2729e-009	3.6442e-009	4.2945e-009	5.2736e-009	6.4919e-009	8.1389e-009	1.0537e-008	1.346e-008	1.6701e-008	1.8829e-008	2.1228e-008	2.6741e-008	3.2311e-008	3.9675e-008	4.4225e-008	4.9155e-008	5.2672e-008	5.8245e-008	6.272e-008	6.828e-008	7.2483e-008	7.5305e-008	8.0054e-008	8.2062e-008	8.4437e-008	8.7556e-008	8.9619e-008	9.0654e-008	9.0524e-008	9.0232e-008	9.0365e-008	8.9421e-008	8.9343e-008	8.7898e-008	8.611e-008	8.5367e-008	8.4455e-008	8.0574e-008	7.7578e-008	7.6178e-008	7.3769e-008	7.1734e-008	7.0105e-008	6.7241e-008	6.4847e-008	6.249e-008	6.1088e-008	6.1458e-008	6.0357e-008	5.8639e-008	5.6858e-008	5.4521e-008	5.261e-008	5.0172e-008	4.804e-008	4.608e-008	4.349e-008	4.1632e-008	4.011e-008	3.8068e-008	3.5613e-008	3.298e-008	3.0269e-008	2.8625e-008	2.67e-008	2.3699e-008	2.1931e-008	2.0155e-008	1.853e-008	1.5627e-008	1.3951e-008	1.1551e-008	1.0276e-008	9.0733e-009	6.6417e-009	4.4545e-009	3.2283e-009	2.0887e-009	1.9643e-009	1.8689e-009	2.3444e-009	2.1076e-009	1.7753e-009	1.4251e-009	1.1376e-009	1.6134e-009	2.4122e-009	2.3309e-009	2.6456e-009	2.962e-009	3.0071e-009	3.0305e-009	4.1743e-009	5.8073e-009	8.5232e-009	1.2261e-008	1.5687e-008	2.065e-008	2.6536e-008	3.2518e-008	4.0483e-008	4.5148e-008	5.1117e-008	5.6944e-008	6.2516e-008	6.9288e-008	7.557e-008	7.9436e-008	8.2714e-008	8.5293e-008	8.6832e-008	8.9166e-008	8.915e-008	8.8816e-008	8.9228e-008	8.9834e-008	9.0676e-008	9.0521e-008	8.8413e-008	8.6007e-008	8.2592e-008	8.0698e-008	7.9435e-008	7.8676e-008	7.7207e-008	7.5029e-008	7.2855e-008	7.0696e-008	6.9138e-008	6.7695e-008	6.5926e-008	6.3993e-008	6.1069e-008	5.9726e-008	5.8178e-008	5.522e-008	5.2967e-008	5.0676e-008	4.878e-008	4.6534e-008	4.4723e-008	4.2009e-008	3.975e-008	3.7144e-008	3.5341e-008	3.3745e-008	3.1898e-008	3.069e-008	2.805e-008	2.719e-008	2.5952e-008	2.4231e-008	2.3041e-008	2.1396e-008	1.9443e-008	1.7987e-008	1.6989e-008	1.5602e-008	1.3992e-008	1.2277e-008	1.1317e-008	9.9244e-009	8.7109e-009	8.2388e-009	5.8292e-009	4.6855e-009	4.2966e-009	3.9216e-009	3.3511e-009	3.1216e-009	2.8249e-009	3.0674e-009	3.3782e-009	3.8348e-009	4.4926e-009	6.6012e-009	8.7252e-009	1.0997e-008	1.3779e-008	1.7805e-008	2.0909e-008	2.5498e-008	2.9945e-008	3.5697e-008	4.0528e-008	4.8286e-008	5.3639e-008	5.9474e-008	6.6437e-008	7.1633e-008	7.5043e-008	7.8015e-008	7.974e-008	8.1502e-008	8.3503e-008	8.4513e-008	8.4961e-008	8.5356e-008	8.608e-008	8.5623e-008	8.5059e-008	8.4864e-008	8.5342e-008	8.5568e-008	8.4114e-008	8.3096e-008	8.0976e-008	8.0465e-008	7.8821e-008	7.6521e-008	7.3518e-008	7.1687e-008	7.0399e-008	6.8996e-008	6.7565e-008	6.6493e-008	6.3454e-008	6.1619e-008	5.9826e-008	5.7379e-008	5.606e-008	5.368e-008	5.0863e-008	4.839e-008	4.6127e-008	4.3776e-008	4.1667e-008	3.9044e-008	3.6317e-008	3.3964e-008	3.1815e-008	3.0777e-008	2.7978e-008	2.5278e-008	2.3378e-008	2.0987e-008	1.8831e-008	1.7342e-008	1.5289e-008	1.3232e-008	1.1586e-008	9.4434e-009	7.33e-009	5.966e-009	4.6769e-009	3.4577e-009	3.1909e-009	2.7251e-009	2.641e-009	2.6382e-009	2.5734e-009	1.9884e-009	2.0771e-009	1.9579e-009	2.1727e-009	2.6464e-009	2.3982e-009	3.1858e-009	3.4988e-009	4.2644e-009	5.33e-009	7.4549e-009	9.8338e-009	1.3114e-008	1.6524e-008	2.0122e-008	2.5271e-008	3.0732e-008	3.5708e-008	4.1474e-008	4.8641e-008	5.5038e-008	6.2934e-008	6.7431e-008	7.1432e-008	7.4156e-008	7.7891e-008	8.1501e-008	8.3216e-008	8.4743e-008	8.6263e-008	8.7909e-008	8.884e-008	8.8828e-008	8.8094e-008	8.8186e-008	8.936e-008	9.0345e-008	8.9033e-008	8.7117e-008	8.5783e-008	8.4216e-008	8.2315e-008	7.9815e-008	7.7279e-008	7.5187e-008	7.3189e-008	7.1913e-008	7.0639e-008	6.919e-008	6.7817e-008	6.56e-008	6.3406e-008	6.1856e-008	5.9885e-008	5.8253e-008	5.6507e-008	5.5155e-008	5.1832e-008	4.9895e-008	4.813e-008	4.5035e-008	4.2428e-008	3.923e-008	3.6316e-008	3.335e-008	3.0662e-008	2.8445e-008	2.566e-008	2.3892e-008	2.1058e-008	1.912e-008	1.6084e-008	1.4045e-008	1.1769e-008	9.5329e-009	7.9228e-009	6.5252e-009	4.9139e-009	4.283e-009	3.3116e-009	2.9441e-009	3.0776e-009	3.4736e-009	2.6451e-009	2.6366e-009	3.1571e-009
1.4216e-009	1.4462e-009	1.0217e-009	1.0112e-009	1.0233e-009	1.1198e-009	1.385e-009	1.808e-009	1.938e-009	1.738e-009	1.9192e-009	2.2992e-009	2.6577e-009	3.0512e-009	4.2956e-009	6.1899e-009	1.0863e-008	1.642e-008	2.286e-008	3.0173e-008	3.907e-008	4.597e-008	5.4761e-008	6.1542e-008	6.6416e-008	7.2042e-008	7.6726e-008	8.1304e-008	8.5233e-008	8.7366e-008	8.8947e-008	9.0951e-008	9.2341e-008	9.3535e-008	9.4821e-008	9.6286e-008	9.7039e-008	9.6453e-008	9.4802e-008	9.2806e-008	9.0035e-008	8.8535e-008	8.7885e-008	8.6271e-008	8.3992e-008	8.044e-008	7.9126e-008	7.7582e-008	7.3579e-008	7.1857e-008	7.0509e-008	6.8924e-008	6.6101e-008	6.365e-008	6.1255e-008	5.916e-008	5.6803e-008	5.5435e-008	5.3937e-008	5.0672e-008	4.6779e-008	4.3706e-008	4.2665e-008	4.0607e-008	3.6796e-008	3.3382e-008	3.1256e-008	2.9142e-008	2.6272e-008	2.316e-008	2.0667e-008	1.8095e-008	1.5455e-008	1.1719e-008	8.9223e-009	6.4972e-009	5.2079e-009	3.5835e-009	3.0035e-009	2.4397e-009	2.2422e-009	2.0614e-009	2.3994e-009	2.0515e-009	1.8291e-009	1.5009e-009	1.3254e-009	1.7032e-009	2.427e-009	2.3103e-009	2.2673e-009	2.5539e-009	3.2661e-009	3.5419e-009	3.3935e-009	4.0394e-009	5.7912e-009	8.0598e-009	1.1291e-008	1.4558e-008	1.8429e-008	2.3e-008	2.7731e-008	3.3929e-008	4.1817e-008	4.741e-008	5.4053e-008	6.034e-008	6.4877e-008	7.1024e-008	7.6712e-008	8.1582e-008	8.4475e-008	8.7196e-008	8.9773e-008	9.2862e-008	9.322e-008	9.3518e-008	9.3792e-008	9.3749e-008	9.4433e-008	9.4379e-008	9.2271e-008	9.0248e-008	8.8472e-008	8.748e-008	8.4439e-008	8.3225e-008	8.121e-008	7.9826e-008	7.8483e-008	7.6257e-008	7.3914e-008	7.1624e-008	7.0048e-008	6.8536e-008	6.6666e-008	6.5115e-008	6.3059e-008	6.1467e-008	5.9259e-008	5.5266e-008	5.311e-008	5.1368e-008	4.9918e-008	4.8163e-008	4.6479e-008	4.4547e-008	4.1791e-008	3.9311e-008	3.6914e-008	3.5577e-008	3.3569e-008	3.1671e-008	2.8796e-008	2.7275e-008	2.5218e-008	2.2605e-008	1.907e-008	1.6115e-008	1.4003e-008	1.2321e-008	1.0673e-008	8.5868e-009	6.3117e-009	5.0997e-009	4.0974e-009	3.6749e-009	3.4321e-009	3.3542e-009	3.1913e-009	3.119e-009	2.5796e-009	2.4783e-009	3.1031e-009	3.6448e-009	3.6493e-009	3.6703e-009	4.9335e-009	6.3454e-009	7.9517e-009	1.0328e-008	1.3813e-008	1.7013e-008	1.8485e-008	2.1338e-008	2.6086e-008	3.3035e-008	3.8012e-008	4.4656e-008	4.9138e-008	5.4207e-008	5.7527e-008	6.2766e-008	6.7522e-008	7.1002e-008	7.4085e-008	7.8755e-008	8.1578e-008	8.4282e-008	8.6952e-008	8.9878e-008	9.0666e-008	9.063e-008	9.0287e-008	9.0107e-008	8.9027e-008	8.8704e-008	8.7098e-008	8.6079e-008	8.5877e-008	8.5122e-008	8.0778e-008	7.9229e-008	7.7154e-008	7.5244e-008	7.2151e-008	7.0005e-008	6.7605e-008	6.5037e-008	6.2515e-008	6.1572e-008	6.2266e-008	6.147e-008	5.909e-008	5.7062e-008	5.4105e-008	5.1828e-008	5.0056e-008	4.8539e-008	4.5816e-008	4.3091e-008	4.1822e-008	3.9621e-008	3.7781e-008	3.5316e-008	3.2344e-008	3.0332e-008	2.8528e-008	2.6662e-008	2.4439e-008	2.2221e-008	2.0027e-008	1.8129e-008	1.541e-008	1.3021e-008	1.1592e-008	1.022e-008	8.4699e-009	6.2171e-009	4.5581e-009	3.5144e-009	2.209e-009	1.9979e-009	1.9913e-009	2.6218e-009	2.849e-009	2.2274e-009	1.876e-009	1.5846e-009	2.0182e-009	2.9394e-009	2.8868e-009	2.7489e-009	2.9604e-009	2.9612e-009	3.2277e-009	4.3053e-009	6.3867e-009	8.2966e-009	1.1605e-008	1.4964e-008	2.1168e-008	2.5509e-008	3.3122e-008	3.9404e-008	4.6183e-008	5.182e-008	5.6544e-008	6.4689e-008	7.1346e-008	7.5857e-008	7.9589e-008	8.2505e-008	8.5193e-008	8.6911e-008	8.9228e-008	8.9335e-008	8.946e-008	8.9684e-008	8.9819e-008	9.0115e-008	8.9485e-008	8.7322e-008	8.582e-008	8.329e-008	8.1238e-008	7.8949e-008	7.8043e-008	7.6598e-008	7.4687e-008	7.2311e-008	7.0555e-008	6.9826e-008	6.8483e-008	6.7031e-008	6.5197e-008	6.2496e-008	6.0388e-008	5.8536e-008	5.5719e-008	5.2027e-008	5.074e-008	4.9058e-008	4.7034e-008	4.398e-008	4.1592e-008	3.9801e-008	3.7834e-008	3.4957e-008	3.3291e-008	3.1948e-008	3.0654e-008	2.8639e-008	2.6987e-008	2.5539e-008	2.3729e-008	2.3112e-008	2.1295e-008	1.9379e-008	1.7913e-008	1.7116e-008	1.6498e-008	1.5357e-008	1.3546e-008	1.198e-008	1.0644e-008	9.7341e-009	8.9371e-009	7.6145e-009	6.621e-009	5.4225e-009	4.7366e-009	4.2707e-009	3.6521e-009	3.4304e-009	3.5617e-009	3.6589e-009	4.346e-009	5.1409e-009	7.6677e-009	9.4317e-009	1.2319e-008	1.3851e-008	1.8483e-008	2.2336e-008	2.6029e-008	2.9887e-008	3.5221e-008	4.0353e-008	4.7578e-008	5.2721e-008	6.1499e-008	6.5751e-008	7.1102e-008	7.4677e-008	7.7621e-008	7.9489e-008	8.111e-008	8.2677e-008	8.3823e-008	8.4572e-008	8.5105e-008	8.5233e-008	8.5572e-008	8.5653e-008	8.5228e-008	8.5135e-008	8.5e-008	8.3973e-008	8.3078e-008	8.0626e-008	8.0142e-008	7.8822e-008	7.6303e-008	7.3602e-008	7.173e-008	6.9777e-008	6.8302e-008	6.7145e-008	6.5256e-008	6.3306e-008	6.1473e-008	5.9324e-008	5.6654e-008	5.4793e-008	5.2842e-008	4.9849e-008	4.8101e-008	4.6911e-008	4.3993e-008	4.1075e-008	3.8186e-008	3.5956e-008	3.3628e-008	3.1037e-008	2.9352e-008	2.7072e-008	2.4694e-008	2.2822e-008	2.0239e-008	1.7974e-008	1.6702e-008	1.4519e-008	1.3039e-008	1.121e-008	8.4356e-009	7.0151e-009	5.5304e-009	4.3145e-009	3.1786e-009	2.6656e-009	2.4146e-009	2.4397e-009	2.6655e-009	2.3874e-009	1.761e-009	2.0286e-009	1.912e-009	2.1084e-009	2.6748e-009	2.4555e-009	2.9138e-009	3.1483e-009	3.92e-009	5.498e-009	7.2184e-009	9.5131e-009	1.2393e-008	1.606e-008	2.1193e-008	2.6916e-008	3.1216e-008	3.5014e-008	4.1242e-008	4.823e-008	5.6278e-008	6.2249e-008	6.579e-008	7.0706e-008	7.436e-008	7.8407e-008	8.1981e-008	8.3491e-008	8.4817e-008	8.5831e-008	8.817e-008	8.9255e-008	8.9271e-008	8.8194e-008	8.8341e-008	8.9349e-008	8.8936e-008	8.7844e-008	8.7011e-008	8.4931e-008	8.328e-008	8.1518e-008	7.9661e-008	7.7557e-008	7.5445e-008	7.344e-008	7.2017e-008	7.0932e-008	6.972e-008	6.8069e-008	6.6182e-008	6.4454e-008	6.2021e-008	5.9962e-008	5.8151e-008	5.6378e-008	5.49e-008	5.1329e-008	4.9913e-008	4.7496e-008	4.5163e-008	4.2236e-008	3.9338e-008	3.5882e-008	3.4019e-008	3.0917e-008	2.8835e-008	2.6816e-008	2.4844e-008	2.0769e-008	1.8159e-008	1.6103e-008	1.3824e-008	1.177e-008	9.5926e-009	7.7829e-009	6.1838e-009	4.8223e-009	3.8493e-009	3.2661e-009	2.481e-009	2.6396e-009	3.4121e-009	2.8249e-009	2.4264e-009	2.6193e-009
9.6176e-010	1.0664e-009	7.7594e-010	1.4368e-009	1.1128e-009	1.4634e-009	1.4807e-009	1.9019e-009	1.5476e-009	1.4653e-009	1.7729e-009	1.8649e-009	2.0059e-009	2.5321e-009	4.0912e-009	6.203e-009	9.5846e-009	1.5866e-008	2.2171e-008	3.0456e-008	3.8387e-008	4.6193e-008	5.3477e-008	6.171e-008	6.6207e-008	7.1577e-008	7.6591e-008	8.1704e-008	8.516e-008	8.7195e-008	8.8391e-008	9.0901e-008	9.1462e-008	9.2678e-008	9.4116e-008	9.5611e-008	9.6493e-008	9.554e-008	9.3433e-008	9.212e-008	9.0162e-008	8.8271e-008	8.7655e-008	8.5719e-008	8.4025e-008	8.0947e-008	8.0051e-008	7.8279e-008	7.5174e-008	7.1514e-008	7.0036e-008	6.8241e-008	6.6725e-008	6.3096e-008	6.1193e-008	5.8021e-008	5.6548e-008	5.4466e-008	5.2907e-008	5.0007e-008	4.6346e-008	4.3664e-008	4.1544e-008	3.9394e-008	3.5555e-008	3.3033e-008	3.0871e-008	2.8145e-008	2.4915e-008	2.1923e-008	1.9609e-008	1.7184e-008	1.4715e-008	1.1059e-008	8.6589e-009	6.7438e-009	4.7529e-009	3.1818e-009	1.9565e-009	1.9316e-009	1.6157e-009	1.3934e-009	1.2059e-009	1.5415e-009	1.1815e-009	1.4046e-009	1.2828e-009	1.5528e-009	2.0504e-009	2.1607e-009	2.2925e-009	2.2279e-009	2.8649e-009	3.1954e-009	3.476e-009	3.7618e-009	5.5318e-009	8.1154e-009	1.0547e-008	1.3908e-008	1.8261e-008	2.2084e-008	2.7831e-008	3.3842e-008	4.0309e-008	4.7587e-008	5.3844e-008	5.9531e-008	6.6759e-008	7.1075e-008	7.6752e-008	8.0791e-008	8.372e-008	8.653e-008	8.8969e-008	9.2259e-008	9.2764e-008	9.3075e-008	9.3093e-008	9.3592e-008	9.4509e-008	9.4348e-008	9.263e-008	9.0867e-008	8.89e-008	8.779e-008	8.5197e-008	8.3166e-008	8.1222e-008	7.9938e-008	7.7854e-008	7.5996e-008	7.3344e-008	7.0602e-008	6.9827e-008	6.8593e-008	6.6903e-008	6.4383e-008	6.1278e-008	5.9819e-008	5.7549e-008	5.5086e-008	5.3293e-008	5.1892e-008	5.0527e-008	4.7581e-008	4.5342e-008	4.3665e-008	4.0732e-008	3.8815e-008	3.6828e-008	3.5078e-008	3.3485e-008	3.1431e-008	2.8525e-008	2.6985e-008	2.4436e-008	2.1102e-008	1.808e-008	1.528e-008	1.4064e-008	1.2177e-008	1.0131e-008	7.7722e-009	5.797e-009	4.7443e-009	3.7425e-009	3.4316e-009	3.4501e-009	3.0946e-009	3.0725e-009	3.3414e-009	2.4654e-009	2.3851e-009	2.723e-009	3.0879e-009	3.1596e-009	3.2677e-009	4.199e-009	6.1838e-009	7.9297e-009	9.9643e-009	1.2937e-008	1.6908e-008	1.8263e-008	2.1158e-008	2.5481e-008	3.2116e-008	3.6179e-008	4.2678e-008	4.7388e-008	5.2852e-008	5.7006e-008	6.2472e-008	6.7063e-008	7.04e-008	7.4143e-008	7.7239e-008	8.0791e-008	8.3631e-008	8.6358e-008	8.9717e-008	9.0571e-008	9.0565e-008	8.9656e-008	8.8995e-008	8.8611e-008	8.7542e-008	8.6356e-008	8.5588e-008	8.5581e-008	8.466e-008	8.294e-008	7.9184e-008	7.847e-008	7.5891e-008	7.4483e-008	7.0436e-008	6.8177e-008	6.5621e-008	6.3041e-008	6.1757e-008	6.1929e-008	6.0983e-008	5.887e-008	5.5978e-008	5.3037e-008	5.1233e-008	4.932e-008	4.735e-008	4.5824e-008	4.3666e-008	4.1753e-008	3.9131e-008	3.712e-008	3.512e-008	3.2672e-008	2.9458e-008	2.7776e-008	2.6293e-008	2.4866e-008	2.2838e-008	1.9724e-008	1.7026e-008	1.4434e-008	1.2768e-008	1.1338e-008	1.0054e-008	7.8078e-009	5.3517e-009	3.6766e-009	3.1751e-009	2.1935e-009	1.6715e-009	2.101e-009	2.5602e-009	2.817e-009	2.1534e-009	1.9825e-009	1.7273e-009	1.8013e-009	2.5745e-009	2.5372e-009	2.4674e-009	2.3843e-009	2.6286e-009	3.3175e-009	4.6454e-009	6.3424e-009	8.3611e-009	1.1132e-008	1.4939e-008	2.0235e-008	2.5629e-008	3.3895e-008	3.9966e-008	4.7286e-008	5.1278e-008	5.7754e-008	6.5701e-008	7.1467e-008	7.4972e-008	7.8229e-008	8.1963e-008	8.4471e-008	8.7836e-008	8.8645e-008	8.9093e-008	8.9675e-008	8.9641e-008	8.9667e-008	8.8901e-008	8.8595e-008	8.6637e-008	8.5998e-008	8.4165e-008	8.1771e-008	7.9087e-008	7.7465e-008	7.6814e-008	7.4996e-008	7.2098e-008	7.0876e-008	7.0048e-008	6.9032e-008	6.6664e-008	6.4796e-008	6.339e-008	6.1467e-008	5.8777e-008	5.6058e-008	5.2649e-008	5.0504e-008	4.8377e-008	4.6615e-008	4.3856e-008	4.1687e-008	3.9995e-008	3.7994e-008	3.6354e-008	3.3351e-008	3.1396e-008	2.9715e-008	2.8471e-008	2.7202e-008	2.5208e-008	2.3812e-008	2.2489e-008	2.0789e-008	1.9038e-008	1.7852e-008	1.6891e-008	1.6414e-008	1.5428e-008	1.3933e-008	1.2218e-008	1.1332e-008	1.0051e-008	9.0718e-009	8.1088e-009	6.8175e-009	5.9829e-009	5.5203e-009	5.3105e-009	4.3888e-009	3.8009e-009	4.252e-009	4.5552e-009	4.9474e-009	6.0528e-009	8.5609e-009	1.0299e-008	1.2964e-008	1.5376e-008	1.8772e-008	2.2418e-008	2.5998e-008	3.072e-008	3.5823e-008	4.0679e-008	4.7519e-008	5.4424e-008	6.0801e-008	6.5509e-008	6.9717e-008	7.2861e-008	7.6406e-008	7.9132e-008	8.0782e-008	8.2859e-008	8.3863e-008	8.4433e-008	8.4987e-008	8.5614e-008	8.6136e-008	8.6078e-008	8.5966e-008	8.5448e-008	8.4203e-008	8.3269e-008	8.2313e-008	7.9803e-008	7.9293e-008	7.8036e-008	7.4983e-008	7.2983e-008	7.1353e-008	6.9113e-008	6.7111e-008	6.5349e-008	6.413e-008	6.2515e-008	6.0834e-008	5.8478e-008	5.597e-008	5.4364e-008	5.2362e-008	4.9115e-008	4.7743e-008	4.6365e-008	4.354e-008	4.0564e-008	3.7709e-008	3.5462e-008	3.3142e-008	3.0242e-008	2.8144e-008	2.6107e-008	2.4043e-008	2.1337e-008	1.9977e-008	1.7519e-008	1.5527e-008	1.3508e-008	1.2257e-008	1.0442e-008	8.2531e-009	6.5639e-009	5.0518e-009	3.7347e-009	2.7599e-009	2.6839e-009	2.3587e-009	1.9479e-009	2.1087e-009	1.9417e-009	1.1153e-009	1.5772e-009	1.5915e-009	2.2666e-009	2.6848e-009	2.6614e-009	2.7822e-009	2.7289e-009	3.6062e-009	4.8773e-009	6.7947e-009	8.796e-009	1.2662e-008	1.6629e-008	2.1471e-008	2.6717e-008	3.1062e-008	3.4988e-008	4.1289e-008	4.8247e-008	5.5272e-008	6.1969e-008	6.5427e-008	6.9982e-008	7.5009e-008	7.8426e-008	8.1763e-008	8.3285e-008	8.5828e-008	8.7218e-008	8.8374e-008	8.9435e-008	8.9555e-008	8.8354e-008	8.9005e-008	8.9634e-008	8.7848e-008	8.6604e-008	8.5376e-008	8.3409e-008	8.2298e-008	8.0463e-008	7.8887e-008	7.759e-008	7.6602e-008	7.4852e-008	7.3414e-008	7.2273e-008	7.0056e-008	6.8683e-008	6.6217e-008	6.4311e-008	6.2882e-008	6.091e-008	5.8027e-008	5.5997e-008	5.424e-008	5.1963e-008	4.9833e-008	4.8669e-008	4.4898e-008	4.2173e-008	3.8896e-008	3.5831e-008	3.4063e-008	3.1048e-008	2.8537e-008	2.6824e-008	2.5387e-008	2.0838e-008	1.862e-008	1.5546e-008	1.2918e-008	1.1218e-008	9.336e-009	7.5186e-009	6.2889e-009	4.581e-009	3.5601e-009	2.9094e-009	2.4101e-009	2.4316e-009	3.0753e-009	3.1427e-009	2.4147e-009	2.697e-009
1.0126e-009	9.8112e-010	8.384e-010	1.2069e-009	9.5187e-010	1.5365e-009	1.5492e-009	1.9491e-009	1.1916e-009	1.2916e-009	1.5231e-009	1.8002e-009	1.9366e-009	2.2849e-009	3.7147e-009	6.137e-009	1.0012e-008	1.5268e-008	2.1985e-008	3.032e-008	3.8554e-008	4.6795e-008	5.4356e-008	6.1798e-008	6.5785e-008	7.1491e-008	7.6358e-008	8.022e-008	8.4771e-008	8.6894e-008	8.9247e-008	9.144e-008	9.0518e-008	9.109e-008	9.3168e-008	9.4285e-008	9.533e-008	9.5008e-008	9.3184e-008	9.2252e-008	8.9898e-008	8.8143e-008	8.6244e-008	8.4487e-008	8.284e-008	8.1049e-008	8.051e-008	7.7986e-008	7.5855e-008	7.2346e-008	6.9814e-008	6.8492e-008	6.7661e-008	6.5465e-008	6.1489e-008	5.9044e-008	5.6581e-008	5.3269e-008	5.0932e-008	4.8767e-008	4.6276e-008	4.3274e-008	4.111e-008	3.787e-008	3.5278e-008	3.273e-008	3.0414e-008	2.7562e-008	2.3927e-008	2.1656e-008	1.9213e-008	1.6989e-008	1.3471e-008	1.0794e-008	8.5241e-009	5.9794e-009	4.2569e-009	2.9664e-009	1.8791e-009	1.6081e-009	1.2974e-009	8.5614e-010	9.8246e-010	1.5112e-009	1.2329e-009	1.2978e-009	1.4867e-009	1.4138e-009	1.7888e-009	1.9095e-009	2.0584e-009	2.1027e-009	2.4147e-009	2.3131e-009	2.8684e-009	3.4648e-009	4.8498e-009	7.1942e-009	9.765e-009	1.2334e-008	1.7305e-008	2.1372e-008	2.8311e-008	3.3582e-008	3.9543e-008	4.633e-008	5.2721e-008	5.9691e-008	6.5745e-008	7.0299e-008	7.6239e-008	7.9457e-008	8.297e-008	8.5955e-008	8.8011e-008	9.1026e-008	9.139e-008	9.2314e-008	9.3185e-008	9.4309e-008	9.4203e-008	9.4173e-008	9.2303e-008	9.0465e-008	8.8922e-008	8.7357e-008	8.4915e-008	8.341e-008	8.1404e-008	8.0072e-008	7.7427e-008	7.53e-008	7.2287e-008	7.0723e-008	6.9831e-008	6.8828e-008	6.6587e-008	6.2922e-008	6.0042e-008	5.8579e-008	5.6177e-008	5.4762e-008	5.3134e-008	5.2099e-008	5.1333e-008	4.7964e-008	4.5371e-008	4.2725e-008	3.9564e-008	3.8273e-008	3.6124e-008	3.4802e-008	3.2773e-008	3.1609e-008	2.8924e-008	2.5962e-008	2.3629e-008	2.07e-008	1.7905e-008	1.506e-008	1.391e-008	1.1212e-008	8.8001e-009	7.2157e-009	5.214e-009	4.4451e-009	3.3608e-009	3.1721e-009	3.3293e-009	3.282e-009	3.0597e-009	3.9592e-009	2.5908e-009	2.1774e-009	2.256e-009	2.7278e-009	3.2768e-009	3.4684e-009	4.0594e-009	5.4855e-009	8.0778e-009	9.6055e-009	1.2554e-008	1.6816e-008	1.8942e-008	2.1971e-008	2.5988e-008	3.1123e-008	3.672e-008	4.0631e-008	4.6209e-008	5.1858e-008	5.787e-008	6.3467e-008	6.8753e-008	7.1024e-008	7.396e-008	7.7122e-008	7.9922e-008	8.2779e-008	8.594e-008	8.9209e-008	9.012e-008	9.0213e-008	8.9596e-008	8.8871e-008	8.8789e-008	8.7504e-008	8.6812e-008	8.5472e-008	8.5061e-008	8.4056e-008	8.2196e-008	7.9654e-008	7.8894e-008	7.6015e-008	7.449e-008	7.0516e-008	6.8014e-008	6.6112e-008	6.3806e-008	6.2451e-008	6.1506e-008	6.0308e-008	5.8159e-008	5.4483e-008	5.2274e-008	5.1204e-008	4.8529e-008	4.6951e-008	4.534e-008	4.3228e-008	4.1654e-008	3.9338e-008	3.7045e-008	3.4749e-008	3.2292e-008	2.9701e-008	2.7813e-008	2.5742e-008	2.4854e-008	2.2611e-008	1.8952e-008	1.6608e-008	1.3985e-008	1.2397e-008	1.0903e-008	8.8953e-009	6.2453e-009	4.503e-009	3.2967e-009	3.0175e-009	2.2135e-009	1.828e-009	2.1292e-009	2.6547e-009	2.7913e-009	2.1835e-009	2.3293e-009	2.1965e-009	1.7678e-009	1.7845e-009	2.0143e-009	2.5079e-009	2.3261e-009	2.5448e-009	3.3213e-009	4.4981e-009	6.454e-009	8.9316e-009	1.1623e-008	1.459e-008	2.0209e-008	2.6201e-008	3.3366e-008	3.9666e-008	4.8141e-008	5.3898e-008	6.0459e-008	6.563e-008	7.1488e-008	7.495e-008	7.8519e-008	8.2302e-008	8.5808e-008	8.9314e-008	8.9614e-008	8.9907e-008	9.01e-008	8.9941e-008	8.9746e-008	8.8392e-008	8.7648e-008	8.6412e-008	8.5835e-008	8.3911e-008	8.1634e-008	7.8745e-008	7.8043e-008	7.6988e-008	7.5653e-008	7.223e-008	7.1211e-008	7.0089e-008	6.883e-008	6.6437e-008	6.4799e-008	6.3459e-008	6.1096e-008	5.8346e-008	5.4885e-008	5.2056e-008	5.0253e-008	4.7802e-008	4.5742e-008	4.38e-008	4.2062e-008	4.0813e-008	3.843e-008	3.6331e-008	3.2971e-008	3.105e-008	2.9157e-008	2.8274e-008	2.6976e-008	2.5332e-008	2.3479e-008	2.2232e-008	2.0809e-008	1.9322e-008	1.8254e-008	1.716e-008	1.65e-008	1.5528e-008	1.3961e-008	1.2359e-008	1.1445e-008	1.0125e-008	9.5155e-009	8.2001e-009	7.1419e-009	6.5932e-009	6.4108e-009	6.147e-009	5.3722e-009	4.9138e-009	5.1512e-009	5.6683e-009	6.3188e-009	7.725e-009	9.5908e-009	1.1604e-008	1.398e-008	1.6277e-008	1.9672e-008	2.2973e-008	2.576e-008	3.1086e-008	3.578e-008	4.0928e-008	4.7279e-008	5.3568e-008	5.8707e-008	6.5033e-008	6.8859e-008	7.1889e-008	7.5649e-008	7.8932e-008	8.0636e-008	8.2898e-008	8.4261e-008	8.4681e-008	8.5834e-008	8.6472e-008	8.6971e-008	8.699e-008	8.6607e-008	8.5151e-008	8.3261e-008	8.1942e-008	8.096e-008	7.9777e-008	7.8708e-008	7.6724e-008	7.4599e-008	7.2744e-008	7.048e-008	6.8836e-008	6.6941e-008	6.4921e-008	6.3316e-008	6.1762e-008	5.9724e-008	5.7954e-008	5.5883e-008	5.457e-008	5.1773e-008	4.9838e-008	4.7661e-008	4.5493e-008	4.3375e-008	4.0367e-008	3.6736e-008	3.4811e-008	3.2553e-008	2.958e-008	2.7627e-008	2.5397e-008	2.3569e-008	2.0923e-008	1.9726e-008	1.7431e-008	1.4954e-008	1.2782e-008	1.1905e-008	8.9145e-009	7.8126e-009	5.728e-009	4.4696e-009	3.2043e-009	2.638e-009	2.7948e-009	2.3001e-009	1.8222e-009	2.0384e-009	1.8555e-009	1.7966e-009	1.9887e-009	2.081e-009	2.6704e-009	2.9035e-009	3.0683e-009	3.2503e-009	3.0728e-009	3.7492e-009	5.2036e-009	7.2491e-009	8.9357e-009	1.2471e-008	1.7114e-008	2.09e-008	2.645e-008	3.0435e-008	3.537e-008	4.1027e-008	4.8827e-008	5.5953e-008	6.1956e-008	6.6591e-008	7.1701e-008	7.5431e-008	7.8197e-008	8.1457e-008	8.3946e-008	8.6588e-008	8.7646e-008	8.8875e-008	8.9818e-008	9.0137e-008	8.9258e-008	8.8884e-008	8.9403e-008	8.758e-008	8.6091e-008	8.4439e-008	8.326e-008	8.261e-008	8.0903e-008	7.9053e-008	7.8628e-008	7.7476e-008	7.6031e-008	7.4044e-008	7.256e-008	7.0551e-008	6.9035e-008	6.6925e-008	6.4896e-008	6.4126e-008	6.129e-008	5.8047e-008	5.636e-008	5.4419e-008	5.2297e-008	5.0579e-008	4.8563e-008	4.515e-008	4.1356e-008	3.9567e-008	3.6631e-008	3.4026e-008	3.0501e-008	2.768e-008	2.6471e-008	2.4987e-008	2.0833e-008	1.8307e-008	1.5891e-008	1.3134e-008	1.1466e-008	9.0949e-009	7.5271e-009	6.0333e-009	4.5694e-009	3.3033e-009	2.7568e-009	2.4633e-009	2.5663e-009	2.8821e-009	3.1308e-009	3.1234e-009	3.1287e-009
1.5726e-009	1.2186e-009	1.1129e-009	1.4869e-009	1.2321e-009	1.3921e-009	1.4077e-009	1.3826e-009	1.3815e-009	1.4286e-009	1.4528e-009	2.0851e-009	2.0833e-009	2.5575e-009	3.7893e-009	6.409e-009	1.027e-008	1.5248e-008	2.2002e-008	3.1109e-008	3.8866e-008	4.6267e-008	5.3995e-008	6.232e-008	6.61e-008	7.1551e-008	7.582e-008	7.9976e-008	8.3621e-008	8.711e-008	8.8678e-008	9.1289e-008	9.0702e-008	9.0918e-008	9.2425e-008	9.3897e-008	9.5203e-008	9.4869e-008	9.3096e-008	9.2413e-008	9.0703e-008	8.7815e-008	8.5781e-008	8.4621e-008	8.3324e-008	8.1765e-008	8.0802e-008	7.8377e-008	7.5888e-008	7.3979e-008	7.2149e-008	6.9484e-008	6.7549e-008	6.5816e-008	6.3301e-008	5.9908e-008	5.6136e-008	5.3093e-008	5.1131e-008	4.918e-008	4.6553e-008	4.3968e-008	4.0677e-008	3.7397e-008	3.508e-008	3.2136e-008	2.9828e-008	2.7142e-008	2.3827e-008	2.1829e-008	1.8286e-008	1.6022e-008	1.3237e-008	1.1231e-008	8.7317e-009	5.5975e-009	4.0738e-009	2.8174e-009	2.0179e-009	1.5632e-009	9.8646e-010	9.8972e-010	9.7328e-010	1.5767e-009	1.2284e-009	1.3259e-009	1.4978e-009	1.2159e-009	1.7561e-009	1.952e-009	2.2031e-009	2.1511e-009	2.2367e-009	2.7769e-009	3.0084e-009	3.6582e-009	4.8253e-009	7.0221e-009	9.8478e-009	1.2461e-008	1.7274e-008	2.3046e-008	2.9133e-008	3.4243e-008	4.0512e-008	4.6088e-008	5.3631e-008	5.972e-008	6.5241e-008	7.0651e-008	7.5563e-008	7.9502e-008	8.2737e-008	8.5563e-008	8.7897e-008	8.9305e-008	9.0861e-008	9.1899e-008	9.3505e-008	9.4232e-008	9.407e-008	9.3308e-008	9.1505e-008	9.017e-008	8.8726e-008	8.7688e-008	8.5011e-008	8.4046e-008	8.2283e-008	8.0117e-008	7.7632e-008	7.5021e-008	7.2546e-008	7.1016e-008	6.9759e-008	6.8668e-008	6.6723e-008	6.3988e-008	5.9996e-008	5.9153e-008	5.6954e-008	5.5008e-008	5.348e-008	5.2103e-008	5.1044e-008	4.7403e-008	4.497e-008	4.2769e-008	3.9491e-008	3.7929e-008	3.549e-008	3.4194e-008	3.1738e-008	3.1227e-008	2.8512e-008	2.5197e-008	2.2622e-008	2.0813e-008	1.7966e-008	1.5216e-008	1.2956e-008	9.8334e-009	8.3837e-009	6.0761e-009	5.2086e-009	4.2469e-009	3.3468e-009	3.0814e-009	2.8778e-009	2.5701e-009	2.5843e-009	3.6013e-009	2.3256e-009	2.391e-009	2.7314e-009	2.4079e-009	2.8088e-009	3.43e-009	3.6938e-009	5.248e-009	7.6553e-009	9.6878e-009	1.2743e-008	1.5831e-008	1.8889e-008	2.2368e-008	2.6775e-008	3.1638e-008	3.7099e-008	4.0792e-008	4.5435e-008	5.0799e-008	5.6448e-008	6.2908e-008	6.9306e-008	7.1741e-008	7.4197e-008	7.7178e-008	7.9875e-008	8.2059e-008	8.5496e-008	8.8182e-008	8.9264e-008	8.9089e-008	8.8645e-008	8.8566e-008	8.8671e-008	8.8346e-008	8.8288e-008	8.5971e-008	8.4587e-008	8.2536e-008	8.1424e-008	7.955e-008	7.8666e-008	7.6293e-008	7.4143e-008	7.0966e-008	6.848e-008	6.6897e-008	6.4046e-008	6.2776e-008	6.0868e-008	5.9686e-008	5.7404e-008	5.5235e-008	5.2492e-008	5.0282e-008	4.8301e-008	4.6739e-008	4.4549e-008	4.3005e-008	4.1498e-008	3.9412e-008	3.6601e-008	3.4406e-008	3.177e-008	2.9218e-008	2.7109e-008	2.5771e-008	2.3995e-008	2.2205e-008	1.887e-008	1.5509e-008	1.3306e-008	1.1851e-008	9.6547e-009	8.0593e-009	5.3427e-009	4.3245e-009	3.3536e-009	2.5916e-009	2.3152e-009	2.0683e-009	2.0665e-009	2.325e-009	2.3558e-009	1.8268e-009	2.1717e-009	2.2799e-009	1.6397e-009	1.7214e-009	1.8741e-009	2.4691e-009	2.6962e-009	2.7532e-009	3.5118e-009	4.4164e-009	6.4991e-009	9.4061e-009	1.2005e-008	1.6621e-008	2.0874e-008	2.7056e-008	3.2698e-008	4.0244e-008	4.7629e-008	5.5155e-008	6.2169e-008	6.6567e-008	7.0852e-008	7.5388e-008	7.9258e-008	8.3667e-008	8.7303e-008	9.0364e-008	9.0953e-008	9.0607e-008	9.028e-008	9.0087e-008	8.9278e-008	8.7748e-008	8.6577e-008	8.5806e-008	8.5812e-008	8.3278e-008	8.1105e-008	7.8877e-008	7.8318e-008	7.6859e-008	7.5678e-008	7.3298e-008	7.1153e-008	6.9825e-008	6.8499e-008	6.7223e-008	6.4405e-008	6.3467e-008	6.136e-008	5.834e-008	5.5095e-008	5.1097e-008	4.9353e-008	4.7851e-008	4.5421e-008	4.3399e-008	4.2028e-008	4.0678e-008	3.828e-008	3.6186e-008	3.2861e-008	3.1056e-008	2.9307e-008	2.8712e-008	2.6971e-008	2.5283e-008	2.4008e-008	2.2457e-008	2.0948e-008	1.9927e-008	1.892e-008	1.7625e-008	1.6806e-008	1.5754e-008	1.3524e-008	1.2534e-008	1.1234e-008	1.073e-008	9.9262e-009	9.0381e-009	7.8598e-009	7.5982e-009	7.3839e-009	7.1476e-009	6.6306e-009	5.9338e-009	6.0055e-009	6.6502e-009	7.0195e-009	8.2341e-009	1.0236e-008	1.2051e-008	1.5104e-008	1.7121e-008	2.034e-008	2.2961e-008	2.6569e-008	3.2908e-008	3.6343e-008	4.162e-008	4.8059e-008	5.3743e-008	5.8683e-008	6.3388e-008	6.7837e-008	7.1436e-008	7.4881e-008	7.7598e-008	8.0488e-008	8.2564e-008	8.3476e-008	8.4482e-008	8.5956e-008	8.6716e-008	8.7007e-008	8.7e-008	8.6188e-008	8.4592e-008	8.2746e-008	8.1438e-008	8.0873e-008	7.9762e-008	7.7771e-008	7.6244e-008	7.3746e-008	7.2271e-008	7.0683e-008	6.9135e-008	6.7207e-008	6.4688e-008	6.2986e-008	6.1432e-008	6.0078e-008	5.8971e-008	5.5874e-008	5.4817e-008	5.1723e-008	4.9711e-008	4.7113e-008	4.429e-008	4.2471e-008	3.9914e-008	3.68e-008	3.4794e-008	3.2175e-008	2.9381e-008	2.7188e-008	2.4709e-008	2.3034e-008	2.0516e-008	1.9394e-008	1.7028e-008	1.4954e-008	1.2513e-008	1.131e-008	8.8435e-009	7.2767e-009	5.1829e-009	4.1218e-009	3.0823e-009	2.1902e-009	2.1407e-009	1.7548e-009	1.5223e-009	1.881e-009	1.8047e-009	2.0577e-009	1.9151e-009	2.0904e-009	2.9848e-009	3.0526e-009	3.1225e-009	3.2535e-009	3.1053e-009	3.9936e-009	5.1508e-009	6.9038e-009	8.7963e-009	1.2559e-008	1.6858e-008	2.1108e-008	2.5203e-008	3.0277e-008	3.5126e-008	4.0968e-008	4.8775e-008	5.6235e-008	6.1808e-008	6.7577e-008	7.2319e-008	7.5847e-008	7.9283e-008	8.2398e-008	8.419e-008	8.6319e-008	8.7602e-008	8.9204e-008	9.0496e-008	9.0699e-008	9.1144e-008	9.0023e-008	8.9013e-008	8.793e-008	8.675e-008	8.4938e-008	8.3572e-008	8.286e-008	8.2093e-008	7.9349e-008	7.8993e-008	7.7869e-008	7.6239e-008	7.4241e-008	7.2629e-008	7.0039e-008	6.8419e-008	6.6966e-008	6.5454e-008	6.4952e-008	6.2905e-008	5.7277e-008	5.6028e-008	5.4189e-008	5.2218e-008	5.0119e-008	4.8532e-008	4.5274e-008	4.2046e-008	3.9191e-008	3.6572e-008	3.3138e-008	3.0117e-008	2.72e-008	2.5541e-008	2.2773e-008	2.0457e-008	1.844e-008	1.5173e-008	1.2993e-008	1.1132e-008	8.4031e-009	7.2874e-009	5.6378e-009	4.2013e-009	3.4923e-009	2.1879e-009	2.1958e-009	2.4356e-009	2.7334e-009	2.9098e-009	3.0876e-009	3.2466e-009
1.3275e-009	7.3569e-010	4.666e-010	8.3036e-010	8.7616e-010	9.2656e-010	6.5438e-010	6.2846e-010	8.694e-010	9.2387e-010	1.6311e-009	1.7214e-009	1.6364e-009	2.6744e-009	3.7206e-009	6.0501e-009	9.7185e-009	1.5065e-008	2.2957e-008	3.3134e-008	4.0308e-008	4.7156e-008	5.4509e-008	5.9705e-008	6.5716e-008	7.0363e-008	7.4845e-008	7.9321e-008	8.2914e-008	8.6412e-008	8.7972e-008	9.0573e-008	8.9979e-008	9.0537e-008	9.1905e-008	9.3151e-008	9.4932e-008	9.4801e-008	9.2825e-008	9.2072e-008	9.0946e-008	8.8367e-008	8.6082e-008	8.4779e-008	8.3631e-008	8.2326e-008	8.1015e-008	7.86e-008	7.6538e-008	7.4368e-008	7.3273e-008	7.1123e-008	6.8147e-008	6.6087e-008	6.3463e-008	6.1425e-008	5.618e-008	5.3034e-008	5.1181e-008	4.9085e-008	4.7057e-008	4.4346e-008	4.0999e-008	3.7294e-008	3.49e-008	3.1875e-008	2.9617e-008	2.5831e-008	2.3699e-008	2.1837e-008	1.8627e-008	1.6209e-008	1.296e-008	1.0551e-008	8.0191e-009	5.7086e-009	4.0221e-009	3.0756e-009	2.497e-009	1.7683e-009	8.4331e-010	7.3213e-010	7.7668e-010	1.5513e-009	1.4446e-009	1.3872e-009	1.308e-009	8.2066e-010	9.0295e-010	1.7552e-009	2.1468e-009	2.2799e-009	2.2878e-009	2.9934e-009	3.2083e-009	4.061e-009	4.9077e-009	7.7137e-009	9.7323e-009	1.2912e-008	1.778e-008	2.3782e-008	2.9979e-008	3.4106e-008	4.0354e-008	4.708e-008	5.3026e-008	6.0197e-008	6.5499e-008	7.0554e-008	7.5263e-008	7.9993e-008	8.3185e-008	8.5148e-008	8.7707e-008	8.9085e-008	9.057e-008	9.1969e-008	9.3205e-008	9.374e-008	9.3676e-008	9.2683e-008	9.1371e-008	9.0525e-008	8.8533e-008	8.7056e-008	8.5011e-008	8.4189e-008	8.2201e-008	7.9585e-008	7.7367e-008	7.4568e-008	7.2625e-008	7.1131e-008	6.9633e-008	6.8281e-008	6.6638e-008	6.45e-008	6.148e-008	5.9651e-008	5.7445e-008	5.6046e-008	5.39e-008	5.1966e-008	5.1114e-008	4.7064e-008	4.4437e-008	4.2637e-008	3.8968e-008	3.6872e-008	3.5028e-008	3.3025e-008	3.1449e-008	3.0044e-008	2.8264e-008	2.4773e-008	2.157e-008	2.0063e-008	1.7419e-008	1.5326e-008	1.1979e-008	9.8059e-009	7.8123e-009	6.1253e-009	4.8409e-009	3.8786e-009	3.182e-009	3.0728e-009	2.8386e-009	2.6731e-009	2.6063e-009	2.8466e-009	2.3996e-009	2.4828e-009	3.1064e-009	2.3405e-009	2.4168e-009	2.6654e-009	3.5886e-009	5.0927e-009	7.0689e-009	9.6025e-009	1.187e-008	1.4856e-008	1.8557e-008	2.1547e-008	2.6502e-008	3.2516e-008	3.7676e-008	4.1212e-008	4.6072e-008	5.0281e-008	5.776e-008	6.2848e-008	6.9144e-008	7.3169e-008	7.5491e-008	7.7231e-008	8.023e-008	8.2312e-008	8.5194e-008	8.747e-008	8.802e-008	8.8058e-008	8.79e-008	8.8375e-008	8.8201e-008	8.8891e-008	8.8458e-008	8.6242e-008	8.3469e-008	8.1281e-008	8.001e-008	7.9034e-008	7.8678e-008	7.6365e-008	7.3298e-008	7.1028e-008	6.9322e-008	6.7311e-008	6.415e-008	6.2913e-008	6.118e-008	5.9711e-008	5.7159e-008	5.5226e-008	5.3357e-008	5.0367e-008	4.8494e-008	4.634e-008	4.4392e-008	4.2859e-008	4.0162e-008	3.8801e-008	3.6195e-008	3.4068e-008	3.1379e-008	2.951e-008	2.7153e-008	2.6001e-008	2.379e-008	2.1127e-008	1.7633e-008	1.5341e-008	1.3507e-008	1.2011e-008	9.9862e-009	6.8694e-009	5.1352e-009	4.1159e-009	3.2577e-009	2.538e-009	2.4827e-009	2.2842e-009	2.194e-009	2.0088e-009	2.1031e-009	1.9262e-009	2.0513e-009	2.2588e-009	2.0005e-009	1.9368e-009	2.0764e-009	2.8902e-009	2.9e-009	3.3514e-009	3.6303e-009	5.3086e-009	6.9189e-009	1.023e-008	1.3224e-008	1.7307e-008	2.1341e-008	2.7044e-008	3.2771e-008	4.0863e-008	4.9947e-008	5.5542e-008	6.3322e-008	6.7796e-008	7.1145e-008	7.6897e-008	8.1969e-008	8.5105e-008	8.8354e-008	9.1831e-008	9.1907e-008	9.0441e-008	9.0022e-008	8.9914e-008	8.9185e-008	8.7341e-008	8.6354e-008	8.5181e-008	8.4141e-008	8.2446e-008	8.108e-008	7.8739e-008	7.8011e-008	7.6839e-008	7.5798e-008	7.3777e-008	7.172e-008	7.0391e-008	6.9501e-008	6.7803e-008	6.4605e-008	6.3248e-008	6.1339e-008	5.7619e-008	5.4288e-008	5.1605e-008	4.9615e-008	4.8214e-008	4.6081e-008	4.402e-008	4.2336e-008	4.0011e-008	3.7289e-008	3.5062e-008	3.2644e-008	3.0949e-008	3.0125e-008	2.8798e-008	2.7497e-008	2.5813e-008	2.4237e-008	2.3107e-008	2.1793e-008	2.1054e-008	2.0024e-008	1.8736e-008	1.7351e-008	1.5505e-008	1.3923e-008	1.3231e-008	1.2415e-008	1.178e-008	1.1023e-008	9.5957e-009	8.6425e-009	8.5709e-009	7.9323e-009	8.1882e-009	7.9217e-009	7.1763e-009	7.2324e-009	7.8048e-009	7.983e-009	9.3321e-009	1.1017e-008	1.368e-008	1.6614e-008	1.8769e-008	2.0611e-008	2.3831e-008	2.8331e-008	3.311e-008	3.7019e-008	4.1181e-008	4.7824e-008	5.3414e-008	5.8286e-008	6.328e-008	6.7043e-008	7.1397e-008	7.3931e-008	7.7195e-008	8.0489e-008	8.2841e-008	8.3266e-008	8.4276e-008	8.5909e-008	8.6701e-008	8.7332e-008	8.7532e-008	8.6716e-008	8.418e-008	8.2818e-008	8.1905e-008	8.1036e-008	8.0003e-008	7.7708e-008	7.6606e-008	7.4183e-008	7.2283e-008	7.1163e-008	6.9425e-008	6.7758e-008	6.5231e-008	6.2873e-008	6.1602e-008	6.024e-008	5.9333e-008	5.6443e-008	5.4252e-008	5.2173e-008	4.9768e-008	4.7361e-008	4.4105e-008	4.2042e-008	3.9905e-008	3.7009e-008	3.3786e-008	3.2088e-008	2.9313e-008	2.688e-008	2.522e-008	2.2614e-008	2.0768e-008	1.8828e-008	1.737e-008	1.5444e-008	1.2444e-008	1.0163e-008	8.4544e-009	7.071e-009	5.3569e-009	4.6343e-009	3.4214e-009	2.9295e-009	2.3428e-009	2.4269e-009	2.0696e-009	1.7842e-009	1.6514e-009	1.9398e-009	2.2069e-009	2.1652e-009	3.011e-009	3.2827e-009	3.2798e-009	3.5787e-009	3.7206e-009	4.5119e-009	5.5548e-009	7.1946e-009	9.3053e-009	1.2701e-008	1.7143e-008	2.1042e-008	2.5547e-008	2.9568e-008	3.5333e-008	4.0639e-008	4.6691e-008	5.6037e-008	6.2848e-008	6.7645e-008	7.2187e-008	7.599e-008	7.9856e-008	8.3342e-008	8.4804e-008	8.5871e-008	8.733e-008	8.9207e-008	9.0747e-008	9.1905e-008	9.1455e-008	9.0908e-008	8.9689e-008	8.8425e-008	8.7152e-008	8.5746e-008	8.4345e-008	8.3053e-008	8.2763e-008	8.0488e-008	7.9493e-008	7.8324e-008	7.6164e-008	7.3848e-008	7.1767e-008	6.9619e-008	6.8394e-008	6.7065e-008	6.605e-008	6.5235e-008	6.337e-008	6.0165e-008	5.5714e-008	5.438e-008	5.244e-008	5.0031e-008	4.7316e-008	4.4808e-008	4.2606e-008	3.8942e-008	3.6118e-008	3.2118e-008	3.0055e-008	2.7458e-008	2.4826e-008	2.2574e-008	2.0492e-008	1.8076e-008	1.5385e-008	1.3253e-008	1.1165e-008	8.5458e-009	7.1106e-009	5.5786e-009	4.1455e-009	3.3478e-009	2.2724e-009	2.4422e-009	2.6604e-009	3.1493e-009	3.1891e-009	3.0461e-009	3.2354e-009
1.0758e-009	7.1853e-010	4.0293e-010	6.5674e-010	6.1851e-010	1.0628e-009	9.4566e-010	7.6626e-010	9.5468e-010	1.1839e-009	1.587e-009	1.4588e-009	1.2628e-009	2.6133e-009	3.802e-009	6.134e-009	1.0434e-008	1.6873e-008	2.4328e-008	3.3832e-008	4.1744e-008	4.8568e-008	5.4299e-008	6.1462e-008	6.5947e-008	7.0821e-008	7.5342e-008	7.9458e-008	8.2548e-008	8.5565e-008	8.8684e-008	8.973e-008	9.0136e-008	9.1239e-008	9.1671e-008	9.2188e-008	9.3496e-008	9.4138e-008	9.3148e-008	9.2562e-008	9.1201e-008	8.8063e-008	8.6319e-008	8.503e-008	8.3798e-008	8.2682e-008	8.0293e-008	7.8518e-008	7.6428e-008	7.4309e-008	7.3267e-008	7.1054e-008	6.8292e-008	6.6463e-008	6.3676e-008	6.1591e-008	5.7805e-008	5.3295e-008	5.0845e-008	4.9111e-008	4.6981e-008	4.4232e-008	4.1702e-008	3.751e-008	3.4667e-008	3.141e-008	2.9199e-008	2.5204e-008	2.2741e-008	2.0794e-008	1.8526e-008	1.6181e-008	1.3692e-008	1.0539e-008	8.3683e-009	6.1511e-009	4.2343e-009	2.9629e-009	2.4433e-009	2.0205e-009	1.3009e-009	8.7516e-010	1.0744e-009	1.9542e-009	1.7015e-009	1.7649e-009	1.6168e-009	1.2708e-009	1.6034e-009	2.3184e-009	2.3207e-009	2.1335e-009	2.3711e-009	3.1527e-009	3.3871e-009	4.5217e-009	5.8342e-009	8.3143e-009	1.0587e-008	1.3473e-008	1.8279e-008	2.3391e-008	2.9998e-008	3.4514e-008	4.0155e-008	4.7945e-008	5.4867e-008	6.0401e-008	6.6423e-008	7.1364e-008	7.6954e-008	8.2283e-008	8.5636e-008	8.6426e-008	8.8185e-008	9.0134e-008	9.1834e-008	9.3049e-008	9.3998e-008	9.422e-008	9.3843e-008	9.2616e-008	9.1718e-008	9.0801e-008	8.8466e-008	8.6412e-008	8.4735e-008	8.4096e-008	8.2059e-008	7.9335e-008	7.6498e-008	7.5072e-008	7.3238e-008	7.1977e-008	7.0231e-008	6.8248e-008	6.6189e-008	6.3168e-008	6.1314e-008	6.0065e-008	5.7984e-008	5.6381e-008	5.4343e-008	5.2225e-008	5.0134e-008	4.7813e-008	4.4453e-008	4.1441e-008	3.8732e-008	3.658e-008	3.4939e-008	3.3055e-008	3.0551e-008	2.8812e-008	2.5993e-008	2.3758e-008	2.1346e-008	1.8788e-008	1.6966e-008	1.4358e-008	1.1812e-008	9.4052e-009	7.3153e-009	5.7186e-009	4.6324e-009	3.7145e-009	3.0009e-009	2.8728e-009	2.5999e-009	2.3836e-009	2.2229e-009	2.1215e-009	2.3885e-009	2.2794e-009	2.5613e-009	2.4246e-009	2.7657e-009	2.9641e-009	3.5902e-009	4.7077e-009	7.6308e-009	1.039e-008	1.2337e-008	1.4848e-008	1.8468e-008	2.1438e-008	2.6915e-008	3.0703e-008	3.8232e-008	4.1662e-008	4.6634e-008	5.1327e-008	5.7967e-008	6.3154e-008	6.9129e-008	7.318e-008	7.5985e-008	7.7509e-008	8.0488e-008	8.2751e-008	8.4382e-008	8.7567e-008	8.8901e-008	8.8349e-008	8.7858e-008	8.7814e-008	8.7815e-008	8.8493e-008	8.772e-008	8.5495e-008	8.2584e-008	8.024e-008	7.9322e-008	7.8144e-008	7.7955e-008	7.5549e-008	7.2667e-008	7.1916e-008	7.0057e-008	6.7736e-008	6.4889e-008	6.2841e-008	6.1622e-008	5.9833e-008	5.7578e-008	5.5617e-008	5.3933e-008	5.1025e-008	4.8056e-008	4.502e-008	4.4073e-008	4.2526e-008	4.0295e-008	3.8726e-008	3.602e-008	3.4435e-008	3.1744e-008	2.9083e-008	2.7102e-008	2.5568e-008	2.3611e-008	2.0561e-008	1.7956e-008	1.5359e-008	1.2706e-008	1.0941e-008	8.2773e-009	6.0226e-009	4.7604e-009	3.4425e-009	2.862e-009	2.117e-009	1.9063e-009	1.4763e-009	1.6586e-009	1.8279e-009	2.0817e-009	2.0912e-009	1.816e-009	2.1703e-009	2.2171e-009	1.6791e-009	1.8939e-009	2.5339e-009	2.9543e-009	3.394e-009	3.9886e-009	4.886e-009	6.6059e-009	9.7347e-009	1.2245e-008	1.666e-008	2.0358e-008	2.8424e-008	3.4312e-008	3.9817e-008	4.8613e-008	5.6883e-008	6.2914e-008	6.8133e-008	7.1694e-008	7.6288e-008	8.2357e-008	8.4923e-008	8.8708e-008	9.1439e-008	9.1428e-008	8.9975e-008	8.9703e-008	8.942e-008	8.8798e-008	8.7638e-008	8.5996e-008	8.4615e-008	8.2741e-008	8.1376e-008	8.0458e-008	7.8784e-008	7.7041e-008	7.574e-008	7.4996e-008	7.3561e-008	7.1531e-008	7.0754e-008	6.9283e-008	6.7441e-008	6.4035e-008	6.2455e-008	6.0794e-008	5.6618e-008	5.4051e-008	5.1867e-008	5.0136e-008	4.8808e-008	4.6905e-008	4.4266e-008	4.2141e-008	3.9157e-008	3.6972e-008	3.5148e-008	3.3199e-008	3.1584e-008	3.0149e-008	2.8835e-008	2.7009e-008	2.5654e-008	2.4487e-008	2.3719e-008	2.2066e-008	2.0859e-008	1.9841e-008	1.8713e-008	1.7499e-008	1.5611e-008	1.4112e-008	1.3429e-008	1.3066e-008	1.2156e-008	1.202e-008	1.0394e-008	1.006e-008	8.9718e-009	8.7734e-009	8.3536e-009	8.2946e-009	7.6721e-009	8.4942e-009	9.8754e-009	1.1402e-008	1.0989e-008	1.1859e-008	1.4414e-008	1.6487e-008	1.9107e-008	2.1122e-008	2.4667e-008	2.8535e-008	3.3726e-008	3.7993e-008	4.2265e-008	4.7142e-008	5.3095e-008	5.6855e-008	6.3491e-008	6.755e-008	7.0602e-008	7.3316e-008	7.6437e-008	7.9031e-008	8.2078e-008	8.2868e-008	8.4603e-008	8.6075e-008	8.6898e-008	8.7736e-008	8.7451e-008	8.634e-008	8.3916e-008	8.259e-008	8.234e-008	8.0403e-008	7.913e-008	7.6722e-008	7.5137e-008	7.3505e-008	7.1956e-008	7.0168e-008	6.9304e-008	6.7968e-008	6.5047e-008	6.2945e-008	6.1275e-008	5.9561e-008	5.8216e-008	5.5463e-008	5.3306e-008	5.1624e-008	4.9035e-008	4.6848e-008	4.3577e-008	4.1496e-008	3.9383e-008	3.6612e-008	3.3869e-008	3.0912e-008	2.8695e-008	2.6973e-008	2.4516e-008	2.2016e-008	2.0511e-008	1.8385e-008	1.6109e-008	1.4822e-008	1.2132e-008	9.928e-009	7.9223e-009	6.4681e-009	5.1146e-009	4.2463e-009	3.3728e-009	2.6985e-009	2.1934e-009	2.1574e-009	1.9301e-009	1.6849e-009	1.5735e-009	1.684e-009	1.7829e-009	2.0969e-009	2.3656e-009	2.4966e-009	2.7963e-009	2.8586e-009	3.2112e-009	4.044e-009	5.5871e-009	8.2891e-009	9.8625e-009	1.3145e-008	1.5711e-008	2.0125e-008	2.5072e-008	2.9741e-008	3.431e-008	3.9966e-008	4.6256e-008	5.4441e-008	6.1169e-008	6.8371e-008	7.1691e-008	7.5348e-008	7.9526e-008	8.2659e-008	8.4354e-008	8.531e-008	8.6727e-008	8.8768e-008	9.0521e-008	9.154e-008	9.1129e-008	9.0165e-008	8.9129e-008	8.8165e-008	8.7063e-008	8.5962e-008	8.4293e-008	8.3176e-008	8.2535e-008	8.0922e-008	7.8715e-008	7.716e-008	7.5434e-008	7.3844e-008	7.0444e-008	6.9745e-008	6.8394e-008	6.6685e-008	6.6071e-008	6.4249e-008	6.2164e-008	5.9491e-008	5.5699e-008	5.3876e-008	5.2057e-008	4.9792e-008	4.7045e-008	4.4301e-008	4.2264e-008	3.8183e-008	3.5936e-008	3.195e-008	2.941e-008	2.7595e-008	2.4656e-008	2.2237e-008	1.9526e-008	1.6908e-008	1.4903e-008	1.3029e-008	1.0174e-008	8.4266e-009	6.7478e-009	5.0777e-009	3.6432e-009	3.1826e-009	2.1928e-009	2.0185e-009	2.0957e-009	3.1028e-009	3.0041e-009	2.7839e-009	2.8756e-009
6.4422e-010	6.8465e-011	1.0895e-010	4.2247e-011	3.3323e-010	4.0956e-010	6.4168e-010	8.8382e-010	1.2187e-009	1.1535e-009	9.0558e-010	6.7454e-010	1.0539e-009	1.9568e-009	3.0067e-009	5.0304e-009	8.814e-009	1.6973e-008	2.5981e-008	3.5285e-008	4.2265e-008	4.9211e-008	5.4727e-008	6.0738e-008	6.55e-008	7.1532e-008	7.5029e-008	7.9321e-008	8.1919e-008	8.5936e-008	8.8994e-008	8.9973e-008	8.9924e-008	9.0604e-008	9.1475e-008	9.1433e-008	9.1713e-008	9.1688e-008	9.1765e-008	9.1845e-008	9.0364e-008	8.814e-008	8.5512e-008	8.4606e-008	8.3107e-008	8.1926e-008	7.9944e-008	7.7932e-008	7.5628e-008	7.3492e-008	7.2647e-008	7.0446e-008	6.7925e-008	6.6114e-008	6.3669e-008	6.1193e-008	5.8559e-008	5.331e-008	5.0827e-008	4.8784e-008	4.6396e-008	4.3785e-008	4.124e-008	3.7326e-008	3.4911e-008	3.0439e-008	2.7972e-008	2.5177e-008	2.2578e-008	2.096e-008	1.911e-008	1.5974e-008	1.3353e-008	1.0751e-008	8.2779e-009	5.9334e-009	4.088e-009	3.015e-009	2.6084e-009	2.0439e-009	1.1634e-009	7.0383e-010	4.7506e-010	1.1929e-009	1.0398e-009	1.198e-009	1.3094e-009	1.0473e-009	1.2301e-009	1.743e-009	2.1823e-009	1.7112e-009	2.0205e-009	2.6731e-009	2.9375e-009	3.9791e-009	5.0816e-009	7.2552e-009	1.041e-008	1.3221e-008	1.7229e-008	2.3243e-008	2.8426e-008	3.4045e-008	3.9632e-008	4.6823e-008	5.5409e-008	6.18e-008	6.729e-008	7.2324e-008	7.7329e-008	8.2179e-008	8.5397e-008	8.6961e-008	8.8223e-008	9.0431e-008	9.2114e-008	9.3424e-008	9.5231e-008	9.4294e-008	9.3337e-008	9.2651e-008	9.1505e-008	9.0435e-008	8.8319e-008	8.6037e-008	8.4395e-008	8.3096e-008	8.0033e-008	7.766e-008	7.6296e-008	7.4975e-008	7.3008e-008	7.1729e-008	7.0168e-008	6.8454e-008	6.6601e-008	6.4051e-008	6.1845e-008	6.0148e-008	5.7483e-008	5.5629e-008	5.3889e-008	5.1378e-008	4.9633e-008	4.7745e-008	4.3519e-008	4.1092e-008	3.8041e-008	3.6232e-008	3.4501e-008	3.2989e-008	2.9404e-008	2.738e-008	2.5269e-008	2.2261e-008	1.9917e-008	1.7844e-008	1.5479e-008	1.3752e-008	1.1537e-008	8.4968e-009	6.8443e-009	5.1689e-009	3.8195e-009	3.0423e-009	2.5987e-009	2.284e-009	1.8475e-009	2.0195e-009	1.6938e-009	1.4894e-009	2.0269e-009	1.7688e-009	1.7844e-009	1.9313e-009	2.6058e-009	3.0759e-009	3.5297e-009	4.5348e-009	7.2545e-009	1.0148e-008	1.2572e-008	1.525e-008	1.7815e-008	2.1159e-008	2.587e-008	3.0816e-008	3.6545e-008	4.1932e-008	4.6898e-008	5.2437e-008	5.7139e-008	6.1703e-008	6.6864e-008	7.174e-008	7.5024e-008	7.6683e-008	7.9658e-008	8.2294e-008	8.4549e-008	8.7723e-008	8.8696e-008	8.836e-008	8.8015e-008	8.7018e-008	8.688e-008	8.7008e-008	8.6112e-008	8.3672e-008	8.1914e-008	7.9823e-008	7.8187e-008	7.6306e-008	7.5743e-008	7.4207e-008	7.2598e-008	7.1691e-008	6.9625e-008	6.7928e-008	6.4998e-008	6.2956e-008	6.1785e-008	5.9966e-008	5.8113e-008	5.5008e-008	5.4249e-008	5.1016e-008	4.7366e-008	4.5441e-008	4.4135e-008	4.2384e-008	3.995e-008	3.8453e-008	3.5678e-008	3.3921e-008	3.1674e-008	2.8671e-008	2.7159e-008	2.5023e-008	2.3058e-008	2.0452e-008	1.7606e-008	1.5169e-008	1.2557e-008	1.0364e-008	8.1952e-009	5.8566e-009	4.5689e-009	2.6731e-009	2.2639e-009	1.6282e-009	1.2912e-009	1.3496e-009	1.6534e-009	1.871e-009	1.6008e-009	1.7861e-009	1.3491e-009	1.5819e-009	1.8086e-009	1.5626e-009	1.5149e-009	2.147e-009	2.5249e-009	3.1478e-009	4.1492e-009	5.4452e-009	6.6225e-009	9.854e-009	1.2576e-008	1.6119e-008	2.2146e-008	2.8758e-008	3.4467e-008	4.0003e-008	4.7407e-008	5.6968e-008	6.1648e-008	6.8105e-008	7.1422e-008	7.5547e-008	8.1646e-008	8.3941e-008	8.8469e-008	9.0434e-008	9.0654e-008	8.96e-008	8.9535e-008	8.8726e-008	8.8014e-008	8.7645e-008	8.6168e-008	8.428e-008	8.2906e-008	8.1484e-008	8.0448e-008	7.9089e-008	7.6998e-008	7.5251e-008	7.415e-008	7.3181e-008	7.165e-008	7.0151e-008	6.8689e-008	6.6168e-008	6.3461e-008	6.1292e-008	5.9577e-008	5.642e-008	5.3908e-008	5.2053e-008	5.0356e-008	4.8611e-008	4.6985e-008	4.4125e-008	4.0802e-008	3.866e-008	3.6758e-008	3.4906e-008	3.3098e-008	3.1675e-008	2.976e-008	2.8789e-008	2.6567e-008	2.4958e-008	2.3999e-008	2.3246e-008	2.1632e-008	1.9915e-008	1.8615e-008	1.7631e-008	1.6968e-008	1.561e-008	1.426e-008	1.3263e-008	1.2748e-008	1.2201e-008	1.2095e-008	1.105e-008	1.0417e-008	9.6274e-009	9.4462e-009	8.7676e-009	8.4988e-009	8.4496e-009	9.0413e-009	1.074e-008	1.1786e-008	1.1708e-008	1.2633e-008	1.4324e-008	1.6772e-008	1.8643e-008	2.0941e-008	2.5139e-008	2.9567e-008	3.3622e-008	3.8205e-008	4.3259e-008	4.7187e-008	5.1459e-008	5.7313e-008	6.2595e-008	6.7478e-008	7.0159e-008	7.2553e-008	7.5792e-008	7.8327e-008	8.1071e-008	8.2238e-008	8.4821e-008	8.6236e-008	8.6708e-008	8.7072e-008	8.6625e-008	8.563e-008	8.351e-008	8.271e-008	8.2079e-008	7.9831e-008	7.7415e-008	7.6069e-008	7.5209e-008	7.3256e-008	7.2132e-008	7.0167e-008	6.9492e-008	6.7394e-008	6.4375e-008	6.2721e-008	6.0757e-008	5.9126e-008	5.7636e-008	5.5327e-008	5.2938e-008	5.0527e-008	4.8326e-008	4.6162e-008	4.345e-008	4.0832e-008	3.8593e-008	3.5922e-008	3.3088e-008	3.0521e-008	2.87e-008	2.6698e-008	2.4456e-008	2.172e-008	2.009e-008	1.8357e-008	1.5182e-008	1.3953e-008	1.1488e-008	9.9246e-009	8.209e-009	5.9565e-009	4.6624e-009	3.7192e-009	2.9727e-009	2.2668e-009	1.6431e-009	1.4703e-009	1.4655e-009	1.5463e-009	1.6054e-009	1.5258e-009	1.4745e-009	1.384e-009	2.0204e-009	2.2409e-009	2.3755e-009	2.068e-009	2.6161e-009	3.4085e-009	5.8084e-009	8.18e-009	1.0211e-008	1.2483e-008	1.5821e-008	1.9463e-008	2.4069e-008	2.8529e-008	3.4068e-008	3.9928e-008	4.6232e-008	5.2597e-008	6.047e-008	6.5993e-008	7.0914e-008	7.4139e-008	7.8715e-008	8.1859e-008	8.3838e-008	8.5821e-008	8.7204e-008	8.8705e-008	8.9898e-008	9.0848e-008	9.0849e-008	8.9417e-008	8.8652e-008	8.8081e-008	8.6812e-008	8.592e-008	8.4284e-008	8.296e-008	8.2242e-008	8.0928e-008	7.8806e-008	7.7068e-008	7.5012e-008	7.4156e-008	7.1145e-008	6.9598e-008	6.8075e-008	6.6784e-008	6.585e-008	6.44e-008	6.0934e-008	5.8295e-008	5.6275e-008	5.4139e-008	5.1168e-008	4.8847e-008	4.6062e-008	4.3883e-008	4.0312e-008	3.7204e-008	3.3472e-008	3.0996e-008	2.9195e-008	2.7273e-008	2.4414e-008	2.1898e-008	1.8798e-008	1.6248e-008	1.4761e-008	1.1926e-008	1.0028e-008	8.0787e-009	6.6134e-009	4.9861e-009	3.7466e-009	2.8371e-009	2.0743e-009	1.8436e-009	1.6904e-009	2.4989e-009	2.6611e-009	2.5048e-009	2.7799e-009
