# Channel: ZSensor
# Width: 2.000 µm
# Height: 0.234 µm
# Value units: m
1.9822e-009	2.3572e-009	1.9014e-009	2.2348e-009	3.1898e-009	3.0681e-009	3.7783e-009	5.2831e-009	8.1282e-009	1.2098e-008	1.5715e-008	1.9151e-008	2.3783e-008	2.9605e-008	3.4424e-008	3.9953e-008	4.5177e-008	5.3125e-008	5.9269e-008	6.493e-008	7.0033e-008	7.6177e-008	8.066e-008	8.4543e-008	8.5725e-008	8.7183e-008	8.8928e-008	9.0974e-008	9.1902e-008	9.1827e-008	9.0959e-008	9.0733e-008	9.137e-008	9.1561e-008	9.0376e-008	8.8387e-008	8.7158e-008	8.4962e-008	8.331e-008	8.0463e-008	7.8122e-008	7.6379e-008	7.5238e-008	7.4191e-008	7.2062e-008	6.9359e-008	6.7007e-008	6.4191e-008	6.2945e-008	5.9696e-008	5.724e-008	5.4297e-008	5.078e-008	4.9201e-008	4.6563e-008	4.5256e-008	4.1421e-008	4.0018e-008	3.6888e-008	3.4401e-008	3.2895e-008	2.899e-008	2.6073e-008	2.4998e-008	2.2959e-008	2.0353e-008	1.7225e-008	1.3772e-008	1.1848e-008	8.916e-009	7.8171e-009	5.9245e-009	3.9813e-009	3.3295e-009	3.2858e-009	3.4517e-009	3.0833e-009	2.2426e-009	2.6783e-009	2.6485e-009	2.3975e-009	1.9498e-009	2.0613e-009	3.0168e-009	3.1465e-009	3.3061e-009	3.5477e-009	3.7604e-009	4.3997e-009	6.2071e-009	8.1666e-009	1.1951e-008	1.4216e-008	2.4166e-008	3.1156e-008	3.6826e-008	4.292e-008	5.0935e-008	5.676e-008	6.3185e-008	6.9486e-008	7.5042e-008	8.0778e-008	8.495e-008	8.689e-008	8.7847e-008	8.8519e-008	8.9652e-008	9.0638e-008	9.1252e-008	9.2495e-008	9.3539e-008	9.3808e-008	9.3348e-008	9.2676e-008	8.7959e-008	8.7112e-008	8.3766e-008	8.2297e-008	7.9622e-008	7.8079e-008	7.6576e-008	7.4062e-008	7.2304e-008	7.2052e-008	7.1333e-008	6.7836e-008	6.4149e-008	6.3129e-008	6.0296e-008	5.8414e-008	5.6153e-008	5.5127e-008	5.233e-008	4.6311e-008	4.4328e-008	4.3199e-008	4.0952e-008	3.8553e-008	3.6535e-008	3.3052e-008	3.0674e-008	2.9467e-008	2.5246e-008	2.3828e-008	2.1283e-008	1.9058e-008	1.7306e-008	1.5514e-008	1.3115e-008	1.0813e-008	9.2671e-009	8.0672e-009	6.0257e-009	5.4224e-009	4.636e-009	4.0403e-009	3.5925e-009	3.4841e-009	3.4621e-009	3.9192e-009	3.6422e-009	3.9627e-009	4.367e-009	4.6379e-009	4.617e-009	4.9059e-009	5.5594e-009	6.7203e-009	9.1354e-009	1.1386e-008	1.4617e-008	1.7802e-008	2.4115e-008	3.1167e-008	3.8361e-008	4.6693e-008	5.4976e-008	6.0072e-008	6.5083e-008	6.8663e-008	7.334e-008	7.814e-008	8.1684e-008	8.6121e-008	9.1397e-008	9.2336e-008	9.2304e-008	9.2595e-008	9.3228e-008	9.3223e-008	9.3519e-008	9.3923e-008	9.3661e-008	9.3118e-008	9.215e-008	9.0316e-008	8.8857e-008	8.7009e-008	8.4835e-008	8.2894e-008	7.8123e-008	7.6951e-008	7.4236e-008	7.1581e-008	6.9913e-008	6.8747e-008	6.6981e-008	6.4125e-008	6.1571e-008	6.0021e-008	5.469e-008	5.0413e-008	5.0523e-008	4.5408e-008	4.4167e-008	4.0698e-008	3.7291e-008	3.4009e-008	3.1466e-008	2.8436e-008	2.616e-008	2.4499e-008	1.9815e-008	1.6336e-008	1.5176e-008	1.226e-008	1.0831e-008	8.2022e-009	6.6018e-009	5.222e-009	4.4715e-009	4.2546e-009	3.9188e-009	3.7765e-009	3.5101e-009	3.7946e-009	3.7442e-009	4.3985e-009	3.9006e-009	3.2561e-009	3.8231e-009	4.4905e-009	4.225e-009	5.1497e-009	5.1462e-009	4.8431e-009	5.018e-009	6.6819e-009	8.5841e-009	1.2042e-008	1.4768e-008	1.858e-008	2.327e-008	2.9091e-008	3.9529e-008	4.5391e-008	5.1493e-008	5.9042e-008	6.545e-008	6.916e-008	7.3214e-008	7.8775e-008	8.3015e-008	8.6274e-008	8.7743e-008	9.0731e-008	9.289e-008	9.3437e-008	9.4039e-008	9.4307e-008	9.3898e-008	9.3647e-008	9.2402e-008	9.0547e-008	8.9568e-008	8.8833e-008	8.7383e-008	8.6296e-008	8.4762e-008	8.3174e-008	7.9904e-008	7.7451e-008	7.4673e-008	7.1817e-008	6.8969e-008	6.7087e-008	6.6651e-008	6.5581e-008	6.3194e-008	5.9771e-008	5.6243e-008	5.5177e-008	5.2277e-008	5.0268e-008	4.8846e-008	4.6503e-008	4.4158e-008	4.1644e-008	3.8728e-008	3.7207e-008	3.6729e-008	3.5494e-008	3.3532e-008	3.0594e-008	2.8137e-008	2.5951e-008	2.4637e-008	2.2601e-008	1.7585e-008	1.673e-008	1.5151e-008	1.3911e-008	1.2139e-008	9.9817e-009	8.4045e-009	7.0109e-009	6.1907e-009	5.8039e-009	4.8921e-009	4.9687e-009	4.2391e-009	4.1293e-009	4.5429e-009	4.8371e-009	4.7649e-009	4.9418e-009	5.3995e-009	6.2952e-009	8.3058e-009	1.0411e-008	1.2622e-008	1.4841e-008	1.8988e-008	2.491e-008	3.1567e-008	3.9332e-008	4.7728e-008	5.4202e-008	6.1174e-008	6.4845e-008	7.0724e-008	7.624e-008	7.7909e-008	8.305e-008	8.7367e-008	8.8575e-008	8.9397e-008	9.161e-008	9.2842e-008	9.3922e-008	9.4474e-008	9.4424e-008	9.4347e-008	9.4038e-008	9.3139e-008	9.1618e-008	9.0462e-008	8.8857e-008	8.751e-008	8.5044e-008	8.0903e-008	7.8836e-008	7.6667e-008	7.5394e-008	7.1884e-008	7.0391e-008	6.8333e-008	6.6456e-008	6.4555e-008	6.3476e-008	6.0764e-008	5.8361e-008	5.5067e-008	5.2799e-008	4.9346e-008	4.691e-008	4.5149e-008	4.146e-008	3.9061e-008	3.7424e-008	3.4258e-008	3.1463e-008	2.9439e-008	2.7454e-008	2.5372e-008	2.3702e-008	2.113e-008	1.8726e-008	1.5041e-008	1.4235e-008	1.2179e-008	1.1196e-008	8.8699e-009	7.3384e-009	6.0579e-009	5.6453e-009	4.9282e-009	4.8049e-009	4.9549e-009	4.5416e-009	4.1947e-009	4.5709e-009	5.2167e-009	5.5009e-009	5.6709e-009	5.4935e-009	6.3238e-009	7.3666e-009	9.2952e-009	1.1015e-008	1.4261e-008	1.7076e-008	2.1447e-008	2.6083e-008	3.0128e-008	3.5073e-008	4.142e-008	4.8452e-008	5.5197e-008	6.2458e-008	6.7156e-008	7.345e-008	7.5847e-008	7.9133e-008	8.0044e-008	8.3413e-008	8.5664e-008	8.7236e-008	8.749e-008	8.8157e-008	8.8922e-008	8.9286e-008	8.8957e-008	8.8311e-008	8.7822e-008	8.7403e-008	8.7867e-008	8.5403e-008	8.3326e-008	8.2796e-008	8.1099e-008	7.9313e-008	7.7403e-008	7.6744e-008	7.52e-008	7.3908e-008	7.2213e-008	7.0407e-008	6.8024e-008	6.5506e-008	6.3699e-008	6.0731e-008	5.6945e-008	5.4896e-008	5.2898e-008	5.0788e-008	4.8408e-008	4.4955e-008	4.1759e-008	3.9474e-008	3.7258e-008	3.4862e-008	3.177e-008	3.0532e-008	2.8084e-008	2.5759e-008	2.3442e-008	2.0972e-008	1.8574e-008	1.6465e-008	1.5137e-008	1.3459e-008	1.178e-008	1.0179e-008	8.3062e-009	7.1184e-009	6.1064e-009	5.7405e-009	5.5531e-009	5.1582e-009	4.9707e-009	5.4783e-009	5.626e-009	5.6895e-009	6.0672e-009	6.881e-009	8.9941e-009	1.0671e-008	1.2474e-008	1.5412e-008	1.6767e-008	2.0663e-008	2.4615e-008	2.9995e-008	3.647e-008	4.4052e-008	5.0304e-008	5.6286e-008	6.0227e-008	6.4284e-008	6.956e-008	7.3567e-008	7.7237e-008	8.3553e-008	8.554e-008	8.7179e-008	8.8186e-008	8.9433e-008	9.0038e-008	9.1149e-008	9.134e-008
2.4627e-009	2.4418e-009	2.4618e-009	3.2708e-009	3.6106e-009	3.6209e-009	4.5678e-009	6.3069e-009	8.7415e-009	1.2351e-008	1.6161e-008	1.8872e-008	2.4236e-008	2.9673e-008	3.3771e-008	4.0999e-008	4.5541e-008	5.2692e-008	5.6675e-008	6.5385e-008	7.1695e-008	7.7195e-008	8.1797e-008	8.4677e-008	8.73e-008	8.7194e-008	8.9106e-008	9.0698e-008	9.1229e-008	9.1161e-008	9.0923e-008	9.0876e-008	9.1011e-008	9.0916e-008	8.9613e-008	8.7828e-008	8.6538e-008	8.4783e-008	8.3187e-008	8.0691e-008	7.7277e-008	7.5932e-008	7.4986e-008	7.3615e-008	7.1899e-008	6.9231e-008	6.698e-008	6.4846e-008	6.2804e-008	5.9082e-008	5.6339e-008	5.2628e-008	5.0889e-008	4.8417e-008	4.6334e-008	4.5547e-008	4.209e-008	4.0274e-008	3.5538e-008	3.4225e-008	3.1945e-008	2.7583e-008	2.6819e-008	2.4213e-008	2.2522e-008	1.918e-008	1.7508e-008	1.4382e-008	1.2618e-008	9.9485e-009	8.0554e-009	6.0206e-009	4.1323e-009	3.3556e-009	3.5994e-009	3.493e-009	3.1412e-009	2.3501e-009	2.755e-009	2.7861e-009	2.4296e-009	2.2824e-009	2.9056e-009	2.6818e-009	3.0212e-009	3.4277e-009	3.9104e-009	3.6019e-009	4.543e-009	5.9253e-009	7.9291e-009	1.2493e-008	1.5465e-008	2.3919e-008	2.9191e-008	3.7093e-008	4.4018e-008	5.0937e-008	5.749e-008	6.3786e-008	7.0952e-008	7.735e-008	8.2092e-008	8.4642e-008	8.6951e-008	8.7292e-008	8.9076e-008	9.0229e-008	9.1151e-008	9.2278e-008	9.3242e-008	9.5057e-008	9.517e-008	9.4398e-008	9.3341e-008	8.845e-008	8.6878e-008	8.2848e-008	8.143e-008	7.8904e-008	7.7962e-008	7.5709e-008	7.3643e-008	7.2309e-008	7.205e-008	7.1612e-008	6.8906e-008	6.5158e-008	6.3332e-008	6.099e-008	5.8745e-008	5.6161e-008	5.4047e-008	5.0707e-008	4.7876e-008	4.5159e-008	4.2561e-008	4.0533e-008	3.8353e-008	3.6835e-008	3.4557e-008	3.1595e-008	2.9076e-008	2.5758e-008	2.2921e-008	2.2033e-008	1.9409e-008	1.7887e-008	1.3748e-008	1.1836e-008	1.0985e-008	9.0944e-009	7.5778e-009	6.1541e-009	5.4809e-009	4.7173e-009	4.3779e-009	4.292e-009	4.0156e-009	4.2011e-009	4.1041e-009	4.3851e-009	4.2473e-009	4.7602e-009	5.0852e-009	4.5078e-009	4.3606e-009	5.5812e-009	6.9054e-009	8.4338e-009	1.1407e-008	1.4204e-008	1.8846e-008	2.424e-008	3.2215e-008	3.9826e-008	4.7958e-008	5.5246e-008	6.1802e-008	6.6045e-008	6.9064e-008	7.3383e-008	7.8583e-008	8.2132e-008	8.5e-008	8.9893e-008	9.1566e-008	9.1632e-008	9.2607e-008	9.3276e-008	9.3535e-008	9.3969e-008	9.4554e-008	9.4189e-008	9.2932e-008	9.232e-008	9.0451e-008	8.8695e-008	8.6517e-008	8.4863e-008	8.2563e-008	7.9881e-008	7.7224e-008	7.5173e-008	7.1909e-008	7.0398e-008	6.9426e-008	6.7791e-008	6.4671e-008	6.1764e-008	6.0002e-008	5.7012e-008	5.1384e-008	5.0619e-008	4.4125e-008	3.8817e-008	3.7336e-008	3.7124e-008	3.3888e-008	3.1885e-008	2.9476e-008	2.493e-008	2.408e-008	2.1046e-008	1.7057e-008	1.5513e-008	1.3129e-008	1.0932e-008	8.3744e-009	6.6671e-009	5.5843e-009	4.7883e-009	4.4038e-009	4.2957e-009	3.9953e-009	3.6535e-009	3.8172e-009	4.048e-009	4.199e-009	4.1393e-009	3.4956e-009	4.2071e-009	4.3445e-009	3.9399e-009	4.6607e-009	4.7292e-009	5.0605e-009	5.2374e-009	6.4174e-009	8.1958e-009	1.0361e-008	1.3425e-008	1.889e-008	2.2611e-008	3.1184e-008	4.0265e-008	4.646e-008	5.2541e-008	5.8074e-008	6.5487e-008	6.9503e-008	7.3854e-008	7.9717e-008	8.3761e-008	8.6693e-008	8.8966e-008	9.1527e-008	9.2768e-008	9.4032e-008	9.4894e-008	9.5283e-008	9.5192e-008	9.4629e-008	9.2874e-008	9.1448e-008	9.0755e-008	8.9614e-008	8.7984e-008	8.6655e-008	8.4778e-008	8.2484e-008	8.0255e-008	7.733e-008	7.4778e-008	7.2532e-008	6.7875e-008	6.693e-008	6.6048e-008	6.4691e-008	6.2259e-008	5.9724e-008	5.8141e-008	5.5386e-008	5.2898e-008	5.1846e-008	5.041e-008	4.6396e-008	4.3663e-008	4.1017e-008	3.822e-008	3.7135e-008	3.6723e-008	3.534e-008	3.3655e-008	3.0713e-008	2.778e-008	2.6357e-008	2.468e-008	2.3293e-008	2.059e-008	1.7379e-008	1.5309e-008	1.378e-008	1.2328e-008	1.047e-008	8.9714e-009	6.9221e-009	6.416e-009	5.7684e-009	5.3364e-009	5.2687e-009	4.7525e-009	4.5666e-009	4.4813e-009	4.6079e-009	4.7426e-009	4.7848e-009	5.7764e-009	6.9216e-009	8.2913e-009	1.087e-008	1.3176e-008	1.5658e-008	2.0098e-008	2.5187e-008	3.2461e-008	4.0763e-008	4.7037e-008	5.6418e-008	6.1302e-008	6.7002e-008	7.2143e-008	7.6726e-008	7.9533e-008	8.3062e-008	8.6743e-008	8.8066e-008	8.9657e-008	9.1114e-008	9.2894e-008	9.4544e-008	9.566e-008	9.5357e-008	9.521e-008	9.4941e-008	9.2849e-008	9.2181e-008	8.9727e-008	8.8835e-008	8.7509e-008	8.3325e-008	8.0369e-008	7.9486e-008	7.6093e-008	7.5673e-008	7.4379e-008	6.9234e-008	6.8914e-008	6.692e-008	6.461e-008	6.3652e-008	5.9731e-008	5.6666e-008	5.4595e-008	5.1156e-008	4.9056e-008	4.7182e-008	4.5093e-008	4.1982e-008	4.0109e-008	3.7518e-008	3.2804e-008	3.1508e-008	2.9842e-008	2.6268e-008	2.5109e-008	2.2638e-008	2.066e-008	1.8988e-008	1.4629e-008	1.4257e-008	1.2868e-008	1.1445e-008	9.5186e-009	7.7442e-009	6.8261e-009	5.4465e-009	4.7301e-009	5.209e-009	5.3646e-009	4.6566e-009	4.182e-009	4.4473e-009	4.9842e-009	5.5518e-009	5.6944e-009	6.2476e-009	6.9895e-009	8.3429e-009	9.8197e-009	1.1793e-008	1.4154e-008	1.8343e-008	2.0249e-008	2.6074e-008	3.1024e-008	3.5934e-008	4.3368e-008	5.0323e-008	5.738e-008	6.2482e-008	6.7848e-008	7.2931e-008	7.8118e-008	7.9907e-008	8.2028e-008	8.4514e-008	8.6003e-008	8.704e-008	8.7789e-008	8.8495e-008	8.916e-008	8.961e-008	8.932e-008	8.8868e-008	8.8068e-008	8.7547e-008	8.7942e-008	8.7827e-008	8.3943e-008	8.3094e-008	8.0117e-008	7.8843e-008	7.7544e-008	7.6712e-008	7.57e-008	7.4481e-008	7.2661e-008	7.0173e-008	6.8432e-008	6.5456e-008	6.3928e-008	6.2684e-008	5.4591e-008	5.4008e-008	5.2654e-008	5.0636e-008	4.8986e-008	4.348e-008	4.2558e-008	4.062e-008	3.6783e-008	3.5095e-008	3.2462e-008	3.0161e-008	2.9143e-008	2.6813e-008	2.4816e-008	2.1539e-008	1.9225e-008	1.6853e-008	1.5506e-008	1.363e-008	1.2166e-008	1.0729e-008	9.5428e-009	8.1679e-009	6.9853e-009	6.0603e-009	5.4831e-009	5.2387e-009	5.0959e-009	5.6625e-009	5.728e-009	6.2059e-009	6.3802e-009	6.9834e-009	8.6599e-009	1.0829e-008	1.2989e-008	1.5415e-008	1.7466e-008	2.1713e-008	2.5927e-008	3.1177e-008	3.6851e-008	4.3314e-008	5.0315e-008	5.7181e-008	6.083e-008	6.536e-008	7.0323e-008	7.4781e-008	8.0014e-008	8.4283e-008	8.5481e-008	8.9029e-008	9.0302e-008	9.082e-008	9.1445e-008	9.1068e-008	9.1429e-008
2.3284e-009	2.046e-009	2.5528e-009	2.8443e-009	3.0636e-009	3.4333e-009	3.4351e-009	5.6056e-009	8.3029e-009	1.1058e-008	1.5824e-008	1.9057e-008	2.3574e-008	2.9717e-008	3.5721e-008	4.0934e-008	4.4518e-008	5.0575e-008	5.8258e-008	6.3781e-008	7.0511e-008	7.6255e-008	8.0323e-008	8.4443e-008	8.7178e-008	8.7305e-008	8.8587e-008	8.9034e-008	9.0639e-008	9.1082e-008	9.1155e-008	9.1423e-008	9.1427e-008	9.0637e-008	8.9747e-008	8.7988e-008	8.664e-008	8.4752e-008	8.2886e-008	7.8942e-008	7.7445e-008	7.5344e-008	7.3923e-008	7.2686e-008	7.117e-008	6.8557e-008	6.6056e-008	6.3083e-008	6.2287e-008	5.8858e-008	5.6297e-008	5.2271e-008	5.0732e-008	4.8193e-008	4.7073e-008	4.5042e-008	4.1838e-008	3.9911e-008	3.6519e-008	3.4553e-008	3.1705e-008	2.9343e-008	2.6238e-008	2.4093e-008	2.0783e-008	1.8993e-008	1.7295e-008	1.3776e-008	1.1098e-008	9.4502e-009	8.5789e-009	4.8729e-009	4.1131e-009	3.4217e-009	2.8984e-009	2.6595e-009	2.5384e-009	2.3329e-009	2.476e-009	2.3956e-009	2.3958e-009	2.1128e-009	2.4107e-009	3.0026e-009	2.8154e-009	2.9566e-009	3.6521e-009	3.9021e-009	4.1069e-009	5.3496e-009	7.3062e-009	1.1165e-008	1.6127e-008	2.3779e-008	2.9872e-008	3.681e-008	4.3894e-008	5.0673e-008	5.7397e-008	6.3613e-008	7.0236e-008	7.605e-008	8.2273e-008	8.3562e-008	8.5759e-008	8.7111e-008	8.8022e-008	9.1011e-008	9.2012e-008	9.2764e-008	9.3224e-008	9.5076e-008	9.5304e-008	9.4202e-008	9.1995e-008	8.9472e-008	8.6923e-008	8.535e-008	8.135e-008	7.924e-008	7.7488e-008	7.4793e-008	7.3903e-008	7.3129e-008	7.2223e-008	7.1254e-008	6.97e-008	6.6862e-008	6.3214e-008	6.0375e-008	5.7123e-008	5.572e-008	5.38e-008	5.0471e-008	4.8193e-008	4.4556e-008	4.2116e-008	4.0064e-008	3.833e-008	3.6529e-008	3.4412e-008	3.1083e-008	2.9664e-008	2.5934e-008	2.3817e-008	2.2238e-008	1.9394e-008	1.8506e-008	1.4349e-008	1.2835e-008	1.0423e-008	8.6946e-009	6.5252e-009	5.7381e-009	4.6446e-009	4.3081e-009	4.3331e-009	4.3036e-009	4.5055e-009	3.9904e-009	4.0477e-009	4.2118e-009	4.2765e-009	4.7422e-009	5.0109e-009	4.4499e-009	4.2069e-009	5.0413e-009	6.5154e-009	7.8577e-009	1.1136e-008	1.3374e-008	1.9009e-008	2.5038e-008	3.2334e-008	3.9882e-008	4.9005e-008	5.5153e-008	6.1795e-008	6.5988e-008	6.8836e-008	7.2686e-008	7.7805e-008	8.078e-008	8.515e-008	8.9623e-008	9.0775e-008	9.1192e-008	9.1744e-008	9.302e-008	9.354e-008	9.4257e-008	9.4857e-008	9.3972e-008	9.2787e-008	9.2486e-008	9.1654e-008	9.0015e-008	8.6221e-008	8.5096e-008	8.264e-008	7.9943e-008	7.696e-008	7.471e-008	7.2032e-008	7.0782e-008	6.9034e-008	6.6422e-008	6.4086e-008	6.2024e-008	6.0179e-008	5.7355e-008	5.3843e-008	5.0466e-008	4.7012e-008	4.4493e-008	4.0503e-008	3.8063e-008	3.5093e-008	3.1276e-008	3.0339e-008	2.7043e-008	2.341e-008	2.1578e-008	1.8332e-008	1.6694e-008	1.3311e-008	1.1476e-008	9.1646e-009	7.7822e-009	6.2293e-009	4.6644e-009	4.1299e-009	4.3438e-009	4.3078e-009	3.5615e-009	3.7059e-009	3.9698e-009	4.5081e-009	3.9251e-009	3.865e-009	4.307e-009	3.8589e-009	3.815e-009	4.3761e-009	4.5109e-009	5.0869e-009	5.0675e-009	5.4228e-009	7.7953e-009	1.0782e-008	1.2903e-008	1.8814e-008	2.3368e-008	3.0477e-008	3.8585e-008	4.6021e-008	5.0271e-008	5.7935e-008	6.3575e-008	6.9529e-008	7.4744e-008	7.8788e-008	8.4004e-008	8.6433e-008	8.9169e-008	9.1114e-008	9.2317e-008	9.3984e-008	9.4832e-008	9.5458e-008	9.5422e-008	9.5422e-008	9.4252e-008	9.3018e-008	9.0478e-008	8.9573e-008	8.8103e-008	8.554e-008	8.2416e-008	8.1106e-008	7.8564e-008	7.7475e-008	7.5113e-008	7.1598e-008	6.9821e-008	6.7242e-008	6.5554e-008	6.3801e-008	6.1504e-008	5.8798e-008	5.7408e-008	5.5566e-008	5.3817e-008	5.2632e-008	5.1487e-008	4.9455e-008	4.2437e-008	4.1413e-008	3.8614e-008	3.6703e-008	3.6214e-008	3.5171e-008	3.3071e-008	2.9806e-008	2.7977e-008	2.6484e-008	2.4867e-008	2.2561e-008	1.9655e-008	1.6807e-008	1.5395e-008	1.3747e-008	1.097e-008	1.0127e-008	8.7632e-009	6.9047e-009	6.3346e-009	5.4819e-009	5.1987e-009	4.9221e-009	5.3628e-009	4.5937e-009	4.3554e-009	4.4329e-009	4.5924e-009	4.614e-009	5.6266e-009	7.3335e-009	9.1434e-009	1.1237e-008	1.2877e-008	1.6973e-008	2.1139e-008	2.5993e-008	3.2318e-008	4.1012e-008	4.982e-008	5.6443e-008	6.166e-008	6.627e-008	7.1626e-008	7.6965e-008	8.148e-008	8.3828e-008	8.6559e-008	8.8086e-008	8.9779e-008	9.1255e-008	9.3283e-008	9.4973e-008	9.5912e-008	9.5657e-008	9.5043e-008	9.5097e-008	9.282e-008	9.1998e-008	9.0024e-008	8.8346e-008	8.6471e-008	8.4075e-008	8.2424e-008	7.9688e-008	7.6431e-008	7.5213e-008	7.392e-008	7.024e-008	6.8816e-008	6.7134e-008	6.4476e-008	6.2707e-008	5.6975e-008	5.6574e-008	5.3793e-008	5.0788e-008	4.7892e-008	4.5281e-008	4.3214e-008	4.1243e-008	3.9632e-008	3.6463e-008	3.2301e-008	3.0503e-008	2.8887e-008	2.6045e-008	2.275e-008	2.0903e-008	1.9438e-008	1.7431e-008	1.5437e-008	1.4243e-008	1.2169e-008	9.8578e-009	8.6084e-009	7.5066e-009	6.4753e-009	5.5478e-009	4.9841e-009	4.8883e-009	5.3582e-009	4.2238e-009	4.3217e-009	4.4614e-009	5.0229e-009	5.7585e-009	6.3223e-009	6.1594e-009	6.6268e-009	8.0199e-009	1.0056e-008	1.1832e-008	1.4616e-008	1.7296e-008	2.1306e-008	2.7343e-008	3.2228e-008	3.8354e-008	4.4644e-008	5.1997e-008	5.8844e-008	6.3328e-008	6.8175e-008	7.3283e-008	7.8516e-008	8.0358e-008	8.3235e-008	8.4898e-008	8.6368e-008	8.6691e-008	8.8265e-008	8.9233e-008	8.9849e-008	8.9926e-008	8.9932e-008	8.8711e-008	8.7725e-008	8.7554e-008	8.7009e-008	8.6464e-008	8.5092e-008	8.2085e-008	7.9572e-008	7.8347e-008	7.7635e-008	7.7191e-008	7.6113e-008	7.3758e-008	7.238e-008	7.0068e-008	6.7815e-008	6.5949e-008	6.2934e-008	6.2363e-008	5.8545e-008	5.2221e-008	5.2903e-008	5.1287e-008	4.888e-008	4.5639e-008	4.2982e-008	4.1346e-008	3.5788e-008	3.4283e-008	3.2301e-008	3.0841e-008	2.8665e-008	2.6644e-008	2.4963e-008	2.2266e-008	1.949e-008	1.7525e-008	1.4983e-008	1.3627e-008	1.1714e-008	1.0645e-008	9.6283e-009	8.3017e-009	6.9392e-009	6.0215e-009	5.499e-009	5.3589e-009	5.3357e-009	5.7424e-009	5.743e-009	6.1806e-009	6.5282e-009	6.8232e-009	8.8501e-009	1.075e-008	1.3265e-008	1.5549e-008	1.7305e-008	2.158e-008	2.5204e-008	3.2567e-008	3.6596e-008	4.4833e-008	5.1509e-008	5.6955e-008	6.1002e-008	6.4843e-008	7.0407e-008	7.491e-008	8.05e-008	8.3761e-008	8.6982e-008	8.9537e-008	9.0617e-008	9.1407e-008	9.1803e-008	9.0998e-008	9.1102e-008
1.5205e-009	1.7572e-009	2.3889e-009	2.2506e-009	2.5545e-009	2.885e-009	3.7431e-009	5.8367e-009	8.2904e-009	1.0917e-008	1.6488e-008	1.899e-008	2.298e-008	2.8619e-008	3.4971e-008	4.0621e-008	4.5211e-008	5.0064e-008	5.7923e-008	6.3102e-008	6.9583e-008	7.6639e-008	8.036e-008	8.2746e-008	8.5042e-008	8.654e-008	8.7661e-008	8.8952e-008	9.0034e-008	9.0719e-008	9.1096e-008	9.1297e-008	9.1847e-008	9.1368e-008	8.955e-008	8.718e-008	8.6273e-008	8.4758e-008	8.236e-008	7.8961e-008	7.6813e-008	7.4909e-008	7.3717e-008	7.1993e-008	7.0064e-008	6.8054e-008	6.5288e-008	6.314e-008	5.9621e-008	5.6663e-008	5.506e-008	5.3059e-008	5.0929e-008	4.9054e-008	4.6229e-008	4.4319e-008	4.042e-008	3.8437e-008	3.7161e-008	3.3679e-008	3.0269e-008	2.7949e-008	2.5674e-008	2.2875e-008	1.9485e-008	1.8404e-008	1.6707e-008	1.4524e-008	1.1984e-008	9.5443e-009	8.0508e-009	5.0043e-009	3.9636e-009	3.0738e-009	2.7264e-009	2.4169e-009	1.9191e-009	2.0726e-009	2.3638e-009	2.0523e-009	2.2482e-009	2.1379e-009	2.2778e-009	2.668e-009	2.6645e-009	2.8144e-009	3.3839e-009	3.5214e-009	4.311e-009	5.1254e-009	6.5152e-009	1.0682e-008	1.5773e-008	2.1264e-008	2.9383e-008	3.6771e-008	4.4327e-008	5.0356e-008	5.7333e-008	6.3619e-008	6.9864e-008	7.5156e-008	8.1321e-008	8.3933e-008	8.503e-008	8.7375e-008	8.8723e-008	9.0682e-008	9.2549e-008	9.3261e-008	9.3949e-008	9.4898e-008	9.4072e-008	9.3324e-008	9.0995e-008	8.9683e-008	8.6669e-008	8.4877e-008	8.1023e-008	7.9149e-008	7.7012e-008	7.5877e-008	7.4817e-008	7.3481e-008	7.2517e-008	7.0785e-008	6.8177e-008	6.5478e-008	6.2749e-008	6.022e-008	5.7122e-008	5.5332e-008	5.3176e-008	4.8837e-008	4.7345e-008	4.4351e-008	4.3049e-008	4.1012e-008	3.7624e-008	3.695e-008	3.4377e-008	3.087e-008	2.9552e-008	2.6035e-008	2.3988e-008	2.1979e-008	2.0443e-008	1.7904e-008	1.4999e-008	1.2772e-008	1.0394e-008	8.0641e-009	6.7602e-009	4.7304e-009	3.9728e-009	3.5334e-009	4.1079e-009	4.3537e-009	4.2986e-009	3.3839e-009	3.5981e-009	3.5479e-009	4.5601e-009	4.4527e-009	4.3534e-009	4.3539e-009	4.0866e-009	5.1273e-009	6.4592e-009	7.8425e-009	1.0424e-008	1.3582e-008	1.8427e-008	2.3594e-008	3.1216e-008	3.9558e-008	4.9374e-008	5.6471e-008	6.1823e-008	6.6679e-008	6.8892e-008	7.4337e-008	7.8803e-008	8.1224e-008	8.6505e-008	8.8074e-008	8.997e-008	9.1139e-008	9.1979e-008	9.3399e-008	9.3312e-008	9.3978e-008	9.4066e-008	9.269e-008	9.2869e-008	9.2231e-008	9.0812e-008	8.9385e-008	8.6678e-008	8.4185e-008	8.2282e-008	7.8767e-008	7.5914e-008	7.3175e-008	7.1779e-008	6.9785e-008	6.7554e-008	6.4068e-008	6.3174e-008	6.1627e-008	6.0169e-008	5.4312e-008	5.1904e-008	4.9327e-008	4.5549e-008	4.4631e-008	3.9237e-008	3.8168e-008	3.3648e-008	3.2118e-008	2.9442e-008	2.5354e-008	2.2334e-008	2.124e-008	1.8204e-008	1.6931e-008	1.1913e-008	1.096e-008	8.4575e-009	7.37e-009	5.75e-009	4.6555e-009	4.1101e-009	4.3857e-009	4.4102e-009	3.4988e-009	3.5214e-009	4.0863e-009	3.9191e-009	3.5392e-009	3.1047e-009	3.9079e-009	3.5203e-009	3.2661e-009	4.323e-009	4.3389e-009	4.6464e-009	4.707e-009	5.4569e-009	7.3595e-009	9.9988e-009	1.2752e-008	1.7718e-008	2.1898e-008	3.0521e-008	3.6676e-008	4.4941e-008	5.0082e-008	5.7399e-008	6.3568e-008	6.9631e-008	7.4626e-008	7.8421e-008	8.279e-008	8.5843e-008	8.8243e-008	9.0502e-008	9.192e-008	9.3427e-008	9.4839e-008	9.5392e-008	9.6071e-008	9.67e-008	9.54e-008	9.3247e-008	9.3265e-008	8.9409e-008	8.7548e-008	8.4832e-008	8.2105e-008	7.9844e-008	7.8607e-008	7.7425e-008	7.5874e-008	7.1892e-008	6.9493e-008	6.7598e-008	6.5351e-008	6.3866e-008	6.1782e-008	5.9806e-008	5.6532e-008	5.5241e-008	5.405e-008	5.2736e-008	5.1419e-008	4.9447e-008	4.4224e-008	4.2466e-008	3.8614e-008	3.7054e-008	3.5757e-008	3.417e-008	3.1125e-008	2.8145e-008	2.6823e-008	2.5418e-008	2.4383e-008	2.2688e-008	1.9684e-008	1.7348e-008	1.5198e-008	1.3479e-008	1.1741e-008	9.6694e-009	7.9961e-009	6.7067e-009	5.8385e-009	5.2552e-009	4.9891e-009	4.5212e-009	4.9321e-009	4.8506e-009	4.9319e-009	4.558e-009	4.5124e-009	4.5518e-009	5.3045e-009	7.1315e-009	9.7593e-009	1.084e-008	1.4133e-008	1.7467e-008	2.1489e-008	2.5741e-008	3.3054e-008	4.1732e-008	4.9888e-008	5.6138e-008	6.2486e-008	6.6273e-008	7.1949e-008	7.7474e-008	8.0793e-008	8.3655e-008	8.6692e-008	8.7789e-008	8.9532e-008	9.099e-008	9.3286e-008	9.4774e-008	9.5995e-008	9.5369e-008	9.4683e-008	9.4101e-008	9.2518e-008	9.1519e-008	8.9245e-008	8.7911e-008	8.5839e-008	8.3539e-008	8.177e-008	7.9503e-008	7.7026e-008	7.4636e-008	7.372e-008	7.106e-008	6.9202e-008	6.5869e-008	6.443e-008	6.264e-008	6.0071e-008	5.506e-008	5.3607e-008	4.9405e-008	4.722e-008	4.4976e-008	4.2116e-008	4.0869e-008	3.8723e-008	3.6818e-008	3.3889e-008	2.9633e-008	2.7519e-008	2.5086e-008	2.3121e-008	2.079e-008	1.8609e-008	1.6066e-008	1.4557e-008	1.2941e-008	1.0486e-008	9.5249e-009	8.1237e-009	6.5941e-009	5.8342e-009	5.093e-009	4.8402e-009	4.2613e-009	4.0731e-009	3.8152e-009	3.7821e-009	4.4774e-009	4.6099e-009	5.1754e-009	6.0852e-009	5.9104e-009	6.3512e-009	7.9464e-009	1.0277e-008	1.2812e-008	1.5657e-008	1.8725e-008	2.3436e-008	2.7898e-008	3.4295e-008	4.0597e-008	4.5986e-008	5.2339e-008	5.9119e-008	6.2002e-008	6.7926e-008	7.4835e-008	7.7853e-008	8.0872e-008	8.2672e-008	8.4617e-008	8.6225e-008	8.7408e-008	8.8816e-008	8.9774e-008	8.989e-008	8.9985e-008	8.939e-008	8.7983e-008	8.7551e-008	8.7758e-008	8.6825e-008	8.546e-008	8.1292e-008	8.1288e-008	7.9642e-008	7.8431e-008	7.7223e-008	7.685e-008	7.5189e-008	7.3484e-008	7.0991e-008	6.9495e-008	6.7137e-008	6.5024e-008	6.1151e-008	5.9601e-008	5.6932e-008	5.4772e-008	5.2907e-008	5.0798e-008	4.9022e-008	4.5739e-008	4.3715e-008	4.1868e-008	3.8286e-008	3.2886e-008	3.1944e-008	3.0945e-008	2.8318e-008	2.6856e-008	2.5157e-008	2.0418e-008	1.9788e-008	1.7499e-008	1.5194e-008	1.3194e-008	1.2096e-008	1.0388e-008	9.4019e-009	8.3251e-009	6.9623e-009	6.1561e-009	5.5164e-009	5.4203e-009	5.2036e-009	5.9007e-009	5.7079e-009	5.5197e-009	6.1426e-009	6.8491e-009	8.4337e-009	1.01e-008	1.2479e-008	1.5137e-008	1.7168e-008	2.0728e-008	2.5406e-008	3.1245e-008	3.795e-008	4.2976e-008	5.164e-008	5.6787e-008	6.2425e-008	6.4323e-008	6.988e-008	7.4632e-008	7.9251e-008	8.3606e-008	8.7528e-008	8.9552e-008	9.1063e-008	9.1404e-008	9.201e-008	9.1306e-008	9.1045e-008
1.3264e-009	2.0546e-009	2.2187e-009	2.1107e-009	2.5181e-009	3.0483e-009	3.4089e-009	5.357e-009	8.2378e-009	1.1221e-008	1.5289e-008	1.8685e-008	2.3086e-008	2.7498e-008	3.5125e-008	3.9749e-008	4.5964e-008	5.101e-008	5.7356e-008	6.4691e-008	7.1535e-008	7.6908e-008	7.8994e-008	8.1644e-008	8.4897e-008	8.6548e-008	8.8028e-008	8.9003e-008	8.9768e-008	9.0436e-008	9.1493e-008	9.2527e-008	9.2478e-008	9.1882e-008	9.0554e-008	8.9072e-008	8.6533e-008	8.4541e-008	8.2066e-008	7.927e-008	7.6291e-008	7.5182e-008	7.3526e-008	7.1898e-008	6.9769e-008	6.7245e-008	6.4154e-008	6.245e-008	6.0262e-008	5.7938e-008	5.5619e-008	5.2456e-008	5.1087e-008	4.9359e-008	4.5637e-008	4.2755e-008	3.9887e-008	3.8821e-008	3.7476e-008	3.413e-008	2.9179e-008	2.7717e-008	2.5611e-008	2.403e-008	2.0167e-008	1.8709e-008	1.6728e-008	1.5004e-008	1.1201e-008	1.0006e-008	7.9946e-009	5.3629e-009	4.192e-009	3.2108e-009	2.601e-009	2.18e-009	1.7117e-009	1.8604e-009	2.1961e-009	2.5258e-009	2.324e-009	2.5307e-009	2.3598e-009	2.2719e-009	2.8645e-009	2.9685e-009	3.0025e-009	3.2484e-009	3.9786e-009	4.6854e-009	6.78e-009	1.0126e-008	1.5171e-008	2.0895e-008	2.8399e-008	3.7468e-008	4.5452e-008	5.1898e-008	5.7809e-008	6.4459e-008	7.1253e-008	7.579e-008	8.0736e-008	8.2829e-008	8.538e-008	8.7728e-008	9.0223e-008	9.123e-008	9.2386e-008	9.3475e-008	9.4116e-008	9.4246e-008	9.2928e-008	9.2342e-008	9.0937e-008	8.8826e-008	8.6382e-008	8.3633e-008	8.0667e-008	7.9552e-008	7.6698e-008	7.631e-008	7.501e-008	7.3035e-008	7.2422e-008	7.1328e-008	6.8815e-008	6.6276e-008	6.2624e-008	6.0402e-008	5.8625e-008	5.4935e-008	5.2718e-008	5.0147e-008	4.9077e-008	4.6217e-008	4.3085e-008	4.0365e-008	3.8358e-008	3.704e-008	3.2843e-008	3.1982e-008	2.9442e-008	2.5946e-008	2.4308e-008	2.1838e-008	2.0352e-008	1.7606e-008	1.4839e-008	1.1901e-008	9.9207e-009	7.9158e-009	6.3483e-009	4.6327e-009	3.6322e-009	3.681e-009	3.6623e-009	4.4276e-009	4.3506e-009	3.4261e-009	3.6074e-009	3.3627e-009	4.1808e-009	4.2026e-009	4.2531e-009	4.3107e-009	4.1651e-009	4.9335e-009	6.1332e-009	7.6826e-009	1.0863e-008	1.3584e-008	1.8469e-008	2.2507e-008	3.104e-008	3.9381e-008	4.8833e-008	5.6365e-008	6.2376e-008	6.6395e-008	6.896e-008	7.3945e-008	7.8036e-008	8.1485e-008	8.5321e-008	8.7742e-008	9.034e-008	9.1439e-008	9.2263e-008	9.313e-008	9.3706e-008	9.412e-008	9.4134e-008	9.3793e-008	9.3351e-008	9.3018e-008	9.1493e-008	9.0106e-008	8.7826e-008	8.3917e-008	8.288e-008	7.8232e-008	7.6531e-008	7.2581e-008	7.1005e-008	6.9071e-008	6.7763e-008	6.6564e-008	6.2497e-008	6.0995e-008	5.8898e-008	5.5088e-008	5.1783e-008	4.8444e-008	4.6152e-008	4.4182e-008	3.9878e-008	3.8692e-008	3.44e-008	3.05e-008	2.9645e-008	2.59e-008	2.3764e-008	2.1293e-008	1.8975e-008	1.6399e-008	1.4329e-008	1.1091e-008	8.7355e-009	7.1644e-009	5.6714e-009	4.8686e-009	4.6152e-009	4.1769e-009	4.006e-009	3.8727e-009	3.5185e-009	3.7227e-009	4.0419e-009	3.7331e-009	3.2177e-009	3.3042e-009	3.4799e-009	3.2344e-009	3.7683e-009	3.8121e-009	4.3551e-009	4.6069e-009	5.6094e-009	7.0784e-009	8.6419e-009	1.3013e-008	1.6487e-008	2.1661e-008	2.8599e-008	3.481e-008	4.3126e-008	4.8625e-008	5.6069e-008	6.099e-008	6.8347e-008	7.4174e-008	7.7968e-008	8.0897e-008	8.5124e-008	8.8164e-008	8.9432e-008	9.1839e-008	9.4002e-008	9.5054e-008	9.6577e-008	9.7173e-008	9.7045e-008	9.6375e-008	9.3826e-008	9.3267e-008	8.8196e-008	8.7838e-008	8.5464e-008	8.1379e-008	7.9387e-008	7.8396e-008	7.7277e-008	7.5356e-008	7.2041e-008	6.9711e-008	6.6799e-008	6.5875e-008	6.3115e-008	6.1299e-008	5.9268e-008	5.573e-008	5.5028e-008	5.3568e-008	5.243e-008	5.0983e-008	4.7626e-008	4.4213e-008	4.1109e-008	3.9416e-008	3.7347e-008	3.6189e-008	3.3833e-008	3.0765e-008	2.8177e-008	2.6999e-008	2.5981e-008	2.4477e-008	2.1556e-008	1.9682e-008	1.7056e-008	1.5898e-008	1.3567e-008	1.1121e-008	8.9653e-009	8.3662e-009	6.6933e-009	5.3785e-009	5.1712e-009	5.1408e-009	4.7767e-009	4.6632e-009	4.9754e-009	4.5138e-009	4.5299e-009	4.6359e-009	5.0762e-009	5.7495e-009	7.0682e-009	9.7144e-009	1.1567e-008	1.4215e-008	1.8505e-008	2.175e-008	2.7451e-008	3.4432e-008	4.2743e-008	5.1414e-008	5.6566e-008	6.2208e-008	6.7451e-008	7.2099e-008	7.739e-008	8.1515e-008	8.5482e-008	8.7422e-008	8.8692e-008	9.0278e-008	9.189e-008	9.3083e-008	9.4898e-008	9.5481e-008	9.5198e-008	9.4097e-008	9.3656e-008	9.2965e-008	9.1166e-008	8.9593e-008	8.675e-008	8.4651e-008	8.3186e-008	8.1681e-008	7.8932e-008	7.7607e-008	7.5284e-008	7.3826e-008	7.1015e-008	6.9008e-008	6.6342e-008	6.4546e-008	6.3085e-008	6.0358e-008	5.3485e-008	5.2038e-008	5.0297e-008	4.7232e-008	4.4952e-008	4.2098e-008	3.9741e-008	3.8204e-008	3.4807e-008	3.3356e-008	2.8786e-008	2.6739e-008	2.3892e-008	2.2844e-008	2.0354e-008	1.8044e-008	1.5339e-008	1.4243e-008	1.0273e-008	9.7353e-009	8.9157e-009	7.5871e-009	6.4804e-009	5.4444e-009	5.1806e-009	4.8676e-009	4.1039e-009	4.0457e-009	3.6194e-009	3.4914e-009	4.1806e-009	4.2772e-009	4.9491e-009	5.4809e-009	5.6911e-009	6.3379e-009	7.6267e-009	9.8063e-009	1.2795e-008	1.5672e-008	1.8829e-008	2.3721e-008	2.835e-008	3.4984e-008	4.0671e-008	4.6163e-008	5.3093e-008	5.9273e-008	6.528e-008	7.0067e-008	7.4431e-008	7.7642e-008	8.0766e-008	8.2728e-008	8.4315e-008	8.6738e-008	8.7835e-008	8.9291e-008	8.9555e-008	9.0001e-008	8.9672e-008	8.8955e-008	8.8205e-008	8.7785e-008	8.7934e-008	8.6504e-008	8.6703e-008	8.3177e-008	8.1358e-008	8.0072e-008	7.8132e-008	7.7001e-008	7.6455e-008	7.508e-008	7.2132e-008	7.1012e-008	6.9601e-008	6.7468e-008	6.5606e-008	6.1399e-008	5.8797e-008	5.807e-008	5.534e-008	5.2637e-008	5.0224e-008	4.5192e-008	4.4561e-008	4.3728e-008	4.0872e-008	3.8962e-008	3.219e-008	3.307e-008	3.1685e-008	2.9423e-008	2.6577e-008	2.4462e-008	2.1784e-008	1.9893e-008	1.7807e-008	1.5844e-008	1.2905e-008	1.1888e-008	1.0483e-008	8.9748e-009	8.0862e-009	6.8859e-009	6.141e-009	5.1396e-009	5.2543e-009	5.2885e-009	5.4296e-009	5.4561e-009	5.4553e-009	5.7558e-009	5.9761e-009	8.2478e-009	9.8584e-009	1.1341e-008	1.4263e-008	1.7126e-008	2.0238e-008	2.5379e-008	3.2134e-008	3.7968e-008	4.4626e-008	5.155e-008	5.6524e-008	6.3201e-008	6.4986e-008	6.9065e-008	7.3477e-008	7.9122e-008	8.3172e-008	8.5688e-008	8.9747e-008	9.1014e-008	9.1446e-008	9.1337e-008	9.0895e-008	9.0733e-008
1.5469e-009	2.3806e-009	2.7195e-009	2.6165e-009	2.8544e-009	3.3474e-009	3.8221e-009	5.7874e-009	8.5136e-009	1.1679e-008	1.4762e-008	1.7614e-008	2.1422e-008	2.75e-008	3.3569e-008	4.0887e-008	4.6357e-008	5.2151e-008	5.7829e-008	6.627e-008	7.3697e-008	7.7912e-008	8.0084e-008	8.3339e-008	8.529e-008	8.6368e-008	8.7573e-008	8.8703e-008	8.9718e-008	9.0418e-008	9.1605e-008	9.2834e-008	9.291e-008	9.2944e-008	9.1263e-008	8.9707e-008	8.5546e-008	8.3682e-008	8.1785e-008	7.8811e-008	7.7233e-008	7.5799e-008	7.2956e-008	7.1584e-008	6.8804e-008	6.6074e-008	6.4126e-008	6.2256e-008	6.0725e-008	5.7233e-008	5.5187e-008	5.2265e-008	5.0974e-008	4.9652e-008	4.794e-008	4.3322e-008	4.1146e-008	3.8689e-008	3.6801e-008	3.4541e-008	3.1573e-008	2.7573e-008	2.6038e-008	2.4605e-008	2.1332e-008	1.8388e-008	1.6863e-008	1.4714e-008	1.1886e-008	9.3479e-009	7.4866e-009	5.7095e-009	3.9604e-009	3.2934e-009	2.4664e-009	1.9025e-009	1.8276e-009	2.0443e-009	2.0056e-009	2.5583e-009	2.4005e-009	1.5562e-009	2.109e-009	2.332e-009	2.5408e-009	2.3215e-009	3.0556e-009	3.3938e-009	3.773e-009	5.0916e-009	7.2114e-009	1.0346e-008	1.5105e-008	2.0895e-008	2.9189e-008	3.8235e-008	4.4553e-008	5.0926e-008	5.8232e-008	6.4221e-008	7.132e-008	7.4501e-008	7.9285e-008	8.3487e-008	8.5696e-008	8.6858e-008	9.0172e-008	9.1519e-008	9.2138e-008	9.3194e-008	9.2961e-008	9.2812e-008	9.283e-008	9.1456e-008	8.9978e-008	8.8704e-008	8.6922e-008	8.3784e-008	8.0781e-008	7.9294e-008	7.7479e-008	7.667e-008	7.5959e-008	7.4917e-008	7.2367e-008	7.1146e-008	6.988e-008	6.2129e-008	6.1643e-008	6.0032e-008	5.8294e-008	5.6372e-008	5.2505e-008	5.0901e-008	4.9603e-008	4.7195e-008	4.2331e-008	4.0119e-008	3.7546e-008	3.6217e-008	3.3852e-008	3.1395e-008	2.8872e-008	2.5067e-008	2.4172e-008	2.2526e-008	1.9918e-008	1.7445e-008	1.4945e-008	1.167e-008	9.606e-009	8.2918e-009	6.5147e-009	4.621e-009	3.9183e-009	3.5183e-009	3.3754e-009	4.0043e-009	4.0643e-009	3.6512e-009	3.6757e-009	3.7855e-009	3.9224e-009	4.4178e-009	3.9909e-009	3.7917e-009	3.9049e-009	4.9598e-009	5.6596e-009	7.4847e-009	1.0603e-008	1.3616e-008	1.8048e-008	2.293e-008	3.095e-008	4.0268e-008	4.8273e-008	5.6066e-008	6.161e-008	6.6528e-008	6.9696e-008	7.435e-008	7.9285e-008	8.1755e-008	8.4884e-008	8.7621e-008	9.0264e-008	9.1438e-008	9.2631e-008	9.3649e-008	9.4319e-008	9.449e-008	9.4068e-008	9.3513e-008	9.3096e-008	9.2409e-008	9.1149e-008	8.9061e-008	8.7233e-008	8.3338e-008	8.2155e-008	7.9108e-008	7.6277e-008	7.2316e-008	6.891e-008	6.7934e-008	6.6667e-008	6.4164e-008	6.2348e-008	5.9321e-008	5.7804e-008	5.5248e-008	5.1656e-008	4.9031e-008	4.5993e-008	4.434e-008	4.1449e-008	3.7625e-008	3.3806e-008	3.2071e-008	2.7566e-008	2.7589e-008	2.4013e-008	2.0963e-008	1.927e-008	1.6746e-008	1.3984e-008	1.1666e-008	9.3443e-009	7.9733e-009	6.1441e-009	5.2797e-009	4.6883e-009	4.4449e-009	4.0585e-009	3.5149e-009	3.2733e-009	3.4033e-009	3.3874e-009	3.3353e-009	3.5194e-009	3.3563e-009	3.5223e-009	3.4997e-009	3.3498e-009	3.1518e-009	3.9684e-009	4.7382e-009	5.1502e-009	6.4443e-009	8.7897e-009	1.1626e-008	1.6882e-008	2.1121e-008	2.8213e-008	3.5262e-008	4.2635e-008	4.8176e-008	5.5567e-008	6.1664e-008	6.976e-008	7.4358e-008	7.7702e-008	8.0026e-008	8.404e-008	8.7711e-008	8.98e-008	9.1987e-008	9.3524e-008	9.6843e-008	9.6908e-008	9.7107e-008	9.6931e-008	9.6268e-008	9.3746e-008	9.2445e-008	8.9948e-008	8.7306e-008	8.5299e-008	8.3671e-008	7.9981e-008	7.8618e-008	7.6607e-008	7.4115e-008	7.2417e-008	6.9358e-008	6.6281e-008	6.552e-008	6.4307e-008	6.112e-008	5.868e-008	5.6997e-008	5.5349e-008	5.3659e-008	5.167e-008	5.0211e-008	4.7495e-008	4.4503e-008	4.2462e-008	3.9644e-008	3.7985e-008	3.616e-008	3.394e-008	2.8867e-008	2.8536e-008	2.7197e-008	2.6426e-008	2.4227e-008	2.2345e-008	2.0509e-008	1.7719e-008	1.5587e-008	1.3583e-008	1.1342e-008	9.6897e-009	8.1492e-009	7.1249e-009	5.4073e-009	4.5675e-009	4.8497e-009	4.5783e-009	4.5134e-009	4.3444e-009	4.5686e-009	4.5e-009	4.7459e-009	5.5597e-009	5.6435e-009	6.8816e-009	8.9151e-009	1.1873e-008	1.425e-008	1.8104e-008	2.0938e-008	2.8159e-008	3.4612e-008	4.3002e-008	5.1209e-008	5.7608e-008	6.4017e-008	6.7892e-008	7.3846e-008	7.7728e-008	8.1583e-008	8.7125e-008	8.9075e-008	8.9553e-008	9.0701e-008	9.1443e-008	9.2533e-008	9.4422e-008	9.4925e-008	9.4682e-008	9.3673e-008	9.3294e-008	9.2666e-008	9.1396e-008	8.8702e-008	8.6083e-008	8.451e-008	8.3073e-008	8.1895e-008	7.9632e-008	7.7662e-008	7.6504e-008	7.4634e-008	7.1995e-008	7.0092e-008	6.5379e-008	6.4631e-008	6.2392e-008	5.8743e-008	5.1054e-008	5.1164e-008	4.9457e-008	4.7319e-008	4.4957e-008	4.1665e-008	3.995e-008	3.7978e-008	3.5854e-008	3.2596e-008	3.0557e-008	2.7695e-008	2.4978e-008	2.2609e-008	2.0652e-008	1.8694e-008	1.6011e-008	1.3924e-008	1.2274e-008	9.8542e-009	8.7808e-009	7.264e-009	6.1138e-009	5.1506e-009	4.8937e-009	4.3836e-009	4.524e-009	4.3406e-009	3.9936e-009	3.96e-009	4.2511e-009	4.7146e-009	5.3003e-009	5.1345e-009	5.7319e-009	5.8962e-009	7.4386e-009	9.8054e-009	1.2029e-008	1.5284e-008	1.9e-008	2.3177e-008	2.8263e-008	3.4752e-008	4.2018e-008	4.6865e-008	5.446e-008	5.9709e-008	6.5496e-008	7.103e-008	7.3172e-008	7.83e-008	8.0685e-008	8.3072e-008	8.5118e-008	8.6586e-008	8.8221e-008	8.9312e-008	8.9921e-008	9.0396e-008	8.9533e-008	8.939e-008	8.8807e-008	8.8267e-008	8.8249e-008	8.6341e-008	8.5791e-008	8.26e-008	8.1525e-008	7.9934e-008	7.8325e-008	7.7151e-008	7.6077e-008	7.5069e-008	7.3049e-008	7.0992e-008	6.9557e-008	6.7748e-008	6.6065e-008	6.3587e-008	5.9544e-008	5.7907e-008	5.4161e-008	5.2039e-008	4.9929e-008	4.7004e-008	4.5369e-008	4.268e-008	4.0474e-008	3.8304e-008	3.5619e-008	3.3881e-008	3.2004e-008	2.8454e-008	2.6007e-008	2.4e-008	2.2378e-008	1.9405e-008	1.7649e-008	1.6389e-008	1.4036e-008	1.2299e-008	1.0499e-008	9.0734e-009	7.8262e-009	6.8276e-009	5.7841e-009	5.4821e-009	5.9096e-009	5.5834e-009	5.4521e-009	5.4885e-009	5.8292e-009	5.8444e-009	6.0345e-009	7.2374e-009	8.9202e-009	1.1207e-008	1.3487e-008	1.6305e-008	1.9948e-008	2.4671e-008	3.1585e-008	3.7197e-008	4.4723e-008	5.1481e-008	5.6448e-008	6.2719e-008	6.5839e-008	6.9653e-008	7.2596e-008	7.7977e-008	8.3256e-008	8.7296e-008	8.8341e-008	9.0246e-008	9.1476e-008	9.0774e-008	9.0396e-008	9.0559e-008
1.8087e-009	1.8768e-009	2.838e-009	2.8584e-009	2.8702e-009	3.4264e-009	4.3646e-009	6.3685e-009	8.8687e-009	1.1325e-008	1.5078e-008	1.7233e-008	2.2159e-008	2.7254e-008	3.1828e-008	3.9401e-008	4.623e-008	5.2104e-008	5.8076e-008	6.5393e-008	7.3292e-008	7.7574e-008	8.1275e-008	8.3511e-008	8.5331e-008	8.5761e-008	8.6672e-008	8.865e-008	9.0025e-008	9.0547e-008	9.1477e-008	9.2776e-008	9.3171e-008	9.2903e-008	9.1357e-008	8.9567e-008	8.6398e-008	8.4013e-008	8.1776e-008	7.9413e-008	7.6985e-008	7.5357e-008	7.4067e-008	7.0292e-008	6.7917e-008	6.618e-008	6.4115e-008	6.1106e-008	5.9728e-008	5.7629e-008	5.4767e-008	5.265e-008	5.047e-008	4.9479e-008	4.5718e-008	4.2103e-008	4.0138e-008	3.8486e-008	3.7072e-008	3.4084e-008	3.1395e-008	2.7694e-008	2.5628e-008	2.4305e-008	2.0395e-008	1.634e-008	1.602e-008	1.3065e-008	1.1243e-008	8.788e-009	6.735e-009	5.2147e-009	3.2382e-009	3.0071e-009	2.7463e-009	1.9658e-009	2.2011e-009	2.3552e-009	1.8244e-009	2.3814e-009	2.3218e-009	1.5862e-009	2.3218e-009	2.4244e-009	2.3213e-009	2.0189e-009	2.7302e-009	3.1601e-009	3.8995e-009	4.9774e-009	6.67e-009	9.3221e-009	1.5462e-008	2.2176e-008	3.0718e-008	3.831e-008	4.5622e-008	5.1674e-008	5.9333e-008	6.6116e-008	7.2067e-008	7.6786e-008	8.1579e-008	8.3972e-008	8.6294e-008	8.8212e-008	9.025e-008	9.1467e-008	9.2208e-008	9.2506e-008	9.2027e-008	9.1835e-008	9.1906e-008	9.0756e-008	8.9209e-008	8.819e-008	8.5854e-008	8.4361e-008	8.226e-008	7.789e-008	7.7218e-008	7.6954e-008	7.6462e-008	7.6069e-008	7.3752e-008	7.2391e-008	6.9933e-008	6.4773e-008	6.2465e-008	6.0892e-008	5.8045e-008	5.5876e-008	5.2967e-008	5.1895e-008	4.9136e-008	4.6317e-008	4.3195e-008	3.9352e-008	3.64e-008	3.5393e-008	3.2706e-008	2.9636e-008	2.752e-008	2.4934e-008	2.3407e-008	2.1549e-008	1.9672e-008	1.7552e-008	1.4324e-008	1.1542e-008	9.7735e-009	7.8827e-009	5.7008e-009	4.4012e-009	4.458e-009	4.1477e-009	3.7459e-009	3.4191e-009	3.94e-009	3.658e-009	3.7481e-009	3.9468e-009	4.2639e-009	4.1534e-009	3.7048e-009	3.7881e-009	4.2403e-009	5.1724e-009	6.6203e-009	8.0145e-009	9.9587e-009	1.373e-008	1.8072e-008	2.4445e-008	3.3827e-008	4.1239e-008	4.7037e-008	5.5631e-008	6.1287e-008	6.5684e-008	6.9754e-008	7.4069e-008	7.8059e-008	8.1988e-008	8.5844e-008	8.7981e-008	9.0818e-008	9.2078e-008	9.3841e-008	9.4619e-008	9.5191e-008	9.4757e-008	9.409e-008	9.3484e-008	9.3168e-008	9.2377e-008	9.0779e-008	8.8126e-008	8.5513e-008	8.4286e-008	8.3011e-008	7.9079e-008	7.5484e-008	6.9549e-008	6.9459e-008	6.7813e-008	6.617e-008	6.386e-008	6.1917e-008	5.9722e-008	5.7469e-008	5.4926e-008	5.0681e-008	4.8326e-008	4.6102e-008	4.3267e-008	4.1078e-008	3.9038e-008	3.5167e-008	3.2259e-008	2.8009e-008	2.667e-008	2.5105e-008	2.1762e-008	1.8443e-008	1.7429e-008	1.4737e-008	1.1374e-008	1.027e-008	8.8073e-009	7.1132e-009	5.2602e-009	5.1e-009	4.6699e-009	4.1585e-009	3.703e-009	3.458e-009	3.507e-009	3.1079e-009	3.4441e-009	3.5043e-009	3.6408e-009	4.4736e-009	3.387e-009	3.4736e-009	3.8652e-009	3.9698e-009	4.7774e-009	4.9703e-009	5.919e-009	8.2113e-009	1.1296e-008	1.717e-008	2.1345e-008	2.8766e-008	3.6573e-008	4.3083e-008	4.8901e-008	5.4388e-008	6.1251e-008	6.6745e-008	7.2896e-008	7.7692e-008	8.0477e-008	8.3344e-008	8.7615e-008	9.0159e-008	9.3332e-008	9.4747e-008	9.7816e-008	9.7131e-008	9.6142e-008	9.5875e-008	9.5503e-008	9.2546e-008	9.1541e-008	8.9755e-008	8.7771e-008	8.6255e-008	8.391e-008	8.131e-008	7.8006e-008	7.5659e-008	7.3158e-008	7.1246e-008	6.9146e-008	6.6763e-008	6.5277e-008	6.4089e-008	6.218e-008	5.8743e-008	5.8248e-008	5.6243e-008	5.3728e-008	5.2127e-008	4.8952e-008	4.7222e-008	4.3982e-008	4.212e-008	3.9787e-008	3.8583e-008	3.649e-008	3.3506e-008	3.2167e-008	2.9381e-008	2.7285e-008	2.6834e-008	2.3983e-008	2.2133e-008	1.9551e-008	1.6415e-008	1.5129e-008	1.2882e-008	1.097e-008	1.0053e-008	8.8988e-009	7.1197e-009	5.6165e-009	5.0912e-009	4.8761e-009	4.7898e-009	4.894e-009	4.396e-009	4.4075e-009	4.8235e-009	4.7616e-009	5.2748e-009	5.9898e-009	7.4778e-009	9.7249e-009	1.2079e-008	1.4468e-008	1.9111e-008	2.3402e-008	2.894e-008	3.6583e-008	4.4576e-008	5.2107e-008	5.6695e-008	6.4595e-008	6.9263e-008	7.5431e-008	8.0263e-008	8.3592e-008	8.8255e-008	8.9526e-008	9.084e-008	9.1022e-008	9.1894e-008	9.353e-008	9.4211e-008	9.4949e-008	9.4745e-008	9.3924e-008	9.3072e-008	9.1783e-008	9.0962e-008	8.8525e-008	8.5727e-008	8.3947e-008	8.259e-008	8.1065e-008	7.9729e-008	7.8122e-008	7.5744e-008	7.4408e-008	7.246e-008	6.8872e-008	6.5865e-008	6.4309e-008	6.3173e-008	5.9701e-008	5.6021e-008	5.0403e-008	4.8339e-008	4.7412e-008	4.4177e-008	4.1998e-008	4.0109e-008	3.7454e-008	3.4205e-008	3.188e-008	2.9652e-008	2.7085e-008	2.5048e-008	2.2333e-008	2.066e-008	1.6553e-008	1.5833e-008	1.3767e-008	1.1167e-008	9.2551e-009	8.0617e-009	6.8198e-009	5.8304e-009	4.9867e-009	4.6515e-009	4.5966e-009	4.5964e-009	4.6073e-009	4.4202e-009	4.2899e-009	4.2163e-009	4.7123e-009	4.9249e-009	4.8074e-009	5.5298e-009	6.2615e-009	7.648e-009	1.0104e-008	1.2556e-008	1.552e-008	1.8619e-008	2.3159e-008	2.8366e-008	3.4434e-008	4.2321e-008	4.7141e-008	5.5478e-008	6.0966e-008	6.8435e-008	7.1763e-008	7.393e-008	7.8744e-008	8.0848e-008	8.2564e-008	8.5516e-008	8.6866e-008	8.823e-008	8.9642e-008	9.0171e-008	9.0552e-008	8.998e-008	8.9436e-008	8.9413e-008	8.9038e-008	8.8028e-008	8.6482e-008	8.5562e-008	8.4345e-008	8.0816e-008	7.9931e-008	7.8327e-008	7.7235e-008	7.6061e-008	7.3959e-008	7.2138e-008	7.0583e-008	6.8818e-008	6.7988e-008	6.662e-008	6.3677e-008	6.1889e-008	5.8094e-008	5.5885e-008	5.1972e-008	5.0151e-008	4.7448e-008	4.3228e-008	4.293e-008	4.0283e-008	3.8563e-008	3.6376e-008	3.3921e-008	3.1479e-008	2.8857e-008	2.622e-008	2.3641e-008	2.2346e-008	1.9897e-008	1.7638e-008	1.5807e-008	1.3754e-008	1.2076e-008	1.0322e-008	9.2742e-009	7.5745e-009	6.8602e-009	5.5526e-009	5.7293e-009	5.6958e-009	5.5555e-009	5.4664e-009	5.7288e-009	6.1395e-009	6.043e-009	6.4944e-009	6.9642e-009	9.1489e-009	1.1295e-008	1.286e-008	1.6239e-008	1.9302e-008	2.4721e-008	3.1539e-008	3.6753e-008	4.4439e-008	5.1636e-008	5.875e-008	6.2998e-008	6.7759e-008	7.0367e-008	7.1871e-008	7.6982e-008	8.2905e-008	8.7151e-008	8.7652e-008	8.9823e-008	9.1268e-008	9.0434e-008	9.0103e-008	9.024e-008
2.0345e-009	2.4515e-009	2.4086e-009	2.5133e-009	2.8379e-009	3.3444e-009	3.8795e-009	5.6785e-009	8.3767e-009	1.083e-008	1.3861e-008	1.8006e-008	2.3122e-008	2.7928e-008	3.2128e-008	3.918e-008	4.7079e-008	5.2043e-008	5.8138e-008	6.5794e-008	7.2009e-008	7.793e-008	8.1128e-008	8.3055e-008	8.4028e-008	8.532e-008	8.7193e-008	8.8525e-008	8.9797e-008	9.0421e-008	9.1018e-008	9.1889e-008	9.249e-008	9.2056e-008	9.0711e-008	8.8733e-008	8.5568e-008	8.3187e-008	7.9809e-008	7.8772e-008	7.6142e-008	7.4335e-008	7.2852e-008	6.9469e-008	6.6724e-008	6.5995e-008	6.3312e-008	6.1294e-008	5.9459e-008	5.6757e-008	5.4918e-008	5.2e-008	4.9935e-008	4.7765e-008	4.5692e-008	4.0592e-008	3.9006e-008	3.8719e-008	3.6168e-008	3.3675e-008	3.1821e-008	2.7359e-008	2.6131e-008	2.3034e-008	2.1504e-008	1.8139e-008	1.6233e-008	1.3763e-008	1.1563e-008	9.3255e-009	6.9645e-009	5.3817e-009	3.7838e-009	3.5786e-009	3.0167e-009	2.2293e-009	2.0581e-009	2.1911e-009	2.1558e-009	1.9339e-009	2.1338e-009	2.7833e-009	2.1817e-009	2.3383e-009	2.0963e-009	2.3495e-009	2.4784e-009	3.0588e-009	3.6239e-009	4.7234e-009	6.0915e-009	1.0246e-008	1.5324e-008	2.3056e-008	3.1662e-008	3.9432e-008	4.5164e-008	5.2124e-008	5.9193e-008	6.2854e-008	7.0118e-008	7.6452e-008	7.968e-008	8.2462e-008	8.532e-008	8.7446e-008	8.9355e-008	9.0596e-008	9.1877e-008	9.1796e-008	9.1327e-008	9.1579e-008	9.0981e-008	9.0385e-008	8.9378e-008	8.8318e-008	8.6808e-008	8.4262e-008	8.1783e-008	7.7584e-008	7.7545e-008	7.6498e-008	7.6162e-008	7.584e-008	7.4016e-008	7.268e-008	6.8953e-008	6.6712e-008	6.2932e-008	6.0163e-008	5.7924e-008	5.5852e-008	5.3797e-008	5.1312e-008	4.8833e-008	4.6317e-008	4.3711e-008	3.8629e-008	3.7264e-008	3.4641e-008	3.258e-008	2.9998e-008	2.752e-008	2.5389e-008	2.38e-008	2.1642e-008	1.914e-008	1.6297e-008	1.4705e-008	1.2566e-008	8.8135e-009	7.3335e-009	5.3701e-009	3.9028e-009	3.7038e-009	3.7366e-009	3.6248e-009	2.9554e-009	3.3174e-009	3.672e-009	3.2903e-009	3.7929e-009	4.178e-009	3.849e-009	3.7016e-009	3.5375e-009	4.2699e-009	5.0618e-009	6.5044e-009	7.988e-009	1.0364e-008	1.3748e-008	1.8056e-008	2.4912e-008	3.2804e-008	4.0579e-008	4.6886e-008	5.3604e-008	5.9785e-008	6.6846e-008	6.9517e-008	7.3991e-008	7.6627e-008	8.2482e-008	8.5237e-008	8.9169e-008	9.1083e-008	9.2595e-008	9.4365e-008	9.4965e-008	9.4917e-008	9.4688e-008	9.3971e-008	9.322e-008	9.3108e-008	9.2099e-008	9.0718e-008	8.6002e-008	8.4938e-008	8.4109e-008	8.2008e-008	7.8227e-008	7.6461e-008	7.1311e-008	6.9403e-008	6.7435e-008	6.4453e-008	6.3467e-008	6.1209e-008	5.9196e-008	5.7418e-008	5.506e-008	5.1866e-008	5.0645e-008	4.6093e-008	4.3668e-008	4.1415e-008	3.8751e-008	3.6096e-008	3.4558e-008	3.1875e-008	2.5819e-008	2.5768e-008	2.1713e-008	1.9537e-008	1.7711e-008	1.2607e-008	1.2034e-008	1.1029e-008	8.9247e-009	7.0255e-009	5.9826e-009	4.6764e-009	4.2242e-009	3.9018e-009	3.2424e-009	3.2992e-009	3.1543e-009	2.7526e-009	3.1507e-009	3.5555e-009	3.3666e-009	4.1501e-009	3.4834e-009	3.3152e-009	3.9758e-009	4.8628e-009	4.5317e-009	4.8957e-009	6.0808e-009	7.6199e-009	1.072e-008	1.6353e-008	2.1285e-008	2.7856e-008	3.4937e-008	4.1932e-008	4.8566e-008	5.5265e-008	5.9801e-008	6.5583e-008	7.2613e-008	7.7075e-008	7.9971e-008	8.4158e-008	8.7041e-008	9.0426e-008	9.3824e-008	9.5254e-008	9.6643e-008	9.6206e-008	9.5594e-008	9.5339e-008	9.5211e-008	9.2912e-008	9.1144e-008	8.9289e-008	8.7042e-008	8.5071e-008	8.145e-008	8.0836e-008	7.8812e-008	7.6183e-008	7.3804e-008	7.025e-008	6.8103e-008	6.6284e-008	6.529e-008	6.4026e-008	6.1804e-008	5.9277e-008	5.7554e-008	5.636e-008	5.4006e-008	5.1601e-008	4.9209e-008	4.5971e-008	4.3771e-008	4.175e-008	4.0164e-008	3.6627e-008	3.5443e-008	3.2685e-008	3.0622e-008	2.9188e-008	2.7146e-008	2.4792e-008	2.3323e-008	2.1116e-008	1.8723e-008	1.6947e-008	1.3921e-008	1.2827e-008	1.0344e-008	9.3218e-009	7.8755e-009	6.2249e-009	5.5865e-009	4.7153e-009	4.4167e-009	4.3681e-009	5.098e-009	4.4282e-009	4.1424e-009	4.759e-009	4.782e-009	5.2276e-009	6.0311e-009	8.1155e-009	9.654e-009	1.16e-008	1.4263e-008	1.9552e-008	2.3175e-008	2.8301e-008	3.6831e-008	4.321e-008	5.0592e-008	5.5807e-008	6.4643e-008	7.0009e-008	7.5788e-008	7.9452e-008	8.3963e-008	8.8018e-008	8.9357e-008	9.0795e-008	9.1623e-008	9.1662e-008	9.2763e-008	9.3684e-008	9.4752e-008	9.3814e-008	9.3429e-008	9.309e-008	9.188e-008	8.958e-008	8.788e-008	8.5396e-008	8.3508e-008	8.1606e-008	8.0073e-008	7.8377e-008	7.6918e-008	7.5306e-008	7.3227e-008	7.074e-008	6.8092e-008	6.5167e-008	6.3041e-008	6.2228e-008	6.0109e-008	5.6181e-008	5.0832e-008	4.8809e-008	4.7473e-008	4.3827e-008	4.2072e-008	3.9922e-008	3.7553e-008	3.4184e-008	3.1286e-008	2.9523e-008	2.664e-008	2.4014e-008	2.2099e-008	2.0405e-008	1.7125e-008	1.4446e-008	1.2643e-008	1.0074e-008	8.2296e-009	6.9859e-009	5.5176e-009	5.2852e-009	4.8105e-009	4.4575e-009	4.5691e-009	4.3828e-009	4.3051e-009	4.4345e-009	4.4319e-009	4.7516e-009	4.6312e-009	4.7599e-009	5.0321e-009	5.1825e-009	6.2139e-009	7.5356e-009	9.5018e-009	1.2361e-008	1.545e-008	1.8403e-008	2.25e-008	2.6596e-008	3.4011e-008	4.0451e-008	4.7136e-008	5.4856e-008	6.1487e-008	6.8302e-008	7.1603e-008	7.5264e-008	7.8474e-008	8.1151e-008	8.3522e-008	8.5602e-008	8.6608e-008	8.8399e-008	8.9583e-008	9.0125e-008	8.9954e-008	8.9533e-008	8.9858e-008	8.9784e-008	9e-008	8.8093e-008	8.6524e-008	8.5939e-008	8.4487e-008	8.0898e-008	7.9086e-008	7.7734e-008	7.6559e-008	7.5975e-008	7.3956e-008	7.1716e-008	7.0703e-008	6.9726e-008	6.8651e-008	6.696e-008	6.3778e-008	6.0837e-008	5.8218e-008	5.545e-008	5.113e-008	4.9853e-008	4.7697e-008	4.5553e-008	4.2179e-008	4.0217e-008	3.7413e-008	3.5434e-008	3.2563e-008	3.0964e-008	2.8483e-008	2.579e-008	2.2288e-008	2.2219e-008	1.8474e-008	1.6903e-008	1.5282e-008	1.321e-008	1.1503e-008	9.8424e-009	7.9994e-009	7.2993e-009	6.3496e-009	5.5069e-009	5.4225e-009	5.2373e-009	5.3464e-009	4.9895e-009	4.9812e-009	5.843e-009	5.7494e-009	5.7837e-009	6.6855e-009	8.8468e-009	1.0698e-008	1.2759e-008	1.605e-008	2.0075e-008	2.4317e-008	3.0418e-008	3.6322e-008	4.3599e-008	5.0263e-008	5.7376e-008	6.2358e-008	6.7471e-008	7.0039e-008	7.3504e-008	7.8119e-008	8.0499e-008	8.5661e-008	8.7255e-008	9.0472e-008	9.0533e-008	8.9878e-008	8.9198e-008	9.0036e-008
1.8666e-009	2.0009e-009	2.1767e-009	2.3405e-009	2.6743e-009	2.8896e-009	3.875e-009	5.6522e-009	7.8982e-009	1.0536e-008	1.3338e-008	1.7923e-008	2.3698e-008	2.839e-008	3.2284e-008	3.9315e-008	4.6884e-008	5.2363e-008	5.7802e-008	6.5781e-008	7.2137e-008	7.7185e-008	8.1062e-008	8.287e-008	8.4146e-008	8.4769e-008	8.6676e-008	8.7601e-008	8.9468e-008	9.03e-008	9.0353e-008	9.087e-008	9.0418e-008	8.9899e-008	8.9424e-008	8.681e-008	8.4834e-008	8.2533e-008	7.845e-008	7.7771e-008	7.5328e-008	7.4182e-008	7.2527e-008	6.7976e-008	6.636e-008	6.5485e-008	6.3258e-008	6.2539e-008	5.8524e-008	5.6845e-008	5.4886e-008	5.0416e-008	4.936e-008	4.723e-008	4.4941e-008	4.3916e-008	4.227e-008	3.9177e-008	3.3404e-008	3.3413e-008	3.1887e-008	2.9193e-008	2.6285e-008	2.2932e-008	2.0303e-008	1.8159e-008	1.4573e-008	1.3043e-008	1.0506e-008	8.9607e-009	6.2522e-009	5.6299e-009	4.311e-009	3.3693e-009	2.7829e-009	2.2415e-009	2.4057e-009	1.9814e-009	1.5985e-009	1.8048e-009	1.6727e-009	2.7338e-009	2.5036e-009	2.1964e-009	2.3933e-009	2.693e-009	2.4551e-009	3.1907e-009	3.4968e-009	4.8083e-009	6.4655e-009	9.6079e-009	1.4997e-008	2.3804e-008	3.1594e-008	3.9519e-008	4.794e-008	5.3776e-008	5.928e-008	6.524e-008	7.2238e-008	7.674e-008	8.0057e-008	8.1864e-008	8.4294e-008	8.7135e-008	8.9169e-008	9.0305e-008	9.0835e-008	9.1193e-008	9.159e-008	9.1214e-008	9.0562e-008	8.9883e-008	8.9031e-008	8.8023e-008	8.6588e-008	8.4643e-008	8.2367e-008	7.9187e-008	7.8085e-008	7.6055e-008	7.534e-008	7.4517e-008	7.2955e-008	7.0993e-008	6.8392e-008	6.4699e-008	6.2501e-008	5.9911e-008	5.7605e-008	5.5205e-008	5.2951e-008	5.0675e-008	4.8778e-008	4.5637e-008	4.3111e-008	3.8849e-008	3.6609e-008	3.4506e-008	3.29e-008	2.971e-008	2.7646e-008	2.6253e-008	2.4425e-008	2.1417e-008	1.877e-008	1.6626e-008	1.3986e-008	1.193e-008	9.0515e-009	7.2141e-009	5.6858e-009	4.5935e-009	3.9524e-009	3.4091e-009	3.0779e-009	2.9867e-009	3.1488e-009	3.4685e-009	3.6293e-009	3.9549e-009	3.5884e-009	3.6945e-009	3.3295e-009	3.59e-009	3.8385e-009	5.4276e-009	6.5511e-009	8.2534e-009	1.132e-008	1.4657e-008	1.8851e-008	2.4215e-008	3.4022e-008	4.0879e-008	4.6206e-008	5.2506e-008	6.0327e-008	6.614e-008	6.8857e-008	7.4243e-008	7.8062e-008	8.3221e-008	8.7519e-008	9.0408e-008	9.166e-008	9.4682e-008	9.507e-008	9.4841e-008	9.5167e-008	9.4344e-008	9.3367e-008	9.3143e-008	9.3042e-008	9.2035e-008	8.9673e-008	8.6217e-008	8.484e-008	8.4234e-008	8.2652e-008	7.8826e-008	7.6679e-008	7.1342e-008	7.0162e-008	6.8552e-008	6.565e-008	6.4287e-008	6.1346e-008	5.8738e-008	5.6892e-008	5.5462e-008	5.3558e-008	5.0811e-008	4.288e-008	4.2823e-008	4.2683e-008	3.8784e-008	3.5404e-008	3.4497e-008	2.9318e-008	2.654e-008	2.57e-008	2.3342e-008	2.0593e-008	1.6738e-008	1.3338e-008	1.3134e-008	1.1292e-008	8.6175e-009	7.06e-009	5.8919e-009	4.697e-009	4.4499e-009	4.1328e-009	3.3665e-009	3.4453e-009	3.6396e-009	3.3267e-009	2.9912e-009	3.4764e-009	3.7101e-009	3.741e-009	3.802e-009	3.6835e-009	4.3415e-009	4.4016e-009	4.0664e-009	4.9652e-009	5.798e-009	7.2034e-009	1.0786e-008	1.6672e-008	2.1494e-008	2.7213e-008	3.5248e-008	4.2746e-008	4.9422e-008	5.3909e-008	6.0217e-008	6.5833e-008	6.9716e-008	7.6033e-008	8.039e-008	8.4364e-008	8.8242e-008	9.1746e-008	9.3117e-008	9.4952e-008	9.537e-008	9.5002e-008	9.4954e-008	9.5109e-008	9.4257e-008	9.3048e-008	9.1746e-008	8.9016e-008	8.6783e-008	8.3631e-008	8.1527e-008	7.9902e-008	7.7868e-008	7.5444e-008	7.4048e-008	6.9344e-008	6.8183e-008	6.7065e-008	6.5565e-008	6.4074e-008	6.1493e-008	6.0589e-008	5.7422e-008	5.5814e-008	5.3231e-008	5.0556e-008	4.7866e-008	4.5572e-008	4.3217e-008	4.1775e-008	4.0243e-008	3.5789e-008	3.5259e-008	3.2824e-008	3.0045e-008	2.8741e-008	2.7066e-008	2.5595e-008	2.2761e-008	2.0224e-008	1.8488e-008	1.6517e-008	1.4081e-008	1.2331e-008	9.9083e-009	8.5362e-009	7.026e-009	5.4266e-009	4.8449e-009	4.6938e-009	4.8713e-009	4.4142e-009	4.8062e-009	4.356e-009	4.3431e-009	4.2752e-009	4.6937e-009	5.1557e-009	5.7193e-009	7.8339e-009	9.9088e-009	1.1008e-008	1.3435e-008	1.9087e-008	2.2876e-008	2.9747e-008	3.6348e-008	4.346e-008	5.106e-008	5.6714e-008	6.3535e-008	7.0518e-008	7.6076e-008	7.9705e-008	8.4627e-008	8.6802e-008	8.9667e-008	9.0742e-008	9.1241e-008	9.0889e-008	9.2262e-008	9.3514e-008	9.4503e-008	9.4728e-008	9.4412e-008	9.308e-008	9.1686e-008	8.8966e-008	8.6136e-008	8.5159e-008	8.362e-008	8.1536e-008	7.9968e-008	7.7782e-008	7.5558e-008	7.4498e-008	7.2761e-008	6.9622e-008	6.7872e-008	6.5208e-008	6.3199e-008	6.1468e-008	5.8211e-008	5.5541e-008	5.3109e-008	4.974e-008	4.8056e-008	4.3459e-008	4.1237e-008	3.8822e-008	3.7215e-008	3.1528e-008	3.0678e-008	2.8988e-008	2.6351e-008	2.3188e-008	2.1107e-008	1.9417e-008	1.6889e-008	1.4322e-008	1.2478e-008	1.0264e-008	7.9866e-009	6.5657e-009	5.4998e-009	4.8628e-009	4.7633e-009	4.5753e-009	4.1944e-009	4.2037e-009	4.2758e-009	4.3726e-009	4.3896e-009	5.2271e-009	4.8907e-009	5.5274e-009	5.5257e-009	5.3575e-009	6.3049e-009	7.429e-009	9.3497e-009	1.1032e-008	1.5672e-008	1.8155e-008	2.2521e-008	2.7355e-008	3.4777e-008	4.0305e-008	4.7284e-008	5.463e-008	6.019e-008	6.666e-008	7.26e-008	7.461e-008	7.9137e-008	8.1301e-008	8.3562e-008	8.5665e-008	8.8064e-008	8.8863e-008	8.9672e-008	9.0355e-008	9.0451e-008	9.0553e-008	9.0609e-008	9.0322e-008	8.9941e-008	8.8279e-008	8.7233e-008	8.5722e-008	8.4333e-008	7.9119e-008	7.8724e-008	7.7638e-008	7.6132e-008	7.555e-008	7.3542e-008	7.0823e-008	7.0618e-008	6.9696e-008	6.722e-008	6.4553e-008	6.2427e-008	6.007e-008	5.7472e-008	5.4454e-008	5.2687e-008	4.7629e-008	4.6658e-008	4.4644e-008	4.104e-008	4.0635e-008	3.7038e-008	3.4949e-008	3.2076e-008	3.0761e-008	2.7965e-008	2.6225e-008	2.4268e-008	2.1591e-008	1.9687e-008	1.6565e-008	1.4921e-008	1.266e-008	1.1279e-008	9.7426e-009	8.0722e-009	6.6187e-009	5.6998e-009	5.0719e-009	4.9486e-009	4.8831e-009	5.0287e-009	4.9926e-009	5.245e-009	5.4119e-009	6.0598e-009	6.4923e-009	6.6358e-009	8.2028e-009	1.0585e-008	1.2797e-008	1.622e-008	2.0716e-008	2.4536e-008	2.98e-008	3.6392e-008	4.3521e-008	4.91e-008	5.6118e-008	6.0056e-008	6.5692e-008	6.9063e-008	7.2338e-008	7.7079e-008	8.092e-008	8.415e-008	8.6962e-008	8.879e-008	8.8867e-008	8.8654e-008	8.9469e-008	8.9988e-008
1.5753e-009	2.0764e-009	2.3726e-009	2.2196e-009	2.3321e-009	2.6801e-009	3.5397e-009	5.3112e-009	7.0625e-009	1.0053e-008	1.3953e-008	1.807e-008	2.2704e-008	2.8463e-008	3.221e-008	3.8149e-008	4.4533e-008	5.2756e-008	5.759e-008	6.372e-008	7.005e-008	7.5848e-008	7.9026e-008	8.1402e-008	8.3218e-008	8.3754e-008	8.5864e-008	8.7697e-008	8.8859e-008	9.0028e-008	9.0097e-008	8.9923e-008	8.8878e-008	8.8662e-008	8.6979e-008	8.5588e-008	8.3487e-008	8.1401e-008	7.8918e-008	7.7638e-008	7.5361e-008	7.3947e-008	7.0965e-008	6.7298e-008	6.5278e-008	6.3775e-008	6.308e-008	6.0677e-008	5.8424e-008	5.6224e-008	5.4544e-008	5.1378e-008	4.9406e-008	4.6999e-008	4.542e-008	4.3639e-008	4.2647e-008	3.9529e-008	3.5488e-008	3.4776e-008	3.2005e-008	2.9037e-008	2.7197e-008	2.3869e-008	2.112e-008	1.901e-008	1.7047e-008	1.4475e-008	1.152e-008	8.9959e-009	7.018e-009	5.4661e-009	4.409e-009	3.1729e-009	1.6548e-009	2.3287e-009	2.4474e-009	1.9403e-009	1.7657e-009	1.7391e-009	1.5382e-009	2.0107e-009	2.0155e-009	2.1262e-009	2.3188e-009	2.507e-009	2.2896e-009	3.0096e-009	3.3964e-009	4.6917e-009	6.3868e-009	8.7701e-009	1.3684e-008	2.2112e-008	3.1553e-008	3.9649e-008	4.6613e-008	5.4623e-008	6.1005e-008	6.4998e-008	7.0548e-008	7.5625e-008	7.9364e-008	8.2388e-008	8.4624e-008	8.6837e-008	8.8595e-008	8.941e-008	9.0116e-008	9.0954e-008	9.1686e-008	9.1441e-008	9.0171e-008	8.9187e-008	8.7809e-008	8.6932e-008	8.6172e-008	8.52e-008	8.324e-008	8.0763e-008	7.9014e-008	7.7299e-008	7.4818e-008	7.3203e-008	7.2564e-008	6.9747e-008	6.7324e-008	6.5115e-008	6.2404e-008	5.9801e-008	5.727e-008	5.4882e-008	5.115e-008	5.0545e-008	4.8443e-008	4.4387e-008	4.1488e-008	3.9525e-008	3.7504e-008	3.4419e-008	3.2863e-008	2.9386e-008	2.7479e-008	2.5921e-008	2.2836e-008	2.1212e-008	1.889e-008	1.5693e-008	1.3976e-008	1.1061e-008	8.6677e-009	6.9346e-009	5.818e-009	4.459e-009	3.6137e-009	3.3239e-009	2.7834e-009	2.6143e-009	3.2021e-009	3.3965e-009	3.1481e-009	3.3723e-009	2.8292e-009	3.665e-009	3.9989e-009	3.8688e-009	3.7829e-009	5.3518e-009	6.3742e-009	8.1597e-009	1.1394e-008	1.4379e-008	1.8814e-008	2.3793e-008	3.035e-008	3.6254e-008	4.5576e-008	5.1571e-008	5.8377e-008	6.3457e-008	6.8356e-008	7.3387e-008	7.828e-008	8.3285e-008	8.6785e-008	9.0497e-008	9.3847e-008	9.5522e-008	9.6156e-008	9.505e-008	9.4787e-008	9.427e-008	9.3411e-008	9.3135e-008	9.2687e-008	9.0058e-008	8.7275e-008	8.5092e-008	8.4722e-008	8.3357e-008	8.125e-008	7.9304e-008	7.3573e-008	7.0941e-008	6.9851e-008	6.8095e-008	6.5031e-008	6.4041e-008	6.0844e-008	5.8803e-008	5.7021e-008	5.5865e-008	5.4163e-008	5.0802e-008	4.5293e-008	4.4363e-008	4.22e-008	3.7374e-008	3.5175e-008	3.3685e-008	3.1855e-008	2.783e-008	2.5092e-008	2.2811e-008	2.0971e-008	1.8702e-008	1.5161e-008	1.2686e-008	1.1244e-008	7.9827e-009	7.0878e-009	5.7324e-009	4.8513e-009	4.2476e-009	3.7017e-009	3.8882e-009	4.2354e-009	3.8926e-009	3.4972e-009	3.6096e-009	3.2502e-009	3.5396e-009	3.6762e-009	3.6164e-009	3.3285e-009	4.0444e-009	4.2128e-009	4.1144e-009	4.5597e-009	5.3544e-009	7.2899e-009	1.1091e-008	1.5339e-008	2.0552e-008	2.7883e-008	3.4177e-008	4.1068e-008	4.9542e-008	5.5315e-008	6.0773e-008	6.4302e-008	7.0348e-008	7.5981e-008	8.0616e-008	8.5141e-008	8.8965e-008	9.1468e-008	9.2791e-008	9.4466e-008	9.4967e-008	9.4774e-008	9.4424e-008	9.4693e-008	9.4187e-008	9.2161e-008	9.0515e-008	8.804e-008	8.4773e-008	8.2748e-008	8.0956e-008	8.0264e-008	7.7655e-008	7.6829e-008	7.2888e-008	6.8326e-008	6.7118e-008	6.7128e-008	6.4723e-008	6.3315e-008	6.1331e-008	5.9863e-008	5.6308e-008	5.4046e-008	5.3127e-008	5.0807e-008	4.7513e-008	4.5537e-008	4.2847e-008	4.13e-008	4.0232e-008	3.5282e-008	3.4008e-008	3.2078e-008	2.9948e-008	2.7814e-008	2.6502e-008	2.4753e-008	2.3119e-008	2.1034e-008	1.7971e-008	1.6595e-008	1.4371e-008	1.081e-008	9.7443e-009	7.9132e-009	6.5744e-009	4.8514e-009	4.2679e-009	4.2398e-009	4.5323e-009	4.5172e-009	4.6824e-009	4.5877e-009	4.2504e-009	4.0261e-009	3.9337e-009	3.8193e-009	5.632e-009	7.2396e-009	8.9868e-009	1.1607e-008	1.4151e-008	1.7907e-008	2.2229e-008	2.9629e-008	3.7057e-008	4.412e-008	5.0478e-008	5.6495e-008	6.281e-008	6.9646e-008	7.4606e-008	8.0213e-008	8.3865e-008	8.5953e-008	8.9052e-008	8.9889e-008	9.019e-008	9.0681e-008	9.1764e-008	9.2374e-008	9.3996e-008	9.4543e-008	9.393e-008	9.2695e-008	9.1002e-008	8.8354e-008	8.6625e-008	8.471e-008	8.3067e-008	8.159e-008	7.9114e-008	7.755e-008	7.5465e-008	7.396e-008	7.1848e-008	6.9671e-008	6.7324e-008	6.3601e-008	6.2838e-008	6.0983e-008	5.7579e-008	5.4833e-008	5.2639e-008	5.0208e-008	4.7581e-008	4.4325e-008	4.0787e-008	3.9126e-008	3.6241e-008	3.2845e-008	2.9917e-008	2.7739e-008	2.5286e-008	2.2409e-008	2.0263e-008	1.8704e-008	1.5342e-008	1.3329e-008	1.1956e-008	9.6743e-009	7.7976e-009	6.4753e-009	5.2185e-009	4.7981e-009	4.4531e-009	4.1868e-009	4.0517e-009	4.1423e-009	3.9245e-009	4.0656e-009	4.8068e-009	5.1559e-009	4.9853e-009	5.4649e-009	5.4214e-009	5.377e-009	6.4383e-009	7.5626e-009	9.5673e-009	1.1862e-008	1.4299e-008	1.7272e-008	2.2782e-008	2.7865e-008	3.4417e-008	3.9912e-008	4.6943e-008	5.4265e-008	5.9522e-008	6.6678e-008	7.1352e-008	7.5469e-008	7.9187e-008	8.0614e-008	8.4488e-008	8.6039e-008	8.7923e-008	8.903e-008	9.0067e-008	9.1065e-008	9.073e-008	9.1145e-008	9.0664e-008	9.0814e-008	8.9763e-008	8.9259e-008	8.8532e-008	8.7448e-008	8.3906e-008	8.182e-008	7.8853e-008	7.7261e-008	7.636e-008	7.4803e-008	7.409e-008	7.248e-008	7.0795e-008	6.9711e-008	6.8374e-008	6.5272e-008	6.0679e-008	6.0132e-008	5.697e-008	5.5125e-008	5.3033e-008	4.9183e-008	4.7197e-008	4.5753e-008	4.3253e-008	4.0438e-008	3.76e-008	3.5794e-008	3.3074e-008	3.0757e-008	2.8465e-008	2.4556e-008	2.361e-008	2.1838e-008	1.8261e-008	1.7032e-008	1.3904e-008	1.2431e-008	1.0796e-008	8.8826e-009	6.8845e-009	5.5308e-009	4.9818e-009	4.767e-009	4.8892e-009	4.8381e-009	5.0494e-009	4.7983e-009	4.9356e-009	4.977e-009	5.8378e-009	6.184e-009	6.4713e-009	7.315e-009	9.8123e-009	1.2773e-008	1.5825e-008	2.0815e-008	2.4698e-008	2.8796e-008	3.6046e-008	4.2668e-008	4.9429e-008	5.3584e-008	5.9483e-008	6.473e-008	6.8715e-008	7.2451e-008	7.5821e-008	8.1286e-008	8.2425e-008	8.6396e-008	8.7641e-008	8.7914e-008	8.8608e-008	8.9485e-008	8.9765e-008
1.1789e-009	2.1377e-009	2.3234e-009	2.2802e-009	2.3114e-009	3.0731e-009	3.6911e-009	4.6849e-009	7.2141e-009	9.3695e-009	1.2863e-008	1.8455e-008	2.3395e-008	2.7186e-008	3.1962e-008	3.9123e-008	4.4394e-008	5.3983e-008	5.8063e-008	6.3995e-008	6.9564e-008	7.4927e-008	7.7619e-008	8.0573e-008	8.2232e-008	8.3583e-008	8.5113e-008	8.7598e-008	8.8797e-008	8.9957e-008	8.9879e-008	8.9402e-008	8.8677e-008	8.7657e-008	8.6398e-008	8.4565e-008	8.2486e-008	8.0382e-008	7.7805e-008	7.5824e-008	7.4447e-008	7.3282e-008	7.113e-008	6.9488e-008	6.5556e-008	6.2939e-008	6.1563e-008	5.9603e-008	5.8179e-008	5.6438e-008	5.4263e-008	5.2267e-008	4.8904e-008	4.6877e-008	4.5153e-008	4.4144e-008	4.1781e-008	3.8031e-008	3.662e-008	3.4804e-008	3.0547e-008	2.9133e-008	2.6673e-008	2.3659e-008	2.184e-008	1.8463e-008	1.6809e-008	1.4844e-008	1.2366e-008	9.5168e-009	7.4596e-009	5.6135e-009	3.9337e-009	3.0832e-009	2.3157e-009	2.0404e-009	2.4614e-009	2.4008e-009	2.2655e-009	2.046e-009	1.7944e-009	1.3997e-009	1.488e-009	1.837e-009	2.4927e-009	2.7168e-009	2.8293e-009	3.0293e-009	3.6339e-009	4.6008e-009	6.9409e-009	9.6005e-009	1.5143e-008	2.055e-008	3.0894e-008	3.9229e-008	4.7071e-008	5.1281e-008	6.0125e-008	6.4779e-008	7.1002e-008	7.4905e-008	7.9442e-008	8.2479e-008	8.4248e-008	8.6988e-008	8.8299e-008	8.9341e-008	9.0082e-008	9.1034e-008	9.1641e-008	9.172e-008	9.0201e-008	8.9306e-008	8.7962e-008	8.7444e-008	8.5767e-008	8.5194e-008	8.3777e-008	8.0808e-008	7.9024e-008	7.7477e-008	7.4851e-008	7.2642e-008	7.092e-008	6.8377e-008	6.7146e-008	6.5099e-008	6.2637e-008	5.9014e-008	5.7308e-008	5.4951e-008	5.3215e-008	5.1282e-008	4.6023e-008	4.099e-008	4.1807e-008	3.9816e-008	3.7005e-008	3.4704e-008	3.3315e-008	3.0528e-008	2.8113e-008	2.5936e-008	2.3418e-008	2.0997e-008	1.9229e-008	1.6833e-008	1.4475e-008	1.1526e-008	9.203e-009	6.9562e-009	5.4671e-009	4.3256e-009	4.05e-009	3.4458e-009	2.9231e-009	2.7241e-009	3.2885e-009	3.4084e-009	3.3413e-009	3.3114e-009	2.9566e-009	3.0606e-009	3.9464e-009	3.7952e-009	4.3164e-009	5.2905e-009	6.5942e-009	8.3004e-009	1.1057e-008	1.5193e-008	1.9351e-008	2.2227e-008	2.8424e-008	3.6001e-008	4.3918e-008	5.1492e-008	5.7064e-008	6.3301e-008	6.8739e-008	7.3159e-008	7.6916e-008	8.2761e-008	8.603e-008	8.9858e-008	9.3957e-008	9.5977e-008	9.6057e-008	9.5755e-008	9.5607e-008	9.4648e-008	9.3683e-008	9.2364e-008	9.1987e-008	9.0403e-008	8.8205e-008	8.6541e-008	8.4999e-008	8.3103e-008	8.1152e-008	7.8769e-008	7.4174e-008	7.1791e-008	7.0083e-008	6.7868e-008	6.5721e-008	6.3868e-008	6.04e-008	5.8645e-008	5.712e-008	5.6597e-008	5.4926e-008	4.7424e-008	4.6441e-008	4.6443e-008	4.4013e-008	4.0705e-008	3.4785e-008	3.4347e-008	3.2359e-008	3.004e-008	2.2999e-008	2.2082e-008	2.0431e-008	1.8358e-008	1.616e-008	1.3216e-008	1.1641e-008	1.0006e-008	7.2058e-009	6.1292e-009	4.7265e-009	4.2611e-009	4.1993e-009	4.2214e-009	4.1252e-009	3.7959e-009	3.5806e-009	3.5443e-009	3.4089e-009	3.5792e-009	3.9566e-009	3.8501e-009	3.7921e-009	3.9559e-009	4.4452e-009	4.6518e-009	5.0575e-009	5.4676e-009	6.9226e-009	1.1331e-008	1.5614e-008	1.8802e-008	2.8808e-008	3.3404e-008	4.1503e-008	4.9669e-008	5.4857e-008	6.0291e-008	6.6715e-008	7.1373e-008	7.6667e-008	8.06e-008	8.6118e-008	8.8778e-008	9.2338e-008	9.3367e-008	9.3288e-008	9.3824e-008	9.4359e-008	9.4227e-008	9.4233e-008	9.3916e-008	9.2377e-008	8.9854e-008	8.7585e-008	8.5735e-008	8.328e-008	8.0733e-008	8.0122e-008	7.7773e-008	7.6913e-008	7.1434e-008	7.0303e-008	6.8525e-008	6.6067e-008	6.4469e-008	6.2923e-008	6.054e-008	5.9017e-008	5.5983e-008	5.4304e-008	5.236e-008	5.0684e-008	4.6956e-008	4.4594e-008	4.2735e-008	4.1016e-008	3.9536e-008	3.6277e-008	3.3977e-008	3.1771e-008	3.011e-008	2.7909e-008	2.6314e-008	2.4754e-008	2.2595e-008	2.0638e-008	1.8251e-008	1.5932e-008	1.3812e-008	1.2251e-008	1.0169e-008	7.8028e-009	6.7217e-009	5.034e-009	4.5898e-009	4.2223e-009	4.4142e-009	4.2427e-009	4.3409e-009	4.1632e-009	4.2062e-009	3.9543e-009	4.046e-009	3.9437e-009	5.3496e-009	7.2746e-009	9.148e-009	1.09e-008	1.391e-008	1.7467e-008	2.3169e-008	2.9155e-008	3.542e-008	4.2871e-008	4.981e-008	5.6345e-008	6.2677e-008	6.6419e-008	7.3672e-008	8.0892e-008	8.3586e-008	8.5896e-008	8.7822e-008	8.9218e-008	8.9779e-008	9.1068e-008	9.2323e-008	9.2917e-008	9.3998e-008	9.4663e-008	9.363e-008	9.2419e-008	9.1119e-008	8.9077e-008	8.7337e-008	8.4964e-008	8.3059e-008	8.0949e-008	7.8918e-008	7.6616e-008	7.5437e-008	7.4038e-008	7.2129e-008	6.9599e-008	6.7866e-008	6.6258e-008	6.3501e-008	6.0378e-008	5.6437e-008	5.4321e-008	5.2351e-008	5.0238e-008	4.7283e-008	4.4054e-008	4.0914e-008	3.8042e-008	3.5989e-008	3.2419e-008	3.0624e-008	2.7794e-008	2.4816e-008	2.2757e-008	1.9921e-008	1.7837e-008	1.597e-008	1.2648e-008	1.1236e-008	9.3063e-009	6.969e-009	6.4469e-009	4.9466e-009	4.6111e-009	4.0413e-009	3.843e-009	3.9085e-009	4.1566e-009	4.2441e-009	5.5923e-009	5.2286e-009	5.0721e-009	4.886e-009	5.2868e-009	5.1825e-009	5.5094e-009	5.9625e-009	7.5451e-009	9.6686e-009	1.1729e-008	1.4048e-008	1.6857e-008	2.2651e-008	2.837e-008	3.5159e-008	4.0886e-008	4.6765e-008	5.4236e-008	6.0276e-008	6.5816e-008	7.1128e-008	7.5446e-008	7.9032e-008	8.0964e-008	8.4513e-008	8.606e-008	8.85e-008	9.0267e-008	9.1063e-008	9.1278e-008	9.1403e-008	9.1327e-008	9.0509e-008	9.0706e-008	9.0334e-008	8.949e-008	8.8753e-008	8.6706e-008	8.2711e-008	8.0674e-008	7.902e-008	7.7961e-008	7.5928e-008	7.4426e-008	7.4145e-008	7.1732e-008	6.9967e-008	6.8471e-008	6.7003e-008	6.5318e-008	6.1746e-008	5.9333e-008	5.6762e-008	5.4306e-008	5.2515e-008	5.1065e-008	4.8278e-008	4.491e-008	4.2633e-008	3.946e-008	3.8219e-008	3.5561e-008	3.3359e-008	3.0801e-008	2.7202e-008	2.5079e-008	2.3177e-008	2.1838e-008	1.6992e-008	1.6083e-008	1.4118e-008	1.2751e-008	1.0739e-008	8.2253e-009	6.7595e-009	5.2482e-009	5.0768e-009	4.7677e-009	4.8057e-009	4.8496e-009	4.8355e-009	4.4191e-009	4.9082e-009	5.4091e-009	5.4924e-009	5.6939e-009	6.2922e-009	7.8674e-009	9.6693e-009	1.2831e-008	1.4486e-008	1.9926e-008	2.4995e-008	2.9333e-008	3.4811e-008	4.0896e-008	4.8142e-008	5.3299e-008	5.7484e-008	6.4297e-008	6.7355e-008	7.1622e-008	7.5629e-008	8.037e-008	8.2875e-008	8.498e-008	8.6315e-008	8.7981e-008	8.9287e-008	8.9915e-008	9.0014e-008
1.6503e-009	2.4374e-009	2.4761e-009	2.4796e-009	2.5651e-009	3.2231e-009	3.9069e-009	4.9131e-009	7.3141e-009	9.934e-009	1.3705e-008	1.7278e-008	2.2977e-008	2.7274e-008	3.1662e-008	3.8622e-008	4.8104e-008	5.4219e-008	5.9688e-008	6.3892e-008	6.9111e-008	7.3601e-008	7.6064e-008	7.8856e-008	8.0737e-008	8.338e-008	8.5234e-008	8.7536e-008	8.8807e-008	8.9634e-008	8.9991e-008	9.0068e-008	8.9024e-008	8.6767e-008	8.5685e-008	8.324e-008	8.1495e-008	7.9464e-008	7.7548e-008	7.6175e-008	7.412e-008	7.2527e-008	7.1052e-008	6.7717e-008	6.3969e-008	6.3008e-008	6.153e-008	5.9932e-008	5.7422e-008	5.5867e-008	5.4618e-008	5.1319e-008	4.8214e-008	4.724e-008	4.5845e-008	4.396e-008	4.1451e-008	3.9678e-008	3.7888e-008	3.5386e-008	3.0816e-008	2.8857e-008	2.7436e-008	2.4954e-008	2.2435e-008	1.9448e-008	1.6252e-008	1.5247e-008	1.2187e-008	1.0202e-008	8.3746e-009	6.1106e-009	3.752e-009	3.0234e-009	2.562e-009	2.0932e-009	2.4401e-009	2.6859e-009	2.2849e-009	2.2677e-009	2.0572e-009	1.6596e-009	1.8822e-009	2.4857e-009	2.876e-009	3.0747e-009	3.3048e-009	3.5301e-009	3.6051e-009	4.6806e-009	6.9841e-009	9.8084e-009	1.537e-008	2.1599e-008	3.1321e-008	3.9894e-008	4.6679e-008	5.3257e-008	5.9519e-008	6.4981e-008	7.0138e-008	7.5016e-008	7.9259e-008	8.2151e-008	8.3894e-008	8.7209e-008	8.8619e-008	8.9626e-008	9.0368e-008	9.0867e-008	9.1415e-008	9.167e-008	9.0784e-008	8.9658e-008	8.8506e-008	8.7336e-008	8.6259e-008	8.5547e-008	8.4297e-008	8.267e-008	7.9169e-008	7.6992e-008	7.4206e-008	7.2703e-008	7.0538e-008	6.8468e-008	6.6801e-008	6.4501e-008	6.2225e-008	5.979e-008	5.739e-008	5.5768e-008	5.3221e-008	5.1159e-008	4.9024e-008	4.3563e-008	4.2312e-008	3.9726e-008	3.7622e-008	3.436e-008	3.2773e-008	3.0077e-008	2.877e-008	2.4906e-008	2.3495e-008	2.0885e-008	1.9134e-008	1.6714e-008	1.4081e-008	1.1421e-008	8.7419e-009	7.5867e-009	5.4352e-009	4.787e-009	4.3393e-009	3.4833e-009	3.5233e-009	3.5139e-009	3.156e-009	2.7467e-009	3.0876e-009	3.0643e-009	3.1441e-009	3.2583e-009	3.3535e-009	3.3458e-009	4.5178e-009	5.5404e-009	6.5876e-009	9.2491e-009	1.1898e-008	1.5285e-008	1.9306e-008	2.1965e-008	2.7617e-008	3.5638e-008	4.428e-008	5.1656e-008	5.8737e-008	6.2672e-008	6.8189e-008	7.2852e-008	7.8647e-008	8.1922e-008	8.6557e-008	8.981e-008	9.2119e-008	9.4865e-008	9.5159e-008	9.5613e-008	9.5521e-008	9.4699e-008	9.3841e-008	9.3232e-008	9.1771e-008	9.0039e-008	8.8607e-008	8.6616e-008	8.5827e-008	8.3441e-008	8.0189e-008	7.638e-008	7.5171e-008	7.2843e-008	7.0868e-008	6.8184e-008	6.5913e-008	6.171e-008	6.0866e-008	5.8026e-008	5.6558e-008	5.5883e-008	5.4372e-008	5.3148e-008	4.7441e-008	4.6222e-008	4.4604e-008	4.2716e-008	3.8484e-008	3.4296e-008	3.2993e-008	3.1576e-008	2.722e-008	2.4761e-008	2.0373e-008	1.8813e-008	1.57e-008	1.3915e-008	1.2665e-008	9.3834e-009	7.3464e-009	5.8001e-009	4.9977e-009	4.4048e-009	3.9369e-009	3.8906e-009	3.8695e-009	3.2824e-009	3.4514e-009	3.7824e-009	3.6118e-009	3.5741e-009	3.8846e-009	3.9419e-009	3.9818e-009	4.0908e-009	4.199e-009	4.4036e-009	4.9552e-009	5.3796e-009	7.2131e-009	1.0947e-008	1.5225e-008	2.1986e-008	2.911e-008	3.4211e-008	4.1618e-008	4.9735e-008	5.6728e-008	6.2749e-008	6.6411e-008	7.0521e-008	7.6747e-008	8.1694e-008	8.6467e-008	8.7904e-008	9.1721e-008	9.3287e-008	9.3559e-008	9.3521e-008	9.3834e-008	9.4151e-008	9.4135e-008	9.3634e-008	9.1624e-008	8.9989e-008	8.7578e-008	8.4857e-008	8.2593e-008	8.1312e-008	8.0108e-008	7.8022e-008	7.6505e-008	7.4745e-008	6.9165e-008	6.8003e-008	6.5825e-008	6.4094e-008	6.185e-008	6.0418e-008	5.8595e-008	5.6845e-008	5.4225e-008	5.257e-008	4.9724e-008	4.692e-008	4.4079e-008	4.2744e-008	4.1443e-008	3.9896e-008	3.7552e-008	3.4438e-008	3.1486e-008	2.981e-008	2.7846e-008	2.5629e-008	2.3659e-008	2.1487e-008	2.0163e-008	1.6984e-008	1.5338e-008	1.3505e-008	1.2205e-008	1.0124e-008	7.3135e-009	6.0389e-009	4.6633e-009	4.4289e-009	4.3869e-009	4.5075e-009	3.9878e-009	3.58e-009	3.8768e-009	4.2735e-009	4.0236e-009	4.0638e-009	4.3029e-009	5.1958e-009	7.0294e-009	9.2889e-009	1.0978e-008	1.3814e-008	1.7659e-008	2.3497e-008	3.0138e-008	3.602e-008	4.1668e-008	4.8258e-008	5.5762e-008	6.1873e-008	6.7321e-008	7.5501e-008	8.0944e-008	8.2211e-008	8.5318e-008	8.7388e-008	8.8796e-008	8.99e-008	9.1311e-008	9.2675e-008	9.3018e-008	9.331e-008	9.3463e-008	9.2999e-008	9.2264e-008	9.1813e-008	8.9445e-008	8.7161e-008	8.484e-008	8.3364e-008	8.1305e-008	7.9158e-008	7.7822e-008	7.5726e-008	7.4336e-008	7.2801e-008	7.029e-008	6.8063e-008	6.5093e-008	6.3195e-008	5.9588e-008	5.546e-008	5.4608e-008	5.2124e-008	4.951e-008	4.6466e-008	4.3522e-008	4.1084e-008	3.8081e-008	3.5431e-008	3.2637e-008	2.9898e-008	2.8654e-008	2.4606e-008	2.2569e-008	1.9593e-008	1.8075e-008	1.5523e-008	1.3011e-008	1.1347e-008	8.7357e-009	6.7185e-009	5.4788e-009	4.5976e-009	4.5889e-009	4.1104e-009	3.9376e-009	4.3422e-009	3.8433e-009	4.101e-009	4.611e-009	5.1582e-009	5.0846e-009	4.7495e-009	5.1482e-009	5.2581e-009	5.7853e-009	5.6106e-009	7.1892e-009	8.7066e-009	1.0995e-008	1.3806e-008	1.6685e-008	2.2375e-008	2.8651e-008	3.5233e-008	4.1783e-008	4.7198e-008	5.3646e-008	5.9525e-008	6.5535e-008	7.0856e-008	7.603e-008	7.8607e-008	8.1284e-008	8.5087e-008	8.6437e-008	8.8262e-008	9.0427e-008	9.158e-008	9.1841e-008	9.1783e-008	9.1034e-008	9.0214e-008	9.0646e-008	9.0462e-008	8.9533e-008	8.873e-008	8.6167e-008	8.2635e-008	8.1709e-008	7.9485e-008	7.7522e-008	7.5316e-008	7.402e-008	7.3704e-008	7.1598e-008	7.0103e-008	6.7579e-008	6.5887e-008	6.2874e-008	6.0003e-008	5.896e-008	5.5371e-008	5.5185e-008	5.2897e-008	5.0998e-008	4.7933e-008	4.4371e-008	4.3674e-008	3.9934e-008	3.7066e-008	3.5298e-008	3.32e-008	2.94e-008	2.7611e-008	2.5515e-008	2.3191e-008	2.1801e-008	1.8703e-008	1.598e-008	1.375e-008	1.2078e-008	9.789e-009	8.3987e-009	6.7666e-009	5.644e-009	5.0491e-009	4.9806e-009	4.7407e-009	4.9879e-009	4.8106e-009	4.4684e-009	4.6619e-009	5.2161e-009	5.4079e-009	5.0756e-009	5.6729e-009	6.9517e-009	9.5103e-009	1.1918e-008	1.4116e-008	1.8839e-008	2.389e-008	2.878e-008	3.3634e-008	4.0419e-008	4.6469e-008	5.2195e-008	5.7769e-008	6.2092e-008	6.6031e-008	7.0688e-008	7.4693e-008	7.9331e-008	8.2841e-008	8.4713e-008	8.5889e-008	8.8239e-008	8.9121e-008	8.9688e-008	8.9815e-008
2.1021e-009	2.3907e-009	2.3089e-009	2.1891e-009	2.5396e-009	3.2085e-009	3.9827e-009	5.0379e-009	7.1614e-009	9.8428e-009	1.3312e-008	1.616e-008	2.2883e-008	2.681e-008	3.274e-008	3.9146e-008	4.7003e-008	5.4101e-008	6.0828e-008	6.4716e-008	6.9321e-008	7.3777e-008	7.5957e-008	7.9513e-008	8.0795e-008	8.3e-008	8.5029e-008	8.7184e-008	8.9312e-008	8.9543e-008	8.9761e-008	8.9931e-008	8.8668e-008	8.6938e-008	8.5318e-008	8.2237e-008	8.0297e-008	7.8839e-008	7.6403e-008	7.5276e-008	7.3087e-008	7.185e-008	7.0464e-008	6.6726e-008	6.4577e-008	6.2824e-008	6.1951e-008	6.0922e-008	5.6911e-008	5.5134e-008	5.5113e-008	5.2861e-008	4.9082e-008	4.7604e-008	4.5495e-008	4.4347e-008	4.1057e-008	3.9254e-008	3.7858e-008	3.3712e-008	3.0317e-008	2.8863e-008	2.7474e-008	2.4913e-008	2.255e-008	1.9778e-008	1.8333e-008	1.4945e-008	1.3341e-008	1.1129e-008	8.4026e-009	5.2413e-009	3.9477e-009	2.5158e-009	2.6422e-009	2.3256e-009	2.1718e-009	2.383e-009	2.5323e-009	2.2688e-009	1.8271e-009	2.235e-009	1.9066e-009	2.5795e-009	3.0629e-009	3.2153e-009	3.492e-009	3.9801e-009	4.0733e-009	5.5735e-009	8.2934e-009	1.2166e-008	1.6261e-008	2.2484e-008	3.1329e-008	4.0426e-008	4.7148e-008	5.3632e-008	5.9763e-008	6.4037e-008	7.0088e-008	7.4708e-008	7.9683e-008	8.1346e-008	8.5115e-008	8.7181e-008	8.863e-008	9.0006e-008	9.0493e-008	9.0894e-008	9.1179e-008	9.0741e-008	9.0436e-008	9.0157e-008	8.9619e-008	8.7103e-008	8.6386e-008	8.481e-008	8.3474e-008	8.2102e-008	8.0043e-008	7.7795e-008	7.4755e-008	7.266e-008	6.921e-008	6.7215e-008	6.6165e-008	6.3144e-008	6.1631e-008	5.9824e-008	5.7204e-008	5.5466e-008	5.3297e-008	5.0166e-008	4.7372e-008	4.4898e-008	4.292e-008	3.8457e-008	3.7025e-008	3.463e-008	3.2158e-008	3.0683e-008	2.9822e-008	2.727e-008	2.3572e-008	2.1199e-008	1.9906e-008	1.67e-008	1.5353e-008	1.1023e-008	9.3969e-009	7.7127e-009	5.5508e-009	4.5541e-009	3.8285e-009	3.4967e-009	3.5767e-009	3.3816e-009	3.0571e-009	2.7382e-009	3.1572e-009	2.98e-009	2.9376e-009	3.1603e-009	3.2198e-009	3.3672e-009	4.3471e-009	5.626e-009	7.4616e-009	9.4732e-009	1.181e-008	1.6367e-008	1.8844e-008	2.2696e-008	2.9402e-008	3.6542e-008	4.3927e-008	5.1977e-008	5.8341e-008	6.4502e-008	7.0161e-008	7.3949e-008	7.7838e-008	8.2399e-008	8.6549e-008	9.0545e-008	9.2769e-008	9.3976e-008	9.4614e-008	9.5875e-008	9.5408e-008	9.4298e-008	9.3585e-008	9.295e-008	9.1578e-008	9.0106e-008	8.9349e-008	8.7304e-008	8.4583e-008	8.4104e-008	8.1612e-008	7.6888e-008	7.5181e-008	7.3779e-008	7.1663e-008	7.0228e-008	6.783e-008	6.5195e-008	6.2213e-008	5.9217e-008	5.672e-008	5.5625e-008	5.4672e-008	5.2975e-008	4.9231e-008	4.6232e-008	4.53e-008	4.201e-008	3.7905e-008	3.4856e-008	3.3014e-008	3.2391e-008	2.8885e-008	2.5171e-008	2.2712e-008	2.0179e-008	1.6854e-008	1.5752e-008	1.3382e-008	1.0755e-008	8.4234e-009	7.1525e-009	5.9752e-009	5.2742e-009	4.1415e-009	3.885e-009	4.1835e-009	3.9994e-009	3.843e-009	3.8321e-009	3.783e-009	4.1559e-009	4.0213e-009	3.6155e-009	3.7614e-009	4.0212e-009	4.2435e-009	4.3303e-009	4.8168e-009	6.1787e-009	7.1968e-009	1.057e-008	1.4507e-008	2.1786e-008	2.8087e-008	3.4414e-008	4.1238e-008	4.8861e-008	5.7196e-008	6.3395e-008	6.7904e-008	7.2164e-008	7.8967e-008	8.3002e-008	8.5897e-008	8.9495e-008	9.1512e-008	9.2784e-008	9.4623e-008	9.3828e-008	9.3935e-008	9.4327e-008	9.4046e-008	9.2544e-008	9.1412e-008	8.9321e-008	8.6984e-008	8.6123e-008	8.3904e-008	8.1684e-008	8.0503e-008	7.7696e-008	7.5531e-008	7.2504e-008	6.9975e-008	6.689e-008	6.5228e-008	6.3592e-008	6.2754e-008	6.1152e-008	5.9668e-008	5.6144e-008	5.3802e-008	5.1519e-008	4.9843e-008	4.6287e-008	4.4093e-008	4.2879e-008	4.1461e-008	4.0076e-008	3.7267e-008	3.308e-008	3.1757e-008	2.9587e-008	2.7557e-008	2.45e-008	2.2494e-008	2.0758e-008	1.9298e-008	1.6557e-008	1.4267e-008	1.3283e-008	1.2039e-008	1.0777e-008	8.9007e-009	5.6154e-009	4.9458e-009	4.3239e-009	4.2551e-009	4.397e-009	3.9423e-009	3.6361e-009	3.6418e-009	3.8466e-009	4.0612e-009	4.078e-009	4.4069e-009	5.2091e-009	6.803e-009	8.9567e-009	1.1279e-008	1.3934e-008	1.8427e-008	2.3487e-008	3.0473e-008	3.5894e-008	4.1943e-008	4.7733e-008	5.4566e-008	6.1963e-008	6.8934e-008	7.5376e-008	7.9726e-008	8.3178e-008	8.7483e-008	8.8396e-008	8.9277e-008	9.076e-008	9.2084e-008	9.2836e-008	9.3408e-008	9.371e-008	9.3594e-008	9.3459e-008	9.2499e-008	9.1611e-008	9.0253e-008	8.8116e-008	8.5571e-008	8.3156e-008	8.1782e-008	7.957e-008	7.794e-008	7.6452e-008	7.5109e-008	7.2703e-008	6.8593e-008	6.6788e-008	6.5078e-008	6.2969e-008	6.0537e-008	5.5931e-008	5.4064e-008	5.1728e-008	4.93e-008	4.6479e-008	4.3704e-008	4.0818e-008	3.5185e-008	3.5229e-008	3.3423e-008	3.0537e-008	2.8321e-008	2.5689e-008	2.2088e-008	2.0258e-008	1.6115e-008	1.5046e-008	1.3161e-008	1.07e-008	8.4949e-009	6.1454e-009	5.2466e-009	5.2571e-009	4.9016e-009	4.0635e-009	3.9341e-009	4.4714e-009	4.3125e-009	4.2e-009	4.4588e-009	4.7749e-009	4.9326e-009	4.6928e-009	4.8827e-009	5.1949e-009	5.2731e-009	5.5705e-009	6.9524e-009	7.8042e-009	1.0693e-008	1.3067e-008	1.528e-008	2.2397e-008	2.8596e-008	3.4464e-008	4.1326e-008	4.642e-008	5.3153e-008	5.9039e-008	6.5107e-008	7.1454e-008	7.556e-008	7.9443e-008	8.3139e-008	8.58e-008	8.7252e-008	8.8988e-008	9.1187e-008	9.1833e-008	9.2505e-008	9.2621e-008	9.2596e-008	9.2967e-008	9.2144e-008	9.1194e-008	9.0478e-008	8.8159e-008	8.504e-008	8.3506e-008	8.182e-008	7.9169e-008	7.7139e-008	7.5234e-008	7.4393e-008	7.3647e-008	7.1792e-008	6.9635e-008	6.6644e-008	6.4399e-008	6.2516e-008	6.0869e-008	5.9271e-008	5.6691e-008	5.5736e-008	5.3917e-008	4.9922e-008	4.7958e-008	4.537e-008	4.364e-008	4.0996e-008	3.8266e-008	3.4932e-008	3.3042e-008	3.0366e-008	2.75e-008	2.5574e-008	2.3486e-008	2.0415e-008	1.8672e-008	1.5132e-008	1.4168e-008	1.1916e-008	9.5201e-009	7.7572e-009	6.2941e-009	5.6247e-009	5.1937e-009	5.1043e-009	4.4057e-009	4.742e-009	4.8639e-009	4.5229e-009	4.3768e-009	4.8555e-009	5.2654e-009	5.1396e-009	5.8349e-009	7.4843e-009	8.716e-009	1.19e-008	1.5093e-008	1.8957e-008	2.3181e-008	2.8865e-008	3.4661e-008	3.9925e-008	4.5683e-008	5.0817e-008	5.6508e-008	6.2008e-008	6.5457e-008	6.9668e-008	7.7264e-008	8.1118e-008	8.3394e-008	8.4487e-008	8.7211e-008	8.9432e-008	8.9191e-008	8.9731e-008	8.9589e-008
1.7426e-009	2.0235e-009	2.5499e-009	2.8409e-009	2.4829e-009	3.026e-009	3.633e-009	5.7442e-009	7.7626e-009	9.4825e-009	1.104e-008	1.5567e-008	2.1277e-008	2.7358e-008	3.3709e-008	3.9428e-008	4.9316e-008	5.5538e-008	6.0792e-008	6.4215e-008	6.7242e-008	7.126e-008	7.539e-008	7.8244e-008	8.0921e-008	8.3013e-008	8.4511e-008	8.7457e-008	8.9304e-008	8.9893e-008	9.1181e-008	9.0318e-008	8.7557e-008	8.5846e-008	8.4522e-008	8.2238e-008	8.0201e-008	7.8518e-008	7.609e-008	7.4314e-008	7.2289e-008	7.068e-008	6.9759e-008	6.804e-008	6.4727e-008	6.3079e-008	6.2187e-008	6.059e-008	5.8431e-008	5.6935e-008	5.5655e-008	5.3396e-008	4.8001e-008	4.7512e-008	4.5526e-008	4.4164e-008	4.1997e-008	3.8354e-008	3.5814e-008	3.4097e-008	3.1787e-008	2.8636e-008	2.7798e-008	2.6065e-008	2.3022e-008	2.054e-008	1.8492e-008	1.5003e-008	1.3183e-008	1.1194e-008	8.4731e-009	6.9391e-009	4.4714e-009	3.5006e-009	2.7007e-009	2.1963e-009	2.5988e-009	3.0392e-009	2.8876e-009	1.797e-009	1.4919e-009	1.8889e-009	2.0662e-009	2.8887e-009	2.3053e-009	2.9128e-009	3.3785e-009	3.583e-009	4.6209e-009	5.8548e-009	9.4713e-009	1.2598e-008	1.5535e-008	2.3012e-008	3.1909e-008	4.054e-008	4.7712e-008	5.4137e-008	5.9423e-008	6.4393e-008	6.9917e-008	7.5717e-008	7.861e-008	8.197e-008	8.5173e-008	8.6736e-008	8.9075e-008	8.9924e-008	9.0467e-008	9.055e-008	9.0838e-008	9.0952e-008	9.0723e-008	9.0618e-008	8.9811e-008	8.7959e-008	8.7038e-008	8.5525e-008	8.394e-008	8.2469e-008	7.944e-008	7.8124e-008	7.6007e-008	7.2728e-008	6.8387e-008	6.827e-008	6.642e-008	6.3183e-008	6.2354e-008	5.9098e-008	5.723e-008	5.5575e-008	5.1918e-008	4.9288e-008	4.7039e-008	4.549e-008	4.3523e-008	4.0794e-008	3.7337e-008	3.4577e-008	3.338e-008	3.1736e-008	2.973e-008	2.608e-008	2.3819e-008	2.2448e-008	2.019e-008	1.7594e-008	1.5093e-008	1.3524e-008	1.0107e-008	8.07e-009	5.889e-009	5.1097e-009	3.8724e-009	3.3137e-009	3.221e-009	2.8644e-009	2.7731e-009	2.5903e-009	3.2683e-009	2.8953e-009	2.824e-009	3.219e-009	3.5649e-009	3.9716e-009	4.3774e-009	6.0851e-009	8.1088e-009	9.6931e-009	1.3014e-008	1.6068e-008	2.2272e-008	2.5889e-008	3.0012e-008	3.644e-008	4.4316e-008	5.2491e-008	5.7394e-008	6.3338e-008	6.8071e-008	7.2755e-008	7.7435e-008	8.1286e-008	8.5914e-008	8.9695e-008	9.2542e-008	9.3188e-008	9.4762e-008	9.5144e-008	9.4012e-008	9.3693e-008	9.3343e-008	9.2641e-008	9.157e-008	9.0266e-008	8.9554e-008	8.8303e-008	8.7064e-008	8.5904e-008	8.0082e-008	7.8239e-008	7.5492e-008	7.4687e-008	7.3387e-008	6.9352e-008	6.8617e-008	6.6139e-008	6.3523e-008	5.9606e-008	5.7724e-008	5.6023e-008	5.3439e-008	5.2663e-008	5.1345e-008	4.7014e-008	4.5698e-008	3.8918e-008	3.8451e-008	3.6725e-008	3.4467e-008	3.2727e-008	2.8565e-008	2.6444e-008	2.3555e-008	2.1125e-008	1.8139e-008	1.59e-008	1.2522e-008	1.1155e-008	8.968e-009	6.8112e-009	6.1966e-009	5.4038e-009	5.2987e-009	5.5917e-009	4.178e-009	3.9678e-009	3.885e-009	3.3861e-009	3.5026e-009	4.1982e-009	3.181e-009	3.3736e-009	3.93e-009	4.2545e-009	4.4532e-009	4.8523e-009	5.14e-009	6.4299e-009	8.2248e-009	1.1098e-008	1.5501e-008	2.0652e-008	2.8343e-008	3.4254e-008	4.0104e-008	4.89e-008	5.7455e-008	6.3523e-008	6.7341e-008	7.42e-008	7.8703e-008	8.2568e-008	8.531e-008	8.9425e-008	9.143e-008	9.3477e-008	9.4738e-008	9.5017e-008	9.3831e-008	9.3849e-008	9.345e-008	9.2176e-008	9.1209e-008	8.9443e-008	8.7813e-008	8.7336e-008	8.37e-008	8.1199e-008	7.9427e-008	7.7945e-008	7.5075e-008	7.2309e-008	7.0192e-008	6.8401e-008	6.5767e-008	6.4158e-008	6.3433e-008	6.155e-008	6.0419e-008	5.5689e-008	5.4394e-008	5.2133e-008	4.9478e-008	4.4941e-008	4.3798e-008	4.3008e-008	4.1853e-008	4.0517e-008	3.7887e-008	3.4652e-008	3.3237e-008	2.8674e-008	2.6279e-008	2.4232e-008	2.226e-008	2.0188e-008	1.8436e-008	1.7373e-008	1.5648e-008	1.3341e-008	1.1201e-008	1.0273e-008	6.8528e-009	5.9482e-009	4.9455e-009	4.3155e-009	4.0023e-009	3.8731e-009	3.8626e-009	3.8628e-009	3.6662e-009	3.9861e-009	4.008e-009	4.5123e-009	4.2284e-009	4.9788e-009	7.2906e-009	9.4471e-009	1.1878e-008	1.5106e-008	1.849e-008	2.4042e-008	3.1741e-008	3.764e-008	4.1495e-008	4.8322e-008	5.4719e-008	6.0178e-008	6.9695e-008	7.5404e-008	7.8544e-008	8.1553e-008	8.6474e-008	8.8791e-008	8.9951e-008	9.1351e-008	9.224e-008	9.3395e-008	9.3993e-008	9.3742e-008	9.4079e-008	9.3941e-008	9.3166e-008	9.187e-008	9.0169e-008	8.7665e-008	8.5977e-008	8.3273e-008	8.153e-008	7.9545e-008	7.7365e-008	7.6035e-008	7.4752e-008	7.3175e-008	6.9497e-008	6.5686e-008	6.4186e-008	6.2453e-008	6.1225e-008	5.6402e-008	5.4195e-008	5.1913e-008	4.7133e-008	4.5642e-008	4.4469e-008	4.1504e-008	3.9182e-008	3.6387e-008	3.3632e-008	2.8539e-008	2.7613e-008	2.4236e-008	2.3399e-008	1.9964e-008	1.6649e-008	1.5694e-008	1.296e-008	1.0524e-008	7.6619e-009	6.0844e-009	5.4164e-009	5.3246e-009	4.6444e-009	4.1082e-009	3.9804e-009	4.3008e-009	4.4851e-009	4.249e-009	4.8992e-009	4.9485e-009	5.3356e-009	5.1291e-009	4.6922e-009	4.8257e-009	6.1056e-009	6.014e-009	7.1737e-009	8.8866e-009	1.1539e-008	1.3768e-008	1.6963e-008	2.2455e-008	2.8797e-008	3.4599e-008	4.2009e-008	4.7927e-008	5.372e-008	5.999e-008	6.5978e-008	7.0815e-008	7.4531e-008	8.005e-008	8.4603e-008	8.6552e-008	8.8415e-008	9.0068e-008	9.1529e-008	9.2205e-008	9.2639e-008	9.3106e-008	9.2941e-008	9.3198e-008	9.3256e-008	9.1877e-008	9.052e-008	8.8177e-008	8.5734e-008	8.4153e-008	8.0311e-008	7.9289e-008	7.7015e-008	7.6316e-008	7.4685e-008	7.3255e-008	7.2554e-008	6.8202e-008	6.6743e-008	6.4917e-008	6.2191e-008	6.0684e-008	5.9069e-008	5.7652e-008	5.6306e-008	5.4526e-008	5.1692e-008	4.7002e-008	4.5865e-008	4.3382e-008	4.1828e-008	3.9241e-008	3.5088e-008	3.1174e-008	3.0422e-008	2.8632e-008	2.6684e-008	2.4266e-008	2.1855e-008	1.8159e-008	1.5959e-008	1.3469e-008	1.1274e-008	9.3229e-009	6.9596e-009	6.0499e-009	5.4121e-009	4.9076e-009	4.9426e-009	4.6955e-009	5.035e-009	5.285e-009	4.7936e-009	4.5022e-009	4.2834e-009	4.9171e-009	5.1879e-009	6.2604e-009	7.4844e-009	9.2471e-009	1.2281e-008	1.4829e-008	1.8924e-008	2.3769e-008	2.9984e-008	3.6236e-008	4.1515e-008	4.7321e-008	5.1706e-008	5.6046e-008	6.0955e-008	6.5886e-008	7.1508e-008	7.7399e-008	8.1093e-008	8.4137e-008	8.6773e-008	8.8226e-008	8.9993e-008	9.0461e-008	9.0592e-008	9.0024e-008
1.2834e-009	2.0818e-009	2.6075e-009	2.5229e-009	2.1826e-009	2.6732e-009	3.4543e-009	5.575e-009	7.6068e-009	9.4881e-009	1.2562e-008	1.5809e-008	2.179e-008	2.6989e-008	3.3403e-008	4.0051e-008	4.6382e-008	5.5886e-008	5.9634e-008	6.4386e-008	6.6263e-008	7.1468e-008	7.5277e-008	7.9035e-008	8.1507e-008	8.2967e-008	8.4834e-008	8.6646e-008	8.7792e-008	8.9748e-008	8.9724e-008	8.8569e-008	8.7129e-008	8.5716e-008	8.4038e-008	8.2052e-008	7.9858e-008	7.7285e-008	7.5307e-008	7.3005e-008	7.1844e-008	7.0077e-008	6.8912e-008	6.7012e-008	6.4001e-008	6.3798e-008	6.1162e-008	5.9816e-008	5.7677e-008	5.6789e-008	5.532e-008	5.3522e-008	5.1094e-008	4.7634e-008	4.5695e-008	4.3849e-008	4.2256e-008	3.8592e-008	3.5655e-008	3.3507e-008	3.1526e-008	2.8965e-008	2.8055e-008	2.5235e-008	2.3389e-008	2.0349e-008	1.8469e-008	1.6271e-008	1.3826e-008	1.1591e-008	8.3209e-009	7.0034e-009	5.4119e-009	4.2774e-009	3.7104e-009	2.8748e-009	2.3767e-009	2.7956e-009	2.5819e-009	2.2366e-009	1.91e-009	1.986e-009	2.3368e-009	2.8656e-009	3.1939e-009	3.165e-009	3.3803e-009	3.9654e-009	5.6249e-009	7.4299e-009	1.0618e-008	1.4366e-008	1.8362e-008	2.3762e-008	3.1953e-008	4.1978e-008	4.9499e-008	5.5219e-008	5.8261e-008	6.2789e-008	6.8923e-008	7.5083e-008	7.7873e-008	7.9951e-008	8.3737e-008	8.706e-008	8.8293e-008	8.8893e-008	9.0251e-008	9.1034e-008	9.12e-008	9.088e-008	9.0643e-008	9.0788e-008	9.0017e-008	8.9441e-008	8.7958e-008	8.5303e-008	8.3638e-008	8.2127e-008	8.0582e-008	7.8071e-008	7.5846e-008	7.1558e-008	7.0099e-008	6.8438e-008	6.7186e-008	6.4234e-008	6.1429e-008	5.9239e-008	5.694e-008	5.4968e-008	5.042e-008	4.8998e-008	4.7283e-008	4.5637e-008	4.3479e-008	4.0071e-008	3.7617e-008	3.5283e-008	3.3824e-008	3.1789e-008	2.9074e-008	2.5771e-008	2.3728e-008	2.2743e-008	2.0337e-008	1.8211e-008	1.5818e-008	1.3745e-008	1.0609e-008	7.0334e-009	6.4505e-009	5.2564e-009	4.3646e-009	3.8545e-009	3.0102e-009	2.5546e-009	2.5648e-009	2.9703e-009	3.3662e-009	3.3137e-009	2.8039e-009	2.88e-009	3.4336e-009	4.0867e-009	4.5747e-009	6.0123e-009	8.1843e-009	1.0066e-008	1.344e-008	1.7255e-008	2.0985e-008	2.6976e-008	3.1291e-008	3.7477e-008	4.243e-008	5.2644e-008	5.7128e-008	6.3434e-008	6.7662e-008	7.3779e-008	7.7715e-008	8.1466e-008	8.6665e-008	9.0346e-008	9.1928e-008	9.2586e-008	9.3653e-008	9.4235e-008	9.3791e-008	9.4228e-008	9.3812e-008	9.3173e-008	9.223e-008	9.0835e-008	8.9181e-008	8.7862e-008	8.6459e-008	8.3898e-008	7.8453e-008	7.7405e-008	7.504e-008	7.419e-008	7.3421e-008	7.0247e-008	6.859e-008	6.6141e-008	6.5286e-008	6.0807e-008	5.7314e-008	5.5906e-008	5.4452e-008	5.2444e-008	5.0561e-008	4.842e-008	4.5875e-008	4.3284e-008	3.9672e-008	3.7827e-008	3.5228e-008	3.3222e-008	3.0789e-008	2.6733e-008	2.4387e-008	2.0303e-008	1.8338e-008	1.6373e-008	1.4515e-008	1.196e-008	1.0555e-008	8.4992e-009	6.4468e-009	5.387e-009	4.9467e-009	4.5613e-009	3.5231e-009	3.3385e-009	2.9904e-009	3.0502e-009	3.2121e-009	3.735e-009	3.3329e-009	2.6827e-009	3.4888e-009	3.7298e-009	3.9111e-009	4.6419e-009	4.849e-009	6.176e-009	8.2722e-009	1.0758e-008	1.5735e-008	2.1248e-008	2.8166e-008	3.432e-008	4.1004e-008	4.7691e-008	5.6078e-008	6.1859e-008	6.7646e-008	7.3911e-008	7.8564e-008	8.2529e-008	8.5263e-008	8.8703e-008	9.0595e-008	9.1916e-008	9.4342e-008	9.4774e-008	9.3807e-008	9.3175e-008	9.268e-008	9.1739e-008	9.0304e-008	8.8803e-008	8.7649e-008	8.7271e-008	8.3916e-008	8.2164e-008	8.1645e-008	7.6975e-008	7.5235e-008	7.1357e-008	6.9923e-008	6.8459e-008	6.7343e-008	6.5029e-008	6.3256e-008	6.1898e-008	5.7089e-008	5.5255e-008	5.4752e-008	5.3452e-008	5.1623e-008	4.8533e-008	4.3113e-008	4.2048e-008	4.1028e-008	3.8755e-008	3.7391e-008	3.4609e-008	3.1609e-008	2.7411e-008	2.6568e-008	2.4023e-008	2.16e-008	2.0421e-008	1.8935e-008	1.7199e-008	1.501e-008	1.2206e-008	1.0156e-008	8.5577e-009	6.6504e-009	5.171e-009	5.0486e-009	4.1031e-009	3.8958e-009	3.6264e-009	3.2415e-009	3.6311e-009	3.1246e-009	3.2907e-009	3.9246e-009	4.4639e-009	4.4707e-009	4.9632e-009	7.1318e-009	9.5077e-009	1.2299e-008	1.5134e-008	1.9941e-008	2.4852e-008	3.1537e-008	3.5904e-008	4.1286e-008	4.9009e-008	5.3539e-008	5.9087e-008	6.3947e-008	7.3885e-008	7.7821e-008	8.3256e-008	8.5326e-008	8.8982e-008	8.9751e-008	9.1449e-008	9.2748e-008	9.3293e-008	9.4784e-008	9.4445e-008	9.4176e-008	9.391e-008	9.25e-008	9.0965e-008	8.9501e-008	8.7733e-008	8.5134e-008	8.3434e-008	8.1126e-008	8.0219e-008	7.7334e-008	7.6147e-008	7.4546e-008	7.2362e-008	6.6318e-008	6.5628e-008	6.3265e-008	6.2169e-008	6.0379e-008	5.8629e-008	5.4226e-008	5.1234e-008	4.8895e-008	4.6735e-008	4.454e-008	4.0777e-008	3.8007e-008	3.6678e-008	3.4354e-008	2.9333e-008	2.7336e-008	2.5975e-008	2.2828e-008	1.9917e-008	1.7889e-008	1.5798e-008	1.2206e-008	9.4178e-009	6.979e-009	5.5817e-009	5.178e-009	4.9298e-009	4.5654e-009	3.8499e-009	3.7065e-009	3.8999e-009	4.1587e-009	4.39e-009	5.0809e-009	4.6967e-009	5.1796e-009	4.9688e-009	4.9817e-009	4.9619e-009	5.1931e-009	5.3508e-009	6.3395e-009	8.0967e-009	1.0335e-008	1.2871e-008	1.621e-008	2.1361e-008	2.8383e-008	3.4466e-008	4.1923e-008	4.8375e-008	5.3087e-008	5.885e-008	6.4955e-008	7.0842e-008	7.6598e-008	8.0859e-008	8.4874e-008	8.6873e-008	8.9565e-008	9.0282e-008	9.0804e-008	9.3076e-008	9.3349e-008	9.3792e-008	9.3581e-008	9.3918e-008	9.365e-008	9.2352e-008	9.1085e-008	8.7805e-008	8.5966e-008	8.4644e-008	8.2633e-008	8.0506e-008	7.8536e-008	7.6909e-008	7.5074e-008	7.3351e-008	6.9686e-008	6.7744e-008	6.678e-008	6.4585e-008	6.194e-008	6.0206e-008	5.8834e-008	5.7825e-008	5.5182e-008	5.345e-008	5.1963e-008	4.8432e-008	4.5975e-008	4.2952e-008	4.1616e-008	3.7894e-008	3.6707e-008	3.3241e-008	3.04e-008	2.8462e-008	2.6337e-008	2.2799e-008	2.1624e-008	1.8648e-008	1.5157e-008	1.3379e-008	1.119e-008	9.8916e-009	7.2243e-009	6.0746e-009	5.2633e-009	4.4688e-009	4.9144e-009	4.4522e-009	4.8972e-009	4.847e-009	5.0078e-009	4.5483e-009	4.6759e-009	5.0577e-009	5.0768e-009	5.8439e-009	6.8631e-009	9.3001e-009	1.122e-008	1.5578e-008	1.8846e-008	2.3593e-008	2.9191e-008	3.6818e-008	4.2817e-008	4.6173e-008	5.2691e-008	5.6713e-008	6.0223e-008	6.6868e-008	7.2044e-008	7.8124e-008	8.0921e-008	8.3952e-008	8.7103e-008	8.846e-008	8.9866e-008	9.0675e-008	9.057e-008	9.0633e-008
1.108e-009	1.9054e-009	2.3931e-009	2.1594e-009	1.7413e-009	2.4841e-009	3.3072e-009	4.7972e-009	7.6491e-009	9.1145e-009	1.2622e-008	1.7075e-008	2.3067e-008	2.873e-008	3.4297e-008	3.9663e-008	4.763e-008	5.4105e-008	5.9919e-008	6.4422e-008	6.6878e-008	7.1669e-008	7.4934e-008	7.852e-008	8.1132e-008	8.2547e-008	8.4847e-008	8.6074e-008	8.7765e-008	8.8588e-008	8.868e-008	8.824e-008	8.7417e-008	8.6101e-008	8.3698e-008	8.1832e-008	7.835e-008	7.7009e-008	7.4584e-008	7.2489e-008	7.1219e-008	7.0071e-008	6.8967e-008	6.7513e-008	6.5959e-008	6.3165e-008	6.02e-008	5.8731e-008	5.7278e-008	5.6154e-008	5.4523e-008	5.2932e-008	4.9168e-008	4.7427e-008	4.5112e-008	4.3466e-008	4.0708e-008	3.7458e-008	3.503e-008	3.3093e-008	3.1515e-008	3.0158e-008	2.66e-008	2.5367e-008	2.3518e-008	2.0999e-008	1.904e-008	1.6716e-008	1.4226e-008	1.249e-008	9.2775e-009	6.9309e-009	5.4849e-009	4.4975e-009	4.0461e-009	2.817e-009	2.2193e-009	1.7169e-009	1.5798e-009	1.9986e-009	2.4168e-009	2.2561e-009	1.8555e-009	2.0002e-009	2.5236e-009	3.0849e-009	3.9248e-009	4.6507e-009	6.4338e-009	8.5577e-009	1.1918e-008	1.6045e-008	2.0534e-008	2.5275e-008	3.2911e-008	4.3396e-008	5.1321e-008	5.6052e-008	6.1073e-008	6.3848e-008	6.8259e-008	7.3713e-008	7.6779e-008	8.1062e-008	8.2598e-008	8.5694e-008	8.7628e-008	8.9037e-008	9.0272e-008	9.0895e-008	9.1233e-008	9.1127e-008	9.094e-008	9.0724e-008	9.0177e-008	9.0024e-008	8.8093e-008	8.7017e-008	8.5626e-008	8.3174e-008	8.0844e-008	7.7777e-008	7.559e-008	7.404e-008	7.0746e-008	6.9286e-008	6.6122e-008	6.3405e-008	6.0353e-008	5.866e-008	5.717e-008	5.5525e-008	5.2841e-008	4.7691e-008	4.6666e-008	4.5021e-008	4.2798e-008	3.9821e-008	3.7254e-008	3.6429e-008	3.3556e-008	3.1113e-008	2.9112e-008	2.657e-008	2.4479e-008	2.2973e-008	1.9695e-008	1.7914e-008	1.6315e-008	1.4662e-008	1.2347e-008	9.2099e-009	6.6021e-009	5.3778e-009	4.0704e-009	3.3607e-009	2.9037e-009	2.6501e-009	2.2655e-009	2.2598e-009	2.5711e-009	2.8577e-009	2.9872e-009	2.8301e-009	3.3705e-009	3.9591e-009	5.1324e-009	5.618e-009	8.4222e-009	1.0781e-008	1.3508e-008	1.662e-008	2.2239e-008	2.6886e-008	3.1549e-008	3.7162e-008	4.3562e-008	5.1509e-008	5.6515e-008	5.9842e-008	6.4329e-008	7.3819e-008	7.7944e-008	8.1127e-008	8.6489e-008	8.9874e-008	9.1354e-008	9.2143e-008	9.2899e-008	9.3375e-008	9.3437e-008	9.4332e-008	9.4149e-008	9.3118e-008	9.1804e-008	9.0093e-008	8.7864e-008	8.6562e-008	8.5475e-008	8.3769e-008	7.7695e-008	7.74e-008	7.5403e-008	7.4046e-008	7.2659e-008	7.0324e-008	6.9297e-008	6.7334e-008	6.6474e-008	6.3501e-008	5.864e-008	5.6962e-008	5.458e-008	5.21e-008	4.9644e-008	4.7997e-008	4.5443e-008	4.2469e-008	4.0427e-008	3.7239e-008	3.473e-008	3.2916e-008	3.0656e-008	2.8142e-008	2.2122e-008	2.0467e-008	1.9163e-008	1.5425e-008	1.4131e-008	1.2765e-008	1.0629e-008	8.44e-009	6.9491e-009	5.423e-009	4.7637e-009	4.6641e-009	4.226e-009	4.0192e-009	3.1248e-009	2.6921e-009	2.7125e-009	3.3267e-009	3.8121e-009	3.9194e-009	4.0682e-009	3.5225e-009	3.6092e-009	3.8277e-009	4.8974e-009	6.4025e-009	8.726e-009	1.147e-008	1.6237e-008	2.0968e-008	2.7326e-008	3.0994e-008	3.9614e-008	4.592e-008	5.5784e-008	6.1628e-008	6.7365e-008	7.0933e-008	7.6874e-008	8.1445e-008	8.4508e-008	8.7214e-008	9.0538e-008	9.1751e-008	9.368e-008	9.3704e-008	9.3327e-008	9.273e-008	9.2022e-008	9.1209e-008	8.9946e-008	8.86e-008	8.7526e-008	8.6621e-008	8.4339e-008	8.268e-008	8.0786e-008	7.6586e-008	7.5211e-008	7.1871e-008	7.0013e-008	6.8477e-008	6.721e-008	6.4354e-008	6.2906e-008	6.114e-008	5.8944e-008	5.6227e-008	5.4711e-008	5.3713e-008	5.0486e-008	4.882e-008	4.5488e-008	4.3771e-008	4.0173e-008	3.8339e-008	3.5701e-008	3.3407e-008	3.0747e-008	2.8376e-008	2.617e-008	2.3948e-008	2.1514e-008	1.9593e-008	1.8107e-008	1.6047e-008	1.38e-008	1.2278e-008	9.9685e-009	8.4681e-009	6.6776e-009	5.1278e-009	4.8927e-009	3.9213e-009	3.6201e-009	3.3713e-009	2.7704e-009	2.9554e-009	3.4005e-009	2.7993e-009	3.538e-009	4.0157e-009	4.3748e-009	4.916e-009	6.8346e-009	8.6288e-009	1.1541e-008	1.474e-008	1.9861e-008	2.4244e-008	3.1737e-008	3.5553e-008	4.2438e-008	4.9705e-008	5.5744e-008	6.0119e-008	6.5841e-008	7.2617e-008	7.684e-008	8.0075e-008	8.1977e-008	8.8534e-008	9.0145e-008	9.2058e-008	9.2993e-008	9.3641e-008	9.5003e-008	9.4474e-008	9.4168e-008	9.3193e-008	9.172e-008	9.1061e-008	8.9302e-008	8.8132e-008	8.538e-008	8.4036e-008	8.1789e-008	7.9641e-008	7.7631e-008	7.6366e-008	7.4097e-008	7.2505e-008	6.867e-008	6.5548e-008	6.3787e-008	6.1631e-008	5.9428e-008	5.8272e-008	5.3027e-008	5.058e-008	4.9524e-008	4.6529e-008	4.3697e-008	4.1873e-008	3.867e-008	3.6802e-008	3.4073e-008	3.1105e-008	2.8016e-008	2.5517e-008	2.1265e-008	1.9617e-008	1.7127e-008	1.5064e-008	1.123e-008	8.9583e-009	7.2077e-009	5.6777e-009	4.5474e-009	4.3754e-009	4.3328e-009	4.5678e-009	4.3657e-009	3.4133e-009	3.8014e-009	3.9959e-009	4.6501e-009	4.1917e-009	3.9315e-009	4.0371e-009	4.5501e-009	4.9119e-009	4.7732e-009	5.4027e-009	5.866e-009	6.8126e-009	9.906e-009	1.217e-008	1.5903e-008	2.0367e-008	2.6743e-008	3.3577e-008	4.0692e-008	4.7785e-008	5.3374e-008	5.8221e-008	6.4648e-008	7.0891e-008	7.6476e-008	8.1515e-008	8.4663e-008	8.7731e-008	8.9794e-008	9.1581e-008	9.1178e-008	9.3043e-008	9.3205e-008	9.3733e-008	9.3416e-008	9.3362e-008	9.2706e-008	9.2451e-008	9.1134e-008	8.8399e-008	8.6875e-008	8.4794e-008	8.2732e-008	8.1439e-008	7.8712e-008	7.6768e-008	7.5181e-008	7.3742e-008	7.125e-008	6.929e-008	6.5879e-008	6.497e-008	6.2606e-008	6.1936e-008	6.0399e-008	5.8785e-008	5.7125e-008	5.4742e-008	5.1403e-008	4.8235e-008	4.5807e-008	4.327e-008	4.0461e-008	3.8727e-008	3.5385e-008	3.0891e-008	3.012e-008	2.6827e-008	2.5239e-008	2.3277e-008	2.154e-008	1.7749e-008	1.5672e-008	1.2996e-008	1.202e-008	9.9796e-009	8.1195e-009	5.5682e-009	5.3203e-009	4.7831e-009	4.6714e-009	4.6286e-009	5.1932e-009	4.9511e-009	5.0433e-009	5.017e-009	4.5217e-009	4.8073e-009	5.33e-009	6.0208e-009	7.1173e-009	8.722e-009	1.0545e-008	1.4959e-008	1.926e-008	2.4321e-008	3.1108e-008	3.7332e-008	4.2597e-008	4.8204e-008	5.2855e-008	5.7905e-008	6.4697e-008	6.7488e-008	7.0627e-008	7.6988e-008	8.0981e-008	8.3715e-008	8.6949e-008	8.8122e-008	8.9278e-008	9.0242e-008	9.0399e-008	9.0697e-008
1.4802e-009	1.8765e-009	2.4123e-009	2.3843e-009	1.9699e-009	2.7737e-009	3.4207e-009	5.197e-009	7.923e-009	1.0327e-008	1.3732e-008	1.7284e-008	2.3898e-008	2.9235e-008	3.547e-008	4.0735e-008	4.6966e-008	5.3844e-008	6.0131e-008	6.3594e-008	6.5902e-008	7.1897e-008	7.5621e-008	7.8834e-008	8.1609e-008	8.4651e-008	8.6312e-008	8.7109e-008	8.8091e-008	8.8729e-008	8.9083e-008	8.8522e-008	8.7419e-008	8.5596e-008	8.3138e-008	8.1386e-008	7.9277e-008	7.7268e-008	7.4495e-008	7.2007e-008	7.1094e-008	7.0232e-008	6.8705e-008	6.6957e-008	6.6186e-008	6.2942e-008	6.0822e-008	5.9098e-008	5.7163e-008	5.5781e-008	5.376e-008	5.1949e-008	4.9757e-008	4.7623e-008	4.4994e-008	4.3353e-008	4.1262e-008	3.928e-008	3.5787e-008	3.4057e-008	3.1743e-008	3.019e-008	2.7985e-008	2.5777e-008	2.3601e-008	2.1629e-008	1.9508e-008	1.7095e-008	1.5127e-008	1.3151e-008	1.0193e-008	8.0171e-009	6.5141e-009	4.8574e-009	3.9456e-009	2.6744e-009	2.4141e-009	1.9404e-009	1.9e-009	1.7789e-009	2.5292e-009	2.9199e-009	2.5473e-009	2.8889e-009	2.5618e-009	3.5473e-009	4.9925e-009	6.1221e-009	7.3884e-009	1.0852e-008	1.2848e-008	1.6702e-008	2.1035e-008	2.6231e-008	3.4647e-008	4.5304e-008	5.2606e-008	5.8206e-008	6.1497e-008	6.5268e-008	7.0982e-008	7.3168e-008	7.7093e-008	8.1153e-008	8.2525e-008	8.601e-008	8.7859e-008	8.8866e-008	9.0686e-008	9.1269e-008	9.1649e-008	9.1028e-008	9.0863e-008	9.0678e-008	9.0609e-008	9.0603e-008	8.9337e-008	8.7077e-008	8.5426e-008	8.0194e-008	7.8431e-008	7.6873e-008	7.5642e-008	7.1749e-008	7.0802e-008	6.9792e-008	6.6734e-008	6.2984e-008	5.9674e-008	5.9099e-008	5.7294e-008	5.5296e-008	5.3353e-008	4.9147e-008	4.6589e-008	4.4926e-008	4.3662e-008	4.1125e-008	3.8565e-008	3.6364e-008	3.3948e-008	3.1741e-008	2.9726e-008	2.6577e-008	2.4479e-008	2.3274e-008	2.199e-008	1.9072e-008	1.6968e-008	1.4041e-008	1.2548e-008	1.0572e-008	8.7109e-009	5.5517e-009	4.856e-009	3.9953e-009	3.2835e-009	2.9293e-009	2.7759e-009	2.713e-009	2.5555e-009	3.1765e-009	3.5408e-009	3.2799e-009	3.7268e-009	4.6832e-009	5.6958e-009	6.6334e-009	8.5844e-009	1.1292e-008	1.341e-008	1.6424e-008	2.1536e-008	2.6386e-008	3.2098e-008	3.8154e-008	4.5187e-008	5.1949e-008	5.7626e-008	6.1308e-008	6.8685e-008	7.5359e-008	7.8273e-008	8.169e-008	8.6978e-008	8.8708e-008	9.1305e-008	9.3373e-008	9.3539e-008	9.323e-008	9.296e-008	9.4557e-008	9.4406e-008	9.3446e-008	9.1198e-008	9.0608e-008	8.8052e-008	8.5927e-008	8.5054e-008	8.3672e-008	7.8465e-008	7.7039e-008	7.555e-008	7.356e-008	7.2801e-008	7.1893e-008	6.9387e-008	6.7717e-008	6.6544e-008	6.3367e-008	6.0372e-008	5.6738e-008	5.4016e-008	5.2555e-008	5.0858e-008	4.8706e-008	4.7082e-008	4.3569e-008	4.0934e-008	3.6904e-008	3.4665e-008	3.2575e-008	3.1057e-008	2.7935e-008	2.4117e-008	2.2238e-008	2.0103e-008	1.7716e-008	1.4743e-008	1.3214e-008	1.1613e-008	9.3001e-009	7.1807e-009	5.3651e-009	5.0295e-009	4.4535e-009	4.1552e-009	3.8374e-009	3.5606e-009	3.109e-009	3.1366e-009	3.3672e-009	4.3347e-009	4.2908e-009	4.0403e-009	3.7892e-009	4.0321e-009	4.7908e-009	5.3816e-009	6.9334e-009	8.8073e-009	1.0623e-008	1.5781e-008	2.2254e-008	2.684e-008	3.0918e-008	3.8721e-008	4.6987e-008	5.5634e-008	6.15e-008	6.6083e-008	7.0371e-008	7.7579e-008	8.0563e-008	8.4945e-008	8.6289e-008	8.8546e-008	9.1047e-008	9.2358e-008	9.3023e-008	9.3106e-008	9.3134e-008	9.1786e-008	9.0551e-008	8.9099e-008	8.8431e-008	8.6804e-008	8.65e-008	8.4097e-008	8.2331e-008	7.994e-008	7.8142e-008	7.5152e-008	7.2526e-008	7.0034e-008	6.803e-008	6.8032e-008	6.4046e-008	6.1628e-008	6.008e-008	5.7685e-008	5.526e-008	5.4429e-008	5.2469e-008	4.9621e-008	4.7958e-008	4.5519e-008	4.3126e-008	3.9646e-008	3.8148e-008	3.4891e-008	3.2231e-008	2.9813e-008	2.8019e-008	2.6107e-008	2.3347e-008	2.1157e-008	1.9579e-008	1.7491e-008	1.5649e-008	1.3301e-008	1.1643e-008	9.2733e-009	7.9752e-009	5.9794e-009	5.6102e-009	4.8131e-009	3.9668e-009	4.0412e-009	4.2361e-009	3.811e-009	3.1673e-009	3.4569e-009	3.0082e-009	3.3987e-009	4.0396e-009	4.2383e-009	5.0037e-009	6.4023e-009	8.9236e-009	1.138e-008	1.4698e-008	1.942e-008	2.631e-008	3.3024e-008	3.785e-008	4.5232e-008	5.281e-008	5.7462e-008	6.243e-008	6.6205e-008	6.9415e-008	7.5031e-008	8.1315e-008	8.2992e-008	8.7178e-008	8.9789e-008	9.1698e-008	9.3291e-008	9.398e-008	9.4457e-008	9.4702e-008	9.4025e-008	9.3197e-008	9.2162e-008	9.1579e-008	8.9624e-008	8.814e-008	8.5307e-008	8.3487e-008	8.158e-008	8.0111e-008	7.7005e-008	7.6232e-008	7.2923e-008	6.9646e-008	6.6677e-008	6.5138e-008	6.3249e-008	6.1084e-008	5.9255e-008	5.8149e-008	5.3534e-008	5.1493e-008	4.903e-008	4.7617e-008	4.4396e-008	3.9896e-008	3.8841e-008	3.6868e-008	3.5116e-008	3.0892e-008	2.9708e-008	2.5761e-008	2.0533e-008	1.9382e-008	1.7512e-008	1.3619e-008	1.1166e-008	9.3429e-009	7.2236e-009	5.7146e-009	4.6987e-009	4.1649e-009	4.115e-009	4.7359e-009	3.7526e-009	2.6429e-009	3.8396e-009	3.9772e-009	3.9783e-009	3.8779e-009	3.7956e-009	4.0022e-009	4.7462e-009	5.0011e-009	4.7817e-009	5.4242e-009	6.1322e-009	7.1948e-009	9.0186e-009	1.2557e-008	1.5715e-008	2.1451e-008	2.6699e-008	3.1405e-008	3.9187e-008	4.7534e-008	5.3514e-008	5.8197e-008	6.3486e-008	7.0798e-008	7.7037e-008	8.1735e-008	8.4958e-008	8.8839e-008	9.0288e-008	9.2106e-008	9.3001e-008	9.2814e-008	9.329e-008	9.3838e-008	9.3627e-008	9.3445e-008	9.2953e-008	9.2261e-008	9.1144e-008	8.9774e-008	8.7896e-008	8.6713e-008	8.4485e-008	8.2319e-008	7.9559e-008	7.7339e-008	7.4547e-008	7.2785e-008	7.1382e-008	6.9816e-008	6.9078e-008	6.717e-008	6.3591e-008	6.2305e-008	6.025e-008	5.9302e-008	5.6999e-008	5.2775e-008	5.0058e-008	4.6407e-008	4.4894e-008	4.3651e-008	4.128e-008	3.8542e-008	3.5475e-008	3.3671e-008	3.0871e-008	2.7183e-008	2.4352e-008	2.3115e-008	2.0965e-008	1.8296e-008	1.5622e-008	1.3851e-008	1.0974e-008	9.2075e-009	8.2117e-009	6.9612e-009	5.5229e-009	5.0375e-009	4.9185e-009	4.6117e-009	4.8144e-009	5.1813e-009	4.9491e-009	5.1613e-009	5.2288e-009	5.0266e-009	5.5796e-009	6.1502e-009	7.102e-009	8.3565e-009	1.054e-008	1.4703e-008	1.9057e-008	2.4312e-008	3.0809e-008	3.6793e-008	4.3007e-008	4.8818e-008	5.3083e-008	5.9553e-008	6.4959e-008	6.8712e-008	7.2344e-008	7.9659e-008	8.2631e-008	8.4201e-008	8.6117e-008	8.7754e-008	8.9006e-008	9.006e-008	9.0791e-008	9.1388e-008
2.0041e-009	1.8792e-009	2.0133e-009	2.3117e-009	2.2673e-009	2.8299e-009	3.6334e-009	5.1084e-009	8.0572e-009	1.1009e-008	1.4418e-008	1.8696e-008	2.3784e-008	3.012e-008	3.6131e-008	4.1145e-008	4.6485e-008	5.3418e-008	5.991e-008	6.3624e-008	6.6647e-008	7.2332e-008	7.4678e-008	8.0002e-008	8.1932e-008	8.3853e-008	8.6405e-008	8.7915e-008	8.8836e-008	8.9637e-008	8.8822e-008	8.785e-008	8.6789e-008	8.5758e-008	8.3298e-008	8.0006e-008	7.6887e-008	7.6379e-008	7.3835e-008	7.2227e-008	7.0803e-008	6.9918e-008	6.8922e-008	6.7661e-008	6.6288e-008	6.3172e-008	6.1649e-008	5.9276e-008	5.6825e-008	5.4893e-008	5.3634e-008	5.115e-008	4.9351e-008	4.7321e-008	4.5871e-008	4.2396e-008	4.0188e-008	3.8769e-008	3.615e-008	3.3267e-008	3.1289e-008	2.9581e-008	2.7155e-008	2.5675e-008	2.3153e-008	2.1398e-008	1.9433e-008	1.7973e-008	1.6012e-008	1.2019e-008	9.9559e-009	8.6302e-009	7.7088e-009	5.0068e-009	4.0425e-009	3.3564e-009	2.5139e-009	2.3841e-009	2.6312e-009	2.6831e-009	2.4802e-009	2.915e-009	2.4264e-009	2.7161e-009	2.6793e-009	4.0972e-009	5.6134e-009	6.998e-009	8.6899e-009	1.1611e-008	1.4264e-008	1.6638e-008	2.1336e-008	2.7508e-008	3.5761e-008	4.4784e-008	5.2379e-008	5.7336e-008	6.1573e-008	6.4967e-008	7.0281e-008	7.3302e-008	7.6701e-008	8.2262e-008	8.4604e-008	8.5985e-008	8.8389e-008	8.8731e-008	8.9913e-008	9.1125e-008	9.1422e-008	9.1199e-008	9.0933e-008	9.0171e-008	9.0047e-008	9.0146e-008	8.7915e-008	8.5943e-008	8.3089e-008	7.965e-008	7.7596e-008	7.585e-008	7.4691e-008	7.3449e-008	7.0624e-008	6.7959e-008	6.4103e-008	6.2433e-008	6.0047e-008	5.8955e-008	5.6194e-008	5.4739e-008	5.2271e-008	5.1129e-008	4.799e-008	4.5323e-008	4.2959e-008	4.0702e-008	3.7803e-008	3.6428e-008	3.3639e-008	3.1719e-008	2.9153e-008	2.7286e-008	2.5786e-008	2.3961e-008	2.2157e-008	1.8512e-008	1.7602e-008	1.4904e-008	1.2954e-008	1.102e-008	8.5995e-009	6.9547e-009	5.5723e-009	4.421e-009	3.7795e-009	3.0433e-009	2.9607e-009	2.7388e-009	3.0513e-009	3.5628e-009	3.0723e-009	2.8765e-009	4.0432e-009	5.0031e-009	5.7946e-009	7.2998e-009	9.5879e-009	1.141e-008	1.356e-008	1.625e-008	1.9231e-008	2.536e-008	3.0722e-008	3.7702e-008	4.5616e-008	5.3022e-008	5.9528e-008	6.2249e-008	6.7617e-008	7.4028e-008	7.6743e-008	8.2697e-008	8.5985e-008	8.9883e-008	9.2819e-008	9.3096e-008	9.3571e-008	9.3959e-008	9.33e-008	9.3976e-008	9.4216e-008	9.3233e-008	9.2e-008	9.0946e-008	8.8388e-008	8.6342e-008	8.5134e-008	8.3766e-008	8.1756e-008	7.9265e-008	7.554e-008	7.3167e-008	7.2455e-008	7.1688e-008	6.8772e-008	6.7381e-008	6.3909e-008	6.1881e-008	5.9663e-008	5.6348e-008	5.3989e-008	5.2382e-008	5.1018e-008	4.9715e-008	4.6054e-008	4.2304e-008	4.0578e-008	3.6988e-008	3.5495e-008	3.3251e-008	3.1193e-008	2.7717e-008	2.3886e-008	2.2594e-008	1.976e-008	1.6635e-008	1.436e-008	1.2954e-008	1.1551e-008	9.8922e-009	6.9257e-009	5.7239e-009	4.5321e-009	4.453e-009	4.5275e-009	4.4942e-009	4.0966e-009	3.8052e-009	3.4243e-009	4.2059e-009	4.0911e-009	3.7603e-009	3.4237e-009	3.3225e-009	4.0942e-009	4.9429e-009	5.6511e-009	6.8153e-009	9.2166e-009	1.2206e-008	1.6411e-008	2.1947e-008	2.7229e-008	3.1579e-008	3.8162e-008	4.6579e-008	5.5475e-008	6.3807e-008	6.864e-008	7.1735e-008	7.6699e-008	8.049e-008	8.4619e-008	8.6496e-008	8.8599e-008	9.1086e-008	9.1784e-008	9.2773e-008	9.2933e-008	9.2824e-008	9.2424e-008	9.1505e-008	8.9871e-008	8.8719e-008	8.7286e-008	8.6078e-008	8.4577e-008	8.141e-008	7.955e-008	7.6951e-008	7.5296e-008	7.2701e-008	7.0194e-008	6.8306e-008	6.7881e-008	6.6743e-008	6.2755e-008	5.9749e-008	5.7292e-008	5.4828e-008	5.4164e-008	5.216e-008	4.938e-008	4.7745e-008	4.4148e-008	4.207e-008	4.0886e-008	3.771e-008	3.5073e-008	3.2125e-008	3.023e-008	2.7678e-008	2.5926e-008	2.2853e-008	2.0909e-008	1.9714e-008	1.7347e-008	1.5206e-008	1.3268e-008	1.1454e-008	9.0525e-009	7.7923e-009	6.3918e-009	5.5321e-009	4.5277e-009	3.6808e-009	4.195e-009	4.3025e-009	3.4802e-009	3.4406e-009	3.2755e-009	3.4346e-009	3.3036e-009	4.4732e-009	4.7096e-009	5.0462e-009	6.1532e-009	8.7949e-009	1.1082e-008	1.5132e-008	2.0041e-008	2.5945e-008	3.1297e-008	3.7959e-008	4.701e-008	5.4008e-008	5.9211e-008	6.3864e-008	6.6489e-008	6.9976e-008	7.2941e-008	7.9803e-008	8.3694e-008	8.6256e-008	9.0185e-008	9.1966e-008	9.3544e-008	9.4066e-008	9.4863e-008	9.4883e-008	9.4178e-008	9.4058e-008	9.3381e-008	9.3331e-008	9.085e-008	8.9085e-008	8.4498e-008	8.2732e-008	8.1012e-008	7.8288e-008	7.6804e-008	7.3123e-008	7.0418e-008	6.8495e-008	6.6028e-008	6.4044e-008	6.2483e-008	6.081e-008	5.8938e-008	5.7821e-008	5.5685e-008	5.1869e-008	4.9134e-008	4.691e-008	4.4679e-008	4.0891e-008	3.8991e-008	3.7297e-008	3.5465e-008	3.1384e-008	2.9612e-008	2.7125e-008	2.4139e-008	2.0661e-008	1.8189e-008	1.519e-008	1.3186e-008	9.5694e-009	7.348e-009	6.3655e-009	5.325e-009	5.2002e-009	4.7174e-009	4.4762e-009	4.0221e-009	3.7918e-009	4.3141e-009	4.261e-009	3.9483e-009	4.2407e-009	4.0501e-009	4.8995e-009	4.9558e-009	5.3114e-009	5.1912e-009	5.3127e-009	6.0206e-009	7.5025e-009	9.4314e-009	1.2459e-008	1.6401e-008	2.1199e-008	2.6693e-008	3.1855e-008	3.8686e-008	4.5951e-008	5.3129e-008	5.7948e-008	6.2647e-008	6.8293e-008	7.5117e-008	8.1661e-008	8.5411e-008	9.0018e-008	9.1043e-008	9.3279e-008	9.353e-008	9.2963e-008	9.3368e-008	9.3763e-008	9.3453e-008	9.3458e-008	9.3381e-008	9.1956e-008	9.0899e-008	8.9417e-008	8.8696e-008	8.7388e-008	8.4003e-008	8.206e-008	7.8308e-008	7.6134e-008	7.403e-008	7.2674e-008	7.1643e-008	7.1095e-008	6.928e-008	6.7525e-008	6.4121e-008	6.2072e-008	6.1295e-008	5.981e-008	5.5588e-008	5.3435e-008	4.9499e-008	4.6653e-008	4.4504e-008	4.2939e-008	4.027e-008	3.7883e-008	3.5745e-008	3.3993e-008	3.1481e-008	2.7052e-008	2.4786e-008	2.3663e-008	2.0135e-008	1.6134e-008	1.5364e-008	1.3388e-008	1.1478e-008	1.0258e-008	8.6994e-009	5.7834e-009	5.4738e-009	5.2291e-009	5.0584e-009	4.5093e-009	4.5237e-009	4.6318e-009	4.8344e-009	5.3002e-009	5.4593e-009	5.3951e-009	5.4399e-009	6.2803e-009	7.1142e-009	8.7085e-009	1.0896e-008	1.4065e-008	1.9057e-008	2.4196e-008	3.0301e-008	3.7325e-008	4.2874e-008	4.9319e-008	5.5332e-008	6.1332e-008	6.501e-008	7.1444e-008	7.6323e-008	8.0559e-008	8.2435e-008	8.4397e-008	8.572e-008	8.7954e-008	8.9961e-008	9.0934e-008	9.1607e-008	9.1952e-008
1.8873e-009	1.9823e-009	1.8976e-009	2.0954e-009	2.3045e-009	2.8467e-009	3.822e-009	5.7413e-009	7.8654e-009	1.1439e-008	1.5114e-008	1.8059e-008	2.2826e-008	2.7713e-008	3.5387e-008	4.1213e-008	4.6968e-008	5.4161e-008	5.9573e-008	6.5037e-008	6.7042e-008	7.3174e-008	7.4611e-008	8.0056e-008	8.2523e-008	8.4354e-008	8.6129e-008	8.8315e-008	8.8861e-008	8.9154e-008	8.847e-008	8.7286e-008	8.6478e-008	8.5868e-008	8.3314e-008	8.1011e-008	7.8044e-008	7.6445e-008	7.4707e-008	7.2232e-008	7.0629e-008	6.9561e-008	6.8996e-008	6.798e-008	6.6984e-008	6.562e-008	6.286e-008	5.9257e-008	5.6982e-008	5.5086e-008	5.2893e-008	5.1271e-008	4.9676e-008	4.7622e-008	4.5049e-008	4.125e-008	3.9954e-008	3.8612e-008	3.5051e-008	3.3676e-008	3.2068e-008	3.0012e-008	2.7566e-008	2.5442e-008	2.2884e-008	2.1159e-008	1.9273e-008	1.7608e-008	1.6279e-008	1.3291e-008	1.2385e-008	1.042e-008	7.4067e-009	6.3553e-009	3.9812e-009	3.4296e-009	2.9541e-009	2.8695e-009	3.0293e-009	2.9808e-009	2.8788e-009	2.9532e-009	2.9216e-009	2.6973e-009	2.9742e-009	3.9646e-009	5.3027e-009	7.1981e-009	9.8326e-009	1.2987e-008	1.5671e-008	1.897e-008	2.2317e-008	2.8557e-008	3.6445e-008	4.3965e-008	5.084e-008	5.6968e-008	6.1294e-008	6.4719e-008	6.9718e-008	7.3743e-008	7.674e-008	8.2688e-008	8.4008e-008	8.6899e-008	8.8515e-008	8.9001e-008	9.0007e-008	9.1181e-008	9.1416e-008	9.1214e-008	9.0431e-008	8.9555e-008	8.882e-008	8.8932e-008	8.8166e-008	8.632e-008	8.2577e-008	7.9468e-008	7.6762e-008	7.4353e-008	7.2668e-008	7.1813e-008	6.9933e-008	6.5103e-008	6.3983e-008	6.1717e-008	5.9358e-008	5.7916e-008	5.5793e-008	5.4231e-008	5.2548e-008	5.0995e-008	4.8693e-008	4.5257e-008	4.3023e-008	4.1099e-008	3.825e-008	3.6565e-008	3.4209e-008	3.1549e-008	2.9621e-008	2.7279e-008	2.6003e-008	2.4664e-008	2.2302e-008	1.8911e-008	1.7773e-008	1.5202e-008	1.3012e-008	1.1488e-008	9.7634e-009	7.7349e-009	5.7755e-009	4.3889e-009	3.8507e-009	2.9573e-009	2.3929e-009	2.6601e-009	3.2036e-009	3.765e-009	3.5093e-009	3.4861e-009	3.8151e-009	4.7327e-009	6.1629e-009	7.371e-009	9.4665e-009	1.1522e-008	1.3112e-008	1.6632e-008	2.0427e-008	2.5472e-008	3.0591e-008	3.8118e-008	4.5891e-008	5.2993e-008	5.969e-008	6.4557e-008	6.886e-008	7.4203e-008	7.9651e-008	8.359e-008	8.7365e-008	9.1104e-008	9.2853e-008	9.3736e-008	9.3964e-008	9.4143e-008	9.4105e-008	9.4202e-008	9.393e-008	9.2883e-008	9.2153e-008	8.9612e-008	8.8384e-008	8.5874e-008	8.4923e-008	8.4149e-008	8.203e-008	7.8952e-008	7.589e-008	7.3367e-008	7.2298e-008	7.1005e-008	6.7896e-008	6.5568e-008	6.2854e-008	6.1533e-008	5.9278e-008	5.6139e-008	5.4087e-008	5.1892e-008	5.0778e-008	4.8585e-008	4.5193e-008	4.283e-008	4.1167e-008	3.7715e-008	3.5208e-008	3.3444e-008	2.8611e-008	2.6247e-008	2.3936e-008	2.1364e-008	1.861e-008	1.6014e-008	1.4342e-008	1.2214e-008	1.0285e-008	9.0998e-009	8.2269e-009	5.5012e-009	5.013e-009	4.7768e-009	4.4224e-009	3.8915e-009	3.4636e-009	3.7085e-009	3.7026e-009	3.5341e-009	3.2841e-009	2.6889e-009	2.8011e-009	2.8692e-009	4.1178e-009	4.7961e-009	5.3517e-009	6.4543e-009	9.5427e-009	1.1398e-008	1.5971e-008	2.0973e-008	2.7055e-008	3.0966e-008	3.7748e-008	4.7018e-008	5.644e-008	6.3009e-008	6.812e-008	7.2929e-008	7.7547e-008	8.0793e-008	8.4773e-008	8.6248e-008	8.9835e-008	9.0518e-008	9.1286e-008	9.2161e-008	9.2729e-008	9.3385e-008	9.2483e-008	9.1626e-008	9.0712e-008	8.9326e-008	8.7495e-008	8.6112e-008	8.3661e-008	8.2548e-008	7.9035e-008	7.7343e-008	7.5122e-008	7.3593e-008	7.0731e-008	6.793e-008	6.658e-008	6.4466e-008	6.257e-008	5.9823e-008	5.7573e-008	5.5775e-008	5.4206e-008	5.3403e-008	4.8914e-008	4.6296e-008	4.3151e-008	4.1268e-008	3.953e-008	3.6895e-008	3.4559e-008	3.2022e-008	3.0736e-008	2.8467e-008	2.5658e-008	2.2542e-008	2.0507e-008	1.9066e-008	1.7197e-008	1.393e-008	1.2851e-008	1.0506e-008	8.9652e-009	7.5008e-009	6.0008e-009	5.4089e-009	4.2058e-009	3.7713e-009	3.4221e-009	3.4133e-009	3.1626e-009	3.0799e-009	3.3344e-009	3.4597e-009	3.3554e-009	3.5431e-009	4.3386e-009	4.9559e-009	6.5914e-009	9.1244e-009	1.0926e-008	1.4399e-008	1.9816e-008	2.4886e-008	3.1276e-008	3.7682e-008	4.6719e-008	5.2882e-008	5.7669e-008	6.411e-008	6.7439e-008	7.0161e-008	7.4078e-008	7.9316e-008	8.2572e-008	8.6184e-008	9.0254e-008	9.1703e-008	9.285e-008	9.473e-008	9.4744e-008	9.4763e-008	9.431e-008	9.4105e-008	9.3449e-008	9.3155e-008	8.9739e-008	8.5473e-008	8.245e-008	8.1893e-008	7.9812e-008	7.7244e-008	7.5303e-008	7.2219e-008	7.0121e-008	6.7569e-008	6.5159e-008	6.3205e-008	6.1485e-008	6.007e-008	5.8252e-008	5.7266e-008	5.5831e-008	5.2729e-008	4.9239e-008	4.6784e-008	4.4297e-008	4.1563e-008	3.9503e-008	3.7391e-008	3.4331e-008	3.1795e-008	2.8201e-008	2.6281e-008	2.3405e-008	2.1285e-008	1.7879e-008	1.554e-008	1.3224e-008	1.0085e-008	7.8152e-009	6.2191e-009	5.3631e-009	5.0919e-009	4.6689e-009	3.9262e-009	3.5933e-009	3.7517e-009	3.8942e-009	3.7556e-009	3.8542e-009	4.351e-009	4.5874e-009	4.5597e-009	4.8975e-009	4.7342e-009	4.8438e-009	5.4915e-009	5.8951e-009	7.0664e-009	9.3194e-009	1.206e-008	1.5265e-008	2.0546e-008	2.5858e-008	3.0652e-008	3.8099e-008	4.5157e-008	5.0452e-008	5.5174e-008	6.1705e-008	6.7723e-008	7.5236e-008	8.158e-008	8.5725e-008	8.8088e-008	9.1297e-008	9.3518e-008	9.3246e-008	9.2744e-008	9.3292e-008	9.3583e-008	9.3976e-008	9.3548e-008	9.2831e-008	9.1183e-008	8.9615e-008	8.9116e-008	8.8459e-008	8.7189e-008	8.3512e-008	8.0541e-008	7.7176e-008	7.5865e-008	7.3524e-008	7.2192e-008	7.1549e-008	7.1472e-008	6.8727e-008	6.6528e-008	6.4706e-008	6.2027e-008	6.09e-008	5.8104e-008	5.4833e-008	5.2212e-008	4.9079e-008	4.7642e-008	4.3591e-008	4.2424e-008	3.9589e-008	3.7523e-008	3.5782e-008	3.3385e-008	3.1357e-008	2.9011e-008	2.4504e-008	2.3899e-008	2.163e-008	1.8588e-008	1.6657e-008	1.3992e-008	1.183e-008	1.0015e-008	7.6918e-009	5.7176e-009	5.4508e-009	5.1443e-009	4.8872e-009	4.3372e-009	4.4529e-009	4.4561e-009	4.423e-009	4.9929e-009	5.4035e-009	4.6981e-009	5.3931e-009	6.433e-009	7.7284e-009	9.0128e-009	1.0708e-008	1.3408e-008	1.7458e-008	2.3566e-008	2.9866e-008	3.574e-008	3.9834e-008	4.793e-008	5.4122e-008	6.1555e-008	6.6033e-008	7.2356e-008	7.6675e-008	7.9804e-008	8.2137e-008	8.3859e-008	8.5898e-008	8.7998e-008	8.9682e-008	9.068e-008	9.1454e-008	9.2045e-008
1.4027e-009	1.5335e-009	8.9499e-010	7.8075e-010	1.6609e-009	2.3837e-009	3.3916e-009	5.0415e-009	7.0926e-009	1.0726e-008	1.4647e-008	1.7441e-008	2.2112e-008	2.715e-008	3.4412e-008	3.9866e-008	4.7381e-008	5.4768e-008	6.1197e-008	6.5424e-008	6.7889e-008	7.2424e-008	7.5058e-008	7.8912e-008	8.105e-008	8.4024e-008	8.5485e-008	8.6591e-008	8.7034e-008	8.7134e-008	8.6855e-008	8.6243e-008	8.5828e-008	8.4424e-008	8.1677e-008	7.994e-008	7.7757e-008	7.5945e-008	7.317e-008	7.1306e-008	6.9984e-008	6.8679e-008	6.8179e-008	6.7201e-008	6.62e-008	6.5356e-008	6.1452e-008	5.589e-008	5.5225e-008	5.4114e-008	5.2327e-008	5.0755e-008	4.8827e-008	4.5359e-008	4.293e-008	4.1586e-008	3.8279e-008	3.6404e-008	3.525e-008	3.3721e-008	3.1584e-008	2.8885e-008	2.4946e-008	2.4607e-008	2.2472e-008	2.0655e-008	1.9162e-008	1.7227e-008	1.5167e-008	1.3687e-008	1.2289e-008	1.0536e-008	6.1014e-009	6.0614e-009	4.244e-009	2.9356e-009	3.8117e-009	3.0111e-009	2.1567e-009	2.4257e-009	2.392e-009	2.5602e-009	2.1156e-009	1.8676e-009	2.6071e-009	4.0943e-009	5.8219e-009	7.5029e-009	9.3627e-009	1.3467e-008	1.5999e-008	1.8245e-008	2.1717e-008	2.781e-008	3.5844e-008	4.1136e-008	4.9027e-008	5.4517e-008	6.0527e-008	6.5106e-008	6.7275e-008	7.3501e-008	7.7951e-008	8.1619e-008	8.2581e-008	8.5968e-008	8.7925e-008	8.8869e-008	8.9527e-008	9.0159e-008	9.0684e-008	9.0219e-008	8.9486e-008	8.8405e-008	8.8092e-008	8.7888e-008	8.612e-008	8.4123e-008	8.0419e-008	7.7472e-008	7.5538e-008	7.2473e-008	7.0252e-008	6.858e-008	6.7504e-008	6.5875e-008	6.2317e-008	6.0757e-008	5.8738e-008	5.6752e-008	5.4563e-008	5.2834e-008	5.1351e-008	5.0387e-008	4.4792e-008	4.3822e-008	4.2364e-008	4.0541e-008	3.691e-008	3.5851e-008	3.4303e-008	3.2316e-008	2.8631e-008	2.6891e-008	2.459e-008	2.2855e-008	2.0635e-008	1.9459e-008	1.7251e-008	1.5127e-008	1.2677e-008	1.1673e-008	9.6898e-009	7.6954e-009	5.7997e-009	4.6956e-009	3.524e-009	2.4949e-009	2.5021e-009	3.1271e-009	2.8066e-009	3.3161e-009	3.4179e-009	2.9175e-009	3.9576e-009	4.4841e-009	5.0082e-009	6.814e-009	8.5398e-009	1.058e-008	1.3091e-008	1.6213e-008	1.9482e-008	2.3334e-008	3.0028e-008	3.6608e-008	4.5567e-008	5.3482e-008	6.0003e-008	6.4505e-008	6.818e-008	7.3762e-008	7.8608e-008	8.1664e-008	8.5032e-008	9.0066e-008	9.1959e-008	9.2677e-008	9.28e-008	9.2809e-008	9.377e-008	9.3349e-008	9.2537e-008	9.1945e-008	9.1049e-008	8.9498e-008	8.7733e-008	8.5644e-008	8.4329e-008	8.322e-008	8.0461e-008	7.7908e-008	7.5712e-008	7.3851e-008	7.2051e-008	6.9317e-008	6.5677e-008	6.4325e-008	6.2796e-008	6.1153e-008	5.8609e-008	5.5771e-008	5.3376e-008	5.1428e-008	4.931e-008	4.6526e-008	4.5184e-008	4.1708e-008	4.0382e-008	3.8112e-008	3.5693e-008	2.9694e-008	2.805e-008	2.5771e-008	2.2845e-008	2.0322e-008	1.806e-008	1.6674e-008	1.4709e-008	1.1887e-008	9.6231e-009	8.8172e-009	7.3885e-009	5.9715e-009	4.675e-009	4.0693e-009	3.7639e-009	3.276e-009	2.9465e-009	3.12e-009	3.3894e-009	3.4135e-009	2.8943e-009	2.747e-009	3.034e-009	2.9106e-009	3.5196e-009	4.1873e-009	4.8068e-009	6.4129e-009	7.7776e-009	1.2135e-008	1.5439e-008	1.9843e-008	2.5397e-008	3.1173e-008	3.8767e-008	4.7706e-008	5.5942e-008	6.2425e-008	6.6952e-008	7.2923e-008	7.6667e-008	8.0312e-008	8.2814e-008	8.7854e-008	8.9774e-008	8.9982e-008	9.0335e-008	9.1411e-008	9.2573e-008	9.2784e-008	9.1875e-008	9.1364e-008	9.0355e-008	8.9356e-008	8.5978e-008	8.5009e-008	8.3759e-008	8.258e-008	8.0124e-008	7.7777e-008	7.538e-008	7.3368e-008	7.0776e-008	6.8341e-008	6.6958e-008	6.4974e-008	6.189e-008	5.9842e-008	5.6644e-008	5.4998e-008	5.3961e-008	5.3199e-008	4.9341e-008	4.5111e-008	4.2719e-008	4.0723e-008	3.7175e-008	3.5773e-008	3.3685e-008	3.2194e-008	3.0481e-008	2.6299e-008	2.3985e-008	2.1533e-008	1.9469e-008	1.8084e-008	1.5726e-008	1.4203e-008	1.1678e-008	9.2091e-009	8.0541e-009	6.7906e-009	5.504e-009	4.9567e-009	4.2908e-009	3.3158e-009	2.9027e-009	3.0906e-009	3.6758e-009	2.9626e-009	3.2516e-009	3.3641e-009	3.2506e-009	3.0991e-009	3.3171e-009	4.3812e-009	5.7707e-009	8.7231e-009	1.0966e-008	1.4423e-008	1.7341e-008	2.3194e-008	3.0039e-008	3.6147e-008	4.4245e-008	5.2347e-008	5.7786e-008	6.2646e-008	6.6554e-008	6.943e-008	7.2417e-008	7.8147e-008	8.1447e-008	8.5324e-008	8.8185e-008	9.1054e-008	9.2314e-008	9.4205e-008	9.4522e-008	9.4583e-008	9.4373e-008	9.3575e-008	9.306e-008	9.2981e-008	9.1094e-008	8.5661e-008	8.3896e-008	8.1976e-008	7.9567e-008	7.7488e-008	7.5383e-008	7.3142e-008	6.9919e-008	6.7133e-008	6.5004e-008	6.2706e-008	6.1285e-008	5.8437e-008	5.7079e-008	5.6537e-008	5.5204e-008	5.2336e-008	4.8724e-008	4.6938e-008	4.2219e-008	4.0596e-008	3.9021e-008	3.6537e-008	3.3823e-008	3.1687e-008	2.7609e-008	2.5715e-008	2.3388e-008	2.0933e-008	1.8932e-008	1.5858e-008	1.2966e-008	9.8815e-009	8.1443e-009	6.6751e-009	5.4882e-009	4.7969e-009	4.2231e-009	4.1953e-009	3.9461e-009	3.5767e-009	3.7333e-009	3.2516e-009	3.5509e-009	4.3505e-009	4.2501e-009	3.9056e-009	4.4926e-009	4.1921e-009	4.5124e-009	5.0176e-009	5.6343e-009	6.6266e-009	8.1792e-009	1.0946e-008	1.4232e-008	2.1118e-008	2.6534e-008	3.1133e-008	3.7763e-008	4.4652e-008	5.0118e-008	5.5639e-008	6.1226e-008	6.7208e-008	7.2694e-008	7.7554e-008	8.3189e-008	8.7118e-008	9.0977e-008	9.2992e-008	9.2443e-008	9.2475e-008	9.3016e-008	9.3558e-008	9.3842e-008	9.3683e-008	9.2276e-008	9.1137e-008	8.9595e-008	8.9154e-008	8.8232e-008	8.5992e-008	8.1865e-008	8.0048e-008	7.7812e-008	7.5283e-008	7.3814e-008	7.1697e-008	7.0503e-008	6.9161e-008	6.6268e-008	6.5041e-008	6.375e-008	6.2285e-008	6.046e-008	5.6627e-008	5.491e-008	5.1923e-008	5.0164e-008	4.8267e-008	4.4263e-008	4.1719e-008	3.9545e-008	3.7657e-008	3.6856e-008	3.457e-008	3.0849e-008	2.8879e-008	2.7078e-008	2.4178e-008	2.2261e-008	1.8758e-008	1.6888e-008	1.4681e-008	1.2539e-008	1.0033e-008	8.1539e-009	6.1926e-009	5.6216e-009	5.2618e-009	4.8108e-009	4.7113e-009	4.3615e-009	4.2771e-009	4.3244e-009	4.7613e-009	4.6879e-009	4.7445e-009	5.1112e-009	5.8531e-009	7.7169e-009	9.2414e-009	1.0781e-008	1.4296e-008	1.8741e-008	2.263e-008	2.8548e-008	3.5357e-008	4.1643e-008	4.7059e-008	5.4023e-008	6.1191e-008	6.725e-008	7.1522e-008	7.5763e-008	7.805e-008	8.1434e-008	8.519e-008	8.6411e-008	8.9765e-008	9.0571e-008	9.1963e-008	9.2319e-008	9.2323e-008
1.8528e-009	2.0152e-009	1.8177e-009	2.1025e-009	1.9921e-009	2.7461e-009	3.6597e-009	5.6257e-009	7.953e-009	1.0461e-008	1.494e-008	1.7609e-008	2.1046e-008	2.777e-008	3.4804e-008	4.3373e-008	4.9741e-008	5.694e-008	6.2487e-008	6.648e-008	6.9984e-008	7.2523e-008	7.5968e-008	7.9241e-008	8.1355e-008	8.2792e-008	8.4665e-008	8.5508e-008	8.6101e-008	8.6392e-008	8.6624e-008	8.6264e-008	8.5661e-008	8.4189e-008	8.3176e-008	8.1072e-008	7.9473e-008	7.698e-008	7.4299e-008	7.1917e-008	7.0771e-008	6.9415e-008	6.8575e-008	6.8108e-008	6.6892e-008	6.5758e-008	6.3181e-008	5.9491e-008	5.689e-008	5.457e-008	5.2152e-008	5.0255e-008	4.7952e-008	4.5918e-008	4.3675e-008	4.1584e-008	3.9392e-008	3.657e-008	3.5407e-008	3.4463e-008	3.2306e-008	2.9428e-008	2.772e-008	2.4522e-008	2.3582e-008	2.1472e-008	1.9556e-008	1.811e-008	1.6067e-008	1.4231e-008	1.3596e-008	1.199e-008	9.8974e-009	7.201e-009	5.4307e-009	5.0472e-009	4.7965e-009	3.9048e-009	3.3474e-009	2.8358e-009	2.9167e-009	2.948e-009	2.5946e-009	2.6402e-009	3.5097e-009	5.0558e-009	6.2986e-009	8.5282e-009	9.6248e-009	1.3594e-008	1.6388e-008	2.0469e-008	2.3979e-008	2.8556e-008	3.5422e-008	4.2594e-008	4.9227e-008	5.3647e-008	5.9349e-008	6.382e-008	6.7986e-008	7.4385e-008	7.7178e-008	8.1814e-008	8.4362e-008	8.555e-008	8.8069e-008	8.9751e-008	9.0991e-008	9.105e-008	9.1383e-008	9.1915e-008	9.039e-008	8.9413e-008	8.8518e-008	8.7902e-008	8.6945e-008	8.3755e-008	8.0257e-008	7.763e-008	7.5111e-008	7.1972e-008	6.9423e-008	6.828e-008	6.7481e-008	6.431e-008	6.2854e-008	6.1329e-008	5.917e-008	5.6547e-008	5.4399e-008	5.2917e-008	5.1603e-008	5.0053e-008	4.7767e-008	4.4842e-008	4.2202e-008	4.0697e-008	3.843e-008	3.6991e-008	3.439e-008	3.2397e-008	2.9691e-008	2.7167e-008	2.4843e-008	2.3029e-008	2.1437e-008	1.9978e-008	1.9031e-008	1.643e-008	1.3698e-008	1.2231e-008	1.0969e-008	8.2663e-009	6.0374e-009	5.4994e-009	4.0294e-009	3.097e-009	3.1595e-009	3.2396e-009	3.4145e-009	3.5861e-009	3.8591e-009	3.7788e-009	4.9763e-009	4.9392e-009	5.4749e-009	6.5525e-009	8.1987e-009	1.1079e-008	1.3013e-008	1.6716e-008	1.8479e-008	2.4315e-008	3.0221e-008	3.7947e-008	4.5411e-008	5.2768e-008	6.0597e-008	6.3494e-008	6.7622e-008	7.5485e-008	7.8776e-008	8.1292e-008	8.7257e-008	9.0225e-008	9.189e-008	9.2419e-008	9.3384e-008	9.3365e-008	9.4164e-008	9.4087e-008	9.2842e-008	9.1723e-008	9.0837e-008	9.0102e-008	8.6941e-008	8.5621e-008	8.5042e-008	8.3252e-008	8.0583e-008	7.7779e-008	7.5985e-008	7.3845e-008	7.2482e-008	6.9915e-008	6.5984e-008	6.4144e-008	6.2614e-008	6.1494e-008	5.8679e-008	5.578e-008	5.3443e-008	5.1302e-008	4.9062e-008	4.6834e-008	4.5365e-008	4.3205e-008	4.0578e-008	3.731e-008	3.4938e-008	3.2157e-008	2.8519e-008	2.6457e-008	2.34e-008	2.0382e-008	1.8274e-008	1.637e-008	1.4545e-008	1.2988e-008	1.1012e-008	9.1527e-009	6.8894e-009	5.7062e-009	4.5715e-009	3.8654e-009	3.9414e-009	3.8587e-009	3.7572e-009	3.2258e-009	3.3027e-009	3.4339e-009	3.1391e-009	3.4139e-009	3.4856e-009	3.0948e-009	3.5216e-009	4.0183e-009	4.6405e-009	6.3757e-009	8.3303e-009	1.2149e-008	1.4839e-008	2.0569e-008	2.3903e-008	3.1301e-008	3.936e-008	4.9418e-008	5.63e-008	6.3163e-008	6.7261e-008	7.2745e-008	7.5706e-008	7.971e-008	8.3779e-008	8.7237e-008	8.9591e-008	8.9715e-008	9.067e-008	9.1241e-008	9.1618e-008	9.1601e-008	9.1588e-008	9.1133e-008	8.984e-008	8.824e-008	8.6851e-008	8.4974e-008	8.3832e-008	8.1919e-008	8.0626e-008	7.8059e-008	7.5838e-008	7.4438e-008	7.1585e-008	6.9442e-008	6.8173e-008	6.543e-008	6.2518e-008	5.8896e-008	5.7051e-008	5.4767e-008	5.3504e-008	5.2948e-008	4.6641e-008	4.2118e-008	4.1756e-008	3.9966e-008	3.8007e-008	3.5971e-008	3.3955e-008	3.2314e-008	3.0021e-008	2.7188e-008	2.4341e-008	2.1653e-008	1.9753e-008	1.785e-008	1.5784e-008	1.1878e-008	1.0575e-008	8.9183e-009	7.5676e-009	5.8755e-009	4.6233e-009	4.7314e-009	4.0386e-009	2.9718e-009	2.5119e-009	3.3268e-009	3.5017e-009	3.6176e-009	3.3663e-009	3.317e-009	3.1736e-009	2.8514e-009	3.2429e-009	4.5119e-009	5.7386e-009	7.2605e-009	1.0792e-008	1.3548e-008	1.7534e-008	2.2519e-008	2.8569e-008	3.6809e-008	4.3196e-008	5.1265e-008	5.6914e-008	6.2457e-008	6.5389e-008	6.8937e-008	7.2704e-008	7.6877e-008	8.0501e-008	8.4021e-008	8.6953e-008	8.859e-008	9.1561e-008	9.3257e-008	9.4103e-008	9.4032e-008	9.3939e-008	9.3476e-008	9.2799e-008	9.144e-008	8.652e-008	8.5583e-008	8.4166e-008	8.1199e-008	7.9495e-008	7.7915e-008	7.4851e-008	7.2215e-008	6.9027e-008	6.6387e-008	6.4788e-008	6.2894e-008	6.069e-008	5.8319e-008	5.6228e-008	5.5046e-008	5.4203e-008	5.0447e-008	4.8203e-008	4.7091e-008	4.4553e-008	4.0991e-008	3.7423e-008	3.5369e-008	3.2837e-008	3.1325e-008	2.8691e-008	2.6389e-008	2.3423e-008	2.0464e-008	1.7897e-008	1.5772e-008	1.3438e-008	1.0217e-008	8.5255e-009	6.6265e-009	5.5107e-009	4.4114e-009	3.5617e-009	3.2564e-009	3.0187e-009	2.8023e-009	3.1988e-009	3.4401e-009	2.9207e-009	3.4681e-009	3.7468e-009	3.506e-009	3.8909e-009	4.2782e-009	3.6462e-009	4.59e-009	5.3002e-009	6.2033e-009	7.5617e-009	1.049e-008	1.3515e-008	1.8765e-008	2.4717e-008	3.0694e-008	3.6479e-008	4.2928e-008	4.8163e-008	5.4134e-008	5.969e-008	6.647e-008	7.2117e-008	7.5194e-008	7.9294e-008	8.6306e-008	8.7736e-008	8.9965e-008	9.1216e-008	9.1841e-008	9.2447e-008	9.3009e-008	9.3512e-008	9.3293e-008	9.2643e-008	9.0679e-008	8.9724e-008	8.8642e-008	8.6625e-008	8.3729e-008	8.0815e-008	7.9287e-008	7.7779e-008	7.5267e-008	7.3857e-008	7.1082e-008	6.9274e-008	6.6518e-008	6.4915e-008	6.3727e-008	6.2171e-008	6.0756e-008	5.9869e-008	5.5689e-008	5.4065e-008	5.0931e-008	5.0366e-008	4.7817e-008	4.5694e-008	4.1664e-008	3.8675e-008	3.8183e-008	3.5307e-008	3.2902e-008	3.0555e-008	2.7345e-008	2.6303e-008	2.4224e-008	2.199e-008	1.9398e-008	1.5712e-008	1.3861e-008	1.1405e-008	9.8891e-009	7.7234e-009	6.4962e-009	5.3004e-009	4.8003e-009	4.7979e-009	4.1052e-009	3.8852e-009	3.6297e-009	3.8915e-009	3.7714e-009	3.9247e-009	4.1191e-009	4.1506e-009	5.1194e-009	6.562e-009	8.2997e-009	1.0729e-008	1.3542e-008	1.8221e-008	2.265e-008	2.6711e-008	3.3248e-008	3.9481e-008	4.6136e-008	5.2173e-008	6.0382e-008	6.6899e-008	7.2188e-008	7.507e-008	7.6674e-008	8.2054e-008	8.5496e-008	8.6691e-008	8.9466e-008	9.1333e-008	9.1605e-008	9.2051e-008	9.2232e-008
1.504e-009	2.1019e-009	2.1795e-009	2.6903e-009	2.6412e-009	3.3849e-009	4.5753e-009	6.7152e-009	8.2555e-009	1.1841e-008	1.4889e-008	1.8081e-008	2.2367e-008	2.9693e-008	3.6506e-008	4.5265e-008	5.1286e-008	5.7632e-008	6.287e-008	6.6698e-008	6.9533e-008	7.2608e-008	7.6833e-008	7.937e-008	8.0415e-008	8.2669e-008	8.4089e-008	8.5232e-008	8.5905e-008	8.6314e-008	8.6003e-008	8.5776e-008	8.5973e-008	8.4902e-008	8.38e-008	8.1697e-008	7.9981e-008	7.8253e-008	7.7055e-008	7.3858e-008	7.1793e-008	7.0725e-008	6.8997e-008	6.8111e-008	6.7261e-008	6.6055e-008	6.2741e-008	5.9985e-008	5.7026e-008	5.4431e-008	5.1454e-008	4.967e-008	4.7754e-008	4.536e-008	4.3451e-008	4.1634e-008	3.9831e-008	3.6869e-008	3.5415e-008	3.3899e-008	3.1952e-008	2.9337e-008	2.8077e-008	2.5776e-008	2.381e-008	2.2038e-008	2.1118e-008	1.8575e-008	1.6072e-008	1.5277e-008	1.3467e-008	1.1592e-008	1.0219e-008	8.8756e-009	7.3629e-009	6.0638e-009	5.4728e-009	5.1448e-009	4.2713e-009	4.272e-009	3.1373e-009	3.0192e-009	3.0465e-009	3.5318e-009	4.1002e-009	5.7559e-009	7.3589e-009	9.6732e-009	1.124e-008	1.3972e-008	1.6732e-008	2.1192e-008	2.563e-008	3.0565e-008	3.6413e-008	4.346e-008	4.9821e-008	5.5397e-008	6.1208e-008	6.5159e-008	6.8816e-008	7.4476e-008	7.8291e-008	8.2832e-008	8.5008e-008	8.5988e-008	8.8627e-008	9.0229e-008	9.1327e-008	9.2141e-008	9.2566e-008	9.313e-008	9.2896e-008	9.0399e-008	8.8927e-008	8.8023e-008	8.6372e-008	8.2588e-008	8.112e-008	7.8192e-008	7.473e-008	7.1908e-008	6.9769e-008	6.8651e-008	6.741e-008	6.51e-008	6.2767e-008	6.0726e-008	5.9209e-008	5.7232e-008	5.5207e-008	5.3495e-008	5.143e-008	4.8296e-008	4.6946e-008	4.5199e-008	4.3761e-008	4.1683e-008	3.8981e-008	3.7675e-008	3.5135e-008	3.2195e-008	2.9658e-008	2.8194e-008	2.5498e-008	2.4129e-008	2.1744e-008	1.9686e-008	1.8676e-008	1.6219e-008	1.3761e-008	1.2528e-008	1.1298e-008	1.0503e-008	8.3659e-009	6.3556e-009	4.9101e-009	3.6915e-009	3.0392e-009	2.7229e-009	2.9706e-009	3.5339e-009	3.9378e-009	4.4331e-009	5.1385e-009	5.2936e-009	5.6779e-009	6.6597e-009	8.2482e-009	1.0722e-008	1.272e-008	1.6653e-008	1.9811e-008	2.4917e-008	3.0651e-008	3.8153e-008	4.6486e-008	5.3345e-008	6.1266e-008	6.8217e-008	7.321e-008	7.7948e-008	8.1816e-008	8.6334e-008	8.8997e-008	9.1186e-008	9.3116e-008	9.4188e-008	9.4556e-008	9.4865e-008	9.4508e-008	9.4323e-008	9.3541e-008	9.209e-008	9.1169e-008	9.051e-008	8.9427e-008	8.6703e-008	8.559e-008	8.2515e-008	8.096e-008	7.8238e-008	7.5533e-008	7.3735e-008	7.197e-008	6.9626e-008	6.7697e-008	6.471e-008	6.3134e-008	6.2e-008	6.0056e-008	5.6104e-008	5.4121e-008	5.1393e-008	4.9759e-008	4.8339e-008	4.701e-008	4.314e-008	4.1248e-008	3.5978e-008	3.5165e-008	3.2459e-008	2.8935e-008	2.6603e-008	2.4489e-008	2.1628e-008	1.9447e-008	1.7621e-008	1.52e-008	1.3527e-008	1.112e-008	8.779e-009	7.1539e-009	5.7343e-009	5.1269e-009	4.1687e-009	4.0677e-009	4.0561e-009	4.2577e-009	4.0642e-009	4.0513e-009	3.8747e-009	3.7382e-009	4.0958e-009	4.1843e-009	3.9026e-009	4.0373e-009	4.4171e-009	5.6896e-009	7.2372e-009	9.0332e-009	1.1454e-008	1.5703e-008	1.9504e-008	2.546e-008	3.3213e-008	4.1534e-008	5.0754e-008	5.8656e-008	6.5227e-008	6.8285e-008	7.3863e-008	7.8463e-008	8.0483e-008	8.1029e-008	8.492e-008	8.9191e-008	8.9721e-008	9.067e-008	9.131e-008	9.2402e-008	9.2182e-008	9.2289e-008	9.1394e-008	8.9903e-008	8.9081e-008	8.6866e-008	8.5375e-008	8.4993e-008	8.517e-008	8.0946e-008	7.8722e-008	7.7008e-008	7.4865e-008	7.2535e-008	6.9859e-008	6.9683e-008	6.7102e-008	6.4553e-008	5.8867e-008	5.6527e-008	5.4265e-008	5.3658e-008	5.2998e-008	5.0002e-008	4.3398e-008	4.2385e-008	3.9977e-008	3.8008e-008	3.6428e-008	3.3992e-008	3.1586e-008	2.8564e-008	2.6873e-008	2.4e-008	2.1571e-008	1.9376e-008	1.7406e-008	1.4855e-008	1.2574e-008	1.062e-008	8.6853e-009	7.2432e-009	5.9793e-009	4.7267e-009	4.5287e-009	3.817e-009	3.51e-009	3.625e-009	3.9346e-009	3.816e-009	3.7887e-009	3.7124e-009	3.7213e-009	3.6973e-009	3.4933e-009	4.0816e-009	4.8526e-009	6.6401e-009	8.8053e-009	1.1529e-008	1.437e-008	1.6889e-008	2.2665e-008	3.0925e-008	3.852e-008	4.3758e-008	4.9419e-008	5.7431e-008	6.2862e-008	6.5491e-008	6.9819e-008	7.3249e-008	7.7477e-008	8.1608e-008	8.4423e-008	8.696e-008	8.8588e-008	9.1956e-008	9.2927e-008	9.4111e-008	9.4707e-008	9.3997e-008	9.3506e-008	9.2701e-008	9.0748e-008	8.8862e-008	8.5994e-008	8.3411e-008	8.1719e-008	7.9953e-008	7.7426e-008	7.5192e-008	7.2708e-008	6.9334e-008	6.7388e-008	6.5377e-008	6.3316e-008	6.013e-008	5.8124e-008	5.6783e-008	5.5196e-008	5.4281e-008	5.1496e-008	4.865e-008	4.7346e-008	4.4697e-008	4.2024e-008	3.8843e-008	3.6563e-008	3.4376e-008	3.2024e-008	2.9488e-008	2.7163e-008	2.3773e-008	2.0759e-008	1.952e-008	1.6231e-008	1.4899e-008	1.1601e-008	9.1755e-009	7.7267e-009	6.3738e-009	4.8721e-009	4.118e-009	3.5256e-009	3.481e-009	3.3498e-009	3.4165e-009	3.9291e-009	3.8383e-009	3.8191e-009	3.8059e-009	3.5802e-009	4.1983e-009	4.5653e-009	4.4202e-009	4.7495e-009	5.1413e-009	5.832e-009	8.1674e-009	1.0594e-008	1.3543e-008	1.7137e-008	1.9886e-008	2.6559e-008	3.558e-008	4.2566e-008	4.9263e-008	5.403e-008	5.9507e-008	6.6359e-008	7.0694e-008	7.6965e-008	7.9823e-008	8.5724e-008	8.7906e-008	8.9778e-008	9.0846e-008	9.2588e-008	9.3334e-008	9.3611e-008	9.4224e-008	9.3824e-008	9.2593e-008	9.1428e-008	9.0174e-008	8.8543e-008	8.6798e-008	8.5023e-008	8.2481e-008	7.9928e-008	7.8608e-008	7.5606e-008	7.3689e-008	7.1382e-008	6.892e-008	6.7739e-008	6.6471e-008	6.3801e-008	6.2192e-008	6.1542e-008	5.9856e-008	5.6942e-008	5.4429e-008	5.1786e-008	5.0448e-008	4.6848e-008	4.5696e-008	4.1097e-008	3.957e-008	3.8419e-008	3.4488e-008	3.3424e-008	3.127e-008	2.8502e-008	2.6105e-008	2.3756e-008	2.1781e-008	1.9511e-008	1.5588e-008	1.3928e-008	1.2128e-008	1.0498e-008	8.4296e-009	6.6082e-009	5.071e-009	4.9643e-009	4.8531e-009	4.8253e-009	4.1788e-009	4.2282e-009	4.16e-009	4.1355e-009	4.2459e-009	4.3049e-009	4.5454e-009	5.6665e-009	6.6395e-009	8.4736e-009	1.141e-008	1.4975e-008	1.8223e-008	2.251e-008	2.6832e-008	3.3176e-008	4.0182e-008	4.6833e-008	5.3988e-008	6.0928e-008	6.4991e-008	7.3367e-008	7.6621e-008	8.2517e-008	8.4968e-008	8.6314e-008	8.9304e-008	9.1392e-008	9.2044e-008	9.2441e-008	9.297e-008	9.2875e-008
1.7196e-009	2.0544e-009	2.5281e-009	2.7833e-009	3.2396e-009	3.6058e-009	5.3595e-009	7.3583e-009	8.5636e-009	1.2324e-008	1.3709e-008	1.8356e-008	2.2717e-008	2.874e-008	3.6781e-008	4.4986e-008	5.0654e-008	5.5904e-008	6.3181e-008	6.6559e-008	6.9731e-008	7.3902e-008	7.6116e-008	7.7942e-008	7.9982e-008	8.2076e-008	8.3749e-008	8.5165e-008	8.6109e-008	8.6616e-008	8.6413e-008	8.6487e-008	8.572e-008	8.4461e-008	8.3229e-008	8.1698e-008	8.105e-008	7.8852e-008	7.7111e-008	7.4536e-008	7.227e-008	7.1705e-008	6.9045e-008	6.738e-008	6.6668e-008	6.5413e-008	6.2397e-008	5.8433e-008	5.6353e-008	5.3105e-008	5.1125e-008	4.9853e-008	4.7894e-008	4.5843e-008	4.3487e-008	4.1888e-008	3.9612e-008	3.763e-008	3.5538e-008	3.3688e-008	3.1845e-008	2.949e-008	2.7932e-008	2.6286e-008	2.4418e-008	2.2986e-008	2.1883e-008	1.9477e-008	1.6845e-008	1.5517e-008	1.3423e-008	1.1803e-008	1.1708e-008	8.9352e-009	7.7329e-009	6.9385e-009	5.7541e-009	5.1308e-009	4.9246e-009	4.38e-009	3.3024e-009	3.3187e-009	3.5027e-009	3.715e-009	4.9375e-009	6.4352e-009	8.3408e-009	1.0393e-008	1.2036e-008	1.5098e-008	1.8245e-008	2.253e-008	2.5934e-008	3.1522e-008	3.7422e-008	4.4189e-008	5.0025e-008	5.5836e-008	6.0857e-008	6.519e-008	6.8913e-008	7.5211e-008	7.7379e-008	8.2344e-008	8.5517e-008	8.6851e-008	8.9042e-008	9.0087e-008	9.1619e-008	9.2888e-008	9.3059e-008	9.3635e-008	9.2467e-008	9.0734e-008	8.9024e-008	8.771e-008	8.533e-008	8.3412e-008	8.078e-008	7.8226e-008	7.5702e-008	7.1226e-008	7.0113e-008	6.8767e-008	6.7884e-008	6.5632e-008	6.3393e-008	6.135e-008	5.9912e-008	5.8142e-008	5.6466e-008	5.3648e-008	5.0746e-008	4.858e-008	4.6107e-008	4.4834e-008	4.3178e-008	4.1463e-008	3.9937e-008	3.7936e-008	3.5497e-008	3.2533e-008	3.062e-008	2.8232e-008	2.5576e-008	2.4144e-008	2.2246e-008	2.0635e-008	1.8365e-008	1.5808e-008	1.4644e-008	1.2992e-008	1.2027e-008	1.1102e-008	8.2061e-009	6.6735e-009	5.006e-009	4.113e-009	3.3101e-009	4.0454e-009	3.5883e-009	3.5472e-009	4.321e-009	4.5208e-009	4.9674e-009	5.4573e-009	5.5024e-009	6.196e-009	8.6118e-009	1.012e-008	1.3443e-008	1.5622e-008	1.988e-008	2.3496e-008	3.0254e-008	3.8031e-008	4.6913e-008	5.3444e-008	6.0726e-008	6.6701e-008	7.3103e-008	7.8093e-008	8.048e-008	8.4755e-008	8.9555e-008	9.0965e-008	9.2115e-008	9.4988e-008	9.6105e-008	9.653e-008	9.5779e-008	9.4993e-008	9.332e-008	9.2551e-008	9.1941e-008	9.0414e-008	8.9195e-008	8.7136e-008	8.5981e-008	8.4074e-008	8.0813e-008	7.8268e-008	7.5866e-008	7.3348e-008	7.1591e-008	6.9689e-008	6.8452e-008	6.6376e-008	6.3147e-008	6.1573e-008	6.0122e-008	5.7935e-008	5.3878e-008	5.177e-008	5.0105e-008	4.9085e-008	4.6057e-008	4.3361e-008	4.11e-008	3.8396e-008	3.5773e-008	3.2836e-008	3.0109e-008	2.7511e-008	2.5055e-008	2.2303e-008	1.9722e-008	1.6532e-008	1.4495e-008	1.3494e-008	1.1484e-008	9.3255e-009	7.1665e-009	5.9226e-009	5.2739e-009	4.6346e-009	4.2422e-009	3.834e-009	4.2355e-009	4.3473e-009	4.4153e-009	4.3504e-009	4.327e-009	4.4467e-009	4.7606e-009	3.9892e-009	4.799e-009	5.5274e-009	5.737e-009	7.5025e-009	9.1475e-009	1.2372e-008	1.5661e-008	2.0354e-008	2.5559e-008	3.4568e-008	4.3455e-008	5.1984e-008	6.0371e-008	6.5288e-008	6.967e-008	7.3417e-008	7.8296e-008	8.0629e-008	8.3994e-008	8.6526e-008	8.8128e-008	9.041e-008	9.1474e-008	9.1944e-008	9.2803e-008	9.2862e-008	9.2487e-008	9.1285e-008	9.0665e-008	8.9995e-008	8.7312e-008	8.6437e-008	8.6289e-008	8.4119e-008	8.165e-008	7.8612e-008	7.7039e-008	7.4993e-008	7.3178e-008	7.1612e-008	6.9957e-008	6.6833e-008	6.4222e-008	5.7988e-008	5.6879e-008	5.4626e-008	5.3477e-008	5.2126e-008	5.0464e-008	4.2247e-008	4.1717e-008	4.0335e-008	3.8075e-008	3.6438e-008	3.4074e-008	3.1295e-008	2.8524e-008	2.6326e-008	2.3855e-008	2.1508e-008	1.9356e-008	1.731e-008	1.4896e-008	1.2845e-008	1.0719e-008	8.8207e-009	7.6064e-009	6.4181e-009	5.4887e-009	4.5343e-009	4.4853e-009	4.4588e-009	3.4757e-009	3.7808e-009	3.5623e-009	4.1124e-009	3.3627e-009	3.7815e-009	3.8141e-009	4.1706e-009	5.014e-009	5.3132e-009	6.8286e-009	9.4182e-009	1.1759e-008	1.4621e-008	1.6927e-008	2.2459e-008	3.0381e-008	3.8061e-008	4.3437e-008	4.9223e-008	5.7071e-008	6.2937e-008	6.7425e-008	7.1511e-008	7.3914e-008	7.7353e-008	8.1404e-008	8.454e-008	8.6843e-008	8.9849e-008	9.0958e-008	9.2603e-008	9.3641e-008	9.4911e-008	9.4549e-008	9.3451e-008	9.2278e-008	9.0729e-008	8.9145e-008	8.6836e-008	8.4745e-008	8.3021e-008	8.2178e-008	7.7632e-008	7.5115e-008	7.2999e-008	6.8732e-008	6.7856e-008	6.6147e-008	6.415e-008	6.1591e-008	5.9069e-008	5.6939e-008	5.5325e-008	5.4504e-008	4.9983e-008	4.8463e-008	4.7162e-008	4.4552e-008	4.2276e-008	4.021e-008	3.8169e-008	3.5482e-008	3.3092e-008	2.9935e-008	2.7678e-008	2.4956e-008	2.211e-008	2.0072e-008	1.7772e-008	1.589e-008	1.3621e-008	1.1086e-008	8.8941e-009	7.5691e-009	5.7647e-009	4.8496e-009	4.2465e-009	4.2319e-009	4.2508e-009	3.9846e-009	4.0595e-009	4.0873e-009	4.1866e-009	3.7858e-009	3.3763e-009	4.9576e-009	4.6239e-009	4.4206e-009	4.9103e-009	5.3504e-009	6.6094e-009	8.1621e-009	1.0826e-008	1.3952e-008	1.7869e-008	2.381e-008	2.997e-008	3.5319e-008	4.2046e-008	4.8989e-008	5.4935e-008	6.1324e-008	6.658e-008	7.0657e-008	7.7051e-008	8.1501e-008	8.5278e-008	8.7428e-008	8.9504e-008	9.1724e-008	9.2664e-008	9.3236e-008	9.4047e-008	9.4064e-008	9.3814e-008	9.307e-008	9.2136e-008	9.0517e-008	8.8803e-008	8.7063e-008	8.4841e-008	8.2195e-008	8.1152e-008	7.9789e-008	7.5072e-008	7.2401e-008	7.1306e-008	6.8613e-008	6.7953e-008	6.6088e-008	6.4044e-008	6.2407e-008	6.1672e-008	5.8817e-008	5.5331e-008	5.3834e-008	5.1799e-008	4.9999e-008	4.7999e-008	4.5448e-008	4.2359e-008	3.9247e-008	3.7755e-008	3.5333e-008	3.3103e-008	2.9715e-008	2.8167e-008	2.5539e-008	2.3979e-008	2.1765e-008	1.8499e-008	1.6197e-008	1.4024e-008	1.19e-008	1.0077e-008	7.7603e-009	6.339e-009	5.0159e-009	4.9797e-009	4.8534e-009	4.5205e-009	4.5087e-009	4.468e-009	4.313e-009	4.3677e-009	4.2746e-009	4.4112e-009	4.778e-009	5.9232e-009	6.8334e-009	8.2995e-009	1.1147e-008	1.5018e-008	1.8206e-008	2.1682e-008	2.7783e-008	3.3483e-008	4.2013e-008	4.733e-008	5.3145e-008	6.0686e-008	6.5976e-008	7.2759e-008	7.6657e-008	8.2925e-008	8.5235e-008	8.7078e-008	8.9082e-008	9.1707e-008	9.2626e-008	9.3394e-008	9.3305e-008	9.3238e-008
2.2597e-009	2.4494e-009	2.7543e-009	2.7606e-009	3.4232e-009	4.1659e-009	5.34e-009	6.7337e-009	9.2018e-009	1.1865e-008	1.5003e-008	1.8947e-008	2.2779e-008	2.8232e-008	3.4952e-008	4.3346e-008	5.0972e-008	5.7556e-008	6.2254e-008	6.643e-008	6.9791e-008	7.4056e-008	7.6306e-008	7.7491e-008	8.0462e-008	8.2354e-008	8.313e-008	8.479e-008	8.6641e-008	8.6972e-008	8.6736e-008	8.672e-008	8.5649e-008	8.4702e-008	8.3856e-008	8.2333e-008	8.0753e-008	7.9584e-008	7.7469e-008	7.6177e-008	7.4013e-008	7.1675e-008	6.8865e-008	6.7392e-008	6.5445e-008	6.4102e-008	6.0922e-008	5.8349e-008	5.571e-008	5.2555e-008	5.1272e-008	4.9041e-008	4.7012e-008	4.527e-008	4.3065e-008	4.151e-008	3.9988e-008	3.7658e-008	3.5583e-008	3.3715e-008	3.2063e-008	2.9723e-008	2.7699e-008	2.5963e-008	2.4384e-008	2.2838e-008	2.1155e-008	1.7937e-008	1.6832e-008	1.5327e-008	1.3255e-008	1.2818e-008	1.249e-008	1.0734e-008	9.9003e-009	8.422e-009	6.1278e-009	6.3239e-009	5.5076e-009	4.8134e-009	3.8854e-009	3.5536e-009	3.6793e-009	3.8829e-009	4.9288e-009	6.2956e-009	8.5202e-009	1.0922e-008	1.3503e-008	1.5419e-008	1.8295e-008	2.271e-008	2.7747e-008	3.2036e-008	3.7983e-008	4.411e-008	5.0407e-008	5.6231e-008	6.2842e-008	6.5672e-008	7.0124e-008	7.3667e-008	7.81e-008	8.2882e-008	8.5585e-008	8.6682e-008	8.8249e-008	9.0925e-008	9.2518e-008	9.3105e-008	9.3236e-008	9.3245e-008	9.1477e-008	9.0362e-008	8.9281e-008	8.749e-008	8.564e-008	8.2803e-008	8.0055e-008	7.8301e-008	7.4859e-008	7.1384e-008	6.9908e-008	6.8977e-008	6.7615e-008	6.5755e-008	6.4332e-008	6.2161e-008	6.0158e-008	5.8561e-008	5.7055e-008	5.5714e-008	5.0878e-008	4.9516e-008	4.6212e-008	4.4334e-008	4.3172e-008	4.1012e-008	3.9728e-008	3.7254e-008	3.5216e-008	3.333e-008	2.8413e-008	2.8482e-008	2.6673e-008	2.4316e-008	2.2543e-008	2.0654e-008	1.8939e-008	1.6312e-008	1.5025e-008	1.337e-008	1.1948e-008	9.2851e-009	8.1522e-009	6.8789e-009	5.6325e-009	4.6952e-009	3.9555e-009	4.3475e-009	4.3073e-009	4.1524e-009	4.3499e-009	4.3649e-009	4.7838e-009	5.0635e-009	5.1808e-009	5.6083e-009	9.0575e-009	1.0326e-008	1.3182e-008	1.5352e-008	1.9518e-008	2.3884e-008	3.0401e-008	3.836e-008	4.6483e-008	5.3485e-008	6.0408e-008	6.6891e-008	7.2245e-008	7.9006e-008	8.2986e-008	8.7518e-008	8.9678e-008	9.0924e-008	9.3151e-008	9.5169e-008	9.6706e-008	9.6665e-008	9.5557e-008	9.5284e-008	9.4207e-008	9.3704e-008	9.2257e-008	9.0337e-008	8.8783e-008	8.8348e-008	8.7804e-008	8.3277e-008	8.0774e-008	7.8161e-008	7.5515e-008	7.2859e-008	7.1303e-008	7.0785e-008	6.8928e-008	6.6245e-008	6.3516e-008	6.1692e-008	5.987e-008	5.863e-008	5.5558e-008	5.1957e-008	5.0046e-008	4.8767e-008	4.678e-008	4.2576e-008	3.9763e-008	3.8405e-008	3.524e-008	3.2303e-008	3.0104e-008	2.6965e-008	2.5609e-008	2.1634e-008	1.9756e-008	1.7813e-008	1.5164e-008	1.3973e-008	1.1734e-008	9.5529e-009	7.2609e-009	5.6316e-009	5.1825e-009	4.9661e-009	4.4773e-009	4.3166e-009	4.1795e-009	4.4737e-009	4.7118e-009	4.2303e-009	4.246e-009	4.6908e-009	4.8645e-009	5.0366e-009	5.3427e-009	5.5732e-009	5.9167e-009	7.6272e-009	1.026e-008	1.257e-008	1.5108e-008	2.0935e-008	2.764e-008	3.64e-008	4.4811e-008	5.1899e-008	5.7142e-008	6.4576e-008	6.8458e-008	7.3334e-008	7.6652e-008	8.1973e-008	8.4957e-008	8.6827e-008	8.8473e-008	9.1114e-008	9.2104e-008	9.3781e-008	9.3848e-008	9.3904e-008	9.3491e-008	9.2836e-008	9.1278e-008	9.0625e-008	8.9011e-008	8.7655e-008	8.6303e-008	8.3144e-008	8.2016e-008	8.0462e-008	7.775e-008	7.5631e-008	7.2871e-008	7.2105e-008	6.8382e-008	6.5184e-008	6.3854e-008	5.8307e-008	5.758e-008	5.5459e-008	5.4116e-008	5.2563e-008	5.0354e-008	4.6895e-008	4.1918e-008	4.0241e-008	3.791e-008	3.6215e-008	3.3926e-008	3.1405e-008	2.8756e-008	2.6525e-008	2.3755e-008	2.1589e-008	1.9842e-008	1.7471e-008	1.4504e-008	1.2463e-008	1.0233e-008	8.8313e-009	7.5542e-009	6.22e-009	5.4181e-009	4.8052e-009	4.7478e-009	4.6452e-009	3.7954e-009	3.4617e-009	3.9966e-009	4.0094e-009	3.6302e-009	3.8225e-009	3.7572e-009	4.341e-009	5.1588e-009	5.6292e-009	6.9771e-009	9.2617e-009	1.1692e-008	1.4286e-008	1.7468e-008	2.3416e-008	3.0881e-008	3.7182e-008	4.3688e-008	5.0156e-008	5.8265e-008	6.4177e-008	6.8493e-008	7.2614e-008	7.3976e-008	7.7812e-008	8.1353e-008	8.3932e-008	8.6533e-008	8.9599e-008	9.0834e-008	9.2704e-008	9.3422e-008	9.409e-008	9.4034e-008	9.3086e-008	9.2461e-008	9.1293e-008	8.9127e-008	8.6839e-008	8.541e-008	8.3836e-008	8.2336e-008	7.7797e-008	7.5498e-008	7.2031e-008	7.1471e-008	6.7356e-008	6.6022e-008	6.4769e-008	6.1755e-008	5.9737e-008	5.7797e-008	5.6032e-008	5.3995e-008	5.1594e-008	4.9516e-008	4.7868e-008	4.5087e-008	4.1843e-008	3.983e-008	3.8149e-008	3.6224e-008	3.2965e-008	2.9262e-008	2.7598e-008	2.5256e-008	2.2022e-008	2.0643e-008	1.8443e-008	1.6174e-008	1.3931e-008	1.1127e-008	9.924e-009	8.2085e-009	6.1596e-009	4.9326e-009	4.7593e-009	4.4197e-009	4.5274e-009	4.1149e-009	4.0851e-009	4.0037e-009	4.5089e-009	4.5686e-009	4.5e-009	4.6109e-009	4.3763e-009	4.5846e-009	5.056e-009	5.9113e-009	6.4453e-009	6.9833e-009	1.0397e-008	1.4595e-008	1.7548e-008	2.2635e-008	2.9675e-008	3.6183e-008	4.2091e-008	4.9125e-008	5.4949e-008	6.1609e-008	6.5897e-008	6.9689e-008	7.628e-008	8.1378e-008	8.3985e-008	8.6808e-008	8.9496e-008	9.1987e-008	9.2499e-008	9.3869e-008	9.4063e-008	9.357e-008	9.3433e-008	9.2729e-008	9.1812e-008	9.0291e-008	8.8612e-008	8.6409e-008	8.4523e-008	8.2982e-008	8.2206e-008	7.97e-008	7.6544e-008	7.351e-008	7.1376e-008	6.8649e-008	6.8187e-008	6.6399e-008	6.3662e-008	6.2245e-008	6.1372e-008	5.7386e-008	5.6163e-008	5.4122e-008	5.2518e-008	4.9826e-008	4.7628e-008	4.5052e-008	4.3235e-008	4.0382e-008	3.621e-008	3.4642e-008	3.2157e-008	3.0169e-008	2.817e-008	2.5493e-008	2.3398e-008	2.1235e-008	1.8971e-008	1.6522e-008	1.4139e-008	1.0792e-008	9.3513e-009	7.4639e-009	6.4485e-009	5.4161e-009	5.0834e-009	5.5694e-009	4.7829e-009	4.6845e-009	4.7895e-009	4.2728e-009	4.7819e-009	4.5832e-009	4.5649e-009	5.016e-009	5.575e-009	7.0101e-009	8.8706e-009	1.158e-008	1.5009e-008	1.7931e-008	2.1157e-008	2.763e-008	3.3382e-008	3.9356e-008	4.782e-008	5.1701e-008	6.0184e-008	6.4942e-008	7.0647e-008	7.6457e-008	8.0758e-008	8.5337e-008	8.7698e-008	8.9833e-008	9.2979e-008	9.3502e-008	9.4312e-008	9.4154e-008	9.4112e-008
2.3445e-009	1.8957e-009	1.9194e-009	2.5367e-009	3.4527e-009	3.8094e-009	5.07e-009	7.2859e-009	8.7211e-009	1.1721e-008	1.4457e-008	1.8275e-008	2.2586e-008	2.8033e-008	3.3742e-008	4.2828e-008	5.1113e-008	5.8089e-008	6.2871e-008	6.6478e-008	7.1162e-008	7.4362e-008	7.6077e-008	7.6858e-008	8.1042e-008	8.2765e-008	8.3881e-008	8.4997e-008	8.6588e-008	8.7361e-008	8.7076e-008	8.6906e-008	8.611e-008	8.5228e-008	8.4138e-008	8.2866e-008	8.1255e-008	8.0379e-008	7.9563e-008	7.674e-008	7.3696e-008	7.1321e-008	6.8961e-008	6.6855e-008	6.5489e-008	6.2744e-008	6.1375e-008	5.885e-008	5.6844e-008	5.3515e-008	5.1642e-008	4.9189e-008	4.7203e-008	4.4886e-008	4.2787e-008	4.1594e-008	4.0518e-008	3.6657e-008	3.5313e-008	3.453e-008	3.2656e-008	3.0418e-008	2.8081e-008	2.6222e-008	2.415e-008	2.224e-008	2.059e-008	1.9407e-008	1.7786e-008	1.6156e-008	1.4098e-008	1.3382e-008	1.3092e-008	1.1031e-008	9.983e-009	9.3319e-009	7.8733e-009	6.8335e-009	6.013e-009	5.6448e-009	4.894e-009	4.5875e-009	3.9461e-009	3.9837e-009	4.7331e-009	6.859e-009	8.495e-009	1.1337e-008	1.3599e-008	1.5645e-008	1.9711e-008	2.4271e-008	2.6632e-008	3.206e-008	3.828e-008	4.5227e-008	5.1069e-008	5.5361e-008	6.0569e-008	6.6234e-008	7.0038e-008	7.3583e-008	7.7389e-008	8.1035e-008	8.3853e-008	8.6758e-008	8.9017e-008	9.1114e-008	9.2314e-008	9.2932e-008	9.2912e-008	9.2335e-008	9.1549e-008	9.0674e-008	8.9649e-008	8.7466e-008	8.4524e-008	8.2819e-008	7.9893e-008	7.7234e-008	7.3947e-008	7.2725e-008	7.0009e-008	6.9726e-008	6.8314e-008	6.6045e-008	6.5037e-008	6.3839e-008	6.097e-008	5.9494e-008	5.7888e-008	5.626e-008	5.2254e-008	4.8331e-008	4.7537e-008	4.5309e-008	4.3305e-008	4.1894e-008	3.9653e-008	3.6963e-008	3.4686e-008	3.3578e-008	3.1409e-008	2.8642e-008	2.7126e-008	2.4827e-008	2.3199e-008	2.1159e-008	1.9163e-008	1.6697e-008	1.4932e-008	1.3578e-008	1.1931e-008	1.0346e-008	7.9923e-009	6.6591e-009	5.72e-009	4.7651e-009	4.0052e-009	4.1732e-009	4.3287e-009	4.745e-009	4.3714e-009	4.3592e-009	4.6799e-009	5.0577e-009	5.1407e-009	6.7833e-009	8.6475e-009	1.0377e-008	1.2708e-008	1.5454e-008	1.8579e-008	2.2781e-008	3.1134e-008	3.9797e-008	4.6438e-008	5.2873e-008	6.0425e-008	6.7113e-008	7.2469e-008	7.8748e-008	8.2072e-008	8.7979e-008	8.9556e-008	9.1426e-008	9.2389e-008	9.3965e-008	9.6572e-008	9.6216e-008	9.5933e-008	9.5655e-008	9.4517e-008	9.3669e-008	9.188e-008	9.0247e-008	8.9381e-008	8.8506e-008	8.7841e-008	8.3193e-008	8.0755e-008	7.8267e-008	7.5622e-008	7.3148e-008	7.1739e-008	7.0631e-008	6.9715e-008	6.6913e-008	6.3847e-008	6.1852e-008	5.9893e-008	5.7817e-008	5.5233e-008	5.336e-008	5.0453e-008	4.7961e-008	4.6068e-008	4.3604e-008	3.996e-008	3.8244e-008	3.4076e-008	3.1921e-008	3.0538e-008	2.7682e-008	2.4986e-008	2.1921e-008	1.9473e-008	1.7606e-008	1.4796e-008	1.3437e-008	1.1576e-008	8.7989e-009	7.2161e-009	5.6084e-009	5.0158e-009	4.6573e-009	4.4182e-009	4.6399e-009	4.6321e-009	4.8022e-009	4.6126e-009	4.4455e-009	4.318e-009	4.8816e-009	4.7691e-009	4.9297e-009	5.3601e-009	5.3908e-009	5.7364e-009	8.0787e-009	1.0036e-008	1.2389e-008	1.6161e-008	2.2251e-008	2.9639e-008	3.7405e-008	4.6039e-008	5.2889e-008	5.7508e-008	6.4147e-008	6.8864e-008	7.3774e-008	7.7306e-008	8.2963e-008	8.5629e-008	8.8402e-008	8.979e-008	9.1534e-008	9.2647e-008	9.405e-008	9.4507e-008	9.4419e-008	9.3647e-008	9.2785e-008	9.1614e-008	9.1054e-008	8.9587e-008	8.7756e-008	8.6183e-008	8.483e-008	8.2278e-008	8.0398e-008	7.7807e-008	7.627e-008	7.4508e-008	7.2323e-008	6.7898e-008	6.542e-008	6.3187e-008	6.0975e-008	5.8663e-008	5.5794e-008	5.4977e-008	5.1372e-008	5.0266e-008	4.7179e-008	4.4049e-008	3.9568e-008	3.8835e-008	3.7248e-008	3.3177e-008	3.1714e-008	2.9003e-008	2.6455e-008	2.3649e-008	2.1406e-008	1.8755e-008	1.6433e-008	1.409e-008	1.1531e-008	9.8947e-009	8.7294e-009	6.7349e-009	5.6937e-009	5.3673e-009	5.0427e-009	5.0495e-009	4.7814e-009	3.8346e-009	3.6103e-009	4.0502e-009	4.0442e-009	3.7043e-009	4.3432e-009	3.8811e-009	4.363e-009	4.8645e-009	5.4229e-009	7.0091e-009	8.9098e-009	1.1834e-008	1.4147e-008	1.8565e-008	2.4252e-008	3.0922e-008	3.8704e-008	4.347e-008	4.9311e-008	5.8013e-008	6.5452e-008	6.9644e-008	7.3009e-008	7.5227e-008	7.8928e-008	8.0953e-008	8.4535e-008	8.7356e-008	8.9245e-008	9.0664e-008	9.235e-008	9.2855e-008	9.3659e-008	9.4069e-008	9.3363e-008	9.2563e-008	9.1307e-008	8.9973e-008	8.7549e-008	8.5609e-008	8.4093e-008	8.1886e-008	7.8789e-008	7.5562e-008	7.3294e-008	7.1638e-008	6.8401e-008	6.6436e-008	6.4472e-008	6.2338e-008	5.9475e-008	5.7914e-008	5.5656e-008	5.3679e-008	5.2359e-008	5.0618e-008	4.8237e-008	4.5266e-008	4.2962e-008	3.9557e-008	3.7759e-008	3.4734e-008	3.2664e-008	3.0339e-008	2.8351e-008	2.6598e-008	2.3066e-008	2.1137e-008	1.9532e-008	1.6611e-008	1.4491e-008	1.2063e-008	9.6168e-009	7.8462e-009	6.2207e-009	5.3442e-009	5.1802e-009	4.8619e-009	4.5526e-009	4.5242e-009	4.6568e-009	4.5444e-009	4.4592e-009	4.516e-009	4.4987e-009	4.4515e-009	4.6207e-009	4.9932e-009	5.1316e-009	5.6429e-009	6.5562e-009	8.3216e-009	1.0163e-008	1.3648e-008	1.7795e-008	2.3025e-008	3.0024e-008	3.6055e-008	4.2801e-008	4.9067e-008	5.6492e-008	6.2186e-008	6.6515e-008	7.1962e-008	7.6331e-008	8.0881e-008	8.2893e-008	8.6928e-008	8.9576e-008	9.1633e-008	9.2179e-008	9.341e-008	9.3489e-008	9.3378e-008	9.3163e-008	9.2281e-008	9.13e-008	8.9678e-008	8.8118e-008	8.6261e-008	8.4024e-008	8.2616e-008	8.2249e-008	7.8917e-008	7.4619e-008	7.329e-008	7.1637e-008	6.9713e-008	6.8586e-008	6.6894e-008	6.3928e-008	6.2085e-008	6.0478e-008	5.8997e-008	5.6524e-008	5.5041e-008	5.2375e-008	5.0451e-008	4.7303e-008	4.5329e-008	4.2974e-008	3.9991e-008	3.676e-008	3.4827e-008	3.2827e-008	2.9998e-008	2.6677e-008	2.4979e-008	2.2656e-008	2.082e-008	1.8345e-008	1.6261e-008	1.3588e-008	1.1186e-008	9.4422e-009	7.5883e-009	6.2876e-009	5.6194e-009	5.082e-009	5.1872e-009	4.6388e-009	4.7898e-009	4.5512e-009	4.5708e-009	5.0964e-009	5.2011e-009	4.8038e-009	5.109e-009	5.7412e-009	6.7951e-009	8.978e-009	1.151e-008	1.5249e-008	1.9406e-008	2.1864e-008	2.6658e-008	3.3146e-008	4.0367e-008	4.729e-008	5.2471e-008	5.9102e-008	6.5319e-008	7.0417e-008	7.5483e-008	8.0506e-008	8.4788e-008	8.7911e-008	9.2021e-008	9.4242e-008	9.401e-008	9.4715e-008	9.4046e-008	9.4094e-008
2.1433e-009	1.9203e-009	2.0224e-009	2.6238e-009	2.8765e-009	4.2418e-009	4.6675e-009	7.32e-009	9.0962e-009	1.1361e-008	1.2995e-008	1.8448e-008	2.1036e-008	2.5813e-008	3.2592e-008	4.2083e-008	5.1995e-008	5.8601e-008	6.375e-008	6.8581e-008	7.2322e-008	7.3982e-008	7.6797e-008	7.8806e-008	8.0237e-008	8.308e-008	8.3184e-008	8.6159e-008	8.6619e-008	8.7196e-008	8.7382e-008	8.7055e-008	8.652e-008	8.5877e-008	8.456e-008	8.379e-008	8.2963e-008	8.1516e-008	8.0248e-008	7.6729e-008	7.4564e-008	7.1714e-008	6.965e-008	6.7496e-008	6.5501e-008	6.2597e-008	6.1179e-008	5.9806e-008	5.753e-008	5.4116e-008	5.096e-008	4.8745e-008	4.6187e-008	4.4435e-008	4.3319e-008	4.0989e-008	3.9797e-008	3.6638e-008	3.5467e-008	3.4412e-008	3.2321e-008	3.0061e-008	2.8012e-008	2.6125e-008	2.4136e-008	2.238e-008	2.074e-008	1.9523e-008	1.8117e-008	1.5773e-008	1.4616e-008	1.3559e-008	1.2327e-008	1.1111e-008	1.0332e-008	9.3777e-009	7.9348e-009	6.3615e-009	5.969e-009	5.7285e-009	5.0814e-009	4.5074e-009	4.2608e-009	4.5385e-009	5.2949e-009	6.6961e-009	8.5537e-009	1.1076e-008	1.3842e-008	1.6551e-008	2.0531e-008	2.3181e-008	2.7916e-008	3.2977e-008	3.7822e-008	4.4951e-008	5.0746e-008	5.4718e-008	6.0001e-008	6.5081e-008	6.8869e-008	7.4099e-008	7.7046e-008	8.1141e-008	8.4848e-008	8.6648e-008	8.7837e-008	8.8921e-008	9.1852e-008	9.2573e-008	9.2337e-008	9.1811e-008	9.1115e-008	9.068e-008	8.9222e-008	8.8104e-008	8.6001e-008	8.2733e-008	7.9701e-008	7.793e-008	7.5325e-008	7.2931e-008	7.1291e-008	7.036e-008	6.9162e-008	6.7647e-008	6.6284e-008	6.5004e-008	6.2669e-008	5.9699e-008	5.8174e-008	5.6037e-008	5.249e-008	4.782e-008	4.7109e-008	4.5765e-008	4.3274e-008	4.176e-008	3.7702e-008	3.6216e-008	3.5082e-008	3.2766e-008	3.1045e-008	2.8016e-008	2.6468e-008	2.4939e-008	2.3764e-008	2.1345e-008	1.8688e-008	1.778e-008	1.5574e-008	1.2857e-008	1.1586e-008	8.9799e-009	7.3733e-009	6.1715e-009	5.8743e-009	5.1441e-009	3.9671e-009	3.8312e-009	4.3471e-009	4.5333e-009	4.4659e-009	4.3015e-009	4.7746e-009	4.6192e-009	5.2112e-009	6.7676e-009	8.0795e-009	1.0519e-008	1.3511e-008	1.487e-008	1.8545e-008	2.3146e-008	3.0717e-008	4.0439e-008	4.7245e-008	5.3103e-008	6.0349e-008	6.731e-008	7.2542e-008	7.7069e-008	8.2143e-008	8.7099e-008	8.8759e-008	9.1467e-008	9.2945e-008	9.4096e-008	9.5302e-008	9.531e-008	9.6316e-008	9.7335e-008	9.4872e-008	9.3734e-008	9.2079e-008	9.0864e-008	9.0011e-008	8.8831e-008	8.7349e-008	8.055e-008	8.0382e-008	7.834e-008	7.5357e-008	7.3624e-008	7.2078e-008	7.0691e-008	6.9854e-008	6.6508e-008	6.3417e-008	6.2059e-008	6.0009e-008	5.742e-008	5.568e-008	5.3548e-008	5.0329e-008	4.8116e-008	4.6293e-008	4.1126e-008	3.8308e-008	3.6237e-008	3.4755e-008	3.1001e-008	2.9422e-008	2.8395e-008	2.4837e-008	2.0168e-008	1.9495e-008	1.7386e-008	1.5502e-008	1.2959e-008	1.1126e-008	9.2762e-009	6.9013e-009	5.6444e-009	4.5639e-009	4.5482e-009	4.377e-009	4.597e-009	4.5873e-009	4.827e-009	4.3654e-009	4.8208e-009	4.3892e-009	4.5598e-009	5.0716e-009	5.3822e-009	5.2906e-009	5.636e-009	6.5252e-009	8.8752e-009	1.0387e-008	1.381e-008	1.751e-008	2.3043e-008	3.0398e-008	3.7371e-008	4.5351e-008	5.1991e-008	5.631e-008	6.2169e-008	6.8265e-008	7.3903e-008	7.8996e-008	8.2955e-008	8.8325e-008	8.951e-008	9.1567e-008	9.259e-008	9.3513e-008	9.4157e-008	9.4407e-008	9.4689e-008	9.4386e-008	9.354e-008	9.2701e-008	9.1435e-008	9.0047e-008	8.8392e-008	8.7334e-008	8.5358e-008	8.1649e-008	7.9821e-008	7.7698e-008	7.6079e-008	7.4829e-008	7.2082e-008	6.7532e-008	6.5619e-008	6.3282e-008	6.1265e-008	5.9368e-008	5.6568e-008	5.579e-008	5.417e-008	5.1142e-008	4.7614e-008	4.6035e-008	4.3135e-008	3.9928e-008	3.741e-008	3.4654e-008	3.1241e-008	2.896e-008	2.5902e-008	2.2806e-008	2.0772e-008	1.8438e-008	1.6926e-008	1.3561e-008	1.1532e-008	9.4372e-009	7.871e-009	6.3033e-009	5.5363e-009	5.1913e-009	4.8416e-009	4.5903e-009	4.5384e-009	4.1742e-009	3.5059e-009	3.6876e-009	5.069e-009	4.842e-009	4.0239e-009	3.7265e-009	4.2209e-009	4.5389e-009	5.4171e-009	6.9772e-009	9.0246e-009	1.1646e-008	1.4322e-008	1.8837e-008	2.3949e-008	2.9543e-008	3.3341e-008	4.1424e-008	4.8161e-008	5.7519e-008	6.4748e-008	6.9591e-008	7.3293e-008	7.5851e-008	7.8905e-008	8.2369e-008	8.5164e-008	8.6954e-008	8.8388e-008	9.0273e-008	9.2239e-008	9.339e-008	9.3834e-008	9.4877e-008	9.4108e-008	9.2504e-008	9.1434e-008	9.0477e-008	8.8096e-008	8.5299e-008	8.4213e-008	8.1443e-008	7.7072e-008	7.4468e-008	7.3082e-008	7.169e-008	6.8901e-008	6.5895e-008	6.3801e-008	6.1817e-008	6.0553e-008	5.8501e-008	5.5958e-008	5.3879e-008	5.2461e-008	5.1507e-008	5.0311e-008	4.746e-008	4.3591e-008	4.0551e-008	3.7038e-008	3.5187e-008	3.2908e-008	3.0526e-008	2.8693e-008	2.6801e-008	2.3047e-008	2.1612e-008	1.9673e-008	1.6874e-008	1.5606e-008	1.3152e-008	1.0378e-008	8.5224e-009	6.9365e-009	5.2992e-009	5.5241e-009	5.1178e-009	4.9151e-009	4.9e-009	5.0027e-009	4.7527e-009	4.4388e-009	4.5576e-009	4.7786e-009	4.5406e-009	4.9102e-009	5.2132e-009	5.2118e-009	5.5525e-009	6.3071e-009	7.6557e-009	9.5271e-009	1.3393e-008	1.7122e-008	2.1843e-008	3.0136e-008	3.5769e-008	4.3256e-008	5.0245e-008	5.6873e-008	6.275e-008	6.6963e-008	7.1118e-008	7.5281e-008	7.94e-008	8.4426e-008	8.7761e-008	8.9706e-008	9.0837e-008	9.2248e-008	9.3208e-008	9.3921e-008	9.412e-008	9.3857e-008	9.2512e-008	9.1357e-008	8.9646e-008	8.7979e-008	8.603e-008	8.4198e-008	8.2819e-008	8.1415e-008	7.9881e-008	7.5613e-008	7.4187e-008	7.2077e-008	7.0681e-008	6.9013e-008	6.6763e-008	6.422e-008	6.1998e-008	6.0379e-008	5.8849e-008	5.7253e-008	5.5515e-008	5.282e-008	5.0277e-008	4.7811e-008	4.4547e-008	4.2224e-008	3.9688e-008	3.788e-008	3.536e-008	3.3011e-008	2.9865e-008	2.7031e-008	2.5066e-008	2.2931e-008	2.0477e-008	1.8339e-008	1.594e-008	1.3937e-008	1.1917e-008	9.328e-009	7.655e-009	6.3773e-009	5.3811e-009	5.1575e-009	4.5485e-009	4.6353e-009	4.3518e-009	4.3832e-009	4.302e-009	4.8395e-009	5.2867e-009	5.07e-009	5.6768e-009	6.0792e-009	6.8303e-009	9.4794e-009	1.1957e-008	1.4687e-008	1.8899e-008	2.232e-008	2.547e-008	3.146e-008	3.741e-008	4.603e-008	5.1147e-008	5.8578e-008	6.4117e-008	6.995e-008	7.6876e-008	8.0858e-008	8.4331e-008	8.996e-008	9.3644e-008	9.4473e-008	9.5097e-008	9.5125e-008	9.4666e-008	9.4486e-008
1.7021e-009	2.0443e-009	2.6096e-009	2.8905e-009	3.0613e-009	4.3289e-009	5.1152e-009	5.8899e-009	8.4125e-009	1.0743e-008	1.232e-008	1.7956e-008	2.1382e-008	2.6658e-008	3.3305e-008	4.1647e-008	5.0848e-008	5.8472e-008	6.4967e-008	6.9163e-008	7.1418e-008	7.4986e-008	7.6954e-008	7.9138e-008	8.1731e-008	8.2938e-008	8.5754e-008	8.6353e-008	8.7384e-008	8.7155e-008	8.7385e-008	8.6862e-008	8.6316e-008	8.5885e-008	8.507e-008	8.4185e-008	8.3244e-008	8.2101e-008	7.8884e-008	7.6006e-008	7.4217e-008	7.2249e-008	6.9556e-008	6.7256e-008	6.5305e-008	6.3655e-008	6.1728e-008	5.9468e-008	5.6541e-008	5.3626e-008	5.0987e-008	4.8844e-008	4.6752e-008	4.4377e-008	4.2771e-008	4.1615e-008	3.988e-008	3.8252e-008	3.5866e-008	3.428e-008	3.1907e-008	2.9873e-008	2.7719e-008	2.5641e-008	2.4521e-008	2.2132e-008	2.0336e-008	1.9076e-008	1.8084e-008	1.6712e-008	1.4723e-008	1.4049e-008	1.2649e-008	1.1616e-008	1.0077e-008	8.7546e-009	7.8169e-009	6.3996e-009	5.8585e-009	5.2938e-009	5.0581e-009	5.0333e-009	4.6183e-009	4.7789e-009	5.5038e-009	7.1955e-009	8.3173e-009	1.1521e-008	1.2916e-008	1.6355e-008	1.9631e-008	2.1808e-008	2.8131e-008	3.2399e-008	3.6816e-008	4.3779e-008	4.8486e-008	5.4719e-008	5.9286e-008	6.4236e-008	6.8266e-008	7.5335e-008	7.7493e-008	8.1861e-008	8.4033e-008	8.5701e-008	8.6677e-008	8.8805e-008	9.0079e-008	9.1421e-008	9.1499e-008	9.1437e-008	9.1003e-008	9.0575e-008	8.9658e-008	8.8271e-008	8.5139e-008	8.2812e-008	7.8923e-008	7.7452e-008	7.533e-008	7.1863e-008	7.1213e-008	7.0154e-008	6.9216e-008	6.8978e-008	6.6515e-008	6.4281e-008	6.1977e-008	6.0293e-008	5.852e-008	5.6227e-008	5.3302e-008	5.1326e-008	4.8696e-008	4.5577e-008	4.3086e-008	4.2911e-008	3.8725e-008	3.6072e-008	3.5385e-008	3.2684e-008	2.9994e-008	2.8309e-008	2.6479e-008	2.4818e-008	2.3098e-008	2.0703e-008	1.8678e-008	1.6859e-008	1.4313e-008	1.3016e-008	1.1456e-008	9.1327e-009	7.6714e-009	6.1997e-009	5.3767e-009	4.7141e-009	3.9527e-009	3.5155e-009	3.927e-009	3.7429e-009	3.7883e-009	4.5397e-009	4.7648e-009	4.7187e-009	4.8151e-009	6.0441e-009	7.6441e-009	9.6583e-009	1.1927e-008	1.4606e-008	1.7529e-008	2.2734e-008	3.0913e-008	4.0666e-008	4.7675e-008	5.4407e-008	6.0406e-008	6.3848e-008	7.1627e-008	7.6712e-008	7.9948e-008	8.5289e-008	8.879e-008	9.0339e-008	9.158e-008	9.3425e-008	9.496e-008	9.582e-008	9.6927e-008	9.673e-008	9.4356e-008	9.369e-008	9.2778e-008	9.1403e-008	9.013e-008	8.8833e-008	8.7426e-008	8.4303e-008	8.0831e-008	7.7614e-008	7.4868e-008	7.3156e-008	7.157e-008	7.0534e-008	6.9633e-008	6.794e-008	6.462e-008	6.1591e-008	5.9131e-008	5.6183e-008	5.4693e-008	5.3231e-008	5.0285e-008	4.6926e-008	4.5944e-008	4.1522e-008	3.9321e-008	3.6987e-008	3.2054e-008	3.0054e-008	2.9028e-008	2.764e-008	2.4866e-008	2.214e-008	1.9654e-008	1.7194e-008	1.5225e-008	1.2469e-008	1.0774e-008	9.0601e-009	7.3801e-009	5.2967e-009	4.1445e-009	3.9962e-009	3.9493e-009	4.0948e-009	4.2934e-009	4.2052e-009	3.9602e-009	4.653e-009	4.5369e-009	4.4602e-009	4.7315e-009	4.8269e-009	5.4972e-009	5.4593e-009	6.2985e-009	8.4506e-009	1.0385e-008	1.3682e-008	1.7331e-008	2.3222e-008	3.0317e-008	3.7341e-008	4.4908e-008	5.0685e-008	5.5688e-008	6.0884e-008	6.7849e-008	7.3876e-008	7.8864e-008	8.398e-008	8.9206e-008	9.0034e-008	9.162e-008	9.272e-008	9.3279e-008	9.3876e-008	9.4025e-008	9.4761e-008	9.4592e-008	9.4042e-008	9.355e-008	9.1879e-008	9.0184e-008	8.8465e-008	8.7009e-008	8.4318e-008	8.2067e-008	7.9715e-008	7.7391e-008	7.5551e-008	7.3302e-008	6.8685e-008	6.7685e-008	6.5598e-008	6.3665e-008	6.1048e-008	5.9629e-008	5.785e-008	5.5045e-008	5.2416e-008	5.0745e-008	4.7508e-008	4.4962e-008	4.2158e-008	3.9553e-008	3.5949e-008	3.4445e-008	3.1389e-008	2.8816e-008	2.6093e-008	2.265e-008	2.029e-008	1.8676e-008	1.6696e-008	1.3847e-008	1.1106e-008	9.1795e-009	7.8396e-009	6.1771e-009	5.3395e-009	4.8933e-009	4.3926e-009	4.3591e-009	4.2363e-009	3.8146e-009	3.3695e-009	3.6223e-009	4.2845e-009	3.7755e-009	3.1247e-009	3.1598e-009	4.1897e-009	4.8026e-009	5.2449e-009	6.8209e-009	9.3001e-009	1.1203e-008	1.405e-008	1.9201e-008	2.3184e-008	2.8712e-008	3.5464e-008	4.1941e-008	4.7101e-008	5.5506e-008	6.3701e-008	6.8663e-008	7.3149e-008	7.6181e-008	7.9053e-008	8.2062e-008	8.376e-008	8.6894e-008	8.8355e-008	9.0129e-008	9.1671e-008	9.2942e-008	9.4226e-008	9.4558e-008	9.3797e-008	9.2724e-008	9.1325e-008	9.013e-008	8.8067e-008	8.5814e-008	8.4293e-008	8.1893e-008	7.8386e-008	7.5267e-008	7.3239e-008	7.1581e-008	6.8665e-008	6.5299e-008	6.4049e-008	6.1966e-008	6.0178e-008	5.8557e-008	5.68e-008	5.4522e-008	5.2448e-008	5.1438e-008	4.9598e-008	4.689e-008	4.4147e-008	4.0286e-008	3.781e-008	3.4846e-008	3.2642e-008	3.1131e-008	2.8952e-008	2.6689e-008	2.2925e-008	2.2038e-008	2.007e-008	1.8126e-008	1.5821e-008	1.3759e-008	1.0534e-008	8.9625e-009	6.44e-009	5.2046e-009	5.027e-009	4.7598e-009	4.8299e-009	4.6862e-009	5.2173e-009	4.79e-009	4.3325e-009	4.5394e-009	4.6201e-009	4.2719e-009	4.4408e-009	4.9848e-009	5.1008e-009	5.0131e-009	5.8557e-009	7.0632e-009	1.0438e-008	1.3162e-008	1.6615e-008	2.2757e-008	2.8876e-008	3.6158e-008	4.29e-008	5.0427e-008	5.7e-008	6.2979e-008	6.5818e-008	7.1675e-008	7.5991e-008	7.7886e-008	8.1754e-008	8.6203e-008	8.9387e-008	9.1281e-008	9.1942e-008	9.2607e-008	9.3554e-008	9.4128e-008	9.433e-008	9.2808e-008	9.1587e-008	9.0648e-008	8.7705e-008	8.583e-008	8.3443e-008	8.1469e-008	7.9956e-008	7.7882e-008	7.4552e-008	7.3664e-008	7.2654e-008	7.0836e-008	6.9722e-008	6.654e-008	6.3741e-008	6.1956e-008	6.0007e-008	5.8284e-008	5.6394e-008	5.4514e-008	5.1508e-008	4.9742e-008	4.7939e-008	4.5638e-008	4.214e-008	3.9754e-008	3.6667e-008	3.3606e-008	3.2015e-008	3.0176e-008	2.7739e-008	2.4832e-008	2.29e-008	2.0799e-008	1.795e-008	1.5553e-008	1.3489e-008	1.1642e-008	9.0386e-009	7.8604e-009	6.2281e-009	4.8287e-009	4.474e-009	4.6712e-009	4.5809e-009	4.2887e-009	3.9344e-009	3.8947e-009	4.4775e-009	4.5389e-009	4.5074e-009	5.0061e-009	6.0423e-009	6.9858e-009	8.9757e-009	1.178e-008	1.3814e-008	1.882e-008	2.1652e-008	2.6075e-008	3.0844e-008	3.6749e-008	4.4545e-008	5.0325e-008	5.7429e-008	6.3901e-008	6.8759e-008	7.5666e-008	7.9199e-008	8.4646e-008	9.0077e-008	9.2029e-008	9.3328e-008	9.476e-008	9.4912e-008	9.5424e-008	9.5219e-008
1.8136e-009	2.1314e-009	2.6183e-009	2.7377e-009	2.8938e-009	4.1211e-009	4.8696e-009	5.9222e-009	8.1739e-009	1.1085e-008	1.361e-008	1.7815e-008	2.1086e-008	2.6249e-008	3.363e-008	4.2786e-008	5.0558e-008	5.8147e-008	6.475e-008	6.8224e-008	7.2008e-008	7.5344e-008	7.7724e-008	7.9797e-008	8.2117e-008	8.3784e-008	8.6999e-008	8.6954e-008	8.8913e-008	8.8182e-008	8.7419e-008	8.7426e-008	8.7359e-008	8.6982e-008	8.5737e-008	8.4475e-008	8.3089e-008	8.2054e-008	7.8913e-008	7.6369e-008	7.454e-008	7.3471e-008	7.0501e-008	6.7186e-008	6.57e-008	6.3611e-008	6.2781e-008	5.9724e-008	5.7312e-008	5.4067e-008	5.2618e-008	4.7906e-008	4.6885e-008	4.4309e-008	4.2771e-008	4.1527e-008	3.9233e-008	3.784e-008	3.5951e-008	3.3873e-008	3.1545e-008	2.9597e-008	2.8217e-008	2.6218e-008	2.4848e-008	2.3632e-008	2.0774e-008	1.8558e-008	1.7583e-008	1.6671e-008	1.5303e-008	1.3328e-008	1.2233e-008	1.1398e-008	9.782e-009	8.8112e-009	7.5576e-009	6.9861e-009	6.0049e-009	5.8757e-009	4.8528e-009	4.6645e-009	4.5156e-009	4.56e-009	5.3612e-009	7.2127e-009	8.664e-009	1.1572e-008	1.3613e-008	1.6118e-008	1.9056e-008	2.1695e-008	2.5997e-008	3.213e-008	3.7914e-008	4.4131e-008	5.0772e-008	5.513e-008	5.8975e-008	6.4339e-008	7.0052e-008	7.4193e-008	7.8693e-008	8.1816e-008	8.535e-008	8.5617e-008	8.6872e-008	8.786e-008	8.985e-008	9.0521e-008	9.0741e-008	9.0584e-008	9.0735e-008	9.0211e-008	8.9065e-008	8.774e-008	8.4535e-008	8.3108e-008	7.9334e-008	7.7469e-008	7.5159e-008	7.3337e-008	7.2036e-008	7.0435e-008	6.894e-008	6.8238e-008	6.6215e-008	6.392e-008	6.2144e-008	6.013e-008	5.8346e-008	5.5745e-008	5.4016e-008	5.1e-008	4.7443e-008	4.6166e-008	4.3155e-008	4.239e-008	4.0765e-008	3.7438e-008	3.4924e-008	3.2253e-008	3.0348e-008	2.8445e-008	2.7242e-008	2.5902e-008	2.3024e-008	2.093e-008	1.9096e-008	1.6984e-008	1.4464e-008	1.277e-008	1.0858e-008	9.21e-009	7.6956e-009	6.36e-009	5.3396e-009	4.3397e-009	4.1147e-009	3.6811e-009	3.5281e-009	3.7402e-009	4.2442e-009	4.2516e-009	4.47e-009	4.6816e-009	4.7958e-009	5.9412e-009	7.54e-009	9.2782e-009	1.2285e-008	1.4635e-008	1.7962e-008	2.3502e-008	3.1357e-008	4.1342e-008	4.8586e-008	5.344e-008	6.0099e-008	6.5415e-008	7.142e-008	7.542e-008	8.0614e-008	8.3472e-008	8.7977e-008	8.9973e-008	9.1001e-008	9.3335e-008	9.5703e-008	9.7043e-008	9.7356e-008	9.7018e-008	9.546e-008	9.3931e-008	9.3263e-008	9.1805e-008	8.9763e-008	8.818e-008	8.7078e-008	8.4192e-008	8.2761e-008	7.912e-008	7.8183e-008	7.4969e-008	7.2146e-008	7.0822e-008	6.9573e-008	6.736e-008	6.5632e-008	6.2603e-008	6.0151e-008	5.6789e-008	5.4909e-008	5.339e-008	5.1613e-008	4.705e-008	4.5798e-008	4.2208e-008	3.9465e-008	3.7749e-008	3.5011e-008	3.1744e-008	2.9399e-008	2.6096e-008	2.358e-008	2.2248e-008	1.9308e-008	1.7459e-008	1.4752e-008	1.2593e-008	1.0735e-008	8.4194e-009	6.693e-009	4.9855e-009	4.249e-009	3.9002e-009	4.0082e-009	3.6865e-009	3.8665e-009	3.787e-009	3.9991e-009	4.3835e-009	4.3376e-009	4.1976e-009	4.7233e-009	4.7336e-009	5.6492e-009	6.3744e-009	6.9632e-009	8.813e-009	1.0377e-008	1.3333e-008	1.7439e-008	2.4433e-008	3.1967e-008	3.8829e-008	4.5911e-008	5.2462e-008	5.7097e-008	6.3061e-008	6.8356e-008	7.4855e-008	8.0992e-008	8.558e-008	8.9054e-008	9.0086e-008	9.1285e-008	9.3203e-008	9.4038e-008	9.3946e-008	9.3989e-008	9.4993e-008	9.5129e-008	9.5494e-008	9.4474e-008	9.2129e-008	9.1006e-008	8.9205e-008	8.6112e-008	8.4957e-008	8.3664e-008	7.9381e-008	7.6782e-008	7.5106e-008	7.3356e-008	7.1169e-008	6.8805e-008	6.606e-008	6.4602e-008	6.0764e-008	5.9986e-008	5.8629e-008	5.6546e-008	5.0449e-008	4.9893e-008	4.7432e-008	4.4905e-008	4.2922e-008	3.965e-008	3.7648e-008	3.3767e-008	3.1614e-008	2.9034e-008	2.5209e-008	2.2275e-008	2.1038e-008	1.7665e-008	1.5893e-008	1.3369e-008	1.123e-008	9.4003e-009	7.0995e-009	5.9512e-009	5.808e-009	4.7593e-009	4.1027e-009	4.1379e-009	3.7622e-009	3.6432e-009	3.6665e-009	3.9009e-009	3.8594e-009	3.4521e-009	3.05e-009	3.7211e-009	4.5404e-009	5.1852e-009	5.8355e-009	6.4778e-009	9.3529e-009	1.2198e-008	1.4675e-008	2.0065e-008	2.359e-008	2.9748e-008	3.4949e-008	4.0997e-008	4.8058e-008	5.6019e-008	6.2923e-008	6.8546e-008	7.3137e-008	7.6351e-008	7.8738e-008	8.3011e-008	8.4796e-008	8.7278e-008	8.8722e-008	9.0472e-008	9.173e-008	9.2882e-008	9.4423e-008	9.5269e-008	9.5209e-008	9.3601e-008	9.2402e-008	9.0644e-008	8.9204e-008	8.7219e-008	8.439e-008	7.7603e-008	7.6922e-008	7.5846e-008	7.3884e-008	7.1646e-008	6.927e-008	6.6417e-008	6.4888e-008	6.3403e-008	6.1109e-008	5.8947e-008	5.7662e-008	5.5293e-008	5.2976e-008	5.1806e-008	5.0876e-008	4.7407e-008	4.4797e-008	4.1689e-008	3.7667e-008	3.5508e-008	3.281e-008	3.1118e-008	2.8733e-008	2.6739e-008	2.4675e-008	2.2732e-008	2.0411e-008	1.886e-008	1.6049e-008	1.4324e-008	1.0806e-008	9.3441e-009	7.9311e-009	7.0269e-009	5.5177e-009	5.2017e-009	4.9253e-009	4.7949e-009	5.106e-009	4.9917e-009	4.8623e-009	4.71e-009	4.6438e-009	4.1288e-009	4.4687e-009	4.8896e-009	5.2772e-009	5.458e-009	6.1592e-009	8.315e-009	1.0584e-008	1.3195e-008	1.6997e-008	2.2678e-008	2.7318e-008	3.4501e-008	4.2697e-008	4.9452e-008	5.65e-008	6.3024e-008	6.4772e-008	7.0574e-008	7.6236e-008	7.8504e-008	8.1638e-008	8.6692e-008	8.8813e-008	9.0564e-008	9.1665e-008	9.2708e-008	9.3232e-008	9.5286e-008	9.4499e-008	9.3354e-008	9.2489e-008	9.0816e-008	8.8667e-008	8.5021e-008	8.3547e-008	8.2303e-008	8.0042e-008	7.8536e-008	7.5802e-008	7.4288e-008	7.3603e-008	7.1166e-008	6.9657e-008	6.8015e-008	6.458e-008	6.1833e-008	6.0163e-008	5.8289e-008	5.6597e-008	5.419e-008	5.1684e-008	5.0086e-008	4.8055e-008	4.6027e-008	4.2694e-008	4.0532e-008	3.7155e-008	3.4844e-008	3.2228e-008	3.1194e-008	2.8594e-008	2.4945e-008	2.2609e-008	1.9635e-008	1.7332e-008	1.5757e-008	1.405e-008	1.1087e-008	9.7333e-009	7.6383e-009	5.8186e-009	5.4316e-009	5.4732e-009	5.0105e-009	4.8119e-009	4.6955e-009	4.3295e-009	4.3105e-009	4.7671e-009	4.3434e-009	4.741e-009	5.3412e-009	5.8517e-009	6.9532e-009	8.947e-009	1.093e-008	1.4012e-008	1.8482e-008	2.1916e-008	2.6322e-008	3.0526e-008	3.7372e-008	4.4144e-008	5.1158e-008	5.708e-008	6.356e-008	6.925e-008	7.534e-008	7.8833e-008	8.2931e-008	8.8738e-008	9.0516e-008	9.265e-008	9.4553e-008	9.5636e-008	9.5868e-008	9.6119e-008
2.2518e-009	2.6445e-009	3.0084e-009	2.5825e-009	3.1409e-009	3.898e-009	4.8395e-009	6.16e-009	7.3456e-009	1.0699e-008	1.3441e-008	1.7523e-008	2.1037e-008	2.578e-008	3.3671e-008	4.3316e-008	5.1947e-008	5.733e-008	6.2069e-008	6.653e-008	7.2482e-008	7.6269e-008	7.9147e-008	8.038e-008	8.4408e-008	8.6063e-008	8.774e-008	8.8256e-008	8.9405e-008	8.8752e-008	8.7718e-008	8.7515e-008	8.7796e-008	8.7196e-008	8.5625e-008	8.4648e-008	8.3106e-008	8.2188e-008	7.9535e-008	7.6484e-008	7.4651e-008	7.4146e-008	7.1569e-008	6.8804e-008	6.7118e-008	6.4395e-008	6.3161e-008	5.9844e-008	5.73e-008	5.4461e-008	5.3121e-008	4.8177e-008	4.7719e-008	4.4423e-008	4.3011e-008	4.1459e-008	3.9687e-008	3.7955e-008	3.6495e-008	3.4219e-008	3.0618e-008	2.9846e-008	2.8553e-008	2.6729e-008	2.509e-008	2.3534e-008	2.1079e-008	1.917e-008	1.7013e-008	1.6307e-008	1.491e-008	1.3181e-008	1.2403e-008	1.144e-008	9.5773e-009	8.5425e-009	7.3246e-009	6.5536e-009	6.386e-009	5.5397e-009	4.9872e-009	4.3535e-009	3.9999e-009	4.4678e-009	5.1318e-009	7.002e-009	9.0144e-009	1.0912e-008	1.3074e-008	1.6166e-008	1.8869e-008	2.276e-008	2.5327e-008	3.116e-008	3.7433e-008	4.2656e-008	5.1247e-008	5.56e-008	5.8749e-008	6.4075e-008	7.0164e-008	7.56e-008	7.8952e-008	8.2811e-008	8.5375e-008	8.6415e-008	8.6378e-008	8.6786e-008	8.8863e-008	9.0111e-008	9.0352e-008	9.0443e-008	9.0006e-008	8.9049e-008	8.8324e-008	8.6954e-008	8.5004e-008	8.3147e-008	8.0992e-008	7.7775e-008	7.5223e-008	7.3685e-008	7.2325e-008	6.967e-008	6.8574e-008	6.7057e-008	6.5596e-008	6.3805e-008	6.2669e-008	6.1407e-008	5.926e-008	5.8027e-008	5.4735e-008	5.2965e-008	5.0209e-008	4.5135e-008	4.3523e-008	4.2061e-008	4.056e-008	3.7638e-008	3.4317e-008	3.2581e-008	3.0712e-008	2.8696e-008	2.7004e-008	2.5427e-008	2.3143e-008	2.0771e-008	1.8332e-008	1.552e-008	1.3723e-008	1.3038e-008	1.0755e-008	9.1149e-009	7.7971e-009	6.75e-009	5.5715e-009	4.5902e-009	4.0662e-009	4.2047e-009	4.3694e-009	4.7432e-009	4.3387e-009	4.7301e-009	4.6333e-009	4.8325e-009	5.2122e-009	5.6185e-009	7.4867e-009	9.6826e-009	1.0685e-008	1.407e-008	1.8386e-008	2.4168e-008	3.1971e-008	4.1399e-008	4.7886e-008	5.4286e-008	6.0566e-008	6.7127e-008	7.2485e-008	7.744e-008	8.1137e-008	8.3132e-008	8.6987e-008	8.9284e-008	9.1598e-008	9.3392e-008	9.5914e-008	9.6639e-008	9.7122e-008	9.7366e-008	9.6808e-008	9.5925e-008	9.5455e-008	9.383e-008	8.9593e-008	8.7847e-008	8.6006e-008	8.4131e-008	8.2067e-008	7.9855e-008	7.8344e-008	7.424e-008	7.2193e-008	7.0814e-008	6.9465e-008	6.713e-008	6.5234e-008	6.2571e-008	5.9484e-008	5.6897e-008	5.469e-008	5.2529e-008	5.0709e-008	4.7328e-008	4.5223e-008	4.1852e-008	3.9861e-008	3.7339e-008	3.5127e-008	3.0893e-008	2.9511e-008	2.6532e-008	2.3541e-008	2.2268e-008	1.884e-008	1.691e-008	1.3207e-008	1.1614e-008	9.7075e-009	7.738e-009	6.2559e-009	5.2051e-009	4.4124e-009	3.9361e-009	4.1636e-009	4.1241e-009	4.702e-009	3.7324e-009	3.9413e-009	4.3394e-009	4.0186e-009	3.8128e-009	4.9471e-009	5.5944e-009	6.13e-009	6.2312e-009	6.9765e-009	8.4135e-009	1.0587e-008	1.2785e-008	1.7684e-008	2.4749e-008	3.172e-008	3.7685e-008	4.4257e-008	5.174e-008	5.7846e-008	6.4079e-008	6.7076e-008	7.441e-008	8.0102e-008	8.3915e-008	8.6086e-008	8.9775e-008	9.173e-008	9.2909e-008	9.3916e-008	9.458e-008	9.5887e-008	9.6192e-008	9.6142e-008	9.6004e-008	9.5621e-008	9.4248e-008	9.1598e-008	8.9663e-008	8.6395e-008	8.5074e-008	8.3908e-008	8.1933e-008	7.8861e-008	7.6414e-008	7.4343e-008	7.1784e-008	6.9779e-008	6.767e-008	6.452e-008	6.3858e-008	6.0675e-008	5.944e-008	5.624e-008	5.2036e-008	4.9792e-008	4.742e-008	4.454e-008	4.2163e-008	3.9083e-008	3.7753e-008	3.3902e-008	3.1788e-008	2.8543e-008	2.6289e-008	2.3391e-008	2.0496e-008	1.7628e-008	1.5955e-008	1.3538e-008	1.1757e-008	9.5744e-009	7.7745e-009	6.4155e-009	5.5358e-009	4.9346e-009	4.7316e-009	4.1228e-009	3.8942e-009	3.6231e-009	3.9215e-009	3.9989e-009	4.4849e-009	4.2711e-009	3.6222e-009	3.7512e-009	4.3857e-009	5.6957e-009	6.1664e-009	7.3397e-009	9.4125e-009	1.2228e-008	1.648e-008	2.0846e-008	2.5422e-008	2.9109e-008	3.3953e-008	4.1513e-008	4.9123e-008	5.713e-008	6.3702e-008	6.9284e-008	7.3612e-008	7.6899e-008	7.97e-008	8.2941e-008	8.6712e-008	8.758e-008	8.912e-008	9.0449e-008	9.2027e-008	9.3337e-008	9.4717e-008	9.6239e-008	9.573e-008	9.4609e-008	9.2885e-008	9.2051e-008	9.0371e-008	8.6933e-008	8.5857e-008	8.1169e-008	7.7934e-008	7.5762e-008	7.4304e-008	7.2624e-008	7.1241e-008	6.8384e-008	6.585e-008	6.3905e-008	6.2155e-008	6.0755e-008	5.8819e-008	5.6737e-008	5.5054e-008	5.3479e-008	5.0703e-008	4.6099e-008	4.4712e-008	4.171e-008	3.8474e-008	3.5226e-008	3.371e-008	3.1368e-008	2.9303e-008	2.7172e-008	2.5539e-008	2.2194e-008	2.0568e-008	1.8711e-008	1.6876e-008	1.4941e-008	1.2739e-008	1.0411e-008	8.8206e-009	7.7484e-009	6.7405e-009	5.8303e-009	4.769e-009	5.2738e-009	5.2871e-009	5.5409e-009	5.1239e-009	4.8652e-009	4.8202e-009	4.5854e-009	4.5671e-009	5.0413e-009	5.2663e-009	5.6326e-009	6.6589e-009	8.1031e-009	1.0431e-008	1.2887e-008	1.638e-008	2.2248e-008	2.7277e-008	3.4017e-008	4.1654e-008	4.8372e-008	5.5654e-008	6.3284e-008	6.6873e-008	7.3541e-008	7.5567e-008	7.9928e-008	8.4172e-008	8.6031e-008	8.8952e-008	9.0513e-008	9.2351e-008	9.2714e-008	9.3414e-008	9.5414e-008	9.5155e-008	9.341e-008	9.25e-008	9.0789e-008	8.8906e-008	8.7967e-008	8.7057e-008	8.3369e-008	8.1112e-008	7.7671e-008	7.55e-008	7.3419e-008	7.2439e-008	7.1318e-008	6.9508e-008	6.8078e-008	6.4324e-008	6.2656e-008	6.0482e-008	5.7538e-008	5.6848e-008	5.4506e-008	5.2228e-008	4.9984e-008	4.8108e-008	4.6414e-008	4.4029e-008	4.0001e-008	3.7427e-008	3.5426e-008	3.3283e-008	3.0805e-008	2.7087e-008	2.5129e-008	2.183e-008	1.938e-008	1.7634e-008	1.5339e-008	1.2801e-008	1.1157e-008	9.5967e-009	7.2163e-009	5.89e-009	5.6452e-009	5.2123e-009	4.709e-009	4.676e-009	4.7125e-009	4.126e-009	4.2423e-009	4.7412e-009	4.4727e-009	4.8722e-009	5.3064e-009	6.118e-009	7.3211e-009	8.8269e-009	1.1075e-008	1.4528e-008	1.9007e-008	2.2486e-008	2.6212e-008	3.1094e-008	3.7935e-008	4.4976e-008	5.1304e-008	5.7055e-008	6.3767e-008	7.0103e-008	7.6206e-008	8.0677e-008	8.5048e-008	8.7682e-008	8.9952e-008	9.2674e-008	9.4143e-008	9.5643e-008	9.6194e-008	9.6566e-008
1.5715e-009	2.4563e-009	2.5472e-009	2.6061e-009	2.6541e-009	2.9809e-009	3.6032e-009	5.4307e-009	6.4903e-009	1.0682e-008	1.2216e-008	1.6959e-008	2.0467e-008	2.6076e-008	3.5017e-008	4.4712e-008	5.2694e-008	5.8189e-008	6.4996e-008	6.792e-008	7.2247e-008	7.6488e-008	7.9831e-008	8.1635e-008	8.5017e-008	8.5665e-008	8.7183e-008	8.7828e-008	8.8705e-008	8.8666e-008	8.7825e-008	8.7304e-008	8.7583e-008	8.6778e-008	8.5443e-008	8.4125e-008	8.2848e-008	8.2628e-008	7.964e-008	7.7272e-008	7.5694e-008	7.4347e-008	7.2106e-008	6.8556e-008	6.6533e-008	6.4943e-008	6.2423e-008	5.933e-008	5.7112e-008	5.5491e-008	5.2835e-008	5.0677e-008	4.7872e-008	4.5607e-008	4.3731e-008	4.1656e-008	4.002e-008	3.7986e-008	3.5231e-008	3.3347e-008	3.181e-008	2.9757e-008	2.8455e-008	2.643e-008	2.4068e-008	2.2521e-008	2.1034e-008	1.8949e-008	1.6901e-008	1.5636e-008	1.4157e-008	1.2206e-008	1.1479e-008	9.8867e-009	8.8879e-009	8.1802e-009	7.7532e-009	6.2368e-009	5.6007e-009	5.5481e-009	4.1846e-009	3.5849e-009	3.3525e-009	3.8009e-009	4.7387e-009	6.4585e-009	8.3219e-009	1.0375e-008	1.303e-008	1.5471e-008	1.9176e-008	2.1778e-008	2.3257e-008	3.0236e-008	3.7688e-008	4.1106e-008	4.9845e-008	5.5385e-008	5.8443e-008	6.3899e-008	6.9726e-008	7.4724e-008	7.8529e-008	8.2746e-008	8.4537e-008	8.606e-008	8.595e-008	8.7686e-008	8.9327e-008	8.9541e-008	8.9752e-008	8.9732e-008	8.9217e-008	8.8517e-008	8.7282e-008	8.6232e-008	8.4886e-008	8.3277e-008	8.0648e-008	7.5965e-008	7.6059e-008	7.3758e-008	7.1903e-008	7.0219e-008	6.8075e-008	6.6763e-008	6.4714e-008	6.2587e-008	6.1522e-008	6.0419e-008	5.9683e-008	5.7822e-008	5.4689e-008	5.2016e-008	4.8606e-008	4.6253e-008	4.4147e-008	4.0552e-008	3.9209e-008	3.6048e-008	3.4472e-008	3.2219e-008	3.0125e-008	2.887e-008	2.6462e-008	2.5056e-008	2.243e-008	2.0229e-008	1.7763e-008	1.5196e-008	1.4094e-008	1.2949e-008	1.0733e-008	9.1003e-009	7.5438e-009	6.1911e-009	5.2952e-009	4.8544e-009	4.4293e-009	4.3715e-009	4.1712e-009	4.5828e-009	4.2993e-009	4.5631e-009	4.6128e-009	4.775e-009	5.1086e-009	5.7593e-009	7.4168e-009	7.9668e-009	1.018e-008	1.2812e-008	1.7952e-008	2.4549e-008	3.2496e-008	4.027e-008	4.6218e-008	5.1988e-008	5.8708e-008	6.2985e-008	7.0642e-008	7.6339e-008	7.8568e-008	8.2794e-008	8.5798e-008	8.8446e-008	9.0561e-008	9.3433e-008	9.4694e-008	9.5376e-008	9.6708e-008	9.7475e-008	9.731e-008	9.6928e-008	9.6085e-008	9.4012e-008	9.1466e-008	8.9493e-008	8.5467e-008	8.4288e-008	8.3052e-008	8.1545e-008	7.8543e-008	7.6552e-008	7.2771e-008	7.0526e-008	6.8765e-008	6.6434e-008	6.3924e-008	6.2237e-008	5.9994e-008	5.7614e-008	5.4579e-008	5.1941e-008	5.0457e-008	4.8619e-008	4.5967e-008	4.0886e-008	3.9366e-008	3.7412e-008	3.4688e-008	3.0592e-008	2.8795e-008	2.6068e-008	2.373e-008	1.9344e-008	1.6873e-008	1.5772e-008	1.3288e-008	1.0981e-008	9.1326e-009	6.9079e-009	5.5654e-009	5.2889e-009	3.931e-009	3.7165e-009	4.4365e-009	4.9535e-009	4.3785e-009	3.6139e-009	3.8476e-009	4.0786e-009	4.0602e-009	4.6449e-009	5.4887e-009	5.609e-009	5.9219e-009	5.931e-009	6.3716e-009	8.1961e-009	9.7864e-009	1.1846e-008	1.7776e-008	2.5697e-008	3.2741e-008	3.7538e-008	4.3966e-008	5.1248e-008	5.8213e-008	6.4001e-008	6.8867e-008	7.4556e-008	7.8582e-008	8.4049e-008	8.8404e-008	9.0424e-008	9.1994e-008	9.2879e-008	9.3863e-008	9.4578e-008	9.5189e-008	9.5799e-008	9.62e-008	9.65e-008	9.5899e-008	9.4647e-008	9.2667e-008	8.9809e-008	8.6548e-008	8.4419e-008	8.3675e-008	8.065e-008	7.8436e-008	7.4981e-008	7.4037e-008	7.2001e-008	6.9851e-008	6.8072e-008	6.665e-008	6.4467e-008	6.2929e-008	5.912e-008	5.5275e-008	5.3246e-008	4.9782e-008	4.7277e-008	4.4532e-008	4.1887e-008	4.0246e-008	3.6236e-008	3.3947e-008	3.1381e-008	2.931e-008	2.7143e-008	2.3023e-008	2.0853e-008	1.7475e-008	1.6189e-008	1.2972e-008	1.1648e-008	8.9102e-009	7.1972e-009	6.0672e-009	5.0201e-009	4.6302e-009	4.4403e-009	4.3408e-009	4.0525e-009	4.15e-009	3.9579e-009	4.1472e-009	4.376e-009	4.2569e-009	3.851e-009	3.7418e-009	4.3343e-009	5.9679e-009	6.0272e-009	6.6662e-009	9.4292e-009	1.2333e-008	1.7155e-008	2.1626e-008	2.5985e-008	3.0188e-008	3.5872e-008	4.2655e-008	5.001e-008	5.7472e-008	6.4555e-008	6.8624e-008	7.3625e-008	7.7813e-008	7.936e-008	8.1678e-008	8.6474e-008	8.733e-008	8.8296e-008	9.0356e-008	9.2486e-008	9.3411e-008	9.5205e-008	9.6637e-008	9.5591e-008	9.3893e-008	9.2684e-008	9.2063e-008	9.0079e-008	8.7946e-008	8.5647e-008	8.3453e-008	7.9365e-008	7.5597e-008	7.4718e-008	7.3376e-008	7.2928e-008	7.0334e-008	6.6089e-008	6.5008e-008	6.2129e-008	6.062e-008	5.8546e-008	5.6814e-008	5.5461e-008	5.2679e-008	4.625e-008	4.577e-008	4.3916e-008	4.1142e-008	3.8332e-008	3.5674e-008	3.3173e-008	3.1246e-008	2.9203e-008	2.7273e-008	2.533e-008	2.2786e-008	2.1093e-008	1.9618e-008	1.6927e-008	1.5258e-008	1.2779e-008	1.0919e-008	9.2371e-009	8.1273e-009	6.3036e-009	5.5282e-009	4.8711e-009	5.118e-009	5.2061e-009	5.3523e-009	5.4445e-009	4.6735e-009	4.4858e-009	4.3968e-009	4.5166e-009	4.7631e-009	5.4015e-009	5.8774e-009	6.3727e-009	8.0176e-009	9.6135e-009	1.2312e-008	1.7633e-008	2.2239e-008	2.8401e-008	3.4099e-008	4.1225e-008	4.9702e-008	5.6145e-008	6.2999e-008	6.6036e-008	7.2543e-008	7.4938e-008	7.9411e-008	8.4229e-008	8.604e-008	8.8376e-008	8.9081e-008	9.1391e-008	9.3189e-008	9.406e-008	9.5784e-008	9.5812e-008	9.4179e-008	9.3173e-008	9.0575e-008	8.9757e-008	8.8903e-008	8.6601e-008	8.3365e-008	8.1249e-008	7.8901e-008	7.5475e-008	7.3204e-008	7.1362e-008	7.1298e-008	6.9712e-008	6.6609e-008	6.4419e-008	6.1976e-008	5.9939e-008	5.8596e-008	5.7165e-008	5.4052e-008	5.1765e-008	4.9298e-008	4.7878e-008	4.6207e-008	4.4048e-008	4.1062e-008	3.7533e-008	3.5699e-008	3.3269e-008	2.9655e-008	2.7702e-008	2.4412e-008	2.1438e-008	1.9361e-008	1.7013e-008	1.4946e-008	1.2754e-008	1.1411e-008	8.8247e-009	7.185e-009	6.1267e-009	5.8784e-009	5.7594e-009	5.5284e-009	4.8381e-009	4.7921e-009	4.7271e-009	4.4901e-009	5.0035e-009	5.0191e-009	5.1761e-009	5.527e-009	5.8086e-009	6.6419e-009	8.9387e-009	1.1447e-008	1.5007e-008	1.8988e-008	2.1321e-008	2.4495e-008	3.0425e-008	3.8363e-008	4.582e-008	5.2407e-008	5.6492e-008	6.4034e-008	7.0506e-008	7.6582e-008	8.1962e-008	8.4643e-008	8.7704e-008	8.9467e-008	9.1712e-008	9.4243e-008	9.6135e-008	9.6949e-008	9.7973e-008
1.9645e-009	2.4678e-009	2.4783e-009	3.2587e-009	3.0156e-009	3.2326e-009	3.7912e-009	4.6106e-009	7.2628e-009	8.7836e-009	1.3107e-008	1.6976e-008	1.9718e-008	2.5793e-008	3.4969e-008	4.5449e-008	5.2178e-008	5.7118e-008	6.5411e-008	6.9175e-008	7.2864e-008	7.6429e-008	7.8722e-008	8.2469e-008	8.4916e-008	8.5823e-008	8.6595e-008	8.7631e-008	8.806e-008	8.7682e-008	8.7723e-008	8.7665e-008	8.8095e-008	8.7228e-008	8.5798e-008	8.4013e-008	8.3231e-008	8.2946e-008	8.1464e-008	7.8152e-008	7.6978e-008	7.4637e-008	7.232e-008	6.9259e-008	6.6001e-008	6.4329e-008	6.1902e-008	5.9577e-008	5.7382e-008	5.5788e-008	5.2617e-008	5.0577e-008	4.667e-008	4.547e-008	4.4496e-008	4.2073e-008	4.0035e-008	3.7769e-008	3.5044e-008	3.3851e-008	3.2052e-008	2.9302e-008	2.7265e-008	2.583e-008	2.3699e-008	2.1767e-008	2.0194e-008	1.8038e-008	1.7091e-008	1.5552e-008	1.3751e-008	1.1811e-008	1.065e-008	9.4971e-009	8.0097e-009	7.8947e-009	7.3258e-009	6.0408e-009	5.3929e-009	4.8538e-009	3.7412e-009	3.1444e-009	4.0487e-009	4.1786e-009	4.8495e-009	6.198e-009	8.0075e-009	9.658e-009	1.2879e-008	1.5167e-008	1.8509e-008	2.2818e-008	2.5069e-008	2.993e-008	3.6932e-008	4.2508e-008	4.8243e-008	5.4673e-008	6.03e-008	6.3897e-008	6.9378e-008	7.4533e-008	7.7703e-008	8.2361e-008	8.4141e-008	8.5414e-008	8.7003e-008	8.8051e-008	8.96e-008	8.9528e-008	8.9324e-008	8.9487e-008	8.8653e-008	8.8547e-008	8.7701e-008	8.6186e-008	8.4825e-008	8.307e-008	8.1448e-008	7.8709e-008	7.5463e-008	7.4063e-008	7.197e-008	7.0362e-008	6.85e-008	6.6438e-008	6.4641e-008	6.2755e-008	6.135e-008	6.0304e-008	6.0334e-008	5.759e-008	5.5238e-008	5.2282e-008	4.8299e-008	4.7775e-008	4.6432e-008	4.1326e-008	3.8581e-008	3.8098e-008	3.6227e-008	3.2913e-008	3.141e-008	2.8626e-008	2.5157e-008	2.3992e-008	2.188e-008	2.0344e-008	1.8731e-008	1.5984e-008	1.4043e-008	1.1653e-008	1.0553e-008	8.5333e-009	6.8686e-009	5.8377e-009	5.0631e-009	4.9111e-009	4.5087e-009	4.4691e-009	4.9432e-009	4.5476e-009	4.3533e-009	4.4163e-009	4.8924e-009	5.1561e-009	5.019e-009	5.2662e-009	6.7331e-009	7.9178e-009	1.0555e-008	1.3316e-008	1.7909e-008	2.3914e-008	3.179e-008	3.9223e-008	4.4606e-008	5.0013e-008	5.583e-008	6.3484e-008	6.9757e-008	7.5522e-008	7.8082e-008	8.3303e-008	8.6218e-008	8.7617e-008	9.0118e-008	9.2362e-008	9.4629e-008	9.5716e-008	9.6499e-008	9.7067e-008	9.7505e-008	9.6825e-008	9.6095e-008	9.4893e-008	9.2359e-008	9.0186e-008	8.6952e-008	8.4828e-008	8.3186e-008	8.1278e-008	7.902e-008	7.4516e-008	7.2171e-008	6.9778e-008	6.8556e-008	6.6308e-008	6.3448e-008	6.2259e-008	6.091e-008	5.7134e-008	5.3894e-008	5.1942e-008	4.938e-008	4.7913e-008	4.5251e-008	4.2604e-008	3.94e-008	3.5511e-008	3.384e-008	3.0673e-008	2.8736e-008	2.6489e-008	2.3358e-008	2.0133e-008	1.7146e-008	1.4944e-008	1.2672e-008	1.0875e-008	8.7022e-009	7.2157e-009	5.692e-009	4.8515e-009	3.9772e-009	3.6606e-009	3.6583e-009	4.123e-009	3.8156e-009	4.1818e-009	4.4048e-009	4.2463e-009	4.7511e-009	4.7748e-009	5.5161e-009	5.6044e-009	6.0806e-009	5.7588e-009	6.358e-009	7.9324e-009	9.6036e-009	1.1513e-008	1.7318e-008	2.5526e-008	3.2586e-008	3.8425e-008	4.4246e-008	5.0818e-008	5.8466e-008	6.4311e-008	6.7897e-008	7.2998e-008	7.8187e-008	8.2448e-008	8.7412e-008	9.0557e-008	9.2076e-008	9.2811e-008	9.3829e-008	9.4537e-008	9.5198e-008	9.5634e-008	9.6546e-008	9.6739e-008	9.6912e-008	9.4701e-008	9.273e-008	9.0087e-008	8.7366e-008	8.4592e-008	8.3558e-008	8.1734e-008	8.0431e-008	7.6336e-008	7.4018e-008	7.2523e-008	7.1895e-008	6.9625e-008	6.7906e-008	6.5997e-008	6.1144e-008	5.7243e-008	5.5913e-008	5.199e-008	5.0134e-008	4.7125e-008	4.4813e-008	4.2037e-008	4.0083e-008	3.7733e-008	3.3329e-008	3.2827e-008	3.0569e-008	2.687e-008	2.2581e-008	2.0905e-008	1.9999e-008	1.6505e-008	1.4349e-008	1.2507e-008	9.8894e-009	7.7519e-009	6.4258e-009	5.4025e-009	5.0428e-009	4.0889e-009	4.3888e-009	4.5126e-009	4.6332e-009	4.5657e-009	4.1854e-009	4.1446e-009	4.3955e-009	3.968e-009	4.1739e-009	4.4754e-009	5.443e-009	6.1113e-009	7.643e-009	9.7381e-009	1.3189e-008	1.8004e-008	2.2176e-008	2.6686e-008	3.1167e-008	3.743e-008	4.4118e-008	5.092e-008	5.678e-008	6.4487e-008	7.0146e-008	7.4356e-008	7.7538e-008	7.9653e-008	8.2492e-008	8.526e-008	8.762e-008	9.0314e-008	9.1205e-008	9.2386e-008	9.3606e-008	9.4174e-008	9.6081e-008	9.5166e-008	9.3269e-008	9.267e-008	9.1839e-008	9.0893e-008	8.8568e-008	8.6603e-008	8.4009e-008	8.112e-008	7.6169e-008	7.5e-008	7.419e-008	7.3227e-008	7.1379e-008	6.8393e-008	6.5429e-008	6.3156e-008	6.0375e-008	5.922e-008	5.702e-008	5.5142e-008	5.0565e-008	4.6386e-008	4.4498e-008	4.3291e-008	4.2041e-008	3.6878e-008	3.4701e-008	3.2952e-008	3.1209e-008	2.9505e-008	2.7184e-008	2.572e-008	2.3686e-008	2.0991e-008	1.8286e-008	1.7209e-008	1.4853e-008	1.3101e-008	1.1094e-008	9.2657e-009	8.0908e-009	6.738e-009	5.7191e-009	5.1942e-009	5.2034e-009	4.8558e-009	5.238e-009	5.3078e-009	4.9295e-009	4.3787e-009	4.3055e-009	4.5062e-009	4.5029e-009	4.9174e-009	5.8642e-009	6.858e-009	8.2982e-009	9.6379e-009	1.4272e-008	1.7634e-008	2.3547e-008	2.8134e-008	3.442e-008	4.1518e-008	4.8451e-008	5.5608e-008	5.8744e-008	6.5748e-008	7.1675e-008	7.3919e-008	7.9469e-008	8.2993e-008	8.5368e-008	8.7742e-008	8.8802e-008	9.1605e-008	9.3189e-008	9.4915e-008	9.5806e-008	9.4778e-008	9.3733e-008	9.2647e-008	9.0941e-008	8.9613e-008	8.5913e-008	8.5269e-008	8.2766e-008	7.9765e-008	7.5995e-008	7.3663e-008	7.2049e-008	7.1012e-008	7.0791e-008	6.8065e-008	6.6386e-008	6.2953e-008	6.1855e-008	5.9569e-008	5.7879e-008	5.6515e-008	5.4087e-008	5.198e-008	4.9021e-008	4.7602e-008	4.5619e-008	4.2961e-008	4.0024e-008	3.7372e-008	3.4544e-008	3.1916e-008	2.9662e-008	2.7252e-008	2.2849e-008	2.04e-008	1.871e-008	1.69e-008	1.428e-008	1.1763e-008	9.9221e-009	8.4838e-009	6.9347e-009	5.9506e-009	5.5063e-009	5.4694e-009	4.9626e-009	4.4244e-009	4.317e-009	4.6884e-009	4.6541e-009	4.8501e-009	4.8838e-009	5.1615e-009	4.8537e-009	5.5864e-009	6.802e-009	9.0726e-009	1.0952e-008	1.4466e-008	1.8514e-008	2.2218e-008	2.5665e-008	3.0342e-008	3.7671e-008	4.494e-008	5.1978e-008	5.8794e-008	6.4783e-008	6.9047e-008	7.6154e-008	8.2036e-008	8.4539e-008	8.7683e-008	9.0002e-008	9.1904e-008	9.3988e-008	9.5473e-008	9.8007e-008	9.8246e-008
2.5419e-009	1.8669e-009	2.4533e-009	3.215e-009	3.3706e-009	2.9988e-009	3.8398e-009	4.4532e-009	6.4139e-009	8.8093e-009	1.2323e-008	1.5808e-008	1.8892e-008	2.612e-008	3.5681e-008	4.5149e-008	5.3516e-008	5.9465e-008	6.5803e-008	6.9925e-008	7.2934e-008	7.5697e-008	7.9367e-008	8.1979e-008	8.4569e-008	8.5877e-008	8.632e-008	8.7351e-008	8.7317e-008	8.7569e-008	8.8009e-008	8.8545e-008	8.9572e-008	8.7685e-008	8.6302e-008	8.4818e-008	8.3712e-008	8.3173e-008	8.1966e-008	7.9498e-008	7.7049e-008	7.4924e-008	7.2202e-008	6.9016e-008	6.5424e-008	6.3914e-008	6.2034e-008	5.9975e-008	5.8027e-008	5.5886e-008	5.2408e-008	5.0425e-008	4.818e-008	4.627e-008	4.4757e-008	4.2371e-008	3.9786e-008	3.7862e-008	3.5879e-008	3.3677e-008	3.2087e-008	2.9722e-008	2.6428e-008	2.5285e-008	2.3628e-008	2.2061e-008	1.9741e-008	1.8439e-008	1.7092e-008	1.5007e-008	1.249e-008	1.1683e-008	1.0722e-008	9.0267e-009	7.9668e-009	6.945e-009	5.9237e-009	5.1679e-009	4.4482e-009	4.1606e-009	3.5068e-009	3.6751e-009	4.3575e-009	4.5746e-009	4.9311e-009	5.868e-009	8.3613e-009	9.8021e-009	1.2698e-008	1.6038e-008	2.0131e-008	2.2912e-008	2.5581e-008	2.9046e-008	3.7094e-008	4.4591e-008	4.9713e-008	5.5158e-008	5.9312e-008	6.3918e-008	7.0814e-008	7.1588e-008	7.449e-008	8.1826e-008	8.4102e-008	8.6502e-008	8.7918e-008	8.9091e-008	8.9851e-008	8.9557e-008	8.9953e-008	8.9576e-008	8.896e-008	8.8413e-008	8.7547e-008	8.6218e-008	8.4796e-008	8.287e-008	8.0994e-008	7.7776e-008	7.5701e-008	7.3627e-008	7.1821e-008	7.0255e-008	6.8612e-008	6.612e-008	6.3723e-008	6.2521e-008	6.1727e-008	6.0595e-008	5.8608e-008	5.6588e-008	5.4891e-008	5.2496e-008	4.9158e-008	4.7584e-008	4.5372e-008	4.2005e-008	4.0452e-008	3.7856e-008	3.63e-008	3.3133e-008	2.9247e-008	2.6741e-008	2.5363e-008	2.3624e-008	2.1802e-008	1.9613e-008	1.7843e-008	1.5391e-008	1.3068e-008	1.1597e-008	9.9958e-009	8.165e-009	6.7859e-009	5.7538e-009	4.8966e-009	4.683e-009	4.4208e-009	4.6394e-009	5.0179e-009	5.2379e-009	4.8162e-009	4.9152e-009	5.0589e-009	5.1796e-009	5.1196e-009	5.1482e-009	6.0812e-009	7.8945e-009	1.0277e-008	1.3127e-008	1.674e-008	2.3386e-008	2.8598e-008	3.4615e-008	4.4225e-008	4.9129e-008	5.5434e-008	6.2261e-008	6.738e-008	7.4186e-008	7.9487e-008	8.1971e-008	8.5721e-008	8.7879e-008	9.1051e-008	9.277e-008	9.4411e-008	9.6463e-008	9.6816e-008	9.6973e-008	9.7233e-008	9.7222e-008	9.7151e-008	9.3608e-008	9.2441e-008	8.9401e-008	8.7507e-008	8.413e-008	8.2944e-008	8.0983e-008	7.8271e-008	7.4557e-008	7.1198e-008	6.9987e-008	6.8548e-008	6.6549e-008	6.3137e-008	6.2292e-008	6.0868e-008	5.7419e-008	5.3501e-008	5.0682e-008	4.8352e-008	4.6792e-008	4.4819e-008	4.2181e-008	3.8581e-008	3.6861e-008	3.4424e-008	3.1432e-008	2.6592e-008	2.5927e-008	2.2167e-008	1.9995e-008	1.7184e-008	1.5415e-008	1.2801e-008	1.0349e-008	8.3655e-009	6.835e-009	5.8101e-009	4.7979e-009	4.3695e-009	4.4321e-009	4.5067e-009	3.9314e-009	3.3619e-009	3.9081e-009	4.2171e-009	4.1087e-009	4.5119e-009	4.6244e-009	5.2125e-009	5.5599e-009	5.965e-009	5.6563e-009	6.4278e-009	7.6341e-009	9.3137e-009	1.1713e-008	1.7041e-008	2.4323e-008	3.2013e-008	3.7117e-008	4.4023e-008	5.0936e-008	5.8279e-008	6.4324e-008	6.8626e-008	7.4267e-008	7.825e-008	8.2111e-008	8.6573e-008	8.956e-008	9.1909e-008	9.2777e-008	9.3774e-008	9.4824e-008	9.5195e-008	9.5497e-008	9.6343e-008	9.674e-008	9.6468e-008	9.4313e-008	9.2371e-008	8.9221e-008	8.7465e-008	8.5251e-008	8.3893e-008	8.2227e-008	7.9456e-008	7.784e-008	7.3985e-008	7.3385e-008	7.2605e-008	7.111e-008	6.8732e-008	6.4215e-008	6.2418e-008	5.7362e-008	5.5479e-008	5.2875e-008	5.0746e-008	4.7209e-008	4.647e-008	4.37e-008	4.0731e-008	3.9084e-008	3.4876e-008	3.311e-008	3.0833e-008	2.8643e-008	2.3575e-008	2.1189e-008	1.9659e-008	1.7519e-008	1.4869e-008	1.1941e-008	9.9809e-009	8.2317e-009	6.8281e-009	6.0308e-009	5.3014e-009	4.6319e-009	4.9102e-009	5.0778e-009	4.8062e-009	4.3839e-009	4.4285e-009	4.3242e-009	4.6486e-009	4.6384e-009	4.55e-009	4.8735e-009	6.0518e-009	6.3367e-009	8.4497e-009	9.9581e-009	1.3061e-008	1.7185e-008	2.0765e-008	2.7133e-008	3.0394e-008	3.8215e-008	4.3761e-008	5.1078e-008	5.7211e-008	6.3488e-008	6.6164e-008	7.3476e-008	7.6713e-008	7.9772e-008	8.2499e-008	8.4207e-008	8.8865e-008	9.0412e-008	9.1536e-008	9.191e-008	9.2752e-008	9.3543e-008	9.4638e-008	9.4559e-008	9.3782e-008	9.251e-008	9.2048e-008	9.1217e-008	8.8041e-008	8.6508e-008	8.3867e-008	7.9541e-008	7.7229e-008	7.6064e-008	7.4941e-008	7.3812e-008	7.1555e-008	6.9583e-008	6.5546e-008	6.2699e-008	6.1189e-008	5.9789e-008	5.7807e-008	5.388e-008	5.2005e-008	4.8495e-008	4.5531e-008	4.2793e-008	4.0909e-008	3.7431e-008	3.5456e-008	3.3726e-008	3.2005e-008	2.9237e-008	2.6909e-008	2.5481e-008	2.3712e-008	2.2204e-008	1.8584e-008	1.7319e-008	1.4833e-008	1.3589e-008	1.236e-008	1.0208e-008	8.3397e-009	6.6898e-009	6.3614e-009	5.7648e-009	5.3743e-009	5.4672e-009	4.9536e-009	5.3757e-009	5.2139e-009	4.3812e-009	4.6139e-009	4.3997e-009	5.0717e-009	5.378e-009	5.8891e-009	6.8952e-009	8.2904e-009	9.0435e-009	1.3808e-008	1.7704e-008	2.2977e-008	2.7106e-008	3.3835e-008	4.0107e-008	4.5652e-008	5.3703e-008	6.0742e-008	6.557e-008	7.1121e-008	7.4583e-008	7.916e-008	8.1828e-008	8.5353e-008	8.7947e-008	8.9203e-008	9.0731e-008	9.2653e-008	9.3719e-008	9.4809e-008	9.5043e-008	9.4044e-008	9.1486e-008	8.9246e-008	8.7357e-008	8.6156e-008	8.4675e-008	8.1033e-008	7.9032e-008	7.7273e-008	7.371e-008	7.2474e-008	7.1445e-008	7.0714e-008	6.7672e-008	6.6941e-008	6.3267e-008	6.2215e-008	5.9909e-008	5.8288e-008	5.7143e-008	5.4821e-008	5.1609e-008	4.8575e-008	4.7182e-008	4.4479e-008	4.2311e-008	3.9534e-008	3.8205e-008	3.4592e-008	3.2584e-008	2.9755e-008	2.7793e-008	2.1631e-008	2.0815e-008	1.8659e-008	1.5741e-008	1.3812e-008	1.1659e-008	9.504e-009	7.6968e-009	6.9991e-009	6.3148e-009	5.4793e-009	4.6e-009	4.1544e-009	4.2196e-009	4.3014e-009	3.9921e-009	3.8578e-009	3.7068e-009	4.608e-009	4.7261e-009	4.9732e-009	5.7379e-009	6.2715e-009	8.4949e-009	1.1964e-008	1.4392e-008	1.8304e-008	2.086e-008	2.6009e-008	3.2198e-008	3.8183e-008	4.5151e-008	5.1241e-008	5.7419e-008	6.3652e-008	6.8993e-008	7.5395e-008	8.0783e-008	8.387e-008	8.6776e-008	8.8929e-008	9.198e-008	9.3785e-008	9.4662e-008	9.7806e-008	9.8483e-008
2.1209e-009	2.369e-009	2.2988e-009	3.0784e-009	3.2804e-009	3.0912e-009	3.7164e-009	3.8855e-009	5.6552e-009	8.0954e-009	1.0804e-008	1.5485e-008	2.0395e-008	2.7621e-008	3.5777e-008	4.3825e-008	5.1808e-008	5.8203e-008	6.4116e-008	6.844e-008	7.1744e-008	7.5843e-008	8.0084e-008	8.2064e-008	8.3823e-008	8.5551e-008	8.6141e-008	8.6824e-008	8.7769e-008	8.7739e-008	8.803e-008	8.9144e-008	8.9932e-008	8.7973e-008	8.6674e-008	8.4941e-008	8.4091e-008	8.3898e-008	8.2354e-008	8.062e-008	7.8033e-008	7.3002e-008	7.0744e-008	6.9766e-008	6.7534e-008	6.3591e-008	6.1554e-008	6.0047e-008	5.8649e-008	5.379e-008	5.0836e-008	5.0059e-008	4.8475e-008	4.7025e-008	4.4486e-008	4.184e-008	3.9408e-008	3.716e-008	3.5412e-008	3.3594e-008	3.1882e-008	3.0207e-008	2.7363e-008	2.5547e-008	2.3441e-008	2.225e-008	2.0253e-008	1.8614e-008	1.6461e-008	1.4496e-008	1.2507e-008	1.1013e-008	1.0179e-008	8.452e-009	6.4784e-009	5.2329e-009	4.9398e-009	4.6879e-009	3.767e-009	3.461e-009	3.6676e-009	4.291e-009	4.593e-009	4.4822e-009	4.8e-009	6.1479e-009	8.0829e-009	9.0247e-009	1.2114e-008	1.5137e-008	1.9054e-008	2.2142e-008	2.6622e-008	3.0604e-008	3.6131e-008	4.3734e-008	4.9416e-008	5.6593e-008	6.1258e-008	6.6236e-008	6.9648e-008	7.27e-008	7.5041e-008	8.0831e-008	8.3562e-008	8.6689e-008	8.8292e-008	8.8905e-008	9.0129e-008	8.9417e-008	8.9897e-008	8.9099e-008	8.8725e-008	8.8085e-008	8.7076e-008	8.5618e-008	8.434e-008	8.1539e-008	7.9963e-008	7.8271e-008	7.5991e-008	7.3631e-008	7.1356e-008	7.1178e-008	6.9084e-008	6.6196e-008	6.3694e-008	6.2625e-008	6.0872e-008	5.9647e-008	5.8978e-008	5.6561e-008	5.5023e-008	5.0886e-008	4.8531e-008	4.7221e-008	4.5445e-008	4.1781e-008	3.9712e-008	3.6839e-008	3.4976e-008	3.2058e-008	2.9001e-008	2.6885e-008	2.5174e-008	2.2921e-008	2.0902e-008	1.9396e-008	1.6999e-008	1.4978e-008	1.2936e-008	1.112e-008	9.1253e-009	7.336e-009	6.1402e-009	5.5597e-009	4.7736e-009	4.4439e-009	4.3145e-009	4.5527e-009	4.4917e-009	4.8012e-009	4.5201e-009	4.2698e-009	3.8964e-009	4.4719e-009	4.8772e-009	5.1749e-009	5.7003e-009	7.6218e-009	9.4716e-009	1.2492e-008	1.5816e-008	2.2646e-008	2.7641e-008	3.4877e-008	4.2753e-008	4.8269e-008	5.5371e-008	6.102e-008	6.7585e-008	7.2161e-008	7.8326e-008	8.2244e-008	8.5262e-008	8.9068e-008	9.0683e-008	9.1958e-008	9.4046e-008	9.5387e-008	9.644e-008	9.6716e-008	9.7197e-008	9.7449e-008	9.7125e-008	9.5342e-008	9.2285e-008	8.9177e-008	8.5676e-008	8.4368e-008	8.2763e-008	8.1718e-008	7.8681e-008	7.5421e-008	7.0854e-008	7.0457e-008	6.901e-008	6.5719e-008	6.3594e-008	6.1748e-008	5.9513e-008	5.5761e-008	5.265e-008	4.8755e-008	4.7855e-008	4.6061e-008	4.4372e-008	4.196e-008	3.6894e-008	3.5894e-008	3.305e-008	3.1227e-008	2.7481e-008	2.3738e-008	2.1873e-008	2.0239e-008	1.7281e-008	1.5035e-008	1.2442e-008	1.0099e-008	8.1464e-009	6.3805e-009	5.988e-009	5.2291e-009	4.4026e-009	4.6355e-009	4.1119e-009	3.6553e-009	3.3931e-009	3.9396e-009	4.4185e-009	4.4961e-009	4.5589e-009	4.5243e-009	4.8548e-009	4.9475e-009	4.9658e-009	5.1807e-009	5.52e-009	7.5865e-009	9.3346e-009	1.1089e-008	1.6046e-008	2.3601e-008	3.2285e-008	3.7039e-008	4.3931e-008	5.1123e-008	5.7802e-008	6.3063e-008	6.8981e-008	7.4373e-008	7.814e-008	8.2984e-008	8.6377e-008	8.8773e-008	9.0818e-008	9.3203e-008	9.3933e-008	9.4514e-008	9.538e-008	9.565e-008	9.6181e-008	9.6132e-008	9.5328e-008	9.3563e-008	9.0103e-008	8.9557e-008	8.7251e-008	8.5225e-008	8.4632e-008	8.2556e-008	8.0315e-008	7.6684e-008	7.3847e-008	7.2835e-008	7.1534e-008	7.0045e-008	6.8263e-008	6.2693e-008	6.1011e-008	5.7691e-008	5.4461e-008	5.2809e-008	5.0403e-008	4.7816e-008	4.6229e-008	4.4154e-008	4.1331e-008	3.8001e-008	3.5842e-008	3.2965e-008	3.0448e-008	2.7946e-008	2.5336e-008	2.1533e-008	1.8707e-008	1.7328e-008	1.4937e-008	1.3434e-008	1.0329e-008	8.7825e-009	7.1574e-009	5.8598e-009	5.2762e-009	5.0075e-009	4.8658e-009	4.7757e-009	4.1086e-009	4.2442e-009	4.3323e-009	4.7835e-009	4.5977e-009	4.5474e-009	4.3861e-009	4.769e-009	5.7062e-009	6.737e-009	8.8441e-009	1.1336e-008	1.4548e-008	1.6568e-008	2.2167e-008	2.7457e-008	3.1106e-008	3.7646e-008	4.4895e-008	5.1261e-008	5.6635e-008	6.3541e-008	6.7086e-008	7.2699e-008	7.576e-008	7.8593e-008	8.107e-008	8.41e-008	8.8271e-008	9.014e-008	9.1117e-008	9.2175e-008	9.2061e-008	9.2236e-008	9.3342e-008	9.4121e-008	9.3656e-008	9.2803e-008	9.1766e-008	8.982e-008	8.7926e-008	8.5358e-008	8.3122e-008	7.876e-008	7.793e-008	7.5592e-008	7.357e-008	7.2991e-008	7.2029e-008	6.8581e-008	6.5989e-008	6.3742e-008	6.1817e-008	5.9361e-008	5.7198e-008	5.3384e-008	4.9633e-008	4.8045e-008	4.6362e-008	4.3501e-008	3.9187e-008	3.7279e-008	3.6639e-008	3.2816e-008	3.1802e-008	2.9221e-008	2.8203e-008	2.5811e-008	2.3799e-008	2.1343e-008	1.9417e-008	1.742e-008	1.5635e-008	1.4497e-008	1.196e-008	1.0418e-008	9.1216e-009	6.8896e-009	6.8403e-009	5.6704e-009	5.6579e-009	5.0179e-009	4.6336e-009	5.0218e-009	4.8218e-009	4.0631e-009	4.2745e-009	4.534e-009	5.1154e-009	5.2021e-009	6.1528e-009	6.798e-009	8.0109e-009	9.9995e-009	1.4798e-008	1.8028e-008	2.2707e-008	2.7968e-008	3.2549e-008	3.9997e-008	4.6752e-008	5.4273e-008	6.0418e-008	6.6151e-008	7.0721e-008	7.4974e-008	7.8564e-008	8.1695e-008	8.5409e-008	8.7611e-008	8.962e-008	9.0324e-008	9.1496e-008	9.3044e-008	9.3563e-008	9.5171e-008	9.3771e-008	9.1696e-008	8.9012e-008	8.7062e-008	8.5405e-008	8.3631e-008	8.0639e-008	7.9288e-008	7.6743e-008	7.4391e-008	7.2788e-008	7.1778e-008	7.0677e-008	6.8382e-008	6.6599e-008	6.3909e-008	6.2123e-008	6.0112e-008	5.8869e-008	5.7798e-008	5.6277e-008	5.1791e-008	4.9026e-008	4.6462e-008	4.3536e-008	4.2389e-008	4.0654e-008	3.4858e-008	3.3676e-008	3.2464e-008	2.9179e-008	2.5509e-008	2.1556e-008	2.0273e-008	1.7765e-008	1.5258e-008	1.3269e-008	1.1052e-008	9.1659e-009	7.7358e-009	6.9368e-009	6.4671e-009	5.9958e-009	5.1045e-009	5.0558e-009	4.6372e-009	4.1408e-009	3.7784e-009	4.1308e-009	4.7878e-009	4.3031e-009	4.6365e-009	5.2223e-009	5.3697e-009	6.7461e-009	9.6172e-009	1.199e-008	1.4799e-008	1.8235e-008	2.0709e-008	2.61e-008	3.2981e-008	3.8991e-008	4.4728e-008	5.1542e-008	5.7964e-008	6.371e-008	7.0544e-008	7.6029e-008	8.0095e-008	8.4071e-008	8.6858e-008	8.941e-008	9.242e-008	9.3371e-008	9.6037e-008	9.7205e-008	9.8537e-008
2.4884e-009	2.5645e-009	2.6261e-009	2.555e-009	2.8513e-009	2.9015e-009	3.0152e-009	3.5564e-009	5.2337e-009	6.8352e-009	9.7228e-009	1.5009e-008	2.2214e-008	2.9516e-008	3.6368e-008	4.2587e-008	4.9574e-008	5.6518e-008	6.2982e-008	6.7634e-008	7.1829e-008	7.5907e-008	7.9733e-008	8.1679e-008	8.3677e-008	8.5116e-008	8.6646e-008	8.6969e-008	8.7515e-008	8.7847e-008	8.8466e-008	8.8593e-008	8.9264e-008	8.7714e-008	8.6361e-008	8.4443e-008	8.4368e-008	8.401e-008	8.199e-008	8.0414e-008	7.5153e-008	7.2364e-008	7.0049e-008	6.8876e-008	6.7108e-008	6.2137e-008	6.1649e-008	6.0706e-008	5.858e-008	5.7197e-008	5.2289e-008	4.9871e-008	4.8827e-008	4.7736e-008	4.4818e-008	4.0522e-008	3.966e-008	3.5349e-008	3.4977e-008	3.3177e-008	3.0762e-008	2.9001e-008	2.7693e-008	2.5448e-008	2.2814e-008	2.1772e-008	1.9639e-008	1.8062e-008	1.6138e-008	1.4373e-008	1.1444e-008	1.0123e-008	8.7464e-009	7.6621e-009	5.4653e-009	4.5483e-009	4.276e-009	4.1008e-009	3.7113e-009	3.7784e-009	3.4484e-009	3.657e-009	4.3335e-009	4.0592e-009	4.1093e-009	5.1866e-009	7.3558e-009	9.2156e-009	1.1809e-008	1.5148e-008	1.8943e-008	2.1325e-008	2.6654e-008	3.1789e-008	3.5313e-008	4.231e-008	5.017e-008	5.5626e-008	6.1047e-008	6.2367e-008	7.0005e-008	7.2543e-008	7.5573e-008	7.8232e-008	8.2358e-008	8.6581e-008	8.7891e-008	8.9176e-008	9.018e-008	8.973e-008	8.9663e-008	8.9482e-008	8.8553e-008	8.7634e-008	8.7007e-008	8.58e-008	8.4421e-008	8.1429e-008	8.0022e-008	7.8159e-008	7.628e-008	7.4175e-008	7.3193e-008	7.1075e-008	6.9761e-008	6.6991e-008	6.4423e-008	6.2847e-008	6.0344e-008	5.9217e-008	5.9058e-008	5.8316e-008	5.4491e-008	5.1854e-008	4.9729e-008	4.778e-008	4.2189e-008	4.1095e-008	4.0395e-008	3.7387e-008	3.4227e-008	3.144e-008	3.0213e-008	2.7397e-008	2.4969e-008	2.3478e-008	2.1211e-008	1.7967e-008	1.5705e-008	1.4351e-008	1.2306e-008	9.6949e-009	8.1287e-009	6.6892e-009	5.6297e-009	5.2613e-009	4.8015e-009	4.7547e-009	4.1793e-009	4.1681e-009	4.1894e-009	4.1241e-009	4.2145e-009	4.6401e-009	4.9236e-009	4.7124e-009	4.8799e-009	5.5173e-009	6.0322e-009	7.6498e-009	9.1985e-009	1.2185e-008	1.7107e-008	2.28e-008	2.8509e-008	3.4006e-008	4.0568e-008	4.8217e-008	5.5138e-008	6.1383e-008	6.7562e-008	7.3917e-008	7.7891e-008	8.258e-008	8.4844e-008	8.8998e-008	9.0987e-008	9.2141e-008	9.4111e-008	9.5322e-008	9.6226e-008	9.6855e-008	9.6799e-008	9.719e-008	9.6909e-008	9.4771e-008	9.0955e-008	8.8874e-008	8.5091e-008	8.3107e-008	8.2288e-008	8.0933e-008	7.7241e-008	7.4292e-008	7.1617e-008	7.0074e-008	6.8017e-008	6.4597e-008	6.3206e-008	6.0911e-008	5.9062e-008	5.6289e-008	5.0382e-008	4.9535e-008	4.789e-008	4.5369e-008	4.3385e-008	3.9765e-008	3.7301e-008	3.4253e-008	3.2396e-008	3.0206e-008	2.7399e-008	2.5176e-008	2.1976e-008	1.9357e-008	1.5734e-008	1.4694e-008	1.1954e-008	1.0064e-008	7.763e-009	5.722e-009	5.4466e-009	5.1236e-009	4.6329e-009	4.5844e-009	4.0702e-009	3.5779e-009	3.6751e-009	3.8644e-009	4.4985e-009	4.1891e-009	4.424e-009	4.4429e-009	4.8575e-009	4.9597e-009	4.9327e-009	5.3688e-009	5.6789e-009	6.5958e-009	8.2361e-009	1.0703e-008	1.5791e-008	2.2062e-008	2.9043e-008	3.7547e-008	4.3826e-008	5.0367e-008	5.7348e-008	6.3713e-008	6.9562e-008	7.3262e-008	7.9583e-008	8.2833e-008	8.5455e-008	8.8418e-008	9.0999e-008	9.2841e-008	9.3519e-008	9.45e-008	9.5214e-008	9.5624e-008	9.5795e-008	9.5751e-008	9.4707e-008	9.2478e-008	9.1305e-008	8.97e-008	8.6197e-008	8.562e-008	8.4673e-008	8.1493e-008	7.9491e-008	7.6338e-008	7.3926e-008	7.1795e-008	7.0411e-008	6.8722e-008	6.7942e-008	6.3799e-008	5.9687e-008	5.7666e-008	5.4388e-008	5.232e-008	5.0634e-008	4.8588e-008	4.6738e-008	4.381e-008	3.8368e-008	3.6624e-008	3.4647e-008	3.269e-008	3.092e-008	2.8569e-008	2.5345e-008	2.2415e-008	1.8685e-008	1.8325e-008	1.6351e-008	1.3648e-008	1.0614e-008	8.9592e-009	7.5166e-009	6.2492e-009	5.5992e-009	5.1165e-009	5.1572e-009	4.3967e-009	4.0546e-009	4.4485e-009	4.5507e-009	4.6471e-009	4.7533e-009	4.6703e-009	5.2324e-009	5.0753e-009	5.1597e-009	6.7942e-009	8.1238e-009	1.2131e-008	1.4835e-008	1.8953e-008	2.2522e-008	2.742e-008	3.1269e-008	3.7517e-008	4.3518e-008	5.2035e-008	5.6502e-008	6.3641e-008	6.6914e-008	7.1055e-008	7.4731e-008	7.741e-008	8.1242e-008	8.4841e-008	8.8211e-008	9.0095e-008	9.1345e-008	9.1952e-008	9.2227e-008	9.2366e-008	9.3063e-008	9.3419e-008	9.3096e-008	9.2619e-008	9.1702e-008	9.0388e-008	8.6839e-008	8.5564e-008	8.1954e-008	8.0063e-008	7.8473e-008	7.7244e-008	7.5178e-008	7.3656e-008	7.1476e-008	6.776e-008	6.568e-008	6.3944e-008	6.1978e-008	5.8891e-008	5.6919e-008	5.3632e-008	4.9737e-008	4.8435e-008	4.6993e-008	4.4079e-008	3.6932e-008	3.741e-008	3.6549e-008	3.3146e-008	3.0794e-008	2.9648e-008	2.863e-008	2.5758e-008	2.393e-008	2.0743e-008	1.8561e-008	1.7149e-008	1.5572e-008	1.4443e-008	1.2317e-008	1.0457e-008	8.9578e-009	7.3796e-009	6.4581e-009	5.8555e-009	5.5535e-009	5.0328e-009	5.164e-009	4.8274e-009	4.1928e-009	3.966e-009	4.0361e-009	4.4712e-009	4.7981e-009	5.3203e-009	6.0295e-009	6.6576e-009	7.1937e-009	1.0087e-008	1.4147e-008	1.7951e-008	2.1193e-008	2.7519e-008	3.2536e-008	3.9554e-008	4.7608e-008	5.4737e-008	5.9831e-008	6.6272e-008	7.0834e-008	7.682e-008	8.0252e-008	8.2132e-008	8.456e-008	8.6068e-008	8.8734e-008	9.0271e-008	9.1528e-008	9.2126e-008	9.2558e-008	9.2826e-008	9.2281e-008	9.0989e-008	8.8144e-008	8.665e-008	8.5347e-008	8.3276e-008	8.1233e-008	7.8961e-008	7.767e-008	7.4544e-008	7.2869e-008	7.0855e-008	7.0017e-008	6.8065e-008	6.5763e-008	6.3601e-008	6.1534e-008	5.896e-008	5.863e-008	5.7156e-008	5.5583e-008	5.1737e-008	4.9639e-008	4.5532e-008	4.323e-008	4.1331e-008	3.9721e-008	3.5693e-008	3.3652e-008	3.1882e-008	2.6524e-008	2.322e-008	2.2114e-008	1.9425e-008	1.7722e-008	1.5047e-008	1.2872e-008	1.0659e-008	9.4022e-009	7.3384e-009	6.5937e-009	5.9721e-009	5.7503e-009	4.9903e-009	4.8121e-009	4.848e-009	4.8404e-009	4.44e-009	4.1109e-009	4.3865e-009	4.4517e-009	5.0891e-009	5.2121e-009	6.0019e-009	6.9648e-009	8.9801e-009	1.2188e-008	1.4137e-008	1.6902e-008	2.1623e-008	2.7326e-008	3.3785e-008	4.0046e-008	4.6214e-008	5.2055e-008	5.883e-008	6.538e-008	7.095e-008	7.6062e-008	8.0371e-008	8.3484e-008	8.7299e-008	8.9706e-008	9.2113e-008	9.3586e-008	9.5462e-008	9.6307e-008	9.6974e-008
2.2668e-009	2.6162e-009	2.5809e-009	2.0427e-009	2.5271e-009	3.0209e-009	3.3226e-009	4.142e-009	5.2735e-009	7.1358e-009	9.739e-009	1.5429e-008	2.1981e-008	2.9582e-008	3.5849e-008	4.2359e-008	4.8415e-008	5.5705e-008	6.2361e-008	6.648e-008	7.2089e-008	7.4926e-008	7.8366e-008	8.1766e-008	8.4562e-008	8.5414e-008	8.6718e-008	8.7075e-008	8.758e-008	8.8406e-008	8.8903e-008	8.8817e-008	8.9131e-008	8.8358e-008	8.7117e-008	8.5896e-008	8.4742e-008	8.3286e-008	8.1737e-008	8.1108e-008	7.9583e-008	7.5353e-008	7.303e-008	6.9849e-008	6.9254e-008	6.5235e-008	6.1972e-008	6.0708e-008	5.9853e-008	5.8088e-008	5.2418e-008	5.0886e-008	4.8484e-008	4.7155e-008	4.4654e-008	4.1938e-008	3.9284e-008	3.7028e-008	3.508e-008	3.3601e-008	3.0808e-008	2.8665e-008	2.7451e-008	2.5399e-008	2.3212e-008	2.1373e-008	1.9686e-008	1.7443e-008	1.6208e-008	1.3522e-008	1.1316e-008	8.7696e-009	7.5299e-009	6.3116e-009	5.0092e-009	4.6032e-009	4.1703e-009	3.9665e-009	3.7159e-009	4.0235e-009	3.4648e-009	3.9246e-009	4.2535e-009	4.6301e-009	4.4621e-009	5.4308e-009	7.4459e-009	9.6259e-009	1.1604e-008	1.5008e-008	1.8047e-008	2.3275e-008	2.7063e-008	3.1383e-008	3.5117e-008	4.2063e-008	4.9844e-008	5.5836e-008	6.1195e-008	6.5061e-008	6.8789e-008	7.1679e-008	7.588e-008	7.8866e-008	8.3397e-008	8.6262e-008	8.8115e-008	8.8788e-008	9.039e-008	9.0118e-008	8.9896e-008	8.9667e-008	8.8514e-008	8.8379e-008	8.6644e-008	8.6688e-008	8.3586e-008	8.1714e-008	7.9264e-008	7.7626e-008	7.5591e-008	7.3963e-008	7.2895e-008	7.1199e-008	6.9469e-008	6.6875e-008	6.5424e-008	6.2235e-008	6.0878e-008	5.9762e-008	5.9473e-008	5.6747e-008	5.536e-008	5.1137e-008	4.9913e-008	4.8663e-008	4.4112e-008	4.2305e-008	3.8641e-008	3.6838e-008	3.5076e-008	3.3132e-008	3.0006e-008	2.7519e-008	2.4915e-008	2.312e-008	1.9991e-008	1.8732e-008	1.668e-008	1.4152e-008	1.1408e-008	9.3353e-009	8.0656e-009	6.9514e-009	5.2735e-009	5.5851e-009	5.9907e-009	5.2486e-009	4.7948e-009	4.6941e-009	4.8041e-009	4.1902e-009	4.1762e-009	4.9948e-009	5.5856e-009	5.2557e-009	5.3902e-009	5.9496e-009	6.4537e-009	7.647e-009	9.7245e-009	1.2567e-008	1.7276e-008	2.2999e-008	2.9014e-008	3.4361e-008	4.039e-008	4.8684e-008	5.6488e-008	6.3866e-008	6.8882e-008	7.5161e-008	7.9661e-008	8.3767e-008	8.6078e-008	8.9886e-008	9.1352e-008	9.2959e-008	9.4168e-008	9.5062e-008	9.6032e-008	9.7019e-008	9.6845e-008	9.6257e-008	9.5568e-008	9.4226e-008	9.2638e-008	8.8677e-008	8.6192e-008	8.4453e-008	8.2619e-008	8.0441e-008	7.7636e-008	7.517e-008	7.2197e-008	7.0776e-008	6.8839e-008	6.5861e-008	6.3021e-008	6.0918e-008	5.8468e-008	5.6313e-008	5.1007e-008	4.9224e-008	4.7365e-008	4.4085e-008	4.2549e-008	4.0302e-008	3.7787e-008	3.4984e-008	3.3176e-008	2.9039e-008	2.7536e-008	2.3875e-008	2.1558e-008	1.8172e-008	1.5748e-008	1.4242e-008	1.2358e-008	9.9509e-009	7.545e-009	6.1902e-009	5.9258e-009	5.2883e-009	5.126e-009	4.5813e-009	4.3244e-009	4.167e-009	4.0337e-009	4.0847e-009	4.535e-009	5.0517e-009	4.9968e-009	4.8994e-009	4.5764e-009	5.333e-009	5.1578e-009	5.8203e-009	5.8156e-009	6.4241e-009	7.8961e-009	1.0637e-008	1.7069e-008	2.4684e-008	3.2184e-008	3.777e-008	4.4011e-008	5.0911e-008	5.7598e-008	6.4164e-008	6.9959e-008	7.5257e-008	7.8261e-008	8.216e-008	8.675e-008	8.8525e-008	9.0605e-008	9.2495e-008	9.3389e-008	9.4974e-008	9.5598e-008	9.6043e-008	9.5586e-008	9.526e-008	9.5056e-008	9.2739e-008	9.0478e-008	8.9041e-008	8.8013e-008	8.5449e-008	8.4195e-008	8.2088e-008	7.7695e-008	7.5936e-008	7.426e-008	7.2034e-008	7.0289e-008	6.8407e-008	6.7576e-008	6.5428e-008	5.8544e-008	5.6746e-008	5.5116e-008	5.2996e-008	5.084e-008	4.9082e-008	4.6034e-008	4.3591e-008	4.0159e-008	3.6273e-008	3.3512e-008	3.2825e-008	3.1332e-008	2.7658e-008	2.5109e-008	2.1608e-008	2.006e-008	1.8189e-008	1.5601e-008	1.3557e-008	1.1076e-008	9.4096e-009	7.94e-009	6.6289e-009	5.9629e-009	5.8243e-009	4.9491e-009	4.3731e-009	4.093e-009	4.5846e-009	4.6012e-009	4.832e-009	5.0043e-009	5.1349e-009	5.3093e-009	5.6326e-009	6.2446e-009	8.1221e-009	9.4445e-009	1.2677e-008	1.5715e-008	1.9523e-008	2.2465e-008	2.6865e-008	3.1591e-008	3.6622e-008	4.3781e-008	4.9586e-008	5.4801e-008	6.3419e-008	6.6574e-008	7.009e-008	7.3816e-008	7.6513e-008	8.1096e-008	8.5038e-008	8.6855e-008	9.027e-008	9.0871e-008	9.1601e-008	9.2178e-008	9.2663e-008	9.2935e-008	9.2367e-008	9.2402e-008	9.2036e-008	9.1348e-008	9.0137e-008	8.8367e-008	8.4879e-008	8.2807e-008	8.0549e-008	7.8448e-008	7.6846e-008	7.5688e-008	7.4526e-008	7.1674e-008	6.8231e-008	6.543e-008	6.3947e-008	6.1601e-008	5.9319e-008	5.6828e-008	5.3865e-008	5.0363e-008	4.8811e-008	4.5483e-008	4.4222e-008	3.9838e-008	3.871e-008	3.6074e-008	3.342e-008	3.0884e-008	2.9495e-008	2.8732e-008	2.6642e-008	2.3985e-008	2.0698e-008	1.9091e-008	1.7698e-008	1.5844e-008	1.437e-008	1.2538e-008	1.0511e-008	9.2852e-009	7.4437e-009	6.4963e-009	5.9295e-009	5.4856e-009	5.3187e-009	5.3379e-009	5.063e-009	4.7192e-009	4.5987e-009	4.5696e-009	4.8437e-009	5.1376e-009	5.5185e-009	6.454e-009	7.3216e-009	8.6971e-009	1.1354e-008	1.4198e-008	1.8454e-008	2.3064e-008	2.7151e-008	3.1978e-008	4.0179e-008	4.9316e-008	5.6548e-008	6.2558e-008	6.7234e-008	6.9803e-008	7.7083e-008	8.0287e-008	8.2116e-008	8.4068e-008	8.5793e-008	8.8387e-008	8.951e-008	9.0778e-008	9.136e-008	9.2665e-008	9.3128e-008	9.2206e-008	9.1038e-008	8.8227e-008	8.6909e-008	8.5515e-008	8.3747e-008	8.154e-008	7.9884e-008	7.7088e-008	7.4853e-008	7.3205e-008	7.1698e-008	6.9954e-008	6.7207e-008	6.6015e-008	6.4061e-008	6.2242e-008	6.0765e-008	5.8038e-008	5.6427e-008	5.4725e-008	5.1412e-008	5.0248e-008	4.5609e-008	4.2686e-008	4.187e-008	4.0307e-008	3.7413e-008	3.2234e-008	3.0759e-008	2.7502e-008	2.5317e-008	2.2226e-008	1.9414e-008	1.7727e-008	1.5048e-008	1.2052e-008	1.0292e-008	8.5913e-009	7.1113e-009	6.2658e-009	5.6654e-009	5.1611e-009	5.278e-009	4.8779e-009	4.8797e-009	5.0138e-009	4.8333e-009	4.6862e-009	4.8455e-009	4.9288e-009	5.1013e-009	5.3619e-009	6.3846e-009	7.7862e-009	9.6132e-009	1.1558e-008	1.5359e-008	1.8427e-008	2.2798e-008	2.7102e-008	3.4648e-008	3.9467e-008	4.69e-008	5.436e-008	6.0354e-008	6.7473e-008	7.2956e-008	7.5537e-008	7.9709e-008	8.3858e-008	8.7127e-008	8.926e-008	9.1615e-008	9.3852e-008	9.478e-008	9.5976e-008	9.681e-008
1.8481e-009	2.0376e-009	2.3035e-009	2.3381e-009	2.3679e-009	2.3467e-009	2.9923e-009	3.5654e-009	4.9974e-009	6.8881e-009	9.0214e-009	1.3644e-008	2.0501e-008	2.7575e-008	3.4364e-008	4.1617e-008	4.8302e-008	5.527e-008	6.1013e-008	6.6514e-008	7.1724e-008	7.4008e-008	7.7502e-008	8.2679e-008	8.4836e-008	8.6495e-008	8.7513e-008	8.7125e-008	8.8216e-008	8.8808e-008	8.8637e-008	8.8738e-008	8.8908e-008	8.8236e-008	8.7147e-008	8.54e-008	8.4354e-008	8.2972e-008	8.1714e-008	8.1181e-008	7.9532e-008	7.6502e-008	7.3822e-008	7.136e-008	6.9965e-008	6.6601e-008	6.312e-008	6.146e-008	6.0615e-008	5.534e-008	5.1582e-008	5.1287e-008	4.792e-008	4.6916e-008	4.4242e-008	4.1708e-008	3.8529e-008	3.5902e-008	3.5284e-008	3.3048e-008	3.0664e-008	2.7491e-008	2.651e-008	2.4783e-008	2.3624e-008	2.1432e-008	1.9657e-008	1.7568e-008	1.496e-008	1.1738e-008	1.0873e-008	8.1918e-009	6.672e-009	5.3447e-009	4.7093e-009	4.2222e-009	3.9087e-009	3.7872e-009	3.4182e-009	3.712e-009	3.6435e-009	3.607e-009	3.8338e-009	3.7868e-009	4.1357e-009	4.9691e-009	7.3415e-009	9.4025e-009	1.1804e-008	1.4835e-008	1.8119e-008	2.2018e-008	2.504e-008	2.9957e-008	3.4848e-008	4.067e-008	4.8846e-008	5.6508e-008	6.0778e-008	6.5598e-008	6.859e-008	7.368e-008	7.6031e-008	8.0406e-008	8.2884e-008	8.5246e-008	8.719e-008	8.9144e-008	9.0202e-008	9.0582e-008	9.0622e-008	8.9897e-008	8.8839e-008	8.8741e-008	8.8507e-008	8.7497e-008	8.4133e-008	8.1462e-008	7.9672e-008	7.7986e-008	7.5169e-008	7.4319e-008	7.2357e-008	7.0551e-008	6.9309e-008	6.589e-008	6.4878e-008	6.241e-008	6.0631e-008	5.9317e-008	5.9148e-008	5.7781e-008	5.3495e-008	5.1946e-008	4.9594e-008	4.8308e-008	4.6101e-008	4.1552e-008	3.8712e-008	3.6845e-008	3.486e-008	3.216e-008	2.9769e-008	2.6989e-008	2.5259e-008	2.3504e-008	2.126e-008	1.7597e-008	1.5586e-008	1.3953e-008	1.106e-008	9.7963e-009	7.6047e-009	6.5767e-009	6.0566e-009	5.9576e-009	5.7173e-009	4.8856e-009	4.7109e-009	4.2618e-009	4.2384e-009	4.0828e-009	4.2987e-009	4.9397e-009	5.2664e-009	5.0861e-009	5.3022e-009	5.3734e-009	5.9376e-009	6.9419e-009	9.4065e-009	1.2174e-008	1.6066e-008	2.1096e-008	2.7595e-008	3.3986e-008	4.0595e-008	4.9163e-008	5.8307e-008	6.4551e-008	6.8883e-008	7.4026e-008	8.037e-008	8.2673e-008	8.7074e-008	9.0199e-008	9.1662e-008	9.2687e-008	9.3773e-008	9.5183e-008	9.5942e-008	9.6929e-008	9.6868e-008	9.6629e-008	9.6142e-008	9.4854e-008	9.2556e-008	8.7974e-008	8.6394e-008	8.416e-008	8.2412e-008	7.9228e-008	7.7616e-008	7.4125e-008	7.3165e-008	7.1824e-008	7.0127e-008	6.8298e-008	6.4039e-008	6.0855e-008	5.8622e-008	5.6717e-008	5.1996e-008	4.7973e-008	4.5906e-008	4.4282e-008	4.2173e-008	4.035e-008	3.8029e-008	3.4633e-008	3.2826e-008	3.0755e-008	2.7891e-008	2.5622e-008	2.2612e-008	1.7649e-008	1.5861e-008	1.413e-008	1.1745e-008	7.9694e-009	6.5687e-009	5.8411e-009	5.4922e-009	5.066e-009	4.5257e-009	4.163e-009	3.9759e-009	3.8336e-009	4.056e-009	4.3651e-009	4.5416e-009	4.9265e-009	5.2613e-009	4.4346e-009	4.2206e-009	4.6573e-009	4.8216e-009	5.497e-009	5.7585e-009	5.8199e-009	7.7585e-009	1.1329e-008	1.6692e-008	2.4108e-008	3.0422e-008	3.7786e-008	4.3731e-008	5.0085e-008	5.764e-008	6.4564e-008	7.0259e-008	7.5048e-008	7.9725e-008	8.3926e-008	8.5806e-008	8.887e-008	9.0497e-008	9.1179e-008	9.3382e-008	9.5376e-008	9.5838e-008	9.626e-008	9.5758e-008	9.5062e-008	9.4919e-008	9.2157e-008	9.0463e-008	8.8659e-008	8.753e-008	8.4848e-008	8.3086e-008	7.8527e-008	7.7054e-008	7.5821e-008	7.3626e-008	7.1478e-008	7.025e-008	6.8362e-008	6.7301e-008	6.3238e-008	5.79e-008	5.6316e-008	5.5356e-008	5.3016e-008	5.1373e-008	4.8526e-008	4.7158e-008	4.4045e-008	4.078e-008	3.8093e-008	3.5432e-008	3.3583e-008	3.1192e-008	2.7552e-008	2.5443e-008	2.4228e-008	2.1442e-008	1.901e-008	1.6511e-008	1.4347e-008	1.221e-008	1.0484e-008	7.7286e-009	6.8487e-009	5.6488e-009	5.5584e-009	5.0763e-009	4.0813e-009	4.2326e-009	4.5045e-009	4.487e-009	4.883e-009	4.8993e-009	5.1044e-009	5.1827e-009	5.8601e-009	6.764e-009	7.1441e-009	1.039e-008	1.2958e-008	1.5407e-008	1.971e-008	2.2757e-008	2.6545e-008	3.2039e-008	3.7494e-008	4.4076e-008	4.8803e-008	5.6082e-008	6.181e-008	6.7723e-008	7.1284e-008	7.3894e-008	7.6335e-008	7.923e-008	8.535e-008	8.8017e-008	8.9803e-008	9.0956e-008	9.2071e-008	9.2347e-008	9.2893e-008	9.3114e-008	9.2735e-008	9.212e-008	9.1679e-008	9.0964e-008	8.9559e-008	8.7523e-008	8.3712e-008	8.2127e-008	8.1271e-008	7.868e-008	7.681e-008	7.4804e-008	7.2284e-008	7.0927e-008	6.8561e-008	6.688e-008	6.4734e-008	6.0463e-008	5.8056e-008	5.6802e-008	5.351e-008	5.1256e-008	4.9005e-008	4.5784e-008	4.3868e-008	4.0788e-008	3.8421e-008	3.4779e-008	3.2419e-008	3.0721e-008	3.0452e-008	2.7942e-008	2.5692e-008	2.3748e-008	2.0277e-008	1.9343e-008	1.72e-008	1.5786e-008	1.4392e-008	1.1259e-008	1.1253e-008	1.0402e-008	8.2875e-009	6.6112e-009	6.2153e-009	5.6301e-009	5.1173e-009	5.1746e-009	5.0624e-009	4.9387e-009	4.8944e-009	4.9434e-009	5.282e-009	5.3591e-009	5.3037e-009	5.8737e-009	7.2009e-009	8.9781e-009	1.0827e-008	1.3905e-008	1.7577e-008	2.2821e-008	2.6572e-008	3.2683e-008	4.0797e-008	4.9692e-008	5.7475e-008	6.3955e-008	6.7637e-008	7.4055e-008	7.8193e-008	8.0409e-008	8.3235e-008	8.4153e-008	8.6756e-008	8.8256e-008	8.9519e-008	9.0365e-008	9.1659e-008	9.1528e-008	9.1272e-008	9.2068e-008	9.1242e-008	8.9598e-008	8.7179e-008	8.5208e-008	8.3814e-008	8.1777e-008	7.9998e-008	7.7303e-008	7.5461e-008	7.2935e-008	7.0793e-008	6.9608e-008	6.7871e-008	6.6078e-008	6.3387e-008	6.1522e-008	5.9288e-008	5.7319e-008	5.5148e-008	5.3495e-008	5.1489e-008	4.9578e-008	4.7407e-008	4.1703e-008	4.1354e-008	3.7828e-008	3.3866e-008	3.1787e-008	2.991e-008	2.8281e-008	2.4488e-008	2.3065e-008	1.9277e-008	1.7909e-008	1.5067e-008	1.0891e-008	9.446e-009	7.6774e-009	6.4401e-009	5.6432e-009	5.0427e-009	4.8527e-009	5.4171e-009	5.1628e-009	4.5297e-009	4.7074e-009	5.0167e-009	4.9527e-009	4.6989e-009	4.5786e-009	5.0934e-009	5.3199e-009	5.9085e-009	7.3089e-009	8.3893e-009	1.1501e-008	1.4893e-008	1.7368e-008	2.2466e-008	2.7044e-008	3.3951e-008	4.0632e-008	4.7592e-008	5.686e-008	6.2554e-008	6.9084e-008	7.2665e-008	7.8877e-008	8.1149e-008	8.358e-008	8.6538e-008	8.9322e-008	9.0365e-008	9.335e-008	9.4326e-008	9.5713e-008	9.6112e-008
1.9926e-009	2.3261e-009	2.5893e-009	2.6305e-009	2.5657e-009	2.5377e-009	2.5478e-009	3.5802e-009	4.875e-009	6.4181e-009	9.7596e-009	1.3471e-008	1.9373e-008	2.7017e-008	3.3696e-008	4.1107e-008	4.7538e-008	5.4701e-008	6.0599e-008	6.5453e-008	7.0732e-008	7.3657e-008	7.8033e-008	8.1644e-008	8.5027e-008	8.6874e-008	8.7874e-008	8.8792e-008	8.9345e-008	8.9262e-008	8.9333e-008	8.9599e-008	8.8417e-008	8.8121e-008	8.7239e-008	8.5699e-008	8.4588e-008	8.3778e-008	8.1687e-008	8.0746e-008	7.8542e-008	7.5197e-008	7.3903e-008	7.2312e-008	6.9837e-008	6.8076e-008	6.572e-008	6.2914e-008	6.0672e-008	5.7726e-008	5.4696e-008	5.0725e-008	4.9299e-008	4.7483e-008	4.5386e-008	4.1615e-008	3.7745e-008	3.6598e-008	3.5082e-008	3.1873e-008	3.0309e-008	2.875e-008	2.6741e-008	2.5199e-008	2.1985e-008	2.0433e-008	1.9114e-008	1.7188e-008	1.4257e-008	1.1949e-008	9.4536e-009	7.604e-009	5.6224e-009	4.7902e-009	4.5662e-009	3.7857e-009	3.8018e-009	3.6345e-009	3.0843e-009	3.4066e-009	3.7863e-009	3.5014e-009	3.8902e-009	3.9571e-009	3.8866e-009	4.8284e-009	6.7704e-009	9.283e-009	1.1321e-008	1.4117e-008	1.6705e-008	2.144e-008	2.3117e-008	2.9841e-008	3.4814e-008	4.0572e-008	4.8166e-008	5.5121e-008	6.2624e-008	6.6593e-008	7.1044e-008	7.4572e-008	7.7784e-008	8.0459e-008	8.2266e-008	8.551e-008	8.7346e-008	8.8894e-008	8.9984e-008	9.0667e-008	9.0809e-008	8.99e-008	8.9506e-008	8.882e-008	8.8638e-008	8.7619e-008	8.4812e-008	8.2545e-008	8.0105e-008	7.7724e-008	7.5864e-008	7.3217e-008	7.2025e-008	6.9958e-008	6.8575e-008	6.6871e-008	6.4937e-008	6.2932e-008	6.0687e-008	5.9768e-008	5.9095e-008	5.6685e-008	5.1554e-008	5.1124e-008	4.9097e-008	4.706e-008	4.3282e-008	4.0294e-008	3.8501e-008	3.5231e-008	3.4363e-008	3.1876e-008	3.075e-008	2.6631e-008	2.4405e-008	2.2221e-008	1.9539e-008	1.692e-008	1.5532e-008	1.3312e-008	1.1296e-008	9.2948e-009	7.7357e-009	6.3708e-009	5.7383e-009	5.4513e-009	5.0668e-009	4.9174e-009	4.4394e-009	4.1403e-009	4.2364e-009	4.4752e-009	3.9474e-009	4.2555e-009	4.5506e-009	4.7312e-009	5.2812e-009	5.4444e-009	5.9539e-009	7.7187e-009	9.5405e-009	1.2455e-008	1.6257e-008	2.0588e-008	2.6955e-008	3.4264e-008	4.1026e-008	4.9711e-008	5.8299e-008	6.464e-008	7.0255e-008	7.5645e-008	8.0991e-008	8.3141e-008	8.7714e-008	9.0819e-008	9.1706e-008	9.3262e-008	9.4326e-008	9.5107e-008	9.5757e-008	9.6341e-008	9.7333e-008	9.7217e-008	9.722e-008	9.4886e-008	9.2438e-008	8.842e-008	8.4966e-008	8.3872e-008	8.1869e-008	7.8638e-008	7.7411e-008	7.4661e-008	7.3484e-008	7.2037e-008	6.9783e-008	6.8127e-008	6.458e-008	5.9964e-008	5.9103e-008	5.6688e-008	5.5594e-008	4.9844e-008	4.6543e-008	4.4832e-008	4.2638e-008	4.0995e-008	3.8663e-008	3.6005e-008	3.3227e-008	3.0586e-008	2.8723e-008	2.4315e-008	2.1266e-008	1.8876e-008	1.5441e-008	1.3982e-008	1.1149e-008	8.8852e-009	6.0567e-009	5.5434e-009	5.0812e-009	4.8806e-009	4.9104e-009	4.1676e-009	3.8553e-009	3.6143e-009	4.0793e-009	4.0282e-009	4.0806e-009	4.3317e-009	4.6974e-009	4.5515e-009	4.5583e-009	4.8119e-009	4.9917e-009	5.9265e-009	5.777e-009	6.7405e-009	7.8754e-009	1.1287e-008	1.6317e-008	2.2728e-008	3.047e-008	3.7153e-008	4.3958e-008	4.9965e-008	5.7393e-008	6.3124e-008	7.0675e-008	7.5743e-008	7.9526e-008	8.3688e-008	8.668e-008	8.8889e-008	9.0517e-008	9.1719e-008	9.4274e-008	9.513e-008	9.5734e-008	9.6109e-008	9.5554e-008	9.4707e-008	9.4064e-008	9.2377e-008	9.0662e-008	8.8624e-008	8.6147e-008	8.4485e-008	8.2588e-008	8.0744e-008	7.8152e-008	7.6908e-008	7.4376e-008	7.2792e-008	7.0461e-008	6.8839e-008	6.7239e-008	6.4974e-008	6.0068e-008	5.7674e-008	5.5043e-008	5.2522e-008	5.1057e-008	4.9209e-008	4.5866e-008	3.9883e-008	3.9431e-008	3.7796e-008	3.4847e-008	3.4018e-008	3.0352e-008	2.943e-008	2.5331e-008	2.3811e-008	2.2242e-008	2.0278e-008	1.6097e-008	1.4292e-008	1.2665e-008	9.9103e-009	8.4292e-009	6.7224e-009	5.5925e-009	4.657e-009	4.5512e-009	4.1905e-009	4.3637e-009	4.3701e-009	4.789e-009	4.9138e-009	4.9698e-009	5.2977e-009	5.3218e-009	5.9321e-009	6.7413e-009	8.2679e-009	1.0505e-008	1.2468e-008	1.6172e-008	2.0363e-008	2.2991e-008	2.6647e-008	3.2742e-008	3.9042e-008	4.5496e-008	5.134e-008	5.7357e-008	6.4255e-008	6.8641e-008	7.1733e-008	7.3607e-008	7.6323e-008	8.1534e-008	8.4339e-008	8.7933e-008	8.9309e-008	9.1672e-008	9.2633e-008	9.2801e-008	9.3313e-008	9.3617e-008	9.3081e-008	9.2343e-008	9.1636e-008	9.0906e-008	8.9615e-008	8.8508e-008	8.5941e-008	8.2665e-008	8.0387e-008	7.8846e-008	7.6748e-008	7.4406e-008	7.1646e-008	7.058e-008	6.9139e-008	6.7725e-008	6.5941e-008	5.8102e-008	5.8802e-008	5.7041e-008	5.3586e-008	5.193e-008	4.9211e-008	4.7249e-008	4.2479e-008	4.0562e-008	3.8781e-008	3.3853e-008	3.2483e-008	3.1043e-008	2.9862e-008	2.7446e-008	2.6097e-008	2.342e-008	2.1345e-008	1.893e-008	1.7206e-008	1.5504e-008	1.3805e-008	1.2294e-008	1.1599e-008	9.0837e-009	7.2685e-009	5.98e-009	5.9425e-009	5.3549e-009	4.7581e-009	5.0115e-009	5.1056e-009	4.6365e-009	5.0279e-009	4.9527e-009	4.8424e-009	5.1745e-009	5.3503e-009	5.9735e-009	7.266e-009	9.1157e-009	1.1851e-008	1.4146e-008	1.7719e-008	2.2604e-008	2.7021e-008	3.2718e-008	4.2023e-008	5.057e-008	5.859e-008	6.3091e-008	6.8814e-008	7.5306e-008	7.8397e-008	8.1345e-008	8.3881e-008	8.5732e-008	8.7314e-008	8.8749e-008	8.9927e-008	9.1392e-008	9.1476e-008	9.0951e-008	9.0783e-008	9.1491e-008	9.1158e-008	8.9421e-008	8.7295e-008	8.4684e-008	8.3288e-008	8.2019e-008	8.0107e-008	7.7326e-008	7.4692e-008	7.2713e-008	7.109e-008	6.8585e-008	6.7838e-008	6.525e-008	6.217e-008	5.9983e-008	5.7973e-008	5.6905e-008	5.5709e-008	5.3048e-008	5.1176e-008	4.9473e-008	4.8389e-008	4.4866e-008	4.1026e-008	3.8455e-008	3.5042e-008	3.0334e-008	2.9901e-008	2.7861e-008	2.4494e-008	2.1234e-008	1.9316e-008	1.6152e-008	1.3939e-008	1.1155e-008	8.6755e-009	7.2557e-009	5.8998e-009	5.4717e-009	4.8617e-009	4.688e-009	5.5031e-009	5.0077e-009	4.5825e-009	4.69e-009	5.081e-009	4.687e-009	4.0359e-009	4.1131e-009	4.7148e-009	5.5155e-009	5.9458e-009	6.7674e-009	8.9487e-009	1.1889e-008	1.4798e-008	1.7877e-008	2.1876e-008	2.7661e-008	3.3699e-008	4.1081e-008	4.8581e-008	5.6917e-008	6.3452e-008	6.9663e-008	7.416e-008	7.8896e-008	8.1255e-008	8.3274e-008	8.6538e-008	8.8633e-008	9.0061e-008	9.2458e-008	9.4442e-008	9.5306e-008	9.5685e-008
1.8633e-009	2.2939e-009	2.6069e-009	2.4744e-009	2.4149e-009	2.1243e-009	2.6618e-009	3.2165e-009	4.068e-009	5.1865e-009	8.3099e-009	1.2857e-008	1.9012e-008	2.7435e-008	3.2721e-008	3.897e-008	4.6726e-008	5.3542e-008	6.0254e-008	6.5766e-008	6.8837e-008	7.4667e-008	7.6039e-008	7.9648e-008	8.4851e-008	8.6789e-008	8.8039e-008	8.8489e-008	8.8982e-008	8.9536e-008	8.9703e-008	8.9548e-008	8.9217e-008	8.7552e-008	8.672e-008	8.63e-008	8.5248e-008	8.3721e-008	8.2182e-008	8.0289e-008	7.9331e-008	7.6797e-008	7.452e-008	7.3093e-008	7.2645e-008	6.9259e-008	6.6319e-008	6.2385e-008	5.959e-008	5.6463e-008	5.412e-008	5.1977e-008	5.0058e-008	4.7663e-008	4.5253e-008	4.1626e-008	3.9231e-008	3.6895e-008	3.5035e-008	3.2487e-008	3.0312e-008	2.9177e-008	2.6065e-008	2.4606e-008	2.1989e-008	2.0243e-008	1.7795e-008	1.6457e-008	1.4056e-008	1.2131e-008	9.4276e-009	7.1947e-009	6.3262e-009	4.8103e-009	3.8173e-009	3.2851e-009	3.454e-009	3.4381e-009	3.3029e-009	2.968e-009	3.2707e-009	3.2352e-009	3.2759e-009	3.5798e-009	3.6467e-009	4.3149e-009	5.9409e-009	7.9489e-009	1.0427e-008	1.3622e-008	1.6569e-008	2.0714e-008	2.4578e-008	3.0611e-008	3.4442e-008	4.0375e-008	4.7986e-008	5.5618e-008	6.2939e-008	6.728e-008	7.1044e-008	7.3382e-008	7.8073e-008	8.0645e-008	8.1963e-008	8.5157e-008	8.6538e-008	8.9251e-008	9.0113e-008	9.0515e-008	9.0524e-008	9.0364e-008	9.0253e-008	8.9582e-008	8.9302e-008	8.7478e-008	8.4721e-008	8.3228e-008	7.937e-008	7.7383e-008	7.6411e-008	7.4406e-008	7.2064e-008	7.0723e-008	6.9363e-008	6.6597e-008	6.5881e-008	6.2739e-008	6.052e-008	5.859e-008	5.7646e-008	5.6384e-008	5.4079e-008	4.9753e-008	4.6622e-008	4.3834e-008	4.2691e-008	4.167e-008	3.9128e-008	3.6896e-008	3.4169e-008	3.1869e-008	3.0615e-008	2.5638e-008	2.4009e-008	2.1608e-008	1.8744e-008	1.7128e-008	1.4812e-008	1.2574e-008	1.023e-008	8.7755e-009	7.3168e-009	5.6706e-009	4.636e-009	4.9451e-009	5.0991e-009	4.7359e-009	4.9796e-009	4.2725e-009	4.3113e-009	4.3704e-009	4.5418e-009	4.3427e-009	4.6813e-009	4.5784e-009	5.2461e-009	6.1047e-009	6.123e-009	7.7824e-009	9.5696e-009	1.1016e-008	1.5144e-008	2.1169e-008	2.7039e-008	3.4454e-008	4.3895e-008	5.0034e-008	5.7429e-008	5.9452e-008	6.7586e-008	7.4507e-008	7.9708e-008	8.3394e-008	8.6899e-008	9.0912e-008	9.1903e-008	9.2688e-008	9.403e-008	9.4765e-008	9.5042e-008	9.5841e-008	9.7089e-008	9.7215e-008	9.611e-008	9.3818e-008	9.3162e-008	9.0299e-008	8.5269e-008	8.3324e-008	8.2011e-008	7.9508e-008	7.7663e-008	7.5719e-008	7.473e-008	7.2991e-008	6.9557e-008	6.8435e-008	6.5087e-008	6.0414e-008	5.9201e-008	5.7546e-008	5.4125e-008	5.2101e-008	4.812e-008	4.5714e-008	4.311e-008	4.1226e-008	3.8901e-008	3.6697e-008	3.384e-008	3.1259e-008	2.8025e-008	2.4997e-008	2.2615e-008	1.7424e-008	1.5492e-008	1.4407e-008	1.1644e-008	9.3565e-009	7.3345e-009	6.329e-009	5.7541e-009	5.284e-009	5.2667e-009	4.3425e-009	3.9877e-009	3.7686e-009	4.3583e-009	3.9655e-009	4.2557e-009	3.9633e-009	5.2833e-009	4.9569e-009	4.6204e-009	4.7094e-009	5.3217e-009	5.3606e-009	5.8849e-009	6.6712e-009	8.3156e-009	1.0314e-008	1.5256e-008	1.9823e-008	2.9978e-008	3.7415e-008	4.4114e-008	4.9697e-008	5.7714e-008	6.4532e-008	7.0555e-008	7.5671e-008	7.9113e-008	8.5018e-008	8.7408e-008	8.8674e-008	9.0031e-008	9.1034e-008	9.4203e-008	9.4896e-008	9.5069e-008	9.5763e-008	9.5076e-008	9.4097e-008	9.3476e-008	9.2806e-008	8.9911e-008	8.8315e-008	8.6543e-008	8.4903e-008	8.2732e-008	8.0365e-008	7.7984e-008	7.7e-008	7.5437e-008	7.2545e-008	7.0956e-008	6.8366e-008	6.67e-008	6.4357e-008	5.9844e-008	5.7771e-008	5.481e-008	5.3037e-008	5.0075e-008	4.8777e-008	4.2713e-008	3.9678e-008	3.9473e-008	3.8168e-008	3.6566e-008	3.4135e-008	2.8968e-008	2.7153e-008	2.6109e-008	2.4094e-008	2.1424e-008	2.0035e-008	1.7456e-008	1.4801e-008	1.2886e-008	1.0729e-008	8.8828e-009	6.9991e-009	5.6309e-009	4.5068e-009	4.4256e-009	3.8777e-009	4.5524e-009	5.0587e-009	5.2378e-009	4.9703e-009	5.1e-009	5.608e-009	5.8379e-009	6.2098e-009	6.6543e-009	9.0141e-009	1.1314e-008	1.2901e-008	1.7485e-008	1.9609e-008	2.3388e-008	2.7248e-008	3.3435e-008	3.9426e-008	4.5965e-008	5.1392e-008	5.7299e-008	6.3304e-008	6.75e-008	7.1969e-008	7.383e-008	7.7456e-008	8.1542e-008	8.4789e-008	8.6839e-008	9.0659e-008	9.1753e-008	9.2448e-008	9.2799e-008	9.336e-008	9.353e-008	9.2988e-008	9.2326e-008	9.1904e-008	9.0432e-008	8.9456e-008	8.808e-008	8.2263e-008	8.2176e-008	7.9804e-008	7.8127e-008	7.7215e-008	7.4526e-008	7.1755e-008	7.085e-008	6.9723e-008	6.7474e-008	6.4504e-008	5.9134e-008	5.866e-008	5.61e-008	5.4008e-008	5.181e-008	4.992e-008	4.7859e-008	4.2465e-008	3.9646e-008	3.7997e-008	3.5146e-008	3.2682e-008	3.205e-008	2.8775e-008	2.7111e-008	2.5635e-008	2.2495e-008	2.1006e-008	1.8777e-008	1.6753e-008	1.5023e-008	1.3828e-008	1.2053e-008	1.0484e-008	8.7323e-009	7.4353e-009	6.2396e-009	5.7345e-009	5.3114e-009	4.9427e-009	4.3863e-009	4.722e-009	4.6606e-009	5.29e-009	5.0135e-009	4.9193e-009	5.1014e-009	4.6796e-009	5.1704e-009	6.5471e-009	9.2901e-009	1.1234e-008	1.461e-008	1.762e-008	2.1532e-008	2.7276e-008	3.3215e-008	4.2434e-008	5.0307e-008	5.6531e-008	6.4123e-008	6.9245e-008	7.5711e-008	7.8776e-008	8.1964e-008	8.4649e-008	8.7038e-008	8.8127e-008	8.9552e-008	9.1265e-008	9.1974e-008	9.1539e-008	9.1563e-008	9.0735e-008	9.0806e-008	9.0749e-008	8.9791e-008	8.7718e-008	8.3947e-008	8.2329e-008	8.143e-008	7.895e-008	7.5216e-008	7.3926e-008	7.2207e-008	7.0422e-008	6.952e-008	6.8622e-008	6.5985e-008	6.2572e-008	6.0066e-008	5.8172e-008	5.6805e-008	5.5408e-008	5.3383e-008	5.1999e-008	4.8726e-008	4.7511e-008	4.4599e-008	4.174e-008	3.7398e-008	3.4284e-008	3.156e-008	2.9475e-008	2.7208e-008	2.5212e-008	2.2016e-008	1.9626e-008	1.6922e-008	1.3663e-008	1.0073e-008	7.9856e-009	7.2842e-009	5.9296e-009	4.9425e-009	4.827e-009	4.9062e-009	5.0238e-009	5.216e-009	4.8279e-009	4.7366e-009	4.8215e-009	4.4419e-009	3.9104e-009	4.0693e-009	4.5451e-009	5.4558e-009	5.591e-009	6.4153e-009	9.0186e-009	1.1444e-008	1.4351e-008	1.8224e-008	2.2675e-008	2.7079e-008	3.2971e-008	4.035e-008	4.8577e-008	5.6558e-008	6.2688e-008	6.8089e-008	7.3319e-008	7.8593e-008	8.1214e-008	8.3448e-008	8.5932e-008	8.8216e-008	8.9639e-008	9.2289e-008	9.4031e-008	9.55e-008	9.6124e-008
1.8279e-009	1.9364e-009	2.9099e-009	2.6937e-009	2.1801e-009	2.0489e-009	2.4932e-009	2.8472e-009	4.1304e-009	5.3781e-009	7.3173e-009	1.2708e-008	1.91e-008	2.5791e-008	3.3118e-008	3.9175e-008	4.6194e-008	5.3263e-008	5.9764e-008	6.4893e-008	6.8145e-008	7.3759e-008	7.758e-008	8.182e-008	8.3889e-008	8.6362e-008	8.7286e-008	8.8047e-008	8.8819e-008	8.9547e-008	8.9958e-008	9.012e-008	8.9101e-008	8.8146e-008	8.793e-008	8.6915e-008	8.6001e-008	8.4916e-008	8.1707e-008	7.9856e-008	7.8387e-008	7.7011e-008	7.523e-008	7.3834e-008	7.1986e-008	6.8939e-008	6.3162e-008	6.1665e-008	5.9101e-008	5.6772e-008	5.4156e-008	5.1537e-008	5.0665e-008	4.8022e-008	4.5421e-008	4.2436e-008	3.9552e-008	3.6131e-008	3.4442e-008	3.2606e-008	3.079e-008	2.8832e-008	2.634e-008	2.4273e-008	2.1163e-008	1.958e-008	1.7604e-008	1.5975e-008	1.3835e-008	1.0855e-008	9.1344e-009	7.3559e-009	5.7667e-009	4.9447e-009	3.9367e-009	3.7307e-009	3.6979e-009	3.0389e-009	3.5384e-009	3.5707e-009	2.9934e-009	3.1797e-009	3.4865e-009	3.2484e-009	4.0222e-009	4.4702e-009	5.574e-009	8.2056e-009	1.0228e-008	1.2713e-008	1.586e-008	1.9546e-008	2.478e-008	2.9936e-008	3.5364e-008	4.0783e-008	4.7313e-008	5.6067e-008	6.3071e-008	6.6552e-008	7.2393e-008	7.5212e-008	7.8264e-008	8.1149e-008	8.251e-008	8.5034e-008	8.7096e-008	8.9168e-008	9.0691e-008	9.0976e-008	9.1046e-008	9.1518e-008	9.1452e-008	9.0396e-008	8.8503e-008	8.6683e-008	8.4949e-008	8.347e-008	8.0605e-008	7.8523e-008	7.6239e-008	7.3807e-008	7.2561e-008	7.1609e-008	7.0338e-008	6.7523e-008	6.5953e-008	6.2436e-008	6.0113e-008	5.8942e-008	5.7663e-008	5.6089e-008	5.2873e-008	4.9571e-008	4.6622e-008	4.4059e-008	4.25e-008	4.0317e-008	3.7603e-008	3.6893e-008	3.4278e-008	3.1552e-008	2.8512e-008	2.5209e-008	2.3556e-008	2.0418e-008	1.8052e-008	1.6436e-008	1.444e-008	1.1647e-008	9.6951e-009	8.0863e-009	6.6226e-009	5.7038e-009	4.9294e-009	4.8143e-009	5.4416e-009	5.3977e-009	5.0782e-009	4.8082e-009	4.2633e-009	4.9466e-009	4.9941e-009	4.8605e-009	4.7992e-009	4.6624e-009	5.0866e-009	5.6956e-009	6.5799e-009	7.1946e-009	9.0869e-009	1.0865e-008	1.5566e-008	2.151e-008	2.789e-008	3.535e-008	4.2978e-008	4.8383e-008	5.6851e-008	6.1306e-008	6.7355e-008	7.2922e-008	7.9099e-008	8.1848e-008	8.7207e-008	9.1132e-008	9.1693e-008	9.2474e-008	9.3797e-008	9.4523e-008	9.4599e-008	9.6239e-008	9.7605e-008	9.7353e-008	9.5585e-008	9.4819e-008	9.3207e-008	9.1118e-008	8.5246e-008	8.3365e-008	8.2162e-008	7.943e-008	7.6896e-008	7.5361e-008	7.4719e-008	7.2543e-008	7.0336e-008	6.7437e-008	6.2272e-008	6.1101e-008	5.8962e-008	5.7239e-008	5.4831e-008	5.0659e-008	4.5413e-008	4.5752e-008	4.3841e-008	4.1741e-008	3.924e-008	3.5995e-008	3.3778e-008	3.1353e-008	2.6773e-008	2.5522e-008	2.3202e-008	1.7863e-008	1.7371e-008	1.5076e-008	1.2448e-008	9.8019e-009	8.8476e-009	6.9486e-009	6.0246e-009	5.5495e-009	4.9675e-009	4.6525e-009	4.1314e-009	4.331e-009	4.4544e-009	4.2532e-009	4.2044e-009	4.4739e-009	4.7463e-009	4.7075e-009	4.6227e-009	5.2194e-009	5.177e-009	5.0428e-009	5.6592e-009	7.1882e-009	9.113e-009	1.0493e-008	1.5591e-008	2.0811e-008	2.6585e-008	3.686e-008	4.5922e-008	5.1028e-008	5.7708e-008	6.3287e-008	6.9588e-008	7.4398e-008	7.9892e-008	8.3271e-008	8.6988e-008	8.8155e-008	9.0001e-008	9.1016e-008	9.2299e-008	9.4263e-008	9.4786e-008	9.4489e-008	9.4093e-008	9.3568e-008	9.3253e-008	9.2912e-008	9.0225e-008	8.9138e-008	8.6949e-008	8.4963e-008	8.3241e-008	8.1959e-008	7.953e-008	7.7628e-008	7.5571e-008	7.3828e-008	7.0929e-008	6.9256e-008	6.6474e-008	6.5417e-008	6.0647e-008	5.6831e-008	5.5083e-008	5.3009e-008	5.0666e-008	4.8924e-008	4.5325e-008	4.3868e-008	3.9618e-008	3.8375e-008	3.6531e-008	3.4319e-008	3.1153e-008	2.9038e-008	2.6206e-008	2.4168e-008	2.2651e-008	2.0316e-008	1.7182e-008	1.487e-008	1.3062e-008	1.0729e-008	8.6785e-009	7.5047e-009	6.0907e-009	4.9139e-009	4.869e-009	4.5882e-009	4.426e-009	4.7841e-009	4.842e-009	4.7501e-009	5.1058e-009	5.3423e-009	5.6498e-009	6.0274e-009	7.3993e-009	8.5873e-009	1.1379e-008	1.4032e-008	1.6492e-008	2.029e-008	2.458e-008	2.8798e-008	3.4994e-008	3.9863e-008	4.5508e-008	5.1242e-008	5.7061e-008	6.146e-008	6.8468e-008	7.1142e-008	7.5016e-008	7.8784e-008	8.0631e-008	8.4842e-008	8.8375e-008	9.0222e-008	9.2308e-008	9.2684e-008	9.3354e-008	9.3413e-008	9.3603e-008	9.2605e-008	9.1694e-008	9.1545e-008	9.0925e-008	8.9974e-008	8.8389e-008	8.3698e-008	8.0462e-008	7.9694e-008	7.8034e-008	7.7322e-008	7.5959e-008	7.2575e-008	7.1613e-008	6.9066e-008	6.725e-008	6.4944e-008	6.0858e-008	5.7837e-008	5.5862e-008	5.494e-008	5.2109e-008	5.0432e-008	4.7037e-008	4.4014e-008	4.0556e-008	3.7323e-008	3.4095e-008	3.3427e-008	3.1151e-008	2.871e-008	2.6648e-008	2.4095e-008	2.2555e-008	2.0104e-008	1.8681e-008	1.6981e-008	1.4138e-008	1.3232e-008	1.0981e-008	1.0037e-008	9.1148e-009	7.3123e-009	6.3914e-009	5.7988e-009	5.1687e-009	5.0564e-009	4.9518e-009	4.925e-009	5.4138e-009	5.4079e-009	5.2106e-009	4.9941e-009	5.2201e-009	5.671e-009	5.6972e-009	7.1551e-009	9.2062e-009	1.1946e-008	1.5366e-008	1.813e-008	2.2755e-008	2.8093e-008	3.474e-008	4.3657e-008	5.1628e-008	5.7786e-008	6.3655e-008	6.9791e-008	7.3738e-008	7.9128e-008	8.2393e-008	8.4648e-008	8.6824e-008	9.0138e-008	9.1232e-008	9.2678e-008	9.2791e-008	9.2068e-008	9.1407e-008	9.0792e-008	9.0513e-008	8.9954e-008	8.9343e-008	8.5848e-008	8.3432e-008	8.1763e-008	8.0442e-008	7.8049e-008	7.6583e-008	7.3648e-008	7.1813e-008	7.0446e-008	6.9532e-008	6.8733e-008	6.5512e-008	5.9932e-008	5.9881e-008	5.8382e-008	5.6685e-008	5.471e-008	5.2743e-008	5.1708e-008	5.008e-008	4.7637e-008	4.5676e-008	3.7844e-008	3.6922e-008	3.5475e-008	3.2096e-008	3.05e-008	2.6928e-008	2.5434e-008	2.1757e-008	1.9865e-008	1.6821e-008	1.4635e-008	1.1296e-008	9.2217e-009	7.5301e-009	6.1386e-009	5.1623e-009	5.2593e-009	5.003e-009	4.691e-009	4.646e-009	4.759e-009	4.7675e-009	5.0071e-009	4.943e-009	4.5431e-009	4.6093e-009	4.3103e-009	5.6381e-009	6.3916e-009	6.805e-009	9.1405e-009	1.1508e-008	1.4226e-008	1.7484e-008	2.2599e-008	2.684e-008	3.388e-008	4.2146e-008	4.9413e-008	5.7141e-008	6.3062e-008	6.7924e-008	7.2216e-008	7.4784e-008	8.1291e-008	8.4103e-008	8.6162e-008	8.8246e-008	8.9631e-008	9.1162e-008	9.4533e-008	9.6077e-008	9.6333e-008
2.3455e-009	2.5982e-009	2.8847e-009	2.5276e-009	2.5593e-009	2.3258e-009	2.7199e-009	3.403e-009	4.4007e-009	5.9338e-009	7.8572e-009	1.1853e-008	1.8658e-008	2.591e-008	3.3161e-008	3.9845e-008	4.7097e-008	5.4037e-008	5.9644e-008	6.4247e-008	6.9513e-008	7.4984e-008	7.7461e-008	8.234e-008	8.4402e-008	8.6601e-008	8.7616e-008	8.8091e-008	8.9143e-008	8.9661e-008	9.0511e-008	9.0071e-008	8.9285e-008	8.8692e-008	8.8425e-008	8.761e-008	8.6551e-008	8.4384e-008	8.2544e-008	7.9267e-008	7.8851e-008	7.709e-008	7.4946e-008	7.3722e-008	7.1476e-008	6.9362e-008	6.5278e-008	6.1236e-008	5.9899e-008	5.6923e-008	5.458e-008	5.315e-008	5.0103e-008	4.8584e-008	4.5499e-008	4.3802e-008	4.0527e-008	3.7412e-008	3.5e-008	3.2634e-008	3.0274e-008	2.8829e-008	2.6157e-008	2.3618e-008	2.1924e-008	1.9803e-008	1.7574e-008	1.6365e-008	1.3502e-008	1.1228e-008	9.8267e-009	7.7216e-009	5.9006e-009	5.334e-009	4.3858e-009	3.8592e-009	3.9516e-009	3.5176e-009	3.7034e-009	3.2145e-009	3.2755e-009	3.8113e-009	3.572e-009	3.9812e-009	4.1844e-009	4.7304e-009	5.4205e-009	7.3224e-009	9.5031e-009	1.2785e-008	1.542e-008	1.9873e-008	2.445e-008	3.1065e-008	3.6808e-008	4.0805e-008	4.7334e-008	5.6224e-008	6.2092e-008	6.9358e-008	7.3513e-008	7.6481e-008	7.8952e-008	8.1989e-008	8.3706e-008	8.5972e-008	8.791e-008	8.9818e-008	9.0714e-008	9.1646e-008	9.2132e-008	9.2409e-008	9.2042e-008	9.092e-008	8.8378e-008	8.6331e-008	8.478e-008	8.3828e-008	8.1587e-008	7.9104e-008	7.777e-008	7.4997e-008	7.3476e-008	7.2197e-008	7.1072e-008	6.9316e-008	6.48e-008	6.1857e-008	6.0632e-008	5.8945e-008	5.7932e-008	5.6795e-008	5.4447e-008	4.9776e-008	4.8505e-008	4.4909e-008	4.3118e-008	4.1934e-008	3.9841e-008	3.7612e-008	3.4563e-008	3.1039e-008	2.8177e-008	2.6611e-008	2.3365e-008	2.0436e-008	1.8464e-008	1.7135e-008	1.4162e-008	1.1326e-008	9.6869e-009	8.0203e-009	7.1513e-009	6.7663e-009	5.673e-009	6.9192e-009	6.4414e-009	5.859e-009	5.5499e-009	5.4448e-009	5.4031e-009	5.5587e-009	4.8114e-009	5.07e-009	5.0037e-009	5.4752e-009	5.6302e-009	6.1085e-009	6.2045e-009	7.1033e-009	9.4217e-009	1.1726e-008	1.5482e-008	2.1262e-008	2.8013e-008	3.5525e-008	4.2021e-008	4.8743e-008	5.4767e-008	5.958e-008	6.5317e-008	7.2363e-008	7.8793e-008	8.2671e-008	8.7211e-008	9.0555e-008	9.2336e-008	9.3708e-008	9.4113e-008	9.4449e-008	9.6378e-008	9.692e-008	9.7687e-008	9.652e-008	9.5588e-008	9.4559e-008	9.2888e-008	9.0585e-008	8.7213e-008	8.447e-008	8.2785e-008	7.9281e-008	7.7247e-008	7.5953e-008	7.5561e-008	7.3963e-008	7.1685e-008	6.695e-008	6.4723e-008	6.1642e-008	5.974e-008	5.7102e-008	5.5081e-008	4.9382e-008	4.8045e-008	4.709e-008	4.3542e-008	4.1803e-008	3.8011e-008	3.6341e-008	3.4288e-008	3.1955e-008	2.7619e-008	2.588e-008	2.3405e-008	2.0937e-008	1.8495e-008	1.5082e-008	1.2384e-008	1.0752e-008	8.4279e-009	6.6303e-009	5.9936e-009	5.6527e-009	5.6004e-009	4.8832e-009	4.1844e-009	4.2689e-009	4.3006e-009	4.2434e-009	4.2752e-009	4.385e-009	4.3073e-009	4.7212e-009	5.097e-009	5.4599e-009	5.3296e-009	5.4435e-009	5.565e-009	6.5482e-009	8.8527e-009	1.1046e-008	1.4821e-008	2.1102e-008	2.8954e-008	3.8037e-008	4.5798e-008	5.3867e-008	5.9872e-008	6.3484e-008	6.9364e-008	7.4525e-008	7.811e-008	8.2691e-008	8.5662e-008	8.756e-008	9.0363e-008	9.1563e-008	9.1994e-008	9.3463e-008	9.4082e-008	9.3582e-008	9.3337e-008	9.3692e-008	9.3853e-008	9.2822e-008	9.0701e-008	8.9999e-008	8.8385e-008	8.5199e-008	8.3603e-008	8.1477e-008	7.955e-008	7.6805e-008	7.5233e-008	7.3902e-008	6.9947e-008	6.9413e-008	6.6792e-008	6.5439e-008	6.3453e-008	5.692e-008	5.555e-008	5.3513e-008	5.1842e-008	4.8364e-008	4.6655e-008	4.3658e-008	4.0504e-008	3.9192e-008	3.7024e-008	3.4654e-008	3.2075e-008	2.9071e-008	2.5237e-008	2.3551e-008	2.2032e-008	2.0142e-008	1.7982e-008	1.5938e-008	1.3673e-008	1.1228e-008	9.0994e-009	7.9266e-009	5.8817e-009	5.405e-009	4.9545e-009	4.7634e-009	4.8616e-009	3.9201e-009	4.207e-009	4.9033e-009	5.1283e-009	5.3126e-009	5.9303e-009	6.4697e-009	7.2896e-009	8.7374e-009	1.2133e-008	1.4355e-008	1.7881e-008	2.0898e-008	2.5564e-008	3.1738e-008	3.5424e-008	4.1689e-008	4.5709e-008	5.0445e-008	5.5782e-008	6.3484e-008	6.7642e-008	7.1357e-008	7.6713e-008	7.9058e-008	8.2033e-008	8.4429e-008	8.7175e-008	8.9482e-008	9.1717e-008	9.3531e-008	9.3729e-008	9.3511e-008	9.31e-008	9.2428e-008	9.1515e-008	9.117e-008	9.1133e-008	8.9769e-008	8.8005e-008	8.3206e-008	8.1539e-008	8.0152e-008	7.8437e-008	7.6923e-008	7.5301e-008	7.2446e-008	7.0391e-008	6.909e-008	6.6772e-008	6.4455e-008	5.9944e-008	5.7695e-008	5.6899e-008	5.4858e-008	5.2865e-008	4.9785e-008	4.4797e-008	4.4051e-008	4.0722e-008	3.7745e-008	3.5875e-008	3.3251e-008	3.1147e-008	2.8786e-008	2.6741e-008	2.4207e-008	2.1727e-008	2.0302e-008	1.7901e-008	1.5838e-008	1.384e-008	1.2507e-008	1.1559e-008	1.0008e-008	8.6754e-009	7.3916e-009	5.9356e-009	5.3925e-009	4.8703e-009	5.0495e-009	4.7303e-009	4.6169e-009	4.9595e-009	5.2714e-009	4.9605e-009	4.9562e-009	5.449e-009	5.8199e-009	6.2673e-009	7.9543e-009	9.6739e-009	1.1982e-008	1.4984e-008	1.9135e-008	2.3509e-008	2.9856e-008	3.646e-008	4.4016e-008	4.9113e-008	5.8271e-008	6.3027e-008	6.9807e-008	7.3815e-008	7.9283e-008	8.1919e-008	8.4778e-008	8.7995e-008	9.1326e-008	9.2241e-008	9.3165e-008	9.3595e-008	9.2479e-008	9.1418e-008	9.1209e-008	9.0811e-008	9.0106e-008	8.9243e-008	8.6888e-008	8.4176e-008	8.2077e-008	8.055e-008	7.7823e-008	7.5874e-008	7.3297e-008	7.143e-008	7.0392e-008	6.9766e-008	6.8911e-008	6.7691e-008	6.5578e-008	6.0252e-008	5.8376e-008	5.6377e-008	5.4771e-008	5.3249e-008	5.1409e-008	5.0377e-008	4.8471e-008	4.5964e-008	3.8334e-008	3.6793e-008	3.5335e-008	3.2454e-008	3.0478e-008	2.7347e-008	2.4887e-008	2.1375e-008	1.9647e-008	1.585e-008	1.4419e-008	1.1899e-008	9.0959e-009	7.1884e-009	5.9034e-009	4.4171e-009	4.9562e-009	4.979e-009	4.8042e-009	4.2721e-009	4.3621e-009	4.7843e-009	4.8566e-009	4.7857e-009	5.1608e-009	4.9729e-009	5.1632e-009	5.6161e-009	6.0372e-009	6.3595e-009	8.7224e-009	1.1174e-008	1.3871e-008	1.7584e-008	2.2518e-008	2.7567e-008	3.477e-008	4.2166e-008	4.9771e-008	5.686e-008	6.2327e-008	6.8261e-008	7.1206e-008	7.7077e-008	7.9711e-008	8.3414e-008	8.6694e-008	8.8216e-008	8.946e-008	9.2267e-008	9.3996e-008	9.4924e-008	9.6169e-008
2.2432e-009	1.9958e-009	2.0426e-009	1.9977e-009	2.173e-009	2.1732e-009	2.4762e-009	2.8677e-009	3.6326e-009	4.9853e-009	7.2439e-009	1.2065e-008	1.8635e-008	2.5245e-008	3.2094e-008	3.9748e-008	4.7602e-008	5.4426e-008	5.9496e-008	6.4977e-008	7.0633e-008	7.524e-008	7.8707e-008	8.2396e-008	8.4196e-008	8.5186e-008	8.7614e-008	8.7921e-008	8.8317e-008	8.9113e-008	8.9681e-008	8.9526e-008	8.9414e-008	8.9288e-008	8.7929e-008	8.7204e-008	8.5008e-008	8.3362e-008	8.2779e-008	7.9422e-008	7.8359e-008	7.6954e-008	7.5216e-008	7.2814e-008	7.0843e-008	6.8229e-008	6.5761e-008	6.1819e-008	5.8775e-008	5.7018e-008	5.5381e-008	5.3191e-008	4.8857e-008	4.7433e-008	4.6121e-008	4.2947e-008	4.0447e-008	3.7576e-008	3.4934e-008	3.177e-008	2.9892e-008	2.7764e-008	2.3485e-008	2.282e-008	2.1355e-008	1.926e-008	1.7239e-008	1.4634e-008	1.2661e-008	1.0172e-008	8.2997e-009	6.6547e-009	5.1481e-009	4.6363e-009	3.8513e-009	3.087e-009	2.5613e-009	2.6918e-009	2.7656e-009	2.6828e-009	3.2564e-009	3.266e-009	3.1303e-009	3.3772e-009	3.5315e-009	4.0641e-009	4.7451e-009	6.3329e-009	7.8013e-009	1.2329e-008	1.5314e-008	1.8085e-008	2.4595e-008	3.0273e-008	3.537e-008	4.0661e-008	4.5987e-008	5.3862e-008	6.1793e-008	6.6952e-008	7.3403e-008	7.4955e-008	7.9256e-008	8.1004e-008	8.3086e-008	8.5174e-008	8.8057e-008	9.0283e-008	9.1502e-008	9.1884e-008	9.2018e-008	9.2246e-008	9.1587e-008	9.1503e-008	8.9158e-008	8.5888e-008	8.4401e-008	8.3309e-008	8.0563e-008	7.8034e-008	7.6575e-008	7.3956e-008	7.2816e-008	7.2087e-008	7.0058e-008	6.8474e-008	6.5092e-008	6.2098e-008	6.0236e-008	5.8522e-008	5.7685e-008	5.7003e-008	5.2904e-008	4.9068e-008	4.7311e-008	4.6085e-008	4.2925e-008	4.0378e-008	3.8664e-008	3.5675e-008	3.3958e-008	3.0535e-008	2.8034e-008	2.6309e-008	2.4259e-008	2.06e-008	1.9317e-008	1.5666e-008	1.2354e-008	1.0765e-008	9.2785e-009	8.1186e-009	7.0258e-009	6.6501e-009	6.5251e-009	6.5298e-009	5.93e-009	5.5179e-009	5.1434e-009	5.0307e-009	5.0811e-009	4.8578e-009	4.3491e-009	4.1705e-009	4.6488e-009	4.7538e-009	4.6855e-009	5.2346e-009	5.5286e-009	6.7419e-009	8.7462e-009	1.1388e-008	1.5454e-008	2.0851e-008	2.7432e-008	3.5148e-008	4.1607e-008	4.6155e-008	5.2792e-008	5.7593e-008	6.3163e-008	7.0852e-008	7.6891e-008	8.2414e-008	8.6404e-008	9.0802e-008	9.2423e-008	9.3442e-008	9.3982e-008	9.4003e-008	9.5408e-008	9.638e-008	9.6848e-008	9.559e-008	9.504e-008	9.3117e-008	9.141e-008	9.0016e-008	8.7752e-008	8.4526e-008	8.1593e-008	7.9699e-008	7.7334e-008	7.5731e-008	7.55e-008	7.3735e-008	6.7554e-008	6.5588e-008	6.3798e-008	6.1903e-008	5.9918e-008	5.6184e-008	5.4774e-008	5.2002e-008	5.0114e-008	4.823e-008	4.5028e-008	4.16e-008	3.8135e-008	3.5711e-008	3.3061e-008	3.1484e-008	2.7803e-008	2.5194e-008	2.3463e-008	2.0906e-008	1.7498e-008	1.5548e-008	1.3264e-008	1.044e-008	8.4681e-009	6.8569e-009	5.4524e-009	5.4161e-009	5.0386e-009	4.4724e-009	3.9672e-009	3.7919e-009	3.9762e-009	3.9906e-009	3.9305e-009	4.136e-009	4.1601e-009	4.3845e-009	4.6509e-009	5.2248e-009	4.9561e-009	4.974e-009	5.4598e-009	6.4123e-009	8.4296e-009	1.105e-008	1.5212e-008	2.0776e-008	2.7442e-008	3.5149e-008	4.4773e-008	5.1891e-008	5.7163e-008	6.3884e-008	6.8804e-008	7.2937e-008	7.8086e-008	8.3241e-008	8.4159e-008	8.8277e-008	9.008e-008	9.0712e-008	9.1376e-008	9.2324e-008	9.2766e-008	9.2226e-008	9.2353e-008	9.3098e-008	9.4025e-008	9.4037e-008	9.1444e-008	8.993e-008	8.8302e-008	8.5357e-008	8.3245e-008	8.0388e-008	7.883e-008	7.7179e-008	7.5007e-008	7.3799e-008	7.0679e-008	6.8506e-008	6.6553e-008	6.4996e-008	6.2842e-008	5.7914e-008	5.539e-008	5.318e-008	5.2373e-008	4.8385e-008	4.5533e-008	4.1983e-008	4.0661e-008	3.8968e-008	3.7769e-008	3.51e-008	3.1383e-008	2.879e-008	2.673e-008	2.5378e-008	2.1997e-008	2.0523e-008	1.7024e-008	1.5598e-008	1.3216e-008	1.1304e-008	9.5668e-009	7.6521e-009	6.3559e-009	4.9576e-009	4.5588e-009	4.6656e-009	4.5709e-009	3.9996e-009	4.2806e-009	3.8997e-009	4.5877e-009	5.6125e-009	5.4411e-009	5.9923e-009	7.6545e-009	1.005e-008	1.2291e-008	1.451e-008	1.7137e-008	2.1225e-008	2.5438e-008	3.1778e-008	3.7506e-008	4.2186e-008	4.5991e-008	4.8985e-008	5.5051e-008	6.1792e-008	6.7763e-008	7.3216e-008	7.6833e-008	7.8657e-008	8.1917e-008	8.412e-008	8.6506e-008	8.751e-008	9.0843e-008	9.2243e-008	9.2374e-008	9.2169e-008	9.2298e-008	9.2445e-008	9.1554e-008	9.1198e-008	9.0997e-008	8.9843e-008	8.6653e-008	8.3597e-008	8.2063e-008	8.032e-008	7.7852e-008	7.601e-008	7.4197e-008	7.1623e-008	6.9564e-008	6.7861e-008	6.6601e-008	6.2724e-008	6.1025e-008	5.7866e-008	5.6779e-008	5.3138e-008	5.1936e-008	4.8828e-008	4.6338e-008	4.4165e-008	4.0756e-008	3.7109e-008	3.5379e-008	3.2716e-008	2.9795e-008	2.7991e-008	2.6691e-008	2.4955e-008	2.1811e-008	1.9207e-008	1.7483e-008	1.4757e-008	1.3203e-008	1.1677e-008	1.0549e-008	9.3682e-009	7.4364e-009	5.9742e-009	4.81e-009	4.7112e-009	4.5969e-009	4.2773e-009	4.0566e-009	4.5179e-009	5.2912e-009	5.0091e-009	4.8668e-009	4.8759e-009	4.907e-009	5.2e-009	6.355e-009	7.979e-009	9.0823e-009	1.2127e-008	1.4824e-008	1.886e-008	2.3313e-008	3.0409e-008	3.6613e-008	4.2717e-008	5.1258e-008	5.7402e-008	6.3155e-008	7.0004e-008	7.4465e-008	7.9056e-008	8.1916e-008	8.4666e-008	8.6534e-008	9.0105e-008	9.2531e-008	9.308e-008	9.3477e-008	9.256e-008	9.1024e-008	9.0843e-008	9.0545e-008	8.9418e-008	8.7613e-008	8.4505e-008	8.2389e-008	8.1243e-008	7.9588e-008	7.7797e-008	7.5515e-008	7.2922e-008	7.1239e-008	6.9936e-008	6.9284e-008	6.7364e-008	6.5901e-008	6.4516e-008	6.1508e-008	5.911e-008	5.6929e-008	5.3931e-008	5.3247e-008	5.1476e-008	5.1113e-008	4.8843e-008	4.411e-008	4.225e-008	3.5712e-008	3.4761e-008	3.1769e-008	3.0019e-008	2.7538e-008	2.3081e-008	2.084e-008	1.9239e-008	1.6928e-008	1.4626e-008	1.1223e-008	8.7145e-009	6.8056e-009	5.311e-009	4.2328e-009	4.6591e-009	4.0033e-009	3.827e-009	3.1064e-009	3.9561e-009	4.3132e-009	4.1127e-009	4.2757e-009	4.7983e-009	4.5931e-009	4.734e-009	4.7931e-009	4.917e-009	5.4307e-009	7.7646e-009	1.029e-008	1.3296e-008	1.7323e-008	2.2431e-008	2.7955e-008	3.3907e-008	4.0912e-008	4.8532e-008	5.4773e-008	6.1042e-008	6.6261e-008	6.9389e-008	7.3753e-008	7.7044e-008	8.2303e-008	8.4714e-008	8.7793e-008	8.9744e-008	9.218e-008	9.2973e-008	9.5163e-008	9.7706e-008
2.615e-009	2.9074e-009	2.6866e-009	2.5027e-009	2.6047e-009	2.5532e-009	3.281e-009	3.33e-009	4.2061e-009	5.1953e-009	6.7271e-009	1.2284e-008	1.9174e-008	2.4465e-008	3.2131e-008	3.9941e-008	4.8168e-008	5.5427e-008	6.1821e-008	6.726e-008	7.1681e-008	7.5971e-008	7.9466e-008	8.3165e-008	8.4543e-008	8.6657e-008	8.8181e-008	8.8885e-008	8.8867e-008	8.9999e-008	9.017e-008	9.0276e-008	9.1089e-008	9.0018e-008	8.8508e-008	8.7235e-008	8.5853e-008	8.3944e-008	8.1459e-008	7.9556e-008	7.8356e-008	7.6797e-008	7.5823e-008	7.3147e-008	7.0815e-008	6.8454e-008	6.5923e-008	6.2161e-008	5.9593e-008	5.8123e-008	5.5415e-008	5.4667e-008	5.0477e-008	4.8101e-008	4.5351e-008	4.2944e-008	4.0604e-008	3.7679e-008	3.4787e-008	3.1117e-008	3.0631e-008	2.8851e-008	2.5462e-008	2.3449e-008	2.2043e-008	1.9254e-008	1.7658e-008	1.5529e-008	1.2932e-008	1.1447e-008	8.2146e-009	5.9993e-009	4.7752e-009	4.4363e-009	3.7071e-009	3.1355e-009	2.8689e-009	3.0264e-009	3.278e-009	3.1377e-009	3.7365e-009	3.934e-009	3.3475e-009	3.8432e-009	4.2017e-009	4.1433e-009	4.4549e-009	5.8637e-009	8.6399e-009	1.1835e-008	1.5168e-008	1.9055e-008	2.4222e-008	2.8114e-008	3.513e-008	4.073e-008	4.5013e-008	5.2544e-008	6.1939e-008	6.89e-008	7.3965e-008	7.7949e-008	8.1818e-008	8.2808e-008	8.4312e-008	8.5522e-008	8.8533e-008	9.1288e-008	9.2429e-008	9.2746e-008	9.2886e-008	9.4121e-008	9.3093e-008	9.1771e-008	8.816e-008	8.6367e-008	8.5162e-008	8.2957e-008	8.0931e-008	7.8508e-008	7.6285e-008	7.4513e-008	7.3287e-008	7.1814e-008	7.0251e-008	6.7865e-008	6.5243e-008	6.2887e-008	6.0509e-008	5.8952e-008	5.7406e-008	5.6866e-008	5.435e-008	5.0559e-008	4.9306e-008	4.556e-008	4.3213e-008	4.0648e-008	3.8094e-008	3.5449e-008	3.2843e-008	3.0425e-008	2.8501e-008	2.5616e-008	2.3654e-008	2.1097e-008	1.8623e-008	1.6802e-008	1.3509e-008	1.115e-008	9.596e-009	8.4236e-009	7.3854e-009	6.502e-009	6.5958e-009	6.4281e-009	5.9566e-009	5.3176e-009	5.3777e-009	4.869e-009	4.9044e-009	5.1015e-009	5.1167e-009	4.8153e-009	5.0622e-009	5.7679e-009	5.3918e-009	5.31e-009	6.3045e-009	6.9946e-009	8.9169e-009	1.1834e-008	1.5974e-008	2.0185e-008	2.6369e-008	3.3836e-008	4.1412e-008	4.6978e-008	5.2216e-008	5.8886e-008	6.4188e-008	7.0965e-008	7.6579e-008	8.2661e-008	8.8336e-008	8.9916e-008	9.3126e-008	9.3795e-008	9.4527e-008	9.4717e-008	9.5049e-008	9.5728e-008	9.5614e-008	9.4881e-008	9.3456e-008	9.1904e-008	9.1082e-008	9.0605e-008	8.7995e-008	8.4386e-008	8.2177e-008	7.9655e-008	7.826e-008	7.683e-008	7.5854e-008	7.328e-008	6.9047e-008	6.5934e-008	6.339e-008	6.1881e-008	6.1566e-008	5.7801e-008	5.5132e-008	5.2982e-008	5.0628e-008	4.8545e-008	4.6224e-008	4.3156e-008	3.9877e-008	3.6282e-008	3.4124e-008	3.2055e-008	3.0232e-008	2.478e-008	2.417e-008	2.1658e-008	1.869e-008	1.5693e-008	1.3696e-008	1.1104e-008	9.5326e-009	7.6138e-009	6.9384e-009	6.0828e-009	5.5625e-009	4.9216e-009	4.4644e-009	4.3406e-009	3.7635e-009	3.9643e-009	4.4559e-009	4.9085e-009	5.0405e-009	5.1696e-009	5.2291e-009	4.9827e-009	5.1899e-009	5.571e-009	5.8712e-009	6.8878e-009	8.7479e-009	1.1549e-008	1.5791e-008	2.0923e-008	2.7649e-008	3.4566e-008	4.3091e-008	5.1638e-008	5.8024e-008	6.374e-008	6.9266e-008	7.3942e-008	7.9434e-008	8.3541e-008	8.5456e-008	8.966e-008	9.053e-008	9.0822e-008	9.1572e-008	9.2107e-008	9.2074e-008	9.2197e-008	9.263e-008	9.3417e-008	9.5109e-008	9.4962e-008	9.2769e-008	8.8078e-008	8.6852e-008	8.5499e-008	8.3529e-008	8.0945e-008	7.8612e-008	7.6629e-008	7.4658e-008	7.3695e-008	7.0814e-008	6.9086e-008	6.6935e-008	6.5637e-008	6.2109e-008	5.8042e-008	5.6843e-008	5.4808e-008	5.3174e-008	5.1059e-008	4.7028e-008	4.4874e-008	4.1294e-008	3.9747e-008	3.7707e-008	3.4622e-008	3.2423e-008	2.8124e-008	2.6713e-008	2.423e-008	2.3392e-008	2.1335e-008	1.7374e-008	1.6413e-008	1.3701e-008	1.1733e-008	9.5141e-009	7.6451e-009	6.6881e-009	5.8724e-009	5.3542e-009	4.5547e-009	4.5888e-009	4.2046e-009	4.4766e-009	4.2149e-009	5.1774e-009	6.123e-009	5.9957e-009	6.388e-009	8.1497e-009	1.1157e-008	1.2173e-008	1.4418e-008	1.8059e-008	2.1582e-008	2.5531e-008	3.2591e-008	3.7465e-008	4.0826e-008	4.4262e-008	4.8941e-008	5.3824e-008	6.1309e-008	6.6503e-008	7.2168e-008	7.551e-008	7.899e-008	8.0377e-008	8.415e-008	8.686e-008	8.8311e-008	9.0443e-008	9.1837e-008	9.1942e-008	9.2455e-008	9.2754e-008	9.2689e-008	9.2221e-008	9.1646e-008	9.1021e-008	8.9004e-008	8.5383e-008	8.3232e-008	8.1491e-008	8.0045e-008	7.8174e-008	7.6651e-008	7.3483e-008	7.2233e-008	6.9502e-008	6.8618e-008	6.5225e-008	6.2665e-008	6.1043e-008	5.9049e-008	5.6792e-008	5.4425e-008	4.9894e-008	4.8604e-008	4.636e-008	4.3528e-008	4.1638e-008	3.8951e-008	3.5002e-008	3.1726e-008	3.0826e-008	2.8734e-008	2.7138e-008	2.4741e-008	2.1905e-008	1.9503e-008	1.7899e-008	1.3484e-008	1.2686e-008	1.1472e-008	1.0031e-008	8.6954e-009	7.4134e-009	5.9012e-009	5.0387e-009	4.7437e-009	4.6904e-009	4.398e-009	4.1516e-009	4.808e-009	5.0237e-009	5.0134e-009	5.2132e-009	4.9513e-009	5.1271e-009	5.6405e-009	6.4256e-009	7.8996e-009	1.0279e-008	1.2273e-008	1.551e-008	1.9564e-008	2.3409e-008	3.0436e-008	3.781e-008	4.4351e-008	5.176e-008	5.746e-008	6.4332e-008	7.0083e-008	7.3188e-008	7.8905e-008	8.203e-008	8.4905e-008	8.6109e-008	8.8218e-008	9.2394e-008	9.3592e-008	9.3411e-008	9.1754e-008	9.0958e-008	9.0767e-008	9.021e-008	8.9171e-008	8.8107e-008	8.6052e-008	8.2908e-008	8.1516e-008	8.0435e-008	7.7562e-008	7.592e-008	7.3929e-008	7.1518e-008	7.0293e-008	6.9195e-008	6.7795e-008	6.5601e-008	6.4412e-008	6.1676e-008	5.933e-008	5.7419e-008	5.5724e-008	5.3721e-008	5.2466e-008	5.104e-008	4.7901e-008	4.3006e-008	4.2119e-008	3.8835e-008	3.4587e-008	3.2771e-008	2.9968e-008	2.7752e-008	2.4858e-008	2.1534e-008	1.9407e-008	1.6313e-008	1.4576e-008	1.1619e-008	8.5025e-009	6.9683e-009	5.5206e-009	4.7599e-009	4.4709e-009	4.288e-009	3.9506e-009	3.9429e-009	4.4029e-009	4.3954e-009	3.8551e-009	4.4232e-009	4.9242e-009	4.9919e-009	4.683e-009	4.7547e-009	4.9422e-009	5.7886e-009	7.8503e-009	1.0135e-008	1.2353e-008	1.6876e-008	2.3204e-008	2.9796e-008	3.4641e-008	4.1863e-008	4.8678e-008	5.4093e-008	5.9442e-008	6.5489e-008	6.9424e-008	7.3184e-008	7.7258e-008	8.0692e-008	8.5551e-008	8.8254e-008	9.0498e-008	9.1904e-008	9.3936e-008	9.6146e-008	9.7015e-008
1.9931e-009	2.5567e-009	2.0901e-009	2.4778e-009	2.2498e-009	2.3209e-009	2.4834e-009	3.2615e-009	3.604e-009	4.4528e-009	6.4682e-009	1.1624e-008	1.5812e-008	2.4111e-008	3.0877e-008	3.9147e-008	4.7069e-008	5.5393e-008	6.2998e-008	6.7534e-008	7.1731e-008	7.6488e-008	8.0753e-008	8.2463e-008	8.4572e-008	8.5917e-008	8.7436e-008	8.8623e-008	8.9225e-008	8.9713e-008	9.0183e-008	9.0978e-008	9.113e-008	8.9807e-008	8.8317e-008	8.647e-008	8.4427e-008	8.3145e-008	8.2112e-008	7.9851e-008	7.8479e-008	7.6667e-008	7.5098e-008	7.0709e-008	6.9607e-008	6.7328e-008	6.443e-008	6.1047e-008	5.981e-008	5.786e-008	5.6223e-008	5.3235e-008	5.1504e-008	4.8778e-008	4.6464e-008	4.3713e-008	3.9547e-008	3.7128e-008	3.5786e-008	3.367e-008	3.0717e-008	2.8485e-008	2.6232e-008	2.2927e-008	2.1581e-008	1.9847e-008	1.775e-008	1.5204e-008	1.361e-008	1.0439e-008	8.4224e-009	5.5597e-009	4.0688e-009	3.2734e-009	3.0306e-009	3.1493e-009	2.9676e-009	2.8204e-009	2.6886e-009	2.6381e-009	2.8348e-009	3.0947e-009	2.9162e-009	2.9638e-009	3.4247e-009	3.4671e-009	4.4808e-009	6.2688e-009	7.5148e-009	9.7814e-009	1.3171e-008	1.7491e-008	2.2413e-008	2.7956e-008	3.3069e-008	3.8597e-008	4.4162e-008	5.2054e-008	6.0928e-008	6.951e-008	7.3778e-008	7.9204e-008	8.1717e-008	8.349e-008	8.4875e-008	8.7238e-008	8.9609e-008	9.1499e-008	9.3228e-008	9.3178e-008	9.3098e-008	9.4496e-008	9.3895e-008	9.2324e-008	9.0834e-008	8.6078e-008	8.5036e-008	8.2721e-008	8.038e-008	7.8685e-008	7.6709e-008	7.4936e-008	7.3434e-008	7.0881e-008	6.889e-008	6.6847e-008	6.5227e-008	6.2334e-008	5.9596e-008	5.8317e-008	5.6668e-008	5.5113e-008	5.1936e-008	5.0013e-008	4.8368e-008	4.6099e-008	4.2692e-008	4.0166e-008	3.787e-008	3.5035e-008	3.1004e-008	2.9619e-008	2.6921e-008	2.4345e-008	2.2065e-008	2.0349e-008	1.8064e-008	1.5276e-008	1.2646e-008	1.0779e-008	8.9986e-009	7.733e-009	6.7253e-009	5.9907e-009	5.7597e-009	5.3644e-009	5.2708e-009	4.7375e-009	4.4641e-009	4.796e-009	4.5089e-009	4.2065e-009	4.5431e-009	5.4482e-009	4.8316e-009	5.0311e-009	5.0661e-009	4.7548e-009	5.7301e-009	6.0514e-009	8.9701e-009	1.129e-008	1.4437e-008	1.8804e-008	2.5135e-008	3.3139e-008	4.013e-008	4.6443e-008	5.311e-008	5.9391e-008	6.4498e-008	7.0699e-008	7.4818e-008	8.1428e-008	8.6436e-008	8.9803e-008	9.1275e-008	9.2691e-008	9.3281e-008	9.4155e-008	9.4864e-008	9.5039e-008	9.511e-008	9.4072e-008	9.2981e-008	9.1529e-008	9.0841e-008	8.9977e-008	8.7972e-008	8.4705e-008	8.3228e-008	8.0537e-008	7.886e-008	7.6642e-008	7.5336e-008	6.7093e-008	6.719e-008	6.4998e-008	6.2898e-008	6.1683e-008	6.13e-008	5.6394e-008	5.6105e-008	5.1098e-008	4.9961e-008	4.7711e-008	4.5028e-008	4.2993e-008	3.9539e-008	3.6492e-008	3.4098e-008	3.2521e-008	3.0598e-008	2.4848e-008	2.4068e-008	2.2036e-008	1.8243e-008	1.6012e-008	1.39e-008	1.0861e-008	9.7139e-009	8.3453e-009	6.8826e-009	6.2734e-009	5.3422e-009	4.6879e-009	4.1192e-009	4.0704e-009	3.6403e-009	3.614e-009	3.8009e-009	4.5365e-009	4.6518e-009	4.6925e-009	4.6119e-009	4.1765e-009	4.8173e-009	5.463e-009	5.7252e-009	6.8696e-009	8.5515e-009	1.1024e-008	1.4883e-008	2.0132e-008	2.5232e-008	3.408e-008	4.213e-008	5.0144e-008	5.6675e-008	6.1807e-008	6.8475e-008	7.5133e-008	7.8947e-008	8.3653e-008	8.4981e-008	8.8076e-008	8.9691e-008	8.9892e-008	9.0224e-008	9.1175e-008	9.1683e-008	9.241e-008	9.3042e-008	9.4084e-008	9.4642e-008	9.4131e-008	9.3517e-008	9.0412e-008	8.6513e-008	8.5403e-008	8.2758e-008	8.012e-008	7.801e-008	7.6415e-008	7.4842e-008	7.3402e-008	7.0918e-008	6.7456e-008	6.6286e-008	6.5423e-008	6.2095e-008	5.9135e-008	5.6759e-008	5.5454e-008	5.2448e-008	5.0528e-008	4.7652e-008	4.5309e-008	4.288e-008	3.9795e-008	3.8713e-008	3.4632e-008	3.094e-008	2.8751e-008	2.6023e-008	2.4172e-008	2.2618e-008	2.0031e-008	1.7773e-008	1.5967e-008	1.3534e-008	1.2262e-008	1.062e-008	8.4469e-009	6.3804e-009	5.6796e-009	5.1189e-009	4.1553e-009	4.2647e-009	3.7275e-009	4.4273e-009	4.3962e-009	4.9794e-009	5.4057e-009	5.7512e-009	6.4715e-009	8.2219e-009	1.0525e-008	1.2377e-008	1.3824e-008	1.9091e-008	2.1778e-008	2.5376e-008	3.1435e-008	3.6368e-008	4.0392e-008	4.3794e-008	4.8572e-008	5.3037e-008	5.9445e-008	6.6515e-008	6.9825e-008	7.4546e-008	7.757e-008	7.9578e-008	8.3437e-008	8.6028e-008	8.6953e-008	8.9642e-008	9.0903e-008	9.1195e-008	9.1976e-008	9.1841e-008	9.2915e-008	9.257e-008	9.1939e-008	9.0729e-008	8.8876e-008	8.5968e-008	8.2861e-008	8.1092e-008	7.9681e-008	7.7062e-008	7.5398e-008	7.3349e-008	7.2472e-008	7.0194e-008	6.8755e-008	6.5949e-008	6.3728e-008	6.2507e-008	5.7346e-008	5.652e-008	5.4131e-008	5.1523e-008	4.8461e-008	4.5585e-008	4.2772e-008	4.0918e-008	3.7362e-008	3.5283e-008	3.2371e-008	3.086e-008	2.8279e-008	2.683e-008	2.3669e-008	2.1207e-008	1.9611e-008	1.5976e-008	1.4473e-008	1.2517e-008	1.0297e-008	9.1233e-009	7.5953e-009	6.647e-009	5.3192e-009	4.7914e-009	4.5185e-009	4.1277e-009	4.0543e-009	4.0492e-009	4.0294e-009	4.5107e-009	4.6905e-009	4.9104e-009	4.6637e-009	4.8839e-009	4.9986e-009	6.682e-009	8.661e-009	1.0332e-008	1.24e-008	1.5331e-008	1.9859e-008	2.3749e-008	3.0224e-008	3.7441e-008	4.3851e-008	5.2141e-008	5.8104e-008	6.4878e-008	7.0175e-008	7.3454e-008	7.8879e-008	8.1454e-008	8.4309e-008	8.6654e-008	8.801e-008	9.044e-008	9.1467e-008	9.1442e-008	9.0745e-008	9.0713e-008	9.0383e-008	8.9309e-008	8.8918e-008	8.8241e-008	8.6699e-008	8.4073e-008	8.2955e-008	8.1787e-008	7.902e-008	7.6433e-008	7.4552e-008	7.1731e-008	7.0532e-008	6.9348e-008	6.6998e-008	6.5882e-008	6.4349e-008	6.0843e-008	5.8766e-008	5.7658e-008	5.5825e-008	5.3809e-008	5.2167e-008	5.0339e-008	4.6249e-008	4.3689e-008	4.1085e-008	3.8808e-008	3.6236e-008	3.337e-008	3.0652e-008	2.8562e-008	2.5329e-008	2.3142e-008	1.8202e-008	1.7428e-008	1.4684e-008	1.184e-008	9.206e-009	6.8773e-009	5.5801e-009	4.5606e-009	4.6414e-009	4.4705e-009	4.5419e-009	4.6098e-009	4.4215e-009	3.8653e-009	4.0222e-009	4.4474e-009	4.7728e-009	5.031e-009	4.4471e-009	4.8741e-009	5.2487e-009	6.1622e-009	8.0756e-009	1.0322e-008	1.3038e-008	1.7246e-008	2.2395e-008	2.7964e-008	3.5771e-008	4.2073e-008	4.9108e-008	5.487e-008	5.9651e-008	6.4856e-008	6.8356e-008	7.2758e-008	7.7615e-008	8.1864e-008	8.5563e-008	8.927e-008	9.0845e-008	9.25e-008	9.3565e-008	9.4817e-008	9.5806e-008
2.2009e-009	2.2299e-009	2.1564e-009	2.7848e-009	2.567e-009	2.7392e-009	2.9445e-009	3.0579e-009	3.5947e-009	4.6908e-009	7.1289e-009	1.1518e-008	1.839e-008	2.4765e-008	3.0653e-008	3.8668e-008	4.697e-008	5.6843e-008	6.5332e-008	7.1614e-008	7.5405e-008	7.9238e-008	8.1869e-008	8.4398e-008	8.5685e-008	8.6892e-008	8.8364e-008	8.9189e-008	9.0971e-008	9.1277e-008	9.1498e-008	9.1999e-008	9.1192e-008	9.0399e-008	8.8846e-008	8.7716e-008	8.5271e-008	8.4722e-008	8.2558e-008	8.0831e-008	7.9042e-008	7.7188e-008	7.4835e-008	7.1465e-008	6.9157e-008	6.6394e-008	6.3992e-008	6.1633e-008	5.9721e-008	5.8249e-008	5.6301e-008	5.4319e-008	5.2602e-008	4.7981e-008	4.7306e-008	4.2534e-008	3.7627e-008	3.8122e-008	3.5913e-008	3.3689e-008	3.0576e-008	2.8041e-008	2.6242e-008	2.4183e-008	2.0884e-008	1.9723e-008	1.7846e-008	1.6115e-008	1.4683e-008	1.0562e-008	7.43e-009	6.241e-009	4.3031e-009	4.0461e-009	3.3203e-009	2.9235e-009	2.9248e-009	2.2784e-009	2.5332e-009	2.8718e-009	2.7516e-009	3.709e-009	3.293e-009	2.8551e-009	3.0275e-009	3.9574e-009	4.9675e-009	5.9065e-009	8.1923e-009	1.153e-008	1.3875e-008	1.8167e-008	2.1521e-008	2.7685e-008	3.3281e-008	3.968e-008	4.5487e-008	5.1957e-008	5.9742e-008	6.8083e-008	7.3753e-008	7.7648e-008	8.1447e-008	8.4597e-008	8.5985e-008	8.8291e-008	9.0799e-008	9.2445e-008	9.4745e-008	9.4119e-008	9.45e-008	9.4354e-008	9.4004e-008	9.289e-008	9.1569e-008	8.9198e-008	8.5609e-008	8.3226e-008	8.0718e-008	7.9168e-008	7.7139e-008	7.6031e-008	7.3335e-008	7.1189e-008	6.8729e-008	6.6604e-008	6.5664e-008	6.3182e-008	6.0405e-008	5.8338e-008	5.5029e-008	5.4045e-008	5.1466e-008	4.9257e-008	4.6606e-008	4.3679e-008	4.2144e-008	3.9485e-008	3.6793e-008	3.4471e-008	3.0196e-008	2.8201e-008	2.6281e-008	2.455e-008	2.1745e-008	2.0444e-008	1.823e-008	1.4865e-008	1.281e-008	1.0872e-008	8.5137e-009	7.2269e-009	6.2651e-009	5.8297e-009	5.426e-009	5.4532e-009	5.3397e-009	4.9033e-009	5.4652e-009	5.2724e-009	4.6602e-009	4.5307e-009	4.5262e-009	5.1623e-009	4.6065e-009	4.7004e-009	5.1402e-009	5.5831e-009	6.3781e-009	7.1322e-009	9.4771e-009	1.1488e-008	1.7004e-008	2.119e-008	2.3968e-008	3.3127e-008	4.305e-008	4.9029e-008	5.5041e-008	6.0458e-008	6.6042e-008	7.1443e-008	7.7592e-008	8.4383e-008	8.7357e-008	9.0329e-008	9.1383e-008	9.206e-008	9.2708e-008	9.3308e-008	9.5519e-008	9.5865e-008	9.5402e-008	9.4114e-008	9.2552e-008	9.1981e-008	9.1385e-008	9.0623e-008	8.7866e-008	8.5543e-008	8.3548e-008	8.1273e-008	7.9496e-008	7.6698e-008	7.417e-008	7.1879e-008	6.8218e-008	6.5052e-008	6.2573e-008	6.1996e-008	6.0748e-008	5.9456e-008	5.6848e-008	4.9522e-008	4.9417e-008	4.8271e-008	4.5461e-008	4.2576e-008	3.9986e-008	3.7603e-008	3.5157e-008	3.3223e-008	3.1549e-008	2.7309e-008	2.4542e-008	2.2335e-008	2.1142e-008	1.8432e-008	1.4342e-008	1.24e-008	1.0694e-008	9.0704e-009	7.2302e-009	6.232e-009	5.1704e-009	4.4331e-009	4.066e-009	4.0437e-009	3.5232e-009	3.5128e-009	4.3424e-009	4.5239e-009	4.2325e-009	4.5825e-009	4.619e-009	4.8402e-009	4.8667e-009	5.6055e-009	5.7832e-009	6.5494e-009	8.246e-009	1.141e-008	1.3787e-008	2.0107e-008	2.7177e-008	3.3581e-008	4.1752e-008	4.9788e-008	5.7364e-008	6.2143e-008	6.7808e-008	7.4575e-008	7.9526e-008	8.4229e-008	8.5352e-008	8.7949e-008	8.9544e-008	9.0569e-008	9.1759e-008	9.1826e-008	9.2689e-008	9.2827e-008	9.3307e-008	9.3535e-008	9.3273e-008	9.2587e-008	9.0627e-008	8.9376e-008	8.7074e-008	8.5121e-008	8.2261e-008	8.0577e-008	7.8131e-008	7.5937e-008	7.5534e-008	7.408e-008	7.1755e-008	6.9625e-008	6.7356e-008	6.5634e-008	6.2505e-008	5.9197e-008	5.705e-008	5.4819e-008	5.1854e-008	4.975e-008	4.7024e-008	4.4498e-008	4.2561e-008	4.012e-008	3.8284e-008	3.3723e-008	3.0926e-008	2.8078e-008	2.5861e-008	2.3631e-008	2.2773e-008	2.1063e-008	1.7715e-008	1.6502e-008	1.2682e-008	1.1806e-008	1.0116e-008	8.477e-009	6.4971e-009	5.3421e-009	4.5412e-009	4.0216e-009	4.6267e-009	4.7683e-009	4.5493e-009	4.5765e-009	5.5051e-009	5.5689e-009	5.8648e-009	6.7381e-009	8.7237e-009	1.1068e-008	1.3285e-008	1.5603e-008	1.9943e-008	2.2864e-008	2.5982e-008	3.0432e-008	3.6346e-008	4.0581e-008	4.4552e-008	4.7826e-008	5.2862e-008	5.9878e-008	6.4886e-008	7.0316e-008	7.4677e-008	7.844e-008	8.0253e-008	8.3121e-008	8.6034e-008	8.7146e-008	8.9674e-008	9.0266e-008	9.083e-008	9.1349e-008	9.1933e-008	9.2915e-008	9.2446e-008	9.1724e-008	9.0777e-008	8.776e-008	8.5942e-008	8.2986e-008	8.0444e-008	7.842e-008	7.6104e-008	7.4496e-008	7.3518e-008	7.2843e-008	7.0945e-008	6.8566e-008	6.6277e-008	6.4121e-008	6.0289e-008	5.6865e-008	5.6202e-008	5.3813e-008	5.0771e-008	4.759e-008	4.6281e-008	4.2226e-008	4.066e-008	3.726e-008	3.2243e-008	3.1485e-008	3.0246e-008	2.7955e-008	2.5529e-008	2.2937e-008	2.0804e-008	1.8826e-008	1.5617e-008	1.3514e-008	1.1694e-008	1.0036e-008	7.846e-009	6.6044e-009	5.7405e-009	5.0947e-009	4.5294e-009	4.4319e-009	4.1853e-009	4.1185e-009	3.7507e-009	3.7597e-009	4.4878e-009	4.541e-009	4.7402e-009	4.7823e-009	4.5563e-009	5.3161e-009	6.5509e-009	8.0761e-009	1.039e-008	1.2765e-008	1.652e-008	1.9655e-008	2.4994e-008	3.0731e-008	3.6888e-008	4.4955e-008	5.204e-008	5.865e-008	6.4536e-008	6.9112e-008	7.3678e-008	7.9056e-008	8.1064e-008	8.3787e-008	8.6769e-008	8.7343e-008	8.7954e-008	8.9766e-008	9.0376e-008	9.0371e-008	8.9788e-008	8.9053e-008	8.8713e-008	8.8243e-008	8.7406e-008	8.6402e-008	8.4044e-008	8.3669e-008	8.2704e-008	8.0795e-008	7.7383e-008	7.4666e-008	7.2792e-008	7.0902e-008	6.936e-008	6.7211e-008	6.6688e-008	6.4235e-008	6.1144e-008	5.8333e-008	5.7169e-008	5.5643e-008	5.4562e-008	5.2442e-008	5.0532e-008	4.8556e-008	4.3394e-008	4.211e-008	3.8386e-008	3.6815e-008	3.2933e-008	3.1149e-008	2.8974e-008	2.5104e-008	2.3852e-008	1.955e-008	1.8179e-008	1.4511e-008	9.9709e-009	8.9337e-009	6.9546e-009	5.3492e-009	4.7121e-009	4.5695e-009	4.1185e-009	4.3077e-009	4.2954e-009	4.048e-009	3.7143e-009	3.7783e-009	4.1013e-009	4.068e-009	4.0254e-009	4.5486e-009	4.7579e-009	5.3666e-009	5.6148e-009	6.9678e-009	1.0042e-008	1.2497e-008	1.6424e-008	2.2327e-008	2.8363e-008	3.5713e-008	4.3112e-008	5.03e-008	5.6182e-008	6.0451e-008	6.4327e-008	6.7805e-008	7.2426e-008	7.7963e-008	8.0379e-008	8.534e-008	8.8697e-008	8.9962e-008	9.1803e-008	9.3088e-008	9.4393e-008	9.6331e-008
2.3025e-009	2.4556e-009	2.6669e-009	2.4714e-009	2.3833e-009	2.9719e-009	3.0219e-009	3.4349e-009	4.0554e-009	4.9776e-009	7.4577e-009	1.1616e-008	1.8937e-008	2.5537e-008	3.1112e-008	3.7928e-008	4.8085e-008	5.9505e-008	6.5129e-008	7.0181e-008	7.7962e-008	8.0086e-008	8.3931e-008	8.4955e-008	8.6023e-008	8.7439e-008	8.8599e-008	8.977e-008	9.1431e-008	9.1886e-008	9.191e-008	9.2147e-008	9.1282e-008	9.1195e-008	8.9899e-008	8.8555e-008	8.7618e-008	8.5995e-008	8.3031e-008	8.136e-008	7.9589e-008	7.6997e-008	7.4985e-008	7.2446e-008	6.9427e-008	6.6543e-008	6.3617e-008	6.1199e-008	6.0037e-008	5.8995e-008	5.5966e-008	5.4259e-008	5.2822e-008	4.9304e-008	4.7323e-008	4.3887e-008	4.0819e-008	3.8781e-008	3.553e-008	3.2927e-008	3.0314e-008	2.8825e-008	2.6782e-008	2.4879e-008	2.2477e-008	1.9815e-008	1.7823e-008	1.5557e-008	1.2754e-008	1.1405e-008	9.5399e-009	7.1846e-009	6.1163e-009	5.0781e-009	3.8822e-009	3.1363e-009	2.5654e-009	2.1961e-009	2.7559e-009	3.2933e-009	3.5651e-009	3.8182e-009	3.3054e-009	2.8949e-009	3.1713e-009	4.0207e-009	4.7123e-009	6.1486e-009	7.4959e-009	1.0572e-008	1.3601e-008	1.7402e-008	2.1591e-008	2.7326e-008	3.3389e-008	3.9974e-008	4.5941e-008	5.316e-008	5.9654e-008	6.711e-008	7.3152e-008	7.8315e-008	8.2632e-008	8.456e-008	8.7415e-008	8.9494e-008	9.1649e-008	9.3643e-008	9.3959e-008	9.3701e-008	9.3844e-008	9.4169e-008	9.4105e-008	9.4109e-008	9.2113e-008	8.9339e-008	8.6421e-008	8.4271e-008	8.23e-008	7.9482e-008	7.7851e-008	7.5715e-008	7.3523e-008	7.1424e-008	6.966e-008	6.6719e-008	6.5417e-008	6.4046e-008	6.1262e-008	5.9435e-008	5.6714e-008	5.1716e-008	5.0616e-008	4.8865e-008	4.689e-008	4.4543e-008	4.2181e-008	3.9101e-008	3.7603e-008	3.372e-008	2.9761e-008	2.8777e-008	2.6275e-008	2.4116e-008	2.2148e-008	1.9311e-008	1.6818e-008	1.4022e-008	1.2809e-008	1.0633e-008	8.2949e-009	6.5519e-009	6.1068e-009	6.2163e-009	5.3082e-009	5.4854e-009	5.4922e-009	5.4585e-009	5.6635e-009	5.2073e-009	4.7685e-009	4.3998e-009	4.6437e-009	4.7359e-009	4.5007e-009	4.916e-009	5.2021e-009	6.1525e-009	6.7151e-009	7.5472e-009	9.5393e-009	1.3967e-008	1.6477e-008	2.0925e-008	2.5092e-008	3.0428e-008	4.3069e-008	5.0105e-008	5.5858e-008	6.235e-008	6.7526e-008	7.2515e-008	7.8178e-008	8.4527e-008	8.7248e-008	9.0658e-008	9.208e-008	9.3048e-008	9.3494e-008	9.4217e-008	9.517e-008	9.5857e-008	9.487e-008	9.3973e-008	9.2311e-008	9.191e-008	9.1136e-008	9.0838e-008	8.9811e-008	8.7486e-008	8.5005e-008	8.245e-008	7.9468e-008	7.6584e-008	7.4112e-008	7.2002e-008	6.8076e-008	6.532e-008	6.3533e-008	6.1851e-008	6.0714e-008	5.9409e-008	5.8102e-008	5.4986e-008	4.8833e-008	4.7897e-008	4.4971e-008	4.251e-008	4.0115e-008	3.7653e-008	3.5011e-008	3.3372e-008	3.223e-008	2.8264e-008	2.5212e-008	2.3715e-008	2.087e-008	1.8493e-008	1.5165e-008	1.4118e-008	1.2213e-008	9.7328e-009	8.0646e-009	6.3637e-009	5.5312e-009	5.4378e-009	4.4023e-009	4.7163e-009	4.4737e-009	4.2393e-009	3.7714e-009	3.9288e-009	4.9985e-009	4.8636e-009	4.7963e-009	5.3284e-009	5.1303e-009	6.1318e-009	6.6133e-009	7.2879e-009	9.6382e-009	1.2046e-008	1.5531e-008	2.1758e-008	2.8058e-008	3.4258e-008	4.094e-008	4.9123e-008	5.5403e-008	6.1729e-008	6.7933e-008	7.3827e-008	7.7779e-008	8.3379e-008	8.6637e-008	8.7732e-008	8.9347e-008	9.0416e-008	9.2184e-008	9.2984e-008	9.3338e-008	9.2928e-008	9.306e-008	9.2861e-008	9.2508e-008	9.1665e-008	9.0725e-008	8.8852e-008	8.7094e-008	8.5582e-008	8.2184e-008	8.0739e-008	7.9513e-008	7.6538e-008	7.5438e-008	7.404e-008	7.2092e-008	6.999e-008	6.7917e-008	6.5682e-008	6.35e-008	6.0251e-008	5.754e-008	5.4372e-008	5.1095e-008	4.858e-008	4.663e-008	4.4078e-008	4.1671e-008	3.9008e-008	3.7484e-008	3.4515e-008	3.112e-008	2.9272e-008	2.6649e-008	2.5532e-008	2.3731e-008	2.1413e-008	1.9274e-008	1.6941e-008	1.5196e-008	1.2952e-008	1.0953e-008	8.7188e-009	6.9796e-009	5.5605e-009	5.0833e-009	4.5529e-009	4.8725e-009	4.5908e-009	4.8739e-009	4.8203e-009	5.1593e-009	5.3003e-009	5.8769e-009	7.0543e-009	8.8128e-009	1.0872e-008	1.4006e-008	1.7226e-008	1.9514e-008	2.3229e-008	2.6785e-008	3.227e-008	3.6332e-008	4.08e-008	4.6051e-008	4.8634e-008	5.5023e-008	6.1569e-008	6.8177e-008	7.169e-008	7.5466e-008	7.8112e-008	8.1879e-008	8.423e-008	8.677e-008	8.833e-008	8.9552e-008	9.0229e-008	9.0779e-008	9.1804e-008	9.2429e-008	9.2394e-008	9.2297e-008	9.1515e-008	9.0282e-008	8.7611e-008	8.464e-008	8.1999e-008	7.9833e-008	7.8353e-008	7.6676e-008	7.5055e-008	7.3237e-008	7.1755e-008	7.0104e-008	6.7972e-008	6.6406e-008	6.4828e-008	6.2728e-008	5.8837e-008	5.6715e-008	5.4425e-008	5.0024e-008	4.8991e-008	4.6138e-008	4.3552e-008	4.0745e-008	3.8487e-008	3.6165e-008	3.2481e-008	3.1083e-008	2.733e-008	2.4471e-008	2.2449e-008	2.0284e-008	1.8501e-008	1.5142e-008	1.3463e-008	1.1679e-008	9.4448e-009	7.3546e-009	6.6668e-009	6.0431e-009	5.4803e-009	5.3115e-009	4.8145e-009	3.978e-009	4.1281e-009	4.2949e-009	4.3435e-009	4.1866e-009	4.6902e-009	4.9813e-009	5.3799e-009	5.5271e-009	6.1184e-009	6.9853e-009	8.0942e-009	1.0938e-008	1.3611e-008	1.703e-008	1.9694e-008	2.4974e-008	3.0693e-008	3.7549e-008	4.4554e-008	5.165e-008	5.8822e-008	6.4834e-008	7.0351e-008	7.4183e-008	7.9135e-008	8.0501e-008	8.4345e-008	8.7011e-008	8.7696e-008	8.8752e-008	9.0077e-008	9.0432e-008	9.07e-008	9.0776e-008	9.0101e-008	8.9491e-008	8.8822e-008	8.756e-008	8.6553e-008	8.4878e-008	8.3516e-008	8.231e-008	8.1115e-008	7.7749e-008	7.5187e-008	7.3452e-008	7.1541e-008	7.1346e-008	6.8755e-008	6.6681e-008	6.5088e-008	6.1157e-008	5.8879e-008	5.803e-008	5.6911e-008	5.6228e-008	5.224e-008	5.0625e-008	4.8076e-008	4.4118e-008	4.2889e-008	3.9309e-008	3.7124e-008	3.3647e-008	3.1159e-008	2.8859e-008	2.7039e-008	2.415e-008	1.9637e-008	1.7473e-008	1.5264e-008	1.2009e-008	9.3758e-009	7.8575e-009	6.4634e-009	5.4209e-009	5.0919e-009	4.3877e-009	4.3433e-009	4.3216e-009	4.2016e-009	4.0972e-009	3.7125e-009	4.1218e-009	4.3837e-009	4.4249e-009	4.561e-009	4.8666e-009	5.2337e-009	6.0137e-009	7.1772e-009	9.9308e-009	1.2662e-008	1.6863e-008	2.3187e-008	2.9258e-008	3.5772e-008	4.3852e-008	5.0524e-008	5.645e-008	6.0387e-008	6.2434e-008	6.7782e-008	7.3595e-008	7.7212e-008	8.0307e-008	8.5121e-008	8.7611e-008	8.9711e-008	9.1005e-008	9.3782e-008	9.4533e-008	9.627e-008
2.2109e-009	2.7915e-009	2.3452e-009	2.3801e-009	2.7148e-009	2.2421e-009	2.3161e-009	3.0078e-009	3.8469e-009	4.6398e-009	7.5691e-009	1.2155e-008	1.8664e-008	2.5685e-008	3.1164e-008	3.6741e-008	4.5851e-008	5.9035e-008	6.7329e-008	7.3106e-008	7.8162e-008	7.9751e-008	8.2367e-008	8.6576e-008	8.8066e-008	8.8318e-008	8.9859e-008	9.0839e-008	9.1499e-008	9.1957e-008	9.1887e-008	9.2103e-008	9.1982e-008	9.1436e-008	8.9828e-008	8.8642e-008	8.7053e-008	8.6089e-008	8.3791e-008	8.131e-008	7.9004e-008	7.6688e-008	7.4872e-008	7.2246e-008	6.742e-008	6.5219e-008	6.2817e-008	6.1263e-008	5.9434e-008	5.8454e-008	5.6776e-008	5.57e-008	5.3331e-008	4.9023e-008	4.687e-008	4.4599e-008	4.2034e-008	3.9459e-008	3.6348e-008	3.3108e-008	3.0804e-008	2.9161e-008	2.705e-008	2.3782e-008	2.213e-008	1.9477e-008	1.7683e-008	1.5732e-008	1.3729e-008	1.1371e-008	8.9631e-009	7.684e-009	6.1573e-009	4.896e-009	3.6712e-009	3.4681e-009	2.7171e-009	2.2685e-009	2.8844e-009	3.1328e-009	3.2155e-009	3.0885e-009	2.6156e-009	2.8391e-009	3.4707e-009	3.7029e-009	4.6486e-009	5.4187e-009	7.339e-009	1.0522e-008	1.4103e-008	1.6846e-008	2.1524e-008	2.6306e-008	3.2662e-008	3.9433e-008	4.6131e-008	5.3717e-008	6.0695e-008	6.7776e-008	7.3154e-008	7.7855e-008	8.2187e-008	8.5378e-008	8.6949e-008	8.9734e-008	9.1538e-008	9.2287e-008	9.2612e-008	9.3169e-008	9.3677e-008	9.3177e-008	9.2608e-008	9.286e-008	9.1706e-008	8.9198e-008	8.6345e-008	8.5001e-008	8.1202e-008	7.9007e-008	7.7697e-008	7.5481e-008	7.3846e-008	7.1845e-008	7.0384e-008	6.7903e-008	6.5846e-008	6.3423e-008	6.0844e-008	5.8281e-008	5.5402e-008	5.0622e-008	4.9627e-008	4.7769e-008	4.5853e-008	4.4153e-008	4.144e-008	3.7904e-008	3.4802e-008	3.1559e-008	2.9655e-008	2.8312e-008	2.6001e-008	2.3408e-008	2.113e-008	1.7137e-008	1.5879e-008	1.3858e-008	1.2343e-008	1.0435e-008	7.8966e-009	6.3451e-009	6.2126e-009	5.4241e-009	5.6358e-009	5.5603e-009	5.7214e-009	5.5887e-009	5.3575e-009	4.8925e-009	5.07e-009	4.9781e-009	5.0117e-009	4.8737e-009	4.7016e-009	5.141e-009	5.0646e-009	5.9197e-009	6.635e-009	7.4383e-009	9.7375e-009	1.3353e-008	1.6292e-008	2.2165e-008	2.5474e-008	3.2748e-008	4.283e-008	5.0591e-008	5.598e-008	6.2663e-008	6.5699e-008	7.1775e-008	7.882e-008	8.3835e-008	8.9314e-008	9.0685e-008	9.2089e-008	9.422e-008	9.4501e-008	9.4101e-008	9.4916e-008	9.4964e-008	9.4432e-008	9.3393e-008	9.198e-008	9.098e-008	9.0366e-008	8.9585e-008	8.853e-008	8.5825e-008	8.4704e-008	8.2367e-008	7.9453e-008	7.6768e-008	7.34e-008	7.1195e-008	6.8892e-008	6.5457e-008	6.4181e-008	6.1783e-008	6.065e-008	5.892e-008	5.7128e-008	5.461e-008	5.0283e-008	4.8103e-008	4.4011e-008	4.2332e-008	3.9994e-008	3.7604e-008	3.4455e-008	3.3684e-008	3.244e-008	2.8981e-008	2.6386e-008	2.4097e-008	2.2061e-008	1.8613e-008	1.5813e-008	1.4431e-008	1.2036e-008	9.9377e-009	7.9642e-009	6.4123e-009	5.5571e-009	5.6219e-009	4.9787e-009	4.7831e-009	4.5081e-009	4.2265e-009	3.707e-009	4.0931e-009	4.2889e-009	4.7591e-009	4.7893e-009	4.6581e-009	5.4578e-009	5.9532e-009	6.3119e-009	7.7767e-009	8.857e-009	1.2873e-008	1.6559e-008	2.1495e-008	2.8416e-008	3.4673e-008	4.1619e-008	4.9291e-008	5.7041e-008	6.1104e-008	6.6721e-008	7.1832e-008	7.5919e-008	8.0635e-008	8.6223e-008	8.7711e-008	8.9443e-008	9.0124e-008	9.2669e-008	9.3188e-008	9.3996e-008	9.3086e-008	9.2503e-008	9.2305e-008	9.1397e-008	9.0665e-008	9.0301e-008	8.8804e-008	8.6641e-008	8.4935e-008	8.2731e-008	8.0673e-008	7.9352e-008	7.6488e-008	7.461e-008	7.296e-008	7.173e-008	6.9122e-008	6.7907e-008	6.5774e-008	6.2779e-008	5.9152e-008	5.6508e-008	5.305e-008	5.0165e-008	4.8443e-008	4.5764e-008	4.482e-008	4.1333e-008	3.9394e-008	3.7015e-008	3.5147e-008	3.1688e-008	3.0258e-008	2.6753e-008	2.593e-008	2.3127e-008	2.1143e-008	1.8687e-008	1.6926e-008	1.4595e-008	1.2636e-008	1.0565e-008	9.1352e-009	6.8038e-009	6.0599e-009	5.5863e-009	4.7643e-009	4.5354e-009	4.1678e-009	4.5078e-009	4.7803e-009	4.7772e-009	5.1202e-009	5.4877e-009	6.8237e-009	8.7461e-009	1.0999e-008	1.406e-008	1.6188e-008	1.9093e-008	2.2432e-008	2.7591e-008	3.167e-008	3.7061e-008	4.2158e-008	4.5817e-008	5.0179e-008	5.5738e-008	6.3109e-008	7e-008	7.3097e-008	7.8173e-008	8.0021e-008	8.2808e-008	8.4837e-008	8.6701e-008	8.8777e-008	9.0063e-008	9.1556e-008	9.1489e-008	9.1829e-008	9.2804e-008	9.2543e-008	9.2158e-008	9.1676e-008	9.0397e-008	8.832e-008	8.5735e-008	8.1335e-008	7.9587e-008	7.7997e-008	7.7113e-008	7.5032e-008	7.3036e-008	7.0298e-008	6.8433e-008	6.6196e-008	6.5331e-008	6.3807e-008	6.1058e-008	5.79e-008	5.5689e-008	5.3759e-008	5.093e-008	4.8559e-008	4.6104e-008	4.2648e-008	4.0984e-008	3.803e-008	3.5293e-008	3.3295e-008	3.0833e-008	2.7066e-008	2.4601e-008	2.2523e-008	2.0449e-008	1.7678e-008	1.5208e-008	1.3203e-008	1.1233e-008	8.9349e-009	7.5407e-009	6.0985e-009	5.3615e-009	5.0458e-009	5.2599e-009	3.8932e-009	3.7025e-009	3.8165e-009	4.2082e-009	4.2275e-009	4.2003e-009	4.5314e-009	5.0414e-009	5.1974e-009	5.346e-009	6.003e-009	7.2689e-009	8.5316e-009	1.0197e-008	1.3752e-008	1.7253e-008	2.0105e-008	2.369e-008	3.1206e-008	3.7415e-008	4.4556e-008	5.076e-008	5.605e-008	6.1976e-008	6.9537e-008	7.3091e-008	7.8227e-008	8.1522e-008	8.5397e-008	8.7708e-008	8.8862e-008	8.9457e-008	8.9806e-008	9.1155e-008	9.1243e-008	9.1173e-008	9.0568e-008	8.9981e-008	8.9309e-008	8.7683e-008	8.5888e-008	8.4797e-008	8.3338e-008	8.2306e-008	8.0605e-008	7.845e-008	7.545e-008	7.3677e-008	7.2758e-008	7.1338e-008	6.877e-008	6.6548e-008	6.4344e-008	6.0378e-008	5.9599e-008	5.8068e-008	5.712e-008	5.5115e-008	5.2418e-008	5.0558e-008	4.8361e-008	4.5607e-008	4.2854e-008	4.1095e-008	3.868e-008	3.4634e-008	3.2476e-008	3.0214e-008	2.7389e-008	2.401e-008	2.1689e-008	1.7702e-008	1.5544e-008	1.1553e-008	9.6678e-009	7.6178e-009	6.7831e-009	5.8566e-009	4.8635e-009	4.2136e-009	4.0275e-009	4.3989e-009	4.7841e-009	4.2558e-009	3.9758e-009	3.409e-009	4.2251e-009	4.3593e-009	4.2994e-009	4.7199e-009	4.7248e-009	5.4116e-009	7.1604e-009	8.541e-009	1.2587e-008	1.596e-008	2.1894e-008	2.8067e-008	3.5564e-008	4.4441e-008	5.001e-008	5.7453e-008	6.0738e-008	6.4572e-008	6.8679e-008	7.3112e-008	7.6725e-008	8.0513e-008	8.4402e-008	8.6483e-008	8.8457e-008	9.154e-008	9.3906e-008	9.5067e-008	9.6601e-008
1.8691e-009	2.3826e-009	1.9672e-009	2.3068e-009	2.4817e-009	2.4446e-009	2.7918e-009	3.4917e-009	3.9334e-009	5.3552e-009	8.1862e-009	1.2142e-008	1.7348e-008	2.522e-008	3.1131e-008	3.7083e-008	4.5395e-008	5.6679e-008	6.5165e-008	7.2828e-008	7.6989e-008	7.8178e-008	8.2195e-008	8.6609e-008	8.8083e-008	8.8624e-008	8.9588e-008	9.0347e-008	9.1619e-008	9.1829e-008	9.2073e-008	9.2201e-008	9.2295e-008	9.2277e-008	9.0153e-008	8.8276e-008	8.6803e-008	8.5203e-008	8.3508e-008	8.0247e-008	7.8746e-008	7.6814e-008	7.4481e-008	7.1677e-008	6.9583e-008	6.6061e-008	6.2913e-008	6.1495e-008	5.9585e-008	5.7967e-008	5.5947e-008	5.4366e-008	5.2866e-008	4.9111e-008	4.5695e-008	4.3374e-008	4.0947e-008	3.8049e-008	3.5068e-008	3.3493e-008	3.0996e-008	2.9256e-008	2.7626e-008	2.5393e-008	2.2723e-008	1.9305e-008	1.795e-008	1.6041e-008	1.4153e-008	1.1641e-008	8.942e-009	7.5262e-009	5.7667e-009	4.559e-009	3.9975e-009	3.5381e-009	3.0743e-009	2.341e-009	2.8105e-009	3.4759e-009	3.4018e-009	3.0494e-009	3.5914e-009	3.301e-009	3.93e-009	3.6219e-009	4.4258e-009	4.9368e-009	7.4643e-009	9.41e-009	1.3463e-008	1.7237e-008	2.134e-008	2.7035e-008	3.359e-008	4.0218e-008	4.7406e-008	5.4546e-008	6.1634e-008	6.8179e-008	7.3602e-008	7.8413e-008	8.2394e-008	8.5493e-008	8.7974e-008	8.9442e-008	9.1053e-008	9.199e-008	9.2554e-008	9.3028e-008	9.3141e-008	9.2261e-008	9.1947e-008	9.1598e-008	9.0865e-008	8.7746e-008	8.6776e-008	8.3899e-008	8.0639e-008	7.8666e-008	7.7718e-008	7.5374e-008	7.4513e-008	7.3296e-008	7.0385e-008	6.7539e-008	6.5718e-008	6.3013e-008	6.1597e-008	5.8154e-008	5.5331e-008	5.2245e-008	4.8552e-008	4.707e-008	4.4735e-008	4.3123e-008	4.0521e-008	3.8095e-008	3.518e-008	3.2598e-008	2.8927e-008	2.7277e-008	2.5278e-008	2.1782e-008	1.9707e-008	1.7476e-008	1.5311e-008	1.4031e-008	1.172e-008	9.4407e-009	8.3617e-009	6.7591e-009	5.8474e-009	5.6098e-009	6.066e-009	5.9773e-009	5.7526e-009	5.7292e-009	5.8217e-009	5.6818e-009	5.6085e-009	5.762e-009	5.3615e-009	5.3786e-009	4.9884e-009	5.4925e-009	5.8993e-009	6.1195e-009	6.9075e-009	7.9882e-009	1.009e-008	1.3742e-008	1.8441e-008	2.1909e-008	2.7245e-008	3.4495e-008	4.2342e-008	4.9771e-008	5.6354e-008	6.2765e-008	6.7389e-008	7.34e-008	7.8884e-008	8.5486e-008	8.8222e-008	9.2001e-008	9.4096e-008	9.4954e-008	9.4587e-008	9.4483e-008	9.491e-008	9.5448e-008	9.464e-008	9.3538e-008	9.2739e-008	9.1111e-008	8.9987e-008	8.874e-008	8.7684e-008	8.5881e-008	8.3839e-008	8.1781e-008	7.8198e-008	7.609e-008	7.2969e-008	7.0859e-008	6.8669e-008	6.61e-008	6.4006e-008	6.2162e-008	6.034e-008	5.8591e-008	5.667e-008	5.2726e-008	4.9992e-008	4.7481e-008	4.3953e-008	4.2183e-008	3.9415e-008	3.7384e-008	3.5542e-008	3.3826e-008	3.2191e-008	2.9947e-008	2.7451e-008	2.3038e-008	2.2319e-008	1.7939e-008	1.5002e-008	1.4384e-008	1.3182e-008	1.0791e-008	7.9217e-009	7.9782e-009	6.0756e-009	5.771e-009	4.9165e-009	4.9953e-009	4.8422e-009	5.3592e-009	4.1241e-009	4.1601e-009	4.6888e-009	5.2848e-009	5.1351e-009	5.1015e-009	5.1815e-009	6.2176e-009	6.6849e-009	8.4606e-009	9.8111e-009	1.3614e-008	1.7554e-008	2.3743e-008	3.001e-008	3.6376e-008	4.2775e-008	5.0583e-008	5.8055e-008	6.3474e-008	6.7179e-008	7.1745e-008	7.8142e-008	8.1519e-008	8.5039e-008	8.74e-008	8.8684e-008	9.0817e-008	9.2217e-008	9.3391e-008	9.3408e-008	9.2944e-008	9.2493e-008	9.2113e-008	9.1243e-008	9.0927e-008	8.9805e-008	8.825e-008	8.6257e-008	8.3905e-008	8.2954e-008	8.2022e-008	7.9231e-008	7.6635e-008	7.4597e-008	7.3162e-008	7.1801e-008	7.0607e-008	6.69e-008	6.5633e-008	6.2515e-008	5.7417e-008	5.613e-008	5.3545e-008	5.0378e-008	4.91e-008	4.7378e-008	4.4501e-008	4.299e-008	3.7469e-008	3.6385e-008	3.4866e-008	3.2607e-008	3.0628e-008	2.7079e-008	2.5672e-008	2.2538e-008	2.1458e-008	1.9076e-008	1.709e-008	1.5401e-008	1.2945e-008	1.0315e-008	8.5986e-009	7.1107e-009	6.4094e-009	5.7691e-009	5.4978e-009	4.9673e-009	4.9951e-009	4.6207e-009	5.1385e-009	5.1663e-009	5.2652e-009	5.7854e-009	7.0834e-009	7.6582e-009	1.0546e-008	1.2485e-008	1.5358e-008	1.9742e-008	2.3145e-008	2.5764e-008	3.075e-008	3.4989e-008	4.1706e-008	4.6241e-008	5.0557e-008	5.6814e-008	6.5724e-008	7.0336e-008	7.4668e-008	7.807e-008	8.212e-008	8.3184e-008	8.5052e-008	8.7712e-008	8.9741e-008	9.1606e-008	9.2094e-008	9.2389e-008	9.3356e-008	9.312e-008	9.3195e-008	9.2798e-008	9.1646e-008	9.0194e-008	8.7897e-008	8.2848e-008	8.1023e-008	7.9899e-008	7.858e-008	7.6638e-008	7.518e-008	7.2863e-008	6.9787e-008	6.798e-008	6.5761e-008	6.4517e-008	6.265e-008	5.8846e-008	5.7852e-008	5.6122e-008	5.4057e-008	5.0979e-008	4.7226e-008	4.5868e-008	4.1293e-008	3.9628e-008	3.8524e-008	3.5518e-008	3.3316e-008	2.9065e-008	2.6682e-008	2.5434e-008	2.2633e-008	1.9765e-008	1.7524e-008	1.4782e-008	1.362e-008	1.1551e-008	9.4109e-009	7.2075e-009	5.6648e-009	5.3722e-009	4.974e-009	4.7857e-009	4.3618e-009	3.9746e-009	4.6371e-009	4.6707e-009	4.6504e-009	4.8186e-009	4.6048e-009	5.044e-009	5.8485e-009	5.4884e-009	5.7949e-009	7.5276e-009	9.0338e-009	1.125e-008	1.4224e-008	1.7566e-008	2.0589e-008	2.4802e-008	3.1161e-008	3.7718e-008	4.4262e-008	5.0024e-008	5.6618e-008	6.3319e-008	6.8233e-008	7.2572e-008	7.695e-008	8.1633e-008	8.506e-008	8.8303e-008	8.9548e-008	9.0193e-008	9.1379e-008	9.2332e-008	9.2523e-008	9.2074e-008	9.1419e-008	9.0597e-008	8.98e-008	8.9453e-008	8.7809e-008	8.6818e-008	8.3246e-008	8.2795e-008	8.1238e-008	7.8778e-008	7.717e-008	7.452e-008	7.3856e-008	7.2156e-008	7.111e-008	6.8634e-008	6.4216e-008	6.3158e-008	6.0539e-008	5.8646e-008	5.7411e-008	5.6618e-008	5.2873e-008	5.0274e-008	4.8363e-008	4.5976e-008	4.3287e-008	4.1447e-008	3.8821e-008	3.5715e-008	3.3747e-008	3.0061e-008	2.7791e-008	2.3826e-008	2.1271e-008	1.8544e-008	1.5417e-008	1.1771e-008	1.0106e-008	8.462e-009	7.2234e-009	6.0332e-009	4.8259e-009	5.1675e-009	4.6469e-009	4.1629e-009	4.1967e-009	4.1593e-009	4.1801e-009	4.3362e-009	4.659e-009	4.3165e-009	4.3913e-009	4.9862e-009	5.3055e-009	6.1584e-009	7.3083e-009	9.7929e-009	1.3001e-008	1.5842e-008	2.1444e-008	2.577e-008	3.4884e-008	4.3844e-008	5.0559e-008	5.6247e-008	6.0283e-008	6.412e-008	6.8488e-008	7.2699e-008	7.8481e-008	8.1568e-008	8.4916e-008	8.8435e-008	8.959e-008	9.0951e-008	9.433e-008	9.5022e-008	9.6229e-008
1.8937e-009	2.3183e-009	2.5623e-009	2.4784e-009	3.0297e-009	3.0193e-009	2.7919e-009	3.1885e-009	3.8493e-009	5.2612e-009	8.3757e-009	1.4036e-008	1.9113e-008	2.549e-008	3.0334e-008	3.5453e-008	4.331e-008	5.4894e-008	6.4075e-008	7.0185e-008	7.6303e-008	7.7707e-008	7.8962e-008	8.6645e-008	8.7525e-008	8.8211e-008	8.9289e-008	9.0701e-008	9.1674e-008	9.2059e-008	9.2579e-008	9.2724e-008	9.2532e-008	9.1834e-008	9.0729e-008	8.8811e-008	8.7321e-008	8.492e-008	8.2089e-008	8.0862e-008	7.9016e-008	7.6769e-008	7.3565e-008	7.1568e-008	7.0141e-008	6.7041e-008	6.3901e-008	6.1263e-008	5.9143e-008	5.7018e-008	5.5526e-008	5.376e-008	5.2075e-008	4.793e-008	4.4742e-008	4.1412e-008	3.8855e-008	3.6995e-008	3.5375e-008	3.3172e-008	3.0611e-008	2.9535e-008	2.7256e-008	2.4771e-008	2.2212e-008	1.9526e-008	1.8115e-008	1.5855e-008	1.4031e-008	1.2019e-008	1.0102e-008	8.1458e-009	5.9941e-009	4.9326e-009	4.1203e-009	3.6403e-009	3.8189e-009	3.5736e-009	3.39e-009	3e-009	3.0897e-009	3.5634e-009	3.4121e-009	3.2233e-009	3.775e-009	3.6725e-009	4.6203e-009	5.3224e-009	7.1894e-009	9.6368e-009	1.2814e-008	1.7097e-008	2.2316e-008	2.7002e-008	3.3839e-008	4.1033e-008	4.7654e-008	5.506e-008	6.2101e-008	6.8394e-008	7.3824e-008	7.7772e-008	8.1311e-008	8.5085e-008	8.7941e-008	8.9021e-008	9.0348e-008	9.1933e-008	9.2021e-008	9.2574e-008	9.2805e-008	9.229e-008	9.1584e-008	9.0857e-008	8.955e-008	8.8517e-008	8.6336e-008	8.5158e-008	7.9293e-008	7.8301e-008	7.7332e-008	7.5164e-008	7.4308e-008	7.2459e-008	7.0026e-008	6.72e-008	6.4884e-008	6.3026e-008	6.1295e-008	5.6963e-008	5.2064e-008	5.1124e-008	4.8957e-008	4.6239e-008	4.4293e-008	4.2577e-008	4.0046e-008	3.7796e-008	3.5447e-008	3.3917e-008	2.8678e-008	2.6026e-008	2.3021e-008	2.0661e-008	1.8809e-008	1.7453e-008	1.5362e-008	1.3354e-008	1.1657e-008	9.2771e-009	7.9184e-009	6.6411e-009	5.9275e-009	6.0938e-009	6.1628e-009	5.9988e-009	6.159e-009	6.1238e-009	5.9187e-009	5.6812e-009	5.7861e-009	6.1808e-009	6.2242e-009	5.5607e-009	5.3468e-009	6.2636e-009	5.7651e-009	5.9807e-009	6.7633e-009	8.062e-009	1.0174e-008	1.2557e-008	1.8377e-008	2.3564e-008	2.9064e-008	3.5536e-008	4.3318e-008	4.9949e-008	5.6487e-008	6.2575e-008	6.8314e-008	7.3206e-008	7.8171e-008	8.4091e-008	8.697e-008	9.2666e-008	9.4379e-008	9.4844e-008	9.4534e-008	9.4639e-008	9.482e-008	9.4974e-008	9.4547e-008	9.39e-008	9.2407e-008	9.1152e-008	8.9411e-008	8.858e-008	8.7376e-008	8.6038e-008	8.4726e-008	8.3014e-008	7.6714e-008	7.483e-008	7.3443e-008	7.1191e-008	6.7509e-008	6.6547e-008	6.3196e-008	6.1503e-008	5.999e-008	5.8917e-008	5.6755e-008	5.3261e-008	5.0742e-008	4.8662e-008	4.5245e-008	4.0695e-008	3.9501e-008	3.7255e-008	3.5598e-008	3.3866e-008	3.2709e-008	2.9176e-008	2.6791e-008	2.4299e-008	2.2269e-008	2.0607e-008	1.6049e-008	1.5903e-008	1.4088e-008	1.2707e-008	1.0404e-008	8.1074e-009	6.7813e-009	5.5557e-009	4.7213e-009	4.7291e-009	5.1304e-009	5.464e-009	4.7069e-009	4.6731e-009	4.8042e-009	5.0861e-009	4.9239e-009	5.5215e-009	6.1378e-009	6.9141e-009	7.3971e-009	8.2964e-009	9.5194e-009	1.3219e-008	1.5696e-008	2.2752e-008	2.9717e-008	3.5262e-008	4.2092e-008	4.9427e-008	5.7381e-008	6.329e-008	6.6777e-008	7.1596e-008	7.4099e-008	8.1194e-008	8.3853e-008	8.6255e-008	8.9338e-008	9.01e-008	9.2514e-008	9.3554e-008	9.3176e-008	9.2395e-008	9.2106e-008	9.1878e-008	9.0966e-008	9.0099e-008	8.9113e-008	8.7977e-008	8.6262e-008	8.5165e-008	8.27e-008	8.2e-008	8.0861e-008	7.7741e-008	7.5352e-008	7.3185e-008	7.0895e-008	6.7697e-008	6.6079e-008	6.4194e-008	6.2109e-008	5.7576e-008	5.5554e-008	5.2216e-008	5.0591e-008	4.8338e-008	4.6426e-008	4.4721e-008	4.328e-008	3.9992e-008	3.5697e-008	3.4033e-008	3.1848e-008	2.9731e-008	2.7979e-008	2.4406e-008	2.1908e-008	2.1343e-008	1.949e-008	1.7711e-008	1.51e-008	1.2839e-008	1.055e-008	8.1758e-009	7.0885e-009	6.4371e-009	5.6603e-009	5.3806e-009	4.9964e-009	4.7687e-009	4.5883e-009	4.8837e-009	5.0163e-009	5.3915e-009	5.8322e-009	6.6027e-009	8.059e-009	1.015e-008	1.288e-008	1.5637e-008	1.8544e-008	2.2399e-008	2.5778e-008	2.9715e-008	3.5439e-008	3.9923e-008	4.5419e-008	5.1064e-008	5.6609e-008	6.4908e-008	7.0366e-008	7.434e-008	7.8505e-008	8.2218e-008	8.4568e-008	8.7607e-008	8.9341e-008	9.0187e-008	9.2077e-008	9.2636e-008	9.2914e-008	9.3641e-008	9.3075e-008	9.2924e-008	9.2802e-008	9.164e-008	8.9725e-008	8.7724e-008	8.5117e-008	8.2802e-008	8.0242e-008	7.8496e-008	7.6449e-008	7.4731e-008	7.1676e-008	6.8841e-008	6.74e-008	6.5749e-008	6.4484e-008	6.2874e-008	5.9411e-008	5.7291e-008	5.5792e-008	5.3052e-008	5.0673e-008	4.8182e-008	4.5967e-008	4.3167e-008	3.908e-008	3.6806e-008	3.5655e-008	3.3725e-008	3.0613e-008	2.7685e-008	2.559e-008	2.2155e-008	1.9551e-008	1.683e-008	1.416e-008	1.2948e-008	1.1319e-008	8.6266e-009	6.814e-009	5.5782e-009	4.9267e-009	4.4997e-009	4.1397e-009	3.7447e-009	3.7334e-009	4.1095e-009	4.1979e-009	4.1279e-009	4.4929e-009	4.7141e-009	4.6492e-009	5.0519e-009	5.3719e-009	5.8018e-009	6.4893e-009	8.3235e-009	1.093e-008	1.3916e-008	1.7971e-008	2.0353e-008	2.3655e-008	3.095e-008	3.698e-008	4.4543e-008	5.0063e-008	5.6155e-008	6.302e-008	6.8412e-008	7.3107e-008	7.6712e-008	8.1462e-008	8.4741e-008	8.6498e-008	8.9274e-008	9.0531e-008	9.1555e-008	9.2518e-008	9.2702e-008	9.1897e-008	9.1176e-008	9.0342e-008	8.9801e-008	9.037e-008	9.0708e-008	8.7421e-008	8.629e-008	8.2687e-008	8.0007e-008	7.8327e-008	7.6662e-008	7.5533e-008	7.351e-008	7.2102e-008	7.1099e-008	6.7192e-008	6.337e-008	6.2969e-008	6.073e-008	5.8828e-008	5.6904e-008	5.5096e-008	5.2613e-008	5.0385e-008	4.8648e-008	4.653e-008	4.3342e-008	4.0735e-008	3.8191e-008	3.4639e-008	3.2217e-008	3.0737e-008	2.6943e-008	2.282e-008	2.0265e-008	1.8111e-008	1.526e-008	1.3137e-008	9.7438e-009	8.4938e-009	6.9621e-009	5.6667e-009	5.4906e-009	5.3548e-009	4.7664e-009	4.3884e-009	3.9833e-009	3.8694e-009	3.6881e-009	3.8373e-009	4.2622e-009	4.2506e-009	4.6049e-009	4.8649e-009	5.105e-009	5.8529e-009	6.3983e-009	8.7741e-009	1.2187e-008	1.5914e-008	2.147e-008	2.6472e-008	3.2774e-008	4.2521e-008	5.05e-008	5.5584e-008	6.0295e-008	6.4161e-008	6.5918e-008	7.2145e-008	7.7638e-008	8.1373e-008	8.368e-008	8.7213e-008	8.9846e-008	9.159e-008	9.3385e-008	9.4627e-008	9.5556e-008
1.9056e-009	2.2935e-009	2.6035e-009	2.7377e-009	2.9218e-009	3.1407e-009	3.1701e-009	3.4353e-009	4.415e-009	6.0852e-009	8.6123e-009	1.2782e-008	1.8363e-008	2.5452e-008	3.0631e-008	3.5722e-008	4.2284e-008	5.0959e-008	5.9913e-008	6.7171e-008	7.4004e-008	7.7723e-008	8.1338e-008	8.4342e-008	8.6894e-008	8.8406e-008	8.9773e-008	9.0904e-008	9.1488e-008	9.2516e-008	9.279e-008	9.2967e-008	9.2651e-008	9.1416e-008	9.0279e-008	8.9299e-008	8.8139e-008	8.6309e-008	8.2855e-008	8.0967e-008	7.9931e-008	7.781e-008	7.4321e-008	7.0891e-008	6.9183e-008	6.7327e-008	6.4603e-008	6.2108e-008	5.9286e-008	5.7372e-008	5.5438e-008	5.3497e-008	5.1715e-008	5.0039e-008	4.2585e-008	3.898e-008	3.8904e-008	3.7837e-008	3.5187e-008	3.3077e-008	3.1796e-008	2.8813e-008	2.6316e-008	2.4634e-008	2.2503e-008	2.0108e-008	1.8053e-008	1.546e-008	1.3781e-008	1.1393e-008	9.8361e-009	7.3465e-009	5.5131e-009	4.5017e-009	3.7296e-009	3.6254e-009	3.8537e-009	3.5877e-009	3.4138e-009	2.9224e-009	3.6477e-009	3.3499e-009	3.3207e-009	3.6945e-009	4.0263e-009	4.1003e-009	4.7393e-009	5.4394e-009	7.7625e-009	1.0127e-008	1.3943e-008	1.791e-008	2.234e-008	2.7556e-008	3.3866e-008	4.2077e-008	4.7827e-008	5.6351e-008	6.2934e-008	6.9669e-008	7.3957e-008	7.7167e-008	8.0673e-008	8.5021e-008	8.7446e-008	8.938e-008	9.1243e-008	9.1736e-008	9.2294e-008	9.2539e-008	9.2364e-008	9.16e-008	9.0682e-008	9.0359e-008	8.9661e-008	8.8346e-008	8.6895e-008	8.4766e-008	8.1217e-008	7.7908e-008	7.7686e-008	7.5873e-008	7.3037e-008	7.1367e-008	6.8879e-008	6.7209e-008	6.498e-008	6.3221e-008	6.1809e-008	6.0234e-008	5.6271e-008	5.0337e-008	4.8952e-008	4.6009e-008	4.3864e-008	4.2412e-008	4.0829e-008	3.793e-008	3.4934e-008	3.2976e-008	2.91e-008	2.6424e-008	2.2954e-008	2.0605e-008	1.7455e-008	1.5794e-008	1.4184e-008	1.2522e-008	1.0853e-008	8.951e-009	7.5469e-009	6.4254e-009	5.7979e-009	5.5221e-009	5.6287e-009	5.6154e-009	5.8846e-009	5.9711e-009	5.8542e-009	5.1884e-009	5.6683e-009	6.1491e-009	6.2013e-009	5.3949e-009	5.8118e-009	5.4507e-009	5.5194e-009	6.3613e-009	7.0151e-009	8.298e-009	1.0977e-008	1.3902e-008	1.8033e-008	2.3802e-008	2.9731e-008	3.6973e-008	4.3882e-008	5.0667e-008	5.6167e-008	6.2489e-008	6.6851e-008	7.3651e-008	7.7695e-008	7.9264e-008	8.7834e-008	9.2526e-008	9.3567e-008	9.4272e-008	9.4273e-008	9.4647e-008	9.4868e-008	9.5133e-008	9.5125e-008	9.4309e-008	9.308e-008	9.1621e-008	8.9725e-008	8.8304e-008	8.7235e-008	8.5682e-008	8.4168e-008	7.885e-008	7.5605e-008	7.4744e-008	7.3115e-008	7.1247e-008	6.8297e-008	6.6916e-008	6.4511e-008	6.1772e-008	6.1116e-008	5.9032e-008	5.6203e-008	5.4361e-008	5.0845e-008	4.85e-008	4.5983e-008	4.2856e-008	3.9139e-008	3.6777e-008	3.537e-008	3.3744e-008	3.0383e-008	2.8366e-008	2.6671e-008	2.4393e-008	2.3012e-008	2.1201e-008	1.9183e-008	1.5362e-008	1.3536e-008	1.1991e-008	1.0438e-008	8.5716e-009	6.9375e-009	5.4021e-009	4.5435e-009	4.2418e-009	5.0053e-009	5.0209e-009	5.3171e-009	4.8384e-009	5.0361e-009	5.2278e-009	5.5635e-009	5.2554e-009	5.9817e-009	6.0873e-009	6.7587e-009	8.2675e-009	1.073e-008	1.2708e-008	1.6594e-008	2.4352e-008	3.0378e-008	3.5271e-008	4.1921e-008	4.9681e-008	5.4846e-008	6.3468e-008	6.7763e-008	7.1635e-008	7.4466e-008	7.8259e-008	8.3915e-008	8.6876e-008	8.8862e-008	9.0083e-008	9.2241e-008	9.3571e-008	9.32e-008	9.2932e-008	9.2784e-008	9.1525e-008	9.0763e-008	8.9564e-008	8.8651e-008	8.7409e-008	8.609e-008	8.4345e-008	8.2384e-008	8.1382e-008	8.018e-008	7.7707e-008	7.5051e-008	7.2604e-008	7.0615e-008	6.7703e-008	6.5929e-008	6.3532e-008	6.0964e-008	5.784e-008	5.5407e-008	5.2963e-008	5.1367e-008	5.0156e-008	4.763e-008	4.4163e-008	4.2006e-008	3.9109e-008	3.6783e-008	3.3728e-008	3.1726e-008	3.0083e-008	2.8062e-008	2.6312e-008	2.4006e-008	2.1585e-008	1.9328e-008	1.7383e-008	1.4775e-008	1.3024e-008	1.0289e-008	9.0027e-009	7.4049e-009	6.287e-009	5.5633e-009	5.5146e-009	4.9845e-009	5.0095e-009	5.0278e-009	5.019e-009	4.9782e-009	5.7189e-009	5.6584e-009	6.5221e-009	7.818e-009	8.7907e-009	1.218e-008	1.6007e-008	1.9572e-008	2.2573e-008	2.5764e-008	2.9326e-008	3.4947e-008	4.0926e-008	4.5888e-008	5.1687e-008	5.7329e-008	6.2793e-008	6.7948e-008	7.1986e-008	7.9328e-008	8.2579e-008	8.5301e-008	8.8614e-008	8.9974e-008	9.1714e-008	9.3096e-008	9.4192e-008	9.4237e-008	9.3833e-008	9.3431e-008	9.3255e-008	9.2653e-008	9.1501e-008	8.8929e-008	8.7709e-008	8.4433e-008	8.239e-008	8.0024e-008	7.8563e-008	7.6803e-008	7.3985e-008	7.1586e-008	6.8943e-008	6.6909e-008	6.5269e-008	6.4248e-008	6.2852e-008	5.8392e-008	5.7319e-008	5.5988e-008	5.5108e-008	5.1216e-008	4.9551e-008	4.5848e-008	4.4546e-008	4.0763e-008	3.7644e-008	3.5668e-008	3.3203e-008	3.0814e-008	2.8357e-008	2.6578e-008	2.2657e-008	1.999e-008	1.7469e-008	1.4439e-008	1.3013e-008	1.1371e-008	9.6567e-009	6.3933e-009	5.6587e-009	5.3848e-009	4.7273e-009	4.3713e-009	4.4123e-009	4.2195e-009	4.2464e-009	4.6475e-009	4.834e-009	4.5307e-009	4.3888e-009	4.6672e-009	5.0186e-009	5.7678e-009	6.1215e-009	6.5636e-009	8.3183e-009	1.1047e-008	1.3863e-008	1.7247e-008	2.0535e-008	2.5061e-008	3.0978e-008	3.8235e-008	4.4608e-008	5.1049e-008	5.7706e-008	6.3602e-008	6.9229e-008	7.3758e-008	7.7872e-008	8.1218e-008	8.5025e-008	8.6047e-008	8.9747e-008	9.0692e-008	9.1212e-008	9.2198e-008	9.2862e-008	9.2291e-008	9.1507e-008	9.0478e-008	9.0664e-008	9.0929e-008	9.0271e-008	8.824e-008	8.6189e-008	8.3881e-008	8.0316e-008	7.8618e-008	7.6295e-008	7.5358e-008	7.3925e-008	7.2585e-008	7.1555e-008	7.0033e-008	6.5232e-008	6.3603e-008	6.1278e-008	5.8705e-008	5.6925e-008	5.5415e-008	5.2794e-008	5.1617e-008	4.8862e-008	4.5496e-008	4.3063e-008	4.0444e-008	3.8588e-008	3.6604e-008	3.3706e-008	3.1e-008	2.823e-008	2.5473e-008	1.8044e-008	1.6562e-008	1.5122e-008	1.3693e-008	1.0927e-008	9.1415e-009	7.6205e-009	5.66e-009	4.784e-009	4.919e-009	4.297e-009	4.2978e-009	4.2358e-009	4.1353e-009	3.8911e-009	4.1563e-009	4.6189e-009	4.8161e-009	4.7973e-009	4.9621e-009	5.432e-009	6.2482e-009	7.7751e-009	9.9506e-009	1.2322e-008	1.7704e-008	2.0936e-008	2.4928e-008	3.1748e-008	4.2254e-008	4.9164e-008	5.7321e-008	6.1174e-008	6.4231e-008	6.7647e-008	7.4018e-008	7.8418e-008	8.1734e-008	8.3602e-008	8.7034e-008	9.0539e-008	9.1876e-008	9.3916e-008	9.4299e-008	9.4703e-008
2.5554e-009	2.2484e-009	2.2537e-009	2.5664e-009	3.2564e-009	3.3229e-009	3.2156e-009	3.9247e-009	5.0127e-009	7.0216e-009	1.0306e-008	1.457e-008	1.8789e-008	2.4946e-008	3.0592e-008	3.6241e-008	4.2361e-008	5.0259e-008	5.7914e-008	6.4821e-008	6.901e-008	7.5832e-008	7.928e-008	8.4402e-008	8.5669e-008	8.7539e-008	9.0246e-008	9.0785e-008	9.1867e-008	9.3044e-008	9.2826e-008	9.2706e-008	9.2228e-008	9.217e-008	9.1131e-008	8.9882e-008	8.8348e-008	8.5466e-008	8.3406e-008	8.1994e-008	8.0811e-008	7.8901e-008	7.5487e-008	7.2839e-008	6.8424e-008	6.6213e-008	6.4123e-008	6.1917e-008	6.0145e-008	5.7561e-008	5.5527e-008	5.3829e-008	5.176e-008	5.0602e-008	4.5023e-008	4.3212e-008	4.0349e-008	3.7394e-008	3.6521e-008	3.3956e-008	3.1894e-008	2.8909e-008	2.769e-008	2.4656e-008	2.2174e-008	2.0104e-008	1.8323e-008	1.6217e-008	1.3599e-008	1.211e-008	9.9125e-009	8.0784e-009	6.2628e-009	5.3018e-009	4.1431e-009	4.5289e-009	4.2011e-009	3.7136e-009	3.1837e-009	2.9509e-009	3.3546e-009	3.5372e-009	3.703e-009	4.0454e-009	4.3396e-009	3.8456e-009	4.4959e-009	5.9746e-009	8.3042e-009	1.1239e-008	1.3133e-008	1.8126e-008	2.2124e-008	2.8781e-008	3.3851e-008	4.1812e-008	4.9286e-008	5.7206e-008	6.4818e-008	7.1513e-008	7.566e-008	7.9646e-008	8.2326e-008	8.5944e-008	8.7534e-008	8.9325e-008	9.0912e-008	9.1811e-008	9.2356e-008	9.2856e-008	9.2482e-008	9.1825e-008	9.107e-008	9.0116e-008	8.8842e-008	8.7689e-008	8.6078e-008	8.4427e-008	8.2346e-008	8.0094e-008	7.8322e-008	7.7409e-008	7.3105e-008	7.1027e-008	6.8687e-008	6.6677e-008	6.3872e-008	6.3176e-008	6.2249e-008	5.9745e-008	5.4883e-008	5.0115e-008	4.863e-008	4.5778e-008	4.379e-008	4.3017e-008	4.0776e-008	3.8847e-008	3.3985e-008	3.1648e-008	2.8214e-008	2.6191e-008	2.3979e-008	1.9335e-008	1.7649e-008	1.5506e-008	1.3468e-008	1.2093e-008	1.0346e-008	8.3998e-009	7.3695e-009	6.6452e-009	5.7428e-009	5.7063e-009	5.4338e-009	5.1728e-009	5.4729e-009	6.1004e-009	5.7101e-009	5.2204e-009	4.9843e-009	5.4131e-009	5.289e-009	5.6029e-009	5.5239e-009	5.7096e-009	5.3914e-009	6.324e-009	7.0227e-009	8.9728e-009	1.1187e-008	1.3946e-008	1.8283e-008	2.3046e-008	2.9812e-008	3.758e-008	4.4096e-008	5.0484e-008	5.6385e-008	6.3163e-008	6.9191e-008	7.3859e-008	7.8303e-008	8.045e-008	8.4463e-008	9.1213e-008	9.2643e-008	9.3299e-008	9.3807e-008	9.43e-008	9.4669e-008	9.5218e-008	9.5752e-008	9.5631e-008	9.4186e-008	9.1978e-008	9.0366e-008	8.8897e-008	8.788e-008	8.5743e-008	8.338e-008	8.1545e-008	7.728e-008	7.4048e-008	7.3775e-008	7.1635e-008	6.896e-008	6.6849e-008	6.5328e-008	6.2678e-008	6.1319e-008	5.9785e-008	5.6663e-008	5.381e-008	5.1932e-008	4.9303e-008	4.4815e-008	4.418e-008	3.8395e-008	3.7763e-008	3.4812e-008	3.3833e-008	2.9789e-008	2.8392e-008	2.6525e-008	2.4818e-008	2.259e-008	2.0144e-008	1.9207e-008	1.8108e-008	1.4375e-008	1.258e-008	1.0197e-008	8.4301e-009	6.8347e-009	5.4962e-009	5.0865e-009	4.8381e-009	5.0777e-009	5.4084e-009	5.101e-009	4.6769e-009	5.2597e-009	5.1976e-009	5.9305e-009	5.8857e-009	5.6302e-009	6.0629e-009	7.0194e-009	8.3758e-009	1.0139e-008	1.289e-008	1.664e-008	2.2793e-008	2.9666e-008	3.5745e-008	4.1474e-008	4.913e-008	5.6835e-008	6.2297e-008	6.5766e-008	7.0153e-008	7.3989e-008	7.8254e-008	8.3243e-008	8.6667e-008	8.9423e-008	9.0576e-008	9.2753e-008	9.399e-008	9.3424e-008	9.3062e-008	9.3076e-008	9.2247e-008	9.1074e-008	8.9081e-008	8.853e-008	8.7359e-008	8.6227e-008	8.3973e-008	8.2114e-008	8.0386e-008	7.9118e-008	7.6187e-008	7.43e-008	7.2035e-008	6.9008e-008	6.6602e-008	6.5322e-008	6.2263e-008	5.9559e-008	5.7817e-008	5.6008e-008	5.2382e-008	5.1582e-008	4.8682e-008	4.7026e-008	4.404e-008	4.1536e-008	3.9633e-008	3.7356e-008	3.4299e-008	3.1877e-008	2.9424e-008	2.788e-008	2.6122e-008	2.2027e-008	2.0928e-008	1.9385e-008	1.6257e-008	1.4355e-008	1.264e-008	1.0535e-008	8.8639e-009	7.2556e-009	6.0821e-009	5.4245e-009	4.9102e-009	4.9637e-009	4.9806e-009	5.0615e-009	5.0141e-009	4.7687e-009	5.0181e-009	5.4583e-009	6.1755e-009	6.8075e-009	8.6735e-009	1.0781e-008	1.5244e-008	1.8016e-008	2.2141e-008	2.5946e-008	2.9674e-008	3.3696e-008	4.017e-008	4.4766e-008	5.0886e-008	5.6695e-008	6.1611e-008	6.9211e-008	7.1502e-008	7.6695e-008	7.9761e-008	8.4495e-008	8.8027e-008	8.9845e-008	9.1492e-008	9.3677e-008	9.4567e-008	9.4574e-008	9.3905e-008	9.3553e-008	9.2735e-008	9.2295e-008	9.0357e-008	8.8658e-008	8.7488e-008	8.5651e-008	8.293e-008	8.0622e-008	7.9757e-008	7.6458e-008	7.1945e-008	7.0944e-008	6.8862e-008	6.6906e-008	6.5492e-008	6.4472e-008	6.24e-008	5.829e-008	5.6412e-008	5.4924e-008	5.3112e-008	5.1564e-008	4.8817e-008	4.606e-008	4.3337e-008	4.1463e-008	3.8605e-008	3.5709e-008	3.3355e-008	3.1411e-008	2.8739e-008	2.4505e-008	2.2975e-008	2.0112e-008	1.7694e-008	1.5426e-008	1.27e-008	1.128e-008	9.0783e-009	6.9548e-009	5.6766e-009	5.2975e-009	5.2754e-009	4.0039e-009	4.3036e-009	4.1333e-009	4.2343e-009	4.4338e-009	4.5049e-009	4.7469e-009	5.0578e-009	5.1956e-009	5.477e-009	5.8004e-009	5.8814e-009	6.7358e-009	8.7038e-009	1.006e-008	1.4418e-008	1.7533e-008	2.1075e-008	2.6047e-008	3.1128e-008	3.8502e-008	4.4938e-008	5.0267e-008	5.8733e-008	6.2575e-008	6.904e-008	7.1976e-008	7.7619e-008	7.9891e-008	8.3101e-008	8.844e-008	8.9639e-008	9.1128e-008	9.1924e-008	9.2177e-008	9.192e-008	9.1826e-008	9.154e-008	9.1659e-008	9.1105e-008	9.1112e-008	8.9663e-008	8.7899e-008	8.6245e-008	8.4189e-008	8.0465e-008	7.9292e-008	7.8048e-008	7.6472e-008	7.5344e-008	7.344e-008	7.1511e-008	6.9231e-008	6.6151e-008	6.3608e-008	6.1121e-008	5.8937e-008	5.7753e-008	5.575e-008	5.2912e-008	5.2189e-008	4.9493e-008	4.5243e-008	4.3499e-008	4.0749e-008	3.8629e-008	3.6318e-008	3.383e-008	3.1053e-008	2.8506e-008	2.6349e-008	2.3853e-008	1.7983e-008	1.5932e-008	1.4049e-008	1.15e-008	9.3726e-009	7.6383e-009	5.6133e-009	5.2427e-009	4.6366e-009	4.1768e-009	4.1542e-009	4.5046e-009	4.2414e-009	3.9496e-009	4.3756e-009	4.257e-009	4.7983e-009	4.6324e-009	4.9564e-009	5.4204e-009	6.5572e-009	7.9213e-009	9.9578e-009	1.2978e-008	1.7612e-008	2.2315e-008	2.7431e-008	3.2122e-008	3.9024e-008	4.6259e-008	5.611e-008	6.0616e-008	6.4026e-008	6.7361e-008	7.2882e-008	7.6503e-008	8.0453e-008	8.4592e-008	8.7021e-008	8.9185e-008	9.0875e-008	9.2534e-008	9.3881e-008	9.493e-008
1.8863e-009	1.7183e-009	1.6129e-009	2.2751e-009	2.4084e-009	3.1837e-009	2.7599e-009	3.5316e-009	5.662e-009	7.9818e-009	1.1514e-008	1.5266e-008	1.8394e-008	2.3802e-008	3.0564e-008	3.5956e-008	4.2202e-008	5.0058e-008	5.7539e-008	6.2767e-008	6.9199e-008	7.4405e-008	7.8049e-008	8.1232e-008	8.4922e-008	8.6779e-008	8.9758e-008	9.0756e-008	9.1532e-008	9.2762e-008	9.2413e-008	9.1814e-008	9.2108e-008	9.191e-008	9.0904e-008	9.0435e-008	8.9682e-008	8.8192e-008	8.2976e-008	8.2354e-008	8.042e-008	7.8262e-008	7.5257e-008	7.384e-008	7.103e-008	6.4967e-008	6.2741e-008	6.2188e-008	6.0475e-008	5.7771e-008	5.7166e-008	5.3649e-008	5.1352e-008	4.6656e-008	4.4739e-008	4.3506e-008	3.9694e-008	3.7881e-008	3.622e-008	3.2593e-008	3.1456e-008	2.8965e-008	2.6247e-008	2.2937e-008	2.1312e-008	1.9748e-008	1.731e-008	1.5205e-008	1.375e-008	1.1954e-008	1.0129e-008	8.6026e-009	6.598e-009	5.4457e-009	4.0626e-009	3.6492e-009	3.6182e-009	3.3436e-009	3.167e-009	3.0632e-009	3.1776e-009	3.2944e-009	3.5836e-009	3.901e-009	4.1176e-009	4.1125e-009	4.5591e-009	5.8665e-009	7.9798e-009	1.0075e-008	1.1559e-008	1.8209e-008	2.2717e-008	2.6141e-008	3.4055e-008	4.0503e-008	4.8215e-008	5.7188e-008	6.3815e-008	7.0649e-008	7.6034e-008	7.968e-008	8.2549e-008	8.4783e-008	8.7831e-008	8.8941e-008	9.0428e-008	9.1558e-008	9.2062e-008	9.2153e-008	9.1876e-008	9.141e-008	9.0356e-008	8.9001e-008	8.7926e-008	8.6659e-008	8.4977e-008	8.3541e-008	8.1401e-008	7.9101e-008	7.7916e-008	7.5271e-008	7.1448e-008	7.0209e-008	6.8198e-008	6.5798e-008	6.4092e-008	6.2875e-008	6.1966e-008	5.7673e-008	5.3008e-008	4.8837e-008	4.7259e-008	4.6056e-008	4.2961e-008	4.1682e-008	3.9057e-008	3.7285e-008	3.1802e-008	3.059e-008	2.8281e-008	2.4472e-008	2.2501e-008	1.9825e-008	1.7475e-008	1.4993e-008	1.2572e-008	1.114e-008	9.295e-009	8.2039e-009	7.0131e-009	6.5507e-009	6.0084e-009	5.5108e-009	4.9371e-009	4.698e-009	4.6887e-009	5.0289e-009	5.4942e-009	5.3565e-009	5.3403e-009	4.9222e-009	4.9903e-009	5.4897e-009	5.4868e-009	5.3865e-009	5.3207e-009	6.0396e-009	6.8665e-009	8.8432e-009	1.1182e-008	1.4804e-008	1.8925e-008	2.4204e-008	3.2054e-008	3.9143e-008	4.5518e-008	5.1504e-008	5.8481e-008	6.529e-008	7.1284e-008	7.5464e-008	8.0084e-008	8.2243e-008	8.4626e-008	8.9035e-008	9.1468e-008	9.2779e-008	9.327e-008	9.3703e-008	9.3988e-008	9.5225e-008	9.5875e-008	9.5544e-008	9.3447e-008	9.1413e-008	9.0728e-008	9.009e-008	8.8656e-008	8.432e-008	8.2817e-008	8.0491e-008	7.8052e-008	7.5408e-008	7.3615e-008	7.1838e-008	6.8085e-008	6.6434e-008	6.5205e-008	6.3347e-008	6.1889e-008	5.8756e-008	5.5231e-008	5.3444e-008	5.076e-008	4.9178e-008	4.6967e-008	4.5238e-008	4.0725e-008	3.659e-008	3.4444e-008	3.3034e-008	3.033e-008	2.7646e-008	2.6141e-008	2.4582e-008	2.2168e-008	2.0498e-008	1.9286e-008	1.4995e-008	1.4333e-008	1.2595e-008	1.0308e-008	8.2825e-009	6.7987e-009	5.9095e-009	5.5977e-009	4.7699e-009	5.3064e-009	5.4353e-009	4.6893e-009	4.9212e-009	4.9535e-009	5.0944e-009	5.3761e-009	5.1631e-009	5.3364e-009	5.8538e-009	6.3611e-009	7.5542e-009	1.0372e-008	1.3226e-008	1.5725e-008	2.2542e-008	2.956e-008	3.6638e-008	4.2367e-008	4.9307e-008	5.7887e-008	6.2306e-008	6.6524e-008	7.0929e-008	7.4723e-008	7.8584e-008	8.2418e-008	8.5794e-008	8.9118e-008	9.118e-008	9.2236e-008	9.353e-008	9.4097e-008	9.3355e-008	9.2853e-008	9.3056e-008	9.1843e-008	8.9641e-008	8.8623e-008	8.7436e-008	8.578e-008	8.3997e-008	8.2325e-008	7.9733e-008	7.8605e-008	7.65e-008	7.3283e-008	7.0622e-008	6.8848e-008	6.6639e-008	6.5009e-008	6.183e-008	5.9221e-008	5.718e-008	5.627e-008	5.3688e-008	5.2075e-008	4.7954e-008	4.6348e-008	4.3962e-008	4.1926e-008	3.9658e-008	3.6652e-008	3.3358e-008	3.1331e-008	2.8758e-008	2.6621e-008	2.4943e-008	2.2205e-008	1.9956e-008	1.8799e-008	1.5933e-008	1.4568e-008	1.2012e-008	1.0169e-008	8.0179e-009	6.3472e-009	5.8335e-009	5.3114e-009	4.3635e-009	4.4908e-009	4.957e-009	5.7373e-009	5.1706e-009	4.902e-009	5.0892e-009	5.7623e-009	6.1035e-009	7.224e-009	9.0614e-009	1.1192e-008	1.3282e-008	1.7699e-008	2.1846e-008	2.5281e-008	2.8535e-008	3.4538e-008	3.992e-008	4.4302e-008	4.9303e-008	5.5865e-008	5.8494e-008	6.5655e-008	7.2232e-008	7.4885e-008	7.78e-008	8.3971e-008	8.5438e-008	8.9709e-008	9.1405e-008	9.2392e-008	9.4377e-008	9.4496e-008	9.3806e-008	9.3799e-008	9.3055e-008	9.2309e-008	9.1756e-008	8.7375e-008	8.6503e-008	8.5468e-008	8.3778e-008	8.0774e-008	8.0166e-008	7.8565e-008	7.4278e-008	7.0105e-008	6.8638e-008	6.7375e-008	6.656e-008	6.4913e-008	6.3107e-008	5.9921e-008	5.6942e-008	5.4934e-008	5.3729e-008	5.1408e-008	4.8891e-008	4.6733e-008	4.4357e-008	4.2286e-008	3.7368e-008	3.6085e-008	3.4236e-008	3.2082e-008	2.7514e-008	2.5715e-008	2.3515e-008	1.9278e-008	1.7541e-008	1.5701e-008	1.3924e-008	1.1789e-008	8.7492e-009	7.2157e-009	5.9245e-009	5.5419e-009	5.4809e-009	4.3835e-009	4.3693e-009	4.0962e-009	4.4295e-009	4.4688e-009	4.6069e-009	4.7783e-009	5.0589e-009	5.2449e-009	5.7928e-009	5.5976e-009	5.9895e-009	6.8895e-009	8.6211e-009	1.1597e-008	1.5334e-008	1.8474e-008	2.2208e-008	2.6995e-008	3.2121e-008	3.8312e-008	4.4837e-008	5.0104e-008	5.6586e-008	6.4602e-008	6.9848e-008	7.3031e-008	7.808e-008	8.1792e-008	8.384e-008	8.845e-008	8.944e-008	9.1352e-008	9.2223e-008	9.2494e-008	9.2225e-008	9.2288e-008	9.2389e-008	9.2132e-008	9.1317e-008	9.0669e-008	8.9028e-008	8.7072e-008	8.5516e-008	8.3406e-008	7.943e-008	7.8676e-008	7.7875e-008	7.654e-008	7.5403e-008	7.2912e-008	7.2252e-008	7.0716e-008	6.7754e-008	6.3864e-008	6.1486e-008	6.0503e-008	5.8748e-008	5.5829e-008	5.4427e-008	5.2294e-008	4.9611e-008	4.7033e-008	4.4185e-008	4.1402e-008	4.0034e-008	3.683e-008	3.4159e-008	3.1774e-008	2.8307e-008	2.5933e-008	2.3201e-008	1.9005e-008	1.5046e-008	1.394e-008	1.179e-008	9.6046e-009	7.3152e-009	6.0813e-009	5.1925e-009	4.5575e-009	4.3918e-009	3.8207e-009	4.0808e-009	3.9684e-009	4.3752e-009	4.1549e-009	4.376e-009	4.7083e-009	4.6991e-009	5.0074e-009	5.1653e-009	6.1143e-009	7.7091e-009	9.9639e-009	1.2451e-008	1.8277e-008	2.2854e-008	2.7804e-008	3.1681e-008	3.8917e-008	4.6471e-008	5.4272e-008	5.9075e-008	6.3116e-008	6.6743e-008	7.3391e-008	7.6785e-008	8.0984e-008	8.3989e-008	8.5837e-008	8.8462e-008	8.9488e-008	9.1826e-008	9.3365e-008	9.414e-008
1.5524e-009	9.381e-010	1.1704e-009	1.3097e-009	1.9034e-009	2.1051e-009	2.4504e-009	3.3188e-009	5.054e-009	7.5412e-009	1.057e-008	1.557e-008	1.8887e-008	2.4178e-008	3.0726e-008	3.7016e-008	4.3077e-008	5.0407e-008	5.697e-008	6.2374e-008	6.8224e-008	7.2009e-008	7.7191e-008	8.0418e-008	8.4224e-008	8.6946e-008	8.8925e-008	9.0251e-008	9.1315e-008	9.186e-008	9.1654e-008	9.1586e-008	9.1608e-008	9.1389e-008	9.1011e-008	9.0695e-008	8.9538e-008	8.7598e-008	8.3386e-008	8.0496e-008	7.9587e-008	7.8028e-008	7.4942e-008	7.2415e-008	7.0009e-008	6.603e-008	6.4419e-008	6.2153e-008	6.0882e-008	5.8585e-008	5.7226e-008	5.6066e-008	5.237e-008	4.704e-008	4.539e-008	4.2286e-008	4.058e-008	3.7998e-008	3.5796e-008	3.2441e-008	2.9936e-008	2.8805e-008	2.533e-008	2.3391e-008	2.1175e-008	1.9117e-008	1.6989e-008	1.515e-008	1.3351e-008	1.2017e-008	9.7293e-009	8.5046e-009	6.7473e-009	5.088e-009	4.0735e-009	3.6671e-009	2.7386e-009	2.7353e-009	2.2681e-009	1.7957e-009	2.103e-009	1.8324e-009	2.3506e-009	2.7944e-009	2.8563e-009	3.1869e-009	4.1729e-009	5.387e-009	7.5147e-009	1.0022e-008	1.3637e-008	1.9086e-008	2.2408e-008	2.7899e-008	3.3768e-008	4.102e-008	4.7899e-008	5.5855e-008	6.1936e-008	6.9495e-008	7.4568e-008	7.8753e-008	8.0586e-008	8.4243e-008	8.5845e-008	8.8092e-008	8.9448e-008	8.979e-008	9.0636e-008	9.1206e-008	9.1109e-008	9.0931e-008	8.9227e-008	8.7793e-008	8.6577e-008	8.5474e-008	8.3587e-008	8.1518e-008	7.8664e-008	7.7653e-008	7.4392e-008	7.1909e-008	7.0583e-008	6.8618e-008	6.666e-008	6.533e-008	6.4171e-008	6.167e-008	6.0287e-008	5.5719e-008	5.2814e-008	4.9781e-008	4.6505e-008	4.4216e-008	4.1404e-008	4.0037e-008	3.7937e-008	3.518e-008	3.2199e-008	2.8492e-008	2.5372e-008	2.3444e-008	2.0859e-008	1.8109e-008	1.6382e-008	1.4332e-008	1.1949e-008	1.0009e-008	8.1993e-009	6.4143e-009	5.4927e-009	5.3229e-009	4.8043e-009	4.339e-009	4.2307e-009	4.1334e-009	3.8769e-009	4.277e-009	4.4671e-009	4.7614e-009	4.4641e-009	4.1558e-009	4.0372e-009	4.2171e-009	4.3523e-009	4.1321e-009	4.3518e-009	4.5971e-009	5.8915e-009	7.9985e-009	1.0463e-008	1.3298e-008	1.8377e-008	2.4882e-008	2.9572e-008	3.8309e-008	4.4401e-008	5.0275e-008	5.7603e-008	6.3836e-008	7.0925e-008	7.6562e-008	7.9541e-008	8.1362e-008	8.4091e-008	8.8345e-008	9.0518e-008	9.1875e-008	9.1632e-008	9.1803e-008	9.3087e-008	9.4305e-008	9.5504e-008	9.5571e-008	9.3081e-008	9.2311e-008	9.0523e-008	8.8625e-008	8.6959e-008	8.2649e-008	8.1858e-008	7.9238e-008	7.7379e-008	7.4938e-008	7.2821e-008	7.148e-008	7.0568e-008	6.6418e-008	6.6027e-008	6.1853e-008	6.032e-008	5.6903e-008	5.3728e-008	5.2108e-008	4.9763e-008	4.8132e-008	4.5425e-008	4.3774e-008	4.03e-008	3.8487e-008	3.6026e-008	3.2815e-008	3.1243e-008	2.9096e-008	2.6352e-008	2.3719e-008	2.1601e-008	2.0241e-008	1.8534e-008	1.4524e-008	1.3645e-008	1.1243e-008	8.8524e-009	6.7201e-009	5.5587e-009	4.6108e-009	4.4373e-009	4.1997e-009	4.3637e-009	4.4385e-009	4.3047e-009	4.8754e-009	4.7172e-009	3.7669e-009	4.21e-009	4.4826e-009	5.1032e-009	5.2014e-009	5.5346e-009	5.911e-009	8.5932e-009	1.2292e-008	1.5522e-008	2.0517e-008	2.8257e-008	3.6996e-008	4.2374e-008	4.9413e-008	5.6179e-008	6.2725e-008	6.7191e-008	6.9752e-008	7.4032e-008	7.8098e-008	8.1356e-008	8.3712e-008	8.8004e-008	8.9796e-008	9.1959e-008	9.3187e-008	9.4163e-008	9.2646e-008	9.2642e-008	9.1905e-008	9.011e-008	8.9205e-008	8.8428e-008	8.709e-008	8.4168e-008	8.1991e-008	8.0939e-008	7.9156e-008	7.7678e-008	7.5446e-008	7.1758e-008	6.9508e-008	6.776e-008	6.619e-008	6.3452e-008	6.1689e-008	5.8389e-008	5.633e-008	5.5257e-008	5.3188e-008	5.057e-008	4.711e-008	4.4634e-008	4.282e-008	3.976e-008	3.8077e-008	3.6354e-008	3.2511e-008	2.9868e-008	2.7467e-008	2.5449e-008	2.336e-008	2.1542e-008	1.9121e-008	1.7553e-008	1.5445e-008	1.3558e-008	1.0538e-008	8.5737e-009	7.0696e-009	5.9793e-009	5.2094e-009	4.4721e-009	3.2462e-009	3.4921e-009	4.1508e-009	4.1513e-009	3.5455e-009	3.597e-009	3.7573e-009	4.3845e-009	4.4146e-009	5.6975e-009	7.6929e-009	1.0223e-008	1.2167e-008	1.5501e-008	2.0083e-008	2.4639e-008	2.7667e-008	3.3103e-008	3.8327e-008	4.3814e-008	4.785e-008	5.3978e-008	5.8605e-008	6.5648e-008	6.89e-008	7.2876e-008	7.7659e-008	8.0745e-008	8.478e-008	8.8257e-008	9.027e-008	9.1093e-008	9.2084e-008	9.258e-008	9.2257e-008	9.1965e-008	9.1613e-008	9.0544e-008	9e-008	8.6953e-008	8.549e-008	8.4125e-008	8.1756e-008	8.0613e-008	7.967e-008	7.7567e-008	7.3297e-008	6.9337e-008	6.7494e-008	6.6393e-008	6.5448e-008	6.2903e-008	6.0905e-008	5.8334e-008	5.6298e-008	5.3811e-008	5.2257e-008	5.0058e-008	4.8135e-008	4.4233e-008	4.3471e-008	4.1589e-008	3.6688e-008	3.5477e-008	3.3579e-008	3.1106e-008	2.7501e-008	2.5367e-008	2.3755e-008	2.1391e-008	1.8519e-008	1.5935e-008	1.3553e-008	1.0659e-008	7.9171e-009	5.9514e-009	4.4946e-009	4.4445e-009	3.7115e-009	3.3307e-009	3.4553e-009	3.838e-009	3.8999e-009	3.5505e-009	3.5364e-009	3.7556e-009	3.7617e-009	4.2793e-009	4.3974e-009	4.5661e-009	5.364e-009	6.0624e-009	8.1603e-009	1.0967e-008	1.3286e-008	1.8307e-008	2.2822e-008	2.7197e-008	3.1251e-008	3.6312e-008	4.2874e-008	4.9273e-008	5.7582e-008	6.3543e-008	6.8808e-008	7.3204e-008	7.7287e-008	8.038e-008	8.3107e-008	8.6249e-008	8.8475e-008	9.1074e-008	9.1827e-008	9.2918e-008	9.3143e-008	9.3087e-008	9.2931e-008	9.2214e-008	9.0073e-008	8.8503e-008	8.763e-008	8.5537e-008	8.3744e-008	8.2503e-008	8.0082e-008	7.7393e-008	7.7067e-008	7.5778e-008	7.4584e-008	7.3233e-008	7.0577e-008	6.9051e-008	6.5421e-008	6.3793e-008	6.18e-008	6.0155e-008	5.8919e-008	5.6232e-008	5.4032e-008	5.114e-008	4.8847e-008	4.7231e-008	4.3839e-008	4.0452e-008	3.8596e-008	3.6283e-008	3.2916e-008	3.0418e-008	2.7983e-008	2.4992e-008	2.2181e-008	2.0245e-008	1.7401e-008	1.4261e-008	1.2232e-008	8.9382e-009	7.062e-009	5.457e-009	3.8028e-009	3.3594e-009	3.0897e-009	2.8042e-009	2.3053e-009	2.7566e-009	2.8022e-009	2.7812e-009	2.9564e-009	3.295e-009	3.6296e-009	3.9291e-009	4.3554e-009	5.0785e-009	6.4687e-009	8.9282e-009	1.2387e-008	1.626e-008	2.132e-008	2.6973e-008	3.1538e-008	3.7143e-008	4.4406e-008	5.1898e-008	5.6289e-008	6.1183e-008	6.5393e-008	7.1693e-008	7.4597e-008	7.931e-008	8.2484e-008	8.4918e-008	8.7362e-008	8.8902e-008	9.0734e-008	9.1944e-008	9.2133e-008
9.3559e-010	8.8384e-010	5.6095e-010	3.3243e-010	8.8475e-010	1.6864e-009	2.8446e-009	4.0022e-009	6.3385e-009	8.5406e-009	1.1276e-008	1.6057e-008	2.0297e-008	2.315e-008	2.9737e-008	3.7769e-008	4.4556e-008	5.193e-008	5.7262e-008	6.0324e-008	6.6195e-008	7.2967e-008	7.6725e-008	8.091e-008	8.4488e-008	8.7539e-008	8.9597e-008	9.1638e-008	9.1883e-008	9.2402e-008	9.193e-008	9.1982e-008	9.1948e-008	9.1649e-008	9.1017e-008	9.0654e-008	8.9259e-008	8.4486e-008	8.2897e-008	8.0198e-008	7.8468e-008	7.517e-008	7.2747e-008	7.0352e-008	6.8378e-008	6.6331e-008	6.5458e-008	6.2173e-008	6.0744e-008	5.8937e-008	5.6666e-008	5.4349e-008	5.2138e-008	4.6807e-008	4.4687e-008	4.3089e-008	4.0327e-008	3.7601e-008	3.5609e-008	3.3884e-008	3.1021e-008	2.8356e-008	2.5793e-008	2.388e-008	2.142e-008	1.9366e-008	1.7535e-008	1.57e-008	1.4407e-008	1.1949e-008	1.1013e-008	8.7699e-009	7.6924e-009	6.1632e-009	4.4879e-009	3.5928e-009	2.9806e-009	2.8416e-009	2.6054e-009	2.4316e-009	2.2067e-009	2.0342e-009	2.224e-009	2.8695e-009	3.0275e-009	3.3021e-009	3.8982e-009	5.7838e-009	8.0748e-009	9.8592e-009	1.4065e-008	1.8009e-008	2.1564e-008	2.6903e-008	3.4138e-008	4.0393e-008	4.8402e-008	5.3947e-008	6.0395e-008	6.8295e-008	7.2791e-008	7.6874e-008	7.8941e-008	8.3737e-008	8.6567e-008	8.762e-008	8.8935e-008	8.9661e-008	9.0816e-008	9.1148e-008	9.1212e-008	9.1165e-008	8.9219e-008	8.8012e-008	8.6356e-008	8.4907e-008	8.3211e-008	8.085e-008	7.8792e-008	7.7247e-008	7.4458e-008	7.2537e-008	7.0164e-008	6.8707e-008	6.6699e-008	6.5198e-008	6.4045e-008	6.2856e-008	6.0303e-008	5.4732e-008	5.2395e-008	5.0029e-008	4.7587e-008	4.2992e-008	4.2089e-008	3.9108e-008	3.5963e-008	3.3799e-008	3.1754e-008	2.9233e-008	2.6263e-008	2.4182e-008	2.1556e-008	1.8814e-008	1.5907e-008	1.3498e-008	1.1952e-008	9.0568e-009	7.2241e-009	6.0419e-009	5.3128e-009	4.444e-009	4.3089e-009	4.5112e-009	4.7299e-009	4.4261e-009	3.9295e-009	3.3824e-009	4.226e-009	4.592e-009	4.138e-009	3.8004e-009	3.7126e-009	3.5075e-009	3.685e-009	3.9125e-009	4.6841e-009	4.7852e-009	5.9238e-009	7.7511e-009	1.0584e-008	1.4215e-008	1.8257e-008	2.4304e-008	3.1489e-008	3.715e-008	4.2627e-008	4.9661e-008	5.6538e-008	6.217e-008	7.1674e-008	7.5515e-008	7.9566e-008	8.1479e-008	8.3451e-008	8.895e-008	9.1409e-008	9.1771e-008	9.1449e-008	9.1762e-008	9.304e-008	9.4404e-008	9.547e-008	9.6334e-008	9.4819e-008	9.3324e-008	9.0674e-008	8.8971e-008	8.7691e-008	8.238e-008	8.1541e-008	7.9151e-008	7.7417e-008	7.5748e-008	7.334e-008	7.2166e-008	7.0657e-008	6.9093e-008	6.6593e-008	5.9376e-008	5.7004e-008	5.594e-008	5.3363e-008	5.1133e-008	4.9047e-008	4.7988e-008	4.5305e-008	4.2322e-008	3.9945e-008	3.7812e-008	3.5251e-008	3.31e-008	3.1364e-008	2.9313e-008	2.6633e-008	2.4487e-008	2.1932e-008	2.1229e-008	1.752e-008	1.5248e-008	1.3694e-008	1.1957e-008	9.5009e-009	7.3329e-009	6.1068e-009	5.121e-009	4.0591e-009	4.2052e-009	4.2033e-009	3.7574e-009	4.7648e-009	4.7938e-009	4.3434e-009	4.0616e-009	4.3563e-009	4.5547e-009	4.7814e-009	4.943e-009	5.1973e-009	6.4907e-009	9.3894e-009	1.309e-008	1.4845e-008	2.0105e-008	2.9104e-008	3.5403e-008	4.3393e-008	4.9364e-008	5.5365e-008	6.114e-008	6.7089e-008	6.9989e-008	7.2936e-008	7.8837e-008	8.2153e-008	8.4773e-008	8.6984e-008	8.9782e-008	9.2821e-008	9.4111e-008	9.419e-008	9.2942e-008	9.2285e-008	9.1134e-008	9.0505e-008	9.0191e-008	8.8207e-008	8.7052e-008	8.4944e-008	8.2471e-008	8.0057e-008	7.8535e-008	7.7396e-008	7.5128e-008	7.1738e-008	6.9345e-008	6.7811e-008	6.6681e-008	6.3381e-008	6.0171e-008	5.7992e-008	5.6831e-008	5.5e-008	5.3465e-008	4.9635e-008	4.7326e-008	4.4021e-008	4.2467e-008	3.9548e-008	3.7198e-008	3.4798e-008	3.3215e-008	2.816e-008	2.7244e-008	2.6059e-008	2.424e-008	2.1531e-008	1.912e-008	1.7224e-008	1.5107e-008	1.227e-008	9.3943e-009	7.8769e-009	6.653e-009	5.8369e-009	5.273e-009	4.0479e-009	3.6603e-009	3.9898e-009	4.4342e-009	3.5304e-009	3.3607e-009	4.0537e-009	4.2841e-009	4.217e-009	4.7053e-009	5.6952e-009	8.3262e-009	9.8475e-009	1.3243e-008	1.5697e-008	1.9317e-008	2.3126e-008	2.8016e-008	3.2563e-008	3.7881e-008	4.4377e-008	4.846e-008	5.1677e-008	5.8703e-008	6.3676e-008	6.9318e-008	7.3443e-008	7.6334e-008	8.1469e-008	8.5624e-008	8.8717e-008	9.018e-008	9.1065e-008	9.1591e-008	9.1411e-008	9.1295e-008	9.0857e-008	9.0634e-008	8.9833e-008	8.9022e-008	8.6674e-008	8.5006e-008	8.3174e-008	8.1801e-008	8.0659e-008	7.8538e-008	7.663e-008	7.3512e-008	6.9147e-008	6.7677e-008	6.6075e-008	6.5046e-008	6.1901e-008	5.966e-008	5.792e-008	5.5286e-008	5.2965e-008	5.1652e-008	4.8882e-008	4.6975e-008	4.4334e-008	4.29e-008	4.0806e-008	3.7686e-008	3.5378e-008	3.2483e-008	3.0391e-008	2.8371e-008	2.588e-008	2.4044e-008	2.068e-008	1.8722e-008	1.6511e-008	1.4502e-008	1.1276e-008	7.5813e-009	6.7429e-009	5.1268e-009	4.2794e-009	4.0056e-009	3.6883e-009	3.3929e-009	3.6948e-009	3.4966e-009	3.0027e-009	3.4129e-009	3.5565e-009	3.8109e-009	4.1606e-009	4.3304e-009	4.5265e-009	5.4679e-009	6.3771e-009	8.1102e-009	1.1719e-008	1.4315e-008	1.8179e-008	2.2819e-008	2.6754e-008	3.1198e-008	3.5666e-008	4.2724e-008	4.8997e-008	5.6418e-008	6.3093e-008	6.8601e-008	7.2194e-008	7.722e-008	8.0679e-008	8.3504e-008	8.633e-008	8.8929e-008	9.0964e-008	9.2373e-008	9.3496e-008	9.3501e-008	9.358e-008	9.2812e-008	9.2546e-008	9.067e-008	8.8481e-008	8.6499e-008	8.5554e-008	8.3486e-008	8.2282e-008	8.1822e-008	7.7308e-008	7.5987e-008	7.5143e-008	7.4155e-008	7.3589e-008	7.093e-008	6.8764e-008	6.6287e-008	6.315e-008	6.1747e-008	5.9767e-008	5.8672e-008	5.4633e-008	5.1598e-008	5.0614e-008	4.8692e-008	4.6602e-008	4.3762e-008	4.2039e-008	3.8781e-008	3.6717e-008	3.2913e-008	3.1065e-008	2.6028e-008	2.3941e-008	2.2015e-008	2.0651e-008	1.6942e-008	1.3838e-008	1.1352e-008	1.0029e-008	7.8333e-009	6.1801e-009	4.6397e-009	3.9278e-009	3.1822e-009	2.2386e-009	2.1267e-009	2.2361e-009	2.8638e-009	2.9847e-009	3.2256e-009	3.4234e-009	3.7377e-009	3.8204e-009	4.3675e-009	5.4824e-009	6.9409e-009	9.1349e-009	1.2042e-008	1.5209e-008	2.1701e-008	2.7021e-008	3.1912e-008	3.8336e-008	4.4152e-008	4.831e-008	5.5515e-008	6.1158e-008	6.3722e-008	7.0373e-008	7.4536e-008	7.9289e-008	8.1692e-008	8.4103e-008	8.6837e-008	8.887e-008	9.0826e-008	9.1099e-008	9.1941e-008
1.1989e-009	6.0427e-010	0	3.1207e-010	9.8501e-010	1.4791e-009	3.2677e-009	4.1959e-009	7.3891e-009	9.828e-009	1.2447e-008	1.696e-008	2.1084e-008	2.7609e-008	3.3493e-008	3.9141e-008	4.5722e-008	5.2439e-008	5.8241e-008	6.2626e-008	6.6433e-008	7.2109e-008	7.6598e-008	7.9907e-008	8.3874e-008	8.5977e-008	8.914e-008	9.0877e-008	9.1964e-008	9.2715e-008	9.3459e-008	9.2759e-008	9.267e-008	9.1707e-008	9.0894e-008	9.0336e-008	8.6773e-008	8.4179e-008	8.2577e-008	8.0883e-008	7.7607e-008	7.4148e-008	7.2486e-008	7.0219e-008	6.8094e-008	6.6403e-008	6.4927e-008	6.1712e-008	6.081e-008	5.8866e-008	5.6531e-008	5.406e-008	5.1353e-008	4.7883e-008	4.5811e-008	4.305e-008	4.0144e-008	3.863e-008	3.6096e-008	3.4792e-008	3.1615e-008	3.0251e-008	2.6231e-008	2.4436e-008	2.2529e-008	2.0469e-008	1.8181e-008	1.6583e-008	1.4483e-008	1.293e-008	1.0741e-008	9.2085e-009	7.7586e-009	6.2574e-009	4.6984e-009	3.4274e-009	2.9856e-009	2.919e-009	2.2924e-009	2.5009e-009	2.5018e-009	2.3414e-009	2.6019e-009	2.9187e-009	3.2376e-009	3.5226e-009	4.3195e-009	5.4076e-009	7.658e-009	1.0101e-008	1.4248e-008	1.6981e-008	2.2116e-008	2.5611e-008	3.0298e-008	3.9519e-008	4.724e-008	5.4025e-008	6.0253e-008	6.6605e-008	7.1826e-008	7.7207e-008	8.1147e-008	8.3748e-008	8.6579e-008	8.8312e-008	8.8795e-008	8.9691e-008	9.0851e-008	9.125e-008	9.2271e-008	9.09e-008	8.9702e-008	8.8943e-008	8.739e-008	8.5295e-008	8.3126e-008	8.1056e-008	7.9441e-008	7.7291e-008	7.4437e-008	7.1644e-008	7.1026e-008	6.8386e-008	6.686e-008	6.5964e-008	6.4843e-008	6.3498e-008	5.9843e-008	5.3978e-008	5.2602e-008	5.0114e-008	4.8322e-008	4.3178e-008	4.2032e-008	3.8849e-008	3.5093e-008	3.3472e-008	3.0811e-008	2.9084e-008	2.6209e-008	2.4733e-008	2.1685e-008	1.8402e-008	1.5932e-008	1.292e-008	1.0374e-008	7.4327e-009	6.4018e-009	5.8191e-009	4.7233e-009	4.0835e-009	3.951e-009	4.4897e-009	4.5566e-009	4.2993e-009	3.4877e-009	2.9626e-009	2.8826e-009	3.5469e-009	3.8847e-009	3.8176e-009	3.8387e-009	3.9957e-009	3.8898e-009	3.6409e-009	4.4987e-009	5.2396e-009	6.0935e-009	7.6006e-009	1.0932e-008	1.3769e-008	1.7542e-008	2.4235e-008	3.0449e-008	3.5377e-008	4.281e-008	4.8768e-008	5.4574e-008	6.1712e-008	6.8127e-008	7.5045e-008	7.9122e-008	8.2142e-008	8.467e-008	8.8766e-008	9.104e-008	9.1525e-008	9.1789e-008	9.2265e-008	9.292e-008	9.3877e-008	9.4757e-008	9.5189e-008	9.506e-008	9.2581e-008	9.0022e-008	8.8756e-008	8.6611e-008	8.3361e-008	8.1483e-008	7.9387e-008	7.7218e-008	7.5784e-008	7.4072e-008	7.2354e-008	7.0233e-008	6.8646e-008	6.6205e-008	6.436e-008	5.9927e-008	5.6835e-008	5.3223e-008	5.1151e-008	4.8387e-008	4.5297e-008	4.4032e-008	4.1281e-008	3.9845e-008	3.7985e-008	3.6501e-008	3.3713e-008	3.1736e-008	2.9258e-008	2.6197e-008	2.4316e-008	2.2541e-008	2.0222e-008	1.7439e-008	1.5303e-008	1.3205e-008	1.1486e-008	9.7556e-009	7.6822e-009	6.1028e-009	5.4164e-009	4.6417e-009	3.8163e-009	3.8669e-009	4.2004e-009	4.2626e-009	4.4733e-009	4.627e-009	4.4955e-009	4.8124e-009	4.7274e-009	5.0404e-009	5.2395e-009	5.4511e-009	6.5698e-009	9.5491e-009	1.2387e-008	1.681e-008	1.9427e-008	2.7499e-008	3.6147e-008	4.4365e-008	5.002e-008	5.5752e-008	6.1302e-008	6.6101e-008	6.9694e-008	7.2478e-008	7.8528e-008	8.2273e-008	8.4508e-008	8.6784e-008	8.9311e-008	9.1543e-008	9.2492e-008	9.3713e-008	9.2887e-008	9.2062e-008	9.1147e-008	9.0761e-008	9.0312e-008	8.801e-008	8.6687e-008	8.5017e-008	8.2321e-008	7.9092e-008	7.831e-008	7.6866e-008	7.3913e-008	7.1465e-008	6.9955e-008	6.859e-008	6.7031e-008	6.5757e-008	6.2559e-008	5.8161e-008	5.5303e-008	5.4166e-008	5.3296e-008	5.0583e-008	4.6571e-008	4.4546e-008	4.2456e-008	3.8895e-008	3.6498e-008	3.5126e-008	3.1568e-008	2.8872e-008	2.8217e-008	2.6414e-008	2.4638e-008	2.1657e-008	1.8878e-008	1.6884e-008	1.4575e-008	1.2394e-008	9.582e-009	7.9077e-009	6.6532e-009	5.64e-009	5.1239e-009	4.7895e-009	4.0683e-009	3.9668e-009	3.7309e-009	3.2521e-009	3.4518e-009	3.7983e-009	3.8648e-009	3.7275e-009	4.6071e-009	5.8411e-009	7.0357e-009	9.0397e-009	1.197e-008	1.3425e-008	1.8648e-008	2.228e-008	2.7348e-008	3.0961e-008	3.8497e-008	4.4532e-008	4.9356e-008	5.4585e-008	6.0025e-008	6.4366e-008	6.8847e-008	7.2901e-008	7.6104e-008	8.036e-008	8.4717e-008	8.7585e-008	8.979e-008	9.0661e-008	9.1459e-008	9.1765e-008	9.099e-008	9.0461e-008	8.9944e-008	8.9154e-008	8.8149e-008	8.5551e-008	8.4203e-008	8.2907e-008	8.1493e-008	8.007e-008	7.8308e-008	7.6333e-008	7.3896e-008	7.1065e-008	6.7748e-008	6.5954e-008	6.4825e-008	6.2945e-008	6.0612e-008	5.7956e-008	5.6041e-008	5.3943e-008	5.1761e-008	4.9803e-008	4.6715e-008	4.4749e-008	4.2052e-008	4.167e-008	3.7522e-008	3.747e-008	3.5584e-008	3.0896e-008	2.9064e-008	2.6988e-008	2.3268e-008	2.2283e-008	1.9081e-008	1.6621e-008	1.4894e-008	1.2494e-008	1.0061e-008	6.7413e-009	5.9406e-009	5.2791e-009	4.4537e-009	3.9609e-009	3.6007e-009	3.8065e-009	3.5412e-009	3.1785e-009	3.6873e-009	3.3149e-009	3.6707e-009	3.9354e-009	3.9504e-009	4.4023e-009	5.1337e-009	6.4381e-009	7.791e-009	1.1785e-008	1.3912e-008	1.8603e-008	2.1793e-008	2.5609e-008	3.0811e-008	3.5719e-008	4.2564e-008	4.9138e-008	5.6303e-008	6.3151e-008	6.8465e-008	7.3544e-008	7.846e-008	8.2289e-008	8.4895e-008	8.696e-008	8.9574e-008	9.1236e-008	9.249e-008	9.4935e-008	9.5436e-008	9.5694e-008	9.5115e-008	9.2184e-008	9.085e-008	8.84e-008	8.6232e-008	8.4038e-008	8.293e-008	8.2371e-008	8.0532e-008	7.6796e-008	7.5703e-008	7.4866e-008	7.4085e-008	7.3739e-008	7.101e-008	6.8211e-008	6.6038e-008	6.3446e-008	6.1673e-008	5.9983e-008	5.8464e-008	5.6909e-008	5.348e-008	4.9495e-008	4.9032e-008	4.6784e-008	4.4937e-008	4.2115e-008	3.8293e-008	3.4761e-008	3.3139e-008	3.1522e-008	2.7124e-008	2.3458e-008	2.2068e-008	2.0184e-008	1.6909e-008	1.4248e-008	1.2054e-008	1.0158e-008	7.7153e-009	5.9983e-009	4.7683e-009	4.3798e-009	3.5609e-009	2.9166e-009	2.2618e-009	2.2827e-009	2.7731e-009	3.3362e-009	3.213e-009	3.3101e-009	3.6737e-009	3.6001e-009	4.0188e-009	5.1256e-009	6.979e-009	9.3946e-009	1.0999e-008	1.6149e-008	2.1143e-008	2.589e-008	3.3279e-008	3.8593e-008	4.4772e-008	5.0208e-008	5.5204e-008	6.0594e-008	6.3241e-008	6.9817e-008	7.5216e-008	7.8394e-008	8.0824e-008	8.3481e-008	8.7438e-008	8.7693e-008	9.0719e-008	9.1889e-008	9.2374e-008
9.7386e-010	8.5426e-011	9.5126e-011	1.023e-009	1.4367e-009	1.7638e-009	2.9476e-009	5.2267e-009	7.733e-009	1.0843e-008	1.3513e-008	1.7776e-008	2.0914e-008	2.7764e-008	3.3228e-008	3.9239e-008	4.5614e-008	5.4098e-008	5.8024e-008	6.38e-008	6.8091e-008	7.205e-008	7.7173e-008	8.0869e-008	8.3278e-008	8.4164e-008	9.0462e-008	9.4166e-008	9.4694e-008	9.5343e-008	9.4457e-008	9.364e-008	9.3833e-008	9.3115e-008	9.0801e-008	8.9808e-008	8.7818e-008	8.5466e-008	8.2848e-008	7.9961e-008	7.6745e-008	7.4833e-008	7.2435e-008	6.9654e-008	6.8318e-008	6.6444e-008	6.4662e-008	6.2532e-008	6.0609e-008	5.8918e-008	5.6997e-008	5.3333e-008	5.2566e-008	4.894e-008	4.536e-008	4.3423e-008	4.005e-008	3.8966e-008	3.6331e-008	3.4752e-008	3.2994e-008	3.0138e-008	2.7937e-008	2.4618e-008	2.2394e-008	2.0406e-008	1.8978e-008	1.7435e-008	1.5292e-008	1.3449e-008	1.116e-008	9.9639e-009	7.9258e-009	6.8788e-009	4.5687e-009	3.2719e-009	2.9731e-009	2.5738e-009	1.9482e-009	2.4271e-009	2.2831e-009	2.5483e-009	2.6229e-009	3.1726e-009	3.3696e-009	3.8315e-009	4.3905e-009	5.161e-009	7.1052e-009	1.0028e-008	1.3486e-008	1.6244e-008	2.1938e-008	2.561e-008	3.1452e-008	3.8929e-008	4.6953e-008	5.4744e-008	6.1961e-008	6.7778e-008	7.0738e-008	7.6716e-008	8.0295e-008	8.2636e-008	8.6547e-008	8.8772e-008	8.966e-008	9.1189e-008	9.1547e-008	9.1988e-008	9.2128e-008	9.147e-008	9.0561e-008	8.9027e-008	8.7879e-008	8.6125e-008	8.2828e-008	8.122e-008	7.9799e-008	7.8241e-008	7.6238e-008	7.2836e-008	7.1916e-008	6.945e-008	6.7666e-008	6.6431e-008	6.4733e-008	6.357e-008	6.0454e-008	5.5882e-008	5.3665e-008	5.0996e-008	4.9132e-008	4.4055e-008	4.2592e-008	4.0619e-008	3.613e-008	3.4119e-008	2.9634e-008	2.8779e-008	2.6521e-008	2.3637e-008	2.1008e-008	1.8628e-008	1.5402e-008	1.2748e-008	9.0976e-009	7.4675e-009	6.1225e-009	5.2298e-009	4.3203e-009	4.0086e-009	4.024e-009	4.242e-009	4.2328e-009	4.225e-009	3.5748e-009	3.3853e-009	3.119e-009	2.8652e-009	3.4407e-009	3.8302e-009	3.9636e-009	3.7583e-009	3.927e-009	4.4483e-009	4.7563e-009	5.2191e-009	6.0687e-009	8.6236e-009	1.0049e-008	1.4254e-008	1.716e-008	2.3646e-008	3.0031e-008	3.6072e-008	4.3046e-008	4.919e-008	5.4951e-008	6.1336e-008	6.8461e-008	7.3822e-008	7.8626e-008	8.1505e-008	8.3936e-008	8.773e-008	8.9527e-008	9.129e-008	9.1756e-008	9.2342e-008	9.3015e-008	9.3211e-008	9.3439e-008	9.4211e-008	9.4511e-008	9.1417e-008	9.047e-008	8.681e-008	8.5184e-008	8.4014e-008	8.1556e-008	7.884e-008	7.6663e-008	7.5077e-008	7.3882e-008	7.102e-008	6.9702e-008	6.7867e-008	6.6243e-008	6.3975e-008	6.1044e-008	5.5466e-008	5.3283e-008	5.0856e-008	4.7869e-008	4.4086e-008	4.289e-008	4.0734e-008	3.9073e-008	3.7631e-008	3.6431e-008	3.3523e-008	3.2346e-008	2.8617e-008	2.5337e-008	2.3594e-008	2.2039e-008	1.9438e-008	1.8168e-008	1.6367e-008	1.2974e-008	1.1254e-008	9.3199e-009	7.3931e-009	6.1906e-009	5.2627e-009	4.6895e-009	4.1962e-009	4.0869e-009	4.3931e-009	4.391e-009	4.0566e-009	5.0395e-009	4.3417e-009	4.6327e-009	4.4474e-009	4.7331e-009	5.0575e-009	5.7179e-009	7.3853e-009	8.7122e-009	1.0999e-008	1.6554e-008	2.0422e-008	2.6289e-008	3.5798e-008	4.3298e-008	5.0903e-008	5.5107e-008	6.0548e-008	6.5525e-008	6.8342e-008	7.3161e-008	7.7502e-008	8.1757e-008	8.3869e-008	8.6026e-008	8.8465e-008	9.044e-008	9.1534e-008	9.2636e-008	9.3168e-008	9.2044e-008	9.1376e-008	9.1195e-008	9.0748e-008	8.8745e-008	8.7159e-008	8.4718e-008	8.2196e-008	8.0751e-008	7.7839e-008	7.6055e-008	7.3967e-008	7.2526e-008	7.0737e-008	6.8923e-008	6.6961e-008	6.5322e-008	6.3182e-008	5.9573e-008	5.5566e-008	5.3406e-008	5.186e-008	4.9296e-008	4.6064e-008	4.3829e-008	4.2309e-008	3.9127e-008	3.6679e-008	3.4624e-008	3.1901e-008	2.9425e-008	2.7146e-008	2.5322e-008	2.4073e-008	2.0909e-008	1.8665e-008	1.5979e-008	1.3869e-008	1.154e-008	9.7988e-009	8.1693e-009	6.3988e-009	5.4591e-009	4.7938e-009	4.4691e-009	3.734e-009	3.7794e-009	3.6731e-009	3.5107e-009	3.255e-009	3.5248e-009	3.9029e-009	4.0324e-009	4.4454e-009	5.1412e-009	6.6984e-009	8.6651e-009	1.0683e-008	1.4227e-008	1.7597e-008	2.1355e-008	2.5714e-008	3.1e-008	3.807e-008	4.3648e-008	4.9439e-008	5.4773e-008	6.0227e-008	6.3552e-008	6.9181e-008	7.2659e-008	7.7447e-008	7.9867e-008	8.4455e-008	8.5595e-008	8.9457e-008	9.0522e-008	9.1255e-008	9.1351e-008	9.1075e-008	9.0325e-008	8.9545e-008	8.8435e-008	8.7679e-008	8.5892e-008	8.4778e-008	8.2676e-008	8.146e-008	8.0181e-008	7.8699e-008	7.6544e-008	7.3456e-008	7.0548e-008	6.7897e-008	6.727e-008	6.4841e-008	6.3301e-008	6.1217e-008	5.7149e-008	5.5228e-008	5.483e-008	5.2568e-008	5.1106e-008	4.5358e-008	4.4428e-008	4.2662e-008	4.112e-008	3.9701e-008	3.7967e-008	3.6286e-008	3.2468e-008	3.0053e-008	2.7719e-008	2.3227e-008	2.1824e-008	1.9276e-008	1.7196e-008	1.4874e-008	1.2253e-008	1.037e-008	8.6091e-009	6.2155e-009	5.3173e-009	4.5131e-009	4.0388e-009	3.5956e-009	3.2417e-009	3.1998e-009	3.0839e-009	3.5348e-009	3.9688e-009	3.5989e-009	3.5099e-009	3.9056e-009	4.6491e-009	5.4028e-009	7.179e-009	8.9329e-009	1.167e-008	1.46e-008	1.688e-008	2.1199e-008	2.574e-008	3.016e-008	3.6097e-008	4.3467e-008	5.0622e-008	5.7206e-008	6.2525e-008	6.8076e-008	7.3758e-008	7.8366e-008	8.3259e-008	8.547e-008	8.8096e-008	9.0478e-008	9.1149e-008	9.442e-008	9.5171e-008	9.5775e-008	9.5962e-008	9.4918e-008	9.1967e-008	8.9716e-008	8.826e-008	8.6002e-008	8.3564e-008	8.2682e-008	8.1764e-008	7.8274e-008	7.6747e-008	7.5514e-008	7.4662e-008	7.346e-008	7.2112e-008	6.9589e-008	6.8471e-008	6.5934e-008	6.3431e-008	6.12e-008	5.9431e-008	5.8367e-008	5.6353e-008	5.5189e-008	5.238e-008	4.8829e-008	4.6378e-008	4.3588e-008	4.1325e-008	3.8107e-008	3.4759e-008	3.2455e-008	3.065e-008	2.7634e-008	2.4509e-008	2.1886e-008	2.0296e-008	1.7649e-008	1.4592e-008	1.2523e-008	1.1066e-008	8.6687e-009	6.6365e-009	4.8698e-009	4.1697e-009	3.5769e-009	3.0957e-009	2.9573e-009	2.7748e-009	2.4454e-009	3.0788e-009	3.376e-009	3.1256e-009	3.6565e-009	3.814e-009	4.0971e-009	5.1855e-009	6.4844e-009	9.7206e-009	1.1075e-008	1.638e-008	2.1238e-008	2.5298e-008	3.2548e-008	3.856e-008	4.4489e-008	4.8713e-008	5.5482e-008	6.07e-008	6.3703e-008	7.0339e-008	7.4199e-008	7.7576e-008	8.1002e-008	8.4828e-008	8.7605e-008	8.9054e-008	9.2151e-008	9.2363e-008	9.1876e-008
7.2971e-010	5.9227e-010	9.2212e-010	1.237e-009	1.5824e-009	2.4865e-009	3.5975e-009	5.118e-009	8.0087e-009	1.1137e-008	1.36e-008	1.7858e-008	2.206e-008	2.742e-008	3.249e-008	3.9307e-008	4.6898e-008	5.408e-008	5.9667e-008	6.476e-008	6.8499e-008	7.4118e-008	7.7787e-008	8.1202e-008	8.4482e-008	8.759e-008	9.2494e-008	9.4444e-008	9.5021e-008	9.5917e-008	9.4884e-008	9.3696e-008	9.4399e-008	9.2528e-008	9.0639e-008	8.8845e-008	8.7072e-008	8.4985e-008	8.3372e-008	8.0224e-008	7.6507e-008	7.5008e-008	7.3199e-008	7.058e-008	6.8231e-008	6.6377e-008	6.435e-008	6.265e-008	6.1388e-008	5.9529e-008	5.7439e-008	5.3443e-008	5.1804e-008	4.9381e-008	4.7358e-008	4.5006e-008	4.1586e-008	3.773e-008	3.6007e-008	3.4652e-008	3.2095e-008	3.0053e-008	2.8697e-008	2.547e-008	2.32e-008	2.1233e-008	1.9814e-008	1.7125e-008	1.5696e-008	1.3962e-008	1.1628e-008	1.0429e-008	8.9733e-009	7.3583e-009	5.7955e-009	4.1869e-009	3.8153e-009	3.0285e-009	2.3723e-009	2.7816e-009	2.7571e-009	2.7769e-009	2.7987e-009	3.3447e-009	3.7158e-009	3.9385e-009	4.7562e-009	5.4943e-009	8.2442e-009	1.0012e-008	1.4325e-008	1.7457e-008	2.0537e-008	2.5389e-008	2.9539e-008	3.897e-008	4.725e-008	5.5074e-008	6.1492e-008	6.4731e-008	6.9648e-008	7.6036e-008	7.9496e-008	8.3583e-008	8.614e-008	8.9432e-008	9.0668e-008	9.1328e-008	9.2539e-008	9.2847e-008	9.3277e-008	9.1972e-008	9.0918e-008	8.9506e-008	8.8366e-008	8.6371e-008	8.4392e-008	8.2053e-008	7.9353e-008	7.7995e-008	7.7123e-008	7.523e-008	7.2898e-008	7.0994e-008	6.9126e-008	6.73e-008	6.5035e-008	6.2198e-008	5.9236e-008	5.6831e-008	5.4852e-008	5.2072e-008	4.9962e-008	4.7518e-008	4.4142e-008	4.0356e-008	3.8324e-008	3.4529e-008	2.9741e-008	2.9133e-008	2.6308e-008	2.2839e-008	2.1019e-008	1.8358e-008	1.6059e-008	1.2177e-008	9.787e-009	7.7436e-009	6.1626e-009	4.5888e-009	4.16e-009	3.8974e-009	4.231e-009	4.2278e-009	4.1124e-009	4.5645e-009	3.9541e-009	4.0286e-009	3.9268e-009	4.0642e-009	3.6911e-009	3.4981e-009	3.932e-009	4.1578e-009	4.3739e-009	4.5622e-009	4.5935e-009	4.874e-009	6.1295e-009	8.4371e-009	1.0571e-008	1.3522e-008	1.7252e-008	2.2821e-008	2.9596e-008	3.6424e-008	4.402e-008	4.9898e-008	5.7175e-008	6.1566e-008	6.5824e-008	7.2205e-008	7.8124e-008	8.224e-008	8.5811e-008	8.8114e-008	8.9355e-008	9.0498e-008	9.0735e-008	9.1646e-008	9.2445e-008	9.2802e-008	9.3056e-008	9.3605e-008	9.4121e-008	8.9921e-008	8.8503e-008	8.64e-008	8.5525e-008	8.3808e-008	8.1659e-008	7.9829e-008	7.8034e-008	7.593e-008	7.4891e-008	7.3842e-008	6.9303e-008	6.8978e-008	6.6483e-008	6.4394e-008	5.6765e-008	5.4884e-008	5.2194e-008	4.9442e-008	4.7932e-008	4.4594e-008	4.3585e-008	4.1448e-008	3.943e-008	3.7839e-008	3.6098e-008	3.3437e-008	3.2024e-008	2.626e-008	2.4953e-008	2.4168e-008	2.2239e-008	2.0225e-008	1.8664e-008	1.584e-008	1.3889e-008	1.1225e-008	8.7438e-009	7.655e-009	5.9507e-009	5.1731e-009	5.1805e-009	4.5596e-009	4.1818e-009	4.7311e-009	4.914e-009	4.5244e-009	4.5522e-009	4.5531e-009	4.5912e-009	4.5145e-009	4.4501e-009	5.2222e-009	6.1243e-009	7.0754e-009	9.1676e-009	1.1778e-008	1.6735e-008	2.0882e-008	2.5985e-008	3.4435e-008	4.3379e-008	5.0118e-008	5.3936e-008	6.1285e-008	6.6052e-008	6.9652e-008	7.3893e-008	7.7695e-008	8.0569e-008	8.3703e-008	8.5075e-008	8.6503e-008	8.9728e-008	9.0756e-008	9.1942e-008	9.3321e-008	9.2672e-008	9.1632e-008	9.139e-008	9.1345e-008	8.9142e-008	8.7798e-008	8.5518e-008	8.2769e-008	8.0298e-008	7.833e-008	7.5545e-008	7.4704e-008	7.3113e-008	7.1809e-008	6.9179e-008	6.6023e-008	6.4972e-008	6.3343e-008	5.9799e-008	5.7603e-008	5.4331e-008	5.2437e-008	4.9652e-008	4.6626e-008	4.4024e-008	4.1788e-008	3.8537e-008	3.6806e-008	3.4044e-008	3.2062e-008	2.9527e-008	2.6826e-008	2.5021e-008	2.2624e-008	2.0404e-008	1.7884e-008	1.5801e-008	1.3268e-008	1.0915e-008	9.8864e-009	7.2632e-009	6.2734e-009	5.5624e-009	4.7456e-009	4.5182e-009	3.88e-009	3.72e-009	3.7837e-009	3.3975e-009	3.2595e-009	3.4712e-009	3.4779e-009	4.0845e-009	5.1625e-009	4.995e-009	6.3071e-009	8.0031e-009	1.0073e-008	1.3418e-008	1.7539e-008	2.1018e-008	2.3885e-008	2.7969e-008	3.3507e-008	4.3616e-008	4.7709e-008	5.2297e-008	5.932e-008	6.4287e-008	6.8217e-008	7.3572e-008	7.657e-008	8.077e-008	8.4308e-008	8.7616e-008	8.9093e-008	9.0228e-008	9.138e-008	9.1459e-008	9.1198e-008	9.0308e-008	9.0079e-008	8.9456e-008	8.8046e-008	8.6779e-008	8.4718e-008	8.3283e-008	8.18e-008	8.1119e-008	7.7789e-008	7.5749e-008	7.3193e-008	7.1733e-008	7.006e-008	6.7342e-008	6.5003e-008	6.2924e-008	6.0253e-008	5.8645e-008	5.6069e-008	5.4908e-008	5.3931e-008	5.2593e-008	4.745e-008	4.4345e-008	4.3096e-008	4.1073e-008	3.9578e-008	3.6717e-008	3.5165e-008	3.2803e-008	3.0409e-008	2.9e-008	2.4784e-008	2.2536e-008	1.9537e-008	1.7725e-008	1.4964e-008	1.2329e-008	1.0966e-008	9.0988e-009	7.4031e-009	5.6984e-009	5.1377e-009	4.5427e-009	3.687e-009	3.72e-009	3.5714e-009	3.3229e-009	3.7962e-009	4.2484e-009	3.7115e-009	3.7042e-009	4.2126e-009	4.717e-009	6.1284e-009	7.9428e-009	9.142e-009	1.2619e-008	1.4197e-008	1.8431e-008	2.1159e-008	2.5746e-008	3.0851e-008	3.7199e-008	4.4913e-008	5.3256e-008	5.837e-008	6.2814e-008	6.9506e-008	7.5383e-008	8.0239e-008	8.3026e-008	8.6146e-008	8.9327e-008	8.9017e-008	9.1104e-008	9.5613e-008	9.684e-008	9.6382e-008	9.5768e-008	9.3532e-008	9.2344e-008	8.9067e-008	8.7271e-008	8.5416e-008	8.4664e-008	8.3625e-008	8.2473e-008	7.9804e-008	7.7231e-008	7.5285e-008	7.4458e-008	7.3491e-008	7.1955e-008	7.0551e-008	6.9256e-008	6.65e-008	6.4031e-008	6.286e-008	6.0105e-008	5.8241e-008	5.7002e-008	5.5054e-008	5.2253e-008	4.7882e-008	4.5427e-008	4.3157e-008	4.0995e-008	3.8131e-008	3.4275e-008	3.2352e-008	3.042e-008	2.7055e-008	2.3599e-008	2.1313e-008	1.8758e-008	1.6808e-008	1.4986e-008	1.2663e-008	1.0428e-008	8.0482e-009	6.3564e-009	5.0082e-009	4.1816e-009	3.5739e-009	3.4376e-009	3.2531e-009	3.0644e-009	3.1034e-009	3.3411e-009	3.442e-009	3.2521e-009	3.6733e-009	3.978e-009	4.2373e-009	5.5697e-009	7.4615e-009	9.6883e-009	1.2048e-008	1.7113e-008	2.1786e-008	2.5211e-008	2.9346e-008	3.7229e-008	4.3684e-008	5.1708e-008	5.7399e-008	6.1329e-008	6.5313e-008	7.046e-008	7.5258e-008	7.7561e-008	8.1463e-008	8.3721e-008	8.6152e-008	8.9776e-008	9.1552e-008	9.1406e-008	9.1158e-008
1.5843e-009	1.2884e-009	1.6929e-009	1.978e-009	2.1458e-009	3.3138e-009	3.9807e-009	5.6931e-009	8.4187e-009	1.1463e-008	1.4648e-008	1.7581e-008	2.29e-008	2.807e-008	3.388e-008	4.0698e-008	4.8593e-008	5.277e-008	6.1541e-008	6.6891e-008	7.0573e-008	7.6119e-008	7.9323e-008	8.1409e-008	8.5046e-008	8.6378e-008	9.1973e-008	9.3967e-008	9.4875e-008	9.535e-008	9.4067e-008	9.3104e-008	9.2363e-008	9.0652e-008	8.9711e-008	8.8105e-008	8.7049e-008	8.464e-008	8.0691e-008	7.9024e-008	7.6819e-008	7.5236e-008	7.3105e-008	7.0824e-008	6.9151e-008	6.7123e-008	6.4619e-008	6.3469e-008	6.1868e-008	5.9852e-008	5.8304e-008	5.6395e-008	5.3681e-008	5.1164e-008	4.9077e-008	4.6225e-008	4.2e-008	3.9169e-008	3.6406e-008	3.5184e-008	3.2211e-008	3.1424e-008	2.9295e-008	2.5703e-008	2.3972e-008	2.144e-008	1.994e-008	1.784e-008	1.6494e-008	1.4798e-008	1.2156e-008	1.1135e-008	9.157e-009	8.2972e-009	6.9028e-009	5.3169e-009	4.3589e-009	3.7767e-009	3.1828e-009	2.7655e-009	2.7061e-009	3.0684e-009	3.3325e-009	3.5229e-009	4.42e-009	4.827e-009	5.32e-009	7.0511e-009	8.9967e-009	1.1892e-008	1.4788e-008	1.7752e-008	2.0862e-008	2.5269e-008	3.0415e-008	3.9146e-008	4.7679e-008	5.4966e-008	6.1657e-008	6.4447e-008	6.9911e-008	7.5028e-008	7.8482e-008	8.3797e-008	8.5316e-008	8.8981e-008	9.1944e-008	9.2389e-008	9.2647e-008	9.3378e-008	9.3777e-008	9.3343e-008	9.2182e-008	9.0964e-008	8.8865e-008	8.779e-008	8.4475e-008	8.2558e-008	7.952e-008	7.8429e-008	7.7483e-008	7.598e-008	7.4551e-008	7.2523e-008	6.9916e-008	6.6903e-008	6.4348e-008	6.2265e-008	5.9342e-008	5.7747e-008	5.4423e-008	5.2196e-008	5.0134e-008	4.6549e-008	4.2696e-008	4.0738e-008	3.8619e-008	3.5562e-008	3.0945e-008	2.9073e-008	2.6919e-008	2.4211e-008	2.1766e-008	1.8599e-008	1.5562e-008	1.3694e-008	1.044e-008	8.2636e-009	5.9245e-009	5.0152e-009	4.6361e-009	4.3444e-009	4.4227e-009	4.3289e-009	4.1978e-009	4.629e-009	4.4826e-009	4.2791e-009	4.9544e-009	4.3699e-009	3.7805e-009	3.6788e-009	4.0972e-009	4.5387e-009	4.7173e-009	4.8311e-009	5.1743e-009	5.3853e-009	5.8576e-009	8.6583e-009	1.107e-008	1.5087e-008	1.8064e-008	2.2599e-008	2.9018e-008	3.7248e-008	4.5854e-008	5.3005e-008	5.748e-008	6.2023e-008	6.4734e-008	7.3801e-008	7.7122e-008	8.1906e-008	8.5923e-008	8.8121e-008	9.0191e-008	9.058e-008	9.0573e-008	9.1706e-008	9.2593e-008	9.2944e-008	9.2721e-008	9.2515e-008	9.1787e-008	8.9437e-008	8.8269e-008	8.651e-008	8.5039e-008	8.2916e-008	8.048e-008	7.8804e-008	7.8098e-008	7.7575e-008	7.5434e-008	7.4024e-008	7.0486e-008	7.0122e-008	6.717e-008	6.4304e-008	5.8844e-008	5.5579e-008	5.15e-008	5.021e-008	4.822e-008	4.6048e-008	4.321e-008	4.1342e-008	3.9223e-008	3.7538e-008	3.5192e-008	3.319e-008	3.1784e-008	2.7662e-008	2.5746e-008	2.4235e-008	2.2294e-008	2.0242e-008	1.8399e-008	1.4508e-008	1.2718e-008	1.0463e-008	8.1285e-009	7.8027e-009	6.5988e-009	5.6531e-009	5.2905e-009	4.9258e-009	4.292e-009	4.8754e-009	5.0529e-009	4.9108e-009	4.7156e-009	4.542e-009	4.8384e-009	4.8708e-009	5.0271e-009	5.9786e-009	6.8412e-009	7.9236e-009	1.0324e-008	1.2552e-008	1.6272e-008	1.986e-008	2.5931e-008	3.3125e-008	4.3245e-008	5.0745e-008	5.5919e-008	6.2151e-008	6.7284e-008	7.1781e-008	7.4836e-008	7.8387e-008	8.0957e-008	8.3051e-008	8.5172e-008	8.8182e-008	8.9473e-008	9.0652e-008	9.2382e-008	9.314e-008	9.1989e-008	9.2257e-008	9.183e-008	9.0554e-008	8.8838e-008	8.8001e-008	8.613e-008	8.3776e-008	8.0857e-008	7.9124e-008	7.7559e-008	7.5072e-008	7.3595e-008	7.2388e-008	6.9552e-008	6.6929e-008	6.454e-008	6.3754e-008	6.1799e-008	5.6757e-008	5.5023e-008	5.2771e-008	4.9437e-008	4.6755e-008	4.4625e-008	4.1452e-008	3.7732e-008	3.6948e-008	3.4449e-008	3.1391e-008	2.974e-008	2.7524e-008	2.5373e-008	2.1064e-008	2.0113e-008	1.775e-008	1.5807e-008	1.3619e-008	1.1673e-008	1.0018e-008	8.1909e-009	6.6794e-009	5.5054e-009	4.6826e-009	4.309e-009	3.9271e-009	4.0197e-009	4.0763e-009	3.7707e-009	3.8052e-009	3.6645e-009	3.9041e-009	4.1477e-009	4.5819e-009	5.2017e-009	5.9883e-009	7.9401e-009	1.0089e-008	1.3081e-008	1.6306e-008	1.9716e-008	2.3083e-008	2.7802e-008	3.3401e-008	4.1249e-008	4.8915e-008	5.4219e-008	5.9977e-008	6.5118e-008	6.9132e-008	7.3113e-008	7.5269e-008	8.1893e-008	8.51e-008	8.7899e-008	8.9518e-008	9.0419e-008	9.1283e-008	9.1381e-008	9.0795e-008	9.0732e-008	9.0665e-008	9.0323e-008	8.8735e-008	8.7248e-008	8.5272e-008	8.3271e-008	8.1878e-008	8.116e-008	7.6662e-008	7.4573e-008	7.2817e-008	7.1369e-008	7.0041e-008	6.7412e-008	6.4922e-008	6.3163e-008	6.1352e-008	5.8527e-008	5.684e-008	5.4938e-008	5.4419e-008	5.3284e-008	4.8041e-008	4.5654e-008	4.3832e-008	4.1528e-008	3.9384e-008	3.7823e-008	3.5006e-008	3.3429e-008	3.1296e-008	2.9098e-008	2.4893e-008	2.3143e-008	2.0627e-008	1.8443e-008	1.6225e-008	1.4083e-008	1.2388e-008	9.1442e-009	6.7524e-009	6.2436e-009	5.2927e-009	4.6094e-009	4.6537e-009	4.8085e-009	4.121e-009	3.7311e-009	3.6382e-009	3.7683e-009	4.1601e-009	4.1901e-009	4.6476e-009	5.3271e-009	6.5589e-009	8.3039e-009	9.4027e-009	1.3225e-008	1.6763e-008	1.8313e-008	2.2347e-008	2.686e-008	3.2175e-008	3.9662e-008	4.7744e-008	5.5057e-008	6.1319e-008	6.5806e-008	7.1215e-008	7.7115e-008	8.0927e-008	8.5183e-008	8.7712e-008	8.9193e-008	9.258e-008	9.7353e-008	9.6944e-008	9.7282e-008	9.6487e-008	9.4996e-008	9.3566e-008	9.2212e-008	8.9231e-008	8.7632e-008	8.562e-008	8.4884e-008	8.4074e-008	8.3113e-008	8.1077e-008	7.7102e-008	7.5936e-008	7.5236e-008	7.3709e-008	7.194e-008	7.1064e-008	6.9635e-008	6.7521e-008	6.5072e-008	6.3382e-008	6.0005e-008	5.9073e-008	5.7094e-008	5.3441e-008	5.233e-008	4.744e-008	4.5584e-008	4.3804e-008	4.1537e-008	3.7177e-008	3.4593e-008	3.308e-008	2.997e-008	2.718e-008	2.3601e-008	2.072e-008	1.8597e-008	1.6413e-008	1.5066e-008	1.3456e-008	1.0616e-008	9.0885e-009	7.2635e-009	5.2723e-009	4.2385e-009	3.6631e-009	3.7228e-009	3.2435e-009	3.4384e-009	3.4746e-009	3.7386e-009	3.7329e-009	3.4278e-009	3.9016e-009	4.6181e-009	4.9795e-009	6.3816e-009	7.3094e-009	1.0011e-008	1.2948e-008	1.7923e-008	2.1815e-008	2.6997e-008	3.2686e-008	3.8249e-008	4.5134e-008	5.215e-008	5.8197e-008	6.2314e-008	6.6633e-008	7.0863e-008	7.467e-008	7.7243e-008	8.175e-008	8.3564e-008	8.7413e-008	9.1175e-008	9.1131e-008	9.1093e-008	9.1514e-008
2.0137e-009	1.2825e-009	1.6114e-009	2.4321e-009	2.4147e-009	3.1132e-009	4.2125e-009	5.8219e-009	8.5166e-009	1.0629e-008	1.5196e-008	1.8622e-008	2.2978e-008	2.7249e-008	3.3943e-008	4.062e-008	4.8494e-008	5.5832e-008	6.2837e-008	6.752e-008	7.303e-008	7.7511e-008	8.0012e-008	8.2665e-008	8.4662e-008	8.9189e-008	9.0241e-008	9.2062e-008	9.3772e-008	9.407e-008	9.3737e-008	9.2958e-008	9.161e-008	9.0551e-008	8.9216e-008	8.7502e-008	8.605e-008	8.3573e-008	8.0937e-008	7.816e-008	7.6577e-008	7.4745e-008	7.3118e-008	7.1268e-008	6.9604e-008	6.7719e-008	6.5015e-008	6.3983e-008	6.0878e-008	5.9197e-008	5.8175e-008	5.4518e-008	5.2507e-008	5.0021e-008	4.743e-008	4.431e-008	4.2145e-008	3.9558e-008	3.7075e-008	3.5265e-008	3.2814e-008	3.0719e-008	2.8656e-008	2.6066e-008	2.4553e-008	2.1634e-008	2.0026e-008	1.8178e-008	1.6138e-008	1.4539e-008	1.2736e-008	1.1131e-008	9.3636e-009	7.9108e-009	7.0054e-009	5.4885e-009	4.6305e-009	3.7203e-009	3.2926e-009	2.7346e-009	2.7882e-009	2.9429e-009	3.4678e-009	4.1019e-009	4.3779e-009	4.6126e-009	5.1993e-009	7.0241e-009	8.6709e-009	1.1768e-008	1.5053e-008	1.7714e-008	2.1178e-008	2.6559e-008	3.0786e-008	3.8789e-008	4.6737e-008	5.4682e-008	6.0004e-008	6.4535e-008	6.9548e-008	7.2492e-008	7.961e-008	8.3424e-008	8.6333e-008	8.9877e-008	9.2874e-008	9.3557e-008	9.3454e-008	9.4164e-008	9.4228e-008	9.4113e-008	9.2621e-008	9.1608e-008	8.9694e-008	8.7688e-008	8.5327e-008	8.2755e-008	8.0294e-008	7.8551e-008	7.6684e-008	7.5518e-008	7.3907e-008	7.1384e-008	6.878e-008	6.6563e-008	6.4865e-008	6.2729e-008	6.0774e-008	5.8257e-008	5.474e-008	5.1178e-008	4.8708e-008	4.6148e-008	4.3629e-008	4.1565e-008	3.8018e-008	3.4574e-008	3.2859e-008	2.9062e-008	2.7189e-008	2.3983e-008	2.1407e-008	1.8173e-008	1.547e-008	1.3849e-008	1.0625e-008	8.1948e-009	6.2712e-009	4.831e-009	4.4591e-009	4.5084e-009	3.971e-009	4.111e-009	3.8367e-009	4.2322e-009	3.9393e-009	4.2463e-009	4.5629e-009	3.8469e-009	3.4039e-009	4.0839e-009	4.2291e-009	4.2968e-009	4.8244e-009	4.5398e-009	4.9769e-009	5.0082e-009	5.8665e-009	8.436e-009	1.0639e-008	1.4797e-008	1.8429e-008	2.2401e-008	2.8629e-008	3.643e-008	4.529e-008	5.1419e-008	5.8206e-008	6.2193e-008	6.7966e-008	7.2673e-008	7.8052e-008	8.092e-008	8.6427e-008	8.782e-008	8.9365e-008	8.995e-008	9.0388e-008	9.1716e-008	9.2726e-008	9.2523e-008	9.2037e-008	9.1668e-008	9.0263e-008	8.8929e-008	8.7521e-008	8.6831e-008	8.5283e-008	8.3064e-008	8.0973e-008	7.9665e-008	7.8463e-008	7.7388e-008	7.5888e-008	7.3886e-008	7.1687e-008	6.9466e-008	6.5659e-008	6.3602e-008	6.0592e-008	5.6809e-008	5.2368e-008	5.0366e-008	4.8256e-008	4.5884e-008	4.4324e-008	4.2682e-008	3.9234e-008	3.7137e-008	3.5549e-008	3.3135e-008	3.0363e-008	2.8191e-008	2.6111e-008	2.367e-008	2.1342e-008	1.9437e-008	1.6337e-008	1.4638e-008	1.2089e-008	1.0172e-008	8.8034e-009	7.456e-009	6.2377e-009	5.5728e-009	5.2057e-009	4.7318e-009	4.5958e-009	4.7779e-009	4.7771e-009	5.2064e-009	5.1365e-009	4.9034e-009	4.7807e-009	4.6527e-009	5.3358e-009	6.0755e-009	6.7284e-009	7.6888e-009	9.6256e-009	1.2753e-008	1.6751e-008	2.1318e-008	2.6235e-008	3.3125e-008	4.4797e-008	5.1755e-008	5.6151e-008	6.1167e-008	6.7462e-008	7.2459e-008	7.5834e-008	7.8395e-008	8.1052e-008	8.3642e-008	8.511e-008	8.6545e-008	8.8673e-008	8.9658e-008	9.2124e-008	9.175e-008	9.1795e-008	9.2623e-008	9.1877e-008	9.1621e-008	9.0464e-008	8.8117e-008	8.5874e-008	8.3304e-008	8.1062e-008	7.9632e-008	7.6897e-008	7.4893e-008	7.4138e-008	7.2649e-008	6.9274e-008	6.507e-008	6.4471e-008	6.3102e-008	6.1913e-008	5.7394e-008	5.5041e-008	5.2488e-008	4.9724e-008	4.6753e-008	4.3483e-008	4.1204e-008	3.8771e-008	3.658e-008	3.5376e-008	3.1863e-008	2.945e-008	2.7152e-008	2.3831e-008	2.1337e-008	2.018e-008	1.7305e-008	1.5138e-008	1.3805e-008	1.2312e-008	9.8401e-009	7.8432e-009	6.7739e-009	5.5476e-009	4.7619e-009	4.0903e-009	3.9016e-009	4.0831e-009	3.9276e-009	4.3288e-009	4.4151e-009	4.1726e-009	4.2024e-009	4.2084e-009	4.8582e-009	5.3755e-009	5.8636e-009	7.408e-009	9.0702e-009	1.2661e-008	1.5536e-008	1.9633e-008	2.3201e-008	2.9209e-008	3.4612e-008	4.0573e-008	4.6534e-008	5.3736e-008	6.0511e-008	6.3973e-008	6.8646e-008	7.3157e-008	7.5856e-008	8.212e-008	8.5047e-008	8.8538e-008	8.9709e-008	9.0736e-008	9.1603e-008	9.1274e-008	9.1484e-008	9.1862e-008	9.1653e-008	9.0104e-008	8.8886e-008	8.5842e-008	8.4372e-008	8.2738e-008	8.1284e-008	7.919e-008	7.7075e-008	7.4819e-008	7.2502e-008	7.1256e-008	6.9526e-008	6.7289e-008	6.5271e-008	6.3295e-008	6.1688e-008	5.8865e-008	5.6782e-008	5.5849e-008	5.4769e-008	5.3021e-008	5.0736e-008	4.7443e-008	4.4828e-008	4.2629e-008	4.0351e-008	3.7657e-008	3.6044e-008	3.3991e-008	3.1906e-008	2.8427e-008	2.6018e-008	2.2665e-008	2.1674e-008	1.9437e-008	1.6836e-008	1.4527e-008	1.2822e-008	1.0966e-008	8.9884e-009	7.1085e-009	5.8226e-009	4.7e-009	4.5016e-009	4.8902e-009	4.3443e-009	4.028e-009	3.6506e-009	3.8528e-009	4.0777e-009	4.1681e-009	4.775e-009	5.6516e-009	6.9465e-009	8.7994e-009	1.1468e-008	1.4003e-008	1.6941e-008	1.9222e-008	2.4245e-008	2.7834e-008	3.332e-008	4.0487e-008	4.812e-008	5.6486e-008	6.2782e-008	6.7185e-008	7.1958e-008	7.7738e-008	8.2721e-008	8.5135e-008	8.7557e-008	8.9761e-008	9.2784e-008	9.7454e-008	9.7801e-008	9.7245e-008	9.6107e-008	9.4335e-008	9.359e-008	9.2112e-008	9.0282e-008	8.7482e-008	8.5627e-008	8.5078e-008	8.3887e-008	8.2946e-008	8.033e-008	7.8044e-008	7.7464e-008	7.6328e-008	7.3783e-008	7.2224e-008	7.1065e-008	6.937e-008	6.7601e-008	6.4144e-008	6.2783e-008	6.1586e-008	5.916e-008	5.6453e-008	5.2851e-008	5.0803e-008	4.8401e-008	4.5365e-008	4.2785e-008	4.1277e-008	3.5623e-008	3.4644e-008	3.3087e-008	3.0137e-008	2.6788e-008	2.3126e-008	2.1135e-008	1.9451e-008	1.7266e-008	1.4951e-008	1.255e-008	1.1407e-008	9.4694e-009	7.6185e-009	5.6072e-009	4.1806e-009	3.5674e-009	3.3337e-009	3.0871e-009	3.8365e-009	3.4466e-009	3.5162e-009	4.0541e-009	4.2498e-009	4.5684e-009	4.8496e-009	5.8276e-009	7.2382e-009	8.5285e-009	1.1676e-008	1.3884e-008	1.8422e-008	2.2871e-008	2.801e-008	3.1323e-008	3.81e-008	4.4755e-008	5.1396e-008	5.806e-008	6.2538e-008	6.6866e-008	7.0009e-008	7.5565e-008	7.871e-008	8.3237e-008	8.4944e-008	8.856e-008	9.1031e-008	9.1169e-008	9.1528e-008	9.1726e-008
1.7933e-009	1.3504e-009	1.5842e-009	1.8927e-009	1.943e-009	2.7991e-009	3.9871e-009	5.9241e-009	8.4985e-009	1.0659e-008	1.4624e-008	1.8677e-008	2.2579e-008	2.7849e-008	3.4603e-008	4.0536e-008	4.7586e-008	5.6125e-008	6.2651e-008	6.8736e-008	7.3498e-008	7.7654e-008	8.1252e-008	8.3466e-008	8.5934e-008	8.9169e-008	9.0957e-008	9.2381e-008	9.2798e-008	9.2863e-008	9.2957e-008	9.2309e-008	9.1777e-008	9.0626e-008	8.9222e-008	8.7434e-008	8.5831e-008	8.4374e-008	8.1171e-008	7.87e-008	7.7073e-008	7.4131e-008	7.2699e-008	7.0961e-008	6.9585e-008	6.5488e-008	6.4263e-008	6.348e-008	6.0862e-008	5.8565e-008	5.6994e-008	5.4716e-008	5.1051e-008	4.8925e-008	4.6429e-008	4.5031e-008	4.2417e-008	4.0491e-008	3.8372e-008	3.4288e-008	3.1845e-008	3.0188e-008	2.8174e-008	2.571e-008	2.4275e-008	2.2184e-008	1.9804e-008	1.7812e-008	1.5435e-008	1.3953e-008	1.2677e-008	1.0913e-008	9.2306e-009	8.235e-009	7.0746e-009	5.9399e-009	4.8803e-009	3.8735e-009	3.2971e-009	3.0961e-009	3.1675e-009	3.2677e-009	3.2982e-009	3.8719e-009	4.717e-009	5.0936e-009	5.9749e-009	7.43e-009	9.0011e-009	1.221e-008	1.4943e-008	1.7341e-008	2.0794e-008	2.6517e-008	3.1785e-008	3.8876e-008	4.5444e-008	5.2908e-008	5.9217e-008	6.419e-008	6.8624e-008	7.4407e-008	8.0614e-008	8.2761e-008	8.5373e-008	9.1031e-008	9.3286e-008	9.3787e-008	9.419e-008	9.4004e-008	9.4736e-008	9.3972e-008	9.2805e-008	9.1295e-008	8.986e-008	8.7992e-008	8.6139e-008	8.3961e-008	8.1238e-008	7.7946e-008	7.6556e-008	7.4773e-008	7.3329e-008	7.0589e-008	6.9162e-008	6.6223e-008	6.4744e-008	6.285e-008	6.135e-008	5.7658e-008	5.2982e-008	5.1574e-008	4.9228e-008	4.7055e-008	4.2006e-008	4.0564e-008	3.8697e-008	3.51e-008	3.2346e-008	2.9775e-008	2.6635e-008	2.3905e-008	2.1821e-008	1.7994e-008	1.4647e-008	1.3648e-008	1.1337e-008	7.9484e-009	6.627e-009	5.231e-009	4.5105e-009	4.5417e-009	3.8741e-009	3.6396e-009	3.4194e-009	3.9379e-009	3.9695e-009	4.2347e-009	4.3745e-009	3.0926e-009	3.3681e-009	4.3894e-009	4.3297e-009	4.4162e-009	4.6945e-009	4.4095e-009	4.9441e-009	4.9237e-009	5.9273e-009	7.3669e-009	1.1414e-008	1.4797e-008	1.8318e-008	2.3039e-008	2.8514e-008	3.6252e-008	4.446e-008	5.3245e-008	5.8799e-008	6.5116e-008	7.0906e-008	7.5287e-008	7.9688e-008	8.3357e-008	8.5058e-008	8.7476e-008	8.9056e-008	8.9744e-008	9.0323e-008	9.2104e-008	9.2791e-008	9.2692e-008	9.2094e-008	9.0831e-008	8.9732e-008	8.8337e-008	8.7812e-008	8.6796e-008	8.5751e-008	8.2954e-008	8.1866e-008	7.9734e-008	7.7603e-008	7.5087e-008	7.4365e-008	7.2188e-008	7.0911e-008	6.7388e-008	6.4928e-008	6.2396e-008	6.0644e-008	5.7403e-008	5.3162e-008	5.0903e-008	4.8062e-008	4.6607e-008	4.3832e-008	4.0954e-008	3.8756e-008	3.7332e-008	3.4776e-008	3.0233e-008	2.9316e-008	2.7557e-008	2.5116e-008	2.1536e-008	2.0476e-008	1.8044e-008	1.5964e-008	1.4257e-008	1.2313e-008	1.0604e-008	8.9395e-009	7.129e-009	6.2201e-009	5.5141e-009	5.0224e-009	4.8775e-009	4.9008e-009	5.2276e-009	5.0508e-009	5.0867e-009	5.0626e-009	5.2098e-009	5.4333e-009	5.4656e-009	5.5362e-009	5.959e-009	6.7794e-009	8.3387e-009	1.0648e-008	1.2844e-008	1.619e-008	2.1149e-008	2.6502e-008	3.2674e-008	4.3114e-008	5.2484e-008	5.729e-008	6.0514e-008	6.7002e-008	7.1185e-008	7.6258e-008	7.8333e-008	8.0666e-008	8.3284e-008	8.4372e-008	8.5832e-008	8.7617e-008	8.9569e-008	9.0409e-008	9.0582e-008	9.1088e-008	9.2002e-008	9.1883e-008	9.1828e-008	8.9804e-008	8.5918e-008	8.4834e-008	8.2523e-008	8.0465e-008	7.9428e-008	7.7462e-008	7.5243e-008	7.4249e-008	7.1883e-008	6.8393e-008	6.61e-008	6.4463e-008	6.3045e-008	6.1643e-008	5.7197e-008	5.4078e-008	5.2321e-008	4.9038e-008	4.6888e-008	4.3997e-008	4.0873e-008	3.8074e-008	3.6546e-008	3.3581e-008	3.092e-008	2.8862e-008	2.6775e-008	2.313e-008	2.1224e-008	1.9549e-008	1.6755e-008	1.5274e-008	1.3713e-008	1.1092e-008	8.7702e-009	7.6855e-009	6.7758e-009	5.01e-009	4.0926e-009	4.365e-009	4.2012e-009	3.9624e-009	3.7436e-009	4.4888e-009	5.079e-009	5.2053e-009	4.9759e-009	4.3238e-009	4.8922e-009	5.3749e-009	5.6051e-009	7.2757e-009	8.8946e-009	1.2121e-008	1.5103e-008	1.9341e-008	2.3933e-008	2.8055e-008	3.604e-008	4.2277e-008	4.7193e-008	5.3321e-008	5.9533e-008	6.4377e-008	6.9095e-008	7.3421e-008	7.7492e-008	8.1208e-008	8.5496e-008	8.835e-008	9.0489e-008	9.1172e-008	9.1481e-008	9.1753e-008	9.1977e-008	9.258e-008	9.2652e-008	9.1981e-008	9.0415e-008	8.7948e-008	8.3354e-008	8.2125e-008	8.0079e-008	7.7799e-008	7.6168e-008	7.515e-008	7.4407e-008	7.2339e-008	6.9017e-008	6.8009e-008	6.5003e-008	6.3207e-008	6.2523e-008	5.9961e-008	5.6742e-008	5.6108e-008	5.4773e-008	5.1646e-008	4.9626e-008	4.7634e-008	4.5019e-008	4.3804e-008	4.0532e-008	3.776e-008	3.61e-008	3.3335e-008	3.1249e-008	2.7852e-008	2.6826e-008	2.4109e-008	2.2686e-008	2.0067e-008	1.813e-008	1.494e-008	1.3552e-008	1.0984e-008	9.0523e-009	7.6335e-009	6.4133e-009	4.9402e-009	4.7064e-009	4.9277e-009	4.5154e-009	4.1699e-009	3.6918e-009	4.2791e-009	4.3207e-009	4.7084e-009	5.244e-009	6.1679e-009	7.5591e-009	9.7977e-009	1.2003e-008	1.3952e-008	1.7287e-008	2.0225e-008	2.5389e-008	2.9571e-008	3.4712e-008	4.1936e-008	4.8964e-008	5.8616e-008	6.3811e-008	6.6808e-008	7.1497e-008	7.7176e-008	8.2552e-008	8.5222e-008	8.6767e-008	9.0866e-008	9.3694e-008	9.747e-008	9.7124e-008	9.6468e-008	9.5439e-008	9.3897e-008	9.3208e-008	9.2397e-008	9.1993e-008	9.153e-008	8.9722e-008	8.5391e-008	8.4388e-008	8.2434e-008	8.0748e-008	7.8685e-008	7.7407e-008	7.5826e-008	7.3699e-008	7.2091e-008	7.0249e-008	6.812e-008	6.7116e-008	6.4495e-008	6.2248e-008	6.0946e-008	5.7719e-008	5.52e-008	5.1961e-008	4.9923e-008	4.7169e-008	4.5777e-008	4.3218e-008	4.1326e-008	3.7154e-008	3.5481e-008	3.2962e-008	3.0305e-008	2.4861e-008	2.3827e-008	2.0873e-008	1.9274e-008	1.7087e-008	1.4258e-008	1.323e-008	1.2043e-008	8.6912e-009	7.3487e-009	5.4054e-009	4.2639e-009	3.9513e-009	3.654e-009	3.4624e-009	3.3748e-009	3.4457e-009	3.4535e-009	3.9068e-009	4.3587e-009	4.6205e-009	5.6316e-009	6.6988e-009	7.6043e-009	1.0165e-008	1.2351e-008	1.6039e-008	1.9264e-008	2.388e-008	2.8939e-008	3.2888e-008	3.7578e-008	4.4291e-008	5.1842e-008	5.7771e-008	6.2976e-008	6.5991e-008	7.0409e-008	7.5395e-008	7.8785e-008	8.3036e-008	8.4918e-008	8.8875e-008	9.0378e-008	9.1017e-008	9.1364e-008	9.1231e-008
1.9172e-009	1.5246e-009	1.6155e-009	1.7887e-009	2.6334e-009	3.2938e-009	4.689e-009	6.5778e-009	9.5271e-009	1.1499e-008	1.4941e-008	1.9129e-008	2.378e-008	2.965e-008	3.5548e-008	4.087e-008	4.6693e-008	5.5217e-008	6.3302e-008	7.114e-008	7.546e-008	7.9413e-008	8.2335e-008	8.4792e-008	8.7921e-008	9.0971e-008	9.1918e-008	9.2263e-008	9.3e-008	9.3486e-008	9.3255e-008	9.3439e-008	9.3147e-008	9.1467e-008	8.9828e-008	8.815e-008	8.542e-008	8.4334e-008	8.2043e-008	8.0062e-008	7.6372e-008	7.5317e-008	7.3413e-008	7.1346e-008	7.0264e-008	6.956e-008	6.4072e-008	6.4271e-008	6.0665e-008	5.876e-008	5.6873e-008	5.4567e-008	5.2492e-008	4.9812e-008	4.6941e-008	4.5173e-008	4.2483e-008	4.0222e-008	3.8213e-008	3.6937e-008	3.1214e-008	3.0013e-008	2.9157e-008	2.7426e-008	2.5704e-008	2.2167e-008	2.0089e-008	1.8136e-008	1.6203e-008	1.481e-008	1.3401e-008	1.1267e-008	9.7862e-009	8.3014e-009	7.0172e-009	5.6831e-009	5.2222e-009	4.6343e-009	4.0424e-009	3.8366e-009	4.1891e-009	4.1243e-009	3.7262e-009	4.2279e-009	4.9761e-009	5.4236e-009	5.981e-009	7.2815e-009	9.4818e-009	1.1916e-008	1.5565e-008	1.8968e-008	2.19e-008	2.6573e-008	3.3443e-008	3.9413e-008	4.6591e-008	5.174e-008	5.8157e-008	6.4129e-008	6.8396e-008	7.3555e-008	7.7715e-008	8.2801e-008	8.5506e-008	9.0117e-008	9.1559e-008	9.4067e-008	9.4498e-008	9.5406e-008	9.5132e-008	9.4156e-008	9.2719e-008	9.1509e-008	9.004e-008	8.973e-008	8.6702e-008	8.3911e-008	8.0984e-008	7.8629e-008	7.5834e-008	7.4488e-008	7.2499e-008	7.118e-008	6.8676e-008	6.6492e-008	6.4566e-008	6.325e-008	6.1918e-008	5.7034e-008	5.5825e-008	5.2472e-008	5.0611e-008	4.8769e-008	4.4553e-008	3.9508e-008	3.844e-008	3.4814e-008	3.3568e-008	3.1535e-008	2.8663e-008	2.4144e-008	2.2389e-008	2.02e-008	1.6158e-008	1.4174e-008	1.2517e-008	1.056e-008	7.8989e-009	5.7818e-009	4.6746e-009	4.4332e-009	4.0766e-009	4.0522e-009	3.5155e-009	3.2486e-009	3.6305e-009	3.9354e-009	3.8191e-009	4.0676e-009	4.2096e-009	4.4688e-009	4.5671e-009	4.4812e-009	4.5075e-009	4.2053e-009	4.7338e-009	4.7688e-009	5.9229e-009	7.1768e-009	1.0828e-008	1.4379e-008	1.7914e-008	2.2761e-008	2.8356e-008	3.6149e-008	4.3849e-008	5.2738e-008	5.8768e-008	6.5506e-008	7.2609e-008	7.6344e-008	7.8873e-008	8.4105e-008	8.5458e-008	8.7405e-008	8.9053e-008	8.9664e-008	9.0361e-008	9.1787e-008	9.2393e-008	9.2599e-008	9.19e-008	9.0731e-008	8.9687e-008	8.8535e-008	8.7525e-008	8.7132e-008	8.6615e-008	8.3444e-008	8.078e-008	7.946e-008	7.6471e-008	7.5301e-008	7.26e-008	7.159e-008	6.942e-008	6.65e-008	6.4399e-008	6.2589e-008	6.0428e-008	5.7321e-008	5.3054e-008	5.0985e-008	4.8969e-008	4.7156e-008	4.4601e-008	4.1612e-008	3.9469e-008	3.6617e-008	3.3163e-008	3.1282e-008	3.0063e-008	2.7702e-008	2.5545e-008	2.27e-008	2.0438e-008	1.8414e-008	1.5665e-008	1.3941e-008	1.2467e-008	1.0336e-008	8.5823e-009	7.0288e-009	6.3241e-009	5.9314e-009	5.4235e-009	5.2846e-009	5.5389e-009	5.3384e-009	4.9246e-009	4.8106e-009	4.7122e-009	4.7252e-009	5.248e-009	5.7092e-009	5.9594e-009	5.8104e-009	6.8819e-009	8.3191e-009	1.0899e-008	1.3153e-008	1.7206e-008	2.1441e-008	2.5945e-008	3.3273e-008	4.25e-008	5.1064e-008	5.6863e-008	5.8675e-008	6.4906e-008	7.0173e-008	7.3767e-008	7.797e-008	8.0162e-008	8.3259e-008	8.4273e-008	8.6089e-008	8.7899e-008	8.9547e-008	9.0093e-008	9.0628e-008	9.0876e-008	9.1867e-008	9.2833e-008	9.1099e-008	8.8889e-008	8.7006e-008	8.4726e-008	8.3141e-008	8.1667e-008	7.9085e-008	7.6938e-008	7.5269e-008	7.3596e-008	7.1259e-008	6.9391e-008	6.692e-008	6.4572e-008	6.3e-008	6.096e-008	5.7913e-008	5.5052e-008	5.142e-008	4.908e-008	4.6391e-008	4.401e-008	3.9304e-008	3.8131e-008	3.6207e-008	3.2802e-008	3.0204e-008	2.848e-008	2.6518e-008	2.3418e-008	2.1788e-008	1.944e-008	1.7429e-008	1.5513e-008	1.2066e-008	1.0575e-008	9.0322e-009	7.4463e-009	6.3084e-009	5.4372e-009	4.6319e-009	4.3565e-009	4.1566e-009	4.2368e-009	4.0887e-009	4.5494e-009	4.8074e-009	4.9299e-009	4.4071e-009	3.9258e-009	4.6192e-009	5.1402e-009	5.9419e-009	6.2062e-009	8.3157e-009	1.1534e-008	1.4366e-008	1.8999e-008	2.4213e-008	2.9917e-008	3.6757e-008	4.2636e-008	4.7734e-008	5.2943e-008	5.8686e-008	6.3858e-008	6.8561e-008	7.3047e-008	7.7758e-008	8.1852e-008	8.4866e-008	8.9029e-008	9.044e-008	9.1256e-008	9.1723e-008	9.1889e-008	9.1832e-008	9.2192e-008	9.2136e-008	9.1549e-008	9.0055e-008	8.7527e-008	8.3631e-008	8.2208e-008	7.9957e-008	7.7503e-008	7.6412e-008	7.5168e-008	7.4058e-008	7.2224e-008	7.0603e-008	6.9257e-008	6.8233e-008	6.3452e-008	6.2264e-008	6.0325e-008	5.8079e-008	5.6335e-008	5.4732e-008	5.3555e-008	5.1515e-008	4.8878e-008	4.6348e-008	4.424e-008	4.1416e-008	3.8123e-008	3.5889e-008	3.3614e-008	3.2116e-008	2.835e-008	2.7355e-008	2.6245e-008	2.2979e-008	2.0413e-008	1.8781e-008	1.7062e-008	1.3667e-008	1.2585e-008	1.0414e-008	8.4952e-009	6.7789e-009	5.7652e-009	5.1331e-009	5.1523e-009	4.5681e-009	4.179e-009	4.5147e-009	4.1366e-009	4.2154e-009	5.0125e-009	5.4123e-009	6.7475e-009	8.2538e-009	9.8591e-009	1.1988e-008	1.539e-008	1.7967e-008	2.2388e-008	2.5606e-008	3.0346e-008	3.6765e-008	4.2423e-008	5.0215e-008	5.9344e-008	6.5276e-008	6.8122e-008	7.1908e-008	7.7047e-008	8.2058e-008	8.5015e-008	8.8529e-008	9.1995e-008	9.3127e-008	9.5475e-008	9.587e-008	9.5115e-008	9.4268e-008	9.3184e-008	9.2655e-008	9.1905e-008	9.2025e-008	9.1483e-008	8.9459e-008	8.6936e-008	8.5075e-008	8.2175e-008	8.0009e-008	7.8894e-008	7.6544e-008	7.4511e-008	7.2383e-008	7.1939e-008	6.9684e-008	6.7954e-008	6.5882e-008	6.4173e-008	6.1752e-008	6.0147e-008	5.7356e-008	5.3919e-008	5.2117e-008	4.985e-008	4.7111e-008	4.5072e-008	4.2701e-008	3.9934e-008	3.753e-008	3.5592e-008	3.2389e-008	2.9477e-008	2.6232e-008	2.4158e-008	2.1574e-008	1.9861e-008	1.7184e-008	1.4581e-008	1.2867e-008	1.1426e-008	8.5814e-009	7.3214e-009	5.6633e-009	5.2461e-009	4.2109e-009	4.0499e-009	3.6548e-009	3.3761e-009	2.8192e-009	3.2779e-009	3.3631e-009	4.1112e-009	4.5838e-009	5.3266e-009	6.6686e-009	7.7166e-009	1.0234e-008	1.2418e-008	1.5373e-008	1.9638e-008	2.4831e-008	3.0101e-008	3.397e-008	3.7699e-008	4.3519e-008	5.017e-008	5.7673e-008	6.3378e-008	6.5676e-008	7.0884e-008	7.4742e-008	7.8677e-008	8.2748e-008	8.4798e-008	8.7615e-008	8.9283e-008	9.0144e-008	9.0144e-008	9.0868e-008
