# Channel: ZSensor
# Width: 2.000 µm
# Height: 0.500 µm
# Value units: m
2.1366e-009	2.5139e-009	2.0604e-009	2.3961e-009	3.3535e-009	3.2341e-009	3.9465e-009	5.4537e-009	8.3011e-009	1.2274e-008	1.5893e-008	1.9331e-008	2.3965e-008	2.9789e-008	3.4611e-008	4.0142e-008	4.5368e-008	5.3318e-008	5.9465e-008	6.5128e-008	7.0233e-008	7.638e-008	8.0865e-008	8.475e-008	8.5934e-008	8.7395e-008	8.9143e-008	9.119e-008	9.2121e-008	9.2048e-008	9.1182e-008	9.0959e-008	9.1599e-008	9.1791e-008	9.0608e-008	8.8623e-008	8.7395e-008	8.5202e-008	8.3552e-008	8.0707e-008	7.8369e-008	7.6628e-008	7.5489e-008	7.4445e-008	7.2318e-008	6.9618e-008	6.7268e-008	6.4454e-008	6.321e-008	5.9964e-008	5.751e-008	5.4569e-008	5.1055e-008	4.9478e-008	4.6841e-008	4.5538e-008	4.1704e-008	4.0304e-008	3.7176e-008	3.4692e-008	3.3187e-008	2.9285e-008	2.6371e-008	2.5298e-008	2.3261e-008	2.0658e-008	1.7531e-008	1.4081e-008	1.2159e-008	9.2295e-009	8.1328e-009	6.2426e-009	4.3017e-009	3.6522e-009	3.6108e-009	3.779e-009	3.4129e-009	2.5745e-009	3.0125e-009	2.985e-009	2.7363e-009	2.2909e-009	2.4047e-009	3.3626e-009	3.4946e-009	3.6564e-009	3.9004e-009	4.1154e-009	4.7569e-009	6.5667e-009	8.5285e-009	1.2315e-008	1.4582e-008	2.4535e-008	3.1527e-008	3.72e-008	4.3296e-008	5.1313e-008	5.714e-008	6.3567e-008	6.9871e-008	7.5429e-008	8.1168e-008	8.5342e-008	8.7284e-008	8.8244e-008	8.8917e-008	9.0053e-008	9.1042e-008	9.1657e-008	9.2903e-008	9.3949e-008	9.4221e-008	9.3763e-008	9.3093e-008	8.8379e-008	8.7534e-008	8.419e-008	8.2723e-008	8.0051e-008	7.851e-008	7.7009e-008	7.4497e-008	7.2742e-008	7.2492e-008	7.1776e-008	6.8281e-008	6.4597e-008	6.3578e-008	6.0748e-008	5.8868e-008	5.6609e-008	5.5586e-008	5.2791e-008	4.6774e-008	4.4793e-008	4.3667e-008	4.1423e-008	3.9025e-008	3.701e-008	3.3529e-008	3.1154e-008	2.9948e-008	2.573e-008	2.4315e-008	2.1772e-008	1.9549e-008	1.7799e-008	1.601e-008	1.3612e-008	1.1313e-008	9.7695e-009	8.572e-009	6.5327e-009	5.9318e-009	5.1477e-009	4.5542e-009	4.1088e-009	4.0027e-009	3.983e-009	4.4424e-009	4.1678e-009	4.4905e-009	4.8971e-009	5.1703e-009	5.1517e-009	5.4429e-009	6.0988e-009	7.2619e-009	9.6793e-009	1.1932e-008	1.5165e-008	1.8353e-008	2.4668e-008	3.1723e-008	3.8919e-008	4.7253e-008	5.5538e-008	6.0637e-008	6.565e-008	6.9232e-008	7.3911e-008	7.8714e-008	8.2261e-008	8.67e-008	9.1978e-008	9.2919e-008	9.289e-008	9.3183e-008	9.3818e-008	9.3816e-008	9.4114e-008	9.452e-008	9.426e-008	9.3719e-008	9.2754e-008	9.0923e-008	8.9465e-008	8.762e-008	8.5448e-008	8.351e-008	7.8741e-008	7.7571e-008	7.4858e-008	7.2206e-008	7.054e-008	6.9376e-008	6.7612e-008	6.4759e-008	6.2207e-008	6.0659e-008	5.5331e-008	5.1056e-008	5.1168e-008	4.6055e-008	4.4817e-008	4.1351e-008	3.7945e-008	3.4666e-008	3.2126e-008	2.9098e-008	2.6824e-008	2.5165e-008	2.0483e-008	1.7007e-008	1.5849e-008	1.2935e-008	1.1509e-008	8.8821e-009	7.2841e-009	5.9065e-009	5.1584e-009	4.9438e-009	4.6102e-009	4.4703e-009	4.2062e-009	4.493e-009	4.4449e-009	5.1015e-009	4.6059e-009	3.9637e-009	4.533e-009	5.2027e-009	4.9396e-009	5.8666e-009	5.8654e-009	5.5645e-009	5.7417e-009	7.408e-009	9.3125e-009	1.2773e-008	1.5501e-008	1.9316e-008	2.4007e-008	2.983e-008	4.0271e-008	4.6136e-008	5.224e-008	5.9792e-008	6.6202e-008	6.9914e-008	7.397e-008	7.9533e-008	8.3776e-008	8.7037e-008	8.8508e-008	9.1499e-008	9.3659e-008	9.4209e-008	9.4814e-008	9.5084e-008	9.4677e-008	9.4428e-008	9.3186e-008	9.1333e-008	9.0356e-008	8.9624e-008	8.8176e-008	8.7092e-008	8.556e-008	8.3974e-008	8.0706e-008	7.8256e-008	7.5479e-008	7.2626e-008	6.9781e-008	6.7901e-008	6.7467e-008	6.6399e-008	6.4014e-008	6.0593e-008	5.7069e-008	5.6004e-008	5.3107e-008	5.11e-008	4.968e-008	4.734e-008	4.4997e-008	4.2485e-008	3.9571e-008	3.8052e-008	3.7577e-008	3.6344e-008	3.4385e-008	3.1449e-008	2.8995e-008	2.6811e-008	2.5499e-008	2.3465e-008	1.8452e-008	1.7599e-008	1.6022e-008	1.4785e-008	1.3015e-008	1.086e-008	9.2849e-009	7.8937e-009	7.0758e-009	6.6913e-009	5.7818e-009	5.8607e-009	5.1335e-009	5.026e-009	5.4418e-009	5.7383e-009	5.6685e-009	5.8476e-009	6.3076e-009	7.2057e-009	9.2185e-009	1.1326e-008	1.354e-008	1.576e-008	1.991e-008	2.5835e-008	3.2494e-008	4.0261e-008	4.8659e-008	5.5135e-008	6.211e-008	6.5783e-008	7.1665e-008	7.7183e-008	7.8854e-008	8.3998e-008	8.8317e-008	8.9527e-008	9.0351e-008	9.2567e-008	9.3801e-008	9.4883e-008	9.5437e-008	9.5389e-008	9.5315e-008	9.5008e-008	9.4111e-008	9.2593e-008	9.144e-008	8.9836e-008	8.8492e-008	8.6028e-008	8.189e-008	7.9825e-008	7.7658e-008	7.6387e-008	7.288e-008	7.1389e-008	6.9334e-008	6.7459e-008	6.556e-008	6.4483e-008	6.1774e-008	5.9373e-008	5.6081e-008	5.3816e-008	5.0365e-008	4.7931e-008	4.6173e-008	4.2485e-008	4.0089e-008	3.8455e-008	3.5291e-008	3.2498e-008	3.0476e-008	2.8493e-008	2.6414e-008	2.4746e-008	2.2176e-008	1.9774e-008	1.6092e-008	1.5289e-008	1.3235e-008	1.2254e-008	9.9302e-009	8.401e-009	7.1228e-009	6.7125e-009	5.9977e-009	5.8767e-009	6.029e-009	5.618e-009	5.2734e-009	5.652e-009	6.3e-009	6.5865e-009	6.7588e-009	6.5837e-009	7.4164e-009	8.4614e-009	1.0392e-008	1.2114e-008	1.5363e-008	1.8181e-008	2.2554e-008	2.7192e-008	3.1239e-008	3.6186e-008	4.2535e-008	4.957e-008	5.6317e-008	6.3581e-008	6.8281e-008	7.4578e-008	7.6977e-008	8.0265e-008	8.1178e-008	8.455e-008	8.6802e-008	8.8377e-008	8.8634e-008	8.9302e-008	9.007e-008	9.0436e-008	9.011e-008	8.9466e-008	8.8979e-008	8.8562e-008	8.9029e-008	8.6567e-008	8.4493e-008	8.3964e-008	8.227e-008	8.0486e-008	7.8579e-008	7.7922e-008	7.638e-008	7.5091e-008	7.3398e-008	7.1594e-008	6.9214e-008	6.6697e-008	6.4893e-008	6.1927e-008	5.8144e-008	5.6097e-008	5.4102e-008	5.1993e-008	4.9616e-008	4.6165e-008	4.2971e-008	4.0689e-008	3.8475e-008	3.6081e-008	3.2992e-008	3.1756e-008	2.9311e-008	2.6988e-008	2.4673e-008	2.2206e-008	1.9809e-008	1.7703e-008	1.6377e-008	1.4702e-008	1.3024e-008	1.1426e-008	9.5554e-009	8.37e-009	7.3603e-009	6.9967e-009	6.8117e-009	6.419e-009	6.2338e-009	6.7438e-009	6.8938e-009	6.9596e-009	7.3396e-009	8.1556e-009	1.0271e-008	1.1951e-008	1.3756e-008	1.6695e-008	1.8053e-008	2.1951e-008	2.5906e-008	3.1288e-008	3.7766e-008	4.535e-008	5.1604e-008	5.7588e-008	6.1532e-008	6.5591e-008	7.0869e-008	7.4879e-008	7.855e-008	8.4869e-008	8.6858e-008	8.8499e-008	8.9509e-008	9.0758e-008	9.1366e-008	9.2479e-008	9.2672e-008
2.6141e-009	2.5955e-009	2.6178e-009	3.4291e-009	3.7712e-009	3.7838e-009	4.733e-009	6.4745e-009	8.9114e-009	1.2523e-008	1.6335e-008	1.9049e-008	2.4415e-008	2.9855e-008	3.3954e-008	4.1185e-008	4.5729e-008	5.2883e-008	5.6868e-008	6.558e-008	7.1893e-008	7.7395e-008	8.1999e-008	8.4881e-008	8.7507e-008	8.7403e-008	8.9317e-008	9.0911e-008	9.1445e-008	9.138e-008	9.1144e-008	9.1099e-008	9.1237e-008	9.1144e-008	8.9843e-008	8.806e-008	8.6772e-008	8.502e-008	8.3426e-008	8.0932e-008	7.752e-008	7.6178e-008	7.5234e-008	7.3866e-008	7.2152e-008	6.9486e-008	6.7238e-008	6.5105e-008	6.3066e-008	5.9347e-008	5.6606e-008	5.2897e-008	5.1161e-008	4.8691e-008	4.661e-008	4.5825e-008	4.2371e-008	4.0557e-008	3.5823e-008	3.4513e-008	3.2235e-008	2.7875e-008	2.7113e-008	2.4509e-008	2.2821e-008	1.9481e-008	1.7811e-008	1.4687e-008	1.2926e-008	1.0259e-008	8.3682e-009	6.3356e-009	4.4497e-009	3.6752e-009	3.9214e-009	3.8173e-009	3.4678e-009	2.679e-009	3.0862e-009	3.1196e-009	2.7655e-009	2.6205e-009	3.246e-009	3.0246e-009	3.3663e-009	3.7751e-009	4.2601e-009	3.9539e-009	4.8973e-009	6.2819e-009	8.288e-009	1.2854e-008	1.5829e-008	2.4285e-008	2.9559e-008	3.7463e-008	4.439e-008	5.1312e-008	5.7868e-008	6.4166e-008	7.1334e-008	7.7734e-008	8.2479e-008	8.5031e-008	8.7342e-008	8.7686e-008	8.9472e-008	9.0627e-008	9.1551e-008	9.2681e-008	9.3647e-008	9.5465e-008	9.5579e-008	9.481e-008	9.3755e-008	8.8867e-008	8.7297e-008	8.3269e-008	8.1853e-008	7.933e-008	7.839e-008	7.614e-008	7.4075e-008	7.2744e-008	7.2487e-008	7.2052e-008	6.9348e-008	6.5603e-008	6.3778e-008	6.1439e-008	5.9196e-008	5.6614e-008	5.4502e-008	5.1165e-008	4.8337e-008	4.5622e-008	4.3026e-008	4.1e-008	3.8823e-008	3.7307e-008	3.5031e-008	3.2071e-008	2.9554e-008	2.6239e-008	2.3405e-008	2.2518e-008	1.9896e-008	1.8377e-008	1.4241e-008	1.2331e-008	1.1482e-008	9.5939e-009	8.0796e-009	6.6581e-009	5.9873e-009	5.226e-009	4.8889e-009	4.8053e-009	4.5312e-009	4.719e-009	4.6243e-009	4.9076e-009	4.7721e-009	5.2874e-009	5.6147e-009	5.0396e-009	4.8946e-009	6.1175e-009	7.4441e-009	8.9748e-009	1.195e-008	1.475e-008	1.9394e-008	2.479e-008	3.2768e-008	4.0381e-008	4.8515e-008	5.5805e-008	6.2363e-008	6.6609e-008	6.963e-008	7.3952e-008	7.9154e-008	8.2705e-008	8.5576e-008	9.047e-008	9.2146e-008	9.2215e-008	9.3191e-008	9.3863e-008	9.4124e-008	9.4561e-008	9.5148e-008	9.4785e-008	9.3531e-008	9.2921e-008	9.1054e-008	8.93e-008	8.7125e-008	8.5474e-008	8.3175e-008	8.0496e-008	7.7841e-008	7.5792e-008	7.253e-008	7.1022e-008	7.0052e-008	6.842e-008	6.5302e-008	6.2397e-008	6.0637e-008	5.765e-008	5.2024e-008	5.1262e-008	4.4769e-008	3.9464e-008	3.7985e-008	3.7776e-008	3.4542e-008	3.2541e-008	3.0134e-008	2.5591e-008	2.4743e-008	2.1711e-008	1.7725e-008	1.6183e-008	1.3802e-008	1.1607e-008	9.0514e-009	7.3464e-009	6.2659e-009	5.4721e-009	5.0899e-009	4.9842e-009	4.6861e-009	4.3466e-009	4.5126e-009	4.7457e-009	4.899e-009	4.8416e-009	4.2002e-009	4.9141e-009	5.0537e-009	4.6514e-009	5.3746e-009	5.4454e-009	5.7789e-009	5.9582e-009	7.1404e-009	8.9211e-009	1.1088e-008	1.4155e-008	1.9623e-008	2.3345e-008	3.1921e-008	4.1004e-008	4.7202e-008	5.3285e-008	5.882e-008	6.6235e-008	7.0254e-008	7.4607e-008	8.0472e-008	8.4518e-008	8.7453e-008	8.9728e-008	9.2291e-008	9.3535e-008	9.4801e-008	9.5665e-008	9.6057e-008	9.5969e-008	9.5407e-008	9.3655e-008	9.2231e-008	9.154e-008	9.0402e-008	8.8774e-008	8.7447e-008	8.5573e-008	8.3281e-008	8.1054e-008	7.8131e-008	7.5582e-008	7.3338e-008	6.8683e-008	6.774e-008	6.6861e-008	6.5506e-008	6.3076e-008	6.0544e-008	5.8963e-008	5.6211e-008	5.3725e-008	5.2675e-008	5.1241e-008	4.723e-008	4.4499e-008	4.1856e-008	3.9061e-008	3.7978e-008	3.7568e-008	3.6187e-008	3.4505e-008	3.1565e-008	2.8635e-008	2.7214e-008	2.5539e-008	2.4154e-008	2.1454e-008	1.8245e-008	1.6177e-008	1.4651e-008	1.3201e-008	1.1345e-008	9.8489e-009	7.8018e-009	7.2981e-009	6.6528e-009	6.2231e-009	6.1577e-009	5.6438e-009	5.4603e-009	5.3772e-009	5.5062e-009	5.6431e-009	5.6877e-009	6.6816e-009	7.829e-009	9.201e-009	1.1783e-008	1.409e-008	1.6575e-008	2.1017e-008	2.6108e-008	3.3384e-008	4.1689e-008	4.7965e-008	5.7348e-008	6.2235e-008	6.7937e-008	7.3081e-008	7.7666e-008	8.0475e-008	8.4007e-008	8.769e-008	8.9015e-008	9.0609e-008	9.2067e-008	9.3849e-008	9.5502e-008	9.6621e-008	9.6319e-008	9.6175e-008	9.5908e-008	9.3818e-008	9.3153e-008	9.0701e-008	8.9812e-008	8.8488e-008	8.4306e-008	8.1353e-008	8.0472e-008	7.7081e-008	7.6664e-008	7.5372e-008	7.0229e-008	6.9911e-008	6.792e-008	6.5612e-008	6.4656e-008	6.0737e-008	5.7674e-008	5.5606e-008	5.217e-008	5.0072e-008	4.82e-008	4.6114e-008	4.3005e-008	4.1134e-008	3.8546e-008	3.3833e-008	3.254e-008	3.0876e-008	2.7305e-008	2.6148e-008	2.3679e-008	2.1704e-008	2.0034e-008	1.5677e-008	1.5308e-008	1.392e-008	1.25e-008	1.0576e-008	8.8038e-009	7.888e-009	6.5107e-009	5.7966e-009	6.2778e-009	6.4357e-009	5.73e-009	5.2577e-009	5.5253e-009	6.0645e-009	6.6344e-009	6.7793e-009	7.3349e-009	8.079e-009	9.4347e-009	1.0914e-008	1.2889e-008	1.5253e-008	1.9444e-008	2.1352e-008	2.718e-008	3.2132e-008	3.7044e-008	4.448e-008	5.1438e-008	5.8497e-008	6.3602e-008	6.897e-008	7.4056e-008	7.9245e-008	8.1036e-008	8.3159e-008	8.5648e-008	8.7138e-008	8.8178e-008	8.8929e-008	8.9637e-008	9.0304e-008	9.0758e-008	9.0469e-008	9.0019e-008	8.9222e-008	8.8704e-008	8.9101e-008	8.8988e-008	8.5107e-008	8.426e-008	8.1285e-008	8.0013e-008	7.8716e-008	7.7887e-008	7.6877e-008	7.566e-008	7.3843e-008	7.1357e-008	6.9619e-008	6.6644e-008	6.5119e-008	6.3878e-008	5.5786e-008	5.5206e-008	5.3854e-008	5.1838e-008	5.0191e-008	4.4687e-008	4.3768e-008	4.1832e-008	3.7997e-008	3.6311e-008	3.368e-008	3.1381e-008	3.0367e-008	2.8039e-008	2.6043e-008	2.2769e-008	2.0458e-008	1.8088e-008	1.6743e-008	1.4869e-008	1.3408e-008	1.1973e-008	1.0789e-008	9.4165e-009	8.2362e-009	7.3135e-009	6.7386e-009	6.4965e-009	6.3561e-009	6.925e-009	6.9927e-009	7.473e-009	7.6496e-009	8.2551e-009	9.9338e-009	1.2105e-008	1.4268e-008	1.6696e-008	1.8749e-008	2.2999e-008	2.7215e-008	3.2467e-008	3.8144e-008	4.4609e-008	5.1612e-008	5.848e-008	6.2132e-008	6.6664e-008	7.163e-008	7.6089e-008	8.1325e-008	8.5596e-008	8.6797e-008	9.0346e-008	9.1622e-008	9.2143e-008	9.277e-008	9.2395e-008	9.2759e-008
2.4768e-009	2.1967e-009	2.7058e-009	2.9996e-009	3.2212e-009	3.5932e-009	3.5973e-009	5.7701e-009	8.4697e-009	1.1227e-008	1.5995e-008	1.9231e-008	2.3751e-008	2.9896e-008	3.5901e-008	4.1116e-008	4.4704e-008	5.0762e-008	5.8448e-008	6.3973e-008	7.0706e-008	7.6451e-008	8.0522e-008	8.4644e-008	8.7382e-008	8.7511e-008	8.8796e-008	8.9244e-008	9.0852e-008	9.1298e-008	9.1372e-008	9.1643e-008	9.1649e-008	9.0862e-008	8.9973e-008	8.8218e-008	8.6871e-008	8.4985e-008	8.3122e-008	7.9181e-008	7.7686e-008	7.5586e-008	7.4168e-008	7.2934e-008	7.1419e-008	6.8809e-008	6.631e-008	6.334e-008	6.2546e-008	5.912e-008	5.6561e-008	5.2537e-008	5.1e-008	4.8464e-008	4.7346e-008	4.5317e-008	4.2116e-008	4.0191e-008	3.6801e-008	3.4838e-008	3.1992e-008	2.9632e-008	2.6529e-008	2.4387e-008	2.1078e-008	1.9291e-008	1.7596e-008	1.4079e-008	1.1403e-008	9.7577e-009	8.8887e-009	5.1849e-009	4.4275e-009	3.7383e-009	3.2174e-009	2.9808e-009	2.862e-009	2.6588e-009	2.8042e-009	2.7261e-009	2.7286e-009	2.4479e-009	2.7481e-009	3.3423e-009	3.1575e-009	3.301e-009	3.9987e-009	4.251e-009	4.4582e-009	5.7032e-009	7.662e-009	1.1523e-008	1.6487e-008	2.4142e-008	3.0237e-008	3.7177e-008	4.4264e-008	5.1045e-008	5.7771e-008	6.3989e-008	7.0615e-008	7.6432e-008	8.2657e-008	8.3948e-008	8.6147e-008	8.7502e-008	8.8415e-008	9.1406e-008	9.241e-008	9.3164e-008	9.3626e-008	9.548e-008	9.571e-008	9.4611e-008	9.2407e-008	8.9886e-008	8.7338e-008	8.5768e-008	8.1771e-008	7.9662e-008	7.7913e-008	7.522e-008	7.4332e-008	7.3561e-008	7.2658e-008	7.1691e-008	7.0139e-008	6.7304e-008	6.3658e-008	6.0821e-008	5.7571e-008	5.617e-008	5.4252e-008	5.0926e-008	4.865e-008	4.5015e-008	4.2578e-008	4.0529e-008	3.8796e-008	3.6998e-008	3.4883e-008	3.1557e-008	3.014e-008	2.6412e-008	2.4297e-008	2.2721e-008	1.9879e-008	1.8994e-008	1.4839e-008	1.3327e-008	1.0917e-008	9.191e-009	7.024e-009	6.2392e-009	5.148e-009	4.8138e-009	4.8411e-009	4.8139e-009	5.0181e-009	4.5053e-009	4.5649e-009	4.7313e-009	4.7984e-009	5.2664e-009	5.5373e-009	4.9786e-009	4.7379e-009	5.5747e-009	7.0511e-009	8.3957e-009	1.1676e-008	1.3917e-008	1.9554e-008	2.5586e-008	3.2883e-008	4.0434e-008	4.9559e-008	5.5709e-008	6.2354e-008	6.6549e-008	6.94e-008	7.3252e-008	7.8373e-008	8.135e-008	8.5723e-008	9.0198e-008	9.1352e-008	9.1771e-008	9.2326e-008	9.3604e-008	9.4126e-008	9.4846e-008	9.5448e-008	9.4565e-008	9.3382e-008	9.3084e-008	9.2254e-008	9.0617e-008	8.6826e-008	8.5703e-008	8.3249e-008	8.0555e-008	7.7574e-008	7.5326e-008	7.2651e-008	7.1403e-008	6.9657e-008	6.7048e-008	6.4714e-008	6.2654e-008	6.0812e-008	5.799e-008	5.448e-008	5.1105e-008	4.7654e-008	4.5137e-008	4.115e-008	3.8712e-008	3.5744e-008	3.1929e-008	3.0994e-008	2.77e-008	2.407e-008	2.2241e-008	1.8997e-008	1.7361e-008	1.398e-008	1.2148e-008	9.8385e-009	8.4585e-009	6.9078e-009	5.3453e-009	4.813e-009	5.0293e-009	4.9956e-009	4.2516e-009	4.3983e-009	4.6645e-009	5.2051e-009	4.6244e-009	4.5666e-009	5.0109e-009	4.5651e-009	4.5235e-009	5.0869e-009	5.224e-009	5.8023e-009	5.7852e-009	6.1428e-009	8.5177e-009	1.1507e-008	1.363e-008	1.9543e-008	2.41e-008	3.121e-008	3.9321e-008	4.676e-008	5.1012e-008	5.8679e-008	6.432e-008	7.0277e-008	7.5494e-008	7.954e-008	8.4759e-008	8.719e-008	8.9928e-008	9.1876e-008	9.3081e-008	9.4751e-008	9.5601e-008	9.6229e-008	9.6195e-008	9.6197e-008	9.5029e-008	9.3798e-008	9.126e-008	9.0358e-008	8.889e-008	8.6329e-008	8.3207e-008	8.19e-008	7.936e-008	7.8273e-008	7.5914e-008	7.2401e-008	7.0627e-008	6.805e-008	6.6364e-008	6.4613e-008	6.2319e-008	5.9615e-008	5.8227e-008	5.6388e-008	5.464e-008	5.3458e-008	5.2315e-008	5.0286e-008	4.327e-008	4.2248e-008	3.9452e-008	3.7543e-008	3.7056e-008	3.6015e-008	3.3918e-008	3.0655e-008	2.8829e-008	2.7337e-008	2.5723e-008	2.342e-008	2.0516e-008	1.767e-008	1.626e-008	1.4615e-008	1.184e-008	1.0999e-008	9.6377e-009	7.7815e-009	7.2137e-009	6.3633e-009	6.0824e-009	5.8081e-009	6.2511e-009	5.4843e-009	5.2483e-009	5.3281e-009	5.49e-009	5.5139e-009	6.5287e-009	8.2379e-009	1.005e-008	1.2146e-008	1.3788e-008	1.7887e-008	2.2055e-008	2.6911e-008	3.3238e-008	4.1935e-008	5.0746e-008	5.737e-008	6.259e-008	6.7202e-008	7.256e-008	7.7902e-008	8.2419e-008	8.4769e-008	8.7503e-008	8.9032e-008	9.0727e-008	9.2205e-008	9.4236e-008	9.5928e-008	9.687e-008	9.6616e-008	9.6006e-008	9.6062e-008	9.3786e-008	9.2967e-008	9.0995e-008	8.9319e-008	8.7447e-008	8.5053e-008	8.3404e-008	8.0671e-008	7.7416e-008	7.62e-008	7.491e-008	7.1232e-008	6.981e-008	6.813e-008	6.5475e-008	6.3709e-008	5.7979e-008	5.758e-008	5.4802e-008	5.1798e-008	4.8904e-008	4.6296e-008	4.4231e-008	4.2262e-008	4.0654e-008	3.7487e-008	3.3327e-008	3.1532e-008	2.9918e-008	2.7078e-008	2.3785e-008	2.1941e-008	2.0478e-008	1.8474e-008	1.6482e-008	1.5291e-008	1.3219e-008	1.091e-008	9.6627e-009	8.5631e-009	7.5342e-009	6.609e-009	6.0475e-009	5.9541e-009	6.4263e-009	5.2942e-009	5.3944e-009	5.5364e-009	6.1002e-009	6.8381e-009	7.4042e-009	7.2437e-009	7.7133e-009	9.1087e-009	1.1147e-008	1.2926e-008	1.5712e-008	1.8394e-008	2.2407e-008	2.8446e-008	3.3333e-008	3.9461e-008	4.5753e-008	5.3109e-008	5.9958e-008	6.4444e-008	6.9294e-008	7.4404e-008	7.964e-008	8.1484e-008	8.4363e-008	8.6028e-008	8.75e-008	8.7826e-008	8.9402e-008	9.0373e-008	9.0991e-008	9.107e-008	9.1078e-008	8.986e-008	8.8877e-008	8.8707e-008	8.8164e-008	8.7622e-008	8.6252e-008	8.3248e-008	8.0737e-008	7.9514e-008	7.8804e-008	7.8363e-008	7.7287e-008	7.4935e-008	7.3559e-008	7.1249e-008	6.8998e-008	6.7134e-008	6.4122e-008	6.3553e-008	5.9738e-008	5.3416e-008	5.41e-008	5.2486e-008	5.0082e-008	4.6843e-008	4.4188e-008	4.2555e-008	3.6999e-008	3.5496e-008	3.3516e-008	3.2059e-008	2.9885e-008	2.7867e-008	2.6188e-008	2.3494e-008	2.072e-008	1.8757e-008	1.6217e-008	1.4864e-008	1.2952e-008	1.1886e-008	1.0872e-008	9.5473e-009	8.1871e-009	7.2717e-009	6.7515e-009	6.6137e-009	6.5929e-009	7.0019e-009	7.0047e-009	7.4446e-009	7.7945e-009	8.0918e-009	1.0121e-008	1.2024e-008	1.4541e-008	1.6827e-008	1.8585e-008	2.2863e-008	2.6489e-008	3.3854e-008	3.7886e-008	4.6124e-008	5.2803e-008	5.8251e-008	6.2301e-008	6.6144e-008	7.171e-008	7.6216e-008	8.1808e-008	8.5071e-008	8.8295e-008	9.0851e-008	9.1934e-008	9.2726e-008	9.3125e-008	9.2322e-008	9.2428e-008
1.6659e-009	1.9049e-009	2.5389e-009	2.4029e-009	2.7091e-009	3.0419e-009	3.9023e-009	5.9982e-009	8.4542e-009	1.1084e-008	1.6657e-008	1.9161e-008	2.3153e-008	2.8795e-008	3.5149e-008	4.0801e-008	4.5393e-008	5.0249e-008	5.811e-008	6.3291e-008	6.9775e-008	7.6833e-008	8.0556e-008	8.2944e-008	8.5242e-008	8.6743e-008	8.7866e-008	8.916e-008	9.0244e-008	9.0931e-008	9.131e-008	9.1514e-008	9.2066e-008	9.159e-008	8.9774e-008	8.7406e-008	8.6501e-008	8.4989e-008	8.2593e-008	7.9196e-008	7.7051e-008	7.5149e-008	7.3959e-008	7.2237e-008	7.031e-008	6.8303e-008	6.5539e-008	6.3394e-008	5.9877e-008	5.6921e-008	5.532e-008	5.3322e-008	5.1194e-008	4.9321e-008	4.6499e-008	4.4591e-008	4.0695e-008	3.8714e-008	3.744e-008	3.3961e-008	3.0553e-008	2.8235e-008	2.5962e-008	2.3166e-008	1.9778e-008	1.8699e-008	1.7005e-008	1.4824e-008	1.2287e-008	9.8487e-009	8.3576e-009	5.3134e-009	4.275e-009	3.3874e-009	3.0424e-009	2.7351e-009	2.2397e-009	2.3954e-009	2.689e-009	2.3798e-009	2.578e-009	2.47e-009	2.6122e-009	3.0047e-009	3.0035e-009	3.1557e-009	3.7275e-009	3.8674e-009	4.6593e-009	5.476e-009	6.8681e-009	1.1037e-008	1.613e-008	2.1624e-008	2.9745e-008	3.7135e-008	4.4694e-008	5.0725e-008	5.7704e-008	6.3993e-008	7.024e-008	7.5534e-008	8.1701e-008	8.4316e-008	8.5416e-008	8.7762e-008	8.9113e-008	9.1074e-008	9.2943e-008	9.3658e-008	9.4348e-008	9.5299e-008	9.4476e-008	9.373e-008	9.1403e-008	9.0094e-008	8.7082e-008	8.5292e-008	8.144e-008	7.9568e-008	7.7434e-008	7.6301e-008	7.5244e-008	7.391e-008	7.2949e-008	7.1219e-008	6.8613e-008	6.5917e-008	6.3189e-008	6.0663e-008	5.7567e-008	5.578e-008	5.3625e-008	4.9289e-008	4.7799e-008	4.4807e-008	4.3507e-008	4.1474e-008	3.8087e-008	3.7416e-008	3.4845e-008	3.1341e-008	3.0025e-008	2.651e-008	2.4466e-008	2.2459e-008	2.0925e-008	1.8389e-008	1.5486e-008	1.3261e-008	1.0885e-008	8.5576e-009	7.256e-009	5.2285e-009	4.4732e-009	4.0361e-009	4.6129e-009	4.861e-009	4.8082e-009	3.8958e-009	4.1123e-009	4.0645e-009	5.0789e-009	4.9738e-009	4.8769e-009	4.8796e-009	4.6147e-009	5.6576e-009	6.9919e-009	8.3774e-009	1.0962e-008	1.4121e-008	1.8968e-008	2.4138e-008	3.1762e-008	4.0106e-008	4.9925e-008	5.7024e-008	6.2379e-008	6.7237e-008	6.9452e-008	7.4899e-008	7.9368e-008	8.1792e-008	8.7075e-008	8.8645e-008	9.0544e-008	9.1715e-008	9.2558e-008	9.398e-008	9.3895e-008	9.4564e-008	9.4654e-008	9.328e-008	9.3461e-008	9.2826e-008	9.1409e-008	8.9984e-008	8.728e-008	8.4789e-008	8.2889e-008	7.9376e-008	7.6525e-008	7.3789e-008	7.2395e-008	7.0403e-008	6.8174e-008	6.4691e-008	6.3798e-008	6.2254e-008	6.0799e-008	5.4944e-008	5.2538e-008	4.9964e-008	4.6188e-008	4.5272e-008	3.988e-008	3.8813e-008	3.4296e-008	3.2768e-008	3.0095e-008	2.6009e-008	2.2991e-008	2.1899e-008	1.8866e-008	1.7595e-008	1.2579e-008	1.1629e-008	9.1284e-009	8.0433e-009	6.4255e-009	5.3334e-009	4.7903e-009	5.0682e-009	5.095e-009	4.1859e-009	4.2107e-009	4.778e-009	4.6131e-009	4.2355e-009	3.8033e-009	4.6088e-009	4.2235e-009	3.9716e-009	5.0308e-009	5.049e-009	5.3589e-009	5.4218e-009	6.1739e-009	8.0788e-009	1.072e-008	1.3476e-008	1.8445e-008	2.2627e-008	3.1252e-008	3.7409e-008	4.5676e-008	5.0819e-008	5.8139e-008	6.431e-008	7.0375e-008	7.5373e-008	7.9171e-008	8.3542e-008	8.6597e-008	8.9e-008	9.126e-008	9.2681e-008	9.419e-008	9.5604e-008	9.616e-008	9.6841e-008	9.7472e-008	9.6175e-008	9.4024e-008	9.4045e-008	9.019e-008	8.8332e-008	8.5618e-008	8.2894e-008	8.0635e-008	7.94e-008	7.8221e-008	7.6672e-008	7.2692e-008	7.0295e-008	6.8403e-008	6.6158e-008	6.4675e-008	6.2594e-008	6.0619e-008	5.7348e-008	5.606e-008	5.4871e-008	5.3559e-008	5.2244e-008	5.0275e-008	4.5054e-008	4.3299e-008	3.9448e-008	3.7891e-008	3.6596e-008	3.5012e-008	3.1969e-008	2.8991e-008	2.7671e-008	2.6268e-008	2.5236e-008	2.3543e-008	2.0542e-008	1.8208e-008	1.606e-008	1.4343e-008	1.2608e-008	1.0539e-008	8.8676e-009	7.5805e-009	6.7146e-009	6.1336e-009	5.8698e-009	5.4042e-009	5.8174e-009	5.7382e-009	5.8219e-009	5.4502e-009	5.407e-009	5.4487e-009	6.2037e-009	8.0329e-009	1.0663e-008	1.1746e-008	1.5041e-008	1.8377e-008	2.2402e-008	2.6656e-008	3.3972e-008	4.2652e-008	5.081e-008	5.7063e-008	6.3413e-008	6.7202e-008	7.2881e-008	7.8408e-008	8.1729e-008	8.4594e-008	8.7633e-008	8.8732e-008	9.0477e-008	9.1937e-008	9.4236e-008	9.5726e-008	9.695e-008	9.6326e-008	9.5642e-008	9.5062e-008	9.3481e-008	9.2485e-008	9.0213e-008	8.8881e-008	8.6812e-008	8.4514e-008	8.2748e-008	8.0483e-008	7.8008e-008	7.5621e-008	7.4706e-008	7.2049e-008	7.0194e-008	6.6863e-008	6.5426e-008	6.3639e-008	6.1071e-008	5.6063e-008	5.4612e-008	5.0413e-008	4.823e-008	4.5989e-008	4.3131e-008	4.1886e-008	3.9742e-008	3.784e-008	3.4912e-008	3.0659e-008	2.8547e-008	2.6116e-008	2.4154e-008	2.1825e-008	1.9646e-008	1.7106e-008	1.5599e-008	1.3985e-008	1.1533e-008	1.0574e-008	9.175e-009	7.6477e-009	6.8901e-009	6.1512e-009	5.9007e-009	5.3241e-009	5.1382e-009	4.8826e-009	4.8519e-009	5.5494e-009	5.6843e-009	6.252e-009	7.1641e-009	6.9916e-009	7.4347e-009	9.0323e-009	1.1365e-008	1.3902e-008	1.675e-008	1.982e-008	2.4533e-008	2.8998e-008	3.5397e-008	4.1702e-008	4.7092e-008	5.3448e-008	6.023e-008	6.3116e-008	6.9042e-008	7.5953e-008	7.8973e-008	8.1995e-008	8.3797e-008	8.5744e-008	8.7355e-008	8.854e-008	8.995e-008	9.091e-008	9.1029e-008	9.1126e-008	9.0533e-008	8.9129e-008	8.8699e-008	8.8908e-008	8.7978e-008	8.6615e-008	8.2449e-008	8.2448e-008	8.0803e-008	7.9595e-008	7.8389e-008	7.8019e-008	7.636e-008	7.4657e-008	7.2166e-008	7.0673e-008	6.8317e-008	6.6206e-008	6.2336e-008	6.0788e-008	5.8122e-008	5.5964e-008	5.4101e-008	5.1994e-008	5.0221e-008	4.694e-008	4.4918e-008	4.3074e-008	3.9494e-008	3.4096e-008	3.3157e-008	3.216e-008	2.9535e-008	2.8076e-008	2.6379e-008	2.1642e-008	2.1015e-008	1.8728e-008	1.6425e-008	1.4427e-008	1.3332e-008	1.1626e-008	1.0642e-008	9.5677e-009	8.2072e-009	7.4033e-009	6.7659e-009	6.6722e-009	6.4577e-009	7.1571e-009	6.9666e-009	6.7807e-009	7.4059e-009	8.1147e-009	9.7016e-009	1.137e-008	1.3751e-008	1.6411e-008	1.8446e-008	2.2007e-008	2.6688e-008	3.2529e-008	3.9236e-008	4.4265e-008	5.2931e-008	5.808e-008	6.3721e-008	6.5621e-008	7.118e-008	7.5935e-008	8.0555e-008	8.4913e-008	8.8837e-008	9.0864e-008	9.2377e-008	9.272e-008	9.3329e-008	9.2627e-008	9.2368e-008
1.4688e-009	2.1993e-009	2.3657e-009	2.26e-009	2.6698e-009	3.2022e-009	3.5651e-009	5.5155e-009	8.3986e-009	1.1384e-008	1.5454e-008	1.8853e-008	2.3256e-008	2.7671e-008	3.5299e-008	3.9926e-008	4.6143e-008	5.1192e-008	5.754e-008	6.4877e-008	7.1723e-008	7.7098e-008	7.9187e-008	8.184e-008	8.5095e-008	8.6748e-008	8.823e-008	8.9208e-008	8.9975e-008	9.0645e-008	9.1704e-008	9.2741e-008	9.2694e-008	9.21e-008	9.0774e-008	8.9295e-008	8.6759e-008	8.4769e-008	8.2296e-008	7.9503e-008	7.6525e-008	7.5419e-008	7.3765e-008	7.214e-008	7.0013e-008	6.7491e-008	6.4402e-008	6.2701e-008	6.0515e-008	5.8193e-008	5.5876e-008	5.2716e-008	5.1349e-008	4.9623e-008	4.5903e-008	4.3024e-008	4.0158e-008	3.9095e-008	3.7752e-008	3.4408e-008	2.946e-008	2.8e-008	2.5896e-008	2.4318e-008	2.0457e-008	1.9002e-008	1.7022e-008	1.53e-008	1.15e-008	1.0307e-008	8.2983e-009	5.6689e-009	4.5003e-009	3.5215e-009	2.914e-009	2.4953e-009	2.0292e-009	2.1803e-009	2.5183e-009	2.8503e-009	2.6508e-009	2.8598e-009	2.6912e-009	2.6056e-009	3.2005e-009	3.3068e-009	3.3432e-009	3.5914e-009	4.3238e-009	5.033e-009	7.1298e-009	1.0478e-008	1.5526e-008	2.1251e-008	2.8758e-008	3.783e-008	4.5816e-008	5.2264e-008	5.8177e-008	6.483e-008	7.1626e-008	7.6165e-008	8.1113e-008	8.3209e-008	8.5762e-008	8.8113e-008	9.0609e-008	9.1619e-008	9.2777e-008	9.3868e-008	9.4512e-008	9.4645e-008	9.3329e-008	9.2745e-008	9.1342e-008	8.9233e-008	8.6792e-008	8.4045e-008	8.1081e-008	7.9968e-008	7.7117e-008	7.6731e-008	7.5433e-008	7.3461e-008	7.2851e-008	7.1759e-008	6.9248e-008	6.6711e-008	6.3062e-008	6.0842e-008	5.9067e-008	5.5379e-008	5.3165e-008	5.0596e-008	4.9528e-008	4.6671e-008	4.354e-008	4.0823e-008	3.8818e-008	3.7502e-008	3.3309e-008	3.2449e-008	2.9911e-008	2.6418e-008	2.4782e-008	2.2315e-008	2.0831e-008	1.8088e-008	1.5322e-008	1.2387e-008	1.0409e-008	8.4062e-009	6.841e-009	5.1278e-009	4.1295e-009	4.1807e-009	4.1643e-009	4.9319e-009	4.8572e-009	3.935e-009	4.1186e-009	3.8762e-009	4.6967e-009	4.7207e-009	4.7736e-009	4.8334e-009	4.6902e-009	5.4609e-009	6.6629e-009	8.2146e-009	1.1397e-008	1.4121e-008	1.9008e-008	2.3048e-008	3.1583e-008	3.9926e-008	4.9381e-008	5.6916e-008	6.2929e-008	6.695e-008	6.9518e-008	7.4504e-008	7.8598e-008	8.205e-008	8.5887e-008	8.8311e-008	9.0911e-008	9.2012e-008	9.2838e-008	9.3708e-008	9.4287e-008	9.4703e-008	9.4719e-008	9.438e-008	9.394e-008	9.361e-008	9.2087e-008	9.0702e-008	8.8425e-008	8.4518e-008	8.3483e-008	7.8838e-008	7.7139e-008	7.3192e-008	7.1618e-008	6.9686e-008	6.838e-008	6.7183e-008	6.3119e-008	6.1619e-008	5.9524e-008	5.5717e-008	5.2414e-008	4.9077e-008	4.6788e-008	4.482e-008	4.0519e-008	3.9334e-008	3.5045e-008	3.1147e-008	3.0294e-008	2.6552e-008	2.4418e-008	2.1949e-008	1.9634e-008	1.706e-008	1.4992e-008	1.1756e-008	9.4034e-009	7.8346e-009	6.344e-009	5.5435e-009	5.2924e-009	4.8564e-009	4.6878e-009	4.5568e-009	4.2049e-009	4.4114e-009	4.7329e-009	4.4264e-009	3.9133e-009	4.0021e-009	4.1801e-009	3.937e-009	4.4732e-009	4.5192e-009	5.0646e-009	5.3187e-009	6.3235e-009	7.7948e-009	9.3605e-009	1.3734e-008	1.721e-008	2.2387e-008	2.9327e-008	3.554e-008	4.3858e-008	4.9359e-008	5.6806e-008	6.1729e-008	6.9088e-008	7.4918e-008	7.8715e-008	8.1645e-008	8.5875e-008	8.8917e-008	9.0188e-008	9.2597e-008	9.4762e-008	9.5816e-008	9.7342e-008	9.794e-008	9.7814e-008	9.7146e-008	9.46e-008	9.4043e-008	8.8974e-008	8.8619e-008	8.6247e-008	8.2165e-008	8.0175e-008	7.9186e-008	7.807e-008	7.6151e-008	7.2838e-008	7.0511e-008	6.7601e-008	6.6679e-008	6.3921e-008	6.2107e-008	6.0079e-008	5.6544e-008	5.5843e-008	5.4386e-008	5.325e-008	5.1805e-008	4.8451e-008	4.504e-008	4.1938e-008	4.0247e-008	3.8181e-008	3.7026e-008	3.4671e-008	3.1605e-008	2.902e-008	2.7845e-008	2.6828e-008	2.5327e-008	2.2409e-008	2.0537e-008	1.7913e-008	1.6757e-008	1.4428e-008	1.1985e-008	9.8315e-009	9.2347e-009	7.5641e-009	6.2516e-009	6.0466e-009	6.0185e-009	5.6567e-009	5.5455e-009	5.86e-009	5.4007e-009	5.4192e-009	5.5275e-009	5.9701e-009	6.6457e-009	7.9667e-009	1.0615e-008	1.247e-008	1.5121e-008	1.9413e-008	2.266e-008	2.8363e-008	3.5346e-008	4.366e-008	5.2333e-008	5.7488e-008	6.3131e-008	6.8377e-008	7.3027e-008	7.832e-008	8.2448e-008	8.6417e-008	8.8359e-008	8.9632e-008	9.122e-008	9.2834e-008	9.403e-008	9.5847e-008	9.6433e-008	9.6152e-008	9.5053e-008	9.4614e-008	9.3925e-008	9.2129e-008	9.0558e-008	8.7718e-008	8.5621e-008	8.4158e-008	8.2656e-008	7.9909e-008	7.8586e-008	7.6266e-008	7.481e-008	7.2001e-008	6.9996e-008	6.7332e-008	6.5539e-008	6.408e-008	6.1355e-008	5.4485e-008	5.304e-008	5.1302e-008	4.8238e-008	4.5961e-008	4.311e-008	4.0755e-008	3.922e-008	3.5825e-008	3.4376e-008	2.9809e-008	2.7765e-008	2.4919e-008	2.3874e-008	2.1386e-008	1.9078e-008	1.6376e-008	1.5283e-008	1.1314e-008	1.0779e-008	9.9617e-009	8.6354e-009	7.531e-009	6.4973e-009	6.2358e-009	5.9251e-009	5.1637e-009	5.1078e-009	4.6838e-009	4.5581e-009	5.2496e-009	5.3486e-009	6.0227e-009	6.5568e-009	6.7693e-009	7.4184e-009	8.7095e-009	1.0891e-008	1.3883e-008	1.6762e-008	1.9921e-008	2.4816e-008	2.9447e-008	3.6083e-008	4.1773e-008	4.7267e-008	5.4199e-008	6.0381e-008	6.639e-008	7.118e-008	7.5546e-008	7.876e-008	8.1886e-008	8.385e-008	8.5439e-008	8.7865e-008	8.8964e-008	9.0422e-008	9.0688e-008	9.1137e-008	9.081e-008	9.0095e-008	8.9347e-008	8.8931e-008	8.9081e-008	8.7654e-008	8.7855e-008	8.4331e-008	8.2515e-008	8.1231e-008	7.9293e-008	7.8164e-008	7.7621e-008	7.6248e-008	7.3302e-008	7.2185e-008	7.0776e-008	6.8645e-008	6.6786e-008	6.2581e-008	5.9982e-008	5.9257e-008	5.6529e-008	5.3828e-008	5.1417e-008	4.6388e-008	4.5759e-008	4.4928e-008	4.2075e-008	4.0167e-008	3.3397e-008	3.428e-008	3.2897e-008	3.0638e-008	2.7794e-008	2.5681e-008	2.3005e-008	2.1117e-008	1.9032e-008	1.7072e-008	1.4136e-008	1.3121e-008	1.1718e-008	1.0212e-008	9.3257e-009	8.1278e-009	7.3852e-009	6.3861e-009	6.5031e-009	6.5396e-009	6.6831e-009	6.7119e-009	6.7133e-009	7.0161e-009	7.2387e-009	9.5128e-009	1.1126e-008	1.2611e-008	1.5535e-008	1.84e-008	2.1515e-008	2.6657e-008	3.3415e-008	3.9251e-008	4.5912e-008	5.2838e-008	5.7814e-008	6.4494e-008	6.628e-008	7.0363e-008	7.4776e-008	8.0424e-008	8.4476e-008	8.6994e-008	9.1056e-008	9.2325e-008	9.2759e-008	9.2653e-008	9.2213e-008	9.2053e-008
1.6863e-009	2.5223e-009	2.8635e-009	2.7628e-009	3.003e-009	3.4983e-009	3.9754e-009	5.943e-009	8.6715e-009	1.184e-008	1.4924e-008	1.7779e-008	2.1589e-008	2.767e-008	3.3741e-008	4.1061e-008	4.6533e-008	5.233e-008	5.801e-008	6.6453e-008	7.3883e-008	7.8099e-008	8.0274e-008	8.3531e-008	8.5485e-008	8.6565e-008	8.7772e-008	8.8904e-008	8.9922e-008	9.0624e-008	9.1814e-008	9.3045e-008	9.3123e-008	9.3159e-008	9.1481e-008	8.9927e-008	8.5769e-008	8.3907e-008	8.2012e-008	7.904e-008	7.7464e-008	7.6033e-008	7.3192e-008	7.1822e-008	6.9045e-008	6.6317e-008	6.4371e-008	6.2503e-008	6.0975e-008	5.7485e-008	5.5442e-008	5.2522e-008	5.1233e-008	4.9914e-008	4.8204e-008	4.3589e-008	4.1415e-008	3.896e-008	3.7074e-008	3.4816e-008	3.185e-008	2.7853e-008	2.632e-008	2.489e-008	2.1619e-008	1.8677e-008	1.7155e-008	1.5007e-008	1.2182e-008	9.6464e-009	7.7873e-009	6.0126e-009	4.2657e-009	3.6011e-009	2.7764e-009	2.2148e-009	2.1422e-009	2.3612e-009	2.3248e-009	2.8798e-009	2.7243e-009	1.8823e-009	2.4374e-009	2.6627e-009	2.8738e-009	2.6568e-009	3.3932e-009	3.7338e-009	4.1152e-009	5.4361e-009	7.5582e-009	1.0695e-008	1.5456e-008	2.1249e-008	2.9545e-008	3.8593e-008	4.4914e-008	5.1289e-008	5.8598e-008	6.4589e-008	7.169e-008	7.4874e-008	7.966e-008	8.3864e-008	8.6075e-008	8.724e-008	9.0556e-008	9.1905e-008	9.2526e-008	9.3585e-008	9.3354e-008	9.3207e-008	9.3228e-008	9.1856e-008	9.038e-008	8.9109e-008	8.7329e-008	8.4193e-008	8.1192e-008	7.9708e-008	7.7895e-008	7.7088e-008	7.638e-008	7.5339e-008	7.2792e-008	7.1574e-008	7.031e-008	6.2561e-008	6.2078e-008	6.0469e-008	5.8733e-008	5.6813e-008	5.2949e-008	5.1347e-008	5.0052e-008	4.7646e-008	4.2784e-008	4.0574e-008	3.8004e-008	3.6677e-008	3.4314e-008	3.186e-008	2.9339e-008	2.5536e-008	2.4643e-008	2.2999e-008	2.0394e-008	1.7923e-008	1.5426e-008	1.2153e-008	1.0091e-008	8.7792e-009	7.0045e-009	5.113e-009	4.4126e-009	4.015e-009	3.8743e-009	4.5056e-009	4.5679e-009	4.1571e-009	4.1839e-009	4.296e-009	4.4352e-009	4.9329e-009	4.5083e-009	4.3115e-009	4.427e-009	5.4842e-009	6.1862e-009	8.0136e-009	1.1134e-008	1.415e-008	1.8584e-008	2.3468e-008	3.149e-008	4.0811e-008	4.8818e-008	5.6613e-008	6.216e-008	6.708e-008	7.025e-008	7.4906e-008	7.9844e-008	8.2317e-008	8.5447e-008	8.8187e-008	9.0832e-008	9.2008e-008	9.3203e-008	9.4224e-008	9.4897e-008	9.507e-008	9.465e-008	9.4098e-008	9.3682e-008	9.2998e-008	9.174e-008	8.9654e-008	8.7829e-008	8.3936e-008	8.2755e-008	7.9711e-008	7.6882e-008	7.2923e-008	6.952e-008	6.8545e-008	6.7281e-008	6.478e-008	6.2967e-008	5.9943e-008	5.8428e-008	5.5874e-008	5.2284e-008	4.9661e-008	4.6625e-008	4.4975e-008	4.2086e-008	3.8265e-008	3.4448e-008	3.2715e-008	2.8213e-008	2.8238e-008	2.4664e-008	2.1616e-008	1.9925e-008	1.7404e-008	1.4644e-008	1.2329e-008	1.0009e-008	8.6406e-009	6.8137e-009	5.9515e-009	5.3625e-009	5.1214e-009	4.7373e-009	4.1959e-009	3.9567e-009	4.0889e-009	4.0754e-009	4.0256e-009	4.212e-009	4.0512e-009	4.2195e-009	4.1992e-009	4.0517e-009	3.856e-009	4.6748e-009	5.4469e-009	5.8613e-009	7.1577e-009	9.5053e-009	1.2344e-008	1.7602e-008	2.1844e-008	2.8938e-008	3.5989e-008	4.3365e-008	4.8908e-008	5.6301e-008	6.2401e-008	7.0498e-008	7.5099e-008	7.8445e-008	8.0771e-008	8.4788e-008	8.8462e-008	9.0552e-008	9.2742e-008	9.4282e-008	9.7603e-008	9.7669e-008	9.7871e-008	9.7697e-008	9.7037e-008	9.4517e-008	9.3218e-008	9.0723e-008	8.8084e-008	8.6079e-008	8.4453e-008	8.0766e-008	7.9405e-008	7.7396e-008	7.4907e-008	7.3211e-008	7.0154e-008	6.708e-008	6.6321e-008	6.511e-008	6.1926e-008	5.9488e-008	5.7807e-008	5.6161e-008	5.4474e-008	5.2487e-008	5.1031e-008	4.8317e-008	4.5327e-008	4.3288e-008	4.0472e-008	3.8816e-008	3.6993e-008	3.4775e-008	2.9705e-008	2.9376e-008	2.8039e-008	2.7271e-008	2.5074e-008	2.3194e-008	2.1361e-008	1.8573e-008	1.6443e-008	1.4441e-008	1.2203e-008	1.0553e-008	9.0147e-009	7.9927e-009	6.2773e-009	5.4399e-009	5.7244e-009	5.4553e-009	5.3927e-009	5.226e-009	5.4525e-009	5.3862e-009	5.6345e-009	6.4505e-009	6.5367e-009	7.7771e-009	9.8129e-009	1.2773e-008	1.5152e-008	1.9008e-008	2.1845e-008	2.9069e-008	3.5523e-008	4.3915e-008	5.2125e-008	5.8527e-008	6.4938e-008	6.8815e-008	7.4771e-008	7.8656e-008	8.2513e-008	8.8057e-008	9.001e-008	9.049e-008	9.164e-008	9.2385e-008	9.3477e-008	9.5368e-008	9.5874e-008	9.5633e-008	9.4626e-008	9.4249e-008	9.3624e-008	9.2356e-008	8.9664e-008	8.7048e-008	8.5477e-008	8.4042e-008	8.2867e-008	8.0606e-008	7.8638e-008	7.7482e-008	7.5615e-008	7.2978e-008	7.1077e-008	6.6366e-008	6.5621e-008	6.3385e-008	5.9738e-008	5.2051e-008	5.2163e-008	5.0459e-008	4.8323e-008	4.5963e-008	4.2674e-008	4.0961e-008	3.8991e-008	3.687e-008	3.3614e-008	3.1577e-008	2.8717e-008	2.6002e-008	2.3636e-008	2.1681e-008	1.9726e-008	1.7044e-008	1.496e-008	1.3313e-008	1.0895e-008	9.8237e-009	8.3093e-009	7.1614e-009	6.2004e-009	5.9459e-009	5.4381e-009	5.5808e-009	5.3997e-009	5.055e-009	5.0237e-009	5.3171e-009	5.7829e-009	6.371e-009	6.2074e-009	6.8071e-009	6.9737e-009	8.5184e-009	1.0888e-008	1.3113e-008	1.6371e-008	2.0089e-008	2.4268e-008	2.9356e-008	3.5848e-008	4.3116e-008	4.7966e-008	5.5562e-008	6.0814e-008	6.6604e-008	7.214e-008	7.4284e-008	7.9414e-008	8.1801e-008	8.4191e-008	8.6239e-008	8.771e-008	8.9347e-008	9.0441e-008	9.1051e-008	9.1529e-008	9.0668e-008	9.0527e-008	8.9947e-008	8.9409e-008	8.9394e-008	8.7488e-008	8.694e-008	8.3751e-008	8.2678e-008	8.109e-008	7.9483e-008	7.8311e-008	7.724e-008	7.6235e-008	7.4216e-008	7.2162e-008	7.0729e-008	6.8923e-008	6.7242e-008	6.4766e-008	6.0726e-008	5.9091e-008	5.5347e-008	5.3227e-008	5.112e-008	4.8197e-008	4.6564e-008	4.3878e-008	4.1674e-008	3.9506e-008	3.6823e-008	3.5087e-008	3.3213e-008	2.9666e-008	2.7221e-008	2.5216e-008	2.3596e-008	2.0625e-008	1.8872e-008	1.7614e-008	1.5263e-008	1.3528e-008	1.1731e-008	1.0308e-008	9.0628e-009	8.0665e-009	7.0253e-009	6.7256e-009	7.1555e-009	6.8316e-009	6.7026e-009	6.7412e-009	7.0842e-009	7.1017e-009	7.2942e-009	8.4993e-009	1.0184e-008	1.2474e-008	1.4756e-008	1.7576e-008	2.1221e-008	2.5947e-008	3.2863e-008	3.8477e-008	4.6006e-008	5.2766e-008	5.7736e-008	6.4009e-008	6.7131e-008	7.0947e-008	7.3892e-008	7.9276e-008	8.4557e-008	8.8599e-008	8.9647e-008	9.1554e-008	9.2786e-008	9.2087e-008	9.1711e-008	9.1876e-008
1.9451e-009	2.0156e-009	2.979e-009	3.0018e-009	3.0158e-009	3.5743e-009	4.5148e-009	6.521e-009	9.0236e-009	1.1482e-008	1.5238e-008	1.7395e-008	2.2323e-008	2.742e-008	3.1996e-008	3.9572e-008	4.6403e-008	5.2279e-008	5.8254e-008	6.5573e-008	7.3474e-008	7.7759e-008	8.1462e-008	8.37e-008	8.5523e-008	8.5955e-008	8.6869e-008	8.8849e-008	9.0226e-008	9.075e-008	9.1683e-008	9.2984e-008	9.3381e-008	9.3115e-008	9.1572e-008	8.9784e-008	8.6618e-008	8.4235e-008	8.2e-008	7.9639e-008	7.7213e-008	7.5588e-008	7.43e-008	7.0527e-008	6.8154e-008	6.642e-008	6.4357e-008	6.135e-008	5.9975e-008	5.7878e-008	5.5018e-008	5.2904e-008	5.0726e-008	4.9737e-008	4.5979e-008	4.2366e-008	4.0404e-008	3.8754e-008	3.7342e-008	3.4357e-008	3.1669e-008	2.7971e-008	2.5907e-008	2.4587e-008	2.0679e-008	1.6626e-008	1.6309e-008	1.3356e-008	1.1536e-008	9.0834e-009	7.0328e-009	5.5148e-009	3.5405e-009	3.3117e-009	3.0533e-009	2.275e-009	2.5126e-009	2.6691e-009	2.1406e-009	2.6999e-009	2.6426e-009	1.9093e-009	2.6472e-009	2.7522e-009	2.6514e-009	2.3512e-009	3.0648e-009	3.4971e-009	4.2387e-009	5.3189e-009	7.0139e-009	9.6683e-009	1.581e-008	2.2527e-008	3.1071e-008	3.8666e-008	4.5979e-008	5.2034e-008	5.9695e-008	6.6481e-008	7.2434e-008	7.7156e-008	8.195e-008	8.4346e-008	8.667e-008	8.8591e-008	9.0631e-008	9.185e-008	9.2594e-008	9.2894e-008	9.2417e-008	9.2227e-008	9.2301e-008	9.1153e-008	8.9608e-008	8.8592e-008	8.6258e-008	8.4767e-008	8.2668e-008	7.8301e-008	7.7631e-008	7.7369e-008	7.688e-008	7.6489e-008	7.4174e-008	7.2815e-008	7.036e-008	6.5202e-008	6.2897e-008	6.1326e-008	5.8481e-008	5.6314e-008	5.3408e-008	5.2338e-008	4.9581e-008	4.6765e-008	4.3645e-008	3.9804e-008	3.6855e-008	3.585e-008	3.3166e-008	3.0097e-008	2.7983e-008	2.54e-008	2.3876e-008	2.202e-008	2.0145e-008	1.8027e-008	1.4801e-008	1.2022e-008	1.0256e-008	8.3671e-009	6.1876e-009	4.8903e-009	4.9493e-009	4.6414e-009	4.2419e-009	3.9174e-009	4.4406e-009	4.1609e-009	4.2533e-009	4.4543e-009	4.7737e-009	4.6655e-009	4.2192e-009	4.3048e-009	4.7593e-009	5.6937e-009	7.144e-009	8.5405e-009	1.0487e-008	1.4261e-008	1.8605e-008	2.498e-008	3.4365e-008	4.1778e-008	4.7579e-008	5.6176e-008	6.1833e-008	6.6233e-008	7.0305e-008	7.4623e-008	7.8615e-008	8.2546e-008	8.6404e-008	8.8543e-008	9.1383e-008	9.2645e-008	9.4411e-008	9.5191e-008	9.5765e-008	9.5333e-008	9.4669e-008	9.4065e-008	9.3752e-008	9.2963e-008	9.1367e-008	8.8716e-008	8.6106e-008	8.4882e-008	8.3609e-008	7.9679e-008	7.6086e-008	7.0153e-008	7.0066e-008	6.8422e-008	6.6781e-008	6.4473e-008	6.2533e-008	6.034e-008	5.809e-008	5.5549e-008	5.1306e-008	4.8953e-008	4.6732e-008	4.3899e-008	4.1712e-008	3.9674e-008	3.5806e-008	3.29e-008	2.8652e-008	2.7316e-008	2.5753e-008	2.2412e-008	1.9095e-008	1.8084e-008	1.5394e-008	1.2034e-008	1.0931e-008	9.4715e-009	7.7798e-009	5.929e-009	5.7711e-009	5.3434e-009	4.8343e-009	4.3811e-009	4.1384e-009	4.1896e-009	3.7929e-009	4.1314e-009	4.1939e-009	4.3327e-009	5.1678e-009	4.0835e-009	4.1724e-009	4.5663e-009	4.6732e-009	5.4831e-009	5.6784e-009	6.6293e-009	8.9239e-009	1.2011e-008	1.7887e-008	2.2065e-008	2.9488e-008	3.7297e-008	4.3809e-008	4.963e-008	5.5119e-008	6.1985e-008	6.7481e-008	7.3634e-008	7.8432e-008	8.122e-008	8.4089e-008	8.8362e-008	9.0908e-008	9.4083e-008	9.5501e-008	9.8572e-008	9.789e-008	9.6903e-008	9.6638e-008	9.6269e-008	9.3314e-008	9.2311e-008	9.0528e-008	8.8546e-008	8.7032e-008	8.4689e-008	8.2091e-008	7.879e-008	7.6445e-008	7.3947e-008	7.2037e-008	6.9939e-008	6.7559e-008	6.6075e-008	6.4889e-008	6.2983e-008	5.9548e-008	5.9055e-008	5.7053e-008	5.454e-008	5.2941e-008	4.9768e-008	4.8041e-008	4.4803e-008	4.2943e-008	4.0612e-008	3.9411e-008	3.732e-008	3.4339e-008	3.3002e-008	3.0218e-008	2.8125e-008	2.7676e-008	2.4827e-008	2.2979e-008	2.0399e-008	1.7266e-008	1.5982e-008	1.3738e-008	1.1828e-008	1.0913e-008	9.7613e-009	7.9845e-009	6.4836e-009	5.9606e-009	5.7478e-009	5.6638e-009	5.7703e-009	5.2747e-009	5.2884e-009	5.7067e-009	5.6472e-009	6.1627e-009	6.8799e-009	8.3703e-009	1.062e-008	1.2976e-008	1.5367e-008	2.0013e-008	2.4306e-008	2.9847e-008	3.7492e-008	4.5487e-008	5.3021e-008	5.7611e-008	6.5512e-008	7.0183e-008	7.6354e-008	8.1187e-008	8.4519e-008	8.9184e-008	9.0457e-008	9.1774e-008	9.1958e-008	9.2832e-008	9.447e-008	9.5154e-008	9.5894e-008	9.5692e-008	9.4874e-008	9.4024e-008	9.2738e-008	9.1919e-008	8.9485e-008	8.6688e-008	8.4911e-008	8.3556e-008	8.2034e-008	8.07e-008	7.9095e-008	7.6719e-008	7.5386e-008	7.344e-008	6.9854e-008	6.685e-008	6.5296e-008	6.4162e-008	6.0692e-008	5.7015e-008	5.1399e-008	4.9337e-008	4.8413e-008	4.518e-008	4.3003e-008	4.1117e-008	3.8464e-008	3.5217e-008	3.2895e-008	3.0669e-008	2.8104e-008	2.607e-008	2.3357e-008	2.1687e-008	1.7581e-008	1.6864e-008	1.48e-008	1.2202e-008	1.0293e-008	9.1017e-009	7.8621e-009	6.8749e-009	6.0336e-009	5.7006e-009	5.6481e-009	5.6502e-009	5.6634e-009	5.4786e-009	5.3506e-009	5.2794e-009	5.7776e-009	5.9925e-009	5.8773e-009	6.6021e-009	7.336e-009	8.7249e-009	1.1183e-008	1.3637e-008	1.6604e-008	1.9705e-008	2.4247e-008	2.9457e-008	3.5527e-008	4.3416e-008	4.8238e-008	5.6578e-008	6.2068e-008	6.954e-008	7.2869e-008	7.5039e-008	7.9856e-008	8.1962e-008	8.368e-008	8.6634e-008	8.7986e-008	8.9353e-008	9.0767e-008	9.1298e-008	9.1682e-008	9.1112e-008	9.057e-008	9.055e-008	9.0177e-008	8.9169e-008	8.7626e-008	8.6708e-008	8.5493e-008	8.1966e-008	8.1084e-008	7.9483e-008	7.8393e-008	7.7221e-008	7.5121e-008	7.3303e-008	7.1749e-008	6.9987e-008	6.9159e-008	6.7794e-008	6.4853e-008	6.3067e-008	5.9274e-008	5.7068e-008	5.3157e-008	5.1339e-008	4.8638e-008	4.442e-008	4.4125e-008	4.1479e-008	3.9762e-008	3.7577e-008	3.5124e-008	3.2685e-008	3.0065e-008	2.7431e-008	2.4853e-008	2.3561e-008	2.1114e-008	1.8857e-008	1.7029e-008	1.4978e-008	1.3303e-008	1.1551e-008	1.0505e-008	8.808e-009	8.0961e-009	6.7908e-009	6.9698e-009	6.9386e-009	6.8006e-009	6.7138e-009	6.9785e-009	7.3916e-009	7.2973e-009	7.751e-009	8.2232e-009	1.041e-008	1.2559e-008	1.4125e-008	1.7508e-008	2.0572e-008	2.5994e-008	3.2814e-008	3.803e-008	4.5718e-008	5.2918e-008	6.0034e-008	6.4284e-008	6.9048e-008	7.1658e-008	7.3165e-008	7.8278e-008	8.4203e-008	8.8451e-008	8.8955e-008	9.1128e-008	9.2575e-008	9.1744e-008	9.1415e-008	9.1555e-008
2.1679e-009	2.5872e-009	2.5466e-009	2.6536e-009	2.9805e-009	3.4893e-009	4.0268e-009	5.828e-009	8.5285e-009	1.0984e-008	1.4017e-008	1.8165e-008	2.3283e-008	2.8091e-008	3.2293e-008	3.9348e-008	4.7249e-008	5.2216e-008	5.8312e-008	6.5972e-008	7.2188e-008	7.8112e-008	8.1312e-008	8.3241e-008	8.4217e-008	8.5511e-008	8.7386e-008	8.8721e-008	8.9995e-008	9.0621e-008	9.122e-008	9.2094e-008	9.2697e-008	9.2266e-008	9.0922e-008	8.8947e-008	8.5785e-008	8.3406e-008	8.003e-008	7.8996e-008	7.6368e-008	7.4562e-008	7.3082e-008	6.9701e-008	6.6959e-008	6.6232e-008	6.3551e-008	6.1536e-008	5.9703e-008	5.7003e-008	5.5166e-008	5.2251e-008	5.0188e-008	4.8021e-008	4.595e-008	4.0852e-008	3.9269e-008	3.8984e-008	3.6435e-008	3.3945e-008	3.2093e-008	2.7633e-008	2.6408e-008	2.3313e-008	2.1785e-008	1.8423e-008	1.6518e-008	1.4051e-008	1.1854e-008	9.618e-009	7.2593e-009	5.6788e-009	4.0832e-009	3.8803e-009	3.3206e-009	2.5356e-009	2.3667e-009	2.502e-009	2.469e-009	2.2494e-009	2.4516e-009	3.1034e-009	2.5041e-009	2.6631e-009	2.4234e-009	2.6789e-009	2.81e-009	3.3927e-009	3.9601e-009	5.062e-009	6.4323e-009	1.0589e-008	1.5669e-008	2.3404e-008	3.2012e-008	3.9784e-008	4.5519e-008	5.2481e-008	5.9552e-008	6.3216e-008	7.0482e-008	7.6818e-008	8.0049e-008	8.2833e-008	8.5693e-008	8.7822e-008	8.9733e-008	9.0976e-008	9.2259e-008	9.2181e-008	9.1714e-008	9.1968e-008	9.1372e-008	9.0779e-008	8.9774e-008	8.8716e-008	8.7209e-008	8.4665e-008	8.2188e-008	7.7992e-008	7.7955e-008	7.691e-008	7.6576e-008	7.6257e-008	7.4435e-008	7.3102e-008	6.9377e-008	6.7138e-008	6.336e-008	6.0594e-008	5.8357e-008	5.6287e-008	5.4234e-008	5.1752e-008	4.9275e-008	4.6762e-008	4.4158e-008	3.9078e-008	3.7716e-008	3.5095e-008	3.3036e-008	3.0457e-008	2.7981e-008	2.5852e-008	2.4266e-008	2.211e-008	1.961e-008	1.6769e-008	1.518e-008	1.3042e-008	9.2927e-009	7.8149e-009	5.8539e-009	4.3889e-009	4.1922e-009	4.2272e-009	4.1177e-009	3.4507e-009	3.815e-009	4.1719e-009	3.7925e-009	4.2974e-009	4.6848e-009	4.3581e-009	4.2131e-009	4.0512e-009	4.7859e-009	5.5802e-009	7.0251e-009	8.511e-009	1.089e-008	1.4275e-008	1.8585e-008	2.5444e-008	3.3339e-008	4.1116e-008	4.7425e-008	5.4146e-008	6.0329e-008	6.7392e-008	7.0066e-008	7.4542e-008	7.718e-008	8.3037e-008	8.5795e-008	8.9729e-008	9.1645e-008	9.316e-008	9.4932e-008	9.5534e-008	9.5489e-008	9.5262e-008	9.4547e-008	9.3798e-008	9.3688e-008	9.2682e-008	9.1303e-008	8.659e-008	8.5527e-008	8.4701e-008	8.2603e-008	7.8823e-008	7.706e-008	7.1913e-008	7.0006e-008	6.8041e-008	6.5061e-008	6.4077e-008	6.1822e-008	5.9811e-008	5.8036e-008	5.568e-008	5.2488e-008	5.127e-008	4.6719e-008	4.4297e-008	4.2046e-008	3.9385e-008	3.6732e-008	3.5196e-008	3.2515e-008	2.6462e-008	2.6413e-008	2.2361e-008	2.0187e-008	1.8363e-008	1.3261e-008	1.269e-008	1.1688e-008	9.586e-009	7.689e-009	6.6484e-009	5.3445e-009	4.8947e-009	4.5746e-009	3.9175e-009	3.9766e-009	3.834e-009	3.4345e-009	3.835e-009	4.2421e-009	4.0555e-009	4.8414e-009	4.1769e-009	4.0111e-009	4.6739e-009	5.5632e-009	5.2345e-009	5.6007e-009	6.7882e-009	8.3295e-009	1.1432e-008	1.7067e-008	2.2001e-008	2.8575e-008	3.5658e-008	4.2656e-008	4.9292e-008	5.5993e-008	6.0532e-008	6.6316e-008	7.3348e-008	7.7812e-008	8.0711e-008	8.49e-008	8.7786e-008	9.1172e-008	9.4573e-008	9.6005e-008	9.7396e-008	9.6962e-008	9.6352e-008	9.61e-008	9.5973e-008	9.3677e-008	9.1911e-008	9.0059e-008	8.7814e-008	8.5845e-008	8.2226e-008	8.1615e-008	7.9593e-008	7.6966e-008	7.459e-008	7.1038e-008	6.8893e-008	6.7077e-008	6.6085e-008	6.4823e-008	6.2603e-008	6.0079e-008	5.8358e-008	5.7167e-008	5.4815e-008	5.2412e-008	5.0022e-008	4.6786e-008	4.4589e-008	4.257e-008	4.0987e-008	3.7452e-008	3.627e-008	3.3514e-008	3.1453e-008	3.0022e-008	2.7983e-008	2.5631e-008	2.4164e-008	2.1959e-008	1.9569e-008	1.7795e-008	1.4771e-008	1.368e-008	1.1199e-008	1.0179e-008	8.735e-009	7.0867e-009	6.4506e-009	5.5817e-009	5.2854e-009	5.2391e-009	5.9714e-009	5.3038e-009	5.0203e-009	5.6392e-009	5.6645e-009	6.1124e-009	6.9182e-009	9.005e-009	1.0546e-008	1.2494e-008	1.5159e-008	2.0451e-008	2.4076e-008	2.9204e-008	3.7736e-008	4.4118e-008	5.1502e-008	5.672e-008	6.5558e-008	7.0926e-008	7.6707e-008	8.0373e-008	8.4887e-008	8.8945e-008	9.0285e-008	9.1726e-008	9.2557e-008	9.2597e-008	9.3701e-008	9.4624e-008	9.5695e-008	9.4759e-008	9.4376e-008	9.4039e-008	9.2832e-008	9.0534e-008	8.8836e-008	8.6355e-008	8.4469e-008	8.2569e-008	8.1039e-008	7.9345e-008	7.7888e-008	7.6278e-008	7.4202e-008	7.1717e-008	6.9072e-008	6.6148e-008	6.4025e-008	6.3214e-008	6.1098e-008	5.7172e-008	5.1825e-008	4.9804e-008	4.8471e-008	4.4827e-008	4.3075e-008	4.0926e-008	3.856e-008	3.5194e-008	3.2298e-008	3.0537e-008	2.7656e-008	2.5032e-008	2.312e-008	2.1428e-008	1.8151e-008	1.5474e-008	1.3673e-008	1.1106e-008	9.2643e-009	8.0228e-009	6.5569e-009	6.3268e-009	5.8544e-009	5.5037e-009	5.6176e-009	5.4336e-009	5.3582e-009	5.4899e-009	5.4896e-009	5.8116e-009	5.6936e-009	5.8245e-009	6.0991e-009	6.2518e-009	7.2854e-009	8.6095e-009	1.0578e-008	1.3439e-008	1.6531e-008	1.9486e-008	2.3586e-008	2.7684e-008	3.5101e-008	4.1543e-008	4.8231e-008	5.5953e-008	6.2587e-008	6.9403e-008	7.2706e-008	7.637e-008	7.9582e-008	8.2261e-008	8.4635e-008	8.6717e-008	8.7726e-008	8.9519e-008	9.0706e-008	9.1249e-008	9.1081e-008	9.0663e-008	9.0989e-008	9.0918e-008	9.1136e-008	8.9231e-008	8.7665e-008	8.7082e-008	8.5632e-008	8.2045e-008	8.0235e-008	7.8887e-008	7.7714e-008	7.7131e-008	7.5115e-008	7.2877e-008	7.1867e-008	7.0892e-008	6.9819e-008	6.813e-008	6.4951e-008	6.2012e-008	5.9395e-008	5.663e-008	5.2312e-008	5.1038e-008	4.8884e-008	4.6742e-008	4.3371e-008	4.141e-008	3.861e-008	3.6632e-008	3.3764e-008	3.2167e-008	2.9688e-008	2.6998e-008	2.3498e-008	2.3432e-008	1.9688e-008	1.812e-008	1.6501e-008	1.4431e-008	1.2726e-008	1.1068e-008	9.2277e-009	8.5299e-009	7.5825e-009	6.7421e-009	6.66e-009	6.4772e-009	6.5885e-009	6.2339e-009	6.2279e-009	7.0921e-009	7.0007e-009	7.0373e-009	7.9415e-009	1.0105e-008	1.1959e-008	1.4021e-008	1.7315e-008	2.1342e-008	2.5587e-008	3.169e-008	3.7597e-008	4.4875e-008	5.1542e-008	5.8657e-008	6.3641e-008	6.8757e-008	7.1327e-008	7.4795e-008	7.9412e-008	8.1795e-008	8.6959e-008	8.8555e-008	9.1774e-008	9.1838e-008	9.1185e-008	9.0507e-008	9.1347e-008
1.997e-009	2.1336e-009	2.3118e-009	2.4779e-009	2.8139e-009	3.0315e-009	4.0193e-009	5.7988e-009	8.047e-009	1.0687e-008	1.3491e-008	1.8079e-008	2.3856e-008	2.855e-008	3.2446e-008	3.948e-008	4.7051e-008	5.2532e-008	5.7974e-008	6.5955e-008	7.2313e-008	7.7364e-008	8.1243e-008	8.3054e-008	8.4332e-008	8.4957e-008	8.6867e-008	8.7793e-008	8.9663e-008	9.0497e-008	9.0553e-008	9.1072e-008	9.0622e-008	9.0105e-008	8.9633e-008	8.7022e-008	8.5047e-008	8.2748e-008	7.8668e-008	7.7991e-008	7.5551e-008	7.4407e-008	7.2754e-008	6.8206e-008	6.6592e-008	6.5719e-008	6.3494e-008	6.2778e-008	5.8765e-008	5.7089e-008	5.5132e-008	5.0664e-008	4.961e-008	4.7483e-008	4.5196e-008	4.4173e-008	4.253e-008	3.9439e-008	3.3668e-008	3.368e-008	3.2156e-008	2.9464e-008	2.6558e-008	2.3208e-008	2.0581e-008	1.8439e-008	1.4856e-008	1.3327e-008	1.0793e-008	9.2501e-009	6.5439e-009	5.924e-009	4.6073e-009	3.6679e-009	3.0839e-009	2.5448e-009	2.7113e-009	2.2893e-009	1.9087e-009	2.1173e-009	1.9875e-009	3.0509e-009	2.823e-009	2.5181e-009	2.7173e-009	3.0194e-009	2.7837e-009	3.5216e-009	3.8301e-009	5.1439e-009	6.8034e-009	9.9481e-009	1.5339e-008	2.4148e-008	3.1941e-008	3.9869e-008	4.8292e-008	5.413e-008	5.9636e-008	6.5598e-008	7.2599e-008	7.7103e-008	8.0423e-008	8.2231e-008	8.4664e-008	8.7507e-008	8.9544e-008	9.0682e-008	9.1214e-008	9.1574e-008	9.1974e-008	9.16e-008	9.0951e-008	9.0274e-008	8.9424e-008	8.8419e-008	8.6985e-008	8.5043e-008	8.2769e-008	7.9591e-008	7.8492e-008	7.6464e-008	7.5752e-008	7.4931e-008	7.3371e-008	7.1412e-008	6.8813e-008	6.5122e-008	6.2926e-008	6.0339e-008	5.8035e-008	5.5637e-008	5.3385e-008	5.1112e-008	4.9217e-008	4.6079e-008	4.3555e-008	3.9296e-008	3.7058e-008	3.4957e-008	3.3353e-008	3.0165e-008	2.8103e-008	2.6713e-008	2.4887e-008	2.1882e-008	1.9237e-008	1.7096e-008	1.4457e-008	1.2404e-008	9.5277e-009	7.6926e-009	6.1665e-009	5.0766e-009	4.4378e-009	3.8968e-009	3.5679e-009	3.479e-009	3.6434e-009	3.9654e-009	4.1285e-009	4.4564e-009	4.0922e-009	4.2006e-009	3.8379e-009	4.1008e-009	4.3516e-009	5.9429e-009	7.0687e-009	8.7733e-009	1.1843e-008	1.5181e-008	1.9378e-008	2.4744e-008	3.4553e-008	4.1412e-008	4.6742e-008	5.3044e-008	6.0868e-008	6.6683e-008	6.9402e-008	7.4791e-008	7.8612e-008	8.3773e-008	8.8073e-008	9.0964e-008	9.2219e-008	9.5244e-008	9.5634e-008	9.5407e-008	9.5735e-008	9.4915e-008	9.394e-008	9.3718e-008	9.3619e-008	9.2615e-008	9.0256e-008	8.6801e-008	8.5427e-008	8.4823e-008	8.3243e-008	7.942e-008	7.7275e-008	7.1941e-008	7.0762e-008	6.9155e-008	6.6255e-008	6.4895e-008	6.1956e-008	5.935e-008	5.7506e-008	5.6079e-008	5.4177e-008	5.1433e-008	4.3504e-008	4.3449e-008	4.3312e-008	3.9415e-008	3.6037e-008	3.5133e-008	2.9956e-008	2.718e-008	2.6342e-008	2.3986e-008	2.124e-008	1.7387e-008	1.3989e-008	1.3787e-008	1.1948e-008	9.2758e-009	7.7205e-009	6.5548e-009	5.3621e-009	5.1174e-009	4.8025e-009	4.0386e-009	4.1197e-009	4.3163e-009	4.0057e-009	3.6725e-009	4.16e-009	4.396e-009	4.4292e-009	4.4925e-009	4.3763e-009	5.0366e-009	5.0991e-009	4.7662e-009	5.6673e-009	6.5024e-009	7.91e-009	1.1495e-008	1.7384e-008	2.2207e-008	2.7929e-008	3.5966e-008	4.3466e-008	5.0145e-008	5.4634e-008	6.0945e-008	6.6562e-008	7.0448e-008	7.6767e-008	8.1127e-008	8.5102e-008	8.8983e-008	9.249e-008	9.3863e-008	9.57e-008	9.612e-008	9.5754e-008	9.5709e-008	9.5866e-008	9.5017e-008	9.381e-008	9.251e-008	8.9782e-008	8.7552e-008	8.4403e-008	8.2301e-008	8.0678e-008	7.8646e-008	7.6225e-008	7.483e-008	7.0129e-008	6.897e-008	6.7855e-008	6.6357e-008	6.4868e-008	6.229e-008	6.1388e-008	5.8224e-008	5.6618e-008	5.4037e-008	5.1364e-008	4.8676e-008	4.6384e-008	4.4032e-008	4.2593e-008	4.1063e-008	3.6611e-008	3.6084e-008	3.3651e-008	3.0873e-008	2.9572e-008	2.79e-008	2.6431e-008	2.3599e-008	2.1065e-008	1.9331e-008	1.7362e-008	1.4929e-008	1.318e-008	1.076e-008	9.3904e-009	7.8825e-009	6.2854e-009	5.706e-009	5.5572e-009	5.737e-009	5.2823e-009	5.6765e-009	5.2286e-009	5.218e-009	5.1524e-009	5.5732e-009	6.0375e-009	6.6034e-009	8.7204e-009	1.0798e-008	1.1899e-008	1.4329e-008	1.9983e-008	2.3774e-008	3.0648e-008	3.7251e-008	4.4365e-008	5.1967e-008	5.7624e-008	6.4447e-008	7.1432e-008	7.6993e-008	8.0624e-008	8.5548e-008	8.7725e-008	9.0593e-008	9.167e-008	9.2171e-008	9.1821e-008	9.3197e-008	9.4451e-008	9.5442e-008	9.5669e-008	9.5356e-008	9.4026e-008	9.2635e-008	8.9917e-008	8.7089e-008	8.6114e-008	8.4578e-008	8.2496e-008	8.093e-008	7.8747e-008	7.6525e-008	7.5467e-008	7.3733e-008	7.0596e-008	6.8849e-008	6.6187e-008	6.418e-008	6.2451e-008	5.9197e-008	5.6529e-008	5.41e-008	5.0732e-008	4.9051e-008	4.4456e-008	4.2237e-008	3.9824e-008	3.8219e-008	3.2534e-008	3.1687e-008	2.9999e-008	2.7364e-008	2.4203e-008	2.2125e-008	2.0437e-008	1.7911e-008	1.5347e-008	1.3505e-008	1.1293e-008	9.0182e-009	7.5997e-009	6.536e-009	5.9013e-009	5.8041e-009	5.6185e-009	5.2398e-009	5.2515e-009	5.3259e-009	5.425e-009	5.4443e-009	6.2841e-009	5.95e-009	6.589e-009	6.5896e-009	6.4237e-009	7.3734e-009	8.4999e-009	1.0423e-008	1.2107e-008	1.675e-008	1.9235e-008	2.3603e-008	2.844e-008	3.5864e-008	4.1394e-008	4.8376e-008	5.5724e-008	6.1287e-008	6.7759e-008	7.3701e-008	7.5714e-008	8.0242e-008	8.2408e-008	8.4672e-008	8.6778e-008	8.9179e-008	8.998e-008	9.0792e-008	9.1476e-008	9.1575e-008	9.1679e-008	9.1737e-008	9.1452e-008	9.1074e-008	8.9414e-008	8.837e-008	8.6862e-008	8.5475e-008	8.0263e-008	7.9871e-008	7.8787e-008	7.7283e-008	7.6704e-008	7.4698e-008	7.1982e-008	7.1779e-008	7.0859e-008	6.8385e-008	6.5721e-008	6.3597e-008	6.1242e-008	5.8646e-008	5.5631e-008	5.3866e-008	4.881e-008	4.7842e-008	4.583e-008	4.2228e-008	4.1825e-008	3.8231e-008	3.6145e-008	3.3274e-008	3.1961e-008	2.9167e-008	2.7429e-008	2.5475e-008	2.28e-008	2.0899e-008	1.7779e-008	1.6137e-008	1.3878e-008	1.25e-008	1.0966e-008	9.2975e-009	7.8463e-009	6.9297e-009	6.3041e-009	6.1831e-009	6.1199e-009	6.2678e-009	6.2341e-009	6.4888e-009	6.6579e-009	7.3081e-009	7.7429e-009	7.8887e-009	9.458e-009	1.1842e-008	1.4057e-008	1.7482e-008	2.198e-008	2.5803e-008	3.1069e-008	3.7663e-008	4.4795e-008	5.0376e-008	5.7396e-008	6.1337e-008	6.6975e-008	7.0348e-008	7.3625e-008	7.8369e-008	8.2212e-008	8.5445e-008	8.8259e-008	9.0089e-008	9.0168e-008	8.9958e-008	9.0775e-008	9.1296e-008
1.7027e-009	2.2061e-009	2.5046e-009	2.3539e-009	2.4688e-009	2.8191e-009	3.6809e-009	5.4547e-009	7.2084e-009	1.0201e-008	1.4103e-008	1.8223e-008	2.2859e-008	2.8621e-008	3.2369e-008	3.8311e-008	4.4697e-008	5.2923e-008	5.7759e-008	6.3891e-008	7.0223e-008	7.6024e-008	7.9204e-008	8.1582e-008	8.3401e-008	8.3939e-008	8.6052e-008	8.7886e-008	8.9051e-008	9.0222e-008	9.0293e-008	9.0122e-008	8.908e-008	8.8865e-008	8.7185e-008	8.5797e-008	8.3698e-008	8.1613e-008	7.9133e-008	7.7856e-008	7.5581e-008	7.4169e-008	7.1189e-008	6.7524e-008	6.5507e-008	6.4006e-008	6.3313e-008	6.0913e-008	5.8662e-008	5.6464e-008	5.4787e-008	5.1623e-008	4.9653e-008	4.7248e-008	4.5672e-008	4.3893e-008	4.2903e-008	3.9787e-008	3.5749e-008	3.5039e-008	3.2271e-008	2.9305e-008	2.7468e-008	2.4142e-008	2.1395e-008	1.9288e-008	1.7326e-008	1.4757e-008	1.1804e-008	9.2823e-009	7.3067e-009	5.7571e-009	4.7024e-009	3.4686e-009	1.9528e-009	2.6289e-009	2.75e-009	2.2452e-009	2.0729e-009	2.0486e-009	1.85e-009	2.3248e-009	2.3319e-009	2.445e-009	2.6399e-009	2.8303e-009	2.6152e-009	3.3376e-009	3.7266e-009	5.0242e-009	6.7217e-009	9.1073e-009	1.4024e-008	2.2454e-008	3.1897e-008	3.9995e-008	4.6961e-008	5.4974e-008	6.1358e-008	6.5354e-008	7.0906e-008	7.5985e-008	7.9726e-008	8.2752e-008	8.4991e-008	8.7207e-008	8.8966e-008	8.9784e-008	9.0493e-008	9.1332e-008	9.2066e-008	9.1824e-008	9.0557e-008	8.9575e-008	8.8199e-008	8.7325e-008	8.6567e-008	8.5598e-008	8.3639e-008	8.1164e-008	7.9418e-008	7.7706e-008	7.5226e-008	7.3614e-008	7.2977e-008	7.0163e-008	6.7742e-008	6.5536e-008	6.2827e-008	6.0226e-008	5.7697e-008	5.5311e-008	5.1582e-008	5.0979e-008	4.8879e-008	4.4826e-008	4.1929e-008	3.9968e-008	3.795e-008	3.4866e-008	3.3313e-008	2.9838e-008	2.7934e-008	2.6378e-008	2.3295e-008	2.1673e-008	1.9354e-008	1.616e-008	1.4445e-008	1.1532e-008	9.1409e-009	7.41e-009	6.2958e-009	4.9391e-009	4.0961e-009	3.8085e-009	3.2704e-009	3.1036e-009	3.6937e-009	3.8904e-009	3.6444e-009	3.8708e-009	3.33e-009	4.1681e-009	4.5044e-009	4.3766e-009	4.293e-009	5.8641e-009	6.8889e-009	8.6766e-009	1.1913e-008	1.49e-008	1.9337e-008	2.4319e-008	3.0878e-008	3.6785e-008	4.6109e-008	5.2106e-008	5.8915e-008	6.3997e-008	6.8898e-008	7.3931e-008	7.8826e-008	8.3834e-008	8.7337e-008	9.1051e-008	9.4403e-008	9.608e-008	9.6717e-008	9.5613e-008	9.5353e-008	9.4838e-008	9.3981e-008	9.3707e-008	9.3262e-008	9.0634e-008	8.7854e-008	8.5673e-008	8.5305e-008	8.3943e-008	8.1838e-008	7.9895e-008	7.4166e-008	7.1537e-008	7.0448e-008	6.8695e-008	6.5633e-008	6.4645e-008	6.1451e-008	5.9413e-008	5.7633e-008	5.6479e-008	5.4779e-008	5.142e-008	4.5913e-008	4.4986e-008	4.2825e-008	3.8002e-008	3.5804e-008	3.4317e-008	3.249e-008	2.8466e-008	2.5731e-008	2.3453e-008	2.1615e-008	1.9348e-008	1.581e-008	1.3336e-008	1.1897e-008	8.6379e-009	7.7454e-009	6.3923e-009	5.5134e-009	4.912e-009	4.3684e-009	4.5572e-009	4.9068e-009	4.5663e-009	4.1732e-009	4.2879e-009	3.9309e-009	4.2225e-009	4.3614e-009	4.3039e-009	4.0184e-009	4.7366e-009	4.9072e-009	4.8111e-009	5.2588e-009	6.0557e-009	7.9936e-009	1.1797e-008	1.6047e-008	2.1263e-008	2.8596e-008	3.4892e-008	4.1785e-008	5.0262e-008	5.6037e-008	6.1498e-008	6.5029e-008	7.1077e-008	7.6712e-008	8.135e-008	8.5877e-008	8.9703e-008	9.2208e-008	9.3534e-008	9.5211e-008	9.5714e-008	9.5524e-008	9.5177e-008	9.5447e-008	9.4943e-008	9.292e-008	9.1277e-008	8.8804e-008	8.5539e-008	8.3517e-008	8.1726e-008	8.1036e-008	7.843e-008	7.7607e-008	7.3667e-008	6.9108e-008	6.7903e-008	6.7915e-008	6.5512e-008	6.4107e-008	6.2124e-008	6.0659e-008	5.7106e-008	5.4846e-008	5.393e-008	5.1612e-008	4.832e-008	4.6347e-008	4.3659e-008	4.2114e-008	4.1048e-008	3.6101e-008	3.4829e-008	3.2902e-008	3.0774e-008	2.8642e-008	2.7332e-008	2.5585e-008	2.3954e-008	2.1871e-008	1.8811e-008	1.7437e-008	1.5216e-008	1.1656e-008	1.0593e-008	8.7644e-009	7.4279e-009	5.7071e-009	5.1259e-009	5.1002e-009	5.395e-009	5.3822e-009	5.5497e-009	5.4573e-009	5.1223e-009	4.9003e-009	4.8103e-009	4.6982e-009	6.5131e-009	8.123e-009	9.8726e-009	1.2495e-008	1.5042e-008	1.8799e-008	2.3124e-008	3.0526e-008	3.7957e-008	4.5022e-008	5.1382e-008	5.7401e-008	6.3719e-008	7.0557e-008	7.5519e-008	8.1129e-008	8.4783e-008	8.6873e-008	8.9974e-008	9.0814e-008	9.1117e-008	9.161e-008	9.2695e-008	9.3308e-008	9.4932e-008	9.5481e-008	9.4871e-008	9.3639e-008	9.1948e-008	8.9302e-008	8.7575e-008	8.5663e-008	8.4022e-008	8.2547e-008	8.0073e-008	7.8512e-008	7.6429e-008	7.4927e-008	7.2816e-008	7.0643e-008	6.8298e-008	6.4577e-008	6.3815e-008	6.1964e-008	5.8562e-008	5.5818e-008	5.3627e-008	5.1198e-008	4.8572e-008	4.5319e-008	4.1783e-008	4.0124e-008	3.7242e-008	3.3849e-008	3.0923e-008	2.8747e-008	2.6296e-008	2.3422e-008	2.1277e-008	1.9721e-008	1.6361e-008	1.4351e-008	1.298e-008	1.0701e-008	8.8262e-009	7.5063e-009	6.2518e-009	5.8337e-009	5.491e-009	5.227e-009	5.0942e-009	5.1871e-009	4.9716e-009	5.115e-009	5.8586e-009	6.2099e-009	6.0416e-009	6.5236e-009	6.4824e-009	6.4402e-009	7.5038e-009	8.6305e-009	1.0637e-008	1.2934e-008	1.5374e-008	1.8349e-008	2.3862e-008	2.8947e-008	3.5501e-008	4.0999e-008	4.8032e-008	5.5356e-008	6.0616e-008	6.7774e-008	7.245e-008	7.6569e-008	8.029e-008	8.1719e-008	8.5595e-008	8.7148e-008	8.9035e-008	9.0144e-008	9.1183e-008	9.2184e-008	9.185e-008	9.2268e-008	9.1789e-008	9.1941e-008	9.0893e-008	9.0391e-008	8.9667e-008	8.8585e-008	8.5046e-008	8.2962e-008	7.9997e-008	7.8407e-008	7.7509e-008	7.5953e-008	7.5243e-008	7.3636e-008	7.1953e-008	7.0871e-008	6.9537e-008	6.6437e-008	6.1846e-008	6.1301e-008	5.8141e-008	5.6298e-008	5.4209e-008	5.0361e-008	4.8378e-008	4.6936e-008	4.4439e-008	4.1626e-008	3.879e-008	3.6986e-008	3.4268e-008	3.1954e-008	2.9665e-008	2.5758e-008	2.4814e-008	2.3044e-008	1.9469e-008	1.8243e-008	1.5117e-008	1.3647e-008	1.2013e-008	1.0103e-008	8.1068e-009	6.7554e-009	6.2087e-009	5.9962e-009	6.1207e-009	6.0719e-009	6.2856e-009	6.0368e-009	6.1763e-009	6.22e-009	7.0831e-009	7.4316e-009	7.7213e-009	8.5673e-009	1.1067e-008	1.403e-008	1.7084e-008	2.2076e-008	2.5961e-008	3.0063e-008	3.7314e-008	4.3939e-008	5.0702e-008	5.4859e-008	6.076e-008	6.601e-008	6.9998e-008	7.3736e-008	7.7108e-008	8.2575e-008	8.3717e-008	8.769e-008	8.8937e-008	8.9213e-008	8.9909e-008	9.0788e-008	9.107e-008
1.3033e-009	2.2644e-009	2.4524e-009	2.4115e-009	2.445e-009	3.209e-009	3.8293e-009	4.8255e-009	7.3569e-009	9.5147e-009	1.3011e-008	1.8605e-008	2.3547e-008	2.7341e-008	3.2118e-008	3.9282e-008	4.4555e-008	5.4147e-008	5.8229e-008	6.4164e-008	6.9735e-008	7.51e-008	7.7794e-008	8.0751e-008	8.2412e-008	8.3765e-008	8.5297e-008	8.7785e-008	8.8986e-008	9.0148e-008	9.0072e-008	8.9598e-008	8.8875e-008	8.7858e-008	8.6601e-008	8.477e-008	8.2693e-008	8.0592e-008	7.8017e-008	7.6038e-008	7.4664e-008	7.3501e-008	7.1351e-008	6.9711e-008	6.5782e-008	6.3168e-008	6.1793e-008	5.9835e-008	5.8414e-008	5.6676e-008	5.4503e-008	5.2509e-008	4.9148e-008	4.7124e-008	4.5402e-008	4.4395e-008	4.2034e-008	3.8286e-008	3.6878e-008	3.5064e-008	3.0809e-008	2.9398e-008	2.694e-008	2.3928e-008	2.2112e-008	1.8738e-008	1.7085e-008	1.5123e-008	1.2647e-008	9.8003e-009	7.7453e-009	5.9016e-009	4.2241e-009	3.3759e-009	2.6106e-009	2.3377e-009	2.761e-009	2.7027e-009	2.5697e-009	2.3525e-009	2.1032e-009	1.7108e-009	1.8014e-009	2.1527e-009	2.8108e-009	3.0371e-009	3.1519e-009	3.3542e-009	3.9612e-009	4.9304e-009	7.2727e-009	9.9346e-009	1.548e-008	2.0889e-008	3.1235e-008	3.9572e-008	4.7416e-008	5.1629e-008	6.0475e-008	6.5132e-008	7.1357e-008	7.5262e-008	7.9801e-008	8.2841e-008	8.4612e-008	8.7355e-008	8.8668e-008	8.9713e-008	9.0455e-008	9.141e-008	9.2019e-008	9.21e-008	9.0583e-008	8.9691e-008	8.835e-008	8.7834e-008	8.6159e-008	8.5588e-008	8.4173e-008	8.1206e-008	7.9425e-008	7.788e-008	7.5256e-008	7.305e-008	7.133e-008	6.8789e-008	6.7561e-008	6.5516e-008	6.3057e-008	5.9435e-008	5.7732e-008	5.5377e-008	5.3643e-008	5.1713e-008	4.6456e-008	4.1425e-008	4.2245e-008	4.0256e-008	3.7447e-008	3.5149e-008	3.3762e-008	3.0977e-008	2.8564e-008	2.639e-008	2.3875e-008	2.1455e-008	1.969e-008	1.7297e-008	1.494e-008	1.1993e-008	9.6732e-009	7.4286e-009	5.9419e-009	4.8027e-009	4.5294e-009	3.9275e-009	3.407e-009	3.2104e-009	3.7771e-009	3.8993e-009	3.8345e-009	3.8069e-009	3.4544e-009	3.5608e-009	4.4489e-009	4.3e-009	4.8235e-009	5.7999e-009	7.1058e-009	8.8143e-009	1.1573e-008	1.5711e-008	1.9871e-008	2.275e-008	2.8949e-008	3.6529e-008	4.4448e-008	5.2024e-008	5.7599e-008	6.3838e-008	6.9278e-008	7.3701e-008	7.746e-008	8.3307e-008	8.6579e-008	9.0409e-008	9.451e-008	9.6533e-008	9.6615e-008	9.6315e-008	9.6169e-008	9.5212e-008	9.425e-008	9.2933e-008	9.2558e-008	9.0977e-008	8.8781e-008	8.7119e-008	8.558e-008	8.3686e-008	8.1738e-008	7.9357e-008	7.4764e-008	7.2384e-008	7.0678e-008	6.8465e-008	6.632e-008	6.447e-008	6.1004e-008	5.9251e-008	5.7728e-008	5.7208e-008	5.5539e-008	4.804e-008	4.7058e-008	4.7063e-008	4.4635e-008	4.133e-008	3.5412e-008	3.4977e-008	3.2991e-008	3.0674e-008	2.3635e-008	2.2721e-008	2.1072e-008	1.9001e-008	1.6806e-008	1.3863e-008	1.2291e-008	1.0659e-008	7.8604e-009	6.786e-009	5.3856e-009	4.9226e-009	4.863e-009	4.8875e-009	4.7936e-009	4.4666e-009	4.2536e-009	4.2196e-009	4.0865e-009	4.2591e-009	4.6388e-009	4.5346e-009	4.4789e-009	4.645e-009	5.1367e-009	5.3456e-009	5.7535e-009	6.166e-009	7.6233e-009	1.2034e-008	1.632e-008	1.951e-008	2.9517e-008	3.4116e-008	4.2217e-008	5.0386e-008	5.5576e-008	6.1013e-008	6.7438e-008	7.2099e-008	7.7396e-008	8.133e-008	8.6851e-008	8.9513e-008	9.3075e-008	9.4107e-008	9.403e-008	9.4569e-008	9.5105e-008	9.4976e-008	9.4984e-008	9.467e-008	9.3133e-008	9.0612e-008	8.8346e-008	8.6498e-008	8.4045e-008	8.15e-008	8.0892e-008	7.8545e-008	7.7687e-008	7.2211e-008	7.1082e-008	6.9306e-008	6.685e-008	6.5255e-008	6.3712e-008	6.133e-008	5.981e-008	5.6778e-008	5.5102e-008	5.316e-008	5.1486e-008	4.7761e-008	4.5401e-008	4.3544e-008	4.1827e-008	4.035e-008	3.7093e-008	3.4795e-008	3.2592e-008	3.0932e-008	2.8734e-008	2.7141e-008	2.5584e-008	2.3427e-008	2.1473e-008	1.9087e-008	1.6771e-008	1.4654e-008	1.3095e-008	1.1015e-008	8.651e-009	7.5722e-009	5.8868e-009	5.4449e-009	5.0797e-009	5.2739e-009	5.1047e-009	5.2052e-009	5.0298e-009	5.0751e-009	4.8255e-009	4.9195e-009	4.8195e-009	6.2277e-009	8.155e-009	1.0031e-008	1.1785e-008	1.4798e-008	1.8357e-008	2.4061e-008	3.0049e-008	3.6317e-008	4.377e-008	5.0711e-008	5.7249e-008	6.3583e-008	6.7327e-008	7.4582e-008	8.1805e-008	8.4501e-008	8.6813e-008	8.8741e-008	9.014e-008	9.0703e-008	9.1995e-008	9.3252e-008	9.3848e-008	9.4931e-008	9.5599e-008	9.4568e-008	9.3359e-008	9.2062e-008	9.0022e-008	8.8285e-008	8.5914e-008	8.401e-008	8.1903e-008	7.9875e-008	7.7575e-008	7.6398e-008	7.5001e-008	7.3095e-008	7.0567e-008	6.8837e-008	6.7231e-008	6.4476e-008	6.1355e-008	5.7417e-008	5.5303e-008	5.3335e-008	5.1225e-008	4.8272e-008	4.5045e-008	4.1908e-008	3.9038e-008	3.6987e-008	3.342e-008	3.1627e-008	2.8799e-008	2.5823e-008	2.3767e-008	2.0933e-008	1.8851e-008	1.6987e-008	1.3666e-008	1.2257e-008	1.033e-008	7.9947e-009	7.4749e-009	5.9769e-009	5.6436e-009	5.0762e-009	4.8802e-009	4.948e-009	5.1984e-009	5.2883e-009	6.6387e-009	6.2773e-009	6.1231e-009	5.9393e-009	6.3425e-009	6.2405e-009	6.5696e-009	7.025e-009	8.6099e-009	1.0736e-008	1.2798e-008	1.512e-008	1.7931e-008	2.3728e-008	2.9449e-008	3.624e-008	4.1969e-008	4.7851e-008	5.5324e-008	6.1367e-008	6.6908e-008	7.2223e-008	7.6543e-008	8.0131e-008	8.2066e-008	8.5617e-008	8.7166e-008	8.9608e-008	9.1378e-008	9.2176e-008	9.2394e-008	9.2521e-008	9.2447e-008	9.1632e-008	9.1831e-008	9.1461e-008	9.062e-008	8.9885e-008	8.784e-008	8.3848e-008	8.1813e-008	8.0161e-008	7.9104e-008	7.7074e-008	7.5573e-008	7.5295e-008	7.2885e-008	7.1121e-008	6.9629e-008	6.8163e-008	6.648e-008	6.291e-008	6.0499e-008	5.7931e-008	5.5477e-008	5.3688e-008	5.2241e-008	4.9456e-008	4.609e-008	4.3815e-008	4.0645e-008	3.9406e-008	3.675e-008	3.455e-008	3.1995e-008	2.8398e-008	2.6277e-008	2.4378e-008	2.3041e-008	1.8197e-008	1.729e-008	1.5328e-008	1.3963e-008	1.1954e-008	9.4423e-009	7.9788e-009	6.4698e-009	6.3007e-009	5.9939e-009	6.0342e-009	6.0804e-009	6.0686e-009	5.6545e-009	6.1459e-009	6.6491e-009	6.7348e-009	6.9386e-009	7.5391e-009	9.1167e-009	1.0921e-008	1.4085e-008	1.5743e-008	2.1184e-008	2.6256e-008	3.0596e-008	3.6076e-008	4.2164e-008	4.9412e-008	5.4571e-008	5.8758e-008	6.5574e-008	6.8635e-008	7.2903e-008	7.6913e-008	8.1656e-008	8.4163e-008	8.6271e-008	8.7609e-008	8.9276e-008	9.0584e-008	9.1215e-008	9.1317e-008
1.7717e-009	2.5611e-009	2.6021e-009	2.6079e-009	2.6957e-009	3.3561e-009	4.0421e-009	5.0506e-009	7.454e-009	1.0076e-008	1.385e-008	1.7425e-008	2.3126e-008	2.7425e-008	3.1816e-008	3.8778e-008	4.8262e-008	5.438e-008	5.9851e-008	6.4057e-008	6.9279e-008	7.377e-008	7.6236e-008	7.903e-008	8.0913e-008	8.3559e-008	8.5415e-008	8.772e-008	8.8993e-008	8.9822e-008	9.0182e-008	9.0261e-008	8.9219e-008	8.6964e-008	8.5885e-008	8.3442e-008	8.1699e-008	7.9671e-008	7.7757e-008	7.6386e-008	7.4333e-008	7.2743e-008	7.1271e-008	6.7938e-008	6.4192e-008	6.3233e-008	6.1757e-008	6.0162e-008	5.7654e-008	5.6101e-008	5.4855e-008	5.1558e-008	4.8456e-008	4.7483e-008	4.6091e-008	4.4208e-008	4.1702e-008	3.993e-008	3.8143e-008	3.5643e-008	3.1076e-008	2.9119e-008	2.77e-008	2.5221e-008	2.2704e-008	1.9719e-008	1.6525e-008	1.5523e-008	1.2466e-008	1.0483e-008	8.6573e-009	6.3956e-009	4.0393e-009	3.313e-009	2.854e-009	2.3875e-009	2.7367e-009	2.9848e-009	2.5861e-009	2.5712e-009	2.363e-009	1.9677e-009	2.1926e-009	2.7984e-009	3.1911e-009	3.392e-009	3.6244e-009	3.8521e-009	3.9293e-009	5.0071e-009	7.313e-009	1.014e-008	1.5704e-008	2.1935e-008	3.1659e-008	4.0234e-008	4.7022e-008	5.3602e-008	5.9866e-008	6.533e-008	7.049e-008	7.537e-008	7.9615e-008	8.2509e-008	8.4255e-008	8.7572e-008	8.8984e-008	8.9994e-008	9.0739e-008	9.1239e-008	9.179e-008	9.2047e-008	9.1163e-008	9.004e-008	8.889e-008	8.7722e-008	8.6647e-008	8.5938e-008	8.469e-008	8.3066e-008	7.9567e-008	7.7392e-008	7.4608e-008	7.3108e-008	7.0945e-008	6.8878e-008	6.7212e-008	6.4915e-008	6.2641e-008	6.0209e-008	5.7811e-008	5.6191e-008	5.3646e-008	5.1587e-008	4.9454e-008	4.3996e-008	4.2746e-008	4.0163e-008	3.8061e-008	3.4802e-008	3.3217e-008	3.0524e-008	2.9219e-008	2.5357e-008	2.3948e-008	2.1341e-008	1.9592e-008	1.7174e-008	1.4544e-008	1.1886e-008	9.2091e-009	8.0562e-009	5.907e-009	5.2611e-009	4.8157e-009	3.962e-009	4.0043e-009	3.9972e-009	3.6416e-009	3.2346e-009	3.5778e-009	3.5568e-009	3.6389e-009	3.7554e-009	3.8529e-009	3.8475e-009	5.0218e-009	6.0467e-009	7.0962e-009	9.7601e-009	1.2411e-008	1.5801e-008	1.9824e-008	2.2485e-008	2.8139e-008	3.6163e-008	4.4807e-008	5.2185e-008	5.9269e-008	6.3206e-008	6.8725e-008	7.3391e-008	7.9188e-008	8.2465e-008	8.7102e-008	9.0358e-008	9.2669e-008	9.5417e-008	9.5714e-008	9.617e-008	9.608e-008	9.526e-008	9.4405e-008	9.3798e-008	9.2339e-008	9.061e-008	8.918e-008	8.7191e-008	8.6405e-008	8.4021e-008	8.0771e-008	7.6965e-008	7.5758e-008	7.3432e-008	7.146e-008	6.8778e-008	6.651e-008	6.2308e-008	6.1466e-008	5.8629e-008	5.7163e-008	5.649e-008	5.4982e-008	5.376e-008	4.8056e-008	4.6839e-008	4.5223e-008	4.3338e-008	3.9107e-008	3.4922e-008	3.3622e-008	3.2207e-008	2.7853e-008	2.5396e-008	2.101e-008	1.9453e-008	1.6342e-008	1.456e-008	1.3312e-008	1.0033e-008	7.9979e-009	6.454e-009	5.6538e-009	5.0633e-009	4.5977e-009	4.5537e-009	4.5348e-009	3.9501e-009	4.1214e-009	4.4547e-009	4.2864e-009	4.2511e-009	4.5638e-009	4.6235e-009	4.6656e-009	4.777e-009	4.8874e-009	5.0943e-009	5.6483e-009	6.075e-009	7.9108e-009	1.1647e-008	1.5928e-008	2.269e-008	2.9817e-008	3.492e-008	4.233e-008	5.0449e-008	5.7444e-008	6.3467e-008	6.7132e-008	7.1244e-008	7.7472e-008	8.2422e-008	8.7197e-008	8.8637e-008	9.2455e-008	9.4024e-008	9.4298e-008	9.4263e-008	9.4578e-008	9.4897e-008	9.4884e-008	9.4384e-008	9.2377e-008	9.0744e-008	8.8335e-008	8.5617e-008	8.3355e-008	8.2077e-008	8.0874e-008	7.8791e-008	7.7276e-008	7.5519e-008	6.9941e-008	6.8781e-008	6.6605e-008	6.4877e-008	6.2635e-008	6.1205e-008	5.9385e-008	5.7637e-008	5.5019e-008	5.3366e-008	5.0523e-008	4.7721e-008	4.4882e-008	4.355e-008	4.2252e-008	4.0707e-008	3.8365e-008	3.5253e-008	3.2304e-008	3.063e-008	2.8668e-008	2.6453e-008	2.4485e-008	2.2316e-008	2.0994e-008	1.7818e-008	1.6174e-008	1.4343e-008	1.3045e-008	1.0966e-008	8.1587e-009	6.8864e-009	5.5131e-009	5.281e-009	5.2413e-009	5.3642e-009	4.8468e-009	4.4413e-009	4.7404e-009	5.1394e-009	4.8918e-009	4.9343e-009	5.1758e-009	6.0709e-009	7.9069e-009	1.0169e-008	1.186e-008	1.4699e-008	1.8546e-008	2.4386e-008	3.1029e-008	3.6913e-008	4.2564e-008	4.9156e-008	5.6662e-008	6.2776e-008	6.8226e-008	7.6408e-008	8.1853e-008	8.3123e-008	8.6232e-008	8.8305e-008	8.9715e-008	9.0821e-008	9.2234e-008	9.3601e-008	9.3946e-008	9.424e-008	9.4395e-008	9.3934e-008	9.3201e-008	9.2752e-008	9.0387e-008	8.8105e-008	8.5787e-008	8.4313e-008	8.2256e-008	8.0112e-008	7.8777e-008	7.6685e-008	7.5296e-008	7.3763e-008	7.1255e-008	6.903e-008	6.6063e-008	6.4166e-008	6.0562e-008	5.6437e-008	5.5587e-008	5.3105e-008	5.0493e-008	4.7451e-008	4.451e-008	4.2074e-008	3.9074e-008	3.6426e-008	3.3634e-008	3.0897e-008	2.9656e-008	2.561e-008	2.3576e-008	2.0602e-008	1.9086e-008	1.6537e-008	1.4026e-008	1.2365e-008	9.7561e-009	7.7411e-009	6.5037e-009	5.6249e-009	5.6184e-009	5.1422e-009	4.9718e-009	5.3787e-009	4.8821e-009	5.1421e-009	5.6544e-009	6.2039e-009	6.1326e-009	5.7998e-009	6.2008e-009	6.313e-009	6.8425e-009	6.6701e-009	8.251e-009	9.7707e-009	1.2062e-008	1.4875e-008	1.7756e-008	2.3448e-008	2.9727e-008	3.6311e-008	4.2864e-008	4.828e-008	5.4731e-008	6.0612e-008	6.6624e-008	7.1948e-008	7.7124e-008	7.9704e-008	8.2382e-008	8.6188e-008	8.7541e-008	8.9368e-008	9.1535e-008	9.269e-008	9.2954e-008	9.2898e-008	9.2151e-008	9.1334e-008	9.1768e-008	9.1586e-008	9.066e-008	8.9859e-008	8.7298e-008	8.3768e-008	8.2845e-008	8.0623e-008	7.8662e-008	7.6459e-008	7.5165e-008	7.4851e-008	7.2748e-008	7.1254e-008	6.8733e-008	6.7044e-008	6.4032e-008	6.1164e-008	6.0124e-008	5.6537e-008	5.6353e-008	5.4067e-008	5.2171e-008	4.9108e-008	4.5548e-008	4.4854e-008	4.1115e-008	3.825e-008	3.6484e-008	3.4389e-008	3.0591e-008	2.8804e-008	2.671e-008	2.4389e-008	2.3001e-008	1.9906e-008	1.7185e-008	1.4957e-008	1.3287e-008	1.1001e-008	9.6127e-009	7.9829e-009	6.8626e-009	6.27e-009	6.2038e-009	5.9662e-009	6.2157e-009	6.0407e-009	5.7008e-009	5.8966e-009	6.4532e-009	6.6472e-009	6.3172e-009	6.9169e-009	8.198e-009	1.0759e-008	1.3169e-008	1.5369e-008	2.0095e-008	2.5147e-008	3.004e-008	3.4896e-008	4.1684e-008	4.7736e-008	5.3464e-008	5.9041e-008	6.3366e-008	6.7307e-008	7.1967e-008	7.5974e-008	8.0614e-008	8.4126e-008	8.6e-008	8.7179e-008	8.9532e-008	9.0416e-008	9.0985e-008	9.1114e-008
2.2205e-009	2.5114e-009	2.4319e-009	2.3144e-009	2.6673e-009	3.3384e-009	4.1149e-009	5.1725e-009	7.2982e-009	9.9819e-009	1.3453e-008	1.6304e-008	2.303e-008	2.6959e-008	3.289e-008	3.9299e-008	4.7158e-008	5.4259e-008	6.0988e-008	6.4879e-008	6.9486e-008	7.3944e-008	7.6127e-008	7.9684e-008	8.0969e-008	8.3176e-008	8.5208e-008	8.7365e-008	8.9495e-008	8.9728e-008	8.9948e-008	9.0121e-008	8.8861e-008	8.7133e-008	8.5515e-008	8.2436e-008	8.0499e-008	7.9043e-008	7.6609e-008	7.5484e-008	7.3298e-008	7.2063e-008	7.0679e-008	6.6944e-008	6.4796e-008	6.3046e-008	6.2176e-008	6.1148e-008	5.714e-008	5.5365e-008	5.5347e-008	5.3097e-008	4.932e-008	4.7845e-008	4.5738e-008	4.4592e-008	4.1304e-008	3.9504e-008	3.811e-008	3.3966e-008	3.0573e-008	2.9122e-008	2.7735e-008	2.5177e-008	2.2816e-008	2.0047e-008	1.8603e-008	1.5218e-008	1.3617e-008	1.1406e-008	8.6823e-009	5.5234e-009	4.232e-009	2.8024e-009	2.9311e-009	2.6169e-009	2.4654e-009	2.6789e-009	2.8305e-009	2.5693e-009	2.1299e-009	2.5401e-009	2.214e-009	2.8892e-009	3.3749e-009	3.5296e-009	3.8087e-009	4.299e-009	4.3945e-009	5.8971e-009	8.6192e-009	1.2494e-008	1.6592e-008	2.2817e-008	3.1664e-008	4.0764e-008	4.7487e-008	5.3974e-008	6.0107e-008	6.4383e-008	7.0436e-008	7.5059e-008	8.0036e-008	8.1701e-008	8.5473e-008	8.7542e-008	8.8992e-008	9.0371e-008	9.0861e-008	9.1264e-008	9.1551e-008	9.1115e-008	9.0813e-008	9.0536e-008	9.0001e-008	8.7487e-008	8.6772e-008	8.5198e-008	8.3864e-008	8.2495e-008	8.0438e-008	7.8192e-008	7.5155e-008	7.3062e-008	6.9614e-008	6.7622e-008	6.6574e-008	6.3556e-008	6.2044e-008	6.024e-008	5.7622e-008	5.5886e-008	5.372e-008	5.0591e-008	4.78e-008	4.5328e-008	4.3352e-008	3.8892e-008	3.7461e-008	3.5069e-008	3.2599e-008	3.1126e-008	3.0268e-008	2.7718e-008	2.4022e-008	2.1652e-008	2.0361e-008	1.7157e-008	1.5813e-008	1.1485e-008	9.861e-009	8.1791e-009	6.0196e-009	5.0252e-009	4.3018e-009	3.9724e-009	4.0547e-009	3.8619e-009	3.5397e-009	3.2231e-009	3.6444e-009	3.4695e-009	3.4294e-009	3.6544e-009	3.7162e-009	3.8659e-009	4.8482e-009	6.1294e-009	7.9673e-009	9.9812e-009	1.232e-008	1.688e-008	1.9359e-008	2.3213e-008	2.9921e-008	3.7064e-008	4.4451e-008	5.2504e-008	5.887e-008	6.5033e-008	7.0694e-008	7.4485e-008	7.8376e-008	8.2939e-008	8.7092e-008	9.109e-008	9.3317e-008	9.4525e-008	9.5165e-008	9.6429e-008	9.5965e-008	9.4856e-008	9.4146e-008	9.3513e-008	9.2143e-008	9.0674e-008	8.9919e-008	8.7876e-008	8.5157e-008	8.4681e-008	8.2192e-008	7.747e-008	7.5765e-008	7.4365e-008	7.2252e-008	7.0819e-008	6.8423e-008	6.5791e-008	6.2811e-008	5.9817e-008	5.7323e-008	5.623e-008	5.5279e-008	5.3584e-008	4.9842e-008	4.6846e-008	4.5916e-008	4.2628e-008	3.8526e-008	3.5479e-008	3.364e-008	3.3019e-008	2.9515e-008	2.5804e-008	2.3347e-008	2.0816e-008	1.7493e-008	1.6394e-008	1.4026e-008	1.1401e-008	9.0719e-009	7.8034e-009	6.6284e-009	5.9296e-009	4.7992e-009	4.5451e-009	4.8459e-009	4.6641e-009	4.51e-009	4.5014e-009	4.4546e-009	4.8298e-009	4.6975e-009	4.294e-009	4.4423e-009	4.7044e-009	4.9289e-009	5.018e-009	5.5068e-009	6.8711e-009	7.8915e-009	1.1266e-008	1.5206e-008	2.2488e-008	2.879e-008	3.512e-008	4.1947e-008	4.9572e-008	5.7909e-008	6.411e-008	6.8622e-008	7.2884e-008	7.969e-008	8.3727e-008	8.6624e-008	9.0224e-008	9.2243e-008	9.3518e-008	9.536e-008	9.4566e-008	9.4676e-008	9.507e-008	9.4791e-008	9.3292e-008	9.2162e-008	9.0073e-008	8.7739e-008	8.688e-008	8.4663e-008	8.2445e-008	8.1267e-008	7.8462e-008	7.6299e-008	7.3275e-008	7.0748e-008	6.7665e-008	6.6005e-008	6.4372e-008	6.3537e-008	6.1937e-008	6.0455e-008	5.6933e-008	5.4593e-008	5.2312e-008	5.0639e-008	4.7085e-008	4.4893e-008	4.3682e-008	4.2267e-008	4.0883e-008	3.8077e-008	3.3892e-008	3.2571e-008	3.0404e-008	2.8376e-008	2.5321e-008	2.3318e-008	2.1584e-008	2.0127e-008	1.7387e-008	1.51e-008	1.4118e-008	1.2876e-008	1.1616e-008	9.7429e-009	6.4599e-009	5.7925e-009	5.173e-009	5.1065e-009	5.2507e-009	4.7983e-009	4.4944e-009	4.5024e-009	4.7095e-009	4.9264e-009	4.9455e-009	5.2768e-009	6.0813e-009	7.6775e-009	9.8334e-009	1.2158e-008	1.4816e-008	1.931e-008	2.4373e-008	3.1361e-008	3.6785e-008	4.2835e-008	4.8628e-008	5.5464e-008	6.2863e-008	6.9836e-008	7.628e-008	8.0633e-008	8.4087e-008	8.8395e-008	8.931e-008	9.0193e-008	9.1679e-008	9.3005e-008	9.3759e-008	9.4334e-008	9.4638e-008	9.4524e-008	9.4391e-008	9.3434e-008	9.2547e-008	9.1192e-008	8.9058e-008	8.6515e-008	8.4102e-008	8.273e-008	8.052e-008	7.8893e-008	7.7408e-008	7.6067e-008	7.3663e-008	6.9555e-008	6.7752e-008	6.6045e-008	6.3938e-008	6.1508e-008	5.6904e-008	5.504e-008	5.2706e-008	5.028e-008	4.7462e-008	4.4689e-008	4.1805e-008	3.6175e-008	3.6221e-008	3.4417e-008	3.1533e-008	2.932e-008	2.669e-008	2.3091e-008	2.1263e-008	1.7123e-008	1.6056e-008	1.4174e-008	1.1715e-008	9.5123e-009	7.165e-009	6.2685e-009	6.2813e-009	5.9282e-009	5.0924e-009	4.9653e-009	5.5049e-009	5.3483e-009	5.2381e-009	5.4992e-009	5.8176e-009	5.9777e-009	5.7401e-009	5.9324e-009	6.2468e-009	6.3273e-009	6.627e-009	8.0113e-009	8.8654e-009	1.1757e-008	1.4132e-008	1.6348e-008	2.3467e-008	2.9668e-008	3.5539e-008	4.2403e-008	4.75e-008	5.4235e-008	6.0123e-008	6.6193e-008	7.2543e-008	7.6652e-008	8.0537e-008	8.4235e-008	8.6898e-008	8.8353e-008	9.0091e-008	9.2292e-008	9.294e-008	9.3614e-008	9.3733e-008	9.371e-008	9.4083e-008	9.3263e-008	9.2315e-008	9.1601e-008	8.9285e-008	8.6168e-008	8.4636e-008	8.2953e-008	8.0304e-008	7.8276e-008	7.6373e-008	7.5535e-008	7.4791e-008	7.2939e-008	7.0784e-008	6.7795e-008	6.5552e-008	6.3672e-008	6.2027e-008	6.0432e-008	5.7853e-008	5.6901e-008	5.5084e-008	5.1091e-008	4.913e-008	4.6544e-008	4.4816e-008	4.2175e-008	3.9447e-008	3.6116e-008	3.4228e-008	3.1554e-008	2.869e-008	2.6766e-008	2.4681e-008	2.1612e-008	1.9871e-008	1.6334e-008	1.5372e-008	1.3123e-008	1.0729e-008	8.9681e-009	7.5074e-009	6.8403e-009	6.4116e-009	6.3245e-009	5.6282e-009	5.9668e-009	6.0911e-009	5.7523e-009	5.6086e-009	6.0895e-009	6.5018e-009	6.3782e-009	7.0759e-009	8.7276e-009	9.9616e-009	1.3148e-008	1.6343e-008	2.021e-008	2.4435e-008	3.0122e-008	3.592e-008	4.1187e-008	4.6947e-008	5.2084e-008	5.7776e-008	6.3279e-008	6.673e-008	7.0944e-008	7.8542e-008	8.2398e-008	8.4676e-008	8.5772e-008	8.8498e-008	9.0721e-008	9.0483e-008	9.1025e-008	9.0885e-008
1.858e-009	2.1412e-009	2.6699e-009	2.9632e-009	2.6075e-009	3.153e-009	3.7623e-009	5.8758e-009	7.8964e-009	9.6186e-009	1.1179e-008	1.5707e-008	2.142e-008	2.7503e-008	3.3857e-008	3.9578e-008	4.9468e-008	5.5693e-008	6.0949e-008	6.4374e-008	6.7404e-008	7.1424e-008	7.5556e-008	7.8412e-008	8.1092e-008	8.3186e-008	8.4686e-008	8.7635e-008	8.9484e-008	9.0075e-008	9.1365e-008	9.0505e-008	8.7746e-008	8.6037e-008	8.4716e-008	8.2434e-008	8.04e-008	7.8718e-008	7.6293e-008	7.4519e-008	7.2497e-008	7.089e-008	6.9971e-008	6.8255e-008	6.4944e-008	6.3299e-008	6.2409e-008	6.0814e-008	5.8657e-008	5.7163e-008	5.5885e-008	5.3629e-008	4.8237e-008	4.775e-008	4.5766e-008	4.4406e-008	4.2242e-008	3.8601e-008	3.6063e-008	3.4348e-008	3.204e-008	2.8892e-008	2.8056e-008	2.6326e-008	2.3285e-008	2.0805e-008	1.876e-008	1.5273e-008	1.3455e-008	1.1469e-008	8.7498e-009	7.2181e-009	4.7528e-009	3.7842e-009	2.9866e-009	2.4846e-009	2.8894e-009	3.3321e-009	3.1828e-009	2.0945e-009	1.7917e-009	2.191e-009	2.3706e-009	3.1954e-009	2.6143e-009	3.2241e-009	3.6921e-009	3.8989e-009	4.9391e-009	6.1753e-009	9.7941e-009	1.2923e-008	1.5862e-008	2.3342e-008	3.2241e-008	4.0874e-008	4.8049e-008	5.4476e-008	5.9764e-008	6.4736e-008	7.0263e-008	7.6066e-008	7.8961e-008	8.2323e-008	8.5528e-008	8.7093e-008	8.9435e-008	9.0286e-008	9.0831e-008	9.0917e-008	9.1207e-008	9.1323e-008	9.1097e-008	9.0994e-008	9.0189e-008	8.834e-008	8.742e-008	8.591e-008	8.4327e-008	8.2859e-008	7.9832e-008	7.8518e-008	7.6404e-008	7.3127e-008	6.8789e-008	6.8674e-008	6.6825e-008	6.3591e-008	6.2765e-008	5.9511e-008	5.7645e-008	5.5992e-008	5.2337e-008	4.971e-008	4.7463e-008	4.5916e-008	4.3952e-008	4.1225e-008	3.7771e-008	3.5013e-008	3.3818e-008	3.2177e-008	3.0173e-008	2.6525e-008	2.4266e-008	2.2897e-008	2.0642e-008	1.8048e-008	1.5549e-008	1.3983e-008	1.0568e-008	8.5335e-009	6.3548e-009	5.5778e-009	4.3428e-009	3.7864e-009	3.696e-009	3.3417e-009	3.2527e-009	3.0722e-009	3.7525e-009	3.3819e-009	3.3128e-009	3.7101e-009	4.0584e-009	4.4673e-009	4.8755e-009	6.5855e-009	8.6114e-009	1.0198e-008	1.3521e-008	1.6578e-008	2.2784e-008	2.6403e-008	3.0528e-008	3.6959e-008	4.4837e-008	5.3015e-008	5.792e-008	6.3866e-008	6.8602e-008	7.3287e-008	7.7969e-008	8.1823e-008	8.6454e-008	9.0237e-008	9.3086e-008	9.3734e-008	9.5311e-008	9.5695e-008	9.4566e-008	9.4249e-008	9.3901e-008	9.3201e-008	9.2132e-008	9.0831e-008	9.0122e-008	8.8872e-008	8.7636e-008	8.6478e-008	8.0659e-008	7.8817e-008	7.6073e-008	7.527e-008	7.3973e-008	6.994e-008	6.9207e-008	6.6731e-008	6.4118e-008	6.0204e-008	5.8324e-008	5.6625e-008	5.4043e-008	5.3269e-008	5.1954e-008	4.7625e-008	4.6311e-008	3.9534e-008	3.9069e-008	3.7345e-008	3.5089e-008	3.3352e-008	2.9192e-008	2.7074e-008	2.4187e-008	2.1759e-008	1.8775e-008	1.6539e-008	1.3163e-008	1.1798e-008	9.6135e-009	7.4591e-009	6.8468e-009	6.0562e-009	5.9535e-009	6.2488e-009	4.8374e-009	4.6295e-009	4.549e-009	4.0524e-009	4.1712e-009	4.8691e-009	3.8542e-009	4.0491e-009	4.6079e-009	4.9346e-009	5.1357e-009	5.5371e-009	5.827e-009	7.1192e-009	8.9165e-009	1.1792e-008	1.6198e-008	2.135e-008	2.9044e-008	3.4957e-008	4.081e-008	4.9608e-008	5.8165e-008	6.4236e-008	6.8056e-008	7.4917e-008	7.9423e-008	8.329e-008	8.6034e-008	9.0151e-008	9.2159e-008	9.4208e-008	9.5472e-008	9.5752e-008	9.4568e-008	9.4589e-008	9.4193e-008	9.2921e-008	9.1956e-008	9.0192e-008	8.8565e-008	8.809e-008	8.4456e-008	8.1957e-008	8.0187e-008	7.8708e-008	7.584e-008	7.3076e-008	7.0962e-008	6.9174e-008	6.6542e-008	6.4935e-008	6.4212e-008	6.2332e-008	6.1203e-008	5.6476e-008	5.5182e-008	5.2924e-008	5.0271e-008	4.5737e-008	4.4596e-008	4.3808e-008	4.2656e-008	4.1322e-008	3.8693e-008	3.5461e-008	3.4048e-008	2.9488e-008	2.7095e-008	2.5051e-008	2.3081e-008	2.1011e-008	1.9261e-008	1.8201e-008	1.6478e-008	1.4173e-008	1.2035e-008	1.111e-008	7.692e-009	6.7897e-009	5.7893e-009	5.1616e-009	4.8507e-009	4.7238e-009	4.7156e-009	4.7181e-009	4.5239e-009	4.846e-009	4.8702e-009	5.3768e-009	5.0953e-009	5.848e-009	8.1621e-009	1.0321e-008	1.2754e-008	1.5984e-008	1.937e-008	2.4925e-008	3.2627e-008	3.8528e-008	4.2385e-008	4.9214e-008	5.5614e-008	6.1074e-008	7.0594e-008	7.6305e-008	7.9448e-008	8.2459e-008	8.7383e-008	8.9701e-008	9.0864e-008	9.2267e-008	9.3158e-008	9.4315e-008	9.4915e-008	9.4666e-008	9.5006e-008	9.487e-008	9.4097e-008	9.2804e-008	9.1105e-008	8.8603e-008	8.6917e-008	8.4216e-008	8.2476e-008	8.0492e-008	7.8315e-008	7.6987e-008	7.5707e-008	7.4132e-008	7.0456e-008	6.6647e-008	6.515e-008	6.3419e-008	6.2194e-008	5.7372e-008	5.5168e-008	5.2888e-008	4.8111e-008	4.6622e-008	4.5451e-008	4.2489e-008	4.0169e-008	3.7376e-008	3.4623e-008	2.9532e-008	2.8609e-008	2.5234e-008	2.4399e-008	2.0967e-008	1.7654e-008	1.6701e-008	1.397e-008	1.1536e-008	8.6762e-009	7.101e-009	6.4354e-009	6.3459e-009	5.668e-009	5.1341e-009	5.0086e-009	5.3313e-009	5.5179e-009	5.2841e-009	5.9366e-009	5.9883e-009	6.3776e-009	6.1735e-009	5.7389e-009	5.8746e-009	7.1568e-009	7.0675e-009	8.2296e-009	9.9447e-009	1.2599e-008	1.4831e-008	1.8028e-008	2.3522e-008	2.9866e-008	3.5671e-008	4.3083e-008	4.9004e-008	5.4799e-008	6.1071e-008	6.7061e-008	7.1901e-008	7.5619e-008	8.1141e-008	8.5696e-008	8.7647e-008	8.9513e-008	9.1168e-008	9.2631e-008	9.3309e-008	9.3745e-008	9.4215e-008	9.4052e-008	9.4311e-008	9.4372e-008	9.2995e-008	9.1641e-008	8.93e-008	8.6859e-008	8.528e-008	8.1441e-008	8.0421e-008	7.8149e-008	7.7453e-008	7.5824e-008	7.4396e-008	7.3697e-008	6.9348e-008	6.7891e-008	6.6067e-008	6.3344e-008	6.1839e-008	6.0227e-008	5.8811e-008	5.7468e-008	5.569e-008	5.2858e-008	4.8171e-008	4.7036e-008	4.4555e-008	4.3004e-008	4.0419e-008	3.6268e-008	3.2357e-008	3.1607e-008	2.9819e-008	2.7873e-008	2.5458e-008	2.3049e-008	1.9355e-008	1.7158e-008	1.467e-008	1.2478e-008	1.0529e-008	8.1676e-009	7.2602e-009	6.6247e-009	6.1225e-009	6.1598e-009	5.915e-009	6.2568e-009	6.5091e-009	6.0201e-009	5.7309e-009	5.5144e-009	6.1504e-009	6.4236e-009	7.4983e-009	8.7246e-009	1.049e-008	1.3526e-008	1.6076e-008	2.0174e-008	2.5021e-008	3.1238e-008	3.7492e-008	4.2773e-008	4.8582e-008	5.297e-008	5.7311e-008	6.2222e-008	6.7156e-008	7.2781e-008	7.8674e-008	8.237e-008	8.5416e-008	8.8055e-008	8.951e-008	9.1279e-008	9.1749e-008	9.1883e-008	9.1317e-008
1.3958e-009	2.1965e-009	2.7245e-009	2.6422e-009	2.3043e-009	2.7971e-009	3.5805e-009	5.7035e-009	7.7376e-009	9.6213e-009	1.2697e-008	1.5947e-008	2.193e-008	2.7131e-008	3.3548e-008	4.0198e-008	4.6532e-008	5.6037e-008	5.9788e-008	6.4542e-008	6.6422e-008	7.1629e-008	7.544e-008	7.92e-008	8.1675e-008	8.3137e-008	8.5006e-008	8.6821e-008	8.7969e-008	8.9927e-008	8.9906e-008	8.8753e-008	8.7316e-008	8.5904e-008	8.4228e-008	8.2245e-008	8.0054e-008	7.7483e-008	7.5507e-008	7.3207e-008	7.2048e-008	7.0284e-008	6.9122e-008	6.7224e-008	6.4215e-008	6.4014e-008	6.1381e-008	6.0037e-008	5.79e-008	5.7015e-008	5.5548e-008	5.3752e-008	5.1327e-008	4.7868e-008	4.5932e-008	4.4088e-008	4.2497e-008	3.8836e-008	3.5901e-008	3.3756e-008	3.1777e-008	2.9218e-008	2.831e-008	2.5493e-008	2.3648e-008	2.0611e-008	1.8734e-008	1.6538e-008	1.4095e-008	1.1862e-008	8.5946e-009	7.2795e-009	5.6903e-009	4.5581e-009	3.9934e-009	3.1601e-009	2.6643e-009	3.0855e-009	2.8741e-009	2.5311e-009	2.2068e-009	2.2851e-009	2.6382e-009	3.1693e-009	3.4999e-009	3.4733e-009	3.6909e-009	4.2784e-009	5.9402e-009	7.7474e-009	1.0938e-008	1.4688e-008	1.8686e-008	2.4089e-008	3.2282e-008	4.2309e-008	4.9833e-008	5.5555e-008	5.8599e-008	6.313e-008	6.9266e-008	7.5428e-008	7.822e-008	8.0301e-008	8.4089e-008	8.7414e-008	8.865e-008	8.9252e-008	9.0612e-008	9.1398e-008	9.1566e-008	9.1249e-008	9.1013e-008	9.1161e-008	9.0392e-008	8.9818e-008	8.8338e-008	8.5685e-008	8.4023e-008	8.2514e-008	8.0971e-008	7.8463e-008	7.624e-008	7.1954e-008	7.0497e-008	6.8838e-008	6.7588e-008	6.4639e-008	6.1837e-008	5.9649e-008	5.7352e-008	5.5382e-008	5.0836e-008	4.9417e-008	4.7704e-008	4.6061e-008	4.3905e-008	4.05e-008	3.8048e-008	3.5716e-008	3.4259e-008	3.2227e-008	2.9514e-008	2.6213e-008	2.4173e-008	2.319e-008	2.0786e-008	1.8662e-008	1.6271e-008	1.4201e-008	1.1067e-008	7.4938e-009	6.9132e-009	5.7215e-009	4.832e-009	4.3241e-009	3.4821e-009	3.0289e-009	3.0414e-009	3.4492e-009	3.8474e-009	3.7972e-009	3.2897e-009	3.3681e-009	3.924e-009	4.5794e-009	5.0698e-009	6.5096e-009	8.6839e-009	1.0568e-008	1.3944e-008	1.7762e-008	2.1493e-008	2.7487e-008	3.1805e-008	3.7992e-008	4.2948e-008	5.3164e-008	5.7651e-008	6.3959e-008	6.819e-008	7.4309e-008	7.8247e-008	8.2e-008	8.7202e-008	9.0885e-008	9.2469e-008	9.3129e-008	9.4199e-008	9.4783e-008	9.4342e-008	9.478e-008	9.4367e-008	9.373e-008	9.2789e-008	9.1397e-008	8.9746e-008	8.8429e-008	8.7028e-008	8.4469e-008	7.9026e-008	7.798e-008	7.5618e-008	7.477e-008	7.4004e-008	7.0832e-008	6.9178e-008	6.673e-008	6.5878e-008	6.1401e-008	5.7911e-008	5.6505e-008	5.5053e-008	5.3047e-008	5.1166e-008	4.9028e-008	4.6485e-008	4.3897e-008	4.0287e-008	3.8444e-008	3.5848e-008	3.3844e-008	3.1413e-008	2.7359e-008	2.5016e-008	2.0934e-008	1.8971e-008	1.7008e-008	1.5153e-008	1.2601e-008	1.1198e-008	9.144e-009	7.094e-009	6.0365e-009	5.5984e-009	5.2154e-009	4.1795e-009	3.9972e-009	3.6514e-009	3.7135e-009	3.8777e-009	4.4029e-009	4.0031e-009	3.3552e-009	4.1636e-009	4.407e-009	4.5905e-009	5.3236e-009	5.5331e-009	6.8623e-009	8.9608e-009	1.1449e-008	1.6428e-008	2.1943e-008	2.8864e-008	3.502e-008	4.1707e-008	4.8395e-008	5.6786e-008	6.2569e-008	6.8357e-008	7.4625e-008	7.928e-008	8.3247e-008	8.5984e-008	8.9426e-008	9.132e-008	9.2644e-008	9.5072e-008	9.5507e-008	9.4542e-008	9.3912e-008	9.3419e-008	9.248e-008	9.1048e-008	8.955e-008	8.8398e-008	8.8022e-008	8.4669e-008	8.2919e-008	8.2403e-008	7.7736e-008	7.5997e-008	7.2121e-008	7.069e-008	6.9229e-008	6.8114e-008	6.5803e-008	6.4032e-008	6.2676e-008	5.787e-008	5.6038e-008	5.5537e-008	5.4239e-008	5.2414e-008	4.9325e-008	4.3907e-008	4.2845e-008	4.1828e-008	3.9557e-008	3.8194e-008	3.5415e-008	3.2417e-008	2.8222e-008	2.7381e-008	2.4838e-008	2.2417e-008	2.1241e-008	1.9757e-008	1.8023e-008	1.5837e-008	1.3035e-008	1.0987e-008	9.3915e-009	7.4866e-009	6.0095e-009	5.8894e-009	4.9462e-009	4.7412e-009	4.4741e-009	4.0916e-009	4.4834e-009	3.9792e-009	4.1476e-009	4.7839e-009	5.3254e-009	5.3346e-009	5.8294e-009	8.0003e-009	1.0378e-008	1.3173e-008	1.6009e-008	2.0819e-008	2.5732e-008	3.2419e-008	3.6789e-008	4.2173e-008	4.9898e-008	5.4431e-008	5.9981e-008	6.4843e-008	7.4783e-008	7.8722e-008	8.4159e-008	8.6232e-008	8.9889e-008	9.0661e-008	9.2361e-008	9.3663e-008	9.421e-008	9.5703e-008	9.5367e-008	9.51e-008	9.4836e-008	9.3428e-008	9.1895e-008	9.0434e-008	8.8669e-008	8.6072e-008	8.4374e-008	8.2068e-008	8.1164e-008	7.8281e-008	7.7096e-008	7.5497e-008	7.3316e-008	6.7274e-008	6.6586e-008	6.4225e-008	6.3132e-008	6.1345e-008	5.9597e-008	5.5196e-008	5.2206e-008	4.9869e-008	4.7712e-008	4.5519e-008	4.1759e-008	3.899e-008	3.7664e-008	3.5343e-008	3.0324e-008	2.8329e-008	2.697e-008	2.3826e-008	2.0916e-008	1.8891e-008	1.6802e-008	1.3213e-008	1.0427e-008	7.9904e-009	6.5954e-009	6.1939e-009	5.948e-009	5.586e-009	4.8728e-009	4.7317e-009	4.9274e-009	5.1885e-009	5.4221e-009	6.1153e-009	5.7334e-009	6.2186e-009	6.0102e-009	6.0253e-009	6.0078e-009	6.2413e-009	6.4014e-009	7.3924e-009	9.1519e-009	1.1393e-008	1.393e-008	1.7272e-008	2.2425e-008	2.945e-008	3.5535e-008	4.2994e-008	4.9449e-008	5.4163e-008	5.9928e-008	6.6035e-008	7.1925e-008	7.7683e-008	8.1947e-008	8.5964e-008	8.7965e-008	9.0659e-008	9.1378e-008	9.1903e-008	9.4178e-008	9.4452e-008	9.4898e-008	9.4689e-008	9.5029e-008	9.4762e-008	9.3467e-008	9.2203e-008	8.8925e-008	8.7088e-008	8.5768e-008	8.3759e-008	8.1634e-008	7.9667e-008	7.8042e-008	7.621e-008	7.4489e-008	7.0826e-008	6.8887e-008	6.7925e-008	6.5732e-008	6.309e-008	6.1358e-008	5.9989e-008	5.8982e-008	5.6341e-008	5.4611e-008	5.3127e-008	4.9598e-008	4.7143e-008	4.4122e-008	4.2789e-008	3.9069e-008	3.7885e-008	3.4421e-008	3.1582e-008	2.9646e-008	2.7523e-008	2.3988e-008	2.2816e-008	1.9842e-008	1.6353e-008	1.4577e-008	1.2391e-008	1.1094e-008	8.4293e-009	7.2818e-009	6.4729e-009	5.6807e-009	6.1286e-009	5.6687e-009	6.116e-009	6.0681e-009	6.2312e-009	5.7741e-009	5.9039e-009	6.288e-009	6.3095e-009	7.0789e-009	8.1004e-009	1.054e-008	1.2462e-008	1.6822e-008	2.0092e-008	2.4842e-008	3.0442e-008	3.8071e-008	4.4073e-008	4.7431e-008	5.3952e-008	5.7975e-008	6.1488e-008	6.8135e-008	7.3313e-008	7.9395e-008	8.2195e-008	8.5229e-008	8.8381e-008	8.9741e-008	9.115e-008	9.1961e-008	9.1857e-008	9.1923e-008
1.2174e-009	2.0171e-009	2.5071e-009	2.2757e-009	1.8599e-009	2.605e-009	3.4305e-009	4.9228e-009	7.777e-009	9.2446e-009	1.2755e-008	1.721e-008	2.3204e-008	2.887e-008	3.4439e-008	3.9807e-008	4.7776e-008	5.4253e-008	6.007e-008	6.4575e-008	6.7034e-008	7.1827e-008	7.5094e-008	7.8682e-008	8.1297e-008	8.2714e-008	8.5016e-008	8.6246e-008	8.7939e-008	8.8764e-008	8.8859e-008	8.8421e-008	8.76e-008	8.6286e-008	8.3886e-008	8.2022e-008	7.8542e-008	7.7203e-008	7.4781e-008	7.2688e-008	7.142e-008	7.0275e-008	6.9173e-008	6.7721e-008	6.617e-008	6.3378e-008	6.0415e-008	5.8949e-008	5.7498e-008	5.6377e-008	5.4748e-008	5.3159e-008	4.9397e-008	4.7659e-008	4.5346e-008	4.3702e-008	4.0947e-008	3.7699e-008	3.5274e-008	3.3338e-008	3.1763e-008	3.0408e-008	2.6852e-008	2.5621e-008	2.3775e-008	2.1259e-008	1.9301e-008	1.698e-008	1.4492e-008	1.2759e-008	9.5482e-009	7.2039e-009	5.7602e-009	4.7752e-009	4.3261e-009	3.0993e-009	2.5039e-009	2.0038e-009	1.869e-009	2.2901e-009	2.7106e-009	2.5522e-009	2.1539e-009	2.301e-009	2.8267e-009	3.3903e-009	4.2324e-009	4.9607e-009	6.746e-009	8.8722e-009	1.2235e-008	1.6364e-008	2.0856e-008	2.5599e-008	3.3237e-008	4.3724e-008	5.1652e-008	5.6385e-008	6.1408e-008	6.4186e-008	6.8598e-008	7.4055e-008	7.7124e-008	8.1409e-008	8.2947e-008	8.6046e-008	8.7982e-008	8.9393e-008	9.0631e-008	9.1256e-008	9.1596e-008	9.1492e-008	9.1308e-008	9.1094e-008	9.0549e-008	9.0398e-008	8.8469e-008	8.7396e-008	8.6007e-008	8.3557e-008	8.123e-008	7.8166e-008	7.598e-008	7.4433e-008	7.1142e-008	6.9683e-008	6.6522e-008	6.3807e-008	6.0757e-008	5.9067e-008	5.7579e-008	5.5936e-008	5.3255e-008	4.8107e-008	4.7084e-008	4.5442e-008	4.3221e-008	4.0246e-008	3.7682e-008	3.6859e-008	3.3988e-008	3.1547e-008	2.9548e-008	2.7009e-008	2.492e-008	2.3416e-008	2.0141e-008	1.8362e-008	1.6766e-008	1.5115e-008	1.2802e-008	9.6674e-009	7.0618e-009	5.8399e-009	4.5348e-009	3.8273e-009	3.3726e-009	3.1214e-009	2.739e-009	2.7357e-009	3.0493e-009	3.3382e-009	3.47e-009	3.3152e-009	3.8579e-009	4.4489e-009	5.6245e-009	6.1124e-009	8.9189e-009	1.128e-008	1.4009e-008	1.7124e-008	2.2745e-008	2.7394e-008	3.2059e-008	3.7675e-008	4.4077e-008	5.2027e-008	5.7035e-008	6.0364e-008	6.4854e-008	7.4346e-008	7.8473e-008	8.1658e-008	8.7023e-008	9.041e-008	9.1892e-008	9.2683e-008	9.3441e-008	9.392e-008	9.3984e-008	9.4882e-008	9.4701e-008	9.3672e-008	9.236e-008	9.0652e-008	8.8425e-008	8.7125e-008	8.6041e-008	8.4337e-008	7.8265e-008	7.7973e-008	7.5978e-008	7.4624e-008	7.3239e-008	7.0906e-008	6.9881e-008	6.792e-008	6.7063e-008	6.4093e-008	5.9234e-008	5.7558e-008	5.5178e-008	5.27e-008	5.0246e-008	4.8602e-008	4.605e-008	4.3079e-008	4.1039e-008	3.7854e-008	3.5347e-008	3.3534e-008	3.1277e-008	2.8765e-008	2.2747e-008	2.1095e-008	1.9793e-008	1.6058e-008	1.4766e-008	1.3403e-008	1.1269e-008	9.0818e-009	7.5933e-009	6.0695e-009	5.4125e-009	5.3151e-009	4.8794e-009	4.6749e-009	3.7828e-009	3.3524e-009	3.3751e-009	3.9916e-009	4.4793e-009	4.5889e-009	4.7401e-009	4.1966e-009	4.2856e-009	4.5064e-009	5.5784e-009	7.0858e-009	9.4117e-009	1.2158e-008	1.6927e-008	2.1661e-008	2.802e-008	3.1691e-008	4.0313e-008	4.6622e-008	5.6488e-008	6.2334e-008	6.8074e-008	7.1644e-008	7.7587e-008	8.2161e-008	8.5226e-008	8.7934e-008	9.126e-008	9.2476e-008	9.4407e-008	9.4434e-008	9.4059e-008	9.3464e-008	9.2758e-008	9.1948e-008	9.0687e-008	8.9343e-008	8.8271e-008	8.7368e-008	8.5089e-008	8.3432e-008	8.1541e-008	7.7343e-008	7.597e-008	7.2633e-008	7.0777e-008	6.9244e-008	6.7979e-008	6.5124e-008	6.3679e-008	6.1915e-008	5.9721e-008	5.7007e-008	5.5493e-008	5.4498e-008	5.1273e-008	4.9609e-008	4.628e-008	4.4565e-008	4.0969e-008	3.9137e-008	3.6501e-008	3.421e-008	3.1553e-008	2.9184e-008	2.698e-008	2.4761e-008	2.2329e-008	2.041e-008	1.8927e-008	1.6868e-008	1.4624e-008	1.3104e-008	1.0797e-008	9.2989e-009	7.5108e-009	5.9633e-009	5.7305e-009	4.7614e-009	4.4625e-009	4.216e-009	3.6174e-009	3.8047e-009	4.2521e-009	3.6532e-009	4.3942e-009	4.8743e-009	5.2356e-009	5.7791e-009	7.7001e-009	9.4966e-009	1.2411e-008	1.5612e-008	2.0735e-008	2.5121e-008	3.2616e-008	3.6435e-008	4.3322e-008	5.0592e-008	5.6633e-008	6.1009e-008	6.6735e-008	7.3513e-008	7.7737e-008	8.0975e-008	8.288e-008	8.9438e-008	9.1052e-008	9.2967e-008	9.3904e-008	9.4555e-008	9.5919e-008	9.5393e-008	9.5089e-008	9.4116e-008	9.2645e-008	9.1989e-008	9.0232e-008	8.9064e-008	8.6314e-008	8.4973e-008	8.2728e-008	8.0583e-008	7.8575e-008	7.7312e-008	7.5045e-008	7.3456e-008	6.9623e-008	6.6503e-008	6.4745e-008	6.2591e-008	6.039e-008	5.9237e-008	5.3994e-008	5.1549e-008	5.0495e-008	4.7503e-008	4.4673e-008	4.2852e-008	3.9651e-008	3.7785e-008	3.5058e-008	3.2093e-008	2.9006e-008	2.651e-008	2.2259e-008	2.0614e-008	1.8126e-008	1.6065e-008	1.2233e-008	9.9644e-009	8.2161e-009	6.6883e-009	5.5604e-009	5.3907e-009	5.3503e-009	5.5877e-009	5.3879e-009	4.4378e-009	4.8282e-009	5.025e-009	5.6815e-009	5.2255e-009	4.9675e-009	5.0754e-009	5.5907e-009	5.9549e-009	5.8185e-009	6.4503e-009	6.9158e-009	7.8647e-009	1.096e-008	1.3227e-008	1.6962e-008	2.1429e-008	2.7807e-008	3.4643e-008	4.176e-008	4.8856e-008	5.4447e-008	5.9297e-008	6.5725e-008	7.1971e-008	7.7558e-008	8.2599e-008	8.575e-008	8.882e-008	9.0885e-008	9.2674e-008	9.2274e-008	9.4141e-008	9.4305e-008	9.4836e-008	9.4521e-008	9.4469e-008	9.3816e-008	9.3563e-008	9.2249e-008	8.9515e-008	8.7994e-008	8.5915e-008	8.3856e-008	8.2565e-008	7.984e-008	7.7899e-008	7.6314e-008	7.4877e-008	7.2387e-008	7.043e-008	6.7021e-008	6.6114e-008	6.3752e-008	6.3085e-008	6.155e-008	5.9938e-008	5.8281e-008	5.59e-008	5.2563e-008	4.9398e-008	4.6972e-008	4.4438e-008	4.163e-008	3.9899e-008	3.6559e-008	3.2068e-008	3.1299e-008	2.8008e-008	2.6422e-008	2.4463e-008	2.2728e-008	1.8939e-008	1.6864e-008	1.4191e-008	1.3217e-008	1.1179e-008	9.3215e-009	6.7725e-009	6.5269e-009	5.992e-009	5.8826e-009	5.8421e-009	6.409e-009	6.1692e-009	6.2637e-009	6.2397e-009	5.7467e-009	6.0347e-009	6.5597e-009	7.2527e-009	8.3515e-009	9.9585e-009	1.1784e-008	1.62e-008	2.0504e-008	2.5566e-008	3.2356e-008	3.8582e-008	4.385e-008	4.9459e-008	5.4113e-008	5.9164e-008	6.5959e-008	6.8752e-008	7.1894e-008	7.8257e-008	8.2252e-008	8.4989e-008	8.8225e-008	8.94e-008	9.0559e-008	9.1525e-008	9.1684e-008	9.1984e-008
1.5866e-009	1.9852e-009	2.5233e-009	2.4976e-009	2.0855e-009	2.8916e-009	3.5409e-009	5.3196e-009	8.0478e-009	1.0454e-008	1.3861e-008	1.7416e-008	2.4033e-008	2.9371e-008	3.5608e-008	4.0876e-008	4.711e-008	5.3989e-008	6.0279e-008	6.3745e-008	6.6054e-008	7.2052e-008	7.5778e-008	7.8994e-008	8.177e-008	8.4815e-008	8.6478e-008	8.7278e-008	8.8262e-008	8.8902e-008	8.9258e-008	8.87e-008	8.7599e-008	8.5778e-008	8.3323e-008	8.1573e-008	7.9466e-008	7.746e-008	7.4689e-008	7.2203e-008	7.1293e-008	7.0433e-008	6.8908e-008	6.7163e-008	6.6394e-008	6.3152e-008	6.1034e-008	5.9312e-008	5.738e-008	5.6001e-008	5.3982e-008	5.2173e-008	4.9983e-008	4.7851e-008	4.5225e-008	4.3586e-008	4.1498e-008	3.9518e-008	3.6027e-008	3.43e-008	3.1988e-008	3.0437e-008	2.8235e-008	2.6028e-008	2.3855e-008	2.1886e-008	1.9767e-008	1.7356e-008	1.539e-008	1.3417e-008	1.0461e-008	8.2872e-009	6.7864e-009	5.1321e-009	4.2226e-009	2.9537e-009	2.6957e-009	2.2242e-009	2.1862e-009	2.0674e-009	2.82e-009	3.213e-009	2.8427e-009	3.1866e-009	2.8618e-009	3.8496e-009	5.2971e-009	6.4291e-009	7.6977e-009	1.1163e-008	1.3162e-008	1.7018e-008	2.1354e-008	2.6552e-008	3.497e-008	4.5629e-008	5.2934e-008	5.8536e-008	6.183e-008	6.5603e-008	7.1318e-008	7.3508e-008	7.7435e-008	8.1497e-008	8.2872e-008	8.6358e-008	8.821e-008	8.9219e-008	9.1041e-008	9.1626e-008	9.2009e-008	9.1391e-008	9.1228e-008	9.1045e-008	9.0979e-008	9.0975e-008	8.9711e-008	8.7453e-008	8.5804e-008	8.0574e-008	7.8814e-008	7.7258e-008	7.6029e-008	7.2139e-008	7.1194e-008	7.0186e-008	6.713e-008	6.3384e-008	6.0076e-008	5.9503e-008	5.77e-008	5.5705e-008	5.3764e-008	4.956e-008	4.7004e-008	4.5343e-008	4.4082e-008	4.1547e-008	3.899e-008	3.6791e-008	3.4377e-008	3.2173e-008	3.016e-008	2.7013e-008	2.4917e-008	2.3715e-008	2.2433e-008	1.9518e-008	1.7416e-008	1.4491e-008	1.3e-008	1.1026e-008	9.1677e-009	6.0108e-009	5.3174e-009	4.459e-009	3.7495e-009	3.3976e-009	3.2464e-009	3.1858e-009	3.0307e-009	3.654e-009	4.0206e-009	3.7621e-009	4.2112e-009	5.1699e-009	6.1848e-009	7.1248e-009	9.0781e-009	1.1788e-008	1.3908e-008	1.6925e-008	2.2039e-008	2.6892e-008	3.2605e-008	3.8664e-008	4.5699e-008	5.2463e-008	5.8143e-008	6.1827e-008	6.9206e-008	7.5882e-008	7.8799e-008	8.2218e-008	8.7509e-008	8.9241e-008	9.184e-008	9.391e-008	9.4079e-008	9.3772e-008	9.3505e-008	9.5104e-008	9.4955e-008	9.3998e-008	9.1751e-008	9.1163e-008	8.8611e-008	8.6487e-008	8.5617e-008	8.4237e-008	7.9032e-008	7.7609e-008	7.6122e-008	7.4134e-008	7.3377e-008	7.2472e-008	6.9968e-008	6.83e-008	6.713e-008	6.3956e-008	6.0962e-008	5.7331e-008	5.4611e-008	5.3152e-008	5.1458e-008	4.9308e-008	4.7687e-008	4.4176e-008	4.1543e-008	3.7515e-008	3.5278e-008	3.3191e-008	3.1675e-008	2.8555e-008	2.474e-008	2.2863e-008	2.073e-008	1.8346e-008	1.5375e-008	1.3849e-008	1.225e-008	9.9389e-009	7.8219e-009	6.0085e-009	5.6753e-009	5.1016e-009	4.8056e-009	4.4901e-009	4.2156e-009	3.7663e-009	3.7963e-009	4.0291e-009	4.9989e-009	4.9574e-009	4.7092e-009	4.4603e-009	4.7055e-009	5.4666e-009	6.0597e-009	7.6138e-009	9.49e-009	1.1308e-008	1.6469e-008	2.2944e-008	2.7532e-008	3.1612e-008	3.9418e-008	4.7685e-008	5.6335e-008	6.2203e-008	6.6789e-008	7.1079e-008	7.8289e-008	8.1276e-008	8.566e-008	8.7006e-008	8.9266e-008	9.1769e-008	9.3082e-008	9.3749e-008	9.3835e-008	9.3865e-008	9.2519e-008	9.1286e-008	8.9837e-008	8.9171e-008	8.7546e-008	8.7245e-008	8.4844e-008	8.308e-008	8.0692e-008	7.8896e-008	7.5909e-008	7.3285e-008	7.0795e-008	6.8794e-008	6.8797e-008	6.4814e-008	6.2398e-008	6.0853e-008	5.846e-008	5.6037e-008	5.5208e-008	5.3251e-008	5.0405e-008	4.8744e-008	4.6307e-008	4.3917e-008	4.0439e-008	3.8944e-008	3.5689e-008	3.3031e-008	3.0615e-008	2.8824e-008	2.6915e-008	2.4157e-008	2.1969e-008	2.0393e-008	1.8307e-008	1.6467e-008	1.4122e-008	1.2466e-008	1.0099e-008	8.803e-009	6.8096e-009	6.4427e-009	5.6479e-009	4.8038e-009	4.8806e-009	5.0778e-009	4.655e-009	4.0136e-009	4.3055e-009	3.8591e-009	4.252e-009	4.8951e-009	5.0961e-009	5.8638e-009	7.2648e-009	9.7884e-009	1.2247e-008	1.5567e-008	2.0291e-008	2.7184e-008	3.39e-008	3.8728e-008	4.6113e-008	5.3693e-008	5.8347e-008	6.3317e-008	6.7095e-008	7.0307e-008	7.5925e-008	8.2212e-008	8.3891e-008	8.808e-008	9.0693e-008	9.2605e-008	9.4199e-008	9.489e-008	9.537e-008	9.5618e-008	9.4943e-008	9.4117e-008	9.3085e-008	9.2504e-008	9.0551e-008	8.9069e-008	8.6239e-008	8.4421e-008	8.2516e-008	8.105e-008	7.7946e-008	7.7175e-008	7.3868e-008	7.0594e-008	6.7627e-008	6.609e-008	6.4204e-008	6.2041e-008	6.0214e-008	5.9111e-008	5.4498e-008	5.2459e-008	4.9998e-008	4.8588e-008	4.5369e-008	4.0871e-008	3.9819e-008	3.7848e-008	3.6099e-008	3.1876e-008	3.0695e-008	2.675e-008	2.1525e-008	2.0376e-008	1.8508e-008	1.4618e-008	1.2167e-008	1.0346e-008	8.229e-009	6.7223e-009	5.7087e-009	5.1771e-009	5.1296e-009	5.7528e-009	4.7718e-009	3.6643e-009	4.8634e-009	5.0033e-009	5.0067e-009	4.9086e-009	4.8286e-009	5.0375e-009	5.7838e-009	6.041e-009	5.8239e-009	6.4687e-009	7.179e-009	8.244e-009	1.007e-008	1.3611e-008	1.6771e-008	2.2509e-008	2.776e-008	3.2468e-008	4.0252e-008	4.8602e-008	5.4584e-008	5.9269e-008	6.456e-008	7.1875e-008	7.8117e-008	8.2816e-008	8.6041e-008	8.9925e-008	9.1376e-008	9.3197e-008	9.4093e-008	9.3909e-008	9.4388e-008	9.4938e-008	9.4729e-008	9.4549e-008	9.406e-008	9.337e-008	9.2256e-008	9.0888e-008	8.9012e-008	8.7831e-008	8.5605e-008	8.3442e-008	8.0684e-008	7.8466e-008	7.5677e-008	7.3917e-008	7.2516e-008	7.0952e-008	7.0217e-008	6.8311e-008	6.4734e-008	6.3451e-008	6.1399e-008	6.0452e-008	5.8152e-008	5.393e-008	5.1215e-008	4.7567e-008	4.6056e-008	4.4815e-008	4.2447e-008	3.9711e-008	3.6647e-008	3.4845e-008	3.2047e-008	2.8361e-008	2.5532e-008	2.4298e-008	2.215e-008	1.9483e-008	1.6812e-008	1.5043e-008	1.2168e-008	1.0404e-008	9.4107e-009	8.1624e-009	6.7264e-009	6.2434e-009	6.1267e-009	5.8222e-009	6.0272e-009	6.3964e-009	6.1665e-009	6.381e-009	6.4508e-009	6.251e-009	6.8063e-009	7.3792e-009	8.3332e-009	9.59e-009	1.1775e-008	1.5941e-008	2.0297e-008	2.5555e-008	3.2054e-008	3.804e-008	4.4256e-008	5.007e-008	5.4337e-008	6.081e-008	6.6218e-008	6.9974e-008	7.3607e-008	8.0925e-008	8.3899e-008	8.5472e-008	8.7389e-008	8.9029e-008	9.0284e-008	9.134e-008	9.2073e-008	9.2672e-008
2.1075e-009	1.9849e-009	2.1213e-009	2.422e-009	2.38e-009	2.9448e-009	3.7506e-009	5.2279e-009	8.179e-009	1.1134e-008	1.4544e-008	1.8825e-008	2.3915e-008	3.0253e-008	3.6266e-008	4.1283e-008	4.6626e-008	5.356e-008	6.0055e-008	6.3771e-008	6.6796e-008	7.2483e-008	7.4832e-008	8.0159e-008	8.209e-008	8.4014e-008	8.6568e-008	8.8081e-008	8.9003e-008	8.9807e-008	8.8994e-008	8.8024e-008	8.6966e-008	8.5937e-008	8.3479e-008	8.019e-008	7.7073e-008	7.6568e-008	7.4026e-008	7.242e-008	7.0998e-008	7.0116e-008	6.9122e-008	6.7863e-008	6.6493e-008	6.3379e-008	6.1859e-008	5.9488e-008	5.7039e-008	5.5109e-008	5.3853e-008	5.1371e-008	4.9574e-008	4.7546e-008	4.6099e-008	4.2626e-008	4.042e-008	3.9004e-008	3.6387e-008	3.3506e-008	3.1531e-008	2.9825e-008	2.7401e-008	2.5924e-008	2.3404e-008	2.1652e-008	1.9689e-008	1.8231e-008	1.6273e-008	1.2281e-008	1.0221e-008	8.8972e-009	7.9782e-009	5.2784e-009	4.3165e-009	3.6326e-009	2.7925e-009	2.6649e-009	2.9144e-009	2.9686e-009	2.768e-009	3.2051e-009	2.7189e-009	3.0109e-009	2.9763e-009	4.3965e-009	5.915e-009	7.3019e-009	8.9961e-009	1.192e-008	1.4575e-008	1.6951e-008	2.1652e-008	2.7826e-008	3.6081e-008	4.5107e-008	5.2704e-008	5.7663e-008	6.1902e-008	6.5299e-008	7.0614e-008	7.3638e-008	7.7039e-008	8.2603e-008	8.4947e-008	8.6331e-008	8.8736e-008	8.9081e-008	9.0266e-008	9.148e-008	9.1779e-008	9.1558e-008	9.1295e-008	9.0535e-008	9.0413e-008	9.0515e-008	8.8286e-008	8.6316e-008	8.3464e-008	8.0028e-008	7.7976e-008	7.6233e-008	7.5076e-008	7.3836e-008	7.1013e-008	6.8351e-008	6.4497e-008	6.2829e-008	6.0446e-008	5.9356e-008	5.6597e-008	5.5144e-008	5.2679e-008	5.1539e-008	4.8402e-008	4.5738e-008	4.3375e-008	4.1121e-008	3.8225e-008	3.6851e-008	3.4066e-008	3.2148e-008	2.9583e-008	2.7719e-008	2.6221e-008	2.4398e-008	2.2597e-008	1.8955e-008	1.8047e-008	1.5351e-008	1.3403e-008	1.1471e-008	9.0533e-009	7.4107e-009	6.0307e-009	4.8817e-009	4.2425e-009	3.5086e-009	3.4282e-009	3.2087e-009	3.5236e-009	4.0373e-009	3.5491e-009	3.3557e-009	4.5246e-009	5.4868e-009	6.2806e-009	7.7881e-009	1.0078e-008	1.1903e-008	1.4055e-008	1.6748e-008	1.973e-008	2.5862e-008	3.1227e-008	3.8209e-008	4.6126e-008	5.3533e-008	6.0041e-008	6.2765e-008	6.8136e-008	7.4548e-008	7.7266e-008	8.3223e-008	8.6513e-008	9.0413e-008	9.3351e-008	9.3631e-008	9.4108e-008	9.4498e-008	9.3841e-008	9.452e-008	9.4762e-008	9.3781e-008	9.255e-008	9.1499e-008	8.8943e-008	8.6899e-008	8.5693e-008	8.4328e-008	8.2321e-008	7.9831e-008	7.6109e-008	7.3738e-008	7.3029e-008	7.2264e-008	6.935e-008	6.7962e-008	6.4492e-008	6.2466e-008	6.0251e-008	5.6938e-008	5.4581e-008	5.2976e-008	5.1615e-008	5.0314e-008	4.6655e-008	4.2908e-008	4.1184e-008	3.7596e-008	3.6106e-008	3.3864e-008	3.1808e-008	2.8335e-008	2.4506e-008	2.3216e-008	2.0384e-008	1.7262e-008	1.4989e-008	1.3585e-008	1.2184e-008	1.0528e-008	7.5638e-009	6.3644e-009	5.1749e-009	5.0981e-009	5.1749e-009	5.1439e-009	4.7485e-009	4.4595e-009	4.0809e-009	4.8648e-009	4.7523e-009	4.4238e-009	4.0895e-009	3.9906e-009	4.7646e-009	5.6157e-009	6.3262e-009	7.4927e-009	9.8963e-009	1.2887e-008	1.7095e-008	2.2634e-008	2.7918e-008	3.2271e-008	3.8856e-008	4.7275e-008	5.6173e-008	6.4507e-008	6.9343e-008	7.244e-008	7.7406e-008	8.1199e-008	8.533e-008	8.721e-008	8.9316e-008	9.1804e-008	9.2505e-008	9.3496e-008	9.3659e-008	9.3553e-008	9.3154e-008	9.2238e-008	9.0605e-008	8.9457e-008	8.8026e-008	8.682e-008	8.5322e-008	8.2156e-008	8.0299e-008	7.7702e-008	7.6049e-008	7.3456e-008	7.0952e-008	6.9066e-008	6.8644e-008	6.7508e-008	6.3522e-008	6.0519e-008	5.8063e-008	5.5602e-008	5.494e-008	5.2939e-008	5.0161e-008	4.8528e-008	4.4934e-008	4.2858e-008	4.1677e-008	3.8503e-008	3.5868e-008	3.2922e-008	3.1029e-008	2.848e-008	2.673e-008	2.366e-008	2.1717e-008	2.0525e-008	1.816e-008	1.6022e-008	1.4086e-008	1.2274e-008	9.8751e-009	8.6172e-009	7.2189e-009	6.3615e-009	5.3595e-009	4.5149e-009	5.0314e-009	5.1412e-009	4.3212e-009	4.2839e-009	4.1211e-009	4.2825e-009	4.1538e-009	5.3257e-009	5.5644e-009	5.9034e-009	7.0127e-009	9.6566e-009	1.1946e-008	1.5999e-008	2.091e-008	2.6816e-008	3.217e-008	3.8834e-008	4.7888e-008	5.4888e-008	6.0094e-008	6.4749e-008	6.7376e-008	7.0866e-008	7.3833e-008	8.0697e-008	8.459e-008	8.7155e-008	9.1086e-008	9.2869e-008	9.4449e-008	9.4974e-008	9.5773e-008	9.5795e-008	9.5093e-008	9.4975e-008	9.4301e-008	9.4253e-008	9.1774e-008	9.0012e-008	8.5427e-008	8.3663e-008	8.1945e-008	7.9224e-008	7.7742e-008	7.4063e-008	7.1361e-008	6.944e-008	6.6975e-008	6.4994e-008	6.3434e-008	6.1764e-008	5.9894e-008	5.8779e-008	5.6646e-008	5.2832e-008	5.0099e-008	4.7878e-008	4.5649e-008	4.1864e-008	3.9966e-008	3.8274e-008	3.6444e-008	3.2366e-008	3.0595e-008	2.8111e-008	2.5127e-008	2.1652e-008	1.9182e-008	1.6186e-008	1.4183e-008	1.0569e-008	8.3504e-009	7.3702e-009	6.332e-009	6.2095e-009	5.729e-009	5.49e-009	5.0383e-009	4.8103e-009	5.3349e-009	5.2841e-009	4.9737e-009	5.2684e-009	5.0801e-009	5.9319e-009	5.9905e-009	6.3483e-009	6.2304e-009	6.3543e-009	7.0645e-009	8.5486e-009	1.048e-008	1.351e-008	1.7454e-008	2.2255e-008	2.7751e-008	3.2915e-008	3.9748e-008	4.7015e-008	5.4196e-008	5.9017e-008	6.3718e-008	6.9367e-008	7.6193e-008	8.2739e-008	8.6491e-008	9.1101e-008	9.2129e-008	9.4367e-008	9.462e-008	9.4056e-008	9.4462e-008	9.486e-008	9.4552e-008	9.4559e-008	9.4484e-008	9.3062e-008	9.2008e-008	9.0527e-008	8.9809e-008	8.8503e-008	8.512e-008	8.318e-008	7.943e-008	7.7259e-008	7.5156e-008	7.3803e-008	7.2775e-008	7.2229e-008	7.0416e-008	6.8664e-008	6.5262e-008	6.3215e-008	6.2441e-008	6.0958e-008	5.6738e-008	5.4587e-008	5.0654e-008	4.781e-008	4.5663e-008	4.41e-008	4.1433e-008	3.9049e-008	3.6913e-008	3.5164e-008	3.2654e-008	2.8227e-008	2.5963e-008	2.4843e-008	2.1317e-008	1.7318e-008	1.6551e-008	1.4577e-008	1.267e-008	1.1452e-008	9.8954e-009	6.9817e-009	6.6743e-009	6.432e-009	6.2636e-009	5.7168e-009	5.7335e-009	5.8439e-009	6.0488e-009	6.5169e-009	6.6783e-009	6.6164e-009	6.6635e-009	7.5062e-009	8.3424e-009	9.9391e-009	1.2128e-008	1.53e-008	2.0295e-008	2.5436e-008	3.1543e-008	3.8569e-008	4.4121e-008	5.0568e-008	5.6583e-008	6.2586e-008	6.6266e-008	7.2703e-008	7.7583e-008	8.1822e-008	8.37e-008	8.5664e-008	8.699e-008	8.9226e-008	9.1236e-008	9.2211e-008	9.2886e-008	9.3233e-008
1.9877e-009	2.085e-009	2.0026e-009	2.2027e-009	2.4142e-009	2.9586e-009	3.9362e-009	5.8579e-009	7.9842e-009	1.1561e-008	1.5238e-008	1.8185e-008	2.2954e-008	2.7843e-008	3.552e-008	4.1348e-008	4.7105e-008	5.4301e-008	5.9715e-008	6.5181e-008	6.7189e-008	7.3323e-008	7.4762e-008	8.0209e-008	8.2679e-008	8.4512e-008	8.6289e-008	8.8478e-008	8.9026e-008	8.9322e-008	8.864e-008	8.7458e-008	8.6653e-008	8.6045e-008	8.3493e-008	8.1193e-008	7.8228e-008	7.663e-008	7.4895e-008	7.2422e-008	7.0822e-008	6.9756e-008	6.9193e-008	6.818e-008	6.7186e-008	6.5824e-008	6.3066e-008	5.9466e-008	5.7193e-008	5.53e-008	5.3108e-008	5.1489e-008	4.9896e-008	4.7844e-008	4.5274e-008	4.1478e-008	4.0183e-008	3.8844e-008	3.5285e-008	3.3913e-008	3.2307e-008	3.0253e-008	2.7809e-008	2.5688e-008	2.3132e-008	2.1409e-008	1.9525e-008	1.7863e-008	1.6536e-008	1.355e-008	1.2646e-008	1.0685e-008	7.6731e-009	6.624e-009	4.2521e-009	3.7028e-009	3.2297e-009	3.1474e-009	3.3095e-009	3.2633e-009	3.1636e-009	3.2403e-009	3.2111e-009	2.9891e-009	3.2682e-009	4.2609e-009	5.6013e-009	7.499e-009	1.0136e-008	1.3292e-008	1.5979e-008	1.9281e-008	2.263e-008	2.8872e-008	3.6762e-008	4.4284e-008	5.1162e-008	5.7292e-008	6.162e-008	6.5048e-008	7.0049e-008	7.4077e-008	7.7075e-008	8.3026e-008	8.4348e-008	8.7242e-008	8.886e-008	8.9348e-008	9.0356e-008	9.1533e-008	9.177e-008	9.157e-008	9.079e-008	8.9916e-008	8.9183e-008	8.9297e-008	8.8534e-008	8.669e-008	8.295e-008	7.9843e-008	7.7139e-008	7.4732e-008	7.305e-008	7.2197e-008	7.0319e-008	6.5491e-008	6.4374e-008	6.211e-008	5.9754e-008	5.8314e-008	5.6193e-008	5.4633e-008	5.2952e-008	5.1402e-008	4.9102e-008	4.5669e-008	4.3436e-008	4.1515e-008	3.8668e-008	3.6986e-008	3.4632e-008	3.1974e-008	3.0048e-008	2.7709e-008	2.6435e-008	2.5099e-008	2.2738e-008	1.935e-008	1.8214e-008	1.5646e-008	1.3458e-008	1.1936e-008	1.0214e-008	8.1879e-009	6.2309e-009	4.8466e-009	4.3107e-009	3.4196e-009	2.8575e-009	3.127e-009	3.6728e-009	4.2365e-009	3.9831e-009	3.9622e-009	4.2935e-009	5.2134e-009	6.646e-009	7.8563e-009	9.9541e-009	1.2012e-008	1.3604e-008	1.7126e-008	2.0924e-008	2.5972e-008	3.1093e-008	3.8622e-008	4.6397e-008	5.3501e-008	6.02e-008	6.507e-008	6.9376e-008	7.4721e-008	8.0171e-008	8.4113e-008	8.7889e-008	9.163e-008	9.3382e-008	9.4268e-008	9.4497e-008	9.4679e-008	9.4643e-008	9.4743e-008	9.4473e-008	9.3428e-008	9.2701e-008	9.0162e-008	8.8936e-008	8.6428e-008	8.5479e-008	8.4708e-008	8.2592e-008	7.9515e-008	7.6456e-008	7.3935e-008	7.2868e-008	7.1578e-008	6.8471e-008	6.6146e-008	6.3433e-008	6.2115e-008	5.9862e-008	5.6725e-008	5.4676e-008	5.2483e-008	5.1371e-008	4.9181e-008	4.5792e-008	4.343e-008	4.177e-008	3.832e-008	3.5816e-008	3.4054e-008	2.9224e-008	2.6861e-008	2.4553e-008	2.1983e-008	1.9231e-008	1.6638e-008	1.4968e-008	1.2842e-008	1.0916e-008	9.7327e-009	8.8621e-009	6.1387e-009	5.6528e-009	5.4189e-009	5.0667e-009	4.5381e-009	4.1126e-009	4.3598e-009	4.3562e-009	4.19e-009	3.9423e-009	3.3494e-009	3.4639e-009	3.5343e-009	4.7853e-009	5.4659e-009	6.0238e-009	7.1287e-009	1.0219e-008	1.2077e-008	1.6652e-008	2.1656e-008	2.7741e-008	3.1654e-008	3.8439e-008	4.771e-008	5.7135e-008	6.3707e-008	6.882e-008	7.3631e-008	7.8251e-008	8.1499e-008	8.5482e-008	8.6959e-008	9.0548e-008	9.1234e-008	9.2004e-008	9.2881e-008	9.3452e-008	9.411e-008	9.321e-008	9.2356e-008	9.1444e-008	9.006e-008	8.8232e-008	8.6851e-008	8.4402e-008	8.3292e-008	7.978e-008	7.8092e-008	7.5872e-008	7.4346e-008	7.1486e-008	6.8687e-008	6.734e-008	6.5227e-008	6.3334e-008	6.0589e-008	5.8341e-008	5.6546e-008	5.4979e-008	5.4179e-008	4.9692e-008	4.7076e-008	4.3934e-008	4.2053e-008	4.0318e-008	3.7684e-008	3.5351e-008	3.2817e-008	3.1532e-008	2.9266e-008	2.6459e-008	2.3345e-008	2.1312e-008	1.9874e-008	1.8008e-008	1.4742e-008	1.3666e-008	1.1323e-008	9.7847e-009	8.3227e-009	6.8249e-009	6.2353e-009	5.0346e-009	4.6024e-009	4.2555e-009	4.249e-009	4.0006e-009	3.9202e-009	4.1771e-009	4.3047e-009	4.2026e-009	4.3926e-009	5.1904e-009	5.8101e-009	7.4478e-009	9.9831e-009	1.1787e-008	1.5262e-008	2.0682e-008	2.5754e-008	3.2146e-008	3.8555e-008	4.7594e-008	5.3759e-008	5.8549e-008	6.4992e-008	6.8323e-008	7.1047e-008	7.4966e-008	8.0207e-008	8.3465e-008	8.7079e-008	9.1152e-008	9.2603e-008	9.3753e-008	9.5635e-008	9.5651e-008	9.5673e-008	9.5222e-008	9.5019e-008	9.4365e-008	9.4074e-008	9.066e-008	8.6396e-008	8.3376e-008	8.2821e-008	8.0742e-008	7.8177e-008	7.6238e-008	7.3156e-008	7.1061e-008	6.8511e-008	6.6103e-008	6.4151e-008	6.2434e-008	6.1021e-008	5.9205e-008	5.8222e-008	5.6789e-008	5.369e-008	5.0201e-008	4.7749e-008	4.5264e-008	4.2532e-008	4.0475e-008	3.8365e-008	3.5307e-008	3.2773e-008	2.9181e-008	2.7264e-008	2.4391e-008	2.2273e-008	1.8869e-008	1.6533e-008	1.4219e-008	1.1082e-008	8.8146e-009	7.2207e-009	6.3671e-009	6.0982e-009	5.6774e-009	4.9371e-009	4.6065e-009	4.7672e-009	4.912e-009	4.7757e-009	4.8766e-009	5.3757e-009	5.6145e-009	5.589e-009	5.9291e-009	5.7682e-009	5.88e-009	6.53e-009	6.9359e-009	8.1096e-009	1.0365e-008	1.3108e-008	1.6315e-008	2.1598e-008	2.6913e-008	3.1709e-008	3.9158e-008	4.6218e-008	5.1516e-008	5.624e-008	6.2774e-008	6.8793e-008	7.6309e-008	8.2656e-008	8.6803e-008	8.9168e-008	9.2379e-008	9.4603e-008	9.4332e-008	9.3833e-008	9.4384e-008	9.4677e-008	9.5072e-008	9.4647e-008	9.3932e-008	9.2286e-008	9.0721e-008	9.0224e-008	8.9569e-008	8.8301e-008	8.4627e-008	8.1658e-008	7.8295e-008	7.6986e-008	7.4648e-008	7.3318e-008	7.2677e-008	7.2602e-008	6.986e-008	6.7663e-008	6.5844e-008	6.3167e-008	6.2042e-008	5.9249e-008	5.598e-008	5.3362e-008	5.023e-008	4.8796e-008	4.4747e-008	4.3582e-008	4.075e-008	3.8686e-008	3.6948e-008	3.4553e-008	3.2527e-008	3.0183e-008	2.5678e-008	2.5076e-008	2.2809e-008	1.9769e-008	1.7841e-008	1.5178e-008	1.3018e-008	1.1206e-008	8.8848e-009	6.9129e-009	6.6484e-009	6.3442e-009	6.0894e-009	5.5417e-009	5.6597e-009	5.6652e-009	5.6345e-009	6.2066e-009	6.6195e-009	5.9165e-009	6.6137e-009	7.6559e-009	8.9537e-009	1.024e-008	1.1938e-008	1.464e-008	1.8692e-008	2.4802e-008	3.1105e-008	3.6981e-008	4.1077e-008	4.9176e-008	5.537e-008	6.2805e-008	6.7286e-008	7.3611e-008	7.7933e-008	8.1064e-008	8.3399e-008	8.5124e-008	8.7165e-008	8.9267e-008	9.0953e-008	9.1953e-008	9.273e-008	9.3323e-008
1.5001e-009	1.6332e-009	9.97e-010	8.8506e-010	1.7675e-009	2.4926e-009	3.5028e-009	5.155e-009	7.2084e-009	1.0844e-008	1.4768e-008	1.7564e-008	2.2237e-008	2.7277e-008	3.4542e-008	3.9998e-008	4.7515e-008	5.4904e-008	6.1336e-008	6.5565e-008	6.8033e-008	7.257e-008	7.5206e-008	7.9062e-008	8.1202e-008	8.4179e-008	8.5643e-008	8.6751e-008	8.7196e-008	8.7298e-008	8.7022e-008	8.6412e-008	8.5999e-008	8.4598e-008	8.1853e-008	8.0118e-008	7.7937e-008	7.6128e-008	7.3355e-008	7.1493e-008	7.0174e-008	6.8871e-008	6.8373e-008	6.7398e-008	6.6399e-008	6.5558e-008	6.1655e-008	5.6096e-008	5.5433e-008	5.4324e-008	5.2539e-008	5.097e-008	4.9045e-008	4.5579e-008	4.3151e-008	4.181e-008	3.8505e-008	3.6633e-008	3.5481e-008	3.3954e-008	3.182e-008	2.9123e-008	2.5187e-008	2.485e-008	2.2717e-008	2.0902e-008	1.9412e-008	1.7479e-008	1.5421e-008	1.3943e-008	1.2548e-008	1.0797e-008	6.3647e-009	6.327e-009	4.512e-009	3.2059e-009	4.0843e-009	3.286e-009	2.4339e-009	2.7052e-009	2.6738e-009	2.8443e-009	2.402e-009	2.1563e-009	2.8982e-009	4.3876e-009	6.1176e-009	7.8009e-009	9.6629e-009	1.3769e-008	1.6304e-008	1.8552e-008	2.2027e-008	2.8121e-008	3.6158e-008	4.1453e-008	4.9346e-008	5.4838e-008	6.0851e-008	6.5432e-008	6.7603e-008	7.3831e-008	7.8284e-008	8.1954e-008	8.2918e-008	8.6307e-008	8.8267e-008	8.9213e-008	8.9873e-008	9.0507e-008	9.1035e-008	9.0572e-008	8.9841e-008	8.8763e-008	8.8452e-008	8.8251e-008	8.6485e-008	8.449e-008	8.0788e-008	7.7844e-008	7.5912e-008	7.285e-008	7.0631e-008	6.8961e-008	6.7887e-008	6.6261e-008	6.2705e-008	6.1147e-008	5.9131e-008	5.7147e-008	5.496e-008	5.3233e-008	5.1752e-008	5.0791e-008	4.5198e-008	4.4231e-008	4.2775e-008	4.0954e-008	3.7325e-008	3.6269e-008	3.4723e-008	3.2739e-008	2.9056e-008	2.7318e-008	2.502e-008	2.3287e-008	2.1069e-008	1.9896e-008	1.7689e-008	1.5568e-008	1.312e-008	1.2118e-008	1.0138e-008	8.1455e-009	6.252e-009	5.1503e-009	3.981e-009	2.9542e-009	2.9637e-009	3.591e-009	3.2728e-009	3.7846e-009	3.8887e-009	3.3906e-009	4.433e-009	4.9619e-009	5.4883e-009	7.2964e-009	9.0245e-009	1.1067e-008	1.358e-008	1.6704e-008	1.9976e-008	2.383e-008	3.0526e-008	3.7109e-008	4.607e-008	5.3987e-008	6.0511e-008	6.5015e-008	6.8693e-008	7.4277e-008	7.9125e-008	8.2183e-008	8.5554e-008	9.059e-008	9.2486e-008	9.3205e-008	9.3331e-008	9.3342e-008	9.4306e-008	9.3886e-008	9.3077e-008	9.2488e-008	9.1593e-008	9.0045e-008	8.8282e-008	8.6195e-008	8.4882e-008	8.3776e-008	8.1019e-008	7.8469e-008	7.6275e-008	7.4416e-008	7.2618e-008	6.9887e-008	6.6249e-008	6.4899e-008	6.3373e-008	6.1732e-008	5.919e-008	5.6355e-008	5.3962e-008	5.2016e-008	4.9901e-008	4.7119e-008	4.578e-008	4.2306e-008	4.0981e-008	3.8714e-008	3.6298e-008	3.0301e-008	2.866e-008	2.6382e-008	2.3459e-008	2.0939e-008	1.8679e-008	1.7295e-008	1.5332e-008	1.2512e-008	1.0251e-008	9.447e-009	8.0207e-009	6.6059e-009	5.3118e-009	4.7084e-009	4.4053e-009	3.9197e-009	3.5925e-009	3.7683e-009	4.04e-009	4.0664e-009	3.5495e-009	3.4045e-009	3.6938e-009	3.5727e-009	4.184e-009	4.8541e-009	5.4759e-009	7.0842e-009	8.4513e-009	1.2811e-008	1.6117e-008	2.0523e-008	2.608e-008	3.1858e-008	3.9455e-008	4.8396e-008	5.6634e-008	6.3119e-008	6.7648e-008	7.3622e-008	7.7369e-008	8.1016e-008	8.352e-008	8.8563e-008	9.0484e-008	9.0694e-008	9.105e-008	9.2129e-008	9.3293e-008	9.3506e-008	9.26e-008	9.209e-008	9.1084e-008	9.0087e-008	8.6712e-008	8.5745e-008	8.4497e-008	8.3321e-008	8.0866e-008	7.8522e-008	7.6127e-008	7.4118e-008	7.1528e-008	6.9095e-008	6.7715e-008	6.5733e-008	6.2651e-008	6.0605e-008	5.741e-008	5.5766e-008	5.4731e-008	5.3971e-008	5.0117e-008	4.5888e-008	4.3499e-008	4.1505e-008	3.7959e-008	3.6559e-008	3.4474e-008	3.2985e-008	3.1274e-008	2.7095e-008	2.4783e-008	2.2333e-008	2.0271e-008	1.8889e-008	1.6533e-008	1.5012e-008	1.249e-008	1.0023e-008	8.8707e-009	7.6094e-009	6.3252e-009	5.7802e-009	5.1166e-009	4.1439e-009	3.7331e-009	3.9233e-009	4.5108e-009	3.7999e-009	4.0913e-009	4.206e-009	4.0948e-009	3.9456e-009	4.166e-009	5.2323e-009	6.6242e-009	9.5788e-009	1.1824e-008	1.5283e-008	1.8203e-008	2.4059e-008	3.0906e-008	3.7017e-008	4.5117e-008	5.3221e-008	5.8663e-008	6.3524e-008	6.7435e-008	7.0313e-008	7.3302e-008	7.9035e-008	8.2337e-008	8.6216e-008	8.908e-008	9.1951e-008	9.3214e-008	9.5107e-008	9.5426e-008	9.5489e-008	9.5282e-008	9.4486e-008	9.3973e-008	9.3896e-008	9.2012e-008	8.6582e-008	8.4819e-008	8.2901e-008	8.0494e-008	7.8418e-008	7.6315e-008	7.4076e-008	7.0855e-008	6.8071e-008	6.5945e-008	6.3649e-008	6.223e-008	5.9385e-008	5.8029e-008	5.749e-008	5.6159e-008	5.3293e-008	4.9683e-008	4.79e-008	4.3183e-008	4.1563e-008	3.999e-008	3.7508e-008	3.4797e-008	3.2662e-008	2.8587e-008	2.6696e-008	2.4371e-008	2.1918e-008	1.9919e-008	1.6847e-008	1.3958e-008	1.0876e-008	9.1407e-009	7.6738e-009	6.4892e-009	5.8002e-009	5.2287e-009	5.2031e-009	4.9562e-009	4.5892e-009	4.7481e-009	4.2687e-009	4.5704e-009	5.3722e-009	5.2741e-009	4.9319e-009	5.5213e-009	5.223e-009	5.5456e-009	6.0532e-009	6.6722e-009	7.6667e-009	9.2216e-009	1.1991e-008	1.5279e-008	2.2167e-008	2.7586e-008	3.2187e-008	3.8819e-008	4.5711e-008	5.1179e-008	5.6702e-008	6.2292e-008	6.8276e-008	7.3764e-008	7.8627e-008	8.4263e-008	8.8195e-008	9.2056e-008	9.4074e-008	9.3527e-008	9.3561e-008	9.4105e-008	9.4649e-008	9.4935e-008	9.4778e-008	9.3374e-008	9.2237e-008	9.0698e-008	9.0258e-008	8.9339e-008	8.7102e-008	8.2976e-008	8.1162e-008	7.8928e-008	7.6401e-008	7.4934e-008	7.282e-008	7.1628e-008	7.0289e-008	6.7398e-008	6.6173e-008	6.4885e-008	6.3422e-008	6.16e-008	5.7768e-008	5.6054e-008	5.3069e-008	5.1312e-008	4.9418e-008	4.5416e-008	4.2875e-008	4.0703e-008	3.8817e-008	3.8018e-008	3.5735e-008	3.2016e-008	3.0048e-008	2.825e-008	2.5352e-008	2.3437e-008	1.9936e-008	1.8069e-008	1.5864e-008	1.3725e-008	1.122e-008	9.3439e-009	7.3849e-009	6.8162e-009	6.4587e-009	6.01e-009	5.9128e-009	5.5653e-009	5.4832e-009	5.5328e-009	5.972e-009	5.9009e-009	5.9598e-009	6.3289e-009	7.0731e-009	8.9392e-009	1.0466e-008	1.2008e-008	1.5525e-008	1.9973e-008	2.3864e-008	2.9784e-008	3.6595e-008	4.2883e-008	4.8302e-008	5.5269e-008	6.2438e-008	6.85e-008	7.2774e-008	7.7018e-008	7.9307e-008	8.2693e-008	8.6452e-008	8.7674e-008	9.1031e-008	9.184e-008	9.3234e-008	9.3592e-008	9.3598e-008
1.9472e-009	2.1119e-009	1.9167e-009	2.2039e-009	2.0957e-009	2.852e-009	3.768e-009	5.7362e-009	8.0658e-009	1.0576e-008	1.5058e-008	1.7728e-008	2.1168e-008	2.7895e-008	3.4931e-008	4.3502e-008	4.9872e-008	5.7073e-008	6.2623e-008	6.6618e-008	7.0125e-008	7.2666e-008	7.6113e-008	7.9388e-008	8.1505e-008	8.2944e-008	8.4819e-008	8.5665e-008	8.626e-008	8.6554e-008	8.6787e-008	8.643e-008	8.5829e-008	8.436e-008	8.3349e-008	8.1247e-008	7.965e-008	7.716e-008	7.4481e-008	7.2101e-008	7.0958e-008	6.9604e-008	6.8767e-008	6.8301e-008	6.7087e-008	6.5956e-008	6.3381e-008	5.9694e-008	5.7095e-008	5.4778e-008	5.2361e-008	5.0467e-008	4.8166e-008	4.6134e-008	4.3894e-008	4.1805e-008	3.9615e-008	3.6796e-008	3.5635e-008	3.4693e-008	3.2539e-008	2.9663e-008	2.7957e-008	2.4762e-008	2.3824e-008	2.1717e-008	1.9802e-008	1.8359e-008	1.6318e-008	1.4484e-008	1.3852e-008	1.2248e-008	1.0158e-008	7.4636e-009	5.6957e-009	5.3145e-009	5.0661e-009	4.1767e-009	3.6216e-009	3.1123e-009	3.1955e-009	3.2291e-009	2.878e-009	2.9259e-009	3.7977e-009	5.3461e-009	6.5912e-009	8.8231e-009	9.9221e-009	1.3894e-008	1.669e-008	2.0773e-008	2.4286e-008	2.8865e-008	3.5733e-008	4.2908e-008	4.9543e-008	5.3965e-008	5.967e-008	6.4143e-008	6.8311e-008	7.4712e-008	7.7507e-008	8.2146e-008	8.4696e-008	8.5887e-008	8.8408e-008	9.0092e-008	9.1334e-008	9.1395e-008	9.173e-008	9.2265e-008	9.0742e-008	8.9768e-008	8.8875e-008	8.8261e-008	8.7306e-008	8.4119e-008	8.0623e-008	7.7999e-008	7.5482e-008	7.2345e-008	6.9799e-008	6.8658e-008	6.7861e-008	6.4693e-008	6.3239e-008	6.1716e-008	5.9559e-008	5.6939e-008	5.4793e-008	5.3313e-008	5.2002e-008	5.0454e-008	4.817e-008	4.5247e-008	4.261e-008	4.1107e-008	3.8843e-008	3.7405e-008	3.4807e-008	3.2816e-008	3.0113e-008	2.7591e-008	2.5269e-008	2.3458e-008	2.1868e-008	2.0411e-008	1.9467e-008	1.6868e-008	1.4138e-008	1.2674e-008	1.1414e-008	8.7134e-009	6.4868e-009	5.951e-009	4.4834e-009	3.5533e-009	3.6181e-009	3.7005e-009	3.8777e-009	4.0516e-009	4.3269e-009	4.2489e-009	5.4487e-009	5.414e-009	5.9519e-009	7.0318e-009	8.6804e-009	1.1563e-008	1.3499e-008	1.7204e-008	1.897e-008	2.4808e-008	3.0716e-008	3.8444e-008	4.5911e-008	5.3271e-008	6.1102e-008	6.4001e-008	6.8131e-008	7.5997e-008	7.929e-008	8.1808e-008	8.7776e-008	9.0746e-008	9.2414e-008	9.2944e-008	9.3912e-008	9.3895e-008	9.4696e-008	9.4622e-008	9.3379e-008	9.2263e-008	9.1379e-008	9.0646e-008	8.7487e-008	8.6169e-008	8.5593e-008	8.3805e-008	8.1138e-008	7.8336e-008	7.6545e-008	7.4407e-008	7.3047e-008	7.0482e-008	6.6553e-008	6.4716e-008	6.3188e-008	6.207e-008	5.9258e-008	5.6361e-008	5.4026e-008	5.1887e-008	4.965e-008	4.7424e-008	4.5957e-008	4.38e-008	4.1175e-008	3.7909e-008	3.554e-008	3.2761e-008	2.9125e-008	2.7065e-008	2.4011e-008	2.0995e-008	1.8889e-008	1.6988e-008	1.5165e-008	1.3611e-008	1.1636e-008	9.7796e-009	7.5186e-009	6.3377e-009	5.2052e-009	4.5015e-009	4.5798e-009	4.4994e-009	4.4001e-009	3.8711e-009	3.9503e-009	4.0838e-009	3.7913e-009	4.0685e-009	4.1424e-009	3.7539e-009	4.183e-009	4.682e-009	5.3066e-009	7.044e-009	9.001e-009	1.2822e-008	1.5514e-008	2.1247e-008	2.4583e-008	3.1983e-008	4.0044e-008	5.0105e-008	5.6989e-008	6.3854e-008	6.7954e-008	7.3441e-008	7.6404e-008	8.0411e-008	8.4482e-008	8.7943e-008	9.0299e-008	9.0425e-008	9.1382e-008	9.1956e-008	9.2335e-008	9.2321e-008	9.231e-008	9.1857e-008	9.0566e-008	8.8968e-008	8.7582e-008	8.5707e-008	8.4568e-008	8.2656e-008	8.1365e-008	7.8801e-008	7.6582e-008	7.5184e-008	7.2334e-008	7.0193e-008	6.8927e-008	6.6186e-008	6.3276e-008	5.9656e-008	5.7814e-008	5.5532e-008	5.4272e-008	5.3717e-008	4.7413e-008	4.2893e-008	4.2533e-008	4.0745e-008	3.8789e-008	3.6755e-008	3.4741e-008	3.3102e-008	3.0812e-008	2.7981e-008	2.5136e-008	2.245e-008	2.0553e-008	1.8653e-008	1.6588e-008	1.2684e-008	1.1384e-008	9.7295e-009	8.3811e-009	6.6913e-009	5.4415e-009	5.5519e-009	4.8614e-009	3.7969e-009	3.3393e-009	4.1565e-009	4.3337e-009	4.4519e-009	4.2029e-009	4.156e-009	4.0149e-009	3.6949e-009	4.0887e-009	5.36e-009	6.5891e-009	8.1133e-009	1.1647e-008	1.4406e-008	1.8394e-008	2.3381e-008	2.9434e-008	3.7676e-008	4.4065e-008	5.2137e-008	5.7787e-008	6.3333e-008	6.6267e-008	6.9818e-008	7.3587e-008	7.7762e-008	8.1388e-008	8.491e-008	8.7845e-008	8.9484e-008	9.2458e-008	9.4156e-008	9.5004e-008	9.4935e-008	9.4844e-008	9.4384e-008	9.3709e-008	9.2353e-008	8.7435e-008	8.65e-008	8.5086e-008	8.2121e-008	8.042e-008	7.8842e-008	7.578e-008	7.3146e-008	6.996e-008	6.7322e-008	6.5726e-008	6.3835e-008	6.1633e-008	5.9264e-008	5.7175e-008	5.5996e-008	5.5155e-008	5.1401e-008	4.9159e-008	4.8049e-008	4.5515e-008	4.1955e-008	3.8389e-008	3.6337e-008	3.3807e-008	3.2297e-008	2.9666e-008	2.7367e-008	2.4403e-008	2.1446e-008	1.8881e-008	1.6759e-008	1.4427e-008	1.1208e-008	9.5189e-009	7.6221e-009	6.5087e-009	5.4117e-009	4.5643e-009	4.2612e-009	4.0259e-009	3.8118e-009	4.2106e-009	4.4542e-009	3.9371e-009	4.4868e-009	4.7679e-009	4.5293e-009	4.9166e-009	5.3062e-009	4.6764e-009	5.6225e-009	6.3351e-009	7.2405e-009	8.6011e-009	1.1532e-008	1.4559e-008	1.9811e-008	2.5765e-008	3.1745e-008	3.7532e-008	4.3984e-008	4.9221e-008	5.5194e-008	6.0752e-008	6.7535e-008	7.3184e-008	7.6263e-008	8.0366e-008	8.738e-008	8.8813e-008	9.1044e-008	9.2297e-008	9.2924e-008	9.3533e-008	9.4096e-008	9.4602e-008	9.4385e-008	9.3738e-008	9.1777e-008	9.0823e-008	8.9744e-008	8.7729e-008	8.4836e-008	8.1923e-008	8.0398e-008	7.8892e-008	7.6382e-008	7.4975e-008	7.2202e-008	7.0397e-008	6.7642e-008	6.6042e-008	6.4857e-008	6.3303e-008	6.1889e-008	6.1005e-008	5.6828e-008	5.5205e-008	5.2074e-008	5.1512e-008	4.8965e-008	4.6844e-008	4.2816e-008	3.983e-008	3.934e-008	3.6466e-008	3.4064e-008	3.1719e-008	2.8511e-008	2.7471e-008	2.5395e-008	2.3163e-008	2.0573e-008	1.689e-008	1.5041e-008	1.2587e-008	1.1074e-008	8.9103e-009	7.6854e-009	6.492e-009	5.9942e-009	5.9941e-009	5.3037e-009	5.086e-009	4.8328e-009	5.0969e-009	4.9791e-009	5.1347e-009	5.3315e-009	5.3652e-009	6.3364e-009	7.7812e-009	9.5213e-009	1.1953e-008	1.4768e-008	1.945e-008	2.3881e-008	2.7945e-008	3.4484e-008	4.0718e-008	4.7376e-008	5.3416e-008	6.1627e-008	6.8146e-008	7.3437e-008	7.6321e-008	7.7928e-008	8.331e-008	8.6754e-008	8.7951e-008	9.0729e-008	9.2599e-008	9.2873e-008	9.332e-008	9.3504e-008
1.5954e-009	2.1956e-009	2.2755e-009	2.7887e-009	2.7418e-009	3.4878e-009	4.6805e-009	6.8227e-009	8.3653e-009	1.1953e-008	1.5003e-008	1.8198e-008	2.2486e-008	2.9815e-008	3.663e-008	4.5391e-008	5.1414e-008	5.7762e-008	6.3003e-008	6.6833e-008	6.9671e-008	7.2748e-008	7.6976e-008	7.9514e-008	8.0562e-008	8.2818e-008	8.424e-008	8.5386e-008	8.6061e-008	8.6472e-008	8.6164e-008	8.5939e-008	8.6138e-008	8.507e-008	8.3969e-008	8.1869e-008	8.0155e-008	7.843e-008	7.7234e-008	7.404e-008	7.1976e-008	7.091e-008	6.9185e-008	6.8301e-008	6.7454e-008	6.625e-008	6.2938e-008	6.0185e-008	5.7228e-008	5.4636e-008	5.1661e-008	4.9879e-008	4.7965e-008	4.5574e-008	4.3667e-008	4.1852e-008	4.0052e-008	3.7092e-008	3.564e-008	3.4126e-008	3.2181e-008	2.9569e-008	2.8311e-008	2.6012e-008	2.4049e-008	2.228e-008	2.1362e-008	1.8821e-008	1.632e-008	1.5528e-008	1.3719e-008	1.1848e-008	1.0476e-008	9.1353e-009	7.6249e-009	6.3281e-009	5.7393e-009	5.4137e-009	4.5424e-009	4.5454e-009	3.4131e-009	3.2973e-009	3.3269e-009	3.8146e-009	4.3852e-009	6.0432e-009	7.6486e-009	9.9651e-009	1.1534e-008	1.4269e-008	1.7031e-008	2.1493e-008	2.5934e-008	3.0871e-008	3.6721e-008	4.3771e-008	5.0133e-008	5.5712e-008	6.1525e-008	6.5478e-008	6.9138e-008	7.48e-008	7.8618e-008	8.316e-008	8.5339e-008	8.6322e-008	8.8963e-008	9.0567e-008	9.1668e-008	9.2484e-008	9.2911e-008	9.3477e-008	9.3246e-008	9.0751e-008	8.9282e-008	8.838e-008	8.673e-008	8.2949e-008	8.1483e-008	7.8557e-008	7.5098e-008	7.2279e-008	7.0141e-008	6.9026e-008	6.7787e-008	6.548e-008	6.3148e-008	6.111e-008	5.9595e-008	5.762e-008	5.5598e-008	5.3888e-008	5.1825e-008	4.8694e-008	4.7346e-008	4.5601e-008	4.4166e-008	4.209e-008	3.939e-008	3.8087e-008	3.5549e-008	3.2611e-008	3.0076e-008	2.8615e-008	2.5921e-008	2.4555e-008	2.2172e-008	2.0117e-008	1.9109e-008	1.6654e-008	1.4198e-008	1.2968e-008	1.174e-008	1.0947e-008	8.8123e-009	6.8042e-009	5.3611e-009	4.1448e-009	3.4948e-009	3.1808e-009	3.4308e-009	3.9965e-009	4.4026e-009	4.9002e-009	5.6079e-009	5.7653e-009	6.1519e-009	7.136e-009	8.7268e-009	1.1203e-008	1.3203e-008	1.7139e-008	2.0298e-008	2.5407e-008	3.1144e-008	3.8648e-008	4.6983e-008	5.3844e-008	6.1767e-008	6.8721e-008	7.3716e-008	7.8457e-008	8.2327e-008	8.6847e-008	8.9513e-008	9.1703e-008	9.3636e-008	9.471e-008	9.5081e-008	9.5392e-008	9.5038e-008	9.4854e-008	9.4075e-008	9.2626e-008	9.1707e-008	9.1051e-008	8.997e-008	8.7248e-008	8.6137e-008	8.3065e-008	8.1513e-008	7.8792e-008	7.609e-008	7.4294e-008	7.2532e-008	7.019e-008	6.8263e-008	6.5278e-008	6.3705e-008	6.2573e-008	6.0632e-008	5.6682e-008	5.4701e-008	5.1975e-008	5.0344e-008	4.8926e-008	4.7599e-008	4.3731e-008	4.1842e-008	3.6574e-008	3.5763e-008	3.306e-008	2.9538e-008	2.7208e-008	2.5096e-008	2.2238e-008	2.0059e-008	1.8236e-008	1.5817e-008	1.4147e-008	1.1742e-008	9.4029e-009	7.7801e-009	6.3628e-009	5.7577e-009	4.8018e-009	4.7031e-009	4.6938e-009	4.8977e-009	4.7065e-009	4.6959e-009	4.5216e-009	4.3874e-009	4.7473e-009	4.8381e-009	4.5587e-009	4.6957e-009	5.0778e-009	6.3526e-009	7.9025e-009	9.7008e-009	1.2124e-008	1.6375e-008	2.0178e-008	2.6137e-008	3.3892e-008	4.2215e-008	5.1438e-008	5.9343e-008	6.5915e-008	6.8976e-008	7.4556e-008	7.9158e-008	8.118e-008	8.1729e-008	8.5623e-008	8.9896e-008	9.0428e-008	9.1379e-008	9.2021e-008	9.3115e-008	9.2898e-008	9.3007e-008	9.2114e-008	9.0626e-008	8.9807e-008	8.7594e-008	8.6105e-008	8.5725e-008	8.5904e-008	8.1683e-008	7.9461e-008	7.7749e-008	7.5608e-008	7.3281e-008	7.0607e-008	7.0434e-008	6.7855e-008	6.5308e-008	5.9624e-008	5.7287e-008	5.5027e-008	5.4422e-008	5.3765e-008	5.0771e-008	4.4169e-008	4.3159e-008	4.0753e-008	3.8787e-008	3.7209e-008	3.4774e-008	3.2371e-008	2.9351e-008	2.7663e-008	2.4792e-008	2.2366e-008	2.0173e-008	1.8205e-008	1.5656e-008	1.3378e-008	1.1425e-008	9.4936e-009	8.0538e-009	6.7922e-009	5.5418e-009	5.3462e-009	4.6368e-009	4.3321e-009	4.4494e-009	4.7613e-009	4.645e-009	4.62e-009	4.546e-009	4.5572e-009	4.5355e-009	4.3338e-009	4.9244e-009	5.6977e-009	7.4875e-009	9.6551e-009	1.2381e-008	1.5224e-008	1.7746e-008	2.3523e-008	3.1786e-008	3.9384e-008	4.4624e-008	5.0287e-008	5.8301e-008	6.3734e-008	6.6367e-008	7.0696e-008	7.4129e-008	7.8359e-008	8.2492e-008	8.531e-008	8.7849e-008	8.9479e-008	9.2849e-008	9.3823e-008	9.5009e-008	9.5607e-008	9.49e-008	9.4411e-008	9.3608e-008	9.1657e-008	8.9774e-008	8.6908e-008	8.4328e-008	8.2638e-008	8.0874e-008	7.8349e-008	7.6118e-008	7.3637e-008	7.0265e-008	6.8321e-008	6.6312e-008	6.4253e-008	6.1069e-008	5.9066e-008	5.7727e-008	5.6143e-008	5.523e-008	5.2448e-008	4.9604e-008	4.8301e-008	4.5655e-008	4.2984e-008	3.9805e-008	3.7528e-008	3.5343e-008	3.2993e-008	3.046e-008	2.8137e-008	2.475e-008	2.1738e-008	2.0501e-008	1.7215e-008	1.5884e-008	1.259e-008	1.0166e-008	8.7194e-009	7.3688e-009	5.8694e-009	5.1176e-009	4.5275e-009	4.4852e-009	4.3563e-009	4.4253e-009	4.9402e-009	4.8517e-009	4.8348e-009	4.8239e-009	4.6006e-009	5.2209e-009	5.5903e-009	5.4474e-009	5.779e-009	6.1732e-009	6.8661e-009	9.2039e-009	1.1632e-008	1.4584e-008	1.818e-008	2.0931e-008	2.7607e-008	3.6631e-008	4.3619e-008	5.0318e-008	5.5087e-008	6.0567e-008	6.742e-008	7.1758e-008	7.8032e-008	8.0892e-008	8.6795e-008	8.8979e-008	9.0854e-008	9.1924e-008	9.3668e-008	9.4417e-008	9.4696e-008	9.5311e-008	9.4913e-008	9.3685e-008	9.2522e-008	9.1271e-008	8.9642e-008	8.7899e-008	8.6127e-008	8.3587e-008	8.1035e-008	7.9718e-008	7.6718e-008	7.4804e-008	7.2499e-008	7.004e-008	6.8861e-008	6.7595e-008	6.4927e-008	6.3321e-008	6.2673e-008	6.0989e-008	5.8078e-008	5.5566e-008	5.2926e-008	5.159e-008	4.7993e-008	4.6843e-008	4.2246e-008	4.0722e-008	3.9573e-008	3.5644e-008	3.4582e-008	3.2431e-008	2.9665e-008	2.727e-008	2.4923e-008	2.2952e-008	2.0683e-008	1.6763e-008	1.5106e-008	1.3308e-008	1.1679e-008	9.6136e-009	7.7945e-009	6.2596e-009	6.1552e-009	6.0463e-009	6.0209e-009	5.3766e-009	5.4283e-009	5.3624e-009	5.3403e-009	5.453e-009	5.5142e-009	5.7571e-009	6.8804e-009	7.8557e-009	9.6922e-009	1.2631e-008	1.6198e-008	1.9448e-008	2.3737e-008	2.8063e-008	3.4408e-008	4.1417e-008	4.807e-008	5.5227e-008	6.2169e-008	6.6235e-008	7.4613e-008	7.787e-008	8.3768e-008	8.6221e-008	8.7569e-008	9.0562e-008	9.2652e-008	9.3306e-008	9.3706e-008	9.4237e-008	9.4144e-008
1.808e-009	2.1451e-009	2.6211e-009	2.8786e-009	3.3372e-009	3.7058e-009	5.4617e-009	7.4628e-009	8.6705e-009	1.2433e-008	1.3821e-008	1.8469e-008	2.2833e-008	2.8858e-008	3.6902e-008	4.5109e-008	5.078e-008	5.6031e-008	6.3311e-008	6.6692e-008	6.9865e-008	7.4039e-008	7.6255e-008	7.8084e-008	8.0126e-008	8.2222e-008	8.3897e-008	8.5316e-008	8.6262e-008	8.6771e-008	8.657e-008	8.6647e-008	8.5882e-008	8.4626e-008	8.3396e-008	8.1867e-008	8.1221e-008	7.9026e-008	7.7287e-008	7.4714e-008	7.2451e-008	7.1888e-008	6.923e-008	6.7568e-008	6.6858e-008	6.5605e-008	6.2592e-008	5.863e-008	5.6552e-008	5.3306e-008	5.1329e-008	5.0059e-008	4.8102e-008	4.6054e-008	4.37e-008	4.2104e-008	3.983e-008	3.785e-008	3.576e-008	3.3913e-008	3.2071e-008	2.9719e-008	2.8163e-008	2.652e-008	2.4654e-008	2.3224e-008	2.2123e-008	1.972e-008	1.709e-008	1.5765e-008	1.3673e-008	1.2056e-008	1.1962e-008	9.1918e-009	7.9918e-009	7.1997e-009	6.0177e-009	5.3967e-009	5.1928e-009	4.6504e-009	3.5752e-009	3.5938e-009	3.7801e-009	3.9947e-009	5.2195e-009	6.7195e-009	8.6275e-009	1.0682e-008	1.2327e-008	1.5392e-008	1.8541e-008	2.2828e-008	2.6235e-008	3.1825e-008	3.7727e-008	4.4496e-008	5.0335e-008	5.6148e-008	6.1172e-008	6.5506e-008	6.9232e-008	7.5533e-008	7.7703e-008	8.267e-008	8.5845e-008	8.7181e-008	8.9375e-008	9.0422e-008	9.1956e-008	9.3228e-008	9.34e-008	9.398e-008	9.2814e-008	9.1083e-008	8.9375e-008	8.8064e-008	8.5686e-008	8.377e-008	8.1141e-008	7.8589e-008	7.6067e-008	7.1594e-008	7.0483e-008	6.9138e-008	6.8258e-008	6.6008e-008	6.3772e-008	6.1731e-008	6.0296e-008	5.8528e-008	5.6854e-008	5.4038e-008	5.1138e-008	4.8975e-008	4.6505e-008	4.5233e-008	4.358e-008	4.1867e-008	4.0343e-008	3.8345e-008	3.5908e-008	3.2947e-008	3.1035e-008	2.865e-008	2.5996e-008	2.4566e-008	2.2671e-008	2.1062e-008	1.8794e-008	1.624e-008	1.5078e-008	1.3429e-008	1.2466e-008	1.1543e-008	8.6495e-009	7.1192e-009	5.454e-009	4.5632e-009	3.7627e-009	4.5003e-009	4.0455e-009	4.0067e-009	4.7828e-009	4.9849e-009	5.4338e-009	5.9261e-009	5.9734e-009	6.6694e-009	9.0875e-009	1.0598e-008	1.3923e-008	1.6105e-008	2.0365e-008	2.3983e-008	3.0743e-008	3.8523e-008	4.7407e-008	5.394e-008	6.1224e-008	6.7202e-008	7.3606e-008	7.8599e-008	8.0988e-008	8.5265e-008	9.0068e-008	9.148e-008	9.2632e-008	9.5507e-008	9.6627e-008	9.7054e-008	9.6305e-008	9.5522e-008	9.3851e-008	9.3084e-008	9.2477e-008	9.0952e-008	8.9735e-008	8.7679e-008	8.6526e-008	8.4621e-008	8.1362e-008	7.882e-008	7.642e-008	7.3904e-008	7.2149e-008	7.0249e-008	6.9016e-008	6.6941e-008	6.3715e-008	6.2143e-008	6.0695e-008	5.851e-008	5.4455e-008	5.2349e-008	5.0687e-008	4.9669e-008	4.6643e-008	4.395e-008	4.1691e-008	3.8989e-008	3.6369e-008	3.3434e-008	3.0709e-008	2.8114e-008	2.5659e-008	2.291e-008	2.0332e-008	1.7144e-008	1.5109e-008	1.411e-008	1.2102e-008	9.9464e-009	7.7897e-009	6.548e-009	5.9017e-009	5.2647e-009	4.8745e-009	4.4687e-009	4.8725e-009	4.9866e-009	5.0569e-009	4.9943e-009	4.9733e-009	5.0952e-009	5.4114e-009	4.6424e-009	5.4544e-009	6.1851e-009	6.397e-009	8.1649e-009	9.8122e-009	1.3039e-008	1.633e-008	2.1026e-008	2.6232e-008	3.5244e-008	4.4134e-008	5.2664e-008	6.1054e-008	6.5974e-008	7.0357e-008	7.4107e-008	7.8988e-008	8.1323e-008	8.469e-008	8.7225e-008	8.883e-008	9.1114e-008	9.218e-008	9.2653e-008	9.3514e-008	9.3575e-008	9.3202e-008	9.2003e-008	9.1385e-008	9.0717e-008	8.8036e-008	8.7164e-008	8.7018e-008	8.485e-008	8.2383e-008	7.9349e-008	7.7778e-008	7.5734e-008	7.3921e-008	7.2358e-008	7.0704e-008	6.7583e-008	6.4974e-008	5.8743e-008	5.7635e-008	5.5385e-008	5.4238e-008	5.289e-008	5.123e-008	4.3015e-008	4.2488e-008	4.1108e-008	3.885e-008	3.7215e-008	3.4854e-008	3.2077e-008	2.9308e-008	2.7113e-008	2.4644e-008	2.2299e-008	2.015e-008	1.8106e-008	1.5694e-008	1.3646e-008	1.1522e-008	9.626e-009	8.414e-009	7.228e-009	6.3008e-009	5.3488e-009	5.3021e-009	5.2779e-009	4.2971e-009	4.6045e-009	4.3883e-009	4.9408e-009	4.1933e-009	4.6145e-009	4.6493e-009	5.0082e-009	5.8538e-009	6.1554e-009	7.6731e-009	1.0265e-008	1.2608e-008	1.5473e-008	1.7781e-008	2.3315e-008	3.1239e-008	3.8921e-008	4.43e-008	5.0088e-008	5.7938e-008	6.3806e-008	6.8297e-008	7.2385e-008	7.4791e-008	7.8232e-008	8.2285e-008	8.5423e-008	8.7729e-008	9.0737e-008	9.1848e-008	9.3496e-008	9.4536e-008	9.5808e-008	9.5449e-008	9.4353e-008	9.3183e-008	9.1635e-008	9.0054e-008	8.7747e-008	8.5658e-008	8.3937e-008	8.3096e-008	7.8553e-008	7.6038e-008	7.3924e-008	6.966e-008	6.8786e-008	6.7079e-008	6.5084e-008	6.2528e-008	6.0008e-008	5.7881e-008	5.6269e-008	5.545e-008	5.0931e-008	4.9413e-008	4.8115e-008	4.5507e-008	4.3233e-008	4.117e-008	3.9131e-008	3.6446e-008	3.4059e-008	3.0904e-008	2.8649e-008	2.5929e-008	2.3086e-008	2.1051e-008	1.8752e-008	1.6873e-008	1.4606e-008	1.2074e-008	9.8837e-009	8.5611e-009	6.759e-009	5.8462e-009	5.2454e-009	5.2331e-009	5.2543e-009	4.9904e-009	5.0676e-009	5.0977e-009	5.1993e-009	4.8008e-009	4.3936e-009	5.9772e-009	5.6459e-009	5.4448e-009	5.9368e-009	6.3792e-009	7.6405e-009	9.1955e-009	1.1862e-008	1.499e-008	1.8909e-008	2.4852e-008	3.1015e-008	3.6367e-008	4.3095e-008	5.0041e-008	5.599e-008	6.238e-008	6.7639e-008	7.1718e-008	7.8114e-008	8.2567e-008	8.6346e-008	8.8498e-008	9.0577e-008	9.2799e-008	9.3741e-008	9.4316e-008	9.5129e-008	9.5149e-008	9.49e-008	9.4159e-008	9.3227e-008	9.161e-008	8.9899e-008	8.8161e-008	8.5941e-008	8.3297e-008	8.2257e-008	8.0897e-008	7.6182e-008	7.3513e-008	7.242e-008	6.9729e-008	6.9071e-008	6.7209e-008	6.5167e-008	6.3532e-008	6.28e-008	5.9948e-008	5.6463e-008	5.4969e-008	5.2936e-008	5.1139e-008	4.9141e-008	4.6592e-008	4.3505e-008	4.0396e-008	3.8906e-008	3.6486e-008	3.4259e-008	3.0873e-008	2.9327e-008	2.6702e-008	2.5143e-008	2.2932e-008	1.9669e-008	1.7368e-008	1.5198e-008	1.3076e-008	1.1256e-008	8.9413e-009	7.5223e-009	6.2015e-009	6.1676e-009	6.0436e-009	5.713e-009	5.7035e-009	5.6651e-009	5.5125e-009	5.5695e-009	5.4787e-009	5.6176e-009	5.9866e-009	7.1341e-009	8.0466e-009	9.5151e-009	1.2365e-008	1.6238e-008	1.9429e-008	2.2907e-008	2.901e-008	3.4712e-008	4.3245e-008	4.8564e-008	5.4381e-008	6.1924e-008	6.7217e-008	7.4002e-008	7.7903e-008	8.4173e-008	8.6485e-008	8.8331e-008	9.0337e-008	9.2964e-008	9.3885e-008	9.4655e-008	9.4569e-008	9.4504e-008
2.3451e-009	2.5371e-009	2.8443e-009	2.8529e-009	3.5178e-009	4.2628e-009	5.4392e-009	6.8353e-009	9.3056e-009	1.1971e-008	1.5112e-008	1.9058e-008	2.2892e-008	2.8348e-008	3.507e-008	4.3466e-008	5.1094e-008	5.7681e-008	6.2381e-008	6.6559e-008	6.9923e-008	7.419e-008	7.6442e-008	7.763e-008	8.0603e-008	8.2497e-008	8.3275e-008	8.4938e-008	8.6791e-008	8.7125e-008	8.689e-008	8.6877e-008	8.5809e-008	8.4863e-008	8.402e-008	8.2499e-008	8.0921e-008	7.9755e-008	7.7642e-008	7.6353e-008	7.4191e-008	7.1855e-008	6.9047e-008	6.7576e-008	6.5632e-008	6.4292e-008	6.1113e-008	5.8543e-008	5.5906e-008	5.2753e-008	5.1473e-008	4.9244e-008	4.7217e-008	4.5477e-008	4.3275e-008	4.1723e-008	4.0203e-008	3.7875e-008	3.5803e-008	3.3937e-008	3.2287e-008	2.9949e-008	2.7927e-008	2.6194e-008	2.4617e-008	2.3073e-008	2.1393e-008	1.8177e-008	1.7075e-008	1.5571e-008	1.3502e-008	1.3067e-008	1.2741e-008	1.0988e-008	1.0156e-008	8.6803e-009	6.3884e-009	6.5868e-009	5.7728e-009	5.0809e-009	4.1552e-009	3.8257e-009	3.9537e-009	4.1596e-009	5.2079e-009	6.577e-009	8.8038e-009	1.1208e-008	1.3791e-008	1.571e-008	1.8587e-008	2.3005e-008	2.8044e-008	3.2336e-008	3.8285e-008	4.4415e-008	5.0714e-008	5.654e-008	6.3153e-008	6.5986e-008	7.044e-008	7.3985e-008	7.842e-008	8.3204e-008	8.591e-008	8.7009e-008	8.8578e-008	9.1257e-008	9.2852e-008	9.3441e-008	9.3575e-008	9.3586e-008	9.1821e-008	9.0708e-008	8.9629e-008	8.784e-008	8.5993e-008	8.3158e-008	8.0412e-008	7.866e-008	7.5221e-008	7.1748e-008	7.0274e-008	6.9345e-008	6.7987e-008	6.6128e-008	6.4708e-008	6.254e-008	6.0539e-008	5.8943e-008	5.744e-008	5.6101e-008	5.1268e-008	4.9908e-008	4.6606e-008	4.473e-008	4.357e-008	4.1413e-008	4.0131e-008	3.7659e-008	3.5624e-008	3.374e-008	2.8826e-008	2.8897e-008	2.709e-008	2.4736e-008	2.2965e-008	2.1078e-008	1.9366e-008	1.6741e-008	1.5456e-008	1.3803e-008	1.2384e-008	9.7232e-009	8.5925e-009	7.3216e-009	6.0774e-009	5.1425e-009	4.4051e-009	4.7994e-009	4.7615e-009	4.6089e-009	4.8087e-009	4.826e-009	5.2473e-009	5.5292e-009	5.6488e-009	6.0787e-009	9.5302e-009	1.0801e-008	1.3659e-008	1.5832e-008	2e-008	2.4368e-008	3.0887e-008	3.8849e-008	4.6974e-008	5.3978e-008	6.0903e-008	6.7389e-008	7.2745e-008	7.9509e-008	8.3491e-008	8.8025e-008	9.0188e-008	9.1436e-008	9.3665e-008	9.5685e-008	9.7225e-008	9.7186e-008	9.608e-008	9.581e-008	9.4735e-008	9.4235e-008	9.2789e-008	9.0872e-008	8.932e-008	8.8888e-008	8.8346e-008	8.3821e-008	8.1321e-008	7.8709e-008	7.6066e-008	7.3412e-008	7.1858e-008	7.1343e-008	6.9488e-008	6.6807e-008	6.4081e-008	6.2259e-008	6.044e-008	5.9202e-008	5.6132e-008	5.2533e-008	5.0625e-008	4.9348e-008	4.7363e-008	4.3162e-008	4.0351e-008	3.8995e-008	3.5833e-008	3.2898e-008	3.0701e-008	2.7564e-008	2.6211e-008	2.2238e-008	2.0362e-008	1.8421e-008	1.5775e-008	1.4586e-008	1.2349e-008	1.0171e-008	7.8811e-009	6.2541e-009	5.8073e-009	5.5932e-009	5.1066e-009	4.9482e-009	4.8135e-009	5.11e-009	5.3504e-009	4.8712e-009	4.8892e-009	5.3363e-009	5.5123e-009	5.6868e-009	5.9952e-009	6.2279e-009	6.5737e-009	8.2865e-009	1.0922e-008	1.3234e-008	1.5775e-008	2.1604e-008	2.8311e-008	3.7073e-008	4.5487e-008	5.2577e-008	5.7822e-008	6.5259e-008	6.9143e-008	7.4021e-008	7.7341e-008	8.2664e-008	8.5651e-008	8.7524e-008	8.9171e-008	9.1815e-008	9.2807e-008	9.4486e-008	9.4556e-008	9.4614e-008	9.4204e-008	9.355e-008	9.1995e-008	9.1344e-008	8.9733e-008	8.8379e-008	8.7029e-008	8.3872e-008	8.2746e-008	8.1196e-008	7.8485e-008	7.6369e-008	7.3611e-008	7.2848e-008	6.9127e-008	6.5931e-008	6.4603e-008	5.9058e-008	5.8334e-008	5.6215e-008	5.4875e-008	5.3324e-008	5.1117e-008	4.7661e-008	4.2685e-008	4.1011e-008	3.8682e-008	3.6989e-008	3.4703e-008	3.2184e-008	2.9537e-008	2.7309e-008	2.4541e-008	2.2377e-008	2.0632e-008	1.8264e-008	1.5299e-008	1.326e-008	1.1033e-008	9.6336e-009	8.3587e-009	7.0269e-009	6.2273e-009	5.6167e-009	5.5616e-009	5.4613e-009	4.6138e-009	4.2824e-009	4.8196e-009	4.8347e-009	4.4578e-009	4.6524e-009	4.5894e-009	5.1755e-009	5.9957e-009	6.4683e-009	7.8186e-009	1.0105e-008	1.2538e-008	1.5135e-008	1.8318e-008	2.4269e-008	3.1736e-008	3.8039e-008	4.4548e-008	5.1019e-008	5.9129e-008	6.5044e-008	6.9362e-008	7.3486e-008	7.485e-008	7.8688e-008	8.2231e-008	8.4813e-008	8.7416e-008	9.0484e-008	9.1722e-008	9.3594e-008	9.4314e-008	9.4985e-008	9.4931e-008	9.3985e-008	9.3362e-008	9.2197e-008	9.0033e-008	8.7747e-008	8.632e-008	8.4749e-008	8.3251e-008	7.8714e-008	7.6418e-008	7.2953e-008	7.2396e-008	6.8282e-008	6.6951e-008	6.5701e-008	6.2688e-008	6.0673e-008	5.8736e-008	5.6973e-008	5.4938e-008	5.2539e-008	5.0464e-008	4.8818e-008	4.6039e-008	4.2797e-008	4.0786e-008	3.9108e-008	3.7185e-008	3.3929e-008	3.0227e-008	2.8566e-008	2.6226e-008	2.2995e-008	2.1618e-008	1.942e-008	1.7154e-008	1.4913e-008	1.2112e-008	1.0911e-008	9.1974e-009	7.1509e-009	5.9262e-009	5.7551e-009	5.4179e-009	5.5279e-009	5.1177e-009	5.0902e-009	5.0111e-009	5.5186e-009	5.5806e-009	5.5143e-009	5.6275e-009	5.3952e-009	5.6058e-009	6.0795e-009	6.9372e-009	7.4734e-009	8.0137e-009	1.143e-008	1.5631e-008	1.8586e-008	2.3674e-008	3.0717e-008	3.7227e-008	4.3138e-008	5.0174e-008	5.6e-008	6.2662e-008	6.6952e-008	7.0747e-008	7.734e-008	8.244e-008	8.505e-008	8.7875e-008	9.0566e-008	9.3059e-008	9.3573e-008	9.4945e-008	9.5142e-008	9.4651e-008	9.4516e-008	9.3815e-008	9.29e-008	9.1382e-008	8.9705e-008	8.7504e-008	8.562e-008	8.4081e-008	8.3308e-008	8.0804e-008	7.7651e-008	7.4619e-008	7.2487e-008	6.9763e-008	6.9302e-008	6.7517e-008	6.4782e-008	6.3368e-008	6.2497e-008	5.8513e-008	5.7292e-008	5.5254e-008	5.3652e-008	5.0962e-008	4.8767e-008	4.6193e-008	4.4379e-008	4.1528e-008	3.7358e-008	3.5792e-008	3.331e-008	3.1324e-008	2.9327e-008	2.6652e-008	2.456e-008	2.24e-008	2.0138e-008	1.7691e-008	1.531e-008	1.1965e-008	1.0527e-008	8.6419e-009	7.6287e-009	6.5987e-009	6.2683e-009	6.7566e-009	5.9724e-009	5.8763e-009	5.9836e-009	5.4693e-009	5.9806e-009	5.7842e-009	5.7682e-009	6.2217e-009	6.783e-009	8.2203e-009	1.0083e-008	1.2795e-008	1.6226e-008	1.915e-008	2.2378e-008	2.8854e-008	3.4608e-008	4.0584e-008	4.9051e-008	5.2934e-008	6.1419e-008	6.618e-008	7.1887e-008	7.77e-008	8.2002e-008	8.6584e-008	8.8947e-008	9.1085e-008	9.4233e-008	9.4758e-008	9.557e-008	9.5415e-008	9.5375e-008
2.4269e-009	1.9804e-009	2.0064e-009	2.626e-009	3.5443e-009	3.9033e-009	5.1662e-009	7.3845e-009	8.8219e-009	1.1824e-008	1.4562e-008	1.8383e-008	2.2696e-008	2.8145e-008	3.3856e-008	4.2945e-008	5.1232e-008	5.8211e-008	6.2995e-008	6.6604e-008	7.129e-008	7.4492e-008	7.621e-008	7.6993e-008	8.118e-008	8.2905e-008	8.4023e-008	8.5141e-008	8.6735e-008	8.751e-008	8.7228e-008	8.706e-008	8.6266e-008	8.5386e-008	8.4299e-008	8.3029e-008	8.142e-008	8.0546e-008	7.9733e-008	7.6913e-008	7.3871e-008	7.1498e-008	6.9141e-008	6.7036e-008	6.5673e-008	6.293e-008	6.1563e-008	5.9041e-008	5.7038e-008	5.371e-008	5.184e-008	4.9389e-008	4.7406e-008	4.5091e-008	4.2994e-008	4.1803e-008	4.0729e-008	3.6871e-008	3.5529e-008	3.4748e-008	3.2877e-008	3.0641e-008	2.8306e-008	2.645e-008	2.438e-008	2.2472e-008	2.0825e-008	1.9644e-008	1.8026e-008	1.6398e-008	1.4342e-008	1.3628e-008	1.334e-008	1.1282e-008	1.0236e-008	9.5872e-009	8.1309e-009	7.0934e-009	6.2752e-009	5.9093e-009	5.1608e-009	4.8566e-009	4.2175e-009	4.2574e-009	5.0091e-009	7.1373e-009	8.7756e-009	1.162e-008	1.3884e-008	1.5933e-008	2e-008	2.4563e-008	2.6927e-008	3.2357e-008	3.8579e-008	4.5529e-008	5.1372e-008	5.5667e-008	6.0877e-008	6.6545e-008	7.0351e-008	7.3898e-008	7.7706e-008	8.1355e-008	8.4175e-008	8.7083e-008	8.9344e-008	9.1443e-008	9.2646e-008	9.3266e-008	9.3248e-008	9.2673e-008	9.189e-008	9.1017e-008	8.9995e-008	8.7814e-008	8.4874e-008	8.3171e-008	8.0248e-008	7.7591e-008	7.4306e-008	7.3087e-008	7.0373e-008	7.0092e-008	6.8682e-008	6.6416e-008	6.541e-008	6.4214e-008	6.1347e-008	5.9874e-008	5.827e-008	5.6644e-008	5.2641e-008	4.872e-008	4.7928e-008	4.5703e-008	4.3701e-008	4.2293e-008	4.0053e-008	3.7366e-008	3.5091e-008	3.3985e-008	3.1819e-008	2.9054e-008	2.754e-008	2.5244e-008	2.3618e-008	2.158e-008	1.9586e-008	1.7122e-008	1.536e-008	1.4009e-008	1.2363e-008	1.0781e-008	8.4297e-009	7.0988e-009	6.162e-009	5.2094e-009	4.4518e-009	4.6221e-009	4.7799e-009	5.1985e-009	4.8272e-009	4.8173e-009	5.1404e-009	5.5204e-009	5.6057e-009	7.2507e-009	9.1172e-009	1.0849e-008	1.3183e-008	1.593e-008	1.9058e-008	2.3263e-008	3.1617e-008	4.0283e-008	4.6926e-008	5.3364e-008	6.0918e-008	6.7608e-008	7.2967e-008	7.9248e-008	8.2574e-008	8.8483e-008	9.0062e-008	9.1935e-008	9.29e-008	9.4478e-008	9.7088e-008	9.6734e-008	9.6454e-008	9.6177e-008	9.5041e-008	9.4196e-008	9.241e-008	9.0779e-008	8.9915e-008	8.9042e-008	8.838e-008	8.3734e-008	8.1299e-008	7.8813e-008	7.617e-008	7.3698e-008	7.2291e-008	7.1186e-008	7.0272e-008	6.7472e-008	6.4408e-008	6.2416e-008	6.0459e-008	5.8386e-008	5.5804e-008	5.3934e-008	5.1029e-008	4.8539e-008	4.6648e-008	4.4187e-008	4.0545e-008	3.8831e-008	3.4665e-008	3.2513e-008	3.1132e-008	2.8278e-008	2.5585e-008	2.2522e-008	2.0076e-008	1.8212e-008	1.5404e-008	1.4048e-008	1.2189e-008	9.4138e-009	7.8333e-009	6.2279e-009	5.6376e-009	5.2813e-009	5.0446e-009	5.2686e-009	5.2631e-009	5.4355e-009	5.2482e-009	5.0834e-009	4.9582e-009	5.5241e-009	5.4139e-009	5.5769e-009	6.0095e-009	6.0425e-009	6.3904e-009	8.7351e-009	1.0695e-008	1.305e-008	1.6824e-008	2.2916e-008	3.0307e-008	3.8075e-008	4.6711e-008	5.3564e-008	5.8185e-008	6.4827e-008	6.9545e-008	7.4458e-008	7.7992e-008	8.3651e-008	8.6319e-008	8.9095e-008	9.0486e-008	9.2232e-008	9.3347e-008	9.4753e-008	9.5212e-008	9.5126e-008	9.4356e-008	9.3496e-008	9.2328e-008	9.177e-008	9.0306e-008	8.8477e-008	8.6906e-008	8.5555e-008	8.3006e-008	8.1128e-008	7.8539e-008	7.7005e-008	7.5245e-008	7.3062e-008	6.864e-008	6.6164e-008	6.3934e-008	6.1723e-008	5.9414e-008	5.6547e-008	5.5733e-008	5.213e-008	5.1026e-008	4.7941e-008	4.4814e-008	4.0335e-008	3.9604e-008	3.8019e-008	3.3951e-008	3.2491e-008	2.9781e-008	2.7235e-008	2.4432e-008	2.2192e-008	1.9543e-008	1.7223e-008	1.4882e-008	1.2325e-008	1.0692e-008	9.5287e-009	7.5365e-009	6.4976e-009	6.1735e-009	5.8512e-009	5.8602e-009	5.5945e-009	4.65e-009	4.428e-009	4.8702e-009	4.8665e-009	4.529e-009	5.1701e-009	4.7103e-009	5.1945e-009	5.6984e-009	6.259e-009	7.8476e-009	9.7506e-009	1.2677e-008	1.4992e-008	1.9413e-008	2.5102e-008	3.1774e-008	3.9558e-008	4.4327e-008	5.017e-008	5.8874e-008	6.6316e-008	7.051e-008	7.3878e-008	7.6098e-008	7.9801e-008	8.1828e-008	8.5413e-008	8.8236e-008	9.0127e-008	9.1549e-008	9.3237e-008	9.3744e-008	9.4551e-008	9.4963e-008	9.4259e-008	9.3461e-008	9.2207e-008	9.0876e-008	8.8455e-008	8.6517e-008	8.5003e-008	8.2799e-008	7.9703e-008	7.6478e-008	7.4213e-008	7.256e-008	6.9325e-008	6.7362e-008	6.5401e-008	6.3269e-008	6.0408e-008	5.8849e-008	5.6594e-008	5.4619e-008	5.3301e-008	5.1563e-008	4.9184e-008	4.6215e-008	4.3913e-008	4.0511e-008	3.8715e-008	3.5693e-008	3.3625e-008	3.1302e-008	2.9316e-008	2.7565e-008	2.4036e-008	2.2109e-008	2.0507e-008	1.7587e-008	1.547e-008	1.3044e-008	1.06e-008	8.8321e-009	7.209e-009	6.3347e-009	6.1731e-009	5.8571e-009	5.5501e-009	5.524e-009	5.6589e-009	5.5488e-009	5.4659e-009	5.5251e-009	5.51e-009	5.4652e-009	5.6367e-009	6.0114e-009	6.1521e-009	6.6657e-009	7.5813e-009	9.3491e-009	1.1192e-008	1.468e-008	1.883e-008	2.4062e-008	3.1063e-008	3.7097e-008	4.3844e-008	5.0112e-008	5.7541e-008	6.3237e-008	6.7568e-008	7.3017e-008	7.7389e-008	8.194e-008	8.3955e-008	8.7992e-008	9.0643e-008	9.2702e-008	9.325e-008	9.4484e-008	9.4565e-008	9.4456e-008	9.4243e-008	9.3364e-008	9.2386e-008	9.0765e-008	8.9207e-008	8.7353e-008	8.5118e-008	8.3712e-008	8.3348e-008	8.0018e-008	7.5723e-008	7.4396e-008	7.2745e-008	7.0823e-008	6.9699e-008	6.8009e-008	6.5046e-008	6.3205e-008	6.16e-008	6.0121e-008	5.7651e-008	5.617e-008	5.3506e-008	5.1585e-008	4.8438e-008	4.6467e-008	4.4114e-008	4.1133e-008	3.7905e-008	3.5974e-008	3.3976e-008	3.115e-008	2.7831e-008	2.6135e-008	2.3815e-008	2.1981e-008	1.9508e-008	1.7427e-008	1.4756e-008	1.2357e-008	1.0615e-008	8.7633e-009	7.4649e-009	6.7989e-009	6.2639e-009	6.3714e-009	5.8254e-009	5.9786e-009	5.7423e-009	5.7642e-009	6.2922e-009	6.3991e-009	6.0042e-009	6.3117e-009	6.9462e-009	8.0023e-009	1.0188e-008	1.2721e-008	1.6463e-008	2.0623e-008	2.3082e-008	2.788e-008	3.4369e-008	4.1593e-008	4.8518e-008	5.3701e-008	6.0334e-008	6.6554e-008	7.1654e-008	7.6722e-008	8.1748e-008	8.6032e-008	8.9157e-008	9.327e-008	9.5493e-008	9.5263e-008	9.5971e-008	9.5304e-008	9.5354e-008
2.2227e-009	2.002e-009	2.1064e-009	2.7101e-009	2.9651e-009	4.3327e-009	4.7607e-009	7.4155e-009	9.194e-009	1.1462e-008	1.3098e-008	1.8553e-008	2.1143e-008	2.5922e-008	3.2704e-008	4.2197e-008	5.2112e-008	5.872e-008	6.3871e-008	6.8705e-008	7.2447e-008	7.4109e-008	7.6927e-008	7.8938e-008	8.0372e-008	8.3217e-008	8.3324e-008	8.63e-008	8.6763e-008	8.7343e-008	8.7531e-008	8.7206e-008	8.6674e-008	8.6033e-008	8.4718e-008	8.395e-008	8.3125e-008	8.1681e-008	8.0415e-008	7.6898e-008	7.4735e-008	7.1888e-008	6.9826e-008	6.7674e-008	6.5682e-008	6.278e-008	6.1365e-008	5.9994e-008	5.772e-008	5.4308e-008	5.1155e-008	4.8942e-008	4.6386e-008	4.4636e-008	4.3523e-008	4.1195e-008	4.0006e-008	3.6849e-008	3.568e-008	3.4627e-008	3.2539e-008	3.0281e-008	2.8234e-008	2.635e-008	2.4362e-008	2.261e-008	2.0972e-008	1.9757e-008	1.8354e-008	1.6011e-008	1.4857e-008	1.3802e-008	1.2573e-008	1.1359e-008	1.0582e-008	9.63e-009	8.1894e-009	6.6184e-009	6.2282e-009	5.99e-009	5.3452e-009	4.7735e-009	4.5293e-009	4.8092e-009	5.5679e-009	6.9714e-009	8.8314e-009	1.1356e-008	1.4124e-008	1.6836e-008	2.0818e-008	2.347e-008	2.8207e-008	3.327e-008	3.8118e-008	4.525e-008	5.1047e-008	5.5021e-008	6.0306e-008	6.5388e-008	6.9179e-008	7.4411e-008	7.7361e-008	8.1458e-008	8.5167e-008	8.6969e-008	8.8161e-008	8.9247e-008	9.218e-008	9.2903e-008	9.267e-008	9.2146e-008	9.1453e-008	9.102e-008	8.9564e-008	8.8448e-008	8.6348e-008	8.3082e-008	8.0052e-008	7.8284e-008	7.5681e-008	7.3289e-008	7.1652e-008	7.0723e-008	6.9528e-008	6.8014e-008	6.6654e-008	6.5376e-008	6.3044e-008	6.0076e-008	5.8553e-008	5.6418e-008	5.2874e-008	4.8206e-008	4.7498e-008	4.6156e-008	4.3667e-008	4.2156e-008	3.8099e-008	3.6616e-008	3.5484e-008	3.317e-008	3.1452e-008	2.8425e-008	2.6879e-008	2.5353e-008	2.418e-008	2.1763e-008	1.9109e-008	1.8203e-008	1.6e-008	1.3285e-008	1.2016e-008	9.4119e-009	7.8077e-009	6.6082e-009	6.3132e-009	5.5854e-009	4.4107e-009	4.2771e-009	4.7953e-009	4.9838e-009	4.9187e-009	4.7566e-009	5.232e-009	5.0789e-009	5.6732e-009	7.2319e-009	8.5462e-009	1.0988e-008	1.3982e-008	1.5344e-008	1.9021e-008	2.3625e-008	3.1197e-008	4.0922e-008	4.773e-008	5.359e-008	6.0839e-008	6.7802e-008	7.3036e-008	7.7565e-008	8.2642e-008	8.7601e-008	8.9263e-008	9.1973e-008	9.3453e-008	9.4606e-008	9.5814e-008	9.5825e-008	9.6833e-008	9.7855e-008	9.5394e-008	9.4258e-008	9.2606e-008	9.1392e-008	9.0542e-008	8.9365e-008	8.7885e-008	8.1088e-008	8.0922e-008	7.8882e-008	7.5902e-008	7.4172e-008	7.2627e-008	7.1243e-008	7.0408e-008	6.7064e-008	6.3975e-008	6.262e-008	6.0573e-008	5.7986e-008	5.6248e-008	5.4118e-008	5.0902e-008	4.8691e-008	4.6871e-008	4.1706e-008	3.8889e-008	3.6821e-008	3.5342e-008	3.159e-008	3.0013e-008	2.8988e-008	2.5433e-008	2.0766e-008	2.0096e-008	1.7989e-008	1.6106e-008	1.3566e-008	1.1735e-008	9.888e-009	7.5155e-009	6.2608e-009	5.1827e-009	5.1693e-009	5.0003e-009	5.2226e-009	5.2153e-009	5.4573e-009	4.998e-009	5.4557e-009	5.0264e-009	5.1993e-009	5.7134e-009	6.0263e-009	5.937e-009	6.2847e-009	7.1763e-009	9.5286e-009	1.1043e-008	1.4468e-008	1.8171e-008	2.3706e-008	3.1062e-008	3.8038e-008	4.6021e-008	5.2663e-008	5.6984e-008	6.2845e-008	6.8944e-008	7.4584e-008	7.968e-008	8.364e-008	8.9013e-008	9.02e-008	9.2259e-008	9.3285e-008	9.421e-008	9.4856e-008	9.5109e-008	9.5393e-008	9.5093e-008	9.4248e-008	9.3412e-008	9.2149e-008	9.0763e-008	8.911e-008	8.8054e-008	8.608e-008	8.2374e-008	8.0549e-008	7.8427e-008	7.6811e-008	7.5563e-008	7.2819e-008	6.8271e-008	6.6359e-008	6.4025e-008	6.2011e-008	6.0116e-008	5.7318e-008	5.6543e-008	5.4924e-008	5.1899e-008	4.8374e-008	4.6796e-008	4.3899e-008	4.0694e-008	3.8178e-008	3.5425e-008	3.2015e-008	2.9735e-008	2.668e-008	2.3586e-008	2.1554e-008	1.9223e-008	1.7713e-008	1.435e-008	1.2324e-008	1.0231e-008	8.6672e-009	7.1019e-009	6.3372e-009	5.9945e-009	5.6471e-009	5.3981e-009	5.3484e-009	4.9866e-009	4.3206e-009	4.5046e-009	5.8883e-009	5.6636e-009	4.8478e-009	4.5527e-009	5.0494e-009	5.3697e-009	6.2502e-009	7.8127e-009	9.8624e-009	1.2486e-008	1.5165e-008	1.9682e-008	2.4795e-008	3.0392e-008	3.4192e-008	4.2278e-008	4.9017e-008	5.8378e-008	6.5609e-008	7.0454e-008	7.4158e-008	7.6718e-008	7.9775e-008	8.3242e-008	8.6038e-008	8.7831e-008	8.9267e-008	9.1154e-008	9.3123e-008	9.4276e-008	9.4723e-008	9.5767e-008	9.5001e-008	9.3399e-008	9.2332e-008	9.1377e-008	8.8998e-008	8.6204e-008	8.512e-008	8.2352e-008	7.7983e-008	7.5382e-008	7.3998e-008	7.2608e-008	6.9822e-008	6.6818e-008	6.4726e-008	6.2745e-008	6.1483e-008	5.9433e-008	5.6893e-008	5.4816e-008	5.3401e-008	5.2449e-008	5.1255e-008	4.8406e-008	4.4539e-008	4.1502e-008	3.7991e-008	3.6142e-008	3.3865e-008	3.1486e-008	2.9655e-008	2.7766e-008	2.4014e-008	2.2581e-008	2.0644e-008	1.7847e-008	1.6582e-008	1.4131e-008	1.1359e-008	9.5054e-009	7.9217e-009	6.2868e-009	6.514e-009	6.11e-009	5.9096e-009	5.8968e-009	6.0018e-009	5.7541e-009	5.4425e-009	5.5636e-009	5.7869e-009	5.5512e-009	5.9231e-009	6.2284e-009	6.2293e-009	6.5724e-009	7.3293e-009	8.6801e-009	1.0554e-008	1.4422e-008	1.8153e-008	2.2876e-008	3.1172e-008	3.6807e-008	4.4296e-008	5.1288e-008	5.7918e-008	6.3798e-008	6.8013e-008	7.217e-008	7.6335e-008	8.0456e-008	8.5485e-008	8.8823e-008	9.0769e-008	9.1903e-008	9.3316e-008	9.4278e-008	9.4994e-008	9.5195e-008	9.4934e-008	9.3592e-008	9.2439e-008	9.073e-008	8.9066e-008	8.7119e-008	8.529e-008	8.3913e-008	8.251e-008	8.0979e-008	7.6713e-008	7.529e-008	7.3182e-008	7.1788e-008	7.0122e-008	6.7875e-008	6.5334e-008	6.3114e-008	6.1498e-008	5.997e-008	5.8377e-008	5.6641e-008	5.3948e-008	5.1407e-008	4.8944e-008	4.5682e-008	4.3362e-008	4.0828e-008	3.9022e-008	3.6505e-008	3.4158e-008	3.1013e-008	2.8182e-008	2.622e-008	2.4087e-008	2.1635e-008	1.9499e-008	1.7103e-008	1.5102e-008	1.3084e-008	1.0498e-008	8.827e-009	7.5516e-009	6.5577e-009	6.3364e-009	5.7297e-009	5.8189e-009	5.5376e-009	5.5713e-009	5.4924e-009	6.0322e-009	6.4817e-009	6.2673e-009	6.8764e-009	7.2812e-009	8.0345e-009	1.0686e-008	1.3166e-008	1.5898e-008	2.0113e-008	2.3536e-008	2.6688e-008	3.2681e-008	3.8632e-008	4.7255e-008	5.2374e-008	5.9808e-008	6.5349e-008	7.1185e-008	7.8113e-008	8.2097e-008	8.5572e-008	9.1204e-008	9.489e-008	9.5721e-008	9.6347e-008	9.6378e-008	9.5921e-008	9.5743e-008
1.7785e-009	2.123e-009	2.6906e-009	2.9738e-009	3.1469e-009	4.4169e-009	5.2054e-009	5.9824e-009	8.5074e-009	1.084e-008	1.242e-008	1.8058e-008	2.1487e-008	2.6765e-008	3.3414e-008	4.1758e-008	5.0961e-008	5.8588e-008	6.5085e-008	6.9283e-008	7.154e-008	7.5111e-008	7.7081e-008	7.9268e-008	8.1863e-008	8.3072e-008	8.5891e-008	8.6492e-008	8.7525e-008	8.7299e-008	8.7531e-008	8.701e-008	8.6467e-008	8.6037e-008	8.5224e-008	8.4342e-008	8.3403e-008	8.2263e-008	7.9048e-008	7.6173e-008	7.4386e-008	7.242e-008	6.973e-008	6.7432e-008	6.5482e-008	6.3835e-008	6.191e-008	5.9653e-008	5.6728e-008	5.3816e-008	5.1179e-008	4.9038e-008	4.6948e-008	4.4575e-008	4.2972e-008	4.1818e-008	4.0085e-008	3.846e-008	3.6076e-008	3.4492e-008	3.2122e-008	3.009e-008	2.7938e-008	2.5863e-008	2.4745e-008	2.2358e-008	2.0564e-008	1.9306e-008	1.8317e-008	1.6947e-008	1.4961e-008	1.4289e-008	1.2891e-008	1.186e-008	1.0324e-008	9.0039e-009	8.0685e-009	6.6535e-009	6.1147e-009	5.5523e-009	5.3189e-009	5.2964e-009	4.8838e-009	5.0466e-009	5.7738e-009	7.4678e-009	8.5919e-009	1.1798e-008	1.3195e-008	1.6637e-008	1.9914e-008	2.2095e-008	2.842e-008	3.2689e-008	3.7109e-008	4.4074e-008	4.8784e-008	5.5019e-008	5.9588e-008	6.4541e-008	6.8573e-008	7.5644e-008	7.7804e-008	8.2175e-008	8.4349e-008	8.6019e-008	8.6998e-008	8.9128e-008	9.0405e-008	9.1749e-008	9.1829e-008	9.1769e-008	9.1338e-008	9.0912e-008	8.9997e-008	8.8612e-008	8.5483e-008	8.3158e-008	7.9271e-008	7.7803e-008	7.5683e-008	7.2219e-008	7.157e-008	7.0514e-008	6.9578e-008	6.9343e-008	6.6882e-008	6.465e-008	6.2349e-008	6.0666e-008	5.8896e-008	5.6605e-008	5.3683e-008	5.1709e-008	4.9081e-008	4.5964e-008	4.3476e-008	4.3304e-008	3.912e-008	3.6469e-008	3.5784e-008	3.3085e-008	3.0398e-008	2.8715e-008	2.6887e-008	2.5229e-008	2.3511e-008	2.1118e-008	1.9095e-008	1.7278e-008	1.4735e-008	1.344e-008	1.1883e-008	9.5618e-009	8.1028e-009	6.6334e-009	5.8126e-009	5.1524e-009	4.3933e-009	3.9584e-009	4.3722e-009	4.1904e-009	4.2381e-009	4.9919e-009	5.2192e-009	5.1754e-009	5.2741e-009	6.5055e-009	8.1077e-009	1.0124e-008	1.2395e-008	1.5076e-008	1.8001e-008	2.3209e-008	3.139e-008	4.1145e-008	4.8157e-008	5.4891e-008	6.0893e-008	6.4337e-008	7.2118e-008	7.7205e-008	8.0444e-008	8.5787e-008	8.929e-008	9.0842e-008	9.2085e-008	9.3933e-008	9.547e-008	9.6332e-008	9.7442e-008	9.7247e-008	9.4875e-008	9.4211e-008	9.3301e-008	9.1929e-008	9.0658e-008	8.9363e-008	8.7959e-008	8.4838e-008	8.1368e-008	7.8153e-008	7.541e-008	7.37e-008	7.2117e-008	7.1083e-008	7.0184e-008	6.8494e-008	6.5176e-008	6.2149e-008	5.9692e-008	5.6746e-008	5.5258e-008	5.3799e-008	5.0855e-008	4.7498e-008	4.6519e-008	4.2099e-008	3.99e-008	3.7568e-008	3.2638e-008	3.064e-008	2.9616e-008	2.823e-008	2.5458e-008	2.2735e-008	2.0252e-008	1.7794e-008	1.5827e-008	1.3074e-008	1.1381e-008	9.6689e-009	7.9913e-009	5.9101e-009	4.7602e-009	4.6142e-009	4.5697e-009	4.7175e-009	4.9184e-009	4.8325e-009	4.5898e-009	5.2849e-009	5.1711e-009	5.0968e-009	5.3703e-009	5.4681e-009	6.1406e-009	6.1051e-009	6.9465e-009	9.101e-009	1.1038e-008	1.4337e-008	1.7989e-008	2.3881e-008	3.0978e-008	3.8005e-008	4.5574e-008	5.1354e-008	5.6359e-008	6.1557e-008	6.8525e-008	7.4554e-008	7.9545e-008	8.4662e-008	8.9891e-008	9.0722e-008	9.2309e-008	9.3411e-008	9.3974e-008	9.4573e-008	9.4724e-008	9.5462e-008	9.5295e-008	9.4748e-008	9.4258e-008	9.2589e-008	9.0897e-008	8.918e-008	8.7726e-008	8.5038e-008	8.2789e-008	8.0439e-008	7.8117e-008	7.628e-008	7.4033e-008	6.9419e-008	6.842e-008	6.6336e-008	6.4405e-008	6.179e-008	6.0373e-008	5.8597e-008	5.5794e-008	5.3168e-008	5.1499e-008	4.8264e-008	4.572e-008	4.2919e-008	4.0317e-008	3.6714e-008	3.5213e-008	3.216e-008	2.9589e-008	2.6868e-008	2.3427e-008	2.107e-008	1.9457e-008	1.748e-008	1.4633e-008	1.1894e-008	9.9704e-009	8.6328e-009	6.9726e-009	6.1373e-009	5.6935e-009	5.1951e-009	5.1639e-009	5.0434e-009	4.624e-009	4.1812e-009	4.4363e-009	5.1008e-009	4.5941e-009	3.9457e-009	3.983e-009	5.0152e-009	5.6304e-009	6.075e-009	7.6534e-009	1.0135e-008	1.204e-008	1.4889e-008	2.0043e-008	2.4028e-008	2.9558e-008	3.6312e-008	4.2792e-008	4.7954e-008	5.6362e-008	6.4559e-008	6.9523e-008	7.4011e-008	7.7045e-008	7.992e-008	8.2931e-008	8.4631e-008	8.7768e-008	8.9231e-008	9.1008e-008	9.2551e-008	9.3826e-008	9.5111e-008	9.5446e-008	9.4687e-008	9.3616e-008	9.222e-008	9.1027e-008	8.8966e-008	8.6716e-008	8.5197e-008	8.2799e-008	7.9295e-008	7.6178e-008	7.4152e-008	7.2497e-008	6.9582e-008	6.6219e-008	6.4971e-008	6.289e-008	6.1105e-008	5.9487e-008	5.7731e-008	5.5456e-008	5.3384e-008	5.2377e-008	5.0538e-008	4.7833e-008	4.5092e-008	4.1233e-008	3.876e-008	3.5799e-008	3.3597e-008	3.2088e-008	2.9911e-008	2.7651e-008	2.3889e-008	2.3004e-008	2.1038e-008	1.9096e-008	1.6794e-008	1.4734e-008	1.1512e-008	9.9425e-009	7.4222e-009	6.1892e-009	6.0139e-009	5.749e-009	5.8214e-009	5.68e-009	6.2134e-009	5.7884e-009	5.3332e-009	5.5424e-009	5.6254e-009	5.2796e-009	5.4508e-009	5.9971e-009	6.1154e-009	6.03e-009	6.8749e-009	8.0847e-009	1.1462e-008	1.4188e-008	1.7643e-008	2.3788e-008	2.9909e-008	3.7193e-008	4.3937e-008	5.1467e-008	5.8042e-008	6.4023e-008	6.6864e-008	7.2724e-008	7.7043e-008	7.894e-008	8.281e-008	8.7261e-008	9.0448e-008	9.2344e-008	9.3007e-008	9.3675e-008	9.4624e-008	9.52e-008	9.5405e-008	9.3885e-008	9.2666e-008	9.1729e-008	8.8788e-008	8.6916e-008	8.4531e-008	8.256e-008	8.1049e-008	7.8977e-008	7.5649e-008	7.4764e-008	7.3756e-008	7.1941e-008	7.0828e-008	6.7649e-008	6.4852e-008	6.307e-008	6.1123e-008	5.9402e-008	5.7514e-008	5.5637e-008	5.2633e-008	5.087e-008	4.9069e-008	4.677e-008	4.3274e-008	4.0891e-008	3.7806e-008	3.4747e-008	3.3159e-008	3.1322e-008	2.8888e-008	2.5983e-008	2.4053e-008	2.1954e-008	1.9107e-008	1.6713e-008	1.4651e-008	1.2807e-008	1.0205e-008	9.0293e-009	7.3993e-009	6.0023e-009	5.6499e-009	5.8494e-009	5.7614e-009	5.4715e-009	5.1195e-009	5.0822e-009	5.6673e-009	5.731e-009	5.7017e-009	6.2028e-009	7.2413e-009	8.1871e-009	1.0179e-008	1.2986e-008	1.5022e-008	2.0031e-008	2.2865e-008	2.729e-008	3.2061e-008	3.7969e-008	4.5767e-008	5.1549e-008	5.8655e-008	6.513e-008	6.999e-008	7.69e-008	8.0435e-008	8.5885e-008	9.1318e-008	9.3272e-008	9.4573e-008	9.6007e-008	9.6162e-008	9.6676e-008	9.6474e-008
1.887e-009	2.2071e-009	2.6963e-009	2.818e-009	2.9764e-009	4.206e-009	4.9568e-009	6.0117e-009	8.2658e-009	1.1179e-008	1.3707e-008	1.7914e-008	2.1187e-008	2.6352e-008	3.3735e-008	4.2894e-008	5.0668e-008	5.826e-008	6.4865e-008	6.8341e-008	7.2128e-008	7.5466e-008	7.7848e-008	7.9924e-008	8.2246e-008	8.3915e-008	8.7132e-008	8.709e-008	8.9051e-008	8.8323e-008	8.7561e-008	8.7571e-008	8.7507e-008	8.7132e-008	8.5889e-008	8.4629e-008	8.3245e-008	8.2212e-008	7.9074e-008	7.6532e-008	7.4705e-008	7.3639e-008	7.0671e-008	6.7359e-008	6.5875e-008	6.3788e-008	6.2961e-008	5.9906e-008	5.7496e-008	5.4253e-008	5.2807e-008	4.8097e-008	4.7078e-008	4.4505e-008	4.2969e-008	4.1727e-008	3.9436e-008	3.8045e-008	3.6158e-008	3.4083e-008	3.1756e-008	2.9811e-008	2.8433e-008	2.6436e-008	2.5069e-008	2.3855e-008	2.0999e-008	1.8786e-008	1.7813e-008	1.6904e-008	1.5537e-008	1.3566e-008	1.2473e-008	1.1639e-008	1.0026e-008	9.0575e-009	7.8061e-009	7.237e-009	6.2581e-009	6.1312e-009	5.1106e-009	4.9246e-009	4.778e-009	4.8247e-009	5.6282e-009	7.482e-009	8.9357e-009	1.1846e-008	1.3889e-008	1.6397e-008	1.9337e-008	2.1978e-008	2.6282e-008	3.2418e-008	3.8204e-008	4.4424e-008	5.1067e-008	5.5427e-008	5.9274e-008	6.464e-008	7.0356e-008	7.4499e-008	7.9002e-008	8.2127e-008	8.5663e-008	8.5933e-008	8.719e-008	8.818e-008	9.0172e-008	9.0846e-008	9.1068e-008	9.0913e-008	9.1067e-008	9.0545e-008	8.9402e-008	8.8079e-008	8.4876e-008	8.3451e-008	7.9679e-008	7.7816e-008	7.5509e-008	7.3689e-008	7.2391e-008	7.0791e-008	6.9299e-008	6.8599e-008	6.6579e-008	6.4286e-008	6.2512e-008	6.0501e-008	5.8719e-008	5.612e-008	5.4394e-008	5.138e-008	4.7825e-008	4.6551e-008	4.3542e-008	4.278e-008	4.1156e-008	3.7831e-008	3.5321e-008	3.2652e-008	3.0749e-008	2.8848e-008	2.7647e-008	2.6309e-008	2.3434e-008	2.1342e-008	1.9511e-008	1.74e-008	1.4883e-008	1.3192e-008	1.1282e-008	9.6361e-009	8.1239e-009	6.7906e-009	5.7726e-009	4.775e-009	4.5523e-009	4.121e-009	3.9703e-009	4.1847e-009	4.691e-009	4.7007e-009	4.9214e-009	5.1353e-009	5.2518e-009	6.3995e-009	8.0007e-009	9.7412e-009	1.275e-008	1.5103e-008	1.8431e-008	2.3974e-008	3.1832e-008	4.1818e-008	4.9065e-008	5.3921e-008	6.0583e-008	6.5901e-008	7.1909e-008	7.591e-008	8.1107e-008	8.3967e-008	8.8474e-008	9.0473e-008	9.1503e-008	9.3839e-008	9.621e-008	9.7552e-008	9.7867e-008	9.7531e-008	9.5976e-008	9.4449e-008	9.3783e-008	9.2328e-008	9.0288e-008	8.8708e-008	8.7607e-008	8.4724e-008	8.3296e-008	7.9657e-008	7.8722e-008	7.551e-008	7.269e-008	7.1367e-008	7.0121e-008	6.791e-008	6.6185e-008	6.3158e-008	6.0708e-008	5.7349e-008	5.5471e-008	5.3955e-008	5.218e-008	4.7619e-008	4.6369e-008	4.2782e-008	4.0041e-008	3.8327e-008	3.5592e-008	3.2327e-008	2.9984e-008	2.6683e-008	2.417e-008	2.284e-008	1.9902e-008	1.8056e-008	1.5351e-008	1.3194e-008	1.1338e-008	9.0252e-009	7.3012e-009	5.5959e-009	4.8618e-009	4.5153e-009	4.6256e-009	4.3062e-009	4.4885e-009	4.4113e-009	4.6257e-009	5.0124e-009	4.9688e-009	4.8312e-009	5.3591e-009	5.3717e-009	6.2897e-009	7.0171e-009	7.6082e-009	9.4603e-009	1.1027e-008	1.3985e-008	1.8093e-008	2.5089e-008	3.2626e-008	3.949e-008	4.6574e-008	5.3128e-008	5.7765e-008	6.3731e-008	6.9029e-008	7.553e-008	8.167e-008	8.626e-008	8.9736e-008	9.0771e-008	9.1971e-008	9.3891e-008	9.4729e-008	9.4639e-008	9.4685e-008	9.5691e-008	9.583e-008	9.6197e-008	9.5179e-008	9.2836e-008	9.1716e-008	8.9917e-008	8.6826e-008	8.5673e-008	8.4382e-008	8.0102e-008	7.7506e-008	7.5832e-008	7.4084e-008	7.19e-008	6.9537e-008	6.6795e-008	6.5339e-008	6.1504e-008	6.0728e-008	5.9373e-008	5.7293e-008	5.1197e-008	5.0644e-008	4.8185e-008	4.5661e-008	4.368e-008	4.0411e-008	3.841e-008	3.4532e-008	3.2381e-008	2.9803e-008	2.5981e-008	2.3049e-008	2.1814e-008	1.8444e-008	1.6674e-008	1.4152e-008	1.2016e-008	1.0188e-008	7.8898e-009	6.7437e-009	6.6028e-009	5.5564e-009	4.9022e-009	4.9397e-009	4.5662e-009	4.4496e-009	4.4752e-009	4.7119e-009	4.6727e-009	4.2678e-009	3.8679e-009	4.5413e-009	5.3629e-009	6.01e-009	6.6627e-009	7.3073e-009	1.0185e-008	1.3032e-008	1.5512e-008	2.0904e-008	2.4431e-008	3.0591e-008	3.5794e-008	4.1845e-008	4.8908e-008	5.6871e-008	6.3778e-008	6.9403e-008	7.3996e-008	7.7213e-008	7.9602e-008	8.3877e-008	8.5665e-008	8.8149e-008	8.9595e-008	9.1348e-008	9.2608e-008	9.3762e-008	9.5305e-008	9.6154e-008	9.6096e-008	9.449e-008	9.3294e-008	9.1538e-008	9.01e-008	8.8117e-008	8.5291e-008	7.8507e-008	7.7828e-008	7.6753e-008	7.4794e-008	7.2558e-008	7.0185e-008	6.7334e-008	6.5807e-008	6.4325e-008	6.2033e-008	5.9874e-008	5.859e-008	5.6224e-008	5.3909e-008	5.2742e-008	5.1813e-008	4.8347e-008	4.574e-008	4.2634e-008	3.8614e-008	3.6457e-008	3.3761e-008	3.2072e-008	2.9689e-008	2.7698e-008	2.5636e-008	2.3695e-008	2.1376e-008	1.9828e-008	1.7019e-008	1.5296e-008	1.178e-008	1.0321e-008	8.9103e-009	8.0085e-009	6.5016e-009	6.1879e-009	5.9138e-009	5.7857e-009	6.0991e-009	5.9871e-009	5.86e-009	5.7101e-009	5.6461e-009	5.1334e-009	5.4757e-009	5.8988e-009	6.2888e-009	6.4719e-009	7.1753e-009	9.3335e-009	1.1605e-008	1.4218e-008	1.8023e-008	2.3706e-008	2.8348e-008	3.5533e-008	4.3732e-008	5.0489e-008	5.754e-008	6.4066e-008	6.5815e-008	7.162e-008	7.7285e-008	7.9555e-008	8.2691e-008	8.7748e-008	8.987e-008	9.1624e-008	9.2727e-008	9.3773e-008	9.4299e-008	9.6355e-008	9.5571e-008	9.4427e-008	9.3565e-008	9.1894e-008	8.9748e-008	8.6104e-008	8.4633e-008	8.339e-008	8.1132e-008	7.9629e-008	7.6897e-008	7.5385e-008	7.4702e-008	7.2267e-008	7.0761e-008	6.9121e-008	6.5688e-008	6.2944e-008	6.1276e-008	5.9404e-008	5.7714e-008	5.531e-008	5.2806e-008	5.1211e-008	4.9182e-008	4.7156e-008	4.3826e-008	4.1665e-008	3.8291e-008	3.5982e-008	3.3368e-008	3.2337e-008	2.974e-008	2.6093e-008	2.3759e-008	2.0787e-008	1.8486e-008	1.6914e-008	1.5209e-008	1.2248e-008	1.0897e-008	8.8042e-009	6.9869e-009	6.6021e-009	6.6461e-009	6.1857e-009	5.9894e-009	5.8753e-009	5.5116e-009	5.4949e-009	5.9539e-009	5.5324e-009	5.9323e-009	6.5348e-009	7.0476e-009	8.1514e-009	1.0148e-008	1.2133e-008	1.5217e-008	1.9689e-008	2.3126e-008	2.7534e-008	3.174e-008	3.8589e-008	4.5363e-008	5.2379e-008	5.8304e-008	6.4786e-008	7.0478e-008	7.6571e-008	8.0065e-008	8.4166e-008	8.9975e-008	9.1756e-008	9.3892e-008	9.5797e-008	9.6883e-008	9.7117e-008	9.737e-008
2.3222e-009	2.7172e-009	3.0834e-009	2.6598e-009	3.2205e-009	3.98e-009	4.9237e-009	6.2465e-009	7.4344e-009	1.079e-008	1.3535e-008	1.7619e-008	2.1136e-008	2.5881e-008	3.3774e-008	4.3421e-008	5.2054e-008	5.7439e-008	6.2181e-008	6.6644e-008	7.2599e-008	7.6388e-008	7.9268e-008	8.0503e-008	8.4534e-008	8.6191e-008	8.787e-008	8.8388e-008	8.954e-008	8.8889e-008	8.7857e-008	8.7657e-008	8.794e-008	8.7342e-008	8.5774e-008	8.4799e-008	8.326e-008	8.2344e-008	7.9693e-008	7.6644e-008	7.4813e-008	7.4311e-008	7.1736e-008	6.8973e-008	6.7289e-008	6.4569e-008	6.3337e-008	6.0023e-008	5.7482e-008	5.4644e-008	5.3306e-008	4.8365e-008	4.7909e-008	4.4616e-008	4.3206e-008	4.1656e-008	3.9886e-008	3.8157e-008	3.67e-008	3.4425e-008	3.0826e-008	3.0057e-008	2.8766e-008	2.6945e-008	2.5308e-008	2.3755e-008	2.1301e-008	1.9395e-008	1.724e-008	1.6536e-008	1.5142e-008	1.3415e-008	1.2639e-008	1.1678e-008	9.8182e-009	8.7858e-009	7.5702e-009	6.8015e-009	6.6362e-009	5.7922e-009	5.242e-009	4.6106e-009	4.2593e-009	4.7295e-009	5.3958e-009	7.2683e-009	9.2831e-009	1.1183e-008	1.3348e-008	1.6442e-008	1.9147e-008	2.304e-008	2.561e-008	3.1445e-008	3.772e-008	4.2945e-008	5.1539e-008	5.5893e-008	5.9045e-008	6.4374e-008	7.0465e-008	7.5903e-008	7.9257e-008	8.3119e-008	8.5685e-008	8.6727e-008	8.6693e-008	8.7103e-008	8.9182e-008	9.0432e-008	9.0676e-008	9.0769e-008	9.0335e-008	8.9379e-008	8.8657e-008	8.7289e-008	8.5342e-008	8.3487e-008	8.1335e-008	7.8119e-008	7.557e-008	7.4035e-008	7.2677e-008	7.0023e-008	6.893e-008	6.7415e-008	6.5956e-008	6.4168e-008	6.3034e-008	6.1775e-008	5.963e-008	5.8399e-008	5.511e-008	5.3342e-008	5.0589e-008	4.5517e-008	4.3907e-008	4.2448e-008	4.0949e-008	3.8028e-008	3.471e-008	3.2977e-008	3.1109e-008	2.9096e-008	2.7406e-008	2.5832e-008	2.355e-008	2.118e-008	1.8743e-008	1.5934e-008	1.4139e-008	1.3456e-008	1.1175e-008	9.538e-009	8.2224e-009	7.1777e-009	6.0015e-009	5.0225e-009	4.5008e-009	4.6416e-009	4.8086e-009	5.1847e-009	4.7825e-009	5.1762e-009	5.0817e-009	5.2832e-009	5.6653e-009	6.0738e-009	7.9443e-009	1.0143e-008	1.1147e-008	1.4534e-008	1.8853e-008	2.4637e-008	3.2442e-008	4.1872e-008	4.8362e-008	5.4764e-008	6.1047e-008	6.761e-008	7.297e-008	7.7928e-008	8.1627e-008	8.3625e-008	8.7481e-008	8.9781e-008	9.2097e-008	9.3893e-008	9.6417e-008	9.7145e-008	9.7631e-008	9.7877e-008	9.7321e-008	9.644e-008	9.5973e-008	9.435e-008	9.0115e-008	8.8371e-008	8.6533e-008	8.466e-008	8.2598e-008	8.0389e-008	7.888e-008	7.4778e-008	7.2733e-008	7.1357e-008	7.001e-008	6.7678e-008	6.5784e-008	6.3123e-008	6.0038e-008	5.7454e-008	5.5249e-008	5.3091e-008	5.1273e-008	4.7894e-008	4.5791e-008	4.2422e-008	4.0434e-008	3.7914e-008	3.5705e-008	3.1473e-008	3.0093e-008	2.7116e-008	2.4128e-008	2.2857e-008	1.9431e-008	1.7503e-008	1.3803e-008	1.2212e-008	1.0308e-008	8.3408e-009	6.8611e-009	5.8126e-009	5.0222e-009	4.5482e-009	4.778e-009	4.7408e-009	5.321e-009	4.3537e-009	4.5649e-009	4.9653e-009	4.6468e-009	4.4434e-009	5.5799e-009	6.2296e-009	6.7674e-009	6.8709e-009	7.6185e-009	9.0578e-009	1.1234e-008	1.3434e-008	1.8335e-008	2.5403e-008	3.2376e-008	3.8343e-008	4.4918e-008	5.2403e-008	5.8511e-008	6.4747e-008	6.7745e-008	7.5082e-008	8.0776e-008	8.4592e-008	8.6765e-008	9.0457e-008	9.2414e-008	9.3595e-008	9.4604e-008	9.5271e-008	9.6579e-008	9.6887e-008	9.684e-008	9.6704e-008	9.6323e-008	9.4952e-008	9.2304e-008	9.0372e-008	8.7106e-008	8.5788e-008	8.4623e-008	8.2651e-008	7.9581e-008	7.7137e-008	7.5068e-008	7.2511e-008	7.0509e-008	6.8402e-008	6.5254e-008	6.4594e-008	6.1414e-008	6.0181e-008	5.6983e-008	5.2782e-008	5.054e-008	4.8171e-008	4.5293e-008	4.2918e-008	3.984e-008	3.8513e-008	3.4664e-008	3.2552e-008	2.9309e-008	2.7058e-008	2.4162e-008	2.1269e-008	1.8403e-008	1.6733e-008	1.4319e-008	1.254e-008	1.0359e-008	8.5617e-009	7.205e-009	6.3276e-009	5.7288e-009	5.5281e-009	4.9216e-009	4.6953e-009	4.4264e-009	4.7272e-009	4.8069e-009	5.2952e-009	5.0837e-009	4.4371e-009	4.5684e-009	5.2052e-009	6.5175e-009	6.9905e-009	8.1661e-009	1.0241e-008	1.3059e-008	1.7313e-008	2.1681e-008	2.626e-008	2.9949e-008	3.4795e-008	4.2358e-008	4.997e-008	5.798e-008	6.4554e-008	7.0138e-008	7.4468e-008	7.7757e-008	8.0561e-008	8.3804e-008	8.7578e-008	8.8448e-008	8.999e-008	9.1321e-008	9.2901e-008	9.4214e-008	9.5597e-008	9.7121e-008	9.6614e-008	9.5496e-008	9.3773e-008	9.2942e-008	9.1264e-008	8.7829e-008	8.6755e-008	8.2069e-008	7.8836e-008	7.6667e-008	7.5211e-008	7.3534e-008	7.2153e-008	6.9298e-008	6.6766e-008	6.4824e-008	6.3076e-008	6.1678e-008	5.9744e-008	5.7665e-008	5.5984e-008	5.4411e-008	5.1637e-008	4.7036e-008	4.5652e-008	4.2651e-008	3.9418e-008	3.6172e-008	3.4658e-008	3.2319e-008	3.0256e-008	2.8128e-008	2.6496e-008	2.3155e-008	2.1531e-008	1.9676e-008	1.7843e-008	1.591e-008	1.3711e-008	1.1385e-008	9.7969e-009	8.727e-009	7.7213e-009	6.8134e-009	5.7545e-009	6.2616e-009	6.2772e-009	6.5333e-009	6.1186e-009	5.8622e-009	5.8195e-009	5.587e-009	5.5711e-009	6.0475e-009	6.2748e-009	6.6434e-009	7.672e-009	9.1185e-009	1.1449e-008	1.3907e-008	1.7402e-008	2.3273e-008	2.8304e-008	3.5046e-008	4.2686e-008	4.9406e-008	5.669e-008	6.4323e-008	6.7914e-008	7.4584e-008	7.6612e-008	8.0976e-008	8.5222e-008	8.7083e-008	9.0007e-008	9.157e-008	9.3411e-008	9.3776e-008	9.4478e-008	9.648e-008	9.6223e-008	9.448e-008	9.3573e-008	9.1864e-008	8.9984e-008	8.9047e-008	8.8139e-008	8.4454e-008	8.2198e-008	7.876e-008	7.6591e-008	7.4513e-008	7.3535e-008	7.2416e-008	7.0608e-008	6.9181e-008	6.5429e-008	6.3763e-008	6.1592e-008	5.865e-008	5.7962e-008	5.5623e-008	5.3347e-008	5.1106e-008	4.9232e-008	4.754e-008	4.5158e-008	4.1132e-008	3.856e-008	3.6562e-008	3.442e-008	3.1945e-008	2.823e-008	2.6274e-008	2.2977e-008	2.0529e-008	1.8785e-008	1.6493e-008	1.3957e-008	1.2316e-008	1.0757e-008	8.3793e-009	7.0553e-009	6.8128e-009	6.3822e-009	5.8812e-009	5.8505e-009	5.8893e-009	5.3052e-009	5.4237e-009	5.9249e-009	5.6588e-009	6.0605e-009	6.4971e-009	7.3109e-009	8.5163e-009	1.0024e-008	1.2275e-008	1.5731e-008	2.0212e-008	2.3693e-008	2.7421e-008	3.2305e-008	3.9148e-008	4.6192e-008	5.2523e-008	5.8276e-008	6.4989e-008	7.1329e-008	7.7434e-008	8.1907e-008	8.628e-008	8.8917e-008	9.1189e-008	9.3913e-008	9.5385e-008	9.6887e-008	9.744e-008	9.7815e-008
1.6389e-009	2.526e-009	2.6192e-009	2.6804e-009	2.7307e-009	3.0599e-009	3.6844e-009	5.5142e-009	6.5761e-009	1.0771e-008	1.2306e-008	1.7052e-008	2.0563e-008	2.6173e-008	3.5117e-008	4.4814e-008	5.2798e-008	5.8296e-008	6.5105e-008	6.8031e-008	7.236e-008	7.6603e-008	7.9949e-008	8.1755e-008	8.514e-008	8.579e-008	8.7311e-008	8.7957e-008	8.8837e-008	8.88e-008	8.7961e-008	8.7442e-008	8.7724e-008	8.6921e-008	8.5589e-008	8.4273e-008	8.2998e-008	8.278e-008	7.9795e-008	7.7429e-008	7.5853e-008	7.4509e-008	7.2271e-008	6.8722e-008	6.6702e-008	6.5114e-008	6.2596e-008	5.9506e-008	5.729e-008	5.5671e-008	5.3018e-008	5.0862e-008	4.8059e-008	4.5796e-008	4.3923e-008	4.185e-008	4.0216e-008	3.8185e-008	3.5432e-008	3.355e-008	3.2015e-008	2.9965e-008	2.8665e-008	2.6643e-008	2.4283e-008	2.2738e-008	2.1253e-008	1.9171e-008	1.7125e-008	1.5862e-008	1.4385e-008	1.2437e-008	1.1713e-008	1.0122e-008	9.1259e-009	8.4205e-009	7.9958e-009	6.4816e-009	5.8479e-009	5.7976e-009	4.4364e-009	3.839e-009	3.6089e-009	4.0596e-009	4.9997e-009	6.7219e-009	8.5875e-009	1.0642e-008	1.3301e-008	1.5743e-008	1.9451e-008	2.2055e-008	2.3536e-008	3.0518e-008	3.7972e-008	4.1392e-008	5.0134e-008	5.5676e-008	5.8736e-008	6.4194e-008	7.0024e-008	7.5024e-008	7.8832e-008	8.3051e-008	8.4845e-008	8.6369e-008	8.6261e-008	8.8e-008	8.9644e-008	8.986e-008	9.0073e-008	9.0055e-008	8.9542e-008	8.8845e-008	8.7612e-008	8.6564e-008	8.5221e-008	8.3614e-008	8.0987e-008	7.6307e-008	7.6403e-008	7.4104e-008	7.2251e-008	7.057e-008	6.8428e-008	6.7118e-008	6.5072e-008	6.2948e-008	6.1884e-008	6.0784e-008	6.005e-008	5.8191e-008	5.5061e-008	5.239e-008	4.8983e-008	4.6631e-008	4.4528e-008	4.0935e-008	3.9594e-008	3.6435e-008	3.4862e-008	3.2612e-008	3.0519e-008	2.9267e-008	2.6862e-008	2.5458e-008	2.2834e-008	2.0635e-008	1.8172e-008	1.5607e-008	1.4507e-008	1.3364e-008	1.115e-008	9.5204e-009	7.9661e-009	6.6158e-009	5.7222e-009	5.2837e-009	4.8609e-009	4.8054e-009	4.6074e-009	5.0213e-009	4.7401e-009	5.0062e-009	5.0582e-009	5.2227e-009	5.5586e-009	6.2116e-009	7.8714e-009	8.4237e-009	1.064e-008	1.3274e-008	1.8416e-008	2.5016e-008	3.2964e-008	4.0741e-008	4.6691e-008	5.2464e-008	5.9186e-008	6.3465e-008	7.1124e-008	7.6824e-008	7.9055e-008	8.3283e-008	8.6289e-008	8.894e-008	9.1057e-008	9.3932e-008	9.5194e-008	9.5879e-008	9.7213e-008	9.7983e-008	9.782e-008	9.7441e-008	9.66e-008	9.4529e-008	9.1985e-008	9.0014e-008	8.5991e-008	8.4814e-008	8.358e-008	8.2075e-008	7.9076e-008	7.7088e-008	7.3308e-008	7.1066e-008	6.9307e-008	6.6979e-008	6.447e-008	6.2786e-008	6.0546e-008	5.8168e-008	5.5135e-008	5.25e-008	5.1018e-008	4.9182e-008	4.6533e-008	4.1454e-008	3.9936e-008	3.7984e-008	3.5262e-008	3.1169e-008	2.9374e-008	2.665e-008	2.4314e-008	1.993e-008	1.7461e-008	1.6363e-008	1.3881e-008	1.1576e-008	9.7301e-009	7.5078e-009	6.1675e-009	5.8934e-009	4.5378e-009	4.3255e-009	5.0478e-009	5.5672e-009	4.9945e-009	4.2322e-009	4.4682e-009	4.7015e-009	4.6854e-009	5.2724e-009	6.1186e-009	6.2411e-009	6.5563e-009	6.5677e-009	7.0107e-009	8.8374e-009	1.043e-008	1.2492e-008	1.8424e-008	2.6348e-008	3.3394e-008	3.8194e-008	4.4623e-008	5.1908e-008	5.8875e-008	6.4666e-008	6.9534e-008	7.5225e-008	7.9254e-008	8.4723e-008	8.908e-008	9.1102e-008	9.2674e-008	9.3561e-008	9.4549e-008	9.5265e-008	9.5879e-008	9.6491e-008	9.6894e-008	9.7197e-008	9.6598e-008	9.5348e-008	9.337e-008	9.0515e-008	8.7256e-008	8.513e-008	8.4388e-008	8.1366e-008	7.9154e-008	7.5701e-008	7.4759e-008	7.2726e-008	7.0578e-008	6.8801e-008	6.7382e-008	6.5201e-008	6.3665e-008	5.9859e-008	5.6015e-008	5.3989e-008	5.0527e-008	4.8025e-008	4.5281e-008	4.2639e-008	4.1e-008	3.6993e-008	3.4706e-008	3.2143e-008	3.0073e-008	2.7909e-008	2.3791e-008	2.1624e-008	1.8248e-008	1.6964e-008	1.375e-008	1.2427e-008	9.6921e-009	7.9815e-009	6.8537e-009	5.809e-009	5.4213e-009	5.2338e-009	5.1366e-009	4.8506e-009	4.9504e-009	4.7606e-009	4.9522e-009	5.1833e-009	5.0665e-009	4.6629e-009	4.556e-009	5.1508e-009	6.7868e-009	6.8484e-009	7.4896e-009	1.0255e-008	1.3161e-008	1.7985e-008	2.2459e-008	2.682e-008	3.1025e-008	3.6712e-008	4.3497e-008	5.0855e-008	5.8318e-008	6.5404e-008	6.9475e-008	7.4478e-008	7.8669e-008	8.0218e-008	8.2539e-008	8.7337e-008	8.8195e-008	8.9163e-008	9.1225e-008	9.3358e-008	9.4285e-008	9.6082e-008	9.7516e-008	9.6472e-008	9.4777e-008	9.3569e-008	9.2951e-008	9.0969e-008	8.8838e-008	8.6542e-008	8.4351e-008	8.0264e-008	7.6499e-008	7.5622e-008	7.4282e-008	7.3836e-008	7.1245e-008	6.7002e-008	6.5923e-008	6.3047e-008	6.154e-008	5.9469e-008	5.7739e-008	5.6388e-008	5.3609e-008	4.7182e-008	4.6704e-008	4.4853e-008	4.2081e-008	3.9273e-008	3.6617e-008	3.4119e-008	3.2194e-008	3.0153e-008	2.8225e-008	2.6285e-008	2.3743e-008	2.2052e-008	2.058e-008	1.7891e-008	1.6224e-008	1.3748e-008	1.189e-008	1.021e-008	9.1029e-009	7.2815e-009	6.5084e-009	5.8536e-009	6.1028e-009	6.1932e-009	6.3417e-009	6.4362e-009	5.6675e-009	5.4822e-009	5.3954e-009	5.5176e-009	5.7663e-009	6.4071e-009	6.8853e-009	7.3828e-009	9.03e-009	1.0628e-008	1.3329e-008	1.8652e-008	2.3261e-008	2.9425e-008	3.5126e-008	4.2254e-008	5.0733e-008	5.7178e-008	6.4034e-008	6.7074e-008	7.3583e-008	7.5981e-008	8.0455e-008	8.5276e-008	8.709e-008	8.9427e-008	9.0135e-008	9.2448e-008	9.4248e-008	9.5121e-008	9.6847e-008	9.6878e-008	9.5247e-008	9.4243e-008	9.1647e-008	9.0831e-008	8.998e-008	8.7681e-008	8.4446e-008	8.2333e-008	7.9987e-008	7.6563e-008	7.4295e-008	7.2455e-008	7.2393e-008	7.081e-008	6.7709e-008	6.5522e-008	6.3081e-008	6.1046e-008	5.9706e-008	5.8277e-008	5.5165e-008	5.2882e-008	5.0417e-008	4.8998e-008	4.733e-008	4.5174e-008	4.219e-008	3.8663e-008	3.6831e-008	3.4403e-008	3.0792e-008	2.8841e-008	2.5553e-008	2.2582e-008	2.0507e-008	1.8162e-008	1.6096e-008	1.3907e-008	1.2566e-008	9.9823e-009	8.3449e-009	7.289e-009	7.043e-009	6.9263e-009	6.6976e-009	6.0096e-009	5.9659e-009	5.9032e-009	5.6685e-009	6.1843e-009	6.2021e-009	6.3614e-009	6.7147e-009	6.9985e-009	7.8342e-009	1.0133e-008	1.2644e-008	1.6207e-008	2.019e-008	2.2525e-008	2.5701e-008	3.1633e-008	3.9574e-008	4.7033e-008	5.3623e-008	5.7709e-008	6.5254e-008	7.1728e-008	7.7807e-008	8.3189e-008	8.5872e-008	8.8936e-008	9.07e-008	9.2948e-008	9.5481e-008	9.7375e-008	9.8192e-008	9.9218e-008
2.0289e-009	2.5346e-009	2.5473e-009	3.33e-009	3.0892e-009	3.3085e-009	3.8694e-009	4.6912e-009	7.3456e-009	8.8688e-009	1.3195e-008	1.7065e-008	1.981e-008	2.5887e-008	3.5066e-008	4.5547e-008	5.228e-008	5.7221e-008	6.5517e-008	6.9283e-008	7.2974e-008	7.6542e-008	7.8837e-008	8.2586e-008	8.5036e-008	8.5945e-008	8.672e-008	8.7758e-008	8.8189e-008	8.7813e-008	8.7857e-008	8.7801e-008	8.8233e-008	8.7369e-008	8.5941e-008	8.4158e-008	8.3378e-008	8.3095e-008	8.1616e-008	7.8306e-008	7.7135e-008	7.4796e-008	7.2481e-008	6.9423e-008	6.6166e-008	6.4497e-008	6.2072e-008	5.9749e-008	5.7557e-008	5.5965e-008	5.2796e-008	5.0759e-008	4.6854e-008	4.5657e-008	4.4684e-008	4.2264e-008	4.0228e-008	3.7965e-008	3.5242e-008	3.4052e-008	3.2255e-008	2.9507e-008	2.7472e-008	2.604e-008	2.3911e-008	2.1981e-008	2.041e-008	1.8257e-008	1.7312e-008	1.5776e-008	1.3977e-008	1.2039e-008	1.088e-008	9.7298e-009	8.2447e-009	8.1319e-009	7.5654e-009	6.2827e-009	5.6371e-009	5.1003e-009	3.99e-009	3.3955e-009	4.3021e-009	4.4343e-009	5.1075e-009	6.4583e-009	8.2701e-009	9.923e-009	1.3147e-008	1.5436e-008	1.8781e-008	2.3092e-008	2.5345e-008	3.0208e-008	3.7213e-008	4.2792e-008	4.8529e-008	5.4961e-008	6.059e-008	6.419e-008	6.9673e-008	7.483e-008	7.8002e-008	8.2663e-008	8.4445e-008	8.5721e-008	8.7311e-008	8.8362e-008	8.9913e-008	8.9843e-008	8.9642e-008	8.9807e-008	8.8975e-008	8.8872e-008	8.8028e-008	8.6516e-008	8.5157e-008	8.3404e-008	8.1784e-008	7.9047e-008	7.5804e-008	7.4406e-008	7.2316e-008	7.0709e-008	6.885e-008	6.679e-008	6.4996e-008	6.3112e-008	6.171e-008	6.0665e-008	6.0698e-008	5.7957e-008	5.5606e-008	5.2653e-008	4.8673e-008	4.8151e-008	4.681e-008	4.1707e-008	3.8963e-008	3.8482e-008	3.6614e-008	3.3302e-008	3.1802e-008	2.902e-008	2.5553e-008	2.4391e-008	2.2281e-008	2.0748e-008	1.9136e-008	1.6392e-008	1.4453e-008	1.2066e-008	1.0968e-008	8.9504e-009	7.288e-009	6.2593e-009	5.4871e-009	5.3374e-009	4.9373e-009	4.9e-009	5.3764e-009	4.9831e-009	4.7911e-009	4.8564e-009	5.3348e-009	5.6009e-009	5.466e-009	5.7155e-009	7.1847e-009	8.3718e-009	1.1011e-008	1.3775e-008	1.8369e-008	2.4377e-008	3.2255e-008	3.9691e-008	4.5076e-008	5.0485e-008	5.6304e-008	6.3961e-008	7.0237e-008	7.6004e-008	7.8566e-008	8.3789e-008	8.6707e-008	8.8108e-008	9.0611e-008	9.2857e-008	9.5127e-008	9.6216e-008	9.7001e-008	9.7571e-008	9.8012e-008	9.7334e-008	9.6606e-008	9.5407e-008	9.2875e-008	9.0704e-008	8.7473e-008	8.5351e-008	8.3711e-008	8.1806e-008	7.955e-008	7.5049e-008	7.2705e-008	7.0315e-008	6.9096e-008	6.685e-008	6.3992e-008	6.2805e-008	6.1459e-008	5.7684e-008	5.4447e-008	5.2497e-008	4.9938e-008	4.8473e-008	4.5813e-008	4.3169e-008	3.9967e-008	3.608e-008	3.4411e-008	3.1246e-008	2.9312e-008	2.7067e-008	2.3939e-008	2.0716e-008	1.7731e-008	1.5532e-008	1.3262e-008	1.1468e-008	9.2968e-009	7.8126e-009	6.2912e-009	5.4529e-009	4.581e-009	4.2667e-009	4.2667e-009	4.7337e-009	4.4286e-009	4.7971e-009	5.0224e-009	4.8662e-009	5.3733e-009	5.3993e-009	6.1429e-009	6.2335e-009	6.712e-009	6.3926e-009	6.994e-009	8.5707e-009	1.0244e-008	1.2156e-008	1.7964e-008	2.6173e-008	3.3236e-008	3.9077e-008	4.49e-008	5.1475e-008	5.9125e-008	6.4972e-008	6.8561e-008	7.3664e-008	7.8855e-008	8.3118e-008	8.8085e-008	9.1232e-008	9.2753e-008	9.3491e-008	9.4511e-008	9.5222e-008	9.5884e-008	9.6323e-008	9.7237e-008	9.7433e-008	9.7608e-008	9.5399e-008	9.3431e-008	9.079e-008	8.8071e-008	8.5299e-008	8.4267e-008	8.2446e-008	8.1146e-008	7.7053e-008	7.4737e-008	7.3245e-008	7.2619e-008	7.0351e-008	6.8634e-008	6.6727e-008	6.1877e-008	5.7979e-008	5.6651e-008	5.273e-008	5.0876e-008	4.7869e-008	4.556e-008	4.2786e-008	4.0835e-008	3.8487e-008	3.4085e-008	3.3585e-008	3.133e-008	2.7633e-008	2.3346e-008	2.1672e-008	2.0769e-008	1.7277e-008	1.5123e-008	1.3284e-008	1.0668e-008	8.5332e-009	7.2094e-009	6.1884e-009	5.8309e-009	4.8793e-009	5.1815e-009	5.3077e-009	5.4306e-009	5.3654e-009	4.9874e-009	4.9489e-009	5.2022e-009	4.7769e-009	4.9851e-009	5.289e-009	6.2588e-009	6.9295e-009	8.4635e-009	1.0561e-008	1.4015e-008	1.8831e-008	2.3005e-008	2.7517e-008	3.2002e-008	3.8267e-008	4.4957e-008	5.1761e-008	5.7623e-008	6.5333e-008	7.0995e-008	7.5206e-008	7.8391e-008	8.0508e-008	8.3349e-008	8.6119e-008	8.8482e-008	9.1178e-008	9.2071e-008	9.3255e-008	9.4477e-008	9.5047e-008	9.6956e-008	9.6044e-008	9.415e-008	9.3553e-008	9.2724e-008	9.178e-008	8.9457e-008	8.7495e-008	8.4903e-008	8.2017e-008	7.7067e-008	7.5901e-008	7.5094e-008	7.4133e-008	7.2288e-008	6.9303e-008	6.6342e-008	6.4071e-008	6.1292e-008	6.014e-008	5.7941e-008	5.6066e-008	5.1491e-008	4.7315e-008	4.543e-008	4.4224e-008	4.2977e-008	3.7816e-008	3.5641e-008	3.3894e-008	3.2154e-008	3.0452e-008	2.8134e-008	2.6672e-008	2.4641e-008	2.1947e-008	1.9245e-008	1.817e-008	1.5816e-008	1.4067e-008	1.2062e-008	1.0236e-008	9.0634e-009	7.7129e-009	6.6963e-009	6.1736e-009	6.1852e-009	5.8399e-009	6.2244e-009	6.2966e-009	5.9205e-009	5.372e-009	5.3011e-009	5.5041e-009	5.5031e-009	5.9199e-009	6.869e-009	7.8652e-009	9.3076e-009	1.065e-008	1.5286e-008	1.865e-008	2.4565e-008	2.9155e-008	3.5444e-008	4.2543e-008	4.9479e-008	5.6638e-008	5.9777e-008	6.6783e-008	7.2712e-008	7.4959e-008	8.0511e-008	8.4037e-008	8.6414e-008	8.8791e-008	8.9853e-008	9.2658e-008	9.4245e-008	9.5973e-008	9.6866e-008	9.584e-008	9.4797e-008	9.3714e-008	9.201e-008	9.0685e-008	8.6987e-008	8.6345e-008	8.3844e-008	8.0846e-008	7.7078e-008	7.4748e-008	7.3136e-008	7.2102e-008	7.1883e-008	6.916e-008	6.7483e-008	6.4052e-008	6.2957e-008	6.0673e-008	5.8985e-008	5.7623e-008	5.5198e-008	5.3094e-008	5.0136e-008	4.8719e-008	4.6739e-008	4.4084e-008	4.1148e-008	3.8499e-008	3.5673e-008	3.3047e-008	3.0796e-008	2.8388e-008	2.3988e-008	2.1541e-008	1.9853e-008	1.8046e-008	1.5428e-008	1.2913e-008	1.1074e-008	9.6384e-009	8.0917e-009	7.1099e-009	6.6679e-009	6.6333e-009	6.1288e-009	5.5929e-009	5.4878e-009	5.8615e-009	5.8295e-009	6.0278e-009	6.0638e-009	6.3438e-009	6.0384e-009	6.7734e-009	7.9912e-009	1.0264e-008	1.2146e-008	1.5662e-008	1.9712e-008	2.3418e-008	2.6868e-008	3.1547e-008	3.8879e-008	4.615e-008	5.319e-008	6.0009e-008	6.6e-008	7.0266e-008	7.7376e-008	8.326e-008	8.5765e-008	8.8911e-008	9.1232e-008	9.3137e-008	9.5224e-008	9.671e-008	9.9247e-008	9.9489e-008
2.6033e-009	1.9306e-009	2.5193e-009	3.2834e-009	3.4412e-009	3.0717e-009	3.915e-009	4.5308e-009	6.4937e-009	8.8914e-009	1.2408e-008	1.5895e-008	1.8981e-008	2.6211e-008	3.5774e-008	4.5245e-008	5.3614e-008	5.9565e-008	6.5906e-008	7.003e-008	7.3041e-008	7.5807e-008	7.9479e-008	8.2094e-008	8.4686e-008	8.5996e-008	8.6441e-008	8.7475e-008	8.7443e-008	8.7697e-008	8.8139e-008	8.8677e-008	8.9707e-008	8.7823e-008	8.6442e-008	8.496e-008	8.3857e-008	8.332e-008	8.2115e-008	7.9649e-008	7.7202e-008	7.508e-008	7.236e-008	6.9177e-008	6.5587e-008	6.4079e-008	6.2201e-008	6.0145e-008	5.8199e-008	5.606e-008	5.2585e-008	5.0604e-008	4.8361e-008	4.6453e-008	4.4943e-008	4.2559e-008	3.9976e-008	3.8054e-008	3.6074e-008	3.3874e-008	3.2287e-008	2.9924e-008	2.6632e-008	2.5492e-008	2.3837e-008	2.2272e-008	1.9955e-008	1.8655e-008	1.731e-008	1.5227e-008	1.2713e-008	1.1908e-008	1.0949e-008	9.2564e-009	8.1988e-009	7.1792e-009	6.1603e-009	5.4068e-009	4.6893e-009	4.4041e-009	3.7526e-009	3.9232e-009	4.6079e-009	4.8273e-009	5.1861e-009	6.1254e-009	8.621e-009	1.0064e-008	1.2962e-008	1.6305e-008	2.04e-008	2.3183e-008	2.5855e-008	2.9321e-008	3.7372e-008	4.4871e-008	4.9996e-008	5.5443e-008	5.96e-008	6.4208e-008	7.1106e-008	7.1882e-008	7.4786e-008	8.2124e-008	8.4403e-008	8.6806e-008	8.8224e-008	8.9399e-008	9.0162e-008	8.987e-008	9.0268e-008	8.9894e-008	8.9279e-008	8.8735e-008	8.7871e-008	8.6545e-008	8.5124e-008	8.3201e-008	8.1327e-008	7.8111e-008	7.6039e-008	7.3967e-008	7.2164e-008	7.06e-008	6.8959e-008	6.6469e-008	6.4075e-008	6.2875e-008	6.2083e-008	6.0954e-008	5.8969e-008	5.6951e-008	5.5257e-008	5.2864e-008	4.9528e-008	4.7957e-008	4.5747e-008	4.2382e-008	4.0831e-008	3.8238e-008	3.6684e-008	3.3519e-008	2.9636e-008	2.7132e-008	2.5757e-008	2.402e-008	2.22e-008	2.0013e-008	1.8246e-008	1.5796e-008	1.3475e-008	1.2006e-008	1.0408e-008	8.579e-009	7.2023e-009	6.1725e-009	5.3176e-009	5.1063e-009	4.8464e-009	5.0673e-009	5.4481e-009	5.6704e-009	5.251e-009	5.3523e-009	5.4983e-009	5.6213e-009	5.5636e-009	5.5946e-009	6.5299e-009	8.3455e-009	1.073e-008	1.3582e-008	1.7198e-008	2.3847e-008	2.906e-008	3.508e-008	4.4692e-008	4.9599e-008	5.5906e-008	6.2735e-008	6.7856e-008	7.4665e-008	7.9968e-008	8.2454e-008	8.6207e-008	8.8367e-008	9.1541e-008	9.3262e-008	9.4906e-008	9.696e-008	9.7315e-008	9.7474e-008	9.7737e-008	9.7728e-008	9.7659e-008	9.4119e-008	9.2954e-008	8.9917e-008	8.8025e-008	8.465e-008	8.3466e-008	8.1508e-008	7.8798e-008	7.5086e-008	7.173e-008	7.0521e-008	6.9084e-008	6.7088e-008	6.3678e-008	6.2836e-008	6.1413e-008	5.7967e-008	5.4051e-008	5.1234e-008	4.8906e-008	4.7349e-008	4.5378e-008	4.2743e-008	3.9144e-008	3.7427e-008	3.4993e-008	3.2003e-008	2.7165e-008	2.6502e-008	2.2745e-008	2.0575e-008	1.7766e-008	1.6e-008	1.3388e-008	1.0938e-008	8.9571e-009	7.4289e-009	6.4062e-009	5.3963e-009	4.9703e-009	5.0351e-009	5.1121e-009	4.5391e-009	3.9719e-009	4.5203e-009	4.8317e-009	4.7256e-009	5.1311e-009	5.2459e-009	5.8363e-009	6.1861e-009	6.5934e-009	6.287e-009	7.0609e-009	8.2694e-009	9.9513e-009	1.2353e-008	1.7683e-008	2.4968e-008	3.266e-008	3.7766e-008	4.4675e-008	5.159e-008	5.8935e-008	6.4983e-008	6.9287e-008	7.493e-008	7.8915e-008	8.2779e-008	8.7243e-008	9.0232e-008	9.2583e-008	9.3454e-008	9.4453e-008	9.5506e-008	9.5878e-008	9.6183e-008	9.7032e-008	9.7431e-008	9.7161e-008	9.5009e-008	9.3068e-008	8.9921e-008	8.8167e-008	8.5956e-008	8.46e-008	8.2936e-008	8.0168e-008	7.8554e-008	7.4701e-008	7.4103e-008	7.3325e-008	7.1833e-008	6.9458e-008	6.4942e-008	6.3148e-008	5.8095e-008	5.6214e-008	5.3612e-008	5.1485e-008	4.7951e-008	4.7214e-008	4.4446e-008	4.1479e-008	3.9834e-008	3.5629e-008	3.3865e-008	3.1591e-008	2.9403e-008	2.4337e-008	2.1953e-008	2.0425e-008	1.8288e-008	1.564e-008	1.2715e-008	1.0757e-008	9.01e-009	7.6087e-009	6.8137e-009	6.0866e-009	5.4194e-009	5.6999e-009	5.8698e-009	5.6006e-009	5.1806e-009	5.2275e-009	5.1255e-009	5.4522e-009	5.4443e-009	5.3582e-009	5.684e-009	6.8647e-009	7.1518e-009	9.2671e-009	1.0778e-008	1.3883e-008	1.8009e-008	2.1592e-008	2.7962e-008	3.1226e-008	3.9048e-008	4.4597e-008	5.1916e-008	5.8051e-008	6.4331e-008	6.7009e-008	7.4323e-008	7.7562e-008	8.0624e-008	8.3353e-008	8.5064e-008	8.9723e-008	9.1273e-008	9.2399e-008	9.2776e-008	9.362e-008	9.4414e-008	9.5511e-008	9.5434e-008	9.466e-008	9.339e-008	9.293e-008	9.2101e-008	8.8927e-008	8.7397e-008	8.4759e-008	8.0435e-008	7.8125e-008	7.6962e-008	7.5842e-008	7.4714e-008	7.246e-008	7.049e-008	6.6456e-008	6.3611e-008	6.2103e-008	6.0706e-008	5.8726e-008	5.4801e-008	5.2929e-008	4.942e-008	4.6459e-008	4.3723e-008	4.1841e-008	3.8366e-008	3.6393e-008	3.4666e-008	3.2947e-008	3.0181e-008	2.7855e-008	2.643e-008	2.4663e-008	2.3157e-008	1.9539e-008	1.8277e-008	1.5793e-008	1.4552e-008	1.3325e-008	1.1175e-008	9.3093e-009	7.6617e-009	7.3356e-009	6.7413e-009	6.3531e-009	6.4483e-009	5.937e-009	6.3614e-009	6.2019e-009	5.3715e-009	5.6065e-009	5.3947e-009	6.0689e-009	6.3776e-009	6.8909e-009	7.8994e-009	9.2968e-009	1.0052e-008	1.4819e-008	1.8717e-008	2.3992e-008	2.8124e-008	3.4856e-008	4.113e-008	4.6677e-008	5.4731e-008	6.1772e-008	6.6602e-008	7.2155e-008	7.5619e-008	8.0198e-008	8.2869e-008	8.6396e-008	8.8993e-008	9.0251e-008	9.1781e-008	9.3706e-008	9.4773e-008	9.5866e-008	9.6103e-008	9.5106e-008	9.255e-008	9.0312e-008	8.8425e-008	8.7227e-008	8.5748e-008	8.2109e-008	8.011e-008	7.8354e-008	7.4792e-008	7.3559e-008	7.2532e-008	7.1803e-008	6.8764e-008	6.8035e-008	6.4364e-008	6.3314e-008	6.101e-008	5.9391e-008	5.8249e-008	5.5928e-008	5.2719e-008	4.9688e-008	4.8297e-008	4.5596e-008	4.343e-008	4.0655e-008	3.9329e-008	3.5718e-008	3.3712e-008	3.0886e-008	2.8926e-008	2.2767e-008	2.1953e-008	1.9799e-008	1.6884e-008	1.4956e-008	1.2806e-008	1.0653e-008	8.8484e-009	8.1531e-009	7.471e-009	6.6379e-009	5.7609e-009	5.3176e-009	5.3851e-009	5.4692e-009	5.1622e-009	5.0302e-009	4.8815e-009	5.785e-009	5.9054e-009	6.1548e-009	6.9219e-009	7.4578e-009	9.6835e-009	1.3155e-008	1.5585e-008	1.9499e-008	2.2058e-008	2.7209e-008	3.34e-008	3.9388e-008	4.6358e-008	5.245e-008	5.8631e-008	6.4866e-008	7.021e-008	7.6614e-008	8.2004e-008	8.5093e-008	8.8001e-008	9.0156e-008	9.321e-008	9.5017e-008	9.5897e-008	9.9043e-008	9.9722e-008
2.1793e-009	2.4297e-009	2.3618e-009	3.1437e-009	3.348e-009	3.1611e-009	3.7886e-009	3.96e-009	5.7321e-009	8.1746e-009	1.0886e-008	1.5569e-008	2.0481e-008	2.7709e-008	3.5868e-008	4.3918e-008	5.1904e-008	5.8301e-008	6.4216e-008	6.8543e-008	7.1849e-008	7.5949e-008	8.0193e-008	8.2176e-008	8.3937e-008	8.5667e-008	8.626e-008	8.6944e-008	8.7892e-008	8.7864e-008	8.8158e-008	8.9274e-008	9.0064e-008	8.8107e-008	8.6811e-008	8.508e-008	8.4232e-008	8.4042e-008	8.25e-008	8.0769e-008	7.8184e-008	7.3155e-008	7.09e-008	6.9924e-008	6.7694e-008	6.3754e-008	6.1718e-008	6.0214e-008	5.8818e-008	5.3961e-008	5.101e-008	5.0235e-008	4.8654e-008	4.7205e-008	4.4669e-008	4.2026e-008	3.9596e-008	3.735e-008	3.5604e-008	3.3789e-008	3.2078e-008	3.0406e-008	2.7564e-008	2.575e-008	2.3647e-008	2.2459e-008	2.0464e-008	1.8827e-008	1.6676e-008	1.4713e-008	1.2727e-008	1.1235e-008	1.0403e-008	8.6786e-009	6.7074e-009	5.4642e-009	5.1734e-009	4.9238e-009	4.0052e-009	3.7015e-009	3.9104e-009	4.5361e-009	4.8404e-009	4.7319e-009	5.052e-009	6.4022e-009	8.3395e-009	9.2837e-009	1.2375e-008	1.54e-008	1.932e-008	2.241e-008	2.6893e-008	3.0877e-008	3.6406e-008	4.4011e-008	4.9695e-008	5.6875e-008	6.1543e-008	6.6523e-008	6.9936e-008	7.2991e-008	7.5335e-008	8.1127e-008	8.386e-008	8.6989e-008	8.8594e-008	8.921e-008	9.0436e-008	8.9727e-008	9.0209e-008	8.9414e-008	8.9041e-008	8.8404e-008	8.7397e-008	8.5941e-008	8.4665e-008	8.1867e-008	8.0294e-008	7.8604e-008	7.6326e-008	7.3969e-008	7.1696e-008	7.152e-008	6.9428e-008	6.6543e-008	6.4042e-008	6.2976e-008	6.1225e-008	6.0003e-008	5.9336e-008	5.6922e-008	5.5385e-008	5.1251e-008	4.8898e-008	4.7591e-008	4.5817e-008	4.2155e-008	4.0089e-008	3.7218e-008	3.5357e-008	3.2441e-008	2.9386e-008	2.7273e-008	2.5564e-008	2.3313e-008	2.1297e-008	1.9794e-008	1.7398e-008	1.538e-008	1.334e-008	1.1527e-008	9.534e-009	7.7471e-009	6.5535e-009	5.9754e-009	5.1916e-009	4.8642e-009	4.7371e-009	4.9776e-009	4.9189e-009	5.2307e-009	4.9519e-009	4.7039e-009	4.3329e-009	4.9107e-009	5.3183e-009	5.6182e-009	6.1459e-009	8.0697e-009	9.9219e-009	1.2945e-008	1.6271e-008	2.3103e-008	2.8101e-008	3.5338e-008	4.3217e-008	4.8735e-008	5.5839e-008	6.1491e-008	6.8059e-008	7.2636e-008	7.8804e-008	8.2724e-008	8.5744e-008	8.9553e-008	9.117e-008	9.2447e-008	9.4537e-008	9.5881e-008	9.6937e-008	9.7215e-008	9.7698e-008	9.7953e-008	9.7631e-008	9.585e-008	9.2795e-008	8.9689e-008	8.619e-008	8.4885e-008	8.3283e-008	8.224e-008	7.9205e-008	7.5948e-008	7.1383e-008	7.0988e-008	6.9543e-008	6.6254e-008	6.4132e-008	6.2288e-008	6.0055e-008	5.6306e-008	5.3197e-008	4.9305e-008	4.8407e-008	4.6615e-008	4.4929e-008	4.2519e-008	3.7455e-008	3.6457e-008	3.3615e-008	3.1795e-008	2.8051e-008	2.431e-008	2.2448e-008	2.0816e-008	1.7861e-008	1.5617e-008	1.3026e-008	1.0685e-008	8.735e-009	6.9714e-009	6.5812e-009	5.8246e-009	5.0004e-009	5.2355e-009	4.7143e-009	4.26e-009	4.0001e-009	4.5489e-009	5.0301e-009	5.11e-009	5.1751e-009	5.1429e-009	5.4756e-009	5.5706e-009	5.5912e-009	5.8084e-009	6.15e-009	8.2188e-009	9.9693e-009	1.1726e-008	1.6685e-008	2.4243e-008	3.2929e-008	3.7685e-008	4.4579e-008	5.1773e-008	5.8455e-008	6.3719e-008	6.9639e-008	7.5033e-008	7.8803e-008	8.3649e-008	8.7044e-008	8.9442e-008	9.1489e-008	9.3877e-008	9.4609e-008	9.5192e-008	9.6061e-008	9.6333e-008	9.6866e-008	9.6819e-008	9.6018e-008	9.4256e-008	9.0798e-008	9.0254e-008	8.7951e-008	8.5927e-008	8.5335e-008	8.3262e-008	8.1023e-008	7.7395e-008	7.456e-008	7.355e-008	7.2251e-008	7.0765e-008	6.8985e-008	6.3418e-008	6.1737e-008	5.842e-008	5.5193e-008	5.3543e-008	5.1139e-008	4.8554e-008	4.6969e-008	4.4897e-008	4.2076e-008	3.8749e-008	3.6592e-008	3.3717e-008	3.1202e-008	2.8702e-008	2.6096e-008	2.2294e-008	1.9471e-008	1.8095e-008	1.5706e-008	1.4204e-008	1.1102e-008	9.5577e-009	7.9349e-009	6.6397e-009	6.0584e-009	5.792e-009	5.6525e-009	5.5648e-009	4.9e-009	5.0379e-009	5.1283e-009	5.5818e-009	5.3983e-009	5.3503e-009	5.1913e-009	5.5765e-009	6.5161e-009	7.5491e-009	9.6586e-009	1.2153e-008	1.5367e-008	1.739e-008	2.2991e-008	2.8283e-008	3.1934e-008	3.8476e-008	4.5728e-008	5.2096e-008	5.7473e-008	6.438e-008	6.7928e-008	7.3543e-008	7.6606e-008	7.9442e-008	8.1921e-008	8.4953e-008	8.9127e-008	9.0998e-008	9.1978e-008	9.3038e-008	9.2926e-008	9.3103e-008	9.4212e-008	9.4993e-008	9.453e-008	9.368e-008	9.2645e-008	9.0701e-008	8.881e-008	8.6244e-008	8.401e-008	7.965e-008	7.8823e-008	7.6487e-008	7.4467e-008	7.3891e-008	7.2931e-008	6.9485e-008	6.6896e-008	6.4651e-008	6.2728e-008	6.0275e-008	5.8114e-008	5.4303e-008	5.0554e-008	4.8967e-008	4.7287e-008	4.4428e-008	4.0116e-008	3.8211e-008	3.7574e-008	3.3752e-008	3.2741e-008	3.0162e-008	2.9146e-008	2.6756e-008	2.4748e-008	2.2294e-008	2.037e-008	1.8375e-008	1.6592e-008	1.5457e-008	1.2922e-008	1.1382e-008	1.0088e-008	7.8585e-009	7.8115e-009	6.6439e-009	6.6337e-009	5.996e-009	5.614e-009	6.0045e-009	5.8069e-009	5.0504e-009	5.2641e-009	5.526e-009	6.1096e-009	6.1986e-009	7.1516e-009	7.7991e-009	9.0144e-009	1.1005e-008	1.5806e-008	1.9038e-008	2.372e-008	2.8983e-008	3.3566e-008	4.1016e-008	4.7774e-008	5.5297e-008	6.1445e-008	6.718e-008	7.1752e-008	7.6007e-008	7.96e-008	8.2733e-008	8.645e-008	8.8654e-008	9.0665e-008	9.1372e-008	9.2545e-008	9.4096e-008	9.4618e-008	9.6227e-008	9.4829e-008	9.2757e-008	9.0076e-008	8.8128e-008	8.6473e-008	8.4702e-008	8.1712e-008	8.0362e-008	7.782e-008	7.547e-008	7.3869e-008	7.2862e-008	7.1763e-008	6.947e-008	6.769e-008	6.5003e-008	6.3218e-008	6.121e-008	5.9969e-008	5.8901e-008	5.7382e-008	5.2898e-008	5.0135e-008	4.7574e-008	4.465e-008	4.3506e-008	4.1773e-008	3.5979e-008	3.4799e-008	3.359e-008	3.0307e-008	2.6639e-008	2.2689e-008	2.1408e-008	1.8902e-008	1.6397e-008	1.441e-008	1.2196e-008	1.0312e-008	8.8845e-009	8.0878e-009	7.6204e-009	7.1514e-009	6.2624e-009	6.216e-009	5.7997e-009	5.3056e-009	4.9455e-009	5.3003e-009	5.9595e-009	5.4771e-009	5.8128e-009	6.4009e-009	6.5507e-009	7.9293e-009	1.0803e-008	1.3178e-008	1.5989e-008	1.9428e-008	2.1903e-008	2.7297e-008	3.418e-008	4.0193e-008	4.5932e-008	5.2748e-008	5.9172e-008	6.492e-008	7.1757e-008	7.7245e-008	8.1312e-008	8.5291e-008	8.808e-008	9.0635e-008	9.3647e-008	9.46e-008	9.7269e-008	9.8439e-008	9.9773e-008
2.5438e-009	2.6222e-009	2.6861e-009	2.6173e-009	2.9159e-009	2.9685e-009	3.0845e-009	3.6279e-009	5.3076e-009	6.9113e-009	9.8012e-009	1.509e-008	2.2297e-008	2.9602e-008	3.6456e-008	4.2677e-008	4.9666e-008	5.6613e-008	6.3079e-008	6.7733e-008	7.1931e-008	7.6011e-008	7.9839e-008	8.1788e-008	8.3788e-008	8.5229e-008	8.6762e-008	8.7087e-008	8.7635e-008	8.7969e-008	8.859e-008	8.8719e-008	8.9393e-008	8.7845e-008	8.6495e-008	8.4579e-008	8.4506e-008	8.4151e-008	8.2133e-008	8.056e-008	7.5301e-008	7.2514e-008	7.0202e-008	6.903e-008	6.7265e-008	6.2296e-008	6.181e-008	6.087e-008	5.8746e-008	5.7365e-008	5.246e-008	5.0044e-008	4.9003e-008	4.7914e-008	4.4998e-008	4.0705e-008	3.9845e-008	3.5536e-008	3.5166e-008	3.3368e-008	3.0955e-008	2.9197e-008	2.7891e-008	2.5649e-008	2.3017e-008	2.1977e-008	1.9846e-008	1.8272e-008	1.635e-008	1.4588e-008	1.1661e-008	1.0342e-008	8.9678e-009	7.8858e-009	5.6913e-009	4.7766e-009	4.5066e-009	4.3336e-009	3.9465e-009	4.0159e-009	3.6882e-009	3.8991e-009	4.5779e-009	4.306e-009	4.3583e-009	5.4379e-009	7.6094e-009	9.4715e-009	1.2068e-008	1.5408e-008	1.9206e-008	2.159e-008	2.6922e-008	3.2059e-008	3.5585e-008	4.2585e-008	5.0447e-008	5.5905e-008	6.1328e-008	6.2651e-008	7.0291e-008	7.2831e-008	7.5864e-008	7.8524e-008	8.2653e-008	8.6878e-008	8.8191e-008	8.9478e-008	9.0485e-008	9.0036e-008	8.9972e-008	8.9793e-008	8.8867e-008	8.795e-008	8.7325e-008	8.6121e-008	8.4744e-008	8.1754e-008	8.035e-008	7.8488e-008	7.6612e-008	7.4509e-008	7.3529e-008	7.1414e-008	7.0102e-008	6.7334e-008	6.4769e-008	6.3195e-008	6.0695e-008	5.957e-008	5.9413e-008	5.8673e-008	5.4851e-008	5.2216e-008	5.0093e-008	4.8146e-008	4.2558e-008	4.1467e-008	4.0768e-008	3.7763e-008	3.4605e-008	3.1821e-008	3.0595e-008	2.7782e-008	2.5356e-008	2.3868e-008	2.1603e-008	1.8361e-008	1.6101e-008	1.475e-008	1.2707e-008	1.0098e-008	8.5345e-009	7.0973e-009	6.0401e-009	5.674e-009	5.2165e-009	5.172e-009	4.5989e-009	4.59e-009	4.6136e-009	4.5506e-009	4.6433e-009	5.0712e-009	5.357e-009	5.1482e-009	5.318e-009	5.9576e-009	6.4748e-009	8.0947e-009	9.6458e-009	1.2634e-008	1.7559e-008	2.3254e-008	2.8966e-008	3.4464e-008	4.1029e-008	4.868e-008	5.5603e-008	6.1851e-008	6.8032e-008	7.4389e-008	7.8366e-008	8.3057e-008	8.5324e-008	8.948e-008	9.1471e-008	9.2628e-008	9.46e-008	9.5813e-008	9.6719e-008	9.7351e-008	9.7296e-008	9.769e-008	9.7412e-008	9.5276e-008	9.1462e-008	8.9383e-008	8.5603e-008	8.3621e-008	8.2805e-008	8.1452e-008	7.7762e-008	7.4815e-008	7.2143e-008	7.0602e-008	6.8547e-008	6.5129e-008	6.3741e-008	6.1448e-008	5.9601e-008	5.6831e-008	5.0926e-008	5.0081e-008	4.8439e-008	4.592e-008	4.3939e-008	4.032e-008	3.7859e-008	3.4813e-008	3.2959e-008	3.0771e-008	2.7966e-008	2.5745e-008	2.2548e-008	1.9931e-008	1.6311e-008	1.5273e-008	1.2535e-008	1.0647e-008	8.3486e-009	6.3099e-009	6.0368e-009	5.7161e-009	5.2277e-009	5.1815e-009	4.6696e-009	4.1796e-009	4.2791e-009	4.4707e-009	5.1071e-009	4.8e-009	5.0373e-009	5.0584e-009	5.4753e-009	5.5798e-009	5.5551e-009	5.9936e-009	6.306e-009	7.2252e-009	8.8678e-009	1.1337e-008	1.6427e-008	2.27e-008	2.9683e-008	3.819e-008	4.4472e-008	5.1015e-008	5.7999e-008	6.4366e-008	7.0217e-008	7.3919e-008	8.0242e-008	8.3495e-008	8.6119e-008	8.9084e-008	9.1667e-008	9.3511e-008	9.4192e-008	9.5176e-008	9.5892e-008	9.6304e-008	9.6477e-008	9.6436e-008	9.5394e-008	9.3167e-008	9.1997e-008	9.0394e-008	8.6894e-008	8.6319e-008	8.5374e-008	8.2196e-008	8.0197e-008	7.7045e-008	7.4636e-008	7.2507e-008	7.1126e-008	6.9439e-008	6.8662e-008	6.4521e-008	6.0411e-008	5.8392e-008	5.5117e-008	5.3051e-008	5.1367e-008	4.9323e-008	4.7476e-008	4.455e-008	3.911e-008	3.7368e-008	3.5394e-008	3.3439e-008	3.1672e-008	2.9323e-008	2.6101e-008	2.3174e-008	1.9446e-008	1.9088e-008	1.7117e-008	1.4416e-008	1.1384e-008	9.7315e-009	8.2912e-009	7.0261e-009	6.3784e-009	5.898e-009	5.941e-009	5.1828e-009	4.843e-009	5.2392e-009	5.3437e-009	5.4424e-009	5.5509e-009	5.4702e-009	6.0347e-009	5.8798e-009	5.9666e-009	7.6034e-009	8.9352e-009	1.2945e-008	1.5651e-008	1.9771e-008	2.3342e-008	2.8243e-008	3.2094e-008	3.8344e-008	4.4348e-008	5.2867e-008	5.7337e-008	6.4478e-008	6.7753e-008	7.1897e-008	7.5574e-008	7.8256e-008	8.2091e-008	8.5692e-008	8.9064e-008	9.095e-008	9.2203e-008	9.2812e-008	9.3089e-008	9.323e-008	9.393e-008	9.4288e-008	9.3967e-008	9.3493e-008	9.2578e-008	9.1266e-008	8.772e-008	8.6447e-008	8.2839e-008	8.095e-008	7.9363e-008	7.8136e-008	7.6072e-008	7.4553e-008	7.2375e-008	6.8661e-008	6.6583e-008	6.485e-008	6.2887e-008	5.9801e-008	5.7832e-008	5.4547e-008	5.0655e-008	4.9355e-008	4.7915e-008	4.5003e-008	3.7859e-008	3.8339e-008	3.748e-008	3.408e-008	3.173e-008	3.0586e-008	2.9571e-008	2.67e-008	2.4875e-008	2.169e-008	1.951e-008	1.8101e-008	1.6526e-008	1.54e-008	1.3276e-008	1.1419e-008	9.9214e-009	8.3455e-009	7.4263e-009	6.826e-009	6.5263e-009	6.0079e-009	6.1414e-009	5.8071e-009	5.1748e-009	4.9504e-009	5.0227e-009	5.4602e-009	5.7893e-009	6.3139e-009	7.0254e-009	7.6558e-009	8.1941e-009	1.109e-008	1.5152e-008	1.8959e-008	2.2202e-008	2.8531e-008	3.355e-008	4.057e-008	4.8627e-008	5.5759e-008	6.0855e-008	6.7298e-008	7.1862e-008	7.7851e-008	8.1284e-008	8.3167e-008	8.5597e-008	8.7108e-008	8.9776e-008	9.1315e-008	9.2574e-008	9.3175e-008	9.3609e-008	9.388e-008	9.3337e-008	9.2047e-008	8.9204e-008	8.7713e-008	8.6412e-008	8.4343e-008	8.2302e-008	8.0033e-008	7.8744e-008	7.5621e-008	7.3947e-008	7.1936e-008	7.11e-008	6.9151e-008	6.6851e-008	6.4691e-008	6.2626e-008	6.0055e-008	5.9728e-008	5.8256e-008	5.6685e-008	5.2842e-008	5.0745e-008	4.664e-008	4.4341e-008	4.2444e-008	4.0837e-008	3.6811e-008	3.4772e-008	3.3005e-008	2.7649e-008	2.4347e-008	2.3244e-008	2.0557e-008	1.8856e-008	1.6183e-008	1.4011e-008	1.18e-008	1.0546e-008	8.4841e-009	7.7417e-009	7.1224e-009	6.9029e-009	6.1452e-009	5.9693e-009	6.0075e-009	6.0022e-009	5.6041e-009	5.2773e-009	5.5552e-009	5.6228e-009	6.2624e-009	6.3878e-009	7.1798e-009	8.145e-009	1.0163e-008	1.3373e-008	1.5324e-008	1.8091e-008	2.2815e-008	2.852e-008	3.4981e-008	4.1244e-008	4.7415e-008	5.3258e-008	6.0036e-008	6.6588e-008	7.2161e-008	7.7274e-008	8.1586e-008	8.4701e-008	8.8518e-008	9.0927e-008	9.3337e-008	9.4813e-008	9.6691e-008	9.7538e-008	9.8207e-008
2.3192e-009	2.6709e-009	2.6379e-009	2.102e-009	2.5887e-009	3.0848e-009	3.3888e-009	4.2106e-009	5.3444e-009	7.209e-009	9.8145e-009	1.5507e-008	2.2061e-008	2.9664e-008	3.5933e-008	4.2446e-008	4.8504e-008	5.5796e-008	6.2454e-008	6.6577e-008	7.2188e-008	7.5027e-008	7.8469e-008	8.1871e-008	8.467e-008	8.5524e-008	8.683e-008	8.719e-008	8.7697e-008	8.8525e-008	8.9025e-008	8.8941e-008	8.9257e-008	8.8487e-008	8.7248e-008	8.6029e-008	8.4877e-008	8.3424e-008	8.1877e-008	8.1251e-008	7.9728e-008	7.55e-008	7.318e-008	7e-008	6.9408e-008	6.5391e-008	6.213e-008	6.0869e-008	6.0016e-008	5.8254e-008	5.2586e-008	5.1056e-008	4.8657e-008	4.733e-008	4.4831e-008	4.2118e-008	3.9465e-008	3.7212e-008	3.5266e-008	3.3789e-008	3.0999e-008	2.8858e-008	2.7647e-008	2.5596e-008	2.3412e-008	2.1575e-008	1.989e-008	1.765e-008	1.6417e-008	1.3734e-008	1.153e-008	8.9856e-009	7.7482e-009	6.5323e-009	5.2321e-009	4.8285e-009	4.3978e-009	4.1963e-009	3.9481e-009	4.258e-009	3.7016e-009	4.1637e-009	4.4949e-009	4.8738e-009	4.7081e-009	5.6791e-009	7.6965e-009	9.8789e-009	1.1859e-008	1.5266e-008	1.8306e-008	2.3537e-008	2.7327e-008	3.165e-008	3.5386e-008	4.2335e-008	5.0118e-008	5.6112e-008	6.1474e-008	6.5341e-008	6.9072e-008	7.1964e-008	7.6167e-008	7.9156e-008	8.3689e-008	8.6557e-008	8.8412e-008	8.9087e-008	9.0692e-008	9.0421e-008	9.0202e-008	8.9976e-008	8.8825e-008	8.8692e-008	8.6959e-008	8.7006e-008	8.3906e-008	8.2036e-008	7.9589e-008	7.7953e-008	7.592e-008	7.4295e-008	7.3229e-008	7.1535e-008	6.9807e-008	6.7216e-008	6.5767e-008	6.258e-008	6.1226e-008	6.0112e-008	5.9825e-008	5.7101e-008	5.5717e-008	5.1496e-008	5.0274e-008	4.9026e-008	4.4478e-008	4.2673e-008	3.9012e-008	3.721e-008	3.5451e-008	3.3509e-008	3.0385e-008	2.7901e-008	2.5299e-008	2.3507e-008	2.038e-008	1.9123e-008	1.7074e-008	1.4548e-008	1.1807e-008	9.7357e-009	8.4683e-009	7.3565e-009	5.6808e-009	5.9948e-009	6.4027e-009	5.6628e-009	5.2114e-009	5.113e-009	5.2253e-009	4.6137e-009	4.602e-009	5.4229e-009	6.0161e-009	5.6884e-009	5.8253e-009	6.387e-009	6.8934e-009	8.089e-009	1.0169e-008	1.3014e-008	1.7725e-008	2.345e-008	2.9468e-008	3.4817e-008	4.0848e-008	4.9144e-008	5.695e-008	6.4331e-008	6.9349e-008	7.563e-008	8.0132e-008	8.4241e-008	8.6554e-008	9.0365e-008	9.1833e-008	9.3442e-008	9.4654e-008	9.555e-008	9.6522e-008	9.7512e-008	9.734e-008	9.6755e-008	9.6067e-008	9.4728e-008	9.3143e-008	8.9184e-008	8.6701e-008	8.4964e-008	8.3132e-008	8.0957e-008	7.8154e-008	7.569e-008	7.272e-008	7.1301e-008	6.9367e-008	6.639e-008	6.3553e-008	6.1453e-008	5.9005e-008	5.6852e-008	5.1548e-008	4.9767e-008	4.7911e-008	4.4633e-008	4.31e-008	4.0855e-008	3.8342e-008	3.5542e-008	3.3735e-008	2.9601e-008	2.81e-008	2.4442e-008	2.2127e-008	1.8743e-008	1.6321e-008	1.4817e-008	1.2936e-008	1.0531e-008	8.1276e-009	6.775e-009	6.513e-009	5.8778e-009	5.7178e-009	5.1754e-009	4.9208e-009	4.7656e-009	4.6347e-009	4.688e-009	5.1406e-009	5.6596e-009	5.607e-009	5.5119e-009	5.1912e-009	5.9501e-009	5.7772e-009	6.442e-009	6.4396e-009	7.0504e-009	8.5248e-009	1.1268e-008	1.7702e-008	2.5319e-008	3.2822e-008	3.8411e-008	4.4653e-008	5.1556e-008	5.8245e-008	6.4813e-008	7.0611e-008	7.5911e-008	7.8918e-008	8.2818e-008	8.7411e-008	8.9188e-008	9.127e-008	9.3162e-008	9.4059e-008	9.5647e-008	9.6273e-008	9.672e-008	9.6265e-008	9.5941e-008	9.574e-008	9.3425e-008	9.1166e-008	8.9732e-008	8.8707e-008	8.6145e-008	8.4892e-008	8.2788e-008	7.8397e-008	7.664e-008	7.4967e-008	7.2743e-008	7.1001e-008	6.9121e-008	6.8292e-008	6.6146e-008	5.9265e-008	5.7469e-008	5.5841e-008	5.3724e-008	5.1571e-008	4.9814e-008	4.6769e-008	4.4328e-008	4.0898e-008	3.7015e-008	3.4256e-008	3.3572e-008	3.208e-008	2.8408e-008	2.5862e-008	2.2364e-008	2.0817e-008	1.8949e-008	1.6364e-008	1.4321e-008	1.1843e-008	1.0179e-008	8.7115e-009	7.4027e-009	6.7391e-009	6.6028e-009	5.7299e-009	5.1562e-009	4.8784e-009	5.3723e-009	5.3912e-009	5.6243e-009	5.7989e-009	5.9318e-009	6.1086e-009	6.4341e-009	7.0484e-009	8.9282e-009	1.0253e-008	1.3488e-008	1.6528e-008	2.0338e-008	2.3283e-008	2.7685e-008	3.2413e-008	3.7446e-008	4.4608e-008	5.0415e-008	5.5632e-008	6.4253e-008	6.741e-008	7.0928e-008	7.4657e-008	7.7356e-008	8.1942e-008	8.5886e-008	8.7705e-008	9.1122e-008	9.1726e-008	9.2458e-008	9.3037e-008	9.3525e-008	9.3799e-008	9.3233e-008	9.3271e-008	9.2907e-008	9.2221e-008	9.1012e-008	8.9245e-008	8.5759e-008	8.3689e-008	8.1433e-008	7.9335e-008	7.7735e-008	7.658e-008	7.542e-008	7.257e-008	6.9129e-008	6.6331e-008	6.485e-008	6.2507e-008	6.0227e-008	5.7738e-008	5.4777e-008	5.1277e-008	4.9727e-008	4.6403e-008	4.5144e-008	4.0762e-008	3.9636e-008	3.7003e-008	3.435e-008	3.1816e-008	3.043e-008	2.9669e-008	2.7582e-008	2.4927e-008	2.1642e-008	2.0038e-008	1.8647e-008	1.6795e-008	1.5324e-008	1.3494e-008	1.1469e-008	1.0246e-008	8.4066e-009	7.4615e-009	6.897e-009	6.4553e-009	6.2908e-009	6.3123e-009	6.0397e-009	5.6982e-009	5.58e-009	5.5532e-009	5.8297e-009	6.1258e-009	6.5091e-009	7.4468e-009	8.3168e-009	9.6945e-009	1.2353e-008	1.52e-008	1.9459e-008	2.407e-008	2.816e-008	3.2989e-008	4.1193e-008	5.0332e-008	5.7567e-008	6.3578e-008	6.8256e-008	7.0828e-008	7.811e-008	8.1317e-008	8.3148e-008	8.5102e-008	8.683e-008	8.9426e-008	9.0551e-008	9.1821e-008	9.2406e-008	9.3713e-008	9.4178e-008	9.3259e-008	9.2093e-008	8.9285e-008	8.7968e-008	8.6577e-008	8.4811e-008	8.2607e-008	8.0953e-008	7.8159e-008	7.5926e-008	7.4281e-008	7.2776e-008	7.1035e-008	6.829e-008	6.7101e-008	6.5148e-008	6.3332e-008	6.1857e-008	5.9132e-008	5.7524e-008	5.5824e-008	5.2514e-008	5.1352e-008	4.6714e-008	4.3794e-008	4.298e-008	4.142e-008	3.8528e-008	3.3351e-008	3.1878e-008	2.8623e-008	2.6441e-008	2.3352e-008	2.0543e-008	1.8858e-008	1.6181e-008	1.3188e-008	1.143e-008	9.7316e-009	8.254e-009	7.4107e-009	6.8127e-009	6.3107e-009	6.4299e-009	6.0321e-009	6.0362e-009	6.1726e-009	5.9944e-009	5.8496e-009	6.0113e-009	6.0968e-009	6.2717e-009	6.5345e-009	7.5596e-009	8.9634e-009	1.0793e-008	1.274e-008	1.6543e-008	1.9613e-008	2.3986e-008	2.8293e-008	3.5842e-008	4.0663e-008	4.8098e-008	5.5561e-008	6.1556e-008	6.8678e-008	7.4163e-008	7.6747e-008	8.0921e-008	8.5072e-008	8.8344e-008	9.0479e-008	9.2836e-008	9.5075e-008	9.6006e-008	9.7204e-008	9.804e-008
1.8975e-009	2.0893e-009	2.3575e-009	2.3944e-009	2.4265e-009	2.4076e-009	3.0555e-009	3.631e-009	5.0653e-009	6.9582e-009	9.0939e-009	1.3719e-008	2.0578e-008	2.7654e-008	3.4445e-008	4.1701e-008	4.8388e-008	5.5358e-008	6.1104e-008	6.6608e-008	7.1819e-008	7.4106e-008	7.7602e-008	8.2781e-008	8.4941e-008	8.6602e-008	8.7622e-008	8.7236e-008	8.833e-008	8.8925e-008	8.8756e-008	8.8859e-008	8.9031e-008	8.8362e-008	8.7275e-008	8.553e-008	8.4486e-008	8.3107e-008	8.1851e-008	8.1321e-008	7.9673e-008	7.6646e-008	7.3968e-008	7.1508e-008	7.0115e-008	6.6754e-008	6.3276e-008	6.1618e-008	6.0775e-008	5.5502e-008	5.1746e-008	5.1454e-008	4.8089e-008	4.7087e-008	4.4415e-008	4.1885e-008	3.8708e-008	3.6083e-008	3.5467e-008	3.3233e-008	3.0851e-008	2.7681e-008	2.6702e-008	2.4978e-008	2.382e-008	2.1631e-008	1.9859e-008	1.7771e-008	1.5166e-008	1.1946e-008	1.1084e-008	8.4048e-009	6.8874e-009	5.5624e-009	4.9292e-009	4.4444e-009	4.1333e-009	4.014e-009	3.6474e-009	3.9435e-009	3.8773e-009	3.8431e-009	4.0722e-009	4.0275e-009	4.3787e-009	5.2144e-009	7.5891e-009	9.6525e-009	1.2056e-008	1.509e-008	1.8376e-008	2.2277e-008	2.5301e-008	3.0221e-008	3.5114e-008	4.0939e-008	4.9117e-008	5.6781e-008	6.1053e-008	6.5876e-008	6.887e-008	7.3963e-008	7.6315e-008	8.0693e-008	8.3173e-008	8.5537e-008	8.7483e-008	8.944e-008	9.05e-008	9.0882e-008	9.0925e-008	9.0202e-008	8.9146e-008	8.9051e-008	8.8819e-008	8.7811e-008	8.4449e-008	8.1781e-008	7.9993e-008	7.831e-008	7.5495e-008	7.4647e-008	7.2687e-008	7.0884e-008	6.9645e-008	6.6228e-008	6.5218e-008	6.2752e-008	6.0975e-008	5.9663e-008	5.9497e-008	5.8133e-008	5.3848e-008	5.2302e-008	4.9952e-008	4.8668e-008	4.6463e-008	4.1917e-008	3.9079e-008	3.7215e-008	3.5232e-008	3.2535e-008	3.0146e-008	2.7368e-008	2.564e-008	2.3888e-008	2.1646e-008	1.7985e-008	1.5976e-008	1.4346e-008	1.1455e-008	1.0194e-008	8.0044e-009	6.9787e-009	6.461e-009	6.3643e-009	6.1262e-009	5.2969e-009	5.1245e-009	4.6777e-009	4.6566e-009	4.5033e-009	4.7215e-009	5.3648e-009	5.6938e-009	5.5158e-009	5.7343e-009	5.8077e-009	6.3743e-009	7.3808e-009	9.8477e-009	1.2618e-008	1.6511e-008	2.1545e-008	2.8045e-008	3.4439e-008	4.105e-008	4.962e-008	5.8766e-008	6.5013e-008	6.9347e-008	7.4492e-008	8.0839e-008	8.3145e-008	8.7547e-008	9.0675e-008	9.214e-008	9.3167e-008	9.4255e-008	9.5668e-008	9.643e-008	9.7418e-008	9.736e-008	9.7124e-008	9.6638e-008	9.5353e-008	9.3057e-008	8.8477e-008	8.6899e-008	8.4668e-008	8.2923e-008	7.9741e-008	7.8131e-008	7.4642e-008	7.3685e-008	7.2346e-008	7.0651e-008	6.8825e-008	6.4568e-008	6.1386e-008	5.9156e-008	5.7253e-008	5.2534e-008	4.8514e-008	4.6448e-008	4.4827e-008	4.2721e-008	4.09e-008	3.8581e-008	3.5187e-008	3.3382e-008	3.1314e-008	2.8452e-008	2.6185e-008	2.3177e-008	1.8217e-008	1.6431e-008	1.4702e-008	1.232e-008	8.5466e-009	7.1482e-009	6.4229e-009	6.0764e-009	5.6525e-009	5.1145e-009	4.754e-009	4.5693e-009	4.4293e-009	4.654e-009	4.9654e-009	5.1442e-009	5.5314e-009	5.8685e-009	5.0441e-009	4.8324e-009	5.2715e-009	5.438e-009	6.1157e-009	6.3796e-009	6.4432e-009	8.3842e-009	1.1957e-008	1.7322e-008	2.4741e-008	3.1057e-008	3.8423e-008	4.437e-008	5.0727e-008	5.8284e-008	6.5211e-008	7.0908e-008	7.5699e-008	8.0378e-008	8.4581e-008	8.6463e-008	8.953e-008	9.1159e-008	9.1844e-008	9.4049e-008	9.6045e-008	9.651e-008	9.6934e-008	9.6435e-008	9.5741e-008	9.56e-008	9.284e-008	9.1149e-008	8.9347e-008	8.822e-008	8.5541e-008	8.3781e-008	7.9225e-008	7.7754e-008	7.6523e-008	7.433e-008	7.2185e-008	7.0959e-008	6.9073e-008	6.8014e-008	6.3953e-008	5.8618e-008	5.7036e-008	5.6079e-008	5.374e-008	5.21e-008	4.9255e-008	4.789e-008	4.4779e-008	4.1516e-008	3.8832e-008	3.6172e-008	3.4326e-008	3.1937e-008	2.83e-008	2.6193e-008	2.498e-008	2.2197e-008	1.9767e-008	1.727e-008	1.5108e-008	1.2974e-008	1.125e-008	8.4972e-009	7.6196e-009	6.422e-009	6.3338e-009	5.8541e-009	4.8614e-009	5.015e-009	5.2892e-009	5.274e-009	5.6723e-009	5.691e-009	5.8983e-009	5.9789e-009	6.6586e-009	7.5648e-009	7.9473e-009	1.1196e-008	1.3765e-008	1.6217e-008	2.0523e-008	2.3571e-008	2.7362e-008	3.2858e-008	3.8315e-008	4.49e-008	4.963e-008	5.6911e-008	6.2641e-008	6.8556e-008	7.2119e-008	7.4732e-008	7.7175e-008	8.0073e-008	8.6195e-008	8.8864e-008	9.0653e-008	9.1807e-008	9.2925e-008	9.3204e-008	9.3751e-008	9.3975e-008	9.3598e-008	9.2986e-008	9.2547e-008	9.1834e-008	9.0432e-008	8.8397e-008	8.4589e-008	8.3006e-008	8.2153e-008	7.9564e-008	7.7697e-008	7.5693e-008	7.3175e-008	7.182e-008	6.9456e-008	6.7778e-008	6.5634e-008	6.1366e-008	5.8961e-008	5.7709e-008	5.4419e-008	5.2167e-008	4.9919e-008	4.67e-008	4.4787e-008	4.1709e-008	3.9344e-008	3.5704e-008	3.3347e-008	3.165e-008	3.1384e-008	2.8877e-008	2.6629e-008	2.4687e-008	2.1218e-008	2.0287e-008	1.8146e-008	1.6735e-008	1.5342e-008	1.2211e-008	1.2209e-008	1.136e-008	9.2474e-009	7.5734e-009	7.1798e-009	6.5969e-009	6.0864e-009	6.1461e-009	6.0361e-009	5.9147e-009	5.8727e-009	5.924e-009	6.2649e-009	6.3443e-009	6.2912e-009	6.8635e-009	8.193e-009	9.9725e-009	1.1824e-008	1.4904e-008	1.8578e-008	2.3824e-008	2.7578e-008	3.3691e-008	4.1808e-008	5.0705e-008	5.849e-008	6.4972e-008	6.8657e-008	7.5077e-008	7.9217e-008	8.1436e-008	8.4264e-008	8.5184e-008	8.779e-008	8.9292e-008	9.0558e-008	9.1406e-008	9.2701e-008	9.2573e-008	9.232e-008	9.3118e-008	9.2294e-008	9.0652e-008	8.8236e-008	8.6267e-008	8.4875e-008	8.284e-008	8.1064e-008	7.8371e-008	7.6532e-008	7.4008e-008	7.1868e-008	7.0685e-008	6.8951e-008	6.716e-008	6.4471e-008	6.2609e-008	6.0377e-008	5.8411e-008	5.6242e-008	5.4591e-008	5.2588e-008	5.0679e-008	4.8509e-008	4.2808e-008	4.2462e-008	3.8938e-008	3.4978e-008	3.2901e-008	3.1027e-008	2.94e-008	2.5609e-008	2.4188e-008	2.0403e-008	1.9037e-008	1.6198e-008	1.2024e-008	1.0581e-008	8.8148e-009	7.5798e-009	6.7851e-009	6.187e-009	5.9993e-009	6.566e-009	6.314e-009	5.6832e-009	5.8632e-009	6.1748e-009	6.1131e-009	5.8617e-009	5.7436e-009	6.2608e-009	6.4895e-009	7.0805e-009	8.4832e-009	9.5659e-009	1.268e-008	1.6074e-008	1.8551e-008	2.3652e-008	2.8232e-008	3.5142e-008	4.1825e-008	4.8787e-008	5.8057e-008	6.3754e-008	7.0286e-008	7.3869e-008	8.0084e-008	8.2358e-008	8.4792e-008	8.7752e-008	9.0537e-008	9.1583e-008	9.457e-008	9.5548e-008	9.6938e-008	9.7339e-008
2.039e-009	2.3748e-009	2.6403e-009	2.6838e-009	2.6213e-009	2.5957e-009	2.608e-009	3.6428e-009	4.9398e-009	6.4852e-009	9.8291e-009	1.3542e-008	1.9447e-008	2.7094e-008	3.3774e-008	4.1188e-008	4.7622e-008	5.4787e-008	6.0687e-008	6.5543e-008	7.0824e-008	7.3752e-008	7.813e-008	8.1743e-008	8.5129e-008	8.6978e-008	8.798e-008	8.89e-008	8.9456e-008	8.9375e-008	8.9448e-008	8.9717e-008	8.8537e-008	8.8244e-008	8.7364e-008	8.5826e-008	8.4717e-008	8.3909e-008	8.1821e-008	8.0882e-008	7.868e-008	7.5338e-008	7.4047e-008	7.2458e-008	6.9985e-008	6.8226e-008	6.5872e-008	6.3069e-008	6.0829e-008	5.7885e-008	5.4858e-008	5.0888e-008	4.9465e-008	4.7652e-008	4.5556e-008	4.1788e-008	3.792e-008	3.6775e-008	3.5262e-008	3.2056e-008	3.0494e-008	2.8937e-008	2.693e-008	2.539e-008	2.2179e-008	2.0629e-008	1.9313e-008	1.7389e-008	1.446e-008	1.2154e-008	9.6614e-009	7.814e-009	5.8347e-009	5.0049e-009	4.7832e-009	4.005e-009	4.0234e-009	3.8584e-009	3.3105e-009	3.6351e-009	4.0171e-009	3.7345e-009	4.1256e-009	4.1949e-009	4.1267e-009	5.0707e-009	7.015e-009	9.5299e-009	1.157e-008	1.4368e-008	1.6959e-008	2.1696e-008	2.3375e-008	3.0101e-008	3.5078e-008	4.0837e-008	4.8433e-008	5.5391e-008	6.2897e-008	6.6868e-008	7.1321e-008	7.4851e-008	7.8065e-008	8.0743e-008	8.2552e-008	8.5798e-008	8.7636e-008	8.9187e-008	9.0279e-008	9.0965e-008	9.1109e-008	9.0202e-008	8.981e-008	8.9127e-008	8.8947e-008	8.7931e-008	8.5126e-008	8.2861e-008	8.0423e-008	7.8045e-008	7.6187e-008	7.3542e-008	7.2353e-008	7.0288e-008	6.8908e-008	6.7205e-008	6.5274e-008	6.3271e-008	6.1028e-008	6.0112e-008	5.9441e-008	5.7033e-008	5.1905e-008	5.1477e-008	4.9452e-008	4.7417e-008	4.3642e-008	4.0656e-008	3.8865e-008	3.5598e-008	3.4733e-008	3.2247e-008	3.1123e-008	2.7007e-008	2.4784e-008	2.2601e-008	1.9922e-008	1.7305e-008	1.592e-008	1.3702e-008	1.1688e-008	9.6893e-009	8.1324e-009	6.7698e-009	6.1397e-009	5.855e-009	5.4727e-009	5.3257e-009	4.85e-009	4.5532e-009	4.6516e-009	4.8927e-009	4.3672e-009	4.6776e-009	4.975e-009	5.1579e-009	5.7102e-009	5.8757e-009	6.3875e-009	8.1546e-009	9.9787e-009	1.2896e-008	1.67e-008	2.1033e-008	2.7402e-008	3.4713e-008	4.1478e-008	5.0165e-008	5.8755e-008	6.5099e-008	7.0716e-008	7.6109e-008	8.1457e-008	8.361e-008	8.8185e-008	9.1292e-008	9.2181e-008	9.3739e-008	9.4805e-008	9.5589e-008	9.6241e-008	9.6828e-008	9.7821e-008	9.7709e-008	9.7714e-008	9.5382e-008	9.2936e-008	8.892e-008	8.5468e-008	8.4377e-008	8.2377e-008	7.9148e-008	7.7923e-008	7.5175e-008	7.4001e-008	7.2556e-008	7.0304e-008	6.8651e-008	6.5106e-008	6.0493e-008	5.9633e-008	5.722e-008	5.6129e-008	5.0381e-008	4.7083e-008	4.5373e-008	4.3182e-008	4.1542e-008	3.9211e-008	3.6556e-008	3.3781e-008	3.1142e-008	2.9281e-008	2.4875e-008	2.1829e-008	1.9441e-008	1.6008e-008	1.4552e-008	1.1721e-008	9.4595e-009	6.6332e-009	6.1223e-009	5.6623e-009	5.4641e-009	5.4962e-009	4.7557e-009	4.4457e-009	4.207e-009	4.6743e-009	4.6254e-009	4.6802e-009	4.9336e-009	5.3016e-009	5.1581e-009	5.1671e-009	5.423e-009	5.6051e-009	6.5422e-009	6.395e-009	7.3608e-009	8.498e-009	1.1912e-008	1.6945e-008	2.3357e-008	3.1102e-008	3.7787e-008	4.4595e-008	5.0604e-008	5.8034e-008	6.3767e-008	7.1321e-008	7.6391e-008	8.0176e-008	8.4341e-008	8.7335e-008	8.9546e-008	9.1176e-008	9.2381e-008	9.4938e-008	9.5797e-008	9.6403e-008	9.678e-008	9.6227e-008	9.5383e-008	9.4742e-008	9.3057e-008	9.1344e-008	8.9308e-008	8.6835e-008	8.5174e-008	8.328e-008	8.1438e-008	7.8848e-008	7.7606e-008	7.5077e-008	7.3496e-008	7.1167e-008	6.9547e-008	6.7949e-008	6.5687e-008	6.0783e-008	5.8391e-008	5.5763e-008	5.3244e-008	5.1781e-008	4.9936e-008	4.6594e-008	4.0614e-008	4.0164e-008	3.8531e-008	3.5584e-008	3.4758e-008	3.1095e-008	3.0174e-008	2.6078e-008	2.4561e-008	2.2993e-008	2.1032e-008	1.6853e-008	1.5051e-008	1.3426e-008	1.0674e-008	9.1948e-009	7.4902e-009	6.3627e-009	5.4294e-009	5.3259e-009	4.9676e-009	5.143e-009	5.1518e-009	5.573e-009	5.7001e-009	5.7584e-009	6.0887e-009	6.1151e-009	6.7276e-009	7.5391e-009	9.068e-009	1.1308e-008	1.3273e-008	1.6979e-008	2.1172e-008	2.3802e-008	2.7461e-008	3.3558e-008	3.9861e-008	4.6317e-008	5.2163e-008	5.8182e-008	6.5082e-008	6.9471e-008	7.2565e-008	7.4442e-008	7.716e-008	8.2373e-008	8.5181e-008	8.8777e-008	9.0156e-008	9.252e-008	9.3484e-008	9.3654e-008	9.4168e-008	9.4474e-008	9.3941e-008	9.3205e-008	9.25e-008	9.1773e-008	9.0484e-008	8.9379e-008	8.6815e-008	8.3541e-008	8.1265e-008	7.9727e-008	7.7632e-008	7.5292e-008	7.2533e-008	7.147e-008	7.0031e-008	6.8619e-008	6.6838e-008	5.9001e-008	5.9704e-008	5.7945e-008	5.4492e-008	5.2839e-008	5.0122e-008	4.8162e-008	4.3394e-008	4.148e-008	3.9701e-008	3.4775e-008	3.3408e-008	3.197e-008	3.0791e-008	2.8377e-008	2.7031e-008	2.4356e-008	2.2283e-008	1.9871e-008	1.8149e-008	1.6449e-008	1.4753e-008	1.3244e-008	1.2551e-008	1.0038e-008	8.2254e-009	6.9392e-009	6.904e-009	6.3187e-009	5.7242e-009	5.9799e-009	6.0764e-009	5.6095e-009	6.0032e-009	5.9303e-009	5.8224e-009	6.1568e-009	6.3348e-009	6.9603e-009	8.2551e-009	1.0107e-008	1.2845e-008	1.5142e-008	1.8718e-008	2.3605e-008	2.8024e-008	3.3723e-008	4.3031e-008	5.158e-008	5.9602e-008	6.4106e-008	6.9831e-008	7.6325e-008	7.9418e-008	8.2368e-008	8.4907e-008	8.676e-008	8.8345e-008	8.9781e-008	9.0962e-008	9.243e-008	9.2516e-008	9.1993e-008	9.1828e-008	9.2537e-008	9.2207e-008	9.0472e-008	8.8349e-008	8.574e-008	8.4347e-008	8.308e-008	8.117e-008	7.8391e-008	7.5759e-008	7.3783e-008	7.2162e-008	6.9659e-008	6.8915e-008	6.6329e-008	6.3251e-008	6.1067e-008	5.9059e-008	5.7993e-008	5.68e-008	5.4141e-008	5.2271e-008	5.057e-008	4.9489e-008	4.5968e-008	4.2131e-008	3.9561e-008	3.6151e-008	3.1445e-008	3.1015e-008	2.8976e-008	2.5612e-008	2.2355e-008	2.0438e-008	1.7278e-008	1.5067e-008	1.2285e-008	9.8075e-009	8.3901e-009	7.0365e-009	6.6107e-009	6.0029e-009	5.8316e-009	6.649e-009	6.1559e-009	5.733e-009	5.8428e-009	6.2361e-009	5.8444e-009	5.1956e-009	5.2751e-009	5.8792e-009	6.6822e-009	7.1147e-009	7.9387e-009	1.0122e-008	1.3065e-008	1.5976e-008	1.9057e-008	2.3059e-008	2.8846e-008	3.4886e-008	4.2271e-008	4.9773e-008	5.8111e-008	6.4649e-008	7.0862e-008	7.5362e-008	8.0099e-008	8.2461e-008	8.4482e-008	8.7749e-008	8.9846e-008	9.1276e-008	9.3675e-008	9.5661e-008	9.6528e-008	9.6909e-008
1.9067e-009	2.3396e-009	2.6549e-009	2.5248e-009	2.4675e-009	2.1792e-009	2.719e-009	3.276e-009	4.1298e-009	5.2507e-009	8.3763e-009	1.2926e-008	1.9083e-008	2.7508e-008	3.2797e-008	3.9048e-008	4.6806e-008	5.3624e-008	6.0339e-008	6.5853e-008	6.8926e-008	7.4758e-008	7.6134e-008	7.9744e-008	8.4949e-008	8.689e-008	8.8142e-008	8.8595e-008	8.909e-008	8.9646e-008	8.9816e-008	8.9663e-008	8.9334e-008	8.7671e-008	8.6842e-008	8.6424e-008	8.5374e-008	8.385e-008	8.2313e-008	8.0422e-008	7.9466e-008	7.6935e-008	7.4661e-008	7.3236e-008	7.279e-008	6.9406e-008	6.6469e-008	6.2536e-008	5.9744e-008	5.6619e-008	5.4279e-008	5.2138e-008	5.0221e-008	4.7829e-008	4.5421e-008	4.1796e-008	3.9404e-008	3.707e-008	3.5212e-008	3.2666e-008	3.0494e-008	2.9361e-008	2.6252e-008	2.4795e-008	2.218e-008	2.0436e-008	1.7991e-008	1.6655e-008	1.4256e-008	1.2333e-008	9.6323e-009	7.4017e-009	6.5355e-009	5.022e-009	4.0313e-009	3.5014e-009	3.6726e-009	3.659e-009	3.5261e-009	3.1935e-009	3.4984e-009	3.4653e-009	3.5083e-009	3.8145e-009	3.8837e-009	4.5542e-009	6.1825e-009	8.1928e-009	1.0674e-008	1.387e-008	1.682e-008	2.0967e-008	2.4834e-008	3.0869e-008	3.4702e-008	4.0638e-008	4.825e-008	5.5885e-008	6.3208e-008	6.7552e-008	7.1317e-008	7.3659e-008	7.8351e-008	8.0926e-008	8.2246e-008	8.5442e-008	8.6825e-008	8.9541e-008	9.0405e-008	9.081e-008	9.0821e-008	9.0664e-008	9.0554e-008	8.9886e-008	8.9608e-008	8.7787e-008	8.5032e-008	8.3541e-008	7.9685e-008	7.7701e-008	7.6731e-008	7.4728e-008	7.2389e-008	7.105e-008	6.9693e-008	6.6929e-008	6.6215e-008	6.3076e-008	6.0859e-008	5.8931e-008	5.799e-008	5.673e-008	5.4427e-008	5.0103e-008	4.6975e-008	4.4189e-008	4.3048e-008	4.203e-008	3.949e-008	3.726e-008	3.4535e-008	3.2237e-008	3.0986e-008	2.6011e-008	2.4384e-008	2.1985e-008	1.9124e-008	1.7511e-008	1.5197e-008	1.2961e-008	1.0619e-008	9.167e-009	7.7105e-009	6.0666e-009	5.0344e-009	5.3457e-009	5.5021e-009	5.1411e-009	5.3872e-009	4.6824e-009	4.7235e-009	4.7849e-009	4.9586e-009	4.7618e-009	5.1027e-009	5.0021e-009	5.6721e-009	6.533e-009	6.5537e-009	8.2154e-009	1.0005e-008	1.1453e-008	1.5584e-008	2.1611e-008	2.7484e-008	3.4901e-008	4.4344e-008	5.0485e-008	5.7882e-008	5.9908e-008	6.8044e-008	7.4968e-008	8.0171e-008	8.3859e-008	8.7366e-008	9.1382e-008	9.2375e-008	9.3162e-008	9.4507e-008	9.5244e-008	9.5524e-008	9.6325e-008	9.7575e-008	9.7703e-008	9.6601e-008	9.4311e-008	9.3657e-008	9.0796e-008	8.5769e-008	8.3826e-008	8.2516e-008	8.0014e-008	7.8172e-008	7.623e-008	7.5244e-008	7.3506e-008	7.0075e-008	6.8956e-008	6.561e-008	6.094e-008	5.9728e-008	5.8076e-008	5.4657e-008	5.2635e-008	4.8656e-008	4.6253e-008	4.3652e-008	4.177e-008	3.9447e-008	3.7245e-008	3.439e-008	3.1811e-008	2.858e-008	2.5555e-008	2.3175e-008	1.7986e-008	1.6056e-008	1.4973e-008	1.2213e-008	9.9277e-009	7.908e-009	6.9049e-009	6.3322e-009	5.8644e-009	5.8495e-009	4.9276e-009	4.5751e-009	4.3582e-009	4.9503e-009	4.5598e-009	4.8523e-009	4.5622e-009	5.8845e-009	5.5604e-009	5.2262e-009	5.3176e-009	5.9321e-009	5.9734e-009	6.4999e-009	7.2886e-009	8.9352e-009	1.0936e-008	1.5881e-008	2.0449e-008	3.0606e-008	3.8046e-008	4.4748e-008	5.0333e-008	5.8352e-008	6.5172e-008	7.1197e-008	7.6316e-008	7.9761e-008	8.5667e-008	8.806e-008	8.9328e-008	9.0688e-008	9.1693e-008	9.4864e-008	9.5559e-008	9.5734e-008	9.6431e-008	9.5747e-008	9.477e-008	9.4151e-008	9.3483e-008	9.0591e-008	8.8997e-008	8.7227e-008	8.559e-008	8.3421e-008	8.1056e-008	7.8678e-008	7.7696e-008	7.6135e-008	7.3245e-008	7.1658e-008	6.9071e-008	6.7407e-008	6.5066e-008	6.0555e-008	5.8485e-008	5.5526e-008	5.3756e-008	5.0796e-008	4.95e-008	4.3439e-008	4.0406e-008	4.0204e-008	3.8901e-008	3.7301e-008	3.4872e-008	2.9707e-008	2.7895e-008	2.6853e-008	2.484e-008	2.2172e-008	2.0786e-008	1.8209e-008	1.5557e-008	1.3644e-008	1.1489e-008	9.6453e-009	7.764e-009	6.3981e-009	5.2763e-009	5.1974e-009	4.6518e-009	5.3288e-009	5.8374e-009	6.0188e-009	5.7536e-009	5.8856e-009	6.3959e-009	6.6281e-009	7.0023e-009	7.4491e-009	9.8112e-009	1.2114e-008	1.3702e-008	1.8289e-008	2.0416e-008	2.4196e-008	2.8059e-008	3.4248e-008	4.0242e-008	4.6783e-008	5.2213e-008	5.8122e-008	6.4129e-008	6.8327e-008	7.2798e-008	7.4662e-008	7.829e-008	8.2379e-008	8.5627e-008	8.768e-008	9.1503e-008	9.2599e-008	9.3296e-008	9.3649e-008	9.4213e-008	9.4385e-008	9.3845e-008	9.3185e-008	9.2766e-008	9.1296e-008	9.0322e-008	8.8949e-008	8.3134e-008	8.3049e-008	8.0679e-008	7.9005e-008	7.8095e-008	7.5408e-008	7.2639e-008	7.1737e-008	7.0612e-008	6.8365e-008	6.5398e-008	6.003e-008	5.9559e-008	5.7001e-008	5.4911e-008	5.2716e-008	5.0828e-008	4.8769e-008	4.3378e-008	4.0561e-008	3.8914e-008	3.6065e-008	3.3603e-008	3.2974e-008	2.9701e-008	2.8039e-008	2.6566e-008	2.3428e-008	2.1941e-008	1.9715e-008	1.7693e-008	1.5965e-008	1.4772e-008	1.3e-008	1.1433e-008	9.6839e-009	8.3892e-009	7.1958e-009	6.693e-009	6.2722e-009	5.9058e-009	5.3517e-009	5.6897e-009	5.6306e-009	6.2624e-009	5.9882e-009	5.8962e-009	6.0806e-009	5.6611e-009	6.1542e-009	7.5332e-009	1.0279e-008	1.2224e-008	1.5603e-008	1.8616e-008	2.253e-008	2.8276e-008	3.4218e-008	4.3438e-008	5.1314e-008	5.7541e-008	6.5134e-008	7.0259e-008	7.6727e-008	7.9794e-008	8.2984e-008	8.5672e-008	8.8063e-008	8.9154e-008	9.0582e-008	9.2297e-008	9.3008e-008	9.2576e-008	9.2602e-008	9.1777e-008	9.185e-008	9.1795e-008	9.0839e-008	8.8769e-008	8.5e-008	8.3385e-008	8.2487e-008	8.001e-008	7.6279e-008	7.4991e-008	7.3274e-008	7.1491e-008	7.0591e-008	6.9696e-008	6.7061e-008	6.365e-008	6.1146e-008	5.9255e-008	5.789e-008	5.6495e-008	5.4473e-008	5.3091e-008	4.982e-008	4.8608e-008	4.5698e-008	4.2841e-008	3.8502e-008	3.539e-008	3.2669e-008	3.0585e-008	2.8321e-008	2.6327e-008	2.3133e-008	2.0746e-008	1.8045e-008	1.4788e-008	1.12e-008	9.1147e-009	8.4156e-009	7.0633e-009	6.0785e-009	5.9653e-009	6.0468e-009	6.1667e-009	6.3611e-009	5.9754e-009	5.8864e-009	5.9736e-009	5.5963e-009	5.0671e-009	5.2284e-009	5.7064e-009	6.6194e-009	6.7569e-009	7.5835e-009	1.0189e-008	1.2617e-008	1.5526e-008	1.9401e-008	2.3855e-008	2.8261e-008	3.4155e-008	4.1537e-008	4.9766e-008	5.775e-008	6.3882e-008	6.9285e-008	7.4517e-008	7.9793e-008	8.2417e-008	8.4653e-008	8.7139e-008	8.9426e-008	9.0851e-008	9.3503e-008	9.5247e-008	9.6719e-008	9.7345e-008
1.8683e-009	1.9791e-009	2.9549e-009	2.741e-009	2.2297e-009	2.1008e-009	2.5474e-009	2.9037e-009	4.1893e-009	5.4393e-009	7.3807e-009	1.2774e-008	1.9168e-008	2.5861e-008	3.3191e-008	3.925e-008	4.6271e-008	5.3343e-008	5.9846e-008	6.4977e-008	6.8232e-008	7.3848e-008	7.7671e-008	8.1913e-008	8.3985e-008	8.646e-008	8.7387e-008	8.8149e-008	8.8924e-008	8.9654e-008	9.0068e-008	9.0232e-008	8.9215e-008	8.8262e-008	8.8049e-008	8.7036e-008	8.6124e-008	8.5042e-008	8.1835e-008	7.9987e-008	7.8519e-008	7.7146e-008	7.5367e-008	7.3974e-008	7.2128e-008	6.9083e-008	6.3308e-008	6.1813e-008	5.9252e-008	5.6926e-008	5.4312e-008	5.1695e-008	5.0825e-008	4.8185e-008	4.5586e-008	4.2603e-008	3.9722e-008	3.6303e-008	3.4616e-008	3.2782e-008	3.0968e-008	2.9013e-008	2.6523e-008	2.4459e-008	2.1351e-008	1.977e-008	1.7796e-008	1.617e-008	1.4032e-008	1.1054e-008	9.3361e-009	7.5599e-009	5.9731e-009	5.1534e-009	4.1477e-009	3.944e-009	3.9135e-009	3.2568e-009	3.7585e-009	3.7932e-009	3.2182e-009	3.4068e-009	3.7159e-009	3.4801e-009	4.2562e-009	4.7065e-009	5.8126e-009	8.4466e-009	1.0471e-008	1.2959e-008	1.6108e-008	1.9796e-008	2.5032e-008	3.0191e-008	3.5621e-008	4.1043e-008	4.7575e-008	5.6331e-008	6.3337e-008	6.6821e-008	7.2664e-008	7.5485e-008	7.8539e-008	8.1427e-008	8.279e-008	8.5317e-008	8.738e-008	8.9455e-008	9.098e-008	9.1267e-008	9.134e-008	9.1814e-008	9.1751e-008	9.0697e-008	8.8806e-008	8.6988e-008	8.5257e-008	8.378e-008	8.0918e-008	7.8838e-008	7.6556e-008	7.4126e-008	7.2883e-008	7.1933e-008	7.0664e-008	6.7852e-008	6.6284e-008	6.2769e-008	6.0448e-008	5.9279e-008	5.8003e-008	5.6432e-008	5.3218e-008	4.9918e-008	4.6972e-008	4.441e-008	4.2854e-008	4.0673e-008	3.7961e-008	3.7254e-008	3.4641e-008	3.1918e-008	2.888e-008	2.5579e-008	2.3929e-008	2.0793e-008	1.8429e-008	1.6815e-008	1.4822e-008	1.2031e-008	1.0081e-008	8.4747e-009	7.0133e-009	6.0969e-009	5.3248e-009	5.2119e-009	5.8416e-009	5.8e-009	5.4828e-009	5.2151e-009	4.6725e-009	5.3581e-009	5.4079e-009	5.2766e-009	5.2176e-009	5.0832e-009	5.5096e-009	6.1209e-009	7.0075e-009	7.6245e-009	9.5192e-009	1.13e-008	1.6003e-008	2.195e-008	2.8331e-008	3.5793e-008	4.3424e-008	4.8832e-008	5.7301e-008	6.1759e-008	6.781e-008	7.338e-008	7.9559e-008	8.231e-008	8.7671e-008	9.1599e-008	9.2162e-008	9.2945e-008	9.4271e-008	9.4999e-008	9.5078e-008	9.672e-008	9.8088e-008	9.7839e-008	9.6073e-008	9.5309e-008	9.3699e-008	9.1613e-008	8.5743e-008	8.3864e-008	8.2663e-008	7.9934e-008	7.7402e-008	7.587e-008	7.523e-008	7.3056e-008	7.0851e-008	6.7955e-008	6.2792e-008	6.1623e-008	5.9487e-008	5.7766e-008	5.536e-008	5.119e-008	4.5947e-008	4.6288e-008	4.4379e-008	4.2281e-008	3.9783e-008	3.6541e-008	3.4326e-008	3.1903e-008	2.7325e-008	2.6077e-008	2.3759e-008	1.8422e-008	1.7932e-008	1.564e-008	1.3014e-008	1.037e-008	9.4181e-009	7.5215e-009	6.5997e-009	6.127e-009	5.5473e-009	5.2345e-009	4.7158e-009	4.9176e-009	5.0434e-009	4.8445e-009	4.798e-009	5.0698e-009	5.3445e-009	5.308e-009	5.2255e-009	5.8245e-009	5.7844e-009	5.6525e-009	6.2712e-009	7.8026e-009	9.7296e-009	1.1112e-008	1.6212e-008	2.1434e-008	2.7211e-008	3.7488e-008	4.6552e-008	5.1661e-008	5.8343e-008	6.3924e-008	7.0228e-008	7.504e-008	8.0536e-008	8.3918e-008	8.7637e-008	8.8806e-008	9.0654e-008	9.1671e-008	9.2957e-008	9.4924e-008	9.5448e-008	9.5155e-008	9.476e-008	9.4237e-008	9.3925e-008	9.3586e-008	9.0902e-008	8.9817e-008	8.763e-008	8.5646e-008	8.3927e-008	8.2647e-008	8.022e-008	7.8321e-008	7.6266e-008	7.4525e-008	7.1629e-008	6.9957e-008	6.7179e-008	6.6124e-008	6.1356e-008	5.7542e-008	5.5796e-008	5.3725e-008	5.1384e-008	4.9645e-008	4.6048e-008	4.4593e-008	4.0346e-008	3.9104e-008	3.7263e-008	3.5053e-008	3.189e-008	2.9777e-008	2.6947e-008	2.4912e-008	2.3397e-008	2.1064e-008	1.7932e-008	1.5623e-008	1.3817e-008	1.1486e-008	9.4381e-009	8.2666e-009	6.8549e-009	5.6803e-009	5.6377e-009	5.3593e-009	5.1993e-009	5.5598e-009	5.62e-009	5.5304e-009	5.8884e-009	6.1273e-009	6.4371e-009	6.817e-009	8.1911e-009	9.3814e-009	1.2175e-008	1.4831e-008	1.7293e-008	2.1094e-008	2.5385e-008	2.9606e-008	3.5805e-008	4.0676e-008	4.6323e-008	5.2059e-008	5.7881e-008	6.2282e-008	6.9293e-008	7.1968e-008	7.5845e-008	7.9615e-008	8.1464e-008	8.5677e-008	8.9213e-008	9.1062e-008	9.315e-008	9.3529e-008	9.4201e-008	9.4263e-008	9.4455e-008	9.3459e-008	9.255e-008	9.2403e-008	9.1786e-008	9.0837e-008	8.9255e-008	8.4566e-008	8.1332e-008	8.0566e-008	7.8909e-008	7.8199e-008	7.6839e-008	7.3457e-008	7.2497e-008	6.9953e-008	6.8139e-008	6.5835e-008	6.1752e-008	5.8732e-008	5.6759e-008	5.584e-008	5.3012e-008	5.1337e-008	4.7944e-008	4.4923e-008	4.1468e-008	3.8237e-008	3.5011e-008	3.4346e-008	3.2072e-008	2.9633e-008	2.7573e-008	2.5023e-008	2.3485e-008	2.1036e-008	1.9615e-008	1.7918e-008	1.5077e-008	1.4174e-008	1.1925e-008	1.0983e-008	1.0063e-008	8.2632e-009	7.3446e-009	6.7542e-009	6.1264e-009	6.0165e-009	5.9142e-009	5.8897e-009	6.3808e-009	6.3772e-009	6.1822e-009	5.9681e-009	6.1963e-009	6.6495e-009	6.678e-009	8.1382e-009	1.0192e-008	1.2934e-008	1.6357e-008	1.9122e-008	2.375e-008	2.909e-008	3.5739e-008	4.4659e-008	5.2632e-008	5.8792e-008	6.4664e-008	7.0802e-008	7.4751e-008	8.0144e-008	8.3411e-008	8.5668e-008	8.7847e-008	9.1162e-008	9.2259e-008	9.3707e-008	9.3822e-008	9.3102e-008	9.2443e-008	9.1831e-008	9.1554e-008	9.0997e-008	9.0389e-008	8.6896e-008	8.4482e-008	8.2815e-008	8.1497e-008	7.9106e-008	7.7642e-008	7.471e-008	7.2877e-008	7.1512e-008	7.0601e-008	6.9804e-008	6.6585e-008	6.1008e-008	6.0959e-008	5.9462e-008	5.7767e-008	5.5795e-008	5.383e-008	5.2797e-008	5.1172e-008	4.8731e-008	4.6772e-008	3.8942e-008	3.8023e-008	3.6578e-008	3.3202e-008	3.1608e-008	2.8038e-008	2.6546e-008	2.2871e-008	2.0982e-008	1.794e-008	1.5757e-008	1.242e-008	1.0348e-008	8.6585e-009	7.2692e-009	6.2953e-009	6.3945e-009	6.1405e-009	5.8309e-009	5.7882e-009	5.9035e-009	5.9143e-009	6.1562e-009	6.0944e-009	5.6968e-009	5.7654e-009	5.4687e-009	6.7987e-009	7.5545e-009	7.9702e-009	1.0308e-008	1.2678e-008	1.5398e-008	1.8658e-008	2.3776e-008	2.8019e-008	3.5062e-008	4.333e-008	5.0599e-008	5.8329e-008	6.4253e-008	6.9117e-008	7.3411e-008	7.5982e-008	8.2491e-008	8.5305e-008	8.7366e-008	8.9453e-008	9.084e-008	9.2373e-008	9.5746e-008	9.7293e-008	9.7551e-008
2.3829e-009	2.6378e-009	2.9267e-009	2.5719e-009	2.6059e-009	2.3747e-009	2.7712e-009	3.4565e-009	4.4566e-009	5.9919e-009	7.9176e-009	1.1915e-008	1.8723e-008	2.5977e-008	3.3231e-008	3.9917e-008	4.7172e-008	5.4113e-008	5.9723e-008	6.4328e-008	6.9596e-008	7.5069e-008	7.7549e-008	8.2431e-008	8.4494e-008	8.6696e-008	8.7714e-008	8.819e-008	8.9245e-008	8.9765e-008	9.0617e-008	9.018e-008	8.9396e-008	8.8805e-008	8.8541e-008	8.7728e-008	8.6672e-008	8.4507e-008	8.2669e-008	7.9395e-008	7.898e-008	7.7222e-008	7.5081e-008	7.3859e-008	7.1614e-008	6.9503e-008	6.5421e-008	6.1382e-008	6.0047e-008	5.7074e-008	5.4733e-008	5.3305e-008	5.026e-008	4.8744e-008	4.5661e-008	4.3966e-008	4.0693e-008	3.7581e-008	3.5171e-008	3.2808e-008	3.045e-008	2.9007e-008	2.6337e-008	2.3801e-008	2.2109e-008	1.999e-008	1.7764e-008	1.6556e-008	1.3696e-008	1.1425e-008	1.0025e-008	7.9227e-009	6.104e-009	5.5396e-009	4.5938e-009	4.0695e-009	4.1642e-009	3.7325e-009	3.9206e-009	3.434e-009	3.4973e-009	4.0354e-009	3.7984e-009	4.2099e-009	4.4155e-009	4.9637e-009	5.6561e-009	7.5604e-009	9.7433e-009	1.3028e-008	1.5665e-008	2.0121e-008	2.4699e-008	3.1317e-008	3.7062e-008	4.1062e-008	4.7592e-008	5.6485e-008	6.2356e-008	6.9623e-008	7.3781e-008	7.6751e-008	7.9225e-008	8.2264e-008	8.3983e-008	8.6251e-008	8.8191e-008	9.0102e-008	9.1001e-008	9.1935e-008	9.2422e-008	9.2703e-008	9.2338e-008	9.1217e-008	8.8678e-008	8.6634e-008	8.5085e-008	8.4135e-008	8.1897e-008	7.9416e-008	7.8084e-008	7.5313e-008	7.3794e-008	7.2518e-008	7.1395e-008	6.9642e-008	6.5128e-008	6.2187e-008	6.0964e-008	5.928e-008	5.8269e-008	5.7134e-008	5.4788e-008	5.012e-008	4.8851e-008	4.5257e-008	4.3469e-008	4.2287e-008	4.0197e-008	3.7969e-008	3.4923e-008	3.1401e-008	2.8542e-008	2.6978e-008	2.3735e-008	2.0808e-008	1.8838e-008	1.7511e-008	1.454e-008	1.1707e-008	1.007e-008	8.4058e-009	7.5391e-009	7.1564e-009	6.0654e-009	7.3139e-009	6.8384e-009	6.2583e-009	5.9515e-009	5.8487e-009	5.8093e-009	5.9672e-009	5.2222e-009	5.4831e-009	5.4191e-009	5.8929e-009	6.0502e-009	6.5308e-009	6.6291e-009	7.5303e-009	9.851e-009	1.2158e-008	1.5916e-008	2.1698e-008	2.8452e-008	3.5966e-008	4.2464e-008	4.9188e-008	5.5215e-008	6.003e-008	6.5769e-008	7.2818e-008	7.925e-008	8.313e-008	8.7673e-008	9.1019e-008	9.2802e-008	9.4176e-008	9.4584e-008	9.4923e-008	9.6853e-008	9.7398e-008	9.8167e-008	9.7002e-008	9.6072e-008	9.5046e-008	9.3377e-008	9.1076e-008	8.7707e-008	8.4966e-008	8.3284e-008	7.9782e-008	7.775e-008	7.6458e-008	7.6068e-008	7.4473e-008	7.2197e-008	6.7464e-008	6.524e-008	6.2162e-008	6.0262e-008	5.7625e-008	5.5607e-008	4.991e-008	4.8576e-008	4.7623e-008	4.4077e-008	4.2341e-008	3.8551e-008	3.6883e-008	3.4833e-008	3.2501e-008	2.8168e-008	2.6432e-008	2.3958e-008	2.1493e-008	1.9053e-008	1.5643e-008	1.2947e-008	1.1317e-008	8.9955e-009	7.2001e-009	6.5658e-009	6.2271e-009	6.1771e-009	5.4623e-009	4.7658e-009	4.8526e-009	4.8866e-009	4.8317e-009	4.8658e-009	4.9779e-009	4.9026e-009	5.3187e-009	5.6968e-009	6.062e-009	5.9341e-009	6.0502e-009	6.174e-009	7.1595e-009	9.4663e-009	1.1662e-008	1.544e-008	2.1722e-008	2.9577e-008	3.8663e-008	4.6425e-008	5.4496e-008	6.0504e-008	6.4119e-008	7.0001e-008	7.5164e-008	7.8752e-008	8.3334e-008	8.6308e-008	8.8208e-008	9.1014e-008	9.2216e-008	9.2649e-008	9.412e-008	9.4742e-008	9.4244e-008	9.4002e-008	9.4359e-008	9.4522e-008	9.3493e-008	9.1375e-008	9.0675e-008	8.9063e-008	8.588e-008	8.4285e-008	8.2162e-008	8.0238e-008	7.7495e-008	7.5925e-008	7.4596e-008	7.0643e-008	7.0112e-008	6.7493e-008	6.6142e-008	6.4159e-008	5.7629e-008	5.626e-008	5.4226e-008	5.2557e-008	4.9081e-008	4.7375e-008	4.438e-008	4.1228e-008	3.9919e-008	3.7753e-008	3.5386e-008	3.2809e-008	2.9807e-008	2.5976e-008	2.4291e-008	2.2774e-008	2.0887e-008	1.8729e-008	1.6687e-008	1.4425e-008	1.1982e-008	9.8559e-009	8.6854e-009	6.6429e-009	6.1685e-009	5.7203e-009	5.5315e-009	5.632e-009	4.6928e-009	4.982e-009	5.6806e-009	5.9079e-009	6.0946e-009	6.7145e-009	7.2563e-009	8.0784e-009	9.5285e-009	1.2927e-008	1.5151e-008	1.8679e-008	2.1699e-008	2.6366e-008	3.2543e-008	3.6231e-008	4.2499e-008	4.6521e-008	5.1259e-008	5.6599e-008	6.4303e-008	6.8463e-008	7.218e-008	7.7539e-008	7.9886e-008	8.2863e-008	8.5262e-008	8.801e-008	9.0319e-008	9.2556e-008	9.4373e-008	9.4573e-008	9.4358e-008	9.3949e-008	9.3279e-008	9.2369e-008	9.2026e-008	9.1991e-008	9.0629e-008	8.8868e-008	8.4071e-008	8.2406e-008	8.1021e-008	7.9309e-008	7.7797e-008	7.6178e-008	7.3325e-008	7.1272e-008	6.9973e-008	6.7658e-008	6.5343e-008	6.0834e-008	5.8587e-008	5.7793e-008	5.5755e-008	5.3764e-008	5.0687e-008	4.5701e-008	4.4957e-008	4.1631e-008	3.8656e-008	3.6788e-008	3.4167e-008	3.2065e-008	2.9706e-008	2.7663e-008	2.5131e-008	2.2654e-008	2.1231e-008	1.8833e-008	1.6772e-008	1.4776e-008	1.3446e-008	1.25e-008	1.0951e-008	9.621e-009	8.3395e-009	6.8858e-009	6.345e-009	5.8251e-009	6.0066e-009	5.6897e-009	5.5786e-009	5.9235e-009	6.2378e-009	5.9291e-009	5.9271e-009	6.4223e-009	6.7954e-009	7.2451e-009	8.9345e-009	1.0656e-008	1.2967e-008	1.5972e-008	2.0125e-008	2.45e-008	3.085e-008	3.7456e-008	4.5014e-008	5.0114e-008	5.9275e-008	6.4033e-008	7.0814e-008	7.4826e-008	8.0296e-008	8.2933e-008	8.5795e-008	8.9015e-008	9.2348e-008	9.3265e-008	9.4192e-008	9.4624e-008	9.351e-008	9.2451e-008	9.2245e-008	9.1849e-008	9.1146e-008	9.0285e-008	8.7933e-008	8.5223e-008	8.3126e-008	8.1602e-008	7.8877e-008	7.693e-008	7.4355e-008	7.2491e-008	7.1455e-008	7.0831e-008	6.9979e-008	6.8761e-008	6.6651e-008	6.1326e-008	5.9453e-008	5.7457e-008	5.5853e-008	5.4333e-008	5.2495e-008	5.1465e-008	4.9562e-008	4.7057e-008	3.943e-008	3.7891e-008	3.6435e-008	3.3556e-008	3.1583e-008	2.8454e-008	2.5997e-008	2.2487e-008	2.076e-008	1.6966e-008	1.5537e-008	1.302e-008	1.0219e-008	8.3138e-009	7.0311e-009	5.5471e-009	6.0885e-009	6.1136e-009	5.9411e-009	5.4113e-009	5.5036e-009	5.9281e-009	6.0027e-009	5.9341e-009	6.3116e-009	6.1259e-009	6.3185e-009	6.7737e-009	7.1971e-009	7.5217e-009	9.887e-009	1.2341e-008	1.504e-008	1.8756e-008	2.3692e-008	2.8743e-008	3.5949e-008	4.3347e-008	5.0954e-008	5.8045e-008	6.3515e-008	6.9451e-008	7.2398e-008	7.8271e-008	8.0908e-008	8.4613e-008	8.7895e-008	8.942e-008	9.0666e-008	9.3475e-008	9.5206e-008	9.6137e-008	9.7384e-008
2.2776e-009	2.0325e-009	2.0816e-009	2.039e-009	2.2166e-009	2.2191e-009	2.5244e-009	2.9182e-009	3.6854e-009	5.0404e-009	7.3013e-009	1.2125e-008	1.8697e-008	2.531e-008	3.216e-008	3.9817e-008	4.7673e-008	5.45e-008	5.9572e-008	6.5056e-008	7.0714e-008	7.5323e-008	7.8792e-008	8.2483e-008	8.4286e-008	8.5278e-008	8.7708e-008	8.8017e-008	8.8416e-008	8.9214e-008	8.9784e-008	8.9632e-008	8.9522e-008	8.9399e-008	8.8042e-008	8.7319e-008	8.5125e-008	8.3482e-008	8.2901e-008	7.9546e-008	7.8486e-008	7.7083e-008	7.5348e-008	7.2948e-008	7.0979e-008	6.8367e-008	6.5901e-008	6.1962e-008	5.892e-008	5.7166e-008	5.5531e-008	5.3343e-008	4.9012e-008	4.759e-008	4.628e-008	4.3108e-008	4.061e-008	3.7742e-008	3.5102e-008	3.194e-008	3.0065e-008	2.7939e-008	2.3662e-008	2.3e-008	2.1536e-008	1.9444e-008	1.7426e-008	1.4823e-008	1.2852e-008	1.0365e-008	8.4955e-009	6.8528e-009	5.3485e-009	4.839e-009	4.0562e-009	3.2943e-009	2.7709e-009	2.9037e-009	2.9798e-009	2.8993e-009	3.4752e-009	3.4871e-009	3.3537e-009	3.6029e-009	3.7595e-009	4.2944e-009	4.9777e-009	6.5678e-009	8.0385e-009	1.2568e-008	1.5556e-008	1.8329e-008	2.4842e-008	3.0522e-008	3.5621e-008	4.0915e-008	4.6243e-008	5.412e-008	6.2053e-008	6.7215e-008	7.3668e-008	7.5222e-008	7.9526e-008	8.1276e-008	8.336e-008	8.545e-008	8.8336e-008	9.0564e-008	9.1786e-008	9.217e-008	9.2306e-008	9.2537e-008	9.188e-008	9.1798e-008	8.9455e-008	8.6188e-008	8.4703e-008	8.3613e-008	8.087e-008	7.8343e-008	7.6886e-008	7.4269e-008	7.3132e-008	7.2404e-008	7.0378e-008	6.8797e-008	6.5417e-008	6.2425e-008	6.0566e-008	5.8854e-008	5.8019e-008	5.7339e-008	5.3243e-008	4.9409e-008	4.7654e-008	4.643e-008	4.3273e-008	4.0729e-008	3.9017e-008	3.6029e-008	3.4315e-008	3.0894e-008	2.8396e-008	2.6673e-008	2.4626e-008	2.0969e-008	1.9688e-008	1.6039e-008	1.273e-008	1.1143e-008	9.6587e-009	8.5011e-009	7.4105e-009	7.0372e-009	6.9144e-009	6.9215e-009	6.324e-009	5.9142e-009	5.542e-009	5.4316e-009	5.4843e-009	5.2633e-009	4.7569e-009	4.5806e-009	5.0613e-009	5.1685e-009	5.1025e-009	5.654e-009	5.9502e-009	7.1658e-009	9.1724e-009	1.1817e-008	1.5885e-008	2.1285e-008	2.7868e-008	3.5585e-008	4.2047e-008	4.6598e-008	5.3237e-008	5.804e-008	6.3612e-008	7.1304e-008	7.7345e-008	8.2871e-008	8.6862e-008	9.1263e-008	9.2886e-008	9.3907e-008	9.4449e-008	9.4473e-008	9.588e-008	9.6854e-008	9.7325e-008	9.6069e-008	9.5522e-008	9.3601e-008	9.1896e-008	9.0505e-008	8.8243e-008	8.5019e-008	8.2088e-008	8.0197e-008	7.7834e-008	7.6233e-008	7.6005e-008	7.4242e-008	6.8063e-008	6.61e-008	6.4312e-008	6.2419e-008	6.0437e-008	5.6705e-008	5.5297e-008	5.2528e-008	5.0642e-008	4.876e-008	4.556e-008	4.2134e-008	3.8671e-008	3.625e-008	3.3603e-008	3.2028e-008	2.8349e-008	2.5742e-008	2.4014e-008	2.1459e-008	1.8054e-008	1.6106e-008	1.3824e-008	1.1003e-008	9.0326e-009	7.4238e-009	6.0216e-009	5.9875e-009	5.6123e-009	5.0485e-009	4.5456e-009	4.3726e-009	4.5592e-009	4.5759e-009	4.5181e-009	4.7259e-009	4.7523e-009	4.979e-009	5.2477e-009	5.8239e-009	5.5575e-009	5.5777e-009	6.0659e-009	7.0206e-009	9.0403e-009	1.1663e-008	1.5827e-008	2.1394e-008	2.8062e-008	3.5771e-008	4.5398e-008	5.2518e-008	5.7793e-008	6.4516e-008	6.9438e-008	7.3573e-008	7.8724e-008	8.3881e-008	8.4802e-008	8.8922e-008	9.0728e-008	9.1362e-008	9.2028e-008	9.2978e-008	9.3423e-008	9.2885e-008	9.3015e-008	9.3761e-008	9.4691e-008	9.4706e-008	9.2114e-008	9.0603e-008	8.8977e-008	8.6035e-008	8.3925e-008	8.107e-008	7.9514e-008	7.7866e-008	7.5696e-008	7.449e-008	7.1373e-008	6.9202e-008	6.7251e-008	6.5697e-008	6.3545e-008	5.862e-008	5.6098e-008	5.389e-008	5.3085e-008	4.91e-008	4.625e-008	4.2702e-008	4.1382e-008	3.9691e-008	3.8495e-008	3.5828e-008	3.2114e-008	2.9523e-008	2.7465e-008	2.6116e-008	2.2736e-008	2.1265e-008	1.7768e-008	1.6345e-008	1.3965e-008	1.2055e-008	1.032e-008	8.408e-009	7.1141e-009	5.7181e-009	5.3216e-009	5.4307e-009	5.3383e-009	4.7693e-009	5.0526e-009	4.674e-009	5.3643e-009	6.3914e-009	6.2224e-009	6.7759e-009	8.4403e-009	1.0839e-008	1.3082e-008	1.5303e-008	1.7932e-008	2.2022e-008	2.6238e-008	3.258e-008	3.8311e-008	4.2993e-008	4.68e-008	4.9796e-008	5.5864e-008	6.2608e-008	6.8581e-008	7.4036e-008	7.7656e-008	7.9482e-008	8.2744e-008	8.495e-008	8.7338e-008	8.8344e-008	9.1679e-008	9.3082e-008	9.3215e-008	9.3012e-008	9.3143e-008	9.3293e-008	9.2404e-008	9.2051e-008	9.1852e-008	9.07e-008	8.7513e-008	8.4459e-008	8.2927e-008	8.1187e-008	7.872e-008	7.6881e-008	7.507e-008	7.2499e-008	7.0442e-008	6.8741e-008	6.7484e-008	6.3609e-008	6.1913e-008	5.8756e-008	5.7671e-008	5.4032e-008	5.2832e-008	4.9727e-008	4.7239e-008	4.5069e-008	4.1662e-008	3.8017e-008	3.629e-008	3.3628e-008	3.071e-008	2.8909e-008	2.7611e-008	2.5877e-008	2.2735e-008	2.0133e-008	1.8412e-008	1.5688e-008	1.4137e-008	1.2613e-008	1.1487e-008	1.0308e-008	8.3789e-009	6.919e-009	5.7572e-009	5.6607e-009	5.5487e-009	5.2314e-009	5.013e-009	5.4766e-009	6.2523e-009	5.9724e-009	5.8325e-009	5.8438e-009	5.8772e-009	6.1725e-009	7.3299e-009	8.9561e-009	1.0062e-008	1.3109e-008	1.5809e-008	1.9847e-008	2.4301e-008	3.14e-008	3.7606e-008	4.3712e-008	5.2256e-008	5.8402e-008	6.4157e-008	7.1008e-008	7.5472e-008	8.0065e-008	8.2928e-008	8.568e-008	8.755e-008	9.1123e-008	9.3552e-008	9.4103e-008	9.4503e-008	9.3588e-008	9.2055e-008	9.1875e-008	9.158e-008	9.0456e-008	8.8653e-008	8.5547e-008	8.3433e-008	8.2289e-008	8.0636e-008	7.8848e-008	7.6569e-008	7.3978e-008	7.2297e-008	7.0996e-008	7.0347e-008	6.8429e-008	6.6968e-008	6.5585e-008	6.258e-008	6.0184e-008	5.8005e-008	5.501e-008	5.4328e-008	5.2559e-008	5.2199e-008	4.9931e-008	4.52e-008	4.3343e-008	3.6806e-008	3.5858e-008	3.2868e-008	3.112e-008	2.8641e-008	2.4187e-008	2.1948e-008	2.035e-008	1.8041e-008	1.5742e-008	1.2341e-008	9.8346e-009	7.928e-009	6.4356e-009	5.3597e-009	5.7884e-009	5.1349e-009	4.9609e-009	4.2426e-009	5.0946e-009	5.454e-009	5.2558e-009	5.4211e-009	5.946e-009	5.7432e-009	5.8864e-009	5.9478e-009	6.0739e-009	6.59e-009	8.9262e-009	1.1454e-008	1.4462e-008	1.8491e-008	2.3602e-008	2.9128e-008	3.5082e-008	4.2089e-008	4.9712e-008	5.5955e-008	6.2226e-008	6.7448e-008	7.0578e-008	7.4944e-008	7.8237e-008	8.3499e-008	8.5912e-008	8.8994e-008	9.0947e-008	9.3385e-008	9.4181e-008	9.6373e-008	9.8918e-008
2.6463e-009	2.9411e-009	2.7226e-009	2.541e-009	2.6453e-009	2.5962e-009	3.3262e-009	3.3776e-009	4.2559e-009	5.2474e-009	6.7815e-009	1.2341e-008	1.9233e-008	2.4526e-008	3.2194e-008	4.0007e-008	4.8236e-008	5.5498e-008	6.1894e-008	6.7335e-008	7.1759e-008	7.6051e-008	7.9548e-008	8.3249e-008	8.4629e-008	8.6746e-008	8.8273e-008	8.8979e-008	8.8963e-008	9.0097e-008	9.027e-008	9.0379e-008	9.1194e-008	9.0125e-008	8.8618e-008	8.7347e-008	8.5968e-008	8.4061e-008	8.1578e-008	7.9677e-008	7.848e-008	7.6923e-008	7.5951e-008	7.3278e-008	7.0948e-008	6.8589e-008	6.6061e-008	6.2301e-008	5.9735e-008	5.8268e-008	5.5562e-008	5.4816e-008	5.0628e-008	4.8255e-008	4.5507e-008	4.3103e-008	4.0765e-008	3.7842e-008	3.4952e-008	3.1285e-008	3.0801e-008	2.9023e-008	2.5636e-008	2.3625e-008	2.2222e-008	1.9435e-008	1.7841e-008	1.5715e-008	1.312e-008	1.1637e-008	8.4073e-009	6.1943e-009	4.9726e-009	4.636e-009	3.9091e-009	3.3398e-009	3.0755e-009	3.2353e-009	3.4892e-009	3.3511e-009	3.9523e-009	4.1521e-009	3.5679e-009	4.0659e-009	4.4267e-009	4.3706e-009	4.6845e-009	6.0956e-009	8.8742e-009	1.2071e-008	1.5407e-008	1.9296e-008	2.4466e-008	2.836e-008	3.5378e-008	4.0981e-008	4.5265e-008	5.2799e-008	6.2196e-008	6.916e-008	7.4227e-008	7.8213e-008	8.2085e-008	8.3076e-008	8.4583e-008	8.5796e-008	8.8809e-008	9.1566e-008	9.271e-008	9.3028e-008	9.3171e-008	9.4408e-008	9.3383e-008	9.2063e-008	8.8455e-008	8.6663e-008	8.5461e-008	8.3258e-008	8.1234e-008	7.8814e-008	7.6593e-008	7.4823e-008	7.36e-008	7.2129e-008	7.0568e-008	6.8185e-008	6.5565e-008	6.3211e-008	6.0835e-008	5.9281e-008	5.7737e-008	5.7199e-008	5.4685e-008	5.0897e-008	4.9646e-008	4.5902e-008	4.3558e-008	4.0995e-008	3.8444e-008	3.5801e-008	3.3197e-008	3.0781e-008	2.886e-008	2.5977e-008	2.4017e-008	2.1463e-008	1.8991e-008	1.7172e-008	1.3881e-008	1.1525e-008	9.9731e-009	8.803e-009	7.7672e-009	6.886e-009	6.9822e-009	6.8168e-009	6.3475e-009	5.7109e-009	5.7732e-009	5.2669e-009	5.3046e-009	5.504e-009	5.5215e-009	5.2224e-009	5.4716e-009	6.1796e-009	5.8058e-009	5.7264e-009	6.7232e-009	7.4156e-009	9.3402e-009	1.226e-008	1.6401e-008	2.0616e-008	2.6801e-008	3.4271e-008	4.1849e-008	4.7417e-008	5.2658e-008	5.933e-008	6.4635e-008	7.1414e-008	7.703e-008	8.3114e-008	8.8792e-008	9.0374e-008	9.3586e-008	9.4258e-008	9.4991e-008	9.5185e-008	9.5518e-008	9.6199e-008	9.6088e-008	9.5357e-008	9.3935e-008	9.2385e-008	9.1565e-008	9.1091e-008	8.8483e-008	8.4876e-008	8.267e-008	8.0149e-008	7.8757e-008	7.7329e-008	7.6356e-008	7.3784e-008	6.9553e-008	6.6443e-008	6.3901e-008	6.2395e-008	6.2082e-008	5.8319e-008	5.5653e-008	5.3504e-008	5.1153e-008	4.9072e-008	4.6754e-008	4.3688e-008	4.0411e-008	3.6818e-008	3.4662e-008	3.2596e-008	3.0775e-008	2.5325e-008	2.4718e-008	2.2208e-008	1.9242e-008	1.6248e-008	1.4253e-008	1.1663e-008	1.0094e-008	8.1777e-009	7.5046e-009	6.6512e-009	6.1332e-009	5.4946e-009	5.0398e-009	4.9183e-009	4.3435e-009	4.5466e-009	5.0405e-009	5.4954e-009	5.6298e-009	5.7611e-009	5.8229e-009	5.5788e-009	5.7883e-009	6.1717e-009	6.4743e-009	7.4932e-009	9.3556e-009	1.2159e-008	1.6403e-008	2.1537e-008	2.8266e-008	3.5185e-008	4.3713e-008	5.2262e-008	5.865e-008	6.4369e-008	6.9896e-008	7.4575e-008	8.0069e-008	8.4179e-008	8.6096e-008	9.0302e-008	9.1175e-008	9.1468e-008	9.2222e-008	9.2759e-008	9.2728e-008	9.2853e-008	9.3289e-008	9.4077e-008	9.5772e-008	9.5628e-008	9.3436e-008	8.8748e-008	8.7525e-008	8.6174e-008	8.4206e-008	8.1624e-008	7.9293e-008	7.7313e-008	7.5344e-008	7.4384e-008	7.1504e-008	6.9779e-008	6.763e-008	6.6334e-008	6.2809e-008	5.8744e-008	5.7547e-008	5.5515e-008	5.3883e-008	5.1771e-008	4.7742e-008	4.559e-008	4.2012e-008	4.0468e-008	3.843e-008	3.5348e-008	3.3151e-008	2.8854e-008	2.7445e-008	2.4965e-008	2.4129e-008	2.2074e-008	1.8115e-008	1.7157e-008	1.4447e-008	1.2481e-008	1.0265e-008	8.398e-009	7.4432e-009	6.6299e-009	6.114e-009	5.3168e-009	5.3532e-009	4.9712e-009	5.2456e-009	4.9862e-009	5.951e-009	6.8989e-009	6.7739e-009	7.1685e-009	8.9325e-009	1.1942e-008	1.2961e-008	1.5208e-008	1.8851e-008	2.2376e-008	2.6327e-008	3.339e-008	3.8266e-008	4.163e-008	4.5068e-008	4.975e-008	5.4635e-008	6.2121e-008	6.7318e-008	7.2985e-008	7.6329e-008	7.9812e-008	8.1201e-008	8.4976e-008	8.7689e-008	8.9142e-008	9.1277e-008	9.2672e-008	9.2781e-008	9.3295e-008	9.3597e-008	9.3535e-008	9.3068e-008	9.2496e-008	9.1872e-008	8.9858e-008	8.6239e-008	8.4091e-008	8.2352e-008	8.0908e-008	7.904e-008	7.7519e-008	7.4354e-008	7.3105e-008	7.0377e-008	6.9495e-008	6.6105e-008	6.3547e-008	6.1928e-008	5.9936e-008	5.7681e-008	5.5316e-008	5.0787e-008	4.95e-008	4.7258e-008	4.4429e-008	4.2541e-008	3.9856e-008	3.591e-008	3.2636e-008	3.1738e-008	2.9648e-008	2.8055e-008	2.566e-008	2.2827e-008	2.0426e-008	1.8824e-008	1.4412e-008	1.3616e-008	1.2405e-008	1.0966e-008	9.6327e-009	8.353e-009	6.8431e-009	5.9828e-009	5.6902e-009	5.6392e-009	5.349e-009	5.105e-009	5.7637e-009	5.9817e-009	5.9737e-009	6.1758e-009	5.9162e-009	6.0943e-009	6.6101e-009	7.3974e-009	8.8737e-009	1.1255e-008	1.3252e-008	1.6491e-008	2.0548e-008	2.4394e-008	3.1424e-008	3.8801e-008	4.5344e-008	5.2755e-008	5.8457e-008	6.5331e-008	7.1085e-008	7.4192e-008	7.9912e-008	8.3039e-008	8.5916e-008	8.7123e-008	8.9233e-008	9.3412e-008	9.4612e-008	9.4434e-008	9.2779e-008	9.1985e-008	9.1797e-008	9.1242e-008	9.0205e-008	8.9143e-008	8.7091e-008	8.3949e-008	8.2559e-008	8.148e-008	7.861e-008	7.697e-008	7.4981e-008	7.2573e-008	7.135e-008	7.0254e-008	6.8857e-008	6.6665e-008	6.5479e-008	6.2744e-008	6.0401e-008	5.8492e-008	5.68e-008	5.4798e-008	5.3546e-008	5.2122e-008	4.8986e-008	4.4093e-008	4.3209e-008	3.9926e-008	3.5681e-008	3.3868e-008	3.1067e-008	2.8852e-008	2.5961e-008	2.264e-008	2.0515e-008	1.7423e-008	1.5688e-008	1.2734e-008	9.6195e-009	8.0876e-009	6.6423e-009	5.8839e-009	5.5972e-009	5.4166e-009	5.0815e-009	5.0761e-009	5.5384e-009	5.5332e-009	4.9952e-009	5.5656e-009	6.0689e-009	6.1389e-009	5.8323e-009	5.9063e-009	6.0961e-009	6.9449e-009	9.0089e-009	1.1296e-008	1.3516e-008	1.8041e-008	2.4372e-008	3.0966e-008	3.5814e-008	4.3038e-008	4.9855e-008	5.5273e-008	6.0624e-008	6.6673e-008	7.061e-008	7.4372e-008	7.8448e-008	8.1886e-008	8.6747e-008	8.9451e-008	9.1698e-008	9.3106e-008	9.514e-008	9.7353e-008	9.8224e-008
2.0215e-009	2.5874e-009	2.1231e-009	2.5131e-009	2.2874e-009	2.3608e-009	2.5256e-009	3.3061e-009	3.6508e-009	4.5019e-009	6.5197e-009	1.1677e-008	1.5868e-008	2.4169e-008	3.0937e-008	3.921e-008	4.7134e-008	5.5461e-008	6.3068e-008	6.7606e-008	7.1806e-008	7.6565e-008	8.0832e-008	8.2544e-008	8.4656e-008	8.6003e-008	8.7524e-008	8.8714e-008	8.9318e-008	8.9808e-008	9.028e-008	9.1078e-008	9.1232e-008	8.9912e-008	8.8424e-008	8.6579e-008	8.4538e-008	8.3259e-008	8.2228e-008	7.9969e-008	7.8599e-008	7.679e-008	7.5223e-008	7.0837e-008	6.9737e-008	6.746e-008	6.4565e-008	6.1184e-008	5.9949e-008	5.8002e-008	5.6367e-008	5.3381e-008	5.1652e-008	4.8928e-008	4.6617e-008	4.3869e-008	3.9705e-008	3.7288e-008	3.5948e-008	3.3834e-008	3.0884e-008	2.8654e-008	2.6403e-008	2.31e-008	2.1757e-008	2.0025e-008	1.793e-008	1.5387e-008	1.3795e-008	1.0626e-008	8.6122e-009	5.7518e-009	4.2631e-009	3.4701e-009	3.2296e-009	3.3506e-009	3.1712e-009	3.0263e-009	2.8968e-009	2.8486e-009	3.0476e-009	3.3098e-009	3.1336e-009	3.1835e-009	3.6468e-009	3.6914e-009	4.7074e-009	6.4977e-009	7.7461e-009	1.0015e-008	1.3407e-008	1.773e-008	2.2654e-008	2.8198e-008	3.3314e-008	3.8844e-008	4.4412e-008	5.2306e-008	6.1182e-008	6.9766e-008	7.4037e-008	7.9465e-008	8.1981e-008	8.3756e-008	8.5143e-008	8.7509e-008	8.9882e-008	9.1774e-008	9.3505e-008	9.3458e-008	9.338e-008	9.478e-008	9.4181e-008	9.2613e-008	9.1125e-008	8.6371e-008	8.5332e-008	8.3019e-008	8.068e-008	7.8987e-008	7.7014e-008	7.5243e-008	7.3744e-008	7.1193e-008	6.9204e-008	6.7164e-008	6.5546e-008	6.2655e-008	5.9919e-008	5.8642e-008	5.6996e-008	5.5443e-008	5.2269e-008	5.0348e-008	4.8705e-008	4.6439e-008	4.3034e-008	4.0511e-008	3.8217e-008	3.5384e-008	3.1355e-008	2.9972e-008	2.7277e-008	2.4703e-008	2.2425e-008	2.0712e-008	1.8429e-008	1.5643e-008	1.3015e-008	1.1151e-008	9.3727e-009	8.1094e-009	7.1041e-009	6.3717e-009	6.143e-009	5.7501e-009	5.6588e-009	5.1278e-009	4.8567e-009	5.1909e-009	4.906e-009	4.606e-009	4.9449e-009	5.8523e-009	5.238e-009	5.4399e-009	5.4771e-009	5.1681e-009	6.1457e-009	6.4694e-009	9.3904e-009	1.1713e-008	1.4862e-008	1.9231e-008	2.5564e-008	3.3571e-008	4.0564e-008	4.688e-008	5.3549e-008	5.9832e-008	6.4941e-008	7.1145e-008	7.5266e-008	8.1879e-008	8.6888e-008	9.0258e-008	9.1732e-008	9.3151e-008	9.3743e-008	9.462e-008	9.533e-008	9.5508e-008	9.5581e-008	9.4545e-008	9.3456e-008	9.2006e-008	9.1321e-008	9.0459e-008	8.8457e-008	8.5192e-008	8.3717e-008	8.1028e-008	7.9354e-008	7.7138e-008	7.5835e-008	6.7594e-008	6.7693e-008	6.5504e-008	6.3406e-008	6.2193e-008	6.1812e-008	5.6909e-008	5.6622e-008	5.1617e-008	5.0483e-008	4.8235e-008	4.5555e-008	4.3522e-008	4.007e-008	3.7025e-008	3.4634e-008	3.3059e-008	3.1138e-008	2.539e-008	2.4613e-008	2.2583e-008	1.8793e-008	1.6564e-008	1.4454e-008	1.1417e-008	1.0272e-008	8.9061e-009	7.4458e-009	6.8389e-009	5.91e-009	5.258e-009	4.6916e-009	4.6451e-009	4.2172e-009	4.1933e-009	4.3825e-009	5.1204e-009	5.238e-009	5.281e-009	5.2027e-009	4.7697e-009	5.4128e-009	6.0607e-009	6.3252e-009	7.472e-009	9.1561e-009	1.1631e-008	1.5492e-008	2.0743e-008	2.5846e-008	3.4696e-008	4.2749e-008	5.0765e-008	5.7298e-008	6.2433e-008	6.9102e-008	7.5763e-008	7.9579e-008	8.4287e-008	8.5618e-008	8.8715e-008	9.0332e-008	9.0535e-008	9.0871e-008	9.1823e-008	9.2334e-008	9.3063e-008	9.3697e-008	9.4742e-008	9.5302e-008	9.4793e-008	9.4181e-008	9.1078e-008	8.7182e-008	8.6074e-008	8.3432e-008	8.0796e-008	7.8688e-008	7.7096e-008	7.5525e-008	7.4087e-008	7.1606e-008	6.8146e-008	6.6978e-008	6.6117e-008	6.2792e-008	5.9834e-008	5.746e-008	5.6157e-008	5.3154e-008	5.1237e-008	4.8362e-008	4.6022e-008	4.3596e-008	4.0513e-008	3.9433e-008	3.5354e-008	3.1665e-008	2.9478e-008	2.6752e-008	2.4904e-008	2.3352e-008	2.0767e-008	1.8511e-008	1.6707e-008	1.4277e-008	1.3008e-008	1.1368e-008	9.1967e-009	7.1326e-009	6.4341e-009	5.8756e-009	4.9144e-009	5.0261e-009	4.4912e-009	5.1933e-009	5.1645e-009	5.75e-009	6.1786e-009	6.5264e-009	7.2491e-009	9.0017e-009	1.1307e-008	1.3162e-008	1.4611e-008	1.988e-008	2.2569e-008	2.617e-008	3.2231e-008	3.7166e-008	4.1192e-008	4.4597e-008	4.9377e-008	5.3844e-008	6.0255e-008	6.7327e-008	7.0639e-008	7.5362e-008	7.8389e-008	8.0399e-008	8.4261e-008	8.6854e-008	8.7781e-008	9.0472e-008	9.1735e-008	9.203e-008	9.2813e-008	9.268e-008	9.3757e-008	9.3415e-008	9.2786e-008	9.1578e-008	8.9728e-008	8.6821e-008	8.3717e-008	8.1951e-008	8.0542e-008	7.7924e-008	7.6263e-008	7.4216e-008	7.3342e-008	7.1066e-008	6.9629e-008	6.6825e-008	6.4607e-008	6.3388e-008	5.823e-008	5.7406e-008	5.502e-008	5.2414e-008	4.9354e-008	4.648e-008	4.3669e-008	4.1818e-008	3.8264e-008	3.6187e-008	3.3277e-008	3.1769e-008	2.9191e-008	2.7744e-008	2.4585e-008	2.2125e-008	2.0532e-008	1.6899e-008	1.5398e-008	1.3444e-008	1.1226e-008	1.0055e-008	8.5295e-009	7.5836e-009	6.2581e-009	5.7326e-009	5.462e-009	5.0735e-009	5.0024e-009	4.9996e-009	4.9821e-009	5.4657e-009	5.6478e-009	5.87e-009	5.6257e-009	5.8481e-009	5.9652e-009	7.6508e-009	9.6321e-009	1.1305e-008	1.3376e-008	1.6309e-008	2.084e-008	2.4732e-008	3.1209e-008	3.8429e-008	4.4841e-008	5.3133e-008	5.9098e-008	6.5874e-008	7.1174e-008	7.4455e-008	7.9882e-008	8.246e-008	8.5317e-008	8.7664e-008	8.9023e-008	9.1455e-008	9.2485e-008	9.2462e-008	9.1767e-008	9.1738e-008	9.1409e-008	9.0338e-008	8.9949e-008	8.9274e-008	8.7735e-008	8.5111e-008	8.3995e-008	8.283e-008	8.0064e-008	7.748e-008	7.5602e-008	7.2782e-008	7.1586e-008	7.0405e-008	6.8057e-008	6.6943e-008	6.5412e-008	6.1908e-008	5.9834e-008	5.8729e-008	5.6898e-008	5.4884e-008	5.3244e-008	5.1419e-008	4.733e-008	4.4773e-008	4.2171e-008	3.9897e-008	3.7327e-008	3.4463e-008	3.1748e-008	2.966e-008	2.6429e-008	2.4244e-008	1.9307e-008	1.8535e-008	1.5793e-008	1.2952e-008	1.032e-008	7.9936e-009	6.6987e-009	5.6816e-009	5.7647e-009	5.5961e-009	5.6698e-009	5.74e-009	5.554e-009	5.0001e-009	5.1593e-009	5.5868e-009	5.9145e-009	6.175e-009	5.5934e-009	6.0227e-009	6.3996e-009	7.3154e-009	9.2311e-009	1.148e-008	1.4198e-008	1.8409e-008	2.3559e-008	2.9131e-008	3.6941e-008	4.3244e-008	5.0282e-008	5.6046e-008	6.0829e-008	6.6037e-008	6.9539e-008	7.3943e-008	7.8803e-008	8.3054e-008	8.6756e-008	9.0465e-008	9.2042e-008	9.3699e-008	9.4767e-008	9.6021e-008	9.7012e-008
2.2263e-009	2.2576e-009	2.1864e-009	2.8171e-009	2.6017e-009	2.7761e-009	2.9837e-009	3.0995e-009	3.6386e-009	4.737e-009	7.1773e-009	1.1569e-008	1.8443e-008	2.4821e-008	3.0711e-008	3.8728e-008	4.7033e-008	5.6907e-008	6.5399e-008	7.1683e-008	7.5477e-008	7.9312e-008	8.1945e-008	8.4476e-008	8.5766e-008	8.6975e-008	8.8449e-008	8.9276e-008	9.1061e-008	9.1369e-008	9.1593e-008	9.2096e-008	9.1291e-008	9.0501e-008	8.895e-008	8.7822e-008	8.538e-008	8.4833e-008	8.2671e-008	8.0946e-008	7.916e-008	7.7308e-008	7.4957e-008	7.1589e-008	6.9284e-008	6.6523e-008	6.4123e-008	6.1767e-008	5.9857e-008	5.8387e-008	5.6442e-008	5.4462e-008	5.2747e-008	4.8129e-008	4.7455e-008	4.2686e-008	3.7781e-008	3.8279e-008	3.6072e-008	3.3851e-008	3.0739e-008	2.8207e-008	2.641e-008	2.4353e-008	2.1057e-008	1.9898e-008	1.8024e-008	1.6295e-008	1.4866e-008	1.0747e-008	7.6167e-009	6.4301e-009	4.4944e-009	4.2398e-009	3.5163e-009	3.1218e-009	3.1254e-009	2.4812e-009	2.7384e-009	3.0793e-009	2.9613e-009	3.9211e-009	3.5074e-009	3.0719e-009	3.2465e-009	4.1787e-009	5.1911e-009	6.1325e-009	8.4205e-009	1.176e-008	1.4108e-008	1.8402e-008	2.1758e-008	2.7925e-008	3.3523e-008	3.9924e-008	4.5734e-008	5.2206e-008	5.9994e-008	6.8337e-008	7.4009e-008	7.7906e-008	8.1707e-008	8.486e-008	8.625e-008	8.8559e-008	9.1069e-008	9.2717e-008	9.5019e-008	9.4396e-008	9.4779e-008	9.4635e-008	9.4287e-008	9.3175e-008	9.1857e-008	8.9488e-008	8.5902e-008	8.3521e-008	8.1015e-008	7.9468e-008	7.7441e-008	7.6335e-008	7.3641e-008	7.1498e-008	6.904e-008	6.6918e-008	6.598e-008	6.35e-008	6.0726e-008	5.8661e-008	5.5354e-008	5.4373e-008	5.1796e-008	4.9589e-008	4.6941e-008	4.4016e-008	4.2483e-008	3.9826e-008	3.7137e-008	3.4817e-008	3.0544e-008	2.8551e-008	2.6634e-008	2.4905e-008	2.2102e-008	2.0803e-008	1.8592e-008	1.5229e-008	1.3176e-008	1.1241e-008	8.8849e-009	7.6004e-009	6.6408e-009	6.2078e-009	5.8064e-009	5.8359e-009	5.7247e-009	5.2906e-009	5.8548e-009	5.6643e-009	5.0544e-009	4.9272e-009	4.925e-009	5.5634e-009	5.0099e-009	5.1061e-009	5.5482e-009	5.9934e-009	6.7908e-009	7.5472e-009	9.8943e-009	1.1907e-008	1.7426e-008	2.1614e-008	2.4394e-008	3.3556e-008	4.3481e-008	4.9463e-008	5.5476e-008	6.0896e-008	6.6482e-008	7.1886e-008	7.8037e-008	8.483e-008	8.7806e-008	9.0781e-008	9.1837e-008	9.2516e-008	9.3167e-008	9.3769e-008	9.5983e-008	9.6331e-008	9.587e-008	9.4584e-008	9.3025e-008	9.2456e-008	9.1862e-008	9.1103e-008	8.8347e-008	8.6027e-008	8.4034e-008	8.1762e-008	7.9987e-008	7.7192e-008	7.4665e-008	7.2376e-008	6.8718e-008	6.5555e-008	6.3078e-008	6.2504e-008	6.1258e-008	5.9967e-008	5.7363e-008	5.0038e-008	4.9936e-008	4.8792e-008	4.5984e-008	4.3101e-008	4.0514e-008	3.8133e-008	3.569e-008	3.3758e-008	3.2086e-008	2.7849e-008	2.5084e-008	2.2879e-008	2.1688e-008	1.8981e-008	1.4892e-008	1.2953e-008	1.125e-008	9.6283e-009	7.7903e-009	6.7945e-009	5.7352e-009	5.0002e-009	4.6354e-009	4.6154e-009	4.0972e-009	4.0891e-009	4.921e-009	5.1048e-009	4.8157e-009	5.168e-009	5.2068e-009	5.4303e-009	5.4591e-009	6.2002e-009	6.3802e-009	7.1487e-009	8.8476e-009	1.2014e-008	1.4393e-008	2.0716e-008	2.7788e-008	3.4194e-008	4.2367e-008	5.0406e-008	5.7984e-008	6.2765e-008	6.8432e-008	7.5202e-008	8.0155e-008	8.4861e-008	8.5986e-008	8.8585e-008	9.0183e-008	9.121e-008	9.2402e-008	9.2471e-008	9.3337e-008	9.3477e-008	9.396e-008	9.419e-008	9.393e-008	9.3246e-008	9.1289e-008	9.004e-008	8.774e-008	8.5789e-008	8.2932e-008	8.125e-008	7.8806e-008	7.6614e-008	7.6214e-008	7.4763e-008	7.2439e-008	7.0312e-008	6.8046e-008	6.6325e-008	6.3199e-008	5.9893e-008	5.7748e-008	5.5519e-008	5.2558e-008	5.0455e-008	4.7731e-008	4.5208e-008	4.3274e-008	4.0834e-008	3.9001e-008	3.4442e-008	3.1648e-008	2.8802e-008	2.6587e-008	2.436e-008	2.3503e-008	2.1796e-008	1.845e-008	1.724e-008	1.3422e-008	1.2548e-008	1.0861e-008	9.2239e-009	7.2463e-009	6.0936e-009	5.295e-009	4.7777e-009	5.3851e-009	5.529e-009	5.3123e-009	5.3418e-009	6.2727e-009	6.3388e-009	6.637e-009	7.5126e-009	9.5006e-009	1.1847e-008	1.4066e-008	1.6387e-008	2.0729e-008	2.3652e-008	2.6772e-008	3.1225e-008	3.7141e-008	4.1378e-008	4.5352e-008	4.8629e-008	5.3666e-008	6.0685e-008	6.5695e-008	7.1128e-008	7.549e-008	7.9256e-008	8.1071e-008	8.3941e-008	8.6857e-008	8.7972e-008	9.0501e-008	9.1096e-008	9.1663e-008	9.2183e-008	9.2769e-008	9.3754e-008	9.3287e-008	9.2567e-008	9.1623e-008	8.8608e-008	8.6793e-008	8.3839e-008	8.13e-008	7.9278e-008	7.6964e-008	7.5358e-008	7.4383e-008	7.3709e-008	7.1814e-008	6.9438e-008	6.715e-008	6.4997e-008	6.1167e-008	5.7745e-008	5.7085e-008	5.4698e-008	5.1658e-008	4.848e-008	4.7173e-008	4.312e-008	4.1557e-008	3.8159e-008	3.3144e-008	3.2389e-008	3.1152e-008	2.8863e-008	2.6439e-008	2.385e-008	2.1719e-008	1.9743e-008	1.6537e-008	1.4436e-008	1.2618e-008	1.0963e-008	8.775e-009	7.5357e-009	6.6741e-009	6.0305e-009	5.4675e-009	5.3723e-009	5.1281e-009	5.0636e-009	4.6981e-009	4.7094e-009	5.4399e-009	5.4953e-009	5.6968e-009	5.7413e-009	5.5175e-009	6.2796e-009	7.5167e-009	9.0443e-009	1.136e-008	1.3738e-008	1.7495e-008	2.0633e-008	2.5974e-008	3.1713e-008	3.7872e-008	4.5942e-008	5.3029e-008	5.9641e-008	6.553e-008	7.0108e-008	7.4676e-008	8.0056e-008	8.2067e-008	8.4792e-008	8.7776e-008	8.8352e-008	8.8966e-008	9.0781e-008	9.1392e-008	9.139e-008	9.0809e-008	9.0076e-008	8.9739e-008	8.9271e-008	8.8436e-008	8.7435e-008	8.5079e-008	8.4706e-008	8.3744e-008	8.1837e-008	7.8427e-008	7.5713e-008	7.384e-008	7.1953e-008	7.0414e-008	6.8267e-008	6.7746e-008	6.5295e-008	6.2207e-008	5.9398e-008	5.8236e-008	5.6712e-008	5.5634e-008	5.3516e-008	5.1609e-008	4.9634e-008	4.4475e-008	4.3194e-008	3.9472e-008	3.7903e-008	3.4023e-008	3.2242e-008	3.0069e-008	2.6201e-008	2.4951e-008	2.0652e-008	1.9283e-008	1.5617e-008	1.108e-008	1.0045e-008	8.068e-009	6.4649e-009	5.8301e-009	5.6898e-009	5.2411e-009	5.4326e-009	5.4226e-009	5.1775e-009	4.8461e-009	4.9124e-009	5.2378e-009	5.2068e-009	5.1664e-009	5.6919e-009	5.9036e-009	6.5145e-009	6.7651e-009	8.1203e-009	1.1197e-008	1.3654e-008	1.7583e-008	2.3489e-008	2.9527e-008	3.6879e-008	4.4281e-008	5.1471e-008	5.7355e-008	6.1627e-008	6.5505e-008	6.8985e-008	7.3608e-008	7.9148e-008	8.1566e-008	8.6529e-008	8.9888e-008	9.1156e-008	9.2999e-008	9.4287e-008	9.5594e-008	9.7534e-008
2.3249e-009	2.4803e-009	2.6939e-009	2.5007e-009	2.4149e-009	3.0059e-009	3.0581e-009	3.4734e-009	4.0962e-009	5.0207e-009	7.5032e-009	1.1664e-008	1.8987e-008	2.559e-008	3.1166e-008	3.7985e-008	4.8144e-008	5.9567e-008	6.5193e-008	7.0247e-008	7.8031e-008	8.0157e-008	8.4004e-008	8.5031e-008	8.6101e-008	8.7519e-008	8.8681e-008	8.9855e-008	9.1518e-008	9.1975e-008	9.2001e-008	9.2241e-008	9.1378e-008	9.1294e-008	9e-008	8.8658e-008	8.7724e-008	8.6103e-008	8.3141e-008	8.1472e-008	7.9703e-008	7.7114e-008	7.5104e-008	7.2568e-008	6.955e-008	6.6669e-008	6.3745e-008	6.133e-008	6.017e-008	5.9131e-008	5.6104e-008	5.4399e-008	5.2965e-008	4.9449e-008	4.747e-008	4.4036e-008	4.097e-008	3.8935e-008	3.5686e-008	3.3085e-008	3.0475e-008	2.8988e-008	2.6947e-008	2.5047e-008	2.2647e-008	1.9988e-008	1.7997e-008	1.5734e-008	1.2934e-008	1.1586e-008	9.7236e-009	7.3707e-009	6.3046e-009	5.2688e-009	4.0752e-009	3.3316e-009	2.7629e-009	2.396e-009	2.9581e-009	3.4978e-009	3.7719e-009	4.0273e-009	3.5168e-009	3.1087e-009	3.3873e-009	4.239e-009	4.9329e-009	6.3715e-009	7.7211e-009	1.0799e-008	1.3831e-008	1.7635e-008	2.1825e-008	2.7563e-008	3.3628e-008	4.0216e-008	4.6185e-008	5.3406e-008	5.9902e-008	6.7361e-008	7.3405e-008	7.857e-008	8.2889e-008	8.482e-008	8.7677e-008	8.9759e-008	9.1916e-008	9.3912e-008	9.4231e-008	9.3975e-008	9.412e-008	9.4448e-008	9.4385e-008	9.4391e-008	9.2398e-008	8.9627e-008	8.671e-008	8.4563e-008	8.2595e-008	7.9778e-008	7.815e-008	7.6017e-008	7.3827e-008	7.173e-008	6.9968e-008	6.7029e-008	6.573e-008	6.4361e-008	6.1579e-008	5.9755e-008	5.7036e-008	5.204e-008	5.0943e-008	4.9194e-008	4.7221e-008	4.4876e-008	4.2517e-008	3.9439e-008	3.7944e-008	3.4063e-008	3.0106e-008	2.9125e-008	2.6624e-008	2.4468e-008	2.2502e-008	1.9667e-008	1.7177e-008	1.4383e-008	1.3172e-008	1.0999e-008	8.6631e-009	6.9223e-009	6.4796e-009	6.5914e-009	5.6856e-009	5.8651e-009	5.8742e-009	5.8428e-009	6.0501e-009	5.5962e-009	5.1597e-009	4.7933e-009	5.0395e-009	5.134e-009	4.9011e-009	5.3187e-009	5.6072e-009	6.5599e-009	7.1248e-009	7.9591e-009	9.9535e-009	1.4384e-008	1.6896e-008	2.1346e-008	2.5516e-008	3.0854e-008	4.3497e-008	5.0535e-008	5.6291e-008	6.2785e-008	6.7964e-008	7.2955e-008	7.862e-008	8.4971e-008	8.7694e-008	9.1107e-008	9.2531e-008	9.3502e-008	9.3949e-008	9.4675e-008	9.563e-008	9.632e-008	9.5335e-008	9.444e-008	9.2781e-008	9.2382e-008	9.161e-008	9.1314e-008	9.029e-008	8.7967e-008	8.5488e-008	8.2935e-008	7.9956e-008	7.7075e-008	7.4604e-008	7.2497e-008	6.8573e-008	6.582e-008	6.4035e-008	6.2355e-008	6.122e-008	5.9917e-008	5.8613e-008	5.5499e-008	4.9349e-008	4.8415e-008	4.5491e-008	4.3032e-008	4.064e-008	3.818e-008	3.5541e-008	3.3904e-008	3.2764e-008	2.88e-008	2.575e-008	2.4257e-008	2.1414e-008	1.9038e-008	1.5713e-008	1.4668e-008	1.2765e-008	1.0288e-008	8.6217e-009	6.9231e-009	6.0929e-009	6.0019e-009	4.9687e-009	5.2849e-009	5.0447e-009	4.8126e-009	4.347e-009	4.5067e-009	5.5787e-009	5.4461e-009	5.3812e-009	5.9155e-009	5.7198e-009	6.7236e-009	7.2074e-009	7.8843e-009	1.0237e-008	1.2647e-008	1.6135e-008	2.2363e-008	2.8665e-008	3.4869e-008	4.1553e-008	4.9738e-008	5.602e-008	6.2349e-008	6.8555e-008	7.4451e-008	7.8406e-008	8.4008e-008	8.7268e-008	8.8366e-008	8.9982e-008	9.1054e-008	9.2824e-008	9.3627e-008	9.3982e-008	9.3575e-008	9.3709e-008	9.3513e-008	9.3162e-008	9.2321e-008	9.1383e-008	8.9513e-008	8.7757e-008	8.6248e-008	8.2852e-008	8.1409e-008	8.0186e-008	7.7213e-008	7.6115e-008	7.4719e-008	7.2774e-008	7.0674e-008	6.8604e-008	6.6371e-008	6.4191e-008	6.0944e-008	5.8235e-008	5.507e-008	5.1795e-008	4.9282e-008	4.7335e-008	4.4785e-008	4.2381e-008	3.9719e-008	3.8198e-008	3.5231e-008	3.1838e-008	2.9993e-008	2.7373e-008	2.6257e-008	2.4458e-008	2.2143e-008	2.0006e-008	1.7676e-008	1.5933e-008	1.3691e-008	1.1695e-008	9.4626e-009	7.7258e-009	6.309e-009	5.8341e-009	5.306e-009	5.6279e-009	5.3485e-009	5.6339e-009	5.5826e-009	5.9239e-009	6.0672e-009	6.6461e-009	7.8259e-009	9.5867e-009	1.1648e-008	1.4784e-008	1.8007e-008	2.0297e-008	2.4015e-008	2.7572e-008	3.306e-008	3.7125e-008	4.1595e-008	4.6847e-008	4.9433e-008	5.5825e-008	6.2373e-008	6.8984e-008	7.2498e-008	7.6276e-008	7.8925e-008	8.2694e-008	8.5047e-008	8.7589e-008	8.9152e-008	9.0377e-008	9.1055e-008	9.1608e-008	9.2635e-008	9.3263e-008	9.323e-008	9.3135e-008	9.2356e-008	9.1125e-008	8.8457e-008	8.5487e-008	8.2848e-008	8.0685e-008	7.9207e-008	7.7532e-008	7.5914e-008	7.4098e-008	7.2619e-008	7.097e-008	6.884e-008	6.7276e-008	6.5701e-008	6.3603e-008	5.9714e-008	5.7595e-008	5.5307e-008	5.0909e-008	4.9878e-008	4.7027e-008	4.4443e-008	4.1639e-008	3.9383e-008	3.7063e-008	3.3381e-008	3.1985e-008	2.8235e-008	2.5379e-008	2.3358e-008	2.1197e-008	1.9415e-008	1.6059e-008	1.4382e-008	1.2601e-008	1.0368e-008	8.2805e-009	7.5951e-009	6.9737e-009	6.4132e-009	6.2467e-009	5.752e-009	4.9178e-009	5.0702e-009	5.2393e-009	5.2902e-009	5.1356e-009	5.6415e-009	5.9349e-009	6.3358e-009	6.4854e-009	7.0789e-009	7.9482e-009	9.0594e-009	1.1906e-008	1.4581e-008	1.8002e-008	2.0668e-008	2.5951e-008	3.1672e-008	3.8531e-008	4.5538e-008	5.2636e-008	5.981e-008	6.5824e-008	7.1344e-008	7.5179e-008	8.0132e-008	8.15e-008	8.5347e-008	8.8015e-008	8.8703e-008	8.9761e-008	9.1089e-008	9.1446e-008	9.1716e-008	9.1795e-008	9.1121e-008	9.0514e-008	8.9847e-008	8.8587e-008	8.7583e-008	8.591e-008	8.455e-008	8.3347e-008	8.2154e-008	7.879e-008	7.623e-008	7.4498e-008	7.2589e-008	7.2396e-008	6.9808e-008	6.7736e-008	6.6145e-008	6.2217e-008	5.9941e-008	5.9094e-008	5.7977e-008	5.7297e-008	5.3311e-008	5.1699e-008	4.9152e-008	4.5196e-008	4.3969e-008	4.0391e-008	3.8209e-008	3.4734e-008	3.2248e-008	2.9951e-008	2.8133e-008	2.5246e-008	2.0736e-008	1.8574e-008	1.6367e-008	1.3114e-008	1.0484e-008	8.9678e-009	7.5761e-009	6.5359e-009	6.2092e-009	5.5073e-009	5.4652e-009	5.4458e-009	5.3281e-009	5.226e-009	4.8436e-009	5.2552e-009	5.5194e-009	5.5629e-009	5.7013e-009	6.0092e-009	6.3786e-009	7.1609e-009	8.3267e-009	1.1083e-008	1.3817e-008	1.802e-008	2.4346e-008	3.0419e-008	3.6936e-008	4.5018e-008	5.1692e-008	5.7621e-008	6.1559e-008	6.3609e-008	6.8959e-008	7.4774e-008	7.8394e-008	8.1491e-008	8.6307e-008	8.8799e-008	9.0902e-008	9.2198e-008	9.4978e-008	9.5731e-008	9.747e-008
2.2303e-009	2.8132e-009	2.3692e-009	2.4065e-009	2.7434e-009	2.273e-009	2.3494e-009	3.0433e-009	3.8847e-009	4.68e-009	7.6115e-009	1.2199e-008	1.8711e-008	2.5734e-008	3.1215e-008	3.6795e-008	4.5907e-008	5.9093e-008	6.739e-008	7.317e-008	7.8228e-008	7.9819e-008	8.2437e-008	8.6649e-008	8.8141e-008	8.8395e-008	8.9939e-008	9.0921e-008	9.1583e-008	9.2043e-008	9.1976e-008	9.2194e-008	9.2075e-008	9.1531e-008	8.9926e-008	8.8742e-008	8.7156e-008	8.6194e-008	8.3898e-008	8.1419e-008	7.9116e-008	7.6802e-008	7.4988e-008	7.2364e-008	6.7541e-008	6.5342e-008	6.2942e-008	6.1391e-008	5.9564e-008	5.8586e-008	5.691e-008	5.5837e-008	5.347e-008	4.9165e-008	4.7014e-008	4.4745e-008	4.2183e-008	3.9609e-008	3.6501e-008	3.3263e-008	3.0962e-008	2.9321e-008	2.7212e-008	2.3947e-008	2.2297e-008	1.9646e-008	1.7855e-008	1.5906e-008	1.3906e-008	1.155e-008	9.1439e-009	7.867e-009	6.3426e-009	5.0837e-009	3.8612e-009	3.6603e-009	2.9117e-009	2.4654e-009	3.0836e-009	3.3343e-009	3.4193e-009	3.2946e-009	2.824e-009	3.0498e-009	3.6838e-009	3.9183e-009	4.8662e-009	5.6386e-009	7.5612e-009	1.0746e-008	1.433e-008	1.7075e-008	2.1755e-008	2.6539e-008	3.2898e-008	3.9672e-008	4.6372e-008	5.396e-008	6.094e-008	6.8024e-008	7.3404e-008	7.8107e-008	8.2441e-008	8.5635e-008	8.7208e-008	8.9995e-008	9.1802e-008	9.2553e-008	9.2881e-008	9.344e-008	9.395e-008	9.3452e-008	9.2885e-008	9.314e-008	9.1988e-008	8.9482e-008	8.6632e-008	8.529e-008	8.1494e-008	7.9301e-008	7.7993e-008	7.5779e-008	7.4147e-008	7.2148e-008	7.0689e-008	6.821e-008	6.6156e-008	6.3735e-008	6.1158e-008	5.8597e-008	5.5721e-008	5.0943e-008	4.9951e-008	4.8095e-008	4.6181e-008	4.4484e-008	4.1773e-008	3.8239e-008	3.514e-008	3.1899e-008	2.9997e-008	2.8657e-008	2.6347e-008	2.3757e-008	2.1481e-008	1.7491e-008	1.6235e-008	1.4216e-008	1.2703e-008	1.0797e-008	8.2617e-009	6.7125e-009	6.5824e-009	5.7962e-009	6.0102e-009	5.9369e-009	6.1004e-009	5.97e-009	5.7411e-009	5.2783e-009	5.4582e-009	5.3686e-009	5.4045e-009	5.2688e-009	5.099e-009	5.5408e-009	5.4666e-009	6.3241e-009	7.0416e-009	7.8472e-009	1.0149e-008	1.3767e-008	1.6708e-008	2.2583e-008	2.5895e-008	3.317e-008	4.3255e-008	5.1018e-008	5.641e-008	6.3095e-008	6.6133e-008	7.2211e-008	7.9258e-008	8.4276e-008	8.9758e-008	9.1131e-008	9.2537e-008	9.4671e-008	9.4953e-008	9.4556e-008	9.5374e-008	9.5423e-008	9.4894e-008	9.3857e-008	9.2446e-008	9.1449e-008	9.0837e-008	9.0059e-008	8.9006e-008	8.6303e-008	8.5185e-008	8.285e-008	7.9938e-008	7.7256e-008	7.3889e-008	7.1687e-008	6.9386e-008	6.5953e-008	6.468e-008	6.2284e-008	6.1153e-008	5.9426e-008	5.7636e-008	5.512e-008	5.0796e-008	4.8618e-008	4.4529e-008	4.2852e-008	4.0516e-008	3.8128e-008	3.4982e-008	3.4213e-008	3.2971e-008	2.9514e-008	2.6922e-008	2.4635e-008	2.2601e-008	1.9155e-008	1.6358e-008	1.4978e-008	1.2586e-008	1.049e-008	8.5183e-009	6.9688e-009	6.1159e-009	6.1829e-009	5.542e-009	5.3488e-009	5.0761e-009	4.7968e-009	4.2796e-009	4.668e-009	4.8661e-009	5.3386e-009	5.3711e-009	5.2422e-009	6.0442e-009	6.5419e-009	6.9029e-009	8.37e-009	9.4527e-009	1.3471e-008	1.7159e-008	2.2097e-008	2.9021e-008	3.528e-008	4.2229e-008	4.9903e-008	5.7655e-008	6.1721e-008	6.734e-008	7.2453e-008	7.6542e-008	8.1261e-008	8.6851e-008	8.8341e-008	9.0076e-008	9.0759e-008	9.3306e-008	9.3828e-008	9.4638e-008	9.373e-008	9.315e-008	9.2954e-008	9.2048e-008	9.1318e-008	9.0957e-008	8.9462e-008	8.7301e-008	8.5598e-008	8.3396e-008	8.134e-008	8.0022e-008	7.716e-008	7.5285e-008	7.3636e-008	7.2408e-008	6.9803e-008	6.859e-008	6.646e-008	6.3467e-008	5.9842e-008	5.7201e-008	5.3745e-008	5.0863e-008	4.9142e-008	4.6466e-008	4.5524e-008	4.2039e-008	4.0103e-008	3.7726e-008	3.586e-008	3.2403e-008	3.0976e-008	2.7473e-008	2.6653e-008	2.3851e-008	2.187e-008	1.9416e-008	1.7658e-008	1.5328e-008	1.3372e-008	1.1303e-008	9.8761e-009	7.547e-009	6.8054e-009	6.3341e-009	5.5144e-009	5.2878e-009	4.9225e-009	5.2648e-009	5.5396e-009	5.5388e-009	5.8841e-009	6.254e-009	7.5922e-009	9.5169e-009	1.1773e-008	1.4835e-008	1.6966e-008	1.9873e-008	2.3215e-008	2.8376e-008	3.2457e-008	3.785e-008	4.295e-008	4.6611e-008	5.0975e-008	5.6536e-008	6.391e-008	7.0803e-008	7.3902e-008	7.8981e-008	8.0831e-008	8.362e-008	8.5651e-008	8.7518e-008	8.9597e-008	9.0885e-008	9.238e-008	9.2315e-008	9.2657e-008	9.3635e-008	9.3376e-008	9.2994e-008	9.2514e-008	9.1237e-008	8.9162e-008	8.658e-008	8.2182e-008	8.0436e-008	7.8849e-008	7.7967e-008	7.5888e-008	7.3895e-008	7.1159e-008	6.9296e-008	6.7061e-008	6.6199e-008	6.4677e-008	6.193e-008	5.8775e-008	5.6566e-008	5.4638e-008	5.1812e-008	4.9443e-008	4.699e-008	4.3536e-008	4.1875e-008	3.8923e-008	3.6189e-008	3.4193e-008	3.1732e-008	2.7968e-008	2.5506e-008	2.343e-008	2.1358e-008	1.8589e-008	1.6122e-008	1.4119e-008	1.2151e-008	9.8556e-009	8.4637e-009	7.0238e-009	6.289e-009	5.9757e-009	6.1921e-009	4.8276e-009	4.6393e-009	4.7556e-009	5.1496e-009	5.1712e-009	5.1464e-009	5.4798e-009	5.992e-009	6.1503e-009	6.3012e-009	6.9605e-009	8.2287e-009	9.4938e-009	1.1161e-008	1.4719e-008	1.8222e-008	2.1077e-008	2.4664e-008	3.2182e-008	3.8394e-008	4.5537e-008	5.1743e-008	5.7035e-008	6.2964e-008	7.0527e-008	7.4083e-008	7.9221e-008	8.2519e-008	8.6396e-008	8.871e-008	8.9866e-008	9.0463e-008	9.0814e-008	9.2165e-008	9.2256e-008	9.2188e-008	9.1585e-008	9.1e-008	9.0331e-008	8.8707e-008	8.6914e-008	8.5826e-008	8.437e-008	8.3339e-008	8.1641e-008	7.9488e-008	7.649e-008	7.472e-008	7.3803e-008	7.2385e-008	6.982e-008	6.76e-008	6.5399e-008	6.1435e-008	6.0658e-008	5.9129e-008	5.8184e-008	5.6181e-008	5.3487e-008	5.1629e-008	4.9434e-008	4.6682e-008	4.3932e-008	4.2175e-008	3.9762e-008	3.5718e-008	3.3563e-008	3.1303e-008	2.848e-008	2.5104e-008	2.2785e-008	1.88e-008	1.6645e-008	1.2656e-008	1.0773e-008	8.7252e-009	7.8928e-009	6.9686e-009	5.9778e-009	5.3302e-009	5.1464e-009	5.5201e-009	5.9076e-009	5.3816e-009	5.1039e-009	4.5394e-009	5.3578e-009	5.4943e-009	5.4367e-009	5.8596e-009	5.8667e-009	6.5559e-009	8.307e-009	9.6898e-009	1.3738e-008	1.7113e-008	2.305e-008	2.9226e-008	3.6724e-008	4.5604e-008	5.1175e-008	5.8621e-008	6.1907e-008	6.5744e-008	6.9853e-008	7.4288e-008	7.7903e-008	8.1694e-008	8.5585e-008	8.7669e-008	8.9645e-008	9.2731e-008	9.5099e-008	9.6262e-008	9.7799e-008
1.8855e-009	2.4013e-009	1.9882e-009	2.3301e-009	2.5073e-009	2.4725e-009	2.822e-009	3.5242e-009	3.9682e-009	5.3924e-009	8.2256e-009	1.2184e-008	1.7392e-008	2.5266e-008	3.118e-008	3.7134e-008	4.5448e-008	5.6734e-008	6.5222e-008	7.2888e-008	7.7051e-008	7.8243e-008	8.2262e-008	8.6678e-008	8.8155e-008	8.8698e-008	8.9664e-008	9.0425e-008	9.17e-008	9.1912e-008	9.2158e-008	9.2289e-008	9.2385e-008	9.2369e-008	9.0248e-008	8.8373e-008	8.6902e-008	8.5304e-008	8.3612e-008	8.0353e-008	7.8854e-008	7.6925e-008	7.4594e-008	7.1793e-008	6.9701e-008	6.6181e-008	6.3035e-008	6.162e-008	5.9712e-008	5.8096e-008	5.6079e-008	5.45e-008	5.3002e-008	4.9249e-008	4.5836e-008	4.3517e-008	4.1092e-008	3.8197e-008	3.5218e-008	3.3645e-008	3.115e-008	2.9413e-008	2.7786e-008	2.5555e-008	2.2887e-008	1.9471e-008	1.8118e-008	1.6212e-008	1.4326e-008	1.1816e-008	9.1197e-009	7.7062e-009	5.9491e-009	4.7436e-009	4.1844e-009	3.7274e-009	3.2659e-009	2.5349e-009	3.0067e-009	3.6744e-009	3.6026e-009	3.2525e-009	3.7968e-009	3.5087e-009	4.14e-009	3.8342e-009	4.6404e-009	5.1537e-009	7.6835e-009	9.6316e-009	1.3687e-008	1.7463e-008	2.1568e-008	2.7266e-008	3.3823e-008	4.0453e-008	4.7644e-008	5.4786e-008	6.1877e-008	6.8424e-008	7.3849e-008	7.8662e-008	8.2646e-008	8.5747e-008	8.823e-008	8.9701e-008	9.1314e-008	9.2253e-008	9.282e-008	9.3295e-008	9.3411e-008	9.2533e-008	9.2222e-008	9.1875e-008	9.1144e-008	8.8027e-008	8.706e-008	8.4185e-008	8.0927e-008	7.8957e-008	7.8011e-008	7.5669e-008	7.4811e-008	7.3596e-008	7.0687e-008	6.7843e-008	6.6025e-008	6.3322e-008	6.1908e-008	5.8468e-008	5.5647e-008	5.2563e-008	4.8873e-008	4.7393e-008	4.5061e-008	4.3451e-008	4.0851e-008	3.8427e-008	3.5514e-008	3.2935e-008	2.9266e-008	2.7618e-008	2.5622e-008	2.2128e-008	2.0056e-008	1.7827e-008	1.5664e-008	1.4386e-008	1.2078e-008	9.8006e-009	8.7239e-009	7.1236e-009	6.2142e-009	5.9789e-009	6.4374e-009	6.351e-009	6.1285e-009	6.1074e-009	6.2022e-009	6.0646e-009	5.9937e-009	6.1495e-009	5.7513e-009	5.7707e-009	5.3829e-009	5.8892e-009	6.2983e-009	6.5208e-009	7.3111e-009	8.3942e-009	1.0498e-008	1.4153e-008	1.8854e-008	2.2324e-008	2.7662e-008	3.4915e-008	4.2765e-008	5.0195e-008	5.678e-008	6.3194e-008	6.782e-008	7.3834e-008	7.932e-008	8.5924e-008	8.8663e-008	9.2444e-008	9.4541e-008	9.5402e-008	9.5037e-008	9.4935e-008	9.5364e-008	9.5904e-008	9.5099e-008	9.4e-008	9.3202e-008	9.1577e-008	9.0455e-008	8.9211e-008	8.8157e-008	8.6356e-008	8.4316e-008	8.2261e-008	7.868e-008	7.6575e-008	7.3456e-008	7.1348e-008	6.916e-008	6.6594e-008	6.4502e-008	6.266e-008	6.084e-008	5.9094e-008	5.7175e-008	5.3233e-008	5.0502e-008	4.7993e-008	4.4467e-008	4.27e-008	3.9934e-008	3.7906e-008	3.6065e-008	3.4352e-008	3.2719e-008	3.0478e-008	2.7984e-008	2.3573e-008	2.2857e-008	1.8479e-008	1.5544e-008	1.4929e-008	1.3728e-008	1.1339e-008	8.4729e-009	8.5317e-009	6.6314e-009	6.3291e-009	5.4769e-009	5.558e-009	5.4072e-009	5.9265e-009	4.6937e-009	4.732e-009	5.263e-009	5.8613e-009	5.7139e-009	5.6826e-009	5.7649e-009	6.8033e-009	7.273e-009	9.0509e-009	1.0404e-008	1.4209e-008	1.8151e-008	2.4343e-008	3.0612e-008	3.698e-008	4.3382e-008	5.1192e-008	5.8666e-008	6.4087e-008	6.7795e-008	7.2363e-008	7.8762e-008	8.2142e-008	8.5664e-008	8.8027e-008	8.9313e-008	9.1449e-008	9.2851e-008	9.4027e-008	9.4047e-008	9.3585e-008	9.3137e-008	9.2758e-008	9.1891e-008	9.1578e-008	9.0458e-008	8.8905e-008	8.6914e-008	8.4565e-008	8.3615e-008	8.2686e-008	7.9898e-008	7.7303e-008	7.5268e-008	7.3836e-008	7.2476e-008	7.1285e-008	6.758e-008	6.6316e-008	6.32e-008	5.8104e-008	5.6819e-008	5.4237e-008	5.1072e-008	4.9796e-008	4.8077e-008	4.5202e-008	4.3693e-008	3.8175e-008	3.7092e-008	3.5576e-008	3.3319e-008	3.1343e-008	2.7796e-008	2.6391e-008	2.3259e-008	2.2182e-008	1.9802e-008	1.7819e-008	1.6132e-008	1.3678e-008	1.105e-008	9.3365e-009	7.8509e-009	7.1519e-009	6.5139e-009	6.2449e-009	5.7167e-009	5.7468e-009	5.3747e-009	5.8948e-009	5.9249e-009	6.0261e-009	6.5487e-009	7.8489e-009	8.426e-009	1.1317e-008	1.3258e-008	1.6132e-008	2.0519e-008	2.3924e-008	2.6546e-008	3.1534e-008	3.5776e-008	4.2494e-008	4.7032e-008	5.135e-008	5.7609e-008	6.6521e-008	7.1136e-008	7.5471e-008	7.8874e-008	8.2927e-008	8.3993e-008	8.5864e-008	8.8526e-008	9.0557e-008	9.2425e-008	9.2915e-008	9.3212e-008	9.4181e-008	9.3948e-008	9.4025e-008	9.3631e-008	9.2481e-008	9.1031e-008	8.8736e-008	8.369e-008	8.1867e-008	8.0746e-008	7.9429e-008	7.7489e-008	7.6033e-008	7.3718e-008	7.0645e-008	6.884e-008	6.6624e-008	6.5382e-008	6.3517e-008	5.9715e-008	5.8724e-008	5.6996e-008	5.4933e-008	5.1857e-008	4.8107e-008	4.6751e-008	4.2178e-008	4.0515e-008	3.9414e-008	3.6411e-008	3.4211e-008	2.9962e-008	2.7581e-008	2.6336e-008	2.3537e-008	2.0671e-008	1.8433e-008	1.5693e-008	1.4533e-008	1.2466e-008	1.0329e-008	8.1275e-009	6.5871e-009	6.2967e-009	5.9009e-009	5.7149e-009	5.2933e-009	4.9084e-009	5.5732e-009	5.6091e-009	5.5911e-009	5.7617e-009	5.5501e-009	5.9916e-009	6.7985e-009	6.4406e-009	6.7495e-009	8.4845e-009	9.9929e-009	1.2212e-008	1.5188e-008	1.8532e-008	2.1557e-008	2.5773e-008	3.2134e-008	3.8693e-008	4.5239e-008	5.1003e-008	5.7601e-008	6.4304e-008	6.9219e-008	7.3561e-008	7.7942e-008	8.2627e-008	8.6056e-008	8.9301e-008	9.0549e-008	9.1196e-008	9.2385e-008	9.3339e-008	9.3533e-008	9.3087e-008	9.2433e-008	9.1614e-008	9.0819e-008	9.0474e-008	8.8833e-008	8.7844e-008	8.4274e-008	8.3826e-008	8.2271e-008	7.9813e-008	7.8208e-008	7.5559e-008	7.4898e-008	7.3201e-008	7.2157e-008	6.9683e-008	6.5268e-008	6.4212e-008	6.1595e-008	5.9704e-008	5.8471e-008	5.7681e-008	5.3938e-008	5.1342e-008	4.9433e-008	4.7048e-008	4.4362e-008	4.2524e-008	3.99e-008	3.6796e-008	3.4831e-008	3.1146e-008	2.888e-008	2.4917e-008	2.2364e-008	1.964e-008	1.6514e-008	1.287e-008	1.1208e-008	9.5664e-009	8.3301e-009	7.1422e-009	5.9372e-009	6.2811e-009	5.7628e-009	5.2811e-009	5.3172e-009	5.2821e-009	5.3052e-009	5.4636e-009	5.7887e-009	5.4485e-009	5.5256e-009	6.1228e-009	6.4445e-009	7.2996e-009	8.4519e-009	1.0939e-008	1.4149e-008	1.6992e-008	2.2597e-008	2.6925e-008	3.6041e-008	4.5004e-008	5.1721e-008	5.7412e-008	6.145e-008	6.5289e-008	6.966e-008	7.3872e-008	7.9657e-008	8.2746e-008	8.6096e-008	8.9618e-008	9.0775e-008	9.2138e-008	9.552e-008	9.6214e-008	9.7423e-008
1.9071e-009	2.334e-009	2.5803e-009	2.4987e-009	3.0523e-009	3.0442e-009	2.8191e-009	3.218e-009	3.8812e-009	5.2953e-009	8.4121e-009	1.4075e-008	1.9154e-008	2.5533e-008	3.038e-008	3.5501e-008	4.336e-008	5.4947e-008	6.4129e-008	7.0243e-008	7.6362e-008	7.7769e-008	7.9026e-008	8.6712e-008	8.7593e-008	8.8282e-008	8.9362e-008	9.0776e-008	9.1752e-008	9.2139e-008	9.2661e-008	9.2809e-008	9.2619e-008	9.1923e-008	9.0821e-008	8.8905e-008	8.7418e-008	8.5019e-008	8.219e-008	8.0966e-008	7.9122e-008	7.6877e-008	7.3675e-008	7.168e-008	7.0256e-008	6.7158e-008	6.4021e-008	6.1385e-008	5.9267e-008	5.7145e-008	5.5655e-008	5.3891e-008	5.2208e-008	4.8065e-008	4.4879e-008	4.1553e-008	3.8998e-008	3.7139e-008	3.5522e-008	3.3322e-008	3.0763e-008	2.9689e-008	2.7413e-008	2.493e-008	2.2373e-008	1.9689e-008	1.8281e-008	1.6023e-008	1.4201e-008	1.2191e-008	1.0277e-008	8.3229e-009	6.1734e-009	5.1143e-009	4.3042e-009	3.8265e-009	4.0075e-009	3.7645e-009	3.5832e-009	3.1955e-009	3.2874e-009	3.7635e-009	3.6145e-009	3.428e-009	3.982e-009	3.8818e-009	4.8319e-009	5.5363e-009	7.4056e-009	9.8553e-009	1.3035e-008	1.732e-008	2.2541e-008	2.7229e-008	3.4069e-008	4.1265e-008	4.7889e-008	5.5297e-008	6.234e-008	6.8636e-008	7.4068e-008	7.8018e-008	8.156e-008	8.5336e-008	8.8194e-008	8.9276e-008	9.0605e-008	9.2193e-008	9.2283e-008	9.2839e-008	9.3072e-008	9.2559e-008	9.1856e-008	9.1131e-008	8.9826e-008	8.8796e-008	8.6617e-008	8.5441e-008	7.9578e-008	7.8589e-008	7.7622e-008	7.5456e-008	7.4603e-008	7.2756e-008	7.0326e-008	6.7502e-008	6.5188e-008	6.3332e-008	6.1603e-008	5.7273e-008	5.2377e-008	5.1439e-008	4.9274e-008	4.6559e-008	4.4616e-008	4.2901e-008	4.0373e-008	3.8125e-008	3.5779e-008	3.4251e-008	2.9014e-008	2.6365e-008	2.3362e-008	2.1004e-008	1.9154e-008	1.7801e-008	1.5712e-008	1.3707e-008	1.2011e-008	9.6339e-009	8.2776e-009	7.0026e-009	6.2912e-009	6.4599e-009	6.5312e-009	6.3695e-009	6.532e-009	6.4991e-009	6.2963e-009	6.0611e-009	6.1683e-009	6.5653e-009	6.6111e-009	5.9498e-009	5.7382e-009	6.6573e-009	6.1611e-009	6.379e-009	7.1639e-009	8.4649e-009	1.0579e-008	1.2964e-008	1.8787e-008	2.3976e-008	2.9478e-008	3.5953e-008	4.3738e-008	5.037e-008	5.6911e-008	6.3001e-008	6.8743e-008	7.3637e-008	7.8604e-008	8.4526e-008	8.7407e-008	9.3106e-008	9.4821e-008	9.5289e-008	9.4981e-008	9.5088e-008	9.5271e-008	9.5428e-008	9.5003e-008	9.4359e-008	9.2868e-008	9.1615e-008	8.9876e-008	8.9047e-008	8.7845e-008	8.651e-008	8.52e-008	8.3491e-008	7.7193e-008	7.5311e-008	7.3926e-008	7.1677e-008	6.7998e-008	6.7038e-008	6.3688e-008	6.1998e-008	6.0487e-008	5.9417e-008	5.7257e-008	5.3766e-008	5.1248e-008	4.9171e-008	4.5756e-008	4.1209e-008	4.0017e-008	3.7773e-008	3.6118e-008	3.4388e-008	3.3234e-008	2.9703e-008	2.7321e-008	2.4831e-008	2.2803e-008	2.1143e-008	1.6588e-008	1.6444e-008	1.4632e-008	1.3253e-008	1.0952e-008	8.6578e-009	7.3341e-009	6.1107e-009	5.2787e-009	5.2888e-009	5.6924e-009	6.0283e-009	5.2735e-009	5.242e-009	5.3754e-009	5.6596e-009	5.4997e-009	6.0996e-009	6.7182e-009	7.4969e-009	7.9822e-009	8.8837e-009	1.0109e-008	1.3811e-008	1.629e-008	2.3348e-008	3.0316e-008	3.5863e-008	4.2695e-008	5.0032e-008	5.7989e-008	6.39e-008	6.739e-008	7.2211e-008	7.4716e-008	8.1814e-008	8.4475e-008	8.6879e-008	8.9964e-008	9.0729e-008	9.3145e-008	9.4187e-008	9.3812e-008	9.3033e-008	9.2747e-008	9.252e-008	9.1611e-008	9.0746e-008	8.9763e-008	8.8629e-008	8.6916e-008	8.5822e-008	8.3359e-008	8.2661e-008	8.1525e-008	7.8407e-008	7.602e-008	7.3856e-008	7.1567e-008	6.8372e-008	6.6757e-008	6.4874e-008	6.2791e-008	5.826e-008	5.624e-008	5.2905e-008	5.1282e-008	4.9032e-008	4.7121e-008	4.5419e-008	4.3981e-008	4.0695e-008	3.6402e-008	3.474e-008	3.2557e-008	3.0443e-008	2.8694e-008	2.5122e-008	2.2627e-008	2.2064e-008	2.0214e-008	1.8436e-008	1.5828e-008	1.3569e-008	1.1282e-008	8.9107e-009	7.8257e-009	7.1766e-009	6.4021e-009	6.1247e-009	5.7428e-009	5.5174e-009	5.3393e-009	5.637e-009	5.7719e-009	6.1494e-009	6.5924e-009	7.3653e-009	8.8239e-009	1.0918e-008	1.3649e-008	1.6408e-008	1.9318e-008	2.3175e-008	2.6557e-008	3.0496e-008	3.6222e-008	4.0709e-008	4.6207e-008	5.1854e-008	5.7402e-008	6.5703e-008	7.1163e-008	7.514e-008	7.9307e-008	8.3022e-008	8.5374e-008	8.8415e-008	9.0152e-008	9.1e-008	9.2892e-008	9.3454e-008	9.3734e-008	9.4464e-008	9.39e-008	9.3751e-008	9.3631e-008	9.2472e-008	9.0559e-008	8.856e-008	8.5955e-008	8.3643e-008	8.1085e-008	7.9341e-008	7.7297e-008	7.5581e-008	7.2529e-008	6.9696e-008	6.8257e-008	6.6608e-008	6.5346e-008	6.3738e-008	6.0278e-008	5.816e-008	5.6663e-008	5.3925e-008	5.1549e-008	4.906e-008	4.6847e-008	4.4049e-008	3.9965e-008	3.7693e-008	3.6544e-008	3.4617e-008	3.1507e-008	2.8581e-008	2.6489e-008	2.3056e-008	2.0454e-008	1.7735e-008	1.5068e-008	1.3858e-008	1.2232e-008	9.5412e-009	7.731e-009	6.4975e-009	5.8482e-009	5.4236e-009	5.0659e-009	4.6732e-009	4.6642e-009	5.0425e-009	5.1333e-009	5.0656e-009	5.4329e-009	5.6564e-009	5.5938e-009	5.9989e-009	6.3212e-009	6.7533e-009	7.4432e-009	9.2796e-009	1.1889e-008	1.4876e-008	1.8934e-008	2.1319e-008	2.4622e-008	3.192e-008	3.7952e-008	4.5517e-008	5.104e-008	5.7134e-008	6.4001e-008	6.9396e-008	7.4093e-008	7.7701e-008	8.2452e-008	8.5734e-008	8.7493e-008	9.0272e-008	9.1531e-008	9.2557e-008	9.3523e-008	9.3709e-008	9.2906e-008	9.2187e-008	9.1356e-008	9.0817e-008	9.1388e-008	9.1729e-008	8.8444e-008	8.7316e-008	8.3715e-008	8.1037e-008	7.9359e-008	7.7696e-008	7.657e-008	7.4549e-008	7.3143e-008	7.2142e-008	6.8238e-008	6.4418e-008	6.4019e-008	6.1783e-008	5.9883e-008	5.7962e-008	5.6156e-008	5.3675e-008	5.145e-008	4.9715e-008	4.7599e-008	4.4413e-008	4.1808e-008	3.9267e-008	3.5717e-008	3.3297e-008	3.182e-008	2.8028e-008	2.3908e-008	2.1355e-008	1.9203e-008	1.6354e-008	1.4234e-008	1.0843e-008	9.5952e-009	8.0658e-009	6.7727e-009	6.5989e-009	6.4654e-009	5.8793e-009	5.5035e-009	5.1008e-009	4.9892e-009	4.8102e-009	4.9617e-009	5.3889e-009	5.3796e-009	5.7362e-009	5.9985e-009	6.241e-009	6.9911e-009	7.5389e-009	9.917e-009	1.3332e-008	1.7062e-008	2.262e-008	2.7625e-008	3.3928e-008	4.3677e-008	5.1659e-008	5.6745e-008	6.1459e-008	6.5327e-008	6.7087e-008	7.3315e-008	7.8811e-008	8.2548e-008	8.4858e-008	8.8393e-008	9.1028e-008	9.2774e-008	9.4572e-008	9.5816e-008	9.6747e-008
1.9159e-009	2.3062e-009	2.6185e-009	2.755e-009	2.9414e-009	3.1626e-009	3.1943e-009	3.4619e-009	4.4438e-009	6.1163e-009	8.6458e-009	1.2818e-008	1.8401e-008	2.5493e-008	3.0673e-008	3.5767e-008	4.2331e-008	5.1009e-008	5.9965e-008	6.7225e-008	7.406e-008	7.7782e-008	8.1399e-008	8.4405e-008	8.696e-008	8.8474e-008	8.9843e-008	9.0977e-008	9.1563e-008	9.2593e-008	9.287e-008	9.3049e-008	9.2735e-008	9.1502e-008	9.0367e-008	8.939e-008	8.8233e-008	8.6405e-008	8.2953e-008	8.1067e-008	8.0033e-008	7.7915e-008	7.4428e-008	7.1001e-008	6.9295e-008	6.7441e-008	6.4719e-008	6.2227e-008	5.9407e-008	5.7495e-008	5.5564e-008	5.3625e-008	5.1846e-008	5.0171e-008	4.272e-008	3.9117e-008	3.9044e-008	3.7979e-008	3.5331e-008	3.3223e-008	3.1944e-008	2.8964e-008	2.6469e-008	2.4789e-008	2.2661e-008	2.0268e-008	1.8215e-008	1.5624e-008	1.3949e-008	1.1563e-008	1.0008e-008	7.5205e-009	5.6895e-009	4.6804e-009	3.9106e-009	3.8087e-009	4.0393e-009	3.7756e-009	3.604e-009	3.1149e-009	3.8425e-009	3.547e-009	3.5201e-009	3.8962e-009	4.2303e-009	4.3066e-009	4.9479e-009	5.6503e-009	7.9757e-009	1.0342e-008	1.4161e-008	1.813e-008	2.2563e-008	2.778e-008	3.4093e-008	4.2306e-008	4.8059e-008	5.6585e-008	6.317e-008	6.9908e-008	7.4198e-008	7.7411e-008	8.0919e-008	8.5268e-008	8.7696e-008	8.9633e-008	9.1498e-008	9.1993e-008	9.2553e-008	9.28e-008	9.2628e-008	9.1866e-008	9.0951e-008	9.063e-008	8.9934e-008	8.8621e-008	8.7172e-008	8.5046e-008	8.1499e-008	7.8192e-008	7.7973e-008	7.6162e-008	7.3329e-008	7.1661e-008	6.9175e-008	6.7508e-008	6.528e-008	6.3524e-008	6.2114e-008	6.0542e-008	5.6581e-008	5.065e-008	4.9267e-008	4.6326e-008	4.4184e-008	4.2733e-008	4.1153e-008	3.8256e-008	3.5262e-008	3.3307e-008	2.9433e-008	2.6759e-008	2.3292e-008	2.0945e-008	1.7797e-008	1.6138e-008	1.4531e-008	1.2872e-008	1.1204e-008	9.3049e-009	7.9031e-009	6.7839e-009	6.1586e-009	5.8851e-009	5.994e-009	5.9831e-009	6.2545e-009	6.3434e-009	6.2288e-009	5.5653e-009	6.0475e-009	6.5306e-009	6.5851e-009	5.781e-009	6.2003e-009	5.8415e-009	5.9124e-009	6.7566e-009	7.4128e-009	8.6979e-009	1.1379e-008	1.4306e-008	1.8439e-008	2.4211e-008	3.0142e-008	3.7387e-008	4.4299e-008	5.1086e-008	5.6588e-008	6.2912e-008	6.7276e-008	7.4078e-008	7.8125e-008	7.9696e-008	8.8269e-008	9.2963e-008	9.4006e-008	9.4713e-008	9.4717e-008	9.5093e-008	9.5317e-008	9.5583e-008	9.5578e-008	9.4765e-008	9.3537e-008	9.2081e-008	9.0187e-008	8.8769e-008	8.7702e-008	8.6151e-008	8.4639e-008	7.9324e-008	7.6081e-008	7.5222e-008	7.3596e-008	7.173e-008	6.8783e-008	6.7404e-008	6.5001e-008	6.2264e-008	6.161e-008	5.9529e-008	5.6702e-008	5.4862e-008	5.1349e-008	4.9006e-008	4.6491e-008	4.3367e-008	3.9651e-008	3.7292e-008	3.5888e-008	3.4264e-008	3.0906e-008	2.889e-008	2.7197e-008	2.4922e-008	2.3543e-008	2.1734e-008	1.9719e-008	1.59e-008	1.4076e-008	1.2534e-008	1.0983e-008	9.119e-009	7.4873e-009	5.9542e-009	5.0979e-009	4.7984e-009	5.5643e-009	5.5822e-009	5.8807e-009	5.4043e-009	5.6043e-009	5.7983e-009	6.1363e-009	5.8306e-009	6.5591e-009	6.6671e-009	7.3407e-009	8.8518e-009	1.1316e-008	1.3297e-008	1.7186e-008	2.4945e-008	3.0974e-008	3.5869e-008	4.2522e-008	5.0284e-008	5.5451e-008	6.4076e-008	6.8373e-008	7.2247e-008	7.508e-008	7.8876e-008	8.4534e-008	8.7497e-008	8.9485e-008	9.0708e-008	9.2869e-008	9.4202e-008	9.3833e-008	9.3567e-008	9.3421e-008	9.2164e-008	9.1405e-008	9.0208e-008	8.9298e-008	8.8058e-008	8.6742e-008	8.4999e-008	8.304e-008	8.204e-008	8.0841e-008	7.837e-008	7.5716e-008	7.3272e-008	7.1285e-008	6.8375e-008	6.6604e-008	6.4208e-008	6.1643e-008	5.8522e-008	5.6091e-008	5.3648e-008	5.2055e-008	5.0846e-008	4.8323e-008	4.4858e-008	4.2703e-008	3.9809e-008	3.7485e-008	3.4432e-008	3.2433e-008	3.0792e-008	2.8773e-008	2.7026e-008	2.4721e-008	2.2303e-008	2.0049e-008	1.8105e-008	1.55e-008	1.3751e-008	1.1018e-008	9.7345e-009	8.1391e-009	7.0235e-009	6.3021e-009	6.2557e-009	5.7279e-009	5.7552e-009	5.7758e-009	5.7693e-009	5.7308e-009	6.4738e-009	6.4156e-009	7.2817e-009	8.5798e-009	9.5548e-009	1.2947e-008	1.6775e-008	2.0343e-008	2.3346e-008	2.654e-008	3.0104e-008	3.5727e-008	4.1709e-008	4.6673e-008	5.2474e-008	5.8119e-008	6.3585e-008	6.8742e-008	7.2782e-008	8.0126e-008	8.338e-008	8.6104e-008	8.942e-008	9.0782e-008	9.2524e-008	9.3908e-008	9.5007e-008	9.5054e-008	9.4653e-008	9.4253e-008	9.4079e-008	9.3479e-008	9.233e-008	8.976e-008	8.8542e-008	8.5269e-008	8.3228e-008	8.0864e-008	7.9405e-008	7.7648e-008	7.4832e-008	7.2435e-008	6.9795e-008	6.7763e-008	6.6125e-008	6.5107e-008	6.3713e-008	5.9255e-008	5.8184e-008	5.6855e-008	5.5979e-008	5.2089e-008	5.0425e-008	4.6725e-008	4.5425e-008	4.1644e-008	3.8528e-008	3.6555e-008	3.4092e-008	3.1705e-008	2.925e-008	2.7473e-008	2.3555e-008	2.089e-008	1.8371e-008	1.5343e-008	1.392e-008	1.228e-008	1.0568e-008	7.3072e-009	6.575e-009	6.3033e-009	5.6482e-009	5.2945e-009	5.3378e-009	5.1473e-009	5.1765e-009	5.5799e-009	5.7687e-009	5.4677e-009	5.3281e-009	5.6088e-009	5.9625e-009	6.714e-009	7.07e-009	7.5144e-009	9.2715e-009	1.2002e-008	1.4821e-008	1.8207e-008	2.1497e-008	2.6026e-008	3.1945e-008	3.9204e-008	4.5579e-008	5.2022e-008	5.8682e-008	6.4581e-008	7.021e-008	7.4741e-008	7.8858e-008	8.2206e-008	8.6015e-008	8.7039e-008	9.0741e-008	9.1689e-008	9.2212e-008	9.3199e-008	9.3866e-008	9.3297e-008	9.2515e-008	9.1489e-008	9.1677e-008	9.1944e-008	9.1288e-008	8.926e-008	8.7211e-008	8.4905e-008	8.1343e-008	7.9647e-008	7.7326e-008	7.6391e-008	7.4961e-008	7.3624e-008	7.2595e-008	7.1076e-008	6.6277e-008	6.465e-008	6.2328e-008	5.9757e-008	5.7979e-008	5.6472e-008	5.3853e-008	5.2679e-008	4.9926e-008	4.6562e-008	4.4132e-008	4.1515e-008	3.9661e-008	3.768e-008	3.4783e-008	3.208e-008	2.9312e-008	2.6557e-008	1.9131e-008	1.7651e-008	1.6213e-008	1.4787e-008	1.2024e-008	1.024e-008	8.7211e-009	6.7629e-009	5.8893e-009	6.0265e-009	5.4069e-009	5.41e-009	5.3503e-009	5.2521e-009	5.0102e-009	5.2778e-009	5.7427e-009	5.9421e-009	5.9256e-009	6.0927e-009	6.5649e-009	7.3835e-009	8.9127e-009	1.109e-008	1.3464e-008	1.8849e-008	2.2082e-008	2.6077e-008	3.2899e-008	4.3408e-008	5.032e-008	5.8479e-008	6.2335e-008	6.5394e-008	6.8812e-008	7.5186e-008	7.9587e-008	8.2906e-008	8.4776e-008	8.8211e-008	9.1718e-008	9.3057e-008	9.51e-008	9.5485e-008	9.5891e-008
2.5627e-009	2.2581e-009	2.2657e-009	2.5807e-009	3.273e-009	3.3419e-009	3.2369e-009	3.9483e-009	5.0386e-009	7.0498e-009	1.0337e-008	1.4603e-008	1.8824e-008	2.4984e-008	3.0631e-008	3.6283e-008	4.2406e-008	5.0306e-008	5.7963e-008	6.4872e-008	6.9063e-008	7.5888e-008	7.9338e-008	8.4462e-008	8.5731e-008	8.7604e-008	9.0313e-008	9.0854e-008	9.1939e-008	9.3119e-008	9.2903e-008	9.2785e-008	9.2309e-008	9.2253e-008	9.1216e-008	8.997e-008	8.8439e-008	8.5559e-008	8.3501e-008	8.2091e-008	8.0911e-008	7.9003e-008	7.5591e-008	7.2946e-008	6.8533e-008	6.6324e-008	6.4236e-008	6.2032e-008	6.0263e-008	5.7681e-008	5.565e-008	5.3954e-008	5.1887e-008	5.0731e-008	4.5154e-008	4.3346e-008	4.0486e-008	3.7533e-008	3.6662e-008	3.41e-008	3.2039e-008	2.9057e-008	2.784e-008	2.4809e-008	2.2329e-008	2.0261e-008	1.8483e-008	1.6379e-008	1.3763e-008	1.2276e-008	1.0081e-008	8.2494e-009	6.4361e-009	5.4774e-009	4.3211e-009	4.7092e-009	4.3836e-009	3.8985e-009	3.3709e-009	3.1404e-009	3.5464e-009	3.7313e-009	3.8994e-009	4.2441e-009	4.5406e-009	4.0489e-009	4.7015e-009	6.1825e-009	8.5144e-009	1.1452e-008	1.3348e-008	1.8343e-008	2.2344e-008	2.9003e-008	3.4075e-008	4.2038e-008	4.9515e-008	5.7437e-008	6.5051e-008	7.1749e-008	7.5898e-008	7.9886e-008	8.2569e-008	8.6189e-008	8.7781e-008	8.9575e-008	9.1164e-008	9.2065e-008	9.2612e-008	9.3115e-008	9.2743e-008	9.2088e-008	9.1335e-008	9.0384e-008	8.9112e-008	8.7961e-008	8.6353e-008	8.4704e-008	8.2626e-008	8.0376e-008	7.8606e-008	7.7695e-008	7.3393e-008	7.1318e-008	6.8981e-008	6.6973e-008	6.4169e-008	6.3476e-008	6.2552e-008	6.005e-008	5.519e-008	5.0424e-008	4.8941e-008	4.6092e-008	4.4106e-008	4.3336e-008	4.1097e-008	3.917e-008	3.431e-008	3.1976e-008	2.8544e-008	2.6523e-008	2.4314e-008	1.9672e-008	1.7988e-008	1.5847e-008	1.3812e-008	1.2439e-008	1.0695e-008	8.7506e-009	7.7227e-009	7.0007e-009	6.1006e-009	6.0664e-009	5.7962e-009	5.5375e-009	5.8399e-009	6.4697e-009	6.0817e-009	5.5942e-009	5.3605e-009	5.7916e-009	5.6698e-009	5.9861e-009	5.9094e-009	6.0973e-009	5.7814e-009	6.7163e-009	7.4174e-009	9.3698e-009	1.1587e-008	1.4348e-008	1.8687e-008	2.3453e-008	3.0221e-008	3.7991e-008	4.4509e-008	5.0899e-008	5.6802e-008	6.3583e-008	6.9614e-008	7.4284e-008	7.873e-008	8.0879e-008	8.4895e-008	9.1647e-008	9.3079e-008	9.3737e-008	9.4247e-008	9.4743e-008	9.5114e-008	9.5665e-008	9.6202e-008	9.6083e-008	9.4641e-008	9.2435e-008	9.0825e-008	8.9358e-008	8.8344e-008	8.6209e-008	8.3848e-008	8.2016e-008	7.7753e-008	7.4524e-008	7.4253e-008	7.2115e-008	6.9442e-008	6.7334e-008	6.5815e-008	6.3167e-008	6.1811e-008	6.0279e-008	5.7159e-008	5.4308e-008	5.2432e-008	4.9806e-008	4.5321e-008	4.4687e-008	3.8905e-008	3.8275e-008	3.5327e-008	3.435e-008	3.0308e-008	2.8914e-008	2.7049e-008	2.5344e-008	2.3118e-008	2.0674e-008	1.974e-008	1.8643e-008	1.4913e-008	1.312e-008	1.0739e-008	8.9745e-009	7.3814e-009	6.0453e-009	5.6379e-009	5.3918e-009	5.6336e-009	5.9667e-009	5.6616e-009	5.2398e-009	5.8249e-009	5.7651e-009	6.5004e-009	6.4578e-009	6.2046e-009	6.6396e-009	7.5985e-009	8.9571e-009	1.0722e-008	1.3476e-008	1.7228e-008	2.3383e-008	3.0259e-008	3.634e-008	4.2072e-008	4.973e-008	5.7437e-008	6.2901e-008	6.6372e-008	7.0762e-008	7.46e-008	7.8868e-008	8.3859e-008	8.7285e-008	9.0044e-008	9.1199e-008	9.3378e-008	9.4618e-008	9.4054e-008	9.3694e-008	9.371e-008	9.2883e-008	9.1713e-008	8.9722e-008	8.9174e-008	8.8005e-008	8.6875e-008	8.4623e-008	8.2766e-008	8.1041e-008	7.9776e-008	7.6846e-008	7.4962e-008	7.2699e-008	6.9675e-008	6.7271e-008	6.5994e-008	6.2937e-008	6.0235e-008	5.8495e-008	5.6689e-008	5.3064e-008	5.2267e-008	4.9369e-008	4.7716e-008	4.4732e-008	4.2231e-008	4.033e-008	3.8055e-008	3.5e-008	3.258e-008	3.0129e-008	2.8588e-008	2.6832e-008	2.274e-008	2.1643e-008	2.0102e-008	1.6976e-008	1.5077e-008	1.3364e-008	1.1261e-008	9.5927e-009	7.9868e-009	6.8156e-009	6.1602e-009	5.6483e-009	5.7041e-009	5.7233e-009	5.8065e-009	5.7615e-009	5.5183e-009	5.77e-009	6.2125e-009	6.9321e-009	7.5664e-009	9.4346e-009	1.1545e-008	1.601e-008	1.8784e-008	2.2911e-008	2.6719e-008	3.0449e-008	3.4473e-008	4.095e-008	4.5547e-008	5.167e-008	5.7482e-008	6.24e-008	7.0002e-008	7.2295e-008	7.7491e-008	8.0559e-008	8.5296e-008	8.883e-008	9.065e-008	9.2299e-008	9.4486e-008	9.5379e-008	9.5388e-008	9.4722e-008	9.4371e-008	9.3556e-008	9.3118e-008	9.1183e-008	8.9486e-008	8.8319e-008	8.6484e-008	8.3765e-008	8.1459e-008	8.0597e-008	7.73e-008	7.279e-008	7.179e-008	6.9711e-008	6.7757e-008	6.6345e-008	6.5327e-008	6.3258e-008	5.9151e-008	5.7275e-008	5.5789e-008	5.3979e-008	5.2433e-008	4.9689e-008	4.6934e-008	4.4213e-008	4.2342e-008	3.9486e-008	3.6593e-008	3.424e-008	3.2298e-008	2.9629e-008	2.5398e-008	2.387e-008	2.1009e-008	1.8593e-008	1.6328e-008	1.3604e-008	1.2187e-008	9.9869e-009	7.8657e-009	6.5898e-009	6.2131e-009	6.1933e-009	4.924e-009	5.2261e-009	5.0581e-009	5.1614e-009	5.3632e-009	5.4367e-009	5.6809e-009	5.9941e-009	6.1343e-009	6.418e-009	6.7436e-009	6.8269e-009	7.6837e-009	9.654e-009	1.1013e-008	1.5373e-008	1.849e-008	2.2034e-008	2.7008e-008	3.2092e-008	3.9469e-008	4.5906e-008	5.1238e-008	5.9706e-008	6.355e-008	7.0018e-008	7.2957e-008	7.8602e-008	8.0876e-008	8.4088e-008	8.9429e-008	9.063e-008	9.2122e-008	9.292e-008	9.3176e-008	9.2921e-008	9.2829e-008	9.2545e-008	9.2666e-008	9.2115e-008	9.2124e-008	9.0678e-008	8.8916e-008	8.7265e-008	8.5211e-008	8.1489e-008	8.0318e-008	7.9077e-008	7.7503e-008	7.6377e-008	7.4476e-008	7.2549e-008	7.0271e-008	6.7193e-008	6.4652e-008	6.2168e-008	5.9986e-008	5.8805e-008	5.6804e-008	5.3968e-008	5.3247e-008	5.0554e-008	4.6306e-008	4.4564e-008	4.1817e-008	3.9699e-008	3.7391e-008	3.4905e-008	3.213e-008	2.9585e-008	2.743e-008	2.4936e-008	1.9069e-008	1.7021e-008	1.514e-008	1.2593e-008	1.0468e-008	8.736e-009	6.7133e-009	6.345e-009	5.7412e-009	5.2837e-009	5.2634e-009	5.616e-009	5.3552e-009	5.0657e-009	5.494e-009	5.3777e-009	5.9214e-009	5.7577e-009	6.084e-009	6.5503e-009	7.6894e-009	9.0559e-009	1.1095e-008	1.4117e-008	1.8753e-008	2.3459e-008	2.8577e-008	3.3271e-008	4.0174e-008	4.7412e-008	5.7265e-008	6.1774e-008	6.5186e-008	6.8523e-008	7.4046e-008	7.767e-008	8.1622e-008	8.5763e-008	8.8194e-008	9.0361e-008	9.2054e-008	9.3714e-008	9.5064e-008	9.6116e-008
1.8907e-009	1.725e-009	1.6219e-009	2.2864e-009	2.422e-009	3.1996e-009	2.7782e-009	3.5521e-009	5.6848e-009	8.0069e-009	1.1541e-008	1.5296e-008	1.8427e-008	2.3836e-008	3.0601e-008	3.5995e-008	4.2244e-008	5.0102e-008	5.7585e-008	6.2815e-008	6.9249e-008	7.4458e-008	7.8104e-008	8.1289e-008	8.4982e-008	8.6841e-008	8.9822e-008	9.0823e-008	9.1601e-008	9.2833e-008	9.2487e-008	9.189e-008	9.2186e-008	9.199e-008	9.0987e-008	9.052e-008	8.9769e-008	8.8281e-008	8.3068e-008	8.2448e-008	8.0517e-008	7.8361e-008	7.5358e-008	7.3944e-008	7.1136e-008	6.5075e-008	6.2851e-008	6.23e-008	6.059e-008	5.7888e-008	5.7286e-008	5.3771e-008	5.1476e-008	4.6783e-008	4.4868e-008	4.3638e-008	3.9827e-008	3.8017e-008	3.6358e-008	3.2734e-008	3.1598e-008	2.911e-008	2.6394e-008	2.3087e-008	2.1463e-008	1.9903e-008	1.7466e-008	1.5363e-008	1.3911e-008	1.2117e-008	1.0294e-008	8.7706e-009	6.7684e-009	5.6184e-009	4.2376e-009	3.8264e-009	3.7978e-009	3.5255e-009	3.3512e-009	3.2497e-009	3.3664e-009	3.4855e-009	3.777e-009	4.0967e-009	4.3156e-009	4.3128e-009	4.7617e-009	6.0714e-009	8.1871e-009	1.0284e-008	1.1771e-008	1.8423e-008	2.2934e-008	2.6359e-008	3.4276e-008	4.0726e-008	4.8441e-008	5.7416e-008	6.4045e-008	7.0882e-008	7.6269e-008	7.9917e-008	8.2788e-008	8.5025e-008	8.8075e-008	8.9188e-008	9.0677e-008	9.1809e-008	9.2315e-008	9.2408e-008	9.2134e-008	9.1671e-008	9.0619e-008	8.9265e-008	8.8193e-008	8.6928e-008	8.5248e-008	8.3815e-008	8.1677e-008	7.938e-008	7.8197e-008	7.5555e-008	7.1734e-008	7.0497e-008	6.8488e-008	6.6091e-008	6.4387e-008	6.3172e-008	6.2265e-008	5.7975e-008	5.3312e-008	4.9143e-008	4.7568e-008	4.6367e-008	4.3274e-008	4.1998e-008	3.9375e-008	3.7605e-008	3.2125e-008	3.0915e-008	2.8608e-008	2.4801e-008	2.2833e-008	2.0159e-008	1.7811e-008	1.5332e-008	1.2913e-008	1.1483e-008	9.6405e-009	8.5517e-009	7.3633e-009	6.9031e-009	6.3632e-009	5.8679e-009	5.2964e-009	5.0597e-009	5.0526e-009	5.3952e-009	5.8628e-009	5.7274e-009	5.7135e-009	5.2977e-009	5.3681e-009	5.8698e-009	5.8692e-009	5.7712e-009	5.7077e-009	6.429e-009	7.2581e-009	9.2372e-009	1.1578e-008	1.5202e-008	1.9325e-008	2.4607e-008	3.246e-008	3.9551e-008	4.5928e-008	5.1917e-008	5.8896e-008	6.5707e-008	7.1703e-008	7.5885e-008	8.0508e-008	8.2669e-008	8.5054e-008	8.9466e-008	9.1901e-008	9.3214e-008	9.3708e-008	9.4143e-008	9.4431e-008	9.567e-008	9.6322e-008	9.5994e-008	9.3899e-008	9.1867e-008	9.1184e-008	9.0549e-008	8.9116e-008	8.4783e-008	8.3282e-008	8.0959e-008	7.8522e-008	7.5881e-008	7.409e-008	7.2315e-008	6.8565e-008	6.6915e-008	6.5689e-008	6.3833e-008	6.2377e-008	5.9247e-008	5.5724e-008	5.3939e-008	5.1257e-008	4.9678e-008	4.747e-008	4.5742e-008	4.1232e-008	3.7099e-008	3.4955e-008	3.3548e-008	3.0846e-008	2.8164e-008	2.6662e-008	2.5105e-008	2.2693e-008	2.1025e-008	1.9816e-008	1.5527e-008	1.4868e-008	1.3132e-008	1.0847e-008	8.824e-009	7.3425e-009	6.4556e-009	6.1461e-009	5.3206e-009	5.8594e-009	5.9906e-009	5.2469e-009	5.4811e-009	5.5157e-009	5.6589e-009	5.9429e-009	5.7322e-009	5.9078e-009	6.4275e-009	6.9371e-009	8.1326e-009	1.0953e-008	1.3809e-008	1.631e-008	2.3129e-008	3.0149e-008	3.723e-008	4.2962e-008	4.9904e-008	5.8486e-008	6.2908e-008	6.7128e-008	7.1535e-008	7.5332e-008	7.9194e-008	8.3031e-008	8.6409e-008	8.9736e-008	9.1799e-008	9.2858e-008	9.4155e-008	9.4724e-008	9.3984e-008	9.3484e-008	9.369e-008	9.2479e-008	9.0279e-008	8.9263e-008	8.8079e-008	8.6425e-008	8.4645e-008	8.2975e-008	8.0385e-008	7.9259e-008	7.7157e-008	7.3942e-008	7.1283e-008	6.9512e-008	6.7305e-008	6.5678e-008	6.2501e-008	5.9894e-008	5.7855e-008	5.6947e-008	5.4368e-008	5.2758e-008	4.8639e-008	4.7035e-008	4.4651e-008	4.2617e-008	4.0352e-008	3.7348e-008	3.4056e-008	3.2031e-008	2.9461e-008	2.7326e-008	2.5651e-008	2.2915e-008	2.0668e-008	1.9513e-008	1.665e-008	1.5287e-008	1.2733e-008	1.0893e-008	8.7438e-009	7.0754e-009	6.5639e-009	6.0442e-009	5.0986e-009	5.2282e-009	5.6967e-009	6.4793e-009	5.9149e-009	5.6486e-009	5.8381e-009	6.5135e-009	6.857e-009	7.9798e-009	9.8195e-009	1.1952e-008	1.4045e-008	1.8464e-008	2.2614e-008	2.605e-008	2.9307e-008	3.5312e-008	4.0697e-008	4.5081e-008	5.0084e-008	5.6649e-008	5.928e-008	6.6443e-008	7.3022e-008	7.5677e-008	7.8595e-008	8.4768e-008	8.6238e-008	9.0511e-008	9.2209e-008	9.3198e-008	9.5186e-008	9.5307e-008	9.4619e-008	9.4615e-008	9.3873e-008	9.3129e-008	9.2579e-008	8.82e-008	8.733e-008	8.6297e-008	8.461e-008	8.1608e-008	8.1002e-008	7.9404e-008	7.5119e-008	7.0948e-008	6.9484e-008	6.8223e-008	6.741e-008	6.5765e-008	6.3962e-008	6.0778e-008	5.7802e-008	5.5796e-008	5.4593e-008	5.2275e-008	4.976e-008	4.7604e-008	4.523e-008	4.3162e-008	3.8246e-008	3.6965e-008	3.5119e-008	3.2967e-008	2.8401e-008	2.6604e-008	2.4407e-008	2.0172e-008	1.8438e-008	1.66e-008	1.4825e-008	1.2692e-008	9.6549e-009	8.1237e-009	6.8347e-009	6.4544e-009	6.3958e-009	5.3006e-009	5.2888e-009	5.018e-009	5.3536e-009	5.3952e-009	5.5356e-009	5.7093e-009	5.9922e-009	6.1805e-009	6.7307e-009	6.5378e-009	6.9321e-009	7.8343e-009	9.5682e-009	1.2547e-008	1.6286e-008	1.9428e-008	2.3165e-008	2.7954e-008	3.3082e-008	3.9275e-008	4.5802e-008	5.1072e-008	5.7556e-008	6.5574e-008	7.0823e-008	7.4008e-008	7.9059e-008	8.2774e-008	8.4824e-008	8.9437e-008	9.0429e-008	9.2343e-008	9.3216e-008	9.349e-008	9.3223e-008	9.3288e-008	9.3391e-008	9.3136e-008	9.2324e-008	9.1679e-008	9.0039e-008	8.8086e-008	8.6532e-008	8.4425e-008	8.0451e-008	7.9699e-008	7.8901e-008	7.7568e-008	7.6433e-008	7.3944e-008	7.3287e-008	7.1753e-008	6.8793e-008	6.4905e-008	6.253e-008	6.1549e-008	5.9797e-008	5.688e-008	5.548e-008	5.335e-008	5.0669e-008	4.8093e-008	4.5248e-008	4.2467e-008	4.1101e-008	3.7899e-008	3.5231e-008	3.2848e-008	2.9384e-008	2.7011e-008	2.4281e-008	2.0088e-008	1.6132e-008	1.5028e-008	1.288e-008	1.0697e-008	8.4099e-009	7.1783e-009	6.2917e-009	5.6591e-009	5.4957e-009	4.9269e-009	5.1893e-009	5.0792e-009	5.4883e-009	5.2703e-009	5.4937e-009	5.8283e-009	5.8214e-009	6.132e-009	6.2922e-009	7.2435e-009	8.8407e-009	1.1098e-008	1.3587e-008	1.9415e-008	2.3995e-008	2.8947e-008	3.2826e-008	4.0065e-008	4.7621e-008	5.5424e-008	6.023e-008	6.4273e-008	6.7903e-008	7.4552e-008	7.7949e-008	8.215e-008	8.5158e-008	8.7008e-008	8.9635e-008	9.0663e-008	9.3003e-008	9.4545e-008	9.5322e-008
1.5538e-009	9.418e-010	1.1764e-009	1.318e-009	1.914e-009	2.118e-009	2.4657e-009	3.3363e-009	5.0738e-009	7.5633e-009	1.0594e-008	1.5597e-008	1.8916e-008	2.421e-008	3.0759e-008	3.7052e-008	4.3116e-008	5.0448e-008	5.7013e-008	6.2419e-008	6.8272e-008	7.2059e-008	7.7243e-008	8.0472e-008	8.4281e-008	8.7005e-008	8.8986e-008	9.0315e-008	9.1381e-008	9.1928e-008	9.1725e-008	9.1659e-008	9.1683e-008	9.1467e-008	9.1091e-008	9.0777e-008	8.9623e-008	8.7685e-008	8.3475e-008	8.0588e-008	7.968e-008	7.8123e-008	7.504e-008	7.2516e-008	7.0112e-008	6.6135e-008	6.4526e-008	6.2263e-008	6.0994e-008	5.8699e-008	5.7343e-008	5.6185e-008	5.2492e-008	4.7163e-008	4.5515e-008	4.2414e-008	4.0711e-008	3.8131e-008	3.5931e-008	3.2578e-008	3.0075e-008	2.8947e-008	2.5474e-008	2.3537e-008	2.1324e-008	1.9268e-008	1.7143e-008	1.5306e-008	1.3509e-008	1.2177e-008	9.8921e-009	8.6697e-009	6.9147e-009	5.2577e-009	4.2454e-009	3.8414e-009	2.9152e-009	2.9142e-009	2.4493e-009	1.9792e-009	2.2888e-009	2.0205e-009	2.541e-009	2.9871e-009	3.0514e-009	3.3843e-009	4.3726e-009	5.5889e-009	7.7189e-009	1.0228e-008	1.3846e-008	1.9297e-008	2.2622e-008	2.8114e-008	3.3986e-008	4.124e-008	4.8122e-008	5.608e-008	6.2164e-008	6.9725e-008	7.48e-008	7.8987e-008	8.0822e-008	8.4482e-008	8.6086e-008	8.8336e-008	8.9694e-008	9.0038e-008	9.0887e-008	9.1459e-008	9.1364e-008	9.1188e-008	8.9487e-008	8.8055e-008	8.6842e-008	8.5741e-008	8.3855e-008	8.1789e-008	7.8938e-008	7.7929e-008	7.467e-008	7.2189e-008	7.0865e-008	6.8903e-008	6.6947e-008	6.562e-008	6.4463e-008	6.1965e-008	6.0584e-008	5.6017e-008	5.3115e-008	5.0084e-008	4.6811e-008	4.4524e-008	4.1714e-008	4.0349e-008	3.8252e-008	3.5497e-008	3.2518e-008	2.8814e-008	2.5696e-008	2.377e-008	2.1187e-008	1.844e-008	1.6715e-008	1.4668e-008	1.2287e-008	1.0349e-008	8.5419e-009	6.7591e-009	5.8399e-009	5.6723e-009	5.156e-009	4.6931e-009	4.587e-009	4.492e-009	4.2378e-009	4.6403e-009	4.8327e-009	5.1293e-009	4.8343e-009	4.5283e-009	4.412e-009	4.5942e-009	4.7317e-009	4.5138e-009	4.7358e-009	4.9834e-009	6.2801e-009	8.3894e-009	1.0856e-008	1.3694e-008	1.8775e-008	2.5282e-008	2.9974e-008	3.8713e-008	4.4808e-008	5.0685e-008	5.8015e-008	6.425e-008	7.1341e-008	7.6981e-008	7.9962e-008	8.1785e-008	8.4516e-008	8.8773e-008	9.0948e-008	9.2308e-008	9.2066e-008	9.224e-008	9.3526e-008	9.4747e-008	9.5948e-008	9.6017e-008	9.3529e-008	9.2762e-008	9.0976e-008	8.9081e-008	8.7417e-008	8.3109e-008	8.232e-008	7.9702e-008	7.7846e-008	7.5407e-008	7.3293e-008	7.1954e-008	7.1044e-008	6.6896e-008	6.6508e-008	6.2336e-008	6.0806e-008	5.739e-008	5.4218e-008	5.2601e-008	5.0258e-008	4.8629e-008	4.5924e-008	4.4276e-008	4.0804e-008	3.8993e-008	3.6535e-008	3.3326e-008	3.1756e-008	2.9611e-008	2.687e-008	2.4239e-008	2.2123e-008	2.0765e-008	1.9061e-008	1.5053e-008	1.4177e-008	1.1777e-008	9.3885e-009	7.2585e-009	6.0995e-009	5.1539e-009	4.9827e-009	4.7473e-009	4.9137e-009	4.9908e-009	4.8593e-009	5.4323e-009	5.2764e-009	4.3284e-009	4.7738e-009	5.0487e-009	5.6717e-009	5.7721e-009	6.1076e-009	6.4864e-009	9.1709e-009	1.2872e-008	1.6104e-008	2.1102e-008	2.8844e-008	3.7585e-008	4.2965e-008	5.0006e-008	5.6775e-008	6.3323e-008	6.7792e-008	7.0355e-008	7.4637e-008	7.8705e-008	8.1966e-008	8.4324e-008	8.8619e-008	9.0412e-008	9.2579e-008	9.3809e-008	9.4787e-008	9.3272e-008	9.327e-008	9.2536e-008	9.0743e-008	8.9841e-008	8.9066e-008	8.773e-008	8.481e-008	8.2635e-008	8.1585e-008	7.9805e-008	7.833e-008	7.61e-008	7.2414e-008	7.0166e-008	6.842e-008	6.6853e-008	6.4117e-008	6.2357e-008	5.9058e-008	5.7002e-008	5.5931e-008	5.3865e-008	5.1249e-008	4.7791e-008	4.5317e-008	4.3506e-008	4.0449e-008	3.8767e-008	3.7047e-008	3.3207e-008	3.0566e-008	2.8167e-008	2.6151e-008	2.4064e-008	2.2249e-008	1.983e-008	1.8264e-008	1.6158e-008	1.4274e-008	1.1256e-008	9.2943e-009	7.7925e-009	6.7044e-009	5.9369e-009	5.2019e-009	3.9783e-009	4.2265e-009	4.8875e-009	4.8903e-009	4.2868e-009	4.3406e-009	4.5032e-009	5.1327e-009	5.1651e-009	6.4503e-009	8.4481e-009	1.0981e-008	1.2927e-008	1.6263e-008	2.0848e-008	2.5406e-008	2.8436e-008	3.3874e-008	3.9101e-008	4.459e-008	4.8628e-008	5.4759e-008	5.9388e-008	6.6433e-008	6.9687e-008	7.3665e-008	7.8451e-008	8.1539e-008	8.5576e-008	8.9056e-008	9.1072e-008	9.1897e-008	9.289e-008	9.3388e-008	9.3068e-008	9.2778e-008	9.2428e-008	9.1361e-008	9.082e-008	8.7775e-008	8.6315e-008	8.4952e-008	8.2585e-008	8.1444e-008	8.0504e-008	7.8403e-008	7.4135e-008	7.0177e-008	6.8337e-008	6.7238e-008	6.6295e-008	6.3752e-008	6.1757e-008	5.9189e-008	5.7154e-008	5.467e-008	5.3118e-008	5.0921e-008	4.9001e-008	4.5101e-008	4.4342e-008	4.2462e-008	3.7563e-008	3.6354e-008	3.4458e-008	3.1988e-008	2.8385e-008	2.6253e-008	2.4644e-008	2.2282e-008	1.9413e-008	1.683e-008	1.4451e-008	1.1559e-008	8.8197e-009	6.8564e-009	5.4018e-009	5.354e-009	4.6234e-009	4.2448e-009	4.3718e-009	4.7568e-009	4.821e-009	4.4739e-009	4.4621e-009	4.6836e-009	4.692e-009	5.2119e-009	5.3323e-009	5.5033e-009	6.3035e-009	7.0042e-009	9.1044e-009	1.1913e-008	1.4235e-008	1.9258e-008	2.3776e-008	2.8153e-008	3.2209e-008	3.7272e-008	4.3836e-008	5.0238e-008	5.8549e-008	6.4513e-008	6.978e-008	7.4178e-008	7.8263e-008	8.1359e-008	8.4088e-008	8.7233e-008	8.9461e-008	9.2062e-008	9.2817e-008	9.3911e-008	9.4138e-008	9.4084e-008	9.393e-008	9.3216e-008	9.1077e-008	8.9509e-008	8.8639e-008	8.6548e-008	8.4758e-008	8.3518e-008	8.11e-008	7.8413e-008	7.8089e-008	7.6803e-008	7.5611e-008	7.4263e-008	7.1609e-008	7.0085e-008	6.6457e-008	6.4831e-008	6.2841e-008	6.1198e-008	5.9965e-008	5.728e-008	5.5082e-008	5.2192e-008	4.9902e-008	4.8288e-008	4.4898e-008	4.1513e-008	3.966e-008	3.7349e-008	3.3985e-008	3.1489e-008	2.9056e-008	2.6068e-008	2.3259e-008	2.1325e-008	1.8484e-008	1.5346e-008	1.3319e-008	1.0028e-008	8.1536e-009	6.551e-009	4.8991e-009	4.458e-009	4.1906e-009	3.9074e-009	3.4108e-009	3.8644e-009	3.9123e-009	3.8937e-009	4.0711e-009	4.4121e-009	4.7489e-009	5.0508e-009	5.4793e-009	6.2048e-009	7.5973e-009	1.0059e-008	1.3521e-008	1.7396e-008	2.2457e-008	2.8113e-008	3.2681e-008	3.8288e-008	4.5553e-008	5.3047e-008	5.7441e-008	6.2337e-008	6.655e-008	7.2852e-008	7.5757e-008	8.0473e-008	8.3649e-008	8.6085e-008	8.8532e-008	9.0074e-008	9.1908e-008	9.3121e-008	9.3312e-008
9.3398e-010	8.8454e-010	5.6395e-010	3.3774e-010	8.9236e-010	1.6963e-009	2.8568e-009	4.0167e-009	6.3554e-009	8.5597e-009	1.1297e-008	1.6081e-008	2.0323e-008	2.3178e-008	2.9768e-008	3.7802e-008	4.4591e-008	5.1968e-008	5.7301e-008	6.0366e-008	6.624e-008	7.3014e-008	7.6774e-008	8.0961e-008	8.4541e-008	8.7595e-008	8.9655e-008	9.1699e-008	9.1946e-008	9.2467e-008	9.1997e-008	9.2052e-008	9.202e-008	9.1723e-008	9.1093e-008	9.0733e-008	8.934e-008	8.457e-008	8.2983e-008	8.0287e-008	7.8559e-008	7.5263e-008	7.2843e-008	7.0449e-008	6.8478e-008	6.6433e-008	6.5562e-008	6.228e-008	6.0853e-008	5.9048e-008	5.678e-008	5.4465e-008	5.2256e-008	4.6928e-008	4.481e-008	4.3214e-008	4.0455e-008	3.7731e-008	3.5741e-008	3.4019e-008	3.1157e-008	2.8495e-008	2.5935e-008	2.4023e-008	2.1566e-008	1.9514e-008	1.7685e-008	1.5853e-008	1.4563e-008	1.2106e-008	1.1173e-008	8.932e-009	7.8567e-009	6.3299e-009	4.6569e-009	3.7641e-009	3.1542e-009	3.0175e-009	2.7835e-009	2.612e-009	2.3895e-009	2.2193e-009	2.4114e-009	3.0592e-009	3.2195e-009	3.4964e-009	4.0948e-009	5.9827e-009	8.276e-009	1.0063e-008	1.4271e-008	1.8217e-008	2.1774e-008	2.7115e-008	3.4353e-008	4.061e-008	4.8621e-008	5.4169e-008	6.0619e-008	6.8522e-008	7.302e-008	7.7105e-008	7.9175e-008	8.3973e-008	8.6805e-008	8.7861e-008	8.9178e-008	8.9906e-008	9.1064e-008	9.1398e-008	9.1464e-008	9.142e-008	8.9476e-008	8.8271e-008	8.6618e-008	8.517e-008	8.3476e-008	8.1118e-008	7.9063e-008	7.752e-008	7.4733e-008	7.2814e-008	7.0443e-008	6.8989e-008	6.6984e-008	6.5485e-008	6.4334e-008	6.3148e-008	6.0596e-008	5.5027e-008	5.2693e-008	5.0329e-008	4.7889e-008	4.3297e-008	4.2397e-008	3.9417e-008	3.6275e-008	3.4113e-008	3.207e-008	2.9552e-008	2.6584e-008	2.4505e-008	2.1882e-008	1.9142e-008	1.6238e-008	1.383e-008	1.2287e-008	9.394e-009	7.5636e-009	6.3837e-009	5.6569e-009	4.7904e-009	4.6576e-009	4.8622e-009	5.0833e-009	4.7818e-009	4.2874e-009	3.7426e-009	4.5886e-009	4.9569e-009	4.5052e-009	4.1699e-009	4.0844e-009	3.8816e-009	4.0614e-009	4.2912e-009	5.0651e-009	5.1685e-009	6.3094e-009	8.1391e-009	1.0974e-008	1.4608e-008	1.8651e-008	2.4701e-008	3.1888e-008	3.7551e-008	4.3031e-008	5.0068e-008	5.6947e-008	6.2581e-008	7.2087e-008	7.5931e-008	7.9984e-008	8.1899e-008	8.3873e-008	8.9375e-008	9.1836e-008	9.22e-008	9.188e-008	9.2196e-008	9.3476e-008	9.4843e-008	9.5911e-008	9.6778e-008	9.5264e-008	9.3772e-008	9.1124e-008	8.9423e-008	8.8146e-008	8.2837e-008	8.2e-008	7.9612e-008	7.7881e-008	7.6215e-008	7.3809e-008	7.2637e-008	7.1131e-008	6.9569e-008	6.707e-008	5.9856e-008	5.7486e-008	5.6425e-008	5.3851e-008	5.1623e-008	4.9538e-008	4.8482e-008	4.5802e-008	4.2821e-008	4.0445e-008	3.8315e-008	3.5756e-008	3.3608e-008	3.1875e-008	2.9825e-008	2.7148e-008	2.5004e-008	2.2452e-008	2.1751e-008	1.8044e-008	1.5775e-008	1.4223e-008	1.2488e-008	1.0034e-008	7.8683e-009	6.6446e-009	5.661e-009	4.6014e-009	4.7499e-009	4.7503e-009	4.3067e-009	5.3164e-009	5.3477e-009	4.8996e-009	4.6201e-009	4.9171e-009	5.1178e-009	5.3468e-009	5.5108e-009	5.7674e-009	7.063e-009	9.964e-009	1.3667e-008	1.5424e-008	2.0687e-008	2.9688e-008	3.5989e-008	4.3981e-008	4.9955e-008	5.5958e-008	6.1735e-008	6.7687e-008	7.0589e-008	7.3539e-008	7.9442e-008	8.276e-008	8.5383e-008	8.7596e-008	9.0396e-008	9.3437e-008	9.473e-008	9.4811e-008	9.3565e-008	9.291e-008	9.1762e-008	9.1135e-008	9.0824e-008	8.8841e-008	8.7688e-008	8.5584e-008	8.3112e-008	8.0701e-008	7.9181e-008	7.8044e-008	7.5779e-008	7.2391e-008	7e-008	6.8469e-008	6.7341e-008	6.4044e-008	6.0835e-008	5.8658e-008	5.75e-008	5.5672e-008	5.4139e-008	5.0312e-008	4.8004e-008	4.4701e-008	4.315e-008	4.0233e-008	3.7886e-008	3.5487e-008	3.3907e-008	2.8854e-008	2.794e-008	2.6758e-008	2.4941e-008	2.2235e-008	1.9826e-008	1.7932e-008	1.5818e-008	1.2983e-008	1.011e-008	8.5944e-009	7.3729e-009	6.559e-009	5.9974e-009	4.7747e-009	4.3894e-009	4.7212e-009	5.1679e-009	4.2664e-009	4.099e-009	4.7943e-009	5.027e-009	4.9622e-009	5.4528e-009	6.445e-009	9.0783e-009	1.0602e-008	1.3999e-008	1.6456e-008	2.0079e-008	2.389e-008	2.8782e-008	3.3331e-008	3.8651e-008	4.515e-008	4.9235e-008	5.2455e-008	5.9483e-008	6.4458e-008	7.0102e-008	7.423e-008	7.7123e-008	8.2261e-008	8.6417e-008	8.9513e-008	9.0979e-008	9.1866e-008	9.2394e-008	9.2216e-008	9.2103e-008	9.1666e-008	9.1446e-008	9.0647e-008	8.9838e-008	8.7493e-008	8.5827e-008	8.3998e-008	8.2627e-008	8.1487e-008	7.9369e-008	7.7463e-008	7.4347e-008	6.9985e-008	6.8516e-008	6.6917e-008	6.589e-008	6.2747e-008	6.0509e-008	5.8771e-008	5.614e-008	5.3821e-008	5.2511e-008	4.9742e-008	4.7837e-008	4.5199e-008	4.3768e-008	4.1675e-008	3.8558e-008	3.6252e-008	3.336e-008	3.127e-008	2.9253e-008	2.6763e-008	2.493e-008	2.1568e-008	1.9612e-008	1.7403e-008	1.5397e-008	1.2174e-008	8.4809e-009	7.6449e-009	6.0311e-009	5.1859e-009	4.9145e-009	4.5994e-009	4.3063e-009	4.6106e-009	4.4147e-009	3.9231e-009	4.3356e-009	4.4815e-009	4.7383e-009	5.0902e-009	5.2623e-009	5.4607e-009	6.4044e-009	7.316e-009	9.0514e-009	1.2662e-008	1.5261e-008	1.9127e-008	2.3769e-008	2.7707e-008	3.2153e-008	3.6623e-008	4.3684e-008	4.9958e-008	5.7382e-008	6.4059e-008	6.957e-008	7.3165e-008	7.8194e-008	8.1655e-008	8.4482e-008	8.731e-008	8.9911e-008	9.1949e-008	9.336e-008	9.4485e-008	9.4492e-008	9.4574e-008	9.3809e-008	9.3545e-008	9.1671e-008	8.9484e-008	8.7505e-008	8.6562e-008	8.4496e-008	8.3295e-008	8.2837e-008	7.8325e-008	7.7006e-008	7.6165e-008	7.5179e-008	7.4616e-008	7.1958e-008	6.9795e-008	6.7321e-008	6.4186e-008	6.2785e-008	6.0808e-008	5.9715e-008	5.5677e-008	5.2646e-008	5.1663e-008	4.9744e-008	4.7657e-008	4.4818e-008	4.3098e-008	3.9842e-008	3.778e-008	3.3979e-008	3.2133e-008	2.7098e-008	2.5014e-008	2.3089e-008	2.1728e-008	1.8021e-008	1.492e-008	1.2436e-008	1.1116e-008	8.922e-009	7.2711e-009	5.733e-009	5.0234e-009	4.2801e-009	3.3388e-009	3.2292e-009	3.3409e-009	3.9709e-009	4.0941e-009	4.3373e-009	4.5375e-009	4.854e-009	4.939e-009	5.4885e-009	6.6056e-009	8.0665e-009	1.0263e-008	1.3173e-008	1.6341e-008	2.2836e-008	2.8158e-008	3.3052e-008	3.9478e-008	4.5296e-008	4.9456e-008	5.6664e-008	6.2309e-008	6.4876e-008	7.1529e-008	7.5694e-008	8.0449e-008	8.2855e-008	8.5268e-008	8.8004e-008	9.004e-008	9.1997e-008	9.2273e-008	9.3117e-008
1.1943e-009	6.0197e-010	0	3.1437e-010	9.8962e-010	1.486e-009	3.2769e-009	4.2074e-009	7.4029e-009	9.8442e-009	1.2466e-008	1.6981e-008	2.1107e-008	2.7634e-008	3.3521e-008	3.9171e-008	4.5755e-008	5.2473e-008	5.8278e-008	6.2665e-008	6.6475e-008	7.2153e-008	7.6644e-008	7.9955e-008	8.3925e-008	8.603e-008	8.9196e-008	9.0935e-008	9.2024e-008	9.2777e-008	9.3524e-008	9.2826e-008	9.2739e-008	9.1779e-008	9.0968e-008	9.0412e-008	8.6851e-008	8.4259e-008	8.266e-008	8.0968e-008	7.7695e-008	7.4238e-008	7.2579e-008	7.0313e-008	6.8191e-008	6.6502e-008	6.5029e-008	6.1815e-008	6.0916e-008	5.8974e-008	5.6642e-008	5.4173e-008	5.1469e-008	4.8e-008	4.5931e-008	4.3172e-008	4.0268e-008	3.8757e-008	3.6225e-008	3.4923e-008	3.1749e-008	3.0387e-008	2.6369e-008	2.4576e-008	2.2672e-008	2.0614e-008	1.8328e-008	1.6732e-008	1.4635e-008	1.3084e-008	1.0898e-008	9.3676e-009	7.92e-009	6.4211e-009	4.8644e-009	3.5957e-009	3.1562e-009	3.0918e-009	2.4676e-009	2.6784e-009	2.6816e-009	2.5235e-009	2.7863e-009	3.1054e-009	3.4266e-009	3.7139e-009	4.5131e-009	5.6035e-009	7.8563e-009	1.0301e-008	1.4451e-008	1.7186e-008	2.2323e-008	2.5821e-008	3.051e-008	3.9734e-008	4.7457e-008	5.4244e-008	6.0474e-008	6.6828e-008	7.2052e-008	7.7435e-008	8.1377e-008	8.3981e-008	8.6815e-008	8.855e-008	8.9035e-008	8.9933e-008	9.1096e-008	9.1497e-008	9.2519e-008	9.1151e-008	8.9956e-008	8.9198e-008	8.7649e-008	8.5555e-008	8.3388e-008	8.1321e-008	7.9708e-008	7.7561e-008	7.4709e-008	7.1918e-008	7.1302e-008	6.8664e-008	6.7142e-008	6.6247e-008	6.5129e-008	6.3786e-008	6.0133e-008	5.4271e-008	5.2897e-008	5.0411e-008	4.8621e-008	4.348e-008	4.2337e-008	3.9155e-008	3.5401e-008	3.3783e-008	3.1125e-008	2.94e-008	2.6527e-008	2.5054e-008	2.2007e-008	1.8727e-008	1.626e-008	1.325e-008	1.0706e-008	7.767e-009	6.7383e-009	6.1579e-009	5.0644e-009	4.427e-009	4.2968e-009	4.8377e-009	4.9069e-009	4.652e-009	3.8427e-009	3.3199e-009	3.2422e-009	3.9088e-009	4.2489e-009	4.1841e-009	4.2075e-009	4.3668e-009	4.2632e-009	4.0166e-009	4.8767e-009	5.62e-009	6.4761e-009	7.9855e-009	1.132e-008	1.4158e-008	1.7934e-008	2.4629e-008	3.0846e-008	3.5776e-008	4.3211e-008	4.9172e-008	5.498e-008	6.212e-008	6.8538e-008	7.5458e-008	7.9537e-008	8.2559e-008	8.509e-008	8.9188e-008	9.1464e-008	9.1952e-008	9.2218e-008	9.2696e-008	9.3353e-008	9.4312e-008	9.5195e-008	9.5629e-008	9.5503e-008	9.3026e-008	9.047e-008	8.9205e-008	8.7062e-008	8.3815e-008	8.194e-008	7.9846e-008	7.7679e-008	7.6247e-008	7.4538e-008	7.2822e-008	7.0703e-008	6.9118e-008	6.668e-008	6.4837e-008	6.0407e-008	5.7316e-008	5.3707e-008	5.1637e-008	4.8875e-008	4.5788e-008	4.4525e-008	4.1777e-008	4.0343e-008	3.8485e-008	3.7003e-008	3.4218e-008	3.2243e-008	2.9767e-008	2.6709e-008	2.483e-008	2.3058e-008	2.0741e-008	1.796e-008	1.5827e-008	1.3731e-008	1.2014e-008	1.0286e-008	8.2146e-009	6.6375e-009	5.9535e-009	5.1811e-009	4.358e-009	4.4108e-009	4.7467e-009	4.8112e-009	5.0242e-009	5.1802e-009	5.051e-009	5.3703e-009	5.2875e-009	5.6028e-009	5.8042e-009	6.0181e-009	7.1391e-009	1.0121e-008	1.2961e-008	1.7386e-008	2.0005e-008	2.808e-008	3.6731e-008	4.4951e-008	5.0608e-008	5.6342e-008	6.1895e-008	6.6696e-008	7.0291e-008	7.3077e-008	7.913e-008	8.2876e-008	8.5114e-008	8.7392e-008	8.9922e-008	9.2156e-008	9.3107e-008	9.4331e-008	9.3507e-008	9.2685e-008	9.1772e-008	9.1388e-008	9.0941e-008	8.8641e-008	8.7321e-008	8.5653e-008	8.2959e-008	7.9733e-008	7.8953e-008	7.7511e-008	7.4561e-008	7.2115e-008	7.0607e-008	6.9245e-008	6.7688e-008	6.6417e-008	6.322e-008	5.8825e-008	5.5969e-008	5.4834e-008	5.3967e-008	5.1256e-008	4.7247e-008	4.5223e-008	4.3136e-008	3.9577e-008	3.7183e-008	3.5813e-008	3.2257e-008	2.9563e-008	2.8911e-008	2.711e-008	2.5336e-008	2.2358e-008	1.9581e-008	1.759e-008	1.5283e-008	1.3104e-008	1.0294e-008	8.6223e-009	7.3701e-009	6.3591e-009	5.8453e-009	5.5133e-009	4.7944e-009	4.6952e-009	4.4615e-009	3.9851e-009	4.1871e-009	4.5359e-009	4.6047e-009	4.4697e-009	5.3516e-009	6.5879e-009	7.7848e-009	9.7912e-009	1.2724e-008	1.4181e-008	1.9406e-008	2.3041e-008	2.8111e-008	3.1726e-008	3.9265e-008	4.5302e-008	5.0128e-008	5.536e-008	6.0802e-008	6.5145e-008	6.9629e-008	7.3685e-008	7.689e-008	8.1148e-008	8.5508e-008	8.8378e-008	9.0585e-008	9.1459e-008	9.2259e-008	9.2567e-008	9.1795e-008	9.1267e-008	9.0753e-008	8.9965e-008	8.8963e-008	8.6367e-008	8.5021e-008	8.3727e-008	8.2316e-008	8.0895e-008	7.9136e-008	7.7163e-008	7.4728e-008	7.19e-008	6.8585e-008	6.6793e-008	6.5666e-008	6.3788e-008	6.1458e-008	5.8805e-008	5.6892e-008	5.4796e-008	5.2616e-008	5.066e-008	4.7574e-008	4.5611e-008	4.2916e-008	4.2536e-008	3.8391e-008	3.8341e-008	3.6458e-008	3.1772e-008	2.9943e-008	2.7868e-008	2.415e-008	2.3168e-008	1.9969e-008	1.751e-008	1.5787e-008	1.3388e-008	1.0957e-008	7.6403e-009	6.8419e-009	6.1827e-009	5.3596e-009	4.8691e-009	4.5112e-009	4.7193e-009	4.4563e-009	4.0959e-009	4.607e-009	4.2369e-009	4.595e-009	4.862e-009	4.8794e-009	5.3336e-009	6.0672e-009	7.374e-009	8.7291e-009	1.2725e-008	1.4855e-008	1.9548e-008	2.274e-008	2.6559e-008	3.1763e-008	3.6674e-008	4.3521e-008	5.0097e-008	5.7264e-008	6.4115e-008	6.9431e-008	7.4512e-008	7.9431e-008	8.3262e-008	8.587e-008	8.7938e-008	9.0553e-008	9.2218e-008	9.3475e-008	9.5922e-008	9.6425e-008	9.6685e-008	9.6108e-008	9.318e-008	9.1849e-008	8.94e-008	8.7235e-008	8.5043e-008	8.3937e-008	8.338e-008	8.1544e-008	7.781e-008	7.672e-008	7.5885e-008	7.5107e-008	7.4763e-008	7.2036e-008	6.924e-008	6.7069e-008	6.4479e-008	6.2708e-008	6.102e-008	5.9504e-008	5.7951e-008	5.4524e-008	5.0542e-008	5.008e-008	4.7835e-008	4.599e-008	4.3171e-008	3.9351e-008	3.5821e-008	3.4201e-008	3.2587e-008	2.8191e-008	2.4527e-008	2.314e-008	2.1258e-008	1.7985e-008	1.5326e-008	1.3135e-008	1.1241e-008	8.8009e-009	7.0863e-009	5.8585e-009	5.4724e-009	4.6558e-009	4.0138e-009	3.3613e-009	3.3845e-009	3.8772e-009	4.4426e-009	4.3217e-009	4.4211e-009	4.787e-009	4.7158e-009	5.1367e-009	6.2458e-009	8.1016e-009	1.0519e-008	1.2126e-008	1.7279e-008	2.2275e-008	2.7024e-008	3.4415e-008	3.9732e-008	4.5913e-008	5.1351e-008	5.635e-008	6.1742e-008	6.4391e-008	7.097e-008	7.637e-008	7.9551e-008	8.1984e-008	8.4643e-008	8.8602e-008	8.8859e-008	9.1888e-008	9.3059e-008	9.3548e-008
9.6625e-010	8.0121e-011	9.2126e-011	1.0223e-009	1.4384e-009	1.7677e-009	2.9539e-009	5.2352e-009	7.7439e-009	1.0856e-008	1.3528e-008	1.7794e-008	2.0934e-008	2.7786e-008	3.3253e-008	3.9266e-008	4.5643e-008	5.413e-008	5.8057e-008	6.3836e-008	6.8129e-008	7.2091e-008	7.7216e-008	8.0915e-008	8.3326e-008	8.4214e-008	9.0514e-008	9.422e-008	9.4751e-008	9.5402e-008	9.4519e-008	9.3704e-008	9.3899e-008	9.3184e-008	9.0872e-008	8.9881e-008	8.7893e-008	8.5543e-008	8.2928e-008	8.0044e-008	7.6829e-008	7.492e-008	7.2524e-008	6.9746e-008	6.8412e-008	6.654e-008	6.4761e-008	6.2632e-008	6.0712e-008	5.9023e-008	5.7105e-008	5.3443e-008	5.2679e-008	4.9054e-008	4.5477e-008	4.3542e-008	4.0172e-008	3.909e-008	3.6457e-008	3.4881e-008	3.3125e-008	3.0271e-008	2.8072e-008	2.4756e-008	2.2534e-008	2.0548e-008	1.9122e-008	1.7582e-008	1.5441e-008	1.3601e-008	1.1314e-008	1.012e-008	8.0842e-009	7.0394e-009	4.7316e-009	3.4372e-009	3.1407e-009	2.7437e-009	2.1204e-009	2.6016e-009	2.4599e-009	2.7274e-009	2.8043e-009	3.3563e-009	3.5557e-009	4.0198e-009	4.5811e-009	5.3539e-009	7.3004e-009	1.0226e-008	1.3686e-008	1.6446e-008	2.2142e-008	2.5816e-008	3.1661e-008	3.914e-008	4.7167e-008	5.496e-008	6.2179e-008	6.7998e-008	7.0961e-008	7.6941e-008	8.0523e-008	8.2866e-008	8.6779e-008	8.9006e-008	8.9897e-008	9.1429e-008	9.1788e-008	9.2231e-008	9.2374e-008	9.1718e-008	9.0811e-008	8.9279e-008	8.8134e-008	8.6383e-008	8.3088e-008	8.1482e-008	8.0063e-008	7.8508e-008	7.6507e-008	7.3107e-008	7.219e-008	6.9725e-008	6.7944e-008	6.6712e-008	6.5015e-008	6.3855e-008	6.0741e-008	5.6172e-008	5.3957e-008	5.129e-008	4.9429e-008	4.4354e-008	4.2893e-008	4.0922e-008	3.6436e-008	3.4427e-008	2.9944e-008	2.9092e-008	2.6836e-008	2.3954e-008	2.1328e-008	1.895e-008	1.5726e-008	1.3074e-008	9.4265e-009	7.7987e-009	6.4561e-009	5.5657e-009	4.6585e-009	4.349e-009	4.3667e-009	4.5871e-009	4.5802e-009	4.5746e-009	3.9268e-009	3.7396e-009	3.4756e-009	3.2241e-009	3.8019e-009	4.1937e-009	4.3294e-009	4.1264e-009	4.2974e-009	4.8211e-009	5.1313e-009	5.5964e-009	6.4483e-009	9.0056e-009	1.0433e-008	1.4641e-008	1.7549e-008	2.4038e-008	3.0424e-008	3.6468e-008	4.3444e-008	4.959e-008	5.5354e-008	6.1741e-008	6.8868e-008	7.4231e-008	7.9038e-008	8.1919e-008	8.4353e-008	8.8149e-008	8.9948e-008	9.1714e-008	9.2181e-008	9.277e-008	9.3446e-008	9.3644e-008	9.3874e-008	9.4648e-008	9.4951e-008	9.1859e-008	9.0914e-008	8.7257e-008	8.5633e-008	8.4466e-008	8.2009e-008	7.9295e-008	7.7121e-008	7.5537e-008	7.4345e-008	7.1485e-008	7.0169e-008	6.8336e-008	6.6715e-008	6.4449e-008	6.152e-008	5.5945e-008	5.3764e-008	5.1339e-008	4.8354e-008	4.4574e-008	4.338e-008	4.1227e-008	3.9568e-008	3.8128e-008	3.693e-008	3.4025e-008	3.2851e-008	2.9124e-008	2.5846e-008	2.4105e-008	2.2552e-008	1.9954e-008	1.8686e-008	1.6887e-008	1.3497e-008	1.1778e-008	9.8471e-009	7.9226e-009	6.7223e-009	5.7967e-009	5.2259e-009	4.7349e-009	4.6279e-009	4.9364e-009	4.9366e-009	4.6045e-009	5.5897e-009	4.8942e-009	5.1875e-009	5.0045e-009	5.2925e-009	5.6193e-009	6.282e-009	7.9517e-009	9.2809e-009	1.157e-008	1.7127e-008	2.0998e-008	2.6867e-008	3.6378e-008	4.388e-008	5.1488e-008	5.5694e-008	6.1138e-008	6.6117e-008	6.8936e-008	7.3757e-008	7.8101e-008	8.2358e-008	8.4473e-008	8.6632e-008	8.9073e-008	9.105e-008	9.2146e-008	9.325e-008	9.3785e-008	9.2663e-008	9.1998e-008	9.1819e-008	9.1375e-008	8.9373e-008	8.779e-008	8.5352e-008	8.2831e-008	8.1388e-008	7.8479e-008	7.6697e-008	7.4612e-008	7.3173e-008	7.1386e-008	6.9575e-008	6.7615e-008	6.5978e-008	6.3841e-008	6.0234e-008	5.6229e-008	5.4072e-008	5.2528e-008	4.9966e-008	4.6736e-008	4.4503e-008	4.2986e-008	3.9806e-008	3.7361e-008	3.5308e-008	3.2587e-008	3.0113e-008	2.7837e-008	2.6016e-008	2.4768e-008	2.1606e-008	1.9365e-008	1.6681e-008	1.4573e-008	1.2247e-008	1.0508e-008	8.8808e-009	7.1127e-009	6.1753e-009	5.5123e-009	5.1899e-009	4.4571e-009	4.5048e-009	4.4008e-009	4.2407e-009	3.9873e-009	4.2594e-009	4.6398e-009	4.7716e-009	5.1869e-009	5.885e-009	7.4445e-009	9.4135e-009	1.1433e-008	1.4981e-008	1.8353e-008	2.2112e-008	2.6474e-008	3.1763e-008	3.8835e-008	4.4414e-008	5.0209e-008	5.5544e-008	6.1001e-008	6.4328e-008	6.9959e-008	7.344e-008	7.823e-008	8.0653e-008	8.5242e-008	8.6385e-008	9.0249e-008	9.1316e-008	9.2052e-008	9.215e-008	9.1876e-008	9.1128e-008	9.0351e-008	8.9244e-008	8.8489e-008	8.6705e-008	8.5593e-008	8.3493e-008	8.228e-008	8.1003e-008	7.9523e-008	7.7371e-008	7.4285e-008	7.138e-008	6.8731e-008	6.8106e-008	6.5679e-008	6.4142e-008	6.206e-008	5.7994e-008	5.6076e-008	5.568e-008	5.342e-008	5.196e-008	4.6215e-008	4.5287e-008	4.3524e-008	4.1983e-008	4.0567e-008	3.8836e-008	3.7157e-008	3.3341e-008	3.0928e-008	2.8596e-008	2.4107e-008	2.2706e-008	2.0161e-008	1.8082e-008	1.5763e-008	1.3145e-008	1.1264e-008	9.5051e-009	7.1138e-009	6.2178e-009	5.416e-009	4.944e-009	4.5031e-009	4.1515e-009	4.1119e-009	3.9983e-009	4.4515e-009	4.8879e-009	4.5202e-009	4.4336e-009	4.8315e-009	5.5773e-009	6.3333e-009	8.1119e-009	9.868e-009	1.2607e-008	1.554e-008	1.7822e-008	2.2143e-008	2.6686e-008	3.1109e-008	3.7048e-008	4.442e-008	5.1578e-008	5.8165e-008	6.3485e-008	6.9039e-008	7.4723e-008	7.9333e-008	8.4229e-008	8.6442e-008	8.907e-008	9.1454e-008	9.2128e-008	9.5401e-008	9.6154e-008	9.6761e-008	9.695e-008	9.5909e-008	9.296e-008	9.0711e-008	8.9257e-008	8.7002e-008	8.4566e-008	8.3686e-008	8.2771e-008	7.9283e-008	7.7758e-008	7.6528e-008	7.5678e-008	7.4478e-008	7.3133e-008	7.0612e-008	6.9496e-008	6.6961e-008	6.446e-008	6.2232e-008	6.0466e-008	5.9404e-008	5.7392e-008	5.623e-008	5.3423e-008	4.9875e-008	4.7426e-008	4.4638e-008	4.2378e-008	3.9162e-008	3.5816e-008	3.3514e-008	3.1712e-008	2.8699e-008	2.5575e-008	2.2955e-008	2.1367e-008	1.8723e-008	1.5668e-008	1.3601e-008	1.2147e-008	9.7514e-009	7.7215e-009	5.9571e-009	5.2593e-009	4.6688e-009	4.1899e-009	4.0538e-009	3.8736e-009	3.5465e-009	4.1822e-009	4.4817e-009	4.2336e-009	4.7669e-009	4.9267e-009	5.212e-009	6.3028e-009	7.6039e-009	1.0842e-008	1.22e-008	1.7506e-008	2.2367e-008	2.6429e-008	3.3681e-008	3.9695e-008	4.5627e-008	4.9853e-008	5.6624e-008	6.1845e-008	6.485e-008	7.1488e-008	7.5351e-008	7.873e-008	8.2159e-008	8.5987e-008	8.8766e-008	9.0217e-008	9.3317e-008	9.3531e-008	9.3046e-008
7.191e-010	5.8396e-010	9.1611e-010	1.2333e-009	1.581e-009	2.4874e-009	3.6007e-009	5.1235e-009	8.0165e-009	1.1147e-008	1.3612e-008	1.7873e-008	2.2077e-008	2.744e-008	3.2511e-008	3.933e-008	4.6925e-008	5.4108e-008	5.9698e-008	6.4793e-008	6.8534e-008	7.4156e-008	7.7827e-008	8.1245e-008	8.4527e-008	8.7637e-008	9.2543e-008	9.4496e-008	9.5075e-008	9.5974e-008	9.4942e-008	9.3757e-008	9.4462e-008	9.2594e-008	9.0707e-008	8.8915e-008	8.7144e-008	8.506e-008	8.3449e-008	8.0304e-008	7.6589e-008	7.5092e-008	7.3285e-008	7.0669e-008	6.8322e-008	6.647e-008	6.4445e-008	6.2748e-008	6.1488e-008	5.9631e-008	5.7544e-008	5.355e-008	5.1913e-008	4.9492e-008	4.7472e-008	4.5122e-008	4.1704e-008	3.7851e-008	3.613e-008	3.4777e-008	3.2223e-008	3.0183e-008	2.883e-008	2.5605e-008	2.3336e-008	2.1372e-008	1.9955e-008	1.7268e-008	1.5842e-008	1.4111e-008	1.1779e-008	1.0582e-008	9.1287e-009	7.516e-009	5.9554e-009	4.3492e-009	3.9799e-009	3.1954e-009	2.5415e-009	2.9531e-009	2.9309e-009	2.953e-009	2.9771e-009	3.5254e-009	3.8988e-009	4.1238e-009	4.9438e-009	5.6842e-009	8.4364e-009	1.0207e-008	1.4522e-008	1.7656e-008	2.0739e-008	2.5592e-008	2.9745e-008	3.9178e-008	4.7461e-008	5.5287e-008	6.1707e-008	6.4949e-008	6.9868e-008	7.6259e-008	7.972e-008	8.381e-008	8.6369e-008	8.9663e-008	9.0902e-008	9.1564e-008	9.2777e-008	9.3088e-008	9.352e-008	9.2217e-008	9.1166e-008	8.9756e-008	8.8618e-008	8.6625e-008	8.4649e-008	8.2313e-008	7.9614e-008	7.8258e-008	7.7389e-008	7.5499e-008	7.3169e-008	7.1267e-008	6.9402e-008	6.7577e-008	6.5315e-008	6.248e-008	5.952e-008	5.7118e-008	5.5141e-008	5.2363e-008	5.0256e-008	4.7814e-008	4.444e-008	4.0657e-008	3.8627e-008	3.4834e-008	3.0049e-008	2.9443e-008	2.662e-008	2.3154e-008	2.1335e-008	1.8677e-008	1.638e-008	1.25e-008	1.0113e-008	8.0718e-009	6.4931e-009	4.9217e-009	4.4951e-009	4.2349e-009	4.5707e-009	4.5699e-009	4.4567e-009	4.9112e-009	4.303e-009	4.3799e-009	4.2803e-009	4.4201e-009	4.0493e-009	3.8586e-009	4.2949e-009	4.5229e-009	4.7413e-009	4.932e-009	4.9655e-009	5.2484e-009	6.5061e-009	8.816e-009	1.0952e-008	1.3906e-008	1.7637e-008	2.3209e-008	2.9986e-008	3.6816e-008	4.4415e-008	5.0295e-008	5.7575e-008	6.1968e-008	6.6228e-008	7.2612e-008	7.8533e-008	8.2651e-008	8.6224e-008	8.853e-008	8.9773e-008	9.0919e-008	9.1158e-008	9.2072e-008	9.2872e-008	9.3232e-008	9.3488e-008	9.4039e-008	9.4558e-008	9.036e-008	8.8944e-008	8.6843e-008	8.597e-008	8.4256e-008	8.2109e-008	8.0282e-008	7.8489e-008	7.6387e-008	7.535e-008	7.4304e-008	6.9767e-008	6.9445e-008	6.6952e-008	6.4865e-008	5.7238e-008	5.536e-008	5.2672e-008	4.9923e-008	4.8415e-008	4.5079e-008	4.4072e-008	4.1938e-008	3.9921e-008	3.8333e-008	3.6594e-008	3.3936e-008	3.2525e-008	2.6763e-008	2.5459e-008	2.4676e-008	2.2749e-008	2.0737e-008	1.9179e-008	1.6357e-008	1.4408e-008	1.1747e-008	9.268e-009	8.1815e-009	6.4794e-009	5.7041e-009	5.7139e-009	5.0953e-009	4.7198e-009	5.2714e-009	5.4566e-009	5.0693e-009	5.0994e-009	5.1026e-009	5.143e-009	5.0686e-009	5.0065e-009	5.781e-009	6.6853e-009	7.6388e-009	9.7333e-009	1.2346e-008	1.7305e-008	2.1455e-008	2.6559e-008	3.5012e-008	4.3959e-008	5.07e-008	5.4521e-008	6.1872e-008	6.6641e-008	7.0243e-008	7.4486e-008	7.829e-008	8.1167e-008	8.4303e-008	8.5677e-008	8.7107e-008	9.0335e-008	9.1365e-008	9.2554e-008	9.3935e-008	9.3288e-008	9.2251e-008	9.2011e-008	9.1969e-008	8.9768e-008	8.8426e-008	8.6148e-008	8.3402e-008	8.0932e-008	7.8967e-008	7.6184e-008	7.5346e-008	7.3757e-008	7.2455e-008	6.9827e-008	6.6674e-008	6.5625e-008	6.3998e-008	6.0456e-008	5.8263e-008	5.4994e-008	5.3101e-008	5.0319e-008	4.7295e-008	4.4696e-008	4.2462e-008	3.9213e-008	3.7484e-008	3.4724e-008	3.2745e-008	3.0213e-008	2.7514e-008	2.5711e-008	2.3317e-008	2.1099e-008	1.8581e-008	1.65e-008	1.397e-008	1.1619e-008	1.0593e-008	7.9718e-009	6.9842e-009	6.2756e-009	5.4611e-009	5.236e-009	4.6001e-009	4.4424e-009	4.5084e-009	4.1245e-009	3.9888e-009	4.2028e-009	4.2118e-009	4.8207e-009	5.9011e-009	5.7358e-009	7.0503e-009	8.7485e-009	1.0821e-008	1.4168e-008	1.8291e-008	2.1773e-008	2.4642e-008	2.8728e-008	3.4268e-008	4.4379e-008	4.8475e-008	5.3065e-008	6.009e-008	6.506e-008	6.8993e-008	7.435e-008	7.735e-008	8.1552e-008	8.5092e-008	8.8403e-008	8.9883e-008	9.1019e-008	9.2174e-008	9.2255e-008	9.1997e-008	9.1109e-008	9.0882e-008	9.0261e-008	8.8854e-008	8.7589e-008	8.553e-008	8.4097e-008	8.2617e-008	8.1938e-008	7.8611e-008	7.6573e-008	7.4019e-008	7.2562e-008	7.0891e-008	6.8175e-008	6.5839e-008	6.3762e-008	6.1093e-008	5.9488e-008	5.6913e-008	5.5755e-008	5.478e-008	5.3445e-008	4.8304e-008	4.5201e-008	4.3954e-008	4.1933e-008	4.0441e-008	3.7583e-008	3.6033e-008	3.3673e-008	3.1281e-008	2.9874e-008	2.5661e-008	2.3415e-008	2.0419e-008	1.8608e-008	1.585e-008	1.3217e-008	1.1857e-008	9.9918e-009	8.2984e-009	6.596e-009	6.0375e-009	5.4449e-009	4.5914e-009	4.6268e-009	4.4805e-009	4.2343e-009	4.7099e-009	5.1644e-009	4.6298e-009	4.6249e-009	5.1355e-009	5.6423e-009	7.0559e-009	8.8727e-009	1.0074e-008	1.3553e-008	1.5134e-008	1.937e-008	2.2101e-008	2.669e-008	3.1797e-008	3.8148e-008	4.5863e-008	5.4209e-008	5.9325e-008	6.3771e-008	7.0465e-008	7.6345e-008	8.1203e-008	8.3993e-008	8.7115e-008	9.0298e-008	8.9991e-008	9.208e-008	9.6591e-008	9.7821e-008	9.7364e-008	9.6753e-008	9.4519e-008	9.3333e-008	9.0059e-008	8.8265e-008	8.6412e-008	8.5663e-008	8.4627e-008	8.3476e-008	8.081e-008	7.8239e-008	7.6295e-008	7.547e-008	7.4506e-008	7.2973e-008	7.1571e-008	7.0278e-008	6.7524e-008	6.5058e-008	6.3889e-008	6.1136e-008	5.9275e-008	5.8038e-008	5.6092e-008	5.3293e-008	4.8925e-008	4.6472e-008	4.4205e-008	4.2045e-008	3.9183e-008	3.5329e-008	3.3409e-008	3.1479e-008	2.8116e-008	2.4663e-008	2.2378e-008	1.9826e-008	1.7879e-008	1.6058e-008	1.3738e-008	1.1505e-008	9.1279e-009	7.4384e-009	6.0924e-009	5.2682e-009	4.6627e-009	4.5288e-009	4.3466e-009	4.1602e-009	4.2015e-009	4.4416e-009	4.5447e-009	4.3571e-009	4.7807e-009	5.0876e-009	5.3492e-009	6.684e-009	8.5781e-009	1.0807e-008	1.3169e-008	1.8237e-008	2.2911e-008	2.6339e-008	3.0476e-008	3.8362e-008	4.4819e-008	5.2845e-008	5.8538e-008	6.2471e-008	6.6457e-008	7.1606e-008	7.6407e-008	7.8713e-008	8.2616e-008	8.4876e-008	8.731e-008	9.0937e-008	9.2715e-008	9.2571e-008	9.2325e-008
1.5707e-009	1.2771e-009	1.6839e-009	1.9713e-009	2.1414e-009	3.3117e-009	3.9809e-009	5.6956e-009	8.4235e-009	1.147e-008	1.4657e-008	1.7592e-008	2.2914e-008	2.8087e-008	3.3899e-008	4.0719e-008	4.8616e-008	5.2796e-008	6.1569e-008	6.6921e-008	7.0606e-008	7.6154e-008	7.936e-008	8.1449e-008	8.5088e-008	8.6422e-008	9.2019e-008	9.4015e-008	9.4926e-008	9.5404e-008	9.4123e-008	9.3162e-008	9.2424e-008	9.0714e-008	8.9776e-008	8.8172e-008	8.7118e-008	8.4711e-008	8.0765e-008	7.91e-008	7.6898e-008	7.5317e-008	7.3188e-008	7.091e-008	6.9239e-008	6.7213e-008	6.4712e-008	6.3564e-008	6.1965e-008	5.9952e-008	5.8405e-008	5.6499e-008	5.3787e-008	5.1273e-008	4.9187e-008	4.6338e-008	4.2116e-008	3.9287e-008	3.6526e-008	3.5306e-008	3.2335e-008	3.1551e-008	2.9424e-008	2.5835e-008	2.4106e-008	2.1576e-008	2.0079e-008	1.7981e-008	1.6637e-008	1.4944e-008	1.2303e-008	1.1285e-008	9.3093e-009	8.4518e-009	7.0598e-009	5.4762e-009	4.5205e-009	3.9406e-009	3.349e-009	2.934e-009	2.8769e-009	3.2415e-009	3.5079e-009	3.7006e-009	4.6001e-009	5.0093e-009	5.5047e-009	7.238e-009	9.1859e-009	1.2083e-008	1.4982e-008	1.7948e-008	2.106e-008	2.547e-008	3.0618e-008	3.9351e-008	4.7887e-008	5.5176e-008	6.1869e-008	6.4662e-008	7.0127e-008	7.5248e-008	7.8704e-008	8.4021e-008	8.5542e-008	8.9209e-008	9.2175e-008	9.2622e-008	9.2882e-008	9.3616e-008	9.4017e-008	9.3586e-008	9.2426e-008	9.1211e-008	8.9114e-008	8.8041e-008	8.4729e-008	8.2815e-008	7.9778e-008	7.869e-008	7.7746e-008	7.6245e-008	7.4819e-008	7.2792e-008	7.0188e-008	6.7178e-008	6.4625e-008	6.2544e-008	5.9623e-008	5.8031e-008	5.4709e-008	5.2485e-008	5.0424e-008	4.6842e-008	4.2991e-008	4.1035e-008	3.8919e-008	3.5864e-008	3.125e-008	2.938e-008	2.7228e-008	2.4522e-008	2.208e-008	1.8915e-008	1.5881e-008	1.4015e-008	1.0763e-008	8.5888e-009	6.252e-009	5.345e-009	4.9682e-009	4.6788e-009	4.7595e-009	4.668e-009	4.5392e-009	4.9727e-009	4.8285e-009	4.6274e-009	5.305e-009	4.7228e-009	4.1357e-009	4.0363e-009	4.457e-009	4.9008e-009	5.0817e-009	5.1978e-009	5.5433e-009	5.7566e-009	6.2312e-009	9.0343e-009	1.1448e-008	1.5468e-008	1.8447e-008	2.2984e-008	2.9405e-008	3.7638e-008	4.6246e-008	5.3399e-008	5.7877e-008	6.2422e-008	6.5135e-008	7.4204e-008	7.7528e-008	8.2314e-008	8.6333e-008	8.8533e-008	9.0606e-008	9.0998e-008	9.0993e-008	9.2128e-008	9.3017e-008	9.3371e-008	9.315e-008	9.2946e-008	9.222e-008	8.9873e-008	8.8707e-008	8.695e-008	8.5481e-008	8.3361e-008	8.0927e-008	7.9253e-008	7.855e-008	7.8029e-008	7.5891e-008	7.4482e-008	7.0947e-008	7.0585e-008	6.7636e-008	6.4772e-008	5.9314e-008	5.6052e-008	5.1975e-008	5.0688e-008	4.87e-008	4.653e-008	4.3695e-008	4.1828e-008	3.9712e-008	3.8029e-008	3.5686e-008	3.3686e-008	3.2282e-008	2.8163e-008	2.6249e-008	2.474e-008	2.2802e-008	2.0752e-008	1.8911e-008	1.5022e-008	1.3234e-008	1.0982e-008	8.6496e-009	8.3262e-009	7.1246e-009	6.1811e-009	5.8209e-009	5.4585e-009	4.827e-009	5.4126e-009	5.5925e-009	5.4527e-009	5.2598e-009	5.0885e-009	5.3872e-009	5.4219e-009	5.5805e-009	6.5343e-009	7.3992e-009	8.4839e-009	1.0887e-008	1.3117e-008	1.6839e-008	2.0429e-008	2.6503e-008	3.3699e-008	4.3822e-008	5.1323e-008	5.65e-008	6.2735e-008	6.7869e-008	7.2369e-008	7.5426e-008	7.898e-008	8.1552e-008	8.3648e-008	8.5771e-008	8.8783e-008	9.0077e-008	9.1259e-008	9.2991e-008	9.3752e-008	9.2602e-008	9.2873e-008	9.2448e-008	9.1174e-008	8.9461e-008	8.8626e-008	8.6757e-008	8.4406e-008	8.1489e-008	7.9758e-008	7.8195e-008	7.5711e-008	7.4236e-008	7.3031e-008	7.0198e-008	6.7576e-008	6.519e-008	6.4406e-008	6.2453e-008	5.7415e-008	5.5683e-008	5.3432e-008	5.0101e-008	4.7422e-008	4.5294e-008	4.2123e-008	3.8405e-008	3.7623e-008	3.5127e-008	3.2071e-008	3.0423e-008	2.8209e-008	2.606e-008	2.1753e-008	2.0805e-008	1.8444e-008	1.6503e-008	1.4318e-008	1.2374e-008	1.0722e-008	8.8964e-009	7.3873e-009	6.2155e-009	5.3951e-009	5.0238e-009	4.6442e-009	4.7391e-009	4.798e-009	4.4947e-009	4.5315e-009	4.3931e-009	4.635e-009	4.8809e-009	5.3174e-009	5.9395e-009	6.7285e-009	8.6826e-009	1.0834e-008	1.3828e-008	1.7055e-008	2.0467e-008	2.3837e-008	2.8558e-008	3.4159e-008	4.201e-008	4.9678e-008	5.4984e-008	6.0745e-008	6.5888e-008	6.9904e-008	7.3887e-008	7.6046e-008	8.2672e-008	8.5881e-008	8.8683e-008	9.0304e-008	9.1207e-008	9.2073e-008	9.2174e-008	9.159e-008	9.153e-008	9.1465e-008	9.1125e-008	8.9539e-008	8.8055e-008	8.6081e-008	8.4083e-008	8.2691e-008	8.1976e-008	7.748e-008	7.5394e-008	7.364e-008	7.2194e-008	7.0869e-008	6.8242e-008	6.5754e-008	6.3997e-008	6.2189e-008	5.9366e-008	5.7682e-008	5.5782e-008	5.5265e-008	5.4133e-008	4.8891e-008	4.6507e-008	4.4687e-008	4.2385e-008	4.0244e-008	3.8685e-008	3.5871e-008	3.4296e-008	3.2165e-008	2.997e-008	2.5767e-008	2.4019e-008	2.1506e-008	1.9324e-008	1.7108e-008	1.4969e-008	1.3276e-008	1.0034e-008	7.6447e-009	7.1381e-009	6.1896e-009	5.5086e-009	5.5552e-009	5.7123e-009	5.0271e-009	4.6395e-009	4.5489e-009	4.6813e-009	5.0754e-009	5.1078e-009	5.5676e-009	6.2493e-009	7.4834e-009	9.2307e-009	1.0332e-008	1.4156e-008	1.7697e-008	1.9249e-008	2.3286e-008	2.7801e-008	3.3118e-008	4.0607e-008	4.8691e-008	5.6007e-008	6.2271e-008	6.676e-008	7.2171e-008	7.8074e-008	8.1888e-008	8.6147e-008	8.8678e-008	9.0161e-008	9.355e-008	9.8326e-008	9.7919e-008	9.826e-008	9.7467e-008	9.5979e-008	9.455e-008	9.3199e-008	9.022e-008	8.8623e-008	8.6614e-008	8.588e-008	8.5073e-008	8.4114e-008	8.2079e-008	7.8108e-008	7.6944e-008	7.6246e-008	7.4722e-008	7.2955e-008	7.208e-008	7.0654e-008	6.8542e-008	6.6096e-008	6.4407e-008	6.1034e-008	6.0103e-008	5.8127e-008	5.4476e-008	5.3367e-008	4.848e-008	4.6626e-008	4.4849e-008	4.2584e-008	3.8226e-008	3.5644e-008	3.4134e-008	3.1025e-008	2.8238e-008	2.4661e-008	2.1783e-008	1.9662e-008	1.7481e-008	1.6136e-008	1.4528e-008	1.169e-008	1.0165e-008	8.3424e-009	6.3535e-009	5.3221e-009	4.749e-009	4.811e-009	4.334e-009	4.5312e-009	4.5697e-009	4.836e-009	4.8326e-009	4.5299e-009	5.0059e-009	5.7248e-009	6.0885e-009	7.4929e-009	8.4229e-009	1.1127e-008	1.4066e-008	1.9043e-008	2.2938e-008	2.8122e-008	3.3814e-008	3.9378e-008	4.6266e-008	5.3284e-008	5.9333e-008	6.3453e-008	6.7774e-008	7.2007e-008	7.5816e-008	7.8391e-008	8.29e-008	8.4716e-008	8.8568e-008	9.2333e-008	9.229e-008	9.2255e-008	9.2678e-008
1.9971e-009	1.2681e-009	1.5994e-009	2.4224e-009	2.4073e-009	3.1081e-009	4.2098e-009	5.8214e-009	8.5184e-009	1.0633e-008	1.5203e-008	1.8631e-008	2.2989e-008	2.7262e-008	3.3958e-008	4.0638e-008	4.8515e-008	5.5855e-008	6.2861e-008	6.7547e-008	7.3059e-008	7.7543e-008	8.0046e-008	8.2701e-008	8.4701e-008	8.923e-008	9.0285e-008	9.2108e-008	9.382e-008	9.412e-008	9.379e-008	9.3013e-008	9.1667e-008	9.0611e-008	8.9277e-008	8.7566e-008	8.6116e-008	8.3642e-008	8.1008e-008	7.8233e-008	7.6652e-008	7.4823e-008	7.3198e-008	7.135e-008	6.9689e-008	6.7806e-008	6.5105e-008	6.4075e-008	6.0972e-008	5.9293e-008	5.8274e-008	5.4619e-008	5.261e-008	5.0127e-008	4.7538e-008	4.442e-008	4.2258e-008	3.9672e-008	3.7192e-008	3.5385e-008	3.2936e-008	3.0843e-008	2.8782e-008	2.6195e-008	2.4684e-008	2.1768e-008	2.0161e-008	1.8316e-008	1.6278e-008	1.4681e-008	1.2881e-008	1.1278e-008	9.513e-009	8.0625e-009	7.1594e-009	5.6448e-009	4.789e-009	3.8811e-009	3.4558e-009	2.9e-009	2.956e-009	3.113e-009	3.6402e-009	4.2766e-009	4.5549e-009	4.7919e-009	5.3809e-009	7.208e-009	8.8571e-009	1.1956e-008	1.5244e-008	1.7907e-008	2.1374e-008	2.6757e-008	3.0986e-008	3.8992e-008	4.6942e-008	5.4889e-008	6.0214e-008	6.4747e-008	6.9762e-008	7.2708e-008	7.9828e-008	8.3645e-008	8.6556e-008	9.0102e-008	9.3102e-008	9.3787e-008	9.3687e-008	9.4399e-008	9.4465e-008	9.4353e-008	9.2862e-008	9.1852e-008	8.994e-008	8.7937e-008	8.5578e-008	8.3008e-008	8.055e-008	7.8808e-008	7.6944e-008	7.5781e-008	7.4171e-008	7.1651e-008	6.9049e-008	6.6834e-008	6.5139e-008	6.3005e-008	6.1052e-008	5.8537e-008	5.5023e-008	5.1463e-008	4.8995e-008	4.6438e-008	4.3921e-008	4.186e-008	3.8315e-008	3.4873e-008	3.316e-008	2.9366e-008	2.7495e-008	2.4291e-008	2.1718e-008	1.8486e-008	1.5785e-008	1.4167e-008	1.0945e-008	8.5171e-009	6.5958e-009	5.1578e-009	4.7882e-009	4.8398e-009	4.3047e-009	4.447e-009	4.1751e-009	4.5729e-009	4.2823e-009	4.5916e-009	4.9105e-009	4.1968e-009	3.7561e-009	4.4384e-009	4.5859e-009	4.6559e-009	5.1858e-009	4.9035e-009	5.3429e-009	5.3766e-009	6.2371e-009	8.8089e-009	1.1014e-008	1.5174e-008	1.8809e-008	2.2783e-008	2.9013e-008	3.6816e-008	4.5679e-008	5.1811e-008	5.86e-008	6.2589e-008	6.8364e-008	7.3074e-008	7.8455e-008	8.1325e-008	8.6834e-008	8.823e-008	8.9777e-008	9.0364e-008	9.0805e-008	9.2135e-008	9.3147e-008	9.2947e-008	9.2463e-008	9.2096e-008	9.0693e-008	8.9362e-008	8.7957e-008	8.7268e-008	8.5723e-008	8.3506e-008	8.1417e-008	8.0111e-008	7.8912e-008	7.7839e-008	7.6342e-008	7.4342e-008	7.2145e-008	6.9926e-008	6.6122e-008	6.4067e-008	6.106e-008	5.7278e-008	5.284e-008	5.0841e-008	4.8733e-008	4.6363e-008	4.4805e-008	4.3166e-008	3.972e-008	3.7625e-008	3.604e-008	3.3628e-008	3.0858e-008	2.8688e-008	2.6611e-008	2.4172e-008	2.1846e-008	1.9944e-008	1.6846e-008	1.5149e-008	1.2603e-008	1.0688e-008	9.3215e-009	7.9764e-009	6.7604e-009	6.0979e-009	5.7331e-009	5.2615e-009	5.1278e-009	5.3121e-009	5.3137e-009	5.7453e-009	5.6777e-009	5.447e-009	5.3265e-009	5.2008e-009	5.8862e-009	6.6282e-009	7.2834e-009	8.2462e-009	1.0185e-008	1.3315e-008	1.7315e-008	2.1885e-008	2.6804e-008	3.3696e-008	4.5371e-008	5.2331e-008	5.6729e-008	6.1747e-008	6.8045e-008	7.3044e-008	7.6421e-008	7.8984e-008	8.1644e-008	8.4236e-008	8.5706e-008	8.7144e-008	8.9274e-008	9.0261e-008	9.273e-008	9.2358e-008	9.2405e-008	9.3236e-008	9.2492e-008	9.2238e-008	9.1084e-008	8.8739e-008	8.6498e-008	8.393e-008	8.1691e-008	8.0263e-008	7.753e-008	7.5528e-008	7.4776e-008	7.3289e-008	6.9917e-008	6.5715e-008	6.5118e-008	6.3752e-008	6.2565e-008	5.8048e-008	5.5697e-008	5.3146e-008	5.0385e-008	4.7417e-008	4.4149e-008	4.1872e-008	3.9442e-008	3.7252e-008	3.605e-008	3.254e-008	3.013e-008	2.7834e-008	2.4515e-008	2.2023e-008	2.0868e-008	1.7996e-008	1.5832e-008	1.45e-008	1.301e-008	1.054e-008	8.5457e-009	7.4787e-009	6.2548e-009	5.4714e-009	4.8021e-009	4.6157e-009	4.7994e-009	4.6463e-009	5.0498e-009	5.1384e-009	4.8982e-009	4.9303e-009	4.9386e-009	5.5907e-009	6.1104e-009	6.6007e-009	8.1474e-009	9.812e-009	1.3405e-008	1.6282e-008	2.0382e-008	2.3952e-008	2.9962e-008	3.5368e-008	4.1331e-008	4.7294e-008	5.4498e-008	6.1276e-008	6.474e-008	6.9415e-008	7.3929e-008	7.663e-008	8.2896e-008	8.5826e-008	8.9319e-008	9.0492e-008	9.1521e-008	9.2391e-008	9.2064e-008	9.2277e-008	9.2657e-008	9.245e-008	9.0903e-008	8.9688e-008	8.6646e-008	8.5178e-008	8.3547e-008	8.2095e-008	8.0003e-008	7.7891e-008	7.5637e-008	7.3322e-008	7.2078e-008	7.0351e-008	6.8116e-008	6.6101e-008	6.4127e-008	6.2522e-008	5.9701e-008	5.762e-008	5.669e-008	5.5613e-008	5.3867e-008	5.1584e-008	4.8293e-008	4.5681e-008	4.3483e-008	4.1208e-008	3.8516e-008	3.6906e-008	3.4855e-008	3.2772e-008	2.9296e-008	2.6889e-008	2.3538e-008	2.255e-008	2.0315e-008	1.7716e-008	1.541e-008	1.3707e-008	1.1853e-008	9.8777e-009	8.0001e-009	6.7165e-009	5.5962e-009	5.4001e-009	5.791e-009	5.2474e-009	4.9334e-009	4.5583e-009	4.7628e-009	4.99e-009	5.0827e-009	5.6919e-009	6.5708e-009	7.868e-009	9.7232e-009	1.2394e-008	1.4932e-008	1.7871e-008	2.0155e-008	2.5181e-008	2.8771e-008	3.426e-008	4.1429e-008	4.9065e-008	5.7433e-008	6.3731e-008	6.8137e-008	7.2911e-008	7.8694e-008	8.3679e-008	8.6095e-008	8.852e-008	9.0727e-008	9.3752e-008	9.8424e-008	9.8774e-008	9.822e-008	9.7084e-008	9.5314e-008	9.4571e-008	9.3096e-008	9.1269e-008	8.847e-008	8.6617e-008	8.6071e-008	8.4882e-008	8.3943e-008	8.133e-008	7.9046e-008	7.8469e-008	7.7335e-008	7.4792e-008	7.3236e-008	7.2079e-008	7.0386e-008	6.8619e-008	6.5164e-008	6.3806e-008	6.2611e-008	6.0188e-008	5.7483e-008	5.3883e-008	5.1837e-008	4.9438e-008	4.6404e-008	4.3827e-008	4.2321e-008	3.6669e-008	3.5692e-008	3.4138e-008	3.119e-008	2.7843e-008	2.4184e-008	2.2195e-008	2.0513e-008	1.8331e-008	1.6018e-008	1.3619e-008	1.2479e-008	1.0543e-008	8.6944e-009	6.6855e-009	5.2611e-009	4.6503e-009	4.4189e-009	4.1746e-009	4.9263e-009	4.5387e-009	4.6106e-009	5.1508e-009	5.3488e-009	5.6698e-009	5.9532e-009	6.9335e-009	8.3465e-009	9.639e-009	1.2788e-008	1.5e-008	1.954e-008	2.3991e-008	2.9132e-008	3.2447e-008	3.9227e-008	4.5884e-008	5.2527e-008	5.9194e-008	6.3674e-008	6.8004e-008	7.115e-008	7.6708e-008	7.9855e-008	8.4385e-008	8.6094e-008	8.9712e-008	9.2185e-008	9.2325e-008	9.2687e-008	9.2888e-008
1.7737e-009	1.3331e-009	1.5692e-009	1.88e-009	1.9326e-009	2.7911e-009	3.9813e-009	5.9207e-009	8.4973e-009	1.066e-008	1.4628e-008	1.8682e-008	2.2587e-008	2.786e-008	3.4616e-008	4.0551e-008	4.7603e-008	5.6145e-008	6.2673e-008	6.876e-008	7.3525e-008	7.7682e-008	8.1283e-008	8.3499e-008	8.597e-008	8.9207e-008	9.0997e-008	9.2424e-008	9.2843e-008	9.2911e-008	9.3006e-008	9.2361e-008	9.1831e-008	9.0682e-008	8.9281e-008	8.7495e-008	8.5894e-008	8.4439e-008	8.1239e-008	7.877e-008	7.7146e-008	7.4206e-008	7.2777e-008	7.1041e-008	6.9667e-008	6.5572e-008	6.4349e-008	6.3569e-008	6.0953e-008	5.8659e-008	5.709e-008	5.4814e-008	5.1151e-008	4.9027e-008	4.6534e-008	4.5138e-008	4.2526e-008	4.0603e-008	3.8486e-008	3.4405e-008	3.1963e-008	3.0309e-008	2.8297e-008	2.5835e-008	2.4403e-008	2.2314e-008	1.9937e-008	1.7947e-008	1.5572e-008	1.4092e-008	1.2819e-008	1.1057e-008	9.3769e-009	8.3836e-009	7.2255e-009	6.0931e-009	5.0359e-009	4.0313e-009	3.4573e-009	3.2586e-009	3.3322e-009	3.4348e-009	3.4676e-009	4.0436e-009	4.891e-009	5.2699e-009	6.1535e-009	7.6109e-009	9.1843e-009	1.2395e-008	1.5131e-008	1.7531e-008	2.0987e-008	2.6712e-008	3.1982e-008	3.9076e-008	4.5646e-008	5.3112e-008	5.9423e-008	6.4399e-008	6.8835e-008	7.4621e-008	8.0829e-008	8.2978e-008	8.5593e-008	9.1253e-008	9.3511e-008	9.4014e-008	9.4419e-008	9.4236e-008	9.497e-008	9.4208e-008	9.3043e-008	9.1536e-008	9.0103e-008	8.8237e-008	8.6387e-008	8.4211e-008	8.1491e-008	7.8201e-008	7.6813e-008	7.5032e-008	7.359e-008	7.0853e-008	6.9428e-008	6.6492e-008	6.5014e-008	6.3123e-008	6.1626e-008	5.7936e-008	5.3263e-008	5.1856e-008	4.9513e-008	4.7342e-008	4.2295e-008	4.0856e-008	3.8991e-008	3.5396e-008	3.2644e-008	3.0076e-008	2.6938e-008	2.421e-008	2.2129e-008	1.8304e-008	1.4959e-008	1.3963e-008	1.1654e-008	8.2677e-009	6.9485e-009	5.5548e-009	4.8367e-009	4.8701e-009	4.2048e-009	3.9727e-009	3.7548e-009	4.2756e-009	4.3095e-009	4.577e-009	4.7191e-009	3.4395e-009	3.7173e-009	4.7409e-009	4.6835e-009	4.7723e-009	5.0529e-009	4.7702e-009	5.3071e-009	5.289e-009	6.2949e-009	7.7369e-009	1.1786e-008	1.5172e-008	1.8695e-008	2.3418e-008	2.8896e-008	3.6636e-008	4.4846e-008	5.3634e-008	5.919e-008	6.5509e-008	7.1301e-008	7.5685e-008	8.0088e-008	8.376e-008	8.5463e-008	8.7883e-008	8.9465e-008	9.0156e-008	9.0737e-008	9.252e-008	9.3209e-008	9.3113e-008	9.2517e-008	9.1256e-008	9.016e-008	8.8767e-008	8.8244e-008	8.723e-008	8.6188e-008	8.3393e-008	8.2308e-008	8.0177e-008	7.8049e-008	7.5535e-008	7.4816e-008	7.2641e-008	7.1367e-008	6.7846e-008	6.5388e-008	6.2858e-008	6.1108e-008	5.787e-008	5.3631e-008	5.1375e-008	4.8536e-008	4.7083e-008	4.431e-008	4.1434e-008	3.9239e-008	3.7817e-008	3.5264e-008	3.0723e-008	2.9808e-008	2.8051e-008	2.5613e-008	2.2036e-008	2.0978e-008	1.8548e-008	1.647e-008	1.4765e-008	1.2823e-008	1.1117e-008	9.4546e-009	7.6465e-009	6.7399e-009	6.0361e-009	5.5467e-009	5.4042e-009	5.4298e-009	5.7589e-009	5.5844e-009	5.6226e-009	5.6008e-009	5.7503e-009	5.9761e-009	6.0107e-009	6.0836e-009	6.5088e-009	7.3314e-009	8.893e-009	1.1204e-008	1.3403e-008	1.6752e-008	2.1712e-008	2.7068e-008	3.3242e-008	4.3685e-008	5.3056e-008	5.7865e-008	6.1092e-008	6.7581e-008	7.1767e-008	7.6843e-008	7.892e-008	8.1255e-008	8.3875e-008	8.4966e-008	8.6428e-008	8.8216e-008	9.0169e-008	9.1012e-008	9.1187e-008	9.1696e-008	9.2612e-008	9.2495e-008	9.2442e-008	9.0421e-008	8.6537e-008	8.5455e-008	8.3147e-008	8.1091e-008	8.0056e-008	7.8093e-008	7.5876e-008	7.4884e-008	7.2521e-008	6.9033e-008	6.6742e-008	6.5107e-008	6.3692e-008	6.2292e-008	5.7848e-008	5.4731e-008	5.2976e-008	4.9696e-008	4.7549e-008	4.466e-008	4.1538e-008	3.8741e-008	3.7216e-008	3.4253e-008	3.1594e-008	2.9538e-008	2.7454e-008	2.3811e-008	2.1907e-008	2.0235e-008	1.7443e-008	1.5964e-008	1.4406e-008	1.1787e-008	9.4674e-009	8.385e-009	7.4777e-009	5.7141e-009	4.799e-009	5.0737e-009	4.9123e-009	4.6758e-009	4.4592e-009	5.2068e-009	5.7993e-009	5.9279e-009	5.7008e-009	5.051e-009	5.6217e-009	6.1067e-009	6.3392e-009	8.0121e-009	9.6333e-009	1.2862e-008	1.5846e-008	2.0086e-008	2.4681e-008	2.8805e-008	3.6793e-008	4.3032e-008	4.795e-008	5.408e-008	6.0295e-008	6.5141e-008	6.9861e-008	7.4189e-008	7.8263e-008	8.1981e-008	8.6272e-008	8.9128e-008	9.127e-008	9.1955e-008	9.2266e-008	9.254e-008	9.2766e-008	9.3372e-008	9.3446e-008	9.2777e-008	9.1213e-008	8.8749e-008	8.4158e-008	8.2931e-008	8.0887e-008	7.8609e-008	7.6981e-008	7.5965e-008	7.5224e-008	7.3158e-008	6.9839e-008	6.8833e-008	6.5829e-008	6.4035e-008	6.3354e-008	6.0794e-008	5.7578e-008	5.6946e-008	5.5613e-008	5.2488e-008	5.047e-008	4.8482e-008	4.5868e-008	4.4656e-008	4.1386e-008	3.8616e-008	3.6958e-008	3.4196e-008	3.2112e-008	2.8717e-008	2.7694e-008	2.4979e-008	2.3559e-008	2.0942e-008	1.9007e-008	1.5819e-008	1.4433e-008	1.1868e-008	9.9386e-009	8.522e-009	7.3042e-009	5.8333e-009	5.6019e-009	5.8255e-009	5.4155e-009	5.0723e-009	4.5965e-009	5.1861e-009	5.23e-009	5.62e-009	6.1579e-009	7.0841e-009	8.4777e-009	1.0718e-008	1.2926e-008	1.4877e-008	1.8215e-008	2.1155e-008	2.6321e-008	3.0505e-008	3.5649e-008	4.2876e-008	4.9905e-008	5.956e-008	6.4757e-008	6.7756e-008	7.2448e-008	7.813e-008	8.3507e-008	8.618e-008	8.7727e-008	9.1828e-008	9.4658e-008	9.8437e-008	9.8093e-008	9.744e-008	9.6413e-008	9.4873e-008	9.4187e-008	9.3377e-008	9.2976e-008	9.2516e-008	9.0709e-008	8.6381e-008	8.538e-008	8.3428e-008	8.1745e-008	7.9684e-008	7.8408e-008	7.683e-008	7.4705e-008	7.31e-008	7.126e-008	6.9133e-008	6.8132e-008	6.5512e-008	6.3268e-008	6.1968e-008	5.8743e-008	5.6227e-008	5.2991e-008	5.0954e-008	4.8203e-008	4.6813e-008	4.4256e-008	4.2367e-008	3.8197e-008	3.6526e-008	3.4009e-008	3.1355e-008	2.5913e-008	2.4881e-008	2.193e-008	2.0333e-008	1.8149e-008	1.5321e-008	1.4296e-008	1.3112e-008	9.7619e-009	8.4216e-009	6.4807e-009	5.3415e-009	5.0312e-009	4.7362e-009	4.5468e-009	4.4616e-009	4.5348e-009	4.5449e-009	5.0005e-009	5.4547e-009	5.7188e-009	6.7322e-009	7.8017e-009	8.7095e-009	1.1273e-008	1.3461e-008	1.7151e-008	2.0378e-008	2.4997e-008	3.0059e-008	3.401e-008	3.8702e-008	4.5416e-008	5.297e-008	5.8901e-008	6.4109e-008	6.7126e-008	7.1546e-008	7.6534e-008	7.9927e-008	8.4181e-008	8.6065e-008	9.0025e-008	9.153e-008	9.2171e-008	9.252e-008	9.2389e-008
1.8946e-009	1.5043e-009	1.5975e-009	1.773e-009	2.62e-009	3.2827e-009	4.6802e-009	6.5714e-009	9.5229e-009	1.1497e-008	1.4941e-008	1.9131e-008	2.3785e-008	2.9658e-008	3.5558e-008	4.0882e-008	4.6707e-008	5.5233e-008	6.3321e-008	7.1161e-008	7.5484e-008	7.9439e-008	8.2363e-008	8.4822e-008	8.7953e-008	9.1006e-008	9.1955e-008	9.2303e-008	9.3042e-008	9.3531e-008	9.3302e-008	9.3488e-008	9.3198e-008	9.1521e-008	8.9884e-008	8.8208e-008	8.548e-008	8.4397e-008	8.2108e-008	8.013e-008	7.6442e-008	7.5389e-008	7.3487e-008	7.1423e-008	7.0342e-008	6.9641e-008	6.4155e-008	6.4357e-008	6.0753e-008	5.885e-008	5.6966e-008	5.4662e-008	5.259e-008	4.9912e-008	4.7043e-008	4.5277e-008	4.2589e-008	4.0331e-008	3.8324e-008	3.7051e-008	3.133e-008	3.0131e-008	2.9277e-008	2.7549e-008	2.5829e-008	2.2294e-008	2.0219e-008	1.8267e-008	1.6338e-008	1.4946e-008	1.354e-008	1.1408e-008	9.9295e-009	8.447e-009	7.1651e-009	5.8333e-009	5.3748e-009	4.7892e-009	4.1996e-009	3.9961e-009	4.3509e-009	4.2884e-009	3.8926e-009	4.3967e-009	5.1471e-009	5.5969e-009	6.1567e-009	7.4594e-009	9.662e-009	1.2098e-008	1.575e-008	1.9155e-008	2.2089e-008	2.6765e-008	3.3637e-008	3.9609e-008	4.6789e-008	5.1941e-008	5.8361e-008	6.4335e-008	6.8603e-008	7.3765e-008	7.7928e-008	8.3016e-008	8.5724e-008	9.0337e-008	9.1781e-008	9.4291e-008	9.4725e-008	9.5635e-008	9.5363e-008	9.4389e-008	9.2955e-008	9.1746e-008	9.028e-008	8.9972e-008	8.6947e-008	8.4158e-008	8.1233e-008	7.888e-008	7.6088e-008	7.4744e-008	7.2757e-008	7.1441e-008	6.8939e-008	6.6757e-008	6.4834e-008	6.352e-008	6.219e-008	5.7309e-008	5.6102e-008	5.2752e-008	5.0893e-008	4.9053e-008	4.484e-008	3.9797e-008	3.8731e-008	3.5107e-008	3.3863e-008	3.1833e-008	2.8964e-008	2.4447e-008	2.2693e-008	2.0507e-008	1.6467e-008	1.4485e-008	1.2831e-008	1.0876e-008	8.2175e-009	6.1026e-009	4.9977e-009	4.7587e-009	4.4043e-009	4.3823e-009	3.8478e-009	3.5833e-009	3.9675e-009	4.2747e-009	4.1607e-009	4.4115e-009	4.5558e-009	4.8173e-009	4.9179e-009	4.8343e-009	4.8629e-009	4.5631e-009	5.0938e-009	5.1311e-009	6.2876e-009	7.5438e-009	1.1197e-008	1.475e-008	1.8288e-008	2.3137e-008	2.8735e-008	3.653e-008	4.4232e-008	5.3123e-008	5.9155e-008	6.5896e-008	7.3001e-008	7.6738e-008	7.927e-008	8.4504e-008	8.586e-008	8.7808e-008	8.9459e-008	9.0072e-008	9.0772e-008	9.22e-008	9.2808e-008	9.3016e-008	9.232e-008	9.1154e-008	9.0112e-008	8.8962e-008	8.7954e-008	8.7563e-008	8.7049e-008	8.388e-008	8.1219e-008	7.99e-008	7.6914e-008	7.5746e-008	7.3048e-008	7.204e-008	6.9872e-008	6.6955e-008	6.4855e-008	6.3048e-008	6.0889e-008	5.7785e-008	5.352e-008	5.1454e-008	4.944e-008	4.7629e-008	4.5076e-008	4.209e-008	3.9949e-008	3.7099e-008	3.3648e-008	3.1769e-008	3.0552e-008	2.8194e-008	2.6039e-008	2.3196e-008	2.0936e-008	1.8914e-008	1.6168e-008	1.4446e-008	1.2974e-008	1.0846e-008	9.0945e-009	7.5432e-009	6.8409e-009	6.4504e-009	5.9448e-009	5.8082e-009	6.0649e-009	5.8667e-009	5.4552e-009	5.3435e-009	5.2474e-009	5.2627e-009	5.7878e-009	6.2514e-009	6.5039e-009	6.3571e-009	7.4309e-009	8.8705e-009	1.1453e-008	1.3709e-008	1.7764e-008	2.2001e-008	2.6508e-008	3.3838e-008	4.3068e-008	5.1634e-008	5.7435e-008	5.925e-008	6.5483e-008	7.0752e-008	7.4348e-008	7.8554e-008	8.0748e-008	8.3847e-008	8.4864e-008	8.6682e-008	8.8494e-008	9.0145e-008	9.0693e-008	9.123e-008	9.148e-008	9.2474e-008	9.3442e-008	9.171e-008	8.9503e-008	8.7622e-008	8.5344e-008	8.3762e-008	8.229e-008	7.971e-008	7.7565e-008	7.5898e-008	7.4228e-008	7.1893e-008	7.0027e-008	6.7559e-008	6.5213e-008	6.3643e-008	6.1606e-008	5.8561e-008	5.5703e-008	5.2072e-008	4.9735e-008	4.7048e-008	4.467e-008	3.9966e-008	3.8795e-008	3.6873e-008	3.3471e-008	3.0875e-008	2.9154e-008	2.7193e-008	2.4096e-008	2.2468e-008	2.0122e-008	1.8114e-008	1.6201e-008	1.2756e-008	1.1267e-008	9.7264e-009	8.1428e-009	7.0073e-009	6.1384e-009	5.3354e-009	5.0623e-009	4.8647e-009	4.9471e-009	4.8014e-009	5.2644e-009	5.5247e-009	5.6495e-009	5.129e-009	4.65e-009	5.3457e-009	5.869e-009	6.673e-009	6.9396e-009	9.0514e-009	1.2272e-008	1.5106e-008	1.9742e-008	2.4958e-008	3.0664e-008	3.7507e-008	4.3388e-008	4.8488e-008	5.37e-008	5.9445e-008	6.4619e-008	6.9324e-008	7.3813e-008	7.8526e-008	8.2622e-008	8.5639e-008	8.9804e-008	9.1217e-008	9.2036e-008	9.2505e-008	9.2673e-008	9.2619e-008	9.2981e-008	9.2927e-008	9.2342e-008	9.085e-008	8.8325e-008	8.4431e-008	8.3011e-008	8.0762e-008	7.831e-008	7.7222e-008	7.598e-008	7.4872e-008	7.3041e-008	7.1422e-008	7.0078e-008	6.9057e-008	6.4278e-008	6.3092e-008	6.1156e-008	5.8912e-008	5.717e-008	5.5569e-008	5.4394e-008	5.2357e-008	4.9722e-008	4.7195e-008	4.5089e-008	4.2267e-008	3.8976e-008	3.6745e-008	3.4471e-008	3.2976e-008	2.9213e-008	2.8219e-008	2.7112e-008	2.3848e-008	2.1285e-008	1.9655e-008	1.7939e-008	1.4546e-008	1.3466e-008	1.1297e-008	9.3808e-009	7.6668e-009	6.6554e-009	6.0256e-009	6.0471e-009	5.4652e-009	5.0784e-009	5.4164e-009	5.0406e-009	5.1217e-009	5.9211e-009	6.3232e-009	7.6607e-009	9.1693e-009	1.0777e-008	1.2908e-008	1.6312e-008	1.8892e-008	2.3315e-008	2.6535e-008	3.1278e-008	3.7699e-008	4.3359e-008	5.1153e-008	6.0285e-008	6.6219e-008	6.9068e-008	7.2856e-008	7.7997e-008	8.301e-008	8.5969e-008	8.9486e-008	9.2954e-008	9.4089e-008	9.6439e-008	9.6836e-008	9.6083e-008	9.5239e-008	9.4157e-008	9.363e-008	9.2883e-008	9.3005e-008	9.2465e-008	9.0444e-008	8.7923e-008	8.6065e-008	8.3167e-008	8.1002e-008	7.989e-008	7.7542e-008	7.5512e-008	7.3386e-008	7.2945e-008	7.0691e-008	6.8964e-008	6.6894e-008	6.5187e-008	6.2769e-008	6.1166e-008	5.8377e-008	5.4943e-008	5.3143e-008	5.0878e-008	4.8142e-008	4.6105e-008	4.3737e-008	4.0972e-008	3.857e-008	3.6634e-008	3.3433e-008	3.0524e-008	2.7281e-008	2.5209e-008	2.2628e-008	2.0917e-008	1.8242e-008	1.5642e-008	1.393e-008	1.2492e-008	9.6491e-009	8.3914e-009	6.7356e-009	6.3206e-009	5.2877e-009	5.1291e-009	4.7363e-009	4.4599e-009	3.9053e-009	4.3663e-009	4.4538e-009	5.2042e-009	5.6791e-009	6.4243e-009	7.7685e-009	8.8188e-009	1.1339e-008	1.3525e-008	1.6482e-008	2.075e-008	2.5944e-008	3.1217e-008	3.5088e-008	3.882e-008	4.4642e-008	5.1295e-008	5.88e-008	6.4508e-008	6.6808e-008	7.2019e-008	7.5878e-008	7.9816e-008	8.389e-008	8.5942e-008	8.8761e-008	9.0431e-008	9.1295e-008	9.1297e-008	9.2023e-008
1.8571e-009	1.8668e-009	1.3943e-009	2.5745e-009	2.8231e-009	3.5066e-009	4.5572e-009	5.6493e-009	8.9821e-009	1.1591e-008	1.5196e-008	1.8962e-008	2.4221e-008	3.0346e-008	3.5365e-008	4.1535e-008	4.7306e-008	5.3188e-008	6.1764e-008	6.9842e-008	7.4264e-008	7.9469e-008	8.2531e-008	8.6033e-008	9.072e-008	9.2038e-008	9.2667e-008	9.342e-008	9.3773e-008	9.3244e-008	9.346e-008	9.3759e-008	9.335e-008	9.2065e-008	8.9943e-008	8.7594e-008	8.5886e-008	8.3853e-008	8.1881e-008	8.0185e-008	7.6319e-008	7.474e-008	7.2753e-008	7.0916e-008	6.9984e-008	6.9229e-008	6.6982e-008	6.5053e-008	6.217e-008	5.9407e-008	5.7203e-008	5.4782e-008	5.2064e-008	4.9939e-008	4.7564e-008	4.5225e-008	4.1959e-008	4.0749e-008	3.8893e-008	3.686e-008	3.2144e-008	3.0912e-008	2.9117e-008	2.7665e-008	2.5677e-008	2.2498e-008	2.02e-008	1.8168e-008	1.6735e-008	1.5156e-008	1.3638e-008	1.1905e-008	9.9698e-009	8.3319e-009	7.2613e-009	5.6361e-009	5.2061e-009	4.7408e-009	4.3338e-009	3.7788e-009	4.2183e-009	4.2087e-009	3.8163e-009	4.2323e-009	4.5162e-009	5.7575e-009	6.8018e-009	7.8367e-009	1.0087e-008	1.2788e-008	1.5396e-008	1.8593e-008	2.266e-008	2.738e-008	3.3604e-008	3.9996e-008	4.6678e-008	5.2288e-008	5.6274e-008	6.1886e-008	6.7401e-008	7.1691e-008	7.6969e-008	8.2471e-008	8.5959e-008	9.0498e-008	9.3067e-008	9.3782e-008	9.5429e-008	9.6122e-008	9.5386e-008	9.4669e-008	9.3803e-008	9.2214e-008	9.0969e-008	9.0251e-008	8.7798e-008	8.5318e-008	8.0908e-008	7.8002e-008	7.6265e-008	7.4634e-008	7.3312e-008	7.0782e-008	6.9401e-008	6.7083e-008	6.5656e-008	6.392e-008	6.1517e-008	5.8829e-008	5.7082e-008	5.3894e-008	5.1291e-008	4.9194e-008	4.5148e-008	4.2107e-008	3.9172e-008	3.6795e-008	3.47e-008	3.2719e-008	3.0745e-008	2.6057e-008	2.3981e-008	2.0244e-008	1.7675e-008	1.538e-008	1.2176e-008	1.1187e-008	8.7462e-009	7.5506e-009	6.2388e-009	4.9991e-009	4.7623e-009	4.7149e-009	4.1187e-009	3.9564e-009	4.2903e-009	4.5806e-009	4.8092e-009	4.7635e-009	4.7158e-009	4.6085e-009	4.4352e-009	4.965e-009	4.9952e-009	4.6768e-009	4.5993e-009	4.9651e-009	6.2818e-009	7.8663e-009	1.0332e-008	1.3459e-008	1.7764e-008	2.2609e-008	2.7071e-008	3.5886e-008	4.1782e-008	5.1809e-008	5.9272e-008	6.6032e-008	7.3341e-008	7.6366e-008	8.1116e-008	8.4788e-008	8.568e-008	8.7489e-008	8.8424e-008	9.025e-008	9.1452e-008	9.2528e-008	9.2793e-008	9.2615e-008	9.2222e-008	9.1539e-008	9.0308e-008	8.8787e-008	8.7647e-008	8.7431e-008	8.5745e-008	8.3827e-008	8.1109e-008	7.9831e-008	7.7941e-008	7.6612e-008	7.3093e-008	7.1485e-008	6.8857e-008	6.6681e-008	6.4576e-008	6.2554e-008	6.0366e-008	5.7554e-008	5.4431e-008	5.1489e-008	4.9473e-008	4.7476e-008	4.3849e-008	4.1238e-008	3.9723e-008	3.6303e-008	3.3059e-008	3.1939e-008	2.9638e-008	2.7286e-008	2.581e-008	2.3953e-008	2.1052e-008	1.8614e-008	1.6131e-008	1.4538e-008	1.2653e-008	1.1126e-008	9.7259e-009	7.8451e-009	6.9673e-009	6.7017e-009	6.2068e-009	6.0015e-009	6.1753e-009	6.2793e-009	5.8973e-009	5.5909e-009	6.2089e-009	6.0647e-009	6.4189e-009	6.5808e-009	6.8192e-009	7.2759e-009	7.6442e-009	9.4738e-009	1.1089e-008	1.5052e-008	1.7279e-008	2.1333e-008	2.7484e-008	3.5276e-008	4.354e-008	5.006e-008	5.5066e-008	5.9505e-008	6.3628e-008	7.0239e-008	7.3809e-008	7.72e-008	8.1102e-008	8.2979e-008	8.4669e-008	8.6763e-008	8.7883e-008	8.9821e-008	9.0566e-008	9.1159e-008	9.2268e-008	9.2783e-008	9.3876e-008	9.1819e-008	8.916e-008	8.7731e-008	8.5827e-008	8.4371e-008	8.2854e-008	7.9514e-008	7.735e-008	7.5444e-008	7.4388e-008	7.2889e-008	7.0518e-008	6.8236e-008	6.595e-008	6.2926e-008	6.0921e-008	5.7273e-008	5.5175e-008	5.2132e-008	4.9946e-008	4.7503e-008	4.4643e-008	4.0123e-008	3.7422e-008	3.5005e-008	3.3714e-008	3.1134e-008	3.0051e-008	2.775e-008	2.5528e-008	2.2507e-008	2.0484e-008	1.7699e-008	1.6065e-008	1.2352e-008	1.0963e-008	9.4525e-009	8.083e-009	7.0359e-009	6.3442e-009	5.9324e-009	5.5132e-009	5.379e-009	5.2133e-009	5.2661e-009	6.4899e-009	6.0091e-009	4.8007e-009	5.1277e-009	5.3335e-009	6.0464e-009	6.2691e-009	6.7841e-009	7.4596e-009	8.6848e-009	1.1481e-008	1.577e-008	1.941e-008	2.4614e-008	3.0953e-008	3.8565e-008	4.5401e-008	4.9665e-008	5.4643e-008	5.9149e-008	6.3709e-008	6.9278e-008	7.457e-008	7.772e-008	8.1931e-008	8.519e-008	8.7961e-008	9.1399e-008	9.2876e-008	9.2547e-008	9.2253e-008	9.1893e-008	9.1969e-008	9.1637e-008	9.1549e-008	9.0529e-008	8.9108e-008	8.5801e-008	8.3091e-008	8.0695e-008	7.8589e-008	7.7592e-008	7.6417e-008	7.4618e-008	7.3725e-008	7.2082e-008	7.0673e-008	6.581e-008	6.4731e-008	6.2752e-008	6.1516e-008	5.9558e-008	5.7943e-008	5.5987e-008	5.4768e-008	5.2633e-008	5.0284e-008	4.8166e-008	4.5308e-008	4.305e-008	4.0946e-008	3.8163e-008	3.5255e-008	3.3761e-008	3.1334e-008	2.8271e-008	2.7982e-008	2.4587e-008	2.2114e-008	1.9705e-008	1.9023e-008	1.6948e-008	1.4402e-008	1.2792e-008	1.0584e-008	8.1253e-009	7.3038e-009	6.7871e-009	5.9675e-009	5.6876e-009	5.5037e-009	5.9764e-009	5.9183e-009	6.0125e-009	6.2687e-009	6.7943e-009	7.9227e-009	9.914e-009	1.1431e-008	1.3982e-008	1.6074e-008	1.8328e-008	2.4282e-008	2.9043e-008	3.4117e-008	3.8017e-008	4.3345e-008	5.1295e-008	6.0194e-008	6.6283e-008	7.111e-008	7.4319e-008	7.8093e-008	8.2597e-008	8.7574e-008	8.9722e-008	9.2334e-008	9.3867e-008	9.5325e-008	9.5552e-008	9.517e-008	9.49e-008	9.4409e-008	9.4125e-008	9.2471e-008	9.2246e-008	9.0863e-008	8.8856e-008	8.7225e-008	8.6128e-008	8.4837e-008	8.1878e-008	7.9677e-008	7.7325e-008	7.5381e-008	7.3887e-008	7.3683e-008	7.0957e-008	6.911e-008	6.7837e-008	6.4821e-008	6.2879e-008	6.0143e-008	5.7905e-008	5.4886e-008	5.3154e-008	5.0911e-008	4.8993e-008	4.5003e-008	4.2132e-008	3.9921e-008	3.8314e-008	3.6314e-008	3.2481e-008	2.9723e-008	2.7319e-008	2.5474e-008	2.3318e-008	2.0865e-008	1.8757e-008	1.5862e-008	1.4205e-008	1.1928e-008	1.0126e-008	7.9621e-009	6.6337e-009	6.1122e-009	5.4391e-009	5.2664e-009	4.7398e-009	4.4378e-009	3.9626e-009	4.7813e-009	5.6417e-009	5.7298e-009	6.1471e-009	7.1607e-009	8.2748e-009	9.4012e-009	1.1487e-008	1.4043e-008	1.6486e-008	2.1912e-008	2.4894e-008	3.0777e-008	3.5728e-008	4.0903e-008	4.5276e-008	5.1983e-008	5.8725e-008	6.4118e-008	6.7588e-008	7.3269e-008	7.5815e-008	7.8557e-008	8.3716e-008	8.5665e-008	8.9344e-008	9.0259e-008	9.0578e-008	9.1207e-008	9.1627e-008
2.1031e-009	2.4814e-009	2.3832e-009	2.6045e-009	2.9958e-009	3.9103e-009	5.2029e-009	6.8798e-009	9.1904e-009	1.2265e-008	1.4541e-008	1.9567e-008	2.5995e-008	3.1194e-008	3.6208e-008	4.2153e-008	4.8675e-008	5.4426e-008	6.1205e-008	6.9074e-008	7.5351e-008	7.8998e-008	8.2908e-008	8.7989e-008	9.1224e-008	9.2636e-008	9.3519e-008	9.3864e-008	9.3586e-008	9.3917e-008	9.384e-008	9.4033e-008	9.3716e-008	9.2445e-008	9.0531e-008	8.8703e-008	8.7453e-008	8.3991e-008	8.217e-008	7.9881e-008	7.748e-008	7.5028e-008	7.2874e-008	7.1427e-008	7.0569e-008	6.9353e-008	6.7723e-008	6.5423e-008	6.0929e-008	5.9154e-008	5.7836e-008	5.4499e-008	5.3105e-008	4.9267e-008	4.6528e-008	4.4808e-008	4.2699e-008	4.0747e-008	3.9144e-008	3.5412e-008	3.1847e-008	3.1362e-008	2.9812e-008	2.7542e-008	2.4596e-008	2.2491e-008	2.1164e-008	1.8865e-008	1.6709e-008	1.5557e-008	1.3504e-008	1.1069e-008	9.9664e-009	8.5396e-009	7.5605e-009	6.1158e-009	5.1284e-009	4.6484e-009	4.382e-009	4.1448e-009	4.1463e-009	4.2339e-009	4.1434e-009	4.4692e-009	4.779e-009	5.3816e-009	6.5842e-009	7.8963e-009	9.455e-009	1.2274e-008	1.575e-008	1.7384e-008	2.19e-008	2.7945e-008	3.4028e-008	3.9927e-008	4.6941e-008	5.2336e-008	5.7546e-008	6.3901e-008	6.6848e-008	7.2129e-008	7.7332e-008	8.2748e-008	8.6809e-008	9.0381e-008	9.1822e-008	9.5325e-008	9.5766e-008	9.6401e-008	9.5788e-008	9.4899e-008	9.3808e-008	9.2368e-008	9.1414e-008	8.9971e-008	8.8214e-008	8.4625e-008	8.0487e-008	7.8373e-008	7.6297e-008	7.4535e-008	7.3394e-008	7.1005e-008	6.9466e-008	6.7473e-008	6.5447e-008	6.3819e-008	6.1025e-008	5.9176e-008	5.6332e-008	5.393e-008	5.0973e-008	4.9314e-008	4.6423e-008	4.296e-008	3.9809e-008	3.7949e-008	3.5533e-008	3.1882e-008	2.8943e-008	2.5448e-008	2.4658e-008	2.0874e-008	1.7941e-008	1.6092e-008	1.4044e-008	1.1784e-008	9.5505e-009	8.6276e-009	6.5356e-009	5.5498e-009	5.6648e-009	5.127e-009	4.7402e-009	4.6687e-009	4.5101e-009	4.8377e-009	4.7662e-009	4.7629e-009	4.5709e-009	4.0125e-009	4.2786e-009	4.5231e-009	4.1566e-009	4.3805e-009	4.7402e-009	5.4156e-009	6.7082e-009	7.3757e-009	1.0125e-008	1.2136e-008	1.5535e-008	2.1716e-008	2.8786e-008	3.5121e-008	4.1813e-008	5.0966e-008	5.9304e-008	6.5248e-008	7.1778e-008	7.5102e-008	7.8601e-008	8.3825e-008	8.5303e-008	8.6943e-008	8.7748e-008	8.9272e-008	9.097e-008	9.2157e-008	9.2346e-008	9.2176e-008	9.239e-008	9.1882e-008	8.9649e-008	8.8437e-008	8.7096e-008	8.61e-008	8.4402e-008	8.3156e-008	8.1051e-008	7.9309e-008	7.7442e-008	7.6299e-008	7.3769e-008	7.1634e-008	7.0403e-008	6.6227e-008	6.4357e-008	6.2669e-008	6.015e-008	5.7169e-008	5.407e-008	5.2379e-008	4.9648e-008	4.7098e-008	4.4122e-008	4.0799e-008	3.8777e-008	3.5798e-008	3.3896e-008	3.132e-008	2.9344e-008	2.7026e-008	2.4815e-008	2.3093e-008	2.0214e-008	1.7761e-008	1.6382e-008	1.4e-008	1.2192e-008	1.052e-008	8.4115e-009	7.2443e-009	6.3978e-009	6.4505e-009	6.2663e-009	5.7464e-009	5.6199e-009	6.077e-009	5.5878e-009	5.228e-009	6.074e-009	6.1753e-009	6.3693e-009	6.9744e-009	6.8609e-009	7.2996e-009	7.7595e-009	9.479e-009	1.1189e-008	1.4761e-008	1.8042e-008	2.0858e-008	2.805e-008	3.7517e-008	4.3823e-008	4.9831e-008	5.4129e-008	6.0368e-008	6.3474e-008	6.8147e-008	7.2297e-008	7.7045e-008	7.9926e-008	8.3226e-008	8.5008e-008	8.6412e-008	8.8058e-008	8.9237e-008	9.0475e-008	9.1348e-008	9.2055e-008	9.3188e-008	9.3184e-008	9.1439e-008	9.0281e-008	8.8198e-008	8.5619e-008	8.2801e-008	8.154e-008	7.9089e-008	7.7249e-008	7.5692e-008	7.3852e-008	7.2716e-008	7.0971e-008	6.8475e-008	6.5502e-008	6.2753e-008	6.0814e-008	5.8104e-008	5.5569e-008	5.2675e-008	4.9575e-008	4.6902e-008	4.3557e-008	3.9241e-008	3.7863e-008	3.6614e-008	3.4164e-008	3.2035e-008	2.9558e-008	2.7469e-008	2.5032e-008	2.1943e-008	1.9244e-008	1.7842e-008	1.6465e-008	1.2114e-008	9.9402e-009	8.5501e-009	7.2234e-009	6.4329e-009	6.1094e-009	5.8913e-009	5.3771e-009	5.4162e-009	5.242e-009	5.4559e-009	6.2325e-009	5.289e-009	4.8421e-009	4.9742e-009	5.0177e-009	5.8185e-009	6.4503e-009	6.8212e-009	7.2824e-009	9.0357e-009	1.2172e-008	1.5306e-008	1.9335e-008	2.5257e-008	3.1165e-008	3.75e-008	4.3075e-008	5.0392e-008	5.3609e-008	5.9319e-008	6.3917e-008	7.0069e-008	7.4205e-008	7.8171e-008	8.2145e-008	8.4712e-008	8.68e-008	9.1124e-008	9.3002e-008	9.2081e-008	9.1329e-008	9.1064e-008	9.0936e-008	9.0852e-008	9.0558e-008	8.9233e-008	8.6855e-008	8.4544e-008	8.2673e-008	8.0725e-008	7.892e-008	7.7219e-008	7.6419e-008	7.4851e-008	7.3525e-008	7.175e-008	6.9218e-008	6.6639e-008	6.5001e-008	6.1853e-008	6.0797e-008	5.9557e-008	5.7216e-008	5.6121e-008	5.3323e-008	5.179e-008	4.9533e-008	4.7228e-008	4.5292e-008	4.2351e-008	4.045e-008	3.7608e-008	3.5683e-008	3.3315e-008	3.1799e-008	2.9495e-008	2.8355e-008	2.2962e-008	2.1655e-008	2.0519e-008	1.8656e-008	1.6946e-008	1.4861e-008	1.2659e-008	1.0608e-008	8.8993e-009	7.526e-009	6.5248e-009	5.8084e-009	5.7621e-009	5.6393e-009	5.4489e-009	5.522e-009	5.7026e-009	5.5939e-009	6.2796e-009	7.4357e-009	9.4735e-009	1.154e-008	1.3355e-008	1.6992e-008	1.8882e-008	2.5096e-008	2.94e-008	3.4202e-008	3.8163e-008	4.2443e-008	4.977e-008	5.8707e-008	6.6777e-008	7.1232e-008	7.4128e-008	7.6949e-008	8.2256e-008	8.6431e-008	8.9878e-008	9.1816e-008	9.2576e-008	9.3565e-008	9.4599e-008	9.4426e-008	9.3807e-008	9.3443e-008	9.1881e-008	9.1584e-008	9.0723e-008	8.9832e-008	8.858e-008	8.6089e-008	8.4056e-008	8.2877e-008	8.1776e-008	8.0452e-008	7.6063e-008	7.5054e-008	7.3899e-008	7.3429e-008	7.1108e-008	6.8148e-008	6.6622e-008	6.3709e-008	6.1791e-008	6.0363e-008	5.67e-008	5.4711e-008	5.2381e-008	5.0813e-008	4.8395e-008	4.5439e-008	4.2324e-008	3.941e-008	3.7422e-008	3.4302e-008	3.1088e-008	2.9466e-008	2.6901e-008	2.4443e-008	2.2613e-008	2.0278e-008	1.8123e-008	1.4629e-008	1.2606e-008	1.1018e-008	8.9357e-009	7.1744e-009	6.0653e-009	5.3857e-009	4.6434e-009	4.1582e-009	4.109e-009	4.7506e-009	4.9731e-009	5.0072e-009	5.5753e-009	5.7529e-009	5.9776e-009	6.5997e-009	7.6998e-009	1.0156e-008	1.2149e-008	1.4656e-008	1.7403e-008	2.1203e-008	2.5599e-008	3.0545e-008	3.6194e-008	4.0456e-008	4.4294e-008	5.059e-008	5.7842e-008	6.2829e-008	6.8306e-008	7.2593e-008	7.6972e-008	7.9552e-008	8.2609e-008	8.4193e-008	8.7802e-008	8.9206e-008	8.9588e-008	9.0215e-008	9.0262e-008
2.247e-009	2.6314e-009	2.5886e-009	2.6339e-009	3.3546e-009	3.5713e-009	5.3923e-009	6.9843e-009	9.6097e-009	1.1437e-008	1.462e-008	2.045e-008	2.5939e-008	3.087e-008	3.6665e-008	4.2182e-008	4.7642e-008	5.5147e-008	6.1616e-008	6.7078e-008	7.4291e-008	7.915e-008	8.2779e-008	8.6528e-008	9.1048e-008	9.2729e-008	9.3463e-008	9.3826e-008	9.4722e-008	9.5388e-008	9.4876e-008	9.408e-008	9.4487e-008	9.2424e-008	9.146e-008	8.955e-008	8.8403e-008	8.5323e-008	8.2487e-008	8.0596e-008	7.738e-008	7.469e-008	7.2717e-008	7.1167e-008	6.9976e-008	6.9357e-008	6.8217e-008	6.2398e-008	6.0947e-008	5.9358e-008	5.8131e-008	5.4716e-008	5.2999e-008	5.0769e-008	4.6776e-008	4.5454e-008	4.3625e-008	4.0295e-008	3.8692e-008	3.5988e-008	3.3277e-008	3.0602e-008	2.9759e-008	2.8421e-008	2.6093e-008	2.3748e-008	2.1314e-008	1.7935e-008	1.6394e-008	1.5118e-008	1.4131e-008	1.206e-008	9.9779e-009	8.168e-009	7.0324e-009	6.5104e-009	5.5325e-009	5.3098e-009	4.6492e-009	4.5509e-009	3.9293e-009	4.0246e-009	4.0949e-009	4.6489e-009	4.5545e-009	5.6087e-009	6.7962e-009	8.0049e-009	9.5595e-009	1.2353e-008	1.5703e-008	1.9018e-008	2.3798e-008	2.9271e-008	3.4102e-008	4.1072e-008	4.698e-008	5.3543e-008	5.8686e-008	6.4068e-008	6.9973e-008	7.2104e-008	7.7893e-008	8.2579e-008	8.6578e-008	8.8852e-008	9.3609e-008	9.733e-008	9.7331e-008	9.643e-008	9.606e-008	9.5601e-008	9.4449e-008	9.2891e-008	9.2212e-008	9.1414e-008	8.7364e-008	8.477e-008	8.17e-008	7.8292e-008	7.6183e-008	7.4722e-008	7.3851e-008	7.2674e-008	7.0054e-008	6.7307e-008	6.6405e-008	6.3883e-008	6.0851e-008	5.9405e-008	5.6965e-008	5.4152e-008	5.1844e-008	4.9828e-008	4.5348e-008	4.2866e-008	4.0785e-008	3.8053e-008	3.5796e-008	3.2307e-008	2.9324e-008	2.6907e-008	2.4687e-008	2.1366e-008	1.862e-008	1.6205e-008	1.4633e-008	1.2566e-008	1.1653e-008	9.5835e-009	7.2996e-009	6.6802e-009	6.1761e-009	5.4893e-009	5.3413e-009	5.0198e-009	5.0877e-009	5.1154e-009	4.8688e-009	4.8097e-009	4.9761e-009	4.5053e-009	4.5421e-009	4.5116e-009	4.4437e-009	4.6882e-009	5.1694e-009	5.6494e-009	6.4938e-009	7.7506e-009	1.0117e-008	1.3293e-008	1.7527e-008	2.2702e-008	2.8977e-008	3.6134e-008	4.3247e-008	5.0896e-008	5.8635e-008	6.5972e-008	6.9346e-008	7.4659e-008	7.7345e-008	8.246e-008	8.4477e-008	8.6522e-008	8.7786e-008	8.9264e-008	9.0713e-008	9.178e-008	9.2299e-008	9.2198e-008	9.2505e-008	9.194e-008	8.9559e-008	8.7664e-008	8.7165e-008	8.5676e-008	8.4655e-008	8.3491e-008	8.161e-008	7.9907e-008	7.7327e-008	7.5208e-008	7.2679e-008	7.1728e-008	7.024e-008	6.7172e-008	6.5108e-008	6.3563e-008	6.0792e-008	5.6701e-008	5.5081e-008	5.1989e-008	4.8888e-008	4.7606e-008	4.3735e-008	4.1568e-008	3.8731e-008	3.6759e-008	3.3247e-008	3.1338e-008	3.0056e-008	2.6808e-008	2.4009e-008	2.2778e-008	2.0252e-008	1.8087e-008	1.5493e-008	1.3925e-008	1.1836e-008	9.695e-009	8.2033e-009	6.8002e-009	6.058e-009	6.2456e-009	6.0966e-009	5.9303e-009	5.9103e-009	6.0762e-009	5.6986e-009	5.4707e-009	6.2555e-009	6.2518e-009	6.729e-009	7.7204e-009	7.4254e-009	8.029e-009	8.3693e-009	9.9131e-009	1.1794e-008	1.5444e-008	1.8462e-008	2.3054e-008	2.9141e-008	3.6487e-008	4.2668e-008	4.8512e-008	5.5171e-008	6.0329e-008	6.4236e-008	6.903e-008	7.257e-008	7.7266e-008	7.933e-008	8.3519e-008	8.5816e-008	8.696e-008	8.8602e-008	8.957e-008	9.0919e-008	9.1528e-008	9.1988e-008	9.2462e-008	9.209e-008	9.168e-008	9.0433e-008	8.9133e-008	8.5727e-008	8.2648e-008	8.1145e-008	7.8315e-008	7.6808e-008	7.6379e-008	7.4725e-008	7.2762e-008	7.1254e-008	6.8915e-008	6.5811e-008	6.3534e-008	6.0137e-008	5.8128e-008	5.5041e-008	5.2878e-008	4.9445e-008	4.7515e-008	4.0621e-008	3.9965e-008	3.8815e-008	3.6649e-008	3.5122e-008	3.3254e-008	3.042e-008	2.6939e-008	2.4652e-008	2.2316e-008	2.0319e-008	1.8283e-008	1.5701e-008	1.2057e-008	1.0429e-008	8.7398e-009	7.5462e-009	6.8078e-009	5.8823e-009	5.9034e-009	5.6788e-009	5.3245e-009	5.2345e-009	5.322e-009	5.1092e-009	5.1131e-009	5.3051e-009	5.339e-009	5.5592e-009	6.118e-009	6.6858e-009	7.3075e-009	7.866e-009	9.5105e-009	1.2796e-008	1.6372e-008	2.0367e-008	2.5866e-008	3.1316e-008	3.7277e-008	4.2277e-008	4.9775e-008	5.449e-008	5.9716e-008	6.3061e-008	6.991e-008	7.5585e-008	8.0047e-008	8.2594e-008	8.4943e-008	8.6036e-008	9.0037e-008	9.1917e-008	9.1433e-008	9.1262e-008	9.0776e-008	9.0894e-008	9.1237e-008	9.0229e-008	8.9346e-008	8.6659e-008	8.5304e-008	8.2872e-008	8.128e-008	7.9164e-008	7.7569e-008	7.6422e-008	7.4543e-008	7.3035e-008	7.1319e-008	6.9981e-008	6.637e-008	6.5055e-008	6.3018e-008	6.1741e-008	5.9024e-008	5.6754e-008	5.488e-008	5.3702e-008	5.2449e-008	5.0752e-008	4.7672e-008	4.5425e-008	4.3219e-008	4.0812e-008	3.8057e-008	3.6327e-008	3.404e-008	3.1985e-008	3.0612e-008	2.9114e-008	2.6789e-008	2.2954e-008	2.1165e-008	1.9774e-008	1.7804e-008	1.5389e-008	1.3805e-008	1.0493e-008	9.9486e-009	7.7908e-009	7.0814e-009	6.4046e-009	5.9704e-009	5.5565e-009	5.6411e-009	5.0937e-009	5.2415e-009	5.7323e-009	6.8185e-009	8.3367e-009	9.4779e-009	1.2174e-008	1.4267e-008	1.7629e-008	2.0832e-008	2.5829e-008	2.9668e-008	3.4488e-008	3.8229e-008	4.3772e-008	4.8794e-008	5.5226e-008	6.2145e-008	6.9633e-008	7.4428e-008	7.7749e-008	8.2637e-008	8.7883e-008	8.9613e-008	9.0773e-008	9.1834e-008	9.2675e-008	9.4466e-008	9.4572e-008	9.4295e-008	9.36e-008	9.2471e-008	9.1691e-008	9.1148e-008	9.0263e-008	8.8679e-008	8.6284e-008	8.4208e-008	8.3468e-008	8.2857e-008	7.917e-008	7.6444e-008	7.5828e-008	7.4771e-008	7.3619e-008	7.1333e-008	6.8991e-008	6.5983e-008	6.3386e-008	6.1996e-008	6.0211e-008	5.6592e-008	5.486e-008	5.2539e-008	5.0794e-008	4.896e-008	4.4545e-008	4.181e-008	3.9604e-008	3.7703e-008	3.4438e-008	3.2188e-008	2.9819e-008	2.6797e-008	2.4837e-008	2.2301e-008	1.9758e-008	1.748e-008	1.4518e-008	1.2603e-008	1.0291e-008	8.5268e-009	7.1266e-009	6.1992e-009	5.3744e-009	4.5681e-009	4.7189e-009	4.9812e-009	5.4526e-009	5.734e-009	5.7575e-009	5.8411e-009	6.0603e-009	6.3845e-009	6.9431e-009	8.1606e-009	9.927e-009	1.3316e-008	1.5849e-008	1.8489e-008	2.2556e-008	2.6835e-008	3.1831e-008	3.6313e-008	4.1451e-008	4.655e-008	5.2061e-008	5.8071e-008	6.4167e-008	6.8298e-008	7.4035e-008	7.7542e-008	7.8915e-008	8.229e-008	8.5258e-008	8.7544e-008	8.8797e-008	8.9683e-008	9.0568e-008	9.0413e-008
2.6062e-009	2.6699e-009	2.7998e-009	3.1644e-009	3.2686e-009	3.9517e-009	5.2859e-009	6.4309e-009	9.1426e-009	1.1246e-008	1.5005e-008	1.8481e-008	2.5783e-008	3.226e-008	3.7177e-008	4.3016e-008	4.8017e-008	5.5371e-008	6.2964e-008	7.0548e-008	7.6439e-008	8.0865e-008	8.351e-008	8.6317e-008	8.9517e-008	9.2153e-008	9.315e-008	9.397e-008	9.5668e-008	9.6685e-008	9.5654e-008	9.4914e-008	9.505e-008	9.4094e-008	9.2995e-008	9.0022e-008	8.8426e-008	8.5473e-008	8.2951e-008	7.9686e-008	7.7597e-008	7.5198e-008	7.3121e-008	7.186e-008	7.0586e-008	6.8933e-008	6.6445e-008	6.2629e-008	6.0107e-008	5.9831e-008	5.7971e-008	5.34e-008	5.2872e-008	4.9913e-008	4.7327e-008	4.5342e-008	4.4072e-008	4.1027e-008	3.9086e-008	3.6771e-008	3.4829e-008	3.1623e-008	3.0573e-008	2.9062e-008	2.7129e-008	2.4182e-008	2.1331e-008	1.903e-008	1.7165e-008	1.5376e-008	1.3959e-008	1.1627e-008	1.0177e-008	8.6753e-009	7.1987e-009	6.4544e-009	5.7775e-009	5.2406e-009	4.7847e-009	4.877e-009	4.8712e-009	4.2176e-009	4.7369e-009	4.84e-009	5.2202e-009	5.3122e-009	6.3148e-009	7.8446e-009	9.5805e-009	1.269e-008	1.5151e-008	1.9748e-008	2.4501e-008	3.1375e-008	3.6611e-008	4.1312e-008	4.7757e-008	5.4383e-008	6.197e-008	6.6999e-008	7.1637e-008	7.4181e-008	7.9924e-008	8.3813e-008	8.6955e-008	9.0389e-008	9.63e-008	9.7335e-008	9.7366e-008	9.6531e-008	9.6538e-008	9.5922e-008	9.4926e-008	9.3425e-008	9.2364e-008	9.0332e-008	8.8106e-008	8.4678e-008	8.1063e-008	7.9543e-008	7.7573e-008	7.5561e-008	7.4282e-008	7.3116e-008	7.2238e-008	6.8564e-008	6.689e-008	6.2834e-008	6.0504e-008	5.8855e-008	5.6515e-008	5.4432e-008	5.1878e-008	4.9862e-008	4.7391e-008	4.2822e-008	4.1821e-008	3.7656e-008	3.5041e-008	3.2366e-008	2.9509e-008	2.701e-008	2.3713e-008	2.1759e-008	1.99e-008	1.7202e-008	1.4746e-008	1.3463e-008	1.2177e-008	9.9546e-009	8.9125e-009	7.9173e-009	6.4798e-009	5.7728e-009	5.2912e-009	5.1263e-009	4.9992e-009	5.1771e-009	4.9904e-009	4.6888e-009	5.2128e-009	5.1351e-009	4.5447e-009	4.1555e-009	4.9222e-009	4.8923e-009	5.4333e-009	5.3425e-009	6.07e-009	7.2397e-009	9.5471e-009	1.2931e-008	1.7991e-008	2.3154e-008	3.0974e-008	3.7452e-008	4.4475e-008	5.1854e-008	5.8902e-008	6.3269e-008	6.8893e-008	7.2621e-008	7.6041e-008	7.9681e-008	8.2614e-008	8.5834e-008	8.7306e-008	8.9019e-008	9.0388e-008	9.1621e-008	9.1653e-008	9.2009e-008	9.2566e-008	9.179e-008	8.9541e-008	8.8061e-008	8.7097e-008	8.5528e-008	8.4674e-008	8.3557e-008	8.1499e-008	7.9893e-008	7.7954e-008	7.5503e-008	7.3483e-008	7.1529e-008	7.0076e-008	6.8728e-008	6.6153e-008	6.284e-008	6.0965e-008	5.8376e-008	5.5983e-008	5.3123e-008	5.0215e-008	4.7958e-008	4.3513e-008	4.1773e-008	3.9588e-008	3.5675e-008	3.3364e-008	3.043e-008	2.9021e-008	2.6542e-008	2.2938e-008	2.132e-008	1.9436e-008	1.7574e-008	1.5338e-008	1.3336e-008	1.1214e-008	9.2477e-009	7.5964e-009	6.6694e-009	6.0982e-009	6.132e-009	6.1881e-009	5.7882e-009	6.087e-009	5.8258e-009	5.5782e-009	5.7925e-009	6.4259e-009	6.0208e-009	6.9505e-009	7.5023e-009	7.6031e-009	7.9623e-009	8.6224e-009	9.9825e-009	1.2425e-008	1.4318e-008	1.8292e-008	2.2167e-008	2.8955e-008	3.6616e-008	4.362e-008	4.8762e-008	5.3603e-008	5.9156e-008	6.4759e-008	6.8476e-008	7.2067e-008	7.6135e-008	7.9793e-008	8.3289e-008	8.4972e-008	8.7745e-008	8.9156e-008	8.9713e-008	9.0569e-008	9.1156e-008	9.1409e-008	9.1099e-008	9.1312e-008	9.1049e-008	8.9966e-008	8.8234e-008	8.5537e-008	8.3426e-008	8.1136e-008	7.8662e-008	7.7746e-008	7.6595e-008	7.3972e-008	7.2551e-008	7.0789e-008	6.7294e-008	6.5202e-008	6.3043e-008	6.0144e-008	5.7706e-008	5.5037e-008	5.2532e-008	4.951e-008	4.7046e-008	4.4918e-008	4.0046e-008	3.9185e-008	3.6529e-008	3.5352e-008	3.279e-008	2.9955e-008	2.5932e-008	2.4189e-008	2.2025e-008	2.014e-008	1.7494e-008	1.3986e-008	1.2255e-008	1.0016e-008	8.3795e-009	7.1362e-009	6.3683e-009	5.4243e-009	5.9403e-009	5.827e-009	5.3777e-009	5.3681e-009	5.1812e-009	5.0998e-009	5.6319e-009	5.6198e-009	5.4636e-009	5.5448e-009	6.2106e-009	7.0945e-009	7.2358e-009	8.1406e-009	9.105e-009	1.3113e-008	1.5612e-008	2.0862e-008	2.4744e-008	3.1304e-008	3.6771e-008	4.2417e-008	4.9332e-008	5.4627e-008	6.0897e-008	6.5614e-008	7.2143e-008	7.6436e-008	8.0546e-008	8.3742e-008	8.4962e-008	8.7126e-008	8.8311e-008	8.9292e-008	9.0455e-008	9.0395e-008	9.0678e-008	9.0887e-008	9.0832e-008	9.02e-008	8.921e-008	8.7111e-008	8.5509e-008	8.3213e-008	8.0735e-008	7.8504e-008	7.7047e-008	7.5764e-008	7.484e-008	7.3033e-008	7.177e-008	7.0323e-008	6.754e-008	6.4487e-008	6.3428e-008	6.1343e-008	5.8921e-008	5.6207e-008	5.4676e-008	5.3634e-008	5.2552e-008	5.0982e-008	4.7885e-008	4.5286e-008	4.2699e-008	4.1263e-008	3.8991e-008	3.687e-008	3.4415e-008	3.2464e-008	3.0988e-008	2.892e-008	2.7209e-008	2.3441e-008	2.1909e-008	1.9563e-008	1.7563e-008	1.5357e-008	1.3606e-008	1.1424e-008	9.8715e-009	8.3551e-009	7.0488e-009	6.1576e-009	5.7048e-009	5.6715e-009	5.6035e-009	5.4147e-009	5.6272e-009	6.272e-009	7.1584e-009	9.0577e-009	1.0791e-008	1.2275e-008	1.5385e-008	1.7428e-008	2.1493e-008	2.528e-008	2.9297e-008	3.4668e-008	3.8443e-008	4.4663e-008	4.9666e-008	5.5287e-008	6.3228e-008	6.9505e-008	7.52e-008	7.9026e-008	8.2653e-008	8.7398e-008	8.9046e-008	9.0699e-008	9.1524e-008	9.2646e-008	9.3585e-008	9.3961e-008	9.4002e-008	9.3655e-008	9.2772e-008	9.207e-008	9.1272e-008	9.0672e-008	8.9832e-008	8.713e-008	8.4431e-008	8.4053e-008	8.2671e-008	8.0878e-008	7.8262e-008	7.6599e-008	7.4259e-008	7.2789e-008	7.0522e-008	6.7377e-008	6.6532e-008	6.3953e-008	6.1344e-008	5.8757e-008	5.6811e-008	5.4726e-008	5.2164e-008	5.0763e-008	4.8978e-008	4.6503e-008	4.2959e-008	3.8458e-008	3.7328e-008	3.4816e-008	3.1775e-008	2.9762e-008	2.6981e-008	2.5089e-008	2.2028e-008	1.9253e-008	1.7266e-008	1.4581e-008	1.1931e-008	1.033e-008	8.4782e-009	6.7519e-009	5.8398e-009	5.3031e-009	5.2529e-009	5.0584e-009	5.4983e-009	5.4202e-009	5.585e-009	5.5997e-009	6.0917e-009	5.9249e-009	6.1687e-009	6.7456e-009	8.4719e-009	9.9931e-009	1.3032e-008	1.653e-008	1.9833e-008	2.2721e-008	2.5927e-008	3.1398e-008	3.6913e-008	4.2319e-008	4.6379e-008	5.2751e-008	5.8457e-008	6.3671e-008	6.7814e-008	7.3188e-008	7.5439e-008	7.9244e-008	8.3014e-008	8.4907e-008	8.6992e-008	8.8087e-008	8.9101e-008	9.0278e-008	9.0094e-008
2.3818e-009	2.4579e-009	2.4101e-009	2.7509e-009	3.2054e-009	3.9951e-009	5.3445e-009	7.0635e-009	9.202e-009	1.1275e-008	1.5454e-008	1.7701e-008	2.5645e-008	3.1577e-008	3.7021e-008	4.2648e-008	4.904e-008	5.6752e-008	6.3145e-008	7.1735e-008	7.7688e-008	8.1167e-008	8.2775e-008	8.6558e-008	8.9278e-008	9.1224e-008	9.2706e-008	9.5156e-008	9.6188e-008	9.704e-008	9.6702e-008	9.5098e-008	9.482e-008	9.4518e-008	9.359e-008	9.1082e-008	8.7869e-008	8.5868e-008	8.1465e-008	7.9731e-008	7.706e-008	7.4957e-008	7.3434e-008	7.234e-008	7.0799e-008	6.7317e-008	6.6359e-008	6.3483e-008	6.0884e-008	6.0254e-008	5.9533e-008	5.6203e-008	5.2864e-008	5.0699e-008	4.7665e-008	4.556e-008	4.4086e-008	4.035e-008	3.8556e-008	3.6373e-008	3.4442e-008	3.2331e-008	3.0631e-008	2.8611e-008	2.5985e-008	2.4062e-008	2.1857e-008	1.931e-008	1.7629e-008	1.5784e-008	1.3819e-008	1.1525e-008	9.5686e-009	7.8185e-009	6.4404e-009	6.4194e-009	5.7773e-009	5.2605e-009	4.7762e-009	4.9871e-009	4.9213e-009	4.7964e-009	4.6986e-009	5.0607e-009	5.1728e-009	5.7582e-009	6.4757e-009	8.3778e-009	9.4797e-009	1.2376e-008	1.3697e-008	1.9668e-008	2.5082e-008	3.1046e-008	3.6286e-008	4.2896e-008	4.8871e-008	5.5479e-008	6.2665e-008	6.9498e-008	7.393e-008	7.8271e-008	8.1598e-008	8.5863e-008	8.9349e-008	9.4469e-008	9.5836e-008	9.7018e-008	9.6928e-008	9.729e-008	9.714e-008	9.5654e-008	9.4302e-008	9.3291e-008	9.1919e-008	9.0366e-008	8.8107e-008	8.469e-008	8.2057e-008	8.0313e-008	7.8005e-008	7.6646e-008	7.467e-008	7.4248e-008	7.2663e-008	6.8809e-008	6.6541e-008	6.4679e-008	6.13e-008	5.9239e-008	5.6908e-008	5.4522e-008	5.1736e-008	4.9973e-008	4.7354e-008	4.4403e-008	4.0398e-008	3.6084e-008	3.4949e-008	3.3042e-008	2.9077e-008	2.646e-008	2.4562e-008	2.244e-008	2.0505e-008	1.8899e-008	1.502e-008	1.4321e-008	1.2406e-008	1.0927e-008	9.4109e-009	7.3481e-009	6.1859e-009	5.6925e-009	5.1194e-009	5.1186e-009	4.9262e-009	4.9683e-009	4.8311e-009	4.3812e-009	4.613e-009	5.1256e-009	4.3433e-009	4.7233e-009	5.1056e-009	5.2949e-009	5.288e-009	5.4865e-009	6.3486e-009	7.0233e-009	9.6986e-009	1.3029e-008	1.9032e-008	2.4731e-008	3.1957e-008	3.775e-008	4.3953e-008	5.0791e-008	5.7917e-008	6.2252e-008	6.7136e-008	7.0035e-008	7.5336e-008	7.8737e-008	8.1842e-008	8.5933e-008	8.7519e-008	8.9347e-008	9.0522e-008	9.1006e-008	9.1427e-008	9.2629e-008	9.3644e-008	9.3165e-008	9.124e-008	8.9108e-008	8.7125e-008	8.5851e-008	8.4324e-008	8.281e-008	8.1814e-008	8.0369e-008	7.8168e-008	7.6672e-008	7.372e-008	7.1252e-008	6.9597e-008	6.8445e-008	6.6558e-008	6.2125e-008	6.077e-008	5.8076e-008	5.6467e-008	5.3458e-008	5.084e-008	4.6928e-008	4.3869e-008	4.2027e-008	3.9805e-008	3.5531e-008	3.322e-008	3.055e-008	2.8886e-008	2.6743e-008	2.3232e-008	2.1976e-008	1.9427e-008	1.7009e-008	1.4615e-008	1.3038e-008	1.0299e-008	8.9293e-009	7.528e-009	6.4222e-009	6.1486e-009	6.3051e-009	6.4669e-009	6.1814e-009	5.8721e-009	5.7226e-009	5.9999e-009	5.8428e-009	6.5978e-009	6.0369e-009	6.3518e-009	7.1093e-009	7.7529e-009	7.6751e-009	8.6149e-009	1.0793e-008	1.1629e-008	1.6368e-008	1.8696e-008	2.3224e-008	3.0005e-008	3.7149e-008	4.4375e-008	4.9249e-008	5.3448e-008	5.7774e-008	6.3991e-008	6.8723e-008	7.2093e-008	7.6405e-008	7.9271e-008	8.3118e-008	8.5667e-008	8.81e-008	8.8981e-008	9.0063e-008	9.0642e-008	9.0982e-008	9.0902e-008	9.0602e-008	9.0483e-008	9.0008e-008	8.9279e-008	8.7336e-008	8.591e-008	8.3291e-008	8.0078e-008	7.8355e-008	7.7445e-008	7.6402e-008	7.4632e-008	7.3277e-008	7.0285e-008	6.7449e-008	6.4565e-008	6.2438e-008	6.0371e-008	5.7759e-008	5.547e-008	5.2552e-008	4.8616e-008	4.595e-008	4.3968e-008	4.0922e-008	3.852e-008	3.6748e-008	3.5325e-008	3.1234e-008	2.9345e-008	2.5886e-008	2.3941e-008	2.1507e-008	1.9501e-008	1.7323e-008	1.4482e-008	1.2509e-008	1.043e-008	7.9537e-009	6.9508e-009	6.2784e-009	5.7368e-009	5.8695e-009	5.7975e-009	5.2e-009	5.3426e-009	4.9193e-009	5.3236e-009	5.7559e-009	5.6061e-009	5.5824e-009	5.132e-009	6.0084e-009	6.8503e-009	7.4682e-009	9.0396e-009	1.0304e-008	1.2247e-008	1.8009e-008	2.0745e-008	2.5731e-008	3.1111e-008	3.5649e-008	4.2901e-008	4.9322e-008	5.6199e-008	6.0891e-008	6.5882e-008	7.268e-008	7.6542e-008	8.0123e-008	8.4222e-008	8.5098e-008	8.635e-008	8.7199e-008	8.8342e-008	8.9833e-008	9.0441e-008	9.1323e-008	9.1097e-008	9.1169e-008	9.0425e-008	8.9075e-008	8.6951e-008	8.5418e-008	8.4029e-008	8.0826e-008	7.8875e-008	7.7406e-008	7.609e-008	7.447e-008	7.2816e-008	7.0816e-008	6.9733e-008	6.8248e-008	6.5752e-008	6.3783e-008	6.1389e-008	6.016e-008	5.6955e-008	5.4597e-008	5.3233e-008	5.2106e-008	4.9082e-008	4.6904e-008	4.3946e-008	4.3153e-008	4.118e-008	3.9674e-008	3.6489e-008	3.404e-008	3.3124e-008	3.2484e-008	2.9863e-008	2.6999e-008	2.4166e-008	2.2055e-008	2.0144e-008	1.8063e-008	1.5075e-008	1.3523e-008	1.1488e-008	9.9855e-009	8.3589e-009	7.176e-009	6.4336e-009	5.8128e-009	6.1754e-009	6.1018e-009	5.7767e-009	6.0213e-009	6.8641e-009	7.9625e-009	8.9618e-009	1.0898e-008	1.2891e-008	1.5814e-008	1.7034e-008	2.0482e-008	2.4621e-008	2.7972e-008	3.4055e-008	3.889e-008	4.7664e-008	5.1402e-008	5.5955e-008	6.3581e-008	6.9508e-008	7.5518e-008	7.9617e-008	8.3961e-008	8.8007e-008	8.9472e-008	9.0382e-008	9.0946e-008	9.2844e-008	9.3528e-008	9.3666e-008	9.3573e-008	9.3124e-008	9.2589e-008	9.1967e-008	9.1247e-008	9.0561e-008	8.8956e-008	8.5818e-008	8.4556e-008	8.3489e-008	8.2124e-008	8.0213e-008	7.8037e-008	7.6887e-008	7.5562e-008	7.246e-008	6.929e-008	6.7123e-008	6.5845e-008	6.254e-008	6.0503e-008	5.9086e-008	5.6861e-008	5.4652e-008	5.2099e-008	5.0313e-008	4.8806e-008	4.5093e-008	4.2224e-008	3.8878e-008	3.656e-008	3.3867e-008	3.1743e-008	2.9774e-008	2.6587e-008	2.4204e-008	2.2699e-008	2.0322e-008	1.7365e-008	1.3721e-008	1.1875e-008	1.0177e-008	8.7232e-009	7.1702e-009	5.8416e-009	5.5803e-009	5.4483e-009	5.056e-009	5.3955e-009	5.5608e-009	5.2707e-009	5.415e-009	6.163e-009	6.0144e-009	6.6031e-009	6.8705e-009	8.4364e-009	1.1128e-008	1.3411e-008	1.59e-008	2.0013e-008	2.354e-008	2.7234e-008	3.2354e-008	3.6844e-008	4.2015e-008	4.7238e-008	5.3529e-008	5.8591e-008	6.3983e-008	6.6473e-008	7.3415e-008	7.6961e-008	8.1085e-008	8.335e-008	8.4884e-008	8.6631e-008	8.8182e-008	8.9304e-008	8.9866e-008	8.956e-008
2.5692e-009	2.2711e-009	2.8116e-009	2.8732e-009	3.8841e-009	4.0739e-009	4.7515e-009	6.7653e-009	9.1527e-009	1.0634e-008	1.4285e-008	1.8256e-008	2.4324e-008	3.162e-008	3.783e-008	4.2828e-008	4.9899e-008	5.7666e-008	6.5035e-008	7.0309e-008	7.6992e-008	7.9229e-008	8.3854e-008	8.5706e-008	8.8822e-008	9.0772e-008	9.2429e-008	9.5272e-008	9.5979e-008	9.7074e-008	9.5547e-008	9.4833e-008	9.4427e-008	9.4925e-008	9.3064e-008	9.1316e-008	8.7862e-008	8.5907e-008	8.2912e-008	7.9785e-008	7.7017e-008	7.4402e-008	7.3933e-008	7.2794e-008	7.1207e-008	6.7967e-008	6.6286e-008	6.367e-008	6.1093e-008	6.0175e-008	5.7953e-008	5.6257e-008	5.2891e-008	4.9722e-008	4.7235e-008	4.5664e-008	4.296e-008	4.1004e-008	3.6747e-008	3.5636e-008	3.3703e-008	3.1571e-008	2.9605e-008	2.747e-008	2.5548e-008	2.3636e-008	2.1817e-008	1.9112e-008	1.7827e-008	1.547e-008	1.2965e-008	1.0548e-008	9.1022e-009	7.1338e-009	6.0646e-009	5.8411e-009	5.3534e-009	4.8452e-009	4.261e-009	4.0035e-009	4.4104e-009	4.412e-009	4.6487e-009	5.1531e-009	5.0325e-009	5.6725e-009	6.5955e-009	7.8941e-009	1.0313e-008	1.2564e-008	1.5956e-008	1.9777e-008	2.5218e-008	3.0781e-008	3.6642e-008	4.2063e-008	4.8963e-008	5.7296e-008	6.3998e-008	6.9374e-008	7.4556e-008	8.0045e-008	8.4303e-008	8.5759e-008	8.972e-008	9.4286e-008	9.5998e-008	9.716e-008	9.7624e-008	9.7348e-008	9.7742e-008	9.6861e-008	9.5516e-008	9.4011e-008	9.1249e-008	8.9746e-008	8.8269e-008	8.5998e-008	8.3796e-008	8.1323e-008	7.8863e-008	7.7159e-008	7.5675e-008	7.4842e-008	7.1966e-008	6.7931e-008	6.6188e-008	6.4192e-008	5.9315e-008	5.8987e-008	5.4601e-008	5.4064e-008	5.2289e-008	5.0309e-008	4.7228e-008	4.4407e-008	3.9986e-008	3.6018e-008	3.5041e-008	3.2974e-008	3.0716e-008	2.7028e-008	2.4622e-008	2.2155e-008	2.0615e-008	1.785e-008	1.5604e-008	1.4193e-008	1.2045e-008	1.0285e-008	8.1836e-009	6.8005e-009	6.2365e-009	5.2777e-009	5.1581e-009	4.6589e-009	4.6241e-009	4.4653e-009	4.3773e-009	4.4087e-009	4.6142e-009	4.5711e-009	4.2716e-009	5.0665e-009	5.0833e-009	5.2767e-009	5.2686e-009	5.5437e-009	5.4994e-009	7.095e-009	8.1901e-009	1.1636e-008	1.6552e-008	2.352e-008	3.0324e-008	3.6903e-008	4.4167e-008	5.0189e-008	5.551e-008	6.1287e-008	6.6344e-008	6.9801e-008	7.3954e-008	7.8065e-008	8.0355e-008	8.2942e-008	8.6661e-008	8.8389e-008	9.0226e-008	9.1418e-008	9.1823e-008	9.3273e-008	9.3874e-008	9.2619e-008	9.154e-008	8.9142e-008	8.7076e-008	8.5516e-008	8.4209e-008	8.2329e-008	8.1418e-008	8.0457e-008	7.8545e-008	7.653e-008	7.4308e-008	7.1291e-008	6.9788e-008	6.8634e-008	6.3642e-008	6.2934e-008	6.0396e-008	5.8285e-008	5.6376e-008	5.2945e-008	5.0249e-008	4.4822e-008	4.388e-008	4.2131e-008	3.9845e-008	3.5466e-008	3.2952e-008	3.1149e-008	2.8811e-008	2.5798e-008	2.3295e-008	2.2079e-008	1.8363e-008	1.7308e-008	1.5566e-008	1.2376e-008	1.0538e-008	9.0263e-009	7.2376e-009	6.2158e-009	6.3254e-009	6.1921e-009	5.9664e-009	5.9121e-009	5.3357e-009	5.2711e-009	5.4511e-009	6.0587e-009	6.2301e-009	6.1596e-009	6.3281e-009	6.652e-009	7.0982e-009	7.5708e-009	8.1107e-009	1.0049e-008	1.2335e-008	1.5317e-008	1.948e-008	2.4009e-008	2.9712e-008	3.699e-008	4.4271e-008	4.8961e-008	5.2692e-008	5.7744e-008	6.2822e-008	6.7949e-008	7.2356e-008	7.538e-008	7.8582e-008	8.2833e-008	8.5419e-008	8.7707e-008	8.9204e-008	8.9937e-008	9.0877e-008	9.0972e-008	9.1122e-008	9.0881e-008	8.9974e-008	8.9066e-008	8.8401e-008	8.7102e-008	8.5636e-008	8.2664e-008	8.0522e-008	7.8374e-008	7.7047e-008	7.6014e-008	7.5114e-008	7.1665e-008	7.0076e-008	6.7881e-008	6.4725e-008	6.1952e-008	6.0122e-008	5.7618e-008	5.4731e-008	5.2097e-008	4.9301e-008	4.6368e-008	4.3946e-008	4.1117e-008	3.8739e-008	3.6357e-008	3.4004e-008	3.0371e-008	2.6792e-008	2.5689e-008	2.2165e-008	2.0956e-008	1.921e-008	1.7085e-008	1.4437e-008	1.2063e-008	1.0349e-008	8.4407e-009	6.749e-009	6.0261e-009	5.7635e-009	5.8835e-009	5.8041e-009	5.2116e-009	4.8717e-009	4.989e-009	5.4551e-009	5.7696e-009	5.4068e-009	5.185e-009	5.675e-009	6.116e-009	6.7326e-009	7.2378e-009	9.2456e-009	1.0934e-008	1.2564e-008	1.9468e-008	2.1708e-008	2.6814e-008	3.0847e-008	3.6947e-008	4.2673e-008	4.9011e-008	5.5419e-008	6.1288e-008	6.777e-008	7.1571e-008	7.7533e-008	8.1265e-008	8.3617e-008	8.5182e-008	8.6561e-008	8.7401e-008	8.877e-008	8.9932e-008	9.0412e-008	9.1816e-008	9.1765e-008	9.1032e-008	9.0214e-008	8.8241e-008	8.6306e-008	8.5267e-008	8.3966e-008	8.1648e-008	7.9266e-008	7.7431e-008	7.5784e-008	7.3928e-008	7.2659e-008	7.0655e-008	6.8861e-008	6.7605e-008	6.5722e-008	6.3264e-008	6.1586e-008	5.9647e-008	5.6984e-008	5.4147e-008	5.2715e-008	5.1121e-008	4.8407e-008	4.7274e-008	4.5555e-008	4.2821e-008	4.0517e-008	3.9085e-008	3.7884e-008	3.4268e-008	3.3448e-008	3.1438e-008	2.7662e-008	2.654e-008	2.4059e-008	2.1956e-008	2.017e-008	1.8488e-008	1.4992e-008	1.3597e-008	1.1121e-008	9.6252e-009	8.1987e-009	6.6744e-009	5.9666e-009	5.6487e-009	5.9159e-009	5.5973e-009	5.4007e-009	6.1397e-009	6.7473e-009	7.7897e-009	9.0203e-009	1.0931e-008	1.3221e-008	1.4955e-008	1.8601e-008	2.1717e-008	2.3927e-008	2.7852e-008	3.3049e-008	4.0379e-008	4.8549e-008	5.275e-008	5.7214e-008	6.4067e-008	7.1486e-008	7.512e-008	7.9162e-008	8.3706e-008	8.781e-008	8.9048e-008	9.0083e-008	9.1121e-008	9.2395e-008	9.2916e-008	9.3482e-008	9.3001e-008	9.2645e-008	9.2208e-008	9.1406e-008	9.0006e-008	8.9661e-008	8.815e-008	8.6144e-008	8.4374e-008	8.3428e-008	8.1544e-008	7.9505e-008	7.6692e-008	7.6246e-008	7.2453e-008	7.1269e-008	6.8861e-008	6.7165e-008	6.5809e-008	6.3694e-008	6.1226e-008	5.761e-008	5.5404e-008	5.3879e-008	5.157e-008	4.9775e-008	4.7345e-008	4.3686e-008	4.1689e-008	3.814e-008	3.5954e-008	3.3712e-008	3.088e-008	2.8698e-008	2.6876e-008	2.3814e-008	2.1824e-008	2.0004e-008	1.6568e-008	1.3864e-008	1.179e-008	1.0009e-008	8.4745e-009	6.9043e-009	5.9568e-009	5.1721e-009	4.9229e-009	4.9942e-009	5.4989e-009	5.4103e-009	5.5126e-009	6.0313e-009	6.0761e-009	5.6923e-009	6.539e-009	6.8437e-009	7.5667e-009	1.0368e-008	1.3348e-008	1.5787e-008	1.793e-008	2.376e-008	2.7289e-008	3.238e-008	3.9221e-008	4.2906e-008	4.7854e-008	5.2828e-008	5.7855e-008	6.4016e-008	6.8805e-008	7.3494e-008	7.6554e-008	8.0624e-008	8.3979e-008	8.4845e-008	8.6908e-008	8.8741e-008	8.9648e-008	8.9669e-008	8.9557e-008
3.0758e-009	2.7117e-009	3.155e-009	3.2086e-009	4.1659e-009	4.1625e-009	4.715e-009	6.2895e-009	8.6429e-009	9.5876e-009	1.4671e-008	1.7876e-008	2.3613e-008	3.1425e-008	3.8081e-008	4.457e-008	5.0078e-008	5.7317e-008	6.5165e-008	7.1105e-008	7.5804e-008	7.9329e-008	8.2484e-008	8.5528e-008	8.8884e-008	9.0942e-008	9.2922e-008	9.6028e-008	9.6603e-008	9.675e-008	9.6157e-008	9.5038e-008	9.4789e-008	9.4496e-008	9.3507e-008	9.1621e-008	8.9038e-008	8.6032e-008	8.2203e-008	8.0888e-008	7.8406e-008	7.6488e-008	7.4756e-008	7.283e-008	7.1372e-008	6.8696e-008	6.6882e-008	6.4038e-008	6.1997e-008	6.0263e-008	5.785e-008	5.6467e-008	5.3813e-008	5.1402e-008	4.7178e-008	4.5375e-008	4.2896e-008	4.0396e-008	3.7792e-008	3.5975e-008	3.3447e-008	3.1539e-008	2.9983e-008	2.8236e-008	2.614e-008	2.4281e-008	2.1457e-008	1.8746e-008	1.7787e-008	1.5459e-008	1.3385e-008	1.1593e-008	8.9282e-009	7.1908e-009	6.2463e-009	5.6082e-009	5.4042e-009	4.7121e-009	4.7465e-009	4.4187e-009	4.61e-009	4.7984e-009	4.5441e-009	5.0227e-009	5.1155e-009	6.0231e-009	6.8844e-009	8.1876e-009	9.5192e-009	1.1637e-008	1.579e-008	1.9899e-008	2.5547e-008	2.9819e-008	3.6669e-008	4.2198e-008	4.8171e-008	5.6623e-008	6.4864e-008	7.067e-008	7.4949e-008	8.0634e-008	8.4294e-008	8.7164e-008	9.0106e-008	9.403e-008	9.556e-008	9.7855e-008	9.8266e-008	9.8397e-008	9.7456e-008	9.6719e-008	9.5439e-008	9.3401e-008	9.2283e-008	9.0673e-008	8.7625e-008	8.6639e-008	8.376e-008	8.1372e-008	7.9746e-008	7.7913e-008	7.681e-008	7.5066e-008	7.1782e-008	7.0348e-008	6.7604e-008	6.6194e-008	5.9912e-008	5.9144e-008	5.6559e-008	5.5025e-008	5.3703e-008	4.9786e-008	4.7006e-008	4.4697e-008	3.8431e-008	3.7111e-008	3.6443e-008	3.2215e-008	2.8174e-008	2.6736e-008	2.5487e-008	2.3632e-008	2.1589e-008	1.9375e-008	1.6712e-008	1.564e-008	1.3274e-008	1.1254e-008	9.726e-009	7.5898e-009	6.5179e-009	5.8407e-009	5.4386e-009	4.9628e-009	4.3734e-009	4.0945e-009	4.7706e-009	4.4737e-009	4.7543e-009	4.6721e-009	4.7655e-009	5.2222e-009	5.5259e-009	5.7843e-009	5.7225e-009	5.3894e-009	5.9309e-009	6.9336e-009	8.9203e-009	1.1007e-008	1.5183e-008	2.2304e-008	2.7566e-008	3.3871e-008	4.4334e-008	5.0288e-008	5.6616e-008	6.1656e-008	6.5367e-008	6.9249e-008	7.3387e-008	7.663e-008	8.0815e-008	8.4303e-008	8.7205e-008	8.8015e-008	9.0761e-008	9.1881e-008	9.2685e-008	9.3473e-008	9.3918e-008	9.2687e-008	9.138e-008	8.817e-008	8.6928e-008	8.5807e-008	8.3413e-008	8.2268e-008	8.1762e-008	8.0991e-008	7.9406e-008	7.6894e-008	7.2967e-008	7.1641e-008	7.0067e-008	6.9775e-008	6.6504e-008	6.3437e-008	5.9239e-008	5.8484e-008	5.642e-008	5.1784e-008	5.0074e-008	4.789e-008	4.3932e-008	4.2598e-008	3.9064e-008	3.5058e-008	3.3013e-008	3.1541e-008	2.9969e-008	2.7239e-008	2.4386e-008	2.1924e-008	2.0001e-008	1.7568e-008	1.5535e-008	1.2954e-008	1.1288e-008	9.1311e-009	6.9838e-009	6.483e-009	6.4896e-009	6.1447e-009	6.3111e-009	6.7256e-009	6.298e-009	5.651e-009	5.5982e-009	5.9812e-009	6.2241e-009	6.2521e-009	6.1388e-009	7.0616e-009	7.0708e-009	7.7921e-009	8.952e-009	1.0515e-008	1.4061e-008	1.6656e-008	2.0253e-008	2.5243e-008	3.2053e-008	3.7113e-008	4.3458e-008	4.8067e-008	5.3111e-008	5.749e-008	6.2895e-008	6.7605e-008	7.1521e-008	7.5812e-008	7.9437e-008	8.2539e-008	8.5494e-008	8.7946e-008	8.877e-008	9.0401e-008	9.1069e-008	9.1256e-008	9.1939e-008	9.1652e-008	9.1103e-008	8.9924e-008	8.8793e-008	8.7781e-008	8.5047e-008	8.2821e-008	8.1273e-008	7.8655e-008	7.7308e-008	7.6191e-008	7.4913e-008	7.1562e-008	6.9919e-008	6.7527e-008	6.5058e-008	6.2175e-008	5.9473e-008	5.734e-008	5.4806e-008	5.1139e-008	4.8413e-008	4.585e-008	4.2745e-008	4.0193e-008	3.8649e-008	3.6569e-008	3.4086e-008	3.1156e-008	2.8207e-008	2.592e-008	2.3271e-008	2.0612e-008	1.8885e-008	1.6687e-008	1.4608e-008	1.2418e-008	1.0342e-008	8.988e-009	7.0093e-009	6.5702e-009	6.3176e-009	6.1663e-009	5.6791e-009	5.514e-009	5.3229e-009	5.3907e-009	5.417e-009	5.7389e-009	5.7402e-009	5.3163e-009	5.8255e-009	6.217e-009	6.8103e-009	7.4468e-009	9.4255e-009	1.1416e-008	1.5569e-008	1.9424e-008	2.37e-008	2.7422e-008	3.2263e-008	3.662e-008	4.2705e-008	5.0607e-008	5.767e-008	6.3274e-008	6.7188e-008	7.2632e-008	7.8707e-008	7.9419e-008	8.3228e-008	8.4708e-008	8.696e-008	8.9198e-008	8.9969e-008	9.0752e-008	9.1408e-008	9.1511e-008	9.1614e-008	9.088e-008	8.9676e-008	8.8092e-008	8.7405e-008	8.5965e-008	8.3957e-008	8.2661e-008	7.9765e-008	7.8426e-008	7.6656e-008	7.5225e-008	7.272e-008	7.1176e-008	6.9165e-008	6.7425e-008	6.5274e-008	6.3669e-008	6.1317e-008	5.8784e-008	5.5959e-008	5.503e-008	5.2624e-008	5.0967e-008	4.9555e-008	4.6894e-008	4.5962e-008	4.3329e-008	4.0519e-008	3.8789e-008	3.7651e-008	3.6725e-008	3.4884e-008	3.1771e-008	2.9125e-008	2.6021e-008	2.4563e-008	2.2123e-008	1.9291e-008	1.6999e-008	1.5649e-008	1.3921e-008	1.3097e-008	9.1882e-009	8.2764e-009	7.1191e-009	6.9388e-009	6.5609e-009	6.0562e-009	5.779e-009	6.2066e-009	6.5764e-009	7.0994e-009	7.9236e-009	9.3043e-009	1.0602e-008	1.3181e-008	1.4842e-008	1.8475e-008	2.1507e-008	2.3407e-008	2.8433e-008	3.361e-008	3.9141e-008	4.5022e-008	5.2614e-008	5.8267e-008	6.5399e-008	7.1168e-008	7.665e-008	7.9468e-008	8.4182e-008	8.651e-008	8.8792e-008	8.9697e-008	9.0925e-008	9.1949e-008	9.3277e-008	9.3159e-008	9.2664e-008	9.2481e-008	9.1753e-008	9.1253e-008	9.0452e-008	8.9304e-008	8.7905e-008	8.6374e-008	8.4874e-008	8.257e-008	8.1117e-008	7.8864e-008	7.7055e-008	7.3942e-008	7.1864e-008	7.0302e-008	6.8548e-008	6.6807e-008	6.4217e-008	6.2815e-008	6.0686e-008	5.8041e-008	5.5593e-008	5.3713e-008	5.1597e-008	4.9158e-008	4.6869e-008	4.4031e-008	4.1284e-008	3.8306e-008	3.5445e-008	3.3269e-008	3.0529e-008	2.8184e-008	2.6734e-008	2.3175e-008	2.1735e-008	1.9387e-008	1.6824e-008	1.3181e-008	1.0886e-008	9.604e-009	8.6712e-009	6.8702e-009	5.8728e-009	5.5214e-009	5.2988e-009	5.1791e-009	5.6561e-009	6.0044e-009	5.7013e-009	5.9756e-009	5.7615e-009	5.6791e-009	6.6312e-009	7.2953e-009	8.8334e-009	1.0897e-008	1.328e-008	1.6584e-008	1.944e-008	2.3519e-008	2.8373e-008	3.3582e-008	3.9102e-008	4.403e-008	4.7984e-008	5.2564e-008	5.8455e-008	6.4432e-008	6.8117e-008	7.5857e-008	7.8848e-008	8.1284e-008	8.4486e-008	8.6417e-008	8.7638e-008	8.9362e-008	9.0331e-008	9.0875e-008	9.049e-008
2.9226e-009	3.0598e-009	3.0956e-009	2.7571e-009	3.5614e-009	3.1445e-009	4.5695e-009	6.295e-009	7.6199e-009	8.9096e-009	1.4062e-008	1.7563e-008	2.3208e-008	3.1399e-008	3.7909e-008	4.4676e-008	5.0044e-008	5.6329e-008	6.5391e-008	7.0617e-008	7.6139e-008	8.0034e-008	8.2951e-008	8.5759e-008	8.908e-008	9.0848e-008	9.4226e-008	9.637e-008	9.7038e-008	9.6794e-008	9.6089e-008	9.5587e-008	9.5109e-008	9.4297e-008	9.3348e-008	9.1652e-008	8.9146e-008	8.5969e-008	8.331e-008	8.0897e-008	7.977e-008	7.7227e-008	7.4451e-008	7.1884e-008	7.1147e-008	6.8882e-008	6.7327e-008	6.4047e-008	6.1455e-008	5.9804e-008	5.8232e-008	5.5837e-008	5.15e-008	4.9498e-008	4.7807e-008	4.4646e-008	4.2426e-008	4.0932e-008	3.8058e-008	3.6551e-008	3.3305e-008	3.1309e-008	2.9919e-008	2.7657e-008	2.5809e-008	2.2739e-008	2.0706e-008	1.8606e-008	1.7413e-008	1.5544e-008	1.3415e-008	1.1247e-008	8.8076e-009	7.3363e-009	6.1041e-009	5.1239e-009	5.1051e-009	5.3074e-009	4.6778e-009	4.6705e-009	5.0112e-009	4.5708e-009	4.8282e-009	5.0529e-009	5.4472e-009	6.2513e-009	6.9158e-009	8.4366e-009	1.016e-008	1.3171e-008	1.5609e-008	1.891e-008	2.4983e-008	3.0036e-008	3.6803e-008	4.1056e-008	4.7955e-008	5.6508e-008	6.4664e-008	7.0339e-008	7.4898e-008	8.0031e-008	8.4341e-008	8.7015e-008	9.0614e-008	9.2729e-008	9.56e-008	9.7046e-008	9.8525e-008	9.8529e-008	9.7483e-008	9.6456e-008	9.5021e-008	9.3251e-008	9.1267e-008	8.9888e-008	8.8546e-008	8.7099e-008	8.5388e-008	8.2585e-008	8.0262e-008	7.8528e-008	7.6635e-008	7.5238e-008	7.1582e-008	6.9581e-008	6.7973e-008	6.6252e-008	6.2166e-008	5.8472e-008	5.8374e-008	5.5783e-008	5.3348e-008	5.0458e-008	4.732e-008	4.491e-008	3.7097e-008	3.7031e-008	3.6702e-008	3.4041e-008	3.1294e-008	2.878e-008	2.6971e-008	2.3937e-008	2.2068e-008	1.9282e-008	1.7032e-008	1.5651e-008	1.3377e-008	1.1537e-008	9.6577e-009	8.1182e-009	6.853e-009	6.0674e-009	5.2866e-009	4.7649e-009	4.5963e-009	4.4706e-009	4.7355e-009	4.7081e-009	4.6143e-009	4.8817e-009	5.1967e-009	5.5554e-009	5.6833e-009	5.8857e-009	5.5692e-009	5.1049e-009	5.5022e-009	6.5581e-009	8.2176e-009	1.1189e-008	1.4929e-008	1.7985e-008	2.476e-008	3.3203e-008	4.2211e-008	4.8593e-008	5.5691e-008	6.1369e-008	6.4903e-008	6.9924e-008	7.3028e-008	7.7557e-008	7.995e-008	8.3873e-008	8.6395e-008	8.9062e-008	9.082e-008	9.1867e-008	9.2638e-008	9.3306e-008	9.2934e-008	9.2429e-008	9.0937e-008	8.8108e-008	8.6122e-008	8.4637e-008	8.2915e-008	8.1486e-008	8.1491e-008	8.0146e-008	7.9316e-008	7.5728e-008	7.2273e-008	7.2007e-008	7.03e-008	6.8745e-008	6.5342e-008	6.4759e-008	6.087e-008	5.7997e-008	5.4476e-008	5.137e-008	4.9222e-008	4.6631e-008	4.5131e-008	3.9804e-008	3.804e-008	3.6002e-008	3.3214e-008	3.1525e-008	2.9888e-008	2.7772e-008	2.5039e-008	2.2203e-008	2.0196e-008	1.7559e-008	1.4569e-008	1.2813e-008	1.0723e-008	8.7258e-009	7.2627e-009	6.6914e-009	6.5333e-009	6.2427e-009	5.9663e-009	6.2306e-009	5.7894e-009	5.6898e-009	5.8076e-009	6.2156e-009	6.1397e-009	6.5463e-009	6.5387e-009	6.7453e-009	7.1289e-009	7.9687e-009	9.1434e-009	1.115e-008	1.4081e-008	1.7177e-008	2.0547e-008	2.5518e-008	3.2147e-008	3.8491e-008	4.3125e-008	4.918e-008	5.3476e-008	5.8646e-008	6.4465e-008	6.7814e-008	7.1635e-008	7.7198e-008	8.0031e-008	8.2632e-008	8.5169e-008	8.7964e-008	8.9277e-008	9.0123e-008	9.1258e-008	9.1755e-008	9.1923e-008	9.1615e-008	9.1496e-008	9.0727e-008	8.988e-008	8.8129e-008	8.6722e-008	8.2499e-008	8.0931e-008	7.7614e-008	7.673e-008	7.489e-008	7.245e-008	7.1391e-008	6.9189e-008	6.7285e-008	6.4262e-008	6.2256e-008	5.9524e-008	5.6871e-008	5.4741e-008	5.1075e-008	4.8576e-008	4.4429e-008	4.2901e-008	4.0433e-008	3.7877e-008	3.5277e-008	3.3135e-008	3.0295e-008	2.7735e-008	2.4162e-008	2.2281e-008	1.9546e-008	1.8064e-008	1.7149e-008	1.4813e-008	1.1915e-008	1.0262e-008	8.7878e-009	7.5121e-009	6.6371e-009	6.485e-009	6.0044e-009	5.6837e-009	5.6351e-009	5.5198e-009	5.5441e-009	5.5121e-009	5.4922e-009	5.1959e-009	5.3918e-009	6.3e-009	6.2149e-009	6.6319e-009	7.5313e-009	9.4151e-009	1.2086e-008	1.498e-008	1.8744e-008	2.4379e-008	2.8354e-008	3.272e-008	3.6817e-008	4.3539e-008	5.2166e-008	5.7379e-008	6.4441e-008	6.6636e-008	7.2209e-008	7.8073e-008	8.0158e-008	8.308e-008	8.4796e-008	8.7624e-008	8.8838e-008	9.096e-008	9.1472e-008	9.154e-008	9.1168e-008	9.1059e-008	9.033e-008	8.9225e-008	8.7984e-008	8.7187e-008	8.7123e-008	8.5569e-008	8.3452e-008	8.0512e-008	7.8249e-008	7.6988e-008	7.5415e-008	7.2659e-008	7.1148e-008	6.8851e-008	6.502e-008	6.4667e-008	6.337e-008	6.1702e-008	5.9592e-008	5.6836e-008	5.4176e-008	5.2717e-008	5.1018e-008	4.9121e-008	4.7651e-008	4.5422e-008	4.2806e-008	4.0799e-008	3.9563e-008	3.7388e-008	3.6775e-008	3.4975e-008	3.2765e-008	2.7945e-008	2.6258e-008	2.3968e-008	2.1637e-008	2.061e-008	1.8098e-008	1.449e-008	1.392e-008	1.2096e-008	9.6566e-009	7.9734e-009	7.0162e-009	6.6149e-009	6.4051e-009	6.1094e-009	6.0612e-009	6.0274e-009	6.6363e-009	7.2403e-009	7.1915e-009	7.9067e-009	1.0213e-008	1.2374e-008	1.5833e-008	1.8498e-008	2.1183e-008	2.413e-008	2.7552e-008	3.4337e-008	3.9511e-008	4.3615e-008	5.2451e-008	5.702e-008	6.3674e-008	7.0855e-008	7.6623e-008	8.0047e-008	8.4613e-008	8.5792e-008	8.843e-008	9.0537e-008	9.0987e-008	9.2048e-008	9.2658e-008	9.2561e-008	9.2743e-008	9.2225e-008	9.2015e-008	9.1987e-008	9.1439e-008	8.9083e-008	8.7847e-008	8.6462e-008	8.5355e-008	8.3643e-008	8.1492e-008	7.8924e-008	7.4801e-008	7.4493e-008	7.278e-008	7.0673e-008	6.7836e-008	6.593e-008	6.3984e-008	6.2678e-008	6.0619e-008	5.7994e-008	5.5173e-008	5.2752e-008	5.0637e-008	4.8495e-008	4.6197e-008	4.3891e-008	4.0399e-008	3.8037e-008	3.5585e-008	3.3642e-008	3.1165e-008	2.7969e-008	2.6097e-008	2.2795e-008	2.1337e-008	1.858e-008	1.6559e-008	1.2347e-008	1.0687e-008	9.3243e-009	7.9734e-009	6.217e-009	6.1643e-009	6.2732e-009	5.7591e-009	5.329e-009	5.6829e-009	5.7639e-009	5.2691e-009	5.4677e-009	5.9802e-009	5.6545e-009	6.4272e-009	7.5474e-009	9.1162e-009	1.1022e-008	1.3669e-008	1.6562e-008	1.8944e-008	2.4171e-008	2.8e-008	3.3129e-008	3.8703e-008	4.2536e-008	4.752e-008	5.1779e-008	5.7907e-008	6.4272e-008	6.7063e-008	7.6441e-008	7.9638e-008	8.1431e-008	8.3937e-008	8.6043e-008	8.7984e-008	8.9384e-008	9.0654e-008	9.1117e-008	9.1148e-008
2.9798e-009	2.9998e-009	2.9529e-009	3.0361e-009	3.5348e-009	3.5671e-009	4.6386e-009	6.1564e-009	8.2946e-009	1.0426e-008	1.3915e-008	1.7945e-008	2.3462e-008	3.0995e-008	3.7416e-008	4.4687e-008	4.9792e-008	5.6398e-008	6.3531e-008	6.9678e-008	7.4678e-008	7.8926e-008	8.2617e-008	8.5387e-008	8.8961e-008	9.1151e-008	9.3591e-008	9.6079e-008	9.676e-008	9.6684e-008	9.6594e-008	9.6013e-008	9.5212e-008	9.4625e-008	9.4384e-008	9.2172e-008	8.9363e-008	8.5732e-008	8.3759e-008	8.135e-008	7.9695e-008	7.6597e-008	7.467e-008	7.3289e-008	7.1345e-008	7.0085e-008	6.7953e-008	6.5932e-008	6.2456e-008	6.1145e-008	5.8839e-008	5.6929e-008	5.4026e-008	4.9861e-008	4.7045e-008	4.5115e-008	4.2737e-008	4.1231e-008	3.828e-008	3.5862e-008	3.2105e-008	3.1121e-008	2.9716e-008	2.5485e-008	2.413e-008	2.29e-008	2.0494e-008	1.9472e-008	1.7085e-008	1.5528e-008	1.3514e-008	1.1449e-008	8.7818e-009	7.5598e-009	5.7825e-009	5.2887e-009	5.0884e-009	5.2639e-009	4.5992e-009	4.2615e-009	4.482e-009	4.5766e-009	4.8665e-009	4.9957e-009	5.1534e-009	5.801e-009	6.5799e-009	7.7906e-009	9.981e-009	1.3696e-008	1.6277e-008	2.0045e-008	2.5178e-008	3.1527e-008	3.7814e-008	4.292e-008	4.7945e-008	5.5956e-008	6.3093e-008	6.9678e-008	7.5059e-008	8.0127e-008	8.3014e-008	8.599e-008	8.8393e-008	9.1109e-008	9.3785e-008	9.5507e-008	9.6593e-008	9.7572e-008	9.7173e-008	9.5755e-008	9.4398e-008	9.3718e-008	9.2198e-008	9.0162e-008	8.8553e-008	8.7592e-008	8.5736e-008	8.184e-008	8.0583e-008	7.8259e-008	7.6347e-008	7.2936e-008	7.1779e-008	6.9146e-008	6.7498e-008	6.6208e-008	6.4805e-008	6.0818e-008	5.9146e-008	5.6666e-008	5.332e-008	5.0781e-008	4.8145e-008	4.5776e-008	4.2594e-008	3.841e-008	3.7703e-008	3.4547e-008	3.2417e-008	2.8741e-008	2.6389e-008	2.5242e-008	2.1633e-008	2.0057e-008	1.7346e-008	1.5633e-008	1.3793e-008	1.1727e-008	9.7113e-009	7.4727e-009	6.5473e-009	5.7776e-009	5.1991e-009	5.2995e-009	5.4989e-009	4.7231e-009	4.9657e-009	5.2537e-009	4.7019e-009	5.1028e-009	5.5411e-009	5.522e-009	5.3404e-009	5.5283e-009	5.9178e-009	5.9142e-009	6.0336e-009	6.6852e-009	8.5766e-009	1.0724e-008	1.4111e-008	1.8485e-008	2.4466e-008	3.2022e-008	4.0763e-008	4.6378e-008	5.4388e-008	5.9116e-008	6.4886e-008	7.093e-008	7.3876e-008	7.7333e-008	8.097e-008	8.3703e-008	8.6152e-008	8.8641e-008	8.9563e-008	9.158e-008	9.1804e-008	9.2748e-008	9.2568e-008	9.1401e-008	8.9489e-008	8.7611e-008	8.5906e-008	8.4686e-008	8.2373e-008	8.1772e-008	8.0794e-008	7.9461e-008	7.9223e-008	7.8124e-008	7.5866e-008	7.1881e-008	7.0055e-008	6.8356e-008	6.5759e-008	6.4091e-008	6.168e-008	5.8833e-008	5.5135e-008	5.0232e-008	4.8339e-008	4.6635e-008	4.489e-008	4.3021e-008	3.8277e-008	3.6381e-008	3.445e-008	3.1069e-008	2.9891e-008	2.7934e-008	2.5476e-008	2.1057e-008	2.0175e-008	1.8065e-008	1.631e-008	1.413e-008	1.182e-008	8.8426e-009	7.2047e-009	6.7725e-009	6.4811e-009	6.1889e-009	6.0226e-009	6.0886e-009	5.4911e-009	5.7896e-009	6.256e-009	6.3343e-009	6.2706e-009	6.785e-009	6.8907e-009	7.0203e-009	7.3448e-009	8.4493e-009	8.7933e-009	1.1722e-008	1.4824e-008	1.7562e-008	2.1156e-008	2.6456e-008	3.1801e-008	3.8224e-008	4.3954e-008	4.9528e-008	5.4342e-008	6.028e-008	6.5925e-008	7.0116e-008	7.447e-008	7.8173e-008	8.0782e-008	8.2995e-008	8.5013e-008	8.8629e-008	9.0469e-008	9.1637e-008	9.2122e-008	9.231e-008	9.2839e-008	9.2702e-008	9.233e-008	9.1771e-008	8.9945e-008	8.8353e-008	8.6134e-008	8.153e-008	8.0311e-008	7.8177e-008	7.6504e-008	7.3123e-008	7.217e-008	6.9603e-008	6.8247e-008	6.566e-008	6.4404e-008	6.2797e-008	5.8988e-008	5.688e-008	5.4231e-008	5.0477e-008	4.872e-008	4.53e-008	4.357e-008	4.1319e-008	3.8712e-008	3.576e-008	3.0306e-008	2.8968e-008	2.7586e-008	2.4436e-008	2.2442e-008	2.11e-008	1.9248e-008	1.7174e-008	1.4745e-008	1.2386e-008	1.0791e-008	9.3157e-009	7.8985e-009	7.4238e-009	6.4193e-009	5.8104e-009	6.0182e-009	5.9309e-009	5.8759e-009	6.1294e-009	6.2435e-009	5.8424e-009	6.4378e-009	6.277e-009	6.2009e-009	6.1384e-009	6.8676e-009	7.5855e-009	8.9051e-009	1.1943e-008	1.4877e-008	1.9302e-008	2.4899e-008	2.8121e-008	3.3445e-008	3.7384e-008	4.4973e-008	5.2921e-008	5.8577e-008	6.3574e-008	6.7433e-008	7.4055e-008	7.7081e-008	7.9174e-008	8.1862e-008	8.5331e-008	8.8254e-008	8.9539e-008	9.1612e-008	9.2291e-008	9.1837e-008	9.171e-008	9.071e-008	8.9704e-008	8.9193e-008	8.8507e-008	8.8407e-008	8.827e-008	8.5604e-008	8.3649e-008	8.2272e-008	7.8582e-008	7.6688e-008	7.5553e-008	7.3828e-008	7.1902e-008	6.9881e-008	6.7184e-008	6.506e-008	6.4222e-008	6.1311e-008	5.932e-008	5.7484e-008	5.4735e-008	5.3502e-008	5.1203e-008	4.9096e-008	4.7645e-008	4.4947e-008	4.3162e-008	4.1277e-008	3.9693e-008	3.8158e-008	3.635e-008	3.4021e-008	3.2463e-008	3.0221e-008	2.6454e-008	2.4006e-008	2.2627e-008	2.076e-008	1.8054e-008	1.5771e-008	1.3725e-008	1.1103e-008	9.8511e-009	8.2675e-009	7.5638e-009	7.3847e-009	6.6765e-009	6.4389e-009	6.2505e-009	6.3687e-009	6.7475e-009	7.3023e-009	7.5606e-009	8.3866e-009	9.8112e-009	1.1709e-008	1.462e-008	1.8237e-008	2.0948e-008	2.3897e-008	2.8855e-008	3.4079e-008	3.8294e-008	4.4203e-008	5.0669e-008	5.6114e-008	6.2303e-008	7.0303e-008	7.6382e-008	7.9505e-008	8.4034e-008	8.5952e-008	8.88e-008	9.0839e-008	9.2013e-008	9.2543e-008	9.2984e-008	9.3157e-008	9.2693e-008	9.2843e-008	9.2892e-008	9.2393e-008	9.2011e-008	9.0683e-008	8.8639e-008	8.7016e-008	8.5502e-008	8.4874e-008	8.2378e-008	7.9076e-008	7.7076e-008	7.5008e-008	7.2809e-008	6.9136e-008	6.7408e-008	6.5743e-008	6.3814e-008	6.2383e-008	6.0567e-008	5.7676e-008	5.426e-008	5.1952e-008	4.9907e-008	4.8069e-008	4.5982e-008	4.4281e-008	4.0792e-008	3.8564e-008	3.6851e-008	3.2312e-008	3.09e-008	2.9218e-008	2.6979e-008	2.3851e-008	2.1298e-008	1.7127e-008	1.5458e-008	1.2743e-008	1.0963e-008	9.5378e-009	7.6655e-009	6.8007e-009	6.5301e-009	6.1336e-009	5.3555e-009	5.3054e-009	5.6116e-009	5.8818e-009	5.8245e-009	5.5604e-009	5.8649e-009	6.2709e-009	6.6699e-009	7.9532e-009	9.428e-009	1.156e-008	1.4862e-008	1.6608e-008	2.0629e-008	2.4289e-008	2.8456e-008	3.2316e-008	3.7901e-008	4.2646e-008	4.7993e-008	5.2737e-008	5.7791e-008	6.3953e-008	6.8832e-008	7.6307e-008	7.9433e-008	8.0046e-008	8.4303e-008	8.7135e-008	8.8435e-008	9.008e-008	9.156e-008	9.1912e-008	9.1539e-008
3.2263e-009	3.0958e-009	2.8977e-009	2.9679e-009	3.6595e-009	3.5472e-009	4.0381e-009	4.982e-009	7.6096e-009	1.0368e-008	1.2957e-008	1.8326e-008	2.4197e-008	3.2268e-008	3.9484e-008	4.4908e-008	5.0585e-008	5.6947e-008	6.2444e-008	6.8861e-008	7.5222e-008	7.7645e-008	8.2384e-008	8.5723e-008	8.9299e-008	9.2576e-008	9.444e-008	9.6579e-008	9.691e-008	9.7076e-008	9.7397e-008	9.6053e-008	9.5228e-008	9.4324e-008	9.4108e-008	9.1788e-008	8.8614e-008	8.6999e-008	8.3855e-008	8.2181e-008	7.9818e-008	7.6713e-008	7.5625e-008	7.3166e-008	7.1933e-008	7.0853e-008	6.9441e-008	6.6887e-008	6.346e-008	6.0789e-008	5.8494e-008	5.6282e-008	5.3819e-008	4.9778e-008	4.7568e-008	4.5095e-008	4.3406e-008	4.0205e-008	3.8753e-008	3.6426e-008	3.3035e-008	3.1405e-008	2.9276e-008	2.6574e-008	2.5687e-008	2.3143e-008	2.0386e-008	1.9446e-008	1.7874e-008	1.6536e-008	1.3719e-008	1.1945e-008	9.4751e-009	7.1886e-009	5.746e-009	5.4513e-009	5.4128e-009	5.5537e-009	4.7246e-009	4.1133e-009	4.365e-009	4.7151e-009	5.4023e-009	5.1005e-009	5.3102e-009	5.7137e-009	6.2627e-009	7.6162e-009	1.0369e-008	1.3329e-008	1.7225e-008	2.0831e-008	2.5839e-008	3.2176e-008	3.9046e-008	4.4757e-008	5.0541e-008	5.6657e-008	6.4463e-008	7.0104e-008	7.5145e-008	7.9349e-008	8.2507e-008	8.5653e-008	8.7411e-008	9.0419e-008	9.3401e-008	9.4757e-008	9.5943e-008	9.7067e-008	9.6592e-008	9.6365e-008	9.5475e-008	9.4889e-008	9.3755e-008	9.1856e-008	8.9787e-008	8.6817e-008	8.5464e-008	8.2332e-008	7.9936e-008	7.8089e-008	7.6285e-008	7.4592e-008	7.1539e-008	7.016e-008	6.8601e-008	6.6651e-008	6.5745e-008	6.2962e-008	5.8934e-008	5.528e-008	5.2826e-008	5.1114e-008	4.7834e-008	4.5318e-008	4.2429e-008	4.0758e-008	3.7988e-008	3.4719e-008	3.2392e-008	2.9963e-008	2.636e-008	2.4595e-008	2.2718e-008	2.0382e-008	1.8094e-008	1.6116e-008	1.4295e-008	1.2705e-008	1.0259e-008	7.6206e-009	7.0662e-009	5.951e-009	5.4066e-009	5.6412e-009	5.5632e-009	5.1109e-009	4.6857e-009	4.8086e-009	5.0074e-009	5.1427e-009	5.5919e-009	5.5112e-009	5.4097e-009	5.6763e-009	5.4159e-009	5.9138e-009	5.9899e-009	6.6953e-009	8.2335e-009	1.0227e-008	1.5464e-008	1.9099e-008	2.5127e-008	3.2408e-008	4.0145e-008	4.7756e-008	5.4485e-008	6.2207e-008	6.7834e-008	7.0379e-008	7.4327e-008	7.8585e-008	8.1311e-008	8.3151e-008	8.644e-008	8.891e-008	9.1053e-008	9.1343e-008	9.1606e-008	9.2967e-008	9.3042e-008	9.1321e-008	8.9611e-008	8.7973e-008	8.6527e-008	8.4829e-008	8.312e-008	8.1641e-008	8.0302e-008	7.8627e-008	7.8845e-008	7.7543e-008	7.6358e-008	7.1209e-008	6.9694e-008	6.7894e-008	6.568e-008	6.4111e-008	6.033e-008	5.736e-008	5.6084e-008	5.1402e-008	4.9488e-008	4.6965e-008	4.5057e-008	4.2965e-008	4.0341e-008	3.5705e-008	3.4007e-008	3.2433e-008	2.9328e-008	2.7665e-008	2.6118e-008	2.4398e-008	2.0072e-008	1.8988e-008	1.6407e-008	1.4065e-008	1.2326e-008	9.4933e-009	8.2135e-009	7.3658e-009	6.6662e-009	6.358e-009	5.9596e-009	6.1034e-009	5.9153e-009	6.5747e-009	6.5634e-009	6.5279e-009	6.8578e-009	6.989e-009	7.3808e-009	7.7779e-009	7.645e-009	8.5442e-009	9.631e-009	1.0993e-008	1.5317e-008	1.8383e-008	2.1606e-008	2.6633e-008	3.211e-008	3.7588e-008	4.365e-008	4.9614e-008	5.5564e-008	6.0654e-008	6.5653e-008	7.1601e-008	7.4842e-008	7.7493e-008	8.1417e-008	8.3914e-008	8.6214e-008	8.8675e-008	9.0887e-008	9.1948e-008	9.2353e-008	9.2564e-008	9.2861e-008	9.3071e-008	9.2466e-008	9.0921e-008	8.9892e-008	8.849e-008	8.5647e-008	8.0904e-008	7.9399e-008	7.7462e-008	7.5805e-008	7.3854e-008	7.1124e-008	6.9137e-008	6.6681e-008	6.5988e-008	6.4483e-008	6.1962e-008	5.9724e-008	5.6059e-008	5.3705e-008	5.1044e-008	4.848e-008	4.6583e-008	4.3961e-008	4.2177e-008	3.9434e-008	3.6127e-008	3.3309e-008	2.9806e-008	2.7636e-008	2.5662e-008	2.338e-008	2.1165e-008	1.8741e-008	1.7159e-008	1.4961e-008	1.1929e-008	1.0222e-008	8.6037e-009	7.6427e-009	6.827e-009	6.3699e-009	6.7008e-009	6.3659e-009	6.203e-009	5.7657e-009	5.3633e-009	5.6221e-009	5.9713e-009	6.3912e-009	6.0762e-009	6.9776e-009	6.8636e-009	7.2155e-009	7.797e-009	1.0067e-008	1.2487e-008	1.5787e-008	1.9166e-008	2.379e-008	2.7937e-008	3.4117e-008	3.9037e-008	4.5051e-008	5.2166e-008	5.7975e-008	6.3308e-008	6.6757e-008	7.1263e-008	7.5662e-008	7.8251e-008	8.1196e-008	8.5376e-008	8.7008e-008	9.0325e-008	9.2032e-008	9.2296e-008	9.1949e-008	9.2132e-008	9.1555e-008	9.0366e-008	8.9571e-008	8.8531e-008	8.8883e-008	8.755e-008	8.4476e-008	8.3506e-008	8.1809e-008	7.9441e-008	7.7204e-008	7.5428e-008	7.3726e-008	7.1871e-008	6.9249e-008	6.6746e-008	6.5762e-008	6.4611e-008	6.281e-008	6.0129e-008	5.7986e-008	5.6004e-008	5.2794e-008	5.1628e-008	4.9861e-008	4.7482e-008	4.5802e-008	4.4386e-008	4.1293e-008	4.0371e-008	3.746e-008	3.4703e-008	3.2513e-008	3.0897e-008	2.9183e-008	2.6909e-008	2.3648e-008	2.2888e-008	2.03e-008	1.7948e-008	1.5953e-008	1.3322e-008	1.1201e-008	1.028e-008	8.545e-009	7.9811e-009	6.9652e-009	6.5899e-009	6.2353e-009	6.4289e-009	6.8536e-009	7.3635e-009	7.0065e-009	7.1417e-009	7.9969e-009	9.5211e-009	1.2475e-008	1.425e-008	1.7076e-008	2.0498e-008	2.4256e-008	2.9755e-008	3.5072e-008	4.0522e-008	4.5501e-008	4.9728e-008	5.5511e-008	6.1299e-008	6.8542e-008	7.3456e-008	7.7585e-008	8.3046e-008	8.6987e-008	8.9216e-008	9.0479e-008	9.1994e-008	9.3111e-008	9.3471e-008	9.4065e-008	9.4176e-008	9.3877e-008	9.3837e-008	9.3586e-008	9.2571e-008	9.1044e-008	8.8924e-008	8.6333e-008	8.5889e-008	8.5013e-008	8.2001e-008	7.7192e-008	7.6375e-008	7.5224e-008	7.1583e-008	6.9249e-008	6.703e-008	6.4957e-008	6.403e-008	6.2052e-008	5.8088e-008	5.6083e-008	5.2773e-008	5.1055e-008	4.9507e-008	4.8098e-008	4.5627e-008	4.4151e-008	4.1153e-008	3.8891e-008	3.6718e-008	3.3515e-008	3.0779e-008	2.8278e-008	2.7115e-008	2.3463e-008	2.1209e-008	1.8828e-008	1.5999e-008	1.2698e-008	1.1203e-008	8.3261e-009	7.9228e-009	6.9377e-009	6.2895e-009	5.8384e-009	5.3132e-009	5.5736e-009	5.2797e-009	5.9167e-009	5.8633e-009	5.9588e-009	6.2301e-009	6.2245e-009	6.7947e-009	8.2944e-009	1.0237e-008	1.2199e-008	1.5209e-008	1.6696e-008	2.0896e-008	2.3584e-008	2.8334e-008	3.2377e-008	3.8024e-008	4.299e-008	4.8484e-008	5.4712e-008	5.7173e-008	6.1888e-008	6.6776e-008	7.0695e-008	7.6714e-008	7.9943e-008	8.2986e-008	8.7404e-008	8.9315e-008	9.0869e-008	9.1861e-008	9.1934e-008	9.1842e-008
2.865e-009	2.7139e-009	2.7965e-009	3.1319e-009	3.7376e-009	3.5709e-009	3.6072e-009	4.597e-009	6.8094e-009	9.7062e-009	1.4676e-008	1.8413e-008	2.4367e-008	3.1933e-008	3.9138e-008	4.5484e-008	5.0331e-008	5.7077e-008	6.3312e-008	6.9749e-008	7.4553e-008	7.7644e-008	8.1961e-008	8.4773e-008	8.772e-008	9.273e-008	9.5947e-008	9.6563e-008	9.7769e-008	9.8052e-008	9.8608e-008	9.7484e-008	9.5841e-008	9.43e-008	9.3191e-008	9.0916e-008	8.959e-008	8.7669e-008	8.4359e-008	8.2331e-008	7.9638e-008	7.7956e-008	7.5938e-008	7.3958e-008	7.2836e-008	7.1462e-008	6.9081e-008	6.7659e-008	6.3779e-008	6.146e-008	6.0186e-008	5.6492e-008	5.344e-008	4.983e-008	4.7621e-008	4.5471e-008	4.2562e-008	4.0464e-008	3.8616e-008	3.6153e-008	3.3134e-008	3.1247e-008	2.9212e-008	2.7586e-008	2.5733e-008	2.4072e-008	2.1938e-008	2.008e-008	1.8202e-008	1.6665e-008	1.3609e-008	1.1432e-008	9.8507e-009	7.9773e-009	5.9789e-009	5.4056e-009	4.9287e-009	4.634e-009	4.5253e-009	4.4545e-009	4.5168e-009	4.685e-009	5.0553e-009	5.2502e-009	5.1507e-009	5.9513e-009	6.6807e-009	7.9421e-009	1.0609e-008	1.4448e-008	1.7715e-008	2.1499e-008	2.5909e-008	3.3226e-008	4.0137e-008	4.554e-008	5.23e-008	5.9024e-008	6.582e-008	6.9985e-008	7.4173e-008	7.8288e-008	8.1107e-008	8.4715e-008	8.7746e-008	9.1242e-008	9.3896e-008	9.5394e-008	9.6548e-008	9.7278e-008	9.7309e-008	9.6818e-008	9.5844e-008	9.4964e-008	9.2953e-008	9.2058e-008	8.9478e-008	8.5832e-008	8.4819e-008	8.1742e-008	7.9705e-008	7.7572e-008	7.5677e-008	7.4557e-008	7.173e-008	7.0156e-008	6.8898e-008	6.7743e-008	6.5825e-008	6.4233e-008	5.8598e-008	5.6107e-008	5.1872e-008	5.0567e-008	4.8488e-008	4.54e-008	4.2348e-008	4.1187e-008	3.8816e-008	3.6312e-008	3.2493e-008	2.916e-008	2.6029e-008	2.4816e-008	2.2731e-008	1.9179e-008	1.8426e-008	1.6362e-008	1.3884e-008	1.1993e-008	1.0138e-008	8.212e-009	7.4208e-009	7.1442e-009	5.7437e-009	5.3481e-009	4.9816e-009	5.2112e-009	5.1945e-009	5.2785e-009	5.0344e-009	5.19e-009	5.0402e-009	5.1926e-009	5.2334e-009	5.4686e-009	5.7803e-009	5.8271e-009	5.7124e-009	6.6844e-009	8.2848e-009	1.067e-008	1.4306e-008	2.0224e-008	2.5739e-008	3.284e-008	3.9913e-008	4.7696e-008	5.5419e-008	6.272e-008	6.7698e-008	7.2068e-008	7.4675e-008	7.9201e-008	8.1797e-008	8.3958e-008	8.6384e-008	8.8908e-008	9.0323e-008	9.1107e-008	9.1668e-008	9.254e-008	9.1791e-008	9.0185e-008	8.8748e-008	8.809e-008	8.6577e-008	8.5e-008	8.2852e-008	8.203e-008	8.0209e-008	7.9e-008	7.7849e-008	7.7678e-008	7.4794e-008	7.1156e-008	6.9786e-008	6.8109e-008	6.6382e-008	6.372e-008	6.0315e-008	5.8419e-008	5.6368e-008	5.3174e-008	5.067e-008	4.8369e-008	4.4907e-008	4.2047e-008	4.0513e-008	3.7866e-008	3.4509e-008	3.2762e-008	2.9681e-008	2.8764e-008	2.6976e-008	2.5096e-008	2.0764e-008	1.956e-008	1.6964e-008	1.5564e-008	1.1935e-008	1.0062e-008	8.64e-009	7.2786e-009	6.8625e-009	6.4821e-009	6.0394e-009	6.0765e-009	6.2226e-009	6.5305e-009	6.6582e-009	6.8938e-009	7.0971e-009	7.204e-009	7.2701e-009	7.636e-009	8.0327e-009	9.1686e-009	1.0203e-008	1.2101e-008	1.6611e-008	1.8795e-008	2.2039e-008	2.628e-008	3.1238e-008	3.7497e-008	4.2624e-008	4.9301e-008	5.7296e-008	6.3894e-008	7.0123e-008	7.3893e-008	7.5986e-008	7.9426e-008	8.1158e-008	8.4241e-008	8.7095e-008	8.9605e-008	9.1052e-008	9.1955e-008	9.233e-008	9.287e-008	9.3487e-008	9.2938e-008	9.1254e-008	9.0581e-008	8.9206e-008	8.773e-008	8.3057e-008	7.9522e-008	7.8488e-008	7.6933e-008	7.475e-008	7.2906e-008	7.0236e-008	6.8708e-008	6.7574e-008	6.4855e-008	6.3739e-008	6.1933e-008	5.8659e-008	5.6272e-008	5.3908e-008	5.0198e-008	4.8214e-008	4.5234e-008	4.3274e-008	4.1771e-008	3.8554e-008	3.5983e-008	3.2203e-008	3.0613e-008	2.8381e-008	2.5896e-008	2.34e-008	2.1222e-008	1.9489e-008	1.709e-008	1.5175e-008	1.2314e-008	1.0272e-008	8.8641e-009	7.4474e-009	6.5072e-009	6.3004e-009	6.5736e-009	6.5077e-009	6.5339e-009	5.9732e-009	5.5627e-009	5.8809e-009	6.1422e-009	6.2654e-009	6.6342e-009	7.0222e-009	7.1748e-009	7.6424e-009	8.1673e-009	9.8654e-009	1.2265e-008	1.6157e-008	1.966e-008	2.352e-008	2.886e-008	3.4054e-008	3.9337e-008	4.4792e-008	5.162e-008	5.6864e-008	6.1185e-008	6.5767e-008	7.028e-008	7.5123e-008	7.8044e-008	8.2645e-008	8.4866e-008	8.6858e-008	8.8167e-008	9.2084e-008	9.1642e-008	9.1888e-008	9.2427e-008	9.1754e-008	9.0343e-008	8.9545e-008	8.9682e-008	8.923e-008	8.7017e-008	8.4615e-008	8.358e-008	8.1497e-008	7.8795e-008	7.7918e-008	7.5952e-008	7.3649e-008	7.2002e-008	7.0274e-008	6.7605e-008	6.5915e-008	6.4193e-008	6.1945e-008	6.0483e-008	5.7596e-008	5.6644e-008	5.3311e-008	5.2059e-008	5.0312e-008	4.8766e-008	4.5845e-008	4.4779e-008	4.3363e-008	3.8973e-008	3.5258e-008	3.3405e-008	3.1516e-008	2.9824e-008	2.8928e-008	2.8074e-008	2.311e-008	2.2784e-008	2.1025e-008	1.8964e-008	1.5249e-008	1.4118e-008	1.1431e-008	1.0084e-008	9.2119e-009	8.211e-009	7.7866e-009	6.4849e-009	6.0914e-009	6.2971e-009	7.1281e-009	7.2972e-009	7.485e-009	7.6178e-009	8.2075e-009	9.7943e-009	1.2029e-008	1.437e-008	1.7417e-008	2.0323e-008	2.4659e-008	3.0158e-008	3.5659e-008	4.0466e-008	4.6348e-008	5.115e-008	5.6748e-008	6.145e-008	6.6987e-008	7.3497e-008	7.8623e-008	8.4039e-008	8.7141e-008	8.9474e-008	9.1724e-008	9.2785e-008	9.3412e-008	9.4667e-008	9.4477e-008	9.4138e-008	9.46e-008	9.5128e-008	9.4905e-008	9.3767e-008	9.219e-008	9.0058e-008	8.6637e-008	8.5534e-008	8.4865e-008	8.0677e-008	7.8286e-008	7.6874e-008	7.4708e-008	7.2143e-008	7.0697e-008	6.752e-008	6.5023e-008	6.3778e-008	6.2528e-008	6.0122e-008	5.7055e-008	5.4563e-008	5.2231e-008	5.0608e-008	4.8734e-008	4.625e-008	4.41e-008	4.1728e-008	3.9444e-008	3.6637e-008	3.4173e-008	3.1173e-008	2.9002e-008	2.6441e-008	2.3772e-008	2.0357e-008	1.7217e-008	1.4482e-008	1.3108e-008	1.1124e-008	9.507e-009	8.1496e-009	6.6792e-009	5.7579e-009	5.8247e-009	5.785e-009	5.7612e-009	5.779e-009	5.9309e-009	6.1081e-009	6.1248e-009	6.0536e-009	6.6137e-009	7.2581e-009	8.2347e-009	9.2681e-009	1.2339e-008	1.4446e-008	1.7185e-008	2.05e-008	2.2622e-008	2.6384e-008	3.2142e-008	3.8739e-008	4.3944e-008	4.842e-008	5.4094e-008	5.8589e-008	6.1351e-008	6.5897e-008	7.1803e-008	7.4278e-008	8.0976e-008	8.3215e-008	8.3863e-008	8.8231e-008	9.1026e-008	9.1486e-008	9.1925e-008	9.2205e-008
2.615e-009	2.6397e-009	2.7177e-009	2.1288e-009	3.7165e-009	3.8991e-009	3.5779e-009	4.5824e-009	5.62e-009	9.4256e-009	1.3183e-008	1.7126e-008	2.3838e-008	3.0695e-008	3.9261e-008	4.5326e-008	5.0616e-008	5.6804e-008	6.1859e-008	6.9345e-008	7.3942e-008	7.7989e-008	8.1688e-008	8.5432e-008	8.9951e-008	9.4306e-008	9.7249e-008	9.7484e-008	9.8975e-008	9.907e-008	9.969e-008	9.8457e-008	9.6234e-008	9.4479e-008	9.2049e-008	9.0601e-008	9.0036e-008	8.8787e-008	8.418e-008	8.2941e-008	8.0629e-008	7.8298e-008	7.6147e-008	7.5302e-008	7.2756e-008	7.1358e-008	6.9277e-008	6.7787e-008	6.5546e-008	6.3701e-008	6.1613e-008	5.3764e-008	5.2455e-008	4.9967e-008	4.7811e-008	4.6048e-008	4.3395e-008	4.0877e-008	3.8425e-008	3.6018e-008	3.409e-008	3.1201e-008	3.0164e-008	2.822e-008	2.5792e-008	2.3662e-008	2.2314e-008	2.0888e-008	1.8763e-008	1.6198e-008	1.3994e-008	1.1407e-008	9.717e-009	7.5685e-009	5.91e-009	5.269e-009	4.9114e-009	4.6491e-009	4.6763e-009	5.0936e-009	4.5951e-009	4.9671e-009	4.8737e-009	5.0327e-009	5.1301e-009	5.313e-009	6.4545e-009	8.4075e-009	1.0494e-008	1.3927e-008	1.7684e-008	2.0486e-008	2.5768e-008	3.3807e-008	3.958e-008	4.561e-008	5.2999e-008	5.8688e-008	6.5184e-008	7.0554e-008	7.3971e-008	7.8367e-008	8.0677e-008	8.2949e-008	8.6785e-008	9.0203e-008	9.3359e-008	9.5771e-008	9.6425e-008	9.6591e-008	9.6964e-008	9.7054e-008	9.6434e-008	9.5076e-008	9.4396e-008	9.1601e-008	8.8785e-008	8.6091e-008	8.4527e-008	8.1991e-008	7.9622e-008	7.6963e-008	7.5733e-008	7.4113e-008	7.153e-008	7.0749e-008	6.9024e-008	6.8552e-008	6.6535e-008	6.4643e-008	5.6353e-008	5.544e-008	5.3262e-008	5.067e-008	4.7601e-008	4.5426e-008	4.3731e-008	4.2e-008	3.937e-008	3.6126e-008	3.2999e-008	3.1128e-008	2.7566e-008	2.5825e-008	2.4596e-008	2.0912e-008	1.9022e-008	1.6661e-008	1.5564e-008	1.3081e-008	1.058e-008	9.049e-009	7.3599e-009	6.8239e-009	6.169e-009	5.5237e-009	5.1502e-009	4.9339e-009	4.8752e-009	5.2582e-009	5.0809e-009	4.8024e-009	5.1437e-009	5.0138e-009	5.0481e-009	5.4237e-009	5.6537e-009	5.792e-009	5.578e-009	6.6393e-009	7.7694e-009	9.9105e-009	1.4334e-008	1.9741e-008	2.5289e-008	3.2757e-008	3.9799e-008	4.7735e-008	5.5481e-008	6.0338e-008	6.8535e-008	7.1374e-008	7.6405e-008	8.0243e-008	8.2598e-008	8.4456e-008	8.6387e-008	8.8022e-008	8.9025e-008	9.0504e-008	9.1115e-008	9.1344e-008	9.0653e-008	8.9948e-008	8.8557e-008	8.721e-008	8.5957e-008	8.4564e-008	8.4045e-008	8.3403e-008	8.1774e-008	7.8934e-008	7.7037e-008	7.6124e-008	7.3803e-008	7.2014e-008	6.9601e-008	6.7932e-008	6.6229e-008	6.3677e-008	6.0874e-008	5.937e-008	5.7482e-008	5.566e-008	5.1268e-008	4.8151e-008	4.5202e-008	4.1231e-008	3.9548e-008	3.7538e-008	3.496e-008	3.3167e-008	3.0988e-008	2.9856e-008	2.7495e-008	2.4595e-008	2.2611e-008	1.9337e-008	1.7926e-008	1.6529e-008	1.4717e-008	1.1102e-008	9.2039e-009	8.0965e-009	6.8763e-009	6.2362e-009	6.1717e-009	6.4572e-009	6.2841e-009	5.8656e-009	6.3819e-009	6.6241e-009	6.8268e-009	6.7603e-009	6.536e-009	7.1054e-009	7.8202e-009	9.1786e-009	1.1129e-008	1.3701e-008	1.6843e-008	1.9137e-008	2.188e-008	2.7101e-008	3.2015e-008	3.772e-008	4.1901e-008	4.9779e-008	5.7322e-008	6.3654e-008	7.034e-008	7.3804e-008	7.676e-008	7.9777e-008	8.2393e-008	8.5354e-008	8.7803e-008	8.9261e-008	9.0647e-008	9.184e-008	9.146e-008	9.2157e-008	9.2358e-008	9.1713e-008	9.0815e-008	9.0184e-008	8.8938e-008	8.7535e-008	8.2749e-008	8.0315e-008	7.7652e-008	7.7082e-008	7.4678e-008	7.3403e-008	7.1383e-008	6.9222e-008	6.7496e-008	6.68e-008	6.4486e-008	6.1883e-008	5.8631e-008	5.7291e-008	5.3366e-008	5.0588e-008	4.8099e-008	4.6394e-008	4.4121e-008	4.1978e-008	3.797e-008	3.6169e-008	3.3517e-008	3.0821e-008	2.865e-008	2.6148e-008	2.4045e-008	2.1195e-008	1.9407e-008	1.6844e-008	1.4687e-008	1.191e-008	9.7652e-009	8.2186e-009	7.3099e-009	6.5049e-009	5.9834e-009	6.0506e-009	5.8988e-009	6.0605e-009	5.7399e-009	5.5193e-009	5.5826e-009	5.9674e-009	5.9134e-009	6.1726e-009	6.3805e-009	6.5919e-009	7.3604e-009	8.4345e-009	1.0668e-008	1.1951e-008	1.6206e-008	2.012e-008	2.339e-008	2.8818e-008	3.4261e-008	3.9538e-008	4.4617e-008	4.8052e-008	5.6268e-008	6.0931e-008	6.6028e-008	7.0269e-008	7.3536e-008	7.6829e-008	8.3493e-008	8.5158e-008	8.7056e-008	8.8131e-008	9.1207e-008	9.2052e-008	9.1728e-008	9.1924e-008	9.2174e-008	9.0759e-008	8.991e-008	8.9998e-008	8.9267e-008	8.834e-008	8.6022e-008	8.354e-008	8.2772e-008	8.0291e-008	7.7199e-008	7.6202e-008	7.4401e-008	7.2219e-008	6.9614e-008	6.7445e-008	6.5566e-008	6.3232e-008	6.1678e-008	5.9286e-008	5.7923e-008	5.5896e-008	5.4128e-008	5.1804e-008	5.0185e-008	4.8823e-008	4.6796e-008	4.523e-008	4.2967e-008	3.7225e-008	3.6186e-008	3.404e-008	3.1546e-008	2.9937e-008	2.9032e-008	2.7944e-008	2.5412e-008	2.2235e-008	2.0649e-008	1.8362e-008	1.545e-008	1.3548e-008	1.1941e-008	9.5868e-009	8.5808e-009	7.631e-009	7.1004e-009	6.5659e-009	6.5723e-009	6.2199e-009	6.4961e-009	6.9537e-009	6.845e-009	7.0287e-009	7.8993e-009	8.9308e-009	1.204e-008	1.4078e-008	1.75e-008	2.0063e-008	2.4152e-008	2.8425e-008	3.4461e-008	3.9773e-008	4.6601e-008	5.2617e-008	5.6814e-008	6.2025e-008	6.6932e-008	7.2581e-008	7.8725e-008	8.4039e-008	8.7019e-008	9.0285e-008	9.1818e-008	9.2488e-008	9.3626e-008	9.4316e-008	9.4877e-008	9.4381e-008	9.4866e-008	9.5208e-008	9.5235e-008	9.4755e-008	9.2676e-008	8.9114e-008	8.6818e-008	8.4716e-008	8.3773e-008	8.1509e-008	7.9984e-008	7.6383e-008	7.5405e-008	7.2258e-008	6.9572e-008	6.7554e-008	6.5211e-008	6.3974e-008	6.2471e-008	5.9844e-008	5.7821e-008	5.4944e-008	5.2907e-008	5.0518e-008	4.9202e-008	4.6617e-008	4.3523e-008	4.1423e-008	3.9384e-008	3.5363e-008	3.3648e-008	3.0584e-008	2.8105e-008	2.6051e-008	2.3586e-008	2.1415e-008	1.7936e-008	1.5829e-008	1.3261e-008	1.0834e-008	9.8624e-009	7.9796e-009	6.4322e-009	5.9832e-009	5.9057e-009	5.335e-009	5.6853e-009	5.7352e-009	5.2933e-009	5.6275e-009	5.9639e-009	5.9602e-009	6.2858e-009	7.0415e-009	8.2407e-009	9.7739e-009	1.2215e-008	1.4509e-008	1.673e-008	1.9125e-008	2.4273e-008	2.961e-008	3.309e-008	3.8861e-008	4.3997e-008	5.0133e-008	5.4629e-008	5.7829e-008	6.0934e-008	6.6543e-008	7.1145e-008	7.6356e-008	7.8921e-008	8.4036e-008	8.7595e-008	8.9586e-008	9.063e-008	9.1483e-008	9.1884e-008	9.2119e-008
2.3593e-009	2.6021e-009	3.2081e-009	3.2234e-009	3.8235e-009	3.9216e-009	3.8882e-009	4.484e-009	6.4272e-009	8.5734e-009	1.302e-008	1.7066e-008	2.1837e-008	2.8687e-008	3.6314e-008	4.475e-008	5.1132e-008	5.7303e-008	6.4389e-008	7.0336e-008	7.3952e-008	7.7597e-008	8.1579e-008	8.5835e-008	9.0197e-008	9.3962e-008	9.7374e-008	9.957e-008	9.9478e-008	9.9453e-008	1.0005e-007	9.8294e-008	9.6334e-008	9.5405e-008	9.3134e-008	9.0933e-008	8.9739e-008	8.892e-008	8.5264e-008	8.2781e-008	8.1537e-008	7.8581e-008	7.6188e-008	7.5388e-008	7.2909e-008	7.1605e-008	6.8958e-008	6.6948e-008	6.4971e-008	6.3232e-008	6.0297e-008	5.2735e-008	5.2691e-008	5.1395e-008	4.9002e-008	4.5705e-008	4.4031e-008	4.0882e-008	3.9367e-008	3.651e-008	3.48e-008	3.2659e-008	3.1023e-008	2.9113e-008	2.6174e-008	2.4629e-008	2.2252e-008	2.0671e-008	1.936e-008	1.5602e-008	1.4486e-008	1.1995e-008	1.0314e-008	8.4339e-009	6.6599e-009	5.6303e-009	5.2485e-009	4.2628e-009	4.7144e-009	5.2492e-009	4.8381e-009	4.8834e-009	5.1948e-009	4.6188e-009	5.1439e-009	6.022e-009	7.0498e-009	9.6727e-009	1.2728e-008	1.5113e-008	1.9175e-008	2.4006e-008	2.9797e-008	3.4095e-008	3.737e-008	4.4778e-008	5.2957e-008	5.9101e-008	6.5607e-008	7.0548e-008	7.4274e-008	7.6918e-008	8.1497e-008	8.4166e-008	8.7306e-008	8.9252e-008	9.3016e-008	9.5939e-008	9.5923e-008	9.5956e-008	9.6856e-008	9.7092e-008	9.6536e-008	9.6295e-008	9.5679e-008	9.1767e-008	8.9413e-008	8.658e-008	8.4816e-008	8.2903e-008	8.0203e-008	7.6435e-008	7.5551e-008	7.4284e-008	7.1863e-008	7.0888e-008	7.0242e-008	6.9457e-008	6.7053e-008	6.3555e-008	5.8583e-008	5.6899e-008	5.426e-008	5.088e-008	4.6539e-008	4.5203e-008	4.3974e-008	4.143e-008	3.8272e-008	3.6494e-008	3.345e-008	3.1179e-008	2.7632e-008	2.6609e-008	2.4131e-008	2.2091e-008	1.9504e-008	1.7188e-008	1.6063e-008	1.3979e-008	1.1637e-008	9.6097e-009	7.5653e-009	6.722e-009	5.8763e-009	5.4936e-009	5.3812e-009	5.1323e-009	5.4291e-009	4.7399e-009	4.5511e-009	5.1429e-009	5.275e-009	5.5523e-009	5.7185e-009	6.0934e-009	6.3399e-009	6.2742e-009	6.2159e-009	6.808e-009	8.8554e-009	1.0284e-008	1.4499e-008	2.0726e-008	2.6407e-008	3.3688e-008	4.1381e-008	4.8025e-008	5.5878e-008	6.2929e-008	6.8275e-008	7.3383e-008	7.8103e-008	8.1876e-008	8.4324e-008	8.605e-008	8.6918e-008	8.837e-008	9.0171e-008	9.1445e-008	9.1429e-008	9.155e-008	9.0853e-008	8.9043e-008	8.8404e-008	8.7809e-008	8.7138e-008	8.5332e-008	8.5325e-008	8.4547e-008	8.2125e-008	7.8189e-008	7.6697e-008	7.5422e-008	7.3637e-008	7.2311e-008	7.057e-008	6.8609e-008	6.673e-008	6.4352e-008	6.1582e-008	5.9892e-008	5.7987e-008	5.5838e-008	5.2019e-008	4.7711e-008	4.4897e-008	4.2341e-008	3.9086e-008	3.737e-008	3.6436e-008	3.3949e-008	3.1837e-008	3.0217e-008	2.7569e-008	2.5633e-008	2.1199e-008	2.0953e-008	1.9094e-008	1.6929e-008	1.5524e-008	1.295e-008	1.0307e-008	8.6107e-009	7.5117e-009	7.1953e-009	6.4495e-009	6.3103e-009	6.4695e-009	6.2695e-009	6.561e-009	6.7628e-009	7.0384e-009	7.3782e-009	6.7468e-009	7.1465e-009	8.2142e-009	9.6788e-009	1.1351e-008	1.3561e-008	1.7184e-008	1.9956e-008	2.3943e-008	2.7414e-008	3.2606e-008	3.7868e-008	4.2004e-008	4.9869e-008	5.6952e-008	6.4261e-008	7.0984e-008	7.5208e-008	7.8182e-008	8.0449e-008	8.3378e-008	8.6574e-008	8.8026e-008	9.0313e-008	9.1048e-008	9.158e-008	9.1584e-008	9.1796e-008	9.1821e-008	9.1327e-008	9.0778e-008	8.9839e-008	8.8445e-008	8.6859e-008	8.4122e-008	8.1425e-008	7.9199e-008	7.7738e-008	7.5239e-008	7.2823e-008	7.162e-008	6.9434e-008	6.8256e-008	6.6711e-008	6.4747e-008	6.2693e-008	5.9019e-008	5.7331e-008	5.1359e-008	5.0601e-008	4.8426e-008	4.604e-008	4.4288e-008	4.1953e-008	3.8899e-008	3.6755e-008	3.3814e-008	3.1365e-008	2.9083e-008	2.7137e-008	2.482e-008	2.1086e-008	1.9284e-008	1.7667e-008	1.5302e-008	1.2984e-008	1.0936e-008	8.8968e-009	8.3616e-009	7.3014e-009	6.4157e-009	6.0932e-009	6.0834e-009	5.847e-009	5.772e-009	5.7762e-009	5.8536e-009	5.6836e-009	5.9433e-009	6.1564e-009	6.1704e-009	7.0832e-009	7.259e-009	9.4866e-009	1.0934e-008	1.3998e-008	1.621e-008	2.0191e-008	2.3243e-008	2.957e-008	3.3591e-008	3.976e-008	4.5795e-008	4.9981e-008	5.6316e-008	6.156e-008	6.7052e-008	6.9362e-008	7.5391e-008	8.0012e-008	8.3403e-008	8.5807e-008	8.7687e-008	8.8247e-008	9.0861e-008	9.2664e-008	9.2433e-008	9.2407e-008	9.2487e-008	9.1282e-008	9.0016e-008	8.9979e-008	8.8752e-008	8.707e-008	8.5225e-008	8.3285e-008	8.1898e-008	8.0155e-008	7.8334e-008	7.667e-008	7.3471e-008	7.0971e-008	6.8905e-008	6.7031e-008	6.4957e-008	6.2995e-008	6.1589e-008	6.0392e-008	5.7961e-008	5.5895e-008	5.3705e-008	5.211e-008	5.0405e-008	4.8354e-008	4.698e-008	4.528e-008	4.1416e-008	3.8362e-008	3.6972e-008	3.4126e-008	3.1811e-008	3.0338e-008	3.0108e-008	2.5823e-008	2.3506e-008	2.1339e-008	1.8241e-008	1.6722e-008	1.5578e-008	1.3353e-008	1.161e-008	9.4411e-009	8.4439e-009	7.3703e-009	6.7911e-009	6.5291e-009	6.6828e-009	6.7513e-009	6.9039e-009	7.1643e-009	6.6922e-009	6.9157e-009	7.6076e-009	8.8275e-009	1.0587e-008	1.2966e-008	1.6388e-008	2.0453e-008	2.3419e-008	2.8261e-008	3.3966e-008	4.1168e-008	4.749e-008	5.3439e-008	5.8192e-008	6.2676e-008	6.748e-008	7.3092e-008	7.984e-008	8.3958e-008	8.8797e-008	9.0965e-008	9.1998e-008	9.2925e-008	9.4101e-008	9.4987e-008	9.5383e-008	9.5031e-008	9.5449e-008	9.6142e-008	9.5456e-008	9.4577e-008	9.324e-008	9.0678e-008	8.7155e-008	8.4958e-008	8.3259e-008	8.2339e-008	7.9785e-008	7.6647e-008	7.5108e-008	7.1271e-008	6.8563e-008	6.761e-008	6.6283e-008	6.4764e-008	6.3474e-008	6.0531e-008	5.7454e-008	5.5928e-008	5.4014e-008	5.1825e-008	4.9616e-008	4.642e-008	4.4585e-008	4.1122e-008	3.8699e-008	3.7133e-008	3.2651e-008	3.0882e-008	2.8659e-008	2.6454e-008	2.4232e-008	2.1062e-008	1.7902e-008	1.5627e-008	1.3231e-008	1.102e-008	1.0033e-008	8.1788e-009	6.7556e-009	5.9737e-009	5.2118e-009	5.0015e-009	5.882e-009	5.3815e-009	5.1189e-009	5.6283e-009	5.94e-009	6.4944e-009	7.2591e-009	7.8151e-009	8.2295e-009	8.581e-009	1.1228e-008	1.2809e-008	1.6292e-008	1.9946e-008	2.392e-008	2.8202e-008	3.4168e-008	3.7491e-008	4.3656e-008	4.7469e-008	5.4038e-008	5.7322e-008	6.1802e-008	6.7901e-008	7.3589e-008	7.7544e-008	8.0496e-008	8.4296e-008	8.7319e-008	8.9455e-008	9.0258e-008	9.1642e-008	9.2361e-008	9.2447e-008
2.076e-009	2.1784e-009	2.8117e-009	2.8074e-009	3.393e-009	3.3074e-009	3.6617e-009	4.3097e-009	5.7579e-009	7.9127e-009	1.1582e-008	1.6783e-008	2.1731e-008	2.683e-008	3.4628e-008	4.2036e-008	4.9614e-008	5.7477e-008	6.3309e-008	6.9029e-008	7.3062e-008	7.7371e-008	8.1081e-008	8.522e-008	8.8189e-008	9.2623e-008	9.7266e-008	9.865e-008	9.927e-008	9.9061e-008	9.8359e-008	9.7168e-008	9.5884e-008	9.5273e-008	9.3873e-008	9.0646e-008	8.9625e-008	8.9315e-008	8.7287e-008	8.4685e-008	8.1296e-008	7.8593e-008	7.6347e-008	7.4565e-008	7.2801e-008	7.1567e-008	6.9021e-008	6.6501e-008	6.4518e-008	6.3864e-008	6.1514e-008	5.5696e-008	5.3231e-008	5.1562e-008	4.9368e-008	4.382e-008	4.2791e-008	4.096e-008	3.9237e-008	3.6902e-008	3.4894e-008	3.2653e-008	3.0282e-008	2.8114e-008	2.5691e-008	2.3459e-008	2.2299e-008	2.0268e-008	1.7352e-008	1.4321e-008	1.3299e-008	1.1745e-008	1.0534e-008	7.7751e-009	6.4616e-009	5.7679e-009	4.6995e-009	4.2516e-009	4.0517e-009	4.1466e-009	4.3571e-009	4.8447e-009	5.1477e-009	4.9856e-009	5.2695e-009	6.1463e-009	7.2691e-009	8.5425e-009	1.3009e-008	1.4684e-008	1.7071e-008	2.3759e-008	2.8634e-008	3.3544e-008	3.7198e-008	4.4599e-008	5.2715e-008	5.9017e-008	6.52e-008	6.9765e-008	7.3415e-008	7.5707e-008	8.0646e-008	8.3617e-008	8.5985e-008	9.0507e-008	9.3259e-008	9.4738e-008	9.5329e-008	9.5911e-008	9.6038e-008	9.6123e-008	9.5779e-008	9.6399e-008	9.3324e-008	9.078e-008	8.8741e-008	8.6549e-008	8.4537e-008	8.2803e-008	7.997e-008	7.6618e-008	7.47e-008	7.3647e-008	7.2569e-008	7.1363e-008	6.9992e-008	6.846e-008	6.5513e-008	6.0904e-008	5.843e-008	5.6767e-008	5.4468e-008	5.2364e-008	4.6565e-008	4.423e-008	4.381e-008	4.1919e-008	3.9027e-008	3.539e-008	3.261e-008	3.0777e-008	2.9374e-008	2.7131e-008	2.3932e-008	2.2047e-008	1.967e-008	1.7939e-008	1.5289e-008	1.2749e-008	1.161e-008	9.3792e-009	7.911e-009	6.7046e-009	5.3091e-009	5.4881e-009	5.2084e-009	5.0631e-009	4.8671e-009	4.3643e-009	4.5977e-009	5.2777e-009	4.8233e-009	5.1425e-009	5.8275e-009	5.6009e-009	5.6903e-009	5.5098e-009	5.8666e-009	7.1697e-009	8.8865e-009	1.0736e-008	1.517e-008	1.9699e-008	2.7481e-008	3.3638e-008	4.0058e-008	4.9057e-008	5.561e-008	6.3314e-008	6.9034e-008	7.4667e-008	7.8452e-008	8.2712e-008	8.4502e-008	8.6134e-008	8.7336e-008	8.8741e-008	8.9478e-008	9.1552e-008	9.1948e-008	9.1309e-008	9.0011e-008	8.8009e-008	8.7715e-008	8.7398e-008	8.6965e-008	8.5434e-008	8.4877e-008	8.3376e-008	8.0661e-008	7.722e-008	7.6051e-008	7.473e-008	7.2729e-008	7.1693e-008	7.0087e-008	6.8293e-008	6.6284e-008	6.3918e-008	6.2203e-008	5.8687e-008	5.7847e-008	5.4517e-008	4.9981e-008	4.8344e-008	4.5763e-008	4.3152e-008	4.0155e-008	3.8141e-008	3.6991e-008	3.4739e-008	3.0682e-008	3.033e-008	2.7858e-008	2.6142e-008	2.369e-008	2.1681e-008	1.9816e-008	1.7102e-008	1.5418e-008	1.327e-008	1.1138e-008	9.5384e-009	7.4598e-009	7.154e-009	6.609e-009	6.3523e-009	6.6531e-009	6.52e-009	6.5943e-009	6.7462e-009	6.7259e-009	6.6792e-009	6.6176e-009	7.547e-009	8.3682e-009	9.7669e-009	1.1609e-008	1.4289e-008	1.705e-008	2.0423e-008	2.3502e-008	2.7995e-008	3.2887e-008	3.7428e-008	4.3266e-008	4.8824e-008	5.7629e-008	6.3901e-008	6.773e-008	7.4828e-008	7.8599e-008	8.0962e-008	8.4254e-008	8.7907e-008	8.9324e-008	9.0355e-008	9.1634e-008	9.1947e-008	9.1439e-008	9.1483e-008	9.1312e-008	9.0407e-008	8.9848e-008	8.8726e-008	8.8488e-008	8.6952e-008	8.4158e-008	8.0884e-008	7.9827e-008	7.7716e-008	7.6069e-008	7.3988e-008	7.064e-008	6.9584e-008	6.9449e-008	6.6267e-008	6.4623e-008	6.2852e-008	6.1017e-008	5.9148e-008	5.1325e-008	5.1076e-008	4.7832e-008	4.5604e-008	4.4084e-008	4.1653e-008	3.9686e-008	3.686e-008	3.3984e-008	3.1721e-008	2.9447e-008	2.7093e-008	2.5121e-008	2.0603e-008	1.9206e-008	1.7551e-008	1.5262e-008	1.313e-008	1.1618e-008	9.7612e-009	8.2588e-009	7.626e-009	6.775e-009	6.399e-009	6.2041e-009	5.9329e-009	6.2387e-009	5.8436e-009	5.5529e-009	5.6996e-009	6.0785e-009	6.0773e-009	6.0427e-009	6.3265e-009	7.7615e-009	9.9318e-009	1.1364e-008	1.3956e-008	1.7347e-008	2.008e-008	2.3992e-008	2.8318e-008	3.3927e-008	4.0348e-008	4.5751e-008	5.0319e-008	5.524e-008	6.0693e-008	6.5826e-008	7.0454e-008	7.6588e-008	7.9815e-008	8.2306e-008	8.6165e-008	8.7568e-008	8.8982e-008	8.9949e-008	9.2557e-008	9.3081e-008	9.3111e-008	9.2883e-008	9.1141e-008	8.9958e-008	8.9905e-008	8.8646e-008	8.6166e-008	8.4367e-008	8.2444e-008	8.092e-008	7.9625e-008	7.8763e-008	7.7155e-008	7.4906e-008	7.1211e-008	7.0198e-008	6.7502e-008	6.5463e-008	6.4388e-008	6.3166e-008	6.1529e-008	5.6636e-008	5.543e-008	5.4203e-008	5.2605e-008	5.0454e-008	4.7891e-008	4.6362e-008	4.3526e-008	4.0448e-008	3.8595e-008	3.6855e-008	3.3355e-008	3.2147e-008	3.0677e-008	2.7792e-008	2.409e-008	2.2145e-008	2.0228e-008	1.8154e-008	1.6538e-008	1.4769e-008	1.3107e-008	1.1243e-008	9.6864e-009	7.9856e-009	7.6986e-009	7.2879e-009	6.8833e-009	6.7182e-009	6.5027e-009	6.6875e-009	6.7911e-009	6.7756e-009	6.693e-009	7.021e-009	8.8438e-009	1.1131e-008	1.3517e-008	1.718e-008	2.0733e-008	2.3779e-008	2.8823e-008	3.4337e-008	4.061e-008	4.7217e-008	5.4163e-008	5.8868e-008	6.3874e-008	6.9071e-008	7.3465e-008	8.0197e-008	8.4311e-008	8.7621e-008	9.0876e-008	9.1684e-008	9.2642e-008	9.4425e-008	9.4913e-008	9.5663e-008	9.6173e-008	9.6098e-008	9.659e-008	9.5741e-008	9.4737e-008	9.361e-008	9.0634e-008	8.6878e-008	8.5077e-008	8.3287e-008	8.2604e-008	8.0912e-008	7.639e-008	7.4463e-008	7.2077e-008	7.0035e-008	6.7975e-008	6.6575e-008	6.5844e-008	6.3315e-008	6.0363e-008	5.7734e-008	5.6323e-008	5.466e-008	4.9614e-008	4.9127e-008	4.7455e-008	4.4778e-008	4.1319e-008	3.9496e-008	3.6969e-008	3.359e-008	3.1227e-008	2.8397e-008	2.6069e-008	2.3106e-008	2.1103e-008	1.8861e-008	1.6465e-008	1.3279e-008	1.1548e-008	9.4622e-009	7.7272e-009	7.179e-009	6.8118e-009	5.8276e-009	5.3751e-009	5.2317e-009	4.7818e-009	5.6697e-009	5.9554e-009	6.4171e-009	6.8153e-009	7.2584e-009	7.6717e-009	7.8989e-009	9.117e-009	1.1319e-008	1.3275e-008	1.5629e-008	2.0492e-008	2.4124e-008	2.8063e-008	3.3152e-008	3.8104e-008	4.3287e-008	4.8109e-008	5.2968e-008	5.815e-008	6.2955e-008	7.0014e-008	7.4893e-008	7.88e-008	8.1721e-008	8.4008e-008	8.7135e-008	8.9242e-008	9.2043e-008	9.2105e-008	9.2427e-008	9.2843e-008
1.7367e-009	1.8678e-009	2.3294e-009	2.451e-009	3.1899e-009	3.6561e-009	3.9642e-009	4.5093e-009	5.6991e-009	7.7803e-009	1.1718e-008	1.6207e-008	2.1157e-008	2.6317e-008	3.3079e-008	4.2725e-008	5.0561e-008	5.8116e-008	6.4536e-008	6.9346e-008	7.3395e-008	7.679e-008	8.1642e-008	8.5364e-008	8.9692e-008	9.3301e-008	9.5895e-008	9.7665e-008	9.9005e-008	9.8905e-008	9.8513e-008	9.726e-008	9.6461e-008	9.5693e-008	9.3663e-008	8.9895e-008	8.9408e-008	8.813e-008	8.6856e-008	8.4612e-008	7.9355e-008	7.8557e-008	7.6911e-008	7.5329e-008	7.168e-008	7.0168e-008	6.762e-008	6.6319e-008	6.4689e-008	6.3025e-008	6.1284e-008	5.4579e-008	5.3732e-008	5.2209e-008	5.0552e-008	4.5019e-008	4.3249e-008	4.1475e-008	3.8925e-008	3.7203e-008	3.4796e-008	3.2494e-008	3.1122e-008	2.8593e-008	2.5249e-008	2.3783e-008	2.2025e-008	2.0561e-008	1.7581e-008	1.6084e-008	1.4209e-008	1.2457e-008	1.0109e-008	8.7575e-009	7.0575e-009	5.5196e-009	5.0444e-009	4.7666e-009	4.575e-009	4.6184e-009	5.1257e-009	5.6004e-009	5.9239e-009	5.5374e-009	6.085e-009	6.4438e-009	8.0376e-009	1.0487e-008	1.2672e-008	1.5637e-008	1.9831e-008	2.2747e-008	2.8634e-008	3.4998e-008	3.8432e-008	4.5544e-008	5.1086e-008	6.0521e-008	6.4698e-008	7.0285e-008	7.3295e-008	7.6237e-008	7.911e-008	8.4189e-008	8.6549e-008	8.9631e-008	9.1813e-008	9.4287e-008	9.5489e-008	9.6119e-008	9.618e-008	9.6063e-008	9.5469e-008	9.4776e-008	9.1758e-008	9.0532e-008	8.8964e-008	8.6391e-008	8.5122e-008	8.2747e-008	8.0714e-008	7.6696e-008	7.5289e-008	7.3936e-008	7.2632e-008	7.0754e-008	6.9183e-008	6.7757e-008	6.5983e-008	6.3273e-008	6.0189e-008	5.6702e-008	5.5064e-008	5.3028e-008	4.9787e-008	4.3901e-008	4.384e-008	4.2109e-008	3.9197e-008	3.5999e-008	3.4199e-008	3.2372e-008	2.9365e-008	2.6078e-008	2.4296e-008	2.2439e-008	2.0086e-008	1.9063e-008	1.5066e-008	1.4206e-008	1.2592e-008	1.0639e-008	8.1744e-009	7.205e-009	6.0458e-009	6.2286e-009	5.8528e-009	5.2982e-009	4.8511e-009	4.546e-009	5.0922e-009	4.5726e-009	4.659e-009	5.465e-009	5.7074e-009	5.5184e-009	5.7824e-009	5.8444e-009	6.4826e-009	7.5761e-009	9.2893e-009	1.1779e-008	1.4856e-008	2.0666e-008	2.7235e-008	3.5433e-008	4.4656e-008	4.8842e-008	5.5313e-008	6.1837e-008	6.7923e-008	7.5406e-008	7.9057e-008	8.2543e-008	8.4823e-008	8.6815e-008	8.7845e-008	8.9262e-008	8.9346e-008	9.1879e-008	9.2294e-008	9.1775e-008	9.0582e-008	8.9214e-008	8.8019e-008	8.7613e-008	8.6783e-008	8.5206e-008	8.4191e-008	8.2257e-008	7.9923e-008	7.7976e-008	7.6293e-008	7.4596e-008	7.3075e-008	7.108e-008	6.9459e-008	6.791e-008	6.6343e-008	6.4092e-008	6.2402e-008	5.9835e-008	5.6274e-008	5.4498e-008	5.2009e-008	4.9308e-008	4.6725e-008	4.3569e-008	4.0779e-008	3.8891e-008	3.7196e-008	3.542e-008	3.3091e-008	3.0435e-008	2.7865e-008	2.6311e-008	2.393e-008	2.2158e-008	1.9328e-008	1.7049e-008	1.5882e-008	1.4278e-008	1.1992e-008	1.0215e-008	9.1107e-009	7.4177e-009	6.8723e-009	7.0373e-009	6.6436e-009	6.6691e-009	6.694e-009	6.807e-009	7.2213e-009	6.9633e-009	7.1349e-009	7.5825e-009	8.6243e-009	1.0395e-008	1.2522e-008	1.4572e-008	1.7762e-008	2.0592e-008	2.3838e-008	2.7481e-008	3.3146e-008	3.8516e-008	4.324e-008	4.9719e-008	5.7139e-008	6.3754e-008	6.9628e-008	7.4227e-008	7.8656e-008	8.2371e-008	8.5389e-008	8.8751e-008	9.0508e-008	9.0969e-008	9.1342e-008	9.1803e-008	9.1335e-008	9.1836e-008	9.0728e-008	8.954e-008	8.9471e-008	8.8899e-008	8.771e-008	8.5856e-008	8.3783e-008	8.1112e-008	7.9389e-008	7.8165e-008	7.5585e-008	7.3765e-008	7.1938e-008	7.0502e-008	7.0234e-008	6.8447e-008	6.5273e-008	6.2895e-008	6.0719e-008	5.7629e-008	5.1431e-008	5.0387e-008	4.9343e-008	4.6696e-008	4.4965e-008	4.3132e-008	4.0235e-008	3.7697e-008	3.3984e-008	3.2249e-008	2.9166e-008	2.6398e-008	2.4707e-008	2.2155e-008	1.9624e-008	1.7995e-008	1.5616e-008	1.3822e-008	1.1799e-008	1.0041e-008	8.2788e-009	6.681e-009	6.4075e-009	6.6936e-009	6.5197e-009	5.9762e-009	5.8025e-009	5.8445e-009	5.5747e-009	6.2775e-009	6.5393e-009	5.991e-009	5.9217e-009	6.7205e-009	7.6373e-009	9.6291e-009	1.1839e-008	1.3994e-008	1.7711e-008	2.0613e-008	2.404e-008	2.8707e-008	3.4626e-008	3.9612e-008	4.5388e-008	5.1148e-008	5.6021e-008	6.1939e-008	6.5583e-008	7.0357e-008	7.6922e-008	7.9878e-008	8.3593e-008	8.5675e-008	8.7118e-008	8.9322e-008	9.0853e-008	9.267e-008	9.3449e-008	9.3176e-008	9.209e-008	9.0316e-008	9.0094e-008	8.9106e-008	8.7684e-008	8.6312e-008	8.4284e-008	8.2237e-008	8.0671e-008	7.9114e-008	7.8597e-008	7.7989e-008	7.5794e-008	7.3916e-008	7.0626e-008	6.7953e-008	6.6332e-008	6.475e-008	6.2978e-008	6.0869e-008	5.7321e-008	5.5154e-008	5.4038e-008	5.1633e-008	4.9556e-008	4.7386e-008	4.5635e-008	4.3238e-008	3.9995e-008	3.8321e-008	3.6163e-008	3.4251e-008	3.2843e-008	3.034e-008	2.7307e-008	2.4491e-008	2.1808e-008	2.0082e-008	1.836e-008	1.6365e-008	1.4219e-008	1.2696e-008	1.0755e-008	8.8837e-009	7.3522e-009	7.1714e-009	7.2859e-009	6.9179e-009	6.6148e-009	6.744e-009	7.0652e-009	6.927e-009	6.6625e-009	6.9477e-009	7.1912e-009	8.1393e-009	1.0493e-008	1.242e-008	1.6211e-008	2.0535e-008	2.4405e-008	2.9481e-008	3.5352e-008	4.0552e-008	4.6159e-008	5.2884e-008	5.7367e-008	6.2995e-008	6.8799e-008	7.2985e-008	7.94e-008	8.3939e-008	8.8578e-008	9.0627e-008	9.1444e-008	9.3e-008	9.4201e-008	9.4844e-008	9.6267e-008	9.6877e-008	9.6494e-008	9.6235e-008	9.5185e-008	9.3903e-008	9.2738e-008	9.034e-008	8.6894e-008	8.424e-008	8.2753e-008	8.1599e-008	7.9041e-008	7.6606e-008	7.4249e-008	7.1686e-008	7.0441e-008	6.9405e-008	6.7766e-008	6.5513e-008	6.3402e-008	6.0581e-008	5.8447e-008	5.698e-008	5.4008e-008	5.11e-008	4.9647e-008	4.7472e-008	4.5239e-008	4.0614e-008	3.8901e-008	3.615e-008	3.2363e-008	3.1267e-008	2.8371e-008	2.5623e-008	2.3968e-008	1.9775e-008	1.7267e-008	1.5867e-008	1.3741e-008	1.1448e-008	9.0128e-009	7.6929e-009	6.6297e-009	6.3629e-009	5.7767e-009	5.4036e-009	4.8756e-009	5.2153e-009	5.5348e-009	5.7484e-009	5.8601e-009	6.4826e-009	6.9782e-009	7.0662e-009	7.6971e-009	9.1251e-009	1.1057e-008	1.368e-008	1.6067e-008	1.9547e-008	2.2098e-008	2.753e-008	3.1196e-008	3.671e-008	4.2002e-008	4.7001e-008	5.3052e-008	5.8001e-008	6.3088e-008	6.8749e-008	7.2952e-008	7.8732e-008	8.1955e-008	8.4656e-008	8.5642e-008	8.7962e-008	9.249e-008	9.2598e-008	9.3083e-008	9.3664e-008
2.4503e-009	1.8873e-009	2.4631e-009	2.9978e-009	3.6245e-009	3.8435e-009	4.1694e-009	4.4634e-009	6.09e-009	8.0084e-009	1.1812e-008	1.6515e-008	2.1856e-008	2.4905e-008	3.1418e-008	4.2348e-008	5.1173e-008	5.7487e-008	6.4312e-008	6.9206e-008	7.2734e-008	7.5997e-008	8.2027e-008	8.6125e-008	8.9979e-008	9.1693e-008	9.4566e-008	9.674e-008	9.8046e-008	9.9544e-008	9.8294e-008	9.7702e-008	9.6613e-008	9.5516e-008	9.3479e-008	9.1162e-008	8.9831e-008	8.8099e-008	8.5691e-008	8.2451e-008	7.9178e-008	7.8262e-008	7.6629e-008	7.5176e-008	7.2301e-008	7.0187e-008	6.8285e-008	6.5994e-008	6.4462e-008	6.2881e-008	6.0577e-008	5.6555e-008	5.3637e-008	5.1914e-008	5.0002e-008	4.5972e-008	4.4541e-008	4.223e-008	3.9058e-008	3.7037e-008	3.5531e-008	3.2429e-008	3.1457e-008	2.8965e-008	2.599e-008	2.4499e-008	2.3138e-008	2.0771e-008	1.8419e-008	1.618e-008	1.5055e-008	1.2946e-008	1.1027e-008	9.6176e-009	7.7272e-009	6.2893e-009	5.8424e-009	5.3025e-009	5.1648e-009	5.1486e-009	5.2138e-009	5.7163e-009	5.8869e-009	5.9305e-009	6.6578e-009	7.2376e-009	8.8879e-009	1.121e-008	1.3465e-008	1.7351e-008	2.0721e-008	2.5229e-008	3.0148e-008	3.5351e-008	3.8465e-008	4.6474e-008	5.5618e-008	6.0352e-008	6.4846e-008	6.9022e-008	7.3536e-008	7.617e-008	8.0115e-008	8.428e-008	8.7091e-008	8.995e-008	9.1822e-008	9.3452e-008	9.4499e-008	9.5241e-008	9.5463e-008	9.5797e-008	9.5029e-008	9.3985e-008	9.2804e-008	9.136e-008	8.9535e-008	8.7245e-008	8.5052e-008	8.2543e-008	8.1172e-008	7.6618e-008	7.5251e-008	7.3659e-008	7.2058e-008	7.113e-008	6.9635e-008	6.864e-008	6.5415e-008	6.2219e-008	6.0518e-008	5.7586e-008	5.4882e-008	5.2549e-008	5.0363e-008	4.6086e-008	4.4759e-008	4.2673e-008	3.8659e-008	3.7035e-008	3.5614e-008	3.2836e-008	3.1011e-008	2.5914e-008	2.3719e-008	2.2548e-008	2.0705e-008	1.9218e-008	1.6635e-008	1.4712e-008	1.2867e-008	1.1161e-008	9.2096e-009	7.247e-009	5.9849e-009	6.2546e-009	5.4473e-009	5.3139e-009	4.8621e-009	4.7706e-009	5.0477e-009	4.8297e-009	4.7375e-009	5.1982e-009	5.0773e-009	5.3446e-009	5.853e-009	5.7449e-009	6.3301e-009	7.242e-009	9.2789e-009	1.1835e-008	1.592e-008	2.1341e-008	2.9037e-008	3.7088e-008	4.3813e-008	4.9488e-008	5.4764e-008	6.0684e-008	6.7165e-008	7.2095e-008	7.8954e-008	8.1525e-008	8.5705e-008	8.7347e-008	8.8071e-008	8.9998e-008	9.1334e-008	9.1955e-008	9.2293e-008	9.2069e-008	9.0944e-008	8.9601e-008	8.9069e-008	8.7978e-008	8.7201e-008	8.5948e-008	8.5066e-008	8.3326e-008	7.9951e-008	7.8381e-008	7.6503e-008	7.4702e-008	7.2539e-008	7.09e-008	6.942e-008	6.8507e-008	6.762e-008	6.5527e-008	6.2337e-008	5.9606e-008	5.7521e-008	5.3918e-008	5.2656e-008	5.0734e-008	4.796e-008	4.5769e-008	4.158e-008	4.0454e-008	3.8739e-008	3.5681e-008	3.1936e-008	3.0109e-008	2.887e-008	2.7675e-008	2.4944e-008	2.2763e-008	2.135e-008	1.9026e-008	1.7067e-008	1.5129e-008	1.2636e-008	1.1063e-008	9.6164e-009	8.3707e-009	7.5004e-009	7.0556e-009	6.8241e-009	6.3858e-009	6.4075e-009	6.7848e-009	7.2551e-009	7.0515e-009	7.3575e-009	7.2612e-009	8.653e-009	1.0258e-008	1.2673e-008	1.4813e-008	1.7744e-008	2.0797e-008	2.4182e-008	2.9215e-008	3.3651e-008	3.756e-008	4.4446e-008	5.1906e-008	5.8925e-008	6.4427e-008	6.9827e-008	7.54e-008	7.8928e-008	8.2913e-008	8.6142e-008	8.7338e-008	9.1024e-008	9.1783e-008	9.1946e-008	9.22e-008	9.2809e-008	9.2578e-008	9.161e-008	8.9903e-008	8.9638e-008	8.9362e-008	8.807e-008	8.5578e-008	8.2901e-008	8.1262e-008	7.9527e-008	7.818e-008	7.602e-008	7.4314e-008	7.2218e-008	7.0858e-008	6.9615e-008	6.7736e-008	6.5872e-008	6.3089e-008	6.0642e-008	5.691e-008	5.2821e-008	5.0681e-008	4.9762e-008	4.7826e-008	4.5317e-008	4.3588e-008	4.128e-008	3.7644e-008	3.3728e-008	3.208e-008	3.0203e-008	2.7835e-008	2.4679e-008	2.2847e-008	2.0924e-008	1.8694e-008	1.6757e-008	1.4281e-008	1.1888e-008	1.0709e-008	8.653e-009	7.4059e-009	6.9737e-009	6.2441e-009	6.3326e-009	5.9207e-009	5.6149e-009	5.8845e-009	6.258e-009	6.5434e-009	6.5468e-009	6.2621e-009	6.4476e-009	6.7636e-009	7.9556e-009	9.553e-009	1.05e-008	1.4432e-008	1.6683e-008	1.8514e-008	2.357e-008	2.7792e-008	3.4434e-008	3.9222e-008	4.5302e-008	5.1894e-008	5.6873e-008	6.2288e-008	6.6453e-008	7.1758e-008	7.5862e-008	8.1495e-008	8.4081e-008	8.5878e-008	8.7228e-008	8.894e-008	9.215e-008	9.3791e-008	9.4436e-008	9.357e-008	9.1952e-008	9.0433e-008	8.9693e-008	8.904e-008	8.779e-008	8.6789e-008	8.4977e-008	8.3724e-008	8.0542e-008	7.9518e-008	7.8883e-008	7.8596e-008	7.677e-008	7.4818e-008	7.1068e-008	6.7847e-008	6.6289e-008	6.4863e-008	6.3135e-008	6.0382e-008	5.7636e-008	5.5885e-008	5.4253e-008	5.0451e-008	4.8904e-008	4.7085e-008	4.5515e-008	4.3829e-008	4.018e-008	3.7803e-008	3.6167e-008	3.3544e-008	3.2117e-008	2.8753e-008	2.6134e-008	2.3746e-008	2.1893e-008	2.0454e-008	1.7677e-008	1.6306e-008	1.4273e-008	1.2192e-008	1.0495e-008	9.1399e-009	7.8789e-009	7.5905e-009	6.8462e-009	6.7171e-009	6.673e-009	6.3878e-009	6.7849e-009	7.373e-009	7.869e-009	7.0753e-009	7.4319e-009	8.3789e-009	1.0577e-008	1.253e-008	1.6525e-008	1.9342e-008	2.3761e-008	2.9031e-008	3.294e-008	3.9695e-008	4.4852e-008	5.25e-008	5.7359e-008	6.0943e-008	6.822e-008	7.3032e-008	7.9436e-008	8.4352e-008	8.6766e-008	8.8878e-008	9.1144e-008	9.2972e-008	9.388e-008	9.4489e-008	9.6878e-008	9.7225e-008	9.693e-008	9.617e-008	9.5494e-008	9.3619e-008	9.0857e-008	8.9112e-008	8.5551e-008	8.3245e-008	8.2425e-008	7.9966e-008	7.8415e-008	7.4403e-008	7.3788e-008	7.1922e-008	7.045e-008	6.9056e-008	6.7401e-008	6.4806e-008	6.2752e-008	6.0256e-008	5.8557e-008	5.6661e-008	5.4434e-008	5.1945e-008	5.0734e-008	4.6296e-008	4.3332e-008	4.1358e-008	3.9284e-008	3.7081e-008	3.3223e-008	2.9091e-008	2.7977e-008	2.6065e-008	2.4466e-008	2.0854e-008	1.8231e-008	1.6513e-008	1.3738e-008	1.205e-008	9.8936e-009	7.6894e-009	6.7948e-009	6.5524e-009	6.1723e-009	5.6475e-009	5.5085e-009	5.4034e-009	5.5475e-009	6.0173e-009	6.1148e-009	6.2367e-009	6.8784e-009	7.1359e-009	7.4998e-009	8.9375e-009	1.1586e-008	1.3233e-008	1.6059e-008	1.9545e-008	2.2492e-008	2.6889e-008	3.1741e-008	3.6808e-008	4.1168e-008	4.6101e-008	5.234e-008	5.8877e-008	6.4331e-008	6.9655e-008	7.3591e-008	7.9329e-008	8.222e-008	8.6019e-008	8.9221e-008	9.3521e-008	9.4989e-008	9.415e-008	9.4198e-008	9.4506e-008
1.6751e-009	2.0513e-009	2.1275e-009	2.5518e-009	3.1186e-009	3.645e-009	3.8642e-009	4.5624e-009	5.4758e-009	7.5089e-009	1.1906e-008	1.615e-008	2.1745e-008	2.5086e-008	3.2103e-008	4.0718e-008	5.0461e-008	5.8022e-008	6.3568e-008	6.7781e-008	7.2903e-008	7.7249e-008	8.1265e-008	8.4723e-008	8.9359e-008	9.0959e-008	9.4147e-008	9.5913e-008	9.7129e-008	9.8797e-008	9.8767e-008	9.8303e-008	9.6617e-008	9.5268e-008	9.3801e-008	9.167e-008	8.9799e-008	8.7739e-008	8.6188e-008	8.3944e-008	8.1237e-008	7.8756e-008	7.6813e-008	7.5579e-008	7.4791e-008	7.1749e-008	6.8626e-008	6.6092e-008	6.3862e-008	6.2766e-008	6.1069e-008	5.7197e-008	5.3528e-008	5.0969e-008	4.9855e-008	4.7501e-008	4.4533e-008	4.3005e-008	3.9838e-008	3.7716e-008	3.5451e-008	3.3614e-008	3.1983e-008	2.8839e-008	2.692e-008	2.5033e-008	2.3302e-008	2.1425e-008	1.9256e-008	1.753e-008	1.5208e-008	1.3579e-008	1.1632e-008	1.0294e-008	8.5081e-009	6.9756e-009	6.1354e-009	5.5719e-009	5.4483e-009	5.5618e-009	5.6223e-009	5.3729e-009	5.9995e-009	6.4484e-009	6.6863e-009	7.591e-009	9.2439e-009	1.1804e-008	1.4255e-008	1.7967e-008	2.2105e-008	2.523e-008	2.9931e-008	3.544e-008	3.9407e-008	4.5943e-008	5.4465e-008	5.8446e-008	6.4255e-008	6.9226e-008	7.3225e-008	7.703e-008	8.016e-008	8.5212e-008	8.6577e-008	8.9626e-008	9.1116e-008	9.3753e-008	9.4334e-008	9.5443e-008	9.5112e-008	9.5049e-008	9.4371e-008	9.3689e-008	9.3066e-008	9.1221e-008	8.9649e-008	8.8127e-008	8.6552e-008	8.3174e-008	8.0141e-008	7.7644e-008	7.5109e-008	7.2551e-008	7.1952e-008	7.0639e-008	6.9873e-008	6.8567e-008	6.5509e-008	6.2568e-008	6.1003e-008	5.8138e-008	5.5467e-008	5.199e-008	5.0756e-008	4.6709e-008	4.5068e-008	4.2158e-008	3.9687e-008	3.7434e-008	3.64e-008	3.3252e-008	3.0606e-008	2.7334e-008	2.513e-008	2.2758e-008	2.0696e-008	1.9674e-008	1.7763e-008	1.4587e-008	1.3537e-008	1.2107e-008	9.9117e-009	8.11e-009	6.5538e-009	6.0076e-009	5.5644e-009	5.2007e-009	4.9005e-009	5.155e-009	5.7609e-009	5.3311e-009	5.1606e-009	4.9738e-009	5.5588e-009	5.7886e-009	6.1235e-009	5.5999e-009	6.4127e-009	7.7598e-009	9.556e-009	1.2553e-008	1.6312e-008	2.2122e-008	2.9583e-008	3.8003e-008	4.469e-008	5.073e-008	5.5203e-008	5.9812e-008	6.6813e-008	7.3796e-008	7.7791e-008	8.2478e-008	8.4948e-008	8.7032e-008	8.8451e-008	9.041e-008	9.112e-008	9.2486e-008	9.3501e-008	9.321e-008	9.1277e-008	9.0465e-008	8.9833e-008	8.8849e-008	8.7892e-008	8.7169e-008	8.5249e-008	8.3831e-008	8.0813e-008	7.8019e-008	7.6736e-008	7.4432e-008	7.2898e-008	7.1226e-008	7.0221e-008	6.964e-008	6.8411e-008	6.6701e-008	6.1868e-008	6.0755e-008	5.7594e-008	5.4712e-008	5.2851e-008	5.126e-008	4.8756e-008	4.5638e-008	4.4007e-008	4.139e-008	3.9755e-008	3.707e-008	3.3325e-008	3.1462e-008	3.0337e-008	2.8254e-008	2.4286e-008	2.2895e-008	2.2007e-008	1.9386e-008	1.8033e-008	1.5629e-008	1.3036e-008	1.2232e-008	1.0556e-008	8.9634e-009	7.5358e-009	6.49e-009	6.6114e-009	6.6128e-009	6.7144e-009	6.692e-009	7.1348e-009	7.7229e-009	8.0121e-009	8.3365e-009	8.9267e-009	1.0495e-008	1.3503e-008	1.5535e-008	1.7253e-008	2.146e-008	2.5364e-008	3.0074e-008	3.4276e-008	3.968e-008	4.5157e-008	5.3072e-008	6.0987e-008	6.5678e-008	6.905e-008	7.4633e-008	7.9258e-008	8.2989e-008	8.6924e-008	8.813e-008	9.1682e-008	9.2842e-008	9.3129e-008	9.3235e-008	9.3581e-008	9.2808e-008	9.2144e-008	9.1095e-008	9.0448e-008	8.9528e-008	8.7557e-008	8.6236e-008	8.4337e-008	8.1567e-008	7.8813e-008	7.6827e-008	7.5281e-008	7.3235e-008	7.1359e-008	7.038e-008	6.9182e-008	6.7645e-008	6.5913e-008	6.4534e-008	5.8372e-008	5.3739e-008	5.3363e-008	5.1424e-008	4.9974e-008	4.8792e-008	4.6661e-008	4.1036e-008	3.9723e-008	3.8401e-008	3.4595e-008	3.1969e-008	3.021e-008	2.7901e-008	2.6455e-008	2.3621e-008	2.2033e-008	1.8945e-008	1.6402e-008	1.487e-008	1.2504e-008	1.0586e-008	8.9318e-009	7.8009e-009	7.1705e-009	6.4903e-009	6.6062e-009	5.9233e-009	5.4773e-009	5.7635e-009	6.2131e-009	6.4892e-009	6.3193e-009	6.6348e-009	7.035e-009	7.0619e-009	7.7779e-009	9.2766e-009	1.048e-008	1.4094e-008	1.6196e-008	1.7622e-008	2.3554e-008	2.8895e-008	3.4586e-008	4.1174e-008	4.6798e-008	5.3302e-008	5.792e-008	6.3087e-008	6.7852e-008	7.0956e-008	7.599e-008	8.1495e-008	8.376e-008	8.5935e-008	8.781e-008	8.9252e-008	9.2673e-008	9.447e-008	9.5088e-008	9.4126e-008	9.2172e-008	9.1243e-008	9.117e-008	8.9989e-008	8.8799e-008	8.7646e-008	8.6614e-008	8.5087e-008	8.2441e-008	8.0585e-008	7.9025e-008	7.8308e-008	7.7033e-008	7.4697e-008	7.209e-008	6.9623e-008	6.6809e-008	6.515e-008	6.2569e-008	6.0493e-008	5.866e-008	5.5857e-008	5.4107e-008	5.0932e-008	4.9688e-008	4.8421e-008	4.4902e-008	4.2999e-008	4.0751e-008	3.8441e-008	3.5318e-008	3.3127e-008	3.0333e-008	2.8599e-008	2.6185e-008	2.3686e-008	2.1855e-008	1.9873e-008	1.7838e-008	1.5833e-008	1.3807e-008	1.2016e-008	1.0173e-008	8.9732e-009	8.056e-009	7.3404e-009	6.6812e-009	6.5798e-009	6.4857e-009	6.4062e-009	6.3779e-009	6.6866e-009	7.2746e-009	7.4099e-009	7.5593e-009	8.7413e-009	1.0069e-008	1.2954e-008	1.5637e-008	2.0252e-008	2.338e-008	2.89e-008	3.2368e-008	3.8518e-008	4.4823e-008	5.1468e-008	5.8952e-008	6.3887e-008	6.9262e-008	7.1978e-008	7.8025e-008	8.2298e-008	8.5145e-008	8.7971e-008	9.0781e-008	9.2405e-008	9.342e-008	9.466e-008	9.6745e-008	9.7321e-008	9.6762e-008	9.6127e-008	9.4185e-008	9.3152e-008	9.1156e-008	8.9664e-008	8.6253e-008	8.3589e-008	8.2076e-008	7.9719e-008	7.7914e-008	7.5912e-008	7.3073e-008	7.1823e-008	7.0202e-008	6.9081e-008	6.6416e-008	6.4282e-008	6.2252e-008	6.0185e-008	5.8688e-008	5.6396e-008	5.3666e-008	5.1861e-008	4.8952e-008	4.765e-008	4.4914e-008	4.3055e-008	4.0827e-008	3.7334e-008	3.479e-008	2.9343e-008	2.8673e-008	2.614e-008	2.4561e-008	2.2066e-008	1.8633e-008	1.6844e-008	1.4191e-008	1.1514e-008	9.5648e-009	7.7338e-009	7.1927e-009	6.9571e-009	6.5509e-009	6.2253e-009	6.0163e-009	5.9749e-009	5.8546e-009	5.958e-009	6.2803e-009	6.2241e-009	6.6719e-009	6.5264e-009	7.4795e-009	8.5207e-009	1.0598e-008	1.3887e-008	1.571e-008	1.8785e-008	2.3022e-008	2.6717e-008	3.1507e-008	3.5094e-008	4.111e-008	4.6021e-008	5.2995e-008	5.7683e-008	6.3883e-008	6.8628e-008	7.4785e-008	7.8599e-008	8.253e-008	8.6561e-008	9.1153e-008	9.3823e-008	9.499e-008	9.5225e-008	9.4684e-008	9.5582e-008
1.8971e-009	2.2068e-009	1.8577e-009	2.5665e-009	3.0856e-009	3.3955e-009	3.5858e-009	4.1325e-009	5.8126e-009	7.6586e-009	1.1558e-008	1.637e-008	2.1686e-008	2.5705e-008	3.1331e-008	3.9486e-008	4.8905e-008	5.6303e-008	6.0471e-008	6.7507e-008	7.2847e-008	7.7181e-008	8.1567e-008	8.5657e-008	8.9482e-008	9.1028e-008	9.4042e-008	9.6153e-008	9.7311e-008	9.8131e-008	9.7953e-008	9.7289e-008	9.6375e-008	9.5208e-008	9.4003e-008	9.1688e-008	8.9944e-008	8.8048e-008	8.5086e-008	8.3247e-008	8.0773e-008	7.857e-008	7.6259e-008	7.5638e-008	7.3894e-008	7.1877e-008	6.7707e-008	6.6097e-008	6.3336e-008	6.2256e-008	5.9868e-008	5.516e-008	5.1443e-008	5.0685e-008	4.9688e-008	4.5863e-008	4.516e-008	4.2202e-008	3.9433e-008	3.692e-008	3.4965e-008	3.2889e-008	3.0117e-008	2.9049e-008	2.7401e-008	2.5053e-008	2.3313e-008	2.1363e-008	1.9247e-008	1.7332e-008	1.5598e-008	1.3331e-008	1.2191e-008	1.1321e-008	9.6675e-009	8.0969e-009	6.7323e-009	6.1007e-009	5.7323e-009	5.6798e-009	5.8429e-009	5.8297e-009	6.2269e-009	6.4754e-009	6.6059e-009	7.6716e-009	9.2013e-009	1.059e-008	1.5362e-008	1.7755e-008	2.2127e-008	2.6468e-008	3.0075e-008	3.6925e-008	3.9203e-008	4.4978e-008	5.1374e-008	5.9844e-008	6.3138e-008	6.7862e-008	7.3727e-008	7.7212e-008	7.981e-008	8.4676e-008	8.7714e-008	8.9504e-008	9.1435e-008	9.3024e-008	9.438e-008	9.4844e-008	9.535e-008	9.5241e-008	9.4612e-008	9.3329e-008	9.1472e-008	9.0137e-008	8.8905e-008	8.7347e-008	8.5008e-008	8.2379e-008	7.9645e-008	7.7036e-008	7.5072e-008	7.3345e-008	7.2372e-008	7.1091e-008	7.0032e-008	6.7694e-008	6.5607e-008	6.3507e-008	5.9343e-008	5.7526e-008	5.5872e-008	5.173e-008	5.0743e-008	4.7238e-008	4.5666e-008	4.2344e-008	3.9853e-008	3.7516e-008	3.6607e-008	3.392e-008	3.1343e-008	2.7813e-008	2.4336e-008	2.31e-008	2.1462e-008	1.989e-008	1.7437e-008	1.4688e-008	1.3711e-008	1.0901e-008	9.038e-009	8.0796e-009	6.4921e-009	6.2014e-009	5.7886e-009	5.5831e-009	5.056e-009	5.1317e-009	5.2171e-009	5.6571e-009	5.2376e-009	4.8157e-009	5.2794e-009	5.664e-009	6.1407e-009	6.5712e-009	6.8284e-009	8.0908e-009	9.1742e-009	1.1971e-008	1.6663e-008	2.2768e-008	3.0452e-008	3.8482e-008	4.3017e-008	4.9873e-008	5.5307e-008	6.0003e-008	6.6446e-008	7.2973e-008	7.726e-008	8.2224e-008	8.5987e-008	8.6884e-008	8.8655e-008	8.9873e-008	9.148e-008	9.3087e-008	9.4498e-008	9.3352e-008	9.2512e-008	9.1489e-008	9.0456e-008	8.9076e-008	8.8743e-008	8.7266e-008	8.6212e-008	8.4671e-008	8.0391e-008	7.8231e-008	7.5901e-008	7.4568e-008	7.2456e-008	7.1211e-008	7.0578e-008	7.0051e-008	6.8366e-008	6.6934e-008	6.4172e-008	6.06e-008	5.8106e-008	5.5558e-008	5.22e-008	5.1645e-008	4.8086e-008	4.5913e-008	4.4482e-008	4.2452e-008	4.0399e-008	3.6355e-008	3.3936e-008	3.2595e-008	3.0685e-008	2.9276e-008	2.7707e-008	2.4816e-008	2.3228e-008	2.0738e-008	1.8551e-008	1.4831e-008	1.4097e-008	1.2236e-008	1.095e-008	9.4737e-009	7.4658e-009	6.6096e-009	6.7595e-009	6.6953e-009	6.7219e-009	6.4187e-009	6.8243e-009	7.3185e-009	7.8674e-009	8.2783e-009	9.1056e-009	1.0868e-008	1.3012e-008	1.5326e-008	1.8854e-008	2.219e-008	2.7463e-008	3.0099e-008	3.4446e-008	3.9602e-008	4.575e-008	5.3376e-008	6.039e-008	6.623e-008	6.9374e-008	7.4646e-008	7.9229e-008	8.2726e-008	8.6979e-008	8.8752e-008	9.0907e-008	9.2776e-008	9.3982e-008	9.4367e-008	9.4471e-008	9.3208e-008	9.2413e-008	9.1412e-008	9.1607e-008	9.0068e-008	8.8804e-008	8.6982e-008	8.3318e-008	8.0429e-008	7.799e-008	7.6254e-008	7.4936e-008	7.3026e-008	7.136e-008	7.0388e-008	6.9153e-008	6.7445e-008	6.5271e-008	6.4027e-008	5.942e-008	5.4691e-008	5.343e-008	5.1918e-008	5.082e-008	4.8905e-008	4.5771e-008	4.2428e-008	3.9493e-008	3.805e-008	3.2925e-008	3.0669e-008	2.9197e-008	2.8467e-008	2.6884e-008	2.4191e-008	2.2373e-008	2.013e-008	1.5874e-008	1.454e-008	1.3034e-008	1.0424e-008	8.7489e-009	7.6474e-009	6.6863e-009	6.272e-009	6.4313e-009	5.6871e-009	5.5965e-009	5.9667e-009	6.2221e-009	6.2157e-009	5.7255e-009	6.1257e-009	6.4739e-009	6.967e-009	7.5283e-009	8.6778e-009	1.069e-008	1.3111e-008	1.5964e-008	1.7777e-008	2.4155e-008	2.9735e-008	3.5726e-008	4.1342e-008	4.7008e-008	5.3046e-008	5.8353e-008	6.3929e-008	6.7623e-008	7.1378e-008	7.687e-008	8.1125e-008	8.4144e-008	8.6283e-008	8.8319e-008	8.996e-008	9.3424e-008	9.5101e-008	9.5526e-008	9.3872e-008	9.3014e-008	9.208e-008	9.186e-008	9.1013e-008	8.9048e-008	8.8292e-008	8.7481e-008	8.5597e-008	8.2236e-008	8.0828e-008	7.9193e-008	7.8163e-008	7.6244e-008	7.4503e-008	7.0529e-008	6.893e-008	6.753e-008	6.3867e-008	6.2343e-008	6.036e-008	5.8067e-008	5.4726e-008	5.2758e-008	5.0786e-008	4.9192e-008	4.7889e-008	4.4091e-008	4.2157e-008	4.134e-008	3.6983e-008	3.4735e-008	3.2296e-008	3.0529e-008	2.808e-008	2.5918e-008	2.3653e-008	2.1577e-008	1.8937e-008	1.7124e-008	1.5427e-008	1.2747e-008	1.0523e-008	8.9582e-009	7.4496e-009	7.0639e-009	6.8078e-009	6.5644e-009	6.4994e-009	6.5551e-009	6.3546e-009	5.9457e-009	6.3965e-009	7.4042e-009	7.0174e-009	7.2754e-009	8.4111e-009	9.6507e-009	1.2185e-008	1.6267e-008	1.9068e-008	2.3712e-008	2.7969e-008	3.2973e-008	3.8587e-008	4.4489e-008	5.1181e-008	5.8195e-008	6.5067e-008	6.9747e-008	7.4998e-008	7.8263e-008	8.2717e-008	8.5532e-008	8.7395e-008	8.91e-008	9.1278e-008	9.2694e-008	9.4609e-008	9.5973e-008	9.6623e-008	9.644e-008	9.5449e-008	9.3968e-008	9.3067e-008	9.1544e-008	8.8515e-008	8.6284e-008	8.4916e-008	8.1937e-008	7.9316e-008	7.712e-008	7.4804e-008	7.3265e-008	7.1287e-008	6.9773e-008	6.9342e-008	6.8887e-008	6.5427e-008	6.3636e-008	6.1058e-008	6.0239e-008	5.7166e-008	5.2448e-008	5.1283e-008	4.9845e-008	4.7736e-008	4.5333e-008	4.3608e-008	4.0968e-008	3.8724e-008	3.4963e-008	3.1954e-008	2.9185e-008	2.677e-008	2.3961e-008	2.1938e-008	1.8525e-008	1.6155e-008	1.4597e-008	1.2905e-008	1.0265e-008	8.5628e-009	7.6682e-009	6.9953e-009	6.5485e-009	6.3981e-009	5.9691e-009	5.8936e-009	6.5439e-009	6.1168e-009	5.7874e-009	6.1078e-009	6.8405e-009	6.684e-009	6.9859e-009	8.1735e-009	9.9536e-009	1.2658e-008	1.4158e-008	1.7297e-008	2.178e-008	2.6245e-008	3.111e-008	3.3213e-008	4.0177e-008	4.4797e-008	5.1533e-008	5.8425e-008	6.3774e-008	6.9446e-008	7.4762e-008	7.8959e-008	8.4919e-008	8.8771e-008	9.2099e-008	9.2915e-008	9.5241e-008	9.5297e-008	9.514e-008	9.551e-008
1.4369e-009	1.9667e-009	2.2089e-009	2.4983e-009	2.8901e-009	2.8627e-009	2.9836e-009	3.6971e-009	5.7145e-009	7.8688e-009	1.0032e-008	1.5538e-008	2.0067e-008	2.4877e-008	3.1169e-008	3.7017e-008	4.5622e-008	5.4383e-008	5.9891e-008	6.7079e-008	7.2947e-008	7.7985e-008	8.2181e-008	8.5626e-008	8.9007e-008	9.1846e-008	9.4117e-008	9.5353e-008	9.6732e-008	9.7291e-008	9.7608e-008	9.6763e-008	9.5442e-008	9.3737e-008	9.2063e-008	9.0368e-008	8.8587e-008	8.5998e-008	8.3499e-008	8.1327e-008	7.9326e-008	7.7618e-008	7.5619e-008	7.4524e-008	7.3185e-008	7.0339e-008	6.7218e-008	6.5424e-008	6.3327e-008	6.1638e-008	5.8996e-008	5.483e-008	5.1508e-008	5.1341e-008	4.9186e-008	4.6855e-008	4.514e-008	4.1459e-008	3.7615e-008	3.5775e-008	3.4282e-008	3.2888e-008	3.0179e-008	2.8669e-008	2.6664e-008	2.4106e-008	2.1889e-008	2.0935e-008	1.9443e-008	1.6523e-008	1.5372e-008	1.4136e-008	1.2263e-008	1.1303e-008	8.5574e-009	7.741e-009	6.2205e-009	5.9829e-009	5.0547e-009	4.9853e-009	4.8347e-009	4.2608e-009	4.7352e-009	5.6515e-009	6.2395e-009	7.0573e-009	8.9311e-009	1.1063e-008	1.4762e-008	1.7459e-008	1.9754e-008	2.6272e-008	2.981e-008	3.5206e-008	3.9546e-008	4.3637e-008	5.0087e-008	5.6725e-008	6.2622e-008	6.8593e-008	7.1692e-008	7.6663e-008	7.9475e-008	8.4266e-008	8.6314e-008	8.9462e-008	9.0487e-008	9.2298e-008	9.2873e-008	9.4336e-008	9.4558e-008	9.3583e-008	9.289e-008	9.1525e-008	8.9358e-008	8.8149e-008	8.7286e-008	8.5568e-008	8.383e-008	8.1922e-008	7.7628e-008	7.6012e-008	7.3836e-008	7.3289e-008	7.2238e-008	7.0678e-008	6.9114e-008	6.4997e-008	6.4546e-008	6.1958e-008	5.894e-008	5.734e-008	5.532e-008	5.1153e-008	4.9035e-008	4.7033e-008	4.4277e-008	4.2341e-008	3.9198e-008	3.6821e-008	3.4204e-008	3.2582e-008	3.1057e-008	2.8972e-008	2.5716e-008	2.297e-008	2.0853e-008	1.9225e-008	1.6322e-008	1.5205e-008	1.2612e-008	1.0671e-008	8.5098e-009	7.3066e-009	5.9518e-009	5.5186e-009	5.3458e-009	5.3248e-009	4.8291e-009	4.6316e-009	4.3787e-009	4.633e-009	4.3343e-009	4.3742e-009	4.609e-009	5.0378e-009	5.5035e-009	5.8664e-009	6.2083e-009	7.1522e-009	8.8908e-009	1.2554e-008	1.5563e-008	2.0895e-008	2.8676e-008	3.7649e-008	4.5565e-008	5.0828e-008	5.4933e-008	6.1067e-008	6.7236e-008	7.2598e-008	7.5835e-008	8.0254e-008	8.4393e-008	8.5998e-008	8.795e-008	8.9202e-008	9.0859e-008	9.223e-008	9.3938e-008	9.2469e-008	9.1957e-008	9.1017e-008	9.0065e-008	8.8823e-008	8.856e-008	8.7483e-008	8.5111e-008	8.392e-008	8.0924e-008	7.727e-008	7.5679e-008	7.2686e-008	7.1429e-008	7.0712e-008	7.0423e-008	6.9119e-008	6.8095e-008	6.5352e-008	6.1752e-008	5.8815e-008	5.762e-008	5.5981e-008	5.3474e-008	4.9618e-008	4.6934e-008	4.5263e-008	4.3146e-008	4.0573e-008	3.765e-008	3.5329e-008	3.3319e-008	3.2467e-008	3.061e-008	2.8783e-008	2.6617e-008	2.4416e-008	2.168e-008	2.0099e-008	1.8006e-008	1.5658e-008	1.3842e-008	1.2256e-008	9.4191e-009	8.4551e-009	7.7124e-009	6.3021e-009	5.7363e-009	6.1971e-009	5.8293e-009	5.6286e-009	5.7388e-009	6.5909e-009	7.0192e-009	7.8463e-009	8.9494e-009	1.0545e-008	1.2407e-008	1.499e-008	1.8441e-008	2.0448e-008	2.4268e-008	2.9977e-008	3.3348e-008	3.9453e-008	4.6556e-008	5.3586e-008	6.0005e-008	6.5687e-008	6.9587e-008	7.3898e-008	7.8241e-008	8.2466e-008	8.5689e-008	8.8949e-008	9.0938e-008	9.2934e-008	9.353e-008	9.4389e-008	9.4573e-008	9.3757e-008	9.1884e-008	9.0939e-008	9.0759e-008	8.8562e-008	8.7875e-008	8.4527e-008	8.1283e-008	7.9665e-008	7.7928e-008	7.4978e-008	7.4069e-008	7.2114e-008	7.0093e-008	6.9208e-008	6.8229e-008	6.6129e-008	6.4581e-008	6.2615e-008	5.9679e-008	5.6267e-008	5.4449e-008	5.1719e-008	5.0309e-008	4.6655e-008	4.4037e-008	4.2378e-008	3.9563e-008	3.81e-008	3.5275e-008	3.1992e-008	3.0011e-008	2.7722e-008	2.5923e-008	2.3636e-008	2.2042e-008	1.8783e-008	1.6571e-008	1.3461e-008	1.1941e-008	1.0245e-008	8.6409e-009	6.9889e-009	5.7388e-009	5.2126e-009	5.0376e-009	5.0875e-009	5.2049e-009	5.4389e-009	5.695e-009	5.4504e-009	5.0734e-009	5.2574e-009	5.0398e-009	5.2793e-009	6.4428e-009	7.4621e-009	8.7982e-009	1.2741e-008	1.3947e-008	1.8262e-008	2.4448e-008	2.9759e-008	3.4695e-008	4.03e-008	4.6144e-008	5.2592e-008	5.7477e-008	6.2703e-008	6.678e-008	7.103e-008	7.6851e-008	8.0572e-008	8.4173e-008	8.628e-008	8.7832e-008	8.9239e-008	9.0836e-008	9.454e-008	9.4636e-008	9.3252e-008	9.3256e-008	9.2619e-008	9.1286e-008	9.0361e-008	8.9173e-008	8.8383e-008	8.642e-008	8.5576e-008	8.296e-008	8.1026e-008	7.9194e-008	7.7117e-008	7.4866e-008	7.3378e-008	6.9608e-008	6.8784e-008	6.674e-008	6.4738e-008	6.2756e-008	6.1531e-008	5.7091e-008	5.4743e-008	5.2006e-008	4.9662e-008	4.7479e-008	4.5976e-008	4.296e-008	4.0916e-008	3.9592e-008	3.7554e-008	3.4188e-008	3.2298e-008	2.8146e-008	2.6e-008	2.4265e-008	2.2084e-008	2.0413e-008	1.8027e-008	1.5998e-008	1.4046e-008	1.1846e-008	9.4795e-009	7.5359e-009	6.2551e-009	6.1102e-009	5.8415e-009	5.7717e-009	5.8312e-009	5.9217e-009	5.659e-009	5.1194e-009	5.7534e-009	5.7685e-009	5.8429e-009	5.99e-009	6.6958e-009	8.5173e-009	1.0245e-008	1.4384e-008	1.7112e-008	2.1585e-008	2.5129e-008	2.901e-008	3.6437e-008	4.292e-008	5.0086e-008	5.6552e-008	6.4407e-008	6.8244e-008	7.3997e-008	7.6944e-008	8.174e-008	8.3774e-008	8.5895e-008	8.8218e-008	9.0018e-008	9.2038e-008	9.2927e-008	9.4417e-008	9.5153e-008	9.4805e-008	9.4028e-008	9.2837e-008	9.2792e-008	9.0843e-008	8.8117e-008	8.6609e-008	8.4699e-008	8.0217e-008	7.89e-008	7.6777e-008	7.4436e-008	7.2666e-008	7.0683e-008	6.9605e-008	6.874e-008	6.767e-008	6.5485e-008	6.4148e-008	6.1966e-008	5.9929e-008	5.6289e-008	5.1012e-008	5.0785e-008	4.9458e-008	4.646e-008	4.3999e-008	4.2605e-008	3.9627e-008	3.5765e-008	3.4074e-008	3.0797e-008	2.8029e-008	2.588e-008	2.1767e-008	2.0397e-008	1.8691e-008	1.6497e-008	1.4366e-008	1.2684e-008	1.0063e-008	7.6972e-009	6.5545e-009	5.6198e-009	5.4425e-009	5.437e-009	5.4748e-009	5.3474e-009	5.0198e-009	4.7569e-009	5.1326e-009	5.4293e-009	5.1247e-009	5.6333e-009	6.4209e-009	7.3143e-009	8.7649e-009	1.1906e-008	1.3742e-008	1.602e-008	2.089e-008	2.4231e-008	2.9505e-008	3.3344e-008	3.8249e-008	4.3937e-008	4.9159e-008	5.5165e-008	6.1888e-008	6.7694e-008	7.2808e-008	7.6985e-008	8.2282e-008	8.5688e-008	9.0011e-008	9.2731e-008	9.3862e-008	9.4096e-008	9.4533e-008	9.5226e-008
2.1404e-009	2.2825e-009	2.4755e-009	2.7957e-009	3.0279e-009	3.5198e-009	3.4037e-009	4.3113e-009	6.3537e-009	8.5003e-009	1.1308e-008	1.5819e-008	2.1034e-008	2.6333e-008	3.1464e-008	3.7423e-008	4.3945e-008	5.3245e-008	6.069e-008	6.8048e-008	7.3758e-008	7.8169e-008	8.3896e-008	8.6654e-008	8.9982e-008	9.2033e-008	9.4568e-008	9.6597e-008	9.7454e-008	9.8108e-008	9.8192e-008	9.6988e-008	9.5546e-008	9.3283e-008	9.2235e-008	8.9926e-008	8.7946e-008	8.5678e-008	8.3575e-008	8.1335e-008	7.9351e-008	7.6424e-008	7.5822e-008	7.4752e-008	7.2649e-008	6.9658e-008	6.8395e-008	6.6544e-008	6.2453e-008	6.0202e-008	5.9032e-008	5.7366e-008	5.5002e-008	5.2448e-008	4.9735e-008	4.6879e-008	4.4272e-008	4.16e-008	3.7594e-008	3.6805e-008	3.5098e-008	3.223e-008	3.007e-008	2.9047e-008	2.6686e-008	2.4768e-008	2.2769e-008	2.1593e-008	2.013e-008	1.8376e-008	1.6259e-008	1.421e-008	1.2818e-008	1.0967e-008	9.7474e-009	8.1225e-009	7.2946e-009	6.7774e-009	5.834e-009	5.6053e-009	5.4638e-009	5.2217e-009	5.6792e-009	6.2827e-009	6.9665e-009	8.1512e-009	9.6038e-009	1.2458e-008	1.5071e-008	1.875e-008	2.1619e-008	2.6174e-008	3.0171e-008	3.5215e-008	3.9936e-008	4.3901e-008	5.0081e-008	5.6449e-008	6.2307e-008	6.8753e-008	7.2588e-008	7.5326e-008	7.7477e-008	8.3682e-008	8.5803e-008	8.8775e-008	9.13e-008	9.2346e-008	9.2845e-008	9.3641e-008	9.3816e-008	9.3615e-008	9.2265e-008	9.0494e-008	8.9287e-008	8.7604e-008	8.6049e-008	8.4233e-008	8.3477e-008	8.1679e-008	7.9646e-008	7.6158e-008	7.4848e-008	7.345e-008	7.2651e-008	7.1159e-008	6.956e-008	6.7042e-008	6.5279e-008	6.1095e-008	5.9987e-008	5.675e-008	5.4861e-008	5.121e-008	4.9273e-008	4.6064e-008	4.4246e-008	4.3609e-008	3.9148e-008	3.6475e-008	3.4815e-008	3.2632e-008	3.0022e-008	2.8283e-008	2.6565e-008	2.275e-008	2.2437e-008	1.9502e-008	1.7199e-008	1.5752e-008	1.3806e-008	1.0922e-008	9.1273e-009	8.0841e-009	6.4064e-009	6.1369e-009	5.8851e-009	6.039e-009	5.1732e-009	5.0349e-009	4.5225e-009	5.2797e-009	5.2845e-009	5.0473e-009	5.146e-009	5.0838e-009	6.1214e-009	6.5173e-009	7.2554e-009	7.704e-009	1.1469e-008	1.3678e-008	1.63e-008	2.2067e-008	2.7958e-008	3.5364e-008	4.2768e-008	5.0669e-008	5.6412e-008	6.2453e-008	6.8711e-008	7.4942e-008	7.8085e-008	8.2986e-008	8.4293e-008	8.666e-008	8.8809e-008	8.9983e-008	9.1081e-008	9.1764e-008	9.2614e-008	9.2733e-008	9.2599e-008	9.1729e-008	9.0475e-008	8.9323e-008	8.8993e-008	8.7352e-008	8.5239e-008	8.4252e-008	8.2996e-008	7.9839e-008	7.6349e-008	7.3497e-008	7.2354e-008	7.1088e-008	7.0402e-008	6.8487e-008	6.7373e-008	6.5041e-008	6.2926e-008	6.0007e-008	5.7449e-008	5.6285e-008	5.4919e-008	5.0077e-008	4.7624e-008	4.5784e-008	4.3894e-008	3.9216e-008	3.759e-008	3.5492e-008	3.3747e-008	3.24e-008	3.049e-008	2.8942e-008	2.6358e-008	2.4394e-008	2.2131e-008	1.9684e-008	1.833e-008	1.5281e-008	1.4127e-008	1.2317e-008	1.0375e-008	9.364e-009	7.2248e-009	6.3918e-009	6.1201e-009	5.8219e-009	5.8361e-009	6.0125e-009	5.3509e-009	6.3519e-009	6.7833e-009	7.0924e-009	8.7348e-009	1.0243e-008	1.3158e-008	1.5286e-008	1.6743e-008	2.1692e-008	2.4865e-008	3.1255e-008	3.4946e-008	4.133e-008	4.773e-008	5.362e-008	5.9811e-008	6.5464e-008	6.9863e-008	7.4745e-008	8.0695e-008	8.4873e-008	8.6994e-008	8.9494e-008	9.152e-008	9.3744e-008	9.4581e-008	9.6457e-008	9.5386e-008	9.4352e-008	9.2373e-008	9.1831e-008	9.1819e-008	8.96e-008	8.7101e-008	8.5049e-008	8.2511e-008	8.0587e-008	7.8291e-008	7.5931e-008	7.3851e-008	7.2251e-008	7.0864e-008	6.9611e-008	6.8658e-008	6.6357e-008	6.4395e-008	6.1701e-008	6.042e-008	5.7974e-008	5.5085e-008	5.3615e-008	4.909e-008	4.8371e-008	4.5728e-008	4.323e-008	3.9916e-008	3.7639e-008	3.6148e-008	3.2471e-008	3.1133e-008	2.8371e-008	2.6616e-008	2.4263e-008	2.2191e-008	1.8319e-008	1.5357e-008	1.406e-008	1.2513e-008	1.0941e-008	9.4011e-009	7.1933e-009	5.9061e-009	5.3472e-009	5.3988e-009	5.3832e-009	5.8166e-009	5.6306e-009	5.3253e-009	5.5288e-009	5.5719e-009	5.5612e-009	5.6321e-009	5.449e-009	6.0947e-009	7.2878e-009	9.1834e-009	1.2338e-008	1.383e-008	1.8493e-008	2.3069e-008	2.956e-008	3.4611e-008	4.1102e-008	4.6347e-008	5.4426e-008	5.8225e-008	6.3991e-008	6.8609e-008	7.0807e-008	7.8265e-008	8.2334e-008	8.3028e-008	8.7423e-008	8.9065e-008	9.0695e-008	9.1899e-008	9.4799e-008	9.4357e-008	9.4071e-008	9.3832e-008	9.3419e-008	9.274e-008	9.1723e-008	8.9829e-008	8.8621e-008	8.63e-008	8.5496e-008	8.365e-008	8.146e-008	8.0038e-008	7.63e-008	7.4904e-008	7.3323e-008	7.1229e-008	6.9376e-008	6.7969e-008	6.5901e-008	6.4011e-008	6.2151e-008	5.6687e-008	5.6125e-008	5.2324e-008	5.0148e-008	4.7289e-008	4.4555e-008	4.302e-008	4.0634e-008	3.9617e-008	3.5601e-008	3.454e-008	3.1827e-008	2.9297e-008	2.694e-008	2.4945e-008	2.2047e-008	2.0222e-008	1.7709e-008	1.5921e-008	1.3114e-008	1.0607e-008	9.1386e-009	7.6111e-009	6.7797e-009	6.5604e-009	6.3825e-009	5.761e-009	6.1968e-009	6.3368e-009	5.7682e-009	5.8508e-009	6.0512e-009	6.0608e-009	6.4347e-009	6.7969e-009	7.0966e-009	9.0468e-009	1.1157e-008	1.4302e-008	1.7323e-008	2.1032e-008	2.6115e-008	3.1127e-008	3.7367e-008	4.3702e-008	5.1079e-008	5.6996e-008	6.0943e-008	6.9859e-008	7.4306e-008	7.8822e-008	8.1329e-008	8.3668e-008	8.7104e-008	8.9606e-008	9.0061e-008	9.1898e-008	9.3057e-008	9.391e-008	9.5368e-008	9.5292e-008	9.472e-008	9.3203e-008	9.2915e-008	9.101e-008	8.7412e-008	8.6567e-008	8.4991e-008	8.1327e-008	7.8045e-008	7.7257e-008	7.547e-008	7.3516e-008	7.2018e-008	7.0077e-008	6.888e-008	6.7664e-008	6.6111e-008	6.3848e-008	6.2388e-008	5.9929e-008	5.7157e-008	5.3397e-008	5.1143e-008	4.8524e-008	4.6737e-008	4.4337e-008	4.1623e-008	3.8961e-008	3.6064e-008	3.3832e-008	3.146e-008	2.8432e-008	2.6478e-008	2.3657e-008	2.1284e-008	1.8362e-008	1.6431e-008	1.3669e-008	1.2013e-008	1.064e-008	7.7716e-009	6.7966e-009	6.3552e-009	6.0987e-009	5.5794e-009	6.1809e-009	5.3705e-009	5.8236e-009	5.4352e-009	5.2809e-009	5.3596e-009	5.0786e-009	5.3696e-009	5.9045e-009	7.0557e-009	8.6692e-009	1.1783e-008	1.5264e-008	1.7711e-008	2.1142e-008	2.3716e-008	2.9026e-008	3.2449e-008	3.7665e-008	4.4763e-008	5.161e-008	5.7137e-008	6.1955e-008	6.8214e-008	7.2956e-008	7.7789e-008	8.0887e-008	8.5249e-008	9.037e-008	9.1719e-008	9.2693e-008	9.3889e-008	9.4404e-008	9.4818e-008
2.7124e-009	2.5541e-009	2.9289e-009	3.0646e-009	3.4942e-009	3.7277e-009	3.6147e-009	4.2494e-009	5.8843e-009	9.441e-009	1.2082e-008	1.6703e-008	2.1106e-008	2.5484e-008	3.1213e-008	3.8043e-008	4.4488e-008	5.3594e-008	6.0697e-008	6.8314e-008	7.4558e-008	7.9037e-008	8.3629e-008	8.6765e-008	9.0354e-008	9.265e-008	9.3859e-008	9.7615e-008	9.8262e-008	9.8575e-008	9.8523e-008	9.677e-008	9.4854e-008	9.3246e-008	9.1536e-008	8.9997e-008	8.7409e-008	8.5331e-008	8.343e-008	8.1418e-008	7.9005e-008	7.6633e-008	7.5251e-008	7.4217e-008	7.2155e-008	7.1018e-008	6.8658e-008	6.6039e-008	6.1733e-008	5.9955e-008	5.8166e-008	5.6707e-008	5.5317e-008	5.1724e-008	4.9144e-008	4.7358e-008	4.4597e-008	4.1252e-008	3.7614e-008	3.6869e-008	3.523e-008	3.3101e-008	3.102e-008	2.917e-008	2.7588e-008	2.5364e-008	2.3251e-008	2.1428e-008	1.9984e-008	1.8851e-008	1.7449e-008	1.5619e-008	1.337e-008	1.2093e-008	1.0276e-008	9.267e-009	8.0994e-009	7.5853e-009	6.3079e-009	6.6993e-009	5.9494e-009	6.1944e-009	6.9619e-009	7.5436e-009	7.7265e-009	9.3845e-009	1.1223e-008	1.3786e-008	1.6804e-008	2.0174e-008	2.2951e-008	2.5812e-008	2.9913e-008	3.6033e-008	4.1336e-008	4.6392e-008	5.1499e-008	5.7093e-008	6.3193e-008	6.8948e-008	7.3436e-008	7.6275e-008	7.9922e-008	8.2628e-008	8.6104e-008	8.9494e-008	9.1299e-008	9.2574e-008	9.316e-008	9.3486e-008	9.347e-008	9.2856e-008	9.2022e-008	9.077e-008	8.9135e-008	8.7214e-008	8.5553e-008	8.5165e-008	8.3975e-008	8.1331e-008	7.9797e-008	7.7313e-008	7.5193e-008	7.4486e-008	7.3572e-008	7.0683e-008	6.9324e-008	6.7097e-008	6.4285e-008	6.2064e-008	5.9971e-008	5.706e-008	5.3904e-008	5.2125e-008	4.9927e-008	4.7138e-008	4.4908e-008	4.2748e-008	4.1008e-008	3.9122e-008	3.5684e-008	3.3505e-008	2.9671e-008	2.7958e-008	2.6913e-008	2.4853e-008	2.3012e-008	2.0806e-008	1.8003e-008	1.6053e-008	1.4725e-008	1.1028e-008	1.0769e-008	8.5505e-009	7.3308e-009	6.2382e-009	5.6684e-009	5.4999e-009	5.4409e-009	5.0201e-009	5.0661e-009	5.1603e-009	5.6234e-009	5.3527e-009	5.4598e-009	5.5438e-009	5.7839e-009	6.4969e-009	7.355e-009	8.8936e-009	1.065e-008	1.4432e-008	1.7603e-008	2.3291e-008	2.791e-008	3.5118e-008	4.1647e-008	4.9931e-008	5.696e-008	6.4005e-008	7.0199e-008	7.5886e-008	8.0998e-008	8.3915e-008	8.5994e-008	8.7552e-008	8.817e-008	9.1888e-008	9.1851e-008	9.2882e-008	9.2462e-008	9.2581e-008	9.224e-008	9.1958e-008	9.1874e-008	9.0464e-008	8.8883e-008	8.7662e-008	8.6177e-008	8.517e-008	8.3527e-008	7.8983e-008	7.7181e-008	7.4903e-008	7.2971e-008	7.1011e-008	6.9178e-008	6.7485e-008	6.5815e-008	6.5363e-008	6.2773e-008	5.9849e-008	5.8386e-008	5.6262e-008	5.258e-008	4.8489e-008	4.7775e-008	4.5815e-008	4.3444e-008	4.0643e-008	3.8277e-008	3.6029e-008	3.4319e-008	3.2384e-008	3.0242e-008	2.8689e-008	2.5886e-008	2.4413e-008	2.1589e-008	1.9747e-008	1.8202e-008	1.6594e-008	1.478e-008	1.26e-008	1.0707e-008	9.5876e-009	8.1992e-009	6.9981e-009	6.7638e-009	6.3549e-009	5.9397e-009	5.7538e-009	5.6627e-009	6.0729e-009	6.6407e-009	7.1059e-009	8.6533e-009	1.1074e-008	1.3448e-008	1.5439e-008	1.8496e-008	2.1911e-008	2.5777e-008	2.9618e-008	3.4621e-008	3.9921e-008	4.7221e-008	5.3568e-008	6.0337e-008	6.5862e-008	7.0061e-008	7.5866e-008	8.193e-008	8.5328e-008	8.8218e-008	8.9468e-008	9.1815e-008	9.3221e-008	9.548e-008	9.6867e-008	9.6387e-008	9.479e-008	9.3091e-008	9.249e-008	9.2878e-008	9.2087e-008	9.0075e-008	8.4838e-008	8.1601e-008	8.0128e-008	7.8568e-008	7.6614e-008	7.3963e-008	7.313e-008	7.2275e-008	7.0632e-008	6.9122e-008	6.7219e-008	6.522e-008	6.31e-008	6.0914e-008	5.8819e-008	5.6676e-008	5.3993e-008	5.1252e-008	4.8894e-008	4.5965e-008	4.309e-008	4.028e-008	3.8887e-008	3.6209e-008	3.3281e-008	3.0682e-008	2.8286e-008	2.7238e-008	2.4418e-008	2.1836e-008	1.8588e-008	1.6529e-008	1.4422e-008	1.3329e-008	1.1428e-008	8.5386e-009	7.0337e-009	6.2785e-009	5.5843e-009	5.9906e-009	6.0699e-009	5.7145e-009	5.0045e-009	4.9203e-009	5.1448e-009	5.1557e-009	5.6562e-009	5.7813e-009	5.6811e-009	5.9482e-009	7.3578e-009	9.4872e-009	1.214e-008	1.4154e-008	1.8752e-008	2.2237e-008	2.8134e-008	3.3805e-008	4.0792e-008	4.6117e-008	5.5032e-008	6.0309e-008	6.5881e-008	6.8904e-008	7.3837e-008	7.9465e-008	8.4151e-008	8.8723e-008	8.9895e-008	9.0907e-008	9.2058e-008	9.1987e-008	9.3918e-008	9.3697e-008	9.3839e-008	9.4045e-008	9.3718e-008	9.3169e-008	9.2075e-008	9.0696e-008	8.9182e-008	8.7263e-008	8.5935e-008	8.3882e-008	8.1514e-008	7.9074e-008	7.4817e-008	7.4147e-008	7.2524e-008	7.0472e-008	6.9036e-008	6.7379e-008	6.5961e-008	6.4531e-008	6.1891e-008	5.9811e-008	5.6218e-008	5.1709e-008	4.9712e-008	4.6967e-008	4.4927e-008	4.2933e-008	4.0934e-008	3.8043e-008	3.6144e-008	3.3818e-008	3.1019e-008	2.7056e-008	2.6038e-008	2.3021e-008	2.1006e-008	1.8614e-008	1.655e-008	1.5096e-008	1.2895e-008	1.0447e-008	8.4919e-009	7.6914e-009	6.7367e-009	6.338e-009	6.077e-009	6.2012e-009	6.0213e-009	6.2226e-009	5.8264e-009	6.0447e-009	5.963e-009	5.6797e-009	5.9392e-009	6.7568e-009	7.3787e-009	8.8814e-009	1.1413e-008	1.4318e-008	1.7974e-008	2.2071e-008	2.6314e-008	3.2845e-008	3.7355e-008	4.4156e-008	5.2916e-008	5.7862e-008	6.2105e-008	6.6944e-008	7.3512e-008	7.8858e-008	8.2127e-008	8.4162e-008	8.6713e-008	8.9691e-008	9.0954e-008	9.279e-008	9.3175e-008	9.3993e-008	9.4999e-008	9.5539e-008	9.4714e-008	9.4304e-008	9.3413e-008	9.1036e-008	8.8903e-008	8.8387e-008	8.431e-008	8.2749e-008	8.0004e-008	7.7854e-008	7.6086e-008	7.3851e-008	7.2088e-008	7.0719e-008	6.9709e-008	6.8144e-008	6.6803e-008	6.3571e-008	6.1327e-008	5.9259e-008	5.699e-008	5.3511e-008	5.1272e-008	4.8769e-008	4.6439e-008	4.4134e-008	4.1347e-008	3.8309e-008	3.6546e-008	3.3954e-008	3.1627e-008	2.9104e-008	2.5757e-008	2.4423e-008	2.2269e-008	1.8138e-008	1.7142e-008	1.4323e-008	1.2139e-008	1.0947e-008	9.0625e-009	7.5659e-009	7.3634e-009	6.7417e-009	6.3106e-009	5.7621e-009	5.7212e-009	5.7903e-009	5.6923e-009	5.2887e-009	5.1216e-009	5.662e-009	5.9365e-009	6.1121e-009	6.8092e-009	7.7181e-009	1.169e-008	1.4955e-008	1.781e-008	2.0124e-008	2.3434e-008	2.8701e-008	3.1797e-008	3.9383e-008	4.6859e-008	5.0823e-008	5.7234e-008	6.1814e-008	6.7699e-008	7.2643e-008	7.7694e-008	8.2347e-008	8.4581e-008	9.0046e-008	9.1163e-008	9.2502e-008	9.3433e-008	9.3673e-008	9.4002e-008
2.8885e-009	2.9769e-009	2.8429e-009	2.9027e-009	3.9089e-009	3.7966e-009	3.7364e-009	4.7231e-009	6.4309e-009	8.9735e-009	1.231e-008	1.7143e-008	2.0802e-008	2.6706e-008	3.2743e-008	3.8495e-008	4.5368e-008	5.3922e-008	6.2006e-008	6.9374e-008	7.4983e-008	8.0208e-008	8.4069e-008	8.6403e-008	8.9668e-008	9.3628e-008	9.5651e-008	9.7037e-008	9.824e-008	9.8493e-008	9.8315e-008	9.6278e-008	9.5417e-008	9.4322e-008	9.2497e-008	9.1105e-008	8.7651e-008	8.5551e-008	8.277e-008	8.0517e-008	7.8672e-008	7.6082e-008	7.5365e-008	7.3908e-008	7.2014e-008	7.0443e-008	6.8592e-008	6.4807e-008	6.0214e-008	5.9204e-008	5.742e-008	5.5916e-008	5.4513e-008	5.1233e-008	4.8321e-008	4.6094e-008	4.423e-008	3.9588e-008	3.7475e-008	3.7156e-008	3.5728e-008	3.2885e-008	3.1355e-008	2.9562e-008	2.7706e-008	2.5318e-008	2.3764e-008	2.2345e-008	2.0449e-008	1.848e-008	1.715e-008	1.5367e-008	1.437e-008	1.2935e-008	1.126e-008	9.9822e-009	9.0657e-009	8.389e-009	7.6383e-009	7.618e-009	6.9539e-009	7.0312e-009	7.9401e-009	8.2149e-009	9.5015e-009	1.033e-008	1.2325e-008	1.4557e-008	1.754e-008	2.032e-008	2.3251e-008	2.6852e-008	3.0154e-008	3.6032e-008	4.158e-008	4.6701e-008	5.2086e-008	5.8556e-008	6.4229e-008	6.8944e-008	7.2368e-008	7.6999e-008	7.9691e-008	8.3096e-008	8.6381e-008	8.9079e-008	9.1409e-008	9.2982e-008	9.3693e-008	9.4956e-008	9.4074e-008	9.2302e-008	9.1999e-008	9.1076e-008	9.0008e-008	8.8136e-008	8.6442e-008	8.5086e-008	8.4675e-008	8.2585e-008	7.9781e-008	7.7296e-008	7.5558e-008	7.5026e-008	7.4783e-008	7.1781e-008	6.7891e-008	6.6795e-008	6.4989e-008	6.1747e-008	5.9712e-008	5.775e-008	5.4776e-008	5.2633e-008	5.0452e-008	4.7607e-008	4.5563e-008	4.2906e-008	4.1132e-008	3.9001e-008	3.7117e-008	3.3286e-008	2.9954e-008	2.9439e-008	2.7095e-008	2.503e-008	2.2517e-008	2.1021e-008	1.828e-008	1.6943e-008	1.4239e-008	1.1952e-008	1.0591e-008	9.2237e-009	7.3987e-009	6.6196e-009	5.9933e-009	5.9877e-009	5.3425e-009	5.2779e-009	5.4622e-009	5.8769e-009	5.7428e-009	5.7267e-009	5.71e-009	5.6341e-009	5.914e-009	6.7345e-009	7.8508e-009	9.6949e-009	1.1921e-008	1.5527e-008	1.9572e-008	2.3814e-008	2.9571e-008	3.4563e-008	4.1959e-008	4.9773e-008	5.7583e-008	6.4536e-008	7.0682e-008	7.5022e-008	8.1246e-008	8.3797e-008	8.6401e-008	8.8073e-008	9.0443e-008	9.2377e-008	9.3481e-008	9.3658e-008	9.309e-008	9.3076e-008	9.2306e-008	9.2293e-008	9.2249e-008	9.0549e-008	8.9816e-008	8.8119e-008	8.6927e-008	8.5969e-008	8.2903e-008	8.0306e-008	7.7946e-008	7.6332e-008	7.4673e-008	7.1052e-008	6.8456e-008	6.6597e-008	6.5882e-008	6.3066e-008	6.0468e-008	5.9858e-008	5.8499e-008	5.6481e-008	5.2868e-008	4.8781e-008	4.8018e-008	4.5972e-008	4.2318e-008	4.0536e-008	3.9094e-008	3.6341e-008	3.4583e-008	3.2119e-008	2.9459e-008	2.8527e-008	2.6875e-008	2.5128e-008	2.3182e-008	2.1078e-008	1.9591e-008	1.6766e-008	1.5337e-008	1.2422e-008	1.0421e-008	9.6768e-009	8.7597e-009	6.8272e-009	6.7049e-009	6.649e-009	6.5047e-009	6.1473e-009	5.7152e-009	6.2559e-009	6.7807e-009	7.5273e-009	8.8329e-009	1.0197e-008	1.3481e-008	1.6065e-008	1.8678e-008	2.2307e-008	2.6283e-008	2.9173e-008	3.4724e-008	4.0499e-008	4.7441e-008	5.3085e-008	6.0015e-008	6.5297e-008	7.042e-008	7.7263e-008	8.0616e-008	8.5144e-008	8.8539e-008	8.9223e-008	9.0549e-008	9.2995e-008	9.4179e-008	9.5021e-008	9.4001e-008	9.3095e-008	9.2899e-008	9.2785e-008	9.348e-008	9.1253e-008	9.0719e-008	8.7385e-008	8.3699e-008	8.1307e-008	7.9698e-008	7.7651e-008	7.6016e-008	7.5224e-008	7.2961e-008	7.1566e-008	6.8942e-008	6.7715e-008	6.6016e-008	6.349e-008	6.1538e-008	5.9882e-008	5.5925e-008	5.4351e-008	5.1701e-008	4.9476e-008	4.7027e-008	4.3465e-008	4.1886e-008	3.8679e-008	3.6087e-008	3.3224e-008	3.0494e-008	2.8377e-008	2.6603e-008	2.4907e-008	1.9671e-008	1.9085e-008	1.7652e-008	1.515e-008	1.3227e-008	1.0963e-008	8.198e-009	6.979e-009	6.1315e-009	5.6638e-009	6.0067e-009	5.6168e-009	5.4283e-009	5.5933e-009	5.4261e-009	5.4631e-009	5.1679e-009	5.5618e-009	5.4164e-009	6.2824e-009	6.1771e-009	7.5478e-009	9.49e-009	1.2056e-008	1.4721e-008	1.7718e-008	2.2296e-008	2.6606e-008	3.168e-008	3.992e-008	4.5917e-008	5.4445e-008	6.0281e-008	6.6301e-008	6.9256e-008	7.4724e-008	7.7858e-008	7.9844e-008	8.8613e-008	9.0343e-008	9.1366e-008	9.3048e-008	9.3239e-008	9.3121e-008	9.3319e-008	9.3642e-008	9.3765e-008	9.316e-008	9.3062e-008	9.2081e-008	9.0802e-008	8.7894e-008	8.7283e-008	8.5656e-008	8.3742e-008	8.2006e-008	7.9012e-008	7.6625e-008	7.4404e-008	7.2551e-008	7.1415e-008	6.9168e-008	6.792e-008	6.6879e-008	6.4747e-008	6.1112e-008	5.9212e-008	5.5176e-008	5.2434e-008	4.9977e-008	4.7393e-008	4.5058e-008	4.3229e-008	4.1214e-008	3.7171e-008	3.5658e-008	3.3378e-008	3.1449e-008	2.8059e-008	2.4847e-008	2.3061e-008	2.1173e-008	1.8828e-008	1.6939e-008	1.3015e-008	1.1355e-008	9.6668e-009	8.4491e-009	7.304e-009	6.7375e-009	6.6029e-009	6.5636e-009	6.4738e-009	5.8212e-009	5.4366e-009	6.09e-009	6.2047e-009	5.7239e-009	5.6609e-009	6.4504e-009	6.9203e-009	7.5661e-009	8.9885e-009	1.0842e-008	1.4222e-008	1.9757e-008	2.3092e-008	2.6905e-008	3.2647e-008	3.863e-008	4.5571e-008	5.412e-008	5.9358e-008	6.491e-008	6.8881e-008	7.2857e-008	7.5747e-008	8.0553e-008	8.4435e-008	8.6288e-008	8.9291e-008	9.1939e-008	9.3078e-008	9.3091e-008	9.3358e-008	9.4481e-008	9.4848e-008	9.3991e-008	9.3929e-008	9.3943e-008	9.2018e-008	9.0353e-008	8.8159e-008	8.5705e-008	8.3552e-008	8.022e-008	7.8363e-008	7.6775e-008	7.4915e-008	7.3822e-008	7.0913e-008	6.9801e-008	6.728e-008	6.5123e-008	6.2656e-008	6.092e-008	5.9279e-008	5.7514e-008	5.3292e-008	5.1118e-008	4.9197e-008	4.7216e-008	4.4716e-008	4.2177e-008	3.8647e-008	3.7361e-008	3.5417e-008	3.319e-008	3.0453e-008	2.7535e-008	2.4559e-008	2.1964e-008	1.9862e-008	1.6998e-008	1.5287e-008	1.2789e-008	1.0853e-008	8.6365e-009	7.4656e-009	7.0198e-009	6.3051e-009	6.0307e-009	5.7349e-009	5.8976e-009	5.9325e-009	5.9373e-009	5.9524e-009	5.806e-009	5.9462e-009	6.4824e-009	5.9282e-009	7.3858e-009	8.8492e-009	1.1543e-008	1.4693e-008	1.7254e-008	2.0871e-008	2.395e-008	2.7894e-008	3.4969e-008	4.0667e-008	4.9135e-008	5.4895e-008	5.9918e-008	6.3711e-008	6.9437e-008	7.3133e-008	7.8648e-008	8.4005e-008	8.5541e-008	8.9352e-008	9.0959e-008	9.233e-008	9.2988e-008	9.3993e-008	9.375e-008
2.7881e-009	2.7396e-009	2.4788e-009	3.0095e-009	3.5962e-009	3.7902e-009	3.6718e-009	4.547e-009	6.3872e-009	9.4154e-009	1.1372e-008	1.5642e-008	2.1337e-008	2.8002e-008	3.4342e-008	3.9628e-008	4.7271e-008	5.5331e-008	6.2526e-008	6.9038e-008	7.4742e-008	7.9588e-008	8.3828e-008	8.6513e-008	8.9619e-008	9.3842e-008	9.6415e-008	9.7621e-008	9.8277e-008	9.8296e-008	9.8021e-008	9.6524e-008	9.6191e-008	9.5594e-008	9.3394e-008	9.1878e-008	8.8132e-008	8.5503e-008	8.2579e-008	8.064e-008	7.9307e-008	7.7145e-008	7.5455e-008	7.3776e-008	7.2622e-008	7.0353e-008	6.6999e-008	6.4999e-008	6.1731e-008	5.9481e-008	5.6895e-008	5.5363e-008	5.4229e-008	5.2481e-008	4.8849e-008	4.5546e-008	4.4439e-008	4.0878e-008	3.8507e-008	3.7589e-008	3.5825e-008	3.3794e-008	3.1654e-008	2.9702e-008	2.8396e-008	2.604e-008	2.378e-008	2.3211e-008	1.9422e-008	1.7892e-008	1.7543e-008	1.6325e-008	1.4352e-008	1.3604e-008	1.1925e-008	1.0469e-008	1.0213e-008	9.0259e-009	8.1622e-009	8.071e-009	7.7734e-009	7.8943e-009	8.6386e-009	9.1591e-009	1.032e-008	1.1222e-008	1.2935e-008	1.3859e-008	1.83e-008	2.1008e-008	2.4099e-008	2.7326e-008	3.1604e-008	3.6769e-008	4.1749e-008	4.8416e-008	5.4047e-008	5.8557e-008	6.4782e-008	6.9586e-008	7.1944e-008	7.6506e-008	7.9896e-008	8.2224e-008	8.5311e-008	8.8192e-008	8.928e-008	9.3561e-008	9.4838e-008	9.6343e-008	9.4744e-008	9.3028e-008	9.2327e-008	9.1438e-008	8.9389e-008	8.9472e-008	8.9571e-008	8.7163e-008	8.5228e-008	8.2146e-008	7.93e-008	7.7635e-008	7.6074e-008	7.5857e-008	7.4509e-008	7.1025e-008	6.867e-008	6.6723e-008	6.3927e-008	6.205e-008	6.0366e-008	5.8246e-008	5.6754e-008	5.3895e-008	5.044e-008	4.7582e-008	4.5509e-008	4.3844e-008	4.1964e-008	3.9858e-008	3.6895e-008	3.378e-008	3.2074e-008	2.9314e-008	2.5643e-008	2.4985e-008	2.3275e-008	2.1315e-008	1.8833e-008	1.7943e-008	1.4892e-008	1.38e-008	1.1057e-008	9.6765e-009	8.0932e-009	7.1475e-009	6.3583e-009	6.2909e-009	5.8166e-009	5.608e-009	5.7502e-009	5.7042e-009	5.3804e-009	5.5415e-009	5.554e-009	5.8117e-009	6.3485e-009	6.8298e-009	8.0531e-009	1.0245e-008	1.2134e-008	1.6115e-008	1.9894e-008	2.4917e-008	3.0414e-008	3.548e-008	4.2863e-008	5.0259e-008	5.825e-008	6.5632e-008	7.0156e-008	7.4796e-008	8.0066e-008	8.3388e-008	8.744e-008	8.8498e-008	9.1657e-008	9.2706e-008	9.413e-008	9.3881e-008	9.3731e-008	9.2926e-008	9.2983e-008	9.2733e-008	9.2153e-008	9.1138e-008	8.9292e-008	8.7868e-008	8.7032e-008	8.5589e-008	8.3616e-008	8.1678e-008	7.7428e-008	7.6498e-008	7.4613e-008	7.1972e-008	6.8351e-008	6.6151e-008	6.4637e-008	6.2736e-008	6.1542e-008	5.937e-008	5.7062e-008	5.6231e-008	5.337e-008	5.0154e-008	4.8252e-008	4.5546e-008	4.2569e-008	4.1056e-008	3.9481e-008	3.679e-008	3.4552e-008	3.2151e-008	3.0286e-008	2.8739e-008	2.6651e-008	2.5356e-008	2.3422e-008	2.1363e-008	1.9725e-008	1.723e-008	1.4695e-008	1.3342e-008	1.1269e-008	1.0349e-008	8.9994e-009	7.5177e-009	6.4788e-009	6.4228e-009	6.3448e-009	6.774e-009	6.8994e-009	6.4105e-009	6.8629e-009	7.5302e-009	8.6104e-009	1.0021e-008	1.2231e-008	1.5454e-008	1.8842e-008	2.1801e-008	2.6464e-008	3.0256e-008	3.4371e-008	3.9248e-008	4.6532e-008	5.2534e-008	5.8907e-008	6.4323e-008	6.96e-008	7.6098e-008	8.1983e-008	8.6176e-008	8.8893e-008	8.9669e-008	9.1065e-008	9.1852e-008	9.2825e-008	9.3066e-008	9.3643e-008	9.2872e-008	9.2443e-008	9.2858e-008	9.2403e-008	9.069e-008	8.8896e-008	8.6112e-008	8.3501e-008	8.2387e-008	7.981e-008	7.8314e-008	7.6943e-008	7.5386e-008	7.2234e-008	7.1486e-008	6.986e-008	6.8293e-008	6.5173e-008	6.336e-008	6.2318e-008	5.9592e-008	5.7301e-008	5.4561e-008	5.2166e-008	4.8774e-008	4.6868e-008	4.381e-008	4.109e-008	3.8729e-008	3.6806e-008	2.9809e-008	2.8802e-008	2.8602e-008	2.5736e-008	2.4389e-008	2.2098e-008	1.9416e-008	1.7714e-008	1.4836e-008	1.3644e-008	1.0296e-008	8.5516e-009	7.233e-009	5.9739e-009	5.3775e-009	5.2987e-009	5.5058e-009	5.4406e-009	5.1646e-009	5.3052e-009	5.449e-009	5.8748e-009	6.1585e-009	5.9622e-009	5.8058e-009	6.2422e-009	7.1377e-009	9.0057e-009	1.0948e-008	1.3909e-008	1.8092e-008	2.1206e-008	2.568e-008	2.8813e-008	3.8019e-008	4.5699e-008	5.4191e-008	5.9937e-008	6.5737e-008	6.8576e-008	7.41e-008	7.7257e-008	8.3584e-008	8.8025e-008	9.0734e-008	9.2863e-008	9.4277e-008	9.4382e-008	9.4049e-008	9.3536e-008	9.3947e-008	9.3409e-008	9.3195e-008	9.2972e-008	9.1846e-008	9.1275e-008	8.9194e-008	8.7691e-008	8.5611e-008	8.3296e-008	8.1027e-008	7.8841e-008	7.694e-008	7.5656e-008	7.2431e-008	7.101e-008	6.9167e-008	6.8009e-008	6.7327e-008	6.4232e-008	6.1018e-008	5.7253e-008	5.5178e-008	5.3159e-008	5.0277e-008	4.6495e-008	4.4468e-008	4.2424e-008	3.9519e-008	3.6384e-008	3.4233e-008	3.3293e-008	2.8268e-008	2.6082e-008	2.5016e-008	2.3303e-008	2.067e-008	1.7092e-008	1.5297e-008	1.1205e-008	1.0458e-008	9.3054e-009	8.2114e-009	7.187e-009	6.622e-009	6.8347e-009	6.1041e-009	6.0876e-009	5.8106e-009	5.7767e-009	5.9094e-009	5.8528e-009	6.1047e-009	6.0542e-009	6.2797e-009	6.9302e-009	7.7717e-009	8.9755e-009	1.0995e-008	1.4121e-008	1.8123e-008	2.2369e-008	2.7788e-008	3.3036e-008	3.75e-008	4.4508e-008	5.3674e-008	5.9858e-008	6.4586e-008	6.9056e-008	7.1567e-008	7.3873e-008	7.9254e-008	8.3451e-008	8.6971e-008	8.9681e-008	9.1409e-008	9.2571e-008	9.311e-008	9.3362e-008	9.359e-008	9.4152e-008	9.3735e-008	9.3205e-008	9.3266e-008	9.0944e-008	8.9282e-008	8.6777e-008	8.5436e-008	8.3478e-008	7.9549e-008	7.822e-008	7.6755e-008	7.5813e-008	7.474e-008	7.1699e-008	7.0095e-008	6.7722e-008	6.5029e-008	6.2709e-008	6.0721e-008	5.8806e-008	5.744e-008	5.2777e-008	5.1651e-008	4.9814e-008	4.7292e-008	4.4043e-008	4.1539e-008	3.8587e-008	3.7057e-008	3.4819e-008	3.3082e-008	3.0448e-008	2.7529e-008	2.4809e-008	2.1767e-008	1.9826e-008	1.8071e-008	1.4033e-008	1.26e-008	1.0511e-008	8.7967e-009	7.3045e-009	6.8e-009	6.4158e-009	6.2439e-009	5.7327e-009	5.9523e-009	6.1353e-009	5.9183e-009	5.9998e-009	5.6214e-009	6.15e-009	5.7739e-009	6.1665e-009	7.265e-009	9.3248e-009	1.1458e-008	1.4326e-008	1.687e-008	2.0923e-008	2.3839e-008	2.923e-008	3.4454e-008	4.1984e-008	4.8975e-008	5.5039e-008	6.0994e-008	6.5399e-008	7.0266e-008	7.5136e-008	7.9745e-008	8.3963e-008	8.6434e-008	8.8843e-008	9.0821e-008	9.2259e-008	9.2862e-008	9.3711e-008	9.3609e-008
2.997e-009	2.7125e-009	2.9279e-009	3.0788e-009	3.7125e-009	3.6172e-009	4.1956e-009	4.9914e-009	6.2977e-009	9.0846e-009	1.2625e-008	1.533e-008	2.1759e-008	2.8889e-008	3.5166e-008	4.2568e-008	4.9409e-008	5.6365e-008	6.3951e-008	6.9666e-008	7.471e-008	7.8575e-008	8.3305e-008	8.6875e-008	9.0241e-008	9.3417e-008	9.6644e-008	9.8315e-008	9.8633e-008	9.8617e-008	9.8699e-008	9.755e-008	9.6534e-008	9.6027e-008	9.5342e-008	9.1457e-008	8.695e-008	8.6101e-008	8.397e-008	8.1698e-008	7.9137e-008	7.7976e-008	7.6189e-008	7.3892e-008	7.2173e-008	7.0471e-008	6.8362e-008	6.4114e-008	6.1602e-008	5.8732e-008	5.6421e-008	5.5346e-008	5.4395e-008	5.2452e-008	5.0091e-008	4.7642e-008	4.3893e-008	4.2646e-008	4.0042e-008	3.7956e-008	3.626e-008	3.492e-008	3.2846e-008	3.0611e-008	2.8464e-008	2.6672e-008	2.4942e-008	2.3351e-008	2.0101e-008	1.8972e-008	1.7881e-008	1.6518e-008	1.4689e-008	1.4035e-008	1.2583e-008	1.1756e-008	1.0553e-008	9.5868e-009	9.2476e-009	8.7046e-009	8.2475e-009	8.5029e-009	9.3899e-009	1.0678e-008	1.1465e-008	1.2258e-008	1.3741e-008	1.6156e-008	1.9314e-008	2.2231e-008	2.4827e-008	2.7705e-008	3.2466e-008	3.6304e-008	4.1897e-008	4.9128e-008	5.3006e-008	5.9505e-008	6.2199e-008	6.83e-008	7.1066e-008	7.6809e-008	7.844e-008	8.2451e-008	8.6212e-008	8.8339e-008	9.2057e-008	9.4197e-008	9.5204e-008	9.6023e-008	9.579e-008	9.4163e-008	9.297e-008	9.1543e-008	8.9669e-008	8.9553e-008	9.0099e-008	8.8724e-008	8.4809e-008	8.107e-008	7.9882e-008	7.8291e-008	7.6548e-008	7.5907e-008	7.3626e-008	7.1955e-008	6.913e-008	6.6513e-008	6.3996e-008	6.2027e-008	6.0058e-008	5.861e-008	5.7344e-008	5.3651e-008	5.1646e-008	4.8909e-008	4.6077e-008	4.4794e-008	4.2241e-008	4.0106e-008	3.7317e-008	3.4407e-008	3.1974e-008	2.8997e-008	2.6612e-008	2.4608e-008	2.3117e-008	2.1653e-008	1.9657e-008	1.7702e-008	1.6463e-008	1.3551e-008	1.2193e-008	1.0165e-008	8.4053e-009	7.4578e-009	7.0199e-009	6.628e-009	5.9451e-009	5.6499e-009	5.7065e-009	5.6312e-009	5.4941e-009	5.7959e-009	5.8713e-009	6.0443e-009	6.3357e-009	7.0821e-009	8.0132e-009	1.024e-008	1.2762e-008	1.6596e-008	2.1268e-008	2.6285e-008	3.0481e-008	3.6445e-008	4.3684e-008	5.1044e-008	5.8162e-008	6.4687e-008	6.9276e-008	7.465e-008	7.9252e-008	8.4279e-008	8.6987e-008	8.8086e-008	9.1447e-008	9.3568e-008	9.4571e-008	9.3981e-008	9.4072e-008	9.3959e-008	9.3628e-008	9.2945e-008	9.2443e-008	9.1697e-008	8.9708e-008	8.8833e-008	8.7749e-008	8.3865e-008	8.32e-008	8.1893e-008	8.0318e-008	7.7348e-008	7.5776e-008	7.3276e-008	6.9644e-008	6.7372e-008	6.4809e-008	6.2802e-008	6.0744e-008	5.8365e-008	5.661e-008	5.5379e-008	5.2653e-008	5.0618e-008	4.88e-008	4.6871e-008	4.3401e-008	4.1118e-008	3.8021e-008	3.6546e-008	3.5423e-008	3.2527e-008	3.0364e-008	2.8881e-008	2.7532e-008	2.6183e-008	2.3266e-008	2.1723e-008	2.0181e-008	1.8301e-008	1.5741e-008	1.4344e-008	1.1924e-008	1.0094e-008	8.9394e-009	7.805e-009	6.6814e-009	6.4245e-009	6.5385e-009	6.6055e-009	6.3087e-009	6.1607e-009	6.5718e-009	7.164e-009	8.7057e-009	9.94e-009	1.2693e-008	1.4598e-008	1.9201e-008	2.1877e-008	2.6283e-008	3.0631e-008	3.5391e-008	3.9675e-008	4.6311e-008	5.2686e-008	5.8843e-008	6.5277e-008	7.0751e-008	7.6099e-008	8.1905e-008	8.5684e-008	8.8953e-008	9.0182e-008	9.1111e-008	9.1464e-008	9.1593e-008	9.2128e-008	9.2849e-008	9.2799e-008	9.2525e-008	9.232e-008	9.1548e-008	9.0615e-008	8.9369e-008	8.6076e-008	8.4794e-008	8.3178e-008	8.0964e-008	7.9136e-008	7.7642e-008	7.6405e-008	7.4727e-008	7.2619e-008	7.0977e-008	6.9018e-008	6.6149e-008	6.405e-008	6.2888e-008	5.9847e-008	5.7952e-008	5.5198e-008	5.2789e-008	5.0071e-008	4.7201e-008	4.3377e-008	4.0805e-008	3.8699e-008	3.673e-008	3.3375e-008	2.9637e-008	2.9131e-008	2.6342e-008	2.3885e-008	2.2294e-008	1.9776e-008	1.7888e-008	1.4993e-008	1.2473e-008	1.082e-008	9.3404e-009	7.6312e-009	6.7545e-009	5.5838e-009	5.0142e-009	5.5709e-009	5.6238e-009	5.4075e-009	5.5635e-009	5.6217e-009	5.7197e-009	5.8066e-009	5.816e-009	5.7973e-009	6.0272e-009	6.9117e-009	8.3227e-009	1.0502e-008	1.3655e-008	1.7576e-008	2.1358e-008	2.4681e-008	2.9729e-008	3.6693e-008	4.5819e-008	5.3591e-008	6.0304e-008	6.4446e-008	6.8068e-008	7.493e-008	7.9271e-008	8.3764e-008	8.7694e-008	9.12e-008	9.3428e-008	9.4475e-008	9.4566e-008	9.3972e-008	9.4178e-008	9.4459e-008	9.4079e-008	9.3817e-008	9.2886e-008	9.2473e-008	9.1681e-008	8.9734e-008	8.8425e-008	8.6536e-008	8.4654e-008	8.0932e-008	7.8732e-008	7.755e-008	7.5913e-008	7.342e-008	7.1317e-008	6.9393e-008	6.8307e-008	6.6657e-008	5.9859e-008	5.7749e-008	5.7386e-008	5.435e-008	5.3186e-008	4.8609e-008	4.3638e-008	4.3133e-008	4.1615e-008	3.9621e-008	3.652e-008	3.4073e-008	3.1862e-008	2.9067e-008	2.6003e-008	2.4291e-008	2.1922e-008	2.0057e-008	1.7038e-008	1.5524e-008	1.1433e-008	1.054e-008	8.8656e-009	8.0071e-009	6.9558e-009	6.508e-009	6.3821e-009	6.2352e-009	6.0708e-009	5.7173e-009	5.5615e-009	5.7513e-009	6.3135e-009	6.4349e-009	6.4571e-009	6.4119e-009	7.1623e-009	8.2827e-009	9.4527e-009	1.1011e-008	1.5438e-008	1.8918e-008	2.2489e-008	2.8963e-008	3.2819e-008	3.66e-008	4.3445e-008	5.2096e-008	5.9145e-008	6.4921e-008	7.0025e-008	7.1558e-008	7.4231e-008	7.9235e-008	8.338e-008	8.6872e-008	8.8852e-008	9.1507e-008	9.2475e-008	9.28e-008	9.3238e-008	9.3977e-008	9.4343e-008	9.3685e-008	9.27e-008	9.1715e-008	8.9594e-008	8.772e-008	8.6727e-008	8.5574e-008	8.4546e-008	8.207e-008	7.9905e-008	7.8475e-008	7.6769e-008	7.4285e-008	7.2475e-008	7.0432e-008	6.6022e-008	6.3035e-008	6.1952e-008	6.0724e-008	5.9566e-008	5.6059e-008	5.4664e-008	5.3014e-008	4.9783e-008	4.596e-008	4.4132e-008	4.1091e-008	3.7788e-008	3.6465e-008	3.4406e-008	3.3315e-008	2.8283e-008	2.6498e-008	2.5625e-008	2.2823e-008	1.9234e-008	1.7016e-008	1.4266e-008	1.204e-008	1.0423e-008	8.7684e-009	7.5202e-009	6.3847e-009	6.2587e-009	6.1524e-009	5.7006e-009	5.6479e-009	5.4648e-009	5.8557e-009	5.8715e-009	5.8689e-009	6.2259e-009	5.7347e-009	5.996e-009	6.5797e-009	8.7603e-009	1.1476e-008	1.3091e-008	1.7496e-008	2.0452e-008	2.4854e-008	3.0099e-008	3.6174e-008	4.1698e-008	4.8907e-008	5.5594e-008	6.1185e-008	6.6263e-008	7.1087e-008	7.6199e-008	8.0807e-008	8.4831e-008	8.7058e-008	8.8843e-008	9.0624e-008	9.1474e-008	9.2047e-008	9.3137e-008	9.3136e-008
3.2293e-009	2.6867e-009	2.4211e-009	3.6685e-009	3.6653e-009	3.8616e-009	4.464e-009	5.1299e-009	6.1642e-009	1.0895e-008	1.3224e-008	1.7526e-008	2.1879e-008	2.8453e-008	3.7546e-008	4.4915e-008	5.3471e-008	5.9238e-008	6.505e-008	7.0938e-008	7.5309e-008	7.8892e-008	8.3781e-008	8.7613e-008	9.0303e-008	9.3993e-008	9.6972e-008	9.8771e-008	9.8431e-008	9.8819e-008	9.8917e-008	9.8912e-008	9.8927e-008	9.5687e-008	9.5351e-008	9.1456e-008	8.7991e-008	8.5998e-008	8.4434e-008	8.2011e-008	7.9265e-008	7.7475e-008	7.6409e-008	7.4037e-008	7.2579e-008	7.0895e-008	6.8211e-008	6.3587e-008	6.1061e-008	5.8971e-008	5.6829e-008	5.5092e-008	5.3771e-008	5.2704e-008	4.9673e-008	4.8504e-008	4.581e-008	4.2984e-008	4.0561e-008	3.8298e-008	3.6902e-008	3.5541e-008	3.2758e-008	3.0629e-008	2.8105e-008	2.7384e-008	2.5334e-008	2.3146e-008	2.1261e-008	1.9765e-008	1.8156e-008	1.6267e-008	1.4826e-008	1.4056e-008	1.2349e-008	1.2554e-008	1.1896e-008	1.0789e-008	9.9355e-009	9.3115e-009	9.3511e-009	9.5684e-009	1.0187e-008	1.0952e-008	1.276e-008	1.2972e-008	1.4745e-008	1.6873e-008	1.981e-008	2.2729e-008	2.6043e-008	2.8781e-008	3.3197e-008	3.814e-008	4.3282e-008	4.9126e-008	5.3513e-008	5.988e-008	6.2074e-008	6.7304e-008	7.2303e-008	7.7085e-008	8.0085e-008	8.2931e-008	8.6476e-008	8.9135e-008	9.2196e-008	9.4986e-008	9.5452e-008	9.6442e-008	9.5903e-008	9.4565e-008	9.2643e-008	9.1715e-008	8.9721e-008	8.9192e-008	8.9568e-008	8.7849e-008	8.5855e-008	8.124e-008	8.0452e-008	7.8332e-008	7.6371e-008	7.5095e-008	7.3939e-008	7.2395e-008	6.989e-008	6.5058e-008	6.3613e-008	6.2419e-008	5.9443e-008	5.8227e-008	5.6351e-008	5.3205e-008	5.1345e-008	4.7886e-008	4.4577e-008	4.3625e-008	4.1962e-008	3.9326e-008	3.69e-008	3.4828e-008	3.2146e-008	2.9231e-008	2.6698e-008	2.4791e-008	2.3198e-008	2.1692e-008	2.0542e-008	1.8332e-008	1.7075e-008	1.4419e-008	1.1241e-008	1.013e-008	8.8647e-009	7.8164e-009	7.0505e-009	6.4916e-009	6.5701e-009	5.7709e-009	5.2326e-009	5.5576e-009	5.7837e-009	6.0969e-009	6.4779e-009	6.6771e-009	7.3099e-009	8.1548e-009	9.2772e-009	1.1227e-008	1.4343e-008	1.7194e-008	2.1945e-008	2.7448e-008	3.2523e-008	3.8519e-008	4.6777e-008	5.3419e-008	5.9537e-008	6.594e-008	6.9973e-008	7.4093e-008	8.109e-008	8.5831e-008	8.7118e-008	9.0008e-008	9.2513e-008	9.3587e-008	9.3872e-008	9.3987e-008	9.4681e-008	9.4438e-008	9.4271e-008	9.3784e-008	9.3299e-008	9.1788e-008	9.0158e-008	8.9999e-008	8.8307e-008	8.4167e-008	8.3517e-008	8.1081e-008	7.96e-008	7.8314e-008	7.5976e-008	7.4207e-008	6.9554e-008	6.8045e-008	6.5377e-008	6.3336e-008	6.068e-008	5.7714e-008	5.593e-008	5.4862e-008	5.3683e-008	5.0915e-008	4.8434e-008	4.7027e-008	4.3261e-008	4.0906e-008	3.8768e-008	3.7185e-008	3.6469e-008	3.2612e-008	3.1677e-008	2.9561e-008	2.7218e-008	2.5362e-008	2.3385e-008	2.1526e-008	1.9745e-008	1.771e-008	1.5877e-008	1.3859e-008	1.1605e-008	1.0379e-008	9.4175e-009	8.0572e-009	7.03e-009	6.5666e-009	6.7507e-009	6.5502e-009	6.4891e-009	6.5804e-009	7.0363e-009	7.5342e-009	9.3065e-009	1.0511e-008	1.1925e-008	1.5529e-008	1.9698e-008	2.2412e-008	2.6481e-008	3.1343e-008	3.5648e-008	4.087e-008	4.7378e-008	5.387e-008	6.1209e-008	6.6264e-008	7.1606e-008	7.6458e-008	8.2848e-008	8.6365e-008	8.9704e-008	9.0476e-008	9.1154e-008	9.1299e-008	9.1629e-008	9.2189e-008	9.3202e-008	9.2894e-008	9.2407e-008	9.1904e-008	9.1887e-008	9.1124e-008	8.9507e-008	8.6479e-008	8.5366e-008	8.3401e-008	8.0452e-008	7.8846e-008	7.8506e-008	7.55e-008	7.4558e-008	7.3189e-008	7.1372e-008	6.878e-008	6.5676e-008	6.4424e-008	6.3372e-008	6.0256e-008	5.7471e-008	5.4383e-008	5.2251e-008	4.9176e-008	4.6691e-008	4.4489e-008	3.9166e-008	3.7763e-008	3.6177e-008	3.4411e-008	3.0853e-008	2.9132e-008	2.6445e-008	2.5065e-008	2.3033e-008	2.0322e-008	1.8277e-008	1.4349e-008	1.2936e-008	1.1319e-008	9.093e-009	7.891e-009	7.0236e-009	6.1773e-009	5.9307e-009	5.5429e-009	5.6451e-009	5.5024e-009	5.7002e-009	5.6546e-009	5.7749e-009	5.7359e-009	6.393e-009	6.578e-009	6.6617e-009	7.5255e-009	9.1592e-009	1.0365e-008	1.4232e-008	1.8011e-008	2.2485e-008	2.6004e-008	3.0197e-008	3.7426e-008	4.6992e-008	5.3347e-008	6.1541e-008	6.5619e-008	7.1327e-008	7.6449e-008	8.1269e-008	8.7224e-008	9.0453e-008	9.282e-008	9.3738e-008	9.3922e-008	9.4436e-008	9.4113e-008	9.4804e-008	9.4931e-008	9.5134e-008	9.4242e-008	9.4129e-008	9.3705e-008	9.1107e-008	8.9754e-008	8.9263e-008	8.6239e-008	8.3781e-008	8.1678e-008	7.9342e-008	7.7954e-008	7.5612e-008	7.2687e-008	7.0541e-008	6.9318e-008	6.7663e-008	6.6535e-008	6.0015e-008	5.8862e-008	5.653e-008	5.3817e-008	5.2366e-008	4.5795e-008	4.2585e-008	4.2063e-008	4.1322e-008	3.7948e-008	3.4803e-008	3.3671e-008	3.033e-008	2.8547e-008	2.649e-008	2.4333e-008	2.1002e-008	1.9499e-008	1.6776e-008	1.4708e-008	1.2286e-008	1.0024e-008	8.5121e-009	7.6389e-009	6.7655e-009	6.3772e-009	5.8807e-009	5.8045e-009	5.7973e-009	5.7487e-009	5.309e-009	5.5426e-009	6.0744e-009	6.4071e-009	6.5604e-009	7.0434e-009	7.6652e-009	8.393e-009	1.0234e-008	1.2344e-008	1.6313e-008	1.8688e-008	2.4242e-008	2.902e-008	3.4086e-008	3.9578e-008	4.361e-008	5.1797e-008	5.7938e-008	6.4592e-008	6.9521e-008	7.2056e-008	7.5369e-008	8.0818e-008	8.2799e-008	8.597e-008	8.9046e-008	9.1107e-008	9.2306e-008	9.2158e-008	9.3608e-008	9.4253e-008	9.4548e-008	9.3947e-008	9.2354e-008	9.1066e-008	8.945e-008	8.7536e-008	8.6654e-008	8.5125e-008	8.352e-008	8.1203e-008	8.013e-008	7.8913e-008	7.785e-008	7.4766e-008	7.1754e-008	6.8654e-008	6.5395e-008	6.277e-008	6.0773e-008	5.9548e-008	5.833e-008	5.6439e-008	5.507e-008	5.2735e-008	5.0523e-008	4.5617e-008	4.4309e-008	4.1178e-008	3.8791e-008	3.6743e-008	3.5355e-008	3.2485e-008	2.8757e-008	2.685e-008	2.5385e-008	2.1427e-008	1.7606e-008	1.6223e-008	1.4521e-008	1.2257e-008	1.0033e-008	9.0201e-009	7.7599e-009	6.4873e-009	6.1709e-009	5.7138e-009	4.7101e-009	4.7855e-009	5.4201e-009	5.4958e-009	5.6306e-009	5.5531e-009	6.2017e-009	5.8401e-009	6.0467e-009	7.269e-009	8.6314e-009	1.1175e-008	1.3856e-008	1.6399e-008	1.9546e-008	2.5548e-008	3.1148e-008	3.7538e-008	4.2233e-008	4.7596e-008	5.4809e-008	6.1329e-008	6.5776e-008	7.1459e-008	7.6611e-008	8.2535e-008	8.5801e-008	8.6909e-008	8.9177e-008	9.0535e-008	9.1362e-008	9.2145e-008	9.3017e-008	9.3282e-008
2.4691e-009	1.8806e-009	2.1476e-009	3.2328e-009	3.5081e-009	3.6518e-009	3.5156e-009	4.9101e-009	6.5242e-009	8.0977e-009	1.1766e-008	1.6918e-008	2.2404e-008	2.8332e-008	3.7373e-008	4.6858e-008	5.4687e-008	6.0709e-008	6.549e-008	6.9724e-008	7.3373e-008	7.8357e-008	8.3439e-008	8.7204e-008	9.0684e-008	9.4508e-008	9.5841e-008	9.7593e-008	9.7977e-008	9.8352e-008	9.8651e-008	9.9864e-008	9.9578e-008	9.7018e-008	9.4381e-008	9.0247e-008	8.8749e-008	8.5482e-008	8.3117e-008	8.1126e-008	7.9194e-008	7.8095e-008	7.6643e-008	7.5107e-008	7.3037e-008	7.071e-008	6.7879e-008	6.4422e-008	6.0973e-008	5.8278e-008	5.7116e-008	5.5357e-008	5.34e-008	5.2393e-008	4.9341e-008	4.7727e-008	4.5719e-008	4.2992e-008	4.0791e-008	3.8103e-008	3.6637e-008	3.4902e-008	3.2631e-008	2.9488e-008	2.7793e-008	2.6925e-008	2.5581e-008	2.2574e-008	2.1259e-008	1.9934e-008	1.8208e-008	1.7154e-008	1.5049e-008	1.408e-008	1.3345e-008	1.2398e-008	1.141e-008	1.0543e-008	1.0072e-008	9.6926e-009	9.2729e-009	9.6146e-009	1.0214e-008	1.1032e-008	1.2519e-008	1.3215e-008	1.5194e-008	1.7394e-008	1.9498e-008	2.1629e-008	2.4299e-008	2.8698e-008	3.3407e-008	3.8125e-008	4.2547e-008	4.5519e-008	5.2894e-008	5.8182e-008	6.1492e-008	6.5993e-008	6.9874e-008	7.5335e-008	7.8945e-008	8.3062e-008	8.4802e-008	8.8449e-008	9.026e-008	9.3045e-008	9.4793e-008	9.4391e-008	9.3698e-008	9.3125e-008	9.2207e-008	9.0683e-008	8.9609e-008	8.8749e-008	8.8047e-008	8.7481e-008	8.5945e-008	8.227e-008	7.9472e-008	7.7458e-008	7.5408e-008	7.3914e-008	7.2628e-008	7.1325e-008	7.0102e-008	6.6645e-008	6.4073e-008	6.2273e-008	5.8862e-008	5.7e-008	5.567e-008	5.34e-008	5.0461e-008	4.6697e-008	4.4025e-008	4.2176e-008	4.0907e-008	3.9109e-008	3.7535e-008	3.325e-008	3.1574e-008	2.8007e-008	2.6325e-008	2.5394e-008	2.2668e-008	2.1093e-008	1.9381e-008	1.7859e-008	1.6373e-008	1.236e-008	1.1205e-008	9.9978e-009	8.3745e-009	7.4374e-009	6.7886e-009	6.1484e-009	5.5048e-009	4.795e-009	4.9903e-009	5.1527e-009	5.5848e-009	5.9565e-009	5.9352e-009	6.6181e-009	7.3159e-009	8.0298e-009	9.0487e-009	1.1439e-008	1.4218e-008	1.7836e-008	2.162e-008	2.6599e-008	3.3023e-008	3.9613e-008	4.7022e-008	5.319e-008	5.9536e-008	6.5241e-008	6.905e-008	7.328e-008	7.9249e-008	8.2367e-008	8.721e-008	9.0894e-008	9.2224e-008	9.2757e-008	9.2773e-008	9.2685e-008	9.3179e-008	9.3751e-008	9.336e-008	9.3141e-008	9.2979e-008	9.1039e-008	8.9831e-008	8.9595e-008	8.8316e-008	8.386e-008	8.2825e-008	7.9893e-008	7.8696e-008	7.7632e-008	7.5431e-008	7.3588e-008	7.011e-008	6.719e-008	6.5192e-008	6.1621e-008	5.9242e-008	5.7184e-008	5.5191e-008	5.4573e-008	5.3652e-008	5.1672e-008	4.9292e-008	4.4308e-008	4.2237e-008	4.0283e-008	3.8751e-008	3.6939e-008	3.5649e-008	3.4133e-008	3.1549e-008	2.8503e-008	2.6572e-008	2.5191e-008	2.317e-008	2.1322e-008	1.934e-008	1.7918e-008	1.4789e-008	1.3592e-008	1.185e-008	1.0759e-008	8.7171e-009	7.195e-009	6.4627e-009	6.1622e-009	6.1265e-009	5.8578e-009	6.4167e-009	6.0072e-009	6.4058e-009	7.3287e-009	8.3604e-009	1.0043e-008	1.1782e-008	1.4457e-008	1.8729e-008	2.1666e-008	2.6655e-008	2.9897e-008	3.4518e-008	4.1729e-008	4.7359e-008	5.3065e-008	6.0815e-008	6.5587e-008	7.199e-008	7.6101e-008	8.118e-008	8.59e-008	8.8146e-008	8.973e-008	9.0649e-008	9.0758e-008	9.0593e-008	9.219e-008	9.3099e-008	9.2886e-008	9.2582e-008	9.2106e-008	9.1812e-008	9.0924e-008	8.9281e-008	8.6196e-008	8.4829e-008	8.3749e-008	8.1336e-008	7.9717e-008	7.8206e-008	7.5373e-008	7.3217e-008	7.1669e-008	7.0063e-008	6.8216e-008	6.7054e-008	6.5369e-008	6.0533e-008	5.964e-008	5.7418e-008	5.4365e-008	5.1555e-008	4.8334e-008	4.652e-008	4.2957e-008	3.839e-008	3.7531e-008	3.5374e-008	3.4129e-008	3.195e-008	2.9432e-008	2.527e-008	2.4888e-008	2.0811e-008	1.9752e-008	1.7941e-008	1.4009e-008	1.2817e-008	1.0593e-008	8.2535e-009	6.8818e-009	6.4158e-009	5.9765e-009	5.3035e-009	5.4291e-009	5.4278e-009	5.2202e-009	5.0643e-009	4.9383e-009	4.9303e-009	4.7567e-009	5.5364e-009	5.7317e-009	6.5605e-009	7.1632e-009	8.4332e-009	1.0728e-008	1.3732e-008	1.7556e-008	2.0611e-008	2.583e-008	2.897e-008	3.7341e-008	4.681e-008	5.3216e-008	5.7915e-008	6.5581e-008	6.9637e-008	7.323e-008	7.865e-008	8.5471e-008	8.8712e-008	9.0177e-008	9.2426e-008	9.2686e-008	9.3111e-008	9.423e-008	9.468e-008	9.525e-008	9.6057e-008	9.6862e-008	9.543e-008	9.2918e-008	9.038e-008	8.978e-008	8.916e-008	8.7414e-008	8.3646e-008	8.1295e-008	7.9193e-008	7.7673e-008	7.2655e-008	7.1693e-008	7.018e-008	6.7529e-008	6.6514e-008	6.4629e-008	6.1015e-008	5.9042e-008	5.7246e-008	5.2755e-008	4.9916e-008	4.8486e-008	4.4917e-008	4.3161e-008	4.1142e-008	3.8688e-008	3.4984e-008	3.1985e-008	3.0671e-008	2.7791e-008	2.3662e-008	2.2047e-008	1.9298e-008	1.8245e-008	1.5709e-008	1.3433e-008	1.0638e-008	9.166e-009	8.006e-009	6.6779e-009	5.8962e-009	5.5768e-009	5.3745e-009	5.1981e-009	5.3836e-009	5.7182e-009	5.9805e-009	5.3026e-009	5.8343e-009	5.9608e-009	6.1144e-009	6.4836e-009	7.2511e-009	8.6538e-009	1.0033e-008	1.302e-008	1.6455e-008	2.0308e-008	2.4389e-008	2.9171e-008	3.3988e-008	3.8492e-008	4.3538e-008	5.0931e-008	5.7736e-008	6.3381e-008	6.853e-008	7.1519e-008	7.416e-008	7.8567e-008	8.3086e-008	8.5354e-008	8.8234e-008	9.0032e-008	9.1021e-008	9.18e-008	9.2936e-008	9.34e-008	9.3632e-008	9.2874e-008	9.1575e-008	8.985e-008	8.8352e-008	8.6667e-008	8.5623e-008	8.4486e-008	8.2932e-008	8.0432e-008	7.9564e-008	7.796e-008	7.5639e-008	7.4176e-008	7.1693e-008	6.9878e-008	6.6338e-008	6.1656e-008	6.0971e-008	5.9302e-008	5.7821e-008	5.6652e-008	5.5296e-008	5.2604e-008	4.9164e-008	4.6359e-008	4.3004e-008	4.103e-008	3.8692e-008	3.6395e-008	3.3695e-008	3.0886e-008	2.9096e-008	2.5789e-008	2.44e-008	2.1399e-008	1.85e-008	1.5132e-008	1.3721e-008	1.1753e-008	1.0188e-008	8.5367e-009	7.0126e-009	5.9091e-009	5.5183e-009	5.3062e-009	4.5659e-009	4.4476e-009	5.2564e-009	5.3027e-009	5.0447e-009	5.0608e-009	5.2997e-009	5.7432e-009	5.8714e-009	6.9266e-009	8.271e-009	1.0486e-008	1.364e-008	1.6102e-008	2.0029e-008	2.455e-008	2.9625e-008	3.6753e-008	4.221e-008	4.6846e-008	5.2487e-008	5.8573e-008	6.5038e-008	7.1377e-008	7.8077e-008	8.2356e-008	8.5834e-008	8.7214e-008	8.8303e-008	9.0601e-008	9.1542e-008	9.2152e-008	9.2746e-008	9.3525e-008
2.4319e-009	2.684e-009	2.4922e-009	3.0732e-009	3.9696e-009	4.348e-009	4.4155e-009	5.7368e-009	6.8378e-009	8.2134e-009	1.2796e-008	1.7224e-008	2.1994e-008	2.9772e-008	3.7962e-008	4.7637e-008	5.4382e-008	6.2078e-008	6.6343e-008	7.0593e-008	7.3163e-008	7.855e-008	8.4107e-008	8.7356e-008	9.1067e-008	9.4459e-008	9.5545e-008	9.6758e-008	9.8307e-008	9.8829e-008	9.9515e-008	1.0012e-007	9.9234e-008	9.6578e-008	9.3965e-008	9.029e-008	8.8564e-008	8.6067e-008	8.3891e-008	8.1657e-008	8.0067e-008	7.8308e-008	7.7088e-008	7.5415e-008	7.3116e-008	7.0347e-008	6.746e-008	6.3765e-008	6.1422e-008	5.8893e-008	5.6784e-008	5.5372e-008	5.3677e-008	5.2141e-008	4.9857e-008	4.8437e-008	4.6209e-008	4.4252e-008	4.0019e-008	3.8148e-008	3.6533e-008	3.4579e-008	3.2481e-008	3.0449e-008	2.9476e-008	2.776e-008	2.5306e-008	2.3526e-008	2.2375e-008	2.0486e-008	1.8464e-008	1.742e-008	1.6392e-008	1.4846e-008	1.4013e-008	1.3427e-008	1.2328e-008	1.1514e-008	1.1401e-008	1.0715e-008	9.7201e-009	1.0023e-008	1.053e-008	1.1844e-008	1.2527e-008	1.3698e-008	1.56e-008	1.7429e-008	1.9471e-008	2.1198e-008	2.5466e-008	3.0641e-008	3.3753e-008	3.7475e-008	4.0828e-008	4.715e-008	5.2661e-008	5.7035e-008	6.1768e-008	6.4915e-008	6.9217e-008	7.4645e-008	7.9953e-008	8.2712e-008	8.6038e-008	8.9183e-008	8.9875e-008	9.2333e-008	9.3769e-008	9.4114e-008	9.3567e-008	9.2689e-008	9.2062e-008	9.1145e-008	8.9487e-008	8.9286e-008	8.8538e-008	8.7631e-008	8.369e-008	8.2152e-008	8.0718e-008	7.8556e-008	7.5695e-008	7.4049e-008	7.2288e-008	7.0701e-008	6.874e-008	6.6511e-008	6.4371e-008	6.1081e-008	5.8679e-008	5.7322e-008	5.5576e-008	5.3003e-008	4.8768e-008	4.6923e-008	4.3854e-008	4.1443e-008	4.0072e-008	3.8302e-008	3.6334e-008	3.3975e-008	3.1661e-008	2.8584e-008	2.6938e-008	2.5454e-008	2.1427e-008	2.0917e-008	1.9537e-008	1.7308e-008	1.529e-008	1.3788e-008	1.2048e-008	1.0208e-008	8.7784e-009	7.0405e-009	6.617e-009	6.0814e-009	5.6567e-009	5.746e-009	5.8875e-009	5.413e-009	5.6856e-009	6.1146e-009	5.9131e-009	6.6275e-009	7.3301e-009	8.7665e-009	1.0416e-008	1.2316e-008	1.4681e-008	1.7512e-008	2.3193e-008	2.8086e-008	3.5108e-008	4.1835e-008	4.854e-008	5.4065e-008	5.8975e-008	6.4403e-008	6.938e-008	7.4781e-008	7.9571e-008	8.2351e-008	8.7035e-008	9.0339e-008	9.1391e-008	9.2285e-008	9.2928e-008	9.2588e-008	9.3561e-008	9.3979e-008	9.3727e-008	9.3444e-008	9.2843e-008	9.0859e-008	9.007e-008	8.9335e-008	8.8459e-008	8.5052e-008	8.249e-008	8.0112e-008	7.8889e-008	7.6705e-008	7.5041e-008	7.1038e-008	6.896e-008	6.7426e-008	6.5503e-008	6.0076e-008	5.8395e-008	5.748e-008	5.5991e-008	5.5066e-008	5.3171e-008	5.0277e-008	4.8943e-008	4.6182e-008	4.3615e-008	4.0532e-008	3.8497e-008	3.6433e-008	3.4991e-008	3.144e-008	3.0532e-008	2.8954e-008	2.7507e-008	2.4822e-008	2.2838e-008	2.1737e-008	1.9657e-008	1.8121e-008	1.4239e-008	1.3618e-008	1.2259e-008	1.1361e-008	9.3927e-009	7.3527e-009	6.3093e-009	6.54e-009	6.2626e-009	6.7667e-009	6.9807e-009	6.9647e-009	7.3924e-009	7.8179e-009	9.0062e-009	9.7691e-009	1.2488e-008	1.5502e-008	1.7883e-008	2.1271e-008	2.6239e-008	3.0491e-008	3.6587e-008	4.3282e-008	4.9307e-008	5.3834e-008	5.9218e-008	6.5503e-008	7.2043e-008	7.5712e-008	8.1201e-008	8.6319e-008	8.816e-008	8.9381e-008	9.0566e-008	9.1093e-008	9.2253e-008	9.2961e-008	9.3207e-008	9.3083e-008	9.2797e-008	9.2568e-008	9.4e-008	9.26e-008	8.9395e-008	8.7634e-008	8.5662e-008	8.4296e-008	8.3048e-008	8.1257e-008	7.8372e-008	7.5786e-008	7.4057e-008	7.1843e-008	7.0421e-008	6.8784e-008	6.7543e-008	6.4543e-008	6.1225e-008	5.895e-008	5.7018e-008	5.5223e-008	5.1747e-008	4.8681e-008	4.724e-008	4.3521e-008	3.9525e-008	3.8073e-008	3.6363e-008	3.4454e-008	3.2569e-008	3.0196e-008	2.6482e-008	2.4487e-008	2.198e-008	2.0015e-008	1.5201e-008	1.4783e-008	1.2682e-008	1.063e-008	8.6107e-009	7.3026e-009	6.6105e-009	6.1758e-009	5.2963e-009	4.9783e-009	5.3643e-009	5.3816e-009	5.6404e-009	5.575e-009	5.4014e-009	5.6627e-009	5.7385e-009	6.1114e-009	6.6134e-009	7.1021e-009	8.7488e-009	1.1031e-008	1.4051e-008	1.7367e-008	2.1335e-008	2.5405e-008	3.0142e-008	3.7604e-008	4.7059e-008	5.3986e-008	5.9597e-008	6.5087e-008	6.9366e-008	7.5317e-008	7.9617e-008	8.4907e-008	8.807e-008	9.0364e-008	9.1313e-008	9.2727e-008	9.3916e-008	9.5187e-008	9.5755e-008	9.6864e-008	9.7328e-008	9.7695e-008	9.6154e-008	9.3338e-008	9.1956e-008	9.013e-008	8.9158e-008	8.5722e-008	8.3651e-008	8.1202e-008	7.9344e-008	7.7485e-008	7.3504e-008	7.1926e-008	7.039e-008	6.7602e-008	6.5971e-008	6.4252e-008	6.1709e-008	5.9135e-008	5.5654e-008	5.3032e-008	5.0216e-008	4.7956e-008	4.6615e-008	4.4092e-008	4.1587e-008	3.9418e-008	3.6158e-008	3.298e-008	2.9797e-008	2.8057e-008	2.5097e-008	2.156e-008	2.0907e-008	1.7817e-008	1.578e-008	1.3374e-008	1.0209e-008	9.3775e-009	7.4409e-009	7.1158e-009	6.599e-009	5.9536e-009	5.809e-009	5.7853e-009	5.3833e-009	6.2309e-009	6.2405e-009	5.6285e-009	5.6051e-009	5.7858e-009	6.3623e-009	6.915e-009	7.6938e-009	9.096e-009	1.1231e-008	1.444e-008	1.7655e-008	2.0734e-008	2.5096e-008	3.0643e-008	3.5836e-008	4.0889e-008	4.5895e-008	5.1957e-008	5.7903e-008	6.4529e-008	6.8194e-008	7.1977e-008	7.5698e-008	8.0393e-008	8.2559e-008	8.4745e-008	8.7586e-008	8.9313e-008	9.0415e-008	9.1117e-008	9.2544e-008	9.2948e-008	9.3391e-008	9.2227e-008	9.1722e-008	9.0552e-008	8.882e-008	8.668e-008	8.5383e-008	8.4329e-008	8.2999e-008	8.0403e-008	7.9302e-008	7.807e-008	7.6987e-008	7.4429e-008	7.2292e-008	6.8316e-008	6.5725e-008	6.42e-008	6.2184e-008	5.978e-008	5.8605e-008	5.6896e-008	5.487e-008	5.3185e-008	4.9262e-008	4.7166e-008	4.4e-008	4.1098e-008	3.8467e-008	3.5386e-008	3.3311e-008	3.0928e-008	2.8993e-008	2.656e-008	2.5067e-008	2.2028e-008	1.8135e-008	1.5656e-008	1.4391e-008	1.2497e-008	1.0771e-008	8.259e-009	6.809e-009	6.1823e-009	5.7168e-009	6.0296e-009	5.9934e-009	5.4949e-009	5.0041e-009	5.2894e-009	5.2821e-009	4.9646e-009	5.3548e-009	6.2459e-009	6.261e-009	7.0965e-009	9.0274e-009	1.1005e-008	1.3369e-008	1.7166e-008	2.1e-008	2.4938e-008	3.0283e-008	3.6116e-008	4.2764e-008	4.8105e-008	5.3602e-008	5.8816e-008	6.5529e-008	7.2398e-008	7.9611e-008	8.4419e-008	8.6977e-008	8.8162e-008	8.8436e-008	8.9997e-008	9.1919e-008	9.2608e-008	9.3292e-008	9.3725e-008
2.6399e-009	2.8733e-009	2.8259e-009	3.1748e-009	3.9643e-009	4.2409e-009	4.7483e-009	5.3984e-009	6.8342e-009	9.0256e-009	1.2104e-008	1.6446e-008	2.1712e-008	3.0175e-008	3.8574e-008	4.5862e-008	5.211e-008	5.9553e-008	6.6886e-008	7.0264e-008	7.4512e-008	7.9396e-008	8.3901e-008	8.8585e-008	9.0749e-008	9.3937e-008	9.4999e-008	9.5812e-008	9.8365e-008	9.8808e-008	9.9536e-008	9.9944e-008	9.8125e-008	9.4758e-008	9.3206e-008	9.0182e-008	8.8136e-008	8.5894e-008	8.4097e-008	8.2566e-008	8.0152e-008	7.8805e-008	7.7094e-008	7.4866e-008	7.2484e-008	7.0289e-008	6.6813e-008	6.4862e-008	6.1963e-008	6.0067e-008	5.7594e-008	5.5992e-008	5.4484e-008	5.2646e-008	4.997e-008	4.8902e-008	4.677e-008	4.4391e-008	4.015e-008	3.9026e-008	3.6704e-008	3.4758e-008	3.3227e-008	3.1659e-008	2.9711e-008	2.8163e-008	2.5296e-008	2.3813e-008	2.2851e-008	2.0975e-008	1.9029e-008	1.7119e-008	1.6574e-008	1.4792e-008	1.3656e-008	1.285e-008	1.2191e-008	1.1688e-008	1.1156e-008	1.0797e-008	9.9392e-009	9.9557e-009	1.0805e-008	1.1411e-008	1.2566e-008	1.3521e-008	1.5327e-008	1.7302e-008	2.0397e-008	2.1491e-008	2.4677e-008	2.9601e-008	3.3536e-008	3.6733e-008	4.1633e-008	4.6342e-008	5.2202e-008	5.634e-008	6.1182e-008	6.4385e-008	6.8875e-008	7.4283e-008	7.8454e-008	8.1914e-008	8.5219e-008	8.7984e-008	9.0084e-008	9.2343e-008	9.4237e-008	9.4202e-008	9.2822e-008	9.2e-008	9.1746e-008	9.1319e-008	9.0574e-008	8.9831e-008	8.8475e-008	8.6357e-008	8.4583e-008	8.2881e-008	8.0782e-008	7.8535e-008	7.5973e-008	7.4158e-008	7.2416e-008	7.0896e-008	6.9264e-008	6.8414e-008	6.4047e-008	6.1402e-008	5.8743e-008	5.6126e-008	5.5141e-008	5.243e-008	4.9006e-008	4.578e-008	4.3374e-008	4.1523e-008	3.9369e-008	3.732e-008	3.6411e-008	3.4551e-008	2.9428e-008	2.9011e-008	2.7523e-008	2.5482e-008	2.1984e-008	2.0828e-008	1.9598e-008	1.6477e-008	1.55e-008	1.3903e-008	1.2315e-008	1.0269e-008	8.7089e-009	6.9043e-009	6.4256e-009	5.8503e-009	5.7987e-009	5.9191e-009	6.402e-009	6.024e-009	5.9735e-009	6.1752e-009	6.3731e-009	7.0401e-009	8.2165e-009	9.1011e-009	1.0954e-008	1.314e-008	1.5472e-008	1.876e-008	2.3866e-008	2.8541e-008	3.6028e-008	4.3158e-008	5.0384e-008	5.4887e-008	5.9691e-008	6.5119e-008	6.953e-008	7.4433e-008	7.9368e-008	8.3174e-008	8.6103e-008	9.007e-008	9.0964e-008	9.2216e-008	9.2624e-008	9.2715e-008	9.3529e-008	9.3653e-008	9.3911e-008	9.3364e-008	9.2482e-008	9.0838e-008	8.9907e-008	8.9372e-008	8.8906e-008	8.6054e-008	8.3123e-008	8.0602e-008	7.7732e-008	7.5355e-008	7.3934e-008	7.1961e-008	6.9051e-008	6.7404e-008	6.6211e-008	6.23e-008	5.9424e-008	5.8065e-008	5.6712e-008	5.5002e-008	5.2404e-008	4.9663e-008	4.8008e-008	4.5464e-008	4.3485e-008	4.0492e-008	3.7992e-008	3.6255e-008	3.481e-008	3.2263e-008	3.0401e-008	2.9283e-008	2.7336e-008	2.5736e-008	2.3974e-008	2.1602e-008	2.0058e-008	1.7776e-008	1.4768e-008	1.3581e-008	1.3167e-008	1.259e-008	9.4855e-009	8.001e-009	6.6843e-009	6.6917e-009	7.0656e-009	7.3594e-009	7.3142e-009	7.4013e-009	7.3717e-009	7.8292e-009	9.0972e-009	9.9305e-009	1.2024e-008	1.5021e-008	1.8315e-008	2.1493e-008	2.5067e-008	2.9665e-008	3.6412e-008	4.1017e-008	4.8642e-008	5.4414e-008	6.0232e-008	6.6081e-008	7.2703e-008	7.7427e-008	8.0901e-008	8.526e-008	8.8416e-008	8.9538e-008	9.0278e-008	9.1821e-008	9.2489e-008	9.3159e-008	9.3428e-008	9.3124e-008	9.2903e-008	9.3255e-008	9.4741e-008	9.3934e-008	9.1241e-008	8.7773e-008	8.6219e-008	8.5323e-008	8.315e-008	8.2215e-008	7.898e-008	7.579e-008	7.4202e-008	7.2265e-008	7.0248e-008	6.7479e-008	6.6684e-008	6.4375e-008	6.148e-008	5.9217e-008	5.667e-008	5.3639e-008	5.2066e-008	4.9652e-008	4.6873e-008	4.3888e-008	3.9826e-008	3.8368e-008	3.6972e-008	3.4512e-008	3.2872e-008	2.8798e-008	2.6475e-008	2.4805e-008	2.1297e-008	1.9365e-008	1.7332e-008	1.5667e-008	1.2976e-008	1.0687e-008	9.103e-009	7.6364e-009	6.8913e-009	6.0007e-009	5.8555e-009	5.3272e-009	5.2048e-009	4.9277e-009	5.3765e-009	5.8668e-009	5.7134e-009	6.2728e-009	6.193e-009	6.6428e-009	6.6286e-009	7.5865e-009	8.8667e-009	1.146e-008	1.4691e-008	1.7621e-008	2.1412e-008	2.6953e-008	3.1455e-008	3.7737e-008	4.5732e-008	5.0976e-008	5.8712e-008	6.4934e-008	7.0806e-008	7.712e-008	8.1523e-008	8.5539e-008	8.7808e-008	9.034e-008	9.1548e-008	9.3787e-008	9.4731e-008	9.5644e-008	9.6469e-008	9.7698e-008	9.7725e-008	9.8205e-008	9.7903e-008	9.5379e-008	9.3866e-008	9.1554e-008	8.9945e-008	8.4777e-008	8.2591e-008	8.1266e-008	7.8632e-008	7.5937e-008	7.4478e-008	7.1937e-008	6.971e-008	6.8072e-008	6.6511e-008	6.3914e-008	6.2221e-008	5.881e-008	5.4774e-008	5.3117e-008	5.0937e-008	4.8227e-008	4.6975e-008	4.4069e-008	4.1989e-008	3.9277e-008	3.6979e-008	3.2226e-008	2.9705e-008	2.7632e-008	2.5469e-008	2.2741e-008	2.0564e-008	1.7578e-008	1.6325e-008	1.3266e-008	1.1135e-008	8.9279e-009	7.8787e-009	7.2464e-009	6.3741e-009	5.9111e-009	5.9939e-009	5.7799e-009	5.3172e-009	5.6054e-009	5.8249e-009	6.1192e-009	5.9638e-009	6.226e-009	6.2716e-009	6.402e-009	8.005e-009	9.3806e-009	1.1941e-008	1.4547e-008	1.8259e-008	2.0694e-008	2.4723e-008	3.1376e-008	3.6e-008	4.1935e-008	4.6759e-008	5.2838e-008	5.7763e-008	6.4085e-008	6.8869e-008	7.2966e-008	7.8204e-008	8.0527e-008	8.3717e-008	8.5308e-008	8.782e-008	8.9465e-008	9.0136e-008	9.105e-008	9.2388e-008	9.2707e-008	9.2793e-008	9.2369e-008	9.1371e-008	9.0347e-008	8.8166e-008	8.6767e-008	8.5669e-008	8.4632e-008	8.342e-008	8.1349e-008	7.8853e-008	7.7878e-008	7.7281e-008	7.543e-008	7.2533e-008	6.8859e-008	6.6413e-008	6.517e-008	6.2395e-008	6.1033e-008	5.8573e-008	5.6164e-008	5.5314e-008	5.336e-008	4.9736e-008	4.7435e-008	4.3e-008	4.1551e-008	3.8448e-008	3.611e-008	3.3062e-008	3.0974e-008	2.8599e-008	2.677e-008	2.473e-008	2.1243e-008	1.7937e-008	1.6844e-008	1.474e-008	1.2165e-008	1.0253e-008	8.186e-009	7.2252e-009	6.5955e-009	6.047e-009	6.2427e-009	6.5341e-009	5.6186e-009	5.7538e-009	5.6938e-009	5.7754e-009	5.585e-009	5.9698e-009	5.8723e-009	6.087e-009	7.0237e-009	8.5734e-009	1.1104e-008	1.2893e-008	1.719e-008	2.181e-008	2.5081e-008	3.0387e-008	3.7305e-008	4.3232e-008	4.8816e-008	5.3041e-008	5.925e-008	6.6342e-008	7.335e-008	7.9483e-008	8.4507e-008	8.6692e-008	8.8099e-008	8.9657e-008	9.1027e-008	9.2096e-008	9.2655e-008	9.3821e-008	9.4167e-008
2.8967e-009	3.205e-009	3.1498e-009	3.4942e-009	3.7522e-009	4.14e-009	4.4481e-009	5.1173e-009	6.092e-009	8.5378e-009	1.1711e-008	1.6747e-008	2.2339e-008	2.9515e-008	3.7713e-008	4.522e-008	5.177e-008	5.8959e-008	6.5374e-008	7.1219e-008	7.5146e-008	7.9971e-008	8.4074e-008	8.8666e-008	9.1032e-008	9.3159e-008	9.4451e-008	9.6517e-008	9.7554e-008	9.8309e-008	9.8775e-008	9.868e-008	9.6995e-008	9.5794e-008	9.3401e-008	9.1697e-008	8.7692e-008	8.6664e-008	8.4485e-008	8.3183e-008	8.1728e-008	7.9318e-008	7.6431e-008	7.4735e-008	7.2544e-008	7.0427e-008	6.772e-008	6.5461e-008	6.3089e-008	6.0213e-008	5.7811e-008	5.6823e-008	5.422e-008	5.1922e-008	4.9648e-008	4.8625e-008	4.474e-008	4.2666e-008	4.0215e-008	3.8052e-008	3.6573e-008	3.5064e-008	3.3856e-008	3.1555e-008	2.9967e-008	2.7907e-008	2.5891e-008	2.424e-008	2.3142e-008	2.0582e-008	1.9027e-008	1.779e-008	1.6498e-008	1.5196e-008	1.3957e-008	1.2403e-008	1.2539e-008	1.1991e-008	1.0384e-008	1.0132e-008	9.6161e-009	1.0275e-008	1.0727e-008	1.1116e-008	1.2275e-008	1.3166e-008	1.5183e-008	1.7247e-008	1.9278e-008	2.0776e-008	2.5048e-008	2.8352e-008	3.1889e-008	3.6499e-008	4.0839e-008	4.5955e-008	5.2713e-008	5.7324e-008	6.0971e-008	6.5167e-008	6.9991e-008	7.2541e-008	7.7815e-008	8.1134e-008	8.3692e-008	8.7379e-008	8.8964e-008	9.1919e-008	9.445e-008	9.3932e-008	9.2783e-008	9.2261e-008	9.1774e-008	9.1203e-008	9.0445e-008	8.9199e-008	8.7815e-008	8.6486e-008	8.3913e-008	8.2213e-008	8.0885e-008	7.8498e-008	7.5996e-008	7.4719e-008	7.3105e-008	7.1293e-008	6.9797e-008	6.7442e-008	6.4795e-008	6.2294e-008	5.972e-008	5.5813e-008	5.381e-008	5.2148e-008	4.9084e-008	4.5646e-008	4.393e-008	4.1167e-008	3.9629e-008	3.8385e-008	3.6773e-008	3.4929e-008	3.1971e-008	2.9135e-008	2.735e-008	2.5637e-008	2.3097e-008	2.1281e-008	2.0494e-008	1.8016e-008	1.5512e-008	1.3653e-008	1.198e-008	9.9875e-009	8.0383e-009	7.0034e-009	6.8695e-009	6.4495e-009	5.9347e-009	6.3832e-009	6.0368e-009	6.5987e-009	6.645e-009	6.6178e-009	6.8771e-009	7.2387e-009	8.0574e-009	9.6337e-009	1.1081e-008	1.3035e-008	1.6269e-008	2.0012e-008	2.458e-008	3.0656e-008	3.7905e-008	4.4803e-008	5.106e-008	5.726e-008	6.1887e-008	6.8284e-008	7.0735e-008	7.4536e-008	7.7628e-008	8.3909e-008	8.5357e-008	8.8828e-008	9.0302e-008	9.1877e-008	9.2688e-008	9.3447e-008	9.435e-008	9.4209e-008	9.4051e-008	9.3789e-008	9.2334e-008	9.0936e-008	8.9744e-008	8.9996e-008	8.9617e-008	8.2399e-008	8.2128e-008	7.9825e-008	7.7932e-008	7.6065e-008	7.3862e-008	7.1897e-008	6.9776e-008	6.7678e-008	6.5783e-008	6.2691e-008	5.9672e-008	5.8323e-008	5.5987e-008	5.4143e-008	5.0848e-008	4.9759e-008	4.7985e-008	4.6105e-008	4.2731e-008	3.9903e-008	3.7322e-008	3.6031e-008	3.4314e-008	3.2143e-008	2.9828e-008	2.8379e-008	2.6425e-008	2.412e-008	2.2777e-008	2.1488e-008	1.9764e-008	1.6473e-008	1.5087e-008	1.4286e-008	1.361e-008	1.1706e-008	9.5054e-009	8.643e-009	7.0387e-009	6.2319e-009	6.7505e-009	7.2151e-009	7.3038e-009	7.4208e-009	7.5391e-009	7.3499e-009	8.2539e-009	9.6256e-009	1.2272e-008	1.3756e-008	1.7533e-008	2.0689e-008	2.5728e-008	3.0497e-008	3.6144e-008	4.2501e-008	4.9471e-008	5.363e-008	5.9686e-008	6.5505e-008	7.2871e-008	7.808e-008	8.1762e-008	8.5771e-008	8.9121e-008	8.9758e-008	9.0564e-008	9.1849e-008	9.2733e-008	9.2876e-008	9.2823e-008	9.2937e-008	9.3168e-008	9.355e-008	9.4185e-008	9.3971e-008	9.2285e-008	9.0093e-008	8.6864e-008	8.5287e-008	8.3783e-008	8.0769e-008	7.9855e-008	7.4906e-008	7.4363e-008	7.1515e-008	7.0552e-008	6.9323e-008	6.6826e-008	6.4517e-008	6.0128e-008	5.8245e-008	5.637e-008	5.3581e-008	5.1492e-008	4.9343e-008	4.6622e-008	4.4268e-008	3.9948e-008	3.9026e-008	3.7381e-008	3.4223e-008	3.2652e-008	3.0264e-008	2.7027e-008	2.4679e-008	2.2283e-008	2.0396e-008	1.7361e-008	1.631e-008	1.2126e-008	1.0843e-008	9.4666e-009	7.8554e-009	7.1523e-009	6.5977e-009	6.1468e-009	5.8297e-009	5.586e-009	5.0274e-009	5.4813e-009	5.9898e-009	6.0223e-009	6.0764e-009	6.4964e-009	6.6479e-009	6.843e-009	7.7e-009	9.0605e-009	1.1079e-008	1.4555e-008	1.7486e-008	2.113e-008	2.5002e-008	3.2459e-008	3.7626e-008	4.5111e-008	5.3399e-008	5.9114e-008	6.5368e-008	7.1445e-008	7.7787e-008	8.3484e-008	8.5756e-008	8.8881e-008	9.0784e-008	9.2751e-008	9.5852e-008	9.5738e-008	9.6388e-008	9.6831e-008	9.737e-008	9.7273e-008	9.8095e-008	9.7179e-008	9.562e-008	9.473e-008	9.1528e-008	8.9814e-008	8.4131e-008	8.3014e-008	8.0838e-008	7.9012e-008	7.6651e-008	7.5409e-008	7.2897e-008	7.0828e-008	6.7898e-008	6.6039e-008	6.4561e-008	6.2493e-008	5.9098e-008	5.5097e-008	5.3952e-008	5.0536e-008	4.8804e-008	4.6909e-008	4.3047e-008	4.1431e-008	3.8282e-008	3.5701e-008	3.2469e-008	2.9453e-008	2.7119e-008	2.456e-008	2.2587e-008	2.0889e-008	1.856e-008	1.533e-008	1.2626e-008	1.0766e-008	8.8934e-009	8.104e-009	6.912e-009	6.2396e-009	6.2958e-009	5.9291e-009	5.7991e-009	5.6693e-009	5.5743e-009	5.2452e-009	5.9261e-009	5.8106e-009	5.7238e-009	6.5824e-009	6.9519e-009	7.6867e-009	9.5402e-009	1.2032e-008	1.4306e-008	1.8257e-008	2.1068e-008	2.4928e-008	3.0302e-008	3.7126e-008	4.0711e-008	4.8084e-008	5.3024e-008	5.8275e-008	6.3969e-008	6.9811e-008	7.4538e-008	7.7654e-008	8.162e-008	8.41e-008	8.5648e-008	8.7908e-008	8.928e-008	9.0169e-008	9.1699e-008	9.2022e-008	9.2308e-008	9.317e-008	9.2674e-008	9.1415e-008	8.9924e-008	8.8701e-008	8.7199e-008	8.5988e-008	8.452e-008	8.3021e-008	8.1709e-008	7.9766e-008	7.8114e-008	7.696e-008	7.58e-008	7.1526e-008	7.0354e-008	6.77e-008	6.5868e-008	6.4675e-008	6.2305e-008	5.8012e-008	5.7122e-008	5.5593e-008	5.4117e-008	5.025e-008	4.7102e-008	4.3736e-008	4.1643e-008	3.9189e-008	3.7459e-008	3.4344e-008	3.114e-008	2.8737e-008	2.6395e-008	2.4783e-008	2.1633e-008	1.931e-008	1.7023e-008	1.4131e-008	1.2017e-008	9.4536e-009	8.0569e-009	7.0595e-009	6.6704e-009	5.7632e-009	5.9905e-009	6.1531e-009	6.0743e-009	5.9603e-009	5.8431e-009	5.8102e-009	5.6341e-009	5.8997e-009	6.0928e-009	6.7578e-009	7.6073e-009	8.8511e-009	1.1718e-008	1.3744e-008	1.7757e-008	2.144e-008	2.5667e-008	3.1539e-008	3.7747e-008	4.3811e-008	4.8784e-008	5.3597e-008	5.8911e-008	6.6215e-008	7.203e-008	7.8898e-008	8.3e-008	8.6247e-008	8.8006e-008	8.9122e-008	9.0877e-008	9.2354e-008	9.3238e-008	9.3816e-008	9.4161e-008
2.2491e-009	2.6675e-009	3.0461e-009	3.1986e-009	3.39e-009	3.8559e-009	4.0345e-009	4.0934e-009	5.4258e-009	7.4917e-009	1.1987e-008	1.6542e-008	2.2168e-008	2.9692e-008	3.847e-008	4.5345e-008	5.1933e-008	5.8251e-008	6.4648e-008	7.1716e-008	7.5611e-008	7.7862e-008	8.2255e-008	8.7102e-008	9.0159e-008	9.2003e-008	9.3907e-008	9.4812e-008	9.5867e-008	9.7755e-008	9.8527e-008	9.7606e-008	9.5901e-008	9.5103e-008	9.2908e-008	9.1737e-008	8.6567e-008	8.6236e-008	8.4372e-008	8.2814e-008	8.0907e-008	7.7904e-008	7.4215e-008	7.2992e-008	7.1437e-008	6.9554e-008	6.6683e-008	6.5137e-008	6.2123e-008	6.0168e-008	5.7978e-008	5.554e-008	5.3231e-008	5.0771e-008	4.864e-008	4.7525e-008	4.4527e-008	4.0987e-008	3.8037e-008	3.6903e-008	3.5706e-008	3.4874e-008	3.4153e-008	3.1048e-008	2.914e-008	2.7468e-008	2.6034e-008	2.3834e-008	2.2628e-008	2.0691e-008	1.871e-008	1.7318e-008	1.6433e-008	1.4977e-008	1.336e-008	1.2267e-008	1.1565e-008	1.0449e-008	9.8684e-009	9.5909e-009	9.0011e-009	9.4956e-009	9.9251e-009	1.0288e-008	1.1758e-008	1.2795e-008	1.4152e-008	1.6021e-008	1.8307e-008	2.1222e-008	2.3586e-008	2.7584e-008	3.2634e-008	3.7219e-008	3.9988e-008	4.3674e-008	5.0486e-008	5.5988e-008	6.062e-008	6.584e-008	7.0611e-008	7.2849e-008	7.5254e-008	8.0536e-008	8.3215e-008	8.6679e-008	8.8762e-008	9.1968e-008	9.2963e-008	9.2652e-008	9.1718e-008	9.1362e-008	9.1034e-008	9.0726e-008	8.9759e-008	8.8426e-008	8.7273e-008	8.592e-008	8.3151e-008	8.1255e-008	8.095e-008	7.9846e-008	7.6791e-008	7.4978e-008	7.231e-008	7.0945e-008	6.8059e-008	6.607e-008	6.5067e-008	6.0441e-008	5.8109e-008	5.5934e-008	5.3585e-008	5.1136e-008	4.894e-008	4.5489e-008	4.428e-008	4.0641e-008	3.9705e-008	3.8991e-008	3.5285e-008	3.3488e-008	3.171e-008	2.9169e-008	2.6635e-008	2.5099e-008	2.2425e-008	2.1001e-008	1.8079e-008	1.6803e-008	1.3743e-008	1.2859e-008	1.0945e-008	9.3126e-009	7.6406e-009	6.5352e-009	6.2506e-009	5.986e-009	6.0653e-009	6.6529e-009	6.2497e-009	6.4315e-009	6.4117e-009	6.3716e-009	6.4968e-009	7.2687e-009	8.3402e-009	1.0309e-008	1.1563e-008	1.4117e-008	1.7212e-008	2.0357e-008	2.4552e-008	3.1222e-008	3.776e-008	4.3481e-008	5.0734e-008	5.6913e-008	6.4328e-008	6.8618e-008	7.1067e-008	7.6058e-008	7.9576e-008	8.4109e-008	8.5732e-008	8.8082e-008	9.034e-008	9.2309e-008	9.3753e-008	9.4157e-008	9.4979e-008	9.4641e-008	9.361e-008	9.3691e-008	9.2614e-008	9.1406e-008	8.9985e-008	8.9875e-008	8.8825e-008	8.3788e-008	8.2917e-008	8.0653e-008	7.778e-008	7.6379e-008	7.4719e-008	7.2444e-008	6.8498e-008	6.5075e-008	6.4524e-008	6.2043e-008	5.8746e-008	5.6904e-008	5.4992e-008	5.2982e-008	5.0952e-008	4.9728e-008	4.7863e-008	4.2744e-008	4.1957e-008	3.923e-008	3.7435e-008	3.5818e-008	3.4603e-008	3.1416e-008	3.0034e-008	2.7472e-008	2.6151e-008	2.3874e-008	2.233e-008	2.0923e-008	2.0154e-008	1.8126e-008	1.5245e-008	1.3679e-008	1.2591e-008	9.9683e-009	9.2471e-009	8.2582e-009	7.4023e-009	6.8324e-009	6.9985e-009	6.5387e-009	6.7722e-009	7.0795e-009	7.6618e-009	7.3099e-009	8.0464e-009	9.7589e-009	1.1422e-008	1.3568e-008	1.7881e-008	2.1463e-008	2.5362e-008	3.1033e-008	3.7137e-008	4.4114e-008	4.8737e-008	5.3103e-008	5.9313e-008	6.6122e-008	7.3968e-008	7.915e-008	8.3656e-008	8.6878e-008	8.8304e-008	8.961e-008	9.1175e-008	9.1692e-008	9.2829e-008	9.2705e-008	9.2666e-008	9.3056e-008	9.3353e-008	9.3356e-008	9.4612e-008	9.3959e-008	9.2171e-008	9.031e-008	8.7596e-008	8.5338e-008	8.2808e-008	8.0727e-008	7.8365e-008	7.3956e-008	7.3673e-008	7.1189e-008	6.9934e-008	6.8001e-008	6.5094e-008	6.3743e-008	6.0338e-008	5.6838e-008	5.4825e-008	5.3325e-008	5.1155e-008	4.8052e-008	4.5901e-008	4.3996e-008	4.0735e-008	3.8849e-008	3.6875e-008	3.4733e-008	3.2495e-008	2.9991e-008	2.7746e-008	2.4735e-008	2.2771e-008	2.0697e-008	1.7051e-008	1.629e-008	1.2086e-008	1.1506e-008	1.0114e-008	8.4681e-009	7.1544e-009	6.6229e-009	6.2211e-009	6.2115e-009	5.9005e-009	5.7274e-009	5.8517e-009	5.8707e-009	6.0103e-009	6.4691e-009	6.4164e-009	6.8493e-009	7.5395e-009	7.5015e-009	9.0609e-009	1.0913e-008	1.3536e-008	1.7184e-008	2.0936e-008	2.5399e-008	3.1275e-008	3.8211e-008	4.5572e-008	5.2598e-008	5.9857e-008	6.5079e-008	7.0774e-008	7.5599e-008	8.0632e-008	8.5762e-008	8.826e-008	9.0409e-008	9.4684e-008	9.7063e-008	9.8302e-008	9.7741e-008	9.7165e-008	9.7001e-008	9.7159e-008	9.8145e-008	9.6823e-008	9.5548e-008	9.4421e-008	9.1216e-008	8.8139e-008	8.5918e-008	8.2376e-008	8.0056e-008	7.8445e-008	7.589e-008	7.5463e-008	7.3367e-008	7.1499e-008	6.8715e-008	6.653e-008	6.5197e-008	6.3441e-008	5.6705e-008	5.5325e-008	5.4262e-008	5.1309e-008	4.8991e-008	4.5222e-008	4.2509e-008	4.0712e-008	3.7879e-008	3.4378e-008	3.0783e-008	2.9793e-008	2.7561e-008	2.4999e-008	2.2586e-008	1.9909e-008	1.7986e-008	1.5144e-008	1.3021e-008	1.0155e-008	8.9543e-009	7.8951e-009	6.4036e-009	6.2182e-009	6.6534e-009	5.932e-009	5.8448e-009	6.0193e-009	5.9869e-009	5.4267e-009	5.4443e-009	5.6514e-009	5.9198e-009	6.14e-009	6.7032e-009	8.1279e-009	1.0215e-008	1.2429e-008	1.4038e-008	1.8412e-008	2.1918e-008	2.6436e-008	3.1096e-008	3.6744e-008	4.1025e-008	4.8828e-008	5.2821e-008	5.8034e-008	6.4578e-008	7.0749e-008	7.4698e-008	7.8363e-008	8.1471e-008	8.4012e-008	8.5902e-008	8.8016e-008	9.0063e-008	9.1409e-008	9.2295e-008	9.2877e-008	9.4072e-008	9.3808e-008	9.2682e-008	9.1476e-008	8.9701e-008	8.8548e-008	8.6781e-008	8.5218e-008	8.4178e-008	8.2596e-008	8.1318e-008	7.8853e-008	7.7586e-008	7.6342e-008	7.3999e-008	7.2118e-008	6.9949e-008	6.8174e-008	6.6626e-008	6.5412e-008	6.2951e-008	5.9269e-008	5.7695e-008	5.6034e-008	5.3646e-008	4.9945e-008	4.5388e-008	4.3588e-008	4.0491e-008	3.9252e-008	3.7946e-008	3.4611e-008	2.9098e-008	2.8358e-008	2.6881e-008	2.5327e-008	1.9038e-008	1.7971e-008	1.5997e-008	1.3361e-008	1.15e-008	8.7435e-009	7.8707e-009	7.6751e-009	7.0094e-009	6.2136e-009	6.192e-009	6.148e-009	6.1784e-009	6.0657e-009	5.7309e-009	5.3878e-009	5.268e-009	5.4681e-009	6.6517e-009	7.0677e-009	7.4455e-009	9.3369e-009	1.1229e-008	1.3749e-008	1.7119e-008	2.2119e-008	2.5902e-008	3.0741e-008	3.7144e-008	4.3138e-008	4.8496e-008	5.3128e-008	5.9827e-008	6.6662e-008	7.2562e-008	7.8177e-008	8.3074e-008	8.5486e-008	8.7752e-008	8.8854e-008	9.0515e-008	9.2265e-008	9.3051e-008	9.3451e-008	9.3714e-008
2.9489e-009	3.0105e-009	3.4309e-009	3.2048e-009	3.2276e-009	3.5352e-009	3.6379e-009	3.7809e-009	5.643e-009	7.5812e-009	1.1046e-008	1.4803e-008	2.1439e-008	2.8761e-008	3.7681e-008	4.539e-008	5.2528e-008	5.9358e-008	6.6581e-008	7.2338e-008	7.6939e-008	7.9761e-008	8.3028e-008	8.6104e-008	8.9021e-008	9.1755e-008	9.3377e-008	9.3978e-008	9.5402e-008	9.7078e-008	9.7934e-008	9.7151e-008	9.6146e-008	9.4717e-008	9.2754e-008	9.1167e-008	8.8306e-008	8.5886e-008	8.3479e-008	8.2195e-008	8.0404e-008	7.743e-008	7.4768e-008	7.2418e-008	7.1535e-008	6.8888e-008	6.7425e-008	6.5548e-008	6.3266e-008	6.02e-008	5.8236e-008	5.6169e-008	5.3442e-008	5.1858e-008	4.9163e-008	4.7323e-008	4.5282e-008	4.2283e-008	4.0065e-008	3.7427e-008	3.6251e-008	3.5521e-008	3.4633e-008	3.0992e-008	2.9314e-008	2.7393e-008	2.5735e-008	2.4432e-008	2.2491e-008	2.058e-008	1.8506e-008	1.6906e-008	1.5811e-008	1.447e-008	1.3188e-008	1.2168e-008	1.1372e-008	1.0015e-008	9.6231e-009	9.2314e-009	8.9867e-009	9.2855e-009	9.356e-009	9.9114e-009	1.0349e-008	1.2195e-008	1.3475e-008	1.5142e-008	1.7521e-008	1.9904e-008	2.262e-008	2.4759e-008	3.2374e-008	3.6075e-008	4.0398e-008	4.587e-008	4.904e-008	5.5303e-008	6.1614e-008	6.6899e-008	7.0291e-008	7.2794e-008	7.5323e-008	8.0301e-008	8.2812e-008	8.6329e-008	8.9379e-008	9.1392e-008	9.2792e-008	9.2264e-008	9.1608e-008	9.1173e-008	9.0792e-008	9.0347e-008	8.9173e-008	8.8263e-008	8.7768e-008	8.6386e-008	8.5526e-008	8.2854e-008	8.0648e-008	7.9651e-008	7.7399e-008	7.4818e-008	7.3011e-008	7.0839e-008	6.7838e-008	6.5708e-008	6.4182e-008	6.0287e-008	5.7523e-008	5.5948e-008	5.4037e-008	5.0777e-008	5.0031e-008	4.7223e-008	4.3964e-008	4.0771e-008	4.0348e-008	3.8941e-008	3.5011e-008	3.3369e-008	3.1843e-008	2.8758e-008	2.7031e-008	2.4208e-008	2.2736e-008	2.0568e-008	1.8195e-008	1.5724e-008	1.4422e-008	1.2365e-008	1.0703e-008	9.2221e-009	7.2676e-009	6.6535e-009	6.1225e-009	5.5754e-009	5.7854e-009	6.4758e-009	6.0705e-009	6.0217e-009	5.8837e-009	6.2832e-009	6.5571e-009	7.4468e-009	8.4334e-009	9.6829e-009	1.2161e-008	1.4668e-008	1.6394e-008	2.041e-008	2.5097e-008	3.1684e-008	3.769e-008	4.3621e-008	4.9722e-008	5.739e-008	6.4672e-008	6.8217e-008	7.1338e-008	7.6043e-008	8.0184e-008	8.3606e-008	8.6382e-008	8.8837e-008	9.1492e-008	9.2647e-008	9.3737e-008	9.4861e-008	9.5087e-008	9.4755e-008	9.3996e-008	9.3613e-008	9.222e-008	9.1241e-008	9.011e-008	8.969e-008	8.7682e-008	8.3989e-008	8.2126e-008	7.9809e-008	7.7783e-008	7.6141e-008	7.4265e-008	7.093e-008	6.8801e-008	6.4796e-008	6.3532e-008	6.1287e-008	5.9459e-008	5.7013e-008	5.5509e-008	5.187e-008	5.0298e-008	4.8653e-008	4.7236e-008	4.2795e-008	4.1311e-008	3.9523e-008	3.6453e-008	3.4659e-008	3.3191e-008	3.1528e-008	3.0277e-008	2.7396e-008	2.5424e-008	2.3179e-008	2.1811e-008	2.0565e-008	1.8726e-008	1.6508e-008	1.4952e-008	1.2818e-008	1.097e-008	9.3153e-009	8.7039e-009	8.3472e-009	7.142e-009	6.1374e-009	6.7023e-009	6.4479e-009	6.0766e-009	6.8542e-009	7.077e-009	6.6462e-009	6.868e-009	8.5596e-009	1.0205e-008	1.3938e-008	1.7291e-008	2.0118e-008	2.4939e-008	3.1335e-008	3.697e-008	4.249e-008	4.9398e-008	5.456e-008	6.0051e-008	6.6743e-008	7.2932e-008	7.757e-008	8.2837e-008	8.6565e-008	8.7423e-008	8.8443e-008	9.1117e-008	9.1428e-008	9.2362e-008	9.2537e-008	9.299e-008	9.2788e-008	9.2545e-008	9.3338e-008	9.3739e-008	9.1794e-008	9.1121e-008	9.0081e-008	8.7215e-008	8.3444e-008	8.2397e-008	8.1143e-008	7.8071e-008	7.5304e-008	7.3123e-008	7.0877e-008	6.9329e-008	6.7182e-008	6.5321e-008	6.2883e-008	6.1249e-008	5.665e-008	5.4447e-008	5.228e-008	5.0031e-008	4.7713e-008	4.5857e-008	4.3898e-008	4.1405e-008	3.9292e-008	3.6317e-008	3.4753e-008	3.2201e-008	2.9607e-008	2.7446e-008	2.4444e-008	2.2602e-008	2.0718e-008	1.7963e-008	1.542e-008	1.2275e-008	1.099e-008	1.0212e-008	8.1813e-009	6.839e-009	6.4826e-009	6.1582e-009	5.6687e-009	5.9331e-009	5.8318e-009	4.9943e-009	5.0203e-009	5.0059e-009	5.8744e-009	6.4054e-009	6.988e-009	7.2451e-009	7.2353e-009	8.9682e-009	1.0797e-008	1.2949e-008	1.5819e-008	1.9514e-008	2.3516e-008	2.9346e-008	3.7146e-008	4.5511e-008	5.2208e-008	5.9149e-008	6.4891e-008	6.9621e-008	7.4769e-008	7.8872e-008	8.3126e-008	8.7142e-008	9.0659e-008	9.5615e-008	9.7892e-008	9.8701e-008	9.8415e-008	9.7759e-008	9.7333e-008	9.6601e-008	9.6041e-008	9.4986e-008	9.4994e-008	9.3421e-008	9.0706e-008	8.8665e-008	8.5867e-008	8.3758e-008	8.05e-008	7.9773e-008	7.5708e-008	7.5257e-008	7.3479e-008	7.1105e-008	6.8658e-008	6.6237e-008	6.4867e-008	6.3982e-008	6.0257e-008	5.5437e-008	5.3782e-008	5.0561e-008	4.6664e-008	4.5216e-008	4.2816e-008	4.0292e-008	3.7622e-008	3.3918e-008	3.2258e-008	2.9388e-008	2.7232e-008	2.395e-008	2.1926e-008	1.9395e-008	1.7118e-008	1.475e-008	1.2415e-008	1.0684e-008	8.9312e-009	7.7922e-009	6.087e-009	5.8346e-009	5.8044e-009	5.449e-009	5.1922e-009	5.3012e-009	5.1776e-009	4.6897e-009	4.5891e-009	5.1669e-009	5.5242e-009	5.8166e-009	6.2128e-009	7.7118e-009	9.7696e-009	1.1679e-008	1.4041e-008	1.7066e-008	2.2869e-008	2.6686e-008	3.0709e-008	3.6194e-008	4.1683e-008	4.6831e-008	5.2504e-008	5.8165e-008	6.4157e-008	7.0529e-008	7.384e-008	7.8098e-008	8.1224e-008	8.3204e-008	8.6366e-008	8.8497e-008	9.1429e-008	9.1442e-008	9.2908e-008	9.3335e-008	9.3546e-008	9.392e-008	9.2563e-008	9.074e-008	8.9647e-008	8.8043e-008	8.681e-008	8.5116e-008	8.3372e-008	8.2734e-008	8.0864e-008	7.8589e-008	7.7285e-008	7.5183e-008	7.3706e-008	7.1584e-008	7.0174e-008	6.7805e-008	6.6708e-008	6.4198e-008	6.1994e-008	5.9603e-008	5.7845e-008	5.4846e-008	5.2075e-008	4.9099e-008	4.6613e-008	4.3412e-008	3.9922e-008	3.8913e-008	3.5476e-008	3.3129e-008	2.83e-008	2.6974e-008	2.5564e-008	2.434e-008	1.9941e-008	1.7748e-008	1.4828e-008	1.2869e-008	1.1355e-008	8.9332e-009	7.4724e-009	7.2783e-009	6.4164e-009	5.8181e-009	5.5835e-009	5.3875e-009	5.3271e-009	5.1482e-009	4.9826e-009	4.1372e-009	3.9894e-009	4.6526e-009	5.4587e-009	6.3213e-009	6.9582e-009	8.4726e-009	1.0605e-008	1.3619e-008	1.6439e-008	2.1417e-008	2.4046e-008	3.0446e-008	3.54e-008	4.1074e-008	4.6257e-008	5.2648e-008	5.929e-008	6.5714e-008	7.1701e-008	7.6389e-008	8.0124e-008	8.3997e-008	8.6949e-008	8.9112e-008	9.0407e-008	9.1986e-008	9.2318e-008	9.2908e-008	9.3587e-008
3.0027e-009	3.1822e-009	3.6504e-009	3.3961e-009	3.0061e-009	3.267e-009	3.5688e-009	4.1718e-009	5.2353e-009	7.995e-009	1.1372e-008	1.6289e-008	2.1205e-008	2.766e-008	3.5656e-008	4.4856e-008	5.2905e-008	6.0397e-008	6.8744e-008	7.4667e-008	7.7706e-008	7.941e-008	8.2226e-008	8.5415e-008	8.9256e-008	9.1438e-008	9.2483e-008	9.4085e-008	9.4741e-008	9.6082e-008	9.6343e-008	9.6317e-008	9.5981e-008	9.4767e-008	9.3536e-008	9.1282e-008	8.7713e-008	8.5815e-008	8.3008e-008	8.1764e-008	8.0056e-008	7.6949e-008	7.3968e-008	7.2254e-008	7.0291e-008	6.9405e-008	6.7146e-008	6.5225e-008	6.2902e-008	6.1031e-008	5.8631e-008	5.6062e-008	5.4112e-008	5.2669e-008	4.9279e-008	4.7056e-008	4.5601e-008	4.3555e-008	4.1178e-008	3.9204e-008	3.7261e-008	3.6084e-008	3.3852e-008	3.1495e-008	3.0383e-008	2.682e-008	2.6238e-008	2.4758e-008	2.2503e-008	2.0728e-008	1.7784e-008	1.6919e-008	1.5472e-008	1.4253e-008	1.2626e-008	1.1126e-008	9.9396e-009	9.7605e-009	9.5138e-009	8.5643e-009	8.6435e-009	9.0408e-009	8.8789e-009	9.0218e-009	1.0174e-008	1.1349e-008	1.3094e-008	1.4646e-008	1.658e-008	1.8903e-008	2.2267e-008	2.4515e-008	2.7996e-008	3.4937e-008	4.1014e-008	4.6293e-008	5.0065e-008	5.4485e-008	6.1087e-008	6.7201e-008	7.0133e-008	7.2941e-008	7.6375e-008	7.9247e-008	8.3396e-008	8.6448e-008	8.7873e-008	9.1231e-008	9.3826e-008	9.2277e-008	9.1876e-008	9.1522e-008	9.0817e-008	9.0212e-008	8.8891e-008	8.857e-008	8.7338e-008	8.6524e-008	8.5143e-008	8.3615e-008	8.1197e-008	7.9635e-008	7.8059e-008	7.5721e-008	7.2921e-008	7.0841e-008	6.7822e-008	6.4122e-008	6.1814e-008	5.9597e-008	5.8166e-008	5.6677e-008	5.4866e-008	5.2445e-008	5.0065e-008	4.7758e-008	4.5338e-008	4.3035e-008	4.1312e-008	3.8997e-008	3.6118e-008	3.329e-008	3.1276e-008	2.8529e-008	2.6482e-008	2.4287e-008	2.3139e-008	2.0355e-008	1.8666e-008	1.6783e-008	1.4392e-008	1.2028e-008	9.6502e-009	8.7578e-009	7.9664e-009	7.1774e-009	6.2342e-009	5.2782e-009	5.7716e-009	6.2081e-009	5.934e-009	5.8446e-009	6.2704e-009	6.1277e-009	6.6152e-009	7.8357e-009	9.2597e-009	1.088e-008	1.2252e-008	1.4554e-008	1.8078e-008	2.1567e-008	2.5011e-008	3.2451e-008	3.8331e-008	4.336e-008	4.9298e-008	5.7149e-008	6.4272e-008	6.8134e-008	7.3058e-008	7.5745e-008	8.0327e-008	8.3121e-008	8.5566e-008	8.8374e-008	9.0618e-008	9.4972e-008	9.5783e-008	9.5971e-008	9.5184e-008	9.4686e-008	9.4502e-008	9.3305e-008	9.2267e-008	9.0797e-008	9.0382e-008	8.9718e-008	8.8302e-008	8.6635e-008	8.2726e-008	8.1359e-008	7.8151e-008	7.6079e-008	7.2934e-008	7.0688e-008	6.8478e-008	6.5288e-008	6.3644e-008	6.1643e-008	5.9159e-008	5.7209e-008	5.5432e-008	5.1817e-008	5.0592e-008	4.859e-008	4.5409e-008	4.3616e-008	4.0754e-008	3.8822e-008	3.7371e-008	3.4267e-008	3.3359e-008	3.1612e-008	2.9781e-008	2.6087e-008	2.4863e-008	2.2462e-008	2.1011e-008	1.8951e-008	1.783e-008	1.6205e-008	1.4229e-008	1.3169e-008	1.0843e-008	9.1368e-009	8.4656e-009	7.7147e-009	6.9104e-009	6.678e-009	6.6515e-009	6.4303e-009	6.1244e-009	6.6662e-009	6.8713e-009	6.9131e-009	7.3338e-009	8.8327e-009	1.1243e-008	1.3776e-008	1.6727e-008	2.0322e-008	2.5648e-008	3.1815e-008	3.7709e-008	4.1926e-008	4.8782e-008	5.5591e-008	6.1498e-008	6.873e-008	7.4797e-008	7.9434e-008	8.3591e-008	8.5636e-008	8.7993e-008	9.0103e-008	9.1343e-008	9.1773e-008	9.2369e-008	9.3132e-008	9.309e-008	9.3059e-008	9.2792e-008	9.2938e-008	9.304e-008	9.1808e-008	9.1007e-008	8.9733e-008	8.6896e-008	8.3633e-008	8.2826e-008	8.1706e-008	8.0797e-008	7.6348e-008	7.4035e-008	7.1825e-008	6.9848e-008	6.6899e-008	6.499e-008	6.3609e-008	6.0955e-008	5.6446e-008	5.4772e-008	5.2435e-008	5.0564e-008	4.8961e-008	4.6295e-008	4.4361e-008	4.1354e-008	4.0193e-008	3.7061e-008	3.4469e-008	3.2672e-008	2.8098e-008	2.6605e-008	2.3546e-008	2.1965e-008	2.0088e-008	1.8151e-008	1.6153e-008	1.3799e-008	1.2108e-008	1.0145e-008	8.7823e-009	7.2128e-009	6.4506e-009	6.2314e-009	6.3054e-009	6.755e-009	6.3583e-009	5.8741e-009	5.3354e-009	5.4459e-009	6.1499e-009	6.9996e-009	7.3654e-009	7.3165e-009	7.7346e-009	8.3745e-009	1.0924e-008	1.2603e-008	1.5867e-008	1.8943e-008	2.4328e-008	2.9254e-008	3.6559e-008	4.568e-008	5.4513e-008	6.0347e-008	6.5062e-008	7.033e-008	7.5776e-008	8.0305e-008	8.4424e-008	8.8152e-008	9.2585e-008	9.6144e-008	9.8535e-008	9.9052e-008	9.9264e-008	9.8741e-008	9.7618e-008	9.6766e-008	9.5819e-008	9.5043e-008	9.5066e-008	9.3677e-008	9.1724e-008	8.9436e-008	8.5693e-008	8.4361e-008	8.1449e-008	8.0822e-008	7.9436e-008	7.6263e-008	7.3603e-008	7.133e-008	6.8747e-008	6.658e-008	6.6268e-008	6.2425e-008	5.6654e-008	5.4857e-008	5.4178e-008	4.9634e-008	4.7435e-008	4.5244e-008	4.2888e-008	3.9777e-008	3.7483e-008	3.3994e-008	3.2382e-008	2.9436e-008	2.7083e-008	2.4113e-008	2.2187e-008	1.9557e-008	1.7137e-008	1.4284e-008	1.2056e-008	1.0698e-008	9.27e-009	8.0753e-009	7.144e-009	6.1805e-009	5.9465e-009	5.8502e-009	5.5194e-009	5.6237e-009	6.0994e-009	5.3716e-009	5.3163e-009	5.29e-009	5.441e-009	6.6717e-009	6.7733e-009	8.37e-009	1.0665e-008	1.218e-008	1.4485e-008	1.9945e-008	2.35e-008	2.7152e-008	3.2366e-008	3.6678e-008	4.2562e-008	4.8569e-008	5.3286e-008	5.8506e-008	6.4374e-008	6.9871e-008	7.5432e-008	7.835e-008	8.2404e-008	8.5819e-008	8.997e-008	9.2288e-008	9.2579e-008	9.3332e-008	9.385e-008	9.4612e-008	9.5536e-008	9.4561e-008	9.3123e-008	9.1867e-008	9.0132e-008	8.9121e-008	8.7943e-008	8.5994e-008	8.4669e-008	8.3314e-008	8.1518e-008	7.9341e-008	7.7231e-008	7.5283e-008	7.3901e-008	7.2074e-008	7.0628e-008	6.8781e-008	6.6293e-008	6.3366e-008	6.2412e-008	5.9672e-008	5.8567e-008	5.4845e-008	5.286e-008	4.9625e-008	4.5462e-008	4.2621e-008	4.0024e-008	3.9309e-008	3.5419e-008	3.2996e-008	2.9766e-008	2.737e-008	2.6007e-008	2.2997e-008	1.9892e-008	1.8436e-008	1.487e-008	1.2676e-008	1.0772e-008	9.0475e-009	7.6796e-009	7.2284e-009	6.563e-009	6.1426e-009	6.3316e-009	5.8675e-009	5.4858e-009	4.9077e-009	4.8135e-009	4.5242e-009	5.1875e-009	5.1207e-009	5.833e-009	6.7787e-009	7.4889e-009	8.7693e-009	1.0849e-008	1.3737e-008	1.6979e-008	2.1009e-008	2.5383e-008	2.9731e-008	3.4526e-008	3.8975e-008	4.6106e-008	5.2769e-008	5.9599e-008	6.676e-008	7.2276e-008	7.5986e-008	8.1522e-008	8.4679e-008	8.6917e-008	8.9893e-008	9.1922e-008	9.3247e-008	9.332e-008	9.3978e-008	9.4238e-008
2.9737e-009	2.9814e-009	3.3014e-009	3.5576e-009	3.2386e-009	3.1599e-009	3.6777e-009	3.9283e-009	5.5389e-009	7.8792e-009	1.0811e-008	1.59e-008	2.1019e-008	2.7998e-008	3.4284e-008	4.248e-008	5.0935e-008	6.0289e-008	6.7785e-008	7.35e-008	7.6847e-008	7.9257e-008	8.1743e-008	8.5708e-008	8.9432e-008	9.1452e-008	9.3643e-008	9.4269e-008	9.4885e-008	9.5326e-008	9.5351e-008	9.5411e-008	9.5037e-008	9.4229e-008	9.2965e-008	9.0748e-008	8.7492e-008	8.5904e-008	8.2973e-008	8.1822e-008	8.0051e-008	7.8085e-008	7.502e-008	7.2535e-008	7.0904e-008	6.9125e-008	6.7565e-008	6.5718e-008	6.3336e-008	6.1108e-008	6.0138e-008	5.6677e-008	5.3931e-008	5.3125e-008	4.9945e-008	4.8203e-008	4.5323e-008	4.3546e-008	4.1819e-008	4.0079e-008	3.8432e-008	3.6775e-008	3.418e-008	3.1943e-008	3.0177e-008	2.8773e-008	2.6815e-008	2.4841e-008	2.2101e-008	1.9611e-008	1.789e-008	1.6687e-008	1.5121e-008	1.3647e-008	1.271e-008	1.0751e-008	9.3876e-009	8.3851e-009	8.3804e-009	8.4492e-009	8.7649e-009	8.7867e-009	8.1668e-009	8.7757e-009	9.8001e-009	1.0982e-008	1.2174e-008	1.3969e-008	1.5681e-008	1.8959e-008	2.1259e-008	2.3688e-008	2.8262e-008	3.377e-008	4.084e-008	4.5843e-008	4.9424e-008	5.4815e-008	6.0401e-008	6.6172e-008	7.0431e-008	7.4234e-008	7.6823e-008	7.9072e-008	8.3143e-008	8.6671e-008	8.9157e-008	9.1836e-008	9.3436e-008	9.2461e-008	9.2319e-008	9.1676e-008	9.0757e-008	8.972e-008	8.8866e-008	8.8116e-008	8.7333e-008	8.6311e-008	8.4879e-008	8.4042e-008	8.1817e-008	7.9574e-008	7.7711e-008	7.5463e-008	7.1784e-008	7.0125e-008	6.7482e-008	6.3524e-008	6.1696e-008	5.9966e-008	5.799e-008	5.7026e-008	5.5004e-008	5.1643e-008	4.8462e-008	4.6722e-008	4.4661e-008	4.2955e-008	4.088e-008	3.8477e-008	3.4831e-008	3.2695e-008	3.0492e-008	2.7154e-008	2.6008e-008	2.3715e-008	2.2118e-008	1.9641e-008	1.7912e-008	1.6295e-008	1.4477e-008	1.0706e-008	9.3709e-009	8.1262e-009	7.8214e-009	6.7162e-009	6.3642e-009	5.7132e-009	5.6971e-009	5.4463e-009	5.539e-009	5.3733e-009	5.6827e-009	5.8056e-009	6.6425e-009	7.9896e-009	8.7036e-009	1.1282e-008	1.3174e-008	1.5962e-008	1.9425e-008	2.1571e-008	2.6789e-008	3.2333e-008	3.7354e-008	4.3183e-008	4.9881e-008	5.7766e-008	6.3906e-008	6.8849e-008	7.2462e-008	7.6356e-008	7.9629e-008	8.1899e-008	8.5499e-008	8.8167e-008	9.1428e-008	9.5439e-008	9.5755e-008	9.5368e-008	9.4654e-008	9.4159e-008	9.4105e-008	9.3246e-008	9.1747e-008	9.0517e-008	8.9943e-008	8.9633e-008	8.8207e-008	8.5717e-008	8.343e-008	8.1161e-008	7.825e-008	7.6208e-008	7.388e-008	7.0385e-008	6.8092e-008	6.5944e-008	6.3821e-008	6.1356e-008	5.8897e-008	5.6672e-008	5.4731e-008	5.1958e-008	4.9943e-008	4.8199e-008	4.3561e-008	4.1324e-008	3.9755e-008	3.739e-008	3.6472e-008	3.4676e-008	3.3001e-008	3.0684e-008	2.9108e-008	2.7376e-008	2.389e-008	2.2174e-008	2.0283e-008	1.8927e-008	1.7648e-008	1.5141e-008	1.3795e-008	1.1691e-008	1.0313e-008	8.9666e-009	7.979e-009	7.0374e-009	6.7037e-009	6.8238e-009	6.4114e-009	6.4379e-009	6.4144e-009	6.7106e-009	6.5486e-009	6.9571e-009	7.6217e-009	8.6528e-009	1.0616e-008	1.3481e-008	1.6382e-008	2.1144e-008	2.6388e-008	3.2481e-008	3.7572e-008	4.2656e-008	4.9851e-008	5.6633e-008	6.321e-008	6.9185e-008	7.2685e-008	7.9447e-008	8.3103e-008	8.5225e-008	8.8247e-008	8.9753e-008	9.15e-008	9.1888e-008	9.2708e-008	9.3396e-008	9.3159e-008	9.3086e-008	9.3067e-008	9.2894e-008	9.2577e-008	9.1904e-008	9.0177e-008	8.8842e-008	8.6571e-008	8.3719e-008	8.3275e-008	8.1576e-008	7.9685e-008	7.4366e-008	7.3981e-008	7.1879e-008	6.9617e-008	6.7418e-008	6.5232e-008	6.2867e-008	6.1383e-008	5.911e-008	5.5239e-008	5.2641e-008	5.108e-008	4.9254e-008	4.7114e-008	4.4708e-008	4.1531e-008	3.8953e-008	3.6432e-008	3.4018e-008	3.3055e-008	3.0492e-008	2.8307e-008	2.5573e-008	2.2314e-008	2.0408e-008	1.8043e-008	1.6207e-008	1.3769e-008	1.2391e-008	9.9703e-009	8.9584e-009	7.8225e-009	6.9621e-009	6.4894e-009	6.8028e-009	6.6298e-009	6.4143e-009	6.2402e-009	5.7541e-009	5.8139e-009	6.4424e-009	6.0188e-009	7.1388e-009	7.1204e-009	7.3726e-009	8.2489e-009	1.0246e-008	1.2735e-008	1.5822e-008	1.9019e-008	2.3957e-008	2.9315e-008	3.6766e-008	4.6043e-008	5.153e-008	6.0363e-008	6.482e-008	6.8713e-008	7.5223e-008	7.9919e-008	8.4877e-008	8.9409e-008	9.2721e-008	9.5364e-008	9.6984e-008	9.8382e-008	9.9374e-008	9.9235e-008	9.7877e-008	9.7411e-008	9.676e-008	9.4881e-008	9.4172e-008	9.1692e-008	9.066e-008	8.8743e-008	8.5152e-008	8.4056e-008	8.1585e-008	8.104e-008	7.8429e-008	7.6665e-008	7.3843e-008	7.1468e-008	6.8953e-008	6.7847e-008	6.5855e-008	6.1681e-008	5.8299e-008	5.5663e-008	5.3805e-008	4.7834e-008	4.7028e-008	4.4656e-008	4.2516e-008	3.9945e-008	3.623e-008	3.428e-008	3.163e-008	3.0124e-008	2.741e-008	2.4309e-008	2.184e-008	1.8976e-008	1.6794e-008	1.4706e-008	1.2979e-008	1.1656e-008	9.4004e-009	8.3763e-009	6.8087e-009	6.1934e-009	5.8177e-009	5.4561e-009	5.3981e-009	5.4673e-009	6.1494e-009	5.57e-009	5.5238e-009	5.552e-009	6.0046e-009	6.6148e-009	6.7078e-009	8.6847e-009	1.0584e-008	1.3427e-008	1.539e-008	2.02e-008	2.3802e-008	2.7486e-008	3.2561e-008	3.662e-008	4.2737e-008	4.7224e-008	5.5656e-008	5.9568e-008	6.4936e-008	6.881e-008	7.4202e-008	7.8304e-008	8.2121e-008	8.5849e-008	8.8993e-008	9.3144e-008	9.4024e-008	9.4195e-008	9.3881e-008	9.5457e-008	9.5224e-008	9.4675e-008	9.3364e-008	9.1287e-008	9.0635e-008	8.9535e-008	8.8204e-008	8.675e-008	8.5088e-008	8.4179e-008	8.2313e-008	7.9182e-008	7.7303e-008	7.5364e-008	7.3933e-008	7.1932e-008	6.9661e-008	6.7481e-008	6.5246e-008	6.3363e-008	6.109e-008	5.841e-008	5.4701e-008	5.3712e-008	5.1539e-008	4.8834e-008	4.5989e-008	4.2391e-008	3.9725e-008	3.8473e-008	3.5409e-008	3.3794e-008	2.9776e-008	2.7326e-008	2.5363e-008	2.333e-008	1.9675e-008	1.5407e-008	1.4672e-008	1.313e-008	1.0881e-008	8.7754e-009	8.0227e-009	7.0131e-009	6.2712e-009	5.7806e-009	5.9972e-009	5.6787e-009	5.6835e-009	5.0866e-009	4.8957e-009	5.0496e-009	5.0552e-009	5.1287e-009	6.0573e-009	6.6935e-009	7.0792e-009	9.1206e-009	1.0845e-008	1.3786e-008	1.7933e-008	1.9621e-008	2.4452e-008	2.8863e-008	3.3099e-008	3.8902e-008	4.5244e-008	5.2979e-008	6.0027e-008	6.5788e-008	7.1496e-008	7.5774e-008	8.2056e-008	8.5165e-008	8.9529e-008	9.0399e-008	9.2678e-008	9.4304e-008	9.4291e-008	9.4118e-008	9.391e-008
3.4206e-009	3.2634e-009	2.9021e-009	3.0441e-009	3.1074e-009	3.4806e-009	3.8199e-009	3.9535e-009	5.5471e-009	7.556e-009	9.7925e-009	1.4486e-008	2.183e-008	2.9063e-008	3.5087e-008	4.1369e-008	5.1229e-008	6.0354e-008	6.6077e-008	7.2767e-008	7.7588e-008	8.0095e-008	8.2852e-008	8.5458e-008	9.0557e-008	9.4213e-008	9.5592e-008	9.5535e-008	9.5393e-008	9.4977e-008	9.5051e-008	9.5363e-008	9.5406e-008	9.4159e-008	9.3118e-008	8.9817e-008	8.7065e-008	8.5614e-008	8.2169e-008	8.0891e-008	7.9961e-008	7.8594e-008	7.5858e-008	7.216e-008	7.0241e-008	6.8671e-008	6.7491e-008	6.4989e-008	6.36e-008	6.1343e-008	6.0211e-008	5.894e-008	5.6666e-008	5.4308e-008	5.096e-008	4.8576e-008	4.6324e-008	4.3802e-008	4.1903e-008	4.0292e-008	3.7918e-008	3.6389e-008	3.4603e-008	3.253e-008	3.0745e-008	2.7976e-008	2.6146e-008	2.3721e-008	2.1461e-008	1.9407e-008	1.7645e-008	1.5632e-008	1.4193e-008	1.3175e-008	1.1925e-008	9.9316e-009	8.6598e-009	7.5531e-009	7.5349e-009	7.5078e-009	7.0885e-009	7.245e-009	7.4042e-009	8.3671e-009	9.6031e-009	1.0712e-008	1.189e-008	1.3279e-008	1.544e-008	1.7719e-008	2.0772e-008	2.4607e-008	2.618e-008	3.1794e-008	3.8201e-008	4.5008e-008	4.9836e-008	5.4258e-008	6.0396e-008	6.6272e-008	6.9956e-008	7.4976e-008	7.688e-008	7.9325e-008	8.428e-008	8.6877e-008	8.951e-008	9.0384e-008	9.2354e-008	9.2175e-008	9.1654e-008	9.16e-008	9.0421e-008	8.9492e-008	8.8718e-008	8.7627e-008	8.6893e-008	8.5898e-008	8.4939e-008	8.4039e-008	8.1652e-008	7.9569e-008	7.7684e-008	7.5186e-008	7.3345e-008	6.9323e-008	6.7269e-008	6.3359e-008	6.1518e-008	6.0197e-008	5.9029e-008	5.7359e-008	5.5025e-008	5.2193e-008	4.7439e-008	4.6741e-008	4.4374e-008	4.3424e-008	4.1064e-008	3.8768e-008	3.5645e-008	3.2914e-008	3.0407e-008	2.7204e-008	2.6842e-008	2.4822e-008	2.2902e-008	1.8643e-008	1.7372e-008	1.4603e-008	1.3531e-008	1.1057e-008	9.5682e-009	8.2614e-009	7.3537e-009	6.4855e-009	6.2627e-009	5.8668e-009	5.7148e-009	5.7983e-009	5.4813e-009	5.5789e-009	5.6606e-009	5.7007e-009	6.5217e-009	7.6777e-009	9.1824e-009	1.1593e-008	1.3339e-008	1.5946e-008	1.9826e-008	2.3501e-008	2.8029e-008	3.18e-008	3.7282e-008	4.3261e-008	5.0682e-008	5.8453e-008	6.3916e-008	6.7847e-008	7.1137e-008	7.644e-008	7.8943e-008	8.2156e-008	8.4981e-008	8.8585e-008	8.9985e-008	9.3724e-008	9.4403e-008	9.466e-008	9.4103e-008	9.391e-008	9.3679e-008	9.2615e-008	9.1198e-008	9.0144e-008	8.9519e-008	8.912e-008	8.757e-008	8.6103e-008	8.3271e-008	8.1023e-008	7.9052e-008	7.6753e-008	7.2681e-008	7.0662e-008	6.8795e-008	6.6819e-008	6.4392e-008	6.2123e-008	5.8936e-008	5.6504e-008	5.5291e-008	5.1174e-008	5.0081e-008	4.8018e-008	4.4393e-008	4.0835e-008	3.9076e-008	3.737e-008	3.6046e-008	3.4848e-008	3.0593e-008	3.0007e-008	2.8717e-008	2.6016e-008	2.3921e-008	2.2464e-008	2.0501e-008	1.8098e-008	1.6825e-008	1.4867e-008	1.2813e-008	1.1279e-008	9.835e-009	8.4116e-009	7.9156e-009	7.38e-009	7.1777e-009	6.376e-009	6.3268e-009	6.4872e-009	6.6276e-009	6.6064e-009	6.9774e-009	6.7718e-009	7.7861e-009	8.194e-009	9.5947e-009	1.2645e-008	1.5102e-008	2.0665e-008	2.5284e-008	3.2111e-008	3.8171e-008	4.36e-008	5.0023e-008	5.773e-008	6.3523e-008	6.8169e-008	7.2717e-008	7.6902e-008	8.2593e-008	8.5871e-008	8.7468e-008	8.939e-008	9.078e-008	9.2403e-008	9.339e-008	9.3104e-008	9.3216e-008	9.4003e-008	9.3602e-008	9.2925e-008	9.2886e-008	9.1744e-008	9.0675e-008	8.7727e-008	8.6698e-008	8.4276e-008	8.4002e-008	8.3343e-008	8.0827e-008	7.564e-008	7.4229e-008	7.2636e-008	6.9255e-008	6.6753e-008	6.552e-008	6.3018e-008	6.1657e-008	5.8725e-008	5.5485e-008	5.3031e-008	5.1364e-008	5.0392e-008	4.7381e-008	4.4748e-008	4.125e-008	3.9156e-008	3.6019e-008	3.4024e-008	3.2596e-008	3.0693e-008	2.8878e-008	2.655e-008	2.2825e-008	2.1751e-008	1.7768e-008	1.6487e-008	1.41e-008	1.2295e-008	1.0642e-008	9.436e-009	8.3296e-009	7.034e-009	6.6679e-009	6.7476e-009	6.4443e-009	6.3217e-009	6.0222e-009	6.2276e-009	6.3779e-009	6.6891e-009	6.4404e-009	6.4999e-009	6.9324e-009	6.841e-009	7.3789e-009	8.5227e-009	1.1912e-008	1.354e-008	1.8467e-008	2.3684e-008	2.9904e-008	3.8246e-008	4.6243e-008	5.3277e-008	6.0073e-008	6.5115e-008	6.8385e-008	7.4358e-008	7.9862e-008	8.3623e-008	8.9345e-008	9.3364e-008	9.5408e-008	9.6977e-008	9.7926e-008	9.9331e-008	9.8807e-008	9.8099e-008	9.759e-008	9.6441e-008	9.4363e-008	9.2997e-008	9.1157e-008	8.9912e-008	8.8073e-008	8.5511e-008	8.3961e-008	8.079e-008	7.9174e-008	7.7232e-008	7.6181e-008	7.325e-008	7.089e-008	6.8976e-008	6.7523e-008	6.3517e-008	5.8143e-008	5.7467e-008	5.5785e-008	5.4226e-008	5.027e-008	4.6213e-008	4.3321e-008	4.2056e-008	3.9775e-008	3.5561e-008	3.5182e-008	3.2608e-008	2.9305e-008	2.667e-008	2.4716e-008	2.2788e-008	2.0024e-008	1.6506e-008	1.5203e-008	1.4086e-008	1.1234e-008	9.7049e-009	8.9489e-009	7.618e-009	6.4527e-009	6.1959e-009	5.9655e-009	5.78e-009	5.8902e-009	5.8314e-009	5.6656e-009	5.2987e-009	5.7753e-009	6.6201e-009	6.4999e-009	7.2262e-009	9.4928e-009	1.1766e-008	1.4767e-008	1.7419e-008	2.1362e-008	2.4102e-008	2.8775e-008	3.3155e-008	3.7765e-008	4.2065e-008	4.9107e-008	5.5458e-008	6.1125e-008	6.6367e-008	7.0104e-008	7.4227e-008	7.8767e-008	8.4557e-008	8.713e-008	8.9512e-008	9.3345e-008	9.3928e-008	9.3829e-008	9.3701e-008	9.4177e-008	9.3952e-008	9.3629e-008	9.2879e-008	9.2007e-008	9.0656e-008	8.9948e-008	8.865e-008	8.6463e-008	8.5246e-008	8.3581e-008	8.1678e-008	7.9504e-008	7.7158e-008	7.6275e-008	7.4408e-008	7.2156e-008	6.9858e-008	6.7517e-008	6.578e-008	6.3089e-008	5.9726e-008	5.8635e-008	5.6248e-008	5.391e-008	5.0817e-008	4.9158e-008	4.351e-008	4.2183e-008	4.0106e-008	3.8303e-008	3.5282e-008	3.3286e-008	2.9918e-008	2.7579e-008	2.3527e-008	2.2248e-008	1.9809e-008	1.7918e-008	1.4656e-008	1.3264e-008	1.1254e-008	9.1523e-009	8.1837e-009	7.2632e-009	6.1531e-009	6.3841e-009	6.5185e-009	6.2252e-009	5.9599e-009	5.4165e-009	5.4838e-009	5.643e-009	5.673e-009	5.6358e-009	5.9746e-009	6.6786e-009	7.5589e-009	9.2878e-009	1.1724e-008	1.3684e-008	1.6978e-008	2.0226e-008	2.4634e-008	2.8546e-008	3.2504e-008	3.7941e-008	4.5141e-008	5.1917e-008	5.9391e-008	6.6084e-008	7.1174e-008	7.6975e-008	8.0494e-008	8.6558e-008	8.9e-008	9.1794e-008	9.2999e-008	9.4405e-008	9.4071e-008	9.4078e-008	9.4112e-008
2.436e-009	2.5028e-009	2.4254e-009	2.3751e-009	2.7742e-009	2.9822e-009	3.2029e-009	3.2281e-009	4.6921e-009	6.5222e-009	8.5824e-009	1.2277e-008	2.0751e-008	2.8013e-008	3.418e-008	3.9953e-008	4.8652e-008	5.9301e-008	6.5805e-008	7.1155e-008	7.5775e-008	7.9826e-008	8.2129e-008	8.5992e-008	9.1606e-008	9.432e-008	9.5872e-008	9.539e-008	9.4593e-008	9.4339e-008	9.4898e-008	9.4989e-008	9.4681e-008	9.3569e-008	9.2871e-008	8.9303e-008	8.7195e-008	8.4319e-008	8.1416e-008	7.9585e-008	7.8911e-008	7.7933e-008	7.4088e-008	7.1234e-008	7.0317e-008	6.8404e-008	6.7307e-008	6.5148e-008	6.4095e-008	6.2227e-008	6.0968e-008	5.9413e-008	5.715e-008	5.4333e-008	5.2044e-008	4.8467e-008	4.674e-008	4.3646e-008	4.1901e-008	3.9709e-008	3.7676e-008	3.6586e-008	3.4721e-008	3.2293e-008	3.0034e-008	2.786e-008	2.5645e-008	2.3964e-008	2.1637e-008	1.9829e-008	1.6971e-008	1.5763e-008	1.4228e-008	1.253e-008	1.0826e-008	9.8639e-009	8.1833e-009	7.0476e-009	6.405e-009	6.1741e-009	6.017e-009	6.1705e-009	6.7226e-009	7.2574e-009	7.8242e-009	8.7735e-009	1.0504e-008	1.1665e-008	1.3127e-008	1.6806e-008	1.949e-008	2.4051e-008	2.6688e-008	3.1063e-008	3.6308e-008	4.2536e-008	4.9112e-008	5.3982e-008	6.1105e-008	6.6629e-008	7.0769e-008	7.2426e-008	7.5656e-008	8.0414e-008	8.3884e-008	8.6796e-008	8.8095e-008	8.947e-008	8.9897e-008	9.0253e-008	9.0142e-008	9.0967e-008	9.0104e-008	8.9396e-008	8.8629e-008	8.7733e-008	8.6586e-008	8.5352e-008	8.4761e-008	8.3216e-008	8.0799e-008	7.9451e-008	7.7029e-008	7.5015e-008	7.2397e-008	6.8496e-008	6.6776e-008	6.4046e-008	6.1919e-008	6.0647e-008	5.9453e-008	5.7419e-008	5.5569e-008	5.0064e-008	4.843e-008	4.5438e-008	4.3886e-008	4.3074e-008	3.9462e-008	3.7723e-008	3.4581e-008	3.3082e-008	3.0129e-008	2.8285e-008	2.7014e-008	2.2896e-008	2.1876e-008	1.8195e-008	1.639e-008	1.3673e-008	1.1418e-008	1.0329e-008	8.9657e-009	7.6181e-009	7.0665e-009	6.3438e-009	6.0336e-009	6.1454e-009	5.7891e-009	5.8455e-009	5.6802e-009	5.6037e-009	5.7603e-009	5.9363e-009	6.3499e-009	7.6994e-009	9.0994e-009	1.0707e-008	1.2814e-008	1.6677e-008	2.0239e-008	2.3066e-008	2.7515e-008	3.3118e-008	3.8421e-008	4.521e-008	5.1772e-008	5.8678e-008	6.3779e-008	6.8115e-008	7.0886e-008	7.6761e-008	7.9187e-008	8.1512e-008	8.5005e-008	8.7902e-008	9.0671e-008	9.2897e-008	9.3492e-008	9.3741e-008	9.3195e-008	9.3007e-008	9.2478e-008	9.2013e-008	9.1268e-008	9.0067e-008	8.991e-008	8.9232e-008	8.7096e-008	8.5632e-008	8.2954e-008	8.0753e-008	7.8377e-008	7.7344e-008	7.3128e-008	7.0354e-008	6.8662e-008	6.6559e-008	6.4516e-008	6.2784e-008	5.8124e-008	5.708e-008	5.4506e-008	5.1235e-008	4.9718e-008	4.7585e-008	4.5543e-008	4.2674e-008	4.0146e-008	3.8562e-008	3.6575e-008	3.3797e-008	3.1055e-008	2.9667e-008	2.7224e-008	2.5159e-008	2.3366e-008	2.0756e-008	1.9224e-008	1.7967e-008	1.6276e-008	1.4044e-008	1.2672e-008	1.1161e-008	1.0068e-008	8.248e-009	7.6656e-009	7.2447e-009	6.594e-009	6.4887e-009	6.6042e-009	6.5801e-009	6.7123e-009	6.8991e-009	7.5818e-009	7.0717e-009	7.4975e-009	8.79e-009	9.9079e-009	1.2323e-008	1.5914e-008	1.9709e-008	2.4419e-008	3.0266e-008	3.6503e-008	4.3726e-008	5.018e-008	5.7895e-008	6.5487e-008	6.9546e-008	7.3827e-008	7.6562e-008	8.1055e-008	8.4055e-008	8.6591e-008	8.8688e-008	9.039e-008	9.2243e-008	9.321e-008	9.2956e-008	9.3476e-008	9.35e-008	9.3573e-008	9.3555e-008	9.2693e-008	9.1306e-008	9.0296e-008	8.8822e-008	8.6912e-008	8.5411e-008	8.4904e-008	8.2587e-008	7.9373e-008	7.5047e-008	7.3854e-008	7.205e-008	6.9494e-008	6.6903e-008	6.526e-008	6.3445e-008	6.2036e-008	5.6424e-008	5.5335e-008	5.3355e-008	5.1178e-008	4.9906e-008	4.745e-008	4.2425e-008	4.0708e-008	3.8111e-008	3.6594e-008	3.4092e-008	3.2406e-008	3.0235e-008	2.8357e-008	2.5941e-008	2.2301e-008	2.1205e-008	1.7747e-008	1.6012e-008	1.3188e-008	1.2287e-008	1.0835e-008	9.9504e-009	8.6742e-009	7.3511e-009	6.6286e-009	7.0914e-009	6.4262e-009	6.495e-009	6.3273e-009	6.3363e-009	6.4196e-009	7.1258e-009	6.7921e-009	6.2115e-009	6.6236e-009	6.8589e-009	7.2047e-009	8.9613e-009	1.1322e-008	1.4173e-008	1.7724e-008	2.2458e-008	2.9526e-008	3.8173e-008	4.5589e-008	5.3074e-008	6.0183e-008	6.504e-008	6.8487e-008	7.3632e-008	7.8967e-008	8.3213e-008	8.8286e-008	9.2607e-008	9.4771e-008	9.7253e-008	9.7882e-008	9.9416e-008	9.867e-008	9.7862e-008	9.7137e-008	9.6666e-008	9.3964e-008	9.3011e-008	9.0748e-008	8.863e-008	8.7043e-008	8.4332e-008	8.2766e-008	7.965e-008	7.7536e-008	7.6291e-008	7.4197e-008	7.2933e-008	7.0444e-008	6.9395e-008	6.8236e-008	6.6487e-008	6.0805e-008	5.6413e-008	5.5507e-008	5.3495e-008	4.9109e-008	4.5354e-008	4.3555e-008	4.1569e-008	3.9652e-008	3.7268e-008	3.5472e-008	3.1693e-008	2.9588e-008	2.6503e-008	2.457e-008	2.2244e-008	1.9913e-008	1.7836e-008	1.6459e-008	1.421e-008	1.226e-008	1.0483e-008	9.5005e-009	7.9921e-009	6.9596e-009	6.3184e-009	6.0108e-009	6.2634e-009	5.5817e-009	5.7507e-009	5.6444e-009	5.6423e-009	5.853e-009	6.4859e-009	6.9078e-009	7.8128e-009	9.2588e-009	1.1043e-008	1.4752e-008	1.7533e-008	2.1569e-008	2.4345e-008	2.9728e-008	3.3765e-008	3.7278e-008	4.1926e-008	4.8434e-008	5.4903e-008	6.1365e-008	6.6909e-008	7.2744e-008	7.6453e-008	8.0284e-008	8.3997e-008	8.6306e-008	8.8545e-008	9.176e-008	9.3331e-008	9.3275e-008	9.3522e-008	9.3417e-008	9.3468e-008	9.3518e-008	9.2904e-008	9.1933e-008	9.0746e-008	8.8949e-008	8.736e-008	8.6482e-008	8.4967e-008	8.33e-008	8.1617e-008	7.9112e-008	7.7406e-008	7.6686e-008	7.4146e-008	7.1939e-008	6.967e-008	6.7209e-008	6.4948e-008	6.2372e-008	5.9407e-008	5.809e-008	5.5247e-008	5.3652e-008	5.204e-008	4.8388e-008	4.4452e-008	4.2124e-008	3.93e-008	3.8278e-008	3.6186e-008	3.2933e-008	2.9385e-008	2.682e-008	2.4753e-008	2.2401e-008	1.9922e-008	1.8058e-008	1.5557e-008	1.3186e-008	1.0739e-008	8.8902e-009	8.1366e-009	7.4569e-009	6.5052e-009	6.3669e-009	6.2182e-009	6.0078e-009	5.6901e-009	5.3248e-009	5.5158e-009	5.5741e-009	5.5094e-009	5.9014e-009	5.8396e-009	6.6454e-009	7.41e-009	8.4759e-009	1.1246e-008	1.3924e-008	1.7133e-008	2.0902e-008	2.4743e-008	2.906e-008	3.1769e-008	3.7748e-008	4.6492e-008	5.2484e-008	5.9746e-008	6.5567e-008	7.1556e-008	7.7336e-008	8.2109e-008	8.5914e-008	8.8607e-008	9.2348e-008	9.2287e-008	9.3046e-008	9.372e-008	9.394e-008	9.4368e-008
2.1405e-009	2.1988e-009	2.2012e-009	2.6572e-009	2.5497e-009	2.7374e-009	3.4301e-009	3.151e-009	5e-009	6.6637e-009	8.056e-009	1.1541e-008	1.9124e-008	2.6086e-008	3.2637e-008	3.892e-008	4.5319e-008	5.7989e-008	6.543e-008	6.8276e-008	7.1055e-008	7.9237e-008	8.1994e-008	8.6009e-008	9.1867e-008	9.4534e-008	9.5496e-008	9.475e-008	9.4123e-008	9.4218e-008	9.4588e-008	9.4666e-008	9.4605e-008	9.3542e-008	9.0901e-008	8.9548e-008	8.6615e-008	8.408e-008	8.1377e-008	7.8749e-008	7.8138e-008	7.6543e-008	7.4267e-008	7.1817e-008	6.9966e-008	6.7782e-008	6.6338e-008	6.4215e-008	6.2301e-008	6.1574e-008	5.9907e-008	5.8702e-008	5.5751e-008	5.4421e-008	5.1972e-008	4.6265e-008	4.4987e-008	4.262e-008	4.0397e-008	3.8836e-008	3.7693e-008	3.4604e-008	3.3771e-008	3.1146e-008	2.924e-008	2.6717e-008	2.5579e-008	2.3154e-008	2.1463e-008	1.9085e-008	1.6732e-008	1.4479e-008	1.2445e-008	1.0596e-008	9.3972e-009	7.4586e-009	6.6688e-009	5.5087e-009	4.9297e-009	5.0444e-009	4.7772e-009	5.0076e-009	5.6749e-009	5.3314e-009	6.4625e-009	6.9858e-009	8.3977e-009	1.0156e-008	1.1852e-008	1.4887e-008	1.7818e-008	2.28e-008	2.6667e-008	2.9681e-008	3.4712e-008	4.0949e-008	4.678e-008	5.3989e-008	6.1306e-008	6.6155e-008	7.0658e-008	7.2414e-008	7.6611e-008	8.3006e-008	8.5347e-008	8.7535e-008	8.8881e-008	8.9709e-008	8.9677e-008	8.955e-008	9.0205e-008	9.0117e-008	8.9506e-008	8.9029e-008	8.9082e-008	8.8049e-008	8.6457e-008	8.5478e-008	8.3635e-008	8.1567e-008	7.9686e-008	7.7313e-008	7.5687e-008	7.4065e-008	7.1952e-008	6.5625e-008	6.5496e-008	6.4575e-008	6.2167e-008	6.0617e-008	5.9548e-008	5.7131e-008	5.369e-008	4.9332e-008	4.7376e-008	4.4655e-008	4.3407e-008	4.0862e-008	3.8602e-008	3.7083e-008	3.4456e-008	3.2298e-008	3.0335e-008	2.7158e-008	2.5364e-008	2.1525e-008	1.9846e-008	1.7103e-008	1.528e-008	1.2703e-008	1.1102e-008	9.168e-009	7.6986e-009	6.5102e-009	5.9618e-009	5.6013e-009	5.0638e-009	5.2527e-009	5.9771e-009	5.7948e-009	4.8237e-009	4.5838e-009	5.6451e-009	6.0442e-009	6.0881e-009	6.2748e-009	7.7587e-009	1.0151e-008	1.1654e-008	1.3707e-008	1.7874e-008	2.2349e-008	2.7196e-008	3.2306e-008	3.8106e-008	4.4429e-008	5.1901e-008	5.7651e-008	6.2397e-008	6.7348e-008	7.2263e-008	7.6602e-008	7.8985e-008	8.1077e-008	8.4977e-008	8.7653e-008	8.9857e-008	9.0962e-008	9.2327e-008	9.285e-008	9.2921e-008	9.3122e-008	9.2471e-008	9.1688e-008	9.119e-008	9.0331e-008	8.8771e-008	8.7723e-008	8.5793e-008	8.4616e-008	8.2446e-008	8.0527e-008	7.8631e-008	7.7164e-008	7.3543e-008	7.0775e-008	6.6702e-008	6.6083e-008	6.323e-008	6.1714e-008	6.0167e-008	5.8379e-008	5.3638e-008	5.1399e-008	4.9256e-008	4.6443e-008	4.5246e-008	4.2e-008	4.0409e-008	3.809e-008	3.4701e-008	3.2433e-008	3.0939e-008	2.8542e-008	2.6126e-008	2.4207e-008	2.175e-008	1.9977e-008	1.7975e-008	1.668e-008	1.4999e-008	1.3348e-008	1.1234e-008	1.0639e-008	9.2619e-009	7.6092e-009	6.8775e-009	6.3013e-009	6.0414e-009	6.2067e-009	5.6752e-009	5.6039e-009	6.0862e-009	6.1218e-009	6.8122e-009	6.5007e-009	7.1121e-009	8.1673e-009	9.4674e-009	1.1704e-008	1.3767e-008	1.8048e-008	2.2545e-008	2.8432e-008	3.5384e-008	4.2097e-008	4.7899e-008	5.4309e-008	6.235e-008	6.6621e-008	7.0732e-008	7.4782e-008	7.9363e-008	8.2835e-008	8.602e-008	8.7634e-008	8.9798e-008	9.1075e-008	9.2216e-008	9.2377e-008	9.2648e-008	9.2609e-008	9.3043e-008	9.2836e-008	9.2366e-008	9.1142e-008	9.04e-008	8.9175e-008	8.6869e-008	8.5799e-008	8.4395e-008	8.3059e-008	7.4844e-008	7.4231e-008	7.3897e-008	7.1278e-008	6.9283e-008	6.6568e-008	6.4632e-008	6.2959e-008	6.0743e-008	5.7201e-008	5.5075e-008	5.2794e-008	5.1592e-008	4.9726e-008	4.7149e-008	4.3491e-008	4.0747e-008	3.8974e-008	3.6247e-008	3.3275e-008	3.072e-008	2.882e-008	2.7072e-008	2.2892e-008	2.1651e-008	2.0128e-008	1.822e-008	1.5843e-008	1.4109e-008	1.2681e-008	1.1236e-008	9.5709e-009	8.1393e-009	6.9926e-009	6.5123e-009	6.4751e-009	5.8595e-009	5.7594e-009	5.8998e-009	5.6332e-009	5.38e-009	5.6193e-009	5.472e-009	5.4205e-009	5.9437e-009	5.6738e-009	6.2363e-009	7.2552e-009	9.1801e-009	1.2169e-008	1.5174e-008	2.0705e-008	2.529e-008	3.5731e-008	4.3476e-008	5.1441e-008	5.7787e-008	6.4339e-008	6.6746e-008	7.2897e-008	7.6956e-008	8.1853e-008	8.5005e-008	8.8634e-008	9.4512e-008	9.6114e-008	9.7068e-008	9.8098e-008	9.7846e-008	9.7115e-008	9.6443e-008	9.5599e-008	9.3817e-008	9.1951e-008	9.0473e-008	8.8588e-008	8.6782e-008	8.4606e-008	8.3614e-008	7.9491e-008	7.779e-008	7.5523e-008	7.3887e-008	7.2195e-008	7.056e-008	6.9369e-008	6.8006e-008	6.6227e-008	6.3221e-008	5.9811e-008	5.58e-008	5.2194e-008	5.0196e-008	4.6808e-008	4.3077e-008	4.1449e-008	3.8983e-008	3.7495e-008	3.5079e-008	3.2401e-008	2.9817e-008	2.737e-008	2.4842e-008	2.2585e-008	1.9422e-008	1.766e-008	1.6804e-008	1.4116e-008	1.2926e-008	1.0836e-008	9.2812e-009	7.9419e-009	6.6654e-009	6.2479e-009	5.5758e-009	5.5257e-009	5.0324e-009	5.117e-009	4.9097e-009	5.1133e-009	5.2703e-009	5.165e-009	6.7186e-009	7.3844e-009	8.6534e-009	1.068e-008	1.183e-008	1.7033e-008	2.0408e-008	2.4153e-008	2.932e-008	3.2848e-008	3.7103e-008	4.161e-008	4.7678e-008	5.3412e-008	5.9437e-008	6.4891e-008	7.0437e-008	7.5591e-008	8.0167e-008	8.2583e-008	8.5173e-008	8.6533e-008	9.0102e-008	9.1013e-008	9.1635e-008	9.3071e-008	9.3196e-008	9.2828e-008	9.3505e-008	9.356e-008	9.138e-008	9.0164e-008	8.8274e-008	8.7151e-008	8.5973e-008	8.5123e-008	8.434e-008	8.0488e-008	7.9074e-008	7.6912e-008	7.526e-008	7.425e-008	7.2063e-008	6.8593e-008	6.6768e-008	6.4564e-008	6.2419e-008	5.966e-008	5.7275e-008	5.5392e-008	5.3176e-008	5.1806e-008	4.8787e-008	4.4402e-008	4.1784e-008	3.9877e-008	3.7912e-008	3.5157e-008	3.2915e-008	3.0327e-008	2.8161e-008	2.3396e-008	2.2164e-008	2.0387e-008	1.7609e-008	1.4963e-008	1.2644e-008	1.0369e-008	8.5911e-009	7.9688e-009	6.3941e-009	6.152e-009	5.5838e-009	5.3426e-009	5.8591e-009	4.9006e-009	4.9045e-009	5.249e-009	5.0106e-009	5.1813e-009	5.6121e-009	6.0968e-009	6.5834e-009	6.8985e-009	8.3963e-009	9.811e-009	1.2774e-008	1.6035e-008	1.9326e-008	2.3646e-008	2.8484e-008	3.3904e-008	3.9439e-008	4.6782e-008	5.2837e-008	5.9194e-008	6.4609e-008	7.0074e-008	7.568e-008	8.0293e-008	8.4362e-008	8.7179e-008	9.1256e-008	9.21e-008	9.2205e-008	9.3058e-008	9.2914e-008	9.3873e-008
2.7595e-009	2.3159e-009	2.0998e-009	2.8429e-009	2.4402e-009	2.4311e-009	2.7135e-009	2.7489e-009	4.1019e-009	5.3771e-009	7.3955e-009	1.0224e-008	1.6239e-008	2.4903e-008	3.1007e-008	3.6464e-008	4.3402e-008	5.5943e-008	6.3027e-008	6.7829e-008	7.1975e-008	7.675e-008	8.0911e-008	8.478e-008	8.8982e-008	9.1795e-008	9.3761e-008	9.3318e-008	9.348e-008	9.3294e-008	9.3898e-008	9.4306e-008	9.3946e-008	9.2871e-008	9.1025e-008	8.8254e-008	8.6205e-008	8.3219e-008	8.0874e-008	7.8844e-008	7.7394e-008	7.5654e-008	7.3975e-008	7.2253e-008	6.9787e-008	6.7433e-008	6.5846e-008	6.4546e-008	6.3078e-008	6.1425e-008	5.9479e-008	5.7415e-008	5.5798e-008	5.3607e-008	4.9047e-008	4.569e-008	4.4348e-008	4.28e-008	4.1367e-008	3.9473e-008	3.8045e-008	3.5624e-008	3.3906e-008	3.1771e-008	2.9045e-008	2.7602e-008	2.5953e-008	2.3214e-008	2.1291e-008	1.9436e-008	1.6728e-008	1.4451e-008	1.2086e-008	1.0179e-008	9.1884e-009	8.0759e-009	6.1372e-009	5.161e-009	5.1063e-009	5.0787e-009	4.7432e-009	4.6161e-009	4.8868e-009	4.6241e-009	5.2017e-009	6.0781e-009	6.9908e-009	8.6553e-009	1.0131e-008	1.298e-008	1.5591e-008	1.9877e-008	2.3523e-008	2.8914e-008	3.3694e-008	4.0188e-008	4.7079e-008	5.4338e-008	6.0308e-008	6.5476e-008	7.0371e-008	7.3217e-008	7.9341e-008	8.2516e-008	8.4908e-008	8.7987e-008	8.9084e-008	8.8995e-008	8.917e-008	8.9305e-008	8.9595e-008	8.9403e-008	8.8968e-008	8.864e-008	8.8843e-008	8.8093e-008	8.6324e-008	8.441e-008	8.1786e-008	8.0196e-008	7.8228e-008	7.6109e-008	7.5e-008	7.3422e-008	7.199e-008	6.7982e-008	6.5949e-008	6.5269e-008	6.3555e-008	6.1169e-008	5.8346e-008	5.6219e-008	5.2471e-008	5.0385e-008	4.7709e-008	4.5286e-008	4.3081e-008	4.0858e-008	3.8219e-008	3.6376e-008	3.4834e-008	3.1771e-008	2.8949e-008	2.5994e-008	2.5128e-008	2.1532e-008	2.077e-008	1.7788e-008	1.4933e-008	1.2751e-008	1.1217e-008	9.4237e-009	8.1207e-009	5.5591e-009	5.0005e-009	5.1221e-009	4.3202e-009	4.9772e-009	5.1868e-009	5.4984e-009	4.7875e-009	4.465e-009	5.2203e-009	5.1359e-009	5.5759e-009	5.6917e-009	7.9461e-009	9.2335e-009	1.1546e-008	1.3648e-008	1.7575e-008	2.1741e-008	2.7258e-008	3.1928e-008	3.8553e-008	4.6908e-008	5.3165e-008	5.6574e-008	6.2573e-008	6.6102e-008	7.0846e-008	7.6755e-008	7.9555e-008	8.0448e-008	8.4613e-008	8.742e-008	8.9903e-008	9.1195e-008	9.2287e-008	9.2793e-008	9.3131e-008	9.3102e-008	9.3011e-008	9.2789e-008	9.1811e-008	9.0426e-008	8.8549e-008	8.7128e-008	8.6168e-008	8.4669e-008	8.2194e-008	8.1054e-008	7.9234e-008	7.7405e-008	7.3415e-008	7.2024e-008	6.803e-008	6.4646e-008	6.2708e-008	6.2053e-008	6.0315e-008	5.8701e-008	5.5e-008	5.1281e-008	4.8115e-008	4.4932e-008	4.469e-008	4.2585e-008	3.9728e-008	3.6221e-008	3.384e-008	3.2346e-008	3.0376e-008	2.8182e-008	2.5751e-008	2.318e-008	2.0111e-008	1.8482e-008	1.7283e-008	1.5055e-008	1.3223e-008	1.1404e-008	9.8012e-009	8.4171e-009	7.3216e-009	6.5095e-009	5.7866e-009	5.6507e-009	5.7005e-009	5.5794e-009	5.7935e-009	5.9144e-009	6.1769e-009	5.6227e-009	6.294e-009	6.1928e-009	7.3172e-009	7.6517e-009	8.6258e-009	1.1612e-008	1.4648e-008	1.7796e-008	2.2783e-008	2.7409e-008	3.4679e-008	4.2236e-008	4.7113e-008	5.2492e-008	5.8654e-008	6.49e-008	7.0895e-008	7.4195e-008	7.7312e-008	8.1696e-008	8.3836e-008	8.6575e-008	8.953e-008	9.1018e-008	9.1328e-008	9.1953e-008	9.213e-008	9.2909e-008	9.3027e-008	9.2618e-008	9.2088e-008	9.1346e-008	9.0409e-008	8.9033e-008	8.7445e-008	8.5434e-008	8.404e-008	8.2526e-008	7.7734e-008	7.4781e-008	7.3013e-008	7.0502e-008	6.8222e-008	6.5822e-008	6.4169e-008	6.2021e-008	5.9506e-008	5.7664e-008	5.5284e-008	5.3511e-008	5.1673e-008	4.8213e-008	4.5865e-008	4.3263e-008	4.176e-008	3.9955e-008	3.6092e-008	3.3042e-008	3.0667e-008	2.8547e-008	2.648e-008	2.3204e-008	2.1146e-008	1.9868e-008	1.7531e-008	1.5187e-008	1.3652e-008	1.1639e-008	1.0616e-008	8.7632e-009	7.2707e-009	6.3177e-009	6.4201e-009	6.4151e-009	5.5304e-009	5.506e-009	5.696e-009	5.1691e-009	5.2784e-009	4.8865e-009	4.557e-009	5.4186e-009	5.6648e-009	5.8147e-009	6.0172e-009	6.1921e-009	8.0752e-009	1.0847e-008	1.4745e-008	2.0465e-008	2.6624e-008	3.4624e-008	4.2498e-008	5.0245e-008	5.7436e-008	6.3219e-008	6.6906e-008	7.121e-008	7.6985e-008	7.9987e-008	8.5886e-008	8.9225e-008	9.3377e-008	9.4863e-008	9.6005e-008	9.6534e-008	9.6816e-008	9.608e-008	9.5179e-008	9.3581e-008	9.2201e-008	9.0789e-008	8.9466e-008	8.813e-008	8.595e-008	8.4891e-008	8.3397e-008	8.0671e-008	7.7871e-008	7.5488e-008	7.3509e-008	7.132e-008	7.0169e-008	6.8437e-008	6.696e-008	6.4104e-008	6.2211e-008	6.023e-008	5.686e-008	5.5658e-008	4.7654e-008	4.6799e-008	4.4218e-008	4.1643e-008	3.9493e-008	3.6812e-008	3.4352e-008	3.2464e-008	2.9921e-008	2.7177e-008	2.4806e-008	2.3395e-008	2.0268e-008	1.8098e-008	1.6239e-008	1.3963e-008	1.2202e-008	1.1052e-008	8.5217e-009	7.5995e-009	6.7677e-009	6.2637e-009	5.5407e-009	4.5294e-009	4.3125e-009	4.1783e-009	4.9291e-009	5.2153e-009	5.1072e-009	5.6556e-009	6.6012e-009	8.3874e-009	9.9444e-009	1.1223e-008	1.3214e-008	1.8195e-008	2.0683e-008	2.3693e-008	2.7966e-008	3.2719e-008	3.8105e-008	4.1648e-008	4.7066e-008	5.3226e-008	5.8589e-008	6.3867e-008	6.7996e-008	7.2716e-008	7.7013e-008	8.1719e-008	8.3852e-008	8.572e-008	8.8558e-008	9.008e-008	9.1159e-008	9.2876e-008	9.3131e-008	9.3555e-008	9.3756e-008	9.2983e-008	9.1069e-008	8.9668e-008	8.7991e-008	8.6753e-008	8.5825e-008	8.5363e-008	8.4393e-008	8.0556e-008	7.8891e-008	7.6511e-008	7.4561e-008	7.2646e-008	7.0566e-008	6.8822e-008	6.5642e-008	6.3418e-008	6.0955e-008	5.912e-008	5.6309e-008	5.3883e-008	5.2852e-008	5.0377e-008	4.6862e-008	4.5307e-008	4.2747e-008	3.9914e-008	3.6818e-008	3.4073e-008	3.1921e-008	2.8862e-008	2.6082e-008	2.3305e-008	2.1336e-008	1.883e-008	1.598e-008	1.4082e-008	1.1579e-008	1.0788e-008	8.6619e-009	7.0932e-009	6.205e-009	5.7274e-009	5.3172e-009	5.1451e-009	5.2748e-009	4.6607e-009	5.1422e-009	4.9699e-009	4.3477e-009	4.5204e-009	5.4636e-009	5.6687e-009	6.2176e-009	6.7802e-009	7.9425e-009	9.2297e-009	1.2572e-008	1.5373e-008	1.8545e-008	2.3404e-008	2.8814e-008	3.2904e-008	3.8345e-008	4.6231e-008	5.2515e-008	5.8276e-008	6.3557e-008	6.9038e-008	7.3328e-008	7.9786e-008	8.3567e-008	8.729e-008	9.0211e-008	9.1162e-008	9.1325e-008	9.2123e-008	9.2838e-008	9.3161e-008
1.6448e-009	1.6336e-009	1.5529e-009	2.3821e-009	2.2956e-009	2.0174e-009	2.0899e-009	2.2749e-009	3.124e-009	4.1953e-009	5.9029e-009	9.3533e-009	1.4448e-008	2.1278e-008	2.8507e-008	3.5213e-008	4.2428e-008	5.2531e-008	5.9734e-008	6.5183e-008	7.0173e-008	7.4266e-008	7.9755e-008	8.4125e-008	8.6559e-008	8.7438e-008	9.1762e-008	9.2463e-008	9.2785e-008	9.2944e-008	9.3046e-008	9.316e-008	9.2834e-008	9.1843e-008	9.0501e-008	8.8316e-008	8.6086e-008	8.3049e-008	8.0933e-008	7.9468e-008	7.7032e-008	7.471e-008	7.3873e-008	7.2113e-008	7.0061e-008	6.7688e-008	6.5625e-008	6.4447e-008	6.3306e-008	6.1246e-008	5.8864e-008	5.6383e-008	5.4361e-008	5.2987e-008	4.9214e-008	4.6418e-008	4.4819e-008	4.3004e-008	4.1462e-008	3.9203e-008	3.7391e-008	3.5552e-008	3.409e-008	3.1514e-008	2.9894e-008	2.6845e-008	2.5354e-008	2.3077e-008	2.0882e-008	1.9202e-008	1.7245e-008	1.4112e-008	1.2105e-008	9.4042e-009	8.7691e-009	6.5781e-009	5.3593e-009	4.9708e-009	4.5449e-009	3.9832e-009	4.1004e-009	4.3786e-009	4.0033e-009	4.2728e-009	4.3422e-009	5.2973e-009	5.4691e-009	6.4811e-009	8.7321e-009	1.1522e-008	1.4318e-008	1.8378e-008	2.2785e-008	2.6742e-008	3.2032e-008	3.8769e-008	4.6528e-008	5.415e-008	6.09e-008	6.531e-008	6.9903e-008	7.4412e-008	8.0602e-008	8.3093e-008	8.5777e-008	8.6934e-008	8.7959e-008	8.9133e-008	8.952e-008	8.9771e-008	8.971e-008	8.983e-008	8.881e-008	8.8448e-008	8.8394e-008	8.7747e-008	8.6205e-008	8.4954e-008	8.2035e-008	8.0111e-008	7.76e-008	7.6376e-008	7.4898e-008	7.307e-008	7.1723e-008	6.768e-008	6.6819e-008	6.5428e-008	6.3322e-008	6.1128e-008	5.7878e-008	5.5173e-008	5.2265e-008	5.0064e-008	4.8424e-008	4.5683e-008	4.2898e-008	3.9732e-008	3.8194e-008	3.6702e-008	3.4889e-008	2.9744e-008	2.8226e-008	2.6264e-008	2.3625e-008	2.1549e-008	1.9317e-008	1.699e-008	1.42e-008	1.2409e-008	1.0013e-008	8.2051e-009	6.9106e-009	5.9722e-009	4.8099e-009	4.5342e-009	4.2817e-009	3.9796e-009	3.9497e-009	4.5571e-009	4.5074e-009	4.5559e-009	4.4419e-009	4.984e-009	5.0947e-009	5.6096e-009	6.715e-009	8.1594e-009	1.0293e-008	1.3733e-008	1.7378e-008	2.1189e-008	2.6557e-008	3.1422e-008	3.7869e-008	4.7235e-008	5.1982e-008	5.8128e-008	6.2574e-008	6.763e-008	7.2777e-008	7.791e-008	8.0692e-008	8.3849e-008	8.5576e-008	8.6684e-008	8.9537e-008	9.1257e-008	9.2306e-008	9.2733e-008	9.2996e-008	9.3058e-008	9.3277e-008	9.224e-008	9.134e-008	9.0314e-008	8.8065e-008	8.6436e-008	8.5839e-008	8.5008e-008	8.3825e-008	8.1409e-008	7.8602e-008	7.6379e-008	7.4112e-008	7.1858e-008	6.8999e-008	6.5889e-008	6.3395e-008	6.1702e-008	6.0532e-008	5.8515e-008	5.5486e-008	5.1003e-008	4.7414e-008	4.5261e-008	4.3498e-008	4.0681e-008	3.8428e-008	3.6053e-008	3.4197e-008	3.1696e-008	2.987e-008	2.7421e-008	2.495e-008	2.203e-008	1.9337e-008	1.7924e-008	1.5326e-008	1.3088e-008	1.2177e-008	9.616e-009	7.9794e-009	7.0339e-009	6.3499e-009	5.9762e-009	5.8344e-009	5.4481e-009	5.16e-009	5.3867e-009	5.7439e-009	6.0389e-009	6.3652e-009	5.2987e-009	5.7161e-009	5.6872e-009	7.0737e-009	7.471e-009	8.5836e-009	1.1116e-008	1.3959e-008	1.7075e-008	2.2904e-008	2.6218e-008	3.3457e-008	4.0027e-008	4.6863e-008	5.1416e-008	5.8438e-008	6.4075e-008	7.0218e-008	7.4048e-008	7.8132e-008	8.0405e-008	8.2656e-008	8.7004e-008	8.895e-008	9.0326e-008	9.0698e-008	9.2017e-008	9.24e-008	9.331e-008	9.2914e-008	9.3037e-008	9.2426e-008	9.1114e-008	9.0637e-008	8.9805e-008	8.7489e-008	8.4335e-008	8.3188e-008	8.1901e-008	7.5866e-008	7.4755e-008	7.3409e-008	7.152e-008	6.7742e-008	6.6196e-008	6.3368e-008	6.2293e-008	5.8999e-008	5.7547e-008	5.5037e-008	5.3274e-008	4.7979e-008	4.7666e-008	4.5269e-008	4.3314e-008	4.1983e-008	3.9432e-008	3.4275e-008	3.0282e-008	3.033e-008	2.8468e-008	2.6711e-008	2.4689e-008	2.1521e-008	1.928e-008	1.7211e-008	1.4556e-008	1.2477e-008	1.1348e-008	1.0252e-008	8.3034e-009	7.1194e-009	6.3115e-009	6.4725e-009	5.8965e-009	5.6662e-009	5.4092e-009	5.5086e-009	4.5697e-009	4.6998e-009	4.7362e-009	5.0006e-009	4.858e-009	5.2562e-009	5.6617e-009	6.1715e-009	6.209e-009	8.0619e-009	1.0094e-008	1.3798e-008	1.9142e-008	2.5044e-008	3.2549e-008	4.0608e-008	4.863e-008	5.5786e-008	6.2596e-008	6.6117e-008	7.0679e-008	7.5934e-008	7.9816e-008	8.3899e-008	8.8016e-008	9.1966e-008	9.3871e-008	9.4827e-008	9.6016e-008	9.5947e-008	9.5641e-008	9.4496e-008	9.3463e-008	9.1449e-008	9.0331e-008	8.9128e-008	8.8204e-008	8.5394e-008	8.3971e-008	8.2735e-008	7.9208e-008	7.6177e-008	7.4511e-008	7.1676e-008	7.0722e-008	6.9733e-008	6.7362e-008	6.6446e-008	6.4398e-008	6.291e-008	6.0466e-008	5.7757e-008	5.5363e-008	5.2841e-008	4.9188e-008	4.5728e-008	4.3585e-008	3.8501e-008	3.6807e-008	3.3804e-008	3.2006e-008	2.937e-008	2.6461e-008	2.4726e-008	2.2906e-008	2.0835e-008	1.8023e-008	1.664e-008	1.4762e-008	1.3085e-008	1.1178e-008	9.1723e-009	7.5915e-009	6.9844e-009	5.6377e-009	4.759e-009	4.7538e-009	4.2896e-009	4.2399e-009	4.2346e-009	4.547e-009	5.006e-009	5.9074e-009	6.9879e-009	8.3243e-009	1.0145e-008	1.1843e-008	1.4541e-008	1.825e-008	2.1153e-008	2.4002e-008	2.7576e-008	2.9906e-008	3.6672e-008	4.1321e-008	4.6094e-008	5.233e-008	5.9772e-008	6.3753e-008	6.5972e-008	7.0283e-008	7.4716e-008	8.0179e-008	8.3181e-008	8.589e-008	8.8282e-008	9.0136e-008	9.1421e-008	9.3096e-008	9.3502e-008	9.402e-008	9.3974e-008	9.3804e-008	9.2105e-008	9.0098e-008	8.7344e-008	8.5962e-008	8.5031e-008	8.513e-008	8.3299e-008	8.0702e-008	7.8328e-008	7.6107e-008	7.4136e-008	7.1609e-008	6.9994e-008	6.7682e-008	6.5057e-008	6.2631e-008	6.084e-008	5.9768e-008	5.5553e-008	5.3076e-008	5.1954e-008	5.0085e-008	4.7968e-008	4.4882e-008	4.2888e-008	3.6752e-008	3.5906e-008	3.4932e-008	3.1148e-008	2.8434e-008	2.5521e-008	2.3274e-008	2.1341e-008	1.8602e-008	1.6363e-008	1.36e-008	1.2717e-008	1.0017e-008	8.9392e-009	7.0454e-009	5.7313e-009	5.4204e-009	5.3496e-009	4.9513e-009	5.0196e-009	4.538e-009	4.4535e-009	4.6665e-009	4.5875e-009	4.8364e-009	5.1708e-009	5.1288e-009	5.0159e-009	5.6142e-009	7.363e-009	9.5395e-009	1.157e-008	1.491e-008	1.8561e-008	2.2689e-008	2.5974e-008	3.1563e-008	3.7573e-008	4.486e-008	5.1805e-008	5.731e-008	6.1771e-008	6.8141e-008	7.3321e-008	7.836e-008	8.1982e-008	8.5798e-008	8.883e-008	9.0123e-008	9.0256e-008	9.1539e-008	9.2011e-008	9.2196e-008
1.4165e-009	1.0709e-009	1.4294e-009	1.857e-009	2.3918e-009	1.9971e-009	1.6955e-009	1.8961e-009	2.7237e-009	4.2097e-009	6.1735e-009	9.4045e-009	1.325e-008	1.9713e-008	2.7574e-008	3.5766e-008	4.5176e-008	5.2109e-008	5.8562e-008	6.4258e-008	6.8264e-008	7.2905e-008	7.8967e-008	8.2007e-008	8.6359e-008	8.7492e-008	8.9957e-008	9.1563e-008	9.2355e-008	9.2626e-008	9.2535e-008	9.2322e-008	9.2757e-008	9.1179e-008	9.0114e-008	8.8575e-008	8.6285e-008	8.3734e-008	8.0819e-008	7.9639e-008	7.6854e-008	7.5124e-008	7.3679e-008	7.1625e-008	7.0095e-008	6.7714e-008	6.5197e-008	6.3879e-008	6.2522e-008	5.9429e-008	5.802e-008	5.6168e-008	5.4275e-008	5.1852e-008	4.8785e-008	4.677e-008	4.4857e-008	4.3703e-008	4.1696e-008	3.9368e-008	3.6313e-008	3.4929e-008	3.3228e-008	3.0683e-008	2.8953e-008	2.6573e-008	2.5322e-008	2.2749e-008	2.0746e-008	1.9215e-008	1.7567e-008	1.4696e-008	1.1567e-008	9.4526e-009	7.5339e-009	6.1165e-009	5.0255e-009	4.7157e-009	4.203e-009	3.5668e-009	3.7007e-009	3.7327e-009	3.662e-009	4.0658e-009	4.8064e-009	5.0362e-009	5.1576e-009	5.4046e-009	7.4206e-009	1.0459e-008	1.4566e-008	1.7184e-008	2.2891e-008	2.6602e-008	3.1869e-008	3.908e-008	4.8131e-008	5.5136e-008	6.144e-008	6.4993e-008	7.0366e-008	7.4805e-008	7.9921e-008	8.3115e-008	8.4331e-008	8.7031e-008	8.818e-008	8.8594e-008	9.0344e-008	9.06e-008	9.0114e-008	9.0042e-008	8.9478e-008	8.9023e-008	8.8074e-008	8.7373e-008	8.5662e-008	8.3865e-008	8.0578e-008	7.9732e-008	7.7688e-008	7.5055e-008	7.2573e-008	7.1527e-008	7.0807e-008	6.8584e-008	6.7199e-008	6.4841e-008	6.1862e-008	5.9868e-008	5.7262e-008	5.455e-008	5.1623e-008	5.0158e-008	4.818e-008	4.477e-008	4.2498e-008	4.0281e-008	3.839e-008	3.6053e-008	3.3295e-008	3.0849e-008	2.8039e-008	2.5292e-008	2.3011e-008	2.1302e-008	1.8832e-008	1.6362e-008	1.4143e-008	1.1832e-008	9.9236e-009	8.0599e-009	6.4075e-009	5.7332e-009	4.7117e-009	4.5336e-009	4.1461e-009	4.1138e-009	3.6643e-009	3.7731e-009	4.2505e-009	4.0807e-009	4.5663e-009	4.4218e-009	5.0386e-009	5.6371e-009	6.3e-009	8.19e-009	1.0013e-008	1.2715e-008	1.6716e-008	2.073e-008	2.6703e-008	3.1702e-008	3.9526e-008	4.7841e-008	5.4184e-008	5.9575e-008	6.3173e-008	6.8041e-008	7.3456e-008	7.7769e-008	8.0322e-008	8.3656e-008	8.5393e-008	8.8164e-008	8.9508e-008	9.0549e-008	9.309e-008	9.3225e-008	9.3085e-008	9.2682e-008	9.2941e-008	9.2649e-008	9.1303e-008	8.9903e-008	8.8711e-008	8.7032e-008	8.6319e-008	8.4646e-008	8.299e-008	8.0701e-008	7.8042e-008	7.563e-008	7.3903e-008	7.2185e-008	7.0272e-008	6.501e-008	6.3457e-008	6.1695e-008	6.0046e-008	5.7372e-008	5.4148e-008	5.0026e-008	4.6575e-008	4.4458e-008	4.255e-008	4.0268e-008	3.7282e-008	3.5536e-008	3.3759e-008	3.1753e-008	2.9646e-008	2.7378e-008	2.3413e-008	2.1508e-008	1.9197e-008	1.7776e-008	1.6188e-008	1.305e-008	1.1858e-008	8.8946e-009	7.5258e-009	7.1237e-009	6.2208e-009	5.4174e-009	5.323e-009	5.4183e-009	4.9095e-009	5.0913e-009	5.4047e-009	6.018e-009	5.9558e-009	5.3873e-009	5.7238e-009	5.8821e-009	6.5933e-009	7.0497e-009	7.4985e-009	1.0388e-008	1.4365e-008	1.8389e-008	2.2757e-008	2.7815e-008	3.3513e-008	3.8677e-008	4.3296e-008	5.0879e-008	5.6977e-008	6.437e-008	6.8748e-008	7.2993e-008	7.7696e-008	8.0619e-008	8.3086e-008	8.4778e-008	8.879e-008	8.9763e-008	9.0962e-008	9.2633e-008	9.3015e-008	9.3593e-008	9.37e-008	9.3591e-008	9.2771e-008	9.1526e-008	9.0833e-008	9.0078e-008	8.6923e-008	8.4669e-008	8.2553e-008	7.9484e-008	7.7152e-008	7.5744e-008	7.4063e-008	7.1466e-008	6.9956e-008	6.706e-008	6.4231e-008	6.1811e-008	5.9998e-008	5.7775e-008	5.5856e-008	5.2551e-008	4.8299e-008	4.76e-008	4.485e-008	4.3013e-008	4.135e-008	3.911e-008	3.6896e-008	3.3081e-008	3.0621e-008	2.8047e-008	2.5264e-008	2.3766e-008	2.0957e-008	1.8831e-008	1.7381e-008	1.4238e-008	1.1456e-008	1.1048e-008	9.7145e-009	8.8077e-009	7.228e-009	6.6535e-009	5.6052e-009	5.3736e-009	5.444e-009	5.5016e-009	5.1904e-009	4.9366e-009	5.1579e-009	5.0982e-009	5.1967e-009	4.8487e-009	5.2641e-009	5.262e-009	5.9908e-009	6.4371e-009	7.3981e-009	1.0058e-008	1.4269e-008	1.8771e-008	2.4673e-008	3.2348e-008	4.0225e-008	4.8269e-008	5.5928e-008	6.1901e-008	6.6877e-008	7.1801e-008	7.5423e-008	7.6862e-008	8.1786e-008	8.7428e-008	9.125e-008	9.3394e-008	9.487e-008	9.5826e-008	9.5431e-008	9.5359e-008	9.4258e-008	9.287e-008	9.1217e-008	9.053e-008	8.8482e-008	8.7936e-008	8.6934e-008	8.4715e-008	8.3227e-008	7.7797e-008	7.5724e-008	7.2867e-008	7.1711e-008	7.0083e-008	6.8564e-008	6.6987e-008	6.6195e-008	6.3333e-008	6.1819e-008	5.9745e-008	5.6103e-008	5.4727e-008	5.1518e-008	4.899e-008	4.5574e-008	4.2324e-008	3.749e-008	3.695e-008	3.3272e-008	3.1951e-008	2.7795e-008	2.7029e-008	2.4625e-008	2.215e-008	1.9802e-008	1.8014e-008	1.6264e-008	1.4361e-008	1.2573e-008	1.1371e-008	9.7075e-009	8.4168e-009	7.0008e-009	5.1966e-009	4.5674e-009	4.3808e-009	4.3372e-009	4.0313e-009	4.4201e-009	3.9415e-009	4.8955e-009	5.4166e-009	6.872e-009	8.5883e-009	1.0008e-008	1.2278e-008	1.4604e-008	1.7593e-008	2.141e-008	2.385e-008	2.7122e-008	3.083e-008	3.6603e-008	4.1974e-008	4.7421e-008	5.3743e-008	6.0402e-008	6.4978e-008	6.8396e-008	7.1599e-008	7.5305e-008	7.9705e-008	8.3116e-008	8.5667e-008	8.801e-008	8.9846e-008	9.205e-008	9.294e-008	9.2897e-008	9.4031e-008	9.4105e-008	9.2559e-008	9.1091e-008	8.9452e-008	8.6928e-008	8.5758e-008	8.4623e-008	8.4066e-008	8.3018e-008	7.9831e-008	7.8006e-008	7.6503e-008	7.3568e-008	7.1236e-008	6.9922e-008	6.7115e-008	6.4769e-008	6.2073e-008	6.0458e-008	5.8943e-008	5.5772e-008	5.3542e-008	5.1758e-008	4.9204e-008	4.7017e-008	4.3586e-008	4.2283e-008	3.8477e-008	3.6924e-008	3.4637e-008	3.3112e-008	2.7827e-008	2.6941e-008	2.5081e-008	2.0077e-008	1.7762e-008	1.6393e-008	1.3252e-008	1.2185e-008	1.0053e-008	8.159e-009	6.8262e-009	6.1438e-009	5.0502e-009	4.8766e-009	4.8685e-009	4.6889e-009	4.3919e-009	4.5678e-009	4.626e-009	4.7718e-009	4.7424e-009	5.0892e-009	5.0308e-009	5.0643e-009	5.7397e-009	7.2548e-009	9.4997e-009	1.1689e-008	1.4541e-008	1.8337e-008	2.1401e-008	2.6175e-008	3.0331e-008	3.714e-008	4.3907e-008	5.057e-008	5.6199e-008	6.0741e-008	6.7029e-008	7.2897e-008	7.8347e-008	8.2798e-008	8.5955e-008	8.7563e-008	9.0104e-008	9.051e-008	9.0822e-008	9.1538e-008	9.2121e-008
1.5393e-009	9.7827e-010	1.3101e-009	1.7503e-009	2.0864e-009	1.6689e-009	1.806e-009	1.8686e-009	2.5846e-009	3.4396e-009	5.5059e-009	7.8554e-009	1.199e-008	1.8253e-008	2.6474e-008	3.5535e-008	4.5325e-008	5.4243e-008	6.0031e-008	6.4349e-008	6.8353e-008	7.2546e-008	7.7314e-008	8.0793e-008	8.3176e-008	8.6287e-008	8.92e-008	9.0587e-008	9.1451e-008	9.2308e-008	9.2241e-008	9.1962e-008	9.1754e-008	9.1737e-008	9.0609e-008	8.8103e-008	8.6221e-008	8.3371e-008	8.1583e-008	7.9427e-008	7.7192e-008	7.5558e-008	7.386e-008	7.0988e-008	6.8926e-008	6.6972e-008	6.51e-008	6.3601e-008	6.3124e-008	5.9394e-008	5.7959e-008	5.5094e-008	5.3238e-008	5.1405e-008	4.9128e-008	4.7409e-008	4.5552e-008	4.3867e-008	4.1566e-008	3.972e-008	3.6937e-008	3.4266e-008	3.2721e-008	3.1358e-008	2.8599e-008	2.7085e-008	2.5821e-008	2.3354e-008	2.041e-008	1.8722e-008	1.6292e-008	1.3295e-008	1.1786e-008	9.2461e-009	7.6235e-009	6.0523e-009	4.6083e-009	4.2995e-009	3.7612e-009	3.8022e-009	3.5971e-009	3.2123e-009	3.4687e-009	4.0205e-009	3.9991e-009	4.3037e-009	4.6943e-009	5.3606e-009	7.0259e-009	8.8455e-009	1.3426e-008	1.7037e-008	2.1318e-008	2.5684e-008	3.1045e-008	3.8903e-008	4.8205e-008	5.5951e-008	6.0578e-008	6.5244e-008	6.9468e-008	7.3659e-008	7.7976e-008	8.2338e-008	8.3984e-008	8.5508e-008	8.8034e-008	8.8701e-008	9.1011e-008	9.1199e-008	9.0681e-008	9.0178e-008	9.0259e-008	8.9199e-008	8.8394e-008	8.6721e-008	8.5129e-008	8.372e-008	8.1702e-008	7.9307e-008	7.7581e-008	7.4818e-008	7.2786e-008	7.1261e-008	7.0197e-008	6.7665e-008	6.5424e-008	6.4255e-008	6.257e-008	6.0345e-008	5.7248e-008	5.4292e-008	5.2736e-008	5.02e-008	4.7745e-008	4.2995e-008	4.1628e-008	3.957e-008	3.8044e-008	3.5961e-008	3.3858e-008	3.0395e-008	2.9112e-008	2.6088e-008	2.4187e-008	2.106e-008	1.889e-008	1.6135e-008	1.3171e-008	1.1754e-008	9.2321e-009	7.8401e-009	6.7362e-009	5.6846e-009	5.1486e-009	4.3171e-009	3.9152e-009	4.1251e-009	3.8721e-009	3.6891e-009	3.7975e-009	3.5183e-009	3.7803e-009	4.107e-009	4.6437e-009	5.5985e-009	6.1532e-009	7.5726e-009	9.9142e-009	1.2127e-008	1.7048e-008	2.0152e-008	2.544e-008	3.1259e-008	3.8474e-008	4.719e-008	5.4609e-008	5.8432e-008	6.261e-008	6.5655e-008	7.1178e-008	7.6262e-008	8.0497e-008	8.2881e-008	8.5767e-008	8.8142e-008	8.9835e-008	9.1627e-008	9.2979e-008	9.3241e-008	9.2825e-008	9.2451e-008	9.2124e-008	9.2069e-008	9.124e-008	9.0368e-008	8.875e-008	8.7691e-008	8.5975e-008	8.4593e-008	8.2296e-008	7.9447e-008	7.7491e-008	7.5744e-008	7.407e-008	7.2015e-008	7.0116e-008	6.674e-008	6.3721e-008	6.1485e-008	6.0031e-008	5.7855e-008	5.3195e-008	4.6229e-008	4.6048e-008	4.4474e-008	4.268e-008	4.0698e-008	3.7067e-008	3.5648e-008	3.2786e-008	3.1426e-008	2.8099e-008	2.6366e-008	2.3682e-008	2.1061e-008	1.855e-008	1.6442e-008	1.43e-008	1.2587e-008	1.0155e-008	9.144e-009	7.6088e-009	6.5671e-009	5.6871e-009	5.3315e-009	5.7592e-009	5.3224e-009	5.1354e-009	5.1178e-009	4.9793e-009	5.1006e-009	5.1798e-009	5.1683e-009	5.5618e-009	5.162e-009	6.1973e-009	6.6085e-009	7.391e-009	9.5398e-009	1.4112e-008	1.6967e-008	2.1938e-008	2.7241e-008	3.2726e-008	3.7469e-008	4.2569e-008	4.951e-008	5.6554e-008	6.1908e-008	6.8393e-008	7.2956e-008	7.7046e-008	7.9731e-008	8.363e-008	8.4651e-008	8.8003e-008	8.9926e-008	9.094e-008	9.263e-008	9.3647e-008	9.37e-008	9.3863e-008	9.3052e-008	9.2142e-008	9.0776e-008	8.9636e-008	8.7999e-008	8.6449e-008	8.3338e-008	8.1831e-008	7.8426e-008	7.705e-008	7.56e-008	7.4112e-008	7.2275e-008	6.9797e-008	6.8341e-008	6.6328e-008	6.2731e-008	5.973e-008	5.7775e-008	5.4356e-008	5.2429e-008	5.0749e-008	4.7265e-008	4.5161e-008	4.3117e-008	3.9765e-008	3.8007e-008	3.6302e-008	3.336e-008	3.0192e-008	2.8961e-008	2.7245e-008	2.4189e-008	2.1887e-008	1.9826e-008	1.7386e-008	1.4762e-008	1.2087e-008	1.0525e-008	9.243e-009	8.042e-009	7.043e-009	6.3646e-009	5.5737e-009	5.6022e-009	5.3757e-009	5.2794e-009	5.2405e-009	4.8837e-009	5.234e-009	5.2898e-009	5.188e-009	5.1242e-009	4.8969e-009	5.1605e-009	5.4433e-009	6.3101e-009	7.673e-009	1.0148e-008	1.4481e-008	1.9541e-008	2.3228e-008	3.1146e-008	3.9567e-008	4.8194e-008	5.4308e-008	6.1565e-008	6.7161e-008	7.1978e-008	7.5772e-008	7.8602e-008	8.2874e-008	8.7107e-008	9.0409e-008	9.2357e-008	9.4553e-008	9.5272e-008	9.5019e-008	9.5101e-008	9.4328e-008	9.3323e-008	9.1311e-008	9.0791e-008	8.9289e-008	8.8222e-008	8.7486e-008	8.6036e-008	8.1288e-008	7.8348e-008	7.6004e-008	7.3178e-008	7.1874e-008	7.0352e-008	6.8934e-008	6.7455e-008	6.5933e-008	6.3602e-008	6.2047e-008	6.1434e-008	5.8474e-008	5.3351e-008	5.1869e-008	4.8554e-008	4.5484e-008	4.0676e-008	3.8528e-008	3.6673e-008	3.5176e-008	3.285e-008	2.9268e-008	2.704e-008	2.4656e-008	2.225e-008	2.0176e-008	1.8294e-008	1.5848e-008	1.3868e-008	1.3028e-008	1.1567e-008	1.0124e-008	8.4176e-009	7.0058e-009	6.1121e-009	4.8035e-009	4.4815e-009	4.1645e-009	4.6124e-009	4.3975e-009	4.718e-009	5.3287e-009	5.7346e-009	7.0159e-009	8.6866e-009	1.0895e-008	1.275e-008	1.4781e-008	1.6689e-008	2.1722e-008	2.3682e-008	2.6808e-008	3.095e-008	3.7462e-008	4.3409e-008	4.9024e-008	5.3839e-008	5.9624e-008	6.5077e-008	6.9474e-008	7.2581e-008	7.585e-008	8.0511e-008	8.2357e-008	8.6381e-008	8.8625e-008	9.1169e-008	9.1924e-008	9.2217e-008	9.209e-008	9.2643e-008	9.2324e-008	9.0985e-008	8.9991e-008	8.8252e-008	8.6714e-008	8.5638e-008	8.4101e-008	8.2971e-008	8.1468e-008	7.9755e-008	7.7964e-008	7.5601e-008	7.2862e-008	7.0642e-008	6.9441e-008	6.7357e-008	6.4307e-008	6.1977e-008	5.9946e-008	5.8414e-008	5.6189e-008	5.3639e-008	5.1973e-008	4.9022e-008	4.6701e-008	4.2906e-008	4.0982e-008	3.8164e-008	3.6487e-008	3.4903e-008	3.1919e-008	2.9279e-008	2.6518e-008	2.433e-008	1.8675e-008	1.7963e-008	1.5789e-008	1.4256e-008	1.1527e-008	9.1142e-009	7.6476e-009	6.4376e-009	5.6035e-009	4.9943e-009	4.8165e-009	4.9207e-009	4.5081e-009	4.5928e-009	4.8528e-009	4.8729e-009	3.85e-009	4.5745e-009	4.4954e-009	4.4765e-009	5.0538e-009	5.7995e-009	7.2076e-009	1.0151e-008	1.2308e-008	1.4615e-008	1.7849e-008	2.0584e-008	2.5936e-008	3.0685e-008	3.7334e-008	4.4742e-008	5.0034e-008	5.5691e-008	6.0996e-008	6.6657e-008	7.3028e-008	7.8803e-008	8.2501e-008	8.5928e-008	8.8722e-008	8.99e-008	9.0652e-008	9.0944e-008	9.1332e-008	9.2347e-008
1.4059e-009	1.2381e-009	1.6869e-009	1.4486e-009	1.4782e-009	1.7034e-009	1.8919e-009	2.3646e-009	2.5874e-009	3.4543e-009	5.3978e-009	7.9262e-009	1.1815e-008	1.7625e-008	2.5558e-008	3.5351e-008	4.659e-008	5.4454e-008	5.9161e-008	6.3953e-008	6.8136e-008	7.2136e-008	7.6259e-008	7.9774e-008	8.2895e-008	8.555e-008	8.8272e-008	8.943e-008	9.0456e-008	9.2073e-008	9.1908e-008	9.14e-008	9.1141e-008	9.0662e-008	8.9951e-008	8.7613e-008	8.5736e-008	8.4006e-008	8.1973e-008	7.9716e-008	7.7426e-008	7.4074e-008	7.3386e-008	7.0814e-008	6.8292e-008	6.5965e-008	6.4463e-008	6.3606e-008	6.1672e-008	5.9837e-008	5.8076e-008	5.5587e-008	5.3874e-008	5.0892e-008	4.9132e-008	4.8019e-008	4.6089e-008	4.3497e-008	4.1344e-008	3.9807e-008	3.6528e-008	3.4049e-008	3.2353e-008	2.9945e-008	2.7995e-008	2.7231e-008	2.5156e-008	2.2234e-008	2.0233e-008	1.7533e-008	1.4464e-008	1.3816e-008	1.1882e-008	9.5297e-009	7.5376e-009	5.8222e-009	4.3451e-009	3.7918e-009	3.5657e-009	3.3807e-009	3.2898e-009	3.3683e-009	3.4935e-009	4.2567e-009	3.92e-009	4.0425e-009	4.4825e-009	5.3941e-009	6.3944e-009	8.7491e-009	1.2476e-008	1.6539e-008	2.1593e-008	2.6392e-008	3.0872e-008	3.8859e-008	4.9297e-008	5.6404e-008	6.1842e-008	6.573e-008	6.9559e-008	7.3273e-008	7.7184e-008	8.1566e-008	8.3843e-008	8.6364e-008	8.8432e-008	8.8477e-008	9.0301e-008	9.1087e-008	9.0353e-008	9.0512e-008	9.0045e-008	8.888e-008	8.8309e-008	8.7079e-008	8.5179e-008	8.3911e-008	8.1075e-008	7.8288e-008	7.7364e-008	7.4638e-008	7.3171e-008	7.1783e-008	7.0205e-008	6.8031e-008	6.5152e-008	6.3688e-008	6.1846e-008	5.8489e-008	5.5915e-008	5.3898e-008	5.1707e-008	4.9506e-008	4.701e-008	4.2871e-008	4.1149e-008	3.8514e-008	3.7778e-008	3.5348e-008	3.2555e-008	3.0592e-008	2.8659e-008	2.6244e-008	2.3317e-008	2.0518e-008	1.8252e-008	1.5227e-008	1.3465e-008	1.1219e-008	9.0564e-009	7.466e-009	6.2483e-009	5.3175e-009	4.8045e-009	4.5137e-009	4.0971e-009	3.8781e-009	4.1904e-009	4.0756e-009	3.7957e-009	3.7178e-009	3.9587e-009	4.0884e-009	4.5299e-009	5.529e-009	6.0929e-009	7.6263e-009	9.321e-009	1.2503e-008	1.6441e-008	2.0408e-008	2.6528e-008	3.1619e-008	3.8246e-008	4.6961e-008	5.3013e-008	5.8044e-008	6.4259e-008	6.6724e-008	7.1034e-008	7.4961e-008	7.9172e-008	8.219e-008	8.5708e-008	8.8429e-008	9.0466e-008	9.1684e-008	9.3704e-008	9.3866e-008	9.318e-008	9.2267e-008	9.2088e-008	9.1901e-008	9.1305e-008	9.0745e-008	9.0193e-008	8.8406e-008	8.6106e-008	8.4403e-008	8.2404e-008	7.9625e-008	7.7627e-008	7.5873e-008	7.3649e-008	7.2075e-008	7.0431e-008	6.7672e-008	6.4074e-008	6.1636e-008	6.0171e-008	5.8208e-008	5.5684e-008	4.5861e-008	4.5456e-008	4.4595e-008	4.2505e-008	4.1102e-008	3.7896e-008	3.4758e-008	3.2886e-008	3.0541e-008	2.7851e-008	2.5175e-008	2.4246e-008	2.0761e-008	1.7761e-008	1.5415e-008	1.3919e-008	1.1541e-008	9.4044e-009	7.7881e-009	6.7831e-009	6.2007e-009	5.6612e-009	6.1967e-009	5.6071e-009	4.8148e-009	4.9491e-009	5.046e-009	5.4531e-009	4.8996e-009	5.1279e-009	5.5728e-009	5.4651e-009	5.4933e-009	5.987e-009	6.7007e-009	7.4827e-009	9.9064e-009	1.3192e-008	1.6222e-008	2.1156e-008	2.6339e-008	3.1222e-008	3.7675e-008	4.2758e-008	4.9957e-008	5.5997e-008	6.0092e-008	6.7824e-008	7.2287e-008	7.5475e-008	8.0056e-008	8.2884e-008	8.5784e-008	8.8204e-008	8.9936e-008	9.1241e-008	9.285e-008	9.3492e-008	9.3994e-008	9.394e-008	9.2515e-008	9.146e-008	9.0152e-008	8.8642e-008	8.6295e-008	8.3621e-008	8.197e-008	8.0071e-008	7.8537e-008	7.6983e-008	7.5247e-008	7.3998e-008	7.1745e-008	7.0331e-008	6.8749e-008	6.68e-008	6.2486e-008	6.0895e-008	5.8275e-008	5.5379e-008	5.3727e-008	5.0679e-008	4.7874e-008	4.4069e-008	4.137e-008	3.9097e-008	3.7718e-008	3.5563e-008	3.289e-008	3.036e-008	2.8765e-008	2.6811e-008	2.385e-008	2.103e-008	1.9344e-008	1.6961e-008	1.4116e-008	1.2061e-008	1.018e-008	8.5965e-009	7.3158e-009	6.4825e-009	6.0797e-009	5.3878e-009	5.4014e-009	5.3323e-009	5.5012e-009	5.3197e-009	5.039e-009	5.267e-009	5.5779e-009	5.2596e-009	4.4857e-009	4.4341e-009	4.7997e-009	5.7988e-009	6.4767e-009	7.9311e-009	1.0476e-008	1.4227e-008	1.9224e-008	2.4293e-008	3.1931e-008	4.0059e-008	4.7491e-008	5.471e-008	6.1291e-008	6.6503e-008	7.0461e-008	7.641e-008	8.0774e-008	8.4554e-008	8.716e-008	9.0118e-008	9.2174e-008	9.3014e-008	9.3241e-008	9.4243e-008	9.4495e-008	9.4212e-008	9.3121e-008	9.1745e-008	9.0473e-008	8.9461e-008	8.8682e-008	8.7521e-008	8.6704e-008	8.1247e-008	7.6638e-008	7.5907e-008	7.3186e-008	7.1948e-008	7.0497e-008	6.9522e-008	6.7974e-008	6.6222e-008	6.3715e-008	6.2278e-008	6.1199e-008	5.8539e-008	5.4672e-008	4.991e-008	4.8398e-008	4.4964e-008	4.0846e-008	3.8864e-008	3.6572e-008	3.5033e-008	3.3448e-008	3.0541e-008	2.8099e-008	2.4392e-008	2.3045e-008	2.0844e-008	1.8819e-008	1.626e-008	1.4378e-008	1.3121e-008	1.1916e-008	1.0419e-008	8.6453e-009	7.1212e-009	6.5831e-009	5.0743e-009	4.3291e-009	4.2223e-009	4.4872e-009	4.666e-009	4.534e-009	5.2724e-009	5.5105e-009	7.5023e-009	8.6409e-009	1.0476e-008	1.2304e-008	1.5644e-008	1.7074e-008	2.2168e-008	2.376e-008	2.7572e-008	3.216e-008	3.743e-008	4.3773e-008	4.9486e-008	5.2278e-008	5.8922e-008	6.2413e-008	6.7673e-008	7.1607e-008	7.5865e-008	7.9989e-008	8.2264e-008	8.6287e-008	8.7963e-008	9.0653e-008	9.1268e-008	9.1639e-008	9.1475e-008	9.155e-008	9.1269e-008	9.0181e-008	8.8655e-008	8.8125e-008	8.6902e-008	8.5629e-008	8.4257e-008	8.2479e-008	8.1528e-008	7.8744e-008	7.7207e-008	7.5426e-008	7.4138e-008	7.1435e-008	6.9245e-008	6.6977e-008	6.4042e-008	6.2153e-008	6.045e-008	5.7205e-008	5.5953e-008	5.3888e-008	5.0868e-008	4.8887e-008	4.6788e-008	4.3566e-008	4.1414e-008	3.8578e-008	3.6479e-008	3.3831e-008	3.136e-008	2.9031e-008	2.6556e-008	2.4348e-008	1.9351e-008	1.8278e-008	1.6494e-008	1.3216e-008	1.1664e-008	9.3091e-009	7.9334e-009	6.6488e-009	5.3863e-009	5.0992e-009	4.7336e-009	4.2578e-009	4.1462e-009	4.3668e-009	4.2063e-009	4.3518e-009	3.8973e-009	3.9227e-009	4.0952e-009	4.3993e-009	4.2776e-009	4.8955e-009	6.6853e-009	8.513e-009	1.1257e-008	1.4065e-008	1.6111e-008	2.0735e-008	2.5609e-008	3.0704e-008	3.8014e-008	4.6295e-008	5.0109e-008	5.5366e-008	5.923e-008	6.5471e-008	7.1999e-008	7.7906e-008	8.2155e-008	8.6723e-008	8.8835e-008	8.9696e-008	9.0333e-008	9.1385e-008	9.1869e-008	9.2584e-008
1.7641e-009	1.4397e-009	1.7157e-009	1.7625e-009	1.4303e-009	1.5969e-009	1.6573e-009	2.3745e-009	2.8929e-009	3.1607e-009	5.4287e-009	7.9156e-009	1.2103e-008	1.8329e-008	2.5719e-008	3.5683e-008	4.7123e-008	5.4076e-008	5.8437e-008	6.3997e-008	6.8098e-008	7.2859e-008	7.6283e-008	7.9775e-008	8.2595e-008	8.43e-008	8.7787e-008	8.903e-008	9.0567e-008	9.1895e-008	9.1559e-008	9.127e-008	9.0989e-008	9.0147e-008	8.899e-008	8.6622e-008	8.4673e-008	8.3535e-008	8.1345e-008	7.88e-008	7.7185e-008	7.3925e-008	7.2359e-008	7.0218e-008	6.744e-008	6.5844e-008	6.4324e-008	6.3081e-008	6.1482e-008	5.8936e-008	5.7252e-008	5.4743e-008	5.3389e-008	5.2522e-008	5.0331e-008	4.8157e-008	4.5119e-008	4.3509e-008	4.2378e-008	3.9362e-008	3.6444e-008	3.4046e-008	3.2148e-008	3.01e-008	2.9166e-008	2.6402e-008	2.4964e-008	2.2739e-008	1.9623e-008	1.7857e-008	1.5789e-008	1.2994e-008	1.1192e-008	9.6851e-009	6.6475e-009	5.5789e-009	4.4098e-009	3.4815e-009	3.5597e-009	3.1223e-009	3.2052e-009	3.6789e-009	3.5147e-009	3.7845e-009	3.7191e-009	3.7543e-009	4.404e-009	4.8648e-009	5.4265e-009	6.1275e-009	1.0458e-008	1.4063e-008	2.0531e-008	2.6132e-008	3.1743e-008	3.8597e-008	4.854e-008	5.627e-008	6.2178e-008	6.4321e-008	6.9179e-008	7.3417e-008	7.7377e-008	8.015e-008	8.2212e-008	8.4734e-008	8.7699e-008	8.8861e-008	9.0399e-008	9.0932e-008	9.1041e-008	9.061e-008	8.9898e-008	8.8868e-008	8.8446e-008	8.7712e-008	8.5353e-008	8.3699e-008	8.0939e-008	7.852e-008	7.6435e-008	7.4397e-008	7.279e-008	7.1488e-008	6.9025e-008	6.7409e-008	6.4898e-008	6.3773e-008	6.1055e-008	5.7941e-008	5.5023e-008	5.2814e-008	5.1398e-008	4.9212e-008	4.5775e-008	4.2942e-008	4.1307e-008	3.9795e-008	3.6943e-008	3.3886e-008	3.0899e-008	2.9644e-008	2.7552e-008	2.4671e-008	2.2168e-008	1.9899e-008	1.7957e-008	1.5287e-008	1.2633e-008	1.0368e-008	8.5037e-009	6.9995e-009	5.9065e-009	5.16e-009	4.7555e-009	4.5763e-009	4.2989e-009	3.9498e-009	4.3127e-009	4.2563e-009	3.7385e-009	3.8824e-009	3.5429e-009	3.4325e-009	4.2363e-009	4.9428e-009	5.3647e-009	7.0487e-009	8.995e-009	1.1967e-008	1.5256e-008	1.9756e-008	2.6028e-008	3.1874e-008	3.6724e-008	4.3799e-008	5.0332e-008	5.4495e-008	6.3113e-008	6.6459e-008	6.8475e-008	7.2915e-008	7.7394e-008	8.1992e-008	8.4342e-008	8.8355e-008	9.0257e-008	9.3144e-008	9.4526e-008	9.4101e-008	9.2604e-008	9.2533e-008	9.2785e-008	9.2296e-008	9.1726e-008	9.1062e-008	8.9504e-008	8.7705e-008	8.5678e-008	8.4106e-008	8.2932e-008	8.0263e-008	7.8194e-008	7.648e-008	7.374e-008	7.2507e-008	7.1383e-008	6.9045e-008	6.6512e-008	6.3772e-008	5.8716e-008	5.6877e-008	5.4907e-008	5.182e-008	4.8474e-008	4.6877e-008	4.2533e-008	4.1356e-008	3.6858e-008	3.4184e-008	3.1562e-008	3.0344e-008	2.6884e-008	2.5436e-008	2.3005e-008	2.0871e-008	1.5625e-008	1.4443e-008	1.253e-008	9.7832e-009	8.5977e-009	7.2693e-009	6.4163e-009	6.059e-009	5.8665e-009	5.502e-009	5.8714e-009	5.2532e-009	5.3884e-009	4.9551e-009	5.3485e-009	4.9742e-009	5.321e-009	5.6789e-009	5.7148e-009	5.5296e-009	5.78e-009	6.7803e-009	7.7384e-009	9.8516e-009	1.293e-008	1.6572e-008	2.1883e-008	2.7456e-008	3.1412e-008	3.7269e-008	4.3611e-008	4.9781e-008	5.4358e-008	5.9943e-008	6.5512e-008	7.1403e-008	7.52e-008	7.9434e-008	8.1946e-008	8.4996e-008	8.7403e-008	9.0205e-008	9.1158e-008	9.3486e-008	9.4447e-008	9.436e-008	9.4217e-008	9.2386e-008	9.0368e-008	8.896e-008	8.6997e-008	8.4996e-008	8.3263e-008	8.1778e-008	8.0172e-008	7.8641e-008	7.7405e-008	7.5839e-008	7.4205e-008	7.2671e-008	7.0152e-008	6.8523e-008	6.4316e-008	6.1459e-008	6.074e-008	5.7606e-008	5.5823e-008	5.3888e-008	4.9707e-008	4.7282e-008	4.3918e-008	4.2113e-008	3.98e-008	3.7425e-008	3.3882e-008	3.2365e-008	3.0458e-008	2.7421e-008	2.4962e-008	2.3029e-008	2.1122e-008	1.8577e-008	1.5942e-008	1.4152e-008	1.1714e-008	1.0026e-008	8.3389e-009	7.0251e-009	6.2853e-009	5.7556e-009	5.4779e-009	5.6597e-009	5.2237e-009	5.7111e-009	5.6277e-009	5.1807e-009	5.272e-009	5.3778e-009	5.555e-009	5.1507e-009	4.7666e-009	5.288e-009	5.6218e-009	6.4039e-009	7.9965e-009	1.0094e-008	1.3265e-008	1.8776e-008	2.4929e-008	3.1852e-008	3.8521e-008	4.6924e-008	5.4039e-008	6.0796e-008	6.6539e-008	6.9826e-008	7.4311e-008	7.871e-008	8.3275e-008	8.6127e-008	8.788e-008	9.0209e-008	9.1625e-008	9.2459e-008	9.3364e-008	9.4146e-008	9.4277e-008	9.3358e-008	9.2273e-008	9.0735e-008	8.959e-008	8.9232e-008	8.7878e-008	8.7042e-008	8.4872e-008	8.0476e-008	7.515e-008	7.4098e-008	7.1855e-008	7.0979e-008	6.9485e-008	6.8137e-008	6.5511e-008	6.2741e-008	6.2049e-008	6.1061e-008	5.7645e-008	5.5586e-008	5.0996e-008	4.8646e-008	4.517e-008	4.1208e-008	3.9572e-008	3.7785e-008	3.4473e-008	3.3251e-008	3.0341e-008	2.7178e-008	2.4073e-008	2.333e-008	2.101e-008	1.8607e-008	1.6505e-008	1.4803e-008	1.3491e-008	1.1917e-008	1.049e-008	8.5695e-009	7.4827e-009	5.9371e-009	5.0221e-009	4.8033e-009	4.5958e-009	4.5732e-009	4.4777e-009	4.8474e-009	5.0465e-009	5.9651e-009	6.9201e-009	8.5963e-009	1.0308e-008	1.2697e-008	1.5203e-008	1.7571e-008	2.0139e-008	2.4755e-008	2.836e-008	3.294e-008	3.7779e-008	4.3369e-008	4.9336e-008	5.3805e-008	5.8236e-008	6.286e-008	6.7184e-008	7.0786e-008	7.5655e-008	7.908e-008	8.24e-008	8.5231e-008	8.7251e-008	9.0302e-008	9.0556e-008	9.066e-008	9.0794e-008	9.0743e-008	9.0576e-008	8.983e-008	8.9009e-008	8.8162e-008	8.7182e-008	8.5365e-008	8.418e-008	8.297e-008	8.142e-008	7.9136e-008	7.7076e-008	7.5897e-008	7.291e-008	7.1122e-008	6.898e-008	6.6425e-008	6.4699e-008	6.2687e-008	6.1091e-008	5.7922e-008	5.5755e-008	5.385e-008	5.1382e-008	4.8724e-008	4.4833e-008	4.3025e-008	4.0503e-008	3.8648e-008	3.6582e-008	3.4253e-008	3.0634e-008	2.9271e-008	2.6687e-008	2.4429e-008	2.1628e-008	1.8765e-008	1.6452e-008	1.3007e-008	1.1552e-008	9.1324e-009	7.4145e-009	6.4479e-009	5.6783e-009	5.4152e-009	4.5543e-009	4.1581e-009	4.0276e-009	4.0924e-009	4.0565e-009	4.0773e-009	3.902e-009	3.7709e-009	3.795e-009	4.2023e-009	4.4487e-009	4.8748e-009	6.2674e-009	8.4461e-009	1.1003e-008	1.3487e-008	1.5947e-008	2.0705e-008	2.531e-008	3.1918e-008	3.8158e-008	4.5368e-008	5.0824e-008	5.4393e-008	5.8845e-008	6.4639e-008	7.0601e-008	7.6268e-008	8.0062e-008	8.582e-008	8.8694e-008	8.9474e-008	9.0526e-008	9.1366e-008	9.2234e-008	9.2451e-008
1.3891e-009	1.6586e-009	1.2181e-009	1.6519e-009	1.2209e-009	1.5731e-009	1.8925e-009	2.4852e-009	2.5608e-009	3.2674e-009	5.0013e-009	8.2747e-009	1.2108e-008	1.8544e-008	2.5818e-008	3.5065e-008	4.6178e-008	5.4731e-008	5.9696e-008	6.3674e-008	6.7721e-008	7.1964e-008	7.4862e-008	7.9353e-008	8.1546e-008	8.4429e-008	8.6531e-008	8.8725e-008	9.0406e-008	9.1482e-008	9.1989e-008	9.1579e-008	9.1086e-008	8.986e-008	8.8269e-008	8.6263e-008	8.459e-008	8.2271e-008	8.1612e-008	7.9218e-008	7.6928e-008	7.5048e-008	7.2021e-008	7.0011e-008	6.7751e-008	6.58e-008	6.4282e-008	6.3254e-008	6.1142e-008	5.905e-008	5.7315e-008	5.5333e-008	5.3809e-008	5.2535e-008	5.0458e-008	4.7675e-008	4.5277e-008	4.3787e-008	4.0945e-008	3.9424e-008	3.6308e-008	3.4094e-008	3.2351e-008	3.0395e-008	2.9148e-008	2.6769e-008	2.5076e-008	2.2841e-008	1.904e-008	1.7593e-008	1.5365e-008	1.3231e-008	1.1755e-008	9.4377e-009	6.7666e-009	5.6887e-009	4.152e-009	3.6117e-009	3.6188e-009	3.3905e-009	3.58e-009	3.8799e-009	3.4541e-009	3.3865e-009	3.8506e-009	3.4895e-009	4.1932e-009	4.5021e-009	4.8845e-009	5.7096e-009	9.9897e-009	1.3472e-008	1.7925e-008	2.4197e-008	3.1291e-008	3.8554e-008	4.7971e-008	5.6545e-008	6.1441e-008	6.5611e-008	7.1432e-008	7.2827e-008	7.69e-008	8.0052e-008	8.1795e-008	8.4912e-008	8.6599e-008	8.8504e-008	9.0128e-008	9.1045e-008	9.1291e-008	9.0569e-008	9.0431e-008	8.9004e-008	8.8339e-008	8.7566e-008	8.5508e-008	8.3193e-008	8.1025e-008	7.9607e-008	7.6971e-008	7.4283e-008	7.2558e-008	7.0904e-008	6.8382e-008	6.6771e-008	6.4945e-008	6.2844e-008	5.885e-008	5.71e-008	5.4663e-008	5.3189e-008	5.1049e-008	4.8541e-008	4.5392e-008	4.32e-008	4.1144e-008	3.8887e-008	3.6013e-008	3.3635e-008	3.0995e-008	2.9191e-008	2.7275e-008	2.3651e-008	2.0835e-008	1.9381e-008	1.6931e-008	1.4501e-008	1.221e-008	9.9416e-009	7.92e-009	6.6452e-009	5.5675e-009	4.7962e-009	4.4057e-009	4.0731e-009	4.3287e-009	3.9327e-009	3.9373e-009	3.6341e-009	3.3918e-009	3.4976e-009	3.5793e-009	3.3121e-009	3.7566e-009	4.8419e-009	5.1845e-009	6.2786e-009	8.8545e-009	1.163e-008	1.4869e-008	2.0032e-008	2.4126e-008	3.1158e-008	3.5297e-008	4.1295e-008	4.7946e-008	5.5181e-008	5.9647e-008	6.4143e-008	6.6583e-008	7.3311e-008	7.7871e-008	8.0913e-008	8.4491e-008	8.7658e-008	8.9639e-008	9.415e-008	9.4975e-008	9.4306e-008	9.3729e-008	9.3102e-008	9.2186e-008	9.1999e-008	9.1163e-008	9.0048e-008	8.8925e-008	8.7943e-008	8.5297e-008	8.3716e-008	8.2655e-008	8.0111e-008	7.7709e-008	7.596e-008	7.3942e-008	7.2255e-008	7.1075e-008	6.8057e-008	6.5864e-008	6.437e-008	5.8432e-008	5.5607e-008	5.414e-008	5.194e-008	4.9214e-008	4.6482e-008	4.3583e-008	4.1446e-008	3.7646e-008	3.4238e-008	3.1472e-008	3.0247e-008	2.7711e-008	2.4257e-008	2.2432e-008	1.9638e-008	1.6603e-008	1.3041e-008	1.1418e-008	8.9466e-009	7.8595e-009	6.5929e-009	6.0433e-009	5.5719e-009	5.6544e-009	5.5188e-009	5.8116e-009	4.9559e-009	4.6658e-009	4.5347e-009	4.9054e-009	4.6021e-009	5.1342e-009	5.3257e-009	5.6861e-009	5.9681e-009	5.9927e-009	6.4718e-009	8.1996e-009	1.005e-008	1.346e-008	1.7276e-008	2.2677e-008	2.7458e-008	3.1474e-008	3.6699e-008	4.2677e-008	4.8921e-008	5.3228e-008	5.7087e-008	6.4965e-008	7.0525e-008	7.4871e-008	7.8574e-008	8.1615e-008	8.3852e-008	8.858e-008	9.0095e-008	9.2156e-008	9.4597e-008	9.5181e-008	9.4682e-008	9.4425e-008	9.2328e-008	9.0295e-008	8.8347e-008	8.6083e-008	8.4816e-008	8.3366e-008	8.1577e-008	7.9916e-008	7.7983e-008	7.7189e-008	7.6208e-008	7.4793e-008	7.1963e-008	6.9966e-008	6.7857e-008	6.4467e-008	6.359e-008	6.1096e-008	5.7425e-008	5.4507e-008	5.2596e-008	4.7945e-008	4.586e-008	4.3494e-008	4.0624e-008	3.8331e-008	3.6294e-008	3.3404e-008	3.1628e-008	2.9009e-008	2.5854e-008	2.4582e-008	2.2728e-008	1.8938e-008	1.7877e-008	1.5834e-008	1.3587e-008	1.0964e-008	9.101e-009	7.6879e-009	7.0358e-009	5.8407e-009	5.1212e-009	4.7431e-009	4.7972e-009	5.0274e-009	5.5032e-009	5.3087e-009	5.4902e-009	5.1744e-009	5.2348e-009	5.4297e-009	4.624e-009	4.7998e-009	5.4004e-009	5.3407e-009	5.6572e-009	7.344e-009	9.4558e-009	1.3281e-008	1.8611e-008	2.5027e-008	3.17e-008	3.8355e-008	4.5461e-008	5.3327e-008	6.0375e-008	6.6821e-008	7.0532e-008	7.3568e-008	7.8195e-008	8.0904e-008	8.5787e-008	8.7584e-008	8.9727e-008	9.1392e-008	9.1942e-008	9.3109e-008	9.3786e-008	9.383e-008	9.4269e-008	9.2883e-008	9.0974e-008	8.9201e-008	8.8701e-008	8.7819e-008	8.6753e-008	8.3106e-008	7.9794e-008	7.5475e-008	7.4084e-008	7.2272e-008	7.0964e-008	6.9825e-008	6.8565e-008	6.4121e-008	6.3042e-008	6.1725e-008	6.0745e-008	5.7718e-008	5.2252e-008	5.1515e-008	4.9844e-008	4.3334e-008	4.1628e-008	3.9901e-008	3.8225e-008	3.5423e-008	3.3159e-008	2.9178e-008	2.5665e-008	2.447e-008	2.3164e-008	2.0841e-008	1.7737e-008	1.6682e-008	1.5271e-008	1.3753e-008	1.2084e-008	1.0238e-008	8.8129e-009	6.9777e-009	5.5673e-009	4.3993e-009	4.8785e-009	4.8443e-009	4.712e-009	4.6625e-009	4.9565e-009	5.2875e-009	5.9229e-009	7.136e-009	8.3086e-009	1.0647e-008	1.2686e-008	1.5119e-008	1.6578e-008	2.0144e-008	2.5817e-008	2.9662e-008	3.3182e-008	3.7227e-008	4.3596e-008	4.7904e-008	5.2893e-008	5.8498e-008	6.1851e-008	6.5848e-008	7.0827e-008	7.4528e-008	7.9566e-008	8.2162e-008	8.5348e-008	8.747e-008	8.9401e-008	9.0356e-008	9.1056e-008	9.1067e-008	9.1095e-008	9.097e-008	9.0547e-008	8.912e-008	8.8272e-008	8.7247e-008	8.5021e-008	8.343e-008	8.2701e-008	8.0883e-008	7.9373e-008	7.7674e-008	7.4964e-008	7.1801e-008	7.0075e-008	6.848e-008	6.7079e-008	6.4793e-008	6.2368e-008	6.0928e-008	5.781e-008	5.4773e-008	5.3754e-008	5.2378e-008	4.7953e-008	4.5876e-008	4.3502e-008	4.1059e-008	3.9128e-008	3.6509e-008	3.4456e-008	3.0723e-008	2.9194e-008	2.6722e-008	2.4683e-008	2.2344e-008	1.9141e-008	1.4773e-008	1.3065e-008	1.0819e-008	8.6146e-009	7.2755e-009	6.6285e-009	5.7639e-009	5.4714e-009	4.6151e-009	4.1758e-009	3.7963e-009	3.3876e-009	3.7395e-009	4.0986e-009	3.8515e-009	3.3736e-009	3.9062e-009	4.124e-009	4.5534e-009	4.7309e-009	5.5972e-009	8.3071e-009	1.0255e-008	1.2793e-008	1.547e-008	2.0141e-008	2.6e-008	3.2139e-008	3.7779e-008	4.4739e-008	4.8408e-008	5.4795e-008	5.9518e-008	6.4855e-008	7.0842e-008	7.6764e-008	8.0759e-008	8.4811e-008	8.74e-008	8.8772e-008	8.9936e-008	9.0967e-008	9.2459e-008	9.306e-008
8.5058e-010	5.1533e-010	7.7548e-010	6.4678e-010	5.9069e-010	5.2421e-010	1.0504e-009	1.418e-009	1.5551e-009	2.1034e-009	4.415e-009	6.913e-009	1.1278e-008	1.8253e-008	2.5034e-008	3.4463e-008	4.366e-008	5.1983e-008	5.7361e-008	6.2836e-008	6.6299e-008	6.9598e-008	7.5696e-008	7.6851e-008	8.0386e-008	8.312e-008	8.5177e-008	8.7038e-008	8.8577e-008	9.0217e-008	9.0893e-008	9.0541e-008	9.0019e-008	8.8922e-008	8.7342e-008	8.487e-008	8.2781e-008	8.1941e-008	7.9099e-008	7.6658e-008	7.5515e-008	7.3614e-008	7.1407e-008	6.9472e-008	6.6828e-008	6.5435e-008	6.3996e-008	6.1375e-008	6.0099e-008	5.8411e-008	5.6292e-008	5.4833e-008	5.3129e-008	5.1195e-008	4.7345e-008	4.5607e-008	4.3916e-008	4.2596e-008	3.9232e-008	3.7933e-008	3.4711e-008	3.3536e-008	3.1442e-008	2.9717e-008	2.7963e-008	2.6462e-008	2.3805e-008	2.1569e-008	1.9033e-008	1.6559e-008	1.367e-008	1.2266e-008	9.8889e-009	9.1373e-009	6.1876e-009	4.7535e-009	3.0995e-009	2.9344e-009	2.4897e-009	2.0994e-009	1.8298e-009	2.3929e-009	2.253e-009	2.4174e-009	2.8157e-009	2.826e-009	3.3829e-009	3.9825e-009	4.0429e-009	5.475e-009	7.8822e-009	1.1261e-008	1.6631e-008	2.2405e-008	2.9912e-008	3.8462e-008	4.7061e-008	5.4457e-008	5.9864e-008	6.32e-008	6.9595e-008	7.2173e-008	7.6535e-008	7.7834e-008	8.1812e-008	8.3977e-008	8.5569e-008	8.7294e-008	8.844e-008	9.0005e-008	8.9946e-008	8.9763e-008	8.9482e-008	8.8551e-008	8.7505e-008	8.5475e-008	8.3418e-008	8.1819e-008	7.993e-008	7.8843e-008	7.5057e-008	7.3283e-008	7.2449e-008	6.8843e-008	6.6352e-008	6.5013e-008	6.3448e-008	6.1322e-008	5.9538e-008	5.6853e-008	5.3489e-008	5.2019e-008	4.9547e-008	4.6457e-008	4.3945e-008	4.2615e-008	4.0531e-008	3.8356e-008	3.3722e-008	3.1871e-008	3.0004e-008	2.6692e-008	2.531e-008	2.1762e-008	1.9072e-008	1.8586e-008	1.6102e-008	1.2742e-008	1.1204e-008	8.8064e-009	7.0256e-009	5.5576e-009	3.9682e-009	3.8631e-009	3.1533e-009	3.0346e-009	3.4768e-009	3.3943e-009	2.8548e-009	2.796e-009	2.6043e-009	2.2811e-009	2.4732e-009	2.742e-009	3.0606e-009	3.9537e-009	4.3095e-009	5.7444e-009	7.7108e-009	9.7416e-009	1.306e-008	1.8116e-008	2.338e-008	3.0045e-008	3.3307e-008	3.9644e-008	4.5682e-008	5.2626e-008	5.6931e-008	6.1062e-008	6.5537e-008	7.0921e-008	7.5798e-008	7.9336e-008	8.2546e-008	8.7283e-008	8.9634e-008	9.1963e-008	9.4018e-008	9.3646e-008	9.3242e-008	9.2297e-008	9.1145e-008	9.0762e-008	9.0275e-008	8.9002e-008	8.8673e-008	8.6091e-008	8.4561e-008	8.2152e-008	8.074e-008	7.8791e-008	7.6804e-008	7.5129e-008	7.2359e-008	7.0252e-008	6.8322e-008	6.6105e-008	6.4299e-008	6.2342e-008	5.9094e-008	5.6035e-008	5.3519e-008	4.9556e-008	4.6628e-008	4.4909e-008	4.2418e-008	3.9416e-008	3.6347e-008	3.2252e-008	3.0704e-008	2.8844e-008	2.6715e-008	2.283e-008	2.0933e-008	1.8455e-008	1.4931e-008	1.2021e-008	1.0218e-008	8.0976e-009	6.347e-009	4.6428e-009	4.2843e-009	4.1172e-009	4.3417e-009	4.3791e-009	3.9489e-009	4.2469e-009	3.8518e-009	3.9591e-009	3.6881e-009	3.2643e-009	4.1439e-009	4.3665e-009	4.3919e-009	4.8501e-009	5.6562e-009	6.1254e-009	7.2649e-009	9.1841e-009	1.2423e-008	1.668e-008	2.1125e-008	2.5394e-008	3.0235e-008	3.5216e-008	3.9685e-008	4.707e-008	5.2766e-008	5.8969e-008	6.3159e-008	6.8825e-008	7.3438e-008	7.7041e-008	8.0392e-008	8.2889e-008	8.7266e-008	8.9204e-008	9.0094e-008	9.3391e-008	9.4191e-008	9.4081e-008	9.2768e-008	9.1294e-008	8.9257e-008	8.7809e-008	8.5488e-008	8.3732e-008	8.2248e-008	8.0835e-008	7.9136e-008	7.8071e-008	7.6386e-008	7.5572e-008	7.3401e-008	7.03e-008	6.8338e-008	6.6382e-008	6.4874e-008	6.2256e-008	5.9186e-008	5.6103e-008	5.374e-008	5.0641e-008	4.8202e-008	4.5966e-008	4.1402e-008	3.9083e-008	3.7001e-008	3.4351e-008	3.2007e-008	2.9797e-008	2.6891e-008	2.5145e-008	2.3255e-008	2.1383e-008	1.8625e-008	1.6861e-008	1.3692e-008	1.1974e-008	9.8145e-009	7.2375e-009	5.6642e-009	5.677e-009	4.445e-009	4.4432e-009	3.744e-009	4.0369e-009	4.5198e-009	4.8536e-009	4.3545e-009	4.433e-009	4.0759e-009	4.1225e-009	4.105e-009	3.5781e-009	3.8569e-009	4.5297e-009	4.3392e-009	4.8668e-009	5.7271e-009	8.7376e-009	1.2062e-008	1.7811e-008	2.3913e-008	3.0183e-008	3.7648e-008	4.5067e-008	5.2304e-008	6.0494e-008	6.5755e-008	6.9472e-008	7.235e-008	7.718e-008	8.1933e-008	8.4399e-008	8.6027e-008	8.8851e-008	9.0033e-008	9.1228e-008	9.1687e-008	9.2406e-008	9.4259e-008	9.408e-008	9.2361e-008	9.0735e-008	8.806e-008	8.8156e-008	8.69e-008	8.537e-008	7.9599e-008	7.8345e-008	7.4976e-008	7.3301e-008	7.2079e-008	7.0425e-008	6.877e-008	6.7384e-008	6.4918e-008	6.1464e-008	6.0617e-008	5.9334e-008	5.6031e-008	5.2884e-008	5.097e-008	4.8942e-008	4.5411e-008	4.2041e-008	3.849e-008	3.7437e-008	3.5298e-008	3.1343e-008	3.0019e-008	2.5078e-008	2.4367e-008	2.2123e-008	2.0169e-008	1.8333e-008	1.5822e-008	1.4639e-008	1.2883e-008	1.1255e-008	9.6984e-009	7.5686e-009	6.2768e-009	5.1986e-009	4.1448e-009	3.9649e-009	4.0545e-009	3.5096e-009	3.8362e-009	4.0365e-009	3.8741e-009	4.8318e-009	6.2139e-009	7.9047e-009	9.5702e-009	1.1329e-008	1.3659e-008	1.6446e-008	1.9287e-008	2.3481e-008	2.8574e-008	3.1626e-008	3.754e-008	4.1665e-008	4.5457e-008	4.9716e-008	5.2603e-008	5.9422e-008	6.4071e-008	6.8422e-008	7.2778e-008	7.7422e-008	8.0345e-008	8.475e-008	8.6455e-008	8.8034e-008	8.9631e-008	9.007e-008	9.0328e-008	9.0519e-008	9.005e-008	8.8759e-008	8.8289e-008	8.7817e-008	8.6568e-008	8.4472e-008	8.2825e-008	8.0993e-008	7.9613e-008	7.8731e-008	7.7593e-008	7.5086e-008	7.2285e-008	6.9417e-008	6.7235e-008	6.5986e-008	6.4222e-008	6.1686e-008	6.0336e-008	5.8154e-008	5.5313e-008	5.313e-008	5.1655e-008	4.7857e-008	4.5903e-008	4.3005e-008	4.0999e-008	3.889e-008	3.6669e-008	3.3384e-008	3.1074e-008	2.8835e-008	2.6857e-008	2.4481e-008	2.1535e-008	1.7763e-008	1.5374e-008	1.2057e-008	9.6487e-009	7.4996e-009	6.5293e-009	5.3783e-009	5.0804e-009	4.557e-009	4.0726e-009	3.3334e-009	2.8151e-009	2.4371e-009	3.1187e-009	2.7934e-009	2.6636e-009	2.7377e-009	2.917e-009	3.207e-009	3.7799e-009	3.8777e-009	5.2844e-009	6.9699e-009	9.553e-009	1.181e-008	1.4077e-008	1.9848e-008	2.327e-008	3.1204e-008	3.7099e-008	4.3668e-008	4.7281e-008	5.3851e-008	6.0017e-008	6.4517e-008	7.0278e-008	7.5249e-008	7.9229e-008	8.393e-008	8.6301e-008	8.7396e-008	8.9201e-008	9.0114e-008	9.1591e-008	9.232e-008
1.8306e-009	1.445e-009	1.286e-009	1.1211e-009	1.0132e-009	1.5769e-009	1.6519e-009	1.49e-009	1.8779e-009	3.0833e-009	4.7821e-009	7.3456e-009	1.2545e-008	1.8587e-008	2.6491e-008	3.5957e-008	4.3861e-008	5.1242e-008	5.8345e-008	6.2402e-008	6.6907e-008	7.1015e-008	7.5329e-008	7.8111e-008	8.0553e-008	8.3621e-008	8.4825e-008	8.7554e-008	8.968e-008	9.0718e-008	9.1478e-008	9.1417e-008	9.0651e-008	8.8533e-008	8.7057e-008	8.548e-008	8.4309e-008	8.2535e-008	7.9425e-008	7.7405e-008	7.5661e-008	7.4735e-008	7.3463e-008	7.1287e-008	6.81e-008	6.6242e-008	6.4447e-008	6.313e-008	6.0454e-008	5.9694e-008	5.7902e-008	5.4746e-008	5.3163e-008	5.0001e-008	4.702e-008	4.497e-008	4.2834e-008	4.0576e-008	3.9196e-008	3.7745e-008	3.5838e-008	3.4068e-008	3.2565e-008	3.058e-008	2.8459e-008	2.5662e-008	2.3354e-008	2.162e-008	1.9876e-008	1.6872e-008	1.4416e-008	1.2849e-008	1.0255e-008	8.6316e-009	7.0342e-009	4.0169e-009	3.2873e-009	3.3002e-009	2.8539e-009	2.9767e-009	2.5097e-009	2.0837e-009	2.2245e-009	2.5485e-009	3.5985e-009	4.1189e-009	4.4651e-009	4.4854e-009	4.2648e-009	5.2515e-009	8.1708e-009	1.2149e-008	1.7524e-008	2.3389e-008	3.1512e-008	3.9692e-008	4.7442e-008	5.3499e-008	6.0287e-008	6.6144e-008	6.9951e-008	7.3852e-008	7.5791e-008	7.805e-008	8.2305e-008	8.4556e-008	8.5787e-008	8.6746e-008	8.8578e-008	8.993e-008	8.9772e-008	8.9836e-008	8.9845e-008	8.9193e-008	8.7465e-008	8.6138e-008	8.4222e-008	8.2257e-008	8.1165e-008	8.009e-008	7.6608e-008	7.4576e-008	7.2942e-008	6.9503e-008	6.6454e-008	6.4695e-008	6.3449e-008	6.1962e-008	5.9089e-008	5.6909e-008	5.4144e-008	5.1393e-008	4.9647e-008	4.6365e-008	4.4886e-008	4.3225e-008	4.1432e-008	3.6024e-008	3.3522e-008	3.172e-008	2.8573e-008	2.7071e-008	2.5145e-008	2.3106e-008	2.1326e-008	1.8379e-008	1.6263e-008	1.468e-008	1.1893e-008	9.4938e-009	7.4856e-009	6.2699e-009	4.7706e-009	4.2354e-009	3.9424e-009	3.9584e-009	3.9687e-009	3.9581e-009	3.4624e-009	3.352e-009	3.2712e-009	3.7189e-009	3.8727e-009	3.5128e-009	4.468e-009	4.3054e-009	4.9634e-009	6.41e-009	7.8604e-009	1.0757e-008	1.4677e-008	1.8087e-008	2.3607e-008	2.9691e-008	3.354e-008	3.9294e-008	4.6456e-008	5.335e-008	5.9582e-008	6.3298e-008	6.8147e-008	7.2661e-008	7.7192e-008	8.1657e-008	8.4936e-008	8.656e-008	9.1473e-008	9.2526e-008	9.3619e-008	9.3782e-008	9.3712e-008	9.2838e-008	9.1348e-008	9.1221e-008	9.0954e-008	9.0403e-008	8.9152e-008	8.7318e-008	8.3688e-008	8.3019e-008	8.077e-008	7.8662e-008	7.7359e-008	7.4852e-008	7.1947e-008	7.0182e-008	6.8612e-008	6.5378e-008	6.3415e-008	6.2302e-008	5.9167e-008	5.6129e-008	5.328e-008	5.0799e-008	4.5821e-008	4.5056e-008	4.2118e-008	3.9742e-008	3.6975e-008	3.2955e-008	3.1797e-008	2.9099e-008	2.6077e-008	2.3797e-008	2.1063e-008	1.7241e-008	1.4676e-008	1.283e-008	1.0934e-008	8.1084e-009	6.6974e-009	5.6351e-009	4.6306e-009	4.6166e-009	4.4442e-009	4.4689e-009	4.2683e-009	4.0076e-009	4.2684e-009	4.5127e-009	4.6666e-009	4.462e-009	4.1747e-009	4.4187e-009	4.7659e-009	5.6837e-009	6.0294e-009	6.1864e-009	7.0627e-009	9.1669e-009	1.2209e-008	1.7668e-008	2.1799e-008	2.6949e-008	3.2554e-008	3.6709e-008	4.1639e-008	4.7293e-008	5.3592e-008	5.7751e-008	6.2947e-008	6.8445e-008	7.3974e-008	7.709e-008	8.0218e-008	8.4764e-008	8.7712e-008	8.9996e-008	9.2403e-008	9.3994e-008	9.46e-008	9.4235e-008	9.2554e-008	9.1311e-008	8.8846e-008	8.7668e-008	8.5196e-008	8.399e-008	8.2143e-008	8.0906e-008	7.9156e-008	7.7974e-008	7.6627e-008	7.5813e-008	7.0903e-008	6.9684e-008	6.8883e-008	6.8047e-008	6.5607e-008	6.2305e-008	5.8668e-008	5.6179e-008	5.3607e-008	4.9944e-008	4.8367e-008	4.499e-008	4.1139e-008	3.9e-008	3.7437e-008	3.4884e-008	3.2448e-008	3.015e-008	2.6845e-008	2.4906e-008	2.2553e-008	2.1162e-008	1.8961e-008	1.5853e-008	1.3736e-008	1.0219e-008	8.3894e-009	6.323e-009	5.165e-009	5.0662e-009	4.8803e-009	5.0854e-009	4.529e-009	4.7641e-009	4.9599e-009	5.2503e-009	4.8884e-009	4.2811e-009	4.4806e-009	4.1824e-009	4.0734e-009	3.9129e-009	4.0547e-009	4.2114e-009	4.5732e-009	5.1827e-009	6.6728e-009	9.3381e-009	1.3558e-008	1.9013e-008	2.3178e-008	2.9913e-008	3.815e-008	4.5412e-008	5.2864e-008	5.9563e-008	6.6275e-008	7.064e-008	7.3464e-008	7.9061e-008	8.3049e-008	8.4733e-008	8.7624e-008	8.8936e-008	9.0081e-008	9.1096e-008	9.195e-008	9.2646e-008	9.4243e-008	9.5123e-008	9.4371e-008	9.177e-008	8.962e-008	8.9084e-008	8.7586e-008	8.5444e-008	8.1379e-008	7.9038e-008	7.5719e-008	7.3863e-008	7.2941e-008	6.9656e-008	6.8547e-008	6.7675e-008	6.5026e-008	6.1745e-008	6.1278e-008	5.884e-008	5.583e-008	5.2865e-008	5.1105e-008	4.8805e-008	4.6477e-008	4.3456e-008	3.884e-008	3.7789e-008	3.5149e-008	3.2506e-008	2.9073e-008	2.6926e-008	2.5359e-008	2.3391e-008	1.9873e-008	1.7317e-008	1.6185e-008	1.4863e-008	1.2576e-008	1.067e-008	8.9638e-009	8.2171e-009	7.0377e-009	5.5626e-009	5.2642e-009	4.9688e-009	4.1403e-009	3.6961e-009	3.9098e-009	4.0529e-009	3.9842e-009	5.0219e-009	6.0228e-009	7.1246e-009	8.4269e-009	1.1343e-008	1.3551e-008	1.6135e-008	1.9795e-008	2.4611e-008	2.8868e-008	3.2024e-008	3.7207e-008	4.1437e-008	4.4991e-008	4.9476e-008	5.4374e-008	5.9203e-008	6.4245e-008	6.8653e-008	7.2355e-008	7.6951e-008	7.9273e-008	8.4307e-008	8.5206e-008	8.7939e-008	8.9761e-008	9.0408e-008	9.0373e-008	9.0089e-008	8.9788e-008	8.9201e-008	8.8694e-008	8.8144e-008	8.7516e-008	8.368e-008	8.2629e-008	8.0611e-008	7.9504e-008	7.8907e-008	7.658e-008	7.4556e-008	7.1302e-008	7.0108e-008	6.712e-008	6.5887e-008	6.5059e-008	6.4105e-008	6.1389e-008	5.7576e-008	5.5218e-008	5.2187e-008	5.0568e-008	4.689e-008	4.5493e-008	4.2616e-008	4.0699e-008	3.82e-008	3.6429e-008	3.3352e-008	3.1619e-008	2.9946e-008	2.7171e-008	2.4293e-008	2.189e-008	1.808e-008	1.6493e-008	1.3036e-008	9.6046e-009	8.0268e-009	6.3633e-009	5.4814e-009	5.077e-009	4.3764e-009	3.8737e-009	3.2387e-009	2.449e-009	2.6533e-009	3.035e-009	2.8842e-009	2.7896e-009	2.7662e-009	3.0062e-009	3.1824e-009	3.5271e-009	3.7176e-009	4.8231e-009	6.7339e-009	8.7849e-009	1.1771e-008	1.4985e-008	1.9366e-008	2.402e-008	2.958e-008	3.6314e-008	4.2121e-008	4.6749e-008	5.3805e-008	6.0385e-008	6.5776e-008	6.9987e-008	7.4259e-008	7.921e-008	8.2943e-008	8.5069e-008	8.8418e-008	8.9336e-008	9.0139e-008	9.2346e-008	9.2652e-008
1.8406e-009	1.5645e-009	1.5646e-009	1.6261e-009	1.6665e-009	2.0669e-009	2.43e-009	1.9462e-009	2.0732e-009	3.8013e-009	4.4767e-009	7.5995e-009	1.2563e-008	1.7436e-008	2.687e-008	3.5817e-008	4.3889e-008	5.0917e-008	5.7877e-008	6.3746e-008	6.8959e-008	7.1724e-008	7.6257e-008	7.9008e-008	8.1458e-008	8.3514e-008	8.4766e-008	8.6562e-008	8.8428e-008	9.1147e-008	9.142e-008	9.1144e-008	9.0257e-008	8.8919e-008	8.6581e-008	8.547e-008	8.3927e-008	8.1852e-008	7.9305e-008	7.6459e-008	7.5468e-008	7.4514e-008	7.3501e-008	7.0801e-008	6.7943e-008	6.6397e-008	6.4963e-008	6.2477e-008	6.0603e-008	5.9368e-008	5.8108e-008	5.5295e-008	5.3079e-008	4.9003e-008	4.6668e-008	4.4683e-008	4.2896e-008	4.0428e-008	3.9689e-008	3.6767e-008	3.4995e-008	3.4039e-008	3.1769e-008	3.0258e-008	2.7275e-008	2.5314e-008	2.3643e-008	2.1606e-008	2.0296e-008	1.6023e-008	1.487e-008	1.3264e-008	1.1297e-008	8.8655e-009	6.8428e-009	5.2135e-009	4.0064e-009	3.3622e-009	2.9345e-009	3.3271e-009	2.7678e-009	2.7289e-009	2.788e-009	3.0914e-009	3.741e-009	4.3673e-009	4.4055e-009	4.4929e-009	4.6599e-009	5.7881e-009	8.3354e-009	1.2878e-008	1.9028e-008	2.5414e-008	3.1576e-008	3.9965e-008	4.699e-008	5.3684e-008	6.0243e-008	6.6283e-008	6.9661e-008	7.4429e-008	7.7072e-008	8.0235e-008	8.3089e-008	8.4342e-008	8.6193e-008	8.695e-008	8.9198e-008	9.0011e-008	8.9545e-008	8.9166e-008	8.9047e-008	8.8872e-008	8.7809e-008	8.6399e-008	8.4816e-008	8.2688e-008	8.1991e-008	8.0479e-008	7.781e-008	7.5143e-008	7.1662e-008	6.9808e-008	6.6497e-008	6.4527e-008	6.2995e-008	6.1386e-008	5.9062e-008	5.6025e-008	5.4056e-008	5.2286e-008	5.0451e-008	4.7155e-008	4.5149e-008	4.3014e-008	4.1069e-008	3.654e-008	3.3314e-008	3.2161e-008	2.9357e-008	2.6777e-008	2.509e-008	2.2557e-008	2.0717e-008	1.9356e-008	1.7259e-008	1.5088e-008	1.227e-008	9.7301e-009	7.9936e-009	6.9435e-009	5.775e-009	4.9263e-009	4.5811e-009	4.1345e-009	3.7153e-009	3.8252e-009	3.5113e-009	4.0793e-009	4.0767e-009	3.8452e-009	4.1396e-009	4.2029e-009	4.5118e-009	4.6512e-009	5.408e-009	7.1134e-009	8.4881e-009	1.2342e-008	1.4588e-008	1.9704e-008	2.4619e-008	2.9405e-008	3.4953e-008	3.9872e-008	4.7147e-008	5.3613e-008	5.852e-008	6.232e-008	6.8775e-008	7.3068e-008	7.8343e-008	8.2389e-008	8.625e-008	8.888e-008	9.2377e-008	9.2854e-008	9.3591e-008	9.4573e-008	9.3735e-008	9.2536e-008	9.1854e-008	9.1838e-008	9.1387e-008	9.1168e-008	9.0034e-008	8.7609e-008	8.4756e-008	8.3568e-008	8.0857e-008	7.9592e-008	7.795e-008	7.5079e-008	7.2739e-008	7.016e-008	6.8497e-008	6.6245e-008	6.361e-008	6.2432e-008	5.8094e-008	5.5736e-008	5.4723e-008	4.9272e-008	4.7043e-008	4.6288e-008	4.3411e-008	3.9285e-008	3.7753e-008	3.3264e-008	3.156e-008	2.9351e-008	2.6818e-008	2.4281e-008	2.1529e-008	1.9185e-008	1.5498e-008	1.3361e-008	1.0649e-008	8.6693e-009	7.1881e-009	5.9958e-009	5.4483e-009	4.9004e-009	5.3336e-009	5.2617e-009	5.071e-009	4.5455e-009	4.271e-009	4.4678e-009	4.7895e-009	4.4877e-009	4.4878e-009	4.9431e-009	5.0963e-009	5.7727e-009	6.2065e-009	6.392e-009	7.5508e-009	9.5455e-009	1.3471e-008	1.7445e-008	2.2024e-008	2.7917e-008	3.4094e-008	3.8699e-008	4.3937e-008	4.9381e-008	5.5873e-008	5.8319e-008	6.2355e-008	6.9945e-008	7.3737e-008	7.748e-008	8.2242e-008	8.6043e-008	8.905e-008	9.0775e-008	9.3393e-008	9.4253e-008	9.5801e-008	9.5546e-008	9.3231e-008	9.0951e-008	8.9111e-008	8.7817e-008	8.6154e-008	8.5936e-008	8.4341e-008	8.239e-008	8.1036e-008	7.9315e-008	7.7624e-008	7.5661e-008	7.1021e-008	7.0462e-008	7.0056e-008	6.8462e-008	6.5813e-008	6.2378e-008	5.7798e-008	5.5307e-008	5.2942e-008	5.0362e-008	4.6908e-008	4.4524e-008	4.2329e-008	3.9346e-008	3.7285e-008	3.4766e-008	3.3066e-008	2.9887e-008	2.6412e-008	2.4656e-008	2.2927e-008	2.1053e-008	1.7078e-008	1.429e-008	1.2421e-008	9.9126e-009	7.6082e-009	6.7701e-009	5.4587e-009	5.0963e-009	5.1195e-009	5.7082e-009	5.2803e-009	5.1977e-009	5.18e-009	5.152e-009	4.7992e-009	4.7454e-009	4.683e-009	4.7129e-009	4.5131e-009	4.8002e-009	4.2782e-009	4.9586e-009	5.5231e-009	5.8802e-009	7.1902e-009	9.6766e-009	1.4207e-008	1.8558e-008	2.3986e-008	3.1257e-008	3.993e-008	4.7073e-008	5.5109e-008	6.3261e-008	6.887e-008	7.2779e-008	7.4886e-008	7.8355e-008	8.4358e-008	8.6646e-008	8.8268e-008	8.9211e-008	9.0489e-008	9.1465e-008	9.22e-008	9.3283e-008	9.4403e-008	9.5921e-008	9.4876e-008	9.3221e-008	9.1171e-008	8.9866e-008	8.5722e-008	8.367e-008	8.1206e-008	7.8537e-008	7.593e-008	7.4688e-008	7.399e-008	7.1622e-008	7.0221e-008	6.8068e-008	6.5992e-008	6.361e-008	6.1877e-008	5.9251e-008	5.466e-008	5.2801e-008	5.1628e-008	4.8799e-008	4.6216e-008	4.3861e-008	4.1353e-008	3.7757e-008	3.585e-008	3.3026e-008	3.1009e-008	2.7316e-008	2.6313e-008	2.3812e-008	2.0709e-008	1.9009e-008	1.7801e-008	1.5391e-008	1.321e-008	1.0992e-008	9.5908e-009	8.4589e-009	7.0241e-009	6.0386e-009	5.5958e-009	5.6012e-009	4.9413e-009	4.4933e-009	4.5369e-009	4.5268e-009	4.3528e-009	4.6989e-009	6.0629e-009	7.8517e-009	1.0418e-008	1.1627e-008	1.3815e-008	1.5888e-008	1.9535e-008	2.3771e-008	2.8059e-008	3.2725e-008	3.6933e-008	4.1465e-008	4.5276e-008	5.0326e-008	5.4865e-008	5.8958e-008	6.4831e-008	6.8937e-008	7.459e-008	7.6804e-008	8.0402e-008	8.4254e-008	8.6033e-008	8.8318e-008	8.9638e-008	9.0765e-008	9.0671e-008	9.023e-008	8.9846e-008	8.9904e-008	8.9539e-008	8.9357e-008	8.9064e-008	8.5833e-008	8.3645e-008	8.1074e-008	8.0143e-008	7.8933e-008	7.6327e-008	7.425e-008	7.1345e-008	7.0136e-008	6.8003e-008	6.7069e-008	6.5582e-008	6.3613e-008	6.1906e-008	5.733e-008	5.2416e-008	5.1526e-008	5.0453e-008	4.7093e-008	4.5483e-008	4.3791e-008	4.1093e-008	3.8313e-008	3.6634e-008	3.3996e-008	3.1299e-008	2.9453e-008	2.7889e-008	2.4627e-008	2.2187e-008	1.7892e-008	1.6551e-008	1.4317e-008	1.1781e-008	9.8085e-009	7.4584e-009	6.3964e-009	5.4624e-009	5.0593e-009	4.5718e-009	4.1593e-009	3.5422e-009	4.0292e-009	3.7525e-009	3.2826e-009	3.52e-009	3.6389e-009	3.488e-009	3.4824e-009	4.2125e-009	4.7838e-009	4.7005e-009	6.4614e-009	7.9443e-009	1.1988e-008	1.4927e-008	1.9784e-008	2.4819e-008	3.0558e-008	3.699e-008	4.3633e-008	4.769e-008	5.4277e-008	6.0245e-008	6.6651e-008	7.0583e-008	7.5973e-008	7.93e-008	8.2756e-008	8.5663e-008	8.8765e-008	8.9356e-008	9.1917e-008	9.2535e-008	9.339e-008
1.6456e-009	1.8581e-009	1.9252e-009	2.0268e-009	1.9297e-009	2.1319e-009	2.3984e-009	2.935e-009	3.1299e-009	3.5556e-009	4.7093e-009	7.8235e-009	1.2547e-008	1.7231e-008	2.4348e-008	3.4873e-008	4.3707e-008	5.1403e-008	5.8891e-008	6.4743e-008	6.9212e-008	7.2918e-008	7.7003e-008	7.9133e-008	8.1111e-008	8.3504e-008	8.4708e-008	8.6572e-008	8.8156e-008	8.9665e-008	9.0271e-008	9.1033e-008	9.0734e-008	8.8924e-008	8.6933e-008	8.5297e-008	8.3283e-008	8.164e-008	7.9649e-008	7.6948e-008	7.5967e-008	7.4071e-008	7.3111e-008	7.0157e-008	6.919e-008	6.8417e-008	6.6007e-008	6.3769e-008	6.1382e-008	5.9325e-008	5.7473e-008	5.5664e-008	5.3003e-008	4.8913e-008	4.7139e-008	4.4945e-008	4.28e-008	4.0662e-008	3.9711e-008	3.799e-008	3.5532e-008	3.3181e-008	3.2227e-008	3.0418e-008	2.8297e-008	2.5855e-008	2.3221e-008	2.2229e-008	2.029e-008	1.6896e-008	1.491e-008	1.3392e-008	1.0724e-008	7.9737e-009	7.2804e-009	5.5818e-009	3.9588e-009	3.3276e-009	3.3316e-009	3.0721e-009	2.6352e-009	3.0982e-009	3.1127e-009	3.4214e-009	3.7737e-009	4.6011e-009	4.4488e-009	4.463e-009	4.6749e-009	6.3801e-009	7.9925e-009	1.2722e-008	1.9155e-008	2.6118e-008	3.2115e-008	3.8183e-008	4.6171e-008	5.3022e-008	6.024e-008	6.5226e-008	7.062e-008	7.38e-008	7.684e-008	7.9128e-008	8.2378e-008	8.4232e-008	8.6183e-008	8.7584e-008	8.9046e-008	9.0549e-008	8.9854e-008	8.8828e-008	8.8432e-008	8.8295e-008	8.7311e-008	8.6552e-008	8.4855e-008	8.3526e-008	8.2128e-008	8.0431e-008	7.8668e-008	7.4185e-008	7.1531e-008	6.9867e-008	6.7337e-008	6.4426e-008	6.303e-008	6.0862e-008	5.8356e-008	5.569e-008	5.3689e-008	5.1423e-008	5.0213e-008	4.8044e-008	4.4893e-008	4.2692e-008	3.983e-008	3.6199e-008	3.3267e-008	3.17e-008	2.9826e-008	2.7614e-008	2.4144e-008	2.2768e-008	2.091e-008	1.7884e-008	1.7086e-008	1.518e-008	1.1922e-008	9.7509e-009	7.9311e-009	6.8313e-009	5.7271e-009	5.2863e-009	4.7675e-009	4.2323e-009	3.6586e-009	4.3177e-009	4.2063e-009	4.2255e-009	4.1421e-009	3.8074e-009	3.767e-009	3.8465e-009	4.801e-009	5.2628e-009	5.2719e-009	6.7387e-009	8.0714e-009	1.1712e-008	1.5522e-008	2.0023e-008	2.5268e-008	2.9444e-008	3.4217e-008	4.0663e-008	4.815e-008	5.4779e-008	5.9355e-008	6.2959e-008	6.9498e-008	7.4211e-008	7.8803e-008	8.2373e-008	8.6832e-008	9.0144e-008	9.2513e-008	9.2244e-008	9.3193e-008	9.3519e-008	9.2779e-008	9.1786e-008	9.111e-008	9.1694e-008	9.172e-008	9.1379e-008	8.9286e-008	8.7794e-008	8.5564e-008	8.3188e-008	8.097e-008	7.9936e-008	7.646e-008	7.4576e-008	7.2056e-008	7.0204e-008	6.8651e-008	6.7664e-008	6.5573e-008	6.2622e-008	5.987e-008	5.68e-008	5.4342e-008	5.1726e-008	4.7499e-008	4.6348e-008	4.4624e-008	4.1252e-008	3.5677e-008	3.3547e-008	3.1919e-008	2.9245e-008	2.6875e-008	2.3746e-008	2.1136e-008	1.8346e-008	1.6216e-008	1.3846e-008	1.1322e-008	8.6386e-009	7.6965e-009	6.3337e-009	6.0784e-009	5.5117e-009	5.4566e-009	5.6618e-009	5.0963e-009	4.4874e-009	4.5126e-009	5.1961e-009	4.8922e-009	4.4126e-009	4.9196e-009	5.3451e-009	5.6568e-009	5.6537e-009	6.0273e-009	6.3998e-009	7.2894e-009	9.2762e-009	1.2537e-008	1.637e-008	2.0348e-008	2.7003e-008	3.4949e-008	4.0587e-008	4.5117e-008	5.0185e-008	5.5997e-008	6.0192e-008	6.5354e-008	6.9235e-008	7.4471e-008	7.8917e-008	8.2395e-008	8.6148e-008	8.9084e-008	9.2476e-008	9.3846e-008	9.3865e-008	9.5508e-008	9.3639e-008	9.2418e-008	9.1057e-008	8.9655e-008	8.8564e-008	8.7069e-008	8.6496e-008	8.4621e-008	8.1918e-008	8.1274e-008	7.9974e-008	7.7154e-008	7.502e-008	7.3011e-008	7.1529e-008	7.1521e-008	6.8025e-008	6.4564e-008	6.0922e-008	5.8096e-008	5.5678e-008	5.1691e-008	4.9769e-008	4.5407e-008	4.4278e-008	4.279e-008	3.8131e-008	3.6942e-008	3.3625e-008	3.2349e-008	2.9689e-008	2.6645e-008	2.4573e-008	2.2802e-008	1.9889e-008	1.7336e-008	1.4694e-008	1.2618e-008	9.9874e-009	7.8828e-009	6.8417e-009	5.1453e-009	4.8734e-009	5.4772e-009	5.9266e-009	5.6725e-009	5.3273e-009	5.2715e-009	5.4832e-009	5.0094e-009	4.8262e-009	4.9887e-009	4.8233e-009	4.868e-009	4.8187e-009	4.8282e-009	4.9615e-009	5.2258e-009	6.2044e-009	7.1184e-009	1.0724e-008	1.4078e-008	1.6576e-008	2.3457e-008	3.092e-008	3.9927e-008	4.7356e-008	5.6766e-008	6.5198e-008	6.9878e-008	7.4345e-008	7.6789e-008	8.0509e-008	8.3819e-008	8.6803e-008	8.9061e-008	9.0156e-008	9.0833e-008	9.1618e-008	9.2541e-008	9.3573e-008	9.4567e-008	9.5196e-008	9.3694e-008	9.1676e-008	9.1039e-008	9.0265e-008	8.7461e-008	8.4486e-008	8.2333e-008	7.8144e-008	7.6238e-008	7.5156e-008	7.3669e-008	7.2343e-008	7.0454e-008	6.8391e-008	6.6965e-008	6.4842e-008	6.3472e-008	6.0796e-008	5.7259e-008	5.3443e-008	5.0757e-008	4.7101e-008	4.6186e-008	4.4697e-008	4.2614e-008	3.5962e-008	3.4984e-008	3.382e-008	3.1107e-008	2.8544e-008	2.6794e-008	2.3646e-008	2.1994e-008	1.9619e-008	1.7134e-008	1.475e-008	1.3251e-008	1.1109e-008	9.0902e-009	8.1542e-009	6.6609e-009	5.9877e-009	5.7213e-009	5.3765e-009	4.4913e-009	4.4083e-009	4.739e-009	4.7434e-009	4.6125e-009	4.5997e-009	6.3269e-009	7.4116e-009	9.7424e-009	1.1414e-008	1.3175e-008	1.59e-008	1.7828e-008	2.1566e-008	2.5943e-008	3.145e-008	3.4866e-008	4.1738e-008	4.609e-008	5.0276e-008	5.5087e-008	5.803e-008	6.4697e-008	6.9472e-008	7.3106e-008	7.6585e-008	7.9611e-008	8.4137e-008	8.5293e-008	8.7552e-008	8.8347e-008	9.0319e-008	9.0918e-008	9.0302e-008	8.9815e-008	9.032e-008	8.9739e-008	8.9228e-008	8.8868e-008	8.7479e-008	8.3804e-008	8.1706e-008	7.9829e-008	7.8332e-008	7.5946e-008	7.3901e-008	7.2094e-008	7.0872e-008	6.8352e-008	6.7425e-008	6.631e-008	6.4971e-008	6.2383e-008	5.9833e-008	5.6413e-008	5.3419e-008	5.1027e-008	4.9469e-008	4.4818e-008	4.3489e-008	4.1616e-008	3.894e-008	3.6101e-008	3.4433e-008	3.2897e-008	3.0255e-008	2.8334e-008	2.6051e-008	2.3453e-008	2.0839e-008	1.6821e-008	1.493e-008	1.3148e-008	1.0208e-008	8.256e-009	6.772e-009	5.7803e-009	4.9734e-009	5.0502e-009	4.4904e-009	4.2197e-009	3.803e-009	3.9715e-009	4.0505e-009	4.1845e-009	3.9711e-009	3.6372e-009	4.1218e-009	4.2137e-009	4.5571e-009	4.9816e-009	6.1988e-009	8.1199e-009	1.1786e-008	1.4904e-008	2.0138e-008	2.5715e-008	3.1836e-008	3.7804e-008	4.3054e-008	4.9712e-008	5.4697e-008	6.104e-008	6.5369e-008	7.1208e-008	7.6618e-008	7.9731e-008	8.4314e-008	8.6568e-008	8.8312e-008	9.0763e-008	9.2456e-008	9.2876e-008	9.364e-008
2.3362e-009	2.6984e-009	2.5721e-009	2.3598e-009	2.2451e-009	2.494e-009	2.7792e-009	3.2857e-009	3.7582e-009	4.3271e-009	6.0213e-009	8.3865e-009	1.1706e-008	1.7154e-008	2.3999e-008	3.35e-008	4.2041e-008	5.0537e-008	5.7983e-008	6.4518e-008	6.862e-008	7.3768e-008	7.6266e-008	7.7905e-008	8.0225e-008	8.2606e-008	8.4408e-008	8.5865e-008	8.6943e-008	8.8713e-008	8.9878e-008	9.1362e-008	9.0542e-008	8.8398e-008	8.6754e-008	8.4443e-008	8.2931e-008	8.1279e-008	7.9833e-008	7.8181e-008	7.5858e-008	7.4463e-008	7.2549e-008	7.1054e-008	6.9e-008	6.7655e-008	6.6535e-008	6.2354e-008	6.0377e-008	5.9273e-008	5.7371e-008	5.4334e-008	5.2271e-008	4.9972e-008	4.7019e-008	4.45e-008	4.2901e-008	4.0794e-008	4.0093e-008	3.829e-008	3.4521e-008	3.3814e-008	3.2694e-008	3.0155e-008	2.768e-008	2.5888e-008	2.423e-008	2.2376e-008	1.9605e-008	1.6797e-008	1.4476e-008	1.2085e-008	1.0165e-008	8.6293e-009	7.1797e-009	5.9636e-009	4.0134e-009	3.4294e-009	3.3792e-009	3.1155e-009	2.6198e-009	2.5822e-009	4.0152e-009	3.8525e-009	4.1313e-009	4.4338e-009	3.9989e-009	4.6487e-009	5.4555e-009	6.6279e-009	9.5771e-009	1.3631e-008	1.969e-008	2.5009e-008	3.1447e-008	3.7378e-008	4.5436e-008	5.2369e-008	5.576e-008	6.4285e-008	6.9957e-008	7.46e-008	7.7122e-008	8.0339e-008	8.2417e-008	8.4318e-008	8.5816e-008	8.8371e-008	8.8938e-008	8.9679e-008	8.9593e-008	8.8836e-008	8.8885e-008	8.8811e-008	8.8333e-008	8.6968e-008	8.527e-008	8.3678e-008	8.2727e-008	8.1031e-008	7.8231e-008	7.3955e-008	7.1584e-008	6.9413e-008	6.7787e-008	6.5685e-008	6.2073e-008	6.0564e-008	5.8106e-008	5.5858e-008	5.3363e-008	5.1459e-008	4.9765e-008	4.7415e-008	4.4659e-008	4.2385e-008	3.9617e-008	3.8002e-008	3.5243e-008	3.3452e-008	2.9048e-008	2.7564e-008	2.5328e-008	2.3011e-008	2.0921e-008	1.9467e-008	1.6707e-008	1.4239e-008	1.1967e-008	9.9873e-009	8.6078e-009	7.1667e-009	6.0085e-009	5.0194e-009	4.5954e-009	4.1681e-009	3.959e-009	4.9775e-009	4.0614e-009	3.8201e-009	4.6016e-009	4.4801e-009	4.4126e-009	4.4558e-009	5.1308e-009	4.9792e-009	5.3082e-009	6.8675e-009	8.2546e-009	1.2745e-008	1.6244e-008	1.9638e-008	2.6008e-008	2.9173e-008	3.5286e-008	4.1114e-008	4.8694e-008	5.402e-008	5.9119e-008	6.3666e-008	6.9436e-008	7.5106e-008	7.9774e-008	8.4028e-008	8.592e-008	8.8995e-008	9.1913e-008	9.2345e-008	9.2245e-008	9.3076e-008	9.2363e-008	9.1656e-008	9.1366e-008	9.1807e-008	9.1625e-008	9.1098e-008	8.9532e-008	8.7159e-008	8.537e-008	8.3511e-008	8.1698e-008	8.0218e-008	7.7783e-008	7.5652e-008	7.2935e-008	7.1538e-008	6.9771e-008	6.7839e-008	6.6152e-008	6.2809e-008	6.0402e-008	5.7463e-008	5.5269e-008	5.3101e-008	5.0818e-008	4.7995e-008	4.464e-008	4.1912e-008	3.6558e-008	3.4563e-008	3.2628e-008	2.9487e-008	2.6958e-008	2.4003e-008	2.1173e-008	1.9049e-008	1.5604e-008	1.2644e-008	1.122e-008	9.6875e-009	8.0288e-009	6.4739e-009	5.7806e-009	5.4175e-009	5.4743e-009	5.629e-009	5.2395e-009	5.5996e-009	5.5922e-009	5.4582e-009	5.4063e-009	4.9508e-009	5.2947e-009	5.9824e-009	5.9312e-009	6.3319e-009	6.6066e-009	7.1402e-009	7.6761e-009	9.7287e-009	1.2057e-008	1.6273e-008	2.0456e-008	2.6905e-008	3.5307e-008	4.1884e-008	4.8057e-008	5.2574e-008	5.6261e-008	6.1312e-008	6.6814e-008	7.1148e-008	7.5044e-008	7.9924e-008	8.3127e-008	8.6324e-008	8.9798e-008	9.3245e-008	9.374e-008	9.366e-008	9.3815e-008	9.3012e-008	9.2029e-008	9.1107e-008	9.0595e-008	8.8931e-008	8.8186e-008	8.7806e-008	8.7105e-008	8.5214e-008	8.2814e-008	8.0518e-008	7.9458e-008	7.7446e-008	7.506e-008	7.2023e-008	7.1164e-008	6.9478e-008	6.5878e-008	6.1919e-008	5.821e-008	5.4776e-008	5.2212e-008	5.0212e-008	4.8079e-008	4.5466e-008	4.3093e-008	3.9298e-008	3.6501e-008	3.4745e-008	3.198e-008	3.001e-008	2.7401e-008	2.4479e-008	2.223e-008	1.988e-008	1.7002e-008	1.4767e-008	1.1508e-008	9.5485e-009	7.0992e-009	6.2338e-009	5.2951e-009	5.154e-009	5.3615e-009	5.5904e-009	5.6279e-009	5.6395e-009	5.4284e-009	5.5981e-009	5.2768e-009	5.2981e-009	5.413e-009	4.6502e-009	4.6443e-009	4.8678e-009	5.1422e-009	5.4949e-009	6.345e-009	6.5016e-009	8.0707e-009	1.0501e-008	1.4046e-008	1.678e-008	2.3763e-008	3.0629e-008	3.8724e-008	4.9875e-008	5.9371e-008	6.64e-008	7.0319e-008	7.6104e-008	7.8736e-008	7.966e-008	8.3053e-008	8.7196e-008	8.9627e-008	9.0361e-008	9.1668e-008	9.287e-008	9.2955e-008	9.4192e-008	9.4985e-008	9.4204e-008	9.2133e-008	9.0938e-008	9.1187e-008	9.0302e-008	8.6517e-008	8.5078e-008	8.2665e-008	7.9618e-008	7.72e-008	7.6293e-008	7.401e-008	7.1192e-008	6.9685e-008	6.7474e-008	6.642e-008	6.4008e-008	6.2863e-008	6.0679e-008	5.7015e-008	5.4925e-008	5.2533e-008	4.9743e-008	4.7166e-008	4.547e-008	4.3543e-008	4.0161e-008	3.6421e-008	3.492e-008	3.2606e-008	2.9526e-008	2.7252e-008	2.4825e-008	2.2282e-008	2.0198e-008	1.7936e-008	1.5194e-008	1.302e-008	1.1539e-008	9.666e-009	7.592e-009	6.5587e-009	5.6104e-009	5.453e-009	5.6639e-009	5.41e-009	5.2842e-009	4.9578e-009	4.9577e-009	5.1212e-009	5.0934e-009	6.1323e-009	7.5157e-009	8.998e-009	1.1009e-008	1.2482e-008	1.4671e-008	1.7716e-008	2.1927e-008	2.5078e-008	3.012e-008	3.4971e-008	4.0941e-008	4.6354e-008	5.1155e-008	5.5639e-008	5.9333e-008	6.4841e-008	7.0357e-008	7.3887e-008	7.9553e-008	8.194e-008	8.3467e-008	8.5414e-008	8.7823e-008	8.8139e-008	9.0239e-008	9.0452e-008	9.0816e-008	9.057e-008	9.0511e-008	8.9811e-008	8.9592e-008	8.9143e-008	8.7121e-008	8.2978e-008	8.1743e-008	8.0296e-008	7.8688e-008	7.5561e-008	7.2819e-008	7.1802e-008	7.1516e-008	7.0469e-008	6.7428e-008	6.6335e-008	6.4291e-008	6.1522e-008	5.9008e-008	5.6624e-008	5.3569e-008	5.2217e-008	4.9175e-008	4.6218e-008	4.4538e-008	4.2022e-008	3.9476e-008	3.7559e-008	3.6028e-008	3.4276e-008	3.1308e-008	2.863e-008	2.6812e-008	2.4654e-008	2.0776e-008	1.8967e-008	1.5139e-008	1.3414e-008	1.1515e-008	9.1089e-009	7.0797e-009	6.0257e-009	5.7587e-009	5.6641e-009	4.5296e-009	3.6898e-009	3.6508e-009	5.2029e-009	4.8077e-009	4.7536e-009	4.3813e-009	4.22e-009	4.1634e-009	4.1555e-009	5.1849e-009	5.2393e-009	6.2206e-009	7.6022e-009	1.119e-008	1.4871e-008	1.9396e-008	2.686e-008	3.3198e-008	4.0056e-008	4.3768e-008	5.1074e-008	5.7699e-008	6.2922e-008	6.607e-008	7.2319e-008	7.6927e-008	8.0478e-008	8.542e-008	8.6176e-008	8.8683e-008	9.1498e-008	9.3106e-008	9.3272e-008	9.3627e-008
2.1631e-009	2.5679e-009	2.6574e-009	2.44e-009	2.1533e-009	1.7692e-009	2.0312e-009	2.9542e-009	4.1182e-009	3.9944e-009	6.2341e-009	8.6203e-009	1.275e-008	1.7909e-008	2.3333e-008	3.2976e-008	4.3033e-008	4.9833e-008	5.5892e-008	6.205e-008	6.7443e-008	7.2384e-008	7.5776e-008	7.7058e-008	7.898e-008	8.0829e-008	8.3687e-008	8.5642e-008	8.6255e-008	8.815e-008	8.9511e-008	9.1024e-008	9.0318e-008	8.8903e-008	8.6125e-008	8.4333e-008	8.28e-008	8.1854e-008	8.0141e-008	7.8116e-008	7.5553e-008	7.4424e-008	7.1678e-008	6.959e-008	6.7601e-008	6.6516e-008	6.5333e-008	6.2832e-008	6.0664e-008	5.945e-008	5.6452e-008	5.4497e-008	5.1643e-008	4.8901e-008	4.6163e-008	4.5367e-008	4.3015e-008	4.1383e-008	4.0089e-008	3.6917e-008	3.498e-008	3.3857e-008	3.2201e-008	2.9848e-008	2.6481e-008	2.453e-008	2.3705e-008	2.2107e-008	1.9238e-008	1.6624e-008	1.4924e-008	1.278e-008	9.9589e-009	8.7147e-009	6.999e-009	5.8341e-009	4.3556e-009	3.3664e-009	3.5941e-009	3.0535e-009	3.3259e-009	3.232e-009	3.2608e-009	3.578e-009	4.2281e-009	4.3178e-009	4.1629e-009	4.5002e-009	5.2709e-009	7.3135e-009	9.9682e-009	1.4105e-008	1.9143e-008	2.5312e-008	3.2044e-008	3.7054e-008	4.3703e-008	5.1158e-008	5.6938e-008	6.2859e-008	6.8147e-008	7.2897e-008	7.7638e-008	7.9039e-008	8.1661e-008	8.482e-008	8.6096e-008	8.8312e-008	8.8955e-008	8.9508e-008	8.9829e-008	9.0102e-008	8.9594e-008	8.9531e-008	8.9022e-008	8.7347e-008	8.6056e-008	8.562e-008	8.1462e-008	8.113e-008	7.9042e-008	7.4869e-008	7.1283e-008	7.0411e-008	6.869e-008	6.5944e-008	6.3237e-008	6.0442e-008	5.7626e-008	5.5804e-008	5.4328e-008	5.1554e-008	4.8978e-008	4.5432e-008	4.4252e-008	4.1988e-008	3.946e-008	3.7146e-008	3.4665e-008	3.3204e-008	3.0454e-008	2.7001e-008	2.479e-008	2.2913e-008	2.0835e-008	1.8226e-008	1.7057e-008	1.4341e-008	1.2503e-008	1.0188e-008	8.2234e-009	7.4501e-009	6.0474e-009	5.1112e-009	4.411e-009	4.1486e-009	4.4635e-009	4.8067e-009	4.2591e-009	4.622e-009	4.8175e-009	4.7917e-009	4.7469e-009	4.7945e-009	4.8606e-009	4.8409e-009	5.6403e-009	6.652e-009	8.9724e-009	1.1711e-008	1.5941e-008	2.0127e-008	2.5749e-008	3.1199e-008	3.5733e-008	4.2278e-008	4.971e-008	5.5112e-008	5.983e-008	6.4582e-008	7.1245e-008	7.6744e-008	8.0562e-008	8.4494e-008	8.6194e-008	8.9483e-008	9.0034e-008	9.0861e-008	9.1617e-008	9.2834e-008	9.2776e-008	9.2479e-008	9.2337e-008	9.2141e-008	9.1676e-008	9.1377e-008	8.9721e-008	8.6956e-008	8.5542e-008	8.3059e-008	8.2249e-008	8.0324e-008	7.7294e-008	7.526e-008	7.3656e-008	7.1995e-008	7.0167e-008	6.8728e-008	6.6231e-008	6.0557e-008	5.8588e-008	5.7374e-008	5.4435e-008	5.2763e-008	5.0697e-008	4.8088e-008	4.3971e-008	3.7244e-008	3.6051e-008	3.492e-008	3.1626e-008	2.9442e-008	2.7763e-008	2.4172e-008	2.1474e-008	1.9077e-008	1.7818e-008	1.5377e-008	1.2026e-008	1.0628e-008	7.4738e-009	6.8107e-009	5.5987e-009	5.3441e-009	5.3788e-009	5.4488e-009	5.8642e-009	5.9198e-009	5.9911e-009	5.4243e-009	5.8512e-009	5.778e-009	5.8564e-009	5.6499e-009	6.0514e-009	6.5598e-009	6.6645e-009	6.9123e-009	7.8419e-009	1.019e-008	1.2948e-008	1.3704e-008	2.0166e-008	2.5611e-008	3.5022e-008	4.2707e-008	4.814e-008	5.3938e-008	5.8884e-008	6.4298e-008	6.9001e-008	7.1925e-008	7.6479e-008	7.9564e-008	8.177e-008	8.5267e-008	8.9483e-008	9.2218e-008	9.2384e-008	9.2678e-008	9.2774e-008	9.2171e-008	9.1232e-008	9.1654e-008	9.0481e-008	8.9914e-008	8.8739e-008	8.7949e-008	8.7402e-008	8.6049e-008	8.3398e-008	8.1221e-008	7.9784e-008	7.6599e-008	7.4419e-008	7.2212e-008	7.1311e-008	6.5948e-008	6.3465e-008	5.9363e-008	5.8248e-008	5.5915e-008	5.2252e-008	4.9592e-008	4.7362e-008	4.467e-008	4.2017e-008	3.9869e-008	3.6919e-008	3.5495e-008	3.279e-008	2.9724e-008	2.6717e-008	2.4191e-008	2.23e-008	1.9621e-008	1.699e-008	1.3926e-008	1.1398e-008	8.772e-009	7.903e-009	6.0915e-009	5.2196e-009	4.9161e-009	5.6972e-009	5.2282e-009	5.4033e-009	5.8369e-009	5.2561e-009	5.3239e-009	5.178e-009	5.0759e-009	5.3869e-009	5.0255e-009	5.0974e-009	4.9498e-009	5.4676e-009	5.9725e-009	6.006e-009	6.7771e-009	8.6643e-009	1.079e-008	1.3942e-008	1.8987e-008	2.436e-008	3.0814e-008	3.8747e-008	5.0074e-008	5.9371e-008	6.6103e-008	7.203e-008	7.6246e-008	7.8654e-008	7.968e-008	8.4994e-008	8.7835e-008	8.9837e-008	9.1408e-008	9.2229e-008	9.2438e-008	9.3128e-008	9.3485e-008	9.3445e-008	9.2631e-008	9.1811e-008	9.1269e-008	9.0789e-008	8.9237e-008	8.7404e-008	8.6194e-008	8.2866e-008	8.0311e-008	7.8415e-008	7.6003e-008	7.1785e-008	7.0194e-008	6.843e-008	6.6539e-008	6.5815e-008	6.4808e-008	6.2905e-008	6.1392e-008	5.815e-008	5.5392e-008	5.3502e-008	5.0958e-008	4.8365e-008	4.5917e-008	4.3906e-008	4.0624e-008	3.6669e-008	3.4698e-008	3.208e-008	3.0063e-008	2.7405e-008	2.4801e-008	2.1845e-008	1.9939e-008	1.7396e-008	1.5795e-008	1.3907e-008	1.0707e-008	9.4398e-009	7.9475e-009	6.6115e-009	5.6708e-009	5.6628e-009	5.5152e-009	5.222e-009	5.2052e-009	4.9261e-009	5.4334e-009	5.3743e-009	5.9144e-009	6.0245e-009	6.8497e-009	8.2352e-009	9.4205e-009	1.1505e-008	1.4013e-008	1.7905e-008	2.0512e-008	2.4625e-008	2.9416e-008	3.3603e-008	3.8262e-008	4.2962e-008	4.9652e-008	5.4438e-008	5.9383e-008	6.5205e-008	6.9952e-008	7.4379e-008	7.6476e-008	8.0644e-008	8.3675e-008	8.5983e-008	8.7576e-008	8.8061e-008	8.9865e-008	9.0587e-008	9.0454e-008	9.0287e-008	9.0445e-008	9.0115e-008	8.9135e-008	8.8182e-008	8.6309e-008	8.3774e-008	8.1423e-008	8.0224e-008	7.791e-008	7.6444e-008	7.3418e-008	7.1445e-008	7.1628e-008	7.1656e-008	6.7137e-008	6.5419e-008	6.4191e-008	6.1283e-008	5.8165e-008	5.6159e-008	5.3751e-008	5.2689e-008	5.1036e-008	4.7024e-008	4.5402e-008	4.3607e-008	4.0628e-008	3.8379e-008	3.6114e-008	3.3912e-008	3.1605e-008	2.898e-008	2.7619e-008	2.4483e-008	2.1371e-008	1.9463e-008	1.6822e-008	1.3537e-008	1.0867e-008	8.4862e-009	6.6988e-009	6.0849e-009	5.934e-009	5.5046e-009	5.1093e-009	4.3458e-009	4.2199e-009	4.5188e-009	4.2317e-009	4.2973e-009	4.3381e-009	4.6424e-009	4.7114e-009	5.0633e-009	5.1752e-009	5.3944e-009	5.8969e-009	7.8587e-009	9.8483e-009	1.4535e-008	1.6747e-008	2.4962e-008	3.361e-008	4.0515e-008	4.5297e-008	5.1065e-008	5.7131e-008	6.4091e-008	6.7381e-008	7.3085e-008	7.7943e-008	8.1687e-008	8.4139e-008	8.472e-008	8.885e-008	9.0169e-008	9.3041e-008	9.3251e-008	9.3622e-008
1.6764e-009	2.1694e-009	2.218e-009	1.6829e-009	1.3526e-009	1.6862e-009	2.0686e-009	2.6685e-009	2.8509e-009	3.9575e-009	5.8781e-009	9.0723e-009	1.2791e-008	1.7533e-008	2.3122e-008	3.4063e-008	4.2904e-008	4.99e-008	5.5915e-008	6.186e-008	6.6908e-008	7.1075e-008	7.3799e-008	7.6235e-008	7.8324e-008	8.0824e-008	8.2657e-008	8.4338e-008	8.5549e-008	8.7363e-008	8.8766e-008	8.921e-008	8.868e-008	8.8066e-008	8.5688e-008	8.4202e-008	8.2977e-008	8.1883e-008	7.9328e-008	7.7392e-008	7.5782e-008	7.5108e-008	7.1558e-008	6.9003e-008	6.6249e-008	6.4725e-008	6.3812e-008	6.175e-008	6.0524e-008	5.8808e-008	5.6376e-008	5.2298e-008	4.9275e-008	4.7836e-008	4.6021e-008	4.4691e-008	4.2875e-008	4.1295e-008	3.8556e-008	3.6058e-008	3.4718e-008	3.2956e-008	3.1233e-008	2.8613e-008	2.4653e-008	2.3725e-008	2.2963e-008	2.1865e-008	1.8995e-008	1.7161e-008	1.442e-008	1.2576e-008	9.9809e-009	8.0634e-009	5.998e-009	5.0758e-009	3.8395e-009	3.0405e-009	2.9665e-009	3.3964e-009	3.1655e-009	2.9243e-009	3.0573e-009	3.1699e-009	3.5686e-009	3.7983e-009	4.0653e-009	4.1872e-009	5.0432e-009	7.1246e-009	9.6422e-009	1.4004e-008	1.931e-008	2.5711e-008	3.1658e-008	3.7381e-008	4.376e-008	4.91e-008	5.7664e-008	6.3499e-008	6.7331e-008	7.4089e-008	7.7409e-008	7.9627e-008	8.2302e-008	8.4081e-008	8.5309e-008	8.6957e-008	8.9162e-008	8.9317e-008	9.0315e-008	9.0489e-008	8.9339e-008	8.872e-008	8.8559e-008	8.7044e-008	8.647e-008	8.4894e-008	8.2183e-008	7.9406e-008	7.7366e-008	7.3472e-008	7.1931e-008	6.9707e-008	6.7625e-008	6.5833e-008	6.1967e-008	5.9277e-008	5.7195e-008	5.5008e-008	5.4413e-008	5.0508e-008	4.9222e-008	4.5274e-008	4.3842e-008	4.1501e-008	3.9496e-008	3.6221e-008	3.5043e-008	3.3229e-008	3.0288e-008	2.7802e-008	2.5112e-008	2.2555e-008	2.0765e-008	1.874e-008	1.6267e-008	1.479e-008	1.2007e-008	9.9966e-009	8.5178e-009	7.5326e-009	5.419e-009	4.2663e-009	4.0736e-009	3.7614e-009	3.7254e-009	3.8219e-009	3.746e-009	4.3865e-009	4.278e-009	4.2235e-009	4.5732e-009	4.6063e-009	4.6432e-009	4.5847e-009	5.5067e-009	6.7645e-009	8.8035e-009	1.2441e-008	1.5809e-008	2.007e-008	2.4125e-008	3.0796e-008	3.6403e-008	4.2681e-008	4.9025e-008	5.4351e-008	5.9912e-008	6.5821e-008	7.0687e-008	7.6965e-008	8.0429e-008	8.5061e-008	8.6305e-008	8.8922e-008	8.9895e-008	9.1591e-008	9.2136e-008	9.2646e-008	9.2825e-008	9.2359e-008	9.233e-008	9.1806e-008	9.0861e-008	8.978e-008	8.7879e-008	8.6419e-008	8.4958e-008	8.2409e-008	8.1662e-008	7.9962e-008	7.7653e-008	7.4701e-008	7.3439e-008	7.1578e-008	7.0296e-008	6.7912e-008	6.5882e-008	6.2448e-008	6.0025e-008	5.6471e-008	5.4104e-008	5.2177e-008	4.9091e-008	4.6863e-008	4.3992e-008	3.94e-008	3.7561e-008	3.3969e-008	3.2651e-008	2.8789e-008	2.6691e-008	2.4462e-008	2.179e-008	1.9252e-008	1.6073e-008	1.4968e-008	1.3077e-008	1.0417e-008	8.6525e-009	6.5239e-009	6.058e-009	5.6083e-009	4.9463e-009	5.3078e-009	4.7693e-009	4.7335e-009	5.0675e-009	4.6823e-009	5.1565e-009	5.2058e-009	5.2257e-009	5.8039e-009	5.7986e-009	6.0917e-009	6.4964e-009	6.1555e-009	7.6559e-009	9.7451e-009	1.2653e-008	1.6253e-008	2.023e-008	2.6004e-008	3.3778e-008	4.0584e-008	4.8435e-008	5.4343e-008	6.0402e-008	6.6005e-008	7.0262e-008	7.1327e-008	7.6166e-008	7.9394e-008	8.3266e-008	8.5429e-008	8.7578e-008	8.9645e-008	9.0714e-008	9.1743e-008	9.2032e-008	9.1792e-008	9.1742e-008	9.1429e-008	9.1142e-008	8.9999e-008	8.8399e-008	8.7004e-008	8.538e-008	8.4079e-008	8.1736e-008	7.9694e-008	7.6245e-008	7.5126e-008	7.303e-008	7.2096e-008	7.0017e-008	6.5774e-008	6.3919e-008	6.0964e-008	5.9097e-008	5.6471e-008	5.2604e-008	5.0177e-008	4.487e-008	4.432e-008	4.2459e-008	4.0111e-008	3.7116e-008	3.4704e-008	3.172e-008	2.8615e-008	2.6719e-008	2.4116e-008	2.1057e-008	1.8141e-008	1.6005e-008	1.2965e-008	1.1388e-008	9.3986e-009	6.9889e-009	5.6626e-009	4.7652e-009	4.4423e-009	5.2648e-009	4.5098e-009	5.3932e-009	5.8358e-009	5.0636e-009	4.8066e-009	4.8855e-009	4.7717e-009	4.7669e-009	4.51e-009	4.5428e-009	4.5426e-009	5.0457e-009	5.6434e-009	5.8906e-009	6.8058e-009	8.4505e-009	1.1406e-008	1.531e-008	2.0191e-008	2.372e-008	3.074e-008	3.791e-008	4.816e-008	5.8434e-008	6.6834e-008	7.1342e-008	7.5428e-008	7.8684e-008	8.0011e-008	8.4378e-008	8.7068e-008	8.968e-008	9.1174e-008	9.2083e-008	9.2368e-008	9.2867e-008	9.2937e-008	9.2099e-008	9.1676e-008	9.1237e-008	9.0782e-008	8.9328e-008	8.7983e-008	8.6322e-008	8.4978e-008	8.2281e-008	7.9663e-008	7.8753e-008	7.6918e-008	7.381e-008	7e-008	6.8109e-008	6.6553e-008	6.5346e-008	6.3623e-008	6.2561e-008	6.0888e-008	5.6681e-008	5.4403e-008	5.2179e-008	5.0256e-008	4.8021e-008	4.4252e-008	4.2825e-008	3.9121e-008	3.6871e-008	3.3786e-008	3.1777e-008	2.9356e-008	2.6468e-008	2.401e-008	2.1801e-008	2.0544e-008	1.7966e-008	1.3342e-008	1.3061e-008	1.1012e-008	9.5826e-009	7.683e-009	6.4829e-009	5.9295e-009	5.1023e-009	4.64e-009	4.8609e-009	4.5208e-009	4.4191e-009	4.8963e-009	5.2976e-009	5.4434e-009	5.454e-009	5.6023e-009	7.2523e-009	9.052e-009	1.0583e-008	1.317e-008	1.7231e-008	2.0829e-008	2.5103e-008	2.7771e-008	3.241e-008	3.8278e-008	4.2124e-008	4.8752e-008	5.3695e-008	5.9687e-008	6.4472e-008	6.947e-008	7.4581e-008	7.8108e-008	7.9598e-008	8.4033e-008	8.5122e-008	8.6976e-008	8.8774e-008	8.9685e-008	8.9996e-008	8.9653e-008	8.9573e-008	8.9349e-008	8.8849e-008	8.8312e-008	8.7189e-008	8.5373e-008	8.4132e-008	7.9418e-008	7.8595e-008	7.767e-008	7.5962e-008	7.3696e-008	7.1374e-008	7.0917e-008	7.054e-008	6.7613e-008	6.4567e-008	6.335e-008	6.1471e-008	5.8683e-008	5.6808e-008	5.4964e-008	5.2349e-008	5.0793e-008	4.7504e-008	4.5384e-008	4.285e-008	4.1323e-008	3.7906e-008	3.5782e-008	3.4177e-008	3.1019e-008	2.864e-008	2.7064e-008	2.4098e-008	2.1914e-008	1.9275e-008	1.7406e-008	1.432e-008	1.1325e-008	9.278e-009	7.0036e-009	5.9028e-009	5.1284e-009	4.7278e-009	4.5679e-009	4.1872e-009	4.0924e-009	3.7475e-009	4.0384e-009	3.6952e-009	4.2448e-009	4.8397e-009	4.8431e-009	5.0145e-009	4.8689e-009	5.3235e-009	5.9452e-009	7.267e-009	9.3366e-009	1.2426e-008	1.7262e-008	2.3378e-008	3.174e-008	3.961e-008	4.258e-008	5.0415e-008	5.7659e-008	6.314e-008	6.7587e-008	7.376e-008	7.8155e-008	8.1677e-008	8.3924e-008	8.6643e-008	8.8688e-008	9.0411e-008	9.251e-008	9.3632e-008	9.4153e-008
1.8164e-009	2.6772e-009	2.564e-009	1.9571e-009	1.6967e-009	2.0963e-009	2.1897e-009	2.9181e-009	3.8067e-009	4.7279e-009	6.6978e-009	1.0182e-008	1.4092e-008	1.8403e-008	2.4705e-008	3.4785e-008	4.4604e-008	5.0977e-008	5.7099e-008	6.0232e-008	6.6069e-008	7.0616e-008	7.3126e-008	7.5703e-008	7.8593e-008	8.0638e-008	8.2179e-008	8.4449e-008	8.5571e-008	8.7067e-008	8.7904e-008	8.8592e-008	8.8189e-008	8.7245e-008	8.6251e-008	8.4619e-008	8.3527e-008	8.1896e-008	7.9474e-008	7.7904e-008	7.65e-008	7.4853e-008	7.2668e-008	7.0196e-008	6.7342e-008	6.5093e-008	6.4051e-008	6.3072e-008	6.176e-008	5.86e-008	5.5469e-008	5.2613e-008	5.1278e-008	4.7771e-008	4.6041e-008	4.4239e-008	4.173e-008	3.9413e-008	3.726e-008	3.6706e-008	3.4649e-008	3.3251e-008	3.0922e-008	2.8589e-008	2.6115e-008	2.4027e-008	2.22e-008	2.0652e-008	1.8983e-008	1.7453e-008	1.4801e-008	1.1892e-008	1.0704e-008	7.733e-009	6.4677e-009	5.3999e-009	4.3609e-009	3.9738e-009	3.3528e-009	2.9682e-009	2.8205e-009	3.4065e-009	3.0611e-009	3.1612e-009	3.7012e-009	3.8583e-009	4.0036e-009	4.7076e-009	5.7257e-009	8.3517e-009	1.1837e-008	1.4759e-008	1.9783e-008	2.6239e-008	3.208e-008	3.8574e-008	4.3141e-008	4.9591e-008	5.8284e-008	6.3915e-008	6.7016e-008	7.37e-008	7.7919e-008	8.1509e-008	8.3368e-008	8.4433e-008	8.5622e-008	8.7705e-008	8.9464e-008	9.0442e-008	9.0821e-008	9.0972e-008	9.0103e-008	8.8807e-008	8.847e-008	8.7554e-008	8.6576e-008	8.474e-008	8.1752e-008	7.9588e-008	7.687e-008	7.3788e-008	7.2252e-008	6.9159e-008	6.7945e-008	6.5535e-008	6.1837e-008	5.9243e-008	5.7445e-008	5.5545e-008	5.4424e-008	5.3439e-008	5.0717e-008	4.5799e-008	4.4809e-008	4.171e-008	3.9528e-008	3.7236e-008	3.5341e-008	3.2703e-008	2.998e-008	2.7187e-008	2.5113e-008	2.1969e-008	2.0373e-008	1.8049e-008	1.6171e-008	1.519e-008	1.255e-008	1.0405e-008	9.0745e-009	6.3442e-009	4.9745e-009	5.0715e-009	4.4011e-009	4.1298e-009	3.9608e-009	3.8482e-009	3.9569e-009	4.4214e-009	4.4813e-009	4.7315e-009	5.4025e-009	5.0857e-009	4.8338e-009	4.6718e-009	5.8592e-009	7.2575e-009	9.3575e-009	1.277e-008	1.6392e-008	2.0288e-008	2.5346e-008	3.0766e-008	3.6557e-008	4.3357e-008	4.8822e-008	5.4891e-008	6.0092e-008	6.5358e-008	7.0411e-008	7.7459e-008	7.9347e-008	8.4803e-008	8.6665e-008	8.9215e-008	9.1551e-008	9.2396e-008	9.3589e-008	9.2924e-008	9.3038e-008	9.2757e-008	9.2505e-008	9.2041e-008	9.1494e-008	9.0351e-008	8.9097e-008	8.6747e-008	8.4776e-008	8.2596e-008	8.1388e-008	8.0432e-008	7.6807e-008	7.507e-008	7.4005e-008	7.1648e-008	7.0595e-008	6.7882e-008	6.6494e-008	6.457e-008	6.0209e-008	5.8007e-008	5.424e-008	5.2308e-008	4.7945e-008	4.6813e-008	4.3531e-008	3.9703e-008	3.7501e-008	3.52e-008	3.3143e-008	2.9958e-008	2.806e-008	2.4912e-008	2.2329e-008	2.0314e-008	1.7442e-008	1.6093e-008	1.1404e-008	1.0391e-008	8.7843e-009	7.4638e-009	6.9696e-009	5.8695e-009	5.5899e-009	6.071e-009	5.2266e-009	4.9306e-009	5.7403e-009	4.9337e-009	5.1981e-009	4.9797e-009	4.522e-009	5.8839e-009	6.0894e-009	6.2512e-009	6.5333e-009	6.6412e-009	7.6943e-009	9.9416e-009	1.3255e-008	1.6688e-008	2.107e-008	2.6555e-008	3.4411e-008	4.1432e-008	4.807e-008	5.4648e-008	6.1315e-008	6.7244e-008	7.1242e-008	7.2852e-008	7.5752e-008	8.0167e-008	8.3542e-008	8.6803e-008	8.8171e-008	8.995e-008	9.1122e-008	9.2233e-008	9.2888e-008	9.2965e-008	9.33e-008	9.2659e-008	9.2312e-008	9.1179e-008	8.8916e-008	8.6772e-008	8.4964e-008	8.3273e-008	8.1158e-008	7.951e-008	7.5312e-008	7.4119e-008	7.2654e-008	7.0788e-008	6.9065e-008	6.6616e-008	6.3362e-008	6.1388e-008	5.8891e-008	5.6575e-008	5.4092e-008	5.1507e-008	4.8487e-008	4.5138e-008	4.2714e-008	3.9866e-008	3.6562e-008	3.4737e-008	3.1345e-008	2.8495e-008	2.6362e-008	2.4125e-008	2.1162e-008	1.9031e-008	1.5915e-008	1.3057e-008	1.194e-008	9.5966e-009	7.1513e-009	5.8806e-009	5.3613e-009	5.2231e-009	5.4962e-009	5.6074e-009	5.4839e-009	5.774e-009	5.1707e-009	5.1075e-009	5.2645e-009	5.0079e-009	5.0253e-009	4.5517e-009	4.8293e-009	4.7877e-009	5.1497e-009	6.0869e-009	6.9043e-009	7.5745e-009	9.5439e-009	1.2029e-008	1.5292e-008	2.0824e-008	2.633e-008	3.18e-008	3.8456e-008	4.629e-008	5.7669e-008	6.485e-008	7.1436e-008	7.4056e-008	7.8822e-008	8.2693e-008	8.5775e-008	8.7899e-008	9.0185e-008	9.1337e-008	9.2675e-008	9.2745e-008	9.3759e-008	9.3514e-008	9.2674e-008	9.2154e-008	9.1333e-008	9.0317e-008	8.9197e-008	8.801e-008	8.6222e-008	8.4812e-008	8.2239e-008	8.0654e-008	7.9538e-008	7.5366e-008	7.3584e-008	7.0894e-008	6.9176e-008	6.7345e-008	6.6217e-008	6.4529e-008	6.2266e-008	6.0989e-008	5.8439e-008	5.556e-008	5.1841e-008	5.0267e-008	4.7977e-008	4.4532e-008	4.1159e-008	3.9331e-008	3.6656e-008	3.3639e-008	3.223e-008	3.0124e-008	2.6656e-008	2.4714e-008	2.2407e-008	2.0403e-008	1.7974e-008	1.6296e-008	1.3483e-008	1.1303e-008	1.0457e-008	8.3399e-009	6.9009e-009	5.9637e-009	4.7808e-009	4.8075e-009	4.9277e-009	4.5038e-009	4.6626e-009	5.1185e-009	5.533e-009	5.3545e-009	5.2793e-009	5.7576e-009	7.0531e-009	8.5019e-009	1.0815e-008	1.2543e-008	1.6835e-008	2.0517e-008	2.5162e-008	2.8335e-008	3.2565e-008	3.8451e-008	4.2009e-008	4.8588e-008	5.4237e-008	6.1121e-008	6.6802e-008	7.0061e-008	7.6683e-008	7.9324e-008	8.2064e-008	8.4392e-008	8.5597e-008	8.7282e-008	8.9299e-008	9.0239e-008	9.0107e-008	8.9836e-008	9.0076e-008	8.9522e-008	8.9822e-008	8.9224e-008	8.7769e-008	8.5379e-008	8.4503e-008	8.0683e-008	7.8962e-008	7.7922e-008	7.6769e-008	7.3721e-008	7.2586e-008	7.1412e-008	6.9938e-008	6.7077e-008	6.4432e-008	6.3337e-008	6.1688e-008	5.9741e-008	5.7581e-008	5.5415e-008	5.3716e-008	5.0965e-008	4.7623e-008	4.5943e-008	4.3808e-008	4.1717e-008	3.8879e-008	3.5641e-008	3.2819e-008	3.1404e-008	3.0453e-008	2.687e-008	2.5218e-008	2.2581e-008	2.1418e-008	1.7227e-008	1.4633e-008	1.1918e-008	9.9481e-009	8.2726e-009	6.8978e-009	5.793e-009	4.9265e-009	5.6407e-009	5.4151e-009	4.8531e-009	4.2629e-009	4.8048e-009	4.8035e-009	5.0862e-009	5.4127e-009	5.4528e-009	5.5081e-009	5.612e-009	5.8096e-009	6.1466e-009	7.0869e-009	9.3937e-009	1.2983e-008	1.7673e-008	2.4024e-008	3.1653e-008	3.7463e-008	4.3709e-008	5.1205e-008	5.8182e-008	6.4231e-008	6.9693e-008	7.4374e-008	7.9451e-008	8.2434e-008	8.4064e-008	8.786e-008	8.9632e-008	9.1236e-008	9.2277e-008	9.398e-008	9.4321e-008
1.7668e-009	2.4672e-009	2.7954e-009	2.4303e-009	1.7649e-009	1.9517e-009	2.5635e-009	3.19e-009	4.2512e-009	5.5649e-009	6.9702e-009	1.0642e-008	1.5286e-008	2.0921e-008	2.7101e-008	3.7193e-008	4.406e-008	5.0773e-008	5.7354e-008	5.9556e-008	6.4684e-008	6.933e-008	7.3023e-008	7.5598e-008	7.9317e-008	8.114e-008	8.2091e-008	8.4488e-008	8.5873e-008	8.6968e-008	8.7793e-008	8.8624e-008	8.7537e-008	8.7054e-008	8.5884e-008	8.4767e-008	8.2756e-008	8.0159e-008	7.8536e-008	7.8081e-008	7.7257e-008	7.5489e-008	7.2921e-008	6.9744e-008	6.7229e-008	6.5193e-008	6.4203e-008	6.25e-008	6.0661e-008	5.7948e-008	5.5933e-008	5.3254e-008	5.1582e-008	4.78e-008	4.5855e-008	4.4257e-008	4.3219e-008	4.0267e-008	3.8097e-008	3.5315e-008	3.404e-008	3.2707e-008	3.0474e-008	2.7134e-008	2.6051e-008	2.371e-008	2.2099e-008	2.101e-008	1.8217e-008	1.606e-008	1.3461e-008	1.2068e-008	1.0196e-008	7.7012e-009	5.974e-009	5.2735e-009	4.868e-009	4.3671e-009	3.5765e-009	3.0986e-009	3.3648e-009	3.112e-009	3.5423e-009	3.3449e-009	3.3939e-009	3.4249e-009	4.4513e-009	5.1693e-009	6.8788e-009	8.8426e-009	1.1576e-008	1.456e-008	2.0354e-008	2.728e-008	3.2976e-008	3.8673e-008	4.4155e-008	4.9845e-008	5.6934e-008	6.4199e-008	7.0965e-008	7.5978e-008	7.7409e-008	8.1374e-008	8.3338e-008	8.5173e-008	8.6382e-008	8.8267e-008	9.052e-008	9.2049e-008	9.2271e-008	9.1491e-008	9.0293e-008	8.8747e-008	8.8043e-008	8.6862e-008	8.5413e-008	8.2706e-008	8.0964e-008	8.0111e-008	7.874e-008	7.3297e-008	7.1655e-008	6.8971e-008	6.6743e-008	6.3396e-008	6.1429e-008	5.8781e-008	5.6971e-008	5.6187e-008	5.4809e-008	5.3175e-008	5.1063e-008	4.5515e-008	4.3671e-008	4.2447e-008	4.0349e-008	3.7144e-008	3.4685e-008	3.2309e-008	2.9424e-008	2.646e-008	2.4819e-008	2.2754e-008	2.0007e-008	1.8226e-008	1.6398e-008	1.4565e-008	1.2737e-008	1.025e-008	9.1035e-009	7.7308e-009	6.2403e-009	5.1899e-009	4.8012e-009	4.291e-009	3.9138e-009	4.1401e-009	4.4243e-009	4.259e-009	4.4876e-009	4.6462e-009	4.658e-009	4.5951e-009	4.5363e-009	5.043e-009	5.3116e-009	7.5477e-009	9.5594e-009	1.2815e-008	1.6476e-008	1.9994e-008	2.4582e-008	3.0689e-008	3.7342e-008	4.3446e-008	4.8483e-008	5.4809e-008	5.9786e-008	6.5346e-008	7.053e-008	7.6116e-008	8.1066e-008	8.4019e-008	8.8086e-008	9.0319e-008	9.1217e-008	9.4403e-008	9.4969e-008	9.3933e-008	9.3518e-008	9.3446e-008	9.3688e-008	9.2993e-008	9.2021e-008	9.0933e-008	8.921e-008	8.745e-008	8.508e-008	8.2547e-008	8.1755e-008	8.0354e-008	7.7247e-008	7.501e-008	7.3687e-008	7.1712e-008	7.1043e-008	6.8897e-008	6.7074e-008	6.484e-008	6.1653e-008	5.9072e-008	5.6198e-008	5.2108e-008	4.9837e-008	4.5448e-008	4.3405e-008	3.9594e-008	3.8722e-008	3.6342e-008	3.3225e-008	3.0232e-008	2.8612e-008	2.5089e-008	2.2867e-008	2.1563e-008	1.8967e-008	1.7418e-008	1.4199e-008	1.2126e-008	9.2022e-009	8.9811e-009	7.691e-009	6.4478e-009	6.1807e-009	5.7483e-009	4.9348e-009	5.1737e-009	5.1617e-009	5.0932e-009	5.1416e-009	5.3458e-009	5.611e-009	5.8643e-009	6.2175e-009	6.2308e-009	6.3754e-009	6.5963e-009	7.739e-009	9.4182e-009	1.2811e-008	1.6797e-008	2.0535e-008	2.5945e-008	3.2848e-008	4.0395e-008	4.6688e-008	5.3589e-008	6.1064e-008	6.5999e-008	7.1244e-008	7.3061e-008	7.5382e-008	7.9115e-008	8.3756e-008	8.6825e-008	8.9231e-008	9.0241e-008	9.1699e-008	9.2824e-008	9.3277e-008	9.4438e-008	9.5169e-008	9.508e-008	9.3477e-008	9.1349e-008	8.9227e-008	8.7191e-008	8.4388e-008	8.2523e-008	8.1011e-008	7.8692e-008	7.552e-008	7.3658e-008	7.226e-008	7.0075e-008	6.8891e-008	6.5791e-008	6.4191e-008	6.2279e-008	5.9686e-008	5.5987e-008	5.4184e-008	5.0524e-008	4.764e-008	4.5852e-008	4.2174e-008	3.9519e-008	3.5574e-008	3.347e-008	3.0741e-008	2.8509e-008	2.627e-008	2.373e-008	2.1734e-008	1.7951e-008	1.5766e-008	1.4127e-008	1.1119e-008	8.5667e-009	7.3064e-009	6.3472e-009	6.0692e-009	5.5492e-009	5.2875e-009	4.5421e-009	4.6858e-009	4.8696e-009	4.651e-009	5.2025e-009	5.1522e-009	4.9427e-009	5.4428e-009	4.7621e-009	4.8126e-009	5.2242e-009	5.0858e-009	6.1618e-009	6.728e-009	7.9127e-009	9.8651e-009	1.2704e-008	1.6311e-008	2.1874e-008	2.7431e-008	3.2732e-008	3.99e-008	4.5701e-008	5.5717e-008	6.1137e-008	6.8367e-008	7.3696e-008	7.8537e-008	8.2362e-008	8.5738e-008	8.8352e-008	9.0074e-008	9.1419e-008	9.2828e-008	9.2983e-008	9.2807e-008	9.2614e-008	9.252e-008	9.1844e-008	9.1255e-008	9.0228e-008	8.8817e-008	8.7776e-008	8.5549e-008	8.3985e-008	8.2193e-008	8.1143e-008	7.8318e-008	7.4662e-008	7.3267e-008	7.0277e-008	6.8833e-008	6.7543e-008	6.6586e-008	6.4737e-008	6.2489e-008	6.0235e-008	5.7003e-008	5.4407e-008	5.2092e-008	5.0017e-008	4.7589e-008	4.4892e-008	4.2157e-008	3.8667e-008	3.7034e-008	3.4917e-008	3.2355e-008	2.9341e-008	2.6454e-008	2.4132e-008	2.2858e-008	2.0795e-008	1.8455e-008	1.604e-008	1.3547e-008	1.2056e-008	1.0676e-008	8.59e-009	7.2496e-009	6.1508e-009	5.454e-009	5.0908e-009	5.2356e-009	5.4115e-009	4.9315e-009	4.9264e-009	5.2444e-009	5.5047e-009	5.478e-009	5.8616e-009	6.7357e-009	8.1861e-009	1.0031e-008	1.3004e-008	1.5753e-008	1.8082e-008	2.4475e-008	2.861e-008	3.3978e-008	3.6716e-008	4.2196e-008	4.8494e-008	5.4319e-008	6.0415e-008	6.7573e-008	7.1383e-008	7.5907e-008	7.9141e-008	8.2873e-008	8.4416e-008	8.5095e-008	8.795e-008	8.9633e-008	8.9841e-008	9.0318e-008	9.0242e-008	9.0517e-008	9.0636e-008	9.0017e-008	8.9284e-008	8.775e-008	8.5892e-008	8.5237e-008	8.1408e-008	7.951e-008	7.9007e-008	7.7248e-008	7.5599e-008	7.3271e-008	7.0987e-008	6.952e-008	6.8355e-008	6.613e-008	6.3684e-008	6.1831e-008	6.0351e-008	5.7696e-008	5.5019e-008	5.3473e-008	5.0705e-008	4.7912e-008	4.5383e-008	4.3724e-008	4.1317e-008	3.8409e-008	3.563e-008	3.3262e-008	3.1446e-008	3.0231e-008	2.8679e-008	2.6211e-008	2.3018e-008	2.0844e-008	1.8447e-008	1.6529e-008	1.3234e-008	1.1444e-008	9.9097e-009	8.0392e-009	6.6146e-009	5.3907e-009	5.5e-009	5.9689e-009	5.6076e-009	4.9771e-009	4.6189e-009	4.502e-009	4.9089e-009	5.2764e-009	5.1177e-009	5.1023e-009	5.3134e-009	5.7569e-009	6.2138e-009	6.9208e-009	9.5584e-009	1.2774e-008	1.7929e-008	2.5783e-008	3.2564e-008	3.869e-008	4.3699e-008	4.976e-008	5.7577e-008	6.4362e-008	6.8563e-008	7.4576e-008	7.902e-008	8.194e-008	8.4099e-008	8.675e-008	8.902e-008	9.0887e-008	9.2598e-008	9.3714e-008	9.4852e-008
1.3588e-009	2.1829e-009	2.5678e-009	2.4602e-009	2.54e-009	2.6245e-009	2.8142e-009	3.598e-009	4.7501e-009	6.2989e-009	9.1935e-009	1.1578e-008	1.7254e-008	2.2961e-008	2.9252e-008	3.7317e-008	4.4743e-008	5.1581e-008	5.7244e-008	6.1361e-008	6.5342e-008	6.8619e-008	7.2881e-008	7.4179e-008	7.8152e-008	8.0577e-008	8.1826e-008	8.3707e-008	8.5337e-008	8.6555e-008	8.7077e-008	8.7589e-008	8.7479e-008	8.6532e-008	8.5902e-008	8.476e-008	8.2237e-008	7.9973e-008	7.884e-008	7.847e-008	7.7495e-008	7.5653e-008	7.3478e-008	7.0395e-008	6.7141e-008	6.5963e-008	6.3484e-008	6.212e-008	6.0773e-008	5.797e-008	5.598e-008	5.4135e-008	5.086e-008	4.9341e-008	4.7678e-008	4.5876e-008	4.3933e-008	4.172e-008	3.8269e-008	3.5546e-008	3.437e-008	3.2672e-008	3.0943e-008	2.8526e-008	2.6404e-008	2.4541e-008	2.2602e-008	2.0927e-008	1.8394e-008	1.6975e-008	1.4593e-008	1.2313e-008	1.0513e-008	8.5519e-009	6.8832e-009	6.1546e-009	5.4127e-009	4.3113e-009	4.0265e-009	3.8656e-009	3.8568e-009	3.4369e-009	3.8785e-009	4.1942e-009	3.8205e-009	3.8771e-009	4.9519e-009	5.5569e-009	6.5006e-009	9.3258e-009	1.1768e-008	1.4978e-008	2.0034e-008	2.6655e-008	3.2419e-008	3.8503e-008	4.4641e-008	5.1095e-008	5.7627e-008	6.5247e-008	7.1451e-008	7.6837e-008	7.7913e-008	8.2437e-008	8.3443e-008	8.5976e-008	8.7525e-008	8.9934e-008	9.0943e-008	9.2413e-008	9.2623e-008	9.1162e-008	9.0355e-008	8.9106e-008	8.8419e-008	8.6857e-008	8.3686e-008	8.1569e-008	8.0243e-008	7.9588e-008	7.654e-008	7.242e-008	7.1305e-008	6.7652e-008	6.5092e-008	6.4196e-008	6.1156e-008	5.911e-008	5.7156e-008	5.6249e-008	5.5242e-008	5.295e-008	5.0041e-008	4.545e-008	4.3118e-008	4.1816e-008	3.9815e-008	3.5968e-008	3.363e-008	3.1659e-008	2.9905e-008	2.7721e-008	2.4947e-008	2.3015e-008	2.056e-008	1.8459e-008	1.6388e-008	1.4729e-008	1.3028e-008	1.0586e-008	9.2745e-009	7.972e-009	6.7811e-009	5.6468e-009	5.1976e-009	4.8344e-009	4.2488e-009	4.6318e-009	4.6505e-009	4.9075e-009	5.2277e-009	4.4798e-009	4.5821e-009	4.9816e-009	4.945e-009	5.3096e-009	6.177e-009	8.0029e-009	1.0305e-008	1.2815e-008	1.6151e-008	2.0076e-008	2.4166e-008	2.9913e-008	3.6491e-008	4.246e-008	4.9634e-008	5.4596e-008	5.9997e-008	6.4765e-008	7.1634e-008	7.6458e-008	8.0225e-008	8.2652e-008	8.8356e-008	8.9956e-008	9.2691e-008	9.525e-008	9.52e-008	9.4822e-008	9.4514e-008	9.4982e-008	9.3949e-008	9.3625e-008	9.2467e-008	9.1569e-008	8.902e-008	8.7529e-008	8.4904e-008	8.3368e-008	8.2284e-008	8.0513e-008	7.8435e-008	7.6178e-008	7.39e-008	7.2153e-008	7.0917e-008	6.8926e-008	6.7153e-008	6.5039e-008	6.2527e-008	5.9817e-008	5.6604e-008	5.0538e-008	4.7455e-008	4.5209e-008	4.402e-008	4.1374e-008	3.9531e-008	3.8195e-008	3.1799e-008	3.0217e-008	2.8287e-008	2.6634e-008	2.3606e-008	2.2348e-008	2.0265e-008	1.7725e-008	1.4948e-008	1.3699e-008	1.1783e-008	1.0601e-008	9.1773e-009	8.0179e-009	6.8641e-009	6.1879e-009	5.1779e-009	5.1218e-009	5.0417e-009	5.2181e-009	5.0638e-009	5.4046e-009	6.0207e-009	5.976e-009	6.031e-009	6.3469e-009	6.6801e-009	7.4199e-009	7.781e-009	9.6685e-009	1.3829e-008	1.672e-008	2.173e-008	2.6906e-008	3.216e-008	3.8535e-008	4.6072e-008	5.2786e-008	5.8454e-008	6.5861e-008	6.9607e-008	7.3039e-008	7.5214e-008	7.9842e-008	8.2675e-008	8.7068e-008	9.0585e-008	9.1955e-008	9.2488e-008	9.3526e-008	9.3915e-008	9.5443e-008	9.567e-008	9.4929e-008	9.3299e-008	9.1494e-008	8.9717e-008	8.6633e-008	8.4544e-008	8.2e-008	7.9669e-008	7.7623e-008	7.5646e-008	7.3909e-008	7.1908e-008	7.0518e-008	6.9037e-008	6.642e-008	6.4167e-008	6.1963e-008	5.9427e-008	5.7787e-008	5.485e-008	5.1733e-008	4.7835e-008	4.4001e-008	4.1333e-008	3.9711e-008	3.6294e-008	3.4323e-008	3.131e-008	2.8738e-008	2.6092e-008	2.3581e-008	2.1829e-008	1.9486e-008	1.7147e-008	1.4629e-008	1.0873e-008	8.939e-009	7.9461e-009	6.8592e-009	6.5072e-009	5.7202e-009	5.0349e-009	4.7348e-009	4.5693e-009	4.5599e-009	4.7118e-009	4.7192e-009	5.0847e-009	5.2256e-009	5.3964e-009	5.0619e-009	5.4115e-009	5.34e-009	5.6635e-009	6.068e-009	6.5908e-009	8.0148e-009	1.0141e-008	1.33e-008	1.702e-008	2.2748e-008	2.846e-008	3.3358e-008	3.9776e-008	4.5397e-008	5.4608e-008	6.2032e-008	6.7808e-008	7.3635e-008	7.7362e-008	8.1685e-008	8.7074e-008	8.8754e-008	9.0241e-008	9.2501e-008	9.3408e-008	9.2404e-008	9.2328e-008	9.24e-008	9.2524e-008	9.1888e-008	9.1369e-008	8.9882e-008	8.8631e-008	8.7315e-008	8.5258e-008	8.4243e-008	8.3256e-008	8.1057e-008	7.839e-008	7.482e-008	7.3156e-008	6.9879e-008	6.9152e-008	6.804e-008	6.6033e-008	6.4505e-008	6.2532e-008	5.9212e-008	5.5762e-008	5.415e-008	5.1627e-008	4.947e-008	4.751e-008	4.3248e-008	4.0923e-008	3.8941e-008	3.6844e-008	3.4885e-008	3.0728e-008	2.9874e-008	2.8412e-008	2.5683e-008	2.2855e-008	2.0971e-008	1.876e-008	1.5521e-008	1.3551e-008	1.2257e-008	1.111e-008	9.1565e-009	7.1987e-009	6.1223e-009	5.4639e-009	4.9782e-009	5.3902e-009	5.6065e-009	5.4569e-009	5.2324e-009	5.0068e-009	5.2345e-009	5.4352e-009	6.0394e-009	7.2116e-009	8.5895e-009	9.5204e-009	1.1716e-008	1.5703e-008	1.8718e-008	2.4017e-008	2.8169e-008	3.4859e-008	3.826e-008	4.2408e-008	4.8111e-008	5.5046e-008	6.0599e-008	6.6723e-008	7.271e-008	7.622e-008	7.8811e-008	8.239e-008	8.4819e-008	8.6679e-008	8.8777e-008	8.9573e-008	9.0645e-008	9.1253e-008	9.1006e-008	9.136e-008	9.1114e-008	9.0994e-008	9.0133e-008	8.7609e-008	8.6262e-008	8.4143e-008	8.2001e-008	8.0541e-008	7.7849e-008	7.7185e-008	7.5913e-008	7.3314e-008	7.0758e-008	6.9745e-008	6.7763e-008	6.5854e-008	6.3868e-008	6.2043e-008	5.971e-008	5.8423e-008	5.6431e-008	5.3947e-008	5.1432e-008	4.8298e-008	4.6247e-008	4.3081e-008	4.1222e-008	3.7996e-008	3.627e-008	3.4187e-008	3.1797e-008	3.0296e-008	2.8217e-008	2.7031e-008	2.3616e-008	2.1135e-008	1.8382e-008	1.5488e-008	1.331e-008	1.1747e-008	9.8887e-009	8.448e-009	7.1148e-009	5.8439e-009	5.9685e-009	6.1915e-009	5.5797e-009	4.9134e-009	4.8112e-009	4.999e-009	5.2731e-009	4.9975e-009	4.837e-009	4.8689e-009	5.5483e-009	5.7865e-009	6.6042e-009	7.9079e-009	1.0029e-008	1.2249e-008	1.902e-008	2.6184e-008	3.3017e-008	3.9658e-008	4.457e-008	4.9656e-008	5.7393e-008	6.4424e-008	7.0166e-008	7.5349e-008	7.8868e-008	8.2684e-008	8.5011e-008	8.7233e-008	8.9421e-008	9.1148e-008	9.3163e-008	9.4557e-008	9.5566e-008
1.4264e-009	1.6228e-009	2.0175e-009	2.1368e-009	2.5269e-009	2.4063e-009	2.7078e-009	3.7235e-009	4.9638e-009	6.7427e-009	8.7035e-009	1.2751e-008	1.7999e-008	2.3184e-008	3.0673e-008	3.7417e-008	4.4978e-008	5.2051e-008	5.7806e-008	6.107e-008	6.5782e-008	6.8803e-008	7.2064e-008	7.4802e-008	7.8021e-008	8.0327e-008	8.1668e-008	8.2644e-008	8.392e-008	8.5931e-008	8.6183e-008	8.6249e-008	8.6255e-008	8.6287e-008	8.5607e-008	8.3161e-008	8.1609e-008	7.9781e-008	7.8518e-008	7.7582e-008	7.6348e-008	7.5252e-008	7.2703e-008	7.0899e-008	6.833e-008	6.5785e-008	6.3215e-008	6.0865e-008	5.9491e-008	5.7385e-008	5.5472e-008	5.3362e-008	5.0779e-008	4.8033e-008	4.6646e-008	4.523e-008	4.323e-008	4.0729e-008	3.7984e-008	3.5282e-008	3.3596e-008	3.2316e-008	2.9815e-008	2.7461e-008	2.601e-008	2.4344e-008	2.193e-008	1.9945e-008	1.7661e-008	1.5764e-008	1.3874e-008	1.2033e-008	1.0354e-008	8.5574e-009	6.6593e-009	5.5323e-009	4.517e-009	3.6004e-009	3.392e-009	3.4856e-009	3.3971e-009	3.6477e-009	3.4271e-009	3.5375e-009	3.6073e-009	3.1346e-009	3.8498e-009	5.3007e-009	6.3243e-009	9.4715e-009	1.2399e-008	1.4923e-008	1.9685e-008	2.5179e-008	3.1439e-008	3.745e-008	4.4696e-008	5.2094e-008	5.7951e-008	6.466e-008	7.1804e-008	7.653e-008	7.9992e-008	8.204e-008	8.3915e-008	8.5661e-008	8.8144e-008	9.002e-008	9.1242e-008	9.17e-008	9.156e-008	9.0759e-008	8.9499e-008	8.7995e-008	8.6476e-008	8.4934e-008	8.2701e-008	7.989e-008	7.8677e-008	7.8198e-008	7.4161e-008	7.259e-008	7.0904e-008	6.8333e-008	6.4897e-008	6.2816e-008	6.0589e-008	5.8814e-008	5.6746e-008	5.5987e-008	5.4304e-008	5.066e-008	4.7822e-008	4.508e-008	4.2474e-008	3.9753e-008	3.8131e-008	3.5001e-008	3.2262e-008	3.0859e-008	2.8628e-008	2.7101e-008	2.441e-008	2.1922e-008	1.9699e-008	1.7189e-008	1.5389e-008	1.4353e-008	1.147e-008	1.0158e-008	8.8865e-009	7.5497e-009	6.2751e-009	5.3224e-009	4.7282e-009	4.5004e-009	4.2414e-009	4.1879e-009	4.1768e-009	4.4971e-009	4.52e-009	4.1825e-009	4.6212e-009	4.6138e-009	4.8192e-009	5.5127e-009	6.0699e-009	7.918e-009	9.7311e-009	1.1802e-008	1.55e-008	1.8488e-008	2.3018e-008	2.8294e-008	3.475e-008	4.251e-008	4.9566e-008	5.4486e-008	5.9374e-008	6.4973e-008	7.086e-008	7.6095e-008	7.9956e-008	8.4429e-008	8.7769e-008	8.9952e-008	9.268e-008	9.3891e-008	9.4539e-008	9.4518e-008	9.5029e-008	9.5214e-008	9.459e-008	9.3384e-008	9.2799e-008	9.2101e-008	9.0696e-008	8.5856e-008	8.4775e-008	8.3488e-008	8.2308e-008	8.0325e-008	7.7873e-008	7.5442e-008	7.252e-008	7.1147e-008	6.9568e-008	6.7483e-008	6.5267e-008	6.3235e-008	6.1682e-008	5.8992e-008	5.6015e-008	5.2761e-008	4.8316e-008	4.5653e-008	4.3614e-008	4.1221e-008	4.0004e-008	3.7741e-008	3.3302e-008	3.0533e-008	2.9084e-008	2.66e-008	2.3758e-008	2.1588e-008	1.9899e-008	1.831e-008	1.5142e-008	1.356e-008	1.208e-008	1.0582e-008	9.0836e-009	8.0495e-009	6.8032e-009	5.9584e-009	5.5825e-009	5.1749e-009	4.9729e-009	4.9256e-009	4.9869e-009	5.2376e-009	5.5091e-009	5.8975e-009	6.3427e-009	6.1538e-009	6.2225e-009	6.8956e-009	7.9351e-009	9.6332e-009	1.3643e-008	1.748e-008	2.1823e-008	2.6106e-008	3.223e-008	3.8748e-008	4.5421e-008	5.2063e-008	5.8317e-008	6.4698e-008	6.9449e-008	7.1803e-008	7.7764e-008	8.1316e-008	8.6201e-008	8.8766e-008	9.0391e-008	9.2528e-008	9.3347e-008	9.356e-008	9.4001e-008	9.4701e-008	9.4334e-008	9.3328e-008	9.2253e-008	9.0791e-008	8.9428e-008	8.6617e-008	8.4242e-008	8.1072e-008	7.9334e-008	7.7264e-008	7.445e-008	7.3939e-008	7.1866e-008	7.0808e-008	6.8603e-008	6.6219e-008	6.4257e-008	6.2248e-008	6.0387e-008	5.6158e-008	5.3802e-008	5.1392e-008	4.8611e-008	4.3643e-008	4.1215e-008	3.8907e-008	3.6054e-008	3.3252e-008	3.1189e-008	2.8415e-008	2.6067e-008	2.326e-008	2.117e-008	1.9377e-008	1.625e-008	1.3631e-008	1.1227e-008	8.5209e-009	7.8721e-009	6.7995e-009	5.8206e-009	5.1442e-009	4.4333e-009	4.2517e-009	4.2269e-009	4.3123e-009	4.2241e-009	4.2133e-009	4.6759e-009	4.7434e-009	4.7982e-009	4.8409e-009	4.9043e-009	4.8904e-009	5.3499e-009	5.6559e-009	6.7975e-009	8.3886e-009	1.0407e-008	1.3454e-008	1.7597e-008	2.2184e-008	2.7725e-008	3.294e-008	3.9609e-008	4.6457e-008	5.4004e-008	6.1121e-008	6.6784e-008	7.2376e-008	7.4319e-008	7.8729e-008	8.5528e-008	8.795e-008	8.9476e-008	9.1383e-008	9.2059e-008	9.1695e-008	9.1461e-008	9.1559e-008	9.1742e-008	9.1903e-008	9.111e-008	9.0126e-008	8.854e-008	8.6713e-008	8.5052e-008	8.4264e-008	8.2077e-008	8.0531e-008	7.7687e-008	7.5263e-008	7.3569e-008	7.0735e-008	6.9011e-008	6.8048e-008	6.5395e-008	6.3177e-008	6.0981e-008	5.8003e-008	5.4949e-008	5.3201e-008	5.0916e-008	4.8593e-008	4.5511e-008	4.2693e-008	4.1115e-008	3.9086e-008	3.6253e-008	3.4881e-008	3.0937e-008	2.9343e-008	2.7718e-008	2.5146e-008	2.2553e-008	2.0711e-008	1.8885e-008	1.6161e-008	1.4692e-008	1.2422e-008	9.5015e-009	8.3359e-009	7.0295e-009	6.0303e-009	5.2462e-009	4.4457e-009	4.3185e-009	4.4512e-009	4.335e-009	4.4381e-009	4.2158e-009	4.4761e-009	4.8121e-009	5.2034e-009	6.3671e-009	7.5697e-009	8.4191e-009	1.1382e-008	1.3637e-008	1.8057e-008	2.2655e-008	2.7471e-008	3.1785e-008	3.7623e-008	4.2217e-008	4.9544e-008	5.5679e-008	6.0099e-008	6.6104e-008	7.2245e-008	7.5825e-008	7.955e-008	8.4421e-008	8.6639e-008	8.8422e-008	8.9321e-008	8.9637e-008	9.0697e-008	9.116e-008	9.0903e-008	9.0952e-008	9.1556e-008	9.1485e-008	8.8829e-008	8.5805e-008	8.5475e-008	8.364e-008	8.1363e-008	7.9894e-008	7.8602e-008	7.6793e-008	7.549e-008	7.2228e-008	7.057e-008	6.8028e-008	6.6256e-008	6.6007e-008	6.3871e-008	6.1109e-008	5.9774e-008	5.7297e-008	5.4931e-008	5.1753e-008	4.944e-008	4.7869e-008	4.3137e-008	4.2031e-008	4.1179e-008	3.6841e-008	3.5739e-008	3.1206e-008	3.042e-008	2.9878e-008	2.6691e-008	2.5233e-008	2.362e-008	2.1027e-008	1.8599e-008	1.6017e-008	1.4326e-008	1.1972e-008	9.5751e-009	7.9567e-009	6.6488e-009	5.5551e-009	5.1375e-009	4.9582e-009	4.9959e-009	4.5005e-009	4.7472e-009	4.7321e-009	4.9256e-009	4.7517e-009	4.5672e-009	4.6659e-009	4.9036e-009	5.2538e-009	6.0143e-009	7.643e-009	9.5229e-009	1.2732e-008	1.7293e-008	2.3969e-008	3.1832e-008	3.8609e-008	4.4818e-008	4.9536e-008	5.6929e-008	6.2941e-008	6.8909e-008	7.4193e-008	7.7625e-008	8.204e-008	8.4539e-008	8.7434e-008	8.9288e-008	9.13e-008	9.3052e-008	9.4338e-008	9.4201e-008
2.7055e-009	2.3341e-009	2.1813e-009	1.9178e-009	3.1453e-009	2.9949e-009	3.1744e-009	3.8586e-009	4.7975e-009	6.8157e-009	9.6094e-009	1.1688e-008	1.6958e-008	2.4325e-008	3.1454e-008	3.9202e-008	4.5617e-008	5.1252e-008	5.6992e-008	6.2422e-008	6.5918e-008	6.9552e-008	7.2686e-008	7.4707e-008	7.9042e-008	8.0023e-008	8.2007e-008	8.2738e-008	8.4605e-008	8.5344e-008	8.6268e-008	8.6098e-008	8.625e-008	8.6252e-008	8.5388e-008	8.3036e-008	8.0923e-008	8.0031e-008	7.9182e-008	7.8078e-008	7.6117e-008	7.4636e-008	7.2753e-008	7.1283e-008	6.8254e-008	6.5868e-008	6.3258e-008	6.0615e-008	5.9241e-008	5.7782e-008	5.503e-008	5.1883e-008	4.9675e-008	4.7304e-008	4.5971e-008	4.4614e-008	4.287e-008	4.0142e-008	3.7655e-008	3.5529e-008	3.4327e-008	3.108e-008	2.8982e-008	2.7775e-008	2.5653e-008	2.4272e-008	2.2567e-008	2.0228e-008	1.8407e-008	1.6236e-008	1.4563e-008	1.2482e-008	1.0561e-008	8.7163e-009	6.8962e-009	5.4389e-009	4.539e-009	4.0315e-009	3.9473e-009	3.6168e-009	3.7583e-009	3.8864e-009	3.0736e-009	3.4141e-009	3.7135e-009	3.9239e-009	3.9824e-009	5.1308e-009	6.9207e-009	9.0928e-009	1.2684e-008	1.5753e-008	2.0154e-008	2.5044e-008	2.9862e-008	3.5081e-008	4.1416e-008	5.1805e-008	5.7265e-008	6.4862e-008	6.9989e-008	7.3178e-008	7.942e-008	8.1472e-008	8.377e-008	8.6194e-008	8.8911e-008	9e-008	9.2313e-008	9.2026e-008	9.1357e-008	9.0432e-008	8.8591e-008	8.7487e-008	8.5943e-008	8.4425e-008	8.2649e-008	8.004e-008	7.7436e-008	7.5917e-008	7.4782e-008	7.3254e-008	7.1364e-008	6.8102e-008	6.4742e-008	6.1393e-008	6.0735e-008	5.8757e-008	5.7216e-008	5.5893e-008	5.3496e-008	5.0011e-008	4.8526e-008	4.4882e-008	4.2821e-008	4.1131e-008	3.862e-008	3.7367e-008	3.261e-008	3.12e-008	2.9082e-008	2.5413e-008	2.3491e-008	2.1451e-008	2.0267e-008	1.7581e-008	1.5619e-008	1.4186e-008	1.2513e-008	1.0411e-008	9.3743e-009	7.9332e-009	6.753e-009	5.8417e-009	5.0632e-009	4.5759e-009	4.6939e-009	4.6897e-009	4.8072e-009	4.7954e-009	5.1187e-009	4.5619e-009	4.7929e-009	5.1038e-009	5.5684e-009	5.662e-009	6.4725e-009	8.0162e-009	9.6406e-009	1.1729e-008	1.48e-008	1.8361e-008	2.3961e-008	2.8308e-008	3.4604e-008	4.1503e-008	4.9217e-008	5.5953e-008	6.1383e-008	6.5489e-008	7.1062e-008	7.5843e-008	7.9411e-008	8.391e-008	8.7547e-008	9.0964e-008	9.1953e-008	9.3082e-008	9.4093e-008	9.4756e-008	9.5888e-008	9.5793e-008	9.4987e-008	9.3902e-008	9.3826e-008	9.2736e-008	9.1043e-008	8.8631e-008	8.5518e-008	8.3596e-008	8.2428e-008	8.0247e-008	7.8227e-008	7.6537e-008	7.3975e-008	7.1837e-008	7.0191e-008	6.8532e-008	6.5236e-008	6.3046e-008	6.1809e-008	5.7177e-008	5.6619e-008	5.1997e-008	4.7995e-008	4.6167e-008	4.4246e-008	4.1842e-008	4.0353e-008	3.7035e-008	3.5418e-008	3.1772e-008	2.9161e-008	2.7011e-008	2.4389e-008	2.2467e-008	2.0902e-008	1.9184e-008	1.6749e-008	1.4326e-008	1.2768e-008	1.1352e-008	9.6727e-009	8.1374e-009	7.2723e-009	6.6083e-009	6.0369e-009	5.4135e-009	5.2054e-009	5.1819e-009	5.3917e-009	5.3711e-009	5.5716e-009	6.039e-009	6.5493e-009	6.9474e-009	7.0147e-009	7.618e-009	8.8965e-009	1.0511e-008	1.2679e-008	1.8338e-008	2.2048e-008	2.6974e-008	3.3097e-008	3.8927e-008	4.5947e-008	5.2535e-008	5.8493e-008	6.3942e-008	6.7982e-008	7.3056e-008	7.897e-008	8.2361e-008	8.639e-008	9.0161e-008	9.1481e-008	9.2276e-008	9.4408e-008	9.4187e-008	9.3722e-008	9.3812e-008	9.3847e-008	9.3863e-008	9.1459e-008	9.0575e-008	8.9152e-008	8.6598e-008	8.5354e-008	8.2591e-008	8.0795e-008	7.7646e-008	7.5853e-008	7.4295e-008	7.2471e-008	7.0724e-008	6.8669e-008	6.5843e-008	6.4041e-008	6.2463e-008	6.0004e-008	5.6876e-008	5.3002e-008	5.1195e-008	4.7978e-008	4.3537e-008	4.1865e-008	3.8539e-008	3.6788e-008	3.3873e-008	3.0464e-008	2.8936e-008	2.6426e-008	2.4593e-008	2.1455e-008	1.969e-008	1.7428e-008	1.4806e-008	1.2553e-008	1.0222e-008	8.5803e-009	7.6004e-009	6.502e-009	5.5593e-009	5.2022e-009	5.087e-009	4.5953e-009	5.2005e-009	5.5259e-009	5.1021e-009	5.0464e-009	5.1028e-009	5.4029e-009	5.0336e-009	4.9537e-009	5.0034e-009	5.4818e-009	5.9655e-009	7.5559e-009	8.763e-009	1.1111e-008	1.4332e-008	1.9545e-008	2.4854e-008	2.8374e-008	3.3379e-008	3.9676e-008	4.6882e-008	5.5505e-008	6.1817e-008	6.6798e-008	7.2162e-008	7.6692e-008	8.1279e-008	8.5914e-008	8.7736e-008	8.9773e-008	9.0803e-008	9.1605e-008	9.2108e-008	9.1992e-008	9.2468e-008	9.2723e-008	9.2598e-008	9.1912e-008	9.0538e-008	8.8453e-008	8.683e-008	8.5599e-008	8.4619e-008	8.3e-008	8.0854e-008	7.8626e-008	7.6135e-008	7.3833e-008	7.1779e-008	7.0051e-008	6.8943e-008	6.5652e-008	6.3404e-008	6.1368e-008	5.8315e-008	5.4498e-008	5.2137e-008	5.0267e-008	4.7875e-008	4.593e-008	4.3582e-008	4.1394e-008	4.0243e-008	3.7131e-008	3.5252e-008	3.1763e-008	2.9743e-008	2.7434e-008	2.4552e-008	2.2997e-008	2.0704e-008	1.9246e-008	1.6569e-008	1.4796e-008	1.2902e-008	9.1305e-009	8.2262e-009	7.1593e-009	6.2012e-009	5.6075e-009	5.2945e-009	4.7524e-009	4.8177e-009	4.2392e-009	4.1839e-009	4.3837e-009	4.3648e-009	4.9254e-009	5.573e-009	6.231e-009	7.3321e-009	9.3545e-009	1.1534e-008	1.4811e-008	1.7512e-008	2.0883e-008	2.5273e-008	2.9882e-008	3.6624e-008	4.3455e-008	5.0225e-008	5.5767e-008	6.1674e-008	6.6342e-008	7.1766e-008	7.5311e-008	7.9295e-008	8.4571e-008	8.757e-008	8.9093e-008	8.964e-008	8.997e-008	9.0982e-008	9.1547e-008	9.1431e-008	9.1766e-008	9.2355e-008	9.203e-008	9.1303e-008	8.864e-008	8.6425e-008	8.4164e-008	8.2091e-008	8.0771e-008	7.9298e-008	7.7171e-008	7.567e-008	7.2351e-008	7.026e-008	6.7857e-008	6.6689e-008	6.5621e-008	6.3559e-008	6.1221e-008	6.0263e-008	5.6846e-008	5.5046e-008	5.2581e-008	4.9867e-008	4.843e-008	4.6652e-008	4.3232e-008	4.2073e-008	4.0882e-008	3.7842e-008	3.44e-008	3.1739e-008	3.0409e-008	2.8903e-008	2.5245e-008	2.3161e-008	2.0449e-008	1.8955e-008	1.7069e-008	1.5035e-008	1.2671e-008	1.0944e-008	8.5589e-009	7.5434e-009	6.0956e-009	5.465e-009	5.334e-009	5.2796e-009	4.9595e-009	5.0843e-009	5.3273e-009	5.5576e-009	5.5116e-009	5.1871e-009	5.2244e-009	5.49e-009	5.3551e-009	6.2234e-009	8.3125e-009	1.0217e-008	1.3121e-008	1.7814e-008	2.4723e-008	3.1479e-008	3.9313e-008	4.5698e-008	5.2041e-008	5.7533e-008	6.3428e-008	7.0819e-008	7.3946e-008	7.875e-008	8.2136e-008	8.5978e-008	8.7817e-008	8.9735e-008	9.1961e-008	9.3438e-008	9.4252e-008	9.6154e-008
2.9174e-009	2.5713e-009	2.6823e-009	2.925e-009	3.3265e-009	3.2986e-009	3.7217e-009	4.3459e-009	5.7468e-009	7.8366e-009	1.1133e-008	1.5025e-008	1.9442e-008	2.4636e-008	3.1688e-008	3.9554e-008	4.6577e-008	5.1817e-008	5.6783e-008	6.3699e-008	6.688e-008	7.1023e-008	7.3538e-008	7.6119e-008	7.8834e-008	8.0626e-008	8.2561e-008	8.3455e-008	8.4861e-008	8.5442e-008	8.5758e-008	8.602e-008	8.5609e-008	8.5598e-008	8.4097e-008	8.2647e-008	8.1004e-008	7.9941e-008	7.9254e-008	7.7982e-008	7.6332e-008	7.4921e-008	7.2791e-008	7.0578e-008	6.8939e-008	6.5415e-008	6.2584e-008	6.1279e-008	5.9444e-008	5.7751e-008	5.5383e-008	5.3982e-008	5.1395e-008	4.7554e-008	4.5919e-008	4.3644e-008	4.1753e-008	4.0546e-008	3.7869e-008	3.6342e-008	3.3908e-008	3.0719e-008	2.9712e-008	2.8381e-008	2.5792e-008	2.4793e-008	2.1991e-008	1.9972e-008	1.7835e-008	1.6195e-008	1.4634e-008	1.2183e-008	1.034e-008	8.3671e-009	6.6548e-009	5.1247e-009	4.5678e-009	4.2413e-009	3.6758e-009	3.6596e-009	3.541e-009	3.4486e-009	3.3727e-009	3.4738e-009	4.1525e-009	4.3082e-009	4.6662e-009	5.6723e-009	7.4153e-009	9.9727e-009	1.3305e-008	1.5069e-008	2.0941e-008	2.5108e-008	3.0194e-008	3.6295e-008	4.3084e-008	5.0545e-008	5.7441e-008	6.4797e-008	7.0562e-008	7.5364e-008	7.8746e-008	8.1185e-008	8.3708e-008	8.512e-008	8.7334e-008	9.0467e-008	9.2602e-008	9.2555e-008	9.1582e-008	9.0449e-008	8.8517e-008	8.6834e-008	8.5609e-008	8.3647e-008	8.233e-008	8.0176e-008	7.7977e-008	7.6783e-008	7.4352e-008	7.2698e-008	7.0797e-008	6.7705e-008	6.5362e-008	6.1672e-008	5.9918e-008	5.8179e-008	5.7367e-008	5.4987e-008	5.2927e-008	5.0311e-008	4.837e-008	4.4921e-008	4.3439e-008	4.0435e-008	3.8934e-008	3.609e-008	3.3681e-008	3.184e-008	2.8283e-008	2.6215e-008	2.4356e-008	2.1156e-008	1.9133e-008	1.7896e-008	1.6009e-008	1.4527e-008	1.2664e-008	1.0507e-008	9.2883e-009	7.6382e-009	6.5705e-009	5.869e-009	5.6122e-009	5.0877e-009	5.0433e-009	5.2383e-009	5.3e-009	5.0495e-009	5.0468e-009	4.7593e-009	5.0989e-009	5.4387e-009	5.6069e-009	5.9151e-009	6.656e-009	8.1906e-009	1.0319e-008	1.2961e-008	1.5727e-008	1.9198e-008	2.497e-008	2.9243e-008	3.4932e-008	4.2351e-008	4.9547e-008	5.6866e-008	6.1729e-008	6.6033e-008	7.218e-008	7.6671e-008	8.0135e-008	8.4324e-008	8.7726e-008	9.0072e-008	9.2338e-008	9.3707e-008	9.4164e-008	9.5093e-008	9.5601e-008	9.5774e-008	9.4327e-008	9.3858e-008	9.4282e-008	9.3626e-008	9.1008e-008	8.8113e-008	8.5011e-008	8.4267e-008	8.3045e-008	8.1933e-008	7.8553e-008	7.6311e-008	7.4152e-008	7.2215e-008	7.0653e-008	6.8821e-008	6.488e-008	6.2839e-008	6.1216e-008	5.8767e-008	5.6175e-008	5.0268e-008	4.831e-008	4.6924e-008	4.4952e-008	4.2289e-008	4.1179e-008	3.7493e-008	3.5486e-008	3.1412e-008	2.9705e-008	2.7416e-008	2.4508e-008	2.2901e-008	2.18e-008	1.89e-008	1.7616e-008	1.5427e-008	1.3977e-008	1.1598e-008	1.0036e-008	8.4173e-009	7.5549e-009	6.8834e-009	6.2224e-009	5.6712e-009	5.6389e-009	5.7847e-009	5.956e-009	5.6405e-009	6.0494e-009	6.2841e-009	6.6684e-009	6.7003e-009	7.249e-009	8.1171e-009	9.5496e-009	1.1425e-008	1.5192e-008	1.8592e-008	2.3976e-008	2.7721e-008	3.3596e-008	4.0146e-008	4.6119e-008	5.3447e-008	5.7994e-008	6.4098e-008	6.849e-008	7.3426e-008	8.0087e-008	8.3343e-008	8.7405e-008	9.0888e-008	9.1916e-008	9.2939e-008	9.4748e-008	9.4305e-008	9.409e-008	9.3723e-008	9.3959e-008	9.381e-008	9.3107e-008	9.1672e-008	9.0638e-008	8.6976e-008	8.4677e-008	8.3924e-008	8.1955e-008	7.8988e-008	7.6227e-008	7.3676e-008	7.2656e-008	7.007e-008	6.8009e-008	6.6342e-008	6.3752e-008	6.2322e-008	5.976e-008	5.7501e-008	5.2244e-008	4.7063e-008	4.4957e-008	4.3885e-008	4.1144e-008	3.9081e-008	3.6941e-008	3.4841e-008	3.2127e-008	2.8603e-008	2.626e-008	2.4495e-008	2.1872e-008	2.0173e-008	1.807e-008	1.4754e-008	1.3444e-008	1.0155e-008	8.8544e-009	7.7878e-009	6.8343e-009	6.1573e-009	5.7667e-009	6.138e-009	5.4506e-009	5.2345e-009	5.8764e-009	5.9302e-009	5.3247e-009	5.4272e-009	5.5428e-009	5.3903e-009	5.3934e-009	5.492e-009	5.8008e-009	6.1168e-009	7.7076e-009	9.8272e-009	1.1359e-008	1.5555e-008	1.8191e-008	2.4496e-008	2.7961e-008	3.3056e-008	4.0249e-008	4.9416e-008	5.4903e-008	6.2077e-008	6.8719e-008	7.2489e-008	7.6875e-008	8.1977e-008	8.498e-008	8.7263e-008	8.9991e-008	9.077e-008	9.1804e-008	9.2327e-008	9.2068e-008	9.2657e-008	9.2997e-008	9.394e-008	9.3483e-008	9.1155e-008	8.8406e-008	8.7181e-008	8.5525e-008	8.3681e-008	8.3061e-008	7.9847e-008	7.8632e-008	7.655e-008	7.5557e-008	7.0934e-008	7.0519e-008	6.9774e-008	6.6127e-008	6.3637e-008	6.0482e-008	5.734e-008	5.5213e-008	5.3026e-008	5.0973e-008	4.8586e-008	4.6503e-008	4.5199e-008	4.3212e-008	4.0845e-008	3.8236e-008	3.4782e-008	3.1317e-008	2.9415e-008	2.7393e-008	2.6322e-008	2.4293e-008	2.1389e-008	1.9071e-008	1.653e-008	1.4595e-008	1.3236e-008	1.0954e-008	8.4327e-009	7.7129e-009	6.4252e-009	5.5898e-009	5.6959e-009	5.1058e-009	5.074e-009	4.8319e-009	4.3852e-009	4.0891e-009	4.3346e-009	5.2759e-009	5.6696e-009	6.46e-009	7.0733e-009	9.1683e-009	1.0538e-008	1.5444e-008	1.7444e-008	2.0984e-008	2.515e-008	2.9891e-008	3.5092e-008	4.2233e-008	4.982e-008	5.5788e-008	6.1551e-008	6.6086e-008	7.0618e-008	7.4862e-008	7.9818e-008	8.4359e-008	8.6446e-008	8.9348e-008	8.9483e-008	9.0563e-008	9.1241e-008	9.1798e-008	9.1967e-008	9.228e-008	9.2241e-008	9.1586e-008	9.0489e-008	8.9243e-008	8.7248e-008	8.5194e-008	8.3288e-008	8.0836e-008	7.9064e-008	7.6991e-008	7.5732e-008	7.2969e-008	6.9947e-008	6.7809e-008	6.6327e-008	6.4338e-008	6.1251e-008	6.0092e-008	5.9332e-008	5.7297e-008	5.4882e-008	5.2688e-008	5.014e-008	4.8378e-008	4.6558e-008	4.3956e-008	4.1818e-008	4.0864e-008	3.737e-008	3.5062e-008	3.2376e-008	3.074e-008	2.8029e-008	2.5817e-008	2.4008e-008	2.1073e-008	1.991e-008	1.6384e-008	1.4783e-008	1.3118e-008	1.1044e-008	9.557e-009	7.7889e-009	6.3819e-009	5.8504e-009	5.5582e-009	5.243e-009	5.2348e-009	5.4878e-009	5.7637e-009	5.4904e-009	5.3669e-009	5.428e-009	5.5766e-009	5.9072e-009	5.618e-009	6.0532e-009	7.8272e-009	1.008e-008	1.3451e-008	1.7834e-008	2.4306e-008	3.1747e-008	3.9003e-008	4.6506e-008	5.3272e-008	5.9524e-008	6.5751e-008	7.0493e-008	7.4318e-008	7.8306e-008	8.2768e-008	8.5771e-008	8.7638e-008	8.985e-008	9.1775e-008	9.3599e-008	9.5476e-008	9.5655e-008
2.6208e-009	2.842e-009	2.8924e-009	3.4004e-009	3.5505e-009	3.2263e-009	3.9315e-009	4.6347e-009	5.9419e-009	7.9277e-009	1.0778e-008	1.6044e-008	1.8772e-008	2.589e-008	3.2798e-008	4.0919e-008	4.8012e-008	5.3205e-008	5.7579e-008	6.4382e-008	6.8601e-008	7.1618e-008	7.518e-008	7.7067e-008	7.9524e-008	8.1338e-008	8.2495e-008	8.3775e-008	8.4683e-008	8.5249e-008	8.5358e-008	8.5005e-008	8.4856e-008	8.3825e-008	8.357e-008	8.2084e-008	8.0739e-008	7.9653e-008	7.8922e-008	7.7925e-008	7.6376e-008	7.3532e-008	7.1978e-008	7.0663e-008	6.86e-008	6.5112e-008	6.3691e-008	6.1851e-008	5.9247e-008	5.6939e-008	5.5481e-008	5.4255e-008	5.3037e-008	4.9027e-008	4.6144e-008	4.421e-008	4.2451e-008	4.0699e-008	3.8495e-008	3.6043e-008	3.374e-008	3.1839e-008	2.9945e-008	2.87e-008	2.5911e-008	2.4441e-008	2.1247e-008	1.9728e-008	1.787e-008	1.5869e-008	1.3947e-008	1.1816e-008	9.8679e-009	8.0248e-009	6.2434e-009	5.0432e-009	4.5325e-009	3.9979e-009	3.5353e-009	3.9218e-009	3.9824e-009	3.9311e-009	3.9045e-009	4.0036e-009	3.906e-009	4.2789e-009	4.729e-009	5.4363e-009	6.8164e-009	8.6434e-009	1.2674e-008	1.6804e-008	2.1198e-008	2.5652e-008	3.0721e-008	3.6753e-008	4.2676e-008	5.0248e-008	5.7752e-008	6.4775e-008	7.0379e-008	7.523e-008	7.9235e-008	8.1872e-008	8.3605e-008	8.5252e-008	8.7406e-008	9.0627e-008	9.1812e-008	9.134e-008	9.0985e-008	8.8952e-008	8.7534e-008	8.5851e-008	8.4983e-008	8.3693e-008	8.225e-008	8.1051e-008	7.7722e-008	7.6185e-008	7.4347e-008	7.2174e-008	7.0286e-008	6.7494e-008	6.5387e-008	6.2098e-008	5.986e-008	5.93e-008	5.7091e-008	5.4642e-008	5.2366e-008	5.0206e-008	4.7933e-008	4.5547e-008	4.2988e-008	4.0678e-008	3.8418e-008	3.6164e-008	3.3437e-008	3.1313e-008	2.8029e-008	2.5723e-008	2.4107e-008	2.2255e-008	2.0158e-008	1.8069e-008	1.5874e-008	1.4059e-008	1.1895e-008	1.0555e-008	9.0271e-009	7.5163e-009	6.0641e-009	5.6785e-009	5.5375e-009	5.4638e-009	5.122e-009	5.1372e-009	5.1478e-009	5.2469e-009	5.0371e-009	4.463e-009	4.5119e-009	5.1015e-009	5.324e-009	5.86e-009	6.8004e-009	8.0357e-009	1.0391e-008	1.3048e-008	1.6393e-008	2.0099e-008	2.5147e-008	3.0653e-008	3.6401e-008	4.3217e-008	4.9599e-008	5.6683e-008	6.2577e-008	6.7974e-008	7.3518e-008	7.8076e-008	8.1467e-008	8.3521e-008	8.8168e-008	8.9889e-008	9.2365e-008	9.3609e-008	9.4381e-008	9.4703e-008	9.4589e-008	9.4638e-008	9.3229e-008	9.2967e-008	9.3297e-008	9.1864e-008	9.0832e-008	8.9486e-008	8.5184e-008	8.4172e-008	8.2446e-008	7.9945e-008	7.8365e-008	7.6572e-008	7.4731e-008	7.3217e-008	7.014e-008	6.9393e-008	6.8115e-008	6.623e-008	6.1477e-008	5.984e-008	5.5859e-008	5.3354e-008	5.0204e-008	4.74e-008	4.5484e-008	4.4066e-008	4.1439e-008	3.9235e-008	3.5933e-008	3.2153e-008	3.0705e-008	2.8215e-008	2.5424e-008	2.3149e-008	2.1248e-008	1.9297e-008	1.7372e-008	1.5993e-008	1.4317e-008	1.2447e-008	1.0318e-008	9.134e-009	8.1176e-009	7.2922e-009	6.4936e-009	6.1107e-009	6.0403e-009	5.8687e-009	6.1424e-009	5.9219e-009	6.4015e-009	6.4031e-009	6.3284e-009	6.7566e-009	7.5682e-009	8.207e-009	9.8372e-009	1.2075e-008	1.5814e-008	1.8999e-008	2.4474e-008	2.9746e-008	3.5105e-008	4.1139e-008	4.7384e-008	5.3927e-008	5.9735e-008	6.5687e-008	7.014e-008	7.5461e-008	8.0927e-008	8.3189e-008	8.9453e-008	9.1371e-008	9.1907e-008	9.3151e-008	9.4237e-008	9.3974e-008	9.3929e-008	9.3784e-008	9.3901e-008	9.3413e-008	9.2962e-008	9.2271e-008	9.013e-008	8.6671e-008	8.4021e-008	8.3996e-008	8.0919e-008	7.8693e-008	7.6359e-008	7.4151e-008	7.304e-008	6.9617e-008	6.7971e-008	6.627e-008	6.4604e-008	6.2551e-008	5.991e-008	5.7806e-008	5.452e-008	4.9832e-008	4.4736e-008	4.2756e-008	4.0777e-008	3.887e-008	3.6593e-008	3.4476e-008	3.1418e-008	2.8726e-008	2.6137e-008	2.4951e-008	2.1426e-008	2.0202e-008	1.8101e-008	1.6692e-008	1.4148e-008	1.1619e-008	9.9171e-009	8.43e-009	7.5024e-009	6.3936e-009	5.8186e-009	6.5668e-009	5.8916e-009	5.9886e-009	6.1054e-009	5.4899e-009	5.3581e-009	5.067e-009	5.1553e-009	5.3199e-009	5.0656e-009	5.5976e-009	5.9602e-009	6.5716e-009	7.846e-009	8.9739e-009	1.2633e-008	1.6043e-008	2.0483e-008	2.5884e-008	2.9378e-008	3.3929e-008	4.071e-008	5.0799e-008	5.8052e-008	6.5441e-008	7.0211e-008	7.2899e-008	7.6077e-008	8.2461e-008	8.5132e-008	8.8108e-008	8.9954e-008	9.0761e-008	9.1622e-008	9.2142e-008	9.2147e-008	9.2724e-008	9.3652e-008	9.4288e-008	9.2537e-008	9.1576e-008	8.8802e-008	8.6861e-008	8.402e-008	8.274e-008	8.1768e-008	8.0606e-008	7.9467e-008	7.8035e-008	7.6055e-008	7.2953e-008	7.1595e-008	7.0261e-008	6.8171e-008	6.4646e-008	6.0058e-008	5.7111e-008	5.5148e-008	5.3147e-008	5.1008e-008	4.9205e-008	4.7485e-008	4.558e-008	4.3838e-008	4.0772e-008	3.9078e-008	3.3546e-008	3.1588e-008	2.9609e-008	2.6825e-008	2.6191e-008	2.4038e-008	2.0768e-008	1.8225e-008	1.6671e-008	1.4575e-008	1.3245e-008	1.0171e-008	9.1589e-009	7.5147e-009	6.3821e-009	5.3905e-009	5.4051e-009	5.1401e-009	5.1019e-009	4.9029e-009	4.953e-009	4.9163e-009	4.8892e-009	4.8739e-009	5.5704e-009	6.6584e-009	7.0068e-009	8.1526e-009	9.6531e-009	1.4427e-008	1.7067e-008	2.1462e-008	2.5645e-008	2.942e-008	3.4811e-008	4.1605e-008	4.9357e-008	5.474e-008	5.9914e-008	6.5197e-008	6.9312e-008	7.4144e-008	7.7021e-008	8.3689e-008	8.6774e-008	8.8731e-008	9.0096e-008	9.0931e-008	9.1458e-008	9.241e-008	9.26e-008	9.2467e-008	9.2276e-008	9.1386e-008	9.1141e-008	8.8948e-008	8.6885e-008	8.532e-008	8.3805e-008	8.0907e-008	7.866e-008	7.7284e-008	7.4451e-008	7.1854e-008	7.0189e-008	6.7461e-008	6.5383e-008	6.3568e-008	6.177e-008	5.9998e-008	5.8636e-008	5.6648e-008	5.4814e-008	5.1343e-008	4.9924e-008	4.8268e-008	4.5527e-008	4.3197e-008	4.1981e-008	3.9712e-008	3.738e-008	3.4796e-008	3.2574e-008	2.9897e-008	2.8027e-008	2.5811e-008	2.4471e-008	2.235e-008	2.0397e-008	1.6238e-008	1.4715e-008	1.3316e-008	1.0954e-008	9.5779e-009	7.5347e-009	6.116e-009	6.1294e-009	5.6809e-009	5.6276e-009	5.555e-009	5.8263e-009	5.5277e-009	4.7462e-009	4.8822e-009	5.4308e-009	5.7824e-009	5.9033e-009	5.8462e-009	6.6051e-009	7.8263e-009	1.0054e-008	1.4107e-008	1.8371e-008	2.4958e-008	3.2107e-008	3.7924e-008	4.5321e-008	5.3705e-008	6.0014e-008	6.5604e-008	7.1169e-008	7.5808e-008	7.98e-008	8.237e-008	8.4236e-008	8.6829e-008	8.9861e-008	9.2009e-008	9.5005e-008	9.6036e-008	9.6486e-008
1.7369e-009	2.2335e-009	2.7959e-009	2.3986e-009	2.7098e-009	2.5558e-009	3.4103e-009	4.5276e-009	5.3894e-009	7.4445e-009	1.0607e-008	1.5122e-008	1.9197e-008	2.6234e-008	3.3181e-008	4.1342e-008	4.8512e-008	5.3289e-008	5.8136e-008	6.3784e-008	6.8526e-008	7.1534e-008	7.3911e-008	7.7379e-008	7.8825e-008	8.0904e-008	8.2201e-008	8.3188e-008	8.3534e-008	8.3956e-008	8.3937e-008	8.4172e-008	8.4689e-008	8.3715e-008	8.2743e-008	8.2143e-008	8.109e-008	7.8828e-008	7.7755e-008	7.6641e-008	7.5076e-008	7.2808e-008	7.1164e-008	7.0285e-008	6.7646e-008	6.4907e-008	6.3132e-008	6.0774e-008	5.8821e-008	5.6246e-008	5.51e-008	5.4503e-008	5.1865e-008	4.8105e-008	4.5451e-008	4.4098e-008	4.2118e-008	4.0679e-008	3.6907e-008	3.5181e-008	3.3801e-008	3.2219e-008	2.9825e-008	2.7473e-008	2.6141e-008	2.333e-008	2.0787e-008	1.9032e-008	1.6445e-008	1.4917e-008	1.3146e-008	9.8489e-009	8.7435e-009	7.4173e-009	5.7757e-009	4.8954e-009	3.8635e-009	4.1331e-009	3.6406e-009	3.4788e-009	3.6891e-009	3.9638e-009	3.7806e-009	4.0073e-009	3.929e-009	4.4681e-009	4.7333e-009	5.1686e-009	6.7975e-009	9.1438e-009	1.118e-008	1.5425e-008	2.0166e-008	2.5665e-008	3.0268e-008	3.623e-008	4.2434e-008	4.8749e-008	5.7201e-008	6.352e-008	6.9099e-008	7.2259e-008	7.8729e-008	8.019e-008	8.3998e-008	8.567e-008	8.7071e-008	8.9372e-008	8.957e-008	9.0293e-008	8.9978e-008	8.8779e-008	8.7636e-008	8.5614e-008	8.4362e-008	8.3784e-008	8.2513e-008	8.1082e-008	7.7017e-008	7.5873e-008	7.4447e-008	7.2392e-008	6.9644e-008	6.7641e-008	6.5432e-008	6.326e-008	5.9913e-008	5.879e-008	5.7467e-008	5.4504e-008	5.1615e-008	4.9807e-008	4.7514e-008	4.4818e-008	4.2712e-008	3.9931e-008	3.8471e-008	3.5365e-008	3.2713e-008	3.0978e-008	2.7693e-008	2.6414e-008	2.4734e-008	2.163e-008	1.9895e-008	1.75e-008	1.5616e-008	1.3909e-008	1.1878e-008	1.0147e-008	8.3276e-009	7.2717e-009	6.2942e-009	5.9748e-009	5.7821e-009	4.9205e-009	4.8634e-009	5.2819e-009	5.0343e-009	5.204e-009	4.8513e-009	4.6216e-009	4.4471e-009	4.788e-009	5.3588e-009	6.056e-009	6.7387e-009	7.8533e-009	1.0855e-008	1.3591e-008	1.6465e-008	1.9755e-008	2.6401e-008	3.1426e-008	3.7322e-008	4.3538e-008	5.0518e-008	5.7899e-008	6.3647e-008	6.9804e-008	7.4571e-008	7.8153e-008	8.2623e-008	8.5817e-008	8.8244e-008	8.986e-008	9.1836e-008	9.3208e-008	9.4356e-008	9.4712e-008	9.3786e-008	9.3341e-008	9.2281e-008	9.206e-008	9.2341e-008	9.1369e-008	9.046e-008	8.8261e-008	8.6817e-008	8.4799e-008	8.2282e-008	8.0233e-008	7.7812e-008	7.6194e-008	7.4932e-008	7.3603e-008	7.0673e-008	6.9607e-008	6.8329e-008	6.6703e-008	6.0669e-008	5.9729e-008	5.6453e-008	5.3846e-008	5.0812e-008	4.7529e-008	4.6083e-008	4.4395e-008	4.1929e-008	3.8132e-008	3.631e-008	3.3846e-008	3.1659e-008	2.7123e-008	2.5558e-008	2.369e-008	2.1516e-008	1.9041e-008	1.7541e-008	1.6348e-008	1.445e-008	1.2531e-008	1.0489e-008	9.3895e-009	8.2283e-009	7.0538e-009	6.2646e-009	5.946e-009	6.3237e-009	5.9499e-009	5.8753e-009	6.185e-009	5.6814e-009	5.8288e-009	6.1672e-009	6.6066e-009	7.5272e-009	8.5625e-009	1.0661e-008	1.3518e-008	1.6576e-008	1.9373e-008	2.3994e-008	3.0802e-008	3.6918e-008	4.0712e-008	4.7728e-008	5.4566e-008	6.1431e-008	6.7149e-008	7.1025e-008	7.5641e-008	8.0927e-008	8.5268e-008	8.7661e-008	9.0139e-008	9.1362e-008	9.2746e-008	9.3401e-008	9.3564e-008	9.3541e-008	9.375e-008	9.384e-008	9.3598e-008	9.2671e-008	9.1539e-008	9.0177e-008	8.9881e-008	8.4843e-008	8.2653e-008	8.0487e-008	7.8494e-008	7.6329e-008	7.4104e-008	7.2206e-008	7.0855e-008	6.8107e-008	6.6511e-008	6.4386e-008	6.2634e-008	6.0165e-008	5.7694e-008	5.2922e-008	5.2409e-008	4.7678e-008	4.4978e-008	4.144e-008	3.9227e-008	3.7253e-008	3.4668e-008	3.1427e-008	2.988e-008	2.7685e-008	2.5818e-008	2.3186e-008	2.1151e-008	1.858e-008	1.6971e-008	1.419e-008	1.2027e-008	1.1023e-008	9.7913e-009	8.0958e-009	6.9773e-009	6.3994e-009	6.4052e-009	6.2463e-009	6.3932e-009	6.0831e-009	5.6179e-009	5.7553e-009	5.4606e-009	5.4155e-009	5.2698e-009	5.4508e-009	6.0448e-009	6.2557e-009	7.084e-009	7.8958e-009	9.6738e-009	1.2491e-008	1.5679e-008	1.9545e-008	2.4794e-008	2.9587e-008	3.4279e-008	4.0224e-008	5.0755e-008	5.9686e-008	6.6314e-008	6.9943e-008	7.3511e-008	7.6515e-008	7.9275e-008	8.5098e-008	8.8072e-008	9.015e-008	9.1334e-008	9.2313e-008	9.2443e-008	9.2489e-008	9.2619e-008	9.3319e-008	9.3707e-008	9.2752e-008	9.1408e-008	8.831e-008	8.6581e-008	8.4486e-008	8.2851e-008	8.1577e-008	8.1462e-008	7.9691e-008	7.769e-008	7.5997e-008	7.4139e-008	7.1281e-008	7.0188e-008	6.7429e-008	6.3083e-008	6.0863e-008	5.8111e-008	5.5486e-008	5.2369e-008	5.0015e-008	4.8594e-008	4.6838e-008	4.5205e-008	4.2178e-008	3.9597e-008	3.8564e-008	3.5501e-008	3.1809e-008	2.9607e-008	2.8286e-008	2.639e-008	2.3562e-008	2.1494e-008	1.8449e-008	1.5517e-008	1.4834e-008	1.2115e-008	9.9507e-009	8.6349e-009	7.4974e-009	6.3231e-009	5.9779e-009	5.4096e-009	4.8598e-009	5.0579e-009	4.8582e-009	4.8243e-009	5.4807e-009	5.2272e-009	5.4394e-009	6.3033e-009	7.0059e-009	7.0435e-009	8.7906e-009	1.0212e-008	1.173e-008	1.6616e-008	2.0618e-008	2.5004e-008	2.9062e-008	3.3896e-008	4.1016e-008	4.697e-008	5.3363e-008	5.8596e-008	6.4182e-008	7.0032e-008	7.4324e-008	7.9518e-008	8.2609e-008	8.6989e-008	8.8967e-008	9.055e-008	9.1304e-008	9.1652e-008	9.2404e-008	9.317e-008	9.3089e-008	9.2673e-008	9.2969e-008	9.2342e-008	8.9164e-008	8.7741e-008	8.4964e-008	8.1053e-008	8.0581e-008	7.7979e-008	7.7702e-008	7.5407e-008	7.103e-008	6.9769e-008	6.7685e-008	6.6052e-008	6.3795e-008	6.2393e-008	6.0883e-008	5.9968e-008	5.7619e-008	5.4215e-008	5.2962e-008	4.9899e-008	4.8449e-008	4.6275e-008	4.4303e-008	4.1289e-008	3.9807e-008	3.7366e-008	3.4578e-008	3.2955e-008	3.0599e-008	2.8313e-008	2.6621e-008	2.3711e-008	2.2391e-008	1.9628e-008	1.5972e-008	1.5122e-008	1.3308e-008	1.0813e-008	9.2724e-009	7.2862e-009	6.4345e-009	6.2021e-009	5.4622e-009	5.3202e-009	4.9726e-009	5.016e-009	5.3732e-009	4.96e-009	4.7735e-009	5.369e-009	5.4911e-009	6.029e-009	6.5186e-009	7.6196e-009	8.9957e-009	1.0464e-008	1.4291e-008	1.8848e-008	2.4318e-008	3.0881e-008	3.6874e-008	4.4548e-008	5.2801e-008	6.0167e-008	6.6977e-008	7.1072e-008	7.5884e-008	8.1049e-008	8.3261e-008	8.5402e-008	8.7628e-008	9.001e-008	9.2637e-008	9.4196e-008	9.5714e-008	9.6954e-008
2.2121e-009	2.3562e-009	2.4513e-009	2.3061e-009	2.6954e-009	3.1995e-009	4.0955e-009	4.9754e-009	6.5348e-009	8.6771e-009	1.0956e-008	1.5091e-008	2.0585e-008	2.6653e-008	3.4681e-008	4.2644e-008	4.9593e-008	5.5014e-008	5.9181e-008	6.4867e-008	6.9081e-008	7.4039e-008	7.7305e-008	7.911e-008	8.0411e-008	8.2358e-008	8.2475e-008	8.2715e-008	8.333e-008	8.3628e-008	8.3929e-008	8.4485e-008	8.4439e-008	8.3687e-008	8.254e-008	8.2142e-008	8.1206e-008	7.9876e-008	7.6903e-008	7.6438e-008	7.4493e-008	7.2559e-008	7.1085e-008	6.9224e-008	6.7103e-008	6.5303e-008	6.2763e-008	6.1241e-008	5.8193e-008	5.6727e-008	5.4424e-008	5.2457e-008	5.0888e-008	4.6644e-008	4.5671e-008	4.3604e-008	4.1849e-008	4.0031e-008	3.7763e-008	3.5565e-008	3.3597e-008	3.2233e-008	2.9845e-008	2.7767e-008	2.6155e-008	2.3272e-008	2.0959e-008	1.9526e-008	1.7385e-008	1.4419e-008	1.2607e-008	1.111e-008	9.4338e-009	7.2518e-009	5.9006e-009	4.9842e-009	4.2359e-009	4.0962e-009	3.61e-009	3.5226e-009	3.3494e-009	3.5454e-009	4.0444e-009	4.3916e-009	4.2684e-009	4.2459e-009	4.6343e-009	5.3002e-009	6.6102e-009	9.3334e-009	1.2282e-008	1.6576e-008	2.12e-008	2.6124e-008	3.2166e-008	3.6735e-008	4.3355e-008	5.1316e-008	5.8266e-008	6.4393e-008	6.9864e-008	7.4445e-008	7.7545e-008	8.1462e-008	8.398e-008	8.5544e-008	8.6354e-008	8.7731e-008	8.9116e-008	8.9415e-008	8.9168e-008	8.8731e-008	8.7293e-008	8.5383e-008	8.4043e-008	8.3215e-008	8.2348e-008	8.1773e-008	7.6066e-008	7.555e-008	7.4503e-008	7.348e-008	7.01e-008	6.8028e-008	6.6068e-008	6.3194e-008	6.082e-008	5.8841e-008	5.7161e-008	5.5757e-008	5.2965e-008	4.8473e-008	4.5998e-008	4.493e-008	4.227e-008	3.9279e-008	3.8224e-008	3.4897e-008	3.2446e-008	2.969e-008	2.7933e-008	2.6526e-008	2.3868e-008	2.1194e-008	1.9436e-008	1.7044e-008	1.4853e-008	1.3089e-008	1.1017e-008	9.5922e-009	7.9906e-009	7.4703e-009	6.6154e-009	5.9374e-009	5.8037e-009	4.8715e-009	4.4661e-009	4.8553e-009	4.5224e-009	5.0965e-009	5.0801e-009	4.9741e-009	4.687e-009	4.7014e-009	5.3624e-009	5.87e-009	6.5048e-009	7.9635e-009	1.0774e-008	1.2335e-008	1.6163e-008	2.0706e-008	2.7287e-008	3.3016e-008	3.8011e-008	4.3017e-008	4.8831e-008	5.8226e-008	6.5524e-008	7.2011e-008	7.5993e-008	7.8864e-008	8.2228e-008	8.5587e-008	8.7772e-008	9.0241e-008	9.1413e-008	9.2663e-008	9.3381e-008	9.328e-008	9.2814e-008	9.2514e-008	9.1999e-008	9.1291e-008	9.1527e-008	9.053e-008	8.9243e-008	8.7927e-008	8.7111e-008	8.3611e-008	8.0066e-008	7.819e-008	7.7096e-008	7.5134e-008	7.4916e-008	7.373e-008	7.0688e-008	6.8715e-008	6.7808e-008	6.5976e-008	6.0972e-008	5.8901e-008	5.6086e-008	5.4522e-008	5.157e-008	4.8148e-008	4.6174e-008	4.3588e-008	4.256e-008	3.7503e-008	3.6118e-008	3.3641e-008	3.1232e-008	2.9205e-008	2.5481e-008	2.4069e-008	2.0823e-008	1.9282e-008	1.7455e-008	1.6177e-008	1.2917e-008	1.2174e-008	1.0052e-008	9.0366e-009	7.7064e-009	7.2988e-009	6.6773e-009	5.8982e-009	6.3421e-009	5.9322e-009	5.5966e-009	5.8782e-009	5.7588e-009	5.6936e-009	5.9272e-009	6.5253e-009	7.5216e-009	8.5032e-009	1.0323e-008	1.3416e-008	1.7047e-008	1.9668e-008	2.366e-008	3.1099e-008	3.8403e-008	4.3094e-008	4.9604e-008	5.508e-008	6.1403e-008	6.6234e-008	7.2236e-008	7.6615e-008	8.0852e-008	8.4056e-008	8.7687e-008	8.8765e-008	9.114e-008	9.1783e-008	9.2284e-008	9.2904e-008	9.3233e-008	9.3425e-008	9.3758e-008	9.2561e-008	9.1276e-008	9.0096e-008	8.9358e-008	8.8083e-008	8.2875e-008	8.2083e-008	8.0413e-008	7.8409e-008	7.5698e-008	7.4874e-008	7.3111e-008	7.0394e-008	6.7481e-008	6.5006e-008	6.3823e-008	6.1764e-008	5.9356e-008	5.7385e-008	5.3455e-008	5.1135e-008	4.6888e-008	4.4902e-008	4.2468e-008	3.9491e-008	3.681e-008	3.4194e-008	3.1343e-008	2.8978e-008	2.8114e-008	2.6335e-008	2.3739e-008	2.0469e-008	1.9296e-008	1.7211e-008	1.5569e-008	1.289e-008	1.1344e-008	9.7486e-009	8.0324e-009	6.8287e-009	5.969e-009	5.0878e-009	4.9768e-009	5.5057e-009	5.512e-009	4.9565e-009	5.2266e-009	4.8063e-009	5.0781e-009	4.9612e-009	5.1539e-009	5.1851e-009	5.6231e-009	6.7466e-009	8.1201e-009	9.7139e-009	1.2829e-008	1.4512e-008	1.9218e-008	2.5465e-008	2.9209e-008	3.3809e-008	3.9152e-008	4.8358e-008	5.8638e-008	6.4343e-008	7.0626e-008	7.3576e-008	7.6899e-008	7.9638e-008	8.4264e-008	8.6433e-008	8.8101e-008	9.1208e-008	9.1951e-008	9.1967e-008	9.2402e-008	9.2602e-008	9.2539e-008	9.2481e-008	9.1591e-008	8.942e-008	8.7771e-008	8.5933e-008	8.4034e-008	8.2561e-008	8.1255e-008	8.0735e-008	7.916e-008	7.7432e-008	7.5509e-008	7.4148e-008	7.0553e-008	6.8774e-008	6.527e-008	6.2146e-008	5.9512e-008	5.8195e-008	5.6017e-008	5.3272e-008	5.014e-008	4.7925e-008	4.6576e-008	4.4968e-008	4.2198e-008	3.9091e-008	3.6428e-008	3.4873e-008	3.1095e-008	2.9054e-008	2.7661e-008	2.5637e-008	2.2939e-008	2.0714e-008	1.7606e-008	1.5312e-008	1.4034e-008	1.1381e-008	9.9911e-009	7.4614e-009	6.7565e-009	5.6766e-009	4.8176e-009	4.6656e-009	4.6425e-009	4.8909e-009	4.5316e-009	4.3708e-009	4.8818e-009	5.3748e-009	5.033e-009	5.2307e-009	6.2803e-009	6.2646e-009	7.5855e-009	9.2159e-009	1.1281e-008	1.5276e-008	1.7987e-008	2.2487e-008	2.7927e-008	3.355e-008	3.9179e-008	4.6591e-008	5.169e-008	5.7504e-008	6.3844e-008	6.9201e-008	7.3222e-008	8.0914e-008	8.4098e-008	8.7595e-008	8.9589e-008	9.0457e-008	9.0869e-008	9.1419e-008	9.2323e-008	9.2883e-008	9.2585e-008	9.2465e-008	9.2745e-008	9.2128e-008	8.882e-008	8.7618e-008	8.6011e-008	8.1938e-008	7.9663e-008	7.7837e-008	7.6399e-008	7.5561e-008	7.1519e-008	6.9957e-008	6.7239e-008	6.5467e-008	6.383e-008	6.2432e-008	6.0416e-008	5.89e-008	5.6885e-008	5.4529e-008	5.2308e-008	4.924e-008	4.767e-008	4.6038e-008	4.4011e-008	4.2445e-008	3.93e-008	3.7945e-008	3.5665e-008	3.292e-008	3.0778e-008	2.8091e-008	2.6231e-008	2.3533e-008	2.1668e-008	1.839e-008	1.6136e-008	1.4508e-008	1.1461e-008	1.0444e-008	8.7291e-009	6.5896e-009	5.7492e-009	5.4056e-009	4.7119e-009	4.1769e-009	4.3067e-009	4.6663e-009	5.0943e-009	4.5582e-009	4.1517e-009	4.4745e-009	5.0626e-009	5.5865e-009	6.1834e-009	7.2982e-009	9.013e-009	1.077e-008	1.3717e-008	1.8393e-008	2.4098e-008	2.9589e-008	3.5966e-008	4.3016e-008	5.0506e-008	5.7786e-008	6.5624e-008	7.0948e-008	7.6829e-008	8.0278e-008	8.2139e-008	8.5369e-008	8.7449e-008	8.9178e-008	9.1108e-008	9.2042e-008	9.6314e-008	9.6713e-008
2.8522e-009	2.7941e-009	2.5992e-009	2.7501e-009	3.1406e-009	3.6331e-009	4.8324e-009	5.8026e-009	7.3604e-009	8.8184e-009	1.1665e-008	1.6169e-008	2.1698e-008	2.8233e-008	3.5496e-008	4.3736e-008	4.9531e-008	5.4997e-008	6.0272e-008	6.5078e-008	6.9294e-008	7.4565e-008	7.7576e-008	8.0162e-008	8.155e-008	8.2824e-008	8.3291e-008	8.3199e-008	8.3794e-008	8.3837e-008	8.4079e-008	8.4332e-008	8.4577e-008	8.3818e-008	8.2973e-008	8.171e-008	8.1038e-008	7.9683e-008	7.7696e-008	7.6268e-008	7.4554e-008	7.3339e-008	7.0897e-008	6.9664e-008	6.7425e-008	6.5675e-008	6.3417e-008	6.1352e-008	5.9228e-008	5.6562e-008	5.4644e-008	5.1809e-008	5.083e-008	4.9338e-008	4.5626e-008	4.37e-008	4.1754e-008	3.996e-008	3.6925e-008	3.4522e-008	3.2887e-008	3.0843e-008	2.8684e-008	2.7843e-008	2.6164e-008	2.2596e-008	2.0633e-008	1.9074e-008	1.7304e-008	1.5138e-008	1.3018e-008	1.1226e-008	9.4316e-009	7.4192e-009	6.2724e-009	5.1968e-009	4.8212e-009	4.3816e-009	4.065e-009	3.4234e-009	2.909e-009	2.83e-009	3.4039e-009	4.056e-009	4.6989e-009	4.6851e-009	5.0796e-009	5.2843e-009	6.848e-009	8.5507e-009	1.2956e-008	1.7029e-008	2.0707e-008	2.6421e-008	3.2169e-008	3.6983e-008	4.4949e-008	5.3337e-008	6.09e-008	6.6702e-008	7.1281e-008	7.417e-008	7.7469e-008	8.1757e-008	8.2634e-008	8.5025e-008	8.6565e-008	8.7961e-008	8.8791e-008	8.8968e-008	8.8689e-008	8.7626e-008	8.7034e-008	8.5336e-008	8.4387e-008	8.3378e-008	8.2657e-008	8.1048e-008	7.7341e-008	7.5679e-008	7.414e-008	7.3635e-008	7.0937e-008	6.8054e-008	6.5376e-008	6.4157e-008	6.1247e-008	5.8445e-008	5.7034e-008	5.5728e-008	5.2033e-008	5.0486e-008	4.6719e-008	4.4892e-008	4.2778e-008	3.9641e-008	3.778e-008	3.4741e-008	3.2617e-008	3.0361e-008	2.8533e-008	2.5845e-008	2.3912e-008	2.1804e-008	1.9777e-008	1.8015e-008	1.5639e-008	1.4036e-008	1.1668e-008	1.0218e-008	8.3536e-009	7.261e-009	6.8401e-009	6.3053e-009	5.9823e-009	5.4051e-009	5.0724e-009	4.6353e-009	4.7928e-009	5.2027e-009	4.9812e-009	5.6036e-009	5.3978e-009	5.2954e-009	5.6271e-009	6.0673e-009	7.1413e-009	8.7772e-009	1.0752e-008	1.3482e-008	1.6693e-008	2.1574e-008	2.7234e-008	3.3662e-008	3.9757e-008	4.407e-008	4.9669e-008	5.6976e-008	6.4468e-008	7.203e-008	7.6278e-008	7.9546e-008	8.2129e-008	8.5557e-008	8.7523e-008	8.9318e-008	9.0915e-008	9.2383e-008	9.3271e-008	9.3472e-008	9.3041e-008	9.2809e-008	9.2392e-008	9.1592e-008	9.0839e-008	8.9781e-008	8.9117e-008	8.8698e-008	8.4931e-008	8.3083e-008	8.1094e-008	7.8913e-008	7.671e-008	7.5412e-008	7.4241e-008	7.2964e-008	6.893e-008	6.7697e-008	6.6648e-008	6.4653e-008	6.1276e-008	5.9852e-008	5.7532e-008	5.4899e-008	5.1108e-008	4.707e-008	4.5987e-008	4.4235e-008	4.2795e-008	3.8832e-008	3.6432e-008	3.3797e-008	3.1688e-008	2.9421e-008	2.6874e-008	2.5379e-008	2.0341e-008	1.957e-008	1.8123e-008	1.6903e-008	1.4429e-008	1.2208e-008	1.1029e-008	9.903e-009	7.985e-009	7.0313e-009	6.3252e-009	6.2254e-009	6.4499e-009	6.4755e-009	5.9641e-009	6.1564e-009	5.7191e-009	5.659e-009	6.0506e-009	7.0772e-009	8.1557e-009	9.1491e-009	1.1112e-008	1.3502e-008	1.6485e-008	2.0506e-008	2.5199e-008	3.1828e-008	3.9038e-008	4.4873e-008	5.1189e-008	5.6827e-008	6.2508e-008	6.721e-008	7.1243e-008	7.5875e-008	8.1463e-008	8.4e-008	8.7285e-008	8.9182e-008	9.0084e-008	9.115e-008	9.2547e-008	9.3142e-008	9.3573e-008	9.3914e-008	9.2933e-008	9.1936e-008	9.1281e-008	8.9936e-008	8.8891e-008	8.8397e-008	8.5105e-008	8.2592e-008	8.0171e-008	7.8816e-008	7.7436e-008	7.5339e-008	7.3939e-008	7.0241e-008	6.7878e-008	6.5689e-008	6.3779e-008	6.0882e-008	5.874e-008	5.6873e-008	5.3872e-008	5.1653e-008	4.9425e-008	4.7193e-008	4.2247e-008	4.0658e-008	3.7923e-008	3.4261e-008	3.2816e-008	3.0509e-008	2.8395e-008	2.6644e-008	2.4543e-008	2.1975e-008	1.9938e-008	1.7867e-008	1.6159e-008	1.3944e-008	1.1815e-008	1.063e-008	8.6623e-009	7.2832e-009	5.9133e-009	5.3844e-009	5.5011e-009	5.5575e-009	5.9551e-009	5.1932e-009	5.1447e-009	5.4459e-009	5.628e-009	5.7836e-009	5.3529e-009	5.3544e-009	6.0695e-009	6.9819e-009	8.3596e-009	1.109e-008	1.2872e-008	1.551e-008	1.9935e-008	2.5531e-008	3.0917e-008	3.6081e-008	4.054e-008	4.7404e-008	5.8254e-008	6.6382e-008	7.1117e-008	7.4555e-008	7.7011e-008	7.9925e-008	8.2901e-008	8.6949e-008	8.8797e-008	9.04e-008	9.1566e-008	9.2385e-008	9.3049e-008	9.3609e-008	9.3633e-008	9.3262e-008	9.174e-008	9.0838e-008	8.8162e-008	8.5775e-008	8.4427e-008	8.2702e-008	8.1465e-008	8.0995e-008	8.0213e-008	7.8115e-008	7.5889e-008	7.2738e-008	7.0639e-008	6.8125e-008	6.6853e-008	6.2775e-008	6.0352e-008	5.8503e-008	5.7222e-008	5.3068e-008	4.9799e-008	4.8328e-008	4.708e-008	4.5097e-008	4.2789e-008	3.9189e-008	3.6193e-008	3.3981e-008	3.1276e-008	2.9684e-008	2.7546e-008	2.5737e-008	2.3397e-008	2.0214e-008	1.7915e-008	1.5322e-008	1.4018e-008	1.1249e-008	1.0227e-008	9.032e-009	6.9294e-009	5.7775e-009	5.3765e-009	5.0488e-009	4.9694e-009	4.9484e-009	4.9546e-009	4.8905e-009	5.4294e-009	5.7071e-009	5.4099e-009	5.1923e-009	5.128e-009	5.685e-009	6.9709e-009	8.9578e-009	1.0781e-008	1.4352e-008	1.8193e-008	2.1006e-008	2.703e-008	3.3182e-008	3.9355e-008	4.6132e-008	5.0998e-008	5.8554e-008	6.5538e-008	7.1143e-008	7.8263e-008	8.2285e-008	8.4311e-008	8.8011e-008	8.9932e-008	9.1146e-008	9.1783e-008	9.2602e-008	9.2886e-008	9.3212e-008	9.2914e-008	9.311e-008	9.3294e-008	9.1967e-008	8.9275e-008	8.7572e-008	8.5773e-008	8.2976e-008	7.982e-008	7.7373e-008	7.5901e-008	7.4434e-008	7.2559e-008	7.0725e-008	6.7853e-008	6.6348e-008	6.4809e-008	6.3295e-008	6.0937e-008	5.8278e-008	5.7038e-008	5.5191e-008	5.4616e-008	4.8773e-008	4.7641e-008	4.6717e-008	4.5238e-008	4.2921e-008	4.0145e-008	3.8738e-008	3.6043e-008	3.3324e-008	3.053e-008	2.9088e-008	2.6744e-008	2.3487e-008	2.2021e-008	1.8856e-008	1.662e-008	1.477e-008	1.3005e-008	1.0054e-008	8.304e-009	6.748e-009	6.0896e-009	5.3873e-009	5.0435e-009	4.9284e-009	5.1562e-009	5.0421e-009	5.1483e-009	4.6195e-009	4.5991e-009	5.0702e-009	5.7243e-009	5.8313e-009	6.9543e-009	7.1769e-009	9.3204e-009	1.1548e-008	1.4373e-008	1.9903e-008	2.4709e-008	3.0344e-008	3.5828e-008	4.3259e-008	5.0637e-008	5.7875e-008	6.5992e-008	7.1241e-008	7.7167e-008	8.0386e-008	8.2441e-008	8.4946e-008	8.7389e-008	8.9385e-008	9.218e-008	9.4258e-008	9.584e-008	9.6354e-008
3.4607e-009	3.4311e-009	3.4592e-009	3.6756e-009	4.1224e-009	4.6105e-009	5.0143e-009	6.2882e-009	8.0531e-009	9.363e-009	1.3571e-008	1.7345e-008	2.3196e-008	2.9773e-008	3.6037e-008	4.3516e-008	4.9261e-008	5.4817e-008	6.046e-008	6.5687e-008	6.7539e-008	7.4094e-008	7.7857e-008	7.9919e-008	8.1913e-008	8.3568e-008	8.4359e-008	8.5098e-008	8.4739e-008	8.45e-008	8.4672e-008	8.4573e-008	8.4795e-008	8.4245e-008	8.3709e-008	8.2485e-008	8.1065e-008	7.9588e-008	7.8704e-008	7.7179e-008	7.4681e-008	7.405e-008	7.1892e-008	7.0065e-008	6.7442e-008	6.5522e-008	6.3544e-008	6.1046e-008	6.0158e-008	5.7027e-008	5.4765e-008	5.1432e-008	5.0368e-008	4.8338e-008	4.6075e-008	4.471e-008	4.2057e-008	4.0365e-008	3.7417e-008	3.5694e-008	3.4012e-008	3.1662e-008	3.0281e-008	2.7973e-008	2.5999e-008	2.3096e-008	2.057e-008	1.9059e-008	1.7368e-008	1.5912e-008	1.3815e-008	1.1936e-008	1.0355e-008	8.01e-009	6.7237e-009	5.5412e-009	4.8998e-009	4.7644e-009	4.7901e-009	4.3101e-009	3.5454e-009	3.5073e-009	3.6076e-009	3.9893e-009	4.3711e-009	4.8785e-009	4.9496e-009	6.2693e-009	7.3752e-009	9.4667e-009	1.2536e-008	1.7258e-008	2.2057e-008	2.7182e-008	3.16e-008	3.7692e-008	4.5729e-008	5.5199e-008	6.2028e-008	6.6305e-008	7.1837e-008	7.5417e-008	7.9144e-008	8.1451e-008	8.3129e-008	8.6048e-008	8.7412e-008	8.8044e-008	8.8064e-008	8.798e-008	8.8031e-008	8.7909e-008	8.681e-008	8.5873e-008	8.4264e-008	8.3085e-008	8.1695e-008	8.0607e-008	7.8275e-008	7.5943e-008	7.3978e-008	7.3289e-008	7.0827e-008	6.8751e-008	6.7014e-008	6.4263e-008	6.1754e-008	5.9257e-008	5.7727e-008	5.6995e-008	5.2321e-008	5.0638e-008	4.7187e-008	4.4238e-008	4.2344e-008	4.0294e-008	3.8096e-008	3.4863e-008	3.2469e-008	3.0607e-008	2.8518e-008	2.4605e-008	2.4289e-008	2.1906e-008	1.9223e-008	1.7196e-008	1.5982e-008	1.4279e-008	1.1857e-008	1.0113e-008	9.5093e-009	7.9253e-009	7.3895e-009	6.4361e-009	5.814e-009	5.7932e-009	5.4926e-009	4.8294e-009	5.2775e-009	5.4552e-009	5.6761e-009	5.8952e-009	5.8031e-009	5.6724e-009	5.4442e-009	5.6248e-009	7.1948e-009	8.9493e-009	1.1067e-008	1.3516e-008	1.722e-008	2.0841e-008	2.7349e-008	3.241e-008	3.8408e-008	4.4734e-008	5.0478e-008	5.6971e-008	6.3081e-008	6.9851e-008	7.8328e-008	8.0048e-008	8.2963e-008	8.6084e-008	8.8256e-008	9.0403e-008	9.194e-008	9.3229e-008	9.3964e-008	9.4012e-008	9.3937e-008	9.3443e-008	9.2049e-008	9.1402e-008	9.062e-008	8.9391e-008	8.9214e-008	8.9085e-008	8.5259e-008	8.2985e-008	8.0614e-008	7.8858e-008	7.7389e-008	7.5845e-008	7.4012e-008	7.1758e-008	6.8987e-008	6.6938e-008	6.6117e-008	6.4545e-008	6.2338e-008	6.0177e-008	5.5769e-008	5.2469e-008	5.1166e-008	4.8538e-008	4.633e-008	4.4913e-008	4.333e-008	4.0926e-008	3.7495e-008	3.4187e-008	3.1339e-008	3.0395e-008	2.7865e-008	2.5225e-008	2.1188e-008	1.9446e-008	1.8153e-008	1.682e-008	1.4215e-008	1.2152e-008	1.0897e-008	9.6719e-009	7.7311e-009	6.8022e-009	6.2844e-009	6.1419e-009	6.1342e-009	6.1778e-009	5.9876e-009	6.2144e-009	6.485e-009	6.6605e-009	6.7341e-009	7.5096e-009	8.4446e-009	1.0052e-008	1.157e-008	1.3866e-008	1.7073e-008	2.0427e-008	2.4255e-008	3.1023e-008	3.8075e-008	4.4637e-008	5.1187e-008	5.5923e-008	6.2033e-008	6.7993e-008	7.199e-008	7.7108e-008	8.1166e-008	8.3389e-008	8.6302e-008	8.8813e-008	9.0338e-008	9.1648e-008	9.2368e-008	9.3828e-008	9.4264e-008	9.3676e-008	9.287e-008	9.1979e-008	9.0558e-008	8.9959e-008	8.9247e-008	8.7334e-008	8.4864e-008	8.2398e-008	8.0707e-008	7.9826e-008	7.5828e-008	7.5212e-008	7.3868e-008	7.2331e-008	6.8462e-008	6.5333e-008	6.3222e-008	6.1173e-008	5.8306e-008	5.5902e-008	5.4492e-008	5.1044e-008	4.9619e-008	4.7615e-008	4.2223e-008	4.1299e-008	3.9123e-008	3.4675e-008	3.3803e-008	3.1045e-008	2.9215e-008	2.6836e-008	2.5038e-008	2.2423e-008	2.0232e-008	1.7132e-008	1.5978e-008	1.4253e-008	1.1904e-008	1.0905e-008	9.7916e-009	7.7432e-009	6.5505e-009	5.5791e-009	5.226e-009	5.6456e-009	6.0125e-009	6.0454e-009	6.1023e-009	6.127e-009	5.1728e-009	5.3042e-009	5.6048e-009	5.8029e-009	5.939e-009	6.9074e-009	8.7232e-009	1.0441e-008	1.3651e-008	1.577e-008	1.9788e-008	2.582e-008	3.0946e-008	3.7557e-008	4.197e-008	4.7683e-008	5.6598e-008	6.5307e-008	6.9559e-008	7.4943e-008	7.7379e-008	8.1002e-008	8.385e-008	8.6698e-008	8.8839e-008	9.0928e-008	9.2046e-008	9.294e-008	9.3891e-008	9.4849e-008	9.482e-008	9.4543e-008	9.2826e-008	8.9828e-008	8.8797e-008	8.5374e-008	8.4499e-008	8.2682e-008	8.0814e-008	8.0346e-008	7.9192e-008	7.7353e-008	7.5689e-008	7.3284e-008	7.0791e-008	6.921e-008	6.5601e-008	6.336e-008	6.0543e-008	5.941e-008	5.6419e-008	5.3377e-008	4.9811e-008	4.8538e-008	4.713e-008	4.4434e-008	4.1815e-008	3.9182e-008	3.5668e-008	3.3397e-008	3.2007e-008	2.953e-008	2.7076e-008	2.5223e-008	2.3072e-008	1.9718e-008	1.7963e-008	1.5506e-008	1.4396e-008	1.1762e-008	1.0285e-008	8.7529e-009	7.5515e-009	6.6298e-009	5.7138e-009	5.53e-009	5.6772e-009	5.528e-009	5.6249e-009	5.2959e-009	5.3219e-009	5.8134e-009	5.2661e-009	5.086e-009	5.4311e-009	5.7814e-009	6.9236e-009	8.8126e-009	1.1186e-008	1.385e-008	1.8445e-008	2.1962e-008	2.5684e-008	3.2616e-008	3.8434e-008	4.564e-008	5.191e-008	5.9611e-008	6.6444e-008	7.4544e-008	8.1336e-008	8.3249e-008	8.6109e-008	8.8906e-008	8.9717e-008	9.0495e-008	9.1634e-008	9.2817e-008	9.3434e-008	9.3452e-008	9.3162e-008	9.3271e-008	9.3371e-008	9.1482e-008	8.9933e-008	8.9122e-008	8.6417e-008	8.1228e-008	7.9222e-008	7.7643e-008	7.6005e-008	7.4801e-008	7.3939e-008	7.1673e-008	6.8364e-008	6.7344e-008	6.5664e-008	6.3746e-008	6.068e-008	5.9772e-008	5.7442e-008	5.5721e-008	5.1092e-008	4.7889e-008	4.7615e-008	4.6258e-008	4.4077e-008	4.2912e-008	4.0951e-008	3.858e-008	3.5855e-008	3.303e-008	3.126e-008	2.8156e-008	2.5385e-008	2.3215e-008	2.1195e-008	1.9623e-008	1.7134e-008	1.4559e-008	1.1993e-008	9.6555e-009	8.4141e-009	7.5944e-009	6.1518e-009	5.4817e-009	4.9426e-009	5.0502e-009	5.5985e-009	5.3471e-009	5.2211e-009	4.8463e-009	4.9607e-009	5.8274e-009	5.7087e-009	6.2452e-009	7.0131e-009	7.8831e-009	9.9648e-009	1.1688e-008	1.5218e-008	1.9653e-008	2.4505e-008	2.9837e-008	3.646e-008	4.3708e-008	5.2023e-008	5.9315e-008	6.5942e-008	7.1373e-008	7.6738e-008	8.0369e-008	8.2563e-008	8.473e-008	8.8263e-008	9.0682e-008	9.3453e-008	9.4871e-008	9.6821e-008	9.7191e-008
3.2555e-009	3.5338e-009	3.7802e-009	3.8768e-009	4.2153e-009	4.3352e-009	5.1108e-009	6.5901e-009	8.3548e-009	1.1201e-008	1.4277e-008	1.8892e-008	2.4611e-008	3.0967e-008	3.7388e-008	4.3281e-008	4.898e-008	5.4171e-008	5.9663e-008	6.6484e-008	7.1546e-008	7.4891e-008	7.7495e-008	7.9036e-008	8.2716e-008	8.4003e-008	8.5222e-008	8.5983e-008	8.5917e-008	8.5429e-008	8.5767e-008	8.5542e-008	8.4526e-008	8.4115e-008	8.3557e-008	8.2451e-008	8.1212e-008	7.9961e-008	7.8955e-008	7.8018e-008	7.6248e-008	7.4328e-008	7.2304e-008	7.0181e-008	6.7688e-008	6.5328e-008	6.4225e-008	6.2658e-008	5.9249e-008	5.6416e-008	5.3292e-008	5.1598e-008	4.9892e-008	4.9688e-008	4.6724e-008	4.4737e-008	4.1977e-008	3.9427e-008	3.7971e-008	3.6452e-008	3.4258e-008	3.12e-008	2.9762e-008	2.7485e-008	2.482e-008	2.2515e-008	2.1497e-008	1.9713e-008	1.7374e-008	1.5079e-008	1.3491e-008	1.1556e-008	9.8351e-009	7.8838e-009	6.1781e-009	5.4332e-009	5.2096e-009	4.8008e-009	4.6337e-009	4.3391e-009	4.1704e-009	4.0106e-009	4.3156e-009	4.4917e-009	4.6982e-009	4.7721e-009	5.2023e-009	5.6912e-009	7.6614e-009	9.7243e-009	1.2065e-008	1.6633e-008	2.2468e-008	2.7012e-008	3.1663e-008	3.8376e-008	4.6842e-008	5.5744e-008	6.2728e-008	6.7099e-008	7.1903e-008	7.5915e-008	7.9021e-008	8.1088e-008	8.3179e-008	8.5889e-008	8.7513e-008	8.8288e-008	8.7927e-008	8.8077e-008	8.7865e-008	8.748e-008	8.6653e-008	8.5388e-008	8.3926e-008	8.2565e-008	8.1426e-008	8.0291e-008	7.8258e-008	7.5383e-008	7.4328e-008	7.3744e-008	7.1054e-008	6.8591e-008	6.6944e-008	6.5135e-008	6.1528e-008	5.9412e-008	5.793e-008	5.6338e-008	5.2259e-008	5.0422e-008	4.6295e-008	4.4562e-008	4.2429e-008	3.9997e-008	3.7718e-008	3.69e-008	3.3785e-008	3.0595e-008	2.8376e-008	2.5874e-008	2.38e-008	2.1999e-008	2.0061e-008	1.8481e-008	1.5561e-008	1.3563e-008	1.1628e-008	1.0407e-008	9.1806e-009	8.2922e-009	7.6185e-009	6.5622e-009	6.0551e-009	5.9893e-009	5.8708e-009	5.4138e-009	5.9156e-009	5.2673e-009	5.5954e-009	5.9314e-009	6.0213e-009	5.5946e-009	6.064e-009	5.9207e-009	7.1904e-009	8.5512e-009	1.1566e-008	1.2718e-008	1.569e-008	2.0384e-008	2.6882e-008	3.2444e-008	3.8962e-008	4.4289e-008	5.1185e-008	5.7547e-008	6.4043e-008	7.0118e-008	7.5514e-008	7.9778e-008	8.3137e-008	8.5618e-008	8.7735e-008	9.0774e-008	9.1949e-008	9.3338e-008	9.4115e-008	9.4477e-008	9.4568e-008	9.3746e-008	9.2353e-008	9.1433e-008	9.1002e-008	8.9405e-008	8.9124e-008	8.8435e-008	8.5579e-008	8.2984e-008	8.0346e-008	7.8526e-008	7.7876e-008	7.6157e-008	7.3617e-008	7.1145e-008	6.8932e-008	6.7758e-008	6.5604e-008	6.4715e-008	6.2547e-008	6.0387e-008	5.6876e-008	5.3595e-008	5.2001e-008	4.9238e-008	4.7299e-008	4.4596e-008	4.3227e-008	4.104e-008	3.7671e-008	3.4835e-008	3.2041e-008	2.9487e-008	2.7623e-008	2.4939e-008	2.2615e-008	2.0644e-008	1.8559e-008	1.7033e-008	1.5656e-008	1.3261e-008	1.1359e-008	8.8559e-009	7.2703e-009	6.454e-009	6.5294e-009	6.6399e-009	6.411e-009	7.0725e-009	6.6406e-009	6.3386e-009	7.455e-009	7.0581e-009	7.0874e-009	8.2927e-009	8.8184e-009	1.0671e-008	1.256e-008	1.4629e-008	1.7632e-008	2.0713e-008	2.5325e-008	3.1234e-008	3.8881e-008	4.4855e-008	5.0647e-008	5.6123e-008	6.1123e-008	6.7095e-008	7.3417e-008	7.6751e-008	8.0927e-008	8.2983e-008	8.6255e-008	8.8902e-008	9.0545e-008	9.1977e-008	9.3477e-008	9.4244e-008	9.4875e-008	9.4683e-008	9.396e-008	9.261e-008	9.1526e-008	9.0294e-008	8.9306e-008	8.7397e-008	8.4851e-008	8.3158e-008	8.1848e-008	8.0077e-008	7.7747e-008	7.6324e-008	7.4065e-008	7.2216e-008	6.9695e-008	6.6874e-008	6.4543e-008	6.1478e-008	5.8356e-008	5.6822e-008	5.5094e-008	5.2669e-008	5.0028e-008	4.8152e-008	4.4539e-008	4.1614e-008	3.978e-008	3.816e-008	3.5093e-008	3.2652e-008	2.9508e-008	2.8398e-008	2.5862e-008	2.4432e-008	2.1895e-008	1.8256e-008	1.7086e-008	1.4977e-008	1.3377e-008	1.2209e-008	1.1483e-008	9.2497e-009	7.3793e-009	6.4068e-009	5.9496e-009	6.0041e-009	6.3964e-009	6.3503e-009	6.5549e-009	6.4063e-009	5.884e-009	5.7983e-009	6.0146e-009	6.2374e-009	6.323e-009	6.9933e-009	8.7486e-009	1.1242e-008	1.3881e-008	1.6386e-008	2.0824e-008	2.6108e-008	3.1581e-008	3.6395e-008	4.2607e-008	4.8161e-008	5.6782e-008	6.574e-008	6.9952e-008	7.4417e-008	7.8005e-008	8.2125e-008	8.4725e-008	8.6943e-008	8.8946e-008	9.1065e-008	9.3575e-008	9.3504e-008	9.5141e-008	9.6538e-008	9.6684e-008	9.5912e-008	9.4092e-008	9.1996e-008	8.9357e-008	8.7248e-008	8.497e-008	8.2997e-008	8.076e-008	8.0255e-008	7.7763e-008	7.6044e-008	7.457e-008	7.3591e-008	7.1167e-008	6.9949e-008	6.648e-008	6.2663e-008	6.124e-008	5.7513e-008	5.58e-008	5.3588e-008	5.1663e-008	5.0091e-008	4.6685e-008	4.4795e-008	4.1655e-008	3.8679e-008	3.581e-008	3.4423e-008	3.238e-008	2.9502e-008	2.6521e-008	2.485e-008	2.27e-008	2.0877e-008	1.7856e-008	1.6313e-008	1.338e-008	1.1878e-008	1.0012e-008	8.6339e-009	7.5648e-009	6.7894e-009	5.773e-009	6.1371e-009	5.9563e-009	5.6676e-009	5.446e-009	5.4726e-009	5.8436e-009	5.8855e-009	5.918e-009	6.269e-009	6.3311e-009	6.7866e-009	7.3965e-009	9.1125e-009	1.0621e-008	1.434e-008	1.8165e-008	2.2133e-008	2.6994e-008	3.3504e-008	3.9727e-008	4.5804e-008	5.1802e-008	5.8886e-008	6.6279e-008	7.3259e-008	8.1595e-008	8.4173e-008	8.5988e-008	8.8827e-008	8.9815e-008	9.04e-008	9.1755e-008	9.3051e-008	9.3693e-008	9.3385e-008	9.3447e-008	9.3665e-008	9.3366e-008	9.182e-008	9.0444e-008	8.9488e-008	8.6994e-008	8.4234e-008	8.2241e-008	7.8991e-008	7.7519e-008	7.5794e-008	7.5306e-008	7.2745e-008	6.9591e-008	6.8503e-008	6.7062e-008	6.565e-008	6.2804e-008	5.9519e-008	5.8196e-008	5.5558e-008	5.306e-008	5.0126e-008	4.8314e-008	4.6946e-008	4.5475e-008	4.3285e-008	4.0408e-008	3.8629e-008	3.6516e-008	3.3711e-008	3.1776e-008	2.8896e-008	2.607e-008	2.4188e-008	2.1886e-008	2.01e-008	1.6849e-008	1.5596e-008	1.2716e-008	1.073e-008	8.9367e-009	7.8824e-009	6.4619e-009	6.194e-009	5.7848e-009	6.2377e-009	6.1167e-009	6.0603e-009	5.559e-009	5.4054e-009	6.2905e-009	6.7228e-009	6.4923e-009	6.1289e-009	6.8761e-009	7.7756e-009	9.2809e-009	1.2264e-008	1.6131e-008	1.9177e-008	2.3178e-008	2.8901e-008	3.6199e-008	4.5577e-008	5.3435e-008	6.0242e-008	6.629e-008	7.2003e-008	7.533e-008	8.0827e-008	8.3077e-008	8.6247e-008	8.952e-008	9.1402e-008	9.4616e-008	9.8947e-008	9.8282e-008	9.7792e-008
3.7132e-009	3.6597e-009	3.8263e-009	3.836e-009	4.3659e-009	4.5818e-009	5.2563e-009	6.2463e-009	8.4602e-009	1.1042e-008	1.3847e-008	1.9139e-008	2.449e-008	3.0901e-008	3.7347e-008	4.2801e-008	4.8878e-008	5.4696e-008	6.0584e-008	6.5809e-008	7.0724e-008	7.417e-008	7.6056e-008	7.9312e-008	8.068e-008	8.3245e-008	8.5623e-008	8.6517e-008	8.572e-008	8.655e-008	8.6258e-008	8.567e-008	8.4628e-008	8.3491e-008	8.2981e-008	8.1678e-008	8.0554e-008	7.9637e-008	7.8952e-008	7.7932e-008	7.6312e-008	7.5153e-008	7.2144e-008	6.8829e-008	6.7534e-008	6.5205e-008	6.3469e-008	6.1444e-008	5.7056e-008	5.5956e-008	5.2283e-008	5.1248e-008	5.0176e-008	4.9936e-008	4.5355e-008	4.4212e-008	4.2103e-008	3.9886e-008	3.788e-008	3.6351e-008	3.412e-008	3.123e-008	2.8744e-008	2.6747e-008	2.4406e-008	2.3505e-008	2.1465e-008	1.9813e-008	1.6938e-008	1.4045e-008	1.2831e-008	1.1314e-008	9.3775e-009	6.3109e-009	5.8576e-009	5.1992e-009	4.6274e-009	4.3349e-009	3.8706e-009	4.2146e-009	4.4567e-009	3.9807e-009	4.7907e-009	4.9766e-009	4.8308e-009	4.3916e-009	4.4584e-009	5.3151e-009	7.163e-009	9.7629e-009	1.2569e-008	1.6102e-008	2.1539e-008	2.7146e-008	3.2171e-008	3.8353e-008	4.7021e-008	5.6198e-008	6.2935e-008	6.6648e-008	7.0828e-008	7.4959e-008	7.9251e-008	8.105e-008	8.4781e-008	8.6187e-008	8.7305e-008	8.7706e-008	8.802e-008	8.7983e-008	8.8021e-008	8.6637e-008	8.5585e-008	8.4862e-008	8.3916e-008	8.2154e-008	8.1006e-008	7.8845e-008	7.685e-008	7.5081e-008	7.3224e-008	7.1031e-008	6.9294e-008	6.7945e-008	6.5439e-008	6.3855e-008	6.1965e-008	5.971e-008	5.7217e-008	5.527e-008	5.0879e-008	4.8859e-008	4.6842e-008	4.4511e-008	4.2305e-008	4.0543e-008	3.8718e-008	3.6308e-008	3.2177e-008	3.0843e-008	2.8096e-008	2.637e-008	2.4591e-008	2.2015e-008	2.015e-008	1.9199e-008	1.5914e-008	1.3633e-008	1.1921e-008	1.0401e-008	9.1347e-009	7.8693e-009	7.1364e-009	6.2137e-009	5.5535e-009	5.7034e-009	5.4703e-009	5.1729e-009	5.2774e-009	4.9882e-009	4.9928e-009	5.6393e-009	5.5133e-009	5.5833e-009	5.2989e-009	5.6564e-009	6.2281e-009	7.4117e-009	1.0292e-008	1.2865e-008	1.6724e-008	2.1182e-008	2.6319e-008	3.0291e-008	3.6048e-008	4.3682e-008	5.125e-008	5.8497e-008	6.4412e-008	6.8766e-008	7.466e-008	7.8495e-008	8.2362e-008	8.3888e-008	8.8164e-008	8.9271e-008	9.148e-008	9.3388e-008	9.3988e-008	9.4355e-008	9.3986e-008	9.3441e-008	9.2003e-008	9.1312e-008	9.0023e-008	8.8547e-008	8.808e-008	8.8183e-008	8.4949e-008	8.2028e-008	7.8759e-008	7.7785e-008	7.7082e-008	7.5856e-008	7.2836e-008	7.0609e-008	6.9703e-008	6.6606e-008	6.4462e-008	6.379e-008	6.2316e-008	5.9897e-008	5.8111e-008	5.3953e-008	5.0889e-008	4.8123e-008	4.6806e-008	4.4519e-008	4.2333e-008	3.98e-008	3.5758e-008	3.4312e-008	3.253e-008	2.89e-008	2.6354e-008	2.4723e-008	2.2019e-008	2.0388e-008	1.7918e-008	1.6477e-008	1.5047e-008	1.2589e-008	1.0662e-008	9.2373e-009	7.2911e-009	6.0707e-009	6.0188e-009	6.2302e-009	5.9278e-009	6.2827e-009	6.3684e-009	5.8483e-009	6.5862e-009	6.6324e-009	7.3945e-009	8.1245e-009	8.943e-009	1.0362e-008	1.217e-008	1.527e-008	1.6765e-008	1.9643e-008	2.5726e-008	3.0578e-008	3.8414e-008	4.4393e-008	5.0539e-008	5.6229e-008	6.1601e-008	6.639e-008	6.9501e-008	7.5428e-008	8.0487e-008	8.2924e-008	8.5094e-008	8.8182e-008	9.0049e-008	9.1408e-008	9.2418e-008	9.3597e-008	9.3785e-008	9.4183e-008	9.356e-008	9.2571e-008	9.1232e-008	8.941e-008	8.7325e-008	8.603e-008	8.3957e-008	8.2545e-008	8.1808e-008	8.036e-008	7.8543e-008	7.5986e-008	7.407e-008	7.2278e-008	6.9333e-008	6.6809e-008	6.4959e-008	6.1298e-008	5.8497e-008	5.6515e-008	5.4282e-008	5.2689e-008	4.9732e-008	4.8442e-008	4.5523e-008	4.1382e-008	4.0125e-008	3.8881e-008	3.6243e-008	3.3598e-008	3.1309e-008	2.8266e-008	2.5879e-008	2.462e-008	2.2174e-008	1.9028e-008	1.7827e-008	1.5387e-008	1.3304e-008	1.2903e-008	1.1295e-008	8.9476e-009	7.4087e-009	6.7597e-009	6.1664e-009	5.811e-009	5.5636e-009	5.6766e-009	5.4667e-009	5.3022e-009	5.5522e-009	5.8662e-009	5.9009e-009	6.464e-009	6.3581e-009	6.6734e-009	8.343e-009	1.0325e-008	1.2757e-008	1.6545e-008	2.0239e-008	2.5978e-008	3.0369e-008	3.5144e-008	4.2866e-008	4.9158e-008	5.7542e-008	6.2966e-008	7.1174e-008	7.5892e-008	7.8073e-008	8.0498e-008	8.4721e-008	8.617e-008	8.8915e-008	9.1701e-008	9.4073e-008	9.5032e-008	9.6602e-008	9.6783e-008	9.5932e-008	9.453e-008	9.3237e-008	9.1003e-008	8.8785e-008	8.7796e-008	8.5611e-008	8.3167e-008	8.1506e-008	7.9781e-008	7.7876e-008	7.6126e-008	7.499e-008	7.3613e-008	7.1554e-008	6.9579e-008	6.7183e-008	6.4085e-008	6.0861e-008	5.9432e-008	5.6086e-008	5.465e-008	5.1962e-008	5.0298e-008	4.8437e-008	4.2539e-008	4.1342e-008	3.8565e-008	3.7251e-008	3.4338e-008	3.1807e-008	2.8135e-008	2.6398e-008	2.4473e-008	2.261e-008	2.1032e-008	1.7983e-008	1.4812e-008	1.2834e-008	1.072e-008	9.2313e-009	7.9448e-009	7.2431e-009	6.251e-009	5.0952e-009	5.173e-009	5.1685e-009	4.8068e-009	4.7735e-009	4.9887e-009	5.0835e-009	5.531e-009	6.104e-009	6.3786e-009	6.3031e-009	6.299e-009	7.1968e-009	7.7662e-009	1.0466e-008	1.2541e-008	1.7237e-008	2.1308e-008	2.65e-008	3.3095e-008	3.9499e-008	4.4725e-008	5.1546e-008	5.8088e-008	6.5347e-008	7.3221e-008	8.0334e-008	8.3246e-008	8.5224e-008	8.7902e-008	8.9403e-008	9.0169e-008	9.1194e-008	9.2165e-008	9.2456e-008	9.2622e-008	9.2915e-008	9.2779e-008	9.2486e-008	9.1325e-008	8.9758e-008	8.8455e-008	8.7047e-008	8.4631e-008	8.1853e-008	7.9416e-008	7.8192e-008	7.7049e-008	7.5189e-008	7.378e-008	7.0001e-008	6.8597e-008	6.6995e-008	6.4659e-008	6.3124e-008	5.9643e-008	5.8338e-008	5.6074e-008	5.2383e-008	5.0233e-008	4.7489e-008	4.6847e-008	4.5064e-008	4.2508e-008	3.9668e-008	3.7397e-008	3.5394e-008	3.3331e-008	3.1222e-008	2.7788e-008	2.5009e-008	2.3623e-008	2.0724e-008	1.8775e-008	1.6516e-008	1.4173e-008	1.2004e-008	1.0379e-008	8.5324e-009	7.2856e-009	6.1453e-009	5.3599e-009	5.504e-009	6.1475e-009	5.987e-009	5.424e-009	5.0769e-009	5.0273e-009	5.7551e-009	6.2739e-009	6.1792e-009	6.1771e-009	6.7782e-009	7.6476e-009	9.2741e-009	1.1358e-008	1.443e-008	1.9344e-008	2.3288e-008	2.8333e-008	3.6837e-008	4.6275e-008	5.2787e-008	5.8648e-008	6.517e-008	7.1946e-008	7.365e-008	8.0182e-008	8.2329e-008	8.7192e-008	8.9646e-008	9.3075e-008	9.6651e-008	9.9092e-008	9.9189e-008	9.9043e-008
3.5537e-009	3.5728e-009	4.0498e-009	4.204e-009	4.4067e-009	4.7149e-009	5.4102e-009	6.964e-009	9.3511e-009	1.1848e-008	1.5588e-008	2.0004e-008	2.5083e-008	3.0212e-008	3.7435e-008	4.3075e-008	4.894e-008	5.405e-008	6.0514e-008	6.6555e-008	6.9841e-008	7.4426e-008	7.5576e-008	7.8838e-008	8.019e-008	8.3583e-008	8.5128e-008	8.7576e-008	8.8211e-008	8.7775e-008	8.66e-008	8.6452e-008	8.5486e-008	8.4022e-008	8.3198e-008	8.2098e-008	8.0852e-008	8.0002e-008	7.9584e-008	7.8402e-008	7.6676e-008	7.6157e-008	7.3582e-008	6.956e-008	6.8076e-008	6.5326e-008	6.2311e-008	6.0519e-008	5.8252e-008	5.5055e-008	5.3351e-008	5.1955e-008	5.0666e-008	4.9988e-008	4.6209e-008	4.2481e-008	4.1385e-008	3.9428e-008	3.758e-008	3.5932e-008	3.3335e-008	3.0818e-008	2.9701e-008	2.731e-008	2.4152e-008	2.3479e-008	2.1603e-008	1.9545e-008	1.7399e-008	1.4438e-008	1.3201e-008	1.2027e-008	9.6577e-009	7.6515e-009	6.0886e-009	5.6894e-009	4.9356e-009	4.2577e-009	4.1761e-009	4.509e-009	4.8606e-009	4.7087e-009	5.0076e-009	5.3734e-009	4.8485e-009	4.8583e-009	4.7307e-009	5.761e-009	6.8062e-009	9.5176e-009	1.3056e-008	1.6975e-008	2.2499e-008	2.8232e-008	3.2978e-008	3.9074e-008	4.7748e-008	5.598e-008	6.2809e-008	6.7386e-008	7.224e-008	7.5258e-008	8.0002e-008	8.3085e-008	8.529e-008	8.6436e-008	8.802e-008	8.828e-008	8.8774e-008	8.852e-008	8.8473e-008	8.7706e-008	8.6308e-008	8.533e-008	8.3693e-008	8.2059e-008	8.005e-008	7.8021e-008	7.689e-008	7.4953e-008	7.2256e-008	7.1023e-008	6.9253e-008	6.7932e-008	6.6523e-008	6.4853e-008	6.236e-008	5.9064e-008	5.734e-008	5.4413e-008	5.1989e-008	4.9491e-008	4.7479e-008	4.5012e-008	4.1873e-008	4.0236e-008	3.8455e-008	3.6467e-008	3.2556e-008	3.1788e-008	2.9052e-008	2.6911e-008	2.5323e-008	2.2263e-008	2.0924e-008	1.8927e-008	1.6983e-008	1.5111e-008	1.2066e-008	1.0558e-008	9.5963e-009	7.9302e-009	7.411e-009	6.558e-009	5.8976e-009	5.5475e-009	5.7623e-009	5.721e-009	5.486e-009	5.5024e-009	5.678e-009	6.386e-009	6.1114e-009	6.323e-009	5.8022e-009	6.2516e-009	6.6754e-009	7.7627e-009	9.9219e-009	1.2905e-008	1.6545e-008	2.0605e-008	2.6412e-008	3.038e-008	3.6159e-008	4.4468e-008	5.3121e-008	5.9231e-008	6.6635e-008	7.0259e-008	7.5165e-008	7.8992e-008	8.1517e-008	8.5149e-008	8.7945e-008	9.0056e-008	9.1728e-008	9.2996e-008	9.443e-008	9.5145e-008	9.4834e-008	9.4093e-008	9.2237e-008	9.1653e-008	9.0513e-008	8.9042e-008	8.8594e-008	8.8324e-008	8.6369e-008	8.2747e-008	7.9473e-008	7.7991e-008	7.7009e-008	7.6529e-008	7.4196e-008	7.2539e-008	7.1151e-008	6.6258e-008	6.4758e-008	6.3259e-008	6.2016e-008	6.0453e-008	5.5938e-008	5.3904e-008	5.0851e-008	4.8611e-008	4.719e-008	4.4643e-008	4.1975e-008	3.8441e-008	3.5909e-008	3.4695e-008	3.1454e-008	2.8728e-008	2.6707e-008	2.4719e-008	2.2701e-008	2.1456e-008	1.8965e-008	1.7177e-008	1.4347e-008	1.2706e-008	1.0803e-008	8.8577e-009	7.9821e-009	7.0508e-009	6.9602e-009	6.6388e-009	6.652e-009	7.2118e-009	7.2778e-009	6.6038e-009	6.0734e-009	7.0493e-009	7.4794e-009	8.268e-009	9.1496e-009	1.1006e-008	1.304e-008	1.5184e-008	1.7311e-008	2.1213e-008	2.6061e-008	3.1817e-008	3.9617e-008	4.7394e-008	5.1736e-008	5.5595e-008	6.1646e-008	6.6525e-008	6.9084e-008	7.4586e-008	7.9993e-008	8.2812e-008	8.554e-008	8.8774e-008	9.0836e-008	9.2436e-008	9.3011e-008	9.4366e-008	9.4751e-008	9.3865e-008	9.2903e-008	9.2544e-008	9.0922e-008	8.9394e-008	8.7137e-008	8.5008e-008	8.3684e-008	8.2474e-008	8.2094e-008	8.0175e-008	7.8893e-008	7.7275e-008	7.5381e-008	7.2338e-008	6.9321e-008	6.6826e-008	6.508e-008	6.2358e-008	5.9092e-008	5.5568e-008	5.4043e-008	5.164e-008	5.0006e-008	4.7548e-008	4.5847e-008	4.277e-008	4.1032e-008	3.922e-008	3.6791e-008	3.3893e-008	3.2288e-008	3.0452e-008	2.7804e-008	2.4209e-008	2.2099e-008	2.081e-008	1.8958e-008	1.7062e-008	1.4362e-008	1.3389e-008	1.0701e-008	9.0878e-009	8.3153e-009	7.6884e-009	6.7074e-009	6.0803e-009	5.9799e-009	6.0483e-009	5.5861e-009	5.6064e-009	6.2209e-009	6.286e-009	6.8351e-009	7.3723e-009	7.101e-009	7.4911e-009	9.0746e-009	1.0298e-008	1.2875e-008	1.7184e-008	2.1524e-008	2.5624e-008	3.0724e-008	3.6059e-008	4.3296e-008	5.0139e-008	5.9461e-008	6.8179e-008	7.4349e-008	7.637e-008	7.9018e-008	8.2023e-008	8.5569e-008	8.7258e-008	8.9842e-008	9.209e-008	9.5059e-008	9.5912e-008	9.7386e-008	9.7409e-008	9.5627e-008	9.436e-008	9.2603e-008	9.1432e-008	8.892e-008	8.8237e-008	8.5104e-008	8.3971e-008	8.2085e-008	7.9705e-008	7.7583e-008	7.663e-008	7.452e-008	7.3287e-008	7.1268e-008	6.9322e-008	6.7671e-008	6.5754e-008	6.118e-008	5.8655e-008	5.7182e-008	5.5557e-008	5.3325e-008	5.1208e-008	4.8877e-008	4.3993e-008	4.2999e-008	3.9463e-008	3.7171e-008	3.3441e-008	3.0746e-008	2.8885e-008	2.6725e-008	2.5201e-008	2.2736e-008	1.983e-008	1.6107e-008	1.4314e-008	1.2653e-008	1.0483e-008	9.0272e-009	7.7001e-009	6.7808e-009	5.9348e-009	5.7206e-009	5.0257e-009	5.1937e-009	5.3362e-009	4.9879e-009	5.3388e-009	5.4505e-009	5.5446e-009	5.6986e-009	6.5327e-009	6.7795e-009	6.7253e-009	7.5257e-009	9.1458e-009	1.1025e-008	1.3723e-008	1.6861e-008	2.1585e-008	2.6719e-008	3.3242e-008	3.9841e-008	4.6435e-008	5.3128e-008	5.9483e-008	6.5249e-008	7.0724e-008	7.6464e-008	8.2827e-008	8.5604e-008	8.7202e-008	8.9105e-008	9.0478e-008	9.1607e-008	9.222e-008	9.2438e-008	9.2292e-008	9.2099e-008	9.1821e-008	9.1784e-008	9.0484e-008	8.9325e-008	8.8076e-008	8.6232e-008	8.4454e-008	8.3003e-008	8.059e-008	7.9176e-008	7.7449e-008	7.5568e-008	7.2514e-008	7.0082e-008	6.8841e-008	6.6514e-008	6.512e-008	6.1637e-008	6.0442e-008	5.8478e-008	5.6338e-008	5.2668e-008	5.0391e-008	4.876e-008	4.652e-008	4.4325e-008	4.1698e-008	3.9593e-008	3.6929e-008	3.5512e-008	3.2765e-008	2.9682e-008	2.7259e-008	2.5062e-008	2.2997e-008	2.0234e-008	1.8612e-008	1.6318e-008	1.3873e-008	1.1884e-008	1.0368e-008	8.609e-009	7.4895e-009	6.3892e-009	5.6918e-009	6.0388e-009	6.3892e-009	5.7955e-009	5.51e-009	5.4629e-009	5.7072e-009	6.0575e-009	6.099e-009	6.6986e-009	7.0673e-009	7.4615e-009	7.9914e-009	9.7233e-009	1.1861e-008	1.5172e-008	1.8938e-008	2.3658e-008	2.9194e-008	3.6473e-008	4.5993e-008	5.3053e-008	5.9493e-008	6.3944e-008	7.0958e-008	7.4933e-008	7.9325e-008	8.2733e-008	8.6125e-008	8.8545e-008	9.3328e-008	9.6914e-008	9.8158e-008	9.8903e-008	9.937e-008
3.3173e-009	3.8269e-009	3.9576e-009	4.3163e-009	4.428e-009	5.2513e-009	5.6534e-009	6.3414e-009	9.6446e-009	1.2176e-008	1.6898e-008	2.0943e-008	2.6084e-008	3.1e-008	3.757e-008	4.2952e-008	4.8268e-008	5.4e-008	6.1306e-008	6.7027e-008	7.1154e-008	7.4472e-008	7.6205e-008	7.765e-008	8.0635e-008	8.4247e-008	8.6445e-008	8.7686e-008	8.841e-008	8.7741e-008	8.7013e-008	8.6122e-008	8.5068e-008	8.4658e-008	8.3047e-008	8.2188e-008	8.0903e-008	8.0105e-008	7.967e-008	7.8072e-008	7.6402e-008	7.5909e-008	7.4076e-008	7.0951e-008	6.8087e-008	6.6682e-008	6.3519e-008	6.0711e-008	5.8779e-008	5.6653e-008	5.4257e-008	5.2134e-008	5.0141e-008	4.8152e-008	4.7013e-008	4.41e-008	4.0594e-008	3.9644e-008	3.7568e-008	3.5914e-008	3.3273e-008	3.1697e-008	2.9545e-008	2.7078e-008	2.601e-008	2.4288e-008	2.1947e-008	1.9105e-008	1.6972e-008	1.5494e-008	1.458e-008	1.1638e-008	9.7865e-009	7.9829e-009	6.5986e-009	5.6147e-009	4.9875e-009	4.6521e-009	4.2485e-009	4.3394e-009	4.5615e-009	5.1007e-009	5.0164e-009	4.8397e-009	4.6125e-009	5.1425e-009	5.281e-009	5.5645e-009	7.0802e-009	9.0351e-009	1.2745e-008	1.7138e-008	2.1791e-008	2.7709e-008	3.3497e-008	3.9806e-008	4.8655e-008	5.618e-008	6.2831e-008	6.7051e-008	7.3103e-008	7.6482e-008	8.0261e-008	8.3433e-008	8.5277e-008	8.7776e-008	8.8988e-008	8.9252e-008	8.9032e-008	8.8644e-008	8.8426e-008	8.7848e-008	8.7226e-008	8.5534e-008	8.4027e-008	8.2548e-008	7.9968e-008	7.9169e-008	7.7172e-008	7.5643e-008	7.277e-008	7.0738e-008	6.9324e-008	6.819e-008	6.7164e-008	6.4084e-008	6.1587e-008	5.8915e-008	5.5988e-008	5.2814e-008	5.1458e-008	4.9968e-008	4.8602e-008	4.6482e-008	4.3461e-008	4.0114e-008	3.7923e-008	3.65e-008	3.4141e-008	3.1459e-008	2.9584e-008	2.7069e-008	2.5136e-008	2.2356e-008	2.0421e-008	1.8745e-008	1.6771e-008	1.4552e-008	1.2625e-008	1.0129e-008	8.6875e-009	7.9547e-009	7.1363e-009	6.6037e-009	6.1752e-009	6.0249e-009	5.8907e-009	5.5982e-009	5.6248e-009	5.5515e-009	5.4068e-009	6.4116e-009	6.0841e-009	6.1465e-009	5.8247e-009	6.5916e-009	6.8828e-009	8.4013e-009	9.9926e-009	1.3226e-008	1.6858e-008	2.0139e-008	2.5009e-008	3.0212e-008	3.5876e-008	4.5701e-008	5.56e-008	6.1582e-008	6.6139e-008	7.1349e-008	7.5257e-008	7.8859e-008	8.1006e-008	8.3716e-008	8.6131e-008	8.8151e-008	9.0678e-008	9.3005e-008	9.4848e-008	9.5368e-008	9.5158e-008	9.3775e-008	9.2069e-008	9.1522e-008	9.0506e-008	8.8846e-008	8.8285e-008	8.7023e-008	8.5504e-008	8.2326e-008	7.9832e-008	7.876e-008	7.7713e-008	7.6762e-008	7.6177e-008	7.3054e-008	6.9945e-008	6.8119e-008	6.5757e-008	6.3588e-008	6.2154e-008	5.7895e-008	5.5826e-008	5.3505e-008	5.0574e-008	4.8908e-008	4.6732e-008	4.3798e-008	4.143e-008	3.8941e-008	3.6931e-008	3.3785e-008	3.1218e-008	2.9339e-008	2.7183e-008	2.5114e-008	2.2818e-008	2.1166e-008	1.9216e-008	1.6802e-008	1.3738e-008	1.2619e-008	9.7024e-009	8.5413e-009	7.5427e-009	7.0051e-009	7.2413e-009	7.3596e-009	6.5752e-009	6.9387e-009	7.2381e-009	6.9333e-009	6.6512e-009	6.7287e-009	7.4851e-009	7.7269e-009	8.9429e-009	1.1573e-008	1.2958e-008	1.5369e-008	1.8098e-008	2.1829e-008	2.755e-008	3.2184e-008	3.8825e-008	4.6263e-008	5.1224e-008	5.5487e-008	5.9809e-008	6.5881e-008	6.8775e-008	7.3108e-008	7.8306e-008	8.2203e-008	8.5329e-008	8.9723e-008	9.1152e-008	9.1625e-008	9.3362e-008	9.4399e-008	9.4717e-008	9.4077e-008	9.3291e-008	9.2042e-008	9.1236e-008	8.7914e-008	8.5832e-008	8.4132e-008	8.2812e-008	8.1629e-008	8.008e-008	7.9082e-008	7.787e-008	7.6208e-008	7.4334e-008	7.1398e-008	6.845e-008	6.5127e-008	6.3814e-008	6.0929e-008	5.8139e-008	5.5853e-008	5.3636e-008	5.1728e-008	5.0192e-008	4.8875e-008	4.6895e-008	4.4363e-008	4.1189e-008	3.8828e-008	3.6182e-008	3.5025e-008	3.3053e-008	3.1304e-008	2.8758e-008	2.6951e-008	2.3939e-008	2.1976e-008	1.9331e-008	1.7624e-008	1.5768e-008	1.3714e-008	1.2129e-008	9.4299e-009	8.5399e-009	7.3586e-009	6.9338e-009	6.2878e-009	5.7339e-009	6.03e-009	6.2031e-009	5.8448e-009	6.0869e-009	6.0582e-009	6.7753e-009	6.9962e-009	6.8006e-009	7.5231e-009	8.9843e-009	1.1063e-008	1.3968e-008	1.6696e-008	2.07e-008	2.5342e-008	3.0868e-008	3.679e-008	4.3228e-008	5.1375e-008	5.9558e-008	6.7085e-008	7.3173e-008	7.6949e-008	7.9066e-008	8.2557e-008	8.5814e-008	8.7201e-008	8.9499e-008	9.2088e-008	9.4669e-008	9.5716e-008	9.7451e-008	9.6875e-008	9.4962e-008	9.3968e-008	9.2274e-008	9.0748e-008	8.9043e-008	8.8365e-008	8.6678e-008	8.4931e-008	8.3022e-008	7.9973e-008	7.8671e-008	7.7587e-008	7.6634e-008	7.3539e-008	7.1448e-008	6.9199e-008	6.7779e-008	6.5666e-008	6.3109e-008	5.8306e-008	5.7175e-008	5.4936e-008	5.2891e-008	5.1252e-008	4.7043e-008	4.5369e-008	4.2453e-008	3.8686e-008	3.5849e-008	3.4004e-008	3.1378e-008	2.9057e-008	2.6931e-008	2.4873e-008	2.2396e-008	1.8767e-008	1.6276e-008	1.3795e-008	1.1811e-008	1.0416e-008	8.5802e-009	7.3902e-009	6.7506e-009	6.2366e-009	5.4873e-009	5.4952e-009	5.3818e-009	5.6511e-009	5.513e-009	5.4242e-009	5.3603e-009	5.1216e-009	5.7937e-009	6.1733e-009	6.6473e-009	7.2221e-009	7.4241e-009	9.0483e-009	1.0597e-008	1.375e-008	1.7348e-008	2.2313e-008	2.8223e-008	3.4128e-008	3.9056e-008	4.7953e-008	5.5082e-008	6.06e-008	6.608e-008	6.8226e-008	7.4635e-008	7.8356e-008	8.4307e-008	8.6157e-008	8.8337e-008	9.0378e-008	9.1711e-008	9.2783e-008	9.2634e-008	9.2424e-008	9.2402e-008	9.2022e-008	9.1063e-008	9.0577e-008	8.9892e-008	8.7492e-008	8.5791e-008	8.4111e-008	8.3435e-008	8.237e-008	8.008e-008	7.7533e-008	7.5769e-008	7.3588e-008	7.0435e-008	6.903e-008	6.7684e-008	6.5942e-008	6.4118e-008	5.9976e-008	5.8447e-008	5.549e-008	5.3388e-008	5.1109e-008	4.876e-008	4.6492e-008	4.4528e-008	4.1431e-008	3.9725e-008	3.6844e-008	3.4581e-008	3.1795e-008	2.997e-008	2.7174e-008	2.4616e-008	2.3579e-008	2.0267e-008	1.8052e-008	1.5896e-008	1.3618e-008	1.1612e-008	1.0061e-008	8.1348e-009	7.2812e-009	6.6695e-009	6.3146e-009	5.8546e-009	6.1225e-009	6.2188e-009	5.9446e-009	5.7764e-009	6.1747e-009	6.1671e-009	6.5513e-009	7.1325e-009	7.2883e-009	7.7302e-009	8.3609e-009	9.7911e-009	1.1889e-008	1.5539e-008	2.0046e-008	2.4256e-008	2.9345e-008	3.5749e-008	4.4934e-008	5.2607e-008	5.7725e-008	6.39e-008	7.0626e-008	7.4713e-008	7.9391e-008	8.2317e-008	8.6061e-008	8.8374e-008	9.2946e-008	9.557e-008	9.6988e-008	9.8505e-008	9.9288e-008
3.5822e-009	3.9238e-009	4.3941e-009	4.3984e-009	4.5806e-009	5.4109e-009	6.0571e-009	7.0021e-009	9.4855e-009	1.3016e-008	1.6651e-008	2.1717e-008	2.7422e-008	3.2081e-008	3.8541e-008	4.4672e-008	4.8537e-008	5.3781e-008	6.0747e-008	6.7683e-008	7.1972e-008	7.4939e-008	7.7327e-008	7.9032e-008	8.204e-008	8.5211e-008	8.6665e-008	8.6976e-008	8.849e-008	8.7946e-008	8.741e-008	8.6158e-008	8.5459e-008	8.4588e-008	8.368e-008	8.2446e-008	8.1724e-008	8.0341e-008	7.9466e-008	7.7537e-008	7.6096e-008	7.3911e-008	7.1693e-008	6.9846e-008	6.8594e-008	6.6644e-008	6.4082e-008	6.1324e-008	5.83e-008	5.6773e-008	5.4472e-008	5.2383e-008	5.0836e-008	4.9226e-008	4.5431e-008	4.4691e-008	4.2341e-008	3.9879e-008	3.8398e-008	3.574e-008	3.3911e-008	3.1448e-008	2.9093e-008	2.7151e-008	2.5818e-008	2.34e-008	2.114e-008	1.9068e-008	1.7659e-008	1.5499e-008	1.4328e-008	1.3309e-008	1.063e-008	8.8903e-009	6.6494e-009	6.0194e-009	5.2824e-009	4.8643e-009	4.2138e-009	3.9903e-009	4.4804e-009	4.7812e-009	4.3477e-009	4.4836e-009	5.0503e-009	4.9271e-009	4.8878e-009	5.6313e-009	7.3481e-009	8.4467e-009	1.3832e-008	1.6952e-008	2.1714e-008	2.8244e-008	3.5642e-008	4.2015e-008	4.9532e-008	5.695e-008	6.3309e-008	6.8128e-008	7.3631e-008	7.7099e-008	8.1842e-008	8.3733e-008	8.6468e-008	8.8002e-008	8.887e-008	8.9301e-008	8.8968e-008	8.8113e-008	8.8481e-008	8.7977e-008	8.6878e-008	8.503e-008	8.3862e-008	8.2848e-008	8.1149e-008	8.0278e-008	7.6918e-008	7.432e-008	7.2822e-008	7.0512e-008	6.9272e-008	6.8385e-008	6.7764e-008	6.5383e-008	6.2773e-008	5.9522e-008	5.6271e-008	5.3691e-008	5.2339e-008	5.0106e-008	4.8062e-008	4.602e-008	4.3512e-008	4.0802e-008	3.82e-008	3.5739e-008	3.3429e-008	3.154e-008	2.9588e-008	2.6725e-008	2.503e-008	2.2925e-008	1.9066e-008	1.8164e-008	1.5396e-008	1.447e-008	1.1692e-008	1.0891e-008	9.2711e-009	8.9157e-009	7.9873e-009	6.5191e-009	6.2393e-009	6.2362e-009	5.9669e-009	5.7551e-009	6.1694e-009	5.8619e-009	5.8535e-009	5.8126e-009	5.9904e-009	6.5446e-009	6.3569e-009	6.6007e-009	7.0526e-009	8.1072e-009	1.0661e-008	1.289e-008	1.6317e-008	2.0638e-008	2.6217e-008	3.0267e-008	3.6355e-008	4.5868e-008	5.4765e-008	6.0989e-008	6.5995e-008	7.1157e-008	7.6157e-008	7.7696e-008	8.2662e-008	8.4116e-008	8.5985e-008	8.9462e-008	9.0556e-008	9.3766e-008	9.4898e-008	9.5715e-008	9.4925e-008	9.3654e-008	9.2401e-008	9.0931e-008	9.0105e-008	8.8811e-008	8.7471e-008	8.6384e-008	8.4475e-008	8.2946e-008	8.1327e-008	7.9457e-008	7.8704e-008	7.6883e-008	7.4861e-008	7.306e-008	6.9453e-008	6.8009e-008	6.6502e-008	6.4629e-008	6.0493e-008	5.7734e-008	5.6503e-008	5.4191e-008	5.0461e-008	4.9582e-008	4.5716e-008	4.4068e-008	4.0177e-008	3.8955e-008	3.7005e-008	3.4241e-008	3.0738e-008	2.7802e-008	2.6613e-008	2.4825e-008	2.2458e-008	2.0177e-008	1.8513e-008	1.5001e-008	1.3886e-008	1.2664e-008	1.0157e-008	8.3778e-009	7.5633e-009	7.329e-009	7.4206e-009	7.3194e-009	6.6836e-009	6.6117e-009	6.9256e-009	6.8141e-009	6.7526e-009	6.3344e-009	6.7299e-009	7.616e-009	8.5439e-009	1.0866e-008	1.2786e-008	1.4783e-008	1.6922e-008	2.198e-008	2.7525e-008	3.2575e-008	3.8547e-008	4.5007e-008	5.0422e-008	5.4798e-008	5.9483e-008	6.3356e-008	6.8549e-008	7.3582e-008	7.856e-008	8.2598e-008	8.6753e-008	8.9996e-008	9.1156e-008	9.2336e-008	9.3125e-008	9.4014e-008	9.3921e-008	9.3654e-008	9.3066e-008	9.1521e-008	9.015e-008	8.8735e-008	8.6076e-008	8.4465e-008	8.2601e-008	8.1265e-008	7.961e-008	7.8643e-008	7.7339e-008	7.5472e-008	7.2679e-008	7.0977e-008	6.7359e-008	6.4852e-008	6.243e-008	5.9883e-008	5.7052e-008	5.577e-008	5.4084e-008	5.2847e-008	5.0695e-008	4.8523e-008	4.674e-008	4.3704e-008	4.046e-008	3.906e-008	3.6392e-008	3.397e-008	3.3071e-008	3.1386e-008	2.8962e-008	2.6091e-008	2.4671e-008	2.118e-008	1.8639e-008	1.7385e-008	1.6184e-008	1.3906e-008	1.2204e-008	9.7905e-009	8.9335e-009	8.2173e-009	6.9505e-009	5.8258e-009	5.3361e-009	5.6145e-009	5.9326e-009	6.0601e-009	6.4342e-009	6.2829e-009	6.5231e-009	6.6824e-009	6.8226e-009	7.7034e-009	9.3691e-009	1.142e-008	1.3869e-008	1.6995e-008	2.2089e-008	2.7018e-008	3.1508e-008	3.8681e-008	4.5016e-008	5.2194e-008	5.9087e-008	6.6913e-008	7.1968e-008	7.6917e-008	7.9178e-008	8.1792e-008	8.4362e-008	8.676e-008	8.8975e-008	9.105e-008	9.3418e-008	9.5931e-008	9.6597e-008	9.4959e-008	9.4305e-008	9.2791e-008	9.2075e-008	9.0884e-008	8.9563e-008	8.8249e-008	8.5896e-008	8.45e-008	8.274e-008	8.1261e-008	7.8693e-008	7.7084e-008	7.5655e-008	7.3365e-008	7.159e-008	6.916e-008	6.7428e-008	6.5644e-008	6.2098e-008	5.8697e-008	5.6263e-008	5.4639e-008	5.253e-008	4.7852e-008	4.6564e-008	4.4964e-008	4.1466e-008	3.7689e-008	3.5552e-008	3.4061e-008	3.029e-008	2.8704e-008	2.6468e-008	2.491e-008	2.1812e-008	1.8251e-008	1.5613e-008	1.3705e-008	1.1367e-008	9.7812e-009	8.5025e-009	7.0456e-009	5.7896e-009	6.0953e-009	5.929e-009	5.9234e-009	5.9308e-009	5.845e-009	5.7178e-009	5.2711e-009	5.1959e-009	5.3931e-009	5.2023e-009	5.251e-009	6.2224e-009	7.3222e-009	7.3812e-009	9.0095e-009	1.0596e-008	1.302e-008	1.7569e-008	2.1546e-008	2.8103e-008	3.4231e-008	4.103e-008	4.9449e-008	5.6313e-008	6.2029e-008	6.7143e-008	6.9691e-008	7.4263e-008	7.8633e-008	8.2731e-008	8.5723e-008	8.8138e-008	8.9978e-008	9.1627e-008	9.1897e-008	9.2328e-008	9.2946e-008	9.2799e-008	9.1921e-008	9.1136e-008	9.0399e-008	8.8674e-008	8.6666e-008	8.534e-008	8.3721e-008	8.3836e-008	8.2906e-008	7.9112e-008	7.683e-008	7.5497e-008	7.4575e-008	7.1076e-008	6.8989e-008	6.8406e-008	6.6908e-008	6.4636e-008	6.235e-008	5.8035e-008	5.5528e-008	5.3159e-008	5.0836e-008	4.8434e-008	4.6156e-008	4.4052e-008	4.2119e-008	3.9344e-008	3.6572e-008	3.4337e-008	3.2025e-008	2.9545e-008	2.7585e-008	2.5695e-008	2.2325e-008	2.0126e-008	1.8455e-008	1.5248e-008	1.2928e-008	1.1165e-008	9.9652e-009	8.4042e-009	7.024e-009	6.6011e-009	6.1091e-009	5.7147e-009	5.8051e-009	6.0663e-009	5.8434e-009	6.385e-009	6.7258e-009	6.3304e-009	6.721e-009	6.6652e-009	6.964e-009	7.518e-009	8.5088e-009	1.0119e-008	1.2303e-008	1.5385e-008	2.1652e-008	2.5878e-008	3.0111e-008	3.653e-008	4.3102e-008	5.068e-008	5.6708e-008	6.3821e-008	7.0451e-008	7.5063e-008	7.963e-008	8.2251e-008	8.5381e-008	9.0269e-008	9.2868e-008	9.4126e-008	9.5979e-008	9.8071e-008	9.8243e-008
3.4663e-009	4.078e-009	3.8626e-009	3.9956e-009	4.4676e-009	4.9668e-009	5.7748e-009	6.588e-009	9.6092e-009	1.2741e-008	1.7784e-008	2.2911e-008	2.7327e-008	3.3797e-008	3.897e-008	4.4448e-008	4.8569e-008	5.4772e-008	6.1406e-008	6.7777e-008	7.1942e-008	7.5552e-008	7.871e-008	8.0108e-008	8.2035e-008	8.5279e-008	8.6045e-008	8.7104e-008	8.8058e-008	8.8086e-008	8.7767e-008	8.7769e-008	8.6189e-008	8.5681e-008	8.504e-008	8.2905e-008	8.1622e-008	8.093e-008	7.9492e-008	7.7909e-008	7.6261e-008	7.4093e-008	7.221e-008	6.9745e-008	6.8203e-008	6.6537e-008	6.3316e-008	6.151e-008	5.9312e-008	5.7418e-008	5.5184e-008	5.2947e-008	5.1219e-008	4.9346e-008	4.6714e-008	4.3912e-008	4.2181e-008	3.9524e-008	3.7869e-008	3.5853e-008	3.3612e-008	3.1939e-008	2.9311e-008	2.5885e-008	2.4654e-008	2.3058e-008	2.0964e-008	1.9436e-008	1.6575e-008	1.4854e-008	1.375e-008	1.1722e-008	1.0093e-008	8.0987e-009	6.7532e-009	5.5191e-009	5.171e-009	4.9798e-009	3.9159e-009	3.5913e-009	4.2545e-009	3.8276e-009	3.6509e-009	4.1505e-009	4.8328e-009	4.5392e-009	4.3849e-009	5.5341e-009	6.8896e-009	9.5041e-009	1.2786e-008	1.6393e-008	2.2018e-008	2.8754e-008	3.6254e-008	4.1836e-008	5.1073e-008	5.8271e-008	6.1926e-008	6.6719e-008	7.2618e-008	7.5023e-008	8.0498e-008	8.2298e-008	8.5527e-008	8.7471e-008	8.795e-008	8.8404e-008	8.8141e-008	8.8034e-008	8.7856e-008	8.6908e-008	8.5305e-008	8.4959e-008	8.3602e-008	8.2826e-008	8.0827e-008	8.0652e-008	8.0317e-008	7.5995e-008	7.2642e-008	7.0133e-008	6.8498e-008	6.7985e-008	6.707e-008	6.5622e-008	6.2067e-008	5.7872e-008	5.6528e-008	5.3679e-008	5.2514e-008	5.051e-008	4.7633e-008	4.4995e-008	4.296e-008	4.0309e-008	3.8838e-008	3.5503e-008	3.297e-008	3.1493e-008	2.8993e-008	2.6705e-008	2.4762e-008	2.1322e-008	1.9835e-008	1.7659e-008	1.5352e-008	1.3991e-008	1.1992e-008	1.1039e-008	9.7265e-009	8.2181e-009	7.7471e-009	6.5858e-009	5.8597e-009	5.7204e-009	5.597e-009	5.5248e-009	5.6548e-009	5.8528e-009	5.3609e-009	5.4059e-009	6.0569e-009	6.1649e-009	5.8292e-009	6.0179e-009	6.4766e-009	8.0986e-009	9.948e-009	1.3239e-008	1.6224e-008	2.0374e-008	2.5239e-008	3.0867e-008	3.5801e-008	4.3813e-008	5.1689e-008	5.7148e-008	6.4159e-008	7.0391e-008	7.6691e-008	8.0294e-008	8.4499e-008	8.4942e-008	8.6778e-008	8.931e-008	9.1348e-008	9.3291e-008	9.4691e-008	9.4817e-008	9.4174e-008	9.3673e-008	9.2931e-008	9.1186e-008	8.977e-008	8.8301e-008	8.6523e-008	8.5268e-008	8.4357e-008	8.3385e-008	8.1461e-008	7.9041e-008	7.7708e-008	7.5927e-008	7.3604e-008	7.1113e-008	6.8852e-008	6.7639e-008	6.6756e-008	6.4762e-008	6.1452e-008	5.8183e-008	5.7648e-008	5.4338e-008	5.082e-008	4.8819e-008	4.5514e-008	4.369e-008	4.0685e-008	3.8886e-008	3.666e-008	3.3341e-008	3.0731e-008	2.8726e-008	2.6194e-008	2.4366e-008	2.2e-008	1.9613e-008	1.7346e-008	1.5388e-008	1.3526e-008	1.1553e-008	9.1349e-009	8.0243e-009	7.1624e-009	7.1625e-009	6.7863e-009	6.7198e-009	6.3716e-009	6.76e-009	6.538e-009	6.5051e-009	6.4911e-009	6.1838e-009	6.052e-009	6.9749e-009	8.087e-009	9.4691e-009	1.2051e-008	1.3626e-008	1.577e-008	2.0414e-008	2.4924e-008	3.1247e-008	3.7534e-008	4.3386e-008	4.8653e-008	5.2832e-008	5.7938e-008	6.1516e-008	6.8328e-008	7.342e-008	7.7662e-008	8.2293e-008	8.4177e-008	8.9334e-008	9.0537e-008	9.1453e-008	9.3228e-008	9.3651e-008	9.3434e-008	9.3178e-008	9.291e-008	9.175e-008	9.0013e-008	8.8476e-008	8.6383e-008	8.4161e-008	8.2012e-008	8.0287e-008	7.8952e-008	7.8235e-008	7.6222e-008	7.5063e-008	7.2503e-008	7.0007e-008	6.537e-008	6.3818e-008	6.1529e-008	5.9526e-008	5.7114e-008	5.5871e-008	5.4181e-008	5.3399e-008	5.1559e-008	4.851e-008	4.5406e-008	4.2792e-008	4.1114e-008	3.8416e-008	3.6687e-008	3.3899e-008	3.3435e-008	3.256e-008	2.9687e-008	2.5698e-008	2.3977e-008	2.2688e-008	2.0626e-008	1.8141e-008	1.6137e-008	1.4481e-008	1.168e-008	1.0423e-008	8.894e-009	7.9916e-009	6.814e-009	5.8555e-009	5.917e-009	5.6863e-009	5.8431e-009	5.3229e-009	5.5236e-009	5.7125e-009	6.7329e-009	6.5864e-009	6.056e-009	7.4108e-009	8.4981e-009	1.1134e-008	1.3428e-008	1.7184e-008	2.268e-008	2.7501e-008	3.2651e-008	3.9467e-008	4.6511e-008	5.3194e-008	5.9724e-008	6.6277e-008	7.2303e-008	7.6814e-008	7.8667e-008	8.1542e-008	8.4414e-008	8.6356e-008	8.8774e-008	9.021e-008	9.2559e-008	9.3641e-008	9.3993e-008	9.371e-008	9.3231e-008	9.2546e-008	9.1777e-008	9.0102e-008	8.9185e-008	8.7816e-008	8.5652e-008	8.3925e-008	8.242e-008	8.0757e-008	7.795e-008	7.6306e-008	7.4536e-008	7.1846e-008	7.0169e-008	6.8733e-008	6.6696e-008	6.4314e-008	6.1292e-008	5.9397e-008	5.6252e-008	5.4035e-008	4.9787e-008	4.8266e-008	4.6529e-008	4.4694e-008	4.1037e-008	3.7964e-008	3.5735e-008	3.3369e-008	3.1055e-008	2.8427e-008	2.5445e-008	2.3763e-008	2.0767e-008	1.7501e-008	1.5304e-008	1.2521e-008	1.1167e-008	9.9313e-009	8.3957e-009	6.5475e-009	5.6127e-009	5.7821e-009	5.67e-009	5.8368e-009	6.0553e-009	5.6769e-009	5.6225e-009	5.3587e-009	4.985e-009	5.1903e-009	5.4323e-009	5.1263e-009	5.675e-009	6.0989e-009	6.4474e-009	8.4047e-009	1.1031e-008	1.372e-008	1.787e-008	2.1791e-008	2.8301e-008	3.5353e-008	4.3278e-008	5.1444e-008	5.6796e-008	6.1727e-008	6.7936e-008	6.8969e-008	7.26e-008	7.5723e-008	8.0162e-008	8.4988e-008	8.7165e-008	8.9829e-008	9.0979e-008	9.149e-008	9.2521e-008	9.2931e-008	9.2482e-008	9.1474e-008	9.1236e-008	8.9949e-008	8.8066e-008	8.5805e-008	8.479e-008	8.4091e-008	8.3683e-008	8.2689e-008	8.1171e-008	7.6764e-008	7.5134e-008	7.3998e-008	7.2426e-008	6.9892e-008	6.8131e-008	6.6345e-008	6.4295e-008	6.2412e-008	5.8975e-008	5.4032e-008	5.3209e-008	5.0706e-008	4.8401e-008	4.6493e-008	4.4006e-008	4.3324e-008	3.9378e-008	3.7119e-008	3.285e-008	3.1458e-008	3.0094e-008	2.6638e-008	2.5552e-008	2.0691e-008	1.95e-008	1.6813e-008	1.4254e-008	1.2964e-008	1.0641e-008	9.1691e-009	7.5707e-009	6.814e-009	6.5259e-009	6.0421e-009	6.025e-009	5.7623e-009	5.8369e-009	5.9892e-009	6.2745e-009	6.5977e-009	6.3737e-009	6.5984e-009	6.595e-009	7.3144e-009	7.9832e-009	8.7166e-009	1.0524e-008	1.2479e-008	1.6881e-008	2.206e-008	2.6652e-008	3.0571e-008	3.6863e-008	4.3154e-008	5.1315e-008	5.7674e-008	6.543e-008	7.045e-008	7.453e-008	8.014e-008	8.24e-008	8.5479e-008	8.929e-008	9.1692e-008	9.3138e-008	9.5965e-008	9.7736e-008	9.8166e-008
2.3034e-009	3.0187e-009	2.8803e-009	2.7919e-009	3.4783e-009	4.33e-009	5.66e-009	6.3263e-009	9.1506e-009	1.274e-008	1.6283e-008	2.1988e-008	2.6814e-008	3.2791e-008	3.8504e-008	4.4101e-008	4.8157e-008	5.4374e-008	6.1578e-008	6.67e-008	7.1524e-008	7.4977e-008	7.8672e-008	7.9765e-008	8.2015e-008	8.3479e-008	8.6128e-008	8.6114e-008	8.7048e-008	8.7386e-008	8.696e-008	8.6828e-008	8.6335e-008	8.4403e-008	8.446e-008	8.3286e-008	8.1357e-008	7.9991e-008	7.839e-008	7.6836e-008	7.558e-008	7.2926e-008	7.1572e-008	6.8404e-008	6.6754e-008	6.5367e-008	6.2212e-008	6.0481e-008	5.8066e-008	5.6083e-008	5.4725e-008	5.2629e-008	5.0617e-008	4.8653e-008	4.393e-008	4.2736e-008	4.2223e-008	3.9219e-008	3.673e-008	3.5742e-008	3.3367e-008	3.0516e-008	2.8283e-008	2.5089e-008	2.352e-008	2.2484e-008	2.0907e-008	1.7545e-008	1.5465e-008	1.4213e-008	1.1494e-008	9.8988e-009	8.6964e-009	7.2706e-009	5.6473e-009	4.6616e-009	3.9236e-009	3.3105e-009	2.6715e-009	2.8795e-009	3.3312e-009	3.0769e-009	3.4286e-009	4.2393e-009	3.938e-009	4.109e-009	4.3629e-009	5.1311e-009	5.8191e-009	8.5348e-009	1.1479e-008	1.5883e-008	1.9345e-008	2.6483e-008	3.4526e-008	4.2435e-008	5.0842e-008	5.7634e-008	6.2219e-008	6.7011e-008	7.1562e-008	7.5014e-008	7.6923e-008	8.1395e-008	8.2931e-008	8.4826e-008	8.613e-008	8.6805e-008	8.6641e-008	8.6644e-008	8.6546e-008	8.594e-008	8.413e-008	8.3878e-008	8.2686e-008	8.2789e-008	8.1547e-008	7.9814e-008	7.8727e-008	7.454e-008	7.1612e-008	6.9995e-008	6.8108e-008	6.6878e-008	6.6183e-008	6.5141e-008	6.0449e-008	5.6983e-008	5.5371e-008	5.2596e-008	5.1781e-008	5.0554e-008	4.7024e-008	4.4873e-008	4.2526e-008	3.9613e-008	3.6884e-008	3.5855e-008	3.2326e-008	2.8718e-008	2.7602e-008	2.5099e-008	2.3617e-008	2.0957e-008	1.9236e-008	1.7871e-008	1.5531e-008	1.3495e-008	1.1903e-008	1.0126e-008	8.7984e-009	6.8729e-009	6.3145e-009	5.6246e-009	5.2842e-009	4.9156e-009	4.9829e-009	4.5862e-009	5.0241e-009	4.9769e-009	4.5103e-009	5.0208e-009	5.0126e-009	5.341e-009	5.6129e-009	5.2926e-009	5.9311e-009	7.5685e-009	9.1778e-009	1.1693e-008	1.5812e-008	1.906e-008	2.4735e-008	2.9961e-008	3.4417e-008	3.9982e-008	4.835e-008	5.5213e-008	6.2478e-008	6.9248e-008	7.6183e-008	8.1312e-008	8.3734e-008	8.5855e-008	8.7153e-008	8.8447e-008	9.0732e-008	9.2761e-008	9.3527e-008	9.3376e-008	9.3144e-008	9.2782e-008	9.1694e-008	9.004e-008	8.8639e-008	8.7222e-008	8.6121e-008	8.4443e-008	8.2527e-008	8.0778e-008	8.0078e-008	7.8762e-008	7.5471e-008	7.3706e-008	7.1925e-008	6.9623e-008	6.7964e-008	6.6716e-008	6.5307e-008	6.3222e-008	6.165e-008	5.8779e-008	5.5449e-008	5.3139e-008	5.0137e-008	4.7988e-008	4.5333e-008	4.2367e-008	4.044e-008	3.7608e-008	3.4854e-008	3.2396e-008	2.9636e-008	2.7499e-008	2.5084e-008	2.2419e-008	2.0568e-008	1.7971e-008	1.5574e-008	1.3584e-008	1.1526e-008	9.3218e-009	8.2448e-009	7.1887e-009	6.4575e-009	5.7005e-009	5.7042e-009	5.2519e-009	5.0198e-009	5.1907e-009	5.0491e-009	4.9546e-009	5.1879e-009	5.8344e-009	5.5652e-009	5.2552e-009	6.4793e-009	8.3759e-009	1.0144e-008	1.201e-008	1.552e-008	1.8824e-008	2.4143e-008	2.9949e-008	3.6034e-008	4.2504e-008	4.6766e-008	5.239e-008	5.7238e-008	6.1636e-008	6.7547e-008	7.2653e-008	7.7199e-008	8.2119e-008	8.5402e-008	8.9476e-008	8.9814e-008	9.0758e-008	9.2023e-008	9.1853e-008	9.2051e-008	9.2323e-008	9.2075e-008	9.1005e-008	8.8794e-008	8.6361e-008	8.4483e-008	8.2994e-008	8.0191e-008	7.8799e-008	7.7744e-008	7.7181e-008	7.59e-008	7.4565e-008	7.0445e-008	6.892e-008	6.544e-008	6.2604e-008	6.0051e-008	5.8301e-008	5.7101e-008	5.5534e-008	5.3854e-008	5.2675e-008	5.1068e-008	4.6556e-008	4.4252e-008	4.2123e-008	3.9328e-008	3.7656e-008	3.5721e-008	3.3998e-008	3.2556e-008	3.0968e-008	2.856e-008	2.5473e-008	2.3108e-008	2.2276e-008	1.8236e-008	1.7529e-008	1.6093e-008	1.3913e-008	1.105e-008	9.7773e-009	8.3215e-009	6.6749e-009	5.2522e-009	5.2424e-009	5.2369e-009	4.7647e-009	4.7248e-009	4.978e-009	5.1382e-009	5.0036e-009	5.3131e-009	4.9493e-009	4.9988e-009	6.05e-009	6.8506e-009	9.6288e-009	1.1676e-008	1.5789e-008	2.1262e-008	2.6531e-008	3.0467e-008	3.7869e-008	4.567e-008	5.2331e-008	5.8522e-008	6.3633e-008	6.926e-008	7.5284e-008	7.7449e-008	7.9692e-008	8.2709e-008	8.4876e-008	8.6983e-008	8.8271e-008	9.0676e-008	9.1649e-008	9.1833e-008	9.1821e-008	9.1385e-008	9.1163e-008	9.0289e-008	8.9923e-008	8.9077e-008	8.6887e-008	8.5093e-008	8.3682e-008	8.2391e-008	8.0705e-008	7.7849e-008	7.4925e-008	7.356e-008	7.1438e-008	6.8734e-008	6.5463e-008	6.3497e-008	6.2123e-008	5.9821e-008	5.7415e-008	5.5962e-008	5.2958e-008	4.9999e-008	4.7981e-008	4.5274e-008	4.3308e-008	4.0645e-008	3.708e-008	3.5672e-008	3.326e-008	3.0435e-008	2.7516e-008	2.5558e-008	2.3551e-008	1.9925e-008	1.6713e-008	1.4048e-008	1.2115e-008	1.0253e-008	9.0674e-009	7.2929e-009	6.1653e-009	5.7542e-009	5.3428e-009	4.9016e-009	5.1465e-009	4.7898e-009	4.7992e-009	4.1787e-009	3.7888e-009	3.8347e-009	4.9495e-009	5.1154e-009	4.6119e-009	4.5501e-009	4.8337e-009	5.234e-009	7.134e-009	9.7471e-009	1.2386e-008	1.6265e-008	2.0648e-008	2.7101e-008	3.4743e-008	4.3465e-008	5.0796e-008	5.666e-008	6.1538e-008	6.7117e-008	6.9264e-008	7.3586e-008	7.6559e-008	8.0153e-008	8.3886e-008	8.6711e-008	8.8962e-008	9.0258e-008	9.1008e-008	9.1446e-008	9.1586e-008	9.075e-008	9.0123e-008	9.0191e-008	8.8777e-008	8.7227e-008	8.5134e-008	8.4327e-008	8.4465e-008	8.3223e-008	8.1503e-008	8.0453e-008	7.8557e-008	7.4187e-008	7.2939e-008	7.1522e-008	6.9553e-008	6.7761e-008	6.4587e-008	6.3407e-008	6.2362e-008	5.9376e-008	5.4218e-008	5.1287e-008	4.8887e-008	4.8445e-008	4.6307e-008	4.4019e-008	4.2355e-008	4.0007e-008	3.723e-008	3.4164e-008	3.1144e-008	2.9205e-008	2.7135e-008	2.445e-008	2.0119e-008	1.789e-008	1.5754e-008	1.349e-008	1.1494e-008	9.4485e-009	7.4978e-009	6.3747e-009	6.2644e-009	6.3617e-009	6.1837e-009	5.5959e-009	4.8058e-009	5.3757e-009	5.5575e-009	5.5727e-009	5.9264e-009	6.3679e-009	6.3254e-009	5.9456e-009	6.5182e-009	7.0817e-009	8.1358e-009	1.0364e-008	1.3569e-008	1.7167e-008	2.1399e-008	2.6697e-008	3.0483e-008	3.6743e-008	4.3414e-008	5.0135e-008	5.7046e-008	6.564e-008	7.0285e-008	7.5543e-008	7.9008e-008	8.2194e-008	8.5448e-008	8.8326e-008	9.0909e-008	9.2251e-008	9.5478e-008	9.6839e-008	9.6958e-008
