# Channel: ZSensor
# Width: 1.575 µm
# Height: 0.394 µm
# Value units: m
5.0165e-009	5.8294e-009	8.2647e-009	1.0449e-008	1.2127e-008	1.4231e-008	1.6959e-008	2.0418e-008	2.4482e-008	2.7951e-008	3.0994e-008	3.5682e-008	3.9008e-008	4.3485e-008	4.7949e-008	5.2648e-008	5.8312e-008	6.3757e-008	6.9295e-008	7.2537e-008	7.686e-008	8.0512e-008	8.261e-008	8.3813e-008	8.5688e-008	8.6786e-008	8.7767e-008	8.8636e-008	8.9395e-008	9.03e-008	9.1186e-008	9.1385e-008	9.0824e-008	9.0307e-008	8.9735e-008	8.9609e-008	8.9712e-008	8.8847e-008	8.7497e-008	8.535e-008	8.1162e-008	7.8162e-008	7.6963e-008	7.5877e-008	7.4591e-008	7.3782e-008	7.2988e-008	7.1839e-008	7.0446e-008	6.7975e-008	6.6253e-008	6.5224e-008	6.4227e-008	6.2848e-008	5.9913e-008	5.8445e-008	5.7468e-008	5.6287e-008	5.4939e-008	5.3272e-008	4.994e-008	4.6621e-008	4.4783e-008	4.2712e-008	4.1198e-008	3.9359e-008	3.8483e-008	3.67e-008	3.4241e-008	3.2993e-008	3.083e-008	2.8538e-008	2.7269e-008	2.5777e-008	2.386e-008	2.2201e-008	2.0125e-008	1.91e-008	1.7304e-008	1.5014e-008	1.362e-008	1.1517e-008	9.6804e-009	8.2349e-009	7.6276e-009	6.5057e-009	5.5292e-009	4.7912e-009	3.734e-009	3.2348e-009	3.2839e-009	3.0561e-009	3.0694e-009	3.1352e-009	3.014e-009	3.6255e-009	2.8483e-009	2.925e-009	3.6244e-009	4.2943e-009	4.993e-009	5.9382e-009	7.5618e-009	9.2082e-009	1.2643e-008	1.5079e-008	1.6964e-008	1.9641e-008	2.3603e-008	2.6734e-008	3.0261e-008	3.3035e-008	3.7046e-008	4.1079e-008	4.648e-008	5.0549e-008	5.6398e-008	6.1596e-008	6.6273e-008	7.0853e-008	7.4567e-008	7.8003e-008	8.1795e-008	8.3254e-008	8.518e-008	8.7674e-008	8.9843e-008	9.0951e-008	9.1077e-008	9.1272e-008	9.2251e-008	9.2606e-008	9.1723e-008	9.214e-008	9.2043e-008	9.1288e-008	8.9933e-008	8.8959e-008	8.8338e-008	8.7759e-008	8.5947e-008	8.2986e-008	8.1625e-008	7.978e-008	7.8861e-008	7.6223e-008	7.4331e-008	7.3422e-008	7.2706e-008	7.0824e-008	7.0329e-008	6.8467e-008	6.6562e-008	6.4027e-008	6.3062e-008	6.2076e-008	6.169e-008	5.8949e-008	5.7952e-008	5.6684e-008	5.3614e-008	5.3223e-008	5.1881e-008	4.9933e-008	4.8422e-008	4.6636e-008	4.5623e-008	4.3379e-008	4.0095e-008	3.9166e-008	3.849e-008	3.681e-008	3.6131e-008	3.4761e-008	3.2481e-008	2.9976e-008	2.888e-008	2.6457e-008	2.5375e-008	2.3295e-008	2.1655e-008	1.9361e-008	1.7006e-008	1.552e-008	1.4377e-008	1.3e-008	1.051e-008	8.9505e-009	7.8426e-009	7.129e-009	6.9535e-009	6.4971e-009	6.2167e-009	6.0788e-009	5.7391e-009	5.9926e-009	5.7165e-009	5.7056e-009	5.7354e-009	5.6744e-009	5.616e-009	5.5971e-009	6.3554e-009	6.749e-009	7.3589e-009	7.7606e-009	8.1003e-009	1.0411e-008	1.2479e-008	1.6036e-008	1.873e-008	2.1574e-008	2.4679e-008	2.958e-008	3.441e-008	4.0902e-008	4.6806e-008	5.35e-008	6.0634e-008	6.3755e-008	6.9374e-008	7.1651e-008	7.7042e-008	7.9725e-008	8.21e-008	8.4445e-008	8.6961e-008	8.9629e-008	9.1043e-008	9.2655e-008	9.4179e-008	9.4802e-008	9.4085e-008	9.3973e-008	9.4346e-008	9.5167e-008	9.5514e-008	9.2629e-008	9.1725e-008	9.0079e-008	8.9095e-008	8.7934e-008	8.7138e-008	8.5492e-008	8.4037e-008	8.1935e-008	8.0006e-008	7.8116e-008	7.6232e-008	7.5793e-008	7.4412e-008	7.3025e-008	7.2128e-008	7.0681e-008	6.8589e-008	6.7891e-008	6.6948e-008	6.4881e-008	6.2978e-008	6.2017e-008	5.9967e-008	5.7501e-008	5.542e-008	5.314e-008	5.0415e-008	4.9103e-008	4.798e-008	4.6532e-008	4.4651e-008	4.3581e-008	4.1275e-008	3.9874e-008	3.7742e-008	3.6431e-008	3.3455e-008	3.0848e-008	2.9276e-008	2.6359e-008	2.4709e-008	2.2395e-008	2.0795e-008	1.8996e-008	1.565e-008	1.4457e-008	1.257e-008	1.1101e-008	1.0184e-008	1.0089e-008	9.6352e-009	9.4676e-009	9.4976e-009	9.3728e-009	9.029e-009	8.7563e-009	8.692e-009	8.9473e-009	8.879e-009	9.1424e-009	9.3398e-009	9.5591e-009	1.0197e-008	9.9648e-009	9.3495e-009	9.5651e-009	9.9725e-009	1.1033e-008	1.2413e-008	1.4325e-008	1.6858e-008	1.8674e-008	2.1017e-008	2.3841e-008	2.8044e-008	3.0792e-008	3.4706e-008	3.965e-008	4.4188e-008	5.0733e-008	5.7625e-008	6.3299e-008	6.7546e-008	7.0704e-008	7.462e-008	7.798e-008	8.1579e-008	8.7926e-008	9.0904e-008	9.314e-008	9.5177e-008	9.6532e-008	9.7808e-008	9.8627e-008	9.9087e-008	9.8987e-008	9.9033e-008	9.9717e-008	1.0046e-007	1.0041e-007	9.9434e-008	9.7356e-008	9.6126e-008	9.5545e-008	9.4397e-008	9.1587e-008	8.8148e-008	8.6882e-008	8.49e-008	8.3858e-008	8.1896e-008	7.9704e-008	7.7948e-008	7.5069e-008	7.3737e-008	7.2192e-008	7.1025e-008	6.9846e-008	6.8155e-008	6.685e-008	6.4014e-008	6.2704e-008	6.1678e-008	5.8755e-008	5.8107e-008	5.5909e-008	5.4855e-008	5.3548e-008	5.2318e-008	5.0772e-008	4.8821e-008	4.7303e-008	4.6466e-008	4.4581e-008	4.3101e-008	4.2034e-008	3.9962e-008	3.9225e-008	3.8593e-008	3.7088e-008	3.5731e-008	3.453e-008	3.2836e-008	3.0875e-008	2.8266e-008	2.6956e-008	2.5872e-008	2.4509e-008	2.3568e-008	2.2409e-008	2.1274e-008	1.8216e-008	1.7326e-008	1.6163e-008	1.5014e-008	1.4073e-008	1.3079e-008	1.2466e-008	1.1958e-008	1.1591e-008	1.1264e-008	1.0966e-008	1.1159e-008	1.061e-008	1.1151e-008	1.1374e-008	1.1329e-008	1.1624e-008	1.1807e-008	1.1741e-008	1.2179e-008	1.3174e-008	1.4253e-008	1.6563e-008	1.9156e-008	2.154e-008	2.5231e-008	2.8944e-008	3.389e-008	3.7462e-008	4.2837e-008	4.6888e-008	5.2613e-008	5.7448e-008	6.2769e-008	6.8804e-008	7.3434e-008	7.8624e-008	8.164e-008	8.5267e-008	8.8766e-008	9.065e-008	9.3055e-008	9.5926e-008	9.8054e-008	9.8613e-008	9.8524e-008	9.925e-008	9.9618e-008	9.9844e-008	9.9674e-008	9.9234e-008	9.8842e-008	9.8164e-008	9.7759e-008	9.6924e-008	9.634e-008	9.4247e-008	9.4295e-008	9.3766e-008	9.1782e-008	8.8717e-008	8.6657e-008	8.5247e-008	8.3946e-008	8.365e-008	8.1639e-008	7.864e-008	7.6173e-008	7.4898e-008	7.3272e-008	7.2164e-008	7.0934e-008	6.9969e-008	6.872e-008	6.6571e-008	6.4097e-008	6.2134e-008	5.9872e-008	5.8904e-008	5.7666e-008	5.4715e-008	5.2315e-008	5.0705e-008	4.9568e-008	4.8426e-008	4.6107e-008	4.3836e-008	4.1762e-008	4.0335e-008	3.8747e-008	3.6772e-008	3.5244e-008	3.374e-008	3.2301e-008	3.11e-008	2.9566e-008	2.7251e-008	2.4871e-008	2.3828e-008	2.1572e-008	2.0599e-008	1.9305e-008	1.7441e-008	1.6994e-008	1.5836e-008	1.4411e-008	1.4455e-008	1.3839e-008	1.3183e-008	1.2891e-008	1.3413e-008	1.3426e-008	1.341e-008	1.2969e-008	1.3275e-008	1.3621e-008	1.3996e-008	1.4867e-008	1.548e-008	1.6399e-008	1.7372e-008	1.8517e-008	1.9836e-008
5.8186e-009	7.0638e-009	8.945e-009	1.1314e-008	1.2335e-008	1.449e-008	1.7058e-008	1.8625e-008	2.5436e-008	2.8046e-008	3.1261e-008	3.5846e-008	4.0064e-008	4.4782e-008	4.8717e-008	5.378e-008	5.8748e-008	6.4072e-008	7.0352e-008	7.2673e-008	7.7982e-008	8.0982e-008	8.3301e-008	8.4267e-008	8.6189e-008	8.7256e-008	8.8019e-008	8.9001e-008	9.0075e-008	9.1249e-008	9.2031e-008	9.2005e-008	9.1494e-008	9.0832e-008	9.0331e-008	8.9792e-008	8.9819e-008	8.9242e-008	8.7848e-008	8.2925e-008	8.0582e-008	7.8898e-008	7.7781e-008	7.7078e-008	7.6217e-008	7.4518e-008	7.3676e-008	7.2454e-008	7.0185e-008	6.9078e-008	6.7237e-008	6.6139e-008	6.4888e-008	6.3156e-008	6.0791e-008	5.9188e-008	5.8032e-008	5.6696e-008	5.5243e-008	5.364e-008	5.0745e-008	4.8187e-008	4.516e-008	4.3568e-008	4.1902e-008	4.068e-008	3.9045e-008	3.7739e-008	3.5039e-008	3.302e-008	3.0954e-008	2.9701e-008	2.7637e-008	2.6416e-008	2.4306e-008	2.2527e-008	2.1166e-008	1.8995e-008	1.7927e-008	1.5339e-008	1.4166e-008	1.1974e-008	1.0603e-008	9.3254e-009	8.3141e-009	7.406e-009	5.9924e-009	5.1623e-009	4.3223e-009	4.141e-009	3.8555e-009	3.8453e-009	3.8855e-009	3.424e-009	3.6269e-009	3.7838e-009	3.7467e-009	3.8112e-009	3.9878e-009	4.9827e-009	5.6983e-009	7.2582e-009	8.5875e-009	1.0076e-008	1.307e-008	1.5364e-008	1.8064e-008	2.0968e-008	2.4548e-008	2.7883e-008	3.1896e-008	3.4677e-008	3.849e-008	4.2467e-008	4.6576e-008	5.1119e-008	5.6889e-008	6.2147e-008	6.6331e-008	7.1161e-008	7.5178e-008	7.8672e-008	8.245e-008	8.4283e-008	8.7523e-008	8.8944e-008	9.1915e-008	9.2375e-008	9.2406e-008	9.2214e-008	9.2959e-008	9.3246e-008	9.2687e-008	9.3241e-008	9.2933e-008	9.2051e-008	9.0705e-008	8.9808e-008	8.891e-008	8.81e-008	8.6433e-008	8.3195e-008	8.2118e-008	8.0393e-008	7.9476e-008	7.7408e-008	7.5585e-008	7.3796e-008	7.2216e-008	7.1435e-008	7.1006e-008	6.9017e-008	6.6206e-008	6.4606e-008	6.3071e-008	6.2178e-008	6.135e-008	5.9701e-008	5.8459e-008	5.7243e-008	5.4537e-008	5.3652e-008	5.1986e-008	5.0226e-008	4.9276e-008	4.7412e-008	4.5768e-008	4.3672e-008	4.0216e-008	3.9883e-008	3.9011e-008	3.7372e-008	3.654e-008	3.5531e-008	3.297e-008	3.1413e-008	2.936e-008	2.7211e-008	2.5937e-008	2.4604e-008	2.201e-008	2.0442e-008	1.8173e-008	1.6444e-008	1.4887e-008	1.3503e-008	1.0974e-008	1.013e-008	8.8052e-009	8.0128e-009	7.7619e-009	7.0996e-009	6.729e-009	6.3705e-009	6.407e-009	6.468e-009	6.2409e-009	6.4064e-009	6.6301e-009	6.4825e-009	6.4781e-009	6.3553e-009	7.0398e-009	7.2815e-009	7.8713e-009	8.4083e-009	8.991e-009	1.0875e-008	1.314e-008	1.5693e-008	1.8936e-008	2.2019e-008	2.5155e-008	3.0081e-008	3.6542e-008	4.0852e-008	4.616e-008	5.3666e-008	6.0275e-008	6.3332e-008	7.0363e-008	7.3488e-008	7.7403e-008	8.0299e-008	8.3192e-008	8.5205e-008	8.7733e-008	8.9772e-008	9.1883e-008	9.4538e-008	9.532e-008	9.6795e-008	9.6394e-008	9.5529e-008	9.5271e-008	9.5542e-008	9.577e-008	9.3127e-008	9.2196e-008	9.0029e-008	8.9335e-008	8.8711e-008	8.7343e-008	8.5802e-008	8.4263e-008	8.245e-008	8.035e-008	7.899e-008	7.7521e-008	7.6339e-008	7.5148e-008	7.3896e-008	7.165e-008	7.0472e-008	6.9184e-008	6.8328e-008	6.7271e-008	6.5402e-008	6.3753e-008	6.2674e-008	6.0412e-008	5.8284e-008	5.5744e-008	5.277e-008	5.1868e-008	4.9902e-008	4.8725e-008	4.7231e-008	4.5646e-008	4.3837e-008	4.1769e-008	4.0131e-008	3.8432e-008	3.6438e-008	3.4052e-008	3.1283e-008	2.9285e-008	2.6668e-008	2.5866e-008	2.3421e-008	2.1401e-008	1.982e-008	1.7091e-008	1.4689e-008	1.3379e-008	1.2158e-008	1.1016e-008	1.045e-008	1.0134e-008	9.9457e-009	9.9884e-009	9.7951e-009	9.5543e-009	9.1164e-009	9.5438e-009	9.5878e-009	9.4552e-009	9.5787e-009	9.8834e-009	1.0135e-008	1.0488e-008	9.9751e-009	9.7417e-009	9.9203e-009	1.0538e-008	1.1745e-008	1.3383e-008	1.5246e-008	1.7539e-008	2.0081e-008	2.1829e-008	2.5187e-008	2.7794e-008	3.0933e-008	3.4741e-008	4.0721e-008	4.5345e-008	5.0995e-008	5.7419e-008	6.4176e-008	6.8266e-008	7.0702e-008	7.4318e-008	7.8348e-008	8.3377e-008	8.8812e-008	9.0861e-008	9.3474e-008	9.5944e-008	9.7394e-008	9.8593e-008	9.9423e-008	9.9768e-008	9.9603e-008	1.0024e-007	1.0072e-007	1.0189e-007	1.0127e-007	9.9882e-008	9.7827e-008	9.6666e-008	9.5538e-008	9.4271e-008	9.1989e-008	8.997e-008	8.6624e-008	8.5347e-008	8.4012e-008	8.2017e-008	7.9903e-008	7.8594e-008	7.6396e-008	7.4609e-008	7.2862e-008	7.1447e-008	6.9834e-008	6.8825e-008	6.763e-008	6.4156e-008	6.3307e-008	6.2202e-008	5.9386e-008	5.8985e-008	5.79e-008	5.4894e-008	5.3756e-008	5.2307e-008	5.1134e-008	4.9983e-008	4.8153e-008	4.713e-008	4.5205e-008	4.3987e-008	4.2445e-008	4.1061e-008	3.9702e-008	3.8641e-008	3.7437e-008	3.5695e-008	3.4939e-008	3.3497e-008	3.2071e-008	2.8962e-008	2.7424e-008	2.6443e-008	2.5346e-008	2.4019e-008	2.2872e-008	2.0765e-008	1.8464e-008	1.7822e-008	1.7001e-008	1.5785e-008	1.4491e-008	1.3503e-008	1.2886e-008	1.2349e-008	1.1984e-008	1.1377e-008	1.1163e-008	1.1057e-008	1.0846e-008	1.1518e-008	1.1825e-008	1.1862e-008	1.2276e-008	1.242e-008	1.2596e-008	1.266e-008	1.3636e-008	1.4677e-008	1.6536e-008	1.9442e-008	2.2295e-008	2.5072e-008	2.9236e-008	3.397e-008	3.8646e-008	4.3105e-008	4.7873e-008	5.2412e-008	5.6407e-008	6.2917e-008	6.797e-008	7.3272e-008	7.8324e-008	8.1634e-008	8.4888e-008	8.8215e-008	9.0325e-008	9.2954e-008	9.5764e-008	9.7789e-008	9.8892e-008	9.8816e-008	1.0014e-007	1.0032e-007	1.001e-007	9.969e-008	9.9604e-008	9.9183e-008	9.8134e-008	9.7375e-008	9.6013e-008	9.4938e-008	9.4424e-008	9.4608e-008	9.384e-008	9.1326e-008	8.9432e-008	8.7413e-008	8.608e-008	8.4259e-008	8.3804e-008	8.1037e-008	7.8439e-008	7.64e-008	7.5477e-008	7.4051e-008	7.2928e-008	7.1562e-008	7.0266e-008	6.8989e-008	6.557e-008	6.332e-008	6.162e-008	6.0016e-008	5.9119e-008	5.7748e-008	5.5606e-008	5.3062e-008	5.1569e-008	4.9578e-008	4.8728e-008	4.6782e-008	4.4159e-008	4.1808e-008	4.0535e-008	3.8978e-008	3.7421e-008	3.5745e-008	3.4163e-008	3.2786e-008	3.1607e-008	3.0471e-008	2.8432e-008	2.5848e-008	2.4346e-008	2.26e-008	2.1102e-008	1.9907e-008	1.8694e-008	1.7485e-008	1.6548e-008	1.5178e-008	1.4201e-008	1.3728e-008	1.3637e-008	1.3265e-008	1.3095e-008	1.337e-008	1.3976e-008	1.3549e-008	1.3639e-008	1.3936e-008	1.4554e-008	1.5564e-008	1.6153e-008	1.7088e-008	1.7796e-008	1.9125e-008	1.9915e-008
5.8999e-009	7.255e-009	8.8551e-009	1.1033e-008	1.1804e-008	1.4333e-008	1.7092e-008	1.9447e-008	2.2177e-008	2.7574e-008	3.1154e-008	3.6064e-008	4.0538e-008	4.4447e-008	4.8192e-008	5.2942e-008	5.8375e-008	6.3489e-008	6.9398e-008	7.2731e-008	7.7703e-008	8.1012e-008	8.3222e-008	8.448e-008	8.584e-008	8.669e-008	8.7578e-008	8.8758e-008	8.9611e-008	9.082e-008	9.1786e-008	9.1944e-008	9.1401e-008	9.0809e-008	9.0434e-008	8.9161e-008	8.8954e-008	8.821e-008	8.7017e-008	8.3996e-008	8.0563e-008	7.9362e-008	7.8316e-008	7.7201e-008	7.6056e-008	7.4195e-008	7.3223e-008	7.1578e-008	7.0432e-008	6.833e-008	6.7459e-008	6.5452e-008	6.3376e-008	6.2176e-008	6.0672e-008	5.9446e-008	5.7787e-008	5.6261e-008	5.4689e-008	5.27e-008	5.0917e-008	4.8228e-008	4.6262e-008	4.3347e-008	4.2276e-008	4.0482e-008	3.8913e-008	3.7013e-008	3.5432e-008	3.28e-008	3.1246e-008	2.948e-008	2.8212e-008	2.6739e-008	2.522e-008	2.315e-008	2.0823e-008	1.9237e-008	1.7831e-008	1.5916e-008	1.4438e-008	1.2537e-008	1.0588e-008	9.0158e-009	7.9715e-009	6.6762e-009	5.9995e-009	5.1163e-009	4.2185e-009	3.6756e-009	3.5595e-009	3.5022e-009	3.2618e-009	3.1405e-009	3.2626e-009	3.0271e-009	3.5875e-009	3.6246e-009	3.4561e-009	3.9451e-009	4.9494e-009	7.0757e-009	8.2436e-009	1.0116e-008	1.2768e-008	1.5665e-008	1.8356e-008	2.0818e-008	2.4177e-008	2.8014e-008	3.1114e-008	3.4312e-008	3.7995e-008	4.196e-008	4.6509e-008	5.1153e-008	5.5922e-008	6.1271e-008	6.5211e-008	7.0996e-008	7.4444e-008	7.8021e-008	8.1199e-008	8.35e-008	8.7173e-008	8.9126e-008	9.1218e-008	9.2262e-008	9.2421e-008	9.2109e-008	9.2188e-008	9.2407e-008	9.2416e-008	9.3092e-008	9.2921e-008	9.1679e-008	9.0415e-008	8.9619e-008	8.8056e-008	8.6933e-008	8.499e-008	8.3289e-008	8.2718e-008	7.9953e-008	7.8881e-008	7.7562e-008	7.5069e-008	7.4044e-008	7.224e-008	7.1086e-008	7.0411e-008	6.7924e-008	6.5828e-008	6.3587e-008	6.2162e-008	6.0922e-008	6.018e-008	5.9194e-008	5.8005e-008	5.6678e-008	5.4073e-008	5.3226e-008	5.1808e-008	4.9724e-008	4.8772e-008	4.7549e-008	4.4117e-008	4.2403e-008	4.1143e-008	3.91e-008	3.8203e-008	3.7335e-008	3.6303e-008	3.4838e-008	3.2151e-008	3.0941e-008	2.9416e-008	2.7774e-008	2.5696e-008	2.4352e-008	2.1004e-008	1.9889e-008	1.7808e-008	1.6317e-008	1.4683e-008	1.3185e-008	1.1343e-008	1.0019e-008	8.3979e-009	7.4634e-009	7.2186e-009	6.9842e-009	6.6665e-009	6.5826e-009	6.3286e-009	6.5892e-009	6.1712e-009	6.4912e-009	6.2432e-009	6.0113e-009	6.0376e-009	6.578e-009	6.4962e-009	6.9754e-009	7.063e-009	7.6998e-009	8.4292e-009	1.0249e-008	1.2617e-008	1.4918e-008	1.8317e-008	2.1268e-008	2.5202e-008	2.9925e-008	3.5772e-008	4.0454e-008	4.4796e-008	4.9965e-008	5.7485e-008	6.3242e-008	6.8836e-008	7.3255e-008	7.7324e-008	7.9885e-008	8.2761e-008	8.4705e-008	8.7059e-008	8.9357e-008	9.1604e-008	9.4144e-008	9.5274e-008	9.6922e-008	9.678e-008	9.5656e-008	9.5451e-008	9.4993e-008	9.4322e-008	9.2873e-008	9.1854e-008	8.997e-008	8.8643e-008	8.8092e-008	8.724e-008	8.526e-008	8.3822e-008	8.1987e-008	8.0296e-008	7.875e-008	7.7741e-008	7.6948e-008	7.5369e-008	7.4321e-008	7.2772e-008	7.0393e-008	6.9121e-008	6.7782e-008	6.6881e-008	6.4844e-008	6.3198e-008	6.2316e-008	5.9636e-008	5.7485e-008	5.5913e-008	5.3294e-008	5.2098e-008	5.0609e-008	4.8804e-008	4.6749e-008	4.5256e-008	4.3485e-008	4.1436e-008	3.9355e-008	3.7682e-008	3.4537e-008	3.3419e-008	3.1132e-008	2.9276e-008	2.7e-008	2.5307e-008	2.2916e-008	2.1231e-008	1.8711e-008	1.6617e-008	1.4193e-008	1.3203e-008	1.1833e-008	1.1118e-008	1.039e-008	9.9864e-009	9.7535e-009	9.2279e-009	8.9815e-009	8.9986e-009	8.6461e-009	8.9464e-009	8.7993e-009	8.6814e-009	8.9004e-009	8.9549e-009	9.4473e-009	9.5136e-009	9.4258e-009	9.4883e-009	9.5278e-009	1.0004e-008	1.0976e-008	1.2837e-008	1.4486e-008	1.6567e-008	1.9304e-008	2.0782e-008	2.3982e-008	2.6324e-008	2.9633e-008	3.3544e-008	3.8868e-008	4.4559e-008	5.0608e-008	5.7972e-008	6.1726e-008	6.6717e-008	6.9935e-008	7.3697e-008	7.6871e-008	8.1618e-008	8.6129e-008	8.9842e-008	9.2382e-008	9.4416e-008	9.6596e-008	9.7794e-008	9.8634e-008	9.9417e-008	9.9524e-008	1.0014e-007	1.0062e-007	1.0188e-007	1.0025e-007	9.901e-008	9.7262e-008	9.5471e-008	9.4535e-008	9.3123e-008	9.2038e-008	9.1115e-008	8.8314e-008	8.5155e-008	8.3519e-008	8.15e-008	8.0051e-008	7.8765e-008	7.6548e-008	7.5215e-008	7.2121e-008	7.1511e-008	7.0145e-008	6.8527e-008	6.7682e-008	6.5094e-008	6.2617e-008	6.1584e-008	5.9482e-008	5.8897e-008	5.7819e-008	5.5167e-008	5.3268e-008	5.1548e-008	5.0526e-008	4.9475e-008	4.7748e-008	4.695e-008	4.4658e-008	4.3846e-008	4.2571e-008	4.0117e-008	3.9375e-008	3.7969e-008	3.7208e-008	3.5123e-008	3.4295e-008	3.2972e-008	3.114e-008	2.9009e-008	2.7418e-008	2.6281e-008	2.502e-008	2.3726e-008	2.2132e-008	2.0196e-008	1.848e-008	1.7974e-008	1.6592e-008	1.5471e-008	1.3585e-008	1.2957e-008	1.2057e-008	1.1643e-008	1.1252e-008	1.1036e-008	1.0916e-008	1.0454e-008	1.0669e-008	1.0884e-008	1.112e-008	1.1351e-008	1.1425e-008	1.1522e-008	1.1974e-008	1.2359e-008	1.2819e-008	1.4268e-008	1.6089e-008	1.8585e-008	2.2136e-008	2.4797e-008	2.9103e-008	3.3398e-008	3.828e-008	4.2058e-008	4.6395e-008	5.1874e-008	5.4897e-008	6.2693e-008	6.6861e-008	7.1831e-008	7.727e-008	8.0759e-008	8.3923e-008	8.7335e-008	8.9462e-008	9.1524e-008	9.4455e-008	9.6732e-008	9.7476e-008	9.8068e-008	9.9191e-008	1.001e-007	9.9979e-008	9.9356e-008	9.9262e-008	9.8705e-008	9.7143e-008	9.6463e-008	9.4833e-008	9.3697e-008	9.3801e-008	9.4302e-008	9.3018e-008	9.0197e-008	8.8775e-008	8.7988e-008	8.4407e-008	8.3497e-008	8.241e-008	8.12e-008	7.9947e-008	7.7792e-008	7.5672e-008	7.5103e-008	7.3453e-008	7.1755e-008	7.0139e-008	6.8109e-008	6.5793e-008	6.3731e-008	6.1783e-008	5.9747e-008	5.879e-008	5.5409e-008	5.5161e-008	5.2791e-008	5.153e-008	5.0489e-008	4.7482e-008	4.6094e-008	4.3533e-008	4.14e-008	3.9986e-008	3.8326e-008	3.6328e-008	3.4596e-008	3.343e-008	3.2262e-008	3.054e-008	2.9861e-008	2.7447e-008	2.6007e-008	2.4166e-008	2.1306e-008	2.0512e-008	1.9384e-008	1.8316e-008	1.7186e-008	1.6099e-008	1.4827e-008	1.4081e-008	1.3624e-008	1.3491e-008	1.325e-008	1.34e-008	1.3435e-008	1.3428e-008	1.3216e-008	1.3756e-008	1.3827e-008	1.448e-008	1.5258e-008	1.5935e-008	1.6619e-008	1.7877e-008	1.9374e-008	1.9614e-008
6.1834e-009	7.3028e-009	9.094e-009	1.1027e-008	1.2013e-008	1.4929e-008	1.6486e-008	2.0326e-008	2.2964e-008	2.6978e-008	3.104e-008	3.6184e-008	3.9456e-008	4.4563e-008	4.8671e-008	5.3764e-008	5.6615e-008	6.3122e-008	6.9509e-008	7.2784e-008	7.8563e-008	8.0963e-008	8.2932e-008	8.4843e-008	8.6169e-008	8.669e-008	8.7492e-008	8.894e-008	8.9879e-008	9.0932e-008	9.2187e-008	9.2109e-008	9.154e-008	9.1183e-008	9.0881e-008	8.9882e-008	8.8693e-008	8.7371e-008	8.5647e-008	8.3623e-008	8.1243e-008	7.9634e-008	7.8174e-008	7.7467e-008	7.597e-008	7.4432e-008	7.2604e-008	7.0665e-008	6.9755e-008	6.9038e-008	6.7707e-008	6.4598e-008	6.283e-008	6.1915e-008	6.0253e-008	5.9474e-008	5.8078e-008	5.6145e-008	5.4613e-008	5.1965e-008	5.06e-008	4.819e-008	4.6073e-008	4.3581e-008	4.2426e-008	4.0615e-008	3.8851e-008	3.7344e-008	3.49e-008	3.3116e-008	3.2187e-008	2.9081e-008	2.7718e-008	2.6742e-008	2.5414e-008	2.3583e-008	2.1085e-008	1.8572e-008	1.7477e-008	1.6086e-008	1.5238e-008	1.2925e-008	1.0397e-008	9.4831e-009	7.735e-009	7.2647e-009	5.948e-009	5.1796e-009	4.7116e-009	3.938e-009	3.4307e-009	3.4789e-009	3.227e-009	3.0597e-009	3.3743e-009	3.8509e-009	3.6854e-009	3.742e-009	3.5766e-009	3.9236e-009	4.7871e-009	6.6105e-009	7.7762e-009	9.6055e-009	1.1704e-008	1.4736e-008	1.839e-008	2.1375e-008	2.3708e-008	2.8712e-008	3.1681e-008	3.475e-008	3.7992e-008	4.2367e-008	4.6232e-008	5.1974e-008	5.6453e-008	6.1102e-008	6.5677e-008	6.891e-008	7.4126e-008	7.8133e-008	8.1393e-008	8.3611e-008	8.7088e-008	8.9306e-008	9.1097e-008	9.1887e-008	9.2045e-008	9.2135e-008	9.1673e-008	9.1629e-008	9.1974e-008	9.2473e-008	9.2545e-008	9.1616e-008	9.0204e-008	8.9119e-008	8.6817e-008	8.6179e-008	8.5334e-008	8.3278e-008	8.256e-008	8.0357e-008	7.9308e-008	7.7779e-008	7.5678e-008	7.3982e-008	7.2833e-008	7.0877e-008	7.049e-008	6.6984e-008	6.5715e-008	6.3692e-008	6.2096e-008	6.0763e-008	5.9586e-008	5.8691e-008	5.7612e-008	5.6284e-008	5.404e-008	5.3052e-008	5.1834e-008	4.9649e-008	4.8729e-008	4.6218e-008	4.3728e-008	4.3099e-008	4.1284e-008	3.9135e-008	3.804e-008	3.6573e-008	3.5741e-008	3.398e-008	3.2124e-008	3.0799e-008	2.9447e-008	2.8006e-008	2.6223e-008	2.4049e-008	2.0623e-008	1.9795e-008	1.7572e-008	1.6073e-008	1.48e-008	1.3199e-008	1.0613e-008	9.3989e-009	8.4147e-009	7.4546e-009	6.9294e-009	7.0817e-009	6.7732e-009	6.3966e-009	6.3323e-009	6.3091e-009	6.4167e-009	6.5848e-009	6.0525e-009	5.8051e-009	6.4187e-009	6.9702e-009	6.8784e-009	7.0131e-009	7.3431e-009	7.9348e-009	9.1898e-009	1.0622e-008	1.2668e-008	1.5265e-008	1.7696e-008	2.0507e-008	2.6121e-008	2.9804e-008	3.5291e-008	4.0298e-008	4.5939e-008	5.058e-008	5.5453e-008	6.0773e-008	6.6938e-008	7.1694e-008	7.7227e-008	7.9112e-008	8.2914e-008	8.4851e-008	8.6838e-008	8.9399e-008	9.1226e-008	9.4359e-008	9.5529e-008	9.6778e-008	9.7141e-008	9.6483e-008	9.6081e-008	9.5268e-008	9.3978e-008	9.2618e-008	9.1758e-008	9.0227e-008	8.9151e-008	8.7972e-008	8.6942e-008	8.4839e-008	8.2842e-008	8.1778e-008	8.0122e-008	7.8861e-008	7.7823e-008	7.6951e-008	7.58e-008	7.4504e-008	7.2768e-008	7.0662e-008	6.9234e-008	6.7884e-008	6.6495e-008	6.3899e-008	6.2635e-008	6.0816e-008	5.9599e-008	5.7588e-008	5.634e-008	5.3128e-008	5.1717e-008	5.0057e-008	4.7812e-008	4.6421e-008	4.5386e-008	4.2987e-008	4.1509e-008	3.8774e-008	3.7151e-008	3.5232e-008	3.3265e-008	3.1534e-008	2.9235e-008	2.7123e-008	2.5557e-008	2.2788e-008	2.1536e-008	1.9246e-008	1.6561e-008	1.4812e-008	1.3176e-008	1.1648e-008	1.093e-008	1.0069e-008	9.8304e-009	9.5531e-009	9.1468e-009	8.8085e-009	8.817e-009	8.4353e-009	8.185e-009	8.0707e-009	8.5075e-009	8.8362e-009	8.678e-009	8.9201e-009	9.1595e-009	9.3434e-009	9.6118e-009	9.7744e-009	9.8459e-009	1.0539e-008	1.254e-008	1.4139e-008	1.6635e-008	1.8751e-008	2.0581e-008	2.4349e-008	2.6613e-008	3.0227e-008	3.3459e-008	3.8705e-008	4.4314e-008	5.0077e-008	5.626e-008	6.2131e-008	6.6189e-008	6.8835e-008	7.2869e-008	7.6754e-008	8.1731e-008	8.5791e-008	8.9221e-008	9.1704e-008	9.4356e-008	9.5818e-008	9.7383e-008	9.8397e-008	9.8939e-008	9.913e-008	9.9806e-008	1.0094e-007	1.0167e-007	1.003e-007	9.8226e-008	9.6343e-008	9.4793e-008	9.4766e-008	9.3622e-008	9.2207e-008	9.1187e-008	8.8627e-008	8.4583e-008	8.2141e-008	8.1106e-008	7.9976e-008	7.8596e-008	7.6568e-008	7.5232e-008	7.2973e-008	7.1867e-008	7.0463e-008	6.805e-008	6.7499e-008	6.4966e-008	6.3424e-008	6.1258e-008	5.9361e-008	5.8191e-008	5.7083e-008	5.4817e-008	5.243e-008	5.0935e-008	5.016e-008	4.902e-008	4.7235e-008	4.6201e-008	4.4031e-008	4.3129e-008	4.2355e-008	3.974e-008	3.8839e-008	3.7764e-008	3.6226e-008	3.4839e-008	3.3869e-008	3.2563e-008	2.9595e-008	2.8784e-008	2.7605e-008	2.5605e-008	2.4664e-008	2.2335e-008	2.1341e-008	2.0083e-008	1.8609e-008	1.7699e-008	1.5393e-008	1.4751e-008	1.3148e-008	1.258e-008	1.1748e-008	1.1424e-008	1.127e-008	1.0693e-008	1.0415e-008	1.0351e-008	1.0863e-008	1.1299e-008	1.1577e-008	1.1166e-008	1.1174e-008	1.1129e-008	1.1382e-008	1.2042e-008	1.2953e-008	1.4437e-008	1.5862e-008	1.8618e-008	2.0756e-008	2.4608e-008	2.8884e-008	3.3823e-008	3.8358e-008	4.1812e-008	4.5381e-008	5.1989e-008	5.7092e-008	6.2137e-008	6.6695e-008	7.0917e-008	7.5983e-008	8.1297e-008	8.4382e-008	8.6529e-008	8.9175e-008	9.2063e-008	9.3766e-008	9.6601e-008	9.7193e-008	9.7302e-008	9.8673e-008	9.9784e-008	1.0041e-007	1.0009e-007	9.9317e-008	9.787e-008	9.6729e-008	9.6138e-008	9.4874e-008	9.3237e-008	9.2426e-008	9.2212e-008	9.1933e-008	9.0111e-008	8.8966e-008	8.8279e-008	8.519e-008	8.3321e-008	8.2098e-008	8.1223e-008	8.0297e-008	7.8466e-008	7.7025e-008	7.4996e-008	7.3408e-008	7.1658e-008	6.9345e-008	6.7166e-008	6.5262e-008	6.3668e-008	6.1039e-008	5.9768e-008	5.8158e-008	5.6618e-008	5.5104e-008	5.3783e-008	5.1937e-008	4.9985e-008	4.7004e-008	4.5193e-008	4.1864e-008	4.132e-008	3.9501e-008	3.7843e-008	3.6719e-008	3.4487e-008	3.3305e-008	3.1708e-008	3.0246e-008	2.9238e-008	2.72e-008	2.6013e-008	2.4466e-008	2.2136e-008	2.0619e-008	1.8939e-008	1.7851e-008	1.703e-008	1.5917e-008	1.5145e-008	1.4546e-008	1.4243e-008	1.4128e-008	1.3426e-008	1.3381e-008	1.3514e-008	1.2963e-008	1.2986e-008	1.3439e-008	1.3809e-008	1.4163e-008	1.4879e-008	1.5346e-008	1.6426e-008	1.8394e-008	1.8949e-008	1.9747e-008
5.9402e-009	7.2667e-009	8.5686e-009	1.0723e-008	1.2678e-008	1.5033e-008	1.6587e-008	2.0349e-008	2.3108e-008	2.7112e-008	3.1154e-008	3.6174e-008	4.1394e-008	4.4514e-008	5.01e-008	5.3812e-008	5.7863e-008	6.2263e-008	6.8056e-008	7.1956e-008	7.6092e-008	7.9693e-008	8.2227e-008	8.4218e-008	8.5395e-008	8.6068e-008	8.8195e-008	8.9775e-008	9.0105e-008	9.0519e-008	9.1421e-008	9.1498e-008	9.1371e-008	9.1197e-008	9.1005e-008	9.0112e-008	8.8454e-008	8.633e-008	8.4683e-008	8.2989e-008	8.1338e-008	8.109e-008	7.9214e-008	7.7812e-008	7.5888e-008	7.4523e-008	7.2288e-008	7.0465e-008	6.9243e-008	6.901e-008	6.7689e-008	6.5709e-008	6.2532e-008	6.0899e-008	6.0283e-008	5.9351e-008	5.7948e-008	5.6173e-008	5.5169e-008	5.2829e-008	5.1126e-008	4.8169e-008	4.6283e-008	4.3951e-008	4.2816e-008	4.0756e-008	3.8204e-008	3.7185e-008	3.5338e-008	3.4089e-008	3.2519e-008	3.0937e-008	2.8736e-008	2.7069e-008	2.5695e-008	2.3271e-008	2.1256e-008	1.8908e-008	1.7575e-008	1.6803e-008	1.524e-008	1.2715e-008	1.1181e-008	9.4837e-009	8.6403e-009	7.8047e-009	6.7252e-009	5.8907e-009	4.615e-009	3.9108e-009	3.006e-009	2.8752e-009	3.189e-009	2.6945e-009	3.1449e-009	3.5821e-009	3.2321e-009	3.2851e-009	3.6489e-009	3.7996e-009	4.1684e-009	5.4717e-009	6.9358e-009	9.7125e-009	1.1951e-008	1.5125e-008	1.8142e-008	2.1104e-008	2.4579e-008	2.8733e-008	3.1822e-008	3.4311e-008	3.8072e-008	4.2094e-008	4.6895e-008	5.0851e-008	5.4509e-008	6.2066e-008	6.5726e-008	6.8283e-008	7.4653e-008	7.8327e-008	8.0741e-008	8.3448e-008	8.5941e-008	8.7463e-008	8.9146e-008	9.0246e-008	9.0796e-008	9.1346e-008	9.0894e-008	9.09e-008	9.1241e-008	9.1565e-008	9.1123e-008	9.0382e-008	8.9603e-008	8.8664e-008	8.6481e-008	8.5442e-008	8.4494e-008	8.2996e-008	8.2365e-008	8.0119e-008	7.8907e-008	7.7634e-008	7.5229e-008	7.3707e-008	7.204e-008	7.0661e-008	6.8705e-008	6.6289e-008	6.5204e-008	6.2626e-008	6.1309e-008	6.0059e-008	5.9019e-008	5.7263e-008	5.6694e-008	5.5919e-008	5.4009e-008	5.2689e-008	5.1937e-008	4.9888e-008	4.8232e-008	4.6101e-008	4.4905e-008	4.3422e-008	4.2048e-008	3.9095e-008	3.7754e-008	3.624e-008	3.5298e-008	3.3507e-008	3.1727e-008	3.0296e-008	2.8543e-008	2.7572e-008	2.5488e-008	2.2629e-008	2.1132e-008	1.9575e-008	1.7547e-008	1.5943e-008	1.4049e-008	1.2892e-008	1.0752e-008	9.4846e-009	8.3227e-009	7.3055e-009	6.5569e-009	6.6355e-009	6.3283e-009	5.8283e-009	5.5994e-009	5.7377e-009	6.2532e-009	6.0762e-009	5.5296e-009	5.9808e-009	6.399e-009	7.0079e-009	6.7554e-009	6.4099e-009	7.0254e-009	7.8417e-009	9.0885e-009	1.0721e-008	1.2666e-008	1.5481e-008	1.77e-008	2.0766e-008	2.548e-008	2.7994e-008	3.449e-008	3.9464e-008	4.5271e-008	4.9562e-008	5.5773e-008	6.0554e-008	6.6829e-008	7.2054e-008	7.716e-008	7.9232e-008	8.1452e-008	8.4442e-008	8.635e-008	8.8017e-008	9.0597e-008	9.344e-008	9.5117e-008	9.6471e-008	9.6809e-008	9.6797e-008	9.617e-008	9.4909e-008	9.3325e-008	9.2117e-008	9.1177e-008	8.9625e-008	8.9174e-008	8.77e-008	8.6964e-008	8.4966e-008	8.3085e-008	8.1286e-008	7.9816e-008	7.8524e-008	7.773e-008	7.6747e-008	7.5414e-008	7.334e-008	7.2084e-008	7.108e-008	6.8848e-008	6.7476e-008	6.5778e-008	6.4034e-008	6.2066e-008	5.9959e-008	5.8764e-008	5.7181e-008	5.6243e-008	5.2472e-008	5.1516e-008	4.9902e-008	4.8427e-008	4.6497e-008	4.5174e-008	4.3059e-008	4.0338e-008	3.8392e-008	3.6587e-008	3.5318e-008	3.4244e-008	3.1504e-008	2.939e-008	2.7054e-008	2.5276e-008	2.3246e-008	2.0967e-008	1.894e-008	1.6707e-008	1.4124e-008	1.2971e-008	1.1348e-008	1.0405e-008	9.663e-009	9.135e-009	9.1604e-009	8.8192e-009	8.3784e-009	8.3209e-009	8.4845e-009	8.2721e-009	7.832e-009	8.2623e-009	8.8256e-009	8.59e-009	8.6834e-009	9.0014e-009	9.335e-009	9.5252e-009	9.4758e-009	9.8836e-009	1.0597e-008	1.1585e-008	1.3733e-008	1.6214e-008	1.7916e-008	2.0791e-008	2.2775e-008	2.626e-008	2.9346e-008	3.2839e-008	3.9471e-008	4.3895e-008	5.0211e-008	5.523e-008	6.1366e-008	6.5437e-008	6.8747e-008	7.2484e-008	7.5893e-008	8.0699e-008	8.5081e-008	8.8341e-008	9.1322e-008	9.3862e-008	9.4758e-008	9.6849e-008	9.7381e-008	9.7722e-008	9.8502e-008	9.9236e-008	1.0056e-007	1.0101e-007	9.9003e-008	9.7613e-008	9.6155e-008	9.5257e-008	9.5345e-008	9.4013e-008	9.1954e-008	9.1035e-008	8.8498e-008	8.6638e-008	8.2199e-008	8.1119e-008	7.9596e-008	7.806e-008	7.6372e-008	7.5126e-008	7.4021e-008	7.2192e-008	7.1271e-008	6.8168e-008	6.6902e-008	6.5166e-008	6.2203e-008	6.0771e-008	6.0034e-008	5.7858e-008	5.6981e-008	5.5829e-008	5.3881e-008	5.1162e-008	4.9661e-008	4.9243e-008	4.749e-008	4.6332e-008	4.5e-008	4.249e-008	4.1808e-008	3.8701e-008	3.8525e-008	3.729e-008	3.5925e-008	3.4573e-008	3.3457e-008	3.2352e-008	2.9563e-008	2.8946e-008	2.7642e-008	2.619e-008	2.4388e-008	2.2364e-008	2.0777e-008	2.0252e-008	1.8847e-008	1.7866e-008	1.5218e-008	1.455e-008	1.3271e-008	1.2394e-008	1.1626e-008	1.1243e-008	1.0958e-008	1.0838e-008	1.0184e-008	1.0248e-008	1.0732e-008	1.158e-008	1.1538e-008	1.1274e-008	1.0866e-008	1.0745e-008	1.1095e-008	1.1467e-008	1.2767e-008	1.4003e-008	1.637e-008	1.8341e-008	2.1244e-008	2.4862e-008	2.8649e-008	3.363e-008	3.7678e-008	4.2192e-008	4.6651e-008	5.1424e-008	5.4866e-008	6.2349e-008	6.6833e-008	7.0757e-008	7.6634e-008	8.1476e-008	8.3777e-008	8.6401e-008	8.9493e-008	9.2254e-008	9.4934e-008	9.6469e-008	9.7318e-008	9.8263e-008	9.8888e-008	9.9433e-008	1.003e-007	1.0001e-007	9.9477e-008	9.7686e-008	9.6299e-008	9.5532e-008	9.481e-008	9.3904e-008	9.2544e-008	9.116e-008	9.0562e-008	8.935e-008	8.8942e-008	8.7962e-008	8.4983e-008	8.3399e-008	8.2674e-008	8.1228e-008	8.0197e-008	7.8558e-008	7.7296e-008	7.6018e-008	7.2766e-008	7.1313e-008	6.9185e-008	6.7505e-008	6.5883e-008	6.4309e-008	6.2515e-008	5.9884e-008	5.789e-008	5.6989e-008	5.511e-008	5.3791e-008	5.2027e-008	5.0003e-008	4.7131e-008	4.4436e-008	4.2619e-008	4.1597e-008	4.0328e-008	3.8303e-008	3.6561e-008	3.4978e-008	3.2401e-008	3.1184e-008	3.0362e-008	2.8818e-008	2.7647e-008	2.6264e-008	2.4137e-008	2.2072e-008	2.1337e-008	1.8558e-008	1.7638e-008	1.6941e-008	1.5863e-008	1.5204e-008	1.3905e-008	1.4064e-008	1.4136e-008	1.3878e-008	1.3518e-008	1.3373e-008	1.322e-008	1.3182e-008	1.3179e-008	1.3485e-008	1.3758e-008	1.4671e-008	1.536e-008	1.6927e-008	1.8242e-008	1.8829e-008	1.9702e-008
5.9169e-009	7.2733e-009	8.5059e-009	1.0467e-008	1.2672e-008	1.4618e-008	1.6584e-008	1.99e-008	2.3636e-008	2.7583e-008	3.1746e-008	3.5963e-008	4.075e-008	4.4946e-008	5.1229e-008	5.4285e-008	5.8941e-008	6.3181e-008	6.7827e-008	7.2569e-008	7.6389e-008	7.8665e-008	8.1127e-008	8.3458e-008	8.4807e-008	8.6479e-008	8.9806e-008	9.0625e-008	9.1012e-008	9.2388e-008	9.1573e-008	9.1042e-008	9.1263e-008	9.1046e-008	9.0795e-008	8.9653e-008	8.8047e-008	8.5909e-008	8.4506e-008	8.2859e-008	8.2054e-008	8.1512e-008	8.084e-008	7.8072e-008	7.6476e-008	7.5198e-008	7.3282e-008	7.1e-008	6.9016e-008	6.894e-008	6.7783e-008	6.4387e-008	6.3102e-008	6.1631e-008	6.056e-008	5.989e-008	5.7249e-008	5.6118e-008	5.5279e-008	5.2473e-008	5.1266e-008	4.9272e-008	4.6453e-008	4.4357e-008	4.3093e-008	4.0234e-008	3.8841e-008	3.694e-008	3.6129e-008	3.4845e-008	3.2229e-008	3.1129e-008	2.9366e-008	2.7429e-008	2.6227e-008	2.2507e-008	2.0879e-008	1.9169e-008	1.7719e-008	1.719e-008	1.5593e-008	1.2606e-008	1.1781e-008	1.0239e-008	9.1737e-009	8.1172e-009	7.0888e-009	6.1031e-009	4.6732e-009	3.942e-009	3.2577e-009	3.0578e-009	3.3923e-009	3.0002e-009	2.9102e-009	3.2017e-009	2.7869e-009	2.8499e-009	3.5105e-009	3.6609e-009	4.0692e-009	5.4511e-009	7.1094e-009	9.5333e-009	1.1844e-008	1.4352e-008	1.7638e-008	2.0531e-008	2.5494e-008	2.8416e-008	3.1625e-008	3.4579e-008	3.8075e-008	4.2463e-008	4.6066e-008	5.0256e-008	5.463e-008	6.0893e-008	6.6052e-008	7.1264e-008	7.4362e-008	7.7704e-008	8.0858e-008	8.3391e-008	8.5561e-008	8.6545e-008	8.8581e-008	8.929e-008	9.0204e-008	9.0876e-008	9.0461e-008	9.0486e-008	9.1033e-008	9.127e-008	9.0081e-008	8.9763e-008	8.9228e-008	8.7759e-008	8.6692e-008	8.5096e-008	8.3909e-008	8.3183e-008	8.1806e-008	8.0042e-008	7.8423e-008	7.7078e-008	7.4772e-008	7.3209e-008	7.171e-008	7.0425e-008	6.8587e-008	6.6649e-008	6.4882e-008	6.2841e-008	6.1278e-008	6.017e-008	5.8768e-008	5.7952e-008	5.685e-008	5.6359e-008	5.3839e-008	5.2471e-008	5.1919e-008	5.0019e-008	4.8557e-008	4.6695e-008	4.4765e-008	4.3757e-008	4.2812e-008	3.9317e-008	3.8503e-008	3.6749e-008	3.5875e-008	3.3332e-008	3.1211e-008	3.0388e-008	2.8348e-008	2.7262e-008	2.6431e-008	2.2726e-008	2.158e-008	1.9981e-008	1.7844e-008	1.6217e-008	1.4341e-008	1.2697e-008	1.1464e-008	9.8526e-009	8.8714e-009	7.6975e-009	6.5493e-009	6.0196e-009	6.0604e-009	5.6595e-009	5.485e-009	5.8497e-009	6.1699e-009	5.8461e-009	5.7397e-009	7.0048e-009	7.1735e-009	7.1943e-009	7.0218e-009	6.822e-009	7.3769e-009	8.0542e-009	9.369e-009	1.1118e-008	1.3361e-008	1.6278e-008	1.9112e-008	2.1791e-008	2.5664e-008	2.9198e-008	3.3368e-008	3.8227e-008	4.3743e-008	4.9948e-008	5.438e-008	6.0773e-008	6.5882e-008	7.2399e-008	7.746e-008	7.9842e-008	8.2803e-008	8.5196e-008	8.7029e-008	8.777e-008	8.9934e-008	9.2137e-008	9.3572e-008	9.5257e-008	9.59e-008	9.6301e-008	9.5743e-008	9.4565e-008	9.2599e-008	9.163e-008	9.0864e-008	9.0018e-008	8.916e-008	8.8604e-008	8.7301e-008	8.4977e-008	8.3853e-008	8.141e-008	7.9901e-008	7.798e-008	7.7411e-008	7.6143e-008	7.411e-008	7.2436e-008	7.1671e-008	7.0415e-008	6.9288e-008	6.654e-008	6.5737e-008	6.4123e-008	6.2235e-008	6.048e-008	5.8267e-008	5.7031e-008	5.6383e-008	5.406e-008	5.1046e-008	4.9268e-008	4.8708e-008	4.729e-008	4.562e-008	4.409e-008	4.192e-008	3.9198e-008	3.6949e-008	3.5453e-008	3.4556e-008	3.1128e-008	2.8861e-008	2.71e-008	2.5266e-008	2.3478e-008	2.1451e-008	1.9017e-008	1.7334e-008	1.4829e-008	1.2968e-008	1.1397e-008	1.0407e-008	9.6959e-009	9.2e-009	9.1027e-009	8.7892e-009	8.5994e-009	8.6832e-009	8.8665e-009	8.6151e-009	8.0688e-009	7.9745e-009	8.0367e-009	8.4634e-009	8.9943e-009	9.2074e-009	9.1794e-009	9.2062e-009	9.4649e-009	9.9492e-009	1.0843e-008	1.2038e-008	1.3719e-008	1.5881e-008	1.794e-008	2.0733e-008	2.3084e-008	2.6669e-008	2.9616e-008	3.4425e-008	3.9728e-008	4.3588e-008	4.8496e-008	5.4568e-008	5.7356e-008	6.5053e-008	6.9536e-008	7.2722e-008	7.6006e-008	8.0132e-008	8.4976e-008	8.8711e-008	9.1298e-008	9.3467e-008	9.4951e-008	9.6794e-008	9.7209e-008	9.7708e-008	9.836e-008	9.8984e-008	9.948e-008	9.9814e-008	9.8573e-008	9.7497e-008	9.6277e-008	9.5793e-008	9.5344e-008	9.4658e-008	9.2769e-008	9.0024e-008	8.7896e-008	8.6958e-008	8.4254e-008	8.3034e-008	7.8997e-008	7.7546e-008	7.5424e-008	7.4816e-008	7.4241e-008	7.3069e-008	7.153e-008	6.863e-008	6.7339e-008	6.486e-008	6.2827e-008	6.1345e-008	5.9441e-008	5.7973e-008	5.7233e-008	5.6216e-008	5.4848e-008	5.2417e-008	5.0135e-008	4.905e-008	4.8396e-008	4.6958e-008	4.4967e-008	4.2714e-008	4.1617e-008	3.9888e-008	3.882e-008	3.6549e-008	3.5403e-008	3.4586e-008	3.3052e-008	3.2158e-008	3.0395e-008	2.9504e-008	2.7246e-008	2.6345e-008	2.3802e-008	2.2328e-008	2.068e-008	2.0102e-008	1.8652e-008	1.742e-008	1.5182e-008	1.416e-008	1.3207e-008	1.2377e-008	1.1713e-008	1.1214e-008	1.0906e-008	1.0901e-008	1.1149e-008	1.0098e-008	1.0338e-008	1.1423e-008	1.1211e-008	1.1015e-008	1.0574e-008	1.0987e-008	1.1634e-008	1.1782e-008	1.2545e-008	1.3919e-008	1.6159e-008	1.8307e-008	2.1335e-008	2.4724e-008	2.8959e-008	3.3728e-008	3.8403e-008	4.2714e-008	4.5979e-008	5.107e-008	5.735e-008	6.2101e-008	6.6735e-008	7.2095e-008	7.6801e-008	8.0751e-008	8.334e-008	8.6242e-008	8.9528e-008	9.3197e-008	9.5155e-008	9.6423e-008	9.7601e-008	9.9031e-008	9.9478e-008	9.9429e-008	9.9693e-008	9.9703e-008	9.9133e-008	9.7405e-008	9.5817e-008	9.5639e-008	9.5273e-008	9.417e-008	9.3054e-008	9.1185e-008	8.947e-008	8.8975e-008	8.8561e-008	8.7659e-008	8.3985e-008	8.3249e-008	8.2537e-008	8.1886e-008	7.96e-008	7.8234e-008	7.7135e-008	7.6016e-008	7.3091e-008	7.099e-008	6.9398e-008	6.7711e-008	6.6357e-008	6.5241e-008	6.4251e-008	6.1204e-008	5.9305e-008	5.6511e-008	5.5019e-008	5.3522e-008	5.1394e-008	4.9142e-008	4.7182e-008	4.4711e-008	4.3352e-008	4.2291e-008	4.1264e-008	3.7981e-008	3.7342e-008	3.55e-008	3.3242e-008	3.1236e-008	3.0271e-008	2.8488e-008	2.7652e-008	2.5457e-008	2.3087e-008	2.2024e-008	2.0204e-008	1.8612e-008	1.7891e-008	1.6525e-008	1.5651e-008	1.5405e-008	1.4188e-008	1.3724e-008	1.4112e-008	1.379e-008	1.3536e-008	1.3262e-008	1.3385e-008	1.3238e-008	1.3441e-008	1.3432e-008	1.341e-008	1.4603e-008	1.5554e-008	1.6874e-008	1.7782e-008	1.8867e-008	1.9379e-008
5.2435e-009	7.1631e-009	8.8636e-009	1.0814e-008	1.2162e-008	1.3708e-008	1.6397e-008	1.9223e-008	2.2952e-008	2.7388e-008	3.093e-008	3.4976e-008	4.0542e-008	4.481e-008	5.0682e-008	5.6342e-008	5.9556e-008	6.3357e-008	6.7187e-008	7.0844e-008	7.5155e-008	7.8094e-008	8.0881e-008	8.2942e-008	8.4323e-008	8.719e-008	9.0456e-008	9.1619e-008	9.2253e-008	9.3127e-008	9.2754e-008	9.1956e-008	9.1555e-008	9.133e-008	9.0585e-008	8.9559e-008	8.7729e-008	8.63e-008	8.503e-008	8.3239e-008	8.1884e-008	8.1098e-008	8.0824e-008	7.8433e-008	7.6445e-008	7.5358e-008	7.3762e-008	7.1197e-008	6.9173e-008	6.8508e-008	6.7852e-008	6.5316e-008	6.3387e-008	6.1595e-008	6.0421e-008	5.8913e-008	5.7465e-008	5.597e-008	5.4836e-008	5.2545e-008	5.0939e-008	4.8906e-008	4.6186e-008	4.4093e-008	4.2869e-008	4.0596e-008	3.9276e-008	3.7739e-008	3.5989e-008	3.454e-008	3.226e-008	3.1033e-008	2.8537e-008	2.7352e-008	2.6481e-008	2.3213e-008	2.1573e-008	1.9649e-008	1.7792e-008	1.7055e-008	1.521e-008	1.2995e-008	1.1478e-008	1.0546e-008	9.1834e-009	8.049e-009	6.4433e-009	5.7733e-009	4.2776e-009	3.7435e-009	3.2793e-009	2.9839e-009	3.0436e-009	2.9317e-009	2.8974e-009	2.7032e-009	2.6869e-009	3.3018e-009	3.6575e-009	3.6275e-009	3.9809e-009	5.4191e-009	7.2268e-009	8.8084e-009	1.1098e-008	1.3789e-008	1.7163e-008	1.9823e-008	2.4014e-008	2.8619e-008	3.1769e-008	3.4014e-008	3.7922e-008	4.1769e-008	4.6366e-008	4.9531e-008	5.4289e-008	5.8651e-008	6.4721e-008	7.0478e-008	7.45e-008	7.7159e-008	8.07e-008	8.3348e-008	8.5165e-008	8.6704e-008	8.8991e-008	8.9048e-008	8.9744e-008	9.0245e-008	9.0127e-008	9.0066e-008	9.0471e-008	9.0556e-008	9.0162e-008	8.9869e-008	8.9008e-008	8.766e-008	8.609e-008	8.5258e-008	8.3752e-008	8.297e-008	8.2398e-008	8.0069e-008	7.8671e-008	7.6555e-008	7.4831e-008	7.2754e-008	7.2109e-008	6.9851e-008	6.837e-008	6.6007e-008	6.4183e-008	6.2597e-008	6.1155e-008	6.0332e-008	5.9339e-008	5.8824e-008	5.7392e-008	5.6891e-008	5.4632e-008	5.172e-008	5.0732e-008	4.956e-008	4.8384e-008	4.7064e-008	4.4872e-008	4.3637e-008	4.2417e-008	4.0227e-008	3.8773e-008	3.682e-008	3.5881e-008	3.4331e-008	3.11e-008	3.0683e-008	2.8374e-008	2.7065e-008	2.5891e-008	2.4521e-008	2.236e-008	2.0548e-008	1.8742e-008	1.6274e-008	1.4627e-008	1.2781e-008	1.1237e-008	1.0088e-008	9.1247e-009	7.7181e-009	6.6003e-009	5.9834e-009	5.7837e-009	5.4843e-009	5.5084e-009	5.8266e-009	6.2382e-009	6.1246e-009	6.2043e-009	6.9802e-009	7.1295e-009	6.6401e-009	6.7588e-009	6.8219e-009	7.4154e-009	8.7228e-009	9.8374e-009	1.141e-008	1.3506e-008	1.6843e-008	1.9167e-008	2.2348e-008	2.5945e-008	2.9007e-008	3.2254e-008	3.789e-008	4.3579e-008	4.8681e-008	5.5513e-008	6.0532e-008	6.5925e-008	7.3214e-008	7.7641e-008	8.1441e-008	8.3816e-008	8.6366e-008	8.8061e-008	8.8697e-008	9.0412e-008	9.2032e-008	9.2804e-008	9.3614e-008	9.4702e-008	9.5355e-008	9.5035e-008	9.3836e-008	9.1836e-008	9.1569e-008	9.0841e-008	8.9912e-008	8.9057e-008	8.8095e-008	8.7035e-008	8.4924e-008	8.3407e-008	8.0942e-008	7.9873e-008	7.7826e-008	7.6861e-008	7.594e-008	7.3555e-008	7.2287e-008	7.0763e-008	6.949e-008	6.9175e-008	6.7188e-008	6.5943e-008	6.3858e-008	6.1507e-008	5.9607e-008	5.7191e-008	5.6498e-008	5.5681e-008	5.4121e-008	5.1964e-008	5.0252e-008	4.8227e-008	4.6891e-008	4.5513e-008	4.3384e-008	4.2021e-008	3.9009e-008	3.7181e-008	3.5161e-008	3.382e-008	3.0632e-008	2.863e-008	2.668e-008	2.397e-008	2.2951e-008	2.0803e-008	1.8973e-008	1.7572e-008	1.4721e-008	1.2775e-008	1.1257e-008	1.019e-008	9.6416e-009	9.1431e-009	9.267e-009	9.0396e-009	8.8863e-009	8.8829e-009	8.7653e-009	8.6234e-009	8.5126e-009	7.923e-009	8.1098e-009	8.5171e-009	8.8068e-009	9.0988e-009	9.0953e-009	8.9533e-009	9.2782e-009	9.9677e-009	1.0831e-008	1.1878e-008	1.3137e-008	1.5248e-008	1.7661e-008	1.9933e-008	2.269e-008	2.6086e-008	3.0116e-008	3.3597e-008	3.9652e-008	4.2758e-008	4.7677e-008	5.3889e-008	5.9722e-008	6.2861e-008	6.8725e-008	7.2934e-008	7.5313e-008	7.9639e-008	8.4833e-008	8.7065e-008	9.1016e-008	9.3006e-008	9.4781e-008	9.5843e-008	9.6499e-008	9.7368e-008	9.8434e-008	9.8636e-008	9.8195e-008	9.7789e-008	9.7462e-008	9.6947e-008	9.6227e-008	9.5534e-008	9.5041e-008	9.4503e-008	9.3156e-008	9.0607e-008	8.7198e-008	8.6586e-008	8.5359e-008	8.406e-008	7.911e-008	7.6992e-008	7.5101e-008	7.455e-008	7.4082e-008	7.2521e-008	7.1142e-008	6.8552e-008	6.749e-008	6.502e-008	6.3155e-008	6.0907e-008	5.9434e-008	5.8187e-008	5.7501e-008	5.6562e-008	5.4561e-008	5.3162e-008	5.0969e-008	4.9638e-008	4.8281e-008	4.6311e-008	4.4164e-008	4.2701e-008	4.1544e-008	3.9618e-008	3.8813e-008	3.6473e-008	3.4687e-008	3.415e-008	3.2471e-008	3.1394e-008	2.9974e-008	2.8486e-008	2.6139e-008	2.545e-008	2.4051e-008	2.1548e-008	2.0415e-008	1.9598e-008	1.85e-008	1.6341e-008	1.4994e-008	1.3786e-008	1.3158e-008	1.2521e-008	1.176e-008	1.0975e-008	1.0778e-008	1.047e-008	1.0657e-008	1.0298e-008	1.0179e-008	1.0368e-008	1.0511e-008	1.0603e-008	1.0204e-008	1.0824e-008	1.1839e-008	1.1593e-008	1.227e-008	1.368e-008	1.6175e-008	1.8417e-008	2.0964e-008	2.4568e-008	2.8615e-008	3.369e-008	3.8287e-008	4.225e-008	4.6335e-008	5.064e-008	5.7001e-008	6.1905e-008	6.6363e-008	7.0145e-008	7.591e-008	7.9353e-008	8.3226e-008	8.5591e-008	8.9129e-008	9.2787e-008	9.4782e-008	9.5894e-008	9.7758e-008	9.8763e-008	9.9224e-008	9.9202e-008	9.9192e-008	9.9221e-008	9.8273e-008	9.7075e-008	9.6464e-008	9.6329e-008	9.5564e-008	9.3979e-008	9.2819e-008	9.106e-008	8.8923e-008	8.8352e-008	8.7621e-008	8.6117e-008	8.3711e-008	8.2724e-008	8.2078e-008	8.123e-008	7.9412e-008	7.7941e-008	7.6506e-008	7.491e-008	7.2156e-008	7.0744e-008	6.8197e-008	6.7656e-008	6.6648e-008	6.5519e-008	6.3833e-008	6.1142e-008	5.9093e-008	5.5153e-008	5.4268e-008	5.3212e-008	5.0916e-008	4.894e-008	4.6511e-008	4.4884e-008	4.3847e-008	4.2729e-008	4.0995e-008	3.8329e-008	3.7108e-008	3.5254e-008	3.3258e-008	3.1463e-008	2.9992e-008	2.8787e-008	2.7731e-008	2.523e-008	2.3761e-008	2.1678e-008	1.9714e-008	1.8447e-008	1.7479e-008	1.6321e-008	1.5534e-008	1.4918e-008	1.4325e-008	1.3187e-008	1.3152e-008	1.3431e-008	1.3234e-008	1.2959e-008	1.2968e-008	1.3257e-008	1.3253e-008	1.3314e-008	1.3163e-008	1.3836e-008	1.4787e-008	1.6174e-008	1.7546e-008	1.9e-008	2.0184e-008
5.0582e-009	6.4877e-009	8.4849e-009	1.0312e-008	1.2145e-008	1.3994e-008	1.571e-008	1.8658e-008	2.2423e-008	2.6496e-008	3.0823e-008	3.519e-008	3.9848e-008	4.5282e-008	5.0772e-008	5.7007e-008	5.9941e-008	6.3638e-008	6.6846e-008	7.0459e-008	7.4293e-008	7.7951e-008	8.0226e-008	8.311e-008	8.4924e-008	8.7887e-008	9.0794e-008	9.1534e-008	9.2013e-008	9.2775e-008	9.3069e-008	9.2003e-008	9.1081e-008	9.1081e-008	8.9471e-008	8.891e-008	8.7306e-008	8.6084e-008	8.4693e-008	8.3063e-008	8.2225e-008	8.0741e-008	7.9691e-008	7.7793e-008	7.6084e-008	7.4949e-008	7.2481e-008	7.1274e-008	6.9071e-008	6.7937e-008	6.6589e-008	6.4959e-008	6.3213e-008	6.183e-008	6.0083e-008	5.8769e-008	5.714e-008	5.5738e-008	5.473e-008	5.1617e-008	5.0806e-008	4.8682e-008	4.582e-008	4.4254e-008	4.3332e-008	4.102e-008	3.9825e-008	3.7969e-008	3.5671e-008	3.3878e-008	3.2306e-008	3.1048e-008	2.8538e-008	2.7281e-008	2.6013e-008	2.3778e-008	2.1766e-008	2.0398e-008	1.7762e-008	1.6544e-008	1.4763e-008	1.3059e-008	1.1656e-008	1.0445e-008	8.0387e-009	6.8735e-009	5.6672e-009	4.7884e-009	3.6267e-009	3.1087e-009	2.7958e-009	2.6048e-009	2.4913e-009	2.3969e-009	2.2108e-009	2.2884e-009	2.2308e-009	2.7509e-009	2.9708e-009	3.1638e-009	3.5996e-009	4.3508e-009	6.6166e-009	8.4439e-009	1.1231e-008	1.3951e-008	1.6215e-008	1.878e-008	2.2608e-008	2.7625e-008	3.0609e-008	3.4115e-008	3.7584e-008	4.2344e-008	4.5172e-008	5.0554e-008	5.4257e-008	5.9469e-008	6.5602e-008	7.0068e-008	7.3648e-008	7.6675e-008	7.9272e-008	8.2439e-008	8.4709e-008	8.6197e-008	8.8579e-008	8.8826e-008	8.9032e-008	8.8927e-008	8.9156e-008	8.9255e-008	8.9647e-008	8.9529e-008	8.9382e-008	8.8964e-008	8.8555e-008	8.7425e-008	8.6546e-008	8.5097e-008	8.4241e-008	8.3377e-008	8.2649e-008	8.063e-008	7.8321e-008	7.6169e-008	7.429e-008	7.262e-008	7.1978e-008	6.9681e-008	6.7502e-008	6.5978e-008	6.3715e-008	6.204e-008	6.114e-008	6.0344e-008	5.8956e-008	5.8925e-008	5.7521e-008	5.5525e-008	5.4434e-008	5.1499e-008	5.0105e-008	4.9166e-008	4.7991e-008	4.6682e-008	4.48e-008	4.3556e-008	4.1941e-008	4.0082e-008	3.8028e-008	3.6838e-008	3.5123e-008	3.376e-008	3.1073e-008	2.9975e-008	2.795e-008	2.6905e-008	2.547e-008	2.3977e-008	2.2388e-008	2.0048e-008	1.9069e-008	1.5103e-008	1.4654e-008	1.3045e-008	1.1584e-008	1.0199e-008	8.5936e-009	7.5664e-009	6.4096e-009	5.8091e-009	5.4203e-009	5.4293e-009	5.2244e-009	5.3099e-009	5.5674e-009	5.7246e-009	5.8629e-009	6.0392e-009	6.223e-009	6.1191e-009	6.4638e-009	6.71e-009	6.9204e-009	8.553e-009	9.4684e-009	1.1319e-008	1.3482e-008	1.6408e-008	1.8339e-008	2.2582e-008	2.5401e-008	2.8497e-008	3.2555e-008	3.7235e-008	4.35e-008	4.8658e-008	5.5243e-008	6.0168e-008	6.5595e-008	7.2058e-008	7.7492e-008	8.1507e-008	8.3929e-008	8.7488e-008	8.8411e-008	8.8973e-008	9.0549e-008	9.1978e-008	9.3003e-008	9.3615e-008	9.3433e-008	9.3775e-008	9.4002e-008	9.2422e-008	9.1395e-008	9.0844e-008	9.0657e-008	8.9385e-008	8.8377e-008	8.721e-008	8.5974e-008	8.4442e-008	8.2482e-008	8.0517e-008	7.8908e-008	7.7426e-008	7.6676e-008	7.5349e-008	7.3907e-008	7.1854e-008	7.0543e-008	6.9349e-008	6.8483e-008	6.6799e-008	6.5523e-008	6.2688e-008	6.0626e-008	5.8844e-008	5.7393e-008	5.5948e-008	5.4916e-008	5.2981e-008	5.1268e-008	4.9666e-008	4.7525e-008	4.6264e-008	4.5315e-008	4.2148e-008	4.1007e-008	3.7748e-008	3.6175e-008	3.4205e-008	3.2398e-008	2.996e-008	2.8236e-008	2.6518e-008	2.4527e-008	2.2725e-008	1.9871e-008	1.8585e-008	1.6866e-008	1.4795e-008	1.1678e-008	1.0763e-008	9.883e-009	9.4442e-009	8.4246e-009	8.6392e-009	8.6509e-009	8.6572e-009	8.6013e-009	8.6454e-009	8.8126e-009	8.4234e-009	8.0239e-009	8.1299e-009	8.2113e-009	8.3362e-009	8.4113e-009	8.9853e-009	8.8113e-009	8.6797e-009	9.5582e-009	1.038e-008	1.1566e-008	1.2631e-008	1.468e-008	1.7304e-008	1.9679e-008	2.2449e-008	2.5721e-008	2.9508e-008	3.5385e-008	3.8997e-008	4.2692e-008	4.6496e-008	5.3141e-008	5.8282e-008	6.5592e-008	6.9561e-008	7.2566e-008	7.5033e-008	7.9221e-008	8.3917e-008	8.7785e-008	9.0238e-008	9.3069e-008	9.4539e-008	9.5715e-008	9.6195e-008	9.7302e-008	9.8468e-008	9.8373e-008	9.7908e-008	9.7533e-008	9.6498e-008	9.5509e-008	9.5521e-008	9.4441e-008	9.3808e-008	9.3426e-008	9.2191e-008	9.0195e-008	8.6893e-008	8.6231e-008	8.5217e-008	8.3487e-008	7.7572e-008	7.6514e-008	7.4984e-008	7.3873e-008	7.3466e-008	7.1923e-008	7.0117e-008	6.8242e-008	6.7472e-008	6.4907e-008	6.3163e-008	6.18e-008	5.9812e-008	5.8145e-008	5.7343e-008	5.6121e-008	5.3583e-008	5.2986e-008	5.093e-008	4.9654e-008	4.7758e-008	4.574e-008	4.4128e-008	4.2188e-008	4.1368e-008	3.9912e-008	3.7804e-008	3.6047e-008	3.4524e-008	3.3215e-008	3.1114e-008	3.0344e-008	2.8582e-008	2.715e-008	2.6011e-008	2.4725e-008	2.3639e-008	2.2027e-008	2.0012e-008	1.8498e-008	1.7336e-008	1.4991e-008	1.3881e-008	1.3205e-008	1.2685e-008	1.2218e-008	1.1588e-008	1.0851e-008	1.0163e-008	9.8574e-009	9.7678e-009	9.576e-009	9.4312e-009	9.6927e-009	9.9058e-009	1.0198e-008	9.8551e-009	9.993e-009	1.0996e-008	1.1238e-008	1.2124e-008	1.3928e-008	1.6102e-008	1.8338e-008	2.1037e-008	2.4031e-008	3.0606e-008	3.4422e-008	3.7715e-008	4.1827e-008	4.564e-008	5.1277e-008	5.7084e-008	6.373e-008	6.6877e-008	7.0732e-008	7.6407e-008	7.8847e-008	8.1933e-008	8.46e-008	8.8996e-008	9.241e-008	9.3953e-008	9.5356e-008	9.7403e-008	9.8181e-008	9.8078e-008	9.823e-008	9.8804e-008	9.8621e-008	9.7777e-008	9.6456e-008	9.6494e-008	9.6519e-008	9.5665e-008	9.3986e-008	9.2548e-008	9.0779e-008	8.9392e-008	8.7838e-008	8.6413e-008	8.4823e-008	8.3916e-008	8.2415e-008	8.1906e-008	8.0435e-008	7.9402e-008	7.6317e-008	7.49e-008	7.357e-008	7.1564e-008	7.0183e-008	6.8229e-008	6.7252e-008	6.6215e-008	6.5159e-008	6.3547e-008	6.0288e-008	5.8362e-008	5.5108e-008	5.3777e-008	5.2348e-008	5.0617e-008	4.9176e-008	4.6051e-008	4.4449e-008	4.3911e-008	4.2299e-008	4.0894e-008	3.7917e-008	3.6468e-008	3.5182e-008	3.2956e-008	3.1402e-008	2.9983e-008	2.8743e-008	2.6793e-008	2.5127e-008	2.3269e-008	2.1376e-008	2.0156e-008	1.8874e-008	1.7386e-008	1.6423e-008	1.5301e-008	1.4353e-008	1.3653e-008	1.2959e-008	1.2496e-008	1.287e-008	1.307e-008	1.2781e-008	1.2694e-008	1.2925e-008	1.2475e-008	1.2792e-008	1.2971e-008	1.3172e-008	1.3814e-008	1.5149e-008	1.6901e-008	1.9048e-008	2.0375e-008
4.4211e-009	5.7813e-009	7.6404e-009	9.3152e-009	1.2107e-008	1.3675e-008	1.5489e-008	1.8451e-008	2.1735e-008	2.6433e-008	2.976e-008	3.3882e-008	3.9373e-008	4.5374e-008	5.0468e-008	5.6606e-008	6.0743e-008	6.3861e-008	6.711e-008	7.1077e-008	7.4245e-008	7.7349e-008	7.9844e-008	8.2666e-008	8.4252e-008	8.691e-008	8.9816e-008	9.0756e-008	9.1033e-008	9.2255e-008	9.2695e-008	9.1926e-008	9.0828e-008	8.9342e-008	8.8438e-008	8.7505e-008	8.6989e-008	8.532e-008	8.4275e-008	8.3604e-008	8.1285e-008	7.9487e-008	7.8158e-008	7.6697e-008	7.499e-008	7.3814e-008	7.2406e-008	7.0276e-008	6.8275e-008	6.6758e-008	6.5236e-008	6.4697e-008	6.2477e-008	6.0796e-008	5.9996e-008	5.8367e-008	5.6778e-008	5.56e-008	5.3808e-008	5.1587e-008	4.9279e-008	4.7664e-008	4.5257e-008	4.367e-008	4.2261e-008	4.1296e-008	3.966e-008	3.8395e-008	3.6048e-008	3.3892e-008	3.2103e-008	3.0932e-008	2.8502e-008	2.7589e-008	2.57e-008	2.3023e-008	2.1158e-008	1.987e-008	1.6975e-008	1.546e-008	1.431e-008	1.3003e-008	1.1017e-008	9.944e-009	7.4246e-009	6.2534e-009	5.0647e-009	4.2809e-009	3.3126e-009	2.876e-009	2.3123e-009	1.9841e-009	1.9258e-009	1.2459e-009	1.0969e-009	1.4592e-009	1.5021e-009	1.82e-009	2.1754e-009	2.6823e-009	3.1752e-009	3.8621e-009	6.012e-009	7.4307e-009	1.029e-008	1.2706e-008	1.5359e-008	1.7562e-008	2.0939e-008	2.5917e-008	2.9939e-008	3.3842e-008	3.6969e-008	4.0504e-008	4.47e-008	4.8905e-008	5.3387e-008	5.9319e-008	6.4734e-008	6.8904e-008	7.2257e-008	7.5208e-008	7.7587e-008	8.1507e-008	8.3384e-008	8.5554e-008	8.7136e-008	8.7655e-008	8.7314e-008	8.7617e-008	8.7901e-008	8.8429e-008	8.888e-008	8.8777e-008	8.8674e-008	8.8131e-008	8.7855e-008	8.7228e-008	8.6158e-008	8.4782e-008	8.3971e-008	8.3134e-008	8.2616e-008	8.1087e-008	7.899e-008	7.5601e-008	7.3047e-008	7.2211e-008	7.1595e-008	6.9025e-008	6.6844e-008	6.5684e-008	6.361e-008	6.2413e-008	6.0882e-008	5.9861e-008	5.9214e-008	5.9415e-008	5.7331e-008	5.4982e-008	5.328e-008	5.0964e-008	5.0467e-008	4.9077e-008	4.7498e-008	4.6076e-008	4.4604e-008	4.3596e-008	4.1755e-008	3.9582e-008	3.7586e-008	3.6019e-008	3.4374e-008	3.332e-008	3.1197e-008	2.9601e-008	2.7187e-008	2.6434e-008	2.5115e-008	2.3732e-008	2.2415e-008	2.0154e-008	1.8608e-008	1.6243e-008	1.4056e-008	1.3045e-008	1.1348e-008	9.8977e-009	8.3359e-009	7.5129e-009	6.0865e-009	5.6506e-009	5.1213e-009	5.0142e-009	4.7872e-009	4.6917e-009	4.8988e-009	4.8103e-009	5.2291e-009	5.2281e-009	5.2758e-009	5.4129e-009	5.7713e-009	6.3652e-009	6.6209e-009	7.8076e-009	8.981e-009	1.0716e-008	1.3478e-008	1.5897e-008	1.8151e-008	2.2113e-008	2.4953e-008	2.8164e-008	3.1836e-008	3.7431e-008	4.3685e-008	4.8317e-008	5.4635e-008	5.9672e-008	6.4447e-008	7.1582e-008	7.6986e-008	8.0562e-008	8.2497e-008	8.695e-008	8.8006e-008	8.9656e-008	9.0597e-008	9.203e-008	9.3029e-008	9.3232e-008	9.264e-008	9.232e-008	9.2182e-008	9.114e-008	9.0778e-008	9.0472e-008	8.9924e-008	8.9255e-008	8.7792e-008	8.6155e-008	8.5099e-008	8.3484e-008	8.0813e-008	7.969e-008	7.8555e-008	7.6874e-008	7.6833e-008	7.5163e-008	7.3306e-008	7.1291e-008	7.0267e-008	6.8685e-008	6.7571e-008	6.5924e-008	6.465e-008	6.2282e-008	6.0144e-008	5.8955e-008	5.8196e-008	5.5506e-008	5.3773e-008	5.1918e-008	5.095e-008	4.9492e-008	4.6752e-008	4.5487e-008	4.4062e-008	4.0679e-008	3.9163e-008	3.7473e-008	3.4868e-008	3.2883e-008	3.1659e-008	3.0019e-008	2.782e-008	2.5883e-008	2.4543e-008	2.2423e-008	2.0237e-008	1.8027e-008	1.6574e-008	1.4786e-008	1.1416e-008	1.025e-008	9.5471e-009	9.1909e-009	8.5125e-009	8.4211e-009	8.2223e-009	7.8774e-009	7.8227e-009	8.3481e-009	8.5451e-009	7.913e-009	7.4755e-009	7.8227e-009	7.8567e-009	7.8962e-009	8.2595e-009	8.5608e-009	8.1635e-009	8.1891e-009	8.9808e-009	9.6845e-009	1.1211e-008	1.2252e-008	1.3927e-008	1.6536e-008	1.8804e-008	2.1915e-008	2.4848e-008	2.8534e-008	3.3578e-008	3.8911e-008	4.3039e-008	4.6278e-008	5.2067e-008	5.8793e-008	6.5686e-008	6.8606e-008	7.1812e-008	7.4168e-008	7.8153e-008	8.1804e-008	8.4337e-008	8.9112e-008	9.0933e-008	9.3583e-008	9.5234e-008	9.6314e-008	9.6773e-008	9.7785e-008	9.7933e-008	9.7354e-008	9.684e-008	9.6075e-008	9.4822e-008	9.4501e-008	9.3307e-008	9.2078e-008	9.1652e-008	9.1077e-008	8.8832e-008	8.6782e-008	8.6189e-008	8.4905e-008	8.2914e-008	8.1281e-008	7.6556e-008	7.5807e-008	7.3839e-008	7.3061e-008	7.1248e-008	6.8337e-008	6.7497e-008	6.6687e-008	6.5243e-008	6.2994e-008	6.1682e-008	5.9753e-008	5.7727e-008	5.6818e-008	5.6109e-008	5.3299e-008	5.2587e-008	5.0212e-008	4.9219e-008	4.7115e-008	4.5518e-008	4.3755e-008	4.1547e-008	4.0615e-008	3.8865e-008	3.7661e-008	3.5767e-008	3.4361e-008	3.2752e-008	3.0793e-008	2.9842e-008	2.8429e-008	2.6496e-008	2.5689e-008	2.4209e-008	2.3077e-008	2.1524e-008	2.0014e-008	1.771e-008	1.6396e-008	1.4914e-008	1.3503e-008	1.2551e-008	1.1932e-008	1.1706e-008	1.1184e-008	1.0506e-008	9.5854e-009	9.4209e-009	9.5335e-009	8.9642e-009	8.6021e-009	8.7823e-009	9.286e-009	9.5944e-009	9.7726e-009	9.7508e-009	1.043e-008	1.0887e-008	1.1836e-008	1.3099e-008	1.5237e-008	1.7935e-008	2.1207e-008	2.4018e-008	2.7709e-008	3.3124e-008	3.7096e-008	4.0596e-008	4.4616e-008	5.0129e-008	5.6255e-008	6.3291e-008	6.7223e-008	7.0942e-008	7.4919e-008	7.8616e-008	8.1607e-008	8.4473e-008	8.8499e-008	9.156e-008	9.281e-008	9.5035e-008	9.6972e-008	9.7774e-008	9.7738e-008	9.76e-008	9.8281e-008	9.7568e-008	9.6485e-008	9.6286e-008	9.6117e-008	9.6304e-008	9.5547e-008	9.4821e-008	9.193e-008	9.1196e-008	8.9121e-008	8.6958e-008	8.6106e-008	8.5153e-008	8.3604e-008	8.2692e-008	8.1562e-008	8.0477e-008	7.9088e-008	7.5748e-008	7.4535e-008	7.2192e-008	7.1295e-008	6.9846e-008	6.8412e-008	6.6572e-008	6.5361e-008	6.3982e-008	6.2716e-008	6.0081e-008	5.7144e-008	5.5467e-008	5.3733e-008	5.2297e-008	5.0163e-008	4.8945e-008	4.7473e-008	4.4843e-008	4.4094e-008	4.226e-008	4.0506e-008	3.8143e-008	3.6192e-008	3.454e-008	3.2597e-008	3.1382e-008	2.9176e-008	2.8574e-008	2.6062e-008	2.4542e-008	2.3407e-008	2.1321e-008	1.9903e-008	1.896e-008	1.7466e-008	1.6411e-008	1.5703e-008	1.4183e-008	1.3262e-008	1.3006e-008	1.2513e-008	1.2537e-008	1.3165e-008	1.2546e-008	1.2687e-008	1.2467e-008	1.2089e-008	1.2526e-008	1.269e-008	1.3025e-008	1.3173e-008	1.4633e-008	1.6002e-008	1.8003e-008	2.0214e-008
5.0875e-009	6.2105e-009	7.6713e-009	1.0017e-008	1.2371e-008	1.4032e-008	1.6166e-008	1.8382e-008	2.2806e-008	2.7541e-008	3.1298e-008	3.6126e-008	4.0678e-008	4.6591e-008	5.094e-008	5.7546e-008	6.2002e-008	6.5462e-008	6.8688e-008	7.2974e-008	7.5945e-008	7.7783e-008	8.1054e-008	8.3259e-008	8.5361e-008	8.7387e-008	8.9287e-008	9.0856e-008	9.1422e-008	9.2621e-008	9.3664e-008	9.3175e-008	9.2586e-008	9.0799e-008	8.9772e-008	8.8632e-008	8.7587e-008	8.6533e-008	8.5581e-008	8.4051e-008	8.2096e-008	8.0278e-008	7.8616e-008	7.7071e-008	7.5968e-008	7.4376e-008	7.3098e-008	7.1484e-008	6.9017e-008	6.7138e-008	6.6219e-008	6.5935e-008	6.4852e-008	6.213e-008	6.1198e-008	5.8783e-008	5.8191e-008	5.6309e-008	5.5065e-008	5.1914e-008	4.9973e-008	4.7366e-008	4.5536e-008	4.4404e-008	4.2955e-008	4.2131e-008	4.0566e-008	3.9713e-008	3.8027e-008	3.5624e-008	3.3233e-008	3.1991e-008	2.981e-008	2.8213e-008	2.6548e-008	2.4568e-008	2.2102e-008	2.0135e-008	1.8673e-008	1.6567e-008	1.5537e-008	1.379e-008	1.2113e-008	1.05e-008	8.9564e-009	7.5632e-009	6.3374e-009	5.1709e-009	4.4303e-009	3.9018e-009	3.5472e-009	2.9187e-009	2.6631e-009	2.7706e-009	2.2947e-009	2.3158e-009	2.2053e-009	2.3545e-009	2.7772e-009	3.4419e-009	4.074e-009	4.5596e-009	6.0803e-009	7.9632e-009	1.0884e-008	1.2379e-008	1.5884e-008	1.735e-008	2.0894e-008	2.6032e-008	2.95e-008	3.4011e-008	3.6739e-008	4.2161e-008	4.4908e-008	4.9552e-008	5.4543e-008	6.0272e-008	6.389e-008	6.9302e-008	7.2131e-008	7.5453e-008	7.7538e-008	8.0193e-008	8.267e-008	8.5314e-008	8.6988e-008	8.7952e-008	8.7867e-008	8.7788e-008	8.8722e-008	8.9677e-008	8.9712e-008	8.9952e-008	8.9845e-008	8.9258e-008	8.8925e-008	8.8277e-008	8.7529e-008	8.6578e-008	8.5382e-008	8.476e-008	8.3811e-008	8.2095e-008	8.072e-008	7.8501e-008	7.3891e-008	7.3116e-008	7.2178e-008	7.074e-008	6.9527e-008	6.6936e-008	6.4984e-008	6.3388e-008	6.2456e-008	6.1102e-008	6.0781e-008	6.0291e-008	5.9351e-008	5.6316e-008	5.443e-008	5.3097e-008	5.197e-008	5.0264e-008	4.8231e-008	4.6869e-008	4.5575e-008	4.4063e-008	4.285e-008	4.0085e-008	3.8819e-008	3.6259e-008	3.4754e-008	3.3734e-008	3.2471e-008	3.0625e-008	2.8499e-008	2.6805e-008	2.6086e-008	2.4396e-008	2.3255e-008	2.1284e-008	1.9443e-008	1.7954e-008	1.584e-008	1.4438e-008	1.2478e-008	1.1045e-008	9.4876e-009	8.4556e-009	7.0938e-009	6.8422e-009	6.4656e-009	5.8315e-009	5.8116e-009	5.619e-009	5.5179e-009	5.8843e-009	6.0163e-009	6.1179e-009	6.1754e-009	6.4891e-009	6.9752e-009	7.0859e-009	8.0301e-009	8.9253e-009	1.0459e-008	1.256e-008	1.4376e-008	1.6319e-008	1.9143e-008	2.2414e-008	2.6519e-008	2.975e-008	3.2496e-008	3.8382e-008	4.5041e-008	5.0341e-008	5.5191e-008	5.9681e-008	6.4743e-008	7.1835e-008	7.6449e-008	8.0327e-008	8.286e-008	8.7224e-008	8.8108e-008	9.0693e-008	9.2216e-008	9.3867e-008	9.4088e-008	9.4029e-008	9.3153e-008	9.292e-008	9.2765e-008	9.2252e-008	9.1834e-008	9.1256e-008	9.0661e-008	9.0041e-008	8.9376e-008	8.7139e-008	8.5411e-008	8.4116e-008	8.1842e-008	8.0793e-008	7.9668e-008	7.8771e-008	7.8271e-008	7.7109e-008	7.5069e-008	7.3193e-008	7.1509e-008	7.0148e-008	6.8429e-008	6.686e-008	6.527e-008	6.2714e-008	6.1487e-008	6.0281e-008	5.934e-008	5.5629e-008	5.4731e-008	5.26e-008	5.1484e-008	4.9182e-008	4.7614e-008	4.6703e-008	4.4934e-008	4.1284e-008	3.9778e-008	3.7852e-008	3.6287e-008	3.3907e-008	3.2193e-008	3.0915e-008	2.8883e-008	2.7292e-008	2.6049e-008	2.4053e-008	2.1372e-008	1.9147e-008	1.7023e-008	1.4907e-008	1.2754e-008	1.137e-008	1.0673e-008	1.0363e-008	9.8861e-009	9.3631e-009	8.7452e-009	8.5221e-009	8.266e-009	8.8038e-009	9.3699e-009	8.8533e-009	8.5019e-009	8.5478e-009	8.2026e-009	8.6513e-009	9.0372e-009	9.2523e-009	9.1484e-009	9.2548e-009	1.0052e-008	1.0268e-008	1.1784e-008	1.3478e-008	1.4737e-008	1.7067e-008	1.9775e-008	2.2013e-008	2.5288e-008	2.8813e-008	3.4047e-008	3.9733e-008	4.3148e-008	4.699e-008	5.2427e-008	5.9664e-008	6.6127e-008	6.9037e-008	7.2758e-008	7.5158e-008	7.891e-008	8.187e-008	8.5011e-008	8.8238e-008	9.0871e-008	9.353e-008	9.5255e-008	9.7217e-008	9.7467e-008	9.8438e-008	9.8606e-008	9.8313e-008	9.7071e-008	9.6543e-008	9.5739e-008	9.4739e-008	9.3638e-008	9.2598e-008	9.1788e-008	9.1148e-008	8.961e-008	8.733e-008	8.6427e-008	8.5469e-008	8.2994e-008	8.208e-008	7.8999e-008	7.7612e-008	7.5891e-008	7.3406e-008	7.1204e-008	6.9298e-008	6.8192e-008	6.7644e-008	6.5894e-008	6.4232e-008	6.2243e-008	6.1191e-008	5.8749e-008	5.7467e-008	5.6013e-008	5.4618e-008	5.3225e-008	5.129e-008	4.9346e-008	4.7624e-008	4.545e-008	4.4625e-008	4.217e-008	4.1384e-008	3.9893e-008	3.8211e-008	3.6153e-008	3.5269e-008	3.401e-008	3.2032e-008	3.0538e-008	2.8931e-008	2.7541e-008	2.6067e-008	2.53e-008	2.3418e-008	2.0995e-008	2.0192e-008	1.8285e-008	1.6623e-008	1.5771e-008	1.4304e-008	1.3275e-008	1.1926e-008	1.168e-008	1.1399e-008	1.0464e-008	1.0005e-008	1.0306e-008	1.023e-008	9.9144e-009	9.9053e-009	1.0132e-008	1.0391e-008	1.063e-008	1.0682e-008	1.0817e-008	1.1464e-008	1.2307e-008	1.3025e-008	1.4292e-008	1.6365e-008	1.8939e-008	2.1817e-008	2.5123e-008	2.9618e-008	3.3522e-008	3.7472e-008	4.041e-008	4.538e-008	5.0927e-008	5.8182e-008	6.4899e-008	6.753e-008	7.1822e-008	7.5085e-008	7.9635e-008	8.2835e-008	8.5755e-008	9.0072e-008	9.2925e-008	9.3743e-008	9.6651e-008	9.7806e-008	9.8388e-008	9.9072e-008	9.8145e-008	9.7648e-008	9.7664e-008	9.765e-008	9.7492e-008	9.7391e-008	9.7274e-008	9.6297e-008	9.5595e-008	9.3703e-008	9.1816e-008	9.0429e-008	8.8563e-008	8.6952e-008	8.6116e-008	8.4441e-008	8.3352e-008	8.2282e-008	8.0919e-008	7.9378e-008	7.675e-008	7.5049e-008	7.3e-008	7.1895e-008	7.0733e-008	6.9002e-008	6.7294e-008	6.5876e-008	6.4643e-008	6.318e-008	6.1134e-008	5.7778e-008	5.6296e-008	5.4326e-008	5.3008e-008	5.0751e-008	4.9791e-008	4.8017e-008	4.5748e-008	4.4528e-008	4.262e-008	4.0851e-008	3.8849e-008	3.694e-008	3.5006e-008	3.3671e-008	3.1882e-008	2.9558e-008	2.9109e-008	2.7112e-008	2.5654e-008	2.4057e-008	2.2273e-008	2.0766e-008	1.9525e-008	1.8475e-008	1.7311e-008	1.6605e-008	1.5252e-008	1.4307e-008	1.4038e-008	1.3548e-008	1.3477e-008	1.3957e-008	1.359e-008	1.387e-008	1.3554e-008	1.344e-008	1.3605e-008	1.3531e-008	1.3799e-008	1.4209e-008	1.5166e-008	1.7008e-008	1.917e-008	2.0595e-008
5.4666e-009	6.7659e-009	8.0653e-009	9.9219e-009	1.2302e-008	1.4158e-008	1.6345e-008	1.8255e-008	2.2214e-008	2.6549e-008	3.1532e-008	3.6107e-008	4.0033e-008	4.5777e-008	4.9827e-008	5.6748e-008	6.2359e-008	6.5553e-008	7.0089e-008	7.3476e-008	7.6693e-008	7.8688e-008	8.1865e-008	8.5013e-008	8.7143e-008	8.8288e-008	8.9715e-008	9.0399e-008	9.1217e-008	9.338e-008	9.4209e-008	9.371e-008	9.3268e-008	9.1928e-008	9.0717e-008	8.8936e-008	8.8094e-008	8.7256e-008	8.6571e-008	8.5281e-008	8.3903e-008	8.1256e-008	7.8559e-008	7.7553e-008	7.6468e-008	7.492e-008	7.3457e-008	7.1471e-008	6.9147e-008	6.7669e-008	6.7038e-008	6.6594e-008	6.5563e-008	6.3713e-008	6.2046e-008	5.9629e-008	5.8169e-008	5.6319e-008	5.4799e-008	5.2916e-008	5.1184e-008	4.8545e-008	4.6633e-008	4.4284e-008	4.3879e-008	4.2439e-008	4.086e-008	3.9828e-008	3.8171e-008	3.6049e-008	3.4108e-008	3.2647e-008	3.0271e-008	2.8322e-008	2.6244e-008	2.4279e-008	2.3198e-008	2.1195e-008	1.8867e-008	1.801e-008	1.6022e-008	1.4455e-008	1.2968e-008	1.0307e-008	9.4266e-009	8.2853e-009	6.9384e-009	5.8061e-009	4.9372e-009	4.2942e-009	4.1723e-009	3.4131e-009	3.0934e-009	3.2858e-009	3.3222e-009	2.9376e-009	2.877e-009	2.9064e-009	3.1302e-009	3.709e-009	4.5675e-009	5.2818e-009	6.3205e-009	7.7262e-009	1.0739e-008	1.2529e-008	1.5302e-008	1.781e-008	2.012e-008	2.3977e-008	2.8611e-008	3.3307e-008	3.768e-008	4.1616e-008	4.556e-008	4.9677e-008	5.4946e-008	5.9775e-008	6.3742e-008	6.8269e-008	7.1471e-008	7.4606e-008	7.7393e-008	8.1024e-008	8.2108e-008	8.5146e-008	8.6888e-008	8.8052e-008	8.8346e-008	8.8457e-008	8.9123e-008	9.088e-008	9.1452e-008	9.1351e-008	9.0622e-008	9.0061e-008	8.999e-008	8.926e-008	8.875e-008	8.7292e-008	8.6212e-008	8.5263e-008	8.4321e-008	8.1936e-008	8.1072e-008	7.8574e-008	7.5874e-008	7.3531e-008	7.2336e-008	7.0935e-008	6.9709e-008	6.806e-008	6.6131e-008	6.4798e-008	6.3432e-008	6.169e-008	6.1317e-008	6.031e-008	5.8549e-008	5.6099e-008	5.4745e-008	5.3839e-008	5.2566e-008	5.027e-008	4.9549e-008	4.6933e-008	4.6003e-008	4.4649e-008	4.3121e-008	4.0731e-008	3.8822e-008	3.7007e-008	3.504e-008	3.3932e-008	3.3323e-008	3.0828e-008	2.9274e-008	2.7352e-008	2.601e-008	2.4468e-008	2.2704e-008	2.0826e-008	1.9608e-008	1.8082e-008	1.6123e-008	1.4732e-008	1.2695e-008	1.1681e-008	9.7827e-009	9.0108e-009	7.8074e-009	7.6048e-009	7.0177e-009	6.4523e-009	5.9257e-009	5.6568e-009	5.7317e-009	6.409e-009	6.4615e-009	6.5271e-009	6.5836e-009	7.1101e-009	7.3888e-009	7.5615e-009	8.2414e-009	9.5824e-009	1.1047e-008	1.3122e-008	1.4682e-008	1.6411e-008	1.9797e-008	2.3467e-008	2.7672e-008	3.0074e-008	3.4179e-008	3.9541e-008	4.5781e-008	4.9844e-008	5.6068e-008	5.8437e-008	6.5072e-008	6.9455e-008	7.6692e-008	8.0364e-008	8.3742e-008	8.7018e-008	8.8193e-008	9.1119e-008	9.2351e-008	9.4216e-008	9.4464e-008	9.4135e-008	9.3331e-008	9.2948e-008	9.2809e-008	9.281e-008	9.2774e-008	9.2186e-008	9.1105e-008	9.0948e-008	8.9252e-008	8.7095e-008	8.5374e-008	8.3989e-008	8.2762e-008	8.1908e-008	8.0892e-008	7.9881e-008	7.8496e-008	7.7416e-008	7.5357e-008	7.4223e-008	7.2713e-008	7.1682e-008	6.9756e-008	6.7348e-008	6.4806e-008	6.281e-008	6.1905e-008	6.1231e-008	6.0055e-008	5.7114e-008	5.5463e-008	5.3016e-008	5.1985e-008	4.9881e-008	4.8736e-008	4.6759e-008	4.5437e-008	4.1948e-008	4.0243e-008	3.8913e-008	3.7293e-008	3.5417e-008	3.2756e-008	3.1517e-008	2.9407e-008	2.7647e-008	2.6641e-008	2.3938e-008	2.2062e-008	1.9647e-008	1.8005e-008	1.6036e-008	1.3521e-008	1.1995e-008	1.124e-008	1.0592e-008	1.0262e-008	9.8091e-009	9.2679e-009	9.0602e-009	8.7168e-009	9.1292e-009	9.5413e-009	9.2556e-009	9.0646e-009	8.8325e-009	8.6858e-009	9.0144e-009	9.1811e-009	9.4989e-009	9.7552e-009	1.0056e-008	1.051e-008	1.0826e-008	1.2012e-008	1.4286e-008	1.511e-008	1.7267e-008	1.9721e-008	2.2082e-008	2.5332e-008	2.9523e-008	3.4363e-008	3.8598e-008	4.386e-008	4.7429e-008	5.2343e-008	5.863e-008	6.2872e-008	6.9225e-008	7.2543e-008	7.5126e-008	7.8838e-008	8.1634e-008	8.4881e-008	8.8281e-008	9.0933e-008	9.3317e-008	9.531e-008	9.7269e-008	9.7634e-008	9.8264e-008	9.8601e-008	9.8413e-008	9.7682e-008	9.7019e-008	9.6433e-008	9.5618e-008	9.4921e-008	9.2944e-008	9.23e-008	9.1432e-008	8.9878e-008	8.802e-008	8.711e-008	8.5661e-008	8.345e-008	8.2331e-008	8.0096e-008	7.8583e-008	7.6881e-008	7.358e-008	7.119e-008	6.9617e-008	6.8554e-008	6.7139e-008	6.6037e-008	6.4175e-008	6.3184e-008	6.1692e-008	5.9738e-008	5.7901e-008	5.7268e-008	5.4847e-008	5.352e-008	5.1587e-008	5.0214e-008	4.7916e-008	4.6304e-008	4.4542e-008	4.2662e-008	4.075e-008	3.9779e-008	3.843e-008	3.7091e-008	3.5714e-008	3.4393e-008	3.1709e-008	3.1025e-008	2.9111e-008	2.7995e-008	2.6107e-008	2.5229e-008	2.438e-008	2.2137e-008	2.0074e-008	1.8111e-008	1.6606e-008	1.5913e-008	1.5032e-008	1.3731e-008	1.2722e-008	1.1993e-008	1.1376e-008	1.0869e-008	1.0648e-008	1.0925e-008	1.0719e-008	1.056e-008	1.0538e-008	1.1061e-008	1.1043e-008	1.102e-008	1.0872e-008	1.1732e-008	1.2387e-008	1.2904e-008	1.3745e-008	1.5497e-008	1.7434e-008	1.9282e-008	2.3305e-008	2.5969e-008	2.9463e-008	3.3157e-008	3.6483e-008	4.0687e-008	4.43e-008	4.9462e-008	5.6438e-008	6.4184e-008	6.8492e-008	7.2422e-008	7.6026e-008	7.9621e-008	8.3105e-008	8.567e-008	9.1264e-008	9.3414e-008	9.4379e-008	9.6343e-008	9.8021e-008	9.869e-008	9.9377e-008	9.8712e-008	9.8355e-008	9.841e-008	9.8477e-008	9.8427e-008	9.8071e-008	9.8022e-008	9.7242e-008	9.6244e-008	9.4462e-008	9.2722e-008	9.0965e-008	8.8292e-008	8.7381e-008	8.6522e-008	8.501e-008	8.3556e-008	8.2189e-008	8.023e-008	7.8851e-008	7.6823e-008	7.5353e-008	7.392e-008	7.2206e-008	7.0985e-008	7.0195e-008	6.7718e-008	6.6009e-008	6.5329e-008	6.2477e-008	6.1135e-008	5.8689e-008	5.6919e-008	5.534e-008	5.2995e-008	5.0878e-008	4.9658e-008	4.8538e-008	4.646e-008	4.4983e-008	4.3172e-008	4.1302e-008	3.8527e-008	3.6962e-008	3.4837e-008	3.379e-008	3.2601e-008	3.0361e-008	2.9285e-008	2.7916e-008	2.6598e-008	2.4445e-008	2.2625e-008	2.1341e-008	2.0253e-008	1.8762e-008	1.8019e-008	1.6821e-008	1.5502e-008	1.4531e-008	1.412e-008	1.406e-008	1.4289e-008	1.4412e-008	1.4254e-008	1.4451e-008	1.3961e-008	1.3984e-008	1.4084e-008	1.4402e-008	1.4765e-008	1.4832e-008	1.5263e-008	1.752e-008	1.9169e-008	2.0634e-008
4.9511e-009	6.1655e-009	7.6083e-009	9.5049e-009	1.1032e-008	1.326e-008	1.5687e-008	1.7881e-008	2.2365e-008	2.6309e-008	3.0421e-008	3.5681e-008	4.0885e-008	4.5254e-008	5.0695e-008	5.4574e-008	6.2083e-008	6.5303e-008	6.946e-008	7.3663e-008	7.5897e-008	7.9402e-008	8.2669e-008	8.5016e-008	8.6498e-008	8.8861e-008	8.9932e-008	9.1072e-008	9.1532e-008	9.3375e-008	9.3901e-008	9.3844e-008	9.3352e-008	9.1855e-008	9.0441e-008	8.9149e-008	8.8236e-008	8.7551e-008	8.6519e-008	8.5905e-008	8.2017e-008	8.095e-008	7.9033e-008	7.7454e-008	7.6477e-008	7.4419e-008	7.3186e-008	7.0468e-008	6.8009e-008	6.7126e-008	6.6695e-008	6.6551e-008	6.5185e-008	6.3377e-008	6.1655e-008	5.9469e-008	5.7756e-008	5.6239e-008	5.489e-008	5.2268e-008	5.1733e-008	5.0361e-008	4.8353e-008	4.4464e-008	4.3916e-008	4.1584e-008	4.0386e-008	3.9171e-008	3.8229e-008	3.6091e-008	3.3465e-008	3.145e-008	3.0335e-008	2.8455e-008	2.6448e-008	2.5082e-008	2.3138e-008	2.1011e-008	1.8613e-008	1.7741e-008	1.5431e-008	1.4016e-008	1.2512e-008	1.1266e-008	9.2736e-009	8.1623e-009	6.5313e-009	5.1316e-009	4.5959e-009	3.9407e-009	3.7976e-009	3.1529e-009	2.971e-009	3.2327e-009	2.8992e-009	2.5724e-009	2.5414e-009	2.9971e-009	3.1782e-009	3.305e-009	3.8378e-009	5.0744e-009	5.9142e-009	7.3643e-009	9.7378e-009	1.1856e-008	1.4193e-008	1.6491e-008	1.8809e-008	2.3307e-008	2.5965e-008	3.2028e-008	3.5829e-008	4.0438e-008	4.6043e-008	4.9629e-008	5.3929e-008	5.8846e-008	6.2922e-008	6.7263e-008	7.1064e-008	7.4754e-008	7.7435e-008	8.1115e-008	8.2832e-008	8.4704e-008	8.6311e-008	8.6836e-008	8.7586e-008	8.8428e-008	8.9232e-008	9.1596e-008	9.2041e-008	9.1557e-008	9.0859e-008	9.0243e-008	8.9933e-008	8.9551e-008	8.8903e-008	8.7405e-008	8.6221e-008	8.4673e-008	8.3922e-008	8.2194e-008	8.1256e-008	7.8612e-008	7.6885e-008	7.3778e-008	7.1386e-008	7.045e-008	6.9737e-008	6.7899e-008	6.5671e-008	6.4593e-008	6.278e-008	6.1584e-008	6.1292e-008	5.9305e-008	5.7689e-008	5.6519e-008	5.5174e-008	5.3604e-008	5.2012e-008	5.0815e-008	4.9246e-008	4.7266e-008	4.5853e-008	4.4083e-008	4.2865e-008	4.0353e-008	3.8575e-008	3.5785e-008	3.3942e-008	3.3139e-008	3.2465e-008	3.1034e-008	2.8848e-008	2.7013e-008	2.5677e-008	2.4299e-008	2.2282e-008	2.0846e-008	1.8989e-008	1.7902e-008	1.6244e-008	1.4352e-008	1.2958e-008	1.1348e-008	9.8803e-009	8.9134e-009	7.8736e-009	7.1674e-009	6.5656e-009	6.1071e-009	5.4503e-009	5.1614e-009	5.7009e-009	6.1009e-009	6.1443e-009	6.1939e-009	6.3837e-009	6.4725e-009	6.7347e-009	6.8877e-009	7.5392e-009	8.9799e-009	1.0411e-008	1.2211e-008	1.3941e-008	1.6686e-008	2.0224e-008	2.4356e-008	2.7206e-008	3.0412e-008	3.4065e-008	3.9213e-008	4.6047e-008	5.0745e-008	5.5106e-008	5.9628e-008	6.3873e-008	6.8898e-008	7.6067e-008	7.9799e-008	8.318e-008	8.5976e-008	8.7623e-008	8.9517e-008	9.1433e-008	9.3446e-008	9.3552e-008	9.3117e-008	9.2444e-008	9.227e-008	9.2334e-008	9.2761e-008	9.269e-008	9.2261e-008	9.1574e-008	9.0706e-008	8.9893e-008	8.7187e-008	8.5654e-008	8.3771e-008	8.3005e-008	8.157e-008	8.0971e-008	7.9646e-008	7.8096e-008	7.6584e-008	7.584e-008	7.4276e-008	7.2727e-008	7.1289e-008	6.9205e-008	6.766e-008	6.5872e-008	6.2748e-008	6.1429e-008	6.0816e-008	5.9158e-008	5.735e-008	5.4741e-008	5.2801e-008	5.1636e-008	5.0778e-008	4.7881e-008	4.6726e-008	4.5128e-008	4.3297e-008	4.0965e-008	3.7557e-008	3.7367e-008	3.5473e-008	3.3246e-008	3.0913e-008	2.9347e-008	2.7592e-008	2.6331e-008	2.3628e-008	2.2315e-008	1.9221e-008	1.728e-008	1.5696e-008	1.3185e-008	1.1745e-008	1.066e-008	1.0041e-008	9.531e-009	9.2299e-009	8.7469e-009	8.7308e-009	8.7805e-009	8.9729e-009	9.3251e-009	8.8053e-009	8.4213e-009	8.3298e-009	8.5769e-009	8.7414e-009	8.9077e-009	8.8399e-009	8.9462e-009	9.5154e-009	1.0168e-008	1.024e-008	1.1611e-008	1.3376e-008	1.4454e-008	1.6662e-008	1.8599e-008	2.1731e-008	2.4522e-008	2.7975e-008	3.2457e-008	3.6704e-008	4.1525e-008	4.6382e-008	4.9914e-008	5.8204e-008	6.1719e-008	6.869e-008	7.1317e-008	7.496e-008	7.8254e-008	8.204e-008	8.4836e-008	8.8449e-008	9.0917e-008	9.2915e-008	9.4048e-008	9.4992e-008	9.6644e-008	9.8132e-008	9.858e-008	9.8034e-008	9.7527e-008	9.7131e-008	9.669e-008	9.5515e-008	9.4599e-008	9.2998e-008	9.1953e-008	9.1505e-008	8.8799e-008	8.7605e-008	8.5514e-008	8.3571e-008	8.2474e-008	8.1061e-008	8.0064e-008	7.8493e-008	7.6124e-008	7.423e-008	7.1278e-008	6.9918e-008	6.7753e-008	6.698e-008	6.5731e-008	6.46e-008	6.2429e-008	6.0127e-008	5.8471e-008	5.7221e-008	5.687e-008	5.5189e-008	5.2308e-008	5.0968e-008	4.9919e-008	4.8339e-008	4.559e-008	4.4034e-008	4.2531e-008	4.1058e-008	3.9505e-008	3.81e-008	3.5699e-008	3.4336e-008	3.3277e-008	3.202e-008	3.0425e-008	2.9143e-008	2.7536e-008	2.6235e-008	2.4865e-008	2.3121e-008	2.1233e-008	1.9371e-008	1.8167e-008	1.6151e-008	1.5176e-008	1.4093e-008	1.2986e-008	1.2311e-008	1.1147e-008	1.047e-008	1.0368e-008	1.0448e-008	1.0325e-008	1e-008	9.8986e-009	1.0162e-008	1.0621e-008	1.0964e-008	1.0928e-008	1.113e-008	1.1711e-008	1.2221e-008	1.3245e-008	1.4432e-008	1.5377e-008	1.7274e-008	1.9395e-008	2.226e-008	2.5379e-008	2.8912e-008	3.2712e-008	3.6375e-008	3.9849e-008	4.2817e-008	4.8447e-008	5.5372e-008	6.23e-008	6.5412e-008	7.0356e-008	7.4884e-008	7.9845e-008	8.3557e-008	8.7701e-008	9.0951e-008	9.285e-008	9.3882e-008	9.5488e-008	9.6677e-008	9.7519e-008	9.8105e-008	9.8222e-008	9.816e-008	9.8101e-008	9.8565e-008	9.8682e-008	9.7895e-008	9.7785e-008	9.6743e-008	9.5548e-008	9.4112e-008	9.1464e-008	8.981e-008	8.8576e-008	8.7283e-008	8.5531e-008	8.4308e-008	8.3152e-008	8.1485e-008	7.8912e-008	7.7374e-008	7.6242e-008	7.5269e-008	7.4464e-008	7.1732e-008	7.0385e-008	7.0147e-008	6.7766e-008	6.6288e-008	6.5122e-008	6.2977e-008	6.0745e-008	5.8998e-008	5.6735e-008	5.4432e-008	5.294e-008	5.1175e-008	4.9006e-008	4.7576e-008	4.5768e-008	4.4397e-008	4.2511e-008	4.0918e-008	3.8685e-008	3.6672e-008	3.4721e-008	3.3563e-008	3.181e-008	3.0252e-008	2.9229e-008	2.746e-008	2.6503e-008	2.447e-008	2.2748e-008	2.094e-008	1.992e-008	1.8757e-008	1.7603e-008	1.6624e-008	1.5574e-008	1.4755e-008	1.3524e-008	1.3795e-008	1.3893e-008	1.3994e-008	1.3724e-008	1.3562e-008	1.3569e-008	1.3463e-008	1.354e-008	1.3898e-008	1.4571e-008	1.4348e-008	1.4938e-008	1.6773e-008	1.8567e-008	2.0279e-008
4.4129e-009	5.1722e-009	6.9467e-009	8.6875e-009	1.0215e-008	1.3218e-008	1.5207e-008	1.8256e-008	2.1303e-008	2.5111e-008	2.9309e-008	3.26e-008	3.9306e-008	4.5375e-008	4.9811e-008	5.5428e-008	6.0401e-008	6.4731e-008	6.8531e-008	7.3234e-008	7.6186e-008	7.9186e-008	8.2653e-008	8.505e-008	8.6005e-008	8.8669e-008	8.9871e-008	9.1396e-008	9.1582e-008	9.2961e-008	9.3374e-008	9.367e-008	9.2999e-008	9.1504e-008	9.0135e-008	8.9093e-008	8.7872e-008	8.7533e-008	8.6392e-008	8.5505e-008	8.3203e-008	8.0546e-008	7.9536e-008	7.8574e-008	7.6488e-008	7.3382e-008	7.2319e-008	7.0149e-008	6.8057e-008	6.7046e-008	6.6799e-008	6.6126e-008	6.4569e-008	6.2353e-008	6.1282e-008	5.8763e-008	5.7727e-008	5.6552e-008	5.5142e-008	5.3221e-008	5.1678e-008	5.0165e-008	4.8466e-008	4.6497e-008	4.4096e-008	4.218e-008	3.9719e-008	3.8657e-008	3.7433e-008	3.5856e-008	3.3513e-008	3.1754e-008	3.016e-008	2.8944e-008	2.6922e-008	2.4585e-008	2.2181e-008	2.1002e-008	1.9126e-008	1.7939e-008	1.5472e-008	1.3784e-008	1.2582e-008	1.0427e-008	8.8309e-009	7.2749e-009	6.1378e-009	5.0857e-009	4.6892e-009	3.6546e-009	3.2418e-009	2.9273e-009	3.1097e-009	3.2999e-009	2.9732e-009	2.2389e-009	2.1446e-009	2.778e-009	3.4312e-009	3.6524e-009	3.6797e-009	4.755e-009	5.5618e-009	7.0399e-009	8.3404e-009	1.1139e-008	1.2579e-008	1.5452e-008	1.774e-008	2.2632e-008	2.5787e-008	3.0454e-008	3.4119e-008	3.903e-008	4.4817e-008	4.8491e-008	5.4521e-008	5.7919e-008	6.2398e-008	6.5767e-008	7.066e-008	7.4231e-008	7.7783e-008	7.9848e-008	8.3002e-008	8.4691e-008	8.5511e-008	8.6279e-008	8.7106e-008	8.8673e-008	9.0158e-008	9.16e-008	9.2101e-008	9.1749e-008	9.1224e-008	9.0656e-008	9.0161e-008	8.971e-008	8.9283e-008	8.792e-008	8.5922e-008	8.4843e-008	8.4182e-008	8.191e-008	8.0772e-008	7.8851e-008	7.7387e-008	7.2845e-008	7.1445e-008	7.0665e-008	6.9977e-008	6.8353e-008	6.5589e-008	6.4356e-008	6.3172e-008	6.1709e-008	6.1778e-008	5.896e-008	5.749e-008	5.6161e-008	5.4978e-008	5.3413e-008	5.218e-008	5.0659e-008	4.9128e-008	4.7426e-008	4.5947e-008	4.3313e-008	4.1277e-008	4.0012e-008	3.8269e-008	3.5686e-008	3.4069e-008	3.2916e-008	3.1928e-008	3.0227e-008	2.8206e-008	2.6088e-008	2.5443e-008	2.4458e-008	2.1971e-008	2.0759e-008	1.913e-008	1.784e-008	1.6312e-008	1.4169e-008	1.2195e-008	1.1122e-008	1.0068e-008	9.2192e-009	8.2213e-009	7.1239e-009	6.8121e-009	6.2301e-009	5.4758e-009	5.7691e-009	5.7013e-009	6.0995e-009	5.8586e-009	6.0288e-009	6.0978e-009	6.1756e-009	6.6991e-009	7.0647e-009	7.2258e-009	8.1763e-009	9.5973e-009	1.1899e-008	1.3405e-008	1.6673e-008	2.052e-008	2.3987e-008	2.7089e-008	3.0508e-008	3.4459e-008	4.092e-008	4.6139e-008	4.9862e-008	5.4979e-008	5.968e-008	6.3483e-008	6.8255e-008	7.3847e-008	7.9677e-008	8.3247e-008	8.5636e-008	8.7924e-008	8.9331e-008	9.0378e-008	9.1432e-008	9.1811e-008	9.1815e-008	9.163e-008	9.2351e-008	9.2462e-008	9.2616e-008	9.2931e-008	9.2859e-008	9.1659e-008	9.1212e-008	8.8607e-008	8.7136e-008	8.6103e-008	8.4683e-008	8.2808e-008	8.1364e-008	8.0993e-008	7.9801e-008	7.8634e-008	7.7538e-008	7.6479e-008	7.4423e-008	7.2413e-008	7.125e-008	7.0031e-008	6.8304e-008	6.5397e-008	6.3016e-008	6.1193e-008	6.0113e-008	5.8482e-008	5.7126e-008	5.4402e-008	5.244e-008	5.1532e-008	5.0281e-008	4.7966e-008	4.6912e-008	4.5224e-008	4.2698e-008	4.1358e-008	3.8398e-008	3.7383e-008	3.5608e-008	3.3487e-008	3.0317e-008	2.8589e-008	2.7452e-008	2.6097e-008	2.4041e-008	2.2556e-008	1.9704e-008	1.771e-008	1.5748e-008	1.3792e-008	1.1952e-008	1.0794e-008	9.9108e-009	9.4445e-009	8.8455e-009	8.5094e-009	8.4286e-009	8.673e-009	9.3806e-009	9.7131e-009	8.9527e-009	8.077e-009	8.2329e-009	8.5878e-009	8.8561e-009	8.7208e-009	8.678e-009	8.7735e-009	9.3368e-009	1.0016e-008	1.0022e-008	1.0733e-008	1.229e-008	1.3971e-008	1.6208e-008	1.8235e-008	2.102e-008	2.4097e-008	2.765e-008	3.1936e-008	3.6518e-008	4.1429e-008	4.5941e-008	4.9492e-008	5.6186e-008	6.1175e-008	6.7282e-008	7.0522e-008	7.4028e-008	7.736e-008	8.0565e-008	8.4275e-008	8.7287e-008	9.0296e-008	9.183e-008	9.3367e-008	9.4401e-008	9.5799e-008	9.727e-008	9.8598e-008	9.806e-008	9.7393e-008	9.7755e-008	9.5918e-008	9.5326e-008	9.4833e-008	9.3241e-008	9.2613e-008	9.168e-008	8.9538e-008	8.8023e-008	8.5146e-008	8.3478e-008	8.2071e-008	8.0609e-008	7.9995e-008	7.8518e-008	7.6146e-008	7.3785e-008	7.08e-008	7.0233e-008	6.8065e-008	6.6469e-008	6.6221e-008	6.3773e-008	6.1992e-008	6.0122e-008	5.8489e-008	5.7618e-008	5.7347e-008	5.5694e-008	5.2914e-008	5.1064e-008	4.9984e-008	4.8061e-008	4.5608e-008	4.4137e-008	4.2173e-008	4.1277e-008	3.954e-008	3.8121e-008	3.5762e-008	3.4004e-008	3.2982e-008	3.2097e-008	3.0717e-008	2.9381e-008	2.7126e-008	2.5996e-008	2.4925e-008	2.2706e-008	2.1391e-008	1.9628e-008	1.8243e-008	1.6239e-008	1.4901e-008	1.3634e-008	1.2613e-008	1.1672e-008	1.13e-008	1.0691e-008	1.0359e-008	1.0474e-008	9.942e-009	9.6585e-009	9.7637e-009	9.901e-009	1.0464e-008	1.0878e-008	1.0763e-008	1.0911e-008	1.1335e-008	1.2435e-008	1.3737e-008	1.4737e-008	1.5565e-008	1.6727e-008	1.9628e-008	2.215e-008	2.5978e-008	2.8391e-008	3.1017e-008	3.5038e-008	3.868e-008	4.2383e-008	4.8136e-008	5.424e-008	6.1094e-008	6.559e-008	7.0335e-008	7.4212e-008	7.9855e-008	8.3759e-008	8.6863e-008	8.9645e-008	9.223e-008	9.3395e-008	9.4591e-008	9.6272e-008	9.6829e-008	9.7636e-008	9.7999e-008	9.8127e-008	9.795e-008	9.8294e-008	9.8778e-008	9.832e-008	9.7638e-008	9.6333e-008	9.538e-008	9.2648e-008	9.1221e-008	9.0398e-008	8.9117e-008	8.7122e-008	8.4888e-008	8.3447e-008	8.2206e-008	8.0673e-008	7.9014e-008	7.6779e-008	7.5756e-008	7.5287e-008	7.4521e-008	7.2528e-008	7.0242e-008	7.0015e-008	6.896e-008	6.7398e-008	6.458e-008	6.3765e-008	6.0948e-008	5.8357e-008	5.6363e-008	5.4157e-008	5.2501e-008	5.0672e-008	4.9686e-008	4.7861e-008	4.5629e-008	4.432e-008	4.2892e-008	4.0479e-008	3.9129e-008	3.7286e-008	3.5138e-008	3.3998e-008	3.2146e-008	3.0756e-008	2.8701e-008	2.7348e-008	2.5655e-008	2.3984e-008	2.2675e-008	2.112e-008	1.9741e-008	1.8582e-008	1.7614e-008	1.6675e-008	1.5611e-008	1.4823e-008	1.3993e-008	1.354e-008	1.3498e-008	1.3484e-008	1.348e-008	1.3543e-008	1.3332e-008	1.343e-008	1.3515e-008	1.3795e-008	1.4103e-008	1.3932e-008	1.4636e-008	1.6226e-008	1.8075e-008	1.9484e-008
3.6952e-009	4.5588e-009	5.8007e-009	8.1485e-009	9.7011e-009	1.2384e-008	1.5056e-008	1.7637e-008	2.1114e-008	2.4731e-008	2.8679e-008	3.1884e-008	3.6541e-008	4.3255e-008	5.0559e-008	5.6011e-008	5.961e-008	6.4313e-008	6.7855e-008	7.2117e-008	7.3054e-008	7.9814e-008	8.2147e-008	8.4145e-008	8.5504e-008	8.7813e-008	8.9465e-008	9.0809e-008	9.1148e-008	9.179e-008	9.2406e-008	9.2586e-008	9.1968e-008	9.0786e-008	8.9428e-008	8.8457e-008	8.776e-008	8.7392e-008	8.6411e-008	8.5154e-008	8.2551e-008	8.0444e-008	7.9479e-008	7.8621e-008	7.7187e-008	7.4795e-008	7.2873e-008	6.9988e-008	6.7849e-008	6.6678e-008	6.6213e-008	6.5194e-008	6.2952e-008	6.1822e-008	6.0832e-008	5.8929e-008	5.721e-008	5.6245e-008	5.4587e-008	5.2797e-008	5.1622e-008	5.0548e-008	4.7882e-008	4.6136e-008	4.3872e-008	4.1513e-008	3.995e-008	3.8556e-008	3.6997e-008	3.5306e-008	3.3302e-008	3.1548e-008	3.0248e-008	2.8706e-008	2.6761e-008	2.4903e-008	2.2244e-008	2.0805e-008	1.8709e-008	1.6871e-008	1.4468e-008	1.3393e-008	1.1642e-008	9.1882e-009	8.3595e-009	6.7317e-009	5.8701e-009	4.7187e-009	3.8101e-009	2.9869e-009	2.812e-009	2.8553e-009	2.7939e-009	2.8491e-009	2.5941e-009	1.7984e-009	1.7512e-009	2.0648e-009	3.2098e-009	3.5758e-009	3.4072e-009	3.8798e-009	5.0641e-009	6.5062e-009	8.2069e-009	9.8163e-009	1.1685e-008	1.4459e-008	1.7513e-008	2.161e-008	2.4492e-008	2.9168e-008	3.2727e-008	3.7438e-008	4.3722e-008	4.8197e-008	5.3728e-008	5.8018e-008	6.1768e-008	6.5519e-008	6.9027e-008	7.3638e-008	7.6212e-008	7.987e-008	8.3143e-008	8.4462e-008	8.5041e-008	8.5882e-008	8.7264e-008	8.9298e-008	9.0278e-008	9.1371e-008	9.1798e-008	9.1303e-008	9.0887e-008	9.0477e-008	9.0087e-008	9.0031e-008	8.9075e-008	8.7253e-008	8.5759e-008	8.5172e-008	8.3779e-008	8.2956e-008	8.0261e-008	7.8278e-008	7.7857e-008	7.59e-008	7.2294e-008	7.0052e-008	6.9375e-008	6.7706e-008	6.6514e-008	6.5107e-008	6.2906e-008	6.1518e-008	6.0894e-008	5.7968e-008	5.7325e-008	5.5904e-008	5.4636e-008	5.3747e-008	5.1803e-008	5.0574e-008	4.9038e-008	4.7046e-008	4.567e-008	4.2488e-008	4.1275e-008	3.9694e-008	3.7717e-008	3.5746e-008	3.4291e-008	3.3329e-008	3.1522e-008	2.9342e-008	2.8313e-008	2.6599e-008	2.538e-008	2.3882e-008	2.1691e-008	2.0166e-008	1.8805e-008	1.6925e-008	1.5539e-008	1.3633e-008	1.2071e-008	1.0659e-008	9.4293e-009	8.5671e-009	7.6934e-009	6.9104e-009	6.4802e-009	5.8343e-009	5.5394e-009	5.8514e-009	5.699e-009	5.6356e-009	5.5377e-009	5.8241e-009	6.1249e-009	6.4109e-009	6.4559e-009	6.813e-009	7.1402e-009	7.3797e-009	8.3779e-009	1.0795e-008	1.3536e-008	1.6442e-008	1.996e-008	2.3034e-008	2.6849e-008	3.0282e-008	3.3764e-008	4.0391e-008	4.608e-008	5.1102e-008	5.5721e-008	5.9181e-008	6.3625e-008	6.7508e-008	7.1728e-008	7.8338e-008	8.2469e-008	8.515e-008	8.691e-008	8.9161e-008	8.9692e-008	9.0503e-008	9.1036e-008	9.1119e-008	9.1334e-008	9.1868e-008	9.2262e-008	9.2467e-008	9.2827e-008	9.285e-008	9.3054e-008	9.1896e-008	9.0207e-008	8.8735e-008	8.5594e-008	8.4206e-008	8.3305e-008	8.1222e-008	8.0254e-008	7.8997e-008	7.8031e-008	7.7407e-008	7.5781e-008	7.3636e-008	7.2559e-008	7.1174e-008	6.9684e-008	6.8245e-008	6.4527e-008	6.2035e-008	6.1543e-008	5.9504e-008	5.8343e-008	5.6416e-008	5.4837e-008	5.3183e-008	5.1756e-008	5.0579e-008	4.6945e-008	4.6338e-008	4.4964e-008	4.2095e-008	4.124e-008	3.8023e-008	3.6639e-008	3.5127e-008	3.2706e-008	3.0756e-008	2.8958e-008	2.7133e-008	2.5578e-008	2.392e-008	2.1574e-008	1.9204e-008	1.7244e-008	1.4738e-008	1.3924e-008	1.1599e-008	1.0602e-008	9.8731e-009	9.2919e-009	9.1127e-009	8.6209e-009	8.3629e-009	8.4738e-009	9.0651e-009	9.307e-009	8.9954e-009	8.1468e-009	7.9435e-009	8.3729e-009	8.67e-009	8.7361e-009	8.6208e-009	9.1753e-009	9.3437e-009	9.6887e-009	9.9455e-009	1.1027e-008	1.1926e-008	1.3541e-008	1.5308e-008	1.7185e-008	1.9572e-008	2.3194e-008	2.7068e-008	3.2342e-008	3.5917e-008	4.1309e-008	4.5865e-008	5.0322e-008	5.357e-008	6.0537e-008	6.6207e-008	7.0371e-008	7.3996e-008	7.7345e-008	7.9745e-008	8.3244e-008	8.7038e-008	8.9328e-008	9.1153e-008	9.2497e-008	9.3688e-008	9.4915e-008	9.6823e-008	9.8014e-008	9.7592e-008	9.7543e-008	9.7941e-008	9.7325e-008	9.5629e-008	9.4315e-008	9.3066e-008	9.2262e-008	8.9982e-008	8.8355e-008	8.7059e-008	8.4248e-008	8.3206e-008	8.1632e-008	7.999e-008	7.9389e-008	7.8364e-008	7.4951e-008	7.3626e-008	7.1033e-008	7.1021e-008	6.9377e-008	6.7745e-008	6.5931e-008	6.4616e-008	6.1525e-008	5.9191e-008	5.8032e-008	5.713e-008	5.6891e-008	5.5373e-008	5.1895e-008	5.1099e-008	4.9707e-008	4.7142e-008	4.4994e-008	4.4053e-008	4.1966e-008	4.0459e-008	3.9139e-008	3.7279e-008	3.575e-008	3.5025e-008	3.2754e-008	3.1912e-008	3.0605e-008	2.9038e-008	2.7194e-008	2.5795e-008	2.4793e-008	2.235e-008	2.1222e-008	1.922e-008	1.7483e-008	1.5631e-008	1.4251e-008	1.2972e-008	1.2078e-008	1.1426e-008	1.1151e-008	1.0422e-008	1.0422e-008	1.0228e-008	9.4335e-009	9.4391e-009	9.7538e-009	9.8537e-009	1.0115e-008	1.0598e-008	1.0798e-008	1.0897e-008	1.0813e-008	1.2493e-008	1.3515e-008	1.4404e-008	1.6095e-008	1.7643e-008	1.9456e-008	2.2991e-008	2.617e-008	2.8538e-008	3.1083e-008	3.4991e-008	3.8277e-008	4.3909e-008	4.9237e-008	5.5532e-008	6.0163e-008	6.6053e-008	7.0122e-008	7.4795e-008	8.0403e-008	8.4125e-008	8.7197e-008	8.9839e-008	9.1626e-008	9.3718e-008	9.478e-008	9.6514e-008	9.7201e-008	9.7881e-008	9.7945e-008	9.7908e-008	9.7993e-008	9.8192e-008	9.8454e-008	9.8079e-008	9.7241e-008	9.6186e-008	9.4543e-008	9.1893e-008	9.0562e-008	9.0326e-008	8.8366e-008	8.6543e-008	8.4561e-008	8.3236e-008	8.1275e-008	8.059e-008	7.828e-008	7.71e-008	7.5317e-008	7.4895e-008	7.4541e-008	7.2458e-008	7.0886e-008	6.9899e-008	6.8344e-008	6.6904e-008	6.5003e-008	6.2295e-008	6.0324e-008	5.8954e-008	5.6634e-008	5.4487e-008	5.2039e-008	5.0971e-008	4.8649e-008	4.7353e-008	4.6198e-008	4.4463e-008	4.271e-008	4.0556e-008	3.931e-008	3.7001e-008	3.5542e-008	3.4083e-008	3.2381e-008	3.044e-008	2.9018e-008	2.7699e-008	2.5714e-008	2.4268e-008	2.2553e-008	2.0846e-008	1.9271e-008	1.8157e-008	1.6911e-008	1.5999e-008	1.4831e-008	1.4233e-008	1.4028e-008	1.3694e-008	1.3391e-008	1.3107e-008	1.2893e-008	1.3318e-008	1.3323e-008	1.3487e-008	1.3447e-008	1.3294e-008	1.3685e-008	1.4098e-008	1.4512e-008	1.5666e-008	1.8789e-008	1.9718e-008
3.0461e-009	3.6671e-009	4.5965e-009	7.0186e-009	9.67e-009	1.1959e-008	1.4929e-008	1.8772e-008	2.1632e-008	2.4813e-008	2.7699e-008	3.1174e-008	3.7221e-008	4.5634e-008	4.9732e-008	5.5289e-008	5.8891e-008	6.3495e-008	6.7085e-008	7.1184e-008	7.4245e-008	7.7918e-008	8.0804e-008	8.3594e-008	8.5181e-008	8.6719e-008	8.8499e-008	9.0594e-008	9.0958e-008	9.1249e-008	9.1839e-008	9.1737e-008	9.0756e-008	8.9898e-008	8.9142e-008	8.8368e-008	8.7304e-008	8.7006e-008	8.5272e-008	8.4595e-008	8.2725e-008	8.1087e-008	7.9744e-008	7.8736e-008	7.6838e-008	7.4637e-008	7.2779e-008	7.0268e-008	6.679e-008	6.6676e-008	6.5758e-008	6.4182e-008	6.1888e-008	6.141e-008	6.0155e-008	5.8756e-008	5.7007e-008	5.5955e-008	5.4427e-008	5.2829e-008	5.1943e-008	4.9857e-008	4.7375e-008	4.5976e-008	4.3024e-008	4.1291e-008	3.9426e-008	3.801e-008	3.5834e-008	3.4717e-008	3.2899e-008	3.1032e-008	3.0073e-008	2.8928e-008	2.7024e-008	2.5513e-008	2.3343e-008	2.0999e-008	1.8184e-008	1.6854e-008	1.5084e-008	1.3029e-008	1.1319e-008	1.0238e-008	8.8169e-009	7.0261e-009	6.1457e-009	4.8181e-009	4.019e-009	3.2078e-009	2.9686e-009	2.7635e-009	2.6714e-009	2.4228e-009	2.3602e-009	2.2448e-009	2.0574e-009	2.026e-009	3.0817e-009	3.2776e-009	3.1056e-009	3.5292e-009	4.386e-009	5.7541e-009	7.6981e-009	9.5267e-009	1.1528e-008	1.3608e-008	1.7091e-008	1.9981e-008	2.4484e-008	2.881e-008	3.1903e-008	3.5555e-008	4.0412e-008	4.8132e-008	5.1439e-008	5.6869e-008	6.0697e-008	6.4903e-008	6.9396e-008	7.2857e-008	7.6235e-008	8.059e-008	8.3511e-008	8.4348e-008	8.4767e-008	8.5722e-008	8.7601e-008	8.9523e-008	9.057e-008	9.1191e-008	9.1316e-008	9.0799e-008	9.0391e-008	9.0522e-008	9.0788e-008	9.0138e-008	8.8911e-008	8.7472e-008	8.5201e-008	8.504e-008	8.3643e-008	8.2801e-008	8.0632e-008	7.9789e-008	7.7827e-008	7.4605e-008	7.2709e-008	7.0768e-008	6.9226e-008	6.8562e-008	6.5575e-008	6.4389e-008	6.2787e-008	6.1196e-008	5.9573e-008	5.8595e-008	5.7317e-008	5.5753e-008	5.4783e-008	5.3443e-008	5.2007e-008	5.0498e-008	4.8658e-008	4.6622e-008	4.5443e-008	4.3198e-008	4.1604e-008	3.9861e-008	3.7465e-008	3.596e-008	3.4525e-008	3.2816e-008	3.1841e-008	2.9948e-008	2.8396e-008	2.6877e-008	2.4946e-008	2.35e-008	2.2306e-008	2.006e-008	1.8449e-008	1.683e-008	1.4546e-008	1.3225e-008	1.2137e-008	1.0306e-008	9.3907e-009	8.2548e-009	7.1748e-009	6.5136e-009	6.1523e-009	5.5839e-009	5.3816e-009	5.2933e-009	5.666e-009	5.6121e-009	5.1264e-009	5.7712e-009	6.2146e-009	6.7177e-009	6.4393e-009	6.9442e-009	7.0168e-009	7.4198e-009	8.3438e-009	1.0175e-008	1.295e-008	1.5575e-008	1.9112e-008	2.2017e-008	2.6184e-008	2.9953e-008	3.539e-008	4.1145e-008	4.5424e-008	5.0644e-008	5.5978e-008	5.979e-008	6.3812e-008	6.7466e-008	7.131e-008	7.5819e-008	8.1785e-008	8.4363e-008	8.7215e-008	8.9062e-008	8.9666e-008	9.019e-008	9.0526e-008	9.0876e-008	9.1132e-008	9.2039e-008	9.2761e-008	9.2858e-008	9.3332e-008	9.3369e-008	9.3014e-008	9.2149e-008	9.1193e-008	8.9529e-008	8.7559e-008	8.4376e-008	8.278e-008	8.1327e-008	7.9745e-008	7.8481e-008	7.8287e-008	7.7161e-008	7.606e-008	7.382e-008	7.2728e-008	7.13e-008	6.9791e-008	6.7741e-008	6.4973e-008	6.2139e-008	6.1441e-008	5.9302e-008	5.6661e-008	5.5927e-008	5.4726e-008	5.3207e-008	5.1514e-008	4.9313e-008	4.6805e-008	4.6067e-008	4.4211e-008	4.1907e-008	4.1102e-008	3.8586e-008	3.7575e-008	3.4827e-008	3.232e-008	3.0731e-008	2.9158e-008	2.7296e-008	2.5558e-008	2.4043e-008	2.1281e-008	1.9573e-008	1.7578e-008	1.5695e-008	1.4849e-008	1.2653e-008	1.0662e-008	9.7419e-009	9.2593e-009	8.9783e-009	8.5942e-009	8.2014e-009	8.2278e-009	8.7891e-009	8.888e-009	8.5495e-009	8.3885e-009	7.8367e-009	8.0269e-009	8.3997e-009	8.6571e-009	9.061e-009	8.9651e-009	9.249e-009	9.464e-009	9.9699e-009	1.0743e-008	1.1814e-008	1.2939e-008	1.4829e-008	1.6371e-008	1.9849e-008	2.2751e-008	2.7077e-008	3.1308e-008	3.5359e-008	4.1351e-008	4.5406e-008	5.019e-008	5.3039e-008	5.9381e-008	6.4987e-008	6.9962e-008	7.362e-008	7.7273e-008	7.9931e-008	8.2431e-008	8.5764e-008	8.7462e-008	9.0123e-008	9.1502e-008	9.296e-008	9.4662e-008	9.6341e-008	9.6905e-008	9.722e-008	9.7759e-008	9.7961e-008	9.7007e-008	9.5156e-008	9.4256e-008	9.2432e-008	9.1862e-008	9.0539e-008	8.8453e-008	8.7319e-008	8.4873e-008	8.3407e-008	8.2178e-008	7.9923e-008	7.8994e-008	7.6677e-008	7.5546e-008	7.3007e-008	7.1134e-008	7.1184e-008	7.0299e-008	6.8504e-008	6.6546e-008	6.4601e-008	6.07e-008	5.9087e-008	5.7848e-008	5.6873e-008	5.6065e-008	5.4357e-008	5.2666e-008	5.0951e-008	4.9073e-008	4.7511e-008	4.501e-008	4.4078e-008	4.1922e-008	4.0039e-008	3.9372e-008	3.739e-008	3.5298e-008	3.4493e-008	3.2716e-008	3.1521e-008	3.0346e-008	2.8887e-008	2.696e-008	2.5878e-008	2.498e-008	2.2258e-008	2.1271e-008	1.8983e-008	1.727e-008	1.5798e-008	1.4337e-008	1.2819e-008	1.1617e-008	1.1147e-008	1.0673e-008	1.0496e-008	1.0604e-008	1.0059e-008	9.5671e-009	9.2813e-009	9.5061e-009	9.9947e-009	9.9653e-009	1.0677e-008	1.0953e-008	1.1004e-008	1.0958e-008	1.2309e-008	1.3489e-008	1.4884e-008	1.6544e-008	1.8764e-008	2.0244e-008	2.3281e-008	2.54e-008	2.9172e-008	3.2619e-008	3.5122e-008	4.0497e-008	4.4689e-008	4.9374e-008	5.3821e-008	5.9618e-008	6.5404e-008	7.0333e-008	7.5499e-008	8.0756e-008	8.4524e-008	8.8006e-008	8.9898e-008	9.1765e-008	9.3855e-008	9.556e-008	9.6345e-008	9.7489e-008	9.8108e-008	9.8036e-008	9.7888e-008	9.7515e-008	9.7977e-008	9.82e-008	9.8118e-008	9.7051e-008	9.6031e-008	9.495e-008	9.3259e-008	9.1174e-008	8.9986e-008	8.8733e-008	8.5924e-008	8.4696e-008	8.3088e-008	8.1533e-008	8.0918e-008	7.9089e-008	7.8121e-008	7.554e-008	7.4973e-008	7.3899e-008	7.1681e-008	7.1139e-008	6.8666e-008	6.7973e-008	6.6686e-008	6.511e-008	6.2426e-008	5.9686e-008	5.8881e-008	5.683e-008	5.4304e-008	5.1992e-008	5.1019e-008	5.0135e-008	4.7958e-008	4.6499e-008	4.4724e-008	4.2706e-008	4.0361e-008	3.9086e-008	3.6945e-008	3.5705e-008	3.4846e-008	3.227e-008	3.067e-008	2.9453e-008	2.7094e-008	2.5684e-008	2.4238e-008	2.294e-008	2.0676e-008	1.8708e-008	1.7468e-008	1.631e-008	1.5978e-008	1.4601e-008	1.3781e-008	1.3789e-008	1.3655e-008	1.3417e-008	1.3023e-008	1.2791e-008	1.2895e-008	1.3094e-008	1.3499e-008	1.3296e-008	1.3427e-008	1.4011e-008	1.4296e-008	1.4788e-008	1.6685e-008	1.8991e-008	2.005e-008
2.798e-009	3.3701e-009	4.5406e-009	6.3313e-009	8.5317e-009	1.1702e-008	1.5186e-008	1.8664e-008	2.1897e-008	2.5185e-008	2.6817e-008	3.0886e-008	3.6655e-008	4.404e-008	5.0862e-008	5.5006e-008	5.8932e-008	6.3618e-008	6.6946e-008	7.13e-008	7.3968e-008	7.704e-008	7.9736e-008	8.2786e-008	8.4208e-008	8.5965e-008	8.7838e-008	8.9077e-008	9.0865e-008	9.1804e-008	9.1565e-008	9.1223e-008	9.0277e-008	8.9179e-008	8.8864e-008	8.7955e-008	8.7175e-008	8.6354e-008	8.5374e-008	8.4556e-008	8.3322e-008	8.1584e-008	7.9309e-008	7.8384e-008	7.6358e-008	7.4448e-008	7.2976e-008	7.0705e-008	6.8057e-008	6.6941e-008	6.5742e-008	6.3859e-008	6.2009e-008	6.0976e-008	6.0063e-008	5.8548e-008	5.6869e-008	5.573e-008	5.4491e-008	5.2892e-008	5.0926e-008	4.931e-008	4.7139e-008	4.5562e-008	4.3271e-008	4.1165e-008	3.9287e-008	3.7614e-008	3.5904e-008	3.433e-008	3.3066e-008	3.1108e-008	2.9928e-008	2.9216e-008	2.6386e-008	2.4947e-008	2.3259e-008	2.1688e-008	1.7486e-008	1.6451e-008	1.4959e-008	1.2752e-008	1.1307e-008	1.0295e-008	8.9166e-009	7.2653e-009	6.1967e-009	4.7263e-009	3.8586e-009	3.2935e-009	2.9215e-009	2.7479e-009	2.5517e-009	2.4344e-009	2.3e-009	2.0115e-009	2.1772e-009	2.6035e-009	2.5801e-009	2.696e-009	2.8249e-009	3.5166e-009	3.7849e-009	4.4794e-009	6.8809e-009	8.6551e-009	1.1353e-008	1.316e-008	1.6024e-008	1.9471e-008	2.4053e-008	2.8266e-008	3.1037e-008	3.4618e-008	4.0211e-008	4.7755e-008	5.1006e-008	5.4917e-008	5.956e-008	6.4954e-008	6.878e-008	7.3457e-008	7.8281e-008	8.0935e-008	8.3318e-008	8.3882e-008	8.443e-008	8.5387e-008	8.7081e-008	8.9752e-008	9.0589e-008	9.1185e-008	9.1157e-008	9.0709e-008	9.0601e-008	9.1457e-008	9.1622e-008	8.9997e-008	8.885e-008	8.7591e-008	8.5925e-008	8.5102e-008	8.3714e-008	8.2252e-008	8.0652e-008	7.9375e-008	7.7913e-008	7.6572e-008	7.4106e-008	7.0566e-008	6.9414e-008	6.9032e-008	6.6097e-008	6.4128e-008	6.2568e-008	6.1159e-008	5.9519e-008	5.869e-008	5.7494e-008	5.6021e-008	5.4748e-008	5.3384e-008	5.2207e-008	5.066e-008	4.8659e-008	4.6549e-008	4.504e-008	4.4148e-008	4.1672e-008	3.9164e-008	3.7346e-008	3.6407e-008	3.4484e-008	3.3251e-008	3.1789e-008	2.996e-008	2.8235e-008	2.6913e-008	2.5653e-008	2.4041e-008	2.1897e-008	1.9257e-008	1.7672e-008	1.618e-008	1.4164e-008	1.3002e-008	1.1756e-008	1.0165e-008	9.1999e-009	7.4889e-009	6.4668e-009	6.1888e-009	6.1482e-009	5.8736e-009	5.2183e-009	5.0888e-009	5.3411e-009	5.5032e-009	5.3189e-009	5.5262e-009	6.2758e-009	6.7724e-009	6.4829e-009	6.5406e-009	6.9563e-009	7.8227e-009	8.3275e-009	9.726e-009	1.1757e-008	1.4376e-008	1.8053e-008	2.2049e-008	2.5722e-008	2.9301e-008	3.4458e-008	4.0492e-008	4.4361e-008	5.0617e-008	5.6219e-008	6.0403e-008	6.4621e-008	6.7947e-008	7.1138e-008	7.6973e-008	8.1009e-008	8.4861e-008	8.6566e-008	8.8103e-008	8.9837e-008	9.0078e-008	9.0376e-008	9.0898e-008	9.1423e-008	9.2095e-008	9.2732e-008	9.317e-008	9.3439e-008	9.3517e-008	9.3031e-008	9.2264e-008	9.0773e-008	8.9389e-008	8.7901e-008	8.5526e-008	8.2865e-008	8.1064e-008	7.9926e-008	7.8755e-008	7.791e-008	7.6952e-008	7.525e-008	7.3618e-008	7.1879e-008	7.1014e-008	6.9612e-008	6.6738e-008	6.4735e-008	6.2502e-008	6.1148e-008	6.06e-008	5.7998e-008	5.5532e-008	5.4635e-008	5.3247e-008	5.1301e-008	4.8491e-008	4.5533e-008	4.4235e-008	4.2822e-008	4.1294e-008	4.0423e-008	3.7617e-008	3.6868e-008	3.463e-008	3.2037e-008	3.0589e-008	2.9032e-008	2.7001e-008	2.55e-008	2.4152e-008	2.2112e-008	1.9673e-008	1.7679e-008	1.6007e-008	1.4724e-008	1.3027e-008	1.121e-008	9.8511e-009	9.3169e-009	8.719e-009	8.2569e-009	8.0841e-009	7.9616e-009	8.3563e-009	8.3854e-009	8.4728e-009	8.3776e-009	7.9979e-009	8.0213e-009	8.0089e-009	8.5545e-009	8.6804e-009	8.6758e-009	9.0059e-009	8.9633e-009	9.7254e-009	1.0471e-008	1.1571e-008	1.2774e-008	1.4068e-008	1.6703e-008	1.9339e-008	2.1806e-008	2.6044e-008	2.9638e-008	3.3484e-008	4.099e-008	4.5825e-008	4.958e-008	5.3202e-008	5.8347e-008	6.657e-008	6.9913e-008	7.2836e-008	7.6899e-008	7.9035e-008	8.254e-008	8.4711e-008	8.6516e-008	8.9388e-008	9.0765e-008	9.2265e-008	9.3689e-008	9.4595e-008	9.5598e-008	9.6661e-008	9.7231e-008	9.7363e-008	9.5836e-008	9.4929e-008	9.3496e-008	9.1894e-008	9.1087e-008	8.9816e-008	8.8476e-008	8.6225e-008	8.4301e-008	8.3496e-008	8.1722e-008	7.973e-008	7.8111e-008	7.6658e-008	7.5161e-008	7.2989e-008	7.1504e-008	7.09e-008	7.0101e-008	6.8396e-008	6.6118e-008	6.373e-008	6.04e-008	5.8426e-008	5.6791e-008	5.5676e-008	5.447e-008	5.3503e-008	5.2438e-008	5.0576e-008	4.9036e-008	4.7533e-008	4.5453e-008	4.387e-008	4.1803e-008	4.0036e-008	3.8893e-008	3.7276e-008	3.5151e-008	3.3861e-008	3.2341e-008	3.044e-008	2.9411e-008	2.8016e-008	2.6109e-008	2.5212e-008	2.3744e-008	2.1916e-008	2.1039e-008	1.868e-008	1.7236e-008	1.5734e-008	1.4106e-008	1.263e-008	1.1325e-008	1.0603e-008	1.0258e-008	9.9878e-009	1.0207e-008	9.5148e-009	9.5043e-009	9.1865e-009	9.4309e-009	1.0392e-008	1.0409e-008	1.0172e-008	1.0611e-008	1.0696e-008	1.1133e-008	1.2043e-008	1.357e-008	1.4668e-008	1.6546e-008	1.8883e-008	2.0545e-008	2.3069e-008	2.602e-008	3.0286e-008	3.3497e-008	3.7715e-008	4.1874e-008	4.5631e-008	5.0101e-008	5.4973e-008	6.0034e-008	6.4973e-008	7.1435e-008	7.7428e-008	8.2026e-008	8.4975e-008	8.8222e-008	8.9221e-008	9.2093e-008	9.3458e-008	9.5579e-008	9.6332e-008	9.7072e-008	9.759e-008	9.7693e-008	9.767e-008	9.7095e-008	9.7442e-008	9.7718e-008	9.7935e-008	9.7498e-008	9.5371e-008	9.4562e-008	9.3192e-008	9.2146e-008	8.9736e-008	8.8205e-008	8.5919e-008	8.4262e-008	8.2647e-008	8.1319e-008	8.0682e-008	7.9417e-008	7.849e-008	7.5821e-008	7.4693e-008	7.2783e-008	7.1643e-008	7.108e-008	6.934e-008	6.7245e-008	6.6122e-008	6.3956e-008	6.1706e-008	5.9548e-008	5.928e-008	5.5345e-008	5.4518e-008	5.2196e-008	5.1053e-008	5.0213e-008	4.7425e-008	4.6102e-008	4.4007e-008	4.2391e-008	4.0029e-008	3.8973e-008	3.7599e-008	3.554e-008	3.4321e-008	3.2372e-008	3.0218e-008	2.8742e-008	2.7529e-008	2.5913e-008	2.4052e-008	2.2459e-008	1.9813e-008	1.8069e-008	1.728e-008	1.6021e-008	1.5206e-008	1.416e-008	1.3484e-008	1.3518e-008	1.3337e-008	1.3167e-008	1.2828e-008	1.2703e-008	1.2716e-008	1.3175e-008	1.3466e-008	1.3088e-008	1.2943e-008	1.369e-008	1.4261e-008	1.4822e-008	1.6913e-008	1.883e-008	1.9867e-008
2.1546e-009	2.7211e-009	3.7179e-009	5.2599e-009	7.5286e-009	1.0178e-008	1.5172e-008	1.8272e-008	2.1608e-008	2.4864e-008	2.6477e-008	3.0454e-008	3.3967e-008	4.1902e-008	5.0127e-008	5.5025e-008	5.8502e-008	6.316e-008	6.616e-008	6.9822e-008	7.3606e-008	7.5673e-008	7.92e-008	8.146e-008	8.3686e-008	8.576e-008	8.717e-008	8.8557e-008	9.0412e-008	9.1589e-008	9.1901e-008	9.0804e-008	8.9946e-008	8.9364e-008	8.8586e-008	8.8029e-008	8.7262e-008	8.6035e-008	8.4881e-008	8.4225e-008	8.261e-008	8.1667e-008	7.8948e-008	7.7805e-008	7.616e-008	7.4046e-008	7.2635e-008	7.1257e-008	6.9246e-008	6.697e-008	6.4938e-008	6.3001e-008	6.1713e-008	6.0841e-008	5.8728e-008	5.7421e-008	5.6095e-008	5.503e-008	5.3707e-008	5.1432e-008	4.9823e-008	4.6202e-008	4.478e-008	4.3967e-008	4.2669e-008	4.1093e-008	3.9409e-008	3.6902e-008	3.5735e-008	3.4061e-008	3.2812e-008	3.1259e-008	2.9025e-008	2.8403e-008	2.6919e-008	2.4952e-008	2.3015e-008	2.075e-008	1.7603e-008	1.6329e-008	1.4438e-008	1.2739e-008	1.1338e-008	9.969e-009	8.4536e-009	7.2611e-009	5.3784e-009	4.4332e-009	3.4421e-009	2.8636e-009	2.7936e-009	2.6012e-009	2.3447e-009	1.9077e-009	1.9732e-009	1.5427e-009	1.6891e-009	1.9618e-009	2.1322e-009	2.2016e-009	2.9213e-009	3.2943e-009	3.1253e-009	4.0037e-009	5.9586e-009	7.4569e-009	9.6362e-009	1.1734e-008	1.5021e-008	1.9548e-008	2.2835e-008	2.7663e-008	2.9982e-008	3.5588e-008	4.1137e-008	4.6805e-008	5.1947e-008	5.5383e-008	5.8862e-008	6.3318e-008	6.8419e-008	7.2122e-008	7.7449e-008	8.2038e-008	8.3372e-008	8.3562e-008	8.4386e-008	8.5635e-008	8.7065e-008	8.9779e-008	9.005e-008	9.046e-008	9.0633e-008	9.0161e-008	9.0238e-008	9.1349e-008	9.1426e-008	8.9856e-008	8.8638e-008	8.7151e-008	8.5904e-008	8.4791e-008	8.3164e-008	8.1537e-008	8.0128e-008	7.9232e-008	7.8008e-008	7.6618e-008	7.3626e-008	7.1049e-008	6.9194e-008	6.8616e-008	6.6095e-008	6.368e-008	6.2314e-008	6.0849e-008	5.9544e-008	5.887e-008	5.7654e-008	5.6818e-008	5.5161e-008	5.4028e-008	5.2077e-008	4.9968e-008	4.797e-008	4.6001e-008	4.4807e-008	4.3617e-008	4.1356e-008	3.9513e-008	3.7618e-008	3.6328e-008	3.4643e-008	3.3355e-008	3.144e-008	3.0231e-008	2.8504e-008	2.6948e-008	2.562e-008	2.4612e-008	2.1908e-008	1.9512e-008	1.793e-008	1.5974e-008	1.3959e-008	1.2517e-008	1.1231e-008	9.8119e-009	8.468e-009	7.0724e-009	6.3177e-009	5.8375e-009	5.588e-009	5.2148e-009	4.4863e-009	4.8969e-009	5.0326e-009	5.1251e-009	5.0616e-009	5.0078e-009	5.7229e-009	6.1383e-009	5.9948e-009	5.8874e-009	6.5193e-009	7.5958e-009	8.4518e-009	9.8679e-009	1.1692e-008	1.4308e-008	1.7293e-008	2.1603e-008	2.5392e-008	2.9167e-008	3.4127e-008	3.7599e-008	4.2594e-008	4.8591e-008	5.3199e-008	5.8265e-008	6.4903e-008	6.7946e-008	7.1425e-008	7.4529e-008	8.0429e-008	8.41e-008	8.5625e-008	8.7042e-008	8.952e-008	8.9814e-008	9.0364e-008	9.0801e-008	9.0922e-008	9.1539e-008	9.2047e-008	9.2631e-008	9.3072e-008	9.2899e-008	9.2388e-008	9.1469e-008	8.9803e-008	8.8407e-008	8.7228e-008	8.4314e-008	8.3864e-008	8.1227e-008	7.9569e-008	7.8263e-008	7.7244e-008	7.6702e-008	7.5017e-008	7.3383e-008	7.1532e-008	7.0432e-008	6.8955e-008	6.6209e-008	6.438e-008	6.2375e-008	6.0829e-008	6.0386e-008	5.8264e-008	5.6443e-008	5.4358e-008	5.2809e-008	5.0794e-008	4.682e-008	4.5234e-008	4.3873e-008	4.2462e-008	4.1058e-008	3.9348e-008	3.7662e-008	3.588e-008	3.446e-008	3.2081e-008	3.0305e-008	2.9018e-008	2.7345e-008	2.5068e-008	2.3698e-008	2.1715e-008	1.9101e-008	1.7384e-008	1.6133e-008	1.4772e-008	1.2532e-008	1.099e-008	1.0075e-008	9.8426e-009	8.5903e-009	8.338e-009	8.1251e-009	7.9249e-009	8.0001e-009	8.1492e-009	8.144e-009	7.9379e-009	8.1258e-009	8.5142e-009	8.5711e-009	8.6041e-009	8.203e-009	8.4012e-009	8.6247e-009	8.921e-009	9.6872e-009	1.0176e-008	1.0977e-008	1.1976e-008	1.3066e-008	1.5627e-008	1.8378e-008	2.1934e-008	2.4537e-008	2.8551e-008	3.3989e-008	3.9203e-008	4.3865e-008	4.8338e-008	5.2019e-008	5.6564e-008	6.4565e-008	6.9087e-008	7.2617e-008	7.5752e-008	7.7093e-008	8.0863e-008	8.3995e-008	8.542e-008	8.8041e-008	9.0102e-008	9.0773e-008	9.1956e-008	9.3161e-008	9.3726e-008	9.509e-008	9.5546e-008	9.5307e-008	9.4881e-008	9.4582e-008	9.3936e-008	9.1408e-008	9.046e-008	8.9246e-008	8.7963e-008	8.6252e-008	8.4381e-008	8.2513e-008	8.1303e-008	7.9873e-008	7.7713e-008	7.6241e-008	7.4366e-008	7.2764e-008	7.1721e-008	7.1391e-008	7.0155e-008	6.7886e-008	6.6196e-008	6.3249e-008	6.0571e-008	5.8538e-008	5.6473e-008	5.5165e-008	5.4261e-008	5.317e-008	5.2234e-008	5.0662e-008	4.8683e-008	4.6933e-008	4.537e-008	4.2923e-008	4.1772e-008	4.119e-008	3.9027e-008	3.6926e-008	3.49e-008	3.3053e-008	3.1955e-008	2.9956e-008	2.909e-008	2.7117e-008	2.6322e-008	2.4784e-008	2.3788e-008	2.2367e-008	2.1293e-008	1.8388e-008	1.7033e-008	1.5519e-008	1.3873e-008	1.246e-008	1.1455e-008	1.0303e-008	9.5339e-009	9.7544e-009	9.8003e-009	9.3673e-009	9.5717e-009	9.9402e-009	1.0012e-008	1.08e-008	1.0801e-008	1.0658e-008	1.0762e-008	1.1116e-008	1.1172e-008	1.2472e-008	1.3727e-008	1.4451e-008	1.7138e-008	1.9052e-008	2.044e-008	2.3495e-008	2.6614e-008	3.0293e-008	3.2931e-008	3.7472e-008	4.1207e-008	4.6046e-008	5.0224e-008	5.633e-008	6.0478e-008	6.4845e-008	7.0179e-008	7.6607e-008	8.1884e-008	8.588e-008	8.7957e-008	8.9273e-008	9.211e-008	9.3046e-008	9.5481e-008	9.6038e-008	9.6768e-008	9.7437e-008	9.7803e-008	9.8088e-008	9.7346e-008	9.7366e-008	9.7814e-008	9.805e-008	9.7503e-008	9.4925e-008	9.4219e-008	9.3213e-008	9.1843e-008	8.8935e-008	8.7615e-008	8.6337e-008	8.5191e-008	8.3435e-008	8.183e-008	8.0479e-008	7.9511e-008	7.8269e-008	7.6367e-008	7.449e-008	7.3176e-008	7.1522e-008	7.1288e-008	7.0746e-008	6.7802e-008	6.5624e-008	6.3746e-008	6.1268e-008	5.9632e-008	5.8581e-008	5.7076e-008	5.5273e-008	5.2501e-008	5.1481e-008	4.9775e-008	4.7274e-008	4.606e-008	4.4199e-008	4.221e-008	4.0823e-008	3.8306e-008	3.7985e-008	3.6635e-008	3.4364e-008	3.2643e-008	3.1421e-008	2.9181e-008	2.7403e-008	2.606e-008	2.3408e-008	2.1748e-008	2.0194e-008	1.8183e-008	1.7083e-008	1.5978e-008	1.5106e-008	1.4287e-008	1.3493e-008	1.339e-008	1.3054e-008	1.2809e-008	1.2845e-008	1.2833e-008	1.2559e-008	1.2962e-008	1.3489e-008	1.3143e-008	1.2998e-008	1.3718e-008	1.4331e-008	1.4569e-008	1.6056e-008	1.8394e-008	1.9506e-008
1.8505e-009	2.3671e-009	3.2571e-009	5.0604e-009	7.1108e-009	9.1147e-009	1.4599e-008	1.7315e-008	2.0722e-008	2.4164e-008	2.6428e-008	3.0211e-008	3.4214e-008	4.0896e-008	4.9981e-008	5.4192e-008	5.7982e-008	6.3705e-008	6.5588e-008	7.0177e-008	7.4109e-008	7.6349e-008	7.8977e-008	8.1304e-008	8.4681e-008	8.6025e-008	8.7117e-008	8.9621e-008	9.0903e-008	9.1553e-008	9.1993e-008	9.0814e-008	9.0108e-008	8.9254e-008	8.8997e-008	8.8508e-008	8.7459e-008	8.6462e-008	8.4619e-008	8.3665e-008	8.1855e-008	8.1539e-008	7.9259e-008	7.7072e-008	7.5406e-008	7.4276e-008	7.2079e-008	6.9794e-008	6.8846e-008	6.6768e-008	6.4316e-008	6.2713e-008	6.1522e-008	6.0293e-008	5.8972e-008	5.7259e-008	5.6e-008	5.4684e-008	5.3083e-008	5.0529e-008	4.7557e-008	4.6012e-008	4.4102e-008	4.3563e-008	4.2741e-008	4.1482e-008	3.895e-008	3.725e-008	3.6109e-008	3.4373e-008	3.2877e-008	3.1276e-008	2.8841e-008	2.7577e-008	2.6092e-008	2.4232e-008	2.1925e-008	2.0478e-008	1.8324e-008	1.6393e-008	1.4638e-008	1.2962e-008	1.1149e-008	9.4789e-009	8.0358e-009	6.9471e-009	5.5687e-009	4.6378e-009	3.9132e-009	2.7943e-009	2.6166e-009	2.2757e-009	2.2364e-009	2.5426e-009	2.0862e-009	1.8972e-009	1.8682e-009	1.6842e-009	1.92e-009	2.0901e-009	2.6904e-009	2.899e-009	2.9913e-009	4.0235e-009	5.0362e-009	6.345e-009	8.4413e-009	1.1649e-008	1.3989e-008	1.6758e-008	1.9762e-008	2.8113e-008	3.1724e-008	3.6744e-008	4.1615e-008	4.7656e-008	5.2179e-008	5.5336e-008	5.8007e-008	6.3453e-008	6.8606e-008	7.3307e-008	7.7901e-008	8.2965e-008	8.3845e-008	8.4932e-008	8.558e-008	8.6972e-008	8.8162e-008	8.9397e-008	8.9502e-008	8.9794e-008	8.9975e-008	8.9976e-008	9.0075e-008	9.1071e-008	9.0936e-008	8.9956e-008	8.7769e-008	8.6906e-008	8.5965e-008	8.5107e-008	8.3274e-008	8.1711e-008	7.9789e-008	7.8645e-008	7.7955e-008	7.5255e-008	7.2328e-008	7.1042e-008	6.9011e-008	6.7741e-008	6.623e-008	6.3828e-008	6.2589e-008	6.1337e-008	5.98e-008	5.9476e-008	5.8352e-008	5.6839e-008	5.5086e-008	5.3732e-008	5.2148e-008	5.071e-008	4.7599e-008	4.6318e-008	4.5262e-008	4.372e-008	4.1766e-008	3.9564e-008	3.7594e-008	3.6418e-008	3.4504e-008	3.3863e-008	3.1288e-008	3.0219e-008	2.863e-008	2.6964e-008	2.5561e-008	2.4291e-008	2.0554e-008	1.9834e-008	1.8017e-008	1.7073e-008	1.4388e-008	1.2436e-008	1.0951e-008	9.9886e-009	8.7695e-009	7.3806e-009	6.3855e-009	5.6684e-009	4.9753e-009	4.7603e-009	4.6515e-009	5.28e-009	5.498e-009	5.2279e-009	5.2277e-009	5.2713e-009	5.1286e-009	5.3518e-009	5.903e-009	6.0342e-009	6.4344e-009	7.382e-009	8.5089e-009	9.887e-009	1.1748e-008	1.4207e-008	1.7703e-008	2.1437e-008	2.4633e-008	2.8499e-008	3.3192e-008	3.7144e-008	4.1751e-008	4.5724e-008	5.3293e-008	5.827e-008	6.4883e-008	6.7759e-008	7.2589e-008	7.6077e-008	8.1269e-008	8.3764e-008	8.5099e-008	8.6791e-008	8.8644e-008	8.9452e-008	8.9997e-008	9.0492e-008	9.0788e-008	9.149e-008	9.1778e-008	9.2482e-008	9.2304e-008	9.1729e-008	9.1324e-008	9.0415e-008	8.8673e-008	8.7483e-008	8.6639e-008	8.5007e-008	8.4193e-008	8.2042e-008	8.0627e-008	7.8606e-008	7.7475e-008	7.6609e-008	7.4901e-008	7.2546e-008	7.1418e-008	6.9899e-008	6.7323e-008	6.5701e-008	6.3996e-008	6.2273e-008	6.0738e-008	6.015e-008	5.8961e-008	5.7377e-008	5.4839e-008	5.278e-008	5.1316e-008	4.802e-008	4.5801e-008	4.4521e-008	4.2463e-008	4.0927e-008	3.908e-008	3.7603e-008	3.6229e-008	3.4427e-008	3.2148e-008	3.0383e-008	2.8978e-008	2.7396e-008	2.5605e-008	2.3471e-008	2.1378e-008	2.0198e-008	1.8112e-008	1.666e-008	1.5298e-008	1.4119e-008	1.183e-008	1.0744e-008	9.7701e-009	9.0481e-009	8.8672e-009	8.8249e-009	8.233e-009	7.7502e-009	8.0441e-009	7.9442e-009	7.9952e-009	8.3485e-009	8.9354e-009	8.8369e-009	8.6007e-009	8.1381e-009	8.351e-009	8.5965e-009	9.0708e-009	9.6194e-009	1.0195e-008	1.0394e-008	1.147e-008	1.3105e-008	1.5499e-008	1.7723e-008	2.1134e-008	2.4125e-008	2.7941e-008	3.3027e-008	3.82e-008	4.374e-008	4.7687e-008	5.1446e-008	5.5505e-008	6.1696e-008	6.5722e-008	7.1564e-008	7.4333e-008	7.6535e-008	7.967e-008	8.2643e-008	8.4223e-008	8.6406e-008	8.9104e-008	8.9956e-008	9.1021e-008	9.2098e-008	9.3437e-008	9.4173e-008	9.4181e-008	9.4403e-008	9.4378e-008	9.4317e-008	9.3987e-008	9.173e-008	9.0797e-008	8.973e-008	8.6938e-008	8.5948e-008	8.4203e-008	8.2665e-008	8.1137e-008	7.9692e-008	7.7785e-008	7.5432e-008	7.3849e-008	7.2318e-008	7.1492e-008	7.1194e-008	7.0134e-008	6.7209e-008	6.4797e-008	6.3308e-008	6.0647e-008	5.9073e-008	5.6342e-008	5.551e-008	5.4382e-008	5.2867e-008	5.1938e-008	5.1132e-008	4.8548e-008	4.7e-008	4.5014e-008	4.3205e-008	4.204e-008	4.0916e-008	3.8203e-008	3.6731e-008	3.4967e-008	3.2438e-008	3.2231e-008	3.0854e-008	2.9093e-008	2.7429e-008	2.6528e-008	2.4784e-008	2.3623e-008	2.2435e-008	2.1343e-008	1.8182e-008	1.7191e-008	1.5756e-008	1.3792e-008	1.2591e-008	1.138e-008	1.0771e-008	9.9265e-009	9.7423e-009	9.5663e-009	9.3408e-009	9.5296e-009	1.0252e-008	1.0321e-008	1.0412e-008	1.0606e-008	1.0414e-008	1.0728e-008	1.1105e-008	1.1091e-008	1.2542e-008	1.353e-008	1.5177e-008	1.6587e-008	1.9268e-008	2.1243e-008	2.3958e-008	2.6274e-008	2.9807e-008	3.2829e-008	3.7281e-008	4.1456e-008	4.598e-008	5.0244e-008	5.6318e-008	6.2314e-008	6.6482e-008	7.0616e-008	7.5578e-008	7.9767e-008	8.5641e-008	8.8106e-008	8.9011e-008	9.1899e-008	9.319e-008	9.4994e-008	9.6401e-008	9.7425e-008	9.7585e-008	9.8553e-008	9.8054e-008	9.7306e-008	9.7268e-008	9.756e-008	9.77e-008	9.7467e-008	9.5777e-008	9.3816e-008	9.2656e-008	9.1286e-008	8.8573e-008	8.7567e-008	8.6356e-008	8.5374e-008	8.3636e-008	8.2055e-008	7.974e-008	7.9345e-008	7.8358e-008	7.7053e-008	7.5058e-008	7.3399e-008	7.239e-008	7.1097e-008	7.0841e-008	6.8867e-008	6.6144e-008	6.4095e-008	6.1773e-008	5.9978e-008	5.815e-008	5.7183e-008	5.6764e-008	5.3807e-008	5.1841e-008	5.0496e-008	4.7364e-008	4.5446e-008	4.4305e-008	4.3281e-008	4.1263e-008	3.9777e-008	3.9019e-008	3.6855e-008	3.5047e-008	3.3868e-008	3.1685e-008	2.9316e-008	2.8086e-008	2.6386e-008	2.479e-008	2.2155e-008	2.0034e-008	1.8196e-008	1.6973e-008	1.554e-008	1.463e-008	1.3964e-008	1.3623e-008	1.2688e-008	1.2451e-008	1.2118e-008	1.2261e-008	1.2321e-008	1.229e-008	1.2383e-008	1.279e-008	1.2793e-008	1.2906e-008	1.3306e-008	1.4243e-008	1.5017e-008	1.5843e-008	1.816e-008	1.9069e-008
1.2127e-009	1.7838e-009	2.5153e-009	4.0061e-009	5.197e-009	7.1651e-009	1.0164e-008	1.6565e-008	2.0339e-008	2.3043e-008	2.5498e-008	2.8549e-008	3.2367e-008	3.9018e-008	4.6661e-008	5.3214e-008	5.6096e-008	6.1699e-008	6.5264e-008	6.8942e-008	7.3164e-008	7.5883e-008	7.7925e-008	8.1505e-008	8.3619e-008	8.5323e-008	8.7016e-008	8.9947e-008	9.0543e-008	9.0987e-008	9.1443e-008	9.0819e-008	9.042e-008	8.9655e-008	8.9288e-008	8.8999e-008	8.7504e-008	8.5664e-008	8.4281e-008	8.2843e-008	8.089e-008	8.0253e-008	7.8406e-008	7.6296e-008	7.4648e-008	7.3749e-008	7.2004e-008	6.8936e-008	6.7959e-008	6.6648e-008	6.4958e-008	6.2957e-008	6.1257e-008	6.0416e-008	5.8235e-008	5.706e-008	5.5453e-008	5.3776e-008	5.1856e-008	5.001e-008	4.8227e-008	4.7026e-008	4.4152e-008	4.3774e-008	4.2534e-008	4.1252e-008	3.9569e-008	3.7372e-008	3.625e-008	3.4305e-008	3.3175e-008	3.0462e-008	2.9176e-008	2.7694e-008	2.5913e-008	2.3504e-008	2.2081e-008	1.9917e-008	1.854e-008	1.6072e-008	1.4719e-008	1.2282e-008	1.0953e-008	9.1653e-009	7.774e-009	6.3543e-009	4.908e-009	4.0673e-009	3.4016e-009	2.5949e-009	2.2887e-009	1.7897e-009	1.8452e-009	2.2616e-009	2.0428e-009	1.8269e-009	1.8594e-009	1.8455e-009	1.996e-009	2.0295e-009	2.1407e-009	2.3797e-009	2.5322e-009	3.4536e-009	4.1661e-009	5.4994e-009	6.6443e-009	1.0326e-008	1.316e-008	1.5704e-008	1.8318e-008	2.5569e-008	2.883e-008	3.6885e-008	4.0622e-008	4.731e-008	5.1443e-008	5.465e-008	5.7837e-008	6.2574e-008	6.762e-008	7.3056e-008	7.7458e-008	8.1673e-008	8.3633e-008	8.505e-008	8.5694e-008	8.6879e-008	8.7541e-008	8.8652e-008	8.9077e-008	8.9342e-008	8.928e-008	8.9346e-008	8.9452e-008	8.9889e-008	8.9976e-008	8.9564e-008	8.763e-008	8.6499e-008	8.571e-008	8.4688e-008	8.2862e-008	8.0689e-008	7.9555e-008	7.8591e-008	7.7336e-008	7.5738e-008	7.2936e-008	7.0797e-008	6.9078e-008	6.7161e-008	6.5872e-008	6.4016e-008	6.2662e-008	6.2047e-008	6.0342e-008	5.9213e-008	5.8044e-008	5.6283e-008	5.4806e-008	5.3189e-008	5.196e-008	5.0835e-008	4.822e-008	4.5427e-008	4.4925e-008	4.4064e-008	4.0912e-008	3.931e-008	3.7835e-008	3.6449e-008	3.5179e-008	3.3581e-008	3.2082e-008	3.0123e-008	2.8445e-008	2.6775e-008	2.5236e-008	2.3399e-008	2.0154e-008	1.9407e-008	1.7797e-008	1.6622e-008	1.4691e-008	1.3123e-008	1.0878e-008	9.7818e-009	8.9905e-009	6.8761e-009	6.1665e-009	5.7024e-009	5.4047e-009	5.0928e-009	4.8771e-009	5.3336e-009	5.3346e-009	5.2956e-009	5.3946e-009	5.1113e-009	5.1015e-009	4.9918e-009	5.0776e-009	5.4226e-009	5.8907e-009	6.4179e-009	8.2377e-009	9.7843e-009	1.0936e-008	1.379e-008	1.6246e-008	2.1079e-008	2.4234e-008	2.8304e-008	3.3059e-008	3.6648e-008	4.1765e-008	4.6133e-008	5.3325e-008	5.9117e-008	6.4279e-008	6.886e-008	7.2027e-008	7.697e-008	7.9666e-008	8.2857e-008	8.5091e-008	8.6943e-008	8.8328e-008	8.8908e-008	9.0396e-008	9.1202e-008	9.1129e-008	9.117e-008	9.1234e-008	9.2038e-008	9.2323e-008	9.2206e-008	9.171e-008	8.9837e-008	8.8591e-008	8.7015e-008	8.5441e-008	8.4959e-008	8.3719e-008	8.2514e-008	8.0734e-008	7.932e-008	7.8226e-008	7.6626e-008	7.4662e-008	7.2234e-008	7.0708e-008	6.8715e-008	6.6636e-008	6.4638e-008	6.3589e-008	6.1817e-008	6.0528e-008	5.908e-008	5.8167e-008	5.6708e-008	5.5109e-008	5.2819e-008	5.0808e-008	4.7952e-008	4.6484e-008	4.3887e-008	4.2526e-008	4.0616e-008	3.9803e-008	3.8007e-008	3.6338e-008	3.4089e-008	3.1478e-008	3.0232e-008	2.9015e-008	2.7459e-008	2.5814e-008	2.3794e-008	2.1187e-008	2.0103e-008	1.947e-008	1.7555e-008	1.6243e-008	1.4356e-008	1.2272e-008	1.1568e-008	1.0093e-008	9.3912e-009	9.3355e-009	8.6641e-009	8.2941e-009	8.3345e-009	8.6708e-009	8.7509e-009	8.35e-009	8.3992e-009	8.9464e-009	8.6905e-009	8.0893e-009	7.5342e-009	7.9605e-009	8.1405e-009	8.5744e-009	8.998e-009	9.6273e-009	1.0036e-008	1.1282e-008	1.3067e-008	1.4587e-008	1.7491e-008	2.1193e-008	2.4042e-008	2.7774e-008	3.2212e-008	3.7467e-008	4.3483e-008	4.7748e-008	5.1874e-008	5.6708e-008	6.0908e-008	6.6031e-008	6.9413e-008	7.3572e-008	7.6029e-008	7.7867e-008	8.136e-008	8.3252e-008	8.6126e-008	8.8457e-008	8.9442e-008	9.028e-008	9.1562e-008	9.2316e-008	9.3522e-008	9.3726e-008	9.3516e-008	9.3791e-008	9.4539e-008	9.3949e-008	9.139e-008	9.0871e-008	9.0141e-008	8.7458e-008	8.5006e-008	8.4011e-008	8.2468e-008	8.0894e-008	7.8708e-008	7.6498e-008	7.4561e-008	7.3509e-008	7.2564e-008	7.162e-008	7.1044e-008	6.9698e-008	6.6813e-008	6.4198e-008	6.3128e-008	6.191e-008	6.0431e-008	5.7261e-008	5.5296e-008	5.3999e-008	5.2847e-008	5.1665e-008	5.1529e-008	4.8859e-008	4.7445e-008	4.541e-008	4.2867e-008	4.188e-008	4.0626e-008	3.8222e-008	3.6616e-008	3.4974e-008	3.3493e-008	3.2191e-008	3.0734e-008	2.864e-008	2.7335e-008	2.628e-008	2.5255e-008	2.3842e-008	2.2372e-008	2.0303e-008	1.8625e-008	1.6912e-008	1.5401e-008	1.378e-008	1.255e-008	1.1836e-008	1.123e-008	1.0996e-008	1.0423e-008	1.0396e-008	9.5253e-009	9.8697e-009	1.0365e-008	1.054e-008	1.094e-008	1.0521e-008	1.0618e-008	1.0899e-008	1.0964e-008	1.1124e-008	1.2932e-008	1.4428e-008	1.6266e-008	1.8223e-008	2.0436e-008	2.2226e-008	2.4642e-008	2.7509e-008	2.977e-008	3.4594e-008	3.863e-008	4.3047e-008	4.7912e-008	5.2846e-008	5.9234e-008	6.3896e-008	6.7536e-008	7.1826e-008	7.7171e-008	8.0813e-008	8.5972e-008	8.8383e-008	8.9737e-008	9.1924e-008	9.3802e-008	9.5855e-008	9.8255e-008	9.8579e-008	9.8659e-008	9.8922e-008	9.8938e-008	9.8803e-008	9.824e-008	9.9144e-008	9.8963e-008	9.8151e-008	9.5723e-008	9.3306e-008	9.1735e-008	9.0365e-008	8.9005e-008	8.7906e-008	8.6746e-008	8.5576e-008	8.3226e-008	8.2521e-008	7.987e-008	7.9358e-008	7.8361e-008	7.7723e-008	7.5284e-008	7.45e-008	7.2849e-008	7.1525e-008	7.1419e-008	6.8451e-008	6.6696e-008	6.4864e-008	6.1835e-008	6.061e-008	6.0229e-008	5.8895e-008	5.7486e-008	5.3526e-008	5.2718e-008	4.9738e-008	4.8196e-008	4.5952e-008	4.4768e-008	4.3824e-008	4.2352e-008	4.0498e-008	3.9828e-008	3.7528e-008	3.5972e-008	3.4586e-008	3.2176e-008	3.0868e-008	2.8888e-008	2.6991e-008	2.4702e-008	2.2524e-008	2.0501e-008	1.9209e-008	1.744e-008	1.6415e-008	1.5006e-008	1.4475e-008	1.3592e-008	1.3063e-008	1.3031e-008	1.2428e-008	1.2452e-008	1.2669e-008	1.2841e-008	1.2721e-008	1.3123e-008	1.3209e-008	1.3636e-008	1.4182e-008	1.5266e-008	1.6217e-008	1.731e-008	1.8635e-008	1.9757e-008
1.9702e-009	2.4055e-009	3.6778e-009	4.6874e-009	5.4448e-009	7.3514e-009	9.6936e-009	1.4148e-008	1.7185e-008	2.1195e-008	2.4901e-008	2.8872e-008	3.2888e-008	4.0281e-008	4.7025e-008	5.3051e-008	5.7389e-008	6.1848e-008	6.7309e-008	7.0404e-008	7.3135e-008	7.6433e-008	7.8354e-008	8.2386e-008	8.3882e-008	8.6339e-008	8.7681e-008	9.0778e-008	9.1267e-008	9.145e-008	9.1973e-008	9.1975e-008	9.2276e-008	9.2551e-008	9.2002e-008	9.081e-008	8.8641e-008	8.6435e-008	8.5006e-008	8.323e-008	8.1606e-008	8.0319e-008	7.862e-008	7.6909e-008	7.541e-008	7.4486e-008	7.2465e-008	6.972e-008	6.8434e-008	6.7561e-008	6.6672e-008	6.5328e-008	6.3315e-008	6.163e-008	5.9964e-008	5.7597e-008	5.5194e-008	5.4063e-008	5.2127e-008	5.0409e-008	4.9375e-008	4.8458e-008	4.7047e-008	4.5067e-008	4.3391e-008	4.1833e-008	4.0477e-008	3.8758e-008	3.7132e-008	3.585e-008	3.3579e-008	3.1024e-008	2.9821e-008	2.8812e-008	2.6508e-008	2.4216e-008	2.2829e-008	2.1106e-008	1.9588e-008	1.6636e-008	1.4747e-008	1.2969e-008	1.1947e-008	1.0291e-008	8.6881e-009	7.433e-009	5.8514e-009	4.5019e-009	3.818e-009	3.1638e-009	2.8803e-009	3.0024e-009	2.5361e-009	2.8818e-009	2.7427e-009	2.5744e-009	2.7602e-009	2.8536e-009	3.1932e-009	3.2338e-009	2.9662e-009	3.0324e-009	3.2872e-009	3.966e-009	4.9115e-009	5.9932e-009	8.1771e-009	1.0274e-008	1.3341e-008	1.581e-008	1.8888e-008	2.4589e-008	2.8509e-008	3.5783e-008	4.2526e-008	4.7171e-008	5.2745e-008	5.6053e-008	5.9744e-008	6.2761e-008	6.7499e-008	7.3733e-008	7.7368e-008	8.1353e-008	8.4628e-008	8.5722e-008	8.6623e-008	8.8112e-008	8.8823e-008	8.9477e-008	9.0359e-008	9.0619e-008	9.0055e-008	8.9886e-008	8.996e-008	9.0202e-008	9.0073e-008	8.9638e-008	8.8439e-008	8.728e-008	8.6427e-008	8.5464e-008	8.3731e-008	8.1989e-008	8.0255e-008	7.948e-008	7.6978e-008	7.5592e-008	7.3877e-008	7.1541e-008	6.9972e-008	6.8093e-008	6.6764e-008	6.4354e-008	6.352e-008	6.3087e-008	6.122e-008	5.993e-008	5.8355e-008	5.7271e-008	5.5296e-008	5.4023e-008	5.2852e-008	5.1589e-008	4.9383e-008	4.6507e-008	4.559e-008	4.5229e-008	4.2114e-008	4.0949e-008	3.9105e-008	3.7041e-008	3.5684e-008	3.4251e-008	3.2352e-008	3.0566e-008	2.909e-008	2.6623e-008	2.5577e-008	2.4018e-008	2.125e-008	1.978e-008	1.8657e-008	1.6526e-008	1.5258e-008	1.3665e-008	1.1965e-008	1.0373e-008	9.3346e-009	7.2265e-009	6.549e-009	6.4362e-009	5.9951e-009	6.034e-009	6.0073e-009	5.9403e-009	5.8615e-009	6.0067e-009	6.4356e-009	6.2976e-009	5.7903e-009	5.5372e-009	5.0925e-009	5.8901e-009	6.5908e-009	7.0986e-009	8.5062e-009	1.0219e-008	1.1204e-008	1.4045e-008	1.6493e-008	2.1222e-008	2.4761e-008	2.9814e-008	3.3472e-008	3.8153e-008	4.3973e-008	4.7939e-008	5.3772e-008	5.9496e-008	6.3886e-008	6.8787e-008	7.3294e-008	7.7245e-008	8.0253e-008	8.2832e-008	8.5479e-008	8.7478e-008	8.9611e-008	9.1167e-008	9.2001e-008	9.2583e-008	9.2411e-008	9.2668e-008	9.2338e-008	9.2388e-008	9.3133e-008	9.3008e-008	9.2715e-008	9.049e-008	8.9262e-008	8.7414e-008	8.6159e-008	8.5217e-008	8.428e-008	8.3865e-008	8.1444e-008	8.038e-008	7.8651e-008	7.6867e-008	7.4723e-008	7.2569e-008	7.1062e-008	6.7933e-008	6.665e-008	6.569e-008	6.4088e-008	6.2326e-008	6.1554e-008	6.0545e-008	5.9118e-008	5.707e-008	5.5655e-008	5.3598e-008	5.0461e-008	4.9526e-008	4.756e-008	4.4836e-008	4.3172e-008	4.1956e-008	3.9963e-008	3.7041e-008	3.659e-008	3.4507e-008	3.1805e-008	3.0787e-008	2.9367e-008	2.8075e-008	2.6945e-008	2.4158e-008	2.2419e-008	2.1244e-008	2.0238e-008	1.9577e-008	1.7115e-008	1.5053e-008	1.2719e-008	1.205e-008	1.0857e-008	1.0298e-008	1.0276e-008	9.9171e-009	9.2707e-009	8.8941e-009	9.1099e-009	9.2336e-009	9.3462e-009	8.9932e-009	9.1133e-009	8.8383e-009	8.3618e-009	7.9881e-009	8.206e-009	8.6768e-009	8.7545e-009	8.9478e-009	9.401e-009	1.014e-008	1.1142e-008	1.2782e-008	1.5172e-008	1.7756e-008	2.1005e-008	2.4052e-008	2.7659e-008	3.2227e-008	3.8671e-008	4.4845e-008	4.8546e-008	5.2079e-008	5.6876e-008	6.1733e-008	6.447e-008	6.8592e-008	7.1243e-008	7.5528e-008	7.7404e-008	8.0892e-008	8.3389e-008	8.5533e-008	8.7539e-008	8.8578e-008	9.0077e-008	9.0956e-008	9.2122e-008	9.3705e-008	9.4048e-008	9.4179e-008	9.4378e-008	9.4516e-008	9.3837e-008	9.2242e-008	9.1447e-008	9.0961e-008	8.8101e-008	8.6329e-008	8.4053e-008	8.2305e-008	8.1016e-008	7.9025e-008	7.6745e-008	7.5626e-008	7.4511e-008	7.2992e-008	7.1848e-008	7.039e-008	6.8198e-008	6.6303e-008	6.4914e-008	6.4172e-008	6.2603e-008	6.0457e-008	5.8853e-008	5.5557e-008	5.4636e-008	5.3625e-008	5.1821e-008	5.1312e-008	4.8774e-008	4.758e-008	4.5436e-008	4.2879e-008	4.2212e-008	4.0747e-008	3.9612e-008	3.7066e-008	3.5672e-008	3.4216e-008	3.2655e-008	3.0566e-008	2.9652e-008	2.8111e-008	2.6629e-008	2.5114e-008	2.3431e-008	2.2105e-008	2.0593e-008	1.8698e-008	1.7499e-008	1.5857e-008	1.4044e-008	1.3428e-008	1.2089e-008	1.1167e-008	1.1024e-008	1.1101e-008	1.1158e-008	9.9907e-009	9.5802e-009	9.942e-009	1.0435e-008	1.0889e-008	1.0869e-008	1.0819e-008	1.093e-008	1.1223e-008	1.1343e-008	1.2933e-008	1.4221e-008	1.6162e-008	1.8037e-008	2.0218e-008	2.1589e-008	2.4276e-008	2.6861e-008	2.9652e-008	3.4369e-008	3.8076e-008	4.3284e-008	4.7924e-008	5.4106e-008	5.9455e-008	6.4239e-008	6.7887e-008	7.2541e-008	7.6683e-008	8.09e-008	8.4663e-008	8.8136e-008	8.9983e-008	9.1846e-008	9.379e-008	9.628e-008	9.8666e-008	9.9537e-008	9.9728e-008	9.9274e-008	9.9189e-008	9.9213e-008	9.9482e-008	9.9736e-008	9.924e-008	9.8842e-008	9.6461e-008	9.3107e-008	9.2017e-008	9.0765e-008	8.8792e-008	8.764e-008	8.6313e-008	8.5549e-008	8.3462e-008	8.1957e-008	8.0499e-008	7.9428e-008	7.807e-008	7.7508e-008	7.6178e-008	7.4914e-008	7.3678e-008	7.2806e-008	7.1304e-008	6.9892e-008	6.7031e-008	6.5575e-008	6.2903e-008	6.1166e-008	6.0469e-008	5.9061e-008	5.7319e-008	5.4951e-008	5.2737e-008	5.0489e-008	4.8646e-008	4.6764e-008	4.4939e-008	4.3353e-008	4.2082e-008	4.0748e-008	3.9932e-008	3.8648e-008	3.6612e-008	3.4649e-008	3.2362e-008	3.0973e-008	2.8385e-008	2.6033e-008	2.5107e-008	2.284e-008	2.0061e-008	1.9145e-008	1.7547e-008	1.6119e-008	1.5043e-008	1.4036e-008	1.3594e-008	1.3147e-008	1.2803e-008	1.2432e-008	1.2309e-008	1.2678e-008	1.266e-008	1.2772e-008	1.3121e-008	1.3078e-008	1.3584e-008	1.4226e-008	1.4763e-008	1.5812e-008	1.7072e-008	1.8047e-008	1.9331e-008
1.3756e-009	1.7447e-009	2.6194e-009	3.421e-009	4.2266e-009	5.7612e-009	8.5245e-009	1.1515e-008	1.4928e-008	1.9665e-008	2.2327e-008	2.5531e-008	3.1984e-008	3.8253e-008	4.5224e-008	4.9839e-008	5.4781e-008	6.0186e-008	6.5183e-008	6.9246e-008	7.3313e-008	7.6064e-008	7.8351e-008	8.0944e-008	8.2639e-008	8.5291e-008	8.6854e-008	8.8977e-008	9.0236e-008	9.0398e-008	9.1019e-008	9.1326e-008	9.1957e-008	9.2365e-008	9.2387e-008	8.9495e-008	8.8368e-008	8.5233e-008	8.4635e-008	8.2192e-008	8.1235e-008	7.9954e-008	7.8303e-008	7.6725e-008	7.4852e-008	7.3375e-008	7.3015e-008	7.0681e-008	6.929e-008	6.7963e-008	6.7029e-008	6.5217e-008	6.3696e-008	6.1554e-008	5.9694e-008	5.639e-008	5.4446e-008	5.361e-008	5.2053e-008	5.0596e-008	4.9675e-008	4.7803e-008	4.6328e-008	4.4898e-008	4.2603e-008	4.1177e-008	3.8857e-008	3.7574e-008	3.6064e-008	3.5423e-008	3.3655e-008	3.0577e-008	2.9797e-008	2.8225e-008	2.7095e-008	2.5343e-008	2.2372e-008	2.0643e-008	1.9103e-008	1.698e-008	1.5597e-008	1.3778e-008	1.1284e-008	1.0016e-008	8.2605e-009	6.6258e-009	5.3367e-009	4.4322e-009	3.3645e-009	3.04e-009	2.7637e-009	3.0243e-009	2.6614e-009	2.1471e-009	1.728e-009	1.3815e-009	1.8291e-009	2.7885e-009	2.7149e-009	2.7364e-009	2.6407e-009	2.3072e-009	2.49e-009	3.4133e-009	4.1682e-009	5.2909e-009	7.4735e-009	8.9265e-009	1.1748e-008	1.4811e-008	1.8598e-008	2.3182e-008	2.7731e-008	3.3348e-008	4.0642e-008	4.6325e-008	5.0906e-008	5.5177e-008	5.9336e-008	6.2903e-008	6.621e-008	6.9929e-008	7.5409e-008	8.0618e-008	8.3204e-008	8.4817e-008	8.5449e-008	8.723e-008	8.8086e-008	8.8495e-008	8.9601e-008	9.12e-008	9.0677e-008	8.9868e-008	8.9715e-008	8.9742e-008	8.9285e-008	8.8013e-008	8.7353e-008	8.5957e-008	8.5726e-008	8.5625e-008	8.3812e-008	8.1116e-008	8.0168e-008	7.833e-008	7.718e-008	7.4616e-008	7.3383e-008	7.1208e-008	7.0292e-008	6.7607e-008	6.5665e-008	6.3996e-008	6.2997e-008	6.2487e-008	6.0333e-008	5.8821e-008	5.7808e-008	5.6222e-008	5.4382e-008	5.336e-008	5.2285e-008	5.0794e-008	4.8488e-008	4.6106e-008	4.4488e-008	4.3971e-008	4.2096e-008	4.0397e-008	3.9009e-008	3.7114e-008	3.4861e-008	3.3924e-008	3.1901e-008	3.0219e-008	2.8925e-008	2.6635e-008	2.459e-008	2.2436e-008	2.0317e-008	1.8994e-008	1.7732e-008	1.5805e-008	1.4621e-008	1.2705e-008	1.1664e-008	1.0367e-008	9.2255e-009	7.1048e-009	5.7509e-009	5.7325e-009	5.4293e-009	5.5165e-009	5.5665e-009	5.3566e-009	4.9453e-009	4.8045e-009	5.7489e-009	5.4648e-009	5.0925e-009	5.089e-009	4.2342e-009	5.041e-009	5.9056e-009	6.3671e-009	6.691e-009	8.6063e-009	1.0045e-008	1.2808e-008	1.533e-008	1.883e-008	2.218e-008	2.8195e-008	3.2063e-008	3.9579e-008	4.4124e-008	4.7846e-008	5.1854e-008	5.7969e-008	6.2956e-008	6.5901e-008	7.2569e-008	7.6104e-008	7.9668e-008	8.2191e-008	8.4495e-008	8.7278e-008	8.8835e-008	9.0688e-008	9.1464e-008	9.2142e-008	9.2915e-008	9.3284e-008	9.1997e-008	9.1757e-008	9.204e-008	9.2004e-008	9.1916e-008	8.9559e-008	8.9043e-008	8.7488e-008	8.6055e-008	8.4852e-008	8.3965e-008	8.3233e-008	8.1355e-008	8.0946e-008	7.8211e-008	7.6078e-008	7.4298e-008	7.1788e-008	6.9975e-008	6.7704e-008	6.5943e-008	6.5205e-008	6.4569e-008	6.2454e-008	6.1477e-008	6.0024e-008	5.8471e-008	5.5975e-008	5.491e-008	5.319e-008	5.066e-008	4.9091e-008	4.8035e-008	4.5828e-008	4.2853e-008	4.2026e-008	4.0329e-008	3.7354e-008	3.5882e-008	3.4565e-008	3.1928e-008	3.0461e-008	2.9027e-008	2.7805e-008	2.6355e-008	2.4307e-008	2.1646e-008	2.1307e-008	1.965e-008	1.8948e-008	1.6796e-008	1.5498e-008	1.427e-008	1.1928e-008	1.0496e-008	1.0134e-008	9.8216e-009	9.1046e-009	8.5872e-009	8.2482e-009	8.065e-009	8.278e-009	8.3214e-009	8.0914e-009	7.7755e-009	7.4334e-009	7.7671e-009	8.1304e-009	7.9261e-009	8.0352e-009	8.3111e-009	8.7512e-009	8.8758e-009	9.6998e-009	1.0431e-008	1.1332e-008	1.4273e-008	1.602e-008	1.9796e-008	2.2717e-008	2.6751e-008	3.0526e-008	3.8602e-008	4.4059e-008	4.7621e-008	5.2904e-008	5.6984e-008	6.1942e-008	6.4027e-008	6.9113e-008	7.1438e-008	7.4307e-008	7.6843e-008	7.968e-008	8.1993e-008	8.4211e-008	8.546e-008	8.7913e-008	8.9308e-008	9.077e-008	9.1793e-008	9.2843e-008	9.3564e-008	9.4479e-008	9.4984e-008	9.4221e-008	9.3189e-008	9.1965e-008	9.1767e-008	9.0849e-008	8.7329e-008	8.5431e-008	8.4402e-008	8.2955e-008	8.0361e-008	7.9393e-008	7.6558e-008	7.4938e-008	7.4242e-008	7.2644e-008	7.1533e-008	7.0336e-008	6.7797e-008	6.6105e-008	6.5351e-008	6.3991e-008	6.2047e-008	6.16e-008	5.8154e-008	5.6469e-008	5.4234e-008	5.3035e-008	5.0901e-008	5.0328e-008	4.9231e-008	4.7035e-008	4.5347e-008	4.3753e-008	4.1716e-008	4.0791e-008	3.7978e-008	3.6534e-008	3.486e-008	3.4131e-008	3.2929e-008	3.0772e-008	2.9544e-008	2.7584e-008	2.6241e-008	2.4696e-008	2.2529e-008	2.1369e-008	2.018e-008	1.8273e-008	1.704e-008	1.5431e-008	1.4061e-008	1.264e-008	1.1497e-008	1.0918e-008	1.0743e-008	1.0833e-008	1.068e-008	9.8467e-009	9.5991e-009	9.428e-009	9.543e-009	1.0173e-008	1.0462e-008	1.0419e-008	1.0619e-008	1.0916e-008	1.1801e-008	1.3076e-008	1.3767e-008	1.5348e-008	1.7317e-008	1.9278e-008	2.1081e-008	2.384e-008	2.6279e-008	2.8825e-008	3.4447e-008	3.8686e-008	4.3409e-008	4.8718e-008	5.3426e-008	5.8385e-008	6.3915e-008	6.6682e-008	7.2004e-008	7.6044e-008	8.0618e-008	8.4506e-008	8.6936e-008	8.9576e-008	9.0725e-008	9.4286e-008	9.7496e-008	9.9051e-008	1.003e-007	1.0016e-007	9.9628e-008	9.9072e-008	9.9386e-008	9.9343e-008	9.9501e-008	9.9577e-008	9.8382e-008	9.5836e-008	9.3413e-008	9.3013e-008	9.1628e-008	8.7958e-008	8.7116e-008	8.5802e-008	8.456e-008	8.332e-008	8.0867e-008	8.0212e-008	7.8988e-008	7.8307e-008	7.7041e-008	7.5976e-008	7.4971e-008	7.3249e-008	7.251e-008	7.1581e-008	6.8661e-008	6.7008e-008	6.5005e-008	6.3255e-008	6.1748e-008	6.0054e-008	5.8672e-008	5.623e-008	5.4241e-008	5.23e-008	4.898e-008	4.7466e-008	4.6021e-008	4.3799e-008	4.273e-008	4.1726e-008	4.0739e-008	3.9858e-008	3.7982e-008	3.6383e-008	3.4681e-008	3.2088e-008	3.0929e-008	2.8996e-008	2.4974e-008	2.4162e-008	2.2612e-008	1.9799e-008	1.9232e-008	1.6886e-008	1.5548e-008	1.4197e-008	1.3513e-008	1.3326e-008	1.2547e-008	1.2203e-008	1.2043e-008	1.2322e-008	1.2243e-008	1.2405e-008	1.2512e-008	1.2736e-008	1.3062e-008	1.3576e-008	1.3816e-008	1.4135e-008	1.5332e-008	1.65e-008	1.7379e-008	1.8257e-008
9.7002e-010	1.403e-009	1.739e-009	2.3802e-009	3.2369e-009	5.4846e-009	7.4919e-009	9.1035e-009	1.3427e-008	1.7425e-008	2.1299e-008	2.5115e-008	3.141e-008	3.7077e-008	4.3746e-008	4.8637e-008	5.3273e-008	5.9332e-008	6.3964e-008	7.0499e-008	7.3179e-008	7.6472e-008	7.86e-008	8.0203e-008	8.1939e-008	8.4127e-008	8.6414e-008	8.8573e-008	8.8951e-008	8.9904e-008	9.0516e-008	9.0707e-008	9.1432e-008	9.1852e-008	9.2052e-008	8.9138e-008	8.7722e-008	8.6054e-008	8.4374e-008	8.2338e-008	8.1031e-008	7.9335e-008	7.8136e-008	7.5833e-008	7.4253e-008	7.3183e-008	7.2283e-008	7.0509e-008	6.9291e-008	6.7645e-008	6.614e-008	6.4681e-008	6.3452e-008	6.1079e-008	5.8805e-008	5.5873e-008	5.4442e-008	5.2991e-008	5.1423e-008	5.0408e-008	4.9965e-008	4.8183e-008	4.6319e-008	4.5068e-008	4.2326e-008	4.0221e-008	3.9154e-008	3.7513e-008	3.5438e-008	3.4854e-008	3.3155e-008	3.0597e-008	2.9358e-008	2.7667e-008	2.6594e-008	2.5079e-008	2.3099e-008	2.0554e-008	1.8871e-008	1.6834e-008	1.4949e-008	1.2831e-008	1.0652e-008	9.4903e-009	7.7643e-009	6.1395e-009	4.8603e-009	4.0657e-009	3.196e-009	2.5079e-009	2.658e-009	2.8103e-009	2.5534e-009	1.8864e-009	9.869e-010	1.0205e-009	1.6377e-009	2.2479e-009	2.3287e-009	2.2997e-009	2.3301e-009	2.2511e-009	2.2106e-009	2.6523e-009	3.4495e-009	4.8916e-009	6.4594e-009	8.3144e-009	1.1073e-008	1.3077e-008	1.8218e-008	2.246e-008	2.7538e-008	3.2605e-008	3.8965e-008	4.5644e-008	4.9345e-008	5.452e-008	5.8755e-008	6.2424e-008	6.5719e-008	6.9693e-008	7.4327e-008	7.9626e-008	8.164e-008	8.3784e-008	8.4718e-008	8.6169e-008	8.6973e-008	8.8956e-008	9.0715e-008	9.1003e-008	9.0955e-008	9.0161e-008	8.9494e-008	8.9374e-008	8.8734e-008	8.7156e-008	8.6774e-008	8.5925e-008	8.4928e-008	8.5005e-008	8.3477e-008	8.0772e-008	7.9973e-008	7.8524e-008	7.6719e-008	7.376e-008	7.2735e-008	7.0865e-008	6.9222e-008	6.805e-008	6.6766e-008	6.4299e-008	6.2798e-008	6.2029e-008	6.0358e-008	5.8007e-008	5.6745e-008	5.5274e-008	5.3982e-008	5.2833e-008	5.1993e-008	5.0462e-008	4.9069e-008	4.5501e-008	4.4179e-008	4.3101e-008	4.2217e-008	3.9829e-008	3.858e-008	3.6887e-008	3.5568e-008	3.3568e-008	3.0872e-008	2.9685e-008	2.7909e-008	2.6222e-008	2.5376e-008	2.2715e-008	1.9854e-008	1.8788e-008	1.6973e-008	1.5457e-008	1.395e-008	1.2562e-008	1.1248e-008	1.0377e-008	8.6188e-009	6.6857e-009	5.2447e-009	5.2261e-009	4.8527e-009	4.9088e-009	4.6037e-009	4.3161e-009	4.1764e-009	4.3651e-009	4.6707e-009	4.1968e-009	3.8205e-009	4.1472e-009	3.8516e-009	4.5728e-009	5.3707e-009	5.9732e-009	6.6838e-009	7.7697e-009	9.0645e-009	1.1844e-008	1.4369e-008	1.8073e-008	2.1964e-008	2.7783e-008	3.3671e-008	3.9394e-008	4.3143e-008	4.8713e-008	5.1824e-008	5.5995e-008	6.1527e-008	6.6215e-008	6.8673e-008	7.5199e-008	7.8789e-008	8.1622e-008	8.4611e-008	8.7651e-008	8.8971e-008	9.0311e-008	9.0864e-008	9.1897e-008	9.294e-008	9.3214e-008	9.1939e-008	9.0983e-008	9.1435e-008	9.0959e-008	9.0637e-008	8.9886e-008	8.8526e-008	8.6717e-008	8.5516e-008	8.4186e-008	8.2944e-008	8.2044e-008	8.0651e-008	7.99e-008	7.5966e-008	7.501e-008	7.3994e-008	7.1858e-008	6.9078e-008	6.7395e-008	6.6036e-008	6.5517e-008	6.3401e-008	6.2062e-008	6.0459e-008	5.8916e-008	5.7633e-008	5.5222e-008	5.3763e-008	5.1865e-008	5.0228e-008	4.8681e-008	4.7203e-008	4.6024e-008	4.3444e-008	4.1852e-008	3.9838e-008	3.753e-008	3.5214e-008	3.3849e-008	3.1787e-008	3.0321e-008	2.9051e-008	2.7668e-008	2.607e-008	2.4832e-008	2.2809e-008	2.1712e-008	2.0191e-008	1.895e-008	1.7407e-008	1.5993e-008	1.4374e-008	1.269e-008	1.0626e-008	9.7815e-009	9.539e-009	9.0297e-009	8.0431e-009	7.4411e-009	7.3068e-009	7.2132e-009	7.6521e-009	7.4002e-009	6.6729e-009	6.2591e-009	7.0696e-009	7.5162e-009	7.7264e-009	8.0212e-009	8.3251e-009	8.4766e-009	8.5953e-009	9.5434e-009	1.0123e-008	1.0565e-008	1.3455e-008	1.5601e-008	1.9082e-008	2.1742e-008	2.5724e-008	3.0107e-008	3.7937e-008	4.3832e-008	4.6628e-008	5.3818e-008	5.675e-008	6.1509e-008	6.5092e-008	6.9405e-008	7.1963e-008	7.378e-008	7.672e-008	7.9733e-008	8.1931e-008	8.37e-008	8.6002e-008	8.8581e-008	9.015e-008	9.1058e-008	9.1729e-008	9.2176e-008	9.3221e-008	9.4249e-008	9.4869e-008	9.428e-008	9.3083e-008	9.2277e-008	9.1618e-008	9.0323e-008	8.9402e-008	8.6372e-008	8.3582e-008	8.2947e-008	8.0541e-008	7.8785e-008	7.6244e-008	7.5456e-008	7.3663e-008	7.2807e-008	7.1155e-008	6.9628e-008	6.7324e-008	6.6467e-008	6.5344e-008	6.4482e-008	6.2006e-008	6.0993e-008	5.8793e-008	5.5269e-008	5.3582e-008	5.197e-008	5.0957e-008	4.9939e-008	4.9027e-008	4.7312e-008	4.5231e-008	4.3636e-008	4.1452e-008	4.0362e-008	3.8206e-008	3.6476e-008	3.5375e-008	3.4238e-008	3.192e-008	3.0443e-008	2.9052e-008	2.7596e-008	2.5977e-008	2.3635e-008	2.2119e-008	2.1081e-008	1.895e-008	1.7309e-008	1.6442e-008	1.4727e-008	1.3206e-008	1.2055e-008	1.1796e-008	1.1053e-008	1.0496e-008	1.0255e-008	9.7583e-009	9.5134e-009	9.5921e-009	9.3691e-009	9.1017e-009	9.5568e-009	9.6204e-009	9.7227e-009	1.0093e-008	1.0224e-008	1.1856e-008	1.2996e-008	1.3785e-008	1.5142e-008	1.6568e-008	1.8887e-008	2.0812e-008	2.2892e-008	2.5862e-008	2.8923e-008	3.4806e-008	3.9671e-008	4.3016e-008	4.8452e-008	5.2866e-008	5.718e-008	6.2217e-008	6.5704e-008	7.1993e-008	7.5346e-008	7.9237e-008	8.4472e-008	8.6936e-008	8.9387e-008	9.1449e-008	9.4146e-008	9.766e-008	9.879e-008	1.0009e-007	9.9891e-008	9.9595e-008	9.8845e-008	9.9024e-008	9.8733e-008	9.8517e-008	9.8651e-008	9.7519e-008	9.3852e-008	9.2765e-008	9.282e-008	8.8887e-008	8.7606e-008	8.6626e-008	8.4726e-008	8.4447e-008	8.3355e-008	8.2605e-008	8.0287e-008	7.921e-008	7.8235e-008	7.6784e-008	7.5555e-008	7.4304e-008	7.2743e-008	7.1946e-008	7.0946e-008	6.6925e-008	6.6224e-008	6.4915e-008	6.3187e-008	6.1424e-008	5.8977e-008	5.7072e-008	5.5084e-008	5.3887e-008	5.1468e-008	4.7877e-008	4.6257e-008	4.5339e-008	4.3971e-008	4.2131e-008	4.0957e-008	4.0045e-008	3.8857e-008	3.7479e-008	3.581e-008	3.4458e-008	3.1442e-008	3.0557e-008	2.8812e-008	2.4937e-008	2.328e-008	2.198e-008	1.9749e-008	1.8677e-008	1.6233e-008	1.5163e-008	1.3605e-008	1.2647e-008	1.3041e-008	1.1973e-008	1.1618e-008	1.149e-008	1.1624e-008	1.1666e-008	1.187e-008	1.2224e-008	1.2168e-008	1.2553e-008	1.3323e-008	1.3147e-008	1.3575e-008	1.4252e-008	1.5881e-008	1.6728e-008	1.7708e-008
8.8485e-010	1.424e-009	1.5786e-009	2.4509e-009	3.2974e-009	5.0283e-009	6.861e-009	9.7222e-009	1.3507e-008	1.6101e-008	2.1544e-008	2.5604e-008	3.1761e-008	3.8151e-008	4.5364e-008	4.9226e-008	5.3144e-008	5.8835e-008	6.4356e-008	7.0963e-008	7.4033e-008	7.6954e-008	7.9194e-008	8.0866e-008	8.2292e-008	8.4393e-008	8.7497e-008	8.8264e-008	8.8461e-008	8.9558e-008	8.993e-008	9.0534e-008	9.1209e-008	9.1542e-008	9.1606e-008	9.0424e-008	8.7747e-008	8.593e-008	8.4073e-008	8.2342e-008	8.0902e-008	7.9854e-008	7.9001e-008	7.7876e-008	7.5299e-008	7.4073e-008	7.2641e-008	7.1215e-008	7.0413e-008	6.805e-008	6.6308e-008	6.4205e-008	6.3649e-008	6.1408e-008	5.9428e-008	5.6565e-008	5.4757e-008	5.3358e-008	5.2565e-008	5.1148e-008	5.0089e-008	4.8629e-008	4.6443e-008	4.5662e-008	4.2805e-008	4.1853e-008	4.0004e-008	3.6763e-008	3.5368e-008	3.4809e-008	3.3179e-008	3.1401e-008	3.0186e-008	2.8822e-008	2.7039e-008	2.521e-008	2.3221e-008	2.0512e-008	1.926e-008	1.7413e-008	1.5537e-008	1.3396e-008	1.1739e-008	9.569e-009	7.866e-009	6.12e-009	5.1166e-009	3.8486e-009	3.7029e-009	2.801e-009	2.5664e-009	2.6838e-009	2.5827e-009	2.1039e-009	1.4093e-009	1.5814e-009	1.9181e-009	1.9304e-009	2.5068e-009	2.5229e-009	2.6853e-009	2.7592e-009	2.8665e-009	3.3286e-009	4.1486e-009	4.7361e-009	6.0263e-009	7.9232e-009	1.0992e-008	1.3412e-008	1.8406e-008	2.3089e-008	2.7985e-008	3.2521e-008	3.8007e-008	4.3994e-008	5.041e-008	5.5172e-008	5.9031e-008	6.2759e-008	6.6389e-008	6.9591e-008	7.261e-008	7.8611e-008	8.1685e-008	8.3674e-008	8.5203e-008	8.6155e-008	8.6977e-008	9.0146e-008	9.0941e-008	9.116e-008	9.1535e-008	9.2146e-008	9.0642e-008	8.9962e-008	8.8927e-008	8.7628e-008	8.6595e-008	8.6204e-008	8.521e-008	8.5402e-008	8.3971e-008	8.2425e-008	8.0463e-008	7.9092e-008	7.7633e-008	7.46e-008	7.3205e-008	7.133e-008	6.9709e-008	6.8523e-008	6.6715e-008	6.505e-008	6.3289e-008	6.1925e-008	6.053e-008	5.9176e-008	5.758e-008	5.6313e-008	5.4217e-008	5.3321e-008	5.2342e-008	5.0898e-008	4.9635e-008	4.6629e-008	4.4882e-008	4.3462e-008	4.2112e-008	4.0332e-008	3.8688e-008	3.7312e-008	3.6078e-008	3.4905e-008	3.1524e-008	3.1233e-008	2.9427e-008	2.6824e-008	2.5721e-008	2.3618e-008	2.092e-008	1.9552e-008	1.7648e-008	1.6274e-008	1.4579e-008	1.3097e-008	1.1871e-008	1.0834e-008	7.7591e-009	7.4849e-009	6.2739e-009	5.6101e-009	5.3489e-009	5.0092e-009	4.6172e-009	4.6931e-009	4.8087e-009	5.0663e-009	5.0869e-009	4.8638e-009	4.6573e-009	4.4907e-009	4.7414e-009	5.5714e-009	5.6496e-009	6.408e-009	7.0644e-009	8.1814e-009	9.3641e-009	1.173e-008	1.503e-008	1.8723e-008	2.2913e-008	2.7905e-008	3.4055e-008	4.0469e-008	4.4181e-008	4.8704e-008	5.1853e-008	5.6238e-008	6.2003e-008	6.6211e-008	7.0613e-008	7.6019e-008	7.8882e-008	8.2372e-008	8.5505e-008	8.8091e-008	8.9607e-008	9.0496e-008	9.1547e-008	9.2191e-008	9.3287e-008	9.3837e-008	9.2837e-008	9.1875e-008	9.082e-008	9.0496e-008	9.0241e-008	8.9954e-008	8.8908e-008	8.757e-008	8.6058e-008	8.4676e-008	8.28e-008	8.164e-008	8.1028e-008	8.029e-008	7.7426e-008	7.5969e-008	7.4669e-008	7.2447e-008	7.0429e-008	6.764e-008	6.6611e-008	6.5955e-008	6.4076e-008	6.2428e-008	6.1468e-008	5.9472e-008	5.835e-008	5.6702e-008	5.413e-008	5.2676e-008	5.0747e-008	4.9219e-008	4.7699e-008	4.6175e-008	4.3712e-008	4.183e-008	4.0485e-008	3.8216e-008	3.6745e-008	3.4891e-008	3.3464e-008	3.1666e-008	3.0211e-008	2.8469e-008	2.7045e-008	2.5439e-008	2.4272e-008	2.2575e-008	2.1455e-008	1.9487e-008	1.8423e-008	1.7114e-008	1.5586e-008	1.3698e-008	1.259e-008	1.0964e-008	1.0638e-008	9.6607e-009	9.0029e-009	8.5149e-009	8.1879e-009	7.9049e-009	8.1852e-009	7.8982e-009	7.5363e-009	7.1914e-009	7.7807e-009	8.402e-009	8.5392e-009	9.0234e-009	9.4092e-009	9.0819e-009	9.3075e-009	1.0105e-008	1.0802e-008	1.1891e-008	1.3991e-008	1.6259e-008	1.93e-008	2.1524e-008	2.6848e-008	3.0197e-008	3.8384e-008	4.3356e-008	4.8087e-008	5.3574e-008	5.8331e-008	6.3043e-008	6.7571e-008	7.0696e-008	7.2814e-008	7.5419e-008	7.7776e-008	8.0379e-008	8.2754e-008	8.4488e-008	8.7472e-008	8.9694e-008	9.1113e-008	9.2285e-008	9.3137e-008	9.359e-008	9.4414e-008	9.4897e-008	9.5197e-008	9.4655e-008	9.382e-008	9.3203e-008	9.2535e-008	9.1072e-008	9.0237e-008	8.7888e-008	8.5068e-008	8.3389e-008	8.1508e-008	8.0385e-008	7.8026e-008	7.6698e-008	7.4589e-008	7.3502e-008	7.1973e-008	7.1297e-008	6.9761e-008	6.8679e-008	6.687e-008	6.5666e-008	6.4271e-008	5.9342e-008	5.7802e-008	5.6841e-008	5.514e-008	5.3049e-008	5.1557e-008	5.0241e-008	4.9458e-008	4.722e-008	4.6331e-008	4.3261e-008	4.2133e-008	4.119e-008	3.9229e-008	3.7332e-008	3.597e-008	3.5316e-008	3.2668e-008	3.1457e-008	3.0027e-008	2.8461e-008	2.5989e-008	2.4474e-008	2.2564e-008	2.1293e-008	1.9808e-008	1.8523e-008	1.7186e-008	1.526e-008	1.451e-008	1.2712e-008	1.2432e-008	1.1664e-008	1.1322e-008	1.1054e-008	1.0579e-008	1.0125e-008	1.0353e-008	1.0278e-008	1.0292e-008	1.0231e-008	1.0335e-008	1.0807e-008	1.1029e-008	1.0921e-008	1.2357e-008	1.3457e-008	1.4827e-008	1.6395e-008	1.7798e-008	1.9932e-008	2.2494e-008	2.484e-008	2.7248e-008	2.9473e-008	3.5417e-008	4.048e-008	4.4151e-008	4.7531e-008	5.3989e-008	5.8197e-008	6.1951e-008	6.8344e-008	7.0938e-008	7.6993e-008	8.1235e-008	8.5939e-008	8.7994e-008	9.0218e-008	9.26e-008	9.6236e-008	9.8632e-008	1.0007e-007	1.0097e-007	1.0083e-007	1.0053e-007	9.9842e-008	9.9705e-008	9.9061e-008	9.9061e-008	9.901e-008	9.6953e-008	9.4547e-008	9.337e-008	9.342e-008	9.0238e-008	8.8807e-008	8.8157e-008	8.5828e-008	8.5329e-008	8.4638e-008	8.3444e-008	8.0836e-008	7.9943e-008	7.9036e-008	7.7889e-008	7.6216e-008	7.5209e-008	7.4094e-008	7.3273e-008	7.1862e-008	6.8841e-008	6.6747e-008	6.5444e-008	6.3468e-008	6.176e-008	5.9104e-008	5.705e-008	5.6108e-008	5.5269e-008	5.3126e-008	4.7414e-008	4.7309e-008	4.6294e-008	4.5296e-008	4.353e-008	4.2553e-008	4.0982e-008	3.9486e-008	3.8765e-008	3.6748e-008	3.5251e-008	3.2541e-008	3.083e-008	2.9474e-008	2.6603e-008	2.4042e-008	2.2872e-008	2.0475e-008	1.9129e-008	1.824e-008	1.56e-008	1.4836e-008	1.388e-008	1.3979e-008	1.2859e-008	1.2217e-008	1.2233e-008	1.2248e-008	1.2231e-008	1.2454e-008	1.3291e-008	1.3558e-008	1.3444e-008	1.4097e-008	1.4023e-008	1.4266e-008	1.4991e-008	1.6395e-008	1.745e-008	1.8578e-008
1.1503e-009	1.7838e-009	2.0057e-009	3.1311e-009	4.1088e-009	5.2651e-009	7.2438e-009	1.0139e-008	1.3279e-008	1.6712e-008	2.1243e-008	2.6108e-008	3.3867e-008	4.0837e-008	4.6154e-008	5.0555e-008	5.4736e-008	5.8323e-008	6.3827e-008	7.0189e-008	7.4413e-008	7.6966e-008	7.971e-008	8.1725e-008	8.4286e-008	8.6991e-008	8.8859e-008	8.9233e-008	8.9568e-008	8.9762e-008	9.02e-008	9.149e-008	9.2257e-008	9.2382e-008	9.2648e-008	9.105e-008	8.7954e-008	8.6745e-008	8.4873e-008	8.3648e-008	8.201e-008	8.1128e-008	8.0086e-008	7.8412e-008	7.697e-008	7.4811e-008	7.3142e-008	7.2146e-008	7.0747e-008	6.8698e-008	6.6152e-008	6.4693e-008	6.3941e-008	6.2015e-008	5.9825e-008	5.7135e-008	5.5958e-008	5.39e-008	5.2863e-008	5.2102e-008	5.0469e-008	4.9166e-008	4.7757e-008	4.6499e-008	4.4268e-008	4.2968e-008	4.1352e-008	3.8869e-008	3.6948e-008	3.5628e-008	3.438e-008	3.1754e-008	3.0736e-008	2.879e-008	2.78e-008	2.5837e-008	2.374e-008	2.1296e-008	1.991e-008	1.8118e-008	1.5733e-008	1.3913e-008	1.1927e-008	9.984e-009	7.9968e-009	6.5703e-009	5.9451e-009	4.6468e-009	4.0948e-009	3.8163e-009	3.153e-009	3.387e-009	3.5079e-009	2.9309e-009	2.2846e-009	2.4008e-009	2.7501e-009	2.1123e-009	2.5059e-009	2.9052e-009	3.6817e-009	4.1844e-009	4.0105e-009	4.4377e-009	4.8079e-009	5.1378e-009	6.2877e-009	7.8933e-009	1.0756e-008	1.3813e-008	1.9679e-008	2.3878e-008	2.8021e-008	3.2586e-008	3.8294e-008	4.4651e-008	5.045e-008	5.6409e-008	5.9835e-008	6.3072e-008	6.6937e-008	6.9532e-008	7.2484e-008	7.6047e-008	8.199e-008	8.345e-008	8.5159e-008	8.6181e-008	8.7609e-008	9.0526e-008	9.1032e-008	9.1382e-008	9.2064e-008	9.328e-008	9.1922e-008	9.0717e-008	8.9918e-008	8.795e-008	8.6762e-008	8.6563e-008	8.6019e-008	8.578e-008	8.4614e-008	8.2979e-008	8.109e-008	7.9114e-008	7.7798e-008	7.613e-008	7.4102e-008	7.1026e-008	7.0318e-008	6.8929e-008	6.706e-008	6.5237e-008	6.3799e-008	6.2515e-008	6.0976e-008	5.9373e-008	5.8694e-008	5.6883e-008	5.6018e-008	5.4206e-008	5.2465e-008	5.0783e-008	4.9559e-008	4.6784e-008	4.5743e-008	4.3566e-008	4.2206e-008	4.1101e-008	3.9945e-008	3.8266e-008	3.6772e-008	3.5208e-008	3.2796e-008	3.2203e-008	3.0148e-008	2.6939e-008	2.6254e-008	2.4042e-008	2.1434e-008	1.9964e-008	1.7956e-008	1.6966e-008	1.5183e-008	1.3545e-008	1.2085e-008	1.1371e-008	9.1741e-009	7.5366e-009	6.5844e-009	5.8214e-009	5.4411e-009	5.4572e-009	5.0991e-009	4.6554e-009	4.8624e-009	4.9989e-009	5.3345e-009	5.1245e-009	5.3752e-009	5.5084e-009	5.6751e-009	5.9056e-009	6.0064e-009	6.3003e-009	6.7756e-009	8.1411e-009	9.9807e-009	1.2052e-008	1.4108e-008	1.8231e-008	2.3201e-008	2.9029e-008	3.4686e-008	3.982e-008	4.5103e-008	4.914e-008	5.2653e-008	5.6773e-008	6.1659e-008	6.6995e-008	7.0229e-008	7.3865e-008	7.8371e-008	8.1229e-008	8.5529e-008	8.7559e-008	8.9404e-008	9.0509e-008	9.1635e-008	9.2419e-008	9.3173e-008	9.3362e-008	9.3073e-008	9.2411e-008	9.1049e-008	9.0292e-008	9.0213e-008	9.033e-008	8.9297e-008	8.7726e-008	8.6162e-008	8.4178e-008	8.1899e-008	8.1023e-008	8.0139e-008	7.8945e-008	7.8233e-008	7.6554e-008	7.5257e-008	7.3249e-008	7.1172e-008	6.863e-008	6.7032e-008	6.6398e-008	6.409e-008	6.251e-008	6.1505e-008	6.0016e-008	5.8606e-008	5.6211e-008	5.5105e-008	5.3185e-008	5.1581e-008	4.9033e-008	4.7713e-008	4.6232e-008	4.4764e-008	4.2233e-008	4.0919e-008	3.8674e-008	3.6688e-008	3.4656e-008	3.3999e-008	3.24e-008	3.065e-008	2.919e-008	2.7719e-008	2.6365e-008	2.509e-008	2.2887e-008	2.175e-008	1.9935e-008	1.8799e-008	1.7646e-008	1.6087e-008	1.4477e-008	1.3393e-008	1.2422e-008	1.0709e-008	9.9478e-009	9.6316e-009	8.8032e-009	8.5791e-009	8.5057e-009	8.2115e-009	8.341e-009	8.0265e-009	7.573e-009	7.9405e-009	8.6784e-009	8.7895e-009	9.2154e-009	9.7632e-009	9.3753e-009	9.5915e-009	1.0075e-008	1.1141e-008	1.2115e-008	1.4004e-008	1.5659e-008	1.8869e-008	2.1574e-008	2.647e-008	3.0104e-008	3.6836e-008	4.4013e-008	4.7418e-008	5.2961e-008	5.9092e-008	6.1616e-008	6.7644e-008	7.0931e-008	7.3257e-008	7.5429e-008	7.7741e-008	8.0679e-008	8.3186e-008	8.5652e-008	8.8921e-008	9.061e-008	9.2476e-008	9.371e-008	9.437e-008	9.4698e-008	9.5485e-008	9.5422e-008	9.5277e-008	9.5106e-008	9.4547e-008	9.3901e-008	9.2422e-008	9.1221e-008	9.0264e-008	8.852e-008	8.5312e-008	8.3887e-008	8.2585e-008	8.1223e-008	7.9448e-008	7.719e-008	7.5131e-008	7.3481e-008	7.2575e-008	7.1565e-008	7.0794e-008	6.9623e-008	6.691e-008	6.5907e-008	6.5143e-008	6.2734e-008	5.9741e-008	5.8116e-008	5.5995e-008	5.297e-008	5.2027e-008	5.0566e-008	4.9293e-008	4.8386e-008	4.7223e-008	4.5223e-008	4.2489e-008	4.1758e-008	3.8818e-008	3.7514e-008	3.6488e-008	3.5642e-008	3.3434e-008	3.1366e-008	2.9839e-008	2.831e-008	2.6377e-008	2.4802e-008	2.2853e-008	2.1446e-008	1.9954e-008	1.8664e-008	1.725e-008	1.4894e-008	1.4043e-008	1.2916e-008	1.1857e-008	1.1312e-008	1.1039e-008	1.083e-008	1.0453e-008	1.0167e-008	1.0234e-008	1.0385e-008	1.0638e-008	1.047e-008	1.0631e-008	1.1133e-008	1.1016e-008	1.1163e-008	1.2088e-008	1.3278e-008	1.4944e-008	1.6243e-008	1.8155e-008	1.9759e-008	2.1751e-008	2.4967e-008	2.729e-008	2.9831e-008	3.5004e-008	3.9325e-008	4.4038e-008	4.6687e-008	5.3248e-008	5.6637e-008	6.1423e-008	6.7648e-008	7.1407e-008	7.8499e-008	8.1632e-008	8.5739e-008	8.834e-008	9.0559e-008	9.2658e-008	9.6045e-008	9.8101e-008	9.9544e-008	1.0031e-007	1.0067e-007	1.0064e-007	1.0007e-007	9.9615e-008	9.9843e-008	9.878e-008	9.7482e-008	9.6028e-008	9.3787e-008	9.2701e-008	9.253e-008	9.0997e-008	8.9474e-008	8.8384e-008	8.6912e-008	8.5522e-008	8.508e-008	8.4445e-008	8.2608e-008	8.1068e-008	7.9961e-008	7.8886e-008	7.7065e-008	7.6162e-008	7.5376e-008	7.4218e-008	7.1964e-008	6.9603e-008	6.6852e-008	6.4891e-008	6.3363e-008	6.1066e-008	5.9386e-008	5.7683e-008	5.6862e-008	5.6192e-008	5.479e-008	5.1472e-008	4.8338e-008	4.6722e-008	4.5807e-008	4.4263e-008	4.2615e-008	4.1444e-008	3.9567e-008	3.8718e-008	3.614e-008	3.446e-008	3.2478e-008	3.1012e-008	2.8323e-008	2.71e-008	2.4529e-008	2.3045e-008	2.163e-008	1.9951e-008	1.835e-008	1.6065e-008	1.5071e-008	1.4061e-008	1.3382e-008	1.2313e-008	1.1876e-008	1.2075e-008	1.2362e-008	1.2734e-008	1.2641e-008	1.3034e-008	1.3457e-008	1.3525e-008	1.3925e-008	1.3867e-008	1.43e-008	1.5098e-008	1.6072e-008	1.7275e-008	1.8065e-008
6.1684e-010	1.1879e-009	1.4011e-009	2.6298e-009	3.8843e-009	5.1148e-009	7.4168e-009	9.5573e-009	1.2804e-008	1.5727e-008	2.1286e-008	2.7456e-008	3.3308e-008	4.1716e-008	4.5079e-008	5.0361e-008	5.4846e-008	5.8394e-008	6.2924e-008	6.792e-008	7.4285e-008	7.6595e-008	7.9876e-008	8.1711e-008	8.4833e-008	8.7808e-008	8.8599e-008	8.9026e-008	8.9218e-008	8.9659e-008	9.0614e-008	9.1267e-008	9.2635e-008	9.3183e-008	9.2256e-008	9.1493e-008	8.8978e-008	8.7616e-008	8.5501e-008	8.3455e-008	8.1612e-008	8.1635e-008	8.0296e-008	7.8783e-008	7.7192e-008	7.5251e-008	7.2489e-008	7.1671e-008	7.038e-008	6.7839e-008	6.5317e-008	6.449e-008	6.3861e-008	6.22e-008	5.8744e-008	5.7416e-008	5.6905e-008	5.5727e-008	5.2583e-008	5.2101e-008	5.0969e-008	4.9062e-008	4.7531e-008	4.5611e-008	4.4611e-008	4.3178e-008	4.1489e-008	3.9491e-008	3.7181e-008	3.5386e-008	3.3896e-008	3.1823e-008	3.0384e-008	2.8976e-008	2.776e-008	2.5773e-008	2.3709e-008	2.1374e-008	1.9533e-008	1.7894e-008	1.5351e-008	1.4072e-008	1.2261e-008	1.0266e-008	8.8013e-009	7.014e-009	5.7451e-009	4.99e-009	4.0962e-009	3.7952e-009	3.543e-009	3.62e-009	3.6046e-009	3.3879e-009	2.7921e-009	2.5701e-009	2.9327e-009	2.6987e-009	2.0699e-009	2.8873e-009	3.4427e-009	3.9833e-009	4.112e-009	4.4512e-009	5.0614e-009	5.3493e-009	6.5473e-009	7.7675e-009	1.045e-008	1.383e-008	1.7742e-008	2.3978e-008	2.8032e-008	3.176e-008	3.6718e-008	4.3267e-008	5.0352e-008	5.471e-008	6.0136e-008	6.338e-008	6.7044e-008	6.9969e-008	7.2712e-008	7.6018e-008	8.0352e-008	8.2762e-008	8.526e-008	8.5917e-008	8.7128e-008	8.992e-008	9.0605e-008	9.1046e-008	9.1896e-008	9.2843e-008	9.2117e-008	9.1091e-008	8.9997e-008	8.8751e-008	8.7392e-008	8.6446e-008	8.5821e-008	8.5169e-008	8.4301e-008	8.2449e-008	8.0754e-008	7.9413e-008	7.7466e-008	7.6108e-008	7.455e-008	7.304e-008	7.0688e-008	6.9276e-008	6.7816e-008	6.5811e-008	6.3293e-008	6.2076e-008	6.0662e-008	5.9309e-008	5.7866e-008	5.7605e-008	5.546e-008	5.4117e-008	5.1915e-008	5.0554e-008	4.9325e-008	4.7951e-008	4.6031e-008	4.3985e-008	4.1692e-008	4.1017e-008	3.9799e-008	3.799e-008	3.6248e-008	3.4443e-008	3.3419e-008	3.2254e-008	2.9911e-008	2.799e-008	2.5693e-008	2.3525e-008	2.1744e-008	1.9873e-008	1.8535e-008	1.7057e-008	1.5686e-008	1.3652e-008	1.1496e-008	1.0469e-008	9.172e-009	7.3531e-009	6.7594e-009	6.2956e-009	5.3813e-009	5.3851e-009	4.8571e-009	4.3906e-009	4.7283e-009	4.8599e-009	5.335e-009	5.2221e-009	5.2993e-009	5.3663e-009	5.5816e-009	5.9263e-009	6.4706e-009	6.5271e-009	6.4557e-009	7.1839e-009	9.9172e-009	1.2147e-008	1.3851e-008	1.7621e-008	2.2663e-008	2.8203e-008	3.4777e-008	4.0986e-008	4.4623e-008	4.9652e-008	5.3129e-008	5.7351e-008	6.1297e-008	6.696e-008	7.1864e-008	7.4392e-008	7.8159e-008	8.1199e-008	8.3308e-008	8.6943e-008	8.8605e-008	9.0183e-008	9.1414e-008	9.2417e-008	9.3019e-008	9.3143e-008	9.2996e-008	9.2818e-008	9.1637e-008	9.0639e-008	9.0737e-008	9.0202e-008	8.8691e-008	8.6835e-008	8.5714e-008	8.3905e-008	8.2329e-008	8.0779e-008	8.0006e-008	7.923e-008	7.9133e-008	7.6897e-008	7.5096e-008	7.3133e-008	7.0712e-008	6.8622e-008	6.715e-008	6.5097e-008	6.4039e-008	6.2865e-008	6.0641e-008	6.0025e-008	5.9455e-008	5.6562e-008	5.5845e-008	5.2192e-008	5.1717e-008	4.8481e-008	4.7834e-008	4.6229e-008	4.4477e-008	4.276e-008	4.1264e-008	3.894e-008	3.8101e-008	3.5507e-008	3.4554e-008	3.2911e-008	2.9957e-008	2.9169e-008	2.7706e-008	2.5746e-008	2.5169e-008	2.3512e-008	2.2073e-008	2.0597e-008	1.9265e-008	1.7403e-008	1.656e-008	1.4664e-008	1.36e-008	1.2619e-008	1.1823e-008	1.0274e-008	9.9941e-009	9.5188e-009	8.7437e-009	8.5654e-009	8.4971e-009	8.2281e-009	8.155e-009	7.832e-009	8.3488e-009	8.4592e-009	8.8211e-009	9.5399e-009	9.2829e-009	9.2465e-009	9.3986e-009	9.7455e-009	1.0897e-008	1.1849e-008	1.363e-008	1.5088e-008	1.8719e-008	2.2149e-008	2.6137e-008	3.055e-008	3.6381e-008	4.3978e-008	4.8446e-008	5.2627e-008	5.8556e-008	6.3449e-008	6.6815e-008	7.089e-008	7.3231e-008	7.5663e-008	7.9125e-008	8.2128e-008	8.4719e-008	8.6982e-008	9.0268e-008	9.1902e-008	9.3301e-008	9.4999e-008	9.4732e-008	9.5e-008	9.5657e-008	9.5863e-008	9.5526e-008	9.5218e-008	9.4502e-008	9.3925e-008	9.2782e-008	9.1426e-008	9.0278e-008	8.8529e-008	8.6112e-008	8.4829e-008	8.241e-008	8.1192e-008	7.9295e-008	7.6754e-008	7.5476e-008	7.3567e-008	7.2258e-008	7.1437e-008	7.0821e-008	6.9507e-008	6.6923e-008	6.6039e-008	6.5324e-008	6.3494e-008	5.9836e-008	5.7253e-008	5.6119e-008	5.3562e-008	5.2157e-008	5.1049e-008	4.9829e-008	4.9378e-008	4.7124e-008	4.5192e-008	4.2929e-008	4.0639e-008	3.9182e-008	3.7595e-008	3.6589e-008	3.5273e-008	3.3609e-008	3.0705e-008	2.9518e-008	2.7934e-008	2.5743e-008	2.4697e-008	2.224e-008	2.1431e-008	1.9843e-008	1.8773e-008	1.7014e-008	1.5122e-008	1.3848e-008	1.2704e-008	1.1513e-008	1.07e-008	1.0839e-008	1.0776e-008	1.0623e-008	1.0109e-008	1.064e-008	1.1157e-008	1.1007e-008	1.062e-008	1.0611e-008	1.1014e-008	1.1105e-008	1.1479e-008	1.2058e-008	1.3351e-008	1.4539e-008	1.595e-008	1.8016e-008	2.0065e-008	2.1325e-008	2.4743e-008	2.7426e-008	3.0757e-008	3.5882e-008	3.9625e-008	4.3621e-008	4.6825e-008	5.1601e-008	5.7232e-008	6.2801e-008	6.8745e-008	7.2974e-008	7.8092e-008	8.2488e-008	8.6458e-008	8.91e-008	9.0555e-008	9.2382e-008	9.5582e-008	9.7258e-008	9.8603e-008	9.9614e-008	1.0034e-007	1.0028e-007	1.0005e-007	9.9467e-008	9.9487e-008	9.8729e-008	9.7868e-008	9.6243e-008	9.5276e-008	9.2916e-008	9.1844e-008	9.0094e-008	8.9475e-008	8.8525e-008	8.7359e-008	8.6237e-008	8.5486e-008	8.4364e-008	8.323e-008	8.1611e-008	7.971e-008	7.8704e-008	7.7122e-008	7.6337e-008	7.5773e-008	7.4335e-008	7.2292e-008	6.9948e-008	6.8598e-008	6.5468e-008	6.3767e-008	6.043e-008	5.8785e-008	5.77e-008	5.7152e-008	5.6358e-008	5.3872e-008	5.2112e-008	4.935e-008	4.7885e-008	4.6221e-008	4.5133e-008	4.2078e-008	4.1012e-008	3.9495e-008	3.8425e-008	3.6921e-008	3.4524e-008	3.2425e-008	3.0917e-008	2.9549e-008	2.6767e-008	2.47e-008	2.3075e-008	2.1741e-008	2.0084e-008	1.8706e-008	1.6228e-008	1.513e-008	1.4064e-008	1.3383e-008	1.2098e-008	1.222e-008	1.2621e-008	1.2466e-008	1.2954e-008	1.3075e-008	1.3016e-008	1.3033e-008	1.3814e-008	1.4154e-008	1.4087e-008	1.4208e-008	1.495e-008	1.5751e-008	1.6849e-008	1.8167e-008
6.344e-010	1.0878e-009	1.2992e-009	2.323e-009	3.5454e-009	5.083e-009	7.372e-009	9.8719e-009	1.3228e-008	1.5829e-008	2.1198e-008	2.841e-008	3.6089e-008	4.2016e-008	4.5115e-008	5.0481e-008	5.5489e-008	5.8773e-008	6.3736e-008	6.8407e-008	7.3662e-008	7.5821e-008	7.9671e-008	8.1447e-008	8.4563e-008	8.739e-008	8.8345e-008	8.886e-008	8.9155e-008	8.9322e-008	9.046e-008	9.1139e-008	9.2319e-008	9.2921e-008	9.2739e-008	9.1634e-008	8.9347e-008	8.8022e-008	8.6792e-008	8.5154e-008	8.3971e-008	8.2241e-008	8.1118e-008	7.9424e-008	7.7068e-008	7.5305e-008	7.277e-008	7.1244e-008	6.9392e-008	6.8161e-008	6.5628e-008	6.4786e-008	6.371e-008	6.2689e-008	6.0851e-008	5.7454e-008	5.7093e-008	5.5698e-008	5.3367e-008	5.2028e-008	5.0927e-008	4.8204e-008	4.7505e-008	4.6215e-008	4.4594e-008	4.3263e-008	4.0905e-008	3.8697e-008	3.717e-008	3.5417e-008	3.38e-008	3.2097e-008	3.0585e-008	2.9298e-008	2.7853e-008	2.6536e-008	2.4177e-008	2.2071e-008	2.0802e-008	1.8829e-008	1.7133e-008	1.402e-008	1.2339e-008	1.0417e-008	9.1305e-009	7.4577e-009	6.1991e-009	5.6406e-009	5.258e-009	4.5522e-009	4.3819e-009	3.6877e-009	3.3889e-009	3.2856e-009	2.9464e-009	2.7689e-009	2.7678e-009	2.8103e-009	2.3057e-009	2.9041e-009	3.1823e-009	3.4224e-009	3.7123e-009	4.3306e-009	5.1073e-009	5.4851e-009	6.587e-009	8.24e-009	1.0372e-008	1.3625e-008	1.7709e-008	2.4701e-008	2.7969e-008	3.1867e-008	3.6228e-008	4.3501e-008	5.0182e-008	5.5222e-008	6.0163e-008	6.2998e-008	6.6585e-008	7.0294e-008	7.2771e-008	7.6566e-008	8.0579e-008	8.2669e-008	8.4904e-008	8.6206e-008	8.6764e-008	8.9165e-008	9.0065e-008	9.0197e-008	9.1344e-008	9.1454e-008	9.1757e-008	9.125e-008	9.018e-008	8.9154e-008	8.7723e-008	8.6423e-008	8.5595e-008	8.5037e-008	8.4419e-008	8.2808e-008	8.1204e-008	7.929e-008	7.7068e-008	7.6195e-008	7.4991e-008	7.3937e-008	7.1777e-008	6.9106e-008	6.7357e-008	6.6162e-008	6.4359e-008	6.3218e-008	5.9887e-008	5.9866e-008	5.8824e-008	5.8246e-008	5.652e-008	5.4992e-008	5.3486e-008	5.0832e-008	4.9067e-008	4.8025e-008	4.7179e-008	4.5745e-008	4.3082e-008	4.1735e-008	3.9577e-008	3.8297e-008	3.6526e-008	3.4694e-008	3.32e-008	3.2071e-008	3.0294e-008	2.7404e-008	2.5724e-008	2.3043e-008	2.1745e-008	1.9812e-008	1.8394e-008	1.684e-008	1.5593e-008	1.3573e-008	1.2152e-008	1.0545e-008	9.321e-009	7.5288e-009	6.5207e-009	6.1014e-009	5.9459e-009	5.2986e-009	4.9648e-009	4.6406e-009	5.1004e-009	4.9404e-009	5.1967e-009	5.2847e-009	5.4942e-009	5.3293e-009	5.4874e-009	6.2682e-009	6.755e-009	6.5133e-009	6.6213e-009	7.559e-009	9.2012e-009	1.2223e-008	1.4615e-008	1.818e-008	2.2019e-008	2.7441e-008	3.3496e-008	3.9381e-008	4.4991e-008	4.8974e-008	5.2248e-008	5.6305e-008	6.2463e-008	6.711e-008	7.1722e-008	7.6039e-008	7.821e-008	8.0621e-008	8.3911e-008	8.5886e-008	8.8243e-008	8.9771e-008	9.0913e-008	9.2137e-008	9.2891e-008	9.3634e-008	9.353e-008	9.3145e-008	9.2314e-008	9.128e-008	9.0794e-008	9.0245e-008	8.8943e-008	8.7221e-008	8.5215e-008	8.437e-008	8.1987e-008	8.1049e-008	8.0388e-008	7.9924e-008	7.9167e-008	7.7922e-008	7.5401e-008	7.1777e-008	6.9995e-008	6.8475e-008	6.7245e-008	6.6396e-008	6.4615e-008	6.3699e-008	6.2383e-008	6.0616e-008	5.9801e-008	5.8205e-008	5.5744e-008	5.3365e-008	5.1579e-008	4.9985e-008	4.7962e-008	4.6743e-008	4.4777e-008	4.3191e-008	4.2044e-008	4.1013e-008	3.8512e-008	3.6952e-008	3.4727e-008	3.3836e-008	3.0754e-008	2.8937e-008	2.7747e-008	2.6992e-008	2.5329e-008	2.3998e-008	2.2558e-008	2.069e-008	1.9587e-008	1.757e-008	1.7033e-008	1.5465e-008	1.4126e-008	1.2959e-008	1.2064e-008	1.1184e-008	9.897e-009	9.6463e-009	8.7701e-009	8.5843e-009	8.4691e-009	8.5909e-009	8.238e-009	8.2858e-009	8.4043e-009	8.557e-009	8.971e-009	9.5455e-009	9.06e-009	8.6994e-009	9.0553e-009	9.4884e-009	1.0219e-008	1.1171e-008	1.291e-008	1.5866e-008	1.95e-008	2.3333e-008	2.6532e-008	3.1962e-008	3.5734e-008	4.263e-008	4.7966e-008	5.2593e-008	5.9127e-008	6.3475e-008	6.7643e-008	7.0341e-008	7.325e-008	7.564e-008	8.0087e-008	8.35e-008	8.594e-008	8.9981e-008	9.1406e-008	9.329e-008	9.5268e-008	9.6042e-008	9.6953e-008	9.6648e-008	9.6457e-008	9.6409e-008	9.5592e-008	9.5512e-008	9.5219e-008	9.4301e-008	9.3033e-008	9.2017e-008	9.0529e-008	8.8167e-008	8.6296e-008	8.449e-008	8.2453e-008	8.145e-008	7.9651e-008	7.7658e-008	7.6449e-008	7.431e-008	7.2215e-008	7.104e-008	7.1074e-008	6.9601e-008	6.6841e-008	6.6269e-008	6.5166e-008	6.3475e-008	6.0855e-008	5.8687e-008	5.6537e-008	5.5063e-008	5.2912e-008	5.1741e-008	5.0459e-008	4.9133e-008	4.7392e-008	4.5129e-008	4.272e-008	4.0651e-008	3.9433e-008	3.7521e-008	3.6483e-008	3.4685e-008	3.3009e-008	3.0873e-008	2.9445e-008	2.88e-008	2.6847e-008	2.4917e-008	2.2694e-008	2.114e-008	2.0193e-008	1.8724e-008	1.6838e-008	1.5315e-008	1.4045e-008	1.2954e-008	1.1433e-008	1.0901e-008	1.0791e-008	1.0911e-008	1.0831e-008	1.0363e-008	1.0523e-008	1.1304e-008	1.0828e-008	1.0313e-008	1.054e-008	1.0894e-008	1.1043e-008	1.1523e-008	1.1769e-008	1.2761e-008	1.3873e-008	1.5912e-008	1.846e-008	2.0069e-008	2.1741e-008	2.5387e-008	2.8097e-008	3.0455e-008	3.4398e-008	3.8424e-008	4.2837e-008	4.6471e-008	5.1345e-008	5.8334e-008	6.4023e-008	6.9817e-008	7.475e-008	7.8594e-008	8.3377e-008	8.6846e-008	8.8949e-008	9.0803e-008	9.2396e-008	9.467e-008	9.6836e-008	9.8468e-008	9.9771e-008	1.0037e-007	1.0037e-007	1.0026e-007	9.9931e-008	9.9892e-008	9.9215e-008	9.8346e-008	9.7528e-008	9.5388e-008	9.3951e-008	9.2322e-008	9.0593e-008	8.9902e-008	8.9077e-008	8.8121e-008	8.6712e-008	8.5637e-008	8.4527e-008	8.3283e-008	8.2131e-008	8.0713e-008	7.9312e-008	7.7105e-008	7.6568e-008	7.6079e-008	7.4266e-008	7.2932e-008	7.0649e-008	6.8685e-008	6.6603e-008	6.5066e-008	6.3154e-008	6.1661e-008	5.9104e-008	5.7182e-008	5.6554e-008	5.482e-008	5.2197e-008	4.9553e-008	4.8654e-008	4.6771e-008	4.5791e-008	4.3202e-008	4.1597e-008	3.9263e-008	3.8438e-008	3.7206e-008	3.4798e-008	3.3223e-008	3.1487e-008	2.9842e-008	2.6642e-008	2.5177e-008	2.3834e-008	2.2116e-008	2.0245e-008	1.8717e-008	1.601e-008	1.5209e-008	1.4271e-008	1.3362e-008	1.2788e-008	1.2322e-008	1.2762e-008	1.251e-008	1.2748e-008	1.3148e-008	1.3453e-008	1.3377e-008	1.3659e-008	1.4342e-008	1.3925e-008	1.414e-008	1.4602e-008	1.5356e-008	1.6727e-008	1.7697e-008
7.5222e-010	1.3286e-009	1.552e-009	2.1367e-009	3.7696e-009	5.4265e-009	6.9235e-009	9.5188e-009	1.2589e-008	1.65e-008	2.2138e-008	2.8703e-008	3.5626e-008	4.1377e-008	4.5786e-008	5.0203e-008	5.4582e-008	5.953e-008	6.3035e-008	6.839e-008	7.1457e-008	7.5507e-008	7.8804e-008	8.1896e-008	8.3771e-008	8.6863e-008	8.7708e-008	8.8395e-008	8.9231e-008	8.9767e-008	9.0561e-008	9.1209e-008	9.2216e-008	9.2255e-008	9.2304e-008	9.1032e-008	8.9113e-008	8.8073e-008	8.7216e-008	8.6018e-008	8.4666e-008	8.3678e-008	8.1564e-008	7.9624e-008	7.7221e-008	7.5551e-008	7.3349e-008	7.1266e-008	7.0113e-008	6.8377e-008	6.6476e-008	6.4758e-008	6.3192e-008	6.2746e-008	6.1984e-008	5.8385e-008	5.7502e-008	5.6495e-008	5.4045e-008	5.1974e-008	5.0467e-008	4.9272e-008	4.7739e-008	4.6531e-008	4.473e-008	4.2903e-008	4.0929e-008	3.8923e-008	3.7025e-008	3.571e-008	3.4192e-008	3.2134e-008	3.1096e-008	2.9211e-008	2.8145e-008	2.6461e-008	2.4496e-008	2.2348e-008	2.0784e-008	1.9098e-008	1.6788e-008	1.4769e-008	1.3113e-008	1.142e-008	9.2907e-009	7.7171e-009	6.613e-009	6.0336e-009	5.3829e-009	5.1502e-009	4.5816e-009	3.8903e-009	3.3435e-009	3.4312e-009	3.2105e-009	2.7027e-009	2.633e-009	2.8683e-009	2.5471e-009	2.994e-009	3.237e-009	3.2968e-009	3.3972e-009	4.0409e-009	4.8521e-009	5.6084e-009	6.5216e-009	7.9488e-009	1.0136e-008	1.3628e-008	1.7087e-008	2.2509e-008	2.7767e-008	3.1039e-008	3.577e-008	4.1074e-008	4.9769e-008	5.427e-008	6.0178e-008	6.3129e-008	6.7377e-008	7.0835e-008	7.3218e-008	7.5919e-008	7.9809e-008	8.3396e-008	8.4691e-008	8.5874e-008	8.6869e-008	8.8689e-008	8.9481e-008	9.0224e-008	9.0962e-008	9.1319e-008	9.2102e-008	9.1669e-008	9.006e-008	8.8618e-008	8.7253e-008	8.6191e-008	8.541e-008	8.4313e-008	8.3657e-008	8.2905e-008	8.0946e-008	7.9274e-008	7.7179e-008	7.5869e-008	7.4726e-008	7.4001e-008	7.2643e-008	7.0499e-008	6.6736e-008	6.6115e-008	6.4919e-008	6.3768e-008	6.116e-008	6.0153e-008	5.8896e-008	5.7862e-008	5.6968e-008	5.5457e-008	5.4122e-008	5.1937e-008	4.9093e-008	4.8205e-008	4.7415e-008	4.558e-008	4.3424e-008	4.1788e-008	4.0203e-008	3.8258e-008	3.7178e-008	3.524e-008	3.3503e-008	3.2003e-008	3.0266e-008	2.8088e-008	2.6009e-008	2.3531e-008	2.1188e-008	1.9806e-008	1.8422e-008	1.6997e-008	1.5082e-008	1.3407e-008	1.1733e-008	1.0508e-008	9.4109e-009	7.8401e-009	6.7392e-009	6.0274e-009	6.0086e-009	5.8937e-009	5.8855e-009	5.1922e-009	5.0569e-009	5.2807e-009	5.5186e-009	5.3931e-009	5.6755e-009	5.4805e-009	5.649e-009	6.4643e-009	6.4996e-009	6.4091e-009	6.5425e-009	7.5227e-009	8.8907e-009	1.228e-008	1.45e-008	1.7685e-008	2.1073e-008	2.7104e-008	3.3263e-008	3.7766e-008	4.3474e-008	4.8739e-008	5.2732e-008	5.67e-008	6.3559e-008	6.7946e-008	7.3393e-008	7.7488e-008	7.921e-008	8.3103e-008	8.4821e-008	8.5948e-008	8.7104e-008	8.9113e-008	9.0545e-008	9.1618e-008	9.2775e-008	9.3478e-008	9.3244e-008	9.3023e-008	9.1973e-008	9.1175e-008	9.087e-008	9.0272e-008	8.9125e-008	8.7602e-008	8.5616e-008	8.3975e-008	8.2623e-008	8.1136e-008	8.0666e-008	8.0146e-008	7.9359e-008	7.7454e-008	7.5499e-008	7.2282e-008	7.0365e-008	6.8583e-008	6.7528e-008	6.6436e-008	6.4471e-008	6.3848e-008	6.2865e-008	6.0768e-008	5.9597e-008	5.801e-008	5.5806e-008	5.3521e-008	5.1761e-008	4.9528e-008	4.8421e-008	4.6658e-008	4.5261e-008	4.3564e-008	4.264e-008	4.1649e-008	3.7813e-008	3.6678e-008	3.538e-008	3.4422e-008	3.1992e-008	2.9917e-008	2.7875e-008	2.7072e-008	2.6231e-008	2.4485e-008	2.3154e-008	2.1339e-008	2.024e-008	1.8417e-008	1.7137e-008	1.6245e-008	1.5373e-008	1.4465e-008	1.2462e-008	1.216e-008	1.0955e-008	9.774e-009	9.0191e-009	8.824e-009	8.5914e-009	8.75e-009	8.7645e-009	8.5014e-009	8.2766e-009	8.6008e-009	8.8253e-009	8.6584e-009	8.2924e-009	8.6216e-009	8.7639e-009	9.9134e-009	1.0387e-008	1.1561e-008	1.3216e-008	1.657e-008	1.9832e-008	2.3399e-008	2.7029e-008	3.2965e-008	3.644e-008	4.309e-008	4.9095e-008	5.358e-008	6.0114e-008	6.511e-008	6.8345e-008	7.0813e-008	7.3769e-008	7.8014e-008	8.2108e-008	8.4503e-008	8.8788e-008	9.1118e-008	9.2031e-008	9.3718e-008	9.6013e-008	9.6471e-008	9.751e-008	9.782e-008	9.6929e-008	9.6622e-008	9.5858e-008	9.5566e-008	9.5597e-008	9.4344e-008	9.3292e-008	9.1602e-008	9.0064e-008	8.7781e-008	8.6817e-008	8.4711e-008	8.3202e-008	8.1148e-008	7.9875e-008	7.7949e-008	7.6583e-008	7.4324e-008	7.2746e-008	7.147e-008	7.1154e-008	7.0442e-008	6.7099e-008	6.6186e-008	6.5407e-008	6.2912e-008	6.1345e-008	5.9556e-008	5.6576e-008	5.4865e-008	5.3449e-008	5.1953e-008	5.0179e-008	4.8604e-008	4.7036e-008	4.4876e-008	4.2849e-008	4.0776e-008	3.9673e-008	3.8382e-008	3.6744e-008	3.5112e-008	3.3411e-008	3.1409e-008	2.9751e-008	2.885e-008	2.7326e-008	2.518e-008	2.322e-008	2.1037e-008	2.02e-008	1.8947e-008	1.6736e-008	1.5585e-008	1.4168e-008	1.2948e-008	1.1789e-008	1.1382e-008	1.0747e-008	1.0756e-008	1.0623e-008	1.0425e-008	1.0511e-008	1.119e-008	1.0621e-008	1.0127e-008	1.0536e-008	1.099e-008	1.1031e-008	1.1077e-008	1.1534e-008	1.2476e-008	1.3987e-008	1.6493e-008	1.8153e-008	1.9637e-008	2.1698e-008	2.5222e-008	2.82e-008	2.991e-008	3.4937e-008	3.8745e-008	4.3147e-008	4.5948e-008	5.1945e-008	5.852e-008	6.486e-008	6.9423e-008	7.5502e-008	7.9921e-008	8.383e-008	8.7601e-008	8.9054e-008	9.0886e-008	9.2772e-008	9.4432e-008	9.6235e-008	9.7945e-008	1.0016e-007	1.007e-007	1.0044e-007	1.0034e-007	9.991e-008	1.002e-007	9.9673e-008	9.914e-008	9.8391e-008	9.6413e-008	9.4656e-008	9.3216e-008	9.1621e-008	9.0538e-008	8.9737e-008	8.883e-008	8.8212e-008	8.6037e-008	8.4182e-008	8.3541e-008	8.2168e-008	8.0953e-008	7.9996e-008	7.8231e-008	7.7115e-008	7.5962e-008	7.4866e-008	7.2504e-008	7.0732e-008	6.8948e-008	6.747e-008	6.4875e-008	6.3134e-008	6.2265e-008	6.0132e-008	5.8617e-008	5.6616e-008	5.4432e-008	5.2106e-008	5.0453e-008	4.8856e-008	4.7911e-008	4.6369e-008	4.2799e-008	4.1312e-008	3.9722e-008	3.8496e-008	3.6345e-008	3.4873e-008	3.3558e-008	3.1656e-008	3.0126e-008	2.8053e-008	2.5892e-008	2.4055e-008	2.2449e-008	2.0487e-008	1.9305e-008	1.7273e-008	1.574e-008	1.4649e-008	1.3659e-008	1.2993e-008	1.2562e-008	1.2786e-008	1.2568e-008	1.2555e-008	1.3185e-008	1.3767e-008	1.3757e-008	1.3419e-008	1.4101e-008	1.4229e-008	1.4162e-008	1.4979e-008	1.5416e-008	1.644e-008	1.7851e-008
1.0931e-009	1.3701e-009	1.9006e-009	2.3932e-009	4.0104e-009	5.6334e-009	7.6762e-009	1.0488e-008	1.3635e-008	1.7274e-008	2.3307e-008	3.0454e-008	3.6282e-008	4.1918e-008	4.6207e-008	5.0776e-008	5.6203e-008	6.0064e-008	6.5249e-008	6.9359e-008	7.2965e-008	7.618e-008	7.9121e-008	8.1525e-008	8.3852e-008	8.6089e-008	8.7317e-008	8.8355e-008	8.9387e-008	9.0018e-008	9.0463e-008	9.1395e-008	9.2169e-008	9.2233e-008	9.2214e-008	9.1209e-008	8.8569e-008	8.7909e-008	8.686e-008	8.6089e-008	8.5046e-008	8.3261e-008	8.0825e-008	7.9536e-008	7.7015e-008	7.4772e-008	7.3377e-008	7.1396e-008	6.9703e-008	6.8944e-008	6.6547e-008	6.5317e-008	6.4071e-008	6.3053e-008	6.197e-008	5.8531e-008	5.7729e-008	5.5817e-008	5.3936e-008	5.2279e-008	5.0752e-008	4.9924e-008	4.7924e-008	4.6636e-008	4.4462e-008	4.1581e-008	4.0479e-008	3.9075e-008	3.7945e-008	3.6124e-008	3.418e-008	3.3034e-008	3.1813e-008	2.9809e-008	2.8406e-008	2.6465e-008	2.3997e-008	2.196e-008	2.0501e-008	1.9091e-008	1.7919e-008	1.5088e-008	1.2919e-008	1.1718e-008	1.0246e-008	7.4652e-009	7.0854e-009	6.1183e-009	5.3632e-009	5.1839e-009	4.7695e-009	3.987e-009	3.3766e-009	3.4377e-009	3.3092e-009	2.8895e-009	2.9091e-009	2.6045e-009	2.6844e-009	3.1904e-009	3.1314e-009	3.3146e-009	3.4879e-009	4.1917e-009	4.8505e-009	5.6288e-009	6.3055e-009	8.1036e-009	1.0614e-008	1.3527e-008	1.6655e-008	2.1546e-008	2.8085e-008	3.2178e-008	3.604e-008	4.2983e-008	4.9594e-008	5.4716e-008	5.9884e-008	6.2671e-008	6.8786e-008	7.1239e-008	7.3646e-008	7.7733e-008	8.0577e-008	8.3091e-008	8.4837e-008	8.5708e-008	8.7302e-008	8.8434e-008	8.9318e-008	8.9839e-008	9.0625e-008	9.105e-008	9.2791e-008	9.1915e-008	9.1331e-008	8.9256e-008	8.8096e-008	8.6146e-008	8.5035e-008	8.4146e-008	8.3369e-008	8.295e-008	8.134e-008	7.9087e-008	7.7666e-008	7.586e-008	7.514e-008	7.4188e-008	7.2614e-008	7.0416e-008	6.7836e-008	6.683e-008	6.543e-008	6.3091e-008	6.0981e-008	6.0294e-008	5.9181e-008	5.8024e-008	5.6921e-008	5.6151e-008	5.4421e-008	5.1903e-008	4.9202e-008	4.8411e-008	4.7331e-008	4.5518e-008	4.3115e-008	4.1851e-008	4.0627e-008	3.8955e-008	3.7625e-008	3.4872e-008	3.3383e-008	3.1932e-008	2.9831e-008	2.7361e-008	2.5674e-008	2.3441e-008	2.1911e-008	2.0472e-008	1.8941e-008	1.7031e-008	1.5206e-008	1.3964e-008	1.2651e-008	1.0539e-008	9.6811e-009	8.4473e-009	7.1491e-009	6.1237e-009	5.9568e-009	6.4261e-009	6.0749e-009	5.5234e-009	5.0883e-009	5.1304e-009	5.6889e-009	5.5473e-009	5.633e-009	5.6086e-009	5.7687e-009	6.283e-009	6.0104e-009	6.2089e-009	6.5307e-009	7.3471e-009	8.801e-009	1.2231e-008	1.4107e-008	1.719e-008	2.133e-008	2.5934e-008	3.0927e-008	3.6132e-008	4.2808e-008	4.8098e-008	5.2075e-008	5.6291e-008	6.3048e-008	6.8641e-008	7.2302e-008	7.7476e-008	7.9261e-008	8.3816e-008	8.4958e-008	8.6167e-008	8.6743e-008	8.8106e-008	8.9544e-008	9.1003e-008	9.2476e-008	9.2693e-008	9.2968e-008	9.2993e-008	9.2499e-008	9.1866e-008	9.096e-008	8.9612e-008	8.8512e-008	8.7578e-008	8.53e-008	8.3999e-008	8.3e-008	8.1797e-008	8.0692e-008	8.0452e-008	7.9769e-008	7.8224e-008	7.6352e-008	7.3188e-008	7.1204e-008	6.9598e-008	6.7585e-008	6.6616e-008	6.5208e-008	6.4348e-008	6.2878e-008	6.0993e-008	6.0027e-008	5.8547e-008	5.5521e-008	5.3704e-008	5.1716e-008	5.0256e-008	4.844e-008	4.7193e-008	4.5198e-008	4.3784e-008	4.2935e-008	4.244e-008	3.9602e-008	3.7575e-008	3.6232e-008	3.5202e-008	3.2829e-008	3.1129e-008	2.8443e-008	2.7557e-008	2.6615e-008	2.5748e-008	2.4514e-008	2.2859e-008	2.0839e-008	1.8805e-008	1.7918e-008	1.6472e-008	1.6183e-008	1.5389e-008	1.3894e-008	1.2605e-008	1.1389e-008	1.0438e-008	9.8079e-009	9.37e-009	8.7915e-009	8.8298e-009	9.0126e-009	8.628e-009	8.6897e-009	8.8656e-009	8.6829e-009	8.5443e-009	8.7842e-009	9.1073e-009	9.4804e-009	1.0364e-008	1.0541e-008	1.1532e-008	1.316e-008	1.7327e-008	1.9936e-008	2.4117e-008	2.8899e-008	3.3207e-008	3.7679e-008	4.3718e-008	4.8424e-008	5.3621e-008	6.0458e-008	6.5552e-008	6.8757e-008	7.0815e-008	7.436e-008	7.8657e-008	8.3231e-008	8.7184e-008	8.9128e-008	9.1297e-008	9.2088e-008	9.4033e-008	9.6194e-008	9.6691e-008	9.7327e-008	9.7869e-008	9.6901e-008	9.6298e-008	9.6108e-008	9.6066e-008	9.5655e-008	9.4523e-008	9.3398e-008	9.173e-008	9.0355e-008	8.8656e-008	8.6996e-008	8.4026e-008	8.2552e-008	8.0976e-008	7.9449e-008	7.792e-008	7.6675e-008	7.5259e-008	7.3374e-008	7.2413e-008	7.1432e-008	7.0594e-008	6.713e-008	6.6389e-008	6.5679e-008	6.38e-008	6.1771e-008	6.0597e-008	5.7952e-008	5.5344e-008	5.3567e-008	5.2293e-008	5.044e-008	4.8215e-008	4.6536e-008	4.4497e-008	4.328e-008	4.1493e-008	3.9769e-008	3.8397e-008	3.7657e-008	3.542e-008	3.3482e-008	3.1864e-008	3.034e-008	2.9182e-008	2.7817e-008	2.5318e-008	2.347e-008	2.1405e-008	2.047e-008	1.875e-008	1.7206e-008	1.5949e-008	1.4644e-008	1.2779e-008	1.21e-008	1.1707e-008	1.0801e-008	1.0508e-008	1.079e-008	1.0613e-008	1.0653e-008	1.0876e-008	1.057e-008	1.0268e-008	1.0524e-008	1.0858e-008	1.0963e-008	1.1035e-008	1.1349e-008	1.2299e-008	1.3838e-008	1.5929e-008	1.7402e-008	1.8778e-008	2.1396e-008	2.3947e-008	2.7482e-008	2.9491e-008	3.4618e-008	3.9114e-008	4.267e-008	4.5479e-008	5.1209e-008	5.8874e-008	6.5289e-008	7.208e-008	7.6155e-008	8.0407e-008	8.3412e-008	8.7691e-008	8.9329e-008	9.096e-008	9.2402e-008	9.4149e-008	9.5842e-008	9.7341e-008	9.9374e-008	1.0054e-007	1.0072e-007	1.0064e-007	1.0102e-007	1.0086e-007	1.0021e-007	9.9346e-008	9.8377e-008	9.6863e-008	9.5155e-008	9.3562e-008	9.2274e-008	9.1123e-008	9.0473e-008	8.9778e-008	8.8921e-008	8.8203e-008	8.4454e-008	8.3559e-008	8.222e-008	8.1405e-008	8.0247e-008	7.8753e-008	7.7442e-008	7.6487e-008	7.453e-008	7.2934e-008	7.0665e-008	6.8939e-008	6.7032e-008	6.562e-008	6.3649e-008	6.2787e-008	6.0918e-008	5.8014e-008	5.7185e-008	5.4107e-008	5.234e-008	5.023e-008	4.8911e-008	4.834e-008	4.6725e-008	4.385e-008	4.1428e-008	3.9835e-008	3.8745e-008	3.7468e-008	3.5198e-008	3.3846e-008	3.2272e-008	3.0545e-008	2.7749e-008	2.5609e-008	2.4775e-008	2.2909e-008	2.0843e-008	1.9632e-008	1.737e-008	1.5918e-008	1.4748e-008	1.4235e-008	1.3296e-008	1.2762e-008	1.2589e-008	1.2674e-008	1.2843e-008	1.313e-008	1.3859e-008	1.4115e-008	1.3317e-008	1.3573e-008	1.3995e-008	1.4182e-008	1.4654e-008	1.5164e-008	1.6065e-008	1.7262e-008
1.2939e-009	1.4597e-009	1.8319e-009	2.7685e-009	3.6239e-009	5.6311e-009	7.5713e-009	1.1062e-008	1.3512e-008	1.8151e-008	2.402e-008	3.0504e-008	3.6494e-008	3.9873e-008	4.5643e-008	5.0558e-008	5.6452e-008	6.0082e-008	6.5099e-008	7.0641e-008	7.4086e-008	7.5752e-008	7.9188e-008	8.1292e-008	8.3659e-008	8.5343e-008	8.7746e-008	8.9627e-008	8.9796e-008	9.068e-008	9.1732e-008	9.2508e-008	9.2853e-008	9.2518e-008	9.2102e-008	9.0703e-008	8.9116e-008	8.77e-008	8.6593e-008	8.5507e-008	8.4696e-008	8.342e-008	8.0971e-008	7.9382e-008	7.803e-008	7.5393e-008	7.4331e-008	7.2928e-008	7.0329e-008	6.965e-008	6.785e-008	6.5718e-008	6.4313e-008	6.3351e-008	6.1927e-008	5.9612e-008	5.7867e-008	5.515e-008	5.4132e-008	5.2552e-008	5.1529e-008	5.0718e-008	4.8626e-008	4.606e-008	4.3782e-008	4.2443e-008	4.0304e-008	3.9372e-008	3.8001e-008	3.6614e-008	3.4549e-008	3.3707e-008	3.1603e-008	2.944e-008	2.7772e-008	2.6101e-008	2.3839e-008	2.2131e-008	2.0746e-008	1.8892e-008	1.7308e-008	1.5354e-008	1.3496e-008	1.1797e-008	1.0363e-008	8.7404e-009	6.9867e-009	6.2865e-009	5.4469e-009	4.8832e-009	4.4378e-009	4.0425e-009	3.3143e-009	3.4313e-009	3.0779e-009	2.8075e-009	2.7243e-009	2.3891e-009	2.4832e-009	2.9419e-009	2.9524e-009	3.3616e-009	3.646e-009	3.971e-009	4.2443e-009	5.2654e-009	6.2056e-009	7.8356e-009	1.0559e-008	1.4008e-008	1.6739e-008	2.1248e-008	2.6619e-008	3.149e-008	3.6155e-008	4.4006e-008	4.8843e-008	5.4291e-008	5.8561e-008	6.2433e-008	6.6491e-008	7.077e-008	7.3506e-008	7.7714e-008	8.0096e-008	8.3309e-008	8.5308e-008	8.6186e-008	8.7477e-008	8.8404e-008	8.8889e-008	8.9527e-008	9.0345e-008	9.0963e-008	9.2278e-008	9.1839e-008	9.1213e-008	8.9602e-008	8.8347e-008	8.6949e-008	8.5456e-008	8.374e-008	8.2726e-008	8.1589e-008	8.072e-008	7.9222e-008	7.7083e-008	7.5985e-008	7.5279e-008	7.4017e-008	7.2603e-008	7.1375e-008	6.9648e-008	6.6728e-008	6.5298e-008	6.3992e-008	6.2227e-008	6.0285e-008	5.9218e-008	5.7606e-008	5.6447e-008	5.5866e-008	5.4406e-008	5.1727e-008	4.9998e-008	4.882e-008	4.7127e-008	4.4969e-008	4.2911e-008	4.1698e-008	4.0367e-008	3.8899e-008	3.7109e-008	3.5262e-008	3.305e-008	3.174e-008	3.0366e-008	2.8526e-008	2.6437e-008	2.4483e-008	2.2993e-008	2.0664e-008	1.9501e-008	1.7003e-008	1.5911e-008	1.4363e-008	1.2276e-008	1.0991e-008	9.6763e-009	8.2751e-009	7.0038e-009	6.2184e-009	5.7338e-009	6.0016e-009	5.6684e-009	5.2266e-009	4.9168e-009	4.9206e-009	5.1882e-009	5.2161e-009	5.4591e-009	5.3141e-009	5.5333e-009	5.8038e-009	5.9395e-009	6.3539e-009	6.6704e-009	7.2384e-009	8.4147e-009	1.1222e-008	1.3325e-008	1.646e-008	2.0143e-008	2.5877e-008	3.0535e-008	3.5654e-008	4.12e-008	4.6797e-008	5.0285e-008	5.6027e-008	6.1931e-008	6.8376e-008	7.2537e-008	7.6153e-008	7.8971e-008	8.3169e-008	8.4689e-008	8.6286e-008	8.66e-008	8.7469e-008	8.9553e-008	9.0743e-008	9.2129e-008	9.2415e-008	9.2621e-008	9.2488e-008	9.2444e-008	9.1447e-008	9.062e-008	8.8785e-008	8.7776e-008	8.7328e-008	8.6271e-008	8.4667e-008	8.3464e-008	8.1423e-008	8.0353e-008	7.9949e-008	7.9059e-008	7.5963e-008	7.3942e-008	7.2874e-008	7.1123e-008	6.9534e-008	6.7473e-008	6.6798e-008	6.5352e-008	6.4278e-008	6.2845e-008	6.1137e-008	6.0078e-008	5.814e-008	5.5825e-008	5.3643e-008	5.1199e-008	5.0031e-008	4.8824e-008	4.7075e-008	4.5899e-008	4.4057e-008	4.3146e-008	4.2336e-008	3.9467e-008	3.8051e-008	3.6429e-008	3.4911e-008	3.3406e-008	3.1743e-008	3.0548e-008	2.8815e-008	2.7063e-008	2.6105e-008	2.4618e-008	2.3258e-008	2.2107e-008	1.9946e-008	1.9533e-008	1.8094e-008	1.6762e-008	1.571e-008	1.4164e-008	1.2507e-008	1.1405e-008	1.0799e-008	1.005e-008	9.6908e-009	9.0494e-009	8.8737e-009	8.9132e-009	8.7874e-009	8.6087e-009	8.6094e-009	8.5887e-009	8.4327e-009	8.5678e-009	8.9866e-009	9.5893e-009	9.8662e-009	1.0781e-008	1.1411e-008	1.3036e-008	1.6588e-008	2.018e-008	2.4905e-008	2.8546e-008	3.2777e-008	3.7881e-008	4.476e-008	4.8182e-008	5.2878e-008	5.8538e-008	6.5574e-008	6.8207e-008	7.0286e-008	7.4778e-008	7.9124e-008	8.3426e-008	8.726e-008	8.9511e-008	9.1304e-008	9.1946e-008	9.3501e-008	9.5617e-008	9.6335e-008	9.6744e-008	9.7027e-008	9.6106e-008	9.5821e-008	9.5819e-008	9.6088e-008	9.6019e-008	9.4862e-008	9.3174e-008	9.1225e-008	9.0081e-008	8.8641e-008	8.7514e-008	8.5173e-008	8.3201e-008	8.0759e-008	7.9151e-008	7.7539e-008	7.6374e-008	7.5348e-008	7.4349e-008	7.3888e-008	7.1655e-008	7.0278e-008	6.8517e-008	6.6917e-008	6.5899e-008	6.416e-008	6.143e-008	6.0268e-008	5.7532e-008	5.5509e-008	5.311e-008	5.1763e-008	4.9337e-008	4.8009e-008	4.7214e-008	4.3629e-008	4.2423e-008	4.1215e-008	4.0082e-008	3.8751e-008	3.6707e-008	3.5201e-008	3.3548e-008	3.1186e-008	2.978e-008	2.8141e-008	2.6497e-008	2.5212e-008	2.2968e-008	2.0913e-008	1.9958e-008	1.8458e-008	1.7034e-008	1.5271e-008	1.4289e-008	1.2377e-008	1.2194e-008	1.1246e-008	1.0604e-008	1.047e-008	1.0267e-008	1.0421e-008	1.0121e-008	9.9168e-009	1.0063e-008	9.8836e-009	1.0022e-008	1.0672e-008	1.0837e-008	1.1043e-008	1.1064e-008	1.1606e-008	1.3153e-008	1.5278e-008	1.6601e-008	1.8139e-008	2.0645e-008	2.3148e-008	2.7122e-008	3.0028e-008	3.4122e-008	3.8379e-008	4.2816e-008	4.6407e-008	5.231e-008	5.8184e-008	6.5021e-008	6.9993e-008	7.5417e-008	8.0734e-008	8.2404e-008	8.6789e-008	8.9311e-008	9.096e-008	9.2333e-008	9.4097e-008	9.5694e-008	9.74e-008	9.8389e-008	1.0012e-007	1.0075e-007	1.012e-007	1.0222e-007	1.0149e-007	1.0071e-007	9.9286e-008	9.8301e-008	9.6463e-008	9.4746e-008	9.3299e-008	9.2305e-008	9.1362e-008	9.0943e-008	9.0252e-008	8.9054e-008	8.8357e-008	8.5175e-008	8.3289e-008	8.1975e-008	8.1201e-008	8.0081e-008	7.8354e-008	7.7323e-008	7.5785e-008	7.4564e-008	7.2398e-008	7.0381e-008	6.7517e-008	6.5725e-008	6.5104e-008	6.3321e-008	6.1563e-008	6.0076e-008	5.8466e-008	5.6856e-008	5.4273e-008	5.1731e-008	5.0115e-008	4.9131e-008	4.8204e-008	4.6154e-008	4.304e-008	4.1242e-008	3.9209e-008	3.8172e-008	3.6066e-008	3.4972e-008	3.3676e-008	3.1549e-008	3.0032e-008	2.8212e-008	2.6213e-008	2.4386e-008	2.2973e-008	2.0594e-008	1.9491e-008	1.7469e-008	1.6027e-008	1.4658e-008	1.3784e-008	1.31e-008	1.2464e-008	1.2701e-008	1.2703e-008	1.2787e-008	1.2763e-008	1.3592e-008	1.3586e-008	1.3117e-008	1.3002e-008	1.3643e-008	1.4154e-008	1.4461e-008	1.4748e-008	1.5797e-008	1.6615e-008
1.4282e-009	1.6159e-009	2.3973e-009	2.7285e-009	3.8068e-009	5.7382e-009	7.5947e-009	1.1085e-008	1.392e-008	1.7943e-008	2.4071e-008	2.9109e-008	3.4842e-008	3.8915e-008	4.4659e-008	5.0058e-008	5.4597e-008	6.0841e-008	6.5682e-008	7.0186e-008	7.3968e-008	7.5853e-008	7.9347e-008	8.1649e-008	8.3818e-008	8.6254e-008	8.7388e-008	9.0433e-008	9.1425e-008	9.1356e-008	9.1754e-008	9.2694e-008	9.299e-008	9.2461e-008	9.1564e-008	9.0375e-008	8.8628e-008	8.7774e-008	8.673e-008	8.5637e-008	8.4716e-008	8.3178e-008	8.0345e-008	7.9714e-008	7.8308e-008	7.6071e-008	7.5047e-008	7.3473e-008	7.1159e-008	7.0149e-008	6.9189e-008	6.7257e-008	6.574e-008	6.367e-008	6.2314e-008	6.012e-008	5.8798e-008	5.5338e-008	5.4258e-008	5.3104e-008	5.2359e-008	5.1438e-008	5.024e-008	4.64e-008	4.4232e-008	4.218e-008	4.0822e-008	3.9329e-008	3.8473e-008	3.6796e-008	3.4972e-008	3.322e-008	3.1963e-008	2.9578e-008	2.8102e-008	2.6222e-008	2.3626e-008	2.1985e-008	2.0896e-008	1.9149e-008	1.7818e-008	1.592e-008	1.3609e-008	1.1969e-008	1.1009e-008	9.5263e-009	7.7695e-009	5.7212e-009	5.5798e-009	5.2192e-009	4.4774e-009	4.0419e-009	3.3571e-009	3.3567e-009	2.9391e-009	2.3831e-009	2.5309e-009	2.3228e-009	2.4849e-009	2.9627e-009	3.0807e-009	3.3364e-009	3.6838e-009	3.9504e-009	3.9752e-009	5.285e-009	6.2114e-009	8.0792e-009	1.1394e-008	1.4156e-008	1.6859e-008	2.1309e-008	2.5623e-008	3.0622e-008	3.5931e-008	4.2912e-008	4.8383e-008	5.489e-008	5.8136e-008	6.176e-008	6.42e-008	7.0277e-008	7.2563e-008	7.7616e-008	7.9611e-008	8.3793e-008	8.558e-008	8.6333e-008	8.7273e-008	8.8811e-008	8.929e-008	8.9786e-008	9.0024e-008	9.0827e-008	9.1815e-008	9.1943e-008	9.1222e-008	8.974e-008	8.9565e-008	8.7295e-008	8.5624e-008	8.3367e-008	8.1797e-008	8.0148e-008	8.0026e-008	7.9131e-008	7.6693e-008	7.6014e-008	7.4957e-008	7.3553e-008	7.2509e-008	7.0874e-008	6.9399e-008	6.6971e-008	6.5357e-008	6.4064e-008	6.2482e-008	6.0649e-008	5.9778e-008	5.8636e-008	5.6882e-008	5.5911e-008	5.4022e-008	5.1935e-008	4.9971e-008	4.9337e-008	4.6683e-008	4.4845e-008	4.3038e-008	4.1513e-008	4.054e-008	3.8754e-008	3.6939e-008	3.4445e-008	3.3577e-008	3.2022e-008	2.9626e-008	2.8445e-008	2.6891e-008	2.4377e-008	2.301e-008	2.1319e-008	1.9603e-008	1.8121e-008	1.6415e-008	1.3996e-008	1.2814e-008	1.1378e-008	9.9522e-009	8.5859e-009	7.3311e-009	6.2546e-009	5.6317e-009	5.714e-009	5.7022e-009	5.0121e-009	4.7325e-009	5.1012e-009	5.4537e-009	4.9988e-009	4.9498e-009	5.3162e-009	5.7746e-009	5.7514e-009	6.2011e-009	6.4214e-009	6.8835e-009	7.6259e-009	8.4275e-009	1.0725e-008	1.3334e-008	1.6644e-008	1.9608e-008	2.2864e-008	3.0032e-008	3.5296e-008	4.0755e-008	4.57e-008	5.0511e-008	5.5086e-008	6.2691e-008	6.8559e-008	7.1868e-008	7.5724e-008	7.941e-008	8.2065e-008	8.4798e-008	8.6743e-008	8.6708e-008	8.8034e-008	8.9396e-008	9.1037e-008	9.2104e-008	9.2664e-008	9.328e-008	9.4181e-008	9.2593e-008	9.1821e-008	9.0947e-008	8.9365e-008	8.8278e-008	8.7366e-008	8.6562e-008	8.5691e-008	8.5098e-008	8.2792e-008	8.0382e-008	7.9182e-008	7.9144e-008	7.6704e-008	7.4546e-008	7.3093e-008	7.1598e-008	7.0219e-008	6.8011e-008	6.6556e-008	6.5139e-008	6.4878e-008	6.4149e-008	6.1934e-008	6.0034e-008	5.8798e-008	5.6474e-008	5.3756e-008	5.1768e-008	5.0257e-008	4.8976e-008	4.7414e-008	4.6183e-008	4.4642e-008	4.3432e-008	4.1897e-008	3.9867e-008	3.8573e-008	3.6675e-008	3.5501e-008	3.3933e-008	3.1986e-008	3.1086e-008	2.8737e-008	2.7507e-008	2.6404e-008	2.4745e-008	2.3558e-008	2.2539e-008	2.1437e-008	1.9892e-008	1.8225e-008	1.7331e-008	1.5743e-008	1.4525e-008	1.3151e-008	1.187e-008	1.0903e-008	1.0421e-008	9.8619e-009	9.0262e-009	9.2851e-009	9.0097e-009	9.0096e-009	8.7304e-009	8.6725e-009	8.4021e-009	8.334e-009	8.4669e-009	8.974e-009	9.5818e-009	1.0197e-008	1.0826e-008	1.1663e-008	1.3025e-008	1.7134e-008	2.0179e-008	2.5079e-008	2.948e-008	3.2525e-008	3.6993e-008	4.0586e-008	4.7686e-008	5.335e-008	5.936e-008	6.4699e-008	6.765e-008	7.0191e-008	7.4212e-008	7.8567e-008	8.2716e-008	8.708e-008	8.979e-008	9.1406e-008	9.1927e-008	9.2768e-008	9.452e-008	9.513e-008	9.5957e-008	9.6078e-008	9.5978e-008	9.5443e-008	9.5793e-008	9.5906e-008	9.6026e-008	9.4541e-008	9.2916e-008	9.1826e-008	9.0364e-008	8.8743e-008	8.7653e-008	8.5816e-008	8.3296e-008	8.1377e-008	8.0217e-008	7.8673e-008	7.7147e-008	7.6272e-008	7.508e-008	7.4207e-008	7.2776e-008	7.0275e-008	6.8939e-008	6.7669e-008	6.6955e-008	6.472e-008	6.3597e-008	5.9799e-008	5.6877e-008	5.6185e-008	5.3923e-008	5.2134e-008	5.1312e-008	4.9601e-008	4.771e-008	4.4428e-008	4.3125e-008	4.1727e-008	4.0585e-008	3.9299e-008	3.7314e-008	3.5514e-008	3.3588e-008	3.209e-008	3.063e-008	2.8694e-008	2.6552e-008	2.4817e-008	2.3192e-008	2.1707e-008	2.0017e-008	1.8765e-008	1.7471e-008	1.5502e-008	1.4425e-008	1.2813e-008	1.22e-008	1.1461e-008	1.0849e-008	1.0533e-008	1.0662e-008	1.0812e-008	1.0477e-008	1.0111e-008	9.9792e-009	9.9191e-009	1.0143e-008	1.0545e-008	1.0957e-008	1.111e-008	1.1162e-008	1.1503e-008	1.2693e-008	1.4368e-008	1.6058e-008	1.7875e-008	2.1033e-008	2.2947e-008	2.6519e-008	2.9464e-008	3.3319e-008	3.8073e-008	4.2094e-008	4.6558e-008	5.2494e-008	5.749e-008	6.3527e-008	6.9692e-008	7.4482e-008	7.9942e-008	8.1929e-008	8.5501e-008	8.8742e-008	9.0178e-008	9.2237e-008	9.3777e-008	9.596e-008	9.7456e-008	9.8565e-008	9.9987e-008	1.0115e-007	1.0197e-007	1.0264e-007	1.0204e-007	1.0144e-007	9.9369e-008	9.8599e-008	9.6873e-008	9.5384e-008	9.4543e-008	9.2417e-008	9.1504e-008	9.0945e-008	9.0685e-008	8.9327e-008	8.8092e-008	8.6615e-008	8.4078e-008	8.2121e-008	8.1476e-008	8.0364e-008	7.8882e-008	7.7497e-008	7.6026e-008	7.2733e-008	7.1075e-008	6.9707e-008	6.8227e-008	6.5606e-008	6.5165e-008	6.4128e-008	6.263e-008	5.999e-008	5.8176e-008	5.6945e-008	5.3615e-008	5.1978e-008	4.9889e-008	4.9464e-008	4.8713e-008	4.7106e-008	4.3408e-008	4.1254e-008	3.951e-008	3.7775e-008	3.6558e-008	3.5122e-008	3.4305e-008	3.2265e-008	3.1153e-008	2.8785e-008	2.7023e-008	2.434e-008	2.3585e-008	2.1444e-008	1.9805e-008	1.7295e-008	1.5807e-008	1.5336e-008	1.4261e-008	1.318e-008	1.2546e-008	1.2525e-008	1.2893e-008	1.2706e-008	1.18e-008	1.2787e-008	1.3364e-008	1.297e-008	1.2688e-008	1.3139e-008	1.3775e-008	1.3913e-008	1.406e-008	1.5302e-008	1.5804e-008
2.1842e-009	2.255e-009	2.899e-009	3.4265e-009	4.5992e-009	6.0527e-009	8.2714e-009	1.129e-008	1.4052e-008	1.8741e-008	2.307e-008	2.8201e-008	3.4034e-008	3.9339e-008	4.5165e-008	5.0381e-008	5.6162e-008	6.1005e-008	6.4924e-008	6.894e-008	7.4339e-008	7.6517e-008	8.0359e-008	8.2327e-008	8.4147e-008	8.7014e-008	8.8193e-008	9.1248e-008	9.1946e-008	9.1626e-008	9.1789e-008	9.2859e-008	9.282e-008	9.2459e-008	9.1743e-008	9.0515e-008	8.8773e-008	8.7555e-008	8.6685e-008	8.5085e-008	8.4417e-008	8.2345e-008	8.0943e-008	8.0338e-008	7.811e-008	7.5941e-008	7.4886e-008	7.3356e-008	7.0998e-008	7.0483e-008	6.9673e-008	6.801e-008	6.6253e-008	6.355e-008	6.2416e-008	6.0206e-008	5.8902e-008	5.7005e-008	5.412e-008	5.2939e-008	5.247e-008	5.1252e-008	4.9775e-008	4.7651e-008	4.4321e-008	4.3216e-008	4.1909e-008	4.0045e-008	3.8605e-008	3.653e-008	3.4911e-008	3.3505e-008	3.1347e-008	2.8867e-008	2.7984e-008	2.6653e-008	2.452e-008	2.2598e-008	2.1756e-008	1.9393e-008	1.8137e-008	1.5398e-008	1.3952e-008	1.2113e-008	1.1089e-008	9.8718e-009	7.9843e-009	6.6824e-009	5.6023e-009	4.9091e-009	4.0548e-009	3.6306e-009	3.3217e-009	3.294e-009	2.5752e-009	2.2626e-009	2.3037e-009	2.1941e-009	2.6159e-009	2.7948e-009	2.7115e-009	3.0283e-009	3.3175e-009	4.0623e-009	3.9849e-009	5.5553e-009	6.6087e-009	9.1782e-009	1.2235e-008	1.4219e-008	1.8726e-008	2.1248e-008	2.6027e-008	3.0077e-008	3.6307e-008	4.2244e-008	4.8331e-008	5.4486e-008	5.8977e-008	6.2317e-008	6.6635e-008	7.0016e-008	7.2797e-008	7.7196e-008	8.0066e-008	8.4225e-008	8.5424e-008	8.6356e-008	8.7429e-008	8.9237e-008	8.9477e-008	8.9616e-008	8.9719e-008	9.0374e-008	9.1117e-008	9.1208e-008	9.069e-008	9.0112e-008	8.9686e-008	8.8203e-008	8.6169e-008	8.4122e-008	8.2155e-008	8.0176e-008	7.9473e-008	7.8503e-008	7.6741e-008	7.5866e-008	7.4952e-008	7.2443e-008	7.1771e-008	7.0664e-008	6.9167e-008	6.6286e-008	6.4955e-008	6.4326e-008	6.3003e-008	6.0952e-008	6.0006e-008	5.8722e-008	5.7609e-008	5.511e-008	5.3591e-008	5.1416e-008	4.9951e-008	4.8804e-008	4.6489e-008	4.5017e-008	4.3081e-008	4.1457e-008	4.0293e-008	3.8941e-008	3.7119e-008	3.4687e-008	3.3837e-008	3.2028e-008	2.9624e-008	2.8407e-008	2.6786e-008	2.4853e-008	2.317e-008	2.1305e-008	1.973e-008	1.7852e-008	1.6026e-008	1.4291e-008	1.3053e-008	1.1422e-008	1.0158e-008	8.8693e-009	7.2648e-009	6.3084e-009	5.5208e-009	5.1559e-009	5.1185e-009	4.985e-009	4.6285e-009	5.1234e-009	5.5666e-009	5.2122e-009	5.1359e-009	5.6215e-009	5.7162e-009	5.9268e-009	6.288e-009	6.6241e-009	7.0289e-009	7.8312e-009	9.2868e-009	1.2112e-008	1.4136e-008	1.7018e-008	1.9995e-008	2.5213e-008	2.9964e-008	3.556e-008	4.1709e-008	4.612e-008	5.1355e-008	5.6361e-008	6.2998e-008	6.8446e-008	7.2211e-008	7.5851e-008	7.8689e-008	8.1588e-008	8.4204e-008	8.6743e-008	8.7211e-008	8.8141e-008	8.9455e-008	9.1172e-008	9.2204e-008	9.4192e-008	9.5065e-008	9.5353e-008	9.3428e-008	9.2465e-008	9.0988e-008	8.9606e-008	8.8604e-008	8.8103e-008	8.7356e-008	8.6449e-008	8.5419e-008	8.3448e-008	8.0982e-008	7.8837e-008	7.7892e-008	7.68e-008	7.482e-008	7.3445e-008	7.216e-008	7.0424e-008	6.914e-008	6.6187e-008	6.6221e-008	6.5068e-008	6.4539e-008	6.3019e-008	6.0646e-008	5.8083e-008	5.6101e-008	5.3796e-008	5.1744e-008	5.0956e-008	4.9866e-008	4.7623e-008	4.6807e-008	4.544e-008	4.4154e-008	4.1039e-008	3.9874e-008	3.8215e-008	3.7186e-008	3.5381e-008	3.3805e-008	3.193e-008	3.0273e-008	2.8795e-008	2.7406e-008	2.6803e-008	2.4778e-008	2.3642e-008	2.288e-008	2.194e-008	2.031e-008	1.8766e-008	1.7705e-008	1.6245e-008	1.4553e-008	1.3718e-008	1.1838e-008	1.1476e-008	1.052e-008	9.8746e-009	9.3964e-009	9.4405e-009	9.4278e-009	9.015e-009	9.1989e-009	8.7356e-009	8.6125e-009	8.5027e-009	8.5067e-009	9.4525e-009	9.7013e-009	1.0573e-008	1.0872e-008	1.2103e-008	1.3824e-008	1.7264e-008	1.9857e-008	2.4044e-008	2.882e-008	3.309e-008	3.745e-008	4.1726e-008	4.8314e-008	5.3555e-008	5.9401e-008	6.4043e-008	6.8577e-008	7.0452e-008	7.5301e-008	7.9977e-008	8.3709e-008	8.6766e-008	8.9777e-008	9.1217e-008	9.1968e-008	9.2795e-008	9.3969e-008	9.4805e-008	9.5482e-008	9.6265e-008	9.5761e-008	9.4899e-008	9.5469e-008	9.6153e-008	9.594e-008	9.4724e-008	9.2808e-008	9.1851e-008	9.0953e-008	8.8533e-008	8.7266e-008	8.511e-008	8.385e-008	8.2205e-008	8.1355e-008	7.9728e-008	7.7975e-008	7.664e-008	7.5269e-008	7.4652e-008	7.3435e-008	7.1306e-008	6.96e-008	6.8053e-008	6.7146e-008	6.5239e-008	6.4032e-008	6.1443e-008	5.8457e-008	5.6845e-008	5.3823e-008	5.3386e-008	5.2424e-008	5.0561e-008	4.8275e-008	4.5164e-008	4.2783e-008	4.1837e-008	4.1113e-008	3.9672e-008	3.791e-008	3.6447e-008	3.4167e-008	3.2316e-008	3.085e-008	2.8335e-008	2.668e-008	2.5883e-008	2.4045e-008	2.2519e-008	2.0315e-008	1.9742e-008	1.795e-008	1.6161e-008	1.4206e-008	1.2865e-008	1.2038e-008	1.1379e-008	1.1105e-008	1.104e-008	1.0904e-008	1.1091e-008	1.0485e-008	1.0509e-008	9.8307e-009	9.835e-009	1.046e-008	1.106e-008	1.1253e-008	1.1393e-008	1.1316e-008	1.1834e-008	1.2747e-008	1.4473e-008	1.6386e-008	1.7957e-008	2.1407e-008	2.3619e-008	2.7163e-008	2.9828e-008	3.4351e-008	3.8908e-008	4.1925e-008	4.7355e-008	5.1863e-008	5.7673e-008	6.3213e-008	6.8254e-008	7.3006e-008	7.8634e-008	8.1406e-008	8.461e-008	8.7465e-008	8.9664e-008	9.1966e-008	9.4053e-008	9.6735e-008	9.7875e-008	9.9476e-008	1.0075e-007	1.0126e-007	1.0231e-007	1.0271e-007	1.0232e-007	1.0223e-007	1.0011e-007	9.923e-008	9.7971e-008	9.6801e-008	9.5182e-008	9.2799e-008	9.2122e-008	9.1879e-008	9.0941e-008	8.9944e-008	8.7741e-008	8.6138e-008	8.4376e-008	8.2452e-008	8.2059e-008	8.0069e-008	7.8852e-008	7.7595e-008	7.5619e-008	7.4065e-008	7.0509e-008	6.9083e-008	6.7298e-008	6.603e-008	6.502e-008	6.3912e-008	6.1712e-008	5.9887e-008	5.823e-008	5.6085e-008	5.2735e-008	5.1909e-008	5.057e-008	4.9397e-008	4.8234e-008	4.5749e-008	4.35e-008	4.1878e-008	3.9545e-008	3.8211e-008	3.7216e-008	3.546e-008	3.4362e-008	3.2653e-008	3.1626e-008	2.9125e-008	2.6918e-008	2.4759e-008	2.37e-008	2.1425e-008	1.9675e-008	1.8097e-008	1.6403e-008	1.5678e-008	1.4295e-008	1.3522e-008	1.2903e-008	1.2589e-008	1.2713e-008	1.2693e-008	1.2122e-008	1.2262e-008	1.2704e-008	1.2941e-008	1.2735e-008	1.2596e-008	1.3245e-008	1.3632e-008	1.4166e-008	1.5199e-008	1.538e-008
2.4061e-009	2.7043e-009	2.933e-009	3.7199e-009	4.2645e-009	6.5934e-009	8.3626e-009	1.0878e-008	1.4066e-008	1.8413e-008	2.3119e-008	2.7811e-008	3.2521e-008	3.7843e-008	4.3834e-008	5.0501e-008	5.6624e-008	6.0493e-008	6.4936e-008	6.9717e-008	7.4191e-008	7.628e-008	7.9627e-008	8.191e-008	8.4013e-008	8.6924e-008	8.749e-008	9.0596e-008	9.1616e-008	9.1572e-008	9.1778e-008	9.2518e-008	9.2798e-008	9.2459e-008	9.1494e-008	9.0266e-008	8.9398e-008	8.8258e-008	8.6227e-008	8.5047e-008	8.448e-008	8.3429e-008	8.1227e-008	8.0477e-008	7.8511e-008	7.6248e-008	7.4555e-008	7.3422e-008	7.1708e-008	7.0703e-008	6.9641e-008	6.7783e-008	6.7191e-008	6.398e-008	6.2333e-008	6.1148e-008	5.9618e-008	5.7734e-008	5.5296e-008	5.3081e-008	5.2447e-008	5.2003e-008	4.997e-008	4.8217e-008	4.5759e-008	4.3996e-008	4.239e-008	4.1276e-008	3.9557e-008	3.7552e-008	3.6043e-008	3.3612e-008	3.1576e-008	2.9673e-008	2.8166e-008	2.6908e-008	2.5761e-008	2.2942e-008	2.2198e-008	2.0723e-008	1.873e-008	1.7631e-008	1.5654e-008	1.3353e-008	1.198e-008	1.0313e-008	8.6976e-009	7.5904e-009	5.8831e-009	4.8948e-009	4.228e-009	3.6118e-009	3.4255e-009	3.2523e-009	2.8271e-009	2.2354e-009	2.3116e-009	2.3006e-009	2.6299e-009	2.7026e-009	2.6484e-009	3.4113e-009	3.6962e-009	4.1047e-009	4.7236e-009	5.4376e-009	7.2158e-009	9.83e-009	1.1425e-008	1.5203e-008	1.8707e-008	2.1796e-008	2.6211e-008	3.1374e-008	3.569e-008	4.125e-008	4.6117e-008	4.9958e-008	5.8191e-008	6.1515e-008	6.5802e-008	6.9581e-008	7.2892e-008	7.6746e-008	7.9444e-008	8.1647e-008	8.5436e-008	8.6047e-008	8.7733e-008	8.9211e-008	8.9731e-008	8.9904e-008	8.9717e-008	9.004e-008	9.0506e-008	9.0634e-008	9.0532e-008	9.0679e-008	9.0219e-008	8.859e-008	8.6934e-008	8.4635e-008	8.308e-008	8.1032e-008	7.8611e-008	7.7503e-008	7.6637e-008	7.5749e-008	7.5441e-008	7.1654e-008	7.1276e-008	7.0645e-008	6.8986e-008	6.6307e-008	6.5337e-008	6.4686e-008	6.3366e-008	6.1799e-008	6.0352e-008	5.8468e-008	5.7884e-008	5.5278e-008	5.3142e-008	5.1613e-008	4.9887e-008	4.8818e-008	4.6426e-008	4.4877e-008	4.339e-008	4.2307e-008	4.0453e-008	3.9243e-008	3.7689e-008	3.5453e-008	3.4246e-008	3.294e-008	3.084e-008	2.9124e-008	2.7507e-008	2.5036e-008	2.3097e-008	2.1619e-008	1.9673e-008	1.849e-008	1.6461e-008	1.4894e-008	1.3203e-008	1.187e-008	1.0189e-008	8.5755e-009	7.6599e-009	6.5944e-009	5.4416e-009	5.1527e-009	5.1503e-009	5.1972e-009	5.1266e-009	5.1706e-009	5.4734e-009	5.4045e-009	5.2649e-009	5.524e-009	5.7521e-009	5.937e-009	6.3622e-009	6.7075e-009	7.1473e-009	8.411e-009	9.9743e-009	1.2607e-008	1.4128e-008	1.8508e-008	2.1232e-008	2.5327e-008	3.0103e-008	3.3911e-008	4.0098e-008	4.5218e-008	5.0812e-008	5.647e-008	6.1523e-008	6.8045e-008	7.3128e-008	7.5851e-008	7.7906e-008	8.1692e-008	8.377e-008	8.6309e-008	8.7279e-008	8.8315e-008	8.9581e-008	9.1336e-008	9.2876e-008	9.5282e-008	9.5632e-008	9.591e-008	9.4326e-008	9.2712e-008	9.1386e-008	8.9973e-008	8.9114e-008	8.8192e-008	8.746e-008	8.6706e-008	8.5671e-008	8.3753e-008	8.1281e-008	7.9123e-008	7.8e-008	7.6818e-008	7.591e-008	7.3606e-008	7.3012e-008	7.2193e-008	7.1451e-008	6.991e-008	6.7359e-008	6.6038e-008	6.4532e-008	6.3374e-008	6.0967e-008	5.8576e-008	5.6923e-008	5.5388e-008	5.422e-008	5.1771e-008	5.0757e-008	4.8282e-008	4.7316e-008	4.5912e-008	4.4965e-008	4.2286e-008	4.0707e-008	3.8767e-008	3.7426e-008	3.5238e-008	3.3649e-008	3.1761e-008	3.0432e-008	2.8715e-008	2.7616e-008	2.6485e-008	2.5136e-008	2.3898e-008	2.3279e-008	2.219e-008	2.0503e-008	1.9238e-008	1.7876e-008	1.6431e-008	1.5143e-008	1.4348e-008	1.2589e-008	1.1661e-008	1.0997e-008	1.0328e-008	9.7448e-009	9.6966e-009	9.6423e-009	9.6519e-009	9.412e-009	8.6487e-009	8.9883e-009	8.7665e-009	8.327e-009	9.22e-009	9.4545e-009	1.0212e-008	1.0931e-008	1.2309e-008	1.3974e-008	1.7043e-008	2.0427e-008	2.3355e-008	2.7149e-008	3.2993e-008	3.7254e-008	4.1833e-008	4.7271e-008	5.2956e-008	5.9595e-008	6.4767e-008	6.8756e-008	7.1264e-008	7.4698e-008	7.8152e-008	8.292e-008	8.5811e-008	8.8987e-008	9.0888e-008	9.1603e-008	9.275e-008	9.3919e-008	9.4933e-008	9.5565e-008	9.5745e-008	9.6284e-008	9.5975e-008	9.5998e-008	9.6571e-008	9.6561e-008	9.5953e-008	9.3919e-008	9.2663e-008	9.0807e-008	8.8535e-008	8.7057e-008	8.6244e-008	8.4348e-008	8.32e-008	8.2087e-008	8.0344e-008	7.8699e-008	7.6896e-008	7.5764e-008	7.4765e-008	7.3496e-008	7.1787e-008	7.014e-008	6.8379e-008	6.6997e-008	6.509e-008	6.4536e-008	6.2402e-008	5.9702e-008	5.8787e-008	5.6649e-008	5.3572e-008	5.228e-008	5.0879e-008	4.7856e-008	4.6733e-008	4.4184e-008	4.2536e-008	4.077e-008	3.9529e-008	3.8512e-008	3.6724e-008	3.4108e-008	3.2408e-008	3.0589e-008	2.8284e-008	2.7819e-008	2.6787e-008	2.4585e-008	2.3294e-008	2.1083e-008	1.998e-008	1.7682e-008	1.6007e-008	1.4225e-008	1.2442e-008	1.1806e-008	1.142e-008	1.0914e-008	1.1063e-008	1.0948e-008	1.0871e-008	1.055e-008	1.0293e-008	9.7546e-009	9.9478e-009	1.0268e-008	1.0966e-008	1.1065e-008	1.1533e-008	1.138e-008	1.1817e-008	1.3028e-008	1.4281e-008	1.627e-008	1.8721e-008	2.1142e-008	2.3693e-008	2.6716e-008	2.9851e-008	3.5494e-008	3.815e-008	4.3038e-008	4.7262e-008	5.3011e-008	5.8095e-008	6.2179e-008	6.6398e-008	7.2002e-008	7.7977e-008	8.0253e-008	8.4179e-008	8.7174e-008	8.8698e-008	9.1292e-008	9.4195e-008	9.6096e-008	9.8191e-008	9.9421e-008	1.0045e-007	1.0113e-007	1.023e-007	1.0252e-007	1.0245e-007	1.0232e-007	1.0053e-007	9.9325e-008	9.8409e-008	9.7149e-008	9.5602e-008	9.3722e-008	9.2436e-008	9.2029e-008	9.019e-008	8.9158e-008	8.6683e-008	8.5578e-008	8.4663e-008	8.3125e-008	8.1952e-008	7.9275e-008	7.8484e-008	7.7494e-008	7.5437e-008	7.3992e-008	7.1193e-008	6.9553e-008	6.7826e-008	6.5802e-008	6.5072e-008	6.38e-008	6.1702e-008	5.9598e-008	5.8353e-008	5.6937e-008	5.3958e-008	5.2038e-008	5.0815e-008	4.9641e-008	4.8449e-008	4.6165e-008	4.4061e-008	4.2086e-008	3.9672e-008	3.8284e-008	3.7308e-008	3.5121e-008	3.4167e-008	3.2754e-008	3.0987e-008	2.8946e-008	2.6898e-008	2.4689e-008	2.3614e-008	2.1634e-008	1.9878e-008	1.8689e-008	1.6446e-008	1.562e-008	1.4307e-008	1.3466e-008	1.2897e-008	1.2524e-008	1.2878e-008	1.2895e-008	1.259e-008	1.2189e-008	1.2389e-008	1.2716e-008	1.2723e-008	1.2726e-008	1.2871e-008	1.3146e-008	1.3881e-008	1.481e-008	1.5672e-008
2.4304e-009	2.8545e-009	2.8588e-009	3.531e-009	4.8761e-009	6.795e-009	8.833e-009	1.159e-008	1.4366e-008	1.7715e-008	2.3119e-008	2.8297e-008	3.3366e-008	3.7447e-008	4.2854e-008	4.9567e-008	5.6481e-008	5.9982e-008	6.4404e-008	6.9129e-008	7.3663e-008	7.6151e-008	7.971e-008	8.2278e-008	8.3785e-008	8.6481e-008	8.8121e-008	8.9946e-008	9.1179e-008	9.174e-008	9.2744e-008	9.2608e-008	9.2709e-008	9.2476e-008	9.1639e-008	9.0573e-008	8.9483e-008	8.8674e-008	8.7228e-008	8.5522e-008	8.4789e-008	8.3869e-008	8.1714e-008	8.0281e-008	7.8373e-008	7.6882e-008	7.4885e-008	7.3561e-008	7.206e-008	7.0728e-008	6.9475e-008	6.8277e-008	6.627e-008	6.5066e-008	6.2481e-008	6.1058e-008	5.9123e-008	5.7826e-008	5.5638e-008	5.3788e-008	5.2761e-008	5.1769e-008	5.0448e-008	4.7973e-008	4.6366e-008	4.4434e-008	4.2778e-008	4.1547e-008	3.9695e-008	3.7839e-008	3.5411e-008	3.3869e-008	3.1965e-008	3.0149e-008	2.8943e-008	2.6807e-008	2.5619e-008	2.4259e-008	2.2298e-008	2.0814e-008	1.9072e-008	1.7568e-008	1.631e-008	1.4354e-008	1.349e-008	1.1725e-008	9.9035e-009	7.9877e-009	6.2646e-009	5.428e-009	4.4111e-009	3.9948e-009	3.4056e-009	3.354e-009	2.7719e-009	2.3641e-009	2.5062e-009	2.2814e-009	2.5693e-009	2.7127e-009	3.0275e-009	3.7237e-009	4.1344e-009	4.1103e-009	4.8373e-009	5.9324e-009	7.3612e-009	9.6248e-009	1.2316e-008	1.5087e-008	1.787e-008	2.1916e-008	2.7507e-008	3.1179e-008	3.6157e-008	4.0243e-008	4.7754e-008	5.0858e-008	5.6329e-008	6.0414e-008	6.4525e-008	6.8323e-008	7.2946e-008	7.5191e-008	7.9044e-008	8.1592e-008	8.4424e-008	8.6044e-008	8.7393e-008	8.8905e-008	9.0123e-008	8.977e-008	8.9368e-008	8.9493e-008	8.9834e-008	9.0105e-008	9.06e-008	9.0754e-008	9.0228e-008	8.8337e-008	8.6952e-008	8.4632e-008	8.2582e-008	8.109e-008	7.8259e-008	7.6689e-008	7.6294e-008	7.5308e-008	7.2782e-008	7.1088e-008	7.048e-008	6.9633e-008	6.7631e-008	6.6087e-008	6.4438e-008	6.452e-008	6.2828e-008	6.1459e-008	6.0185e-008	5.8238e-008	5.7841e-008	5.5234e-008	5.3261e-008	5.1245e-008	5.0579e-008	4.8583e-008	4.6562e-008	4.5571e-008	4.3465e-008	4.2199e-008	4.0308e-008	3.9636e-008	3.7918e-008	3.6079e-008	3.4282e-008	3.2735e-008	3.0226e-008	2.8972e-008	2.753e-008	2.5505e-008	2.3562e-008	2.1236e-008	1.9878e-008	1.8052e-008	1.6755e-008	1.5215e-008	1.3457e-008	1.1652e-008	1.0279e-008	9.0182e-009	7.7124e-009	6.6889e-009	5.7359e-009	5.5257e-009	5.2881e-009	5.2525e-009	5.2284e-009	5.4107e-009	5.4659e-009	5.2735e-009	4.956e-009	5.1423e-009	5.5092e-009	6.1009e-009	6.5286e-009	7.1442e-009	7.628e-009	9.0892e-009	1.062e-008	1.3492e-008	1.6175e-008	2.0295e-008	2.3159e-008	2.6321e-008	3.0676e-008	3.6149e-008	4.1261e-008	4.6227e-008	5.1252e-008	5.5761e-008	6.3152e-008	6.6648e-008	7.2354e-008	7.5817e-008	7.9123e-008	8.1604e-008	8.3564e-008	8.5785e-008	8.704e-008	8.8304e-008	8.9378e-008	9.149e-008	9.351e-008	9.5709e-008	9.5972e-008	9.563e-008	9.4082e-008	9.2777e-008	9.149e-008	8.9867e-008	8.9254e-008	8.9189e-008	8.7464e-008	8.6598e-008	8.5329e-008	8.3585e-008	8.2213e-008	7.9569e-008	7.7826e-008	7.7062e-008	7.6123e-008	7.4956e-008	7.3808e-008	7.2883e-008	7.189e-008	7.0413e-008	6.719e-008	6.5973e-008	6.452e-008	6.3918e-008	6.1428e-008	5.9597e-008	5.7376e-008	5.5842e-008	5.4204e-008	5.2556e-008	5.1245e-008	4.9088e-008	4.7921e-008	4.5969e-008	4.5163e-008	4.1432e-008	4.0667e-008	3.9059e-008	3.7613e-008	3.5254e-008	3.3774e-008	3.1978e-008	3.0341e-008	2.8766e-008	2.797e-008	2.6222e-008	2.52e-008	2.4436e-008	2.3375e-008	2.2346e-008	2.0544e-008	1.9289e-008	1.7435e-008	1.6741e-008	1.5841e-008	1.446e-008	1.3206e-008	1.1833e-008	1.1202e-008	1.06e-008	1.0136e-008	1.0183e-008	1.0372e-008	9.8674e-009	9.1095e-009	8.5692e-009	8.6882e-009	8.9393e-009	8.4919e-009	9.0082e-009	9.1624e-009	1.0208e-008	1.116e-008	1.2704e-008	1.4778e-008	1.7677e-008	2.0583e-008	2.4026e-008	2.7435e-008	3.1457e-008	3.5325e-008	4.1191e-008	4.6659e-008	5.2115e-008	5.8764e-008	6.4846e-008	6.8466e-008	7.0815e-008	7.4434e-008	7.7577e-008	8.1289e-008	8.6626e-008	8.8824e-008	9.0527e-008	9.1759e-008	9.2949e-008	9.4006e-008	9.536e-008	9.5655e-008	9.5999e-008	9.6721e-008	9.7092e-008	9.7056e-008	9.7003e-008	9.7247e-008	9.6938e-008	9.5162e-008	9.2762e-008	9.1306e-008	8.9935e-008	8.7487e-008	8.6572e-008	8.5745e-008	8.412e-008	8.3254e-008	8.0607e-008	7.9743e-008	7.6481e-008	7.5389e-008	7.4342e-008	7.3194e-008	7.1924e-008	6.9717e-008	6.8324e-008	6.6978e-008	6.5892e-008	6.4596e-008	6.1929e-008	6.0378e-008	5.874e-008	5.6977e-008	5.4291e-008	5.2679e-008	5.1002e-008	4.7852e-008	4.6312e-008	4.4707e-008	4.3167e-008	4.1138e-008	3.9973e-008	3.8132e-008	3.7017e-008	3.4751e-008	3.2354e-008	3.0698e-008	2.9084e-008	2.7971e-008	2.6788e-008	2.5064e-008	2.3299e-008	2.0843e-008	1.9569e-008	1.7446e-008	1.5394e-008	1.4717e-008	1.2872e-008	1.1955e-008	1.1409e-008	1.1304e-008	1.0958e-008	1.0789e-008	1.0534e-008	1.058e-008	1.0686e-008	1.0072e-008	1.0319e-008	1.0327e-008	1.0656e-008	1.1036e-008	1.1431e-008	1.1546e-008	1.1792e-008	1.299e-008	1.4312e-008	1.6345e-008	1.8622e-008	2.1003e-008	2.3403e-008	2.5834e-008	2.9163e-008	3.4534e-008	3.7864e-008	4.3064e-008	4.7017e-008	5.3736e-008	5.8342e-008	6.1915e-008	6.7475e-008	7.1653e-008	7.671e-008	8.0675e-008	8.4684e-008	8.7308e-008	8.8739e-008	9.1455e-008	9.4133e-008	9.6232e-008	9.7455e-008	9.9368e-008	1.0058e-007	1.011e-007	1.0216e-007	1.0252e-007	1.0219e-007	1.021e-007	1.0036e-007	9.9284e-008	9.8613e-008	9.7719e-008	9.6864e-008	9.4622e-008	9.295e-008	9.2063e-008	9.0256e-008	8.9077e-008	8.7156e-008	8.6138e-008	8.5226e-008	8.2735e-008	8.1852e-008	7.9424e-008	7.8756e-008	7.7608e-008	7.5798e-008	7.5066e-008	7.0907e-008	6.9964e-008	6.7563e-008	6.6303e-008	6.5065e-008	6.3618e-008	6.1866e-008	5.9831e-008	5.836e-008	5.7094e-008	5.5324e-008	5.3057e-008	5.0656e-008	4.9916e-008	4.8133e-008	4.6556e-008	4.4187e-008	4.2326e-008	4.0539e-008	3.8501e-008	3.7617e-008	3.542e-008	3.4588e-008	3.2988e-008	3.15e-008	2.9488e-008	2.69e-008	2.5372e-008	2.3863e-008	2.2268e-008	2.0445e-008	1.8842e-008	1.7713e-008	1.5779e-008	1.4525e-008	1.4008e-008	1.3321e-008	1.2992e-008	1.2609e-008	1.3153e-008	1.2851e-008	1.228e-008	1.2549e-008	1.2856e-008	1.3075e-008	1.2967e-008	1.3157e-008	1.357e-008	1.3717e-008	1.4632e-008	1.5609e-008
2.6639e-009	3.1086e-009	3.035e-009	3.7116e-009	5.0787e-009	6.8733e-009	9.2766e-009	1.2093e-008	1.4789e-008	1.7035e-008	2.326e-008	2.8995e-008	3.4225e-008	3.9661e-008	4.4119e-008	4.9572e-008	5.6123e-008	6.0518e-008	6.4791e-008	6.9151e-008	7.3367e-008	7.6534e-008	7.8895e-008	8.176e-008	8.3504e-008	8.5869e-008	8.8673e-008	9.009e-008	9.1142e-008	9.2557e-008	9.349e-008	9.3215e-008	9.3118e-008	9.296e-008	9.2205e-008	9.1094e-008	8.9659e-008	8.9132e-008	8.7367e-008	8.5852e-008	8.4891e-008	8.4421e-008	8.1906e-008	8.0366e-008	7.8452e-008	7.6423e-008	7.466e-008	7.399e-008	7.1566e-008	7.0253e-008	6.8571e-008	6.8005e-008	6.6109e-008	6.5038e-008	6.2698e-008	6.1278e-008	5.9365e-008	5.785e-008	5.6562e-008	5.4577e-008	5.2514e-008	5.126e-008	4.9662e-008	4.8436e-008	4.7307e-008	4.5064e-008	4.2755e-008	4.1198e-008	3.9535e-008	3.7894e-008	3.5963e-008	3.3857e-008	3.1946e-008	3.0561e-008	2.8992e-008	2.6823e-008	2.5937e-008	2.3675e-008	2.2757e-008	2.0662e-008	1.9381e-008	1.8246e-008	1.696e-008	1.4613e-008	1.3419e-008	1.192e-008	1.0554e-008	8.8198e-009	6.6729e-009	5.7903e-009	5.3218e-009	4.0666e-009	3.3983e-009	3.1061e-009	3.0124e-009	2.5197e-009	2.7769e-009	2.2585e-009	1.99e-009	2.4838e-009	3.1337e-009	3.8349e-009	3.9805e-009	4.4516e-009	4.8421e-009	6.0672e-009	8.1284e-009	1.0342e-008	1.3689e-008	1.619e-008	1.8957e-008	2.3503e-008	2.7333e-008	3.1586e-008	3.6365e-008	4.0191e-008	4.6367e-008	5.1811e-008	5.6177e-008	6.0888e-008	6.5674e-008	6.9188e-008	7.3044e-008	7.6562e-008	8.0323e-008	8.2625e-008	8.4759e-008	8.6324e-008	8.7532e-008	8.8555e-008	8.998e-008	8.9474e-008	8.9709e-008	9.0116e-008	9e-008	9.0558e-008	9.0606e-008	9.061e-008	8.9676e-008	8.7945e-008	8.6709e-008	8.3434e-008	8.1728e-008	8.0284e-008	7.811e-008	7.6384e-008	7.6032e-008	7.3394e-008	7.1765e-008	7.092e-008	7.0097e-008	6.7984e-008	6.646e-008	6.4701e-008	6.3431e-008	6.2962e-008	6.1595e-008	5.9881e-008	5.946e-008	5.86e-008	5.7282e-008	5.5725e-008	5.4308e-008	5.1768e-008	5.0527e-008	4.8592e-008	4.6705e-008	4.5126e-008	4.3556e-008	4.1881e-008	4.0595e-008	3.953e-008	3.7385e-008	3.6049e-008	3.3874e-008	3.2896e-008	3.0762e-008	2.9082e-008	2.7068e-008	2.5308e-008	2.4269e-008	2.2075e-008	1.9682e-008	1.8363e-008	1.6854e-008	1.5611e-008	1.3447e-008	1.205e-008	1.0392e-008	8.414e-009	7.2602e-009	6.4786e-009	5.656e-009	5.5205e-009	5.2342e-009	5.2062e-009	5.1992e-009	5.2629e-009	5.3668e-009	5.1975e-009	5.0626e-009	5.214e-009	5.7892e-009	6.0755e-009	6.7825e-009	7.958e-009	8.466e-009	9.7435e-009	1.1873e-008	1.5153e-008	1.7264e-008	2.1559e-008	2.4358e-008	2.7948e-008	3.261e-008	3.7715e-008	4.1356e-008	4.7617e-008	5.1765e-008	5.8147e-008	6.2691e-008	6.9281e-008	7.1891e-008	7.6054e-008	7.8865e-008	8.227e-008	8.4763e-008	8.6065e-008	8.7155e-008	8.8351e-008	9.0237e-008	9.1616e-008	9.4517e-008	9.5795e-008	9.5675e-008	9.5263e-008	9.3658e-008	9.2306e-008	9.1175e-008	8.9547e-008	8.8889e-008	8.8742e-008	8.6843e-008	8.6182e-008	8.4336e-008	8.2789e-008	8.1526e-008	7.9451e-008	7.797e-008	7.7285e-008	7.5975e-008	7.4645e-008	7.3663e-008	7.238e-008	7.156e-008	6.9393e-008	6.6371e-008	6.5668e-008	6.4404e-008	6.3057e-008	6.0946e-008	5.804e-008	5.7355e-008	5.5665e-008	5.4654e-008	5.2431e-008	5.172e-008	4.915e-008	4.7061e-008	4.4966e-008	4.4188e-008	4.2744e-008	4.1093e-008	3.9429e-008	3.7831e-008	3.4661e-008	3.3636e-008	3.205e-008	3.0409e-008	2.8772e-008	2.7929e-008	2.677e-008	2.5609e-008	2.4669e-008	2.3365e-008	2.2138e-008	2.0705e-008	1.9438e-008	1.8159e-008	1.6955e-008	1.5862e-008	1.4782e-008	1.3682e-008	1.2626e-008	1.1638e-008	1.0794e-008	1.0466e-008	1.0157e-008	1.008e-008	9.7793e-009	8.9866e-009	8.7578e-009	8.4987e-009	8.5753e-009	8.7505e-009	8.8943e-009	9.42e-009	1.0333e-008	1.115e-008	1.2462e-008	1.4473e-008	1.7105e-008	2.0175e-008	2.426e-008	2.7675e-008	3.1806e-008	3.6134e-008	4.0279e-008	4.5401e-008	5.2381e-008	6.0018e-008	6.4946e-008	6.793e-008	7.1297e-008	7.4623e-008	7.7863e-008	8.0533e-008	8.4462e-008	8.86e-008	8.971e-008	9.1553e-008	9.3188e-008	9.4124e-008	9.5219e-008	9.5569e-008	9.5659e-008	9.6577e-008	9.7666e-008	9.7859e-008	9.7555e-008	9.7436e-008	9.7183e-008	9.6184e-008	9.3377e-008	9.1814e-008	9.0098e-008	8.796e-008	8.7284e-008	8.6369e-008	8.4997e-008	8.3909e-008	8.1026e-008	7.9447e-008	7.687e-008	7.5121e-008	7.403e-008	7.3312e-008	7.2131e-008	6.9906e-008	6.7775e-008	6.707e-008	6.6154e-008	6.4079e-008	6.1495e-008	6.0262e-008	5.9058e-008	5.7533e-008	5.4755e-008	5.3008e-008	5.1344e-008	4.7783e-008	4.6491e-008	4.5013e-008	4.3508e-008	4.1882e-008	3.921e-008	3.7599e-008	3.6576e-008	3.4828e-008	3.1778e-008	3.0322e-008	2.8738e-008	2.819e-008	2.6818e-008	2.4704e-008	2.2841e-008	2.0375e-008	1.9352e-008	1.791e-008	1.5613e-008	1.421e-008	1.2868e-008	1.1577e-008	1.0981e-008	1.1005e-008	1.0758e-008	9.9465e-009	9.893e-009	1.0111e-008	1.0122e-008	9.842e-009	1.0054e-008	1.0169e-008	1.0138e-008	1.0726e-008	1.1094e-008	1.1372e-008	1.1782e-008	1.2655e-008	1.4193e-008	1.6147e-008	1.8431e-008	2.0731e-008	2.2829e-008	2.4631e-008	2.863e-008	3.1809e-008	3.7522e-008	4.2106e-008	4.736e-008	5.2955e-008	5.8344e-008	6.1829e-008	6.6412e-008	7.1514e-008	7.6322e-008	8.0286e-008	8.465e-008	8.7458e-008	8.9046e-008	9.1356e-008	9.3215e-008	9.5459e-008	9.6993e-008	9.8251e-008	1.0025e-007	1.0076e-007	1.0116e-007	1.0187e-007	1.015e-007	1.0144e-007	1.0018e-007	9.852e-008	9.8172e-008	9.7198e-008	9.634e-008	9.4766e-008	9.326e-008	9.1863e-008	9.0033e-008	8.8836e-008	8.6808e-008	8.6039e-008	8.5286e-008	8.2856e-008	8.1204e-008	7.9651e-008	7.8476e-008	7.7745e-008	7.5667e-008	7.4944e-008	7.1633e-008	6.9662e-008	6.8756e-008	6.6464e-008	6.5037e-008	6.3341e-008	6.1511e-008	5.9588e-008	5.8143e-008	5.6368e-008	5.3969e-008	5.3288e-008	5.1678e-008	4.9974e-008	4.8605e-008	4.6031e-008	4.4e-008	4.1514e-008	3.9509e-008	3.8462e-008	3.7064e-008	3.5609e-008	3.4084e-008	3.2523e-008	3.0567e-008	2.8725e-008	2.7298e-008	2.5441e-008	2.3646e-008	2.2241e-008	2.0908e-008	1.921e-008	1.7749e-008	1.6068e-008	1.5018e-008	1.3898e-008	1.3204e-008	1.2771e-008	1.2215e-008	1.2357e-008	1.2233e-008	1.1915e-008	1.2067e-008	1.2474e-008	1.2697e-008	1.247e-008	1.2757e-008	1.3174e-008	1.3464e-008	1.4534e-008	1.5757e-008
1.7869e-009	2.6516e-009	2.8459e-009	3.8677e-009	4.7175e-009	6.3744e-009	9.077e-009	1.1419e-008	1.4482e-008	1.778e-008	2.2099e-008	2.8332e-008	3.4233e-008	3.8702e-008	4.3109e-008	4.866e-008	5.4494e-008	5.8879e-008	6.3536e-008	6.8464e-008	7.2537e-008	7.5535e-008	7.7956e-008	8.0541e-008	8.1785e-008	8.5953e-008	8.7918e-008	8.98e-008	9.1306e-008	9.2341e-008	9.3137e-008	9.2993e-008	9.2705e-008	9.2787e-008	9.191e-008	9.0935e-008	8.9547e-008	8.8837e-008	8.7565e-008	8.6057e-008	8.4273e-008	8.4489e-008	8.1024e-008	7.9536e-008	7.8258e-008	7.7068e-008	7.4893e-008	7.3136e-008	7.1587e-008	7.0126e-008	6.7741e-008	6.7641e-008	6.5448e-008	6.4337e-008	6.172e-008	6.0487e-008	5.8977e-008	5.7453e-008	5.5722e-008	5.408e-008	5.2538e-008	5.043e-008	4.9321e-008	4.8257e-008	4.6577e-008	4.444e-008	4.2576e-008	4.0378e-008	3.8724e-008	3.7607e-008	3.5652e-008	3.4075e-008	3.1693e-008	3.0871e-008	2.9088e-008	2.7715e-008	2.5972e-008	2.4186e-008	2.2356e-008	2.0821e-008	1.9709e-008	1.8225e-008	1.6847e-008	1.4938e-008	1.3313e-008	1.2282e-008	1.051e-008	9.0384e-009	7.3339e-009	6.1352e-009	5.1853e-009	4.1904e-009	3.0063e-009	3.0401e-009	2.5166e-009	2.0278e-009	1.9657e-009	2.0381e-009	1.8393e-009	1.9818e-009	2.4679e-009	2.7662e-009	3.0133e-009	3.5291e-009	4.835e-009	6.2129e-009	8.2043e-009	1.021e-008	1.2732e-008	1.6089e-008	1.8245e-008	2.3405e-008	2.731e-008	3.2094e-008	3.6023e-008	3.998e-008	4.5141e-008	5.0975e-008	5.6501e-008	6.1693e-008	6.4854e-008	6.9115e-008	7.2591e-008	7.7141e-008	8.0252e-008	8.2188e-008	8.3745e-008	8.5116e-008	8.6584e-008	8.7577e-008	8.8924e-008	8.9023e-008	8.9094e-008	9.0044e-008	9.0294e-008	9.036e-008	9.0133e-008	8.9793e-008	8.9389e-008	8.7384e-008	8.5105e-008	8.3816e-008	8.1505e-008	7.9827e-008	7.7904e-008	7.6128e-008	7.5375e-008	7.3895e-008	7.1464e-008	7.0432e-008	6.9702e-008	6.7774e-008	6.6133e-008	6.431e-008	6.3096e-008	6.2439e-008	6.0801e-008	5.9597e-008	5.8711e-008	5.734e-008	5.6477e-008	5.5268e-008	5.4332e-008	5.2503e-008	5.0621e-008	4.7073e-008	4.6157e-008	4.4921e-008	4.3527e-008	4.2317e-008	4.1418e-008	3.9814e-008	3.8041e-008	3.5806e-008	3.3638e-008	3.2351e-008	2.9754e-008	2.8728e-008	2.7382e-008	2.54e-008	2.4e-008	2.2045e-008	2.0259e-008	1.8701e-008	1.6387e-008	1.5085e-008	1.3623e-008	1.2089e-008	1.0339e-008	9.5817e-009	7.3715e-009	6.299e-009	5.6468e-009	5.2839e-009	5.3349e-009	5.0715e-009	4.5091e-009	4.5426e-009	4.6208e-009	4.9029e-009	4.6864e-009	5.0841e-009	5.7003e-009	6.224e-009	6.691e-009	7.6438e-009	8.6672e-009	1.0348e-008	1.1897e-008	1.4645e-008	1.6748e-008	2.1286e-008	2.367e-008	2.7507e-008	3.2581e-008	3.772e-008	4.2638e-008	4.7713e-008	5.1491e-008	5.8588e-008	6.3419e-008	6.8937e-008	7.1964e-008	7.637e-008	7.8718e-008	8.2075e-008	8.4511e-008	8.6087e-008	8.681e-008	8.8187e-008	8.9825e-008	9.1638e-008	9.3538e-008	9.5174e-008	9.5217e-008	9.4796e-008	9.4184e-008	9.2758e-008	9.0789e-008	8.9354e-008	8.8223e-008	8.791e-008	8.7026e-008	8.5075e-008	8.3755e-008	8.2536e-008	8.0887e-008	7.9684e-008	7.8517e-008	7.6311e-008	7.5797e-008	7.4709e-008	7.3651e-008	7.1579e-008	7.0863e-008	6.9954e-008	6.7651e-008	6.5569e-008	6.3573e-008	6.1689e-008	6.1248e-008	5.8107e-008	5.7309e-008	5.5446e-008	5.4417e-008	5.2911e-008	5.1381e-008	4.9006e-008	4.6587e-008	4.552e-008	4.3095e-008	4.2146e-008	4.1073e-008	3.9152e-008	3.8264e-008	3.5681e-008	3.4389e-008	3.2063e-008	2.9611e-008	2.9077e-008	2.8121e-008	2.6446e-008	2.5231e-008	2.4283e-008	2.327e-008	2.2019e-008	2.0519e-008	1.9253e-008	1.7559e-008	1.7056e-008	1.6456e-008	1.5048e-008	1.3746e-008	1.2944e-008	1.2077e-008	1.1162e-008	1.0019e-008	9.8056e-009	9.7675e-009	9.2051e-009	8.853e-009	8.4769e-009	7.9718e-009	8.1549e-009	8.9123e-009	8.9726e-009	9.297e-009	1.0007e-008	1.0647e-008	1.2616e-008	1.4112e-008	1.6566e-008	1.9796e-008	2.3394e-008	2.6465e-008	3.3153e-008	3.7161e-008	4.0082e-008	4.4313e-008	5.1784e-008	5.9188e-008	6.3593e-008	6.8524e-008	7.0717e-008	7.4614e-008	7.7918e-008	8.2109e-008	8.4613e-008	8.7384e-008	8.9307e-008	9.1161e-008	9.2926e-008	9.3973e-008	9.4923e-008	9.5605e-008	9.6221e-008	9.6837e-008	9.7795e-008	9.8232e-008	9.7998e-008	9.734e-008	9.6861e-008	9.6263e-008	9.4916e-008	9.3614e-008	9.0589e-008	8.7887e-008	8.7514e-008	8.6678e-008	8.5626e-008	8.4156e-008	8.2707e-008	7.9467e-008	7.6427e-008	7.5265e-008	7.3672e-008	7.2686e-008	7.1597e-008	7.0379e-008	6.8312e-008	6.7044e-008	6.6339e-008	6.44e-008	6.1314e-008	6.0373e-008	5.9481e-008	5.6935e-008	5.5195e-008	5.3429e-008	5.142e-008	4.8506e-008	4.6417e-008	4.5073e-008	4.3961e-008	4.2145e-008	3.946e-008	3.7389e-008	3.6032e-008	3.4018e-008	3.1091e-008	3.029e-008	2.8829e-008	2.8229e-008	2.6207e-008	2.4576e-008	2.252e-008	2.0262e-008	1.8621e-008	1.7318e-008	1.5564e-008	1.3899e-008	1.2822e-008	1.1837e-008	1.1098e-008	1.0929e-008	1.0399e-008	1.0155e-008	1.0057e-008	1.0146e-008	9.8675e-009	9.7325e-009	9.7043e-009	9.7798e-009	9.8807e-009	1.03e-008	1.0721e-008	1.1014e-008	1.1673e-008	1.2971e-008	1.4529e-008	1.617e-008	1.7598e-008	1.984e-008	2.1862e-008	2.4741e-008	2.7349e-008	2.9993e-008	3.6165e-008	4.1121e-008	4.7271e-008	5.3242e-008	5.8432e-008	6.1901e-008	6.5607e-008	7.1214e-008	7.6169e-008	7.9916e-008	8.3439e-008	8.7189e-008	8.9989e-008	9.1986e-008	9.2948e-008	9.4513e-008	9.652e-008	9.7774e-008	9.9894e-008	1.0063e-007	1.0096e-007	1.0137e-007	1.0095e-007	1.0018e-007	9.9456e-008	9.8588e-008	9.7953e-008	9.7094e-008	9.6624e-008	9.4886e-008	9.36e-008	9.1188e-008	8.9865e-008	8.9123e-008	8.7395e-008	8.5845e-008	8.4865e-008	8.3077e-008	8.1334e-008	8.0225e-008	7.9174e-008	7.6748e-008	7.5984e-008	7.4888e-008	7.2493e-008	7.0553e-008	6.9337e-008	6.7807e-008	6.531e-008	6.4579e-008	6.2528e-008	6.0076e-008	5.8714e-008	5.7589e-008	5.5936e-008	5.3508e-008	5.2796e-008	5.0568e-008	4.7883e-008	4.5606e-008	4.3808e-008	4.1855e-008	4.0414e-008	3.7928e-008	3.6705e-008	3.5133e-008	3.3937e-008	3.2395e-008	3.0657e-008	2.8081e-008	2.6966e-008	2.5725e-008	2.4138e-008	2.2489e-008	2.1404e-008	1.9711e-008	1.8279e-008	1.679e-008	1.5871e-008	1.4668e-008	1.4008e-008	1.34e-008	1.2792e-008	1.2584e-008	1.2433e-008	1.1956e-008	1.1817e-008	1.2252e-008	1.2438e-008	1.2864e-008	1.3049e-008	1.3541e-008	1.4035e-008	1.5585e-008	1.6981e-008
2.3205e-009	2.8257e-009	3.711e-009	5.039e-009	6.2261e-009	8.0216e-009	1.002e-008	1.3279e-008	1.6121e-008	1.9641e-008	2.3805e-008	3.0332e-008	3.4939e-008	4.0262e-008	4.4503e-008	4.9301e-008	5.4253e-008	5.7823e-008	6.4184e-008	6.6727e-008	7.048e-008	7.5824e-008	7.8075e-008	8.0485e-008	8.2966e-008	8.6129e-008	8.824e-008	9.0056e-008	9.1775e-008	9.3054e-008	9.339e-008	9.3209e-008	9.3085e-008	9.3708e-008	9.3039e-008	9.1633e-008	9.0445e-008	8.9461e-008	8.8784e-008	8.7378e-008	8.5506e-008	8.4586e-008	8.2409e-008	8.0141e-008	7.8833e-008	7.786e-008	7.5405e-008	7.4307e-008	7.2423e-008	7.1042e-008	6.8948e-008	6.7202e-008	6.6078e-008	6.4174e-008	6.2608e-008	6.092e-008	5.9418e-008	5.7902e-008	5.6219e-008	5.4442e-008	5.2396e-008	5.1029e-008	5.0221e-008	4.9371e-008	4.7099e-008	4.5166e-008	4.3226e-008	4.0723e-008	3.9226e-008	3.7678e-008	3.6434e-008	3.3946e-008	3.2794e-008	3.1586e-008	2.9933e-008	2.8398e-008	2.6564e-008	2.4829e-008	2.3235e-008	2.1709e-008	2.0581e-008	1.919e-008	1.8368e-008	1.6416e-008	1.4328e-008	1.2854e-008	1.0955e-008	9.8083e-009	8.0218e-009	7.0633e-009	6.2415e-009	5.4959e-009	4.4424e-009	3.8337e-009	3.1954e-009	2.9515e-009	2.5456e-009	2.7879e-009	2.5549e-009	2.7917e-009	2.716e-009	3.0665e-009	3.4443e-009	4.7806e-009	5.8113e-009	7.6203e-009	9.5203e-009	1.1423e-008	1.4328e-008	1.6697e-008	2.0059e-008	2.3525e-008	2.6254e-008	3.2957e-008	3.6138e-008	4.0421e-008	4.604e-008	5.2208e-008	5.9716e-008	6.3537e-008	6.6867e-008	7.0669e-008	7.4377e-008	7.9303e-008	8.1373e-008	8.3617e-008	8.4712e-008	8.5195e-008	8.6362e-008	8.7025e-008	8.8188e-008	8.9242e-008	9.0144e-008	9.1093e-008	9.174e-008	9.11e-008	9.0524e-008	8.9659e-008	8.9083e-008	8.8057e-008	8.5822e-008	8.4533e-008	8.2526e-008	8.0953e-008	7.8517e-008	7.7452e-008	7.5279e-008	7.3944e-008	7.2022e-008	7.0912e-008	6.983e-008	6.8874e-008	6.6959e-008	6.5533e-008	6.3738e-008	6.3326e-008	6.2304e-008	6.0578e-008	5.8733e-008	5.7353e-008	5.6663e-008	5.6077e-008	5.5147e-008	5.3434e-008	5.2057e-008	4.9734e-008	4.6763e-008	4.601e-008	4.5021e-008	4.3894e-008	4.2669e-008	4.0807e-008	3.8467e-008	3.728e-008	3.5383e-008	3.3426e-008	3.1314e-008	2.9021e-008	2.7996e-008	2.6641e-008	2.4942e-008	2.3039e-008	2.1115e-008	1.9537e-008	1.7228e-008	1.6098e-008	1.4691e-008	1.3491e-008	1.1587e-008	9.9285e-009	9.1748e-009	7.2463e-009	6.6834e-009	6.2315e-009	6.3699e-009	5.7945e-009	5.1493e-009	4.881e-009	4.9678e-009	5.5127e-009	5.5659e-009	5.6534e-009	6.4505e-009	6.9967e-009	7.7217e-009	9.047e-009	9.9372e-009	1.2929e-008	1.425e-008	1.5738e-008	1.8029e-008	2.2243e-008	2.5283e-008	2.9387e-008	3.316e-008	3.8546e-008	4.2454e-008	4.8738e-008	5.1907e-008	5.7858e-008	6.4624e-008	6.9142e-008	7.3934e-008	7.7601e-008	7.8986e-008	8.2201e-008	8.4676e-008	8.6599e-008	8.7679e-008	8.8963e-008	9.0281e-008	9.2502e-008	9.403e-008	9.4936e-008	9.5785e-008	9.5406e-008	9.4305e-008	9.3468e-008	9.1681e-008	8.9915e-008	8.8221e-008	8.7677e-008	8.7029e-008	8.5583e-008	8.4317e-008	8.2812e-008	8.1177e-008	7.9887e-008	7.9001e-008	7.6885e-008	7.5816e-008	7.4859e-008	7.3718e-008	7.205e-008	7.1565e-008	6.9991e-008	6.7993e-008	6.6886e-008	6.4892e-008	6.1974e-008	6.1524e-008	5.764e-008	5.6881e-008	5.5779e-008	5.4092e-008	5.3482e-008	5.1854e-008	4.996e-008	4.7277e-008	4.6032e-008	4.3419e-008	4.2197e-008	4.1387e-008	3.9792e-008	3.8285e-008	3.701e-008	3.5258e-008	3.3914e-008	3.0221e-008	2.9401e-008	2.8644e-008	2.7371e-008	2.5774e-008	2.4844e-008	2.3531e-008	2.201e-008	2.0479e-008	1.9504e-008	1.8392e-008	1.7437e-008	1.6911e-008	1.5503e-008	1.4445e-008	1.3403e-008	1.286e-008	1.2122e-008	1.1193e-008	1.0429e-008	1.0192e-008	9.7084e-009	9.3294e-009	8.7749e-009	8.5241e-009	8.6112e-009	9.3956e-009	9.0845e-009	9.5151e-009	1.0182e-008	1.1609e-008	1.2819e-008	1.51e-008	1.7454e-008	2.0199e-008	2.3415e-008	2.7996e-008	3.4692e-008	3.8108e-008	4.0832e-008	4.4611e-008	5.2069e-008	5.9342e-008	6.4291e-008	6.9151e-008	7.1665e-008	7.587e-008	7.8431e-008	8.1524e-008	8.7568e-008	8.9837e-008	9.1361e-008	9.2034e-008	9.3427e-008	9.479e-008	9.5109e-008	9.6219e-008	9.7558e-008	9.8015e-008	9.8572e-008	9.9044e-008	9.9077e-008	9.8583e-008	9.7595e-008	9.7052e-008	9.5576e-008	9.4375e-008	9.1672e-008	9.0376e-008	8.825e-008	8.6995e-008	8.6002e-008	8.4629e-008	8.3825e-008	8.0932e-008	7.8744e-008	7.6097e-008	7.5034e-008	7.4091e-008	7.3473e-008	7.0441e-008	6.8016e-008	6.8316e-008	6.6721e-008	6.3497e-008	6.1652e-008	6.0853e-008	5.9875e-008	5.8807e-008	5.5371e-008	5.3697e-008	5.1602e-008	4.8952e-008	4.6238e-008	4.5408e-008	4.4276e-008	4.2781e-008	3.9623e-008	3.8049e-008	3.6358e-008	3.4641e-008	3.2258e-008	3.104e-008	2.96e-008	2.8473e-008	2.7237e-008	2.4765e-008	2.2463e-008	2.0691e-008	1.8857e-008	1.7528e-008	1.612e-008	1.4166e-008	1.3349e-008	1.2604e-008	1.1543e-008	1.1113e-008	1.0392e-008	1.0764e-008	1.0606e-008	9.7197e-009	9.3996e-009	9.5602e-009	1.0165e-008	1.0543e-008	1.0564e-008	1.0626e-008	1.0926e-008	1.1458e-008	1.2465e-008	1.3407e-008	1.4189e-008	1.6235e-008	1.7856e-008	1.9974e-008	2.1964e-008	2.4884e-008	2.7693e-008	3.1824e-008	3.5979e-008	4.057e-008	4.7551e-008	5.3434e-008	5.8069e-008	6.26e-008	6.6326e-008	7.1276e-008	7.743e-008	8.1404e-008	8.4543e-008	8.8551e-008	9.1008e-008	9.3404e-008	9.38e-008	9.496e-008	9.6705e-008	9.8269e-008	9.9851e-008	1.0043e-007	1.0094e-007	1.0176e-007	1.0168e-007	1.0017e-007	9.9416e-008	9.8169e-008	9.7857e-008	9.7509e-008	9.6578e-008	9.4834e-008	9.3304e-008	9.2241e-008	8.9962e-008	8.9328e-008	8.8549e-008	8.6314e-008	8.521e-008	8.3567e-008	8.1777e-008	8.1071e-008	8.0058e-008	7.7539e-008	7.6584e-008	7.5357e-008	7.2316e-008	7.1338e-008	6.985e-008	6.8638e-008	6.5752e-008	6.5107e-008	6.3545e-008	6.0151e-008	5.8947e-008	5.7917e-008	5.6867e-008	5.5264e-008	5.2881e-008	5.0774e-008	4.8164e-008	4.5394e-008	4.3898e-008	4.2638e-008	3.9891e-008	3.7744e-008	3.7077e-008	3.5202e-008	3.3825e-008	3.2228e-008	3.0304e-008	2.8339e-008	2.7335e-008	2.5827e-008	2.4224e-008	2.2324e-008	2.0833e-008	1.9577e-008	1.8406e-008	1.7427e-008	1.6285e-008	1.5358e-008	1.4726e-008	1.4197e-008	1.3483e-008	1.3521e-008	1.2627e-008	1.2612e-008	1.2636e-008	1.267e-008	1.2649e-008	1.3037e-008	1.3495e-008	1.4128e-008	1.4669e-008	1.6287e-008	1.7587e-008
2.2359e-009	2.8803e-009	4.0927e-009	5.6342e-009	6.7466e-009	9.069e-009	1.124e-008	1.3576e-008	1.7452e-008	2.0743e-008	2.4857e-008	3.0288e-008	3.492e-008	3.9074e-008	4.3911e-008	4.8358e-008	5.3713e-008	5.9542e-008	6.3478e-008	6.6333e-008	7.0949e-008	7.5501e-008	7.8174e-008	7.9592e-008	8.2624e-008	8.4959e-008	8.7817e-008	8.9318e-008	9.0708e-008	9.2537e-008	9.2687e-008	9.2677e-008	9.2838e-008	9.3974e-008	9.3382e-008	9.2868e-008	9.0553e-008	9.0143e-008	8.8178e-008	8.7716e-008	8.6223e-008	8.3413e-008	8.1984e-008	8.0023e-008	7.8756e-008	7.7797e-008	7.642e-008	7.5012e-008	7.2087e-008	7.1678e-008	7.0641e-008	6.818e-008	6.5242e-008	6.3977e-008	6.2372e-008	6.1538e-008	5.9548e-008	5.7629e-008	5.591e-008	5.4917e-008	5.2615e-008	5.1234e-008	5.0362e-008	4.8839e-008	4.6627e-008	4.437e-008	4.3448e-008	4.1673e-008	3.9253e-008	3.828e-008	3.591e-008	3.4283e-008	3.3182e-008	3.1057e-008	3.006e-008	2.8616e-008	2.7244e-008	2.4334e-008	2.3195e-008	2.2026e-008	2.1149e-008	1.9507e-008	1.8574e-008	1.7216e-008	1.56e-008	1.4171e-008	1.1804e-008	1.0839e-008	1.0014e-008	8.223e-009	6.2949e-009	6.4527e-009	5.3979e-009	4.4129e-009	3.8309e-009	3.1548e-009	2.7754e-009	2.6731e-009	2.5295e-009	2.9275e-009	3.4651e-009	3.8791e-009	4.7403e-009	5.5509e-009	6.2411e-009	7.9569e-009	9.9887e-009	1.2117e-008	1.4464e-008	1.7374e-008	2.0065e-008	2.3568e-008	2.844e-008	3.266e-008	3.6089e-008	4.1268e-008	4.5667e-008	5.1422e-008	5.8368e-008	6.4294e-008	6.7546e-008	7.0493e-008	7.3344e-008	7.9322e-008	8.1366e-008	8.3839e-008	8.5032e-008	8.5808e-008	8.6251e-008	8.6891e-008	8.775e-008	9.0155e-008	9.0719e-008	9.1473e-008	9.1809e-008	9.0815e-008	9.0403e-008	8.9377e-008	8.8326e-008	8.6343e-008	8.5573e-008	8.5103e-008	8.2831e-008	8.1005e-008	7.8651e-008	7.7636e-008	7.4358e-008	7.3332e-008	7.2457e-008	7.1137e-008	6.9954e-008	6.8605e-008	6.6826e-008	6.5336e-008	6.3648e-008	6.3287e-008	6.2976e-008	6.0888e-008	5.9362e-008	5.719e-008	5.668e-008	5.6253e-008	5.539e-008	5.3579e-008	5.2698e-008	5.0784e-008	4.8209e-008	4.69e-008	4.5483e-008	4.4099e-008	4.2715e-008	4.0562e-008	3.9074e-008	3.721e-008	3.5658e-008	3.3455e-008	3.1019e-008	2.9536e-008	2.7983e-008	2.6621e-008	2.4908e-008	2.2783e-008	2.1748e-008	2.0211e-008	1.744e-008	1.6374e-008	1.5376e-008	1.3416e-008	1.2532e-008	1.0422e-008	9.1417e-009	7.9279e-009	6.7491e-009	7.0129e-009	6.8412e-009	6.247e-009	5.6216e-009	5.234e-009	5.3359e-009	5.5691e-009	5.7081e-009	6.3376e-009	7.2257e-009	7.5826e-009	8.5904e-009	9.6097e-009	1.0963e-008	1.4094e-008	1.5229e-008	1.6433e-008	1.9727e-008	2.2887e-008	2.6506e-008	3.0338e-008	3.3688e-008	3.8055e-008	4.379e-008	4.8803e-008	5.2215e-008	5.8796e-008	6.5071e-008	7.0625e-008	7.3388e-008	7.6898e-008	7.9661e-008	8.2589e-008	8.4181e-008	8.6742e-008	8.8311e-008	8.9978e-008	9.1604e-008	9.2957e-008	9.4248e-008	9.567e-008	9.6627e-008	9.6241e-008	9.5139e-008	9.2995e-008	9.1647e-008	9.0529e-008	8.9256e-008	8.8103e-008	8.6918e-008	8.5782e-008	8.4457e-008	8.2909e-008	8.1244e-008	7.9808e-008	7.9289e-008	7.7678e-008	7.6066e-008	7.3909e-008	7.2628e-008	7.1866e-008	7.1382e-008	7.0559e-008	6.8036e-008	6.7185e-008	6.3937e-008	6.2462e-008	6.0652e-008	5.9094e-008	5.7449e-008	5.6223e-008	5.4454e-008	5.334e-008	5.1337e-008	4.9996e-008	4.7662e-008	4.5556e-008	4.4447e-008	4.271e-008	4.1321e-008	4.0427e-008	3.8334e-008	3.671e-008	3.5189e-008	3.3172e-008	3.0474e-008	2.9308e-008	2.8472e-008	2.6983e-008	2.5762e-008	2.4552e-008	2.275e-008	2.1619e-008	2.0321e-008	1.8566e-008	1.8035e-008	1.7074e-008	1.6615e-008	1.5222e-008	1.5151e-008	1.3587e-008	1.3018e-008	1.2188e-008	1.1341e-008	1.0569e-008	1.0197e-008	9.8506e-009	9.3449e-009	8.968e-009	8.3729e-009	8.7213e-009	8.8015e-009	8.5673e-009	9.243e-009	1.01e-008	1.1213e-008	1.355e-008	1.5904e-008	1.7986e-008	2.0131e-008	2.4609e-008	2.9354e-008	3.5488e-008	3.9042e-008	4.1135e-008	4.5295e-008	5.1595e-008	6.0267e-008	6.3886e-008	6.9912e-008	7.3729e-008	7.6918e-008	7.9526e-008	8.4129e-008	8.8147e-008	9.0485e-008	9.2497e-008	9.2843e-008	9.398e-008	9.5105e-008	9.5696e-008	9.6862e-008	9.8013e-008	9.8815e-008	9.9213e-008	9.9719e-008	9.9311e-008	9.8738e-008	9.7944e-008	9.6763e-008	9.5712e-008	9.4784e-008	9.3129e-008	9.1281e-008	8.9533e-008	8.7879e-008	8.5596e-008	8.4372e-008	8.433e-008	8.2271e-008	7.9764e-008	7.761e-008	7.5998e-008	7.4979e-008	7.422e-008	7.2021e-008	7.1108e-008	6.9139e-008	6.7296e-008	6.4965e-008	6.2433e-008	6.0888e-008	5.9767e-008	5.8655e-008	5.5591e-008	5.475e-008	5.2095e-008	4.8785e-008	4.648e-008	4.5031e-008	4.3565e-008	4.217e-008	3.9589e-008	3.8272e-008	3.6437e-008	3.5509e-008	3.2595e-008	3.1415e-008	2.9969e-008	2.8591e-008	2.6807e-008	2.4146e-008	2.2984e-008	2.0668e-008	1.9219e-008	1.7778e-008	1.6239e-008	1.4538e-008	1.3126e-008	1.2583e-008	1.19e-008	1.1403e-008	1.0772e-008	1.1172e-008	1.0566e-008	9.5903e-009	9.5832e-009	9.7777e-009	1.0501e-008	1.1039e-008	1.1394e-008	1.1205e-008	1.1006e-008	1.1724e-008	1.2656e-008	1.3068e-008	1.4648e-008	1.5964e-008	1.7626e-008	1.9808e-008	2.0966e-008	2.4551e-008	2.8262e-008	3.1811e-008	3.6633e-008	4.0189e-008	4.6308e-008	5.1876e-008	5.747e-008	6.206e-008	6.7087e-008	7.2231e-008	7.7205e-008	8.1428e-008	8.4856e-008	8.8027e-008	9.0912e-008	9.3768e-008	9.4627e-008	9.4918e-008	9.6334e-008	9.7837e-008	9.9357e-008	1.0028e-007	1.0073e-007	1.0174e-007	1.0203e-007	1.0056e-007	9.886e-008	9.8267e-008	9.7577e-008	9.7365e-008	9.6587e-008	9.45e-008	9.2994e-008	9.2517e-008	9.0941e-008	9.0062e-008	8.8907e-008	8.7496e-008	8.5345e-008	8.4855e-008	8.3006e-008	8.1406e-008	8.0397e-008	7.8567e-008	7.6719e-008	7.5715e-008	7.3253e-008	7.1765e-008	7.0102e-008	6.9367e-008	6.6085e-008	6.5477e-008	6.2773e-008	6.0795e-008	5.9408e-008	5.8305e-008	5.7233e-008	5.6315e-008	5.3611e-008	5.0552e-008	4.7818e-008	4.4454e-008	4.3563e-008	4.2495e-008	3.95e-008	3.8106e-008	3.6654e-008	3.5325e-008	3.4242e-008	3.257e-008	3.0961e-008	2.9331e-008	2.8094e-008	2.5978e-008	2.4852e-008	2.2816e-008	2.1664e-008	2.0072e-008	1.8138e-008	1.7615e-008	1.6674e-008	1.5368e-008	1.5137e-008	1.4169e-008	1.404e-008	1.3743e-008	1.3669e-008	1.3293e-008	1.3131e-008	1.3175e-008	1.3146e-008	1.3485e-008	1.4207e-008	1.4941e-008	1.514e-008	1.6506e-008	1.759e-008
2.427e-009	3.4346e-009	4.6771e-009	5.9613e-009	7.5013e-009	9.9643e-009	1.1939e-008	1.5198e-008	1.8343e-008	2.153e-008	2.679e-008	3.1907e-008	3.4942e-008	3.929e-008	4.412e-008	4.9877e-008	5.4581e-008	5.8854e-008	6.3398e-008	6.6897e-008	7.1904e-008	7.4285e-008	7.821e-008	7.9858e-008	8.2436e-008	8.5389e-008	8.714e-008	8.9127e-008	9.0306e-008	9.225e-008	9.2511e-008	9.2796e-008	9.351e-008	9.4165e-008	9.3837e-008	9.3428e-008	9.1352e-008	9.0503e-008	8.9023e-008	8.7994e-008	8.7181e-008	8.4716e-008	8.2488e-008	8.0483e-008	7.9326e-008	7.8257e-008	7.6585e-008	7.5684e-008	7.3765e-008	7.179e-008	7.134e-008	7.0257e-008	6.783e-008	6.5705e-008	6.382e-008	6.1998e-008	5.9873e-008	5.8103e-008	5.5991e-008	5.4634e-008	5.2868e-008	5.2067e-008	5.0542e-008	4.936e-008	4.8128e-008	4.5241e-008	4.3933e-008	4.2216e-008	3.9832e-008	3.8568e-008	3.6916e-008	3.4752e-008	3.3482e-008	3.1349e-008	3.0011e-008	2.8535e-008	2.796e-008	2.5886e-008	2.4122e-008	2.263e-008	2.1592e-008	2.0381e-008	1.9109e-008	1.7388e-008	1.6458e-008	1.5235e-008	1.275e-008	1.1493e-008	1.1145e-008	9.4834e-009	7.1958e-009	7.1641e-009	6.1379e-009	5.356e-009	4.7817e-009	3.8908e-009	3.1253e-009	3.0205e-009	3.3522e-009	3.6238e-009	4.331e-009	4.7264e-009	5.8033e-009	6.4422e-009	7.5305e-009	8.6849e-009	1.045e-008	1.2818e-008	1.5104e-008	1.8053e-008	2.1182e-008	2.4902e-008	2.7825e-008	3.3492e-008	3.6891e-008	4.2002e-008	4.6499e-008	5.2276e-008	5.8523e-008	6.4718e-008	6.8224e-008	7.1318e-008	7.3595e-008	7.9025e-008	8.2333e-008	8.3969e-008	8.5207e-008	8.6178e-008	8.6876e-008	8.7762e-008	8.8885e-008	9.1065e-008	9.1653e-008	9.1995e-008	9.1823e-008	9.1297e-008	9.0177e-008	8.9335e-008	8.8905e-008	8.6433e-008	8.5707e-008	8.5281e-008	8.4208e-008	8.123e-008	7.971e-008	7.7391e-008	7.5023e-008	7.4531e-008	7.2769e-008	7.1281e-008	7.0585e-008	6.9128e-008	6.7407e-008	6.6007e-008	6.4601e-008	6.3935e-008	6.3344e-008	6.2456e-008	5.9454e-008	5.759e-008	5.7339e-008	5.6765e-008	5.6066e-008	5.4305e-008	5.2871e-008	5.0724e-008	4.8674e-008	4.7748e-008	4.6223e-008	4.5052e-008	4.2829e-008	4.1365e-008	3.9763e-008	3.7463e-008	3.589e-008	3.3468e-008	3.2077e-008	3.0577e-008	2.8398e-008	2.6376e-008	2.5005e-008	2.2565e-008	2.1976e-008	2.0842e-008	1.8416e-008	1.7015e-008	1.6081e-008	1.366e-008	1.2996e-008	1.1953e-008	1.1206e-008	1.0001e-008	8.7323e-009	7.9363e-009	7.6978e-009	7.2941e-009	6.8284e-009	6.7632e-009	6.2244e-009	6.1484e-009	6.4973e-009	7.0431e-009	7.6725e-009	8.7429e-009	9.9508e-009	1.0962e-008	1.1785e-008	1.4686e-008	1.6163e-008	1.8326e-008	2.0348e-008	2.3073e-008	2.7188e-008	3.0802e-008	3.3517e-008	3.8136e-008	4.4228e-008	4.9317e-008	5.341e-008	5.8841e-008	6.4181e-008	7.0401e-008	7.4075e-008	7.6898e-008	8.0192e-008	8.2024e-008	8.5682e-008	8.7744e-008	8.9042e-008	9.0352e-008	9.2634e-008	9.3551e-008	9.452e-008	9.5362e-008	9.6483e-008	9.6612e-008	9.5588e-008	9.512e-008	9.3457e-008	9.1928e-008	9.0292e-008	8.844e-008	8.7909e-008	8.6567e-008	8.5767e-008	8.3268e-008	8.2805e-008	8.1365e-008	8.0628e-008	7.8063e-008	7.6358e-008	7.5001e-008	7.2842e-008	7.2145e-008	7.1746e-008	7.0934e-008	6.938e-008	6.7447e-008	6.6049e-008	6.289e-008	6.1128e-008	5.9192e-008	5.7991e-008	5.6446e-008	5.4513e-008	5.3937e-008	5.2066e-008	5.0231e-008	4.8963e-008	4.6238e-008	4.5104e-008	4.416e-008	4.2947e-008	4.1019e-008	3.8874e-008	3.7603e-008	3.5269e-008	3.4142e-008	3.2669e-008	3.0494e-008	2.8558e-008	2.7232e-008	2.6168e-008	2.4868e-008	2.3619e-008	2.1892e-008	2.073e-008	1.8659e-008	1.8314e-008	1.7101e-008	1.6368e-008	1.5676e-008	1.5736e-008	1.4814e-008	1.4063e-008	1.2518e-008	1.1658e-008	1.103e-008	1.0952e-008	9.8863e-009	9.5803e-009	9.3778e-009	8.8127e-009	9.1352e-009	8.8089e-009	9.2707e-009	1.0219e-008	1.0546e-008	1.1605e-008	1.4036e-008	1.6039e-008	1.8639e-008	2.0427e-008	2.4605e-008	3.0432e-008	3.5253e-008	3.9837e-008	4.246e-008	4.6162e-008	5.1241e-008	5.889e-008	6.4459e-008	7.0331e-008	7.4924e-008	7.7877e-008	8.1068e-008	8.4108e-008	8.8797e-008	9.0708e-008	9.2828e-008	9.3624e-008	9.4077e-008	9.5113e-008	9.6409e-008	9.6665e-008	9.7858e-008	9.8815e-008	1.0001e-007	1.0003e-007	1.001e-007	9.9458e-008	9.9119e-008	9.7839e-008	9.6716e-008	9.528e-008	9.3835e-008	9.1634e-008	9.0709e-008	8.9664e-008	8.7684e-008	8.6093e-008	8.4378e-008	8.3891e-008	8.1707e-008	7.9749e-008	7.7121e-008	7.562e-008	7.5333e-008	7.4958e-008	7.194e-008	6.9368e-008	6.8454e-008	6.6411e-008	6.4223e-008	6.1483e-008	6.0582e-008	5.8824e-008	5.6743e-008	5.5296e-008	5.2759e-008	5.0126e-008	4.6737e-008	4.5428e-008	4.451e-008	4.2586e-008	4.0418e-008	3.8717e-008	3.692e-008	3.5993e-008	3.3991e-008	3.2337e-008	3.0474e-008	2.8382e-008	2.7078e-008	2.4223e-008	2.364e-008	2.1827e-008	1.9862e-008	1.7962e-008	1.665e-008	1.5046e-008	1.4046e-008	1.2302e-008	1.2381e-008	1.168e-008	1.094e-008	1.1036e-008	1.0489e-008	1.0212e-008	9.9149e-009	1.0266e-008	1.0472e-008	1.1155e-008	1.1483e-008	1.1293e-008	1.1361e-008	1.1824e-008	1.2608e-008	1.3076e-008	1.4044e-008	1.5935e-008	1.7585e-008	1.9245e-008	2.1806e-008	2.4979e-008	2.8539e-008	3.214e-008	3.7162e-008	4.0867e-008	4.5422e-008	4.9833e-008	5.6319e-008	6.1745e-008	6.7353e-008	7.2371e-008	7.6573e-008	8.0708e-008	8.4672e-008	8.7471e-008	9.0639e-008	9.3813e-008	9.4637e-008	9.525e-008	9.5663e-008	9.6956e-008	9.8207e-008	9.9967e-008	1.0113e-007	1.0177e-007	1.0277e-007	1.0125e-007	9.9199e-008	9.8293e-008	9.7682e-008	9.8133e-008	9.6305e-008	9.5376e-008	9.3951e-008	9.2863e-008	9.2034e-008	9.1185e-008	8.9948e-008	8.8179e-008	8.6146e-008	8.5424e-008	8.4497e-008	8.1868e-008	8.0278e-008	7.9317e-008	7.7145e-008	7.5624e-008	7.2922e-008	7.255e-008	7.067e-008	6.9674e-008	6.6813e-008	6.5612e-008	6.3872e-008	6.1179e-008	5.9649e-008	5.854e-008	5.742e-008	5.6428e-008	5.4008e-008	5.097e-008	4.7992e-008	4.6243e-008	4.3349e-008	4.1966e-008	4.0621e-008	3.871e-008	3.7188e-008	3.5592e-008	3.4156e-008	3.2809e-008	3.1031e-008	2.9915e-008	2.8022e-008	2.6372e-008	2.5031e-008	2.3326e-008	2.1891e-008	2.0321e-008	1.9146e-008	1.7333e-008	1.6192e-008	1.5225e-008	1.5452e-008	1.5035e-008	1.4441e-008	1.4184e-008	1.3752e-008	1.3661e-008	1.3244e-008	1.3592e-008	1.3596e-008	1.3785e-008	1.4322e-008	1.4994e-008	1.514e-008	1.6271e-008	1.7201e-008
2.5334e-009	3.605e-009	5.2841e-009	6.2622e-009	8.4863e-009	1.0565e-008	1.2872e-008	1.5314e-008	1.9033e-008	2.3227e-008	2.7708e-008	3.3179e-008	3.6653e-008	4.0494e-008	4.5004e-008	4.9724e-008	5.3946e-008	5.8952e-008	6.4027e-008	6.7364e-008	7.1181e-008	7.461e-008	7.8521e-008	8.0301e-008	8.2173e-008	8.4326e-008	8.6306e-008	8.8653e-008	9.0334e-008	9.1876e-008	9.2457e-008	9.2962e-008	9.3484e-008	9.472e-008	9.4751e-008	9.4034e-008	9.23e-008	9.0735e-008	8.8889e-008	8.7388e-008	8.6646e-008	8.3423e-008	8.1984e-008	8.0841e-008	7.8794e-008	7.8037e-008	7.7067e-008	7.5321e-008	7.3626e-008	7.1768e-008	7.0887e-008	6.979e-008	6.8652e-008	6.5892e-008	6.4305e-008	6.1804e-008	5.9181e-008	5.801e-008	5.6317e-008	5.4932e-008	5.3787e-008	5.2767e-008	5.1383e-008	4.9724e-008	4.7652e-008	4.5382e-008	4.3941e-008	4.2226e-008	3.9929e-008	3.9034e-008	3.7561e-008	3.5394e-008	3.3523e-008	3.1381e-008	2.9999e-008	2.8237e-008	2.7726e-008	2.5589e-008	2.4183e-008	2.2782e-008	2.1783e-008	2.0868e-008	2.0067e-008	1.8402e-008	1.6862e-008	1.5967e-008	1.391e-008	1.19e-008	1.0935e-008	1.06e-008	9.2876e-009	7.9214e-009	7.2193e-009	6.1419e-009	5.8707e-009	4.813e-009	3.3166e-009	3.3992e-009	3.5256e-009	3.6761e-009	4.5791e-009	5.148e-009	5.7156e-009	7.7328e-009	8.8119e-009	9.3136e-009	1.0908e-008	1.3643e-008	1.56e-008	1.8833e-008	2.1116e-008	2.5678e-008	2.8136e-008	3.1544e-008	3.6916e-008	4.1086e-008	4.6162e-008	5.1293e-008	5.7934e-008	6.3178e-008	6.7749e-008	7.0864e-008	7.3999e-008	7.7884e-008	8.138e-008	8.3302e-008	8.4797e-008	8.6446e-008	8.775e-008	8.8344e-008	8.8897e-008	9.0966e-008	9.4245e-008	9.4879e-008	9.2496e-008	9.1865e-008	8.994e-008	8.8795e-008	8.778e-008	8.6425e-008	8.5786e-008	8.5775e-008	8.4442e-008	8.0907e-008	7.9749e-008	7.725e-008	7.5465e-008	7.4674e-008	7.2949e-008	7.1864e-008	7.0587e-008	6.9235e-008	6.6847e-008	6.5775e-008	6.4835e-008	6.3976e-008	6.3192e-008	6.1897e-008	5.9799e-008	5.8909e-008	5.7537e-008	5.6754e-008	5.6299e-008	5.5374e-008	5.3405e-008	5.1428e-008	4.898e-008	4.8203e-008	4.6218e-008	4.4289e-008	4.2749e-008	4.0897e-008	4.0024e-008	3.8089e-008	3.556e-008	3.3771e-008	3.2184e-008	3.08e-008	2.9043e-008	2.7125e-008	2.5307e-008	2.3141e-008	2.1714e-008	2.0415e-008	1.9354e-008	1.8313e-008	1.6706e-008	1.4025e-008	1.3143e-008	1.2208e-008	1.1816e-008	1.0666e-008	9.7219e-009	8.8546e-009	7.9909e-009	7.4266e-009	7.0981e-009	6.8501e-009	6.6567e-009	6.6501e-009	7.1932e-009	8.3671e-009	8.357e-009	9.3079e-009	1.0746e-008	1.1726e-008	1.2705e-008	1.4749e-008	1.7278e-008	1.9053e-008	2.1236e-008	2.3474e-008	2.691e-008	3.0777e-008	3.4469e-008	3.8572e-008	4.4753e-008	4.8616e-008	5.3838e-008	5.757e-008	6.4388e-008	6.9481e-008	7.3384e-008	7.6061e-008	7.9367e-008	8.1835e-008	8.6083e-008	8.7929e-008	8.9318e-008	9.0277e-008	9.2154e-008	9.3364e-008	9.4315e-008	9.5071e-008	9.5924e-008	9.6408e-008	9.5923e-008	9.5045e-008	9.4194e-008	9.2741e-008	9.1085e-008	8.977e-008	8.8357e-008	8.6694e-008	8.6268e-008	8.4708e-008	8.3252e-008	8.2708e-008	8.1419e-008	7.9028e-008	7.6325e-008	7.465e-008	7.2435e-008	7.1836e-008	7.1699e-008	7.1145e-008	7.0359e-008	6.8085e-008	6.6708e-008	6.2521e-008	6.1234e-008	6.0046e-008	5.8244e-008	5.645e-008	5.4553e-008	5.2931e-008	5.2001e-008	5.0103e-008	4.8247e-008	4.653e-008	4.4946e-008	4.4153e-008	4.3102e-008	4.0922e-008	3.9193e-008	3.7587e-008	3.5279e-008	3.4618e-008	3.3202e-008	3.1253e-008	2.8946e-008	2.7403e-008	2.5527e-008	2.4441e-008	2.2801e-008	2.1391e-008	2.0274e-008	1.8845e-008	1.7813e-008	1.6375e-008	1.6006e-008	1.5722e-008	1.5183e-008	1.4999e-008	1.4222e-008	1.2646e-008	1.205e-008	1.1396e-008	1.1013e-008	1.0017e-008	9.4813e-009	8.9726e-009	8.679e-009	8.916e-009	8.7669e-009	9.3356e-009	9.9353e-009	1.0381e-008	1.1863e-008	1.3525e-008	1.5778e-008	1.8484e-008	2.0833e-008	2.4441e-008	3.0808e-008	3.5463e-008	3.8992e-008	4.244e-008	4.6475e-008	5.0846e-008	5.6909e-008	6.4156e-008	7.0483e-008	7.4538e-008	7.6663e-008	8.0687e-008	8.2689e-008	8.7614e-008	8.9763e-008	9.314e-008	9.4029e-008	9.4085e-008	9.4752e-008	9.5827e-008	9.6115e-008	9.7439e-008	9.8162e-008	9.9701e-008	9.9503e-008	9.9657e-008	9.9919e-008	9.9666e-008	9.8163e-008	9.6649e-008	9.6085e-008	9.3876e-008	9.1707e-008	9.0843e-008	8.9776e-008	8.8307e-008	8.7177e-008	8.5628e-008	8.4295e-008	8.1862e-008	8.0919e-008	8.0293e-008	7.6075e-008	7.6061e-008	7.4737e-008	7.2725e-008	6.9757e-008	6.815e-008	6.6401e-008	6.4551e-008	6.2059e-008	6.0665e-008	5.884e-008	5.6585e-008	5.5511e-008	5.2997e-008	5.0387e-008	4.7131e-008	4.5445e-008	4.4698e-008	4.3104e-008	4.1586e-008	3.932e-008	3.8223e-008	3.6213e-008	3.3837e-008	3.2838e-008	3.0699e-008	2.7901e-008	2.7168e-008	2.4278e-008	2.3623e-008	2.2487e-008	2.0839e-008	1.8474e-008	1.6667e-008	1.5013e-008	1.4047e-008	1.2309e-008	1.1945e-008	1.1082e-008	1.0432e-008	1.0187e-008	1.019e-008	1.0359e-008	1.0162e-008	1.0136e-008	9.9732e-009	1.0521e-008	1.064e-008	1.0412e-008	1.0669e-008	1.134e-008	1.1686e-008	1.2269e-008	1.3082e-008	1.5344e-008	1.6952e-008	1.8903e-008	2.1031e-008	2.4483e-008	2.8464e-008	3.2683e-008	3.7786e-008	4.1966e-008	4.547e-008	5.0895e-008	5.6371e-008	6.0814e-008	6.6515e-008	7.1453e-008	7.6372e-008	7.9818e-008	8.1994e-008	8.6259e-008	8.8816e-008	9.279e-008	9.4708e-008	9.5298e-008	9.5246e-008	9.6417e-008	9.7782e-008	9.9654e-008	1.0057e-007	1.0091e-007	1.0193e-007	9.9896e-008	9.8713e-008	9.8069e-008	9.7602e-008	9.7737e-008	9.6162e-008	9.4798e-008	9.4081e-008	9.3184e-008	9.2402e-008	9.118e-008	9.0024e-008	8.7809e-008	8.6012e-008	8.5437e-008	8.452e-008	8.1338e-008	7.9898e-008	7.8221e-008	7.6519e-008	7.4744e-008	7.2975e-008	7.0953e-008	7.0222e-008	6.9229e-008	6.6769e-008	6.4965e-008	6.3573e-008	6.1268e-008	5.9286e-008	5.8074e-008	5.6645e-008	5.5529e-008	5.3852e-008	5.0362e-008	4.81e-008	4.5764e-008	4.2469e-008	4.1595e-008	4.061e-008	3.8423e-008	3.6871e-008	3.5549e-008	3.4292e-008	3.1487e-008	3.0547e-008	2.9687e-008	2.8421e-008	2.6738e-008	2.5543e-008	2.3585e-008	2.2229e-008	2.0282e-008	1.9196e-008	1.8242e-008	1.6384e-008	1.5253e-008	1.5207e-008	1.4874e-008	1.472e-008	1.4671e-008	1.3979e-008	1.4037e-008	1.3967e-008	1.3824e-008	1.4002e-008	1.4158e-008	1.4255e-008	1.4457e-008	1.4942e-008	1.5889e-008	1.7134e-008
2.4005e-009	3.4212e-009	5.0646e-009	6.0123e-009	8.7393e-009	1.0562e-008	1.3235e-008	1.5281e-008	1.8981e-008	2.2496e-008	2.784e-008	3.2272e-008	3.6315e-008	4.0088e-008	4.4452e-008	4.9126e-008	5.3402e-008	5.8583e-008	6.2171e-008	6.6932e-008	7.0907e-008	7.4094e-008	7.6893e-008	7.9633e-008	8.1435e-008	8.3554e-008	8.5972e-008	8.8638e-008	8.9601e-008	9.088e-008	9.187e-008	9.2511e-008	9.3491e-008	9.4693e-008	9.4917e-008	9.3841e-008	9.1045e-008	8.9484e-008	8.8431e-008	8.7496e-008	8.6837e-008	8.5217e-008	8.2195e-008	8.1358e-008	7.8836e-008	7.7581e-008	7.6745e-008	7.5197e-008	7.3448e-008	7.2064e-008	7.0342e-008	6.9551e-008	6.8582e-008	6.6276e-008	6.4728e-008	6.1786e-008	6.0059e-008	5.76e-008	5.6272e-008	5.4629e-008	5.3543e-008	5.2689e-008	5.1728e-008	5.0536e-008	4.7746e-008	4.5951e-008	4.3203e-008	4.1982e-008	3.907e-008	3.8707e-008	3.8136e-008	3.5324e-008	3.3673e-008	3.1383e-008	2.9262e-008	2.761e-008	2.7e-008	2.556e-008	2.4573e-008	2.2328e-008	2.1782e-008	2.0654e-008	1.9547e-008	1.7845e-008	1.628e-008	1.5962e-008	1.4402e-008	1.2991e-008	1.2007e-008	1.1249e-008	9.5986e-009	7.8495e-009	7.1585e-009	6.4884e-009	5.5619e-009	4.7222e-009	4.3684e-009	3.9087e-009	3.6448e-009	3.7265e-009	4.4878e-009	5.0875e-009	5.7271e-009	7.7826e-009	9.1804e-009	9.8971e-009	1.2159e-008	1.413e-008	1.6386e-008	1.9877e-008	2.3077e-008	2.62e-008	2.7983e-008	3.1833e-008	3.5749e-008	4.0274e-008	4.5739e-008	5.0837e-008	5.5669e-008	6.1185e-008	6.6025e-008	6.9363e-008	7.3746e-008	7.6595e-008	7.9392e-008	8.2075e-008	8.3198e-008	8.7079e-008	8.7841e-008	8.783e-008	8.8642e-008	9.1201e-008	9.4354e-008	9.4866e-008	9.3527e-008	9.177e-008	8.9739e-008	8.7912e-008	8.7305e-008	8.6152e-008	8.5549e-008	8.4975e-008	8.3462e-008	8.0862e-008	7.951e-008	7.7463e-008	7.5618e-008	7.4341e-008	7.2108e-008	7.1741e-008	7.0478e-008	6.8687e-008	6.7201e-008	6.6006e-008	6.4567e-008	6.405e-008	6.2789e-008	6.1521e-008	5.9669e-008	5.8825e-008	5.7684e-008	5.6658e-008	5.5917e-008	5.4859e-008	5.3186e-008	5.1458e-008	4.8648e-008	4.8106e-008	4.7385e-008	4.341e-008	4.2148e-008	4.0734e-008	3.9688e-008	3.7731e-008	3.4588e-008	3.3576e-008	3.1951e-008	3.0505e-008	2.9226e-008	2.7039e-008	2.487e-008	2.2229e-008	2.145e-008	2.0393e-008	1.9375e-008	1.8503e-008	1.707e-008	1.4962e-008	1.3483e-008	1.2464e-008	1.1567e-008	1.0942e-008	9.612e-009	9.1282e-009	8.5087e-009	7.9875e-009	7.6107e-009	7.9331e-009	7.6536e-009	7.3313e-009	7.5893e-009	9.0564e-009	9.0448e-009	1.0009e-008	1.1193e-008	1.21e-008	1.3709e-008	1.569e-008	1.7452e-008	1.8942e-008	2.0667e-008	2.379e-008	2.745e-008	3.0789e-008	3.4819e-008	3.8512e-008	4.3968e-008	4.9641e-008	5.3087e-008	5.7529e-008	6.2442e-008	6.7032e-008	7.2282e-008	7.462e-008	7.8341e-008	8.1343e-008	8.5822e-008	8.7433e-008	8.8965e-008	9.0464e-008	9.1648e-008	9.2944e-008	9.3799e-008	9.5263e-008	9.5503e-008	9.5524e-008	9.5865e-008	9.5364e-008	9.3903e-008	9.2145e-008	9.1067e-008	8.9552e-008	8.8564e-008	8.7396e-008	8.5766e-008	8.4859e-008	8.329e-008	8.2498e-008	8.1108e-008	7.8403e-008	7.5479e-008	7.3661e-008	7.1684e-008	7.1682e-008	7.1407e-008	7.0521e-008	6.9822e-008	6.7615e-008	6.6789e-008	6.3129e-008	6.1519e-008	5.9401e-008	5.7762e-008	5.561e-008	5.3815e-008	5.2387e-008	5.1391e-008	4.9553e-008	4.8422e-008	4.6638e-008	4.4548e-008	4.3714e-008	4.2768e-008	4.0373e-008	3.9063e-008	3.684e-008	3.4476e-008	3.4008e-008	3.2626e-008	3.0203e-008	2.8647e-008	2.6872e-008	2.4996e-008	2.353e-008	2.219e-008	2.0472e-008	1.9424e-008	1.8245e-008	1.7524e-008	1.6242e-008	1.5642e-008	1.5251e-008	1.4489e-008	1.3926e-008	1.3622e-008	1.2884e-008	1.2272e-008	1.1641e-008	1.037e-008	9.5644e-009	8.8374e-009	9.0317e-009	8.7297e-009	8.7583e-009	8.62e-009	8.7002e-009	9.4729e-009	1.0834e-008	1.2527e-008	1.3945e-008	1.5644e-008	1.8292e-008	2.0898e-008	2.386e-008	2.7851e-008	3.4417e-008	3.8484e-008	4.1997e-008	4.6523e-008	5.0505e-008	5.6102e-008	6.1928e-008	6.8953e-008	7.3795e-008	7.6395e-008	8.0487e-008	8.3782e-008	8.7379e-008	8.9918e-008	9.3038e-008	9.3995e-008	9.4343e-008	9.4572e-008	9.5219e-008	9.5879e-008	9.6594e-008	9.7294e-008	9.8994e-008	9.9039e-008	9.9214e-008	1.0017e-007	9.9611e-008	9.7635e-008	9.6504e-008	9.5749e-008	9.3797e-008	9.1708e-008	9.0426e-008	9.0022e-008	8.9312e-008	8.669e-008	8.5808e-008	8.4784e-008	8.2796e-008	8.149e-008	8.0288e-008	7.7994e-008	7.6383e-008	7.4582e-008	7.2223e-008	6.9104e-008	6.7588e-008	6.6411e-008	6.4114e-008	6.1856e-008	6.0566e-008	5.8724e-008	5.6627e-008	5.4492e-008	5.2444e-008	4.9138e-008	4.6788e-008	4.5613e-008	4.4654e-008	4.274e-008	4.1326e-008	3.9456e-008	3.7834e-008	3.6242e-008	3.4095e-008	3.2163e-008	3.035e-008	2.8187e-008	2.5895e-008	2.4479e-008	2.3236e-008	2.1641e-008	1.985e-008	1.8274e-008	1.6836e-008	1.488e-008	1.3352e-008	1.2356e-008	1.1714e-008	1.0815e-008	1.0245e-008	9.6793e-009	9.6359e-009	9.5747e-009	9.6349e-009	9.552e-009	9.5173e-009	9.5477e-009	9.4212e-009	9.4591e-009	1.0158e-008	1.0742e-008	1.1081e-008	1.1353e-008	1.246e-008	1.4744e-008	1.6643e-008	1.8786e-008	2.0514e-008	2.3927e-008	2.7192e-008	3.1812e-008	3.6753e-008	4.17e-008	4.5844e-008	5.029e-008	5.6076e-008	6.1404e-008	6.663e-008	6.9554e-008	7.4822e-008	7.9142e-008	8.1963e-008	8.5087e-008	8.7888e-008	9.0769e-008	9.401e-008	9.5218e-008	9.5176e-008	9.597e-008	9.7471e-008	9.8753e-008	9.96e-008	9.9875e-008	1.0011e-007	9.9099e-008	9.8184e-008	9.7273e-008	9.7077e-008	9.6766e-008	9.5856e-008	9.4464e-008	9.4082e-008	9.3181e-008	9.1991e-008	9.0854e-008	8.9434e-008	8.7513e-008	8.618e-008	8.4835e-008	8.3589e-008	8.0293e-008	7.917e-008	7.7826e-008	7.7053e-008	7.492e-008	7.2338e-008	7.0964e-008	7.0352e-008	6.9127e-008	6.8148e-008	6.5338e-008	6.209e-008	6.0278e-008	5.8058e-008	5.6558e-008	5.5592e-008	5.5017e-008	5.1457e-008	4.9964e-008	4.7584e-008	4.4884e-008	4.2002e-008	4.1265e-008	4.0021e-008	3.8028e-008	3.6787e-008	3.5255e-008	3.3486e-008	3.1471e-008	3.0281e-008	2.9083e-008	2.8379e-008	2.6884e-008	2.541e-008	2.3335e-008	2.1877e-008	1.9263e-008	1.8456e-008	1.8375e-008	1.7226e-008	1.564e-008	1.4802e-008	1.434e-008	1.4084e-008	1.4392e-008	1.3725e-008	1.4002e-008	1.4039e-008	1.4452e-008	1.4013e-008	1.4136e-008	1.4444e-008	1.4766e-008	1.5291e-008	1.6366e-008	1.763e-008
2.6546e-009	4.1073e-009	4.7822e-009	6.991e-009	8.4021e-009	1.1047e-008	1.3924e-008	1.5577e-008	1.9101e-008	2.2442e-008	2.8365e-008	3.3469e-008	3.6657e-008	4.0127e-008	4.3887e-008	4.8503e-008	5.3536e-008	5.852e-008	6.2636e-008	6.6773e-008	7.0534e-008	7.3856e-008	7.7618e-008	7.9614e-008	8.1286e-008	8.3227e-008	8.6447e-008	8.7934e-008	8.8977e-008	8.987e-008	9.086e-008	9.2291e-008	9.3459e-008	9.4329e-008	9.4e-008	9.3065e-008	9.0947e-008	8.8594e-008	8.7564e-008	8.6754e-008	8.6197e-008	8.5236e-008	8.3441e-008	8.1329e-008	7.83e-008	7.7025e-008	7.6113e-008	7.4931e-008	7.2793e-008	7.1801e-008	7.0203e-008	6.9022e-008	6.7806e-008	6.5946e-008	6.3808e-008	6.0949e-008	6.0122e-008	5.7896e-008	5.5733e-008	5.4005e-008	5.2876e-008	5.255e-008	5.1544e-008	5.0256e-008	4.7789e-008	4.5923e-008	4.3211e-008	4.1552e-008	3.9938e-008	3.9109e-008	3.7314e-008	3.4601e-008	3.3461e-008	3.1789e-008	2.8791e-008	2.7356e-008	2.6654e-008	2.5133e-008	2.4568e-008	2.3246e-008	2.1871e-008	2.0629e-008	1.8996e-008	1.7363e-008	1.64e-008	1.6054e-008	1.4917e-008	1.3724e-008	1.2797e-008	1.1251e-008	1.0185e-008	8.7778e-009	8.1414e-009	7.0674e-009	6.2178e-009	5.4141e-009	5.1025e-009	4.6867e-009	4.4029e-009	3.7311e-009	4.4833e-009	5.3215e-009	6.6379e-009	8.1933e-009	9.5002e-009	1.0658e-008	1.3056e-008	1.5219e-008	1.7877e-008	1.9655e-008	2.2759e-008	2.6161e-008	2.8206e-008	3.1611e-008	3.6479e-008	4.109e-008	4.5557e-008	5.1204e-008	5.6349e-008	6.1807e-008	6.604e-008	6.9197e-008	7.2518e-008	7.581e-008	7.8355e-008	8.1172e-008	8.2529e-008	8.6322e-008	8.7548e-008	8.7911e-008	8.9677e-008	9.2303e-008	9.3896e-008	9.4482e-008	9.3118e-008	9.179e-008	9.0795e-008	8.9362e-008	8.7172e-008	8.6022e-008	8.558e-008	8.4874e-008	8.3468e-008	8.1355e-008	7.8551e-008	7.6912e-008	7.4997e-008	7.4221e-008	7.2844e-008	7.1446e-008	6.9652e-008	6.8424e-008	6.7389e-008	6.6976e-008	6.5791e-008	6.3733e-008	6.3275e-008	6.066e-008	5.9787e-008	5.9131e-008	5.763e-008	5.6741e-008	5.5793e-008	5.4694e-008	5.2897e-008	5.1283e-008	4.9389e-008	4.8485e-008	4.7189e-008	4.3699e-008	4.196e-008	4.0382e-008	3.9368e-008	3.7353e-008	3.5713e-008	3.3918e-008	3.1641e-008	3.0556e-008	2.9214e-008	2.6926e-008	2.5173e-008	2.3381e-008	2.1802e-008	1.9819e-008	1.9082e-008	1.8432e-008	1.6797e-008	1.5096e-008	1.4287e-008	1.3103e-008	1.1927e-008	1.1166e-008	9.8675e-009	9.353e-009	8.6839e-009	8.3418e-009	8.2464e-009	8.5875e-009	9.1352e-009	9.1471e-009	9.1525e-009	1.0121e-008	1.0305e-008	1.1018e-008	1.2209e-008	1.3396e-008	1.4772e-008	1.6439e-008	1.7928e-008	2.012e-008	2.1878e-008	2.3856e-008	2.7997e-008	3.232e-008	3.625e-008	4.036e-008	4.4899e-008	4.9365e-008	5.4656e-008	5.8439e-008	6.3475e-008	6.7592e-008	7.1298e-008	7.4166e-008	7.7512e-008	8.0714e-008	8.5608e-008	8.6908e-008	8.9153e-008	9.0521e-008	9.2292e-008	9.3688e-008	9.5243e-008	9.5819e-008	9.5604e-008	9.5038e-008	9.538e-008	9.5393e-008	9.3759e-008	9.2449e-008	9.0755e-008	8.9621e-008	8.9108e-008	8.8367e-008	8.6225e-008	8.5002e-008	8.3711e-008	8.3116e-008	8.0581e-008	7.827e-008	7.6422e-008	7.4538e-008	7.2705e-008	7.1925e-008	7.1877e-008	7.1398e-008	6.9603e-008	6.718e-008	6.6014e-008	6.2287e-008	6.1244e-008	5.8725e-008	5.6764e-008	5.5205e-008	5.3773e-008	5.2445e-008	5.1902e-008	4.9674e-008	4.8935e-008	4.7065e-008	4.4107e-008	4.364e-008	4.2794e-008	4.0254e-008	3.8621e-008	3.6221e-008	3.4838e-008	3.3892e-008	3.2048e-008	2.9966e-008	2.8139e-008	2.6805e-008	2.4771e-008	2.2825e-008	2.1318e-008	2.0518e-008	1.9636e-008	1.8409e-008	1.7471e-008	1.7016e-008	1.6625e-008	1.5693e-008	1.4618e-008	1.3963e-008	1.3562e-008	1.2758e-008	1.2413e-008	1.2124e-008	1.0936e-008	1.0139e-008	9.3314e-009	9.6354e-009	9.9537e-009	9.5567e-009	8.84e-009	9.059e-009	9.5643e-009	1.159e-008	1.3457e-008	1.4782e-008	1.6025e-008	1.7867e-008	2.1261e-008	2.5112e-008	2.8964e-008	3.3504e-008	3.838e-008	4.2324e-008	4.7049e-008	5.0954e-008	5.6511e-008	6.1877e-008	6.7134e-008	7.2167e-008	7.6509e-008	8.025e-008	8.3704e-008	8.7042e-008	8.985e-008	9.4072e-008	9.4513e-008	9.4879e-008	9.491e-008	9.5638e-008	9.6338e-008	9.6412e-008	9.7099e-008	9.8025e-008	9.8671e-008	9.9269e-008	1.0029e-007	9.9697e-008	9.7356e-008	9.6833e-008	9.4912e-008	9.2946e-008	9.2062e-008	9.1326e-008	9.1185e-008	9.0003e-008	8.8673e-008	8.6874e-008	8.5106e-008	8.3407e-008	8.1447e-008	8.0833e-008	7.9171e-008	7.7256e-008	7.4699e-008	7.2703e-008	7.0358e-008	6.8164e-008	6.6148e-008	6.4403e-008	6.219e-008	6.0691e-008	5.8615e-008	5.6735e-008	5.4363e-008	5.2842e-008	4.9925e-008	4.7932e-008	4.5946e-008	4.4935e-008	4.3675e-008	4.1728e-008	3.929e-008	3.7755e-008	3.4148e-008	3.3069e-008	3.222e-008	2.8985e-008	2.7266e-008	2.6415e-008	2.4185e-008	2.3068e-008	2.1496e-008	2.0049e-008	1.8321e-008	1.6399e-008	1.5313e-008	1.313e-008	1.2717e-008	1.2212e-008	1.1058e-008	1.035e-008	1.0317e-008	9.9906e-009	9.8099e-009	9.7588e-009	9.7714e-009	9.7482e-009	9.5892e-009	9.6068e-009	1.0147e-008	1.0883e-008	1.1402e-008	1.1706e-008	1.2193e-008	1.3797e-008	1.5148e-008	1.642e-008	1.8489e-008	2.0896e-008	2.4346e-008	2.7194e-008	3.1704e-008	3.7274e-008	4.2481e-008	4.5896e-008	5.115e-008	5.6322e-008	6.2001e-008	6.6017e-008	7.0922e-008	7.5257e-008	7.9386e-008	8.1997e-008	8.602e-008	8.8931e-008	9.0588e-008	9.4153e-008	9.5545e-008	9.5945e-008	9.6643e-008	9.7793e-008	9.8752e-008	9.9619e-008	9.9837e-008	9.9298e-008	9.8784e-008	9.8047e-008	9.7574e-008	9.7418e-008	9.6492e-008	9.583e-008	9.5053e-008	9.5129e-008	9.4088e-008	9.2285e-008	9.0935e-008	8.9865e-008	8.7464e-008	8.5814e-008	8.4378e-008	8.2722e-008	8.041e-008	7.9596e-008	7.8164e-008	7.6663e-008	7.4973e-008	7.2773e-008	7.1495e-008	7.0848e-008	7.0286e-008	6.8966e-008	6.6569e-008	6.2605e-008	6.0653e-008	5.8839e-008	5.7273e-008	5.6581e-008	5.5232e-008	5.2405e-008	5.002e-008	4.7704e-008	4.5816e-008	4.3231e-008	4.229e-008	4.0268e-008	3.8207e-008	3.7504e-008	3.6487e-008	3.4354e-008	3.2226e-008	3.1042e-008	2.9675e-008	2.8895e-008	2.7163e-008	2.5248e-008	2.3422e-008	2.2442e-008	1.9987e-008	1.9319e-008	1.9021e-008	1.7606e-008	1.6557e-008	1.5598e-008	1.4832e-008	1.4967e-008	1.5082e-008	1.5223e-008	1.5198e-008	1.5107e-008	1.5014e-008	1.4902e-008	1.4973e-008	1.5515e-008	1.6171e-008	1.6733e-008	1.7882e-008	1.8635e-008
3.4421e-009	4.7888e-009	5.9376e-009	7.9427e-009	1.0143e-008	1.2602e-008	1.4692e-008	1.7913e-008	2.0429e-008	2.2958e-008	2.5196e-008	3.3175e-008	3.7363e-008	3.9292e-008	4.5219e-008	4.9188e-008	5.2847e-008	5.9016e-008	6.281e-008	6.8716e-008	7.2352e-008	7.546e-008	7.9465e-008	8.1106e-008	8.2674e-008	8.5129e-008	8.6961e-008	8.871e-008	8.9847e-008	9.0385e-008	9.1502e-008	9.3296e-008	9.4496e-008	9.4855e-008	9.3772e-008	9.294e-008	9.0169e-008	8.8922e-008	8.7771e-008	8.751e-008	8.6887e-008	8.6127e-008	8.5051e-008	8.2433e-008	8.0395e-008	7.7876e-008	7.6925e-008	7.5427e-008	7.4077e-008	7.2608e-008	7.1641e-008	7.004e-008	6.8918e-008	6.7879e-008	6.6528e-008	6.2963e-008	6.0271e-008	5.8688e-008	5.7072e-008	5.4978e-008	5.3725e-008	5.335e-008	5.2626e-008	5.0931e-008	4.8725e-008	4.7254e-008	4.4207e-008	4.2142e-008	4.1225e-008	4.0494e-008	3.8469e-008	3.6267e-008	3.3569e-008	3.2479e-008	2.9e-008	2.8529e-008	2.7381e-008	2.6261e-008	2.5219e-008	2.4201e-008	2.2897e-008	2.1451e-008	2.0004e-008	1.8677e-008	1.7489e-008	1.7251e-008	1.6078e-008	1.5174e-008	1.4077e-008	1.3269e-008	1.1489e-008	1.0614e-008	9.4632e-009	8.7827e-009	7.8088e-009	6.9902e-009	6.4263e-009	5.795e-009	5.7527e-009	5.7045e-009	6.6647e-009	7.3397e-009	8.5745e-009	9.0637e-009	1.0264e-008	1.1955e-008	1.4452e-008	1.6842e-008	1.8624e-008	2.1697e-008	2.3819e-008	2.7257e-008	2.9868e-008	3.3708e-008	3.7287e-008	4.1917e-008	4.7235e-008	5.2278e-008	5.7618e-008	6.3713e-008	6.67e-008	7.0828e-008	7.4044e-008	7.6271e-008	7.8519e-008	8.0975e-008	8.2551e-008	8.6492e-008	8.7773e-008	8.8605e-008	9.1291e-008	9.3161e-008	9.4172e-008	9.4264e-008	9.3351e-008	9.2439e-008	9.1404e-008	9.0522e-008	8.9363e-008	8.7991e-008	8.6877e-008	8.5071e-008	8.3987e-008	8.2801e-008	8.0925e-008	7.8379e-008	7.7266e-008	7.5234e-008	7.4067e-008	7.2436e-008	7.0421e-008	6.9314e-008	6.8529e-008	6.8226e-008	6.7435e-008	6.5709e-008	6.3989e-008	6.1652e-008	6.0822e-008	6.0479e-008	5.8815e-008	5.748e-008	5.6216e-008	5.5339e-008	5.4149e-008	5.2125e-008	5.0151e-008	4.9168e-008	4.8359e-008	4.6464e-008	4.3359e-008	4.1808e-008	3.9317e-008	3.7665e-008	3.6576e-008	3.5169e-008	3.2909e-008	3.091e-008	2.9309e-008	2.7348e-008	2.6343e-008	2.4053e-008	2.308e-008	2.1144e-008	1.9792e-008	1.9323e-008	1.7773e-008	1.6297e-008	1.5218e-008	1.4475e-008	1.2817e-008	1.1967e-008	1.108e-008	1.0491e-008	1.0619e-008	9.647e-009	1.0032e-008	9.3511e-009	1.0135e-008	1.056e-008	1.1064e-008	1.1464e-008	1.1631e-008	1.2802e-008	1.3248e-008	1.4753e-008	1.6307e-008	1.7636e-008	1.9357e-008	2.0997e-008	2.2631e-008	2.5517e-008	2.9216e-008	3.2456e-008	3.6709e-008	4.0861e-008	4.481e-008	5.0902e-008	5.5005e-008	6.0175e-008	6.4924e-008	6.8753e-008	7.1325e-008	7.514e-008	7.8415e-008	8.1843e-008	8.5054e-008	8.6847e-008	8.9493e-008	9.1125e-008	9.3317e-008	9.4704e-008	9.5859e-008	9.6398e-008	9.6273e-008	9.577e-008	9.545e-008	9.5948e-008	9.3692e-008	9.3008e-008	9.1943e-008	9.1366e-008	9.0285e-008	8.9112e-008	8.6706e-008	8.5635e-008	8.4524e-008	8.303e-008	8.0855e-008	7.8444e-008	7.7438e-008	7.4675e-008	7.3577e-008	7.2896e-008	7.2184e-008	7.1295e-008	6.9413e-008	6.7558e-008	6.634e-008	6.3082e-008	6.137e-008	5.791e-008	5.6531e-008	5.4882e-008	5.4044e-008	5.3316e-008	5.3249e-008	5.1535e-008	4.9536e-008	4.8092e-008	4.5605e-008	4.4016e-008	4.291e-008	4.0495e-008	3.8541e-008	3.6492e-008	3.533e-008	3.3855e-008	3.1397e-008	3.0256e-008	2.8785e-008	2.6919e-008	2.4797e-008	2.2794e-008	2.2016e-008	2.1224e-008	2.01e-008	1.8869e-008	1.7748e-008	1.7643e-008	1.7322e-008	1.6336e-008	1.5503e-008	1.4507e-008	1.3976e-008	1.3598e-008	1.3117e-008	1.3054e-008	1.2115e-008	1.1712e-008	1.0346e-008	1.0627e-008	1.0648e-008	1.0263e-008	9.7009e-009	9.7562e-009	1.0536e-008	1.1878e-008	1.3213e-008	1.4996e-008	1.6424e-008	1.7802e-008	2.203e-008	2.5707e-008	2.9498e-008	3.3864e-008	3.7286e-008	4.3852e-008	4.6955e-008	5.1651e-008	5.6569e-008	6.0992e-008	6.6328e-008	7.0783e-008	7.4943e-008	7.9016e-008	8.3676e-008	8.5388e-008	8.9786e-008	9.4254e-008	9.4846e-008	9.506e-008	9.5359e-008	9.5669e-008	9.6805e-008	9.724e-008	9.774e-008	9.8986e-008	9.8939e-008	9.9548e-008	1.001e-007	9.9586e-008	9.836e-008	9.7001e-008	9.5813e-008	9.3908e-008	9.293e-008	9.2166e-008	9.1831e-008	9.1048e-008	9.0006e-008	8.7415e-008	8.5911e-008	8.3512e-008	8.2112e-008	8.1329e-008	7.9499e-008	7.6823e-008	7.501e-008	7.3163e-008	7.0942e-008	6.855e-008	6.699e-008	6.5965e-008	6.289e-008	6.0992e-008	5.9507e-008	5.7335e-008	5.5576e-008	5.3496e-008	5.0948e-008	4.9239e-008	4.7468e-008	4.5621e-008	4.4091e-008	4.2103e-008	3.9137e-008	3.7957e-008	3.6149e-008	3.393e-008	3.2034e-008	3.0403e-008	2.8214e-008	2.6057e-008	2.4762e-008	2.3225e-008	2.1864e-008	2.01e-008	1.8922e-008	1.7379e-008	1.5806e-008	1.4379e-008	1.3364e-008	1.2564e-008	1.1792e-008	1.1391e-008	1.095e-008	1.0962e-008	1.0964e-008	1.059e-008	1.0449e-008	1.0105e-008	1.0235e-008	1.0741e-008	1.1367e-008	1.1546e-008	1.1641e-008	1.1626e-008	1.2553e-008	1.416e-008	1.4946e-008	1.6289e-008	1.8769e-008	2.1895e-008	2.4534e-008	2.6818e-008	3.0493e-008	3.6565e-008	4.2312e-008	4.5927e-008	5.1965e-008	5.6418e-008	6.2355e-008	6.5639e-008	7.0991e-008	7.511e-008	7.8461e-008	8.1816e-008	8.6662e-008	8.9068e-008	9.1942e-008	9.3892e-008	9.5954e-008	9.6953e-008	9.769e-008	9.8359e-008	9.9466e-008	9.9696e-008	9.999e-008	9.9566e-008	9.8844e-008	9.8236e-008	9.7831e-008	9.7352e-008	9.6748e-008	9.6336e-008	9.5491e-008	9.5239e-008	9.5165e-008	9.3312e-008	9.1269e-008	8.9577e-008	8.7901e-008	8.6649e-008	8.4345e-008	8.3127e-008	8.1259e-008	7.9424e-008	7.8811e-008	7.8001e-008	7.5592e-008	7.3814e-008	7.235e-008	7.111e-008	7.0247e-008	6.9436e-008	6.7526e-008	6.3662e-008	6.1878e-008	5.9388e-008	5.8029e-008	5.7069e-008	5.5745e-008	5.2468e-008	4.9646e-008	4.8466e-008	4.7123e-008	4.3719e-008	4.204e-008	3.9979e-008	3.837e-008	3.786e-008	3.6976e-008	3.5706e-008	3.175e-008	3.1097e-008	2.9871e-008	2.8741e-008	2.7652e-008	2.5929e-008	2.4031e-008	2.2497e-008	2.0559e-008	2.0065e-008	1.9588e-008	1.845e-008	1.69e-008	1.5972e-008	1.542e-008	1.5241e-008	1.5936e-008	1.6496e-008	1.5967e-008	1.5651e-008	1.5278e-008	1.5368e-008	1.5518e-008	1.5803e-008	1.6806e-008	1.7602e-008	1.8834e-008	1.9175e-008
3.6694e-009	5.6142e-009	6.6374e-009	8.5575e-009	1.0721e-008	1.2802e-008	1.4724e-008	1.8509e-008	2.1426e-008	2.3293e-008	2.6433e-008	3.1864e-008	3.7328e-008	3.9965e-008	4.4832e-008	4.8355e-008	5.3113e-008	5.9087e-008	6.2941e-008	6.739e-008	7.2717e-008	7.6386e-008	7.9356e-008	8.125e-008	8.3482e-008	8.5103e-008	8.7793e-008	8.9329e-008	9.0209e-008	9.0408e-008	9.1889e-008	9.4116e-008	9.4844e-008	9.4519e-008	9.28e-008	9.1715e-008	9.0135e-008	8.9029e-008	8.8084e-008	8.7482e-008	8.6686e-008	8.6215e-008	8.5401e-008	8.4042e-008	8.1122e-008	7.8806e-008	7.7126e-008	7.6348e-008	7.4088e-008	7.3003e-008	7.1955e-008	7.1418e-008	6.9637e-008	6.8483e-008	6.7991e-008	6.5152e-008	6.2856e-008	5.8334e-008	5.7715e-008	5.5412e-008	5.3805e-008	5.354e-008	5.305e-008	5.1252e-008	4.9435e-008	4.7953e-008	4.5599e-008	4.3554e-008	4.1952e-008	4.1176e-008	3.7617e-008	3.6647e-008	3.416e-008	3.275e-008	3.0402e-008	2.9241e-008	2.7653e-008	2.6687e-008	2.5665e-008	2.4598e-008	2.3375e-008	2.228e-008	1.9811e-008	1.9042e-008	1.8286e-008	1.776e-008	1.6473e-008	1.5953e-008	1.5177e-008	1.4127e-008	1.2974e-008	1.1357e-008	1.1182e-008	1.0491e-008	9.4416e-009	8.3953e-009	7.9354e-009	7.732e-009	7.4562e-009	7.3841e-009	7.8464e-009	8.6731e-009	9.6338e-009	1.0226e-008	1.1091e-008	1.3449e-008	1.5146e-008	1.7702e-008	1.9709e-008	2.2975e-008	2.451e-008	2.6939e-008	3.0978e-008	3.4129e-008	3.9652e-008	4.3186e-008	4.8585e-008	5.2908e-008	5.8679e-008	6.389e-008	6.8573e-008	7.1158e-008	7.3916e-008	7.624e-008	7.9391e-008	8.0853e-008	8.2388e-008	8.6638e-008	8.7527e-008	8.9934e-008	9.1575e-008	9.2785e-008	9.3741e-008	9.3918e-008	9.3239e-008	9.2441e-008	9.1564e-008	9.1195e-008	9.0324e-008	8.9071e-008	8.765e-008	8.7129e-008	8.476e-008	8.3105e-008	8.1278e-008	7.992e-008	7.8434e-008	7.6232e-008	7.5119e-008	7.3504e-008	7.2047e-008	7.0125e-008	6.9283e-008	6.8936e-008	6.8064e-008	6.597e-008	6.4322e-008	6.2491e-008	6.1837e-008	6.0936e-008	5.9266e-008	5.8019e-008	5.6722e-008	5.559e-008	5.4318e-008	5.3386e-008	5.1548e-008	4.9412e-008	4.8658e-008	4.7436e-008	4.3735e-008	4.1575e-008	3.9612e-008	3.795e-008	3.6876e-008	3.5571e-008	3.3178e-008	3.1061e-008	2.9503e-008	2.8292e-008	2.6504e-008	2.4284e-008	2.3097e-008	2.1585e-008	2.0389e-008	1.9392e-008	1.8179e-008	1.6627e-008	1.6005e-008	1.4839e-008	1.3199e-008	1.2501e-008	1.1786e-008	1.1425e-008	1.108e-008	1.1404e-008	1.1547e-008	1.1272e-008	1.1526e-008	1.182e-008	1.1705e-008	1.1836e-008	1.2263e-008	1.3162e-008	1.4238e-008	1.578e-008	1.6823e-008	1.7638e-008	1.9483e-008	2.1148e-008	2.3048e-008	2.5333e-008	2.9851e-008	3.4212e-008	3.859e-008	4.2733e-008	4.6474e-008	5.1822e-008	5.5151e-008	6.1864e-008	6.4875e-008	6.8634e-008	7.2276e-008	7.4641e-008	7.7766e-008	8.0607e-008	8.4938e-008	8.7328e-008	8.9615e-008	9.1735e-008	9.3359e-008	9.5214e-008	9.6217e-008	9.6206e-008	9.6106e-008	9.598e-008	9.5658e-008	9.544e-008	9.5018e-008	9.4209e-008	9.2448e-008	9.155e-008	9.0653e-008	8.9442e-008	8.7935e-008	8.6205e-008	8.4681e-008	8.3114e-008	8.1178e-008	7.9492e-008	7.7813e-008	7.4764e-008	7.3717e-008	7.3268e-008	7.2272e-008	7.1305e-008	7.033e-008	6.7879e-008	6.59e-008	6.2944e-008	6.007e-008	5.8085e-008	5.7801e-008	5.5063e-008	5.4039e-008	5.3336e-008	5.3306e-008	5.2362e-008	5.0694e-008	4.9364e-008	4.6639e-008	4.4595e-008	4.2623e-008	4.0813e-008	3.8708e-008	3.7163e-008	3.5355e-008	3.2931e-008	3.1255e-008	3.0304e-008	2.8262e-008	2.6499e-008	2.4356e-008	2.3319e-008	2.2361e-008	2.1224e-008	1.9673e-008	1.8571e-008	1.7715e-008	1.7387e-008	1.7159e-008	1.6262e-008	1.6663e-008	1.515e-008	1.4402e-008	1.3852e-008	1.3309e-008	1.3128e-008	1.2844e-008	1.2096e-008	1.1091e-008	1.0569e-008	1.0682e-008	1.0168e-008	9.8366e-009	1.0334e-008	1.0927e-008	1.2073e-008	1.3234e-008	1.4623e-008	1.6417e-008	1.8879e-008	2.2589e-008	2.5207e-008	2.8877e-008	3.432e-008	3.8099e-008	4.3173e-008	4.7957e-008	5.2481e-008	5.7243e-008	6.1946e-008	6.6727e-008	7.1111e-008	7.4759e-008	7.9253e-008	8.3642e-008	8.7014e-008	8.8765e-008	9.3869e-008	9.4668e-008	9.5065e-008	9.553e-008	9.6242e-008	9.7211e-008	9.8154e-008	9.8712e-008	9.9163e-008	9.9459e-008	9.9538e-008	9.9516e-008	9.8981e-008	9.791e-008	9.658e-008	9.4778e-008	9.3864e-008	9.3478e-008	9.2769e-008	9.209e-008	9.1167e-008	9.0445e-008	8.8711e-008	8.5678e-008	8.3409e-008	8.1908e-008	8.0858e-008	7.8623e-008	7.6381e-008	7.5068e-008	7.3584e-008	7.0698e-008	6.9067e-008	6.7444e-008	6.6179e-008	6.4573e-008	6.1897e-008	5.919e-008	5.751e-008	5.5163e-008	5.3925e-008	5.1975e-008	5.0214e-008	4.8136e-008	4.5723e-008	4.3701e-008	4.1253e-008	3.9542e-008	3.8481e-008	3.5853e-008	3.378e-008	3.2507e-008	3.0516e-008	2.7783e-008	2.6326e-008	2.4448e-008	2.3509e-008	2.2142e-008	2.019e-008	1.8691e-008	1.7506e-008	1.6027e-008	1.4892e-008	1.3679e-008	1.2598e-008	1.1787e-008	1.1475e-008	1.1474e-008	1.1798e-008	1.1591e-008	1.1296e-008	1.0885e-008	1.0387e-008	1.0348e-008	1.0959e-008	1.1142e-008	1.1506e-008	1.1924e-008	1.1822e-008	1.2323e-008	1.3803e-008	1.4751e-008	1.6399e-008	1.8749e-008	2.1907e-008	2.4434e-008	2.6472e-008	2.9426e-008	3.5999e-008	4.1493e-008	4.8048e-008	5.2763e-008	5.8078e-008	6.2592e-008	6.7048e-008	7.1353e-008	7.505e-008	7.9209e-008	8.307e-008	8.6707e-008	8.8717e-008	9.1116e-008	9.4209e-008	9.5794e-008	9.78e-008	9.8762e-008	9.9959e-008	9.9964e-008	9.9893e-008	9.9504e-008	9.9148e-008	9.8726e-008	9.8411e-008	9.8189e-008	9.7915e-008	9.7125e-008	9.6336e-008	9.5222e-008	9.4839e-008	9.427e-008	9.3004e-008	9.0749e-008	8.9184e-008	8.816e-008	8.7001e-008	8.5222e-008	8.319e-008	8.2105e-008	8.0557e-008	7.9464e-008	7.7849e-008	7.5421e-008	7.3863e-008	7.28e-008	7.1447e-008	6.9926e-008	6.8636e-008	6.6812e-008	6.3308e-008	6.1362e-008	5.9349e-008	5.7968e-008	5.7172e-008	5.4598e-008	5.2229e-008	5.0305e-008	4.8738e-008	4.721e-008	4.4671e-008	4.3205e-008	4.0921e-008	3.8066e-008	3.8032e-008	3.6965e-008	3.4703e-008	3.194e-008	3.0797e-008	2.9552e-008	2.7548e-008	2.6996e-008	2.5343e-008	2.4552e-008	2.2944e-008	2.1283e-008	2.0603e-008	2.0371e-008	1.8356e-008	1.7274e-008	1.6475e-008	1.6203e-008	1.6184e-008	1.613e-008	1.6603e-008	1.6093e-008	1.6011e-008	1.577e-008	1.5909e-008	1.6423e-008	1.6657e-008	1.6808e-008	1.7548e-008	1.9283e-008	1.9699e-008
4.2644e-009	5.777e-009	6.6876e-009	8.5264e-009	1.0963e-008	1.2997e-008	1.6304e-008	1.8787e-008	2.1611e-008	2.3894e-008	2.7886e-008	3.1608e-008	3.6316e-008	3.9995e-008	4.3783e-008	4.8434e-008	5.2578e-008	5.86e-008	6.2877e-008	6.8018e-008	7.422e-008	7.7095e-008	7.866e-008	8.1025e-008	8.3035e-008	8.5169e-008	8.8325e-008	8.9748e-008	9.0554e-008	9.1153e-008	9.158e-008	9.2888e-008	9.4528e-008	9.4044e-008	9.3141e-008	9.1513e-008	8.9986e-008	8.8547e-008	8.8149e-008	8.7421e-008	8.6597e-008	8.6051e-008	8.5951e-008	8.5161e-008	8.2161e-008	7.9701e-008	7.7459e-008	7.6575e-008	7.4159e-008	7.3052e-008	7.2487e-008	7.1522e-008	7.0183e-008	6.8896e-008	6.7778e-008	6.61e-008	6.3268e-008	5.9528e-008	5.8882e-008	5.6127e-008	5.39e-008	5.3314e-008	5.2541e-008	5.0775e-008	4.9193e-008	4.7567e-008	4.5368e-008	4.3234e-008	4.1585e-008	4.0694e-008	3.7162e-008	3.6084e-008	3.4422e-008	3.2925e-008	3.1328e-008	2.9703e-008	2.8389e-008	2.7344e-008	2.5881e-008	2.4192e-008	2.3514e-008	2.2125e-008	2.0676e-008	1.9369e-008	1.847e-008	1.8259e-008	1.787e-008	1.6448e-008	1.5842e-008	1.4201e-008	1.345e-008	1.2322e-008	1.1442e-008	1.0479e-008	9.4295e-009	8.4766e-009	8.308e-009	8.5033e-009	7.9471e-009	8.0875e-009	8.7835e-009	9.34e-009	1.0586e-008	1.1007e-008	1.2276e-008	1.4129e-008	1.583e-008	1.7098e-008	1.9685e-008	2.227e-008	2.4508e-008	2.8011e-008	3.1525e-008	3.4945e-008	4.0221e-008	4.426e-008	4.891e-008	5.442e-008	5.9434e-008	6.3343e-008	6.741e-008	7.0489e-008	7.4068e-008	7.6152e-008	7.8025e-008	8.0396e-008	8.4309e-008	8.5954e-008	8.8076e-008	9.0447e-008	9.1235e-008	9.2087e-008	9.3115e-008	9.3193e-008	9.2654e-008	9.2112e-008	9.165e-008	9.1446e-008	8.9765e-008	8.9266e-008	8.7681e-008	8.7098e-008	8.5791e-008	8.2638e-008	8.0566e-008	8.0078e-008	7.821e-008	7.6714e-008	7.4505e-008	7.3627e-008	7.1919e-008	7.0683e-008	6.9251e-008	6.8602e-008	6.7549e-008	6.6178e-008	6.3042e-008	6.1719e-008	6.1396e-008	6.0341e-008	5.9566e-008	5.7459e-008	5.7113e-008	5.5492e-008	5.3866e-008	5.3278e-008	5.1923e-008	4.9509e-008	4.8217e-008	4.6532e-008	4.3347e-008	4.1506e-008	3.8642e-008	3.717e-008	3.6343e-008	3.5006e-008	3.2934e-008	3.1664e-008	3.0061e-008	2.8072e-008	2.5954e-008	2.4525e-008	2.2487e-008	2.1141e-008	2.0093e-008	1.9166e-008	1.9039e-008	1.6857e-008	1.6029e-008	1.4918e-008	1.4041e-008	1.3062e-008	1.2369e-008	1.2075e-008	1.1954e-008	1.2295e-008	1.1969e-008	1.2181e-008	1.216e-008	1.2111e-008	1.1936e-008	1.2299e-008	1.2923e-008	1.4002e-008	1.4499e-008	1.6501e-008	1.7308e-008	1.8433e-008	1.9909e-008	2.1892e-008	2.3633e-008	2.6421e-008	2.9977e-008	3.476e-008	3.7418e-008	4.163e-008	4.5701e-008	5.1503e-008	5.6071e-008	6.0768e-008	6.548e-008	6.7323e-008	7.1546e-008	7.4464e-008	7.801e-008	8.2262e-008	8.4725e-008	8.742e-008	8.9182e-008	9.0729e-008	9.2405e-008	9.4322e-008	9.5747e-008	9.5682e-008	9.5426e-008	9.5977e-008	9.6004e-008	9.5238e-008	9.4925e-008	9.4622e-008	9.3158e-008	9.2229e-008	9.0444e-008	8.9052e-008	8.7532e-008	8.6363e-008	8.4974e-008	8.2859e-008	8.0575e-008	7.8915e-008	7.7357e-008	7.4445e-008	7.3367e-008	7.2602e-008	7.2023e-008	7.1042e-008	7.028e-008	6.7205e-008	6.4313e-008	6.1902e-008	5.9932e-008	5.8846e-008	5.7872e-008	5.6136e-008	5.4574e-008	5.3684e-008	5.3062e-008	5.1614e-008	5.0165e-008	4.8704e-008	4.6245e-008	4.4018e-008	4.202e-008	4.0622e-008	3.8319e-008	3.624e-008	3.4584e-008	3.2268e-008	3.0672e-008	2.9763e-008	2.7249e-008	2.5948e-008	2.434e-008	2.2737e-008	2.1765e-008	2.0871e-008	1.8855e-008	1.7937e-008	1.6607e-008	1.6188e-008	1.5815e-008	1.5842e-008	1.6078e-008	1.4672e-008	1.3768e-008	1.3267e-008	1.3023e-008	1.2831e-008	1.2649e-008	1.2128e-008	1.1061e-008	1.0154e-008	1.0191e-008	1.004e-008	9.621e-009	1.0064e-008	1.0639e-008	1.1359e-008	1.2734e-008	1.4423e-008	1.7065e-008	1.8931e-008	2.2206e-008	2.4556e-008	2.8905e-008	3.3248e-008	3.7001e-008	4.1214e-008	4.7479e-008	5.1842e-008	5.7965e-008	6.2335e-008	6.7207e-008	7.0754e-008	7.4511e-008	7.8203e-008	8.2787e-008	8.7138e-008	8.9553e-008	9.1999e-008	9.3797e-008	9.487e-008	9.5793e-008	9.638e-008	9.7154e-008	9.7875e-008	9.8342e-008	9.8639e-008	9.9043e-008	9.9095e-008	9.8209e-008	9.8137e-008	9.7227e-008	9.645e-008	9.4655e-008	9.4157e-008	9.3781e-008	9.3057e-008	9.1891e-008	9.0572e-008	8.9527e-008	8.7282e-008	8.5182e-008	8.4133e-008	8.1731e-008	7.9586e-008	7.7367e-008	7.6355e-008	7.5538e-008	7.4137e-008	7.1467e-008	6.8918e-008	6.7694e-008	6.6533e-008	6.4643e-008	6.2384e-008	5.976e-008	5.6789e-008	5.533e-008	5.3741e-008	5.2353e-008	5.112e-008	4.8886e-008	4.712e-008	4.3388e-008	4.2003e-008	4.0059e-008	3.8656e-008	3.651e-008	3.4124e-008	3.2319e-008	3.0555e-008	2.8048e-008	2.6142e-008	2.4534e-008	2.2718e-008	2.157e-008	2.0169e-008	1.7975e-008	1.6882e-008	1.5249e-008	1.4249e-008	1.2979e-008	1.2164e-008	1.1393e-008	1.0978e-008	1.1541e-008	1.1486e-008	1.1139e-008	1.0979e-008	1.073e-008	1.0578e-008	1.0598e-008	1.0929e-008	1.082e-008	1.1112e-008	1.1451e-008	1.1681e-008	1.1998e-008	1.2505e-008	1.3698e-008	1.47e-008	1.7613e-008	2.0003e-008	2.2537e-008	2.5922e-008	2.894e-008	3.3028e-008	4.0042e-008	4.6964e-008	5.2947e-008	5.7779e-008	6.2555e-008	6.7301e-008	7.0553e-008	7.62e-008	8.0636e-008	8.3611e-008	8.6207e-008	8.8276e-008	9.0984e-008	9.3123e-008	9.5113e-008	9.7966e-008	9.8758e-008	9.9473e-008	9.9953e-008	9.9971e-008	9.9298e-008	9.9453e-008	9.9268e-008	9.9021e-008	9.8644e-008	9.7914e-008	9.7038e-008	9.6162e-008	9.4752e-008	9.3703e-008	9.3225e-008	9.1168e-008	9.0604e-008	8.9106e-008	8.81e-008	8.6862e-008	8.6228e-008	8.4494e-008	8.2972e-008	8.1346e-008	7.9779e-008	7.7777e-008	7.5924e-008	7.4756e-008	7.3099e-008	7.1305e-008	6.9445e-008	6.8256e-008	6.6742e-008	6.3895e-008	6.2003e-008	5.9584e-008	5.8248e-008	5.6757e-008	5.477e-008	5.1876e-008	5.014e-008	4.8369e-008	4.6732e-008	4.4239e-008	4.2593e-008	4.121e-008	3.8932e-008	3.7153e-008	3.6167e-008	3.3886e-008	3.2204e-008	3.0953e-008	2.8283e-008	2.6761e-008	2.574e-008	2.5359e-008	2.4201e-008	2.228e-008	2.0972e-008	2.0409e-008	2.0264e-008	1.9087e-008	1.7519e-008	1.6514e-008	1.6135e-008	1.5807e-008	1.5594e-008	1.6135e-008	1.5715e-008	1.5754e-008	1.5611e-008	1.5467e-008	1.6124e-008	1.6344e-008	1.6386e-008	1.7383e-008	1.8849e-008	1.9475e-008
4.3998e-009	5.6563e-009	6.856e-009	8.6492e-009	1.1557e-008	1.301e-008	1.6047e-008	1.9378e-008	2.2084e-008	2.3525e-008	2.9216e-008	3.2777e-008	3.5776e-008	3.9787e-008	4.3218e-008	4.8073e-008	5.2866e-008	5.8489e-008	6.4295e-008	7.0151e-008	7.4437e-008	7.5639e-008	7.8429e-008	8.0498e-008	8.261e-008	8.4556e-008	8.7899e-008	9.0337e-008	9.128e-008	9.1658e-008	9.22e-008	9.2839e-008	9.3852e-008	9.445e-008	9.3146e-008	9.2029e-008	9.0296e-008	8.9463e-008	8.8226e-008	8.7828e-008	8.6958e-008	8.6365e-008	8.601e-008	8.548e-008	8.236e-008	8.0611e-008	7.8391e-008	7.6773e-008	7.5129e-008	7.4174e-008	7.2936e-008	7.187e-008	7.0346e-008	6.9378e-008	6.8352e-008	6.6334e-008	6.448e-008	6.2327e-008	6.0211e-008	5.857e-008	5.55e-008	5.3875e-008	5.2396e-008	5.1443e-008	4.973e-008	4.8298e-008	4.6724e-008	4.4999e-008	4.1865e-008	4.049e-008	3.7853e-008	3.6037e-008	3.3904e-008	3.2802e-008	3.1579e-008	2.9596e-008	2.86e-008	2.7162e-008	2.6634e-008	2.5482e-008	2.3737e-008	2.1993e-008	2.1006e-008	1.9149e-008	1.8592e-008	1.8103e-008	1.7925e-008	1.725e-008	1.6192e-008	1.5071e-008	1.3819e-008	1.248e-008	1.1762e-008	1.0639e-008	9.8169e-009	9.2942e-009	9.1107e-009	9.2803e-009	8.9557e-009	9.0078e-009	9.3925e-009	9.9482e-009	1.0877e-008	1.1845e-008	1.3258e-008	1.4271e-008	1.6154e-008	1.7774e-008	1.9312e-008	2.2253e-008	2.4399e-008	2.7472e-008	3.1678e-008	3.5476e-008	4.0111e-008	4.552e-008	5.0739e-008	5.4038e-008	5.9385e-008	6.2881e-008	6.7795e-008	7.0134e-008	7.3766e-008	7.5636e-008	7.8434e-008	8.1928e-008	8.458e-008	8.6723e-008	9.0229e-008	9.0889e-008	9.1727e-008	9.2221e-008	9.3e-008	9.2893e-008	9.2477e-008	9.2305e-008	9.2053e-008	9.161e-008	9.0802e-008	8.9608e-008	8.8185e-008	8.7093e-008	8.5598e-008	8.2976e-008	8.0854e-008	8.0229e-008	7.8316e-008	7.6837e-008	7.5827e-008	7.3639e-008	7.2505e-008	7.1216e-008	6.9485e-008	6.8393e-008	6.7366e-008	6.5764e-008	6.2733e-008	6.1595e-008	6.1254e-008	6.0659e-008	5.9856e-008	5.8239e-008	5.7367e-008	5.6045e-008	5.4465e-008	5.3239e-008	5.1583e-008	4.9204e-008	4.8201e-008	4.6903e-008	4.3765e-008	4.1541e-008	3.9302e-008	3.7592e-008	3.5925e-008	3.4371e-008	3.2539e-008	3.1516e-008	3.0196e-008	2.8464e-008	2.6077e-008	2.3767e-008	2.2639e-008	2.1374e-008	1.985e-008	1.921e-008	1.9186e-008	1.7869e-008	1.5718e-008	1.5073e-008	1.4157e-008	1.3128e-008	1.2561e-008	1.2354e-008	1.2497e-008	1.2574e-008	1.2314e-008	1.2481e-008	1.2469e-008	1.2347e-008	1.2803e-008	1.3288e-008	1.3685e-008	1.4249e-008	1.4849e-008	1.6949e-008	1.7974e-008	1.9187e-008	2.1259e-008	2.2094e-008	2.5204e-008	2.6884e-008	3.0013e-008	3.3898e-008	3.746e-008	4.0506e-008	4.5717e-008	5.0362e-008	5.6314e-008	6.1527e-008	6.4881e-008	6.815e-008	7.1809e-008	7.5565e-008	7.8194e-008	8.2848e-008	8.541e-008	8.7473e-008	8.9583e-008	9.0658e-008	9.1937e-008	9.3034e-008	9.5011e-008	9.4929e-008	9.5305e-008	9.5767e-008	9.62e-008	9.492e-008	9.458e-008	9.4386e-008	9.315e-008	9.2506e-008	9.0607e-008	8.8918e-008	8.7345e-008	8.6563e-008	8.5686e-008	8.4261e-008	8.09e-008	7.9103e-008	7.7282e-008	7.5681e-008	7.3629e-008	7.2445e-008	7.2159e-008	7.0819e-008	7.0135e-008	6.6803e-008	6.2491e-008	6.2393e-008	6.0932e-008	5.9247e-008	5.811e-008	5.6924e-008	5.4927e-008	5.3209e-008	5.2206e-008	5.1394e-008	5.0058e-008	4.8302e-008	4.5663e-008	4.333e-008	4.1388e-008	4.053e-008	3.8535e-008	3.6505e-008	3.2886e-008	3.2154e-008	3.0823e-008	2.9215e-008	2.7183e-008	2.542e-008	2.4292e-008	2.319e-008	2.1913e-008	2.0358e-008	1.8655e-008	1.7543e-008	1.5643e-008	1.5392e-008	1.5298e-008	1.5312e-008	1.5848e-008	1.517e-008	1.3536e-008	1.26e-008	1.2385e-008	1.2588e-008	1.2363e-008	1.1813e-008	1.1374e-008	1.0516e-008	1.0082e-008	9.9771e-009	9.7641e-009	9.9792e-009	1.0257e-008	1.1156e-008	1.2345e-008	1.4533e-008	1.6665e-008	1.8715e-008	2.1565e-008	2.3855e-008	2.9133e-008	3.282e-008	3.6876e-008	4.1021e-008	4.6318e-008	5.1133e-008	5.8453e-008	6.2738e-008	6.6778e-008	7.134e-008	7.4286e-008	7.9693e-008	8.3929e-008	8.6356e-008	8.8774e-008	9.0999e-008	9.3156e-008	9.4769e-008	9.6208e-008	9.6743e-008	9.6976e-008	9.7914e-008	9.7799e-008	9.7818e-008	9.8552e-008	9.8537e-008	9.8132e-008	9.7484e-008	9.6838e-008	9.6561e-008	9.5356e-008	9.4311e-008	9.4025e-008	9.3389e-008	9.2563e-008	9.0071e-008	8.8715e-008	8.6954e-008	8.5519e-008	8.4067e-008	8.1706e-008	7.9639e-008	7.7975e-008	7.6548e-008	7.5557e-008	7.3918e-008	7.2519e-008	6.8825e-008	6.7654e-008	6.6366e-008	6.4866e-008	6.2704e-008	6.1036e-008	5.6924e-008	5.5098e-008	5.4196e-008	5.2508e-008	5.0841e-008	4.9123e-008	4.7594e-008	4.5808e-008	4.3411e-008	4.024e-008	3.8375e-008	3.6175e-008	3.3547e-008	3.2215e-008	3.0538e-008	2.858e-008	2.6211e-008	2.4712e-008	2.272e-008	2.1603e-008	1.9553e-008	1.7815e-008	1.6625e-008	1.4973e-008	1.4532e-008	1.2892e-008	1.1766e-008	1.1018e-008	1.1047e-008	1.1224e-008	1.1104e-008	1.0928e-008	1.0294e-008	1.0284e-008	1.0204e-008	1.0839e-008	1.0762e-008	1.0521e-008	1.0676e-008	1.1109e-008	1.1499e-008	1.2075e-008	1.2049e-008	1.2754e-008	1.3991e-008	1.6532e-008	1.9086e-008	2.1079e-008	2.601e-008	2.7702e-008	3.2275e-008	3.9529e-008	4.6612e-008	5.1766e-008	5.7464e-008	6.2607e-008	6.7593e-008	7.1746e-008	7.7268e-008	8.1108e-008	8.3795e-008	8.5707e-008	8.837e-008	9.0582e-008	9.2371e-008	9.4552e-008	9.704e-008	9.8497e-008	9.9581e-008	1.0004e-007	1.0005e-007	1.0019e-007	1.0053e-007	1.001e-007	9.8846e-008	9.8875e-008	9.8089e-008	9.6943e-008	9.5763e-008	9.454e-008	9.3243e-008	9.1602e-008	9.0696e-008	8.9937e-008	8.8675e-008	8.7591e-008	8.6677e-008	8.5942e-008	8.4881e-008	8.3664e-008	8.1395e-008	7.9726e-008	7.7341e-008	7.6271e-008	7.515e-008	7.297e-008	7.0448e-008	6.8812e-008	6.7643e-008	6.6271e-008	6.4578e-008	6.2404e-008	6.0249e-008	5.8043e-008	5.6465e-008	5.4627e-008	5.1276e-008	4.9629e-008	4.7966e-008	4.579e-008	4.3834e-008	4.2455e-008	4.0636e-008	3.9095e-008	3.7036e-008	3.491e-008	3.3469e-008	3.2733e-008	3.0765e-008	2.8566e-008	2.7431e-008	2.6024e-008	2.5093e-008	2.2737e-008	2.2041e-008	2.0993e-008	2.0149e-008	1.9906e-008	1.8451e-008	1.7219e-008	1.6326e-008	1.5721e-008	1.5303e-008	1.5216e-008	1.5562e-008	1.5695e-008	1.5867e-008	1.5231e-008	1.5006e-008	1.5133e-008	1.5618e-008	1.621e-008	1.6804e-008	1.8404e-008	1.8975e-008
4.8822e-009	5.6705e-009	6.9507e-009	9.2469e-009	1.1386e-008	1.3196e-008	1.6033e-008	1.968e-008	2.1936e-008	2.5568e-008	3.0576e-008	3.3909e-008	3.7539e-008	3.9803e-008	4.4582e-008	4.8735e-008	5.4328e-008	5.9023e-008	6.3152e-008	6.9534e-008	7.3218e-008	7.5633e-008	7.7362e-008	7.9539e-008	8.2256e-008	8.4562e-008	8.7656e-008	8.983e-008	9.086e-008	9.1136e-008	9.1931e-008	9.2737e-008	9.333e-008	9.3399e-008	9.247e-008	9.1254e-008	9.0463e-008	8.9537e-008	8.8643e-008	8.7468e-008	8.6791e-008	8.6534e-008	8.5928e-008	8.455e-008	8.2136e-008	8.004e-008	7.7827e-008	7.6567e-008	7.5475e-008	7.3457e-008	7.2402e-008	7.1876e-008	7.009e-008	6.8915e-008	6.8178e-008	6.5917e-008	6.317e-008	6.1424e-008	6.0284e-008	5.8946e-008	5.5972e-008	5.4503e-008	5.2021e-008	5.0265e-008	4.9365e-008	4.8229e-008	4.6565e-008	4.5094e-008	4.2543e-008	3.9462e-008	3.8012e-008	3.6428e-008	3.4589e-008	3.2689e-008	3.1034e-008	2.844e-008	2.769e-008	2.6747e-008	2.6013e-008	2.445e-008	2.3153e-008	2.1553e-008	2.0838e-008	2.0251e-008	1.8901e-008	1.7766e-008	1.7495e-008	1.6782e-008	1.5547e-008	1.5206e-008	1.3537e-008	1.2768e-008	1.1788e-008	1.1094e-008	9.7666e-009	9.0672e-009	9.1783e-009	9.0387e-009	9.3471e-009	9.2294e-009	9.665e-009	1.0093e-008	1.0953e-008	1.1746e-008	1.2994e-008	1.4457e-008	1.5933e-008	1.7777e-008	1.9789e-008	2.2374e-008	2.5538e-008	2.8191e-008	3.1815e-008	3.6902e-008	4.0756e-008	4.6395e-008	5.1457e-008	5.4592e-008	5.9613e-008	6.3436e-008	6.8196e-008	7.0935e-008	7.3761e-008	7.6086e-008	7.9496e-008	8.2835e-008	8.4913e-008	8.8083e-008	9.1199e-008	9.2706e-008	9.2948e-008	9.2661e-008	9.2792e-008	9.2624e-008	9.2358e-008	9.2084e-008	9.2211e-008	9.1803e-008	9.162e-008	8.8881e-008	8.7216e-008	8.6662e-008	8.4748e-008	8.2511e-008	8.1501e-008	7.9911e-008	7.805e-008	7.6898e-008	7.5161e-008	7.4048e-008	7.2363e-008	7.0696e-008	6.9593e-008	6.7939e-008	6.665e-008	6.3917e-008	6.2148e-008	6.1142e-008	6.0575e-008	6.0274e-008	5.9508e-008	5.8646e-008	5.6934e-008	5.567e-008	5.3744e-008	5.2395e-008	5.0361e-008	4.8624e-008	4.7422e-008	4.6472e-008	4.3791e-008	4.046e-008	3.8957e-008	3.7533e-008	3.5642e-008	3.4028e-008	3.2234e-008	3.0899e-008	2.889e-008	2.7538e-008	2.5702e-008	2.3651e-008	2.2242e-008	2.1315e-008	2.0127e-008	1.9437e-008	1.8281e-008	1.7297e-008	1.5163e-008	1.4889e-008	1.4523e-008	1.3206e-008	1.2683e-008	1.271e-008	1.297e-008	1.2418e-008	1.2738e-008	1.2706e-008	1.2275e-008	1.2401e-008	1.3083e-008	1.3892e-008	1.4038e-008	1.4261e-008	1.5327e-008	1.6825e-008	1.9037e-008	2.0216e-008	2.1283e-008	2.2278e-008	2.5916e-008	2.7901e-008	3.0058e-008	3.3905e-008	3.6514e-008	4.0167e-008	4.5353e-008	5.094e-008	5.5602e-008	6.0639e-008	6.6682e-008	7.0191e-008	7.2265e-008	7.5512e-008	7.9355e-008	8.3429e-008	8.6201e-008	8.8713e-008	9e-008	9.0976e-008	9.1584e-008	9.2532e-008	9.4137e-008	9.4435e-008	9.5006e-008	9.5679e-008	9.5858e-008	9.518e-008	9.4222e-008	9.3518e-008	9.2714e-008	9.1716e-008	8.991e-008	8.8284e-008	8.7229e-008	8.6605e-008	8.5558e-008	8.4961e-008	8.2096e-008	7.8559e-008	7.6753e-008	7.519e-008	7.3857e-008	7.2732e-008	7.1584e-008	7.0318e-008	6.9388e-008	6.6041e-008	6.3922e-008	6.219e-008	6.0794e-008	5.8808e-008	5.7824e-008	5.6315e-008	5.4701e-008	5.2411e-008	5.202e-008	5.048e-008	4.9147e-008	4.7606e-008	4.451e-008	4.25e-008	4.1329e-008	4.0011e-008	3.8465e-008	3.5372e-008	3.3124e-008	3.2396e-008	3.0502e-008	2.849e-008	2.6524e-008	2.4317e-008	2.3627e-008	2.2122e-008	2.1295e-008	1.8872e-008	1.8161e-008	1.6765e-008	1.5856e-008	1.5085e-008	1.4754e-008	1.4642e-008	1.4763e-008	1.3866e-008	1.2298e-008	1.19e-008	1.1882e-008	1.2081e-008	1.1761e-008	1.1183e-008	1.0661e-008	1.0225e-008	9.7985e-009	9.4219e-009	9.5781e-009	9.7555e-009	1.0097e-008	1.0728e-008	1.2202e-008	1.4797e-008	1.6543e-008	1.833e-008	2.1369e-008	2.5069e-008	2.8948e-008	3.345e-008	3.6986e-008	4.1923e-008	4.6481e-008	5.2707e-008	5.8047e-008	6.4011e-008	6.7628e-008	7.2093e-008	7.6609e-008	8.0933e-008	8.3975e-008	8.6417e-008	8.882e-008	9.0629e-008	9.2807e-008	9.4583e-008	9.6739e-008	9.7408e-008	9.7558e-008	9.8082e-008	9.7915e-008	9.8028e-008	9.8137e-008	9.8091e-008	9.7752e-008	9.6744e-008	9.6321e-008	9.6239e-008	9.6121e-008	9.583e-008	9.4055e-008	9.371e-008	9.1438e-008	8.9157e-008	8.7278e-008	8.5574e-008	8.508e-008	8.3672e-008	8.2603e-008	8.0197e-008	7.8686e-008	7.6646e-008	7.5126e-008	7.3903e-008	7.1422e-008	6.9273e-008	6.7679e-008	6.6454e-008	6.4621e-008	6.3583e-008	6.2424e-008	5.9967e-008	5.7862e-008	5.535e-008	5.1536e-008	5.0235e-008	4.8647e-008	4.7258e-008	4.4878e-008	4.301e-008	4.0816e-008	3.8576e-008	3.7238e-008	3.5501e-008	3.1965e-008	2.9753e-008	2.7916e-008	2.5925e-008	2.4653e-008	2.3044e-008	2.0671e-008	1.9274e-008	1.7485e-008	1.5757e-008	1.4423e-008	1.3847e-008	1.2173e-008	1.1296e-008	1.0714e-008	1.0694e-008	1.0985e-008	1.0774e-008	1.0432e-008	9.8119e-009	1.0004e-008	1.0021e-008	1.0577e-008	1.0561e-008	1.0404e-008	1.0554e-008	1.0871e-008	1.1509e-008	1.1838e-008	1.2126e-008	1.2985e-008	1.42e-008	1.5807e-008	1.8435e-008	2.1565e-008	2.4836e-008	2.7159e-008	3.2584e-008	3.9425e-008	4.4322e-008	5.209e-008	5.6531e-008	6.2233e-008	6.8354e-008	7.2961e-008	7.8206e-008	8.0285e-008	8.3628e-008	8.5797e-008	8.7612e-008	8.9919e-008	9.2438e-008	9.4057e-008	9.6046e-008	9.7567e-008	9.9331e-008	1.0041e-007	1.0048e-007	1.0093e-007	1.0095e-007	1.0097e-007	9.9801e-008	9.9119e-008	9.8107e-008	9.6491e-008	9.5391e-008	9.418e-008	9.2779e-008	9.089e-008	9.0224e-008	8.9365e-008	8.7587e-008	8.7128e-008	8.6346e-008	8.5664e-008	8.46e-008	8.3962e-008	8.0558e-008	7.8883e-008	7.672e-008	7.6127e-008	7.5582e-008	7.3415e-008	7.0911e-008	6.9211e-008	6.744e-008	6.6368e-008	6.4539e-008	6.2527e-008	6.0951e-008	5.8028e-008	5.578e-008	5.328e-008	5.1913e-008	4.9646e-008	4.7799e-008	4.4953e-008	4.3604e-008	4.1433e-008	4.0014e-008	3.8607e-008	3.6553e-008	3.4327e-008	3.3543e-008	3.196e-008	3.0463e-008	2.8974e-008	2.7222e-008	2.5968e-008	2.4699e-008	2.3073e-008	2.1682e-008	2.0779e-008	1.9923e-008	1.9084e-008	1.8197e-008	1.6943e-008	1.6115e-008	1.562e-008	1.5121e-008	1.4765e-008	1.4918e-008	1.5226e-008	1.5395e-008	1.5015e-008	1.5132e-008	1.4916e-008	1.5541e-008	1.6315e-008	1.6816e-008	1.8018e-008	1.8679e-008
5.1896e-009	6.0844e-009	7.5526e-009	9.0622e-009	1.1761e-008	1.41e-008	1.6144e-008	2.0221e-008	2.2646e-008	2.719e-008	3.1795e-008	3.504e-008	3.8065e-008	4.1226e-008	4.5355e-008	4.9708e-008	5.5024e-008	5.9774e-008	6.4533e-008	6.8028e-008	7.2814e-008	7.5599e-008	7.747e-008	7.9524e-008	8.2512e-008	8.4519e-008	8.7687e-008	8.9389e-008	9.0843e-008	9.1282e-008	9.2543e-008	9.3067e-008	9.3135e-008	9.2732e-008	9.2177e-008	9.1326e-008	9.1164e-008	9.0127e-008	8.9374e-008	8.7657e-008	8.6719e-008	8.6229e-008	8.6132e-008	8.4141e-008	8.2232e-008	8.0621e-008	7.8266e-008	7.7052e-008	7.5559e-008	7.3757e-008	7.2708e-008	7.2044e-008	7.0213e-008	6.8976e-008	6.7932e-008	6.4623e-008	6.2627e-008	6.1028e-008	6.0538e-008	5.9712e-008	5.7282e-008	5.5655e-008	5.3196e-008	5.1481e-008	4.8979e-008	4.8154e-008	4.6363e-008	4.437e-008	4.1918e-008	3.9161e-008	3.8152e-008	3.6529e-008	3.5113e-008	3.2566e-008	2.9947e-008	2.8587e-008	2.7873e-008	2.6744e-008	2.5832e-008	2.4419e-008	2.307e-008	2.1851e-008	2.0963e-008	2.0639e-008	1.9933e-008	1.899e-008	1.7006e-008	1.6423e-008	1.5903e-008	1.5399e-008	1.3804e-008	1.299e-008	1.1877e-008	1.1238e-008	1.061e-008	9.5427e-009	9.453e-009	9.6858e-009	9.9903e-009	9.605e-009	9.8459e-009	1.0359e-008	1.0753e-008	1.1718e-008	1.2821e-008	1.4766e-008	1.5793e-008	1.7487e-008	1.93e-008	2.232e-008	2.5266e-008	2.9269e-008	3.2216e-008	3.7391e-008	4.0651e-008	4.5931e-008	5.1529e-008	5.5444e-008	5.9645e-008	6.3182e-008	6.8229e-008	7.145e-008	7.5017e-008	7.7364e-008	8.1205e-008	8.3711e-008	8.5632e-008	8.9871e-008	9.1649e-008	9.3442e-008	9.3935e-008	9.3965e-008	9.322e-008	9.3033e-008	9.2719e-008	9.2359e-008	9.2809e-008	9.2644e-008	9.1675e-008	9.0505e-008	8.7757e-008	8.7253e-008	8.3813e-008	8.2572e-008	8.1696e-008	8.0228e-008	7.7948e-008	7.7341e-008	7.5289e-008	7.3814e-008	7.1954e-008	7.1151e-008	6.9612e-008	6.7283e-008	6.6008e-008	6.4523e-008	6.2673e-008	6.1416e-008	6.0543e-008	5.9952e-008	5.8773e-008	5.8108e-008	5.6495e-008	5.6113e-008	5.3535e-008	5.1874e-008	4.9191e-008	4.8136e-008	4.7242e-008	4.6439e-008	4.4435e-008	4.0221e-008	3.8422e-008	3.7009e-008	3.4778e-008	3.3834e-008	3.2177e-008	3.0768e-008	2.8837e-008	2.7422e-008	2.5836e-008	2.4177e-008	2.2708e-008	2.1638e-008	2.0547e-008	1.9628e-008	1.814e-008	1.6878e-008	1.6192e-008	1.5556e-008	1.4713e-008	1.412e-008	1.3203e-008	1.2597e-008	1.2645e-008	1.2402e-008	1.2965e-008	1.2964e-008	1.2104e-008	1.2625e-008	1.3338e-008	1.4004e-008	1.4739e-008	1.4925e-008	1.6181e-008	1.7834e-008	1.8941e-008	2.0444e-008	2.1183e-008	2.267e-008	2.5954e-008	2.7685e-008	3.0061e-008	3.3725e-008	3.7582e-008	4.074e-008	4.5669e-008	5.1142e-008	5.6186e-008	6.1104e-008	6.6883e-008	7.1113e-008	7.2277e-008	7.5128e-008	8.0313e-008	8.2652e-008	8.6483e-008	8.9518e-008	9.0439e-008	9.1221e-008	9.145e-008	9.2455e-008	9.3493e-008	9.4136e-008	9.472e-008	9.5352e-008	9.5477e-008	9.5569e-008	9.4507e-008	9.356e-008	9.2511e-008	9.1279e-008	8.9682e-008	8.828e-008	8.6987e-008	8.683e-008	8.6504e-008	8.5235e-008	8.3699e-008	8.0887e-008	7.8169e-008	7.6338e-008	7.4966e-008	7.3469e-008	7.2444e-008	7.0519e-008	6.9085e-008	6.5476e-008	6.3824e-008	6.257e-008	6.1431e-008	6.0405e-008	5.74e-008	5.6274e-008	5.4315e-008	5.3262e-008	5.2302e-008	5.1021e-008	4.8864e-008	4.6531e-008	4.3275e-008	4.2826e-008	4.1891e-008	3.9074e-008	3.7706e-008	3.5352e-008	3.3133e-008	3.2735e-008	3.0068e-008	2.8328e-008	2.6458e-008	2.4897e-008	2.3536e-008	2.1719e-008	1.9911e-008	1.8748e-008	1.773e-008	1.6624e-008	1.5695e-008	1.4973e-008	1.4065e-008	1.372e-008	1.3705e-008	1.2779e-008	1.1503e-008	1.1584e-008	1.1716e-008	1.1778e-008	1.1005e-008	1.0376e-008	1.002e-008	9.9592e-009	9.6698e-009	9.3373e-009	9.3536e-009	9.6201e-009	1.0053e-008	1.0568e-008	1.2253e-008	1.4018e-008	1.6483e-008	1.793e-008	2.0913e-008	2.466e-008	2.7972e-008	3.3102e-008	3.6836e-008	4.2332e-008	4.5742e-008	5.3197e-008	5.9363e-008	6.3597e-008	6.865e-008	7.2181e-008	7.6159e-008	8.0815e-008	8.4173e-008	8.6128e-008	8.8944e-008	9.105e-008	9.3572e-008	9.6191e-008	9.8201e-008	9.8317e-008	9.7984e-008	9.7858e-008	9.8415e-008	9.8582e-008	9.7923e-008	9.783e-008	9.7588e-008	9.6395e-008	9.6201e-008	9.6615e-008	9.6426e-008	9.5962e-008	9.467e-008	9.4314e-008	9.3056e-008	8.8463e-008	8.7097e-008	8.5638e-008	8.4897e-008	8.3426e-008	8.2678e-008	8.1217e-008	7.8969e-008	7.6419e-008	7.5316e-008	7.3321e-008	7.1086e-008	6.9572e-008	6.7993e-008	6.6511e-008	6.55e-008	6.4136e-008	6.2958e-008	5.9852e-008	5.86e-008	5.6401e-008	5.3533e-008	4.944e-008	4.8345e-008	4.7281e-008	4.468e-008	4.2594e-008	4.1032e-008	3.8431e-008	3.7084e-008	3.4019e-008	3.1568e-008	3.0217e-008	2.7546e-008	2.528e-008	2.4037e-008	2.232e-008	2.0633e-008	1.9161e-008	1.7041e-008	1.5415e-008	1.4171e-008	1.2988e-008	1.1479e-008	1.0815e-008	1.0368e-008	1.047e-008	1.0509e-008	1.0355e-008	9.7854e-009	9.4514e-009	9.617e-009	9.6039e-009	9.9751e-009	1.0239e-008	1.0103e-008	1.0522e-008	1.0817e-008	1.089e-008	1.136e-008	1.2102e-008	1.2781e-008	1.4151e-008	1.5678e-008	1.7849e-008	2.143e-008	2.4043e-008	2.7772e-008	3.1171e-008	3.8055e-008	4.3855e-008	5.1183e-008	5.525e-008	6.1618e-008	6.754e-008	7.2183e-008	7.6723e-008	7.9982e-008	8.3147e-008	8.5743e-008	8.7944e-008	8.9556e-008	9.2078e-008	9.4181e-008	9.6193e-008	9.7642e-008	9.876e-008	1.0008e-007	1.0046e-007	1.0089e-007	1.0085e-007	1.0087e-007	1.0034e-007	9.9296e-008	9.8458e-008	9.698e-008	9.5349e-008	9.3439e-008	9.2509e-008	9.1595e-008	8.9607e-008	8.8438e-008	8.7453e-008	8.6559e-008	8.5778e-008	8.4681e-008	8.3976e-008	8.3011e-008	7.9741e-008	7.7731e-008	7.6741e-008	7.562e-008	7.4983e-008	7.2732e-008	7.162e-008	6.9772e-008	6.7124e-008	6.6054e-008	6.3737e-008	6.1998e-008	6.032e-008	5.6828e-008	5.4931e-008	5.3281e-008	5.1683e-008	4.9105e-008	4.7067e-008	4.5081e-008	4.2944e-008	4.0658e-008	3.9264e-008	3.796e-008	3.5441e-008	3.3921e-008	3.3068e-008	3.06e-008	2.9852e-008	2.7695e-008	2.6532e-008	2.4868e-008	2.3938e-008	2.279e-008	2.1121e-008	2.0084e-008	1.9503e-008	1.8186e-008	1.6913e-008	1.6188e-008	1.5436e-008	1.5382e-008	1.4862e-008	1.4436e-008	1.4165e-008	1.3962e-008	1.4178e-008	1.4371e-008	1.4676e-008	1.4598e-008	1.541e-008	1.6024e-008	1.6864e-008	1.7355e-008	1.8204e-008
4.4801e-009	6.1509e-009	7.3187e-009	9.5911e-009	1.2117e-008	1.4071e-008	1.6848e-008	1.966e-008	2.2988e-008	2.6478e-008	3.1207e-008	3.5075e-008	3.8709e-008	4.2145e-008	4.5219e-008	4.9943e-008	5.5016e-008	6.0699e-008	6.4704e-008	6.9364e-008	7.1795e-008	7.5065e-008	7.6967e-008	7.9717e-008	8.2335e-008	8.4952e-008	8.5991e-008	8.8646e-008	9.0028e-008	9.0419e-008	9.2446e-008	9.2968e-008	9.2457e-008	9.1869e-008	9.1399e-008	9.1408e-008	9.0873e-008	9.04e-008	8.923e-008	8.7923e-008	8.7154e-008	8.5878e-008	8.5176e-008	8.3564e-008	8.1497e-008	8.1037e-008	7.8756e-008	7.7016e-008	7.542e-008	7.3424e-008	7.2451e-008	7.1042e-008	7.0088e-008	6.8739e-008	6.737e-008	6.5461e-008	6.2541e-008	6.1234e-008	6.1071e-008	5.8409e-008	5.6547e-008	5.569e-008	5.383e-008	5.2476e-008	4.8821e-008	4.785e-008	4.6005e-008	4.3826e-008	4.178e-008	3.9094e-008	3.79e-008	3.6248e-008	3.3619e-008	3.1468e-008	2.9307e-008	2.8802e-008	2.7832e-008	2.6623e-008	2.5437e-008	2.415e-008	2.3006e-008	2.2023e-008	2.1223e-008	2.0538e-008	1.9662e-008	1.9144e-008	1.8166e-008	1.5461e-008	1.5433e-008	1.5197e-008	1.3477e-008	1.3301e-008	1.2384e-008	1.1156e-008	1.0554e-008	1.0196e-008	9.9311e-009	1.0512e-008	1.0297e-008	1.0135e-008	9.8932e-009	1.0541e-008	1.0779e-008	1.1747e-008	1.2517e-008	1.4019e-008	1.5705e-008	1.7887e-008	1.8885e-008	2.2958e-008	2.5567e-008	2.9403e-008	3.0977e-008	3.6655e-008	4.0289e-008	4.5656e-008	4.9993e-008	5.4056e-008	5.8635e-008	6.2881e-008	6.8081e-008	7.1637e-008	7.5771e-008	7.8449e-008	8.0681e-008	8.3624e-008	8.6316e-008	8.9561e-008	9.0831e-008	9.3467e-008	9.4669e-008	9.4066e-008	9.351e-008	9.2965e-008	9.2711e-008	9.2458e-008	9.2337e-008	9.2618e-008	9.1937e-008	9.028e-008	8.8907e-008	8.7145e-008	8.3429e-008	8.2402e-008	8.1368e-008	8.0236e-008	7.8454e-008	7.6849e-008	7.5505e-008	7.4296e-008	7.1757e-008	7.0834e-008	6.9627e-008	6.7384e-008	6.5302e-008	6.4212e-008	6.2267e-008	6.128e-008	6.0148e-008	5.8825e-008	5.7863e-008	5.7384e-008	5.6892e-008	5.561e-008	5.3579e-008	5.0799e-008	4.8241e-008	4.7979e-008	4.711e-008	4.5996e-008	4.4349e-008	3.9806e-008	3.8042e-008	3.6363e-008	3.4372e-008	3.3135e-008	3.1832e-008	2.9594e-008	2.8167e-008	2.6883e-008	2.5344e-008	2.4564e-008	2.2994e-008	2.1635e-008	2.0434e-008	1.9046e-008	1.743e-008	1.6771e-008	1.6733e-008	1.5076e-008	1.414e-008	1.375e-008	1.2938e-008	1.198e-008	1.1812e-008	1.2047e-008	1.2668e-008	1.2817e-008	1.2001e-008	1.2289e-008	1.2972e-008	1.3542e-008	1.4171e-008	1.4846e-008	1.6005e-008	1.7399e-008	1.8399e-008	2.0103e-008	2.1345e-008	2.2835e-008	2.5328e-008	2.772e-008	3.0472e-008	3.4706e-008	3.8067e-008	4.1777e-008	4.6191e-008	5.0718e-008	5.6463e-008	5.9444e-008	6.5991e-008	7.0793e-008	7.2517e-008	7.5658e-008	8.0516e-008	8.3348e-008	8.7308e-008	8.9843e-008	9.076e-008	9.1161e-008	9.1672e-008	9.2492e-008	9.313e-008	9.4229e-008	9.47e-008	9.4799e-008	9.5188e-008	9.5409e-008	9.4581e-008	9.3465e-008	9.2185e-008	9.0972e-008	8.9234e-008	8.7923e-008	8.7456e-008	8.677e-008	8.6208e-008	8.4899e-008	8.3684e-008	8.1176e-008	7.7765e-008	7.6475e-008	7.5524e-008	7.3923e-008	7.1477e-008	6.9683e-008	6.7723e-008	6.5597e-008	6.3501e-008	6.256e-008	6.0998e-008	6.0064e-008	5.8161e-008	5.5629e-008	5.4231e-008	5.3202e-008	5.2244e-008	5.0465e-008	4.7808e-008	4.6117e-008	4.4339e-008	4.3206e-008	4.1383e-008	3.797e-008	3.6662e-008	3.5251e-008	3.4025e-008	3.2427e-008	2.9919e-008	2.7661e-008	2.5987e-008	2.4758e-008	2.2549e-008	2.0881e-008	1.9225e-008	1.7892e-008	1.7097e-008	1.6168e-008	1.5238e-008	1.4612e-008	1.3683e-008	1.3074e-008	1.2595e-008	1.2241e-008	1.1118e-008	1.1041e-008	1.1232e-008	1.1239e-008	1.0465e-008	1.0131e-008	9.9277e-009	9.2316e-009	9.4698e-009	9.1086e-009	9.1078e-009	9.465e-009	9.7642e-009	1.0903e-008	1.203e-008	1.395e-008	1.5947e-008	1.8129e-008	2.0895e-008	2.3896e-008	2.8022e-008	3.3893e-008	3.7158e-008	4.2924e-008	4.7763e-008	5.5628e-008	6.0057e-008	6.4393e-008	6.861e-008	7.2451e-008	7.688e-008	8.1367e-008	8.4068e-008	8.6556e-008	8.941e-008	9.2168e-008	9.4792e-008	9.7673e-008	9.8514e-008	9.8215e-008	9.8024e-008	9.7668e-008	9.8542e-008	9.8903e-008	9.874e-008	9.8351e-008	9.7767e-008	9.6567e-008	9.6073e-008	9.6401e-008	9.6883e-008	9.6524e-008	9.5031e-008	9.4461e-008	9.2109e-008	8.8421e-008	8.7192e-008	8.5335e-008	8.4987e-008	8.4238e-008	8.3104e-008	8.0672e-008	7.8203e-008	7.6482e-008	7.4675e-008	7.2665e-008	7.1554e-008	6.9537e-008	6.7747e-008	6.6256e-008	6.5385e-008	6.3877e-008	6.2352e-008	6.0286e-008	5.8387e-008	5.6083e-008	5.3769e-008	5.063e-008	4.8191e-008	4.6373e-008	4.4143e-008	4.2143e-008	3.9888e-008	3.7674e-008	3.6407e-008	3.299e-008	3.126e-008	3.0061e-008	2.7187e-008	2.4724e-008	2.373e-008	2.227e-008	2.0182e-008	1.8281e-008	1.6164e-008	1.4696e-008	1.3511e-008	1.2019e-008	1.0806e-008	1.0498e-008	1.066e-008	1.0188e-008	1.0049e-008	1.014e-008	9.7813e-009	9.5892e-009	9.5627e-009	9.9488e-009	1.0007e-008	9.881e-009	9.9652e-009	1.057e-008	1.1119e-008	1.1306e-008	1.1531e-008	1.2085e-008	1.302e-008	1.448e-008	1.5487e-008	1.7935e-008	2.0855e-008	2.4452e-008	2.7241e-008	3.2058e-008	3.8415e-008	4.5587e-008	5.0585e-008	5.5119e-008	6.0717e-008	6.6666e-008	7.2677e-008	7.5744e-008	8.0076e-008	8.2422e-008	8.5069e-008	8.8029e-008	8.9732e-008	9.1903e-008	9.515e-008	9.6887e-008	9.8075e-008	9.9025e-008	9.9438e-008	9.9764e-008	1.0004e-007	1.0054e-007	1.0017e-007	9.9709e-008	9.8865e-008	9.8259e-008	9.7599e-008	9.6642e-008	9.3907e-008	9.3203e-008	9.1613e-008	9.0146e-008	8.8051e-008	8.6969e-008	8.634e-008	8.5099e-008	8.3055e-008	8.2393e-008	8.1621e-008	7.8084e-008	7.7024e-008	7.6041e-008	7.4944e-008	7.4129e-008	7.3225e-008	7.1458e-008	6.8377e-008	6.599e-008	6.505e-008	6.2912e-008	6.0972e-008	5.8862e-008	5.694e-008	5.4631e-008	5.2754e-008	5.0808e-008	4.8445e-008	4.6479e-008	4.4662e-008	4.3173e-008	3.9852e-008	3.8777e-008	3.6903e-008	3.5618e-008	3.3941e-008	3.2723e-008	3.0101e-008	2.9407e-008	2.7913e-008	2.5466e-008	2.438e-008	2.3507e-008	2.1744e-008	2.0597e-008	1.983e-008	1.8897e-008	1.7639e-008	1.6367e-008	1.5616e-008	1.5074e-008	1.4715e-008	1.4321e-008	1.3927e-008	1.359e-008	1.3826e-008	1.3275e-008	1.3213e-008	1.3444e-008	1.4219e-008	1.4825e-008	1.499e-008	1.615e-008	1.7003e-008	1.7623e-008
4.5981e-009	6.1684e-009	7.5825e-009	9.6862e-009	1.1801e-008	1.372e-008	1.6707e-008	1.9873e-008	2.3661e-008	2.6965e-008	3.0605e-008	3.4327e-008	3.8357e-008	4.2258e-008	4.5116e-008	4.967e-008	5.5342e-008	6.0984e-008	6.5291e-008	6.9613e-008	7.2039e-008	7.4124e-008	7.7175e-008	7.9545e-008	8.2326e-008	8.5046e-008	8.5952e-008	8.7293e-008	8.8618e-008	8.9886e-008	9.1475e-008	9.1781e-008	9.1465e-008	9.1267e-008	9.1442e-008	9.1449e-008	9.1083e-008	9.0987e-008	8.898e-008	8.7845e-008	8.7456e-008	8.5438e-008	8.4166e-008	8.3114e-008	8.2456e-008	8.0199e-008	7.8863e-008	7.7019e-008	7.599e-008	7.4443e-008	7.1968e-008	7.0948e-008	7.0396e-008	6.8281e-008	6.7139e-008	6.3542e-008	6.1544e-008	6.119e-008	6.1167e-008	5.8485e-008	5.7266e-008	5.5728e-008	5.2825e-008	5.2437e-008	4.9483e-008	4.7389e-008	4.5272e-008	4.2869e-008	4.1119e-008	3.9714e-008	3.6654e-008	3.5607e-008	3.3457e-008	3.1993e-008	3.0029e-008	2.8959e-008	2.7963e-008	2.6835e-008	2.5485e-008	2.3847e-008	2.2797e-008	2.1883e-008	2.1281e-008	2.0271e-008	1.9231e-008	1.8601e-008	1.6977e-008	1.537e-008	1.4977e-008	1.4716e-008	1.3595e-008	1.2765e-008	1.1666e-008	1.1119e-008	1.0664e-008	1.0307e-008	1.0055e-008	1.048e-008	1.0531e-008	1.0415e-008	1.0272e-008	1.0706e-008	1.1301e-008	1.2036e-008	1.2576e-008	1.3843e-008	1.5471e-008	1.7505e-008	1.9919e-008	2.3225e-008	2.5615e-008	2.9097e-008	3.1786e-008	3.6126e-008	3.9779e-008	4.4961e-008	4.9423e-008	5.3976e-008	5.8397e-008	6.3205e-008	6.7734e-008	7.2151e-008	7.5598e-008	7.7603e-008	8.1266e-008	8.4696e-008	8.7037e-008	8.9716e-008	9.1337e-008	9.3823e-008	9.559e-008	9.4647e-008	9.4124e-008	9.3245e-008	9.2673e-008	9.2653e-008	9.2311e-008	9.2493e-008	9.23e-008	9.0261e-008	8.9605e-008	8.711e-008	8.4676e-008	8.2628e-008	8.0987e-008	7.9618e-008	7.7853e-008	7.6516e-008	7.5418e-008	7.3762e-008	7.1093e-008	7.0113e-008	6.9091e-008	6.7048e-008	6.5798e-008	6.3847e-008	6.2465e-008	6.1417e-008	5.9781e-008	5.8774e-008	5.7722e-008	5.7091e-008	5.6695e-008	5.5291e-008	5.3078e-008	5.0643e-008	4.8877e-008	4.8084e-008	4.6461e-008	4.5606e-008	4.2776e-008	3.8759e-008	3.7791e-008	3.6326e-008	3.5023e-008	3.3423e-008	3.2489e-008	2.9754e-008	2.8242e-008	2.6866e-008	2.5296e-008	2.4624e-008	2.3327e-008	2.131e-008	2.0331e-008	1.9285e-008	1.7743e-008	1.703e-008	1.6559e-008	1.4691e-008	1.3658e-008	1.3197e-008	1.2586e-008	1.188e-008	1.169e-008	1.1906e-008	1.1878e-008	1.1977e-008	1.1825e-008	1.2126e-008	1.3138e-008	1.3367e-008	1.4177e-008	1.5104e-008	1.6132e-008	1.7118e-008	1.837e-008	2.0013e-008	2.1493e-008	2.3019e-008	2.4807e-008	2.7682e-008	3.1025e-008	3.4651e-008	3.8056e-008	4.2276e-008	4.5943e-008	5.034e-008	5.5795e-008	6.1102e-008	6.456e-008	7.0278e-008	7.2553e-008	7.5635e-008	8.0079e-008	8.4505e-008	8.772e-008	8.9744e-008	9.0869e-008	9.1058e-008	9.1635e-008	9.2882e-008	9.3933e-008	9.4546e-008	9.4837e-008	9.4865e-008	9.5123e-008	9.5757e-008	9.5613e-008	9.4278e-008	9.2257e-008	9.0751e-008	8.991e-008	8.7959e-008	8.774e-008	8.7401e-008	8.6746e-008	8.4513e-008	8.3507e-008	8.101e-008	7.9009e-008	7.7172e-008	7.5459e-008	7.4452e-008	7.136e-008	6.946e-008	6.8456e-008	6.5606e-008	6.4099e-008	6.2564e-008	6.0899e-008	6.0088e-008	5.8204e-008	5.5747e-008	5.4278e-008	5.33e-008	5.2339e-008	4.9972e-008	4.7109e-008	4.5987e-008	4.4069e-008	4.2745e-008	4.1265e-008	3.8777e-008	3.641e-008	3.5246e-008	3.3799e-008	3.1736e-008	2.8066e-008	2.7211e-008	2.5951e-008	2.3021e-008	2.2141e-008	2.0378e-008	1.8941e-008	1.7651e-008	1.6692e-008	1.5628e-008	1.4961e-008	1.4014e-008	1.3109e-008	1.2301e-008	1.1744e-008	1.154e-008	1.0732e-008	1.0595e-008	1.0635e-008	1.0362e-008	1.0272e-008	1.0038e-008	9.9086e-009	9.1958e-009	9.207e-009	8.9467e-009	9.1735e-009	9.7992e-009	1.0513e-008	1.1303e-008	1.2532e-008	1.3655e-008	1.5335e-008	1.8161e-008	2.0151e-008	2.3496e-008	2.7883e-008	3.1892e-008	3.6457e-008	4.2494e-008	4.8246e-008	5.4712e-008	5.8545e-008	6.3656e-008	6.7743e-008	7.0968e-008	7.6056e-008	8.1177e-008	8.4077e-008	8.6779e-008	9.064e-008	9.3677e-008	9.6272e-008	9.8234e-008	9.8629e-008	9.8098e-008	9.8244e-008	9.84e-008	9.8844e-008	9.9052e-008	9.8842e-008	9.8545e-008	9.8181e-008	9.6941e-008	9.6245e-008	9.6466e-008	9.6838e-008	9.6106e-008	9.4824e-008	9.4053e-008	9.1162e-008	8.9285e-008	8.7145e-008	8.5419e-008	8.493e-008	8.3815e-008	8.3195e-008	8.0868e-008	7.8084e-008	7.6516e-008	7.4356e-008	7.3125e-008	7.1382e-008	7.005e-008	6.8234e-008	6.6123e-008	6.4982e-008	6.3395e-008	6.1692e-008	6.0518e-008	5.7723e-008	5.561e-008	5.2989e-008	5.0984e-008	4.8273e-008	4.5998e-008	4.4521e-008	4.3026e-008	3.9757e-008	3.734e-008	3.5462e-008	3.3235e-008	3.131e-008	2.9951e-008	2.7736e-008	2.4518e-008	2.3346e-008	2.2114e-008	1.9337e-008	1.7952e-008	1.6163e-008	1.4788e-008	1.3424e-008	1.2228e-008	1.0783e-008	1.0567e-008	1.0378e-008	1.0114e-008	9.9167e-009	1.0078e-008	1.0073e-008	1.0269e-008	1.0521e-008	1.0647e-008	1.0036e-008	9.8905e-009	1.0105e-008	1.0566e-008	1.0952e-008	1.1173e-008	1.132e-008	1.1692e-008	1.2295e-008	1.425e-008	1.5312e-008	1.7332e-008	2.0162e-008	2.329e-008	2.7745e-008	3.1926e-008	3.4219e-008	4.3264e-008	4.9896e-008	5.5662e-008	6.0213e-008	6.606e-008	7.1292e-008	7.5984e-008	7.943e-008	8.2604e-008	8.4445e-008	8.7848e-008	9.0401e-008	9.3727e-008	9.5664e-008	9.7328e-008	9.8285e-008	9.9818e-008	9.9827e-008	1.0056e-007	9.9568e-008	9.9097e-008	9.921e-008	9.8804e-008	9.8134e-008	9.7873e-008	9.7538e-008	9.7074e-008	9.5147e-008	9.3545e-008	9.2222e-008	9.1204e-008	8.9726e-008	8.7196e-008	8.6418e-008	8.413e-008	8.2611e-008	8.1356e-008	7.949e-008	7.731e-008	7.6809e-008	7.5928e-008	7.4245e-008	7.3492e-008	7.3021e-008	6.9873e-008	6.8983e-008	6.6443e-008	6.5102e-008	6.252e-008	6.0749e-008	5.9021e-008	5.626e-008	5.4558e-008	5.2627e-008	5.0664e-008	4.7537e-008	4.6026e-008	4.4668e-008	4.2453e-008	3.9896e-008	3.862e-008	3.6817e-008	3.5462e-008	3.3985e-008	3.2306e-008	3.0165e-008	2.8533e-008	2.6902e-008	2.5297e-008	2.4177e-008	2.3353e-008	2.2029e-008	2.0761e-008	1.9799e-008	1.8006e-008	1.661e-008	1.61e-008	1.5276e-008	1.4738e-008	1.4406e-008	1.3654e-008	1.3444e-008	1.3309e-008	1.3442e-008	1.2881e-008	1.2587e-008	1.271e-008	1.3564e-008	1.4441e-008	1.4501e-008	1.534e-008	1.656e-008	1.7472e-008
4.6643e-009	6.0401e-009	7.2877e-009	9.2124e-009	1.1288e-008	1.4016e-008	1.6671e-008	2.101e-008	2.4133e-008	2.7798e-008	3.085e-008	3.5345e-008	3.7899e-008	4.1209e-008	4.5604e-008	5.0779e-008	5.6471e-008	6.1212e-008	6.5588e-008	6.9615e-008	7.2213e-008	7.466e-008	7.7564e-008	8.0386e-008	8.2417e-008	8.458e-008	8.542e-008	8.7144e-008	8.8238e-008	8.8706e-008	8.9471e-008	9.0419e-008	9.065e-008	9.1041e-008	9.1842e-008	9.2022e-008	9.1702e-008	9.1279e-008	9.0434e-008	8.8511e-008	8.7189e-008	8.6046e-008	8.4435e-008	8.2743e-008	8.1897e-008	7.916e-008	7.8463e-008	7.7355e-008	7.6045e-008	7.4555e-008	7.2869e-008	7.1114e-008	7.0071e-008	6.7581e-008	6.7202e-008	6.3726e-008	6.1684e-008	6.0633e-008	6.0473e-008	5.8816e-008	5.7329e-008	5.5496e-008	5.2578e-008	5.1328e-008	4.9562e-008	4.7676e-008	4.4117e-008	4.2114e-008	4.1138e-008	3.983e-008	3.6488e-008	3.52e-008	3.3488e-008	3.1798e-008	3.0245e-008	2.8767e-008	2.7252e-008	2.6155e-008	2.5004e-008	2.4234e-008	2.2858e-008	2.222e-008	2.1372e-008	1.9934e-008	1.858e-008	1.6992e-008	1.589e-008	1.5163e-008	1.481e-008	1.3844e-008	1.2668e-008	1.1316e-008	1.1101e-008	1.0577e-008	1.046e-008	9.8377e-009	9.8541e-009	1.0223e-008	1.0085e-008	1.0224e-008	1.0081e-008	1.0423e-008	1.1137e-008	1.1961e-008	1.2917e-008	1.3832e-008	1.5855e-008	1.7704e-008	2.0299e-008	2.2964e-008	2.5433e-008	2.8501e-008	3.1621e-008	3.5444e-008	3.9028e-008	4.5247e-008	4.9037e-008	5.3436e-008	5.7686e-008	6.2398e-008	6.6528e-008	7.1639e-008	7.5302e-008	7.7386e-008	8.1649e-008	8.4455e-008	8.6518e-008	8.9135e-008	9.1431e-008	9.3309e-008	9.5264e-008	9.525e-008	9.4754e-008	9.359e-008	9.275e-008	9.2736e-008	9.2344e-008	9.2178e-008	9.1347e-008	9.0531e-008	8.9593e-008	8.7699e-008	8.4218e-008	8.2675e-008	8.0086e-008	7.8822e-008	7.7064e-008	7.6181e-008	7.5583e-008	7.3342e-008	7.216e-008	6.9755e-008	6.7803e-008	6.6833e-008	6.5845e-008	6.4342e-008	6.2916e-008	6.1793e-008	5.9603e-008	5.877e-008	5.746e-008	5.6171e-008	5.5069e-008	5.3889e-008	5.196e-008	5.0293e-008	4.949e-008	4.7919e-008	4.5351e-008	4.4398e-008	4.1071e-008	3.9658e-008	3.7768e-008	3.643e-008	3.4548e-008	3.3325e-008	3.2124e-008	2.82e-008	2.7806e-008	2.6872e-008	2.5731e-008	2.4197e-008	2.2085e-008	2.0321e-008	1.9462e-008	1.8803e-008	1.7812e-008	1.6648e-008	1.5729e-008	1.4551e-008	1.3509e-008	1.2511e-008	1.2078e-008	1.1599e-008	1.1324e-008	1.1381e-008	1.1263e-008	1.1014e-008	1.129e-008	1.2173e-008	1.3007e-008	1.3527e-008	1.4146e-008	1.5084e-008	1.6102e-008	1.7121e-008	1.8105e-008	1.9547e-008	2.1037e-008	2.3448e-008	2.4738e-008	2.8014e-008	3.1308e-008	3.4853e-008	3.8055e-008	4.2729e-008	4.5536e-008	5.1782e-008	5.6391e-008	6.1282e-008	6.4954e-008	6.8327e-008	7.2864e-008	7.5061e-008	7.8302e-008	8.3868e-008	8.7516e-008	9.0124e-008	9.1073e-008	9.1257e-008	9.2272e-008	9.3327e-008	9.4339e-008	9.4781e-008	9.4644e-008	9.4789e-008	9.5068e-008	9.5735e-008	9.5942e-008	9.5024e-008	9.2745e-008	9.1835e-008	9.0506e-008	8.9294e-008	8.7914e-008	8.7184e-008	8.6356e-008	8.4209e-008	8.1766e-008	8.1241e-008	7.816e-008	7.7391e-008	7.5128e-008	7.3564e-008	7.1211e-008	7.0626e-008	6.8763e-008	6.6771e-008	6.4316e-008	6.273e-008	6.1148e-008	5.9242e-008	5.7272e-008	5.5566e-008	5.4024e-008	5.2702e-008	5.1432e-008	4.8915e-008	4.6628e-008	4.5383e-008	4.4136e-008	4.2889e-008	4.0699e-008	3.7867e-008	3.6389e-008	3.4664e-008	3.3498e-008	3.1615e-008	2.8441e-008	2.7154e-008	2.5396e-008	2.2822e-008	2.1304e-008	2.0262e-008	1.8936e-008	1.7382e-008	1.6443e-008	1.5308e-008	1.4125e-008	1.3001e-008	1.228e-008	1.1588e-008	1.0857e-008	1.0219e-008	9.9901e-009	9.83e-009	9.437e-009	9.5142e-009	9.5854e-009	9.2706e-009	8.8623e-009	8.5526e-009	8.6273e-009	8.8746e-009	9.2139e-009	9.5975e-009	1.0169e-008	1.1202e-008	1.2618e-008	1.3469e-008	1.521e-008	1.748e-008	2.0096e-008	2.2379e-008	2.6275e-008	3.1701e-008	3.6109e-008	4.0422e-008	4.78e-008	5.5123e-008	5.9086e-008	6.1696e-008	6.6507e-008	7.0499e-008	7.2758e-008	8.1299e-008	8.3749e-008	8.7066e-008	9.2074e-008	9.4215e-008	9.6624e-008	9.8308e-008	9.8856e-008	9.7887e-008	9.8165e-008	9.8223e-008	9.8806e-008	9.9439e-008	9.9546e-008	9.9038e-008	9.7992e-008	9.7065e-008	9.666e-008	9.6294e-008	9.591e-008	9.5012e-008	9.4118e-008	9.3162e-008	9.146e-008	8.9576e-008	8.7234e-008	8.5275e-008	8.4656e-008	8.3915e-008	8.2699e-008	7.9326e-008	7.7995e-008	7.5293e-008	7.4057e-008	7.2878e-008	7.0952e-008	6.921e-008	6.8106e-008	6.5902e-008	6.4797e-008	6.2752e-008	6.1591e-008	5.9626e-008	5.6659e-008	5.4531e-008	5.2823e-008	4.957e-008	4.7111e-008	4.5836e-008	4.4244e-008	4.1943e-008	3.7784e-008	3.6501e-008	3.4709e-008	3.3141e-008	3.1488e-008	2.9444e-008	2.6663e-008	2.5116e-008	2.3124e-008	2.1229e-008	1.9404e-008	1.7527e-008	1.5694e-008	1.4605e-008	1.3527e-008	1.1741e-008	1.1289e-008	1.0727e-008	1.0466e-008	1.0268e-008	9.9147e-009	9.867e-009	1.005e-008	1.0314e-008	1.0491e-008	1.0598e-008	1.0117e-008	1.0052e-008	1.0425e-008	1.0456e-008	1.0035e-008	1.0208e-008	1.0744e-008	1.1259e-008	1.2329e-008	1.3786e-008	1.4949e-008	1.7072e-008	2.0272e-008	2.3983e-008	2.6633e-008	3.1222e-008	3.6404e-008	4.3187e-008	4.9097e-008	5.3965e-008	6.0532e-008	6.5109e-008	7.0041e-008	7.4008e-008	7.9009e-008	8.2221e-008	8.447e-008	8.8256e-008	9.1314e-008	9.4794e-008	9.6563e-008	9.7618e-008	9.8926e-008	9.9868e-008	1.0046e-007	1.0077e-007	9.9879e-008	9.8785e-008	9.8595e-008	9.7924e-008	9.7846e-008	9.7261e-008	9.7312e-008	9.7179e-008	9.5626e-008	9.4009e-008	9.2814e-008	9.179e-008	8.9199e-008	8.6886e-008	8.626e-008	8.3874e-008	8.2553e-008	8.1757e-008	7.8346e-008	7.6916e-008	7.6026e-008	7.4464e-008	7.3117e-008	7.2384e-008	7.1442e-008	6.9615e-008	6.8862e-008	6.6409e-008	6.4775e-008	6.1949e-008	6.0833e-008	5.8843e-008	5.6152e-008	5.3757e-008	5.1768e-008	5.0602e-008	4.6457e-008	4.495e-008	4.4491e-008	4.2772e-008	4.0065e-008	3.822e-008	3.665e-008	3.5348e-008	3.3282e-008	3.1082e-008	2.9379e-008	2.8102e-008	2.683e-008	2.5569e-008	2.4059e-008	2.2584e-008	2.157e-008	2.0193e-008	1.9139e-008	1.7779e-008	1.6331e-008	1.5653e-008	1.4528e-008	1.3461e-008	1.3206e-008	1.2828e-008	1.2888e-008	1.2871e-008	1.298e-008	1.2533e-008	1.2694e-008	1.3085e-008	1.3351e-008	1.3801e-008	1.4116e-008	1.5137e-008	1.6004e-008	1.6676e-008
3.5957e-009	5.2228e-009	7.4435e-009	8.9508e-009	1.0858e-008	1.3429e-008	1.6609e-008	2.0127e-008	2.468e-008	2.7509e-008	3.0153e-008	3.543e-008	3.7832e-008	4.1625e-008	4.6107e-008	4.9499e-008	5.5579e-008	6.0735e-008	6.5355e-008	6.9091e-008	7.1568e-008	7.4394e-008	7.6307e-008	8.0221e-008	8.1982e-008	8.4059e-008	8.5112e-008	8.7485e-008	8.86e-008	8.8542e-008	8.8839e-008	8.9536e-008	9.0099e-008	9.0594e-008	9.1444e-008	9.161e-008	9.1672e-008	9.1105e-008	8.9945e-008	8.8828e-008	8.7545e-008	8.5638e-008	8.3354e-008	8.1722e-008	8.0992e-008	8.0453e-008	7.8264e-008	7.6682e-008	7.5813e-008	7.4217e-008	7.2595e-008	7.062e-008	6.9624e-008	6.7767e-008	6.6734e-008	6.274e-008	6.1429e-008	5.9568e-008	5.8907e-008	5.804e-008	5.5648e-008	5.3326e-008	5.2044e-008	5.0005e-008	4.8604e-008	4.7069e-008	4.3227e-008	4.1853e-008	4.0267e-008	3.8281e-008	3.5379e-008	3.4429e-008	3.3386e-008	3.1411e-008	2.9873e-008	2.8307e-008	2.6683e-008	2.5802e-008	2.4895e-008	2.3886e-008	2.2674e-008	2.206e-008	2.0678e-008	1.9412e-008	1.7399e-008	1.5574e-008	1.5093e-008	1.4503e-008	1.3897e-008	1.3286e-008	1.1974e-008	1.114e-008	1.048e-008	1.0335e-008	1.029e-008	9.4576e-009	9.2685e-009	9.1523e-009	9.2761e-009	9.5384e-009	1.0064e-008	1.0171e-008	1.0821e-008	1.1478e-008	1.2113e-008	1.3736e-008	1.5667e-008	1.7197e-008	1.9675e-008	2.2246e-008	2.5322e-008	2.8102e-008	3.1142e-008	3.6068e-008	3.9376e-008	4.5072e-008	4.9011e-008	5.2174e-008	5.6349e-008	6.1977e-008	6.7077e-008	7.1383e-008	7.4796e-008	7.7718e-008	8.0529e-008	8.3418e-008	8.6381e-008	8.819e-008	9.068e-008	9.2117e-008	9.4452e-008	9.5018e-008	9.4811e-008	9.3655e-008	9.2761e-008	9.2438e-008	9.2312e-008	9.1529e-008	9.0689e-008	9.062e-008	9.006e-008	8.7315e-008	8.4314e-008	8.1987e-008	7.948e-008	7.8391e-008	7.6686e-008	7.5603e-008	7.5055e-008	7.2989e-008	7.1572e-008	6.907e-008	6.7336e-008	6.6133e-008	6.5617e-008	6.5194e-008	6.3174e-008	6.1866e-008	5.9837e-008	5.8014e-008	5.6561e-008	5.4843e-008	5.406e-008	5.3242e-008	5.0919e-008	4.99e-008	4.9007e-008	4.7331e-008	4.3883e-008	4.2861e-008	4.1737e-008	3.9394e-008	3.8004e-008	3.6291e-008	3.4416e-008	3.3261e-008	3.0182e-008	2.8869e-008	2.7905e-008	2.6573e-008	2.5071e-008	2.3772e-008	2.079e-008	1.9331e-008	1.8844e-008	1.8691e-008	1.7079e-008	1.5196e-008	1.4714e-008	1.3794e-008	1.3147e-008	1.2027e-008	1.1472e-008	1.1135e-008	1.086e-008	1.0647e-008	1.0709e-008	1.0506e-008	1.1015e-008	1.1693e-008	1.2047e-008	1.3039e-008	1.3579e-008	1.4611e-008	1.5457e-008	1.6447e-008	1.7606e-008	1.9076e-008	2.0894e-008	2.2778e-008	2.4838e-008	2.7669e-008	3.0842e-008	3.3808e-008	3.7952e-008	4.2783e-008	4.6708e-008	5.1998e-008	5.8764e-008	6.2122e-008	6.5443e-008	6.9403e-008	7.1699e-008	7.622e-008	7.9142e-008	8.229e-008	8.75e-008	8.9311e-008	9.0698e-008	9.1413e-008	9.2055e-008	9.2876e-008	9.4399e-008	9.4749e-008	9.3999e-008	9.4108e-008	9.4477e-008	9.5373e-008	9.5818e-008	9.542e-008	9.344e-008	9.1675e-008	9.0723e-008	8.9036e-008	8.7806e-008	8.6822e-008	8.542e-008	8.3853e-008	8.1967e-008	8.0411e-008	7.7748e-008	7.571e-008	7.4038e-008	7.2591e-008	7.1475e-008	7.0178e-008	6.8865e-008	6.656e-008	6.2945e-008	6.2136e-008	6.1191e-008	5.9185e-008	5.6478e-008	5.5304e-008	5.3697e-008	5.1824e-008	5.048e-008	4.7903e-008	4.609e-008	4.4455e-008	4.3461e-008	4.1519e-008	4.009e-008	3.7569e-008	3.6081e-008	3.4109e-008	3.2869e-008	3.1182e-008	2.8736e-008	2.6505e-008	2.4797e-008	2.2874e-008	2.1391e-008	2.0279e-008	1.8358e-008	1.6745e-008	1.5483e-008	1.4925e-008	1.4099e-008	1.2048e-008	1.1545e-008	1.087e-008	1.0285e-008	9.541e-009	9.2263e-009	9.2304e-009	9.0348e-009	9.1208e-009	9.0129e-009	8.4922e-009	8.0607e-009	7.6333e-009	8.1171e-009	8.599e-009	8.7498e-009	9.1259e-009	9.6583e-009	1.0637e-008	1.1853e-008	1.336e-008	1.4872e-008	1.6993e-008	1.9583e-008	2.2398e-008	2.6316e-008	3.102e-008	3.5199e-008	3.9565e-008	4.4989e-008	5.2979e-008	5.7925e-008	6.1395e-008	6.5428e-008	6.954e-008	7.3749e-008	7.9445e-008	8.4322e-008	8.7164e-008	9.1018e-008	9.3879e-008	9.5914e-008	9.7977e-008	9.8473e-008	9.7452e-008	9.7478e-008	9.7619e-008	9.798e-008	9.8888e-008	9.9227e-008	9.85e-008	9.7887e-008	9.7396e-008	9.6421e-008	9.6012e-008	9.5282e-008	9.3981e-008	9.3111e-008	9.2147e-008	9.0852e-008	8.857e-008	8.7041e-008	8.4552e-008	8.4171e-008	8.3066e-008	8.1512e-008	8.0096e-008	7.7874e-008	7.5026e-008	7.3515e-008	7.1989e-008	7.051e-008	6.9213e-008	6.7791e-008	6.5593e-008	6.4569e-008	6.2446e-008	6.1214e-008	5.9309e-008	5.7438e-008	5.3901e-008	5.2878e-008	4.9492e-008	4.7822e-008	4.6362e-008	4.3702e-008	4.2324e-008	3.7693e-008	3.6887e-008	3.4609e-008	3.2773e-008	3.1177e-008	2.8954e-008	2.6713e-008	2.4556e-008	2.2371e-008	2.0574e-008	1.8828e-008	1.6897e-008	1.5106e-008	1.3715e-008	1.2874e-008	1.1422e-008	1.103e-008	1.041e-008	9.7522e-009	9.6213e-009	9.4104e-009	9.4862e-009	9.5576e-009	9.7304e-009	9.873e-009	9.7501e-009	1.0047e-008	9.6914e-009	9.8965e-009	1.013e-008	9.6368e-009	9.7995e-009	1.0545e-008	1.0981e-008	1.1767e-008	1.2748e-008	1.4357e-008	1.7239e-008	2.05e-008	2.3519e-008	2.6353e-008	3.1396e-008	3.6305e-008	4.413e-008	4.9207e-008	5.2868e-008	5.9508e-008	6.4639e-008	6.9295e-008	7.4813e-008	7.8831e-008	8.1714e-008	8.4297e-008	8.8256e-008	9.202e-008	9.4761e-008	9.6061e-008	9.7346e-008	9.8539e-008	9.9105e-008	1.0011e-007	9.9788e-008	9.925e-008	9.844e-008	9.7857e-008	9.7111e-008	9.7086e-008	9.6587e-008	9.6621e-008	9.6372e-008	9.506e-008	9.3747e-008	9.2741e-008	9.1602e-008	8.9936e-008	8.7425e-008	8.5772e-008	8.3983e-008	8.2691e-008	8.1724e-008	7.9028e-008	7.7125e-008	7.6023e-008	7.419e-008	7.3054e-008	7.1775e-008	7.0427e-008	6.9487e-008	6.8063e-008	6.6009e-008	6.3536e-008	6.1962e-008	5.9837e-008	5.8451e-008	5.4691e-008	5.2718e-008	5.0829e-008	4.9779e-008	4.8427e-008	4.6072e-008	4.3752e-008	4.2276e-008	4.039e-008	3.7365e-008	3.636e-008	3.2845e-008	3.1673e-008	3.0405e-008	2.8841e-008	2.7829e-008	2.6504e-008	2.5219e-008	2.4162e-008	2.2244e-008	2.1188e-008	2.0042e-008	1.897e-008	1.7311e-008	1.5977e-008	1.4866e-008	1.4144e-008	1.2905e-008	1.2755e-008	1.2629e-008	1.2464e-008	1.2337e-008	1.2179e-008	1.2112e-008	1.2321e-008	1.26e-008	1.3208e-008	1.3747e-008	1.3728e-008	1.4332e-008	1.487e-008	1.5572e-008
3.3304e-009	4.7128e-009	6.3073e-009	7.9741e-009	1.0029e-008	1.1905e-008	1.506e-008	1.9929e-008	2.3376e-008	2.7637e-008	3.0186e-008	3.3783e-008	3.7567e-008	4.0478e-008	4.4161e-008	4.9116e-008	5.4206e-008	5.9274e-008	6.5109e-008	6.7205e-008	7.0075e-008	7.3704e-008	7.5428e-008	7.8645e-008	8.1273e-008	8.3391e-008	8.5112e-008	8.7456e-008	8.8797e-008	8.8764e-008	8.8661e-008	8.9379e-008	8.9448e-008	8.99e-008	9.0798e-008	9.1229e-008	9.1378e-008	9.1064e-008	9.0165e-008	8.8855e-008	8.7936e-008	8.5026e-008	8.342e-008	8.0719e-008	8.0484e-008	8.065e-008	7.9375e-008	7.6538e-008	7.5104e-008	7.376e-008	7.1433e-008	7.0366e-008	6.9134e-008	6.7911e-008	6.6479e-008	6.3747e-008	6.0584e-008	5.9156e-008	5.7693e-008	5.6286e-008	5.3626e-008	5.2001e-008	5.0546e-008	5.015e-008	4.8464e-008	4.5887e-008	4.2816e-008	4.0977e-008	3.8993e-008	3.6952e-008	3.5191e-008	3.3849e-008	3.2539e-008	3.1054e-008	2.9251e-008	2.7974e-008	2.6573e-008	2.5309e-008	2.4219e-008	2.3218e-008	2.2172e-008	2.1499e-008	1.9712e-008	1.872e-008	1.7094e-008	1.5503e-008	1.5079e-008	1.4255e-008	1.3794e-008	1.3018e-008	1.1759e-008	1.0847e-008	9.7285e-009	9.9686e-009	1.0301e-008	9.5e-009	8.7005e-009	8.3965e-009	8.1599e-009	8.4814e-009	9.1889e-009	9.5259e-009	1.0154e-008	1.0672e-008	1.1408e-008	1.1984e-008	1.5465e-008	1.6282e-008	1.8684e-008	2.0493e-008	2.3997e-008	2.7316e-008	3.0157e-008	3.5608e-008	3.9853e-008	4.3222e-008	4.7146e-008	5.1261e-008	5.5929e-008	6.1018e-008	6.6044e-008	7.0737e-008	7.3761e-008	7.6954e-008	7.9821e-008	8.2585e-008	8.5728e-008	8.7355e-008	8.9351e-008	9.1271e-008	9.3619e-008	9.4625e-008	9.4286e-008	9.3528e-008	9.2861e-008	9.2333e-008	9.2088e-008	9.1444e-008	9.0585e-008	9.0634e-008	9.0171e-008	8.7275e-008	8.2468e-008	8.1444e-008	7.9486e-008	7.7667e-008	7.5958e-008	7.522e-008	7.4763e-008	7.3246e-008	7.2075e-008	6.8009e-008	6.7308e-008	6.5608e-008	6.4945e-008	6.4415e-008	6.2468e-008	6.0718e-008	5.9003e-008	5.7402e-008	5.5934e-008	5.3788e-008	5.291e-008	5.1909e-008	5.0453e-008	4.9339e-008	4.757e-008	4.5607e-008	4.4129e-008	4.2235e-008	4.1059e-008	3.8901e-008	3.7581e-008	3.5754e-008	3.4185e-008	3.2918e-008	2.987e-008	2.895e-008	2.7634e-008	2.6071e-008	2.4554e-008	2.2609e-008	2.0229e-008	1.9123e-008	1.7984e-008	1.7983e-008	1.6547e-008	1.5349e-008	1.3955e-008	1.2934e-008	1.2693e-008	1.2076e-008	1.0304e-008	1.0066e-008	1.0178e-008	9.7976e-009	9.4781e-009	9.779e-009	1.0164e-008	1.0564e-008	1.1139e-008	1.1877e-008	1.2718e-008	1.4123e-008	1.4687e-008	1.5578e-008	1.6558e-008	1.8883e-008	2.024e-008	2.1828e-008	2.4544e-008	2.6627e-008	2.9854e-008	3.3201e-008	3.8317e-008	4.1969e-008	4.5293e-008	5.1677e-008	5.8503e-008	6.1694e-008	6.5188e-008	6.9511e-008	7.2649e-008	7.5412e-008	7.8237e-008	8.0514e-008	8.5387e-008	8.8842e-008	8.9503e-008	9.1168e-008	9.1524e-008	9.21e-008	9.415e-008	9.4373e-008	9.4179e-008	9.4336e-008	9.397e-008	9.4759e-008	9.5397e-008	9.4893e-008	9.4109e-008	9.1385e-008	9.0638e-008	8.9376e-008	8.7577e-008	8.652e-008	8.5287e-008	8.2572e-008	8.0826e-008	8.0044e-008	7.8476e-008	7.5301e-008	7.3316e-008	7.2197e-008	7.1771e-008	7.0582e-008	6.8388e-008	6.5784e-008	6.3005e-008	6.2095e-008	6.1013e-008	5.7898e-008	5.6908e-008	5.5105e-008	5.3734e-008	5.078e-008	5.01e-008	4.794e-008	4.5275e-008	4.3396e-008	4.1897e-008	4.0651e-008	3.9636e-008	3.732e-008	3.5415e-008	3.348e-008	3.2406e-008	3.0487e-008	2.9036e-008	2.5982e-008	2.4193e-008	2.2363e-008	2.0965e-008	1.9501e-008	1.7429e-008	1.6044e-008	1.5013e-008	1.4171e-008	1.3078e-008	1.1334e-008	1.0695e-008	9.674e-009	9.3277e-009	9.0404e-009	8.7209e-009	8.4058e-009	8.2809e-009	8.6244e-009	8.2988e-009	7.9636e-009	7.1417e-009	6.8429e-009	7.3341e-009	8.0932e-009	8.3107e-009	8.5046e-009	8.8013e-009	9.9576e-009	1.1029e-008	1.2596e-008	1.4973e-008	1.6815e-008	1.884e-008	2.2644e-008	2.5412e-008	3.0378e-008	3.5169e-008	3.9895e-008	4.64e-008	5.1134e-008	5.6005e-008	6.1077e-008	6.4078e-008	6.7646e-008	7.386e-008	7.8702e-008	8.2589e-008	8.7052e-008	8.9263e-008	9.1829e-008	9.4974e-008	9.679e-008	9.7213e-008	9.6268e-008	9.6309e-008	9.6527e-008	9.6993e-008	9.8092e-008	9.8058e-008	9.7878e-008	9.7769e-008	9.6931e-008	9.61e-008	9.5262e-008	9.4263e-008	9.2908e-008	9.2166e-008	9.0889e-008	8.9758e-008	8.8115e-008	8.6756e-008	8.4492e-008	8.3e-008	8.1202e-008	8.0015e-008	7.8365e-008	7.6791e-008	7.4935e-008	7.1897e-008	7.0919e-008	6.9764e-008	6.8557e-008	6.7284e-008	6.5586e-008	6.3577e-008	6.2002e-008	6.0945e-008	5.8983e-008	5.6368e-008	5.3831e-008	5.2053e-008	4.8967e-008	4.6961e-008	4.5522e-008	4.2882e-008	4.0387e-008	3.739e-008	3.645e-008	3.4789e-008	3.3097e-008	2.9936e-008	2.8188e-008	2.6355e-008	2.3249e-008	2.0916e-008	1.9687e-008	1.77e-008	1.6519e-008	1.3877e-008	1.3157e-008	1.2004e-008	1.0766e-008	1.0063e-008	9.4486e-009	9.1866e-009	8.741e-009	8.6518e-009	9.0781e-009	8.8839e-009	9.0759e-009	9.4153e-009	9.1499e-009	9.3738e-009	9.3459e-009	8.9662e-009	9.358e-009	9.6895e-009	9.8366e-009	1.0393e-008	1.0686e-008	1.1141e-008	1.2088e-008	1.3658e-008	1.5574e-008	1.9475e-008	2.3241e-008	2.5784e-008	3.153e-008	3.5991e-008	4.257e-008	4.8259e-008	5.2893e-008	5.8063e-008	6.3505e-008	6.8634e-008	7.3958e-008	7.6932e-008	8.0412e-008	8.4322e-008	8.7352e-008	9.0799e-008	9.3402e-008	9.4987e-008	9.6776e-008	9.7734e-008	9.8659e-008	9.9446e-008	9.857e-008	9.8057e-008	9.7253e-008	9.6587e-008	9.5678e-008	9.5886e-008	9.5569e-008	9.5401e-008	9.4654e-008	9.385e-008	9.2751e-008	9.2067e-008	8.9916e-008	8.9288e-008	8.7589e-008	8.6225e-008	8.403e-008	8.249e-008	8.0833e-008	7.7976e-008	7.6554e-008	7.5367e-008	7.3976e-008	7.2763e-008	7.1326e-008	7.017e-008	6.9048e-008	6.7176e-008	6.5836e-008	6.2934e-008	6.1997e-008	5.937e-008	5.7701e-008	5.354e-008	5.1849e-008	4.94e-008	4.868e-008	4.7135e-008	4.4651e-008	4.2865e-008	4.1368e-008	3.9389e-008	3.7156e-008	3.5414e-008	3.2297e-008	3.1148e-008	2.9891e-008	2.8489e-008	2.691e-008	2.5694e-008	2.4491e-008	2.3169e-008	2.1345e-008	1.9936e-008	1.9082e-008	1.7734e-008	1.6451e-008	1.5095e-008	1.4058e-008	1.3082e-008	1.1853e-008	1.1941e-008	1.1643e-008	1.1788e-008	1.1616e-008	1.1395e-008	1.1254e-008	1.1561e-008	1.1874e-008	1.256e-008	1.2659e-008	1.2784e-008	1.3387e-008	1.4104e-008	1.4928e-008
2.3524e-009	3.5377e-009	5.8398e-009	6.6891e-009	9.3205e-009	1.1889e-008	1.4551e-008	1.9169e-008	2.3426e-008	2.6364e-008	2.9495e-008	3.3282e-008	3.7438e-008	4.1303e-008	4.5301e-008	4.9085e-008	5.3241e-008	5.8647e-008	6.3705e-008	6.7053e-008	6.9332e-008	7.2717e-008	7.468e-008	7.7446e-008	8.0059e-008	8.2805e-008	8.4594e-008	8.7212e-008	8.8278e-008	8.911e-008	8.8912e-008	8.912e-008	8.9409e-008	8.9346e-008	9.0165e-008	9.1186e-008	9.0548e-008	9.0166e-008	8.9785e-008	8.8436e-008	8.7498e-008	8.4489e-008	8.2796e-008	8.0354e-008	7.9541e-008	8.0205e-008	7.9566e-008	7.5851e-008	7.4337e-008	7.2452e-008	7.0837e-008	6.9487e-008	6.8444e-008	6.7256e-008	6.5474e-008	6.2057e-008	5.9464e-008	5.8083e-008	5.6367e-008	5.4733e-008	5.2499e-008	5.0969e-008	4.9395e-008	4.9357e-008	4.7956e-008	4.5181e-008	4.182e-008	3.9677e-008	3.8598e-008	3.6619e-008	3.4511e-008	3.3333e-008	3.176e-008	3.0688e-008	2.9036e-008	2.7241e-008	2.6027e-008	2.4536e-008	2.3535e-008	2.2418e-008	2.0968e-008	1.9977e-008	1.8919e-008	1.7404e-008	1.6224e-008	1.5499e-008	1.486e-008	1.4081e-008	1.3535e-008	1.2108e-008	1.0856e-008	1.0398e-008	9.1533e-009	9.1093e-009	9.3358e-009	8.5708e-009	7.9892e-009	7.5893e-009	7.3159e-009	7.3943e-009	7.1851e-009	7.8519e-009	9.0434e-009	9.68e-009	1.0895e-008	1.1447e-008	1.4865e-008	1.5728e-008	1.7338e-008	2.0227e-008	2.4005e-008	2.6962e-008	3.1061e-008	3.5206e-008	4.0179e-008	4.3033e-008	4.6967e-008	5.0243e-008	5.5416e-008	6.034e-008	6.6207e-008	6.9832e-008	7.3531e-008	7.6286e-008	7.9562e-008	8.1689e-008	8.4969e-008	8.7156e-008	8.8906e-008	9.0827e-008	9.2704e-008	9.3849e-008	9.4014e-008	9.316e-008	9.2551e-008	9.2451e-008	9.2592e-008	9.141e-008	9.1045e-008	9.065e-008	9.0559e-008	8.8326e-008	8.2772e-008	7.9996e-008	7.8796e-008	7.748e-008	7.6213e-008	7.4851e-008	7.4581e-008	7.3344e-008	7.1975e-008	6.874e-008	6.7349e-008	6.4579e-008	6.4154e-008	6.3301e-008	6.1509e-008	5.9842e-008	5.822e-008	5.6495e-008	5.5022e-008	5.3652e-008	5.175e-008	5.0613e-008	4.9751e-008	4.9086e-008	4.7077e-008	4.5463e-008	4.2851e-008	4.1346e-008	4.0199e-008	3.8313e-008	3.6694e-008	3.4126e-008	3.2923e-008	3.1736e-008	2.8819e-008	2.807e-008	2.6874e-008	2.4521e-008	2.338e-008	2.1331e-008	1.9514e-008	1.8253e-008	1.7213e-008	1.6604e-008	1.5532e-008	1.4353e-008	1.3221e-008	1.2323e-008	1.1702e-008	1.0803e-008	9.0655e-009	8.9987e-009	9.2015e-009	8.7557e-009	8.7887e-009	9.1002e-009	9.3343e-009	9.4366e-009	9.9099e-009	1.0705e-008	1.1716e-008	1.3176e-008	1.3733e-008	1.5201e-008	1.5833e-008	1.8639e-008	1.9531e-008	2.1526e-008	2.3011e-008	2.6825e-008	2.9055e-008	3.2236e-008	3.7945e-008	4.235e-008	4.6084e-008	5.097e-008	5.672e-008	6.2506e-008	6.7005e-008	6.9707e-008	7.2903e-008	7.5172e-008	7.828e-008	8.1233e-008	8.4675e-008	8.6326e-008	8.8956e-008	9.1423e-008	9.1364e-008	9.1716e-008	9.4175e-008	9.4436e-008	9.4541e-008	9.4574e-008	9.4468e-008	9.4902e-008	9.501e-008	9.4342e-008	9.4396e-008	9.2735e-008	9.0812e-008	8.9657e-008	8.8037e-008	8.5766e-008	8.4809e-008	8.3581e-008	8.1065e-008	7.9821e-008	7.7605e-008	7.6001e-008	7.45e-008	7.174e-008	7.1409e-008	7.0009e-008	6.7202e-008	6.5172e-008	6.291e-008	6.1254e-008	6.0207e-008	5.771e-008	5.6324e-008	5.5106e-008	5.3305e-008	5.0474e-008	4.9271e-008	4.8146e-008	4.4508e-008	4.309e-008	4.1427e-008	4.0594e-008	3.8875e-008	3.5432e-008	3.4822e-008	3.3262e-008	3.227e-008	3.0544e-008	2.7856e-008	2.534e-008	2.3542e-008	2.1896e-008	2.0382e-008	1.8538e-008	1.7437e-008	1.5906e-008	1.5361e-008	1.3514e-008	1.1748e-008	1.0564e-008	9.9608e-009	9.1119e-009	8.988e-009	8.9298e-009	8.7717e-009	8.0222e-009	7.9601e-009	8.3571e-009	8.1635e-009	7.7437e-009	7.2638e-009	7.1843e-009	7.5567e-009	8.0109e-009	8.2469e-009	8.4192e-009	8.8774e-009	9.7978e-009	1.1208e-008	1.2827e-008	1.5362e-008	1.643e-008	1.9124e-008	2.2261e-008	2.6442e-008	3.1037e-008	3.5137e-008	3.9951e-008	4.5356e-008	5.0171e-008	5.6074e-008	6.0383e-008	6.4686e-008	6.878e-008	7.425e-008	7.8068e-008	8.2394e-008	8.6518e-008	8.8312e-008	9.1569e-008	9.2961e-008	9.5882e-008	9.5516e-008	9.5117e-008	9.514e-008	9.6148e-008	9.7051e-008	9.7571e-008	9.8221e-008	9.8535e-008	9.7753e-008	9.6924e-008	9.6111e-008	9.4636e-008	9.3437e-008	9.2463e-008	9.2071e-008	9.0518e-008	8.9402e-008	8.7806e-008	8.6508e-008	8.3714e-008	8.092e-008	7.962e-008	7.8854e-008	7.7872e-008	7.6321e-008	7.4987e-008	7.1804e-008	7.1007e-008	7.0221e-008	6.826e-008	6.7044e-008	6.5743e-008	6.352e-008	6.2037e-008	6.134e-008	5.9087e-008	5.7529e-008	5.4173e-008	5.2112e-008	4.9006e-008	4.7084e-008	4.5117e-008	4.3707e-008	4.0966e-008	3.8305e-008	3.6758e-008	3.5604e-008	3.3327e-008	3.0416e-008	2.7868e-008	2.5193e-008	2.343e-008	2.15e-008	1.9538e-008	1.7841e-008	1.6433e-008	1.4222e-008	1.3114e-008	1.1611e-008	1.0636e-008	9.7878e-009	9.2722e-009	9.209e-009	9.0274e-009	9.0614e-009	9.2776e-009	9.1302e-009	9.4224e-009	1.0004e-008	1.0087e-008	9.6685e-009	9.3407e-009	9.3485e-009	9.9121e-009	9.9494e-009	1.0295e-008	1.0833e-008	1.1454e-008	1.1909e-008	1.2593e-008	1.4364e-008	1.5956e-008	1.9635e-008	2.3111e-008	2.5991e-008	3.1758e-008	3.7318e-008	4.1424e-008	4.7614e-008	5.2769e-008	5.6733e-008	6.2531e-008	6.7371e-008	7.3064e-008	7.7895e-008	8.1939e-008	8.5152e-008	8.7865e-008	8.9964e-008	9.2883e-008	9.4233e-008	9.6264e-008	9.6905e-008	9.8797e-008	9.8798e-008	9.8155e-008	9.7599e-008	9.6775e-008	9.6272e-008	9.5427e-008	9.5295e-008	9.497e-008	9.4634e-008	9.3786e-008	9.342e-008	9.2321e-008	9.1464e-008	8.9992e-008	8.9346e-008	8.8355e-008	8.6634e-008	8.4949e-008	8.3021e-008	8.202e-008	7.9018e-008	7.6537e-008	7.5629e-008	7.385e-008	7.2868e-008	7.1079e-008	7.057e-008	6.9269e-008	6.7521e-008	6.5927e-008	6.3495e-008	6.2174e-008	5.908e-008	5.7117e-008	5.4426e-008	5.1993e-008	4.9095e-008	4.8288e-008	4.7417e-008	4.5599e-008	4.3825e-008	4.121e-008	3.8889e-008	3.6944e-008	3.5244e-008	3.3272e-008	3.177e-008	3.0579e-008	2.9146e-008	2.7515e-008	2.5537e-008	2.4466e-008	2.261e-008	2.0864e-008	1.9711e-008	1.8617e-008	1.7227e-008	1.6131e-008	1.4966e-008	1.4062e-008	1.3116e-008	1.2565e-008	1.2006e-008	1.186e-008	1.2118e-008	1.2242e-008	1.2026e-008	1.1887e-008	1.1932e-008	1.2256e-008	1.2813e-008	1.3153e-008	1.3412e-008	1.3784e-008	1.4589e-008	1.5285e-008
2.96e-009	4.4841e-009	6.5605e-009	8.0199e-009	1.0144e-008	1.2291e-008	1.665e-008	2.06e-008	2.3996e-008	2.6975e-008	3.0224e-008	3.4374e-008	3.8488e-008	4.3105e-008	4.7066e-008	4.9308e-008	5.3714e-008	5.775e-008	6.2562e-008	6.7701e-008	7.0183e-008	7.2835e-008	7.5884e-008	7.8456e-008	8.0504e-008	8.285e-008	8.5747e-008	8.8004e-008	8.9443e-008	9.0267e-008	9.0296e-008	9.0315e-008	9.0551e-008	9.0575e-008	9.1073e-008	9.2359e-008	9.1512e-008	9.1566e-008	9.1171e-008	8.9671e-008	8.8063e-008	8.4543e-008	8.2979e-008	8.0953e-008	7.9942e-008	8.0395e-008	7.9076e-008	7.6998e-008	7.5376e-008	7.3292e-008	7.2077e-008	7.0705e-008	6.9257e-008	6.7821e-008	6.5304e-008	6.1731e-008	6.0315e-008	5.894e-008	5.7429e-008	5.6176e-008	5.46e-008	5.2389e-008	5.0526e-008	5.0063e-008	4.7612e-008	4.4644e-008	4.1814e-008	4.084e-008	3.8652e-008	3.7584e-008	3.604e-008	3.4455e-008	3.264e-008	3.1253e-008	3.0049e-008	2.865e-008	2.6574e-008	2.5549e-008	2.4311e-008	2.2904e-008	2.136e-008	2.0842e-008	2.0261e-008	1.8019e-008	1.6949e-008	1.6469e-008	1.623e-008	1.4571e-008	1.4257e-008	1.3403e-008	1.1747e-008	1.0562e-008	9.847e-009	9.6454e-009	9.6264e-009	8.6388e-009	8.1979e-009	7.4755e-009	7.4513e-009	7.581e-009	7.4819e-009	8.2109e-009	8.749e-009	9.9891e-009	1.1729e-008	1.2466e-008	1.4334e-008	1.5766e-008	1.824e-008	2.085e-008	2.4285e-008	2.7639e-008	3.2516e-008	3.6486e-008	4.1259e-008	4.3822e-008	4.7878e-008	5.205e-008	5.654e-008	6.2043e-008	6.5867e-008	7.012e-008	7.424e-008	7.7488e-008	8.0958e-008	8.3282e-008	8.5562e-008	8.7431e-008	8.9781e-008	9.1931e-008	9.3244e-008	9.4502e-008	9.4665e-008	9.4544e-008	9.4843e-008	9.4149e-008	9.4079e-008	9.3105e-008	9.2683e-008	9.183e-008	9.1206e-008	8.8593e-008	8.4911e-008	8.104e-008	8.0065e-008	7.8793e-008	7.7992e-008	7.6227e-008	7.5164e-008	7.4117e-008	7.287e-008	7.0096e-008	6.8277e-008	6.5158e-008	6.4697e-008	6.4584e-008	6.185e-008	6.14e-008	5.9456e-008	5.8343e-008	5.5525e-008	5.367e-008	5.1943e-008	5.0731e-008	4.987e-008	4.8123e-008	4.6891e-008	4.6362e-008	4.3787e-008	4.2146e-008	4.0245e-008	3.8846e-008	3.7098e-008	3.4086e-008	3.2365e-008	3.1346e-008	2.9999e-008	2.8505e-008	2.7611e-008	2.4142e-008	2.2984e-008	2.1657e-008	2.0142e-008	1.8723e-008	1.7371e-008	1.6317e-008	1.5509e-008	1.43e-008	1.3027e-008	1.2247e-008	1.147e-008	1.0562e-008	9.5519e-009	9.3367e-009	9.3175e-009	8.9248e-009	8.528e-009	8.1745e-009	8.783e-009	9.6464e-009	1.0008e-008	1.0557e-008	1.1674e-008	1.3044e-008	1.4385e-008	1.5418e-008	1.6527e-008	1.857e-008	1.9843e-008	2.1923e-008	2.406e-008	2.755e-008	3.0174e-008	3.3337e-008	3.8685e-008	4.2733e-008	4.7077e-008	5.1655e-008	5.7375e-008	6.2544e-008	6.7245e-008	7.1057e-008	7.3836e-008	7.631e-008	7.8938e-008	8.1381e-008	8.4108e-008	8.7771e-008	8.9376e-008	9.1679e-008	9.2367e-008	9.2683e-008	9.4856e-008	9.5309e-008	9.5511e-008	9.5349e-008	9.5603e-008	9.5595e-008	9.5542e-008	9.492e-008	9.4972e-008	9.4267e-008	9.1824e-008	8.9836e-008	8.8616e-008	8.5869e-008	8.5491e-008	8.3999e-008	8.1485e-008	8.008e-008	7.913e-008	7.6906e-008	7.5342e-008	7.2339e-008	7.1105e-008	6.9404e-008	6.6395e-008	6.5015e-008	6.3105e-008	6.2e-008	5.9908e-008	5.8283e-008	5.6815e-008	5.4729e-008	5.2691e-008	5.1186e-008	4.9628e-008	4.773e-008	4.4368e-008	4.3667e-008	4.2082e-008	4.0875e-008	3.9579e-008	3.603e-008	3.4766e-008	3.366e-008	3.2494e-008	3.062e-008	2.8075e-008	2.6317e-008	2.4225e-008	2.2003e-008	2.1025e-008	1.9306e-008	1.7725e-008	1.679e-008	1.58e-008	1.4601e-008	1.2753e-008	1.1391e-008	1.0187e-008	9.5406e-009	9.0743e-009	9.4011e-009	9.2372e-009	8.6068e-009	8.5965e-009	8.434e-009	8.5961e-009	8.5132e-009	8.3919e-009	8.3625e-009	8.4055e-009	8.2522e-009	8.6278e-009	9.076e-009	9.4797e-009	1.0575e-008	1.1923e-008	1.4084e-008	1.6638e-008	1.7945e-008	2.0287e-008	2.2713e-008	2.6508e-008	3.2448e-008	3.6319e-008	4.0661e-008	4.6199e-008	5.159e-008	5.599e-008	6.1567e-008	6.6005e-008	7.0482e-008	7.4626e-008	7.8241e-008	8.1005e-008	8.5505e-008	8.7673e-008	8.9649e-008	9.2642e-008	9.3646e-008	9.518e-008	9.5662e-008	9.6213e-008	9.7169e-008	9.8197e-008	9.8344e-008	9.8958e-008	9.8875e-008	9.7964e-008	9.7215e-008	9.6613e-008	9.493e-008	9.4325e-008	9.2964e-008	9.274e-008	9.1878e-008	9.0035e-008	8.7957e-008	8.6058e-008	8.3239e-008	8.0944e-008	7.9841e-008	7.9118e-008	7.7573e-008	7.5955e-008	7.4797e-008	7.3345e-008	7.1988e-008	7.0788e-008	6.8791e-008	6.7527e-008	6.6023e-008	6.485e-008	6.3014e-008	6.2012e-008	6.0289e-008	5.7212e-008	5.4205e-008	5.2343e-008	4.9528e-008	4.7707e-008	4.6227e-008	4.3732e-008	4.2445e-008	3.9062e-008	3.7266e-008	3.5996e-008	3.4187e-008	3.133e-008	2.7382e-008	2.5886e-008	2.4179e-008	2.1937e-008	1.9357e-008	1.822e-008	1.6277e-008	1.4613e-008	1.3402e-008	1.187e-008	1.1062e-008	1.0627e-008	1.0249e-008	9.9378e-009	9.6111e-009	9.5066e-009	9.5482e-009	9.4983e-009	9.8145e-009	1.046e-008	1.0244e-008	9.8608e-009	9.5204e-009	9.7765e-009	1.0385e-008	1.0333e-008	1.0558e-008	1.1037e-008	1.205e-008	1.2241e-008	1.3165e-008	1.4229e-008	1.691e-008	1.9949e-008	2.275e-008	2.6423e-008	3.233e-008	3.8178e-008	4.3544e-008	4.802e-008	5.2336e-008	5.7612e-008	6.25e-008	6.835e-008	7.3568e-008	7.8105e-008	8.1852e-008	8.4754e-008	8.8271e-008	9.0068e-008	9.2113e-008	9.3298e-008	9.5816e-008	9.717e-008	9.872e-008	9.8373e-008	9.7945e-008	9.7139e-008	9.6453e-008	9.5845e-008	9.5029e-008	9.4936e-008	9.4564e-008	9.432e-008	9.3284e-008	9.2268e-008	9.1108e-008	9.0527e-008	8.9732e-008	8.9409e-008	8.8479e-008	8.6925e-008	8.4688e-008	8.3101e-008	8.1836e-008	8.0369e-008	7.7173e-008	7.5947e-008	7.3869e-008	7.2416e-008	7.0987e-008	7.0173e-008	6.8591e-008	6.6853e-008	6.523e-008	6.3689e-008	6.2155e-008	5.7886e-008	5.6486e-008	5.3833e-008	5.1928e-008	5.0699e-008	4.8846e-008	4.7864e-008	4.5367e-008	4.4324e-008	4.0441e-008	3.8857e-008	3.7103e-008	3.552e-008	3.3994e-008	3.1994e-008	3.0873e-008	2.9231e-008	2.7511e-008	2.5441e-008	2.3644e-008	2.2028e-008	2.0598e-008	1.9419e-008	1.8433e-008	1.7343e-008	1.5913e-008	1.4711e-008	1.3682e-008	1.27e-008	1.245e-008	1.2343e-008	1.1829e-008	1.186e-008	1.1827e-008	1.1958e-008	1.2057e-008	1.2022e-008	1.2263e-008	1.2762e-008	1.3244e-008	1.3699e-008	1.3859e-008	1.4377e-008	1.4929e-008
2.855e-009	4.5226e-009	6.0238e-009	7.511e-009	9.8309e-009	1.2002e-008	1.6684e-008	2.0682e-008	2.3871e-008	2.5921e-008	2.9774e-008	3.4719e-008	3.8602e-008	4.2081e-008	4.6986e-008	5.0194e-008	5.353e-008	5.8813e-008	6.3901e-008	6.7652e-008	6.9746e-008	7.2922e-008	7.4736e-008	7.7883e-008	8.0191e-008	8.3403e-008	8.5337e-008	8.7545e-008	8.8862e-008	8.9653e-008	8.9846e-008	9.0284e-008	9.0606e-008	9.0987e-008	9.1077e-008	9.1768e-008	9.1172e-008	9.1198e-008	9.0653e-008	8.9277e-008	8.6373e-008	8.4714e-008	8.2795e-008	8.0817e-008	7.9476e-008	7.8728e-008	7.762e-008	7.6978e-008	7.5217e-008	7.3449e-008	7.2136e-008	7.0395e-008	6.8548e-008	6.651e-008	6.396e-008	6.1773e-008	6.0408e-008	5.8483e-008	5.736e-008	5.6185e-008	5.4731e-008	5.0726e-008	4.9308e-008	4.7441e-008	4.5931e-008	4.4255e-008	4.1763e-008	4.1178e-008	3.8749e-008	3.7361e-008	3.5769e-008	3.3912e-008	3.2379e-008	3.0785e-008	2.9833e-008	2.8202e-008	2.7055e-008	2.5583e-008	2.3909e-008	2.2806e-008	2.0942e-008	2.0186e-008	1.9736e-008	1.8219e-008	1.6577e-008	1.5806e-008	1.561e-008	1.4392e-008	1.2896e-008	1.1491e-008	1.0435e-008	9.7428e-009	9.1839e-009	8.638e-009	8.106e-009	7.0016e-009	6.5663e-009	6.4363e-009	6.559e-009	6.6727e-009	6.7322e-009	7.6656e-009	8.2183e-009	9.343e-009	1.0896e-008	1.2443e-008	1.4079e-008	1.5544e-008	1.7364e-008	2.0971e-008	2.3196e-008	2.6762e-008	3.2183e-008	3.7439e-008	4.1387e-008	4.4865e-008	4.8571e-008	5.2136e-008	5.675e-008	6.1504e-008	6.5484e-008	6.9708e-008	7.422e-008	7.7312e-008	8.0853e-008	8.428e-008	8.5661e-008	8.7484e-008	8.9405e-008	9.119e-008	9.2191e-008	9.2692e-008	9.4043e-008	9.474e-008	9.5489e-008	9.5058e-008	9.4549e-008	9.2561e-008	9.2372e-008	9.1283e-008	8.9568e-008	8.7007e-008	8.4248e-008	8.1892e-008	8.0741e-008	7.8711e-008	7.8243e-008	7.6957e-008	7.503e-008	7.3379e-008	7.1841e-008	6.9817e-008	6.6104e-008	6.5204e-008	6.4596e-008	6.4055e-008	6.2318e-008	6.0759e-008	5.9006e-008	5.7482e-008	5.4378e-008	5.2797e-008	5.1088e-008	4.9561e-008	4.8173e-008	4.6213e-008	4.5324e-008	4.4964e-008	4.2476e-008	4.0423e-008	3.9037e-008	3.7667e-008	3.5843e-008	3.3148e-008	3.1471e-008	3.0391e-008	2.9265e-008	2.7891e-008	2.5759e-008	2.4069e-008	2.2588e-008	2.1294e-008	1.9347e-008	1.8004e-008	1.7162e-008	1.5901e-008	1.4657e-008	1.3219e-008	1.1782e-008	1.0807e-008	1.0146e-008	9.3274e-009	8.5963e-009	8.0719e-009	7.9995e-009	7.5584e-009	7.0751e-009	6.9468e-009	7.1546e-009	7.9748e-009	8.8658e-009	9.2278e-009	9.9514e-009	1.1183e-008	1.1912e-008	1.3788e-008	1.5615e-008	1.7115e-008	1.9207e-008	2.1109e-008	2.34e-008	2.557e-008	2.9721e-008	3.3334e-008	3.8174e-008	4.3008e-008	4.6325e-008	5.1424e-008	5.7168e-008	6.208e-008	6.7522e-008	7.0381e-008	7.2695e-008	7.5412e-008	7.8508e-008	8.0899e-008	8.5114e-008	8.762e-008	8.9477e-008	9.177e-008	9.2629e-008	9.3299e-008	9.41e-008	9.5738e-008	9.6524e-008	9.5553e-008	9.5645e-008	9.5278e-008	9.4672e-008	9.4499e-008	9.4178e-008	9.348e-008	9.2215e-008	8.9978e-008	8.8257e-008	8.5976e-008	8.4733e-008	8.2475e-008	8.0731e-008	8.0204e-008	7.9613e-008	7.7531e-008	7.5816e-008	7.1898e-008	7.1095e-008	6.8094e-008	6.6437e-008	6.4501e-008	6.3236e-008	6.1317e-008	5.8791e-008	5.7478e-008	5.66e-008	5.5051e-008	5.284e-008	5.1002e-008	4.9188e-008	4.7335e-008	4.4943e-008	4.324e-008	4.1838e-008	4.0847e-008	3.8737e-008	3.4873e-008	3.3714e-008	3.2588e-008	3.1597e-008	2.9758e-008	2.7381e-008	2.5959e-008	2.4224e-008	2.1138e-008	2.0475e-008	1.8504e-008	1.7052e-008	1.6288e-008	1.4839e-008	1.3646e-008	1.2022e-008	1.1342e-008	1.0198e-008	9.1254e-009	8.8283e-009	9.0453e-009	8.7447e-009	8.7787e-009	8.335e-009	8.0102e-009	8.2872e-009	8.1948e-009	8.4597e-009	8.435e-009	8.3137e-009	8.8228e-009	9.2254e-009	8.9176e-009	9.3953e-009	1.0434e-008	1.1834e-008	1.464e-008	1.6339e-008	1.7834e-008	2.0394e-008	2.3647e-008	2.7107e-008	3.2091e-008	3.61e-008	4.186e-008	4.6766e-008	5.1603e-008	5.7019e-008	6.1681e-008	6.5808e-008	6.9565e-008	7.4231e-008	7.7574e-008	8.0078e-008	8.4737e-008	8.6779e-008	8.911e-008	9.0537e-008	9.3107e-008	9.4712e-008	9.6195e-008	9.7011e-008	9.7891e-008	9.8407e-008	9.893e-008	9.8942e-008	9.8222e-008	9.7173e-008	9.6672e-008	9.6464e-008	9.514e-008	9.4586e-008	9.4038e-008	9.3298e-008	9.1675e-008	8.9588e-008	8.6619e-008	8.4909e-008	8.2615e-008	8.0939e-008	7.9496e-008	7.843e-008	7.7141e-008	7.55e-008	7.4906e-008	7.3151e-008	7.2009e-008	6.9851e-008	6.8059e-008	6.6739e-008	6.5552e-008	6.4352e-008	6.2808e-008	6.1878e-008	6.0082e-008	5.5236e-008	5.368e-008	5.1779e-008	4.9391e-008	4.752e-008	4.5919e-008	4.3821e-008	4.2339e-008	3.9848e-008	3.7614e-008	3.5923e-008	3.3578e-008	3.1045e-008	2.7472e-008	2.6334e-008	2.4806e-008	2.1768e-008	1.9317e-008	1.7938e-008	1.611e-008	1.4429e-008	1.3167e-008	1.1431e-008	1.0624e-008	1.0202e-008	1.0134e-008	1.0091e-008	9.5842e-009	9.2288e-009	9.1975e-009	9.2414e-009	9.7684e-009	1.0444e-008	9.609e-009	9.3447e-009	9.7565e-009	9.909e-009	1.0553e-008	1.0501e-008	1.0496e-008	1.0986e-008	1.1696e-008	1.1943e-008	1.3219e-008	1.5058e-008	1.6729e-008	1.9641e-008	2.2574e-008	2.6051e-008	3.1837e-008	3.8456e-008	4.3321e-008	4.8225e-008	5.2023e-008	5.6956e-008	6.2947e-008	6.815e-008	7.3026e-008	7.8051e-008	8.1499e-008	8.4651e-008	8.7311e-008	8.9596e-008	9.1503e-008	9.249e-008	9.5667e-008	9.6626e-008	9.8064e-008	9.7969e-008	9.7917e-008	9.7805e-008	9.6641e-008	9.5858e-008	9.4787e-008	9.4459e-008	9.3878e-008	9.2521e-008	9.2177e-008	9.1749e-008	9.1182e-008	9.0425e-008	8.9291e-008	8.9241e-008	8.7624e-008	8.5759e-008	8.4302e-008	8.2936e-008	8.1642e-008	8.0154e-008	7.7761e-008	7.5763e-008	7.3667e-008	7.1311e-008	7.0278e-008	6.9486e-008	6.7481e-008	6.5828e-008	6.4845e-008	6.3195e-008	6.1357e-008	5.7914e-008	5.5748e-008	5.4096e-008	5.2194e-008	4.9864e-008	4.9288e-008	4.7828e-008	4.5901e-008	4.3573e-008	4.11e-008	3.9754e-008	3.684e-008	3.5864e-008	3.4182e-008	3.2442e-008	3.0622e-008	2.9099e-008	2.6549e-008	2.504e-008	2.3745e-008	2.1781e-008	2.0913e-008	1.8886e-008	1.8004e-008	1.6544e-008	1.5506e-008	1.3874e-008	1.3041e-008	1.2548e-008	1.2381e-008	1.2149e-008	1.2252e-008	1.1903e-008	1.1725e-008	1.1546e-008	1.1511e-008	1.1897e-008	1.2226e-008	1.2098e-008	1.3036e-008	1.3451e-008	1.3468e-008	1.3961e-008	1.4657e-008
2.8462e-009	4.6371e-009	5.816e-009	7.4251e-009	9.8728e-009	1.2417e-008	1.5559e-008	2.0455e-008	2.3287e-008	2.5873e-008	2.934e-008	3.3307e-008	3.9078e-008	4.3532e-008	4.7271e-008	5.0473e-008	5.3887e-008	5.7225e-008	6.4075e-008	6.7606e-008	7.0731e-008	7.2285e-008	7.3965e-008	7.7725e-008	8.0289e-008	8.2353e-008	8.4721e-008	8.5832e-008	8.6997e-008	8.7955e-008	8.9208e-008	8.9658e-008	9.0678e-008	9.1748e-008	9.1629e-008	9.0919e-008	9.0734e-008	9.0792e-008	8.929e-008	8.7973e-008	8.6753e-008	8.466e-008	8.2778e-008	8.0904e-008	7.9467e-008	7.7726e-008	7.6552e-008	7.6492e-008	7.4752e-008	7.3314e-008	7.1956e-008	6.9696e-008	6.7473e-008	6.5319e-008	6.2958e-008	6.1426e-008	6.0573e-008	5.861e-008	5.7108e-008	5.5954e-008	5.3341e-008	4.9973e-008	4.8283e-008	4.6227e-008	4.5345e-008	4.4509e-008	4.2036e-008	4.0854e-008	3.8758e-008	3.6624e-008	3.5554e-008	3.3928e-008	3.2402e-008	3.0738e-008	2.9569e-008	2.8639e-008	2.6353e-008	2.514e-008	2.3648e-008	2.2097e-008	2.0626e-008	1.9358e-008	1.8876e-008	1.7736e-008	1.6507e-008	1.5224e-008	1.4118e-008	1.3385e-008	1.1918e-008	1.0939e-008	1.0006e-008	9.4167e-009	8.4774e-009	7.865e-009	7.6427e-009	6.4497e-009	5.5488e-009	5.5451e-009	5.9158e-009	6.1144e-009	6.3864e-009	7.3478e-009	7.9836e-009	9.051e-009	1.0667e-008	1.2185e-008	1.3882e-008	1.5055e-008	1.6725e-008	2.0627e-008	2.3972e-008	2.6879e-008	3.1774e-008	3.7158e-008	4.1351e-008	4.6026e-008	4.9185e-008	5.2951e-008	5.737e-008	6.2255e-008	6.5778e-008	6.9323e-008	7.3793e-008	7.7836e-008	8.0992e-008	8.4611e-008	8.6205e-008	8.7815e-008	8.8855e-008	9.0458e-008	9.1718e-008	9.2361e-008	9.357e-008	9.4592e-008	9.5568e-008	9.5306e-008	9.5128e-008	9.4094e-008	9.1985e-008	9.0837e-008	8.8983e-008	8.6436e-008	8.4244e-008	8.2248e-008	8.096e-008	7.8898e-008	7.8196e-008	7.7178e-008	7.4555e-008	7.3096e-008	7.1355e-008	7.0268e-008	6.7945e-008	6.5807e-008	6.4874e-008	6.3169e-008	6.2112e-008	6.1581e-008	6.0337e-008	5.6466e-008	5.431e-008	5.2099e-008	5.0562e-008	4.9691e-008	4.7668e-008	4.6211e-008	4.5473e-008	4.4254e-008	4.2368e-008	4.0065e-008	3.7989e-008	3.6651e-008	3.4838e-008	3.3625e-008	3.2414e-008	3.0209e-008	2.7866e-008	2.6349e-008	2.4842e-008	2.3623e-008	2.2745e-008	2.1169e-008	1.8642e-008	1.7961e-008	1.7091e-008	1.5539e-008	1.4308e-008	1.2797e-008	1.1799e-008	1.0341e-008	9.5157e-009	8.7002e-009	7.8843e-009	7.319e-009	6.8883e-009	6.672e-009	6.6101e-009	6.4191e-009	6.4955e-009	7.0615e-009	7.9518e-009	8.1973e-009	9.0144e-009	1.0131e-008	1.1126e-008	1.289e-008	1.4751e-008	1.6781e-008	1.8178e-008	2.0674e-008	2.3183e-008	2.5392e-008	2.9057e-008	3.2572e-008	3.8061e-008	4.2446e-008	4.5872e-008	5.1565e-008	5.7183e-008	6.2452e-008	6.5768e-008	6.9599e-008	7.2602e-008	7.5534e-008	7.8744e-008	8.1487e-008	8.4706e-008	8.7431e-008	9.0156e-008	9.1486e-008	9.2629e-008	9.3701e-008	9.4561e-008	9.6267e-008	9.6887e-008	9.6034e-008	9.5687e-008	9.5285e-008	9.4391e-008	9.4524e-008	9.4023e-008	9.3167e-008	9.1964e-008	9.0074e-008	8.8141e-008	8.6516e-008	8.4392e-008	8.3091e-008	8.0905e-008	8.0542e-008	8.0272e-008	7.8412e-008	7.6457e-008	7.2781e-008	7.0813e-008	6.8662e-008	6.744e-008	6.5623e-008	6.2593e-008	6.1169e-008	5.9348e-008	5.795e-008	5.699e-008	5.5459e-008	5.3004e-008	5.1516e-008	4.9332e-008	4.7181e-008	4.4725e-008	4.3728e-008	4.2087e-008	4.0942e-008	3.989e-008	3.5142e-008	3.3765e-008	3.2353e-008	3.0981e-008	2.9178e-008	2.7635e-008	2.5497e-008	2.3857e-008	2.2146e-008	1.9751e-008	1.857e-008	1.7055e-008	1.567e-008	1.4205e-008	1.3784e-008	1.2316e-008	1.1337e-008	1.058e-008	9.9774e-009	8.7465e-009	8.5568e-009	8.2797e-009	8.3301e-009	7.9411e-009	7.66e-009	7.8992e-009	8.25e-009	8.2062e-009	8.0496e-009	8.2102e-009	8.8935e-009	9.2851e-009	9.4867e-009	9.8972e-009	1.0386e-008	1.2079e-008	1.4544e-008	1.6518e-008	1.9116e-008	2.1073e-008	2.4271e-008	2.8098e-008	3.2844e-008	3.639e-008	4.1686e-008	4.6389e-008	5.1094e-008	5.7537e-008	6.1254e-008	6.6669e-008	7.0298e-008	7.3423e-008	7.7146e-008	7.8874e-008	8.3324e-008	8.6115e-008	8.9226e-008	9.0458e-008	9.2798e-008	9.4125e-008	9.6465e-008	9.7315e-008	9.8297e-008	9.925e-008	9.9019e-008	9.9011e-008	9.7657e-008	9.7061e-008	9.6628e-008	9.6586e-008	9.5248e-008	9.4797e-008	9.4396e-008	9.3502e-008	9.165e-008	9.0022e-008	8.7313e-008	8.4543e-008	8.2616e-008	8.0645e-008	7.927e-008	7.8032e-008	7.6763e-008	7.624e-008	7.4904e-008	7.3507e-008	7.1876e-008	6.9304e-008	6.7929e-008	6.6084e-008	6.5541e-008	6.3936e-008	6.2706e-008	6.1732e-008	5.8955e-008	5.5428e-008	5.4063e-008	5.22e-008	5.0178e-008	4.7397e-008	4.5357e-008	4.3806e-008	4.2888e-008	4.0514e-008	3.7908e-008	3.5753e-008	3.362e-008	3.1013e-008	2.9291e-008	2.6774e-008	2.5208e-008	2.3275e-008	2.0738e-008	1.8535e-008	1.6385e-008	1.4539e-008	1.3221e-008	1.1837e-008	1.114e-008	1.0408e-008	1.019e-008	1.0284e-008	9.9225e-009	9.6147e-009	1.0028e-008	9.6538e-009	9.968e-009	1.0807e-008	1.0901e-008	1.0074e-008	9.9207e-009	9.9546e-009	1.0405e-008	1.0551e-008	1.0781e-008	1.0895e-008	1.1713e-008	1.1907e-008	1.3288e-008	1.5186e-008	1.7039e-008	2.0283e-008	2.2997e-008	2.6335e-008	3.2787e-008	3.8441e-008	4.482e-008	4.9294e-008	5.3924e-008	5.7932e-008	6.2528e-008	6.8424e-008	7.3116e-008	7.8109e-008	8.1697e-008	8.4311e-008	8.6562e-008	8.9819e-008	9.0868e-008	9.36e-008	9.5172e-008	9.6324e-008	9.7284e-008	9.7947e-008	9.8656e-008	9.8226e-008	9.7385e-008	9.6425e-008	9.5619e-008	9.4924e-008	9.3878e-008	9.2689e-008	9.2219e-008	9.1386e-008	9.152e-008	9.0733e-008	8.9303e-008	8.8118e-008	8.6859e-008	8.5595e-008	8.4185e-008	8.2255e-008	8.1295e-008	7.9951e-008	7.7043e-008	7.5444e-008	7.3741e-008	7.2195e-008	7.0689e-008	6.912e-008	6.7407e-008	6.5875e-008	6.4735e-008	6.2474e-008	5.968e-008	5.7668e-008	5.6025e-008	5.427e-008	5.2367e-008	5.0826e-008	4.928e-008	4.6961e-008	4.5726e-008	4.2338e-008	4.0959e-008	3.9818e-008	3.781e-008	3.6224e-008	3.4795e-008	3.2162e-008	3.0739e-008	2.8621e-008	2.6448e-008	2.5006e-008	2.3628e-008	2.1681e-008	2.0342e-008	1.9102e-008	1.7581e-008	1.6536e-008	1.5127e-008	1.381e-008	1.2595e-008	1.2269e-008	1.2556e-008	1.2656e-008	1.2552e-008	1.2298e-008	1.2077e-008	1.1838e-008	1.2108e-008	1.2076e-008	1.226e-008	1.2484e-008	1.316e-008	1.346e-008	1.3677e-008	1.4052e-008	1.4592e-008
2.7116e-009	4.2138e-009	5.6331e-009	8.2967e-009	9.7812e-009	1.2168e-008	1.5428e-008	1.8454e-008	2.2793e-008	2.4816e-008	2.8513e-008	3.3714e-008	3.9194e-008	4.3621e-008	4.6921e-008	5.0051e-008	5.339e-008	5.7623e-008	6.3355e-008	6.8111e-008	7.0747e-008	7.2452e-008	7.437e-008	7.7734e-008	7.9825e-008	8.2001e-008	8.4282e-008	8.5584e-008	8.6983e-008	8.7343e-008	8.8284e-008	8.9092e-008	9.1091e-008	9.2213e-008	9.208e-008	9.1314e-008	9.0471e-008	8.9496e-008	8.8613e-008	8.7923e-008	8.667e-008	8.5126e-008	8.3588e-008	8.1647e-008	7.966e-008	7.7964e-008	7.5532e-008	7.5174e-008	7.4431e-008	7.2745e-008	7.1342e-008	6.929e-008	6.7413e-008	6.5371e-008	6.3243e-008	6.1878e-008	6.0535e-008	5.9118e-008	5.7117e-008	5.5943e-008	5.3025e-008	5.0497e-008	4.88e-008	4.739e-008	4.5329e-008	4.4052e-008	4.2341e-008	4.0601e-008	3.8718e-008	3.7126e-008	3.5592e-008	3.3935e-008	3.2267e-008	3.108e-008	2.9446e-008	2.7804e-008	2.6109e-008	2.4886e-008	2.3474e-008	2.1742e-008	2.0052e-008	1.8885e-008	1.7814e-008	1.6929e-008	1.5881e-008	1.4737e-008	1.3945e-008	1.2656e-008	1.1667e-008	1.015e-008	9.1717e-009	9.0166e-009	8.2644e-009	7.1824e-009	6.1655e-009	4.9457e-009	4.6508e-009	4.6834e-009	4.9588e-009	5.4124e-009	6.0981e-009	6.6853e-009	7.6392e-009	8.7261e-009	1.0023e-008	1.1995e-008	1.3833e-008	1.4856e-008	1.713e-008	2.068e-008	2.3559e-008	2.652e-008	3.0753e-008	3.6765e-008	4.1006e-008	4.6657e-008	4.9773e-008	5.4452e-008	5.7591e-008	6.3313e-008	6.6849e-008	6.9407e-008	7.5067e-008	7.8601e-008	8.2035e-008	8.4661e-008	8.6493e-008	8.7896e-008	8.8915e-008	8.9724e-008	9.1684e-008	9.2222e-008	9.3172e-008	9.3865e-008	9.4999e-008	9.4831e-008	9.4631e-008	9.4031e-008	9.1643e-008	9.0232e-008	8.7571e-008	8.6006e-008	8.426e-008	8.2338e-008	8.0801e-008	7.9583e-008	7.8252e-008	7.7635e-008	7.5549e-008	7.4618e-008	7.2445e-008	7.0247e-008	6.8425e-008	6.6464e-008	6.4995e-008	6.3011e-008	6.181e-008	6.1376e-008	6.0229e-008	5.5971e-008	5.4329e-008	5.1844e-008	5.0362e-008	4.9482e-008	4.8508e-008	4.619e-008	4.5738e-008	4.4947e-008	4.1391e-008	3.9461e-008	3.7794e-008	3.5351e-008	3.3768e-008	3.3157e-008	3.1493e-008	2.9642e-008	2.7197e-008	2.5454e-008	2.4455e-008	2.3293e-008	2.204e-008	2.0837e-008	1.9217e-008	1.7946e-008	1.4914e-008	1.3179e-008	1.2692e-008	1.2122e-008	1.0969e-008	9.3699e-009	8.0125e-009	7.1868e-009	6.7661e-009	6.8736e-009	6.4985e-009	6.3074e-009	6.4275e-009	6.4535e-009	6.4165e-009	6.6819e-009	7.1685e-009	7.5406e-009	8.0774e-009	9.2549e-009	1.0642e-008	1.1977e-008	1.3597e-008	1.6075e-008	1.828e-008	2.0063e-008	2.3665e-008	2.5785e-008	2.8855e-008	3.2775e-008	3.7138e-008	4.1112e-008	4.6571e-008	5.2419e-008	5.8687e-008	6.2768e-008	6.6531e-008	6.9504e-008	7.2319e-008	7.5828e-008	7.8265e-008	8.1332e-008	8.4687e-008	8.7221e-008	8.9908e-008	9.0721e-008	9.2127e-008	9.3794e-008	9.4986e-008	9.6325e-008	9.6752e-008	9.6272e-008	9.5475e-008	9.5106e-008	9.4538e-008	9.4006e-008	9.3494e-008	9.263e-008	9.1419e-008	8.9679e-008	8.8359e-008	8.6201e-008	8.4574e-008	8.2248e-008	8.1065e-008	8.0438e-008	8.0065e-008	7.832e-008	7.6372e-008	7.2973e-008	7.1173e-008	6.9404e-008	6.7428e-008	6.6086e-008	6.2846e-008	6.071e-008	5.9115e-008	5.8252e-008	5.7507e-008	5.5566e-008	5.3633e-008	5.0977e-008	4.975e-008	4.8152e-008	4.5091e-008	4.3683e-008	4.1458e-008	4.0621e-008	3.8432e-008	3.5608e-008	3.4294e-008	3.2681e-008	3.0982e-008	2.9282e-008	2.6846e-008	2.5473e-008	2.408e-008	2.1719e-008	1.9912e-008	1.8575e-008	1.7119e-008	1.5668e-008	1.4579e-008	1.4031e-008	1.2898e-008	1.134e-008	1.0545e-008	9.9556e-009	8.6491e-009	8.6099e-009	8.3382e-009	7.8503e-009	7.8057e-009	8.1248e-009	8.145e-009	8.3038e-009	8.2643e-009	7.9944e-009	8.1271e-009	8.3577e-009	9.2847e-009	9.909e-009	1.0335e-008	1.1269e-008	1.274e-008	1.4458e-008	1.5876e-008	1.8211e-008	2.0283e-008	2.4098e-008	2.8376e-008	3.2788e-008	3.6158e-008	4.0935e-008	4.6068e-008	5.0489e-008	5.6371e-008	6.2429e-008	6.5663e-008	7.0094e-008	7.2903e-008	7.6051e-008	7.7958e-008	8.2018e-008	8.6152e-008	8.8323e-008	9.0024e-008	9.2251e-008	9.3859e-008	9.6171e-008	9.7171e-008	9.8132e-008	9.9339e-008	9.9276e-008	9.8163e-008	9.6919e-008	9.638e-008	9.6562e-008	9.5892e-008	9.4871e-008	9.4957e-008	9.4695e-008	9.2962e-008	9.1606e-008	8.9301e-008	8.6792e-008	8.4263e-008	8.2608e-008	8.0566e-008	7.8813e-008	7.7958e-008	7.6635e-008	7.5686e-008	7.4287e-008	7.3297e-008	7.1834e-008	6.8886e-008	6.6901e-008	6.6056e-008	6.4937e-008	6.3704e-008	6.1875e-008	6.0475e-008	5.8124e-008	5.5693e-008	5.4319e-008	5.1873e-008	5.0368e-008	4.7592e-008	4.5428e-008	4.4088e-008	4.2757e-008	4.0372e-008	3.6934e-008	3.4677e-008	3.2793e-008	3.0785e-008	2.865e-008	2.6465e-008	2.4765e-008	2.2371e-008	2.0305e-008	1.8153e-008	1.5931e-008	1.4738e-008	1.2983e-008	1.1977e-008	1.1532e-008	1.1192e-008	1.0528e-008	1.0824e-008	1.0214e-008	1.0357e-008	1.0726e-008	9.7833e-009	9.3363e-009	9.8878e-009	9.924e-009	1.0372e-008	1.0048e-008	1.0164e-008	1.0182e-008	1.0381e-008	1.0433e-008	1.0361e-008	1.1368e-008	1.2047e-008	1.3193e-008	1.5239e-008	1.6919e-008	2.0433e-008	2.3414e-008	2.7559e-008	3.1814e-008	3.8277e-008	4.4361e-008	4.9502e-008	5.4088e-008	6.0139e-008	6.3377e-008	6.823e-008	7.1648e-008	7.7624e-008	8.1232e-008	8.4147e-008	8.6187e-008	8.95e-008	9.1469e-008	9.4313e-008	9.5621e-008	9.6706e-008	9.7397e-008	9.7969e-008	9.8849e-008	9.8708e-008	9.8012e-008	9.6792e-008	9.5945e-008	9.4806e-008	9.4323e-008	9.31e-008	9.2412e-008	9.1474e-008	9.1156e-008	9.0717e-008	8.895e-008	8.76e-008	8.718e-008	8.4762e-008	8.3207e-008	8.1721e-008	8.0855e-008	7.8781e-008	7.6302e-008	7.5139e-008	7.4e-008	7.3177e-008	7.0655e-008	6.9446e-008	6.6934e-008	6.5948e-008	6.4053e-008	6.1306e-008	5.8751e-008	5.7354e-008	5.5692e-008	5.3437e-008	5.1902e-008	5.1371e-008	4.9601e-008	4.6376e-008	4.5347e-008	4.2675e-008	4.0999e-008	3.9147e-008	3.6927e-008	3.5629e-008	3.4422e-008	3.2778e-008	3.0746e-008	2.8262e-008	2.5906e-008	2.4971e-008	2.2832e-008	2.1317e-008	1.9511e-008	1.8563e-008	1.6769e-008	1.545e-008	1.4172e-008	1.3218e-008	1.2377e-008	1.2244e-008	1.2781e-008	1.2701e-008	1.2478e-008	1.2037e-008	1.2199e-008	1.2369e-008	1.2436e-008	1.2214e-008	1.2149e-008	1.2452e-008	1.3348e-008	1.3603e-008	1.3781e-008	1.3845e-008	1.5014e-008
2.9587e-009	3.5339e-009	5.9546e-009	6.8581e-009	1.0328e-008	1.1831e-008	1.5011e-008	1.8893e-008	2.1766e-008	2.5056e-008	2.8671e-008	3.3238e-008	3.8382e-008	4.2309e-008	4.518e-008	4.9884e-008	5.1513e-008	5.5352e-008	5.9661e-008	6.4831e-008	7.0459e-008	7.2261e-008	7.3719e-008	7.7097e-008	7.9845e-008	8.2182e-008	8.3816e-008	8.5331e-008	8.6977e-008	8.7298e-008	8.7953e-008	8.9359e-008	9.2184e-008	9.2602e-008	9.2011e-008	9.1507e-008	9.1033e-008	9.0133e-008	8.9091e-008	8.8379e-008	8.6177e-008	8.5053e-008	8.4192e-008	8.2722e-008	7.9824e-008	7.8414e-008	7.6126e-008	7.4523e-008	7.3373e-008	7.2352e-008	7.1032e-008	6.9458e-008	6.8043e-008	6.6054e-008	6.3674e-008	6.2469e-008	6.0803e-008	5.919e-008	5.7186e-008	5.5037e-008	5.3071e-008	5.0445e-008	4.8761e-008	4.758e-008	4.5418e-008	4.4401e-008	4.2732e-008	4.1299e-008	3.9291e-008	3.7311e-008	3.5357e-008	3.4074e-008	3.288e-008	3.0298e-008	2.9152e-008	2.7913e-008	2.5498e-008	2.4315e-008	2.3492e-008	2.2013e-008	2.0455e-008	1.8319e-008	1.7471e-008	1.6703e-008	1.5434e-008	1.4345e-008	1.3644e-008	1.2897e-008	1.1434e-008	9.5519e-009	8.5428e-009	7.5251e-009	6.8963e-009	6.2598e-009	5.3766e-009	4.8022e-009	4.4804e-009	4.2806e-009	4.6487e-009	5.221e-009	5.7662e-009	6.3772e-009	7.4832e-009	8.5691e-009	1.0178e-008	1.1891e-008	1.2999e-008	1.531e-008	1.7655e-008	2.0345e-008	2.237e-008	2.6199e-008	3.0474e-008	3.514e-008	4.0259e-008	4.5263e-008	5.1383e-008	5.5623e-008	5.8896e-008	6.3674e-008	6.6348e-008	7.0458e-008	7.3914e-008	7.7817e-008	8.2509e-008	8.439e-008	8.6554e-008	8.7771e-008	8.8518e-008	8.9094e-008	9.1217e-008	9.1955e-008	9.2599e-008	9.3513e-008	9.4149e-008	9.3374e-008	9.3019e-008	9.2562e-008	9.1237e-008	8.9511e-008	8.7795e-008	8.5543e-008	8.3429e-008	8.1999e-008	8.0295e-008	7.9306e-008	7.8432e-008	7.7519e-008	7.629e-008	7.5261e-008	7.3622e-008	7.0467e-008	6.8531e-008	6.6401e-008	6.4818e-008	6.3345e-008	6.1283e-008	6.0132e-008	5.9011e-008	5.5868e-008	5.4813e-008	5.2118e-008	5.0757e-008	4.924e-008	4.8267e-008	4.5876e-008	4.4979e-008	4.4174e-008	4.0925e-008	3.9301e-008	3.6977e-008	3.5309e-008	3.3233e-008	3.2175e-008	3.0371e-008	2.8205e-008	2.6723e-008	2.5189e-008	2.363e-008	2.2732e-008	2.111e-008	1.9938e-008	1.8247e-008	1.6223e-008	1.4048e-008	1.2717e-008	1.1957e-008	1.0948e-008	1.064e-008	8.7006e-009	7.56e-009	6.5539e-009	6.1382e-009	6.0964e-009	6.1728e-009	5.939e-009	6.2169e-009	5.9929e-009	5.8482e-009	5.9606e-009	6.5318e-009	6.8407e-009	7.2478e-009	8.6508e-009	9.4182e-009	1.1174e-008	1.2721e-008	1.486e-008	1.7373e-008	1.9674e-008	2.3372e-008	2.6312e-008	2.8467e-008	3.2439e-008	3.668e-008	4.1417e-008	4.6163e-008	5.3165e-008	5.9313e-008	6.3218e-008	6.7253e-008	6.9629e-008	7.3884e-008	7.605e-008	7.8315e-008	8.186e-008	8.4159e-008	8.6925e-008	8.9284e-008	9.0428e-008	9.2197e-008	9.329e-008	9.5005e-008	9.5692e-008	9.6729e-008	9.6992e-008	9.7036e-008	9.5893e-008	9.4818e-008	9.4015e-008	9.3599e-008	9.2618e-008	9.1378e-008	9.0193e-008	8.8626e-008	8.6336e-008	8.4922e-008	8.2976e-008	8.1794e-008	8.0854e-008	7.9759e-008	7.6753e-008	7.5724e-008	7.3607e-008	7.1378e-008	6.9687e-008	6.7771e-008	6.5925e-008	6.3785e-008	6.1345e-008	5.9497e-008	5.8252e-008	5.7968e-008	5.5478e-008	5.2448e-008	5.1259e-008	4.9502e-008	4.8131e-008	4.5813e-008	4.3394e-008	4.0812e-008	3.9622e-008	3.7337e-008	3.5657e-008	3.4182e-008	3.1702e-008	3.0271e-008	2.9025e-008	2.6606e-008	2.4925e-008	2.3617e-008	2.2567e-008	2.0092e-008	1.8689e-008	1.724e-008	1.5966e-008	1.4832e-008	1.3857e-008	1.2457e-008	1.1576e-008	1.0802e-008	1.0611e-008	8.9588e-009	8.6221e-009	8.1407e-009	8.0694e-009	7.9497e-009	8.1012e-009	8.1708e-009	8.2177e-009	8.5362e-009	8.6596e-009	8.3993e-009	8.8151e-009	9.4233e-009	1.0222e-008	1.0584e-008	1.223e-008	1.3181e-008	1.4871e-008	1.6799e-008	1.8284e-008	2.15e-008	2.496e-008	2.8496e-008	3.2855e-008	3.6312e-008	3.9913e-008	4.3789e-008	4.9683e-008	5.4568e-008	6.0111e-008	6.574e-008	6.9715e-008	7.2401e-008	7.5392e-008	7.7633e-008	8.1858e-008	8.4623e-008	8.7238e-008	8.9954e-008	9.161e-008	9.4345e-008	9.5454e-008	9.674e-008	9.7577e-008	9.8881e-008	9.8819e-008	9.7711e-008	9.6541e-008	9.5486e-008	9.5007e-008	9.4819e-008	9.4606e-008	9.4478e-008	9.3467e-008	9.193e-008	9.0949e-008	8.8857e-008	8.6196e-008	8.4334e-008	8.3163e-008	8.105e-008	7.8983e-008	7.8055e-008	7.6977e-008	7.5644e-008	7.3225e-008	7.2576e-008	7.0722e-008	6.8177e-008	6.6294e-008	6.5275e-008	6.459e-008	6.375e-008	6.1485e-008	6.0227e-008	5.7635e-008	5.5326e-008	5.3145e-008	5.2333e-008	5.0896e-008	4.8511e-008	4.5926e-008	4.4493e-008	4.2815e-008	3.9142e-008	3.6953e-008	3.531e-008	3.3115e-008	3.1066e-008	2.8998e-008	2.6034e-008	2.4279e-008	2.2249e-008	2.0686e-008	1.8844e-008	1.7232e-008	1.4946e-008	1.321e-008	1.2383e-008	1.1563e-008	1.1055e-008	1.0813e-008	1.0778e-008	1.0394e-008	1.0909e-008	1.0983e-008	9.6505e-009	9.4432e-009	9.2825e-009	9.635e-009	1.0186e-008	1.0217e-008	1.0391e-008	1.0492e-008	1.0617e-008	1.0391e-008	1.0742e-008	1.1258e-008	1.2011e-008	1.3006e-008	1.4806e-008	1.6881e-008	2.0311e-008	2.3025e-008	2.7324e-008	3.1232e-008	3.7957e-008	4.2441e-008	4.9591e-008	5.463e-008	6.0417e-008	6.3911e-008	6.8878e-008	7.2115e-008	7.6763e-008	8.0648e-008	8.2981e-008	8.548e-008	8.8947e-008	9.1727e-008	9.5693e-008	9.6324e-008	9.7042e-008	9.7633e-008	9.7984e-008	9.8907e-008	9.9094e-008	9.8158e-008	9.7328e-008	9.5992e-008	9.4975e-008	9.4255e-008	9.3912e-008	9.2522e-008	9.1645e-008	9.0734e-008	8.9877e-008	8.8414e-008	8.744e-008	8.6034e-008	8.4401e-008	8.2314e-008	8.1335e-008	7.988e-008	7.8288e-008	7.6376e-008	7.5286e-008	7.4538e-008	7.3049e-008	7.1659e-008	6.9816e-008	6.7874e-008	6.5326e-008	6.3263e-008	6.1494e-008	5.9981e-008	5.7922e-008	5.5672e-008	5.3972e-008	5.1956e-008	5.0577e-008	4.8711e-008	4.6095e-008	4.48e-008	4.2266e-008	4.0893e-008	3.8618e-008	3.7623e-008	3.5246e-008	3.3881e-008	3.145e-008	2.9615e-008	2.7446e-008	2.5623e-008	2.4304e-008	2.2617e-008	1.9972e-008	1.847e-008	1.698e-008	1.6197e-008	1.4873e-008	1.3848e-008	1.2884e-008	1.2514e-008	1.2206e-008	1.2471e-008	1.2096e-008	1.168e-008	1.1799e-008	1.2453e-008	1.2577e-008	1.2447e-008	1.2054e-008	1.184e-008	1.2324e-008	1.3173e-008	1.3087e-008	1.3591e-008	1.4154e-008	1.5347e-008
3.3529e-009	4.2229e-009	6.5499e-009	7.7216e-009	1.0204e-008	1.1644e-008	1.5373e-008	1.8355e-008	2.2093e-008	2.5233e-008	2.9815e-008	3.399e-008	3.8121e-008	4.2222e-008	4.5746e-008	4.892e-008	5.162e-008	5.5698e-008	6.0183e-008	6.2724e-008	6.7766e-008	7.2281e-008	7.4929e-008	7.8757e-008	8.068e-008	8.2916e-008	8.386e-008	8.5416e-008	8.6574e-008	8.7018e-008	8.8451e-008	9.0452e-008	9.2543e-008	9.2581e-008	9.2087e-008	9.1493e-008	9.1006e-008	8.99e-008	8.9059e-008	8.8276e-008	8.6561e-008	8.4879e-008	8.3909e-008	8.2709e-008	8.0615e-008	7.8178e-008	7.6031e-008	7.47e-008	7.3587e-008	7.2032e-008	7.0572e-008	6.8182e-008	6.7757e-008	6.5358e-008	6.3769e-008	6.2681e-008	6.0325e-008	5.8678e-008	5.6434e-008	5.3628e-008	5.2222e-008	5.0693e-008	4.9423e-008	4.7334e-008	4.5528e-008	4.4429e-008	4.2538e-008	4.1164e-008	3.9193e-008	3.675e-008	3.4752e-008	3.3164e-008	3.2304e-008	3.0408e-008	2.8715e-008	2.7255e-008	2.5852e-008	2.5251e-008	2.3085e-008	2.1831e-008	2.0148e-008	1.7712e-008	1.6876e-008	1.6031e-008	1.4956e-008	1.399e-008	1.2899e-008	1.2399e-008	1.0729e-008	9.1244e-009	8.0142e-009	6.614e-009	6.0045e-009	5.2536e-009	4.4975e-009	4.3773e-009	4.3626e-009	4.674e-009	4.5329e-009	4.9998e-009	5.6764e-009	6.1564e-009	7.3498e-009	8.6881e-009	1.0073e-008	1.1703e-008	1.309e-008	1.5929e-008	1.8245e-008	2.0967e-008	2.302e-008	2.6495e-008	3.1318e-008	3.5391e-008	4.0776e-008	4.5994e-008	5.0292e-008	5.5824e-008	5.9831e-008	6.3364e-008	6.7746e-008	7.1244e-008	7.442e-008	7.9402e-008	8.256e-008	8.4868e-008	8.662e-008	8.7609e-008	8.8071e-008	8.9145e-008	9.0502e-008	9.1673e-008	9.2321e-008	9.2467e-008	9.2656e-008	9.2359e-008	9.2087e-008	9.1562e-008	9.0552e-008	8.925e-008	8.7438e-008	8.5775e-008	8.2798e-008	8.1376e-008	7.9815e-008	7.8694e-008	7.7631e-008	7.6634e-008	7.5813e-008	7.5009e-008	7.3795e-008	7.0571e-008	6.7905e-008	6.6029e-008	6.4435e-008	6.2896e-008	6.1408e-008	5.9549e-008	5.8037e-008	5.6727e-008	5.4862e-008	5.1988e-008	5.0701e-008	4.8779e-008	4.7571e-008	4.5628e-008	4.4055e-008	4.1454e-008	3.9563e-008	3.784e-008	3.5673e-008	3.4425e-008	3.2212e-008	3.0793e-008	2.8922e-008	2.7108e-008	2.6078e-008	2.4223e-008	2.2957e-008	2.197e-008	2.0789e-008	1.8625e-008	1.6812e-008	1.5134e-008	1.2878e-008	1.2364e-008	1.1148e-008	1.0359e-008	9.5376e-009	7.1982e-009	6.3319e-009	5.9124e-009	5.8074e-009	5.7135e-009	5.8855e-009	5.8075e-009	5.4535e-009	5.5154e-009	5.658e-009	5.3368e-009	6.0783e-009	6.6257e-009	7.1594e-009	8.0554e-009	8.7718e-009	1.034e-008	1.2157e-008	1.4134e-008	1.6231e-008	1.9712e-008	2.2596e-008	2.6261e-008	2.9406e-008	3.287e-008	3.6848e-008	4.1104e-008	4.6874e-008	5.3086e-008	5.9564e-008	6.3793e-008	6.8078e-008	7.031e-008	7.49e-008	7.7776e-008	7.9244e-008	8.3523e-008	8.5481e-008	8.7585e-008	8.9774e-008	9.0723e-008	9.2877e-008	9.3863e-008	9.4942e-008	9.5841e-008	9.6602e-008	9.7214e-008	9.7506e-008	9.6857e-008	9.5438e-008	9.4505e-008	9.2848e-008	9.231e-008	9.121e-008	9.0372e-008	8.8666e-008	8.7145e-008	8.4637e-008	8.3414e-008	8.2365e-008	8.0623e-008	7.8316e-008	7.6144e-008	7.4106e-008	7.2507e-008	7.072e-008	6.9398e-008	6.7273e-008	6.4681e-008	6.3226e-008	6.0966e-008	5.9831e-008	5.8515e-008	5.7618e-008	5.483e-008	5.2517e-008	5.1087e-008	4.9157e-008	4.7673e-008	4.5835e-008	4.3574e-008	4.0196e-008	3.896e-008	3.7443e-008	3.5148e-008	3.3688e-008	3.1695e-008	3.0073e-008	2.7919e-008	2.6583e-008	2.4402e-008	2.315e-008	2.1481e-008	2.0047e-008	1.8884e-008	1.7547e-008	1.6254e-008	1.5226e-008	1.3797e-008	1.2736e-008	1.1885e-008	1.0488e-008	1.0505e-008	9.5723e-009	8.8165e-009	8.4467e-009	8.3455e-009	7.9539e-009	8.1447e-009	8.0768e-009	8.1611e-009	8.2699e-009	8.9778e-009	8.5925e-009	8.7705e-009	9.1058e-009	9.9274e-009	1.0927e-008	1.2291e-008	1.3727e-008	1.5367e-008	1.6804e-008	1.923e-008	2.172e-008	2.5025e-008	2.8087e-008	3.168e-008	3.5809e-008	3.9613e-008	4.3748e-008	4.9315e-008	5.324e-008	6.0032e-008	6.2189e-008	6.8646e-008	7.1641e-008	7.5812e-008	7.7316e-008	8.1718e-008	8.3751e-008	8.6065e-008	8.8189e-008	9.0696e-008	9.4356e-008	9.5309e-008	9.6242e-008	9.7168e-008	9.7935e-008	9.7329e-008	9.6871e-008	9.5962e-008	9.5003e-008	9.4528e-008	9.4431e-008	9.4123e-008	9.3573e-008	9.2751e-008	9.1009e-008	8.9985e-008	8.7698e-008	8.5523e-008	8.4501e-008	8.3538e-008	8.0685e-008	7.9204e-008	7.835e-008	7.7336e-008	7.5603e-008	7.3479e-008	7.1592e-008	6.9894e-008	6.7036e-008	6.635e-008	6.5417e-008	6.5216e-008	6.3375e-008	6.194e-008	5.9407e-008	5.6366e-008	5.4316e-008	5.3105e-008	5.2119e-008	5.1273e-008	4.8625e-008	4.7151e-008	4.4953e-008	4.2631e-008	3.9503e-008	3.566e-008	3.4585e-008	3.3849e-008	3.1454e-008	2.8002e-008	2.6549e-008	2.4248e-008	2.2293e-008	2.0559e-008	1.9182e-008	1.6074e-008	1.4329e-008	1.3139e-008	1.2153e-008	1.1613e-008	1.0994e-008	1.0985e-008	1.0875e-008	1.046e-008	1.071e-008	1.0099e-008	9.7494e-009	9.6558e-009	9.5191e-009	9.5909e-009	9.7243e-009	1.0351e-008	1.0424e-008	1.077e-008	1.0398e-008	1.0423e-008	1.1133e-008	1.1814e-008	1.1977e-008	1.2605e-008	1.4069e-008	1.6578e-008	1.9773e-008	2.3066e-008	2.7931e-008	3.1528e-008	3.6556e-008	4.2094e-008	4.8449e-008	5.4363e-008	5.9439e-008	6.4264e-008	6.8748e-008	7.2616e-008	7.553e-008	7.9469e-008	8.2409e-008	8.5104e-008	8.819e-008	9.2094e-008	9.5525e-008	9.63e-008	9.6676e-008	9.7445e-008	9.7829e-008	9.861e-008	9.9223e-008	9.8192e-008	9.7142e-008	9.6394e-008	9.5502e-008	9.4636e-008	9.3659e-008	9.3713e-008	9.2281e-008	9.1394e-008	8.9748e-008	8.9268e-008	8.6245e-008	8.4633e-008	8.3162e-008	8.2001e-008	8.0572e-008	7.8898e-008	7.7666e-008	7.6906e-008	7.5593e-008	7.4389e-008	7.3226e-008	7.2364e-008	7.0108e-008	6.847e-008	6.4379e-008	6.3565e-008	6.1772e-008	5.9826e-008	5.6483e-008	5.4874e-008	5.3981e-008	5.1844e-008	5.0364e-008	4.7908e-008	4.6125e-008	4.4043e-008	4.2002e-008	4.0012e-008	3.8697e-008	3.7351e-008	3.4723e-008	3.3359e-008	3.1211e-008	2.9477e-008	2.7485e-008	2.5274e-008	2.4323e-008	2.1198e-008	1.9492e-008	1.8219e-008	1.7301e-008	1.6424e-008	1.4636e-008	1.3846e-008	1.3015e-008	1.2291e-008	1.2675e-008	1.1834e-008	1.1783e-008	1.1467e-008	1.1731e-008	1.1921e-008	1.1761e-008	1.164e-008	1.147e-008	1.1761e-008	1.1673e-008	1.2619e-008	1.2872e-008	1.3264e-008	1.4344e-008	1.5281e-008
3.0071e-009	4.0931e-009	5.4538e-009	7.7219e-009	9.6995e-009	1.1443e-008	1.5281e-008	1.8453e-008	2.1725e-008	2.5037e-008	2.9604e-008	3.2916e-008	3.9529e-008	4.2203e-008	4.5561e-008	4.8063e-008	5.2041e-008	5.4772e-008	5.8998e-008	6.3534e-008	6.7255e-008	7.1548e-008	7.525e-008	7.7401e-008	8.117e-008	8.308e-008	8.4162e-008	8.4696e-008	8.6139e-008	8.7272e-008	8.7944e-008	8.9806e-008	9.1665e-008	9.1993e-008	9.1552e-008	9.131e-008	9.0834e-008	8.9629e-008	8.8834e-008	8.777e-008	8.611e-008	8.4638e-008	8.3592e-008	8.1925e-008	7.9793e-008	7.7567e-008	7.6508e-008	7.4457e-008	7.3546e-008	7.1618e-008	7.0295e-008	6.8617e-008	6.7467e-008	6.6054e-008	6.4012e-008	6.2434e-008	6.0604e-008	5.836e-008	5.5854e-008	5.3625e-008	5.1813e-008	5.0686e-008	4.9001e-008	4.6647e-008	4.5369e-008	4.3908e-008	4.2316e-008	4.0611e-008	3.8776e-008	3.6313e-008	3.5238e-008	3.2829e-008	3.1109e-008	2.9334e-008	2.8324e-008	2.6791e-008	2.5806e-008	2.544e-008	2.3422e-008	2.155e-008	1.9242e-008	1.7443e-008	1.6771e-008	1.5999e-008	1.4522e-008	1.3768e-008	1.2814e-008	1.166e-008	1.0401e-008	9.1411e-009	7.5983e-009	6.7176e-009	5.7502e-009	4.9513e-009	4.4352e-009	4.0971e-009	3.9738e-009	4.5969e-009	4.3375e-009	5.0047e-009	5.5299e-009	5.9796e-009	6.8264e-009	8.3923e-009	9.7712e-009	1.0818e-008	1.252e-008	1.5692e-008	1.7973e-008	2.0129e-008	2.3416e-008	2.6642e-008	3.0658e-008	3.597e-008	3.976e-008	4.4797e-008	4.928e-008	5.4482e-008	5.833e-008	6.3377e-008	6.7542e-008	7.0942e-008	7.5125e-008	7.8343e-008	8.1471e-008	8.4342e-008	8.6074e-008	8.7258e-008	8.8041e-008	8.8975e-008	9.0262e-008	9.1264e-008	9.1718e-008	9.1817e-008	9.1615e-008	9.1791e-008	9.1562e-008	9.0856e-008	9.0308e-008	8.9525e-008	8.7292e-008	8.5352e-008	8.3175e-008	8.2054e-008	8.017e-008	7.8007e-008	7.6987e-008	7.5965e-008	7.5726e-008	7.4365e-008	7.2825e-008	6.9334e-008	6.7785e-008	6.5204e-008	6.3439e-008	6.2738e-008	6.1564e-008	5.9332e-008	5.8288e-008	5.6467e-008	5.4136e-008	5.2801e-008	4.9982e-008	4.8424e-008	4.6986e-008	4.5168e-008	4.3278e-008	4.1108e-008	3.9232e-008	3.7569e-008	3.5194e-008	3.372e-008	3.1697e-008	3.0088e-008	2.8331e-008	2.673e-008	2.5288e-008	2.3456e-008	2.1894e-008	2.0976e-008	1.9826e-008	1.7157e-008	1.5675e-008	1.4427e-008	1.26e-008	1.1624e-008	1.0732e-008	9.6902e-009	7.8223e-009	6.2383e-009	5.3538e-009	5.2412e-009	5.1985e-009	5.1414e-009	5.209e-009	5.1762e-009	5.2987e-009	5.5669e-009	5.4368e-009	5.2975e-009	5.5701e-009	6.1332e-009	6.4781e-009	7.0679e-009	8.2239e-009	9.5386e-009	1.1056e-008	1.3286e-008	1.5237e-008	1.7816e-008	2.1413e-008	2.4761e-008	2.927e-008	3.2482e-008	3.72e-008	4.0893e-008	4.46e-008	5.2745e-008	5.9405e-008	6.3323e-008	6.798e-008	7.1341e-008	7.5538e-008	7.8542e-008	8.1035e-008	8.4565e-008	8.5667e-008	8.8099e-008	8.9735e-008	9.1006e-008	9.2973e-008	9.3862e-008	9.5652e-008	9.6647e-008	9.6618e-008	9.7233e-008	9.7468e-008	9.7152e-008	9.5812e-008	9.433e-008	9.2913e-008	9.2023e-008	9.1425e-008	9.0402e-008	8.9264e-008	8.7608e-008	8.5299e-008	8.387e-008	8.2356e-008	8.0103e-008	7.7677e-008	7.5497e-008	7.3798e-008	7.2156e-008	6.9832e-008	6.9233e-008	6.6261e-008	6.4323e-008	6.2383e-008	6.0992e-008	5.9808e-008	5.901e-008	5.7329e-008	5.3205e-008	5.1951e-008	4.9953e-008	4.8509e-008	4.6741e-008	4.5402e-008	4.2594e-008	4.0287e-008	3.9216e-008	3.6472e-008	3.502e-008	3.3276e-008	3.1383e-008	3.0277e-008	2.7195e-008	2.5881e-008	2.4148e-008	2.3384e-008	2.0995e-008	1.9175e-008	1.8605e-008	1.739e-008	1.6062e-008	1.5107e-008	1.3591e-008	1.2828e-008	1.2161e-008	1.0942e-008	1.0269e-008	9.8754e-009	9.3067e-009	9.0779e-009	8.7001e-009	7.9426e-009	7.7773e-009	7.7488e-009	8.1221e-009	8.5141e-009	9.461e-009	8.6896e-009	8.6089e-009	8.8487e-009	1.0041e-008	1.1127e-008	1.2221e-008	1.366e-008	1.5184e-008	1.6645e-008	1.9614e-008	2.2474e-008	2.5662e-008	2.816e-008	3.1984e-008	3.5774e-008	3.9638e-008	4.418e-008	4.8392e-008	5.293e-008	5.8322e-008	6.1859e-008	6.7031e-008	7.1042e-008	7.5029e-008	7.8612e-008	8.1252e-008	8.3688e-008	8.5686e-008	8.7777e-008	8.9725e-008	9.243e-008	9.4597e-008	9.5674e-008	9.6773e-008	9.735e-008	9.6428e-008	9.647e-008	9.6086e-008	9.5558e-008	9.5015e-008	9.4188e-008	9.3746e-008	9.3164e-008	9.221e-008	9.0709e-008	8.8734e-008	8.6668e-008	8.551e-008	8.4446e-008	8.333e-008	8.1511e-008	7.9175e-008	7.8536e-008	7.7274e-008	7.4392e-008	7.2867e-008	7.1537e-008	6.8375e-008	6.7288e-008	6.6367e-008	6.6391e-008	6.5209e-008	6.2603e-008	6.148e-008	5.7235e-008	5.5886e-008	5.4698e-008	5.3e-008	5.1278e-008	4.9721e-008	4.8369e-008	4.633e-008	4.5063e-008	4.1943e-008	3.883e-008	3.6226e-008	3.5096e-008	3.3519e-008	3.0975e-008	2.856e-008	2.6162e-008	2.444e-008	2.1937e-008	2.0487e-008	1.8631e-008	1.69e-008	1.4076e-008	1.2971e-008	1.1955e-008	1.1366e-008	1.1023e-008	1.0865e-008	1.0524e-008	1.0429e-008	1.0327e-008	9.7237e-009	9.4788e-009	9.6819e-009	9.4685e-009	9.2058e-009	9.2094e-009	1.0014e-008	1.0573e-008	1.0789e-008	1.0733e-008	1.0919e-008	1.1434e-008	1.2136e-008	1.2001e-008	1.237e-008	1.3631e-008	1.6379e-008	1.9517e-008	2.2395e-008	2.7254e-008	3.1386e-008	3.515e-008	4.1012e-008	4.5647e-008	5.346e-008	5.8069e-008	6.4383e-008	6.8568e-008	7.1521e-008	7.5691e-008	7.8691e-008	8.1876e-008	8.5034e-008	8.8843e-008	9.1359e-008	9.4807e-008	9.5362e-008	9.5807e-008	9.6846e-008	9.7997e-008	9.8526e-008	9.9492e-008	9.989e-008	9.9141e-008	9.6871e-008	9.5998e-008	9.4214e-008	9.3977e-008	9.4178e-008	9.3483e-008	9.1832e-008	9.015e-008	8.9331e-008	8.6532e-008	8.4769e-008	8.272e-008	8.1463e-008	7.9969e-008	7.8451e-008	7.7797e-008	7.6349e-008	7.5422e-008	7.425e-008	7.311e-008	7.1951e-008	7.067e-008	6.8482e-008	6.539e-008	6.3939e-008	6.1965e-008	5.9482e-008	5.6734e-008	5.5661e-008	5.4282e-008	5.2444e-008	5.0391e-008	4.7718e-008	4.613e-008	4.3548e-008	4.1931e-008	3.9826e-008	3.8335e-008	3.6632e-008	3.5078e-008	3.2405e-008	3.0778e-008	2.9195e-008	2.7491e-008	2.5094e-008	2.3803e-008	2.0685e-008	1.9281e-008	1.8346e-008	1.7155e-008	1.5992e-008	1.4434e-008	1.3303e-008	1.2579e-008	1.2177e-008	1.2785e-008	1.1946e-008	1.1727e-008	1.1672e-008	1.1548e-008	1.1073e-008	1.1251e-008	1.159e-008	1.1487e-008	1.1991e-008	1.2184e-008	1.2286e-008	1.297e-008	1.3179e-008	1.3881e-008	1.4599e-008
2.8734e-009	3.9389e-009	5.4522e-009	7.7791e-009	9.5518e-009	1.1916e-008	1.6152e-008	1.8607e-008	2.2727e-008	2.6363e-008	2.958e-008	3.2368e-008	3.8618e-008	4.2672e-008	4.5585e-008	4.8579e-008	5.2889e-008	5.4626e-008	5.9456e-008	6.3345e-008	6.8556e-008	7.1362e-008	7.5721e-008	7.8372e-008	8.1558e-008	8.292e-008	8.4034e-008	8.472e-008	8.6284e-008	8.7604e-008	8.8699e-008	9.0138e-008	9.1282e-008	9.1178e-008	9.1058e-008	9.0772e-008	9.0506e-008	8.9206e-008	8.8629e-008	8.8078e-008	8.682e-008	8.4692e-008	8.3642e-008	8.2215e-008	8.0034e-008	7.8275e-008	7.6754e-008	7.499e-008	7.4351e-008	7.2264e-008	7.0107e-008	6.8444e-008	6.665e-008	6.5823e-008	6.4672e-008	6.2971e-008	6.0662e-008	5.9268e-008	5.6778e-008	5.4741e-008	5.2531e-008	5.1032e-008	4.9411e-008	4.697e-008	4.5774e-008	4.4003e-008	4.2647e-008	4.0049e-008	3.8683e-008	3.6847e-008	3.5142e-008	3.2999e-008	3.1799e-008	2.9314e-008	2.8649e-008	2.7108e-008	2.6386e-008	2.5746e-008	2.3221e-008	2.1907e-008	1.8765e-008	1.7749e-008	1.6873e-008	1.5824e-008	1.4415e-008	1.3644e-008	1.2996e-008	1.1799e-008	1.0905e-008	9.486e-009	8.3149e-009	7.347e-009	6.5899e-009	5.4869e-009	4.7688e-009	4.377e-009	4.4173e-009	4.499e-009	4.6273e-009	5.109e-009	5.5327e-009	6.1368e-009	7.0361e-009	7.7562e-009	9.6451e-009	1.1149e-008	1.2748e-008	1.4918e-008	1.7947e-008	2.0893e-008	2.3698e-008	2.7042e-008	2.9757e-008	3.589e-008	3.9361e-008	4.4197e-008	4.7296e-008	5.3487e-008	5.8956e-008	6.3051e-008	6.7022e-008	7.1804e-008	7.5734e-008	7.9185e-008	8.1435e-008	8.4079e-008	8.5649e-008	8.705e-008	8.8367e-008	8.9752e-008	9.0871e-008	9.1522e-008	9.1589e-008	9.1818e-008	9.1331e-008	9.1014e-008	9.0922e-008	9.0689e-008	9.025e-008	8.9593e-008	8.7283e-008	8.4686e-008	8.3413e-008	8.2269e-008	7.949e-008	7.8417e-008	7.7101e-008	7.6169e-008	7.5408e-008	7.4004e-008	7.1195e-008	6.96e-008	6.7751e-008	6.5724e-008	6.418e-008	6.266e-008	6.1463e-008	6.0076e-008	5.8474e-008	5.6695e-008	5.4503e-008	5.327e-008	5.1013e-008	4.9861e-008	4.7044e-008	4.5246e-008	4.333e-008	4.101e-008	3.9155e-008	3.77e-008	3.4808e-008	3.3851e-008	3.2054e-008	3.0145e-008	2.7852e-008	2.6219e-008	2.4751e-008	2.2683e-008	2.0907e-008	1.9992e-008	1.8327e-008	1.704e-008	1.5687e-008	1.392e-008	1.24e-008	1.153e-008	1.0184e-008	8.6246e-009	7.3937e-009	6.3195e-009	5.6609e-009	5.6013e-009	4.9022e-009	4.8107e-009	5.3016e-009	5.3959e-009	5.7977e-009	5.6924e-009	5.5182e-009	5.6138e-009	5.938e-009	6.076e-009	6.2263e-009	7.1448e-009	8.3832e-009	9.3165e-009	1.062e-008	1.2795e-008	1.4318e-008	1.7433e-008	2.1083e-008	2.4423e-008	2.8561e-008	3.1256e-008	3.4849e-008	4.0925e-008	4.4591e-008	4.8963e-008	5.913e-008	6.4107e-008	6.8397e-008	7.1528e-008	7.5741e-008	7.9203e-008	8.2329e-008	8.5054e-008	8.6043e-008	8.8536e-008	9.0271e-008	9.1696e-008	9.3367e-008	9.4341e-008	9.6018e-008	9.7462e-008	9.7123e-008	9.7547e-008	9.7701e-008	9.7252e-008	9.6084e-008	9.4905e-008	9.3252e-008	9.2623e-008	9.1999e-008	9.0594e-008	8.9455e-008	8.761e-008	8.5677e-008	8.4202e-008	8.2583e-008	7.9108e-008	7.7333e-008	7.456e-008	7.3267e-008	7.22e-008	7.0307e-008	6.9146e-008	6.5704e-008	6.4161e-008	6.2457e-008	6.1249e-008	5.9962e-008	5.9418e-008	5.7334e-008	5.3656e-008	5.1639e-008	4.9496e-008	4.9e-008	4.729e-008	4.4909e-008	4.1394e-008	4.059e-008	3.9267e-008	3.735e-008	3.5088e-008	3.336e-008	3.1446e-008	2.9824e-008	2.7736e-008	2.6188e-008	2.4566e-008	2.3577e-008	2.1515e-008	1.9502e-008	1.8909e-008	1.7679e-008	1.6279e-008	1.4884e-008	1.397e-008	1.3216e-008	1.2524e-008	1.1195e-008	1.0226e-008	9.7565e-009	9.6199e-009	9.2881e-009	9.0563e-009	8.2863e-009	8.1559e-009	7.8229e-009	8.353e-009	8.7501e-009	9.3765e-009	8.9689e-009	8.8473e-009	9.3957e-009	1.0309e-008	1.1509e-008	1.2878e-008	1.4487e-008	1.5767e-008	1.7743e-008	2.0639e-008	2.3039e-008	2.5281e-008	2.9416e-008	3.1906e-008	3.5134e-008	3.93e-008	4.3231e-008	4.7635e-008	5.3749e-008	5.7582e-008	6.2951e-008	6.7039e-008	7.0724e-008	7.5131e-008	7.9222e-008	8.209e-008	8.4261e-008	8.6785e-008	8.746e-008	8.9236e-008	9.2263e-008	9.344e-008	9.5652e-008	9.5509e-008	9.5614e-008	9.5815e-008	9.6106e-008	9.6218e-008	9.6349e-008	9.532e-008	9.4414e-008	9.3541e-008	9.3068e-008	9.189e-008	9.0697e-008	8.8831e-008	8.7455e-008	8.6465e-008	8.4806e-008	8.2961e-008	8.1686e-008	7.9161e-008	7.8803e-008	7.7068e-008	7.4489e-008	7.2929e-008	7.1178e-008	6.9287e-008	6.8306e-008	6.7773e-008	6.7265e-008	6.5251e-008	6.2546e-008	6.0308e-008	5.8146e-008	5.5646e-008	5.5121e-008	5.31e-008	5.1294e-008	4.9479e-008	4.8346e-008	4.6222e-008	4.4553e-008	4.1708e-008	4.008e-008	3.7516e-008	3.5308e-008	3.3885e-008	3.0722e-008	2.9568e-008	2.5782e-008	2.4618e-008	2.2559e-008	2.0738e-008	1.8863e-008	1.6844e-008	1.453e-008	1.316e-008	1.2168e-008	1.1524e-008	1.1006e-008	1.1051e-008	1.0824e-008	1.0813e-008	1.0374e-008	1.0254e-008	9.4756e-009	9.4828e-009	9.4429e-009	9.0838e-009	9.7458e-009	1.0205e-008	1.0605e-008	1.0836e-008	1.0845e-008	1.123e-008	1.1848e-008	1.2092e-008	1.1949e-008	1.2426e-008	1.4019e-008	1.635e-008	1.9027e-008	2.3206e-008	2.6318e-008	3.0364e-008	3.6687e-008	4.1384e-008	4.7021e-008	5.2739e-008	5.6371e-008	6.4058e-008	6.9159e-008	7.2369e-008	7.5413e-008	7.9418e-008	8.169e-008	8.5778e-008	8.8802e-008	9.1977e-008	9.3397e-008	9.4764e-008	9.574e-008	9.7166e-008	9.8382e-008	9.8902e-008	9.9494e-008	1.0042e-007	1.0031e-007	9.8797e-008	9.7318e-008	9.6272e-008	9.4955e-008	9.466e-008	9.2627e-008	9.1152e-008	9.0685e-008	8.9518e-008	8.7286e-008	8.5526e-008	8.3789e-008	8.1702e-008	7.997e-008	7.8845e-008	7.8024e-008	7.6506e-008	7.5515e-008	7.4371e-008	7.3072e-008	7.1897e-008	6.9725e-008	6.7673e-008	6.5296e-008	6.4215e-008	6.2096e-008	5.8881e-008	5.7133e-008	5.5354e-008	5.4209e-008	5.2753e-008	4.9936e-008	4.7152e-008	4.5828e-008	4.4234e-008	4.1972e-008	4.0065e-008	3.8609e-008	3.6218e-008	3.4923e-008	3.2144e-008	3.0997e-008	2.9628e-008	2.758e-008	2.5209e-008	2.3877e-008	2.1009e-008	1.979e-008	1.8444e-008	1.7333e-008	1.5831e-008	1.4589e-008	1.3299e-008	1.2732e-008	1.2203e-008	1.2224e-008	1.1625e-008	1.191e-008	1.1989e-008	1.2063e-008	1.1509e-008	1.1769e-008	1.1769e-008	1.219e-008	1.2698e-008	1.2503e-008	1.2865e-008	1.316e-008	1.3502e-008	1.413e-008	1.5525e-008
2.0171e-009	3.0395e-009	5.1748e-009	6.7035e-009	1.0132e-008	1.2346e-008	1.5539e-008	1.8208e-008	2.1809e-008	2.6449e-008	2.9859e-008	3.2535e-008	3.9045e-008	4.3268e-008	4.6533e-008	5.0278e-008	5.2964e-008	5.5819e-008	5.9711e-008	6.4257e-008	6.9126e-008	7.2253e-008	7.5908e-008	7.7705e-008	8.1474e-008	8.2627e-008	8.3755e-008	8.4908e-008	8.6252e-008	8.7778e-008	8.9117e-008	9.0425e-008	9.1184e-008	9.1042e-008	9.0949e-008	9.0404e-008	8.9491e-008	8.8571e-008	8.7947e-008	8.7509e-008	8.5446e-008	8.3826e-008	8.2813e-008	8.1726e-008	8.0057e-008	7.8802e-008	7.6912e-008	7.5371e-008	7.433e-008	7.2632e-008	7.0577e-008	6.7958e-008	6.656e-008	6.5867e-008	6.4671e-008	6.2733e-008	6.0906e-008	5.9453e-008	5.7754e-008	5.4849e-008	5.2553e-008	5.0791e-008	4.9456e-008	4.6597e-008	4.5378e-008	4.3669e-008	4.2105e-008	3.9157e-008	3.8112e-008	3.728e-008	3.4387e-008	3.2512e-008	3.193e-008	3.033e-008	2.9397e-008	2.7212e-008	2.6315e-008	2.5225e-008	2.2463e-008	2.1189e-008	1.9497e-008	1.8415e-008	1.6922e-008	1.6032e-008	1.5625e-008	1.3955e-008	1.2905e-008	1.1275e-008	1.0713e-008	9.9673e-009	8.7412e-009	7.5125e-009	6.9601e-009	5.4549e-009	4.8855e-009	4.4239e-009	4.5317e-009	4.2846e-009	4.6248e-009	4.7629e-009	5.1489e-009	5.9501e-009	6.6365e-009	7.7283e-009	9.2994e-009	1.1029e-008	1.2455e-008	1.4889e-008	1.7939e-008	2.1004e-008	2.4447e-008	2.7027e-008	3.1232e-008	3.441e-008	3.8288e-008	4.3002e-008	4.8717e-008	5.3165e-008	5.7759e-008	6.1735e-008	6.6593e-008	7.235e-008	7.5622e-008	7.8686e-008	8.1383e-008	8.3399e-008	8.4438e-008	8.7306e-008	8.8624e-008	9.0277e-008	9.1548e-008	9.158e-008	9.171e-008	9.1477e-008	9.1139e-008	9.0799e-008	9.0189e-008	9.017e-008	8.9778e-008	8.9128e-008	8.5968e-008	8.4327e-008	8.3639e-008	8.2413e-008	7.9671e-008	7.8164e-008	7.6722e-008	7.5977e-008	7.3996e-008	7.2096e-008	7.1057e-008	6.9089e-008	6.7081e-008	6.5443e-008	6.3091e-008	6.2438e-008	6.1277e-008	5.971e-008	5.8224e-008	5.6113e-008	5.4658e-008	5.3261e-008	5.0859e-008	4.986e-008	4.7917e-008	4.5163e-008	4.3468e-008	4.1112e-008	3.8766e-008	3.7488e-008	3.5367e-008	3.3158e-008	3.181e-008	2.9899e-008	2.7843e-008	2.6504e-008	2.4627e-008	2.2435e-008	2.0631e-008	1.8928e-008	1.7869e-008	1.6839e-008	1.4955e-008	1.3738e-008	1.2274e-008	1.0804e-008	9.4481e-009	8.0179e-009	7.4239e-009	6.5125e-009	5.8304e-009	5.493e-009	5.6172e-009	4.9003e-009	5.2396e-009	5.2969e-009	5.4611e-009	5.0409e-009	5.2329e-009	5.5681e-009	5.6068e-009	5.6047e-009	5.991e-009	6.8869e-009	7.9036e-009	9.0908e-009	1.053e-008	1.2128e-008	1.4693e-008	1.7314e-008	2.1401e-008	2.4541e-008	2.83e-008	3.264e-008	3.634e-008	4.103e-008	4.4618e-008	4.9834e-008	5.7535e-008	6.4402e-008	6.792e-008	7.1575e-008	7.5365e-008	8.02e-008	8.2673e-008	8.5122e-008	8.5974e-008	8.8706e-008	9.0233e-008	9.2455e-008	9.4371e-008	9.4977e-008	9.6279e-008	9.7472e-008	9.7752e-008	9.8112e-008	9.7487e-008	9.6823e-008	9.6195e-008	9.526e-008	9.3702e-008	9.3061e-008	9.2352e-008	9.0993e-008	8.9856e-008	8.7899e-008	8.6137e-008	8.3803e-008	8.1951e-008	7.9509e-008	7.6508e-008	7.5007e-008	7.3767e-008	7.1608e-008	7.0022e-008	6.8485e-008	6.5424e-008	6.43e-008	6.2435e-008	6.1194e-008	6.0059e-008	5.8865e-008	5.6214e-008	5.4591e-008	5.1325e-008	4.9483e-008	4.8883e-008	4.5912e-008	4.4427e-008	4.2769e-008	4.0889e-008	3.9355e-008	3.6886e-008	3.4695e-008	3.3004e-008	3.1524e-008	2.9899e-008	2.8101e-008	2.6259e-008	2.5026e-008	2.3134e-008	2.1225e-008	1.9385e-008	1.8637e-008	1.7806e-008	1.6249e-008	1.4945e-008	1.4088e-008	1.306e-008	1.2335e-008	1.0772e-008	1.0204e-008	9.6589e-009	9.4708e-009	9.1382e-009	9.2471e-009	8.6746e-009	8.6103e-009	8.3514e-009	8.4515e-009	8.3562e-009	8.7599e-009	9.0418e-009	9.4262e-009	9.5492e-009	1.0457e-008	1.1671e-008	1.3387e-008	1.4817e-008	1.6372e-008	1.8471e-008	2.0669e-008	2.3583e-008	2.6389e-008	2.946e-008	3.1449e-008	3.4453e-008	3.912e-008	4.2551e-008	4.9061e-008	5.3532e-008	5.7738e-008	6.21e-008	6.653e-008	7.0846e-008	7.6064e-008	7.9542e-008	8.2e-008	8.516e-008	8.7065e-008	8.7317e-008	8.9163e-008	9.126e-008	9.2923e-008	9.5237e-008	9.4862e-008	9.5033e-008	9.5608e-008	9.5772e-008	9.6117e-008	9.6773e-008	9.5834e-008	9.4546e-008	9.3531e-008	9.3114e-008	9.1821e-008	9.0393e-008	8.9536e-008	8.8609e-008	8.6438e-008	8.508e-008	8.3109e-008	8.2352e-008	7.9387e-008	7.8186e-008	7.6346e-008	7.4603e-008	7.2956e-008	7.1061e-008	6.9825e-008	6.9083e-008	6.8103e-008	6.7067e-008	6.3749e-008	6.2022e-008	5.9845e-008	5.7405e-008	5.6816e-008	5.5423e-008	5.3458e-008	5.1604e-008	4.9901e-008	4.8098e-008	4.6285e-008	4.4747e-008	4.1004e-008	3.9588e-008	3.7794e-008	3.5413e-008	3.316e-008	3.1425e-008	2.9894e-008	2.6946e-008	2.4738e-008	2.3165e-008	2.0263e-008	1.901e-008	1.7179e-008	1.4956e-008	1.3069e-008	1.262e-008	1.1666e-008	1.1226e-008	1.111e-008	1.1339e-008	1.0911e-008	1.0324e-008	1.0231e-008	9.5178e-009	9.3167e-009	9.7687e-009	9.4116e-009	1.0229e-008	1.0433e-008	1.0468e-008	1.0562e-008	1.0875e-008	1.1231e-008	1.1769e-008	1.1833e-008	1.2048e-008	1.264e-008	1.3891e-008	1.6417e-008	1.9775e-008	2.2385e-008	2.6043e-008	3.094e-008	3.62e-008	4.1755e-008	4.6841e-008	5.2527e-008	5.7248e-008	6.4175e-008	6.9121e-008	7.3115e-008	7.6624e-008	8.0016e-008	8.3242e-008	8.7085e-008	8.9235e-008	9.0822e-008	9.3069e-008	9.4416e-008	9.5903e-008	9.7779e-008	9.9011e-008	9.9216e-008	9.9493e-008	1.0078e-007	1.0094e-007	9.93e-008	9.7288e-008	9.6702e-008	9.537e-008	9.5186e-008	9.4211e-008	9.2171e-008	9.152e-008	8.9184e-008	8.7821e-008	8.6272e-008	8.3056e-008	8.1932e-008	7.9864e-008	7.8969e-008	7.7905e-008	7.6852e-008	7.6301e-008	7.4388e-008	7.3687e-008	7.1593e-008	6.9462e-008	6.7554e-008	6.5898e-008	6.4722e-008	6.2289e-008	5.8767e-008	5.7891e-008	5.6216e-008	5.4213e-008	5.3121e-008	4.8963e-008	4.7122e-008	4.5804e-008	4.4192e-008	4.2029e-008	4.0472e-008	3.8749e-008	3.6658e-008	3.423e-008	3.2263e-008	3.0528e-008	2.9566e-008	2.7507e-008	2.5962e-008	2.3593e-008	2.1758e-008	2.0056e-008	1.827e-008	1.6701e-008	1.5815e-008	1.4426e-008	1.345e-008	1.2994e-008	1.2593e-008	1.2586e-008	1.2329e-008	1.2134e-008	1.2131e-008	1.2854e-008	1.2051e-008	1.1717e-008	1.1598e-008	1.2328e-008	1.2913e-008	1.2518e-008	1.2652e-008	1.317e-008	1.3566e-008	1.442e-008	1.6326e-008
1.9446e-009	3.175e-009	5.6546e-009	7.4994e-009	1.0427e-008	1.2502e-008	1.4948e-008	1.8277e-008	2.2805e-008	2.6402e-008	2.9011e-008	3.3005e-008	3.8151e-008	4.288e-008	4.6776e-008	5.031e-008	5.3069e-008	5.6329e-008	6.0374e-008	6.4572e-008	6.7439e-008	7.2414e-008	7.5503e-008	7.7653e-008	8.1377e-008	8.2892e-008	8.3139e-008	8.5018e-008	8.6018e-008	8.8004e-008	8.9179e-008	9.0478e-008	9.1552e-008	9.1506e-008	9.0853e-008	9.0417e-008	8.9409e-008	8.8227e-008	8.7499e-008	8.6742e-008	8.5569e-008	8.3638e-008	8.2341e-008	8.1102e-008	7.9388e-008	7.8189e-008	7.7039e-008	7.5828e-008	7.437e-008	7.2941e-008	7.1343e-008	6.8562e-008	6.6691e-008	6.5606e-008	6.4106e-008	6.1973e-008	6.0669e-008	5.9943e-008	5.8596e-008	5.4334e-008	5.255e-008	5.1006e-008	4.8693e-008	4.6286e-008	4.6145e-008	4.3915e-008	4.1789e-008	3.9693e-008	3.7986e-008	3.6948e-008	3.5316e-008	3.3078e-008	3.1987e-008	3.04e-008	2.8956e-008	2.629e-008	2.5313e-008	2.4385e-008	2.2364e-008	2.1234e-008	1.9954e-008	1.8622e-008	1.7225e-008	1.6302e-008	1.5559e-008	1.4347e-008	1.3335e-008	1.1891e-008	1.0405e-008	9.8916e-009	9.0249e-009	7.8615e-009	7.0955e-009	5.4034e-009	5.0153e-009	4.5475e-009	4.4074e-009	4.4218e-009	4.9795e-009	4.9201e-009	5.4862e-009	6.0884e-009	6.3861e-009	7.9246e-009	9.1811e-009	1.0895e-008	1.3589e-008	1.5454e-008	1.8687e-008	2.1139e-008	2.4438e-008	2.7475e-008	3.2123e-008	3.4979e-008	3.8804e-008	4.4027e-008	4.861e-008	5.3531e-008	5.7193e-008	6.1047e-008	6.4358e-008	7.092e-008	7.5242e-008	7.8675e-008	8.0792e-008	8.2732e-008	8.4916e-008	8.7228e-008	8.8678e-008	9.0817e-008	9.1774e-008	9.1498e-008	9.1461e-008	9.1351e-008	9.1226e-008	9.0843e-008	9.0257e-008	8.9938e-008	8.9249e-008	8.8298e-008	8.6406e-008	8.4574e-008	8.3382e-008	8.2171e-008	7.9405e-008	7.7213e-008	7.5701e-008	7.451e-008	7.3196e-008	7.1594e-008	7.0669e-008	6.805e-008	6.7026e-008	6.5731e-008	6.3095e-008	6.2365e-008	6.1744e-008	5.939e-008	5.807e-008	5.5904e-008	5.4468e-008	5.3276e-008	5.172e-008	4.9755e-008	4.74e-008	4.5387e-008	4.2866e-008	4.1099e-008	3.9122e-008	3.7195e-008	3.5946e-008	3.2938e-008	3.1284e-008	2.9169e-008	2.7769e-008	2.5504e-008	2.4417e-008	2.1636e-008	1.9882e-008	1.8791e-008	1.7294e-008	1.6148e-008	1.4451e-008	1.3274e-008	1.1682e-008	9.8203e-009	8.9662e-009	7.7594e-009	7.01e-009	6.3666e-009	5.8582e-009	5.6468e-009	5.7269e-009	5.4474e-009	5.2936e-009	5.0346e-009	5.0643e-009	5.1828e-009	5.4955e-009	4.9505e-009	5.1655e-009	5.4733e-009	6.0957e-009	6.9559e-009	7.8513e-009	9.0372e-009	1.0253e-008	1.2048e-008	1.4925e-008	1.718e-008	2.1074e-008	2.4692e-008	2.8575e-008	3.3456e-008	3.7184e-008	4.1347e-008	4.4603e-008	4.9185e-008	5.8227e-008	6.3941e-008	6.7565e-008	7.1944e-008	7.4969e-008	7.9355e-008	8.2354e-008	8.4219e-008	8.6862e-008	8.8637e-008	9.0661e-008	9.3503e-008	9.4914e-008	9.5022e-008	9.6185e-008	9.7332e-008	9.8336e-008	9.8115e-008	9.7643e-008	9.7527e-008	9.6757e-008	9.601e-008	9.4689e-008	9.325e-008	9.2221e-008	9.1666e-008	9.0343e-008	8.7497e-008	8.615e-008	8.3144e-008	8.1513e-008	7.9573e-008	7.6465e-008	7.4895e-008	7.3578e-008	7.1887e-008	6.9964e-008	6.7861e-008	6.6416e-008	6.4709e-008	6.3311e-008	6.0754e-008	5.9974e-008	5.9235e-008	5.6904e-008	5.5047e-008	5.1101e-008	4.9273e-008	4.8428e-008	4.5842e-008	4.507e-008	4.3244e-008	4.1021e-008	3.9637e-008	3.7355e-008	3.4537e-008	3.3402e-008	3.1898e-008	2.9525e-008	2.8105e-008	2.6321e-008	2.4859e-008	2.3254e-008	2.0551e-008	1.9295e-008	1.8076e-008	1.6971e-008	1.6077e-008	1.5416e-008	1.3737e-008	1.2617e-008	1.2086e-008	1.0989e-008	1.0152e-008	9.6541e-009	9.3655e-009	9.0596e-009	9.0126e-009	9.1351e-009	9.0523e-009	8.5522e-009	8.6685e-009	8.6014e-009	8.7095e-009	9.1951e-009	9.7942e-009	1.0242e-008	1.0614e-008	1.1777e-008	1.3434e-008	1.5035e-008	1.7087e-008	1.8566e-008	2.0651e-008	2.3656e-008	2.6117e-008	2.919e-008	3.1051e-008	3.3938e-008	3.9282e-008	4.3117e-008	4.8608e-008	5.3426e-008	5.8154e-008	6.2496e-008	6.6568e-008	7.1446e-008	7.5464e-008	7.8654e-008	8.1535e-008	8.5206e-008	8.6799e-008	8.708e-008	8.8856e-008	9.0233e-008	9.2308e-008	9.3196e-008	9.3968e-008	9.4486e-008	9.5386e-008	9.5773e-008	9.623e-008	9.6779e-008	9.593e-008	9.4447e-008	9.3121e-008	9.2587e-008	9.1248e-008	9.0177e-008	8.9192e-008	8.8709e-008	8.7265e-008	8.4622e-008	8.3129e-008	8.2145e-008	8.0782e-008	7.8135e-008	7.6751e-008	7.5128e-008	7.3079e-008	7.0903e-008	7.0329e-008	6.9606e-008	6.8604e-008	6.683e-008	6.4607e-008	6.2024e-008	6.038e-008	5.879e-008	5.7115e-008	5.515e-008	5.3779e-008	5.1715e-008	4.9929e-008	4.7978e-008	4.6674e-008	4.4878e-008	4.3216e-008	4.1651e-008	3.8254e-008	3.6193e-008	3.3362e-008	3.1712e-008	2.9338e-008	2.7304e-008	2.5007e-008	2.28e-008	2.1629e-008	2.0048e-008	1.6607e-008	1.4557e-008	1.3664e-008	1.3082e-008	1.1807e-008	1.1031e-008	1.1171e-008	1.1476e-008	1.0968e-008	1.0184e-008	1.0428e-008	9.9197e-009	1.0121e-008	9.7817e-009	9.5963e-009	1.018e-008	1.0317e-008	1.0472e-008	1.0645e-008	1.0925e-008	1.1289e-008	1.1524e-008	1.1738e-008	1.2026e-008	1.2847e-008	1.461e-008	1.6877e-008	1.9791e-008	2.1812e-008	2.6688e-008	3.0665e-008	3.645e-008	4.1954e-008	4.7329e-008	5.1073e-008	5.6486e-008	6.1791e-008	6.8065e-008	7.371e-008	7.6959e-008	8.0906e-008	8.3852e-008	8.8055e-008	8.943e-008	9.0842e-008	9.159e-008	9.4187e-008	9.6128e-008	9.806e-008	9.9035e-008	9.9178e-008	9.9599e-008	1.005e-007	1.0098e-007	1.0008e-007	9.9026e-008	9.7506e-008	9.5958e-008	9.4941e-008	9.3878e-008	9.2618e-008	9.167e-008	9.0451e-008	8.7809e-008	8.6417e-008	8.4139e-008	8.202e-008	8.0615e-008	7.9535e-008	7.8478e-008	7.7702e-008	7.6975e-008	7.5738e-008	7.2919e-008	7.166e-008	6.984e-008	6.7506e-008	6.7025e-008	6.4336e-008	6.2769e-008	5.9237e-008	5.7945e-008	5.6757e-008	5.4679e-008	5.3183e-008	4.9784e-008	4.7378e-008	4.6242e-008	4.4171e-008	4.2087e-008	4.0529e-008	3.8779e-008	3.6823e-008	3.4852e-008	3.2891e-008	3.0945e-008	2.9156e-008	2.7626e-008	2.5713e-008	2.3773e-008	2.1822e-008	2.0378e-008	1.8341e-008	1.6938e-008	1.5729e-008	1.4545e-008	1.3548e-008	1.2804e-008	1.2744e-008	1.2882e-008	1.2953e-008	1.2108e-008	1.2139e-008	1.2786e-008	1.1754e-008	1.1503e-008	1.1434e-008	1.2066e-008	1.2516e-008	1.2713e-008	1.2619e-008	1.3668e-008	1.3602e-008	1.5206e-008	1.6214e-008
2.1219e-009	3.5845e-009	5.7159e-009	7.4163e-009	9.6692e-009	1.1953e-008	1.4675e-008	1.8306e-008	2.2723e-008	2.6306e-008	2.9668e-008	3.3361e-008	3.6181e-008	4.029e-008	4.5123e-008	4.9997e-008	5.2952e-008	5.5774e-008	5.948e-008	6.3899e-008	6.691e-008	7.1389e-008	7.4779e-008	7.7377e-008	8.0365e-008	8.2857e-008	8.3342e-008	8.4556e-008	8.5909e-008	8.7494e-008	8.8919e-008	9.0698e-008	9.1556e-008	9.1564e-008	9.1268e-008	9.0011e-008	8.9249e-008	8.8352e-008	8.8377e-008	8.7322e-008	8.5201e-008	8.486e-008	8.2377e-008	8.0808e-008	7.9668e-008	7.8141e-008	7.6959e-008	7.5935e-008	7.416e-008	7.2522e-008	7.0295e-008	6.8654e-008	6.6002e-008	6.5397e-008	6.4371e-008	6.176e-008	6.0446e-008	5.9472e-008	5.8161e-008	5.4732e-008	5.2785e-008	5.0213e-008	4.8803e-008	4.7848e-008	4.6101e-008	4.3749e-008	4.151e-008	3.9828e-008	3.7738e-008	3.6454e-008	3.4677e-008	3.3041e-008	3.1343e-008	3.0107e-008	2.8662e-008	2.6724e-008	2.5348e-008	2.3304e-008	2.2419e-008	2.1758e-008	2.0122e-008	1.887e-008	1.7188e-008	1.6224e-008	1.5494e-008	1.4524e-008	1.3587e-008	1.2646e-008	1.059e-008	1.0346e-008	9.0272e-009	8.0765e-009	7.3474e-009	6.5936e-009	5.5532e-009	4.8453e-009	4.6176e-009	4.4233e-009	4.7083e-009	4.9935e-009	5.6916e-009	6.5635e-009	7.5951e-009	8.1783e-009	8.964e-009	1.1923e-008	1.3837e-008	1.5191e-008	1.8573e-008	2.0782e-008	2.387e-008	2.7596e-008	3.137e-008	3.4916e-008	3.9051e-008	4.4496e-008	4.893e-008	5.3115e-008	5.6597e-008	6.1008e-008	6.4784e-008	7.0202e-008	7.416e-008	7.7112e-008	7.9845e-008	8.2733e-008	8.4189e-008	8.7213e-008	8.8246e-008	9.0799e-008	9.1392e-008	9.095e-008	9.0894e-008	9.0663e-008	9.084e-008	9.0359e-008	8.9956e-008	8.9416e-008	8.8429e-008	8.7325e-008	8.5282e-008	8.4014e-008	8.2701e-008	8.0978e-008	7.8686e-008	7.7065e-008	7.4909e-008	7.3203e-008	7.1502e-008	7.0723e-008	7.045e-008	6.8965e-008	6.6131e-008	6.5637e-008	6.4408e-008	6.2966e-008	6.1461e-008	5.9482e-008	5.7199e-008	5.5516e-008	5.402e-008	5.3347e-008	5.1503e-008	4.941e-008	4.7166e-008	4.4535e-008	4.202e-008	4.0442e-008	3.9455e-008	3.7364e-008	3.5985e-008	3.3085e-008	3.1204e-008	2.9089e-008	2.7665e-008	2.5908e-008	2.503e-008	2.1957e-008	1.9803e-008	1.8637e-008	1.6915e-008	1.5526e-008	1.4312e-008	1.2563e-008	1.1106e-008	9.8103e-009	9.0017e-009	7.5725e-009	6.3027e-009	5.9164e-009	5.3807e-009	5.4928e-009	5.41e-009	5.2099e-009	5.1926e-009	4.9917e-009	4.4323e-009	4.7186e-009	5.3481e-009	5.0896e-009	4.8325e-009	5.2524e-009	5.9513e-009	6.5569e-009	7.5534e-009	8.4409e-009	9.8285e-009	1.1934e-008	1.4121e-008	1.7129e-008	2.0632e-008	2.4179e-008	2.8972e-008	3.3529e-008	3.7124e-008	4.1664e-008	4.4994e-008	4.7948e-008	5.7357e-008	6.306e-008	6.7641e-008	7.0873e-008	7.4738e-008	7.8471e-008	8.1463e-008	8.4074e-008	8.708e-008	8.932e-008	9.2398e-008	9.4216e-008	9.4989e-008	9.5532e-008	9.6057e-008	9.7332e-008	9.8036e-008	9.7939e-008	9.7425e-008	9.7695e-008	9.7341e-008	9.6197e-008	9.564e-008	9.4233e-008	9.2223e-008	9.1138e-008	9.0305e-008	8.7732e-008	8.5987e-008	8.4477e-008	8.1127e-008	7.97e-008	7.6806e-008	7.5668e-008	7.4186e-008	7.3008e-008	6.9277e-008	6.7551e-008	6.6591e-008	6.4332e-008	6.2998e-008	6.1116e-008	5.9875e-008	5.862e-008	5.716e-008	5.453e-008	5.2855e-008	4.9588e-008	4.8779e-008	4.5976e-008	4.494e-008	4.3024e-008	4.1099e-008	3.937e-008	3.7457e-008	3.485e-008	3.2741e-008	3.1941e-008	2.9425e-008	2.7755e-008	2.6002e-008	2.4511e-008	2.2549e-008	2.009e-008	1.8848e-008	1.762e-008	1.6376e-008	1.5653e-008	1.5118e-008	1.406e-008	1.2971e-008	1.203e-008	1.1153e-008	1.0404e-008	9.6717e-009	9.1887e-009	8.6372e-009	8.6463e-009	8.7074e-009	8.5379e-009	8.2758e-009	8.4233e-009	8.3774e-009	8.3658e-009	8.8237e-009	9.779e-009	1.0177e-008	1.089e-008	1.1554e-008	1.3712e-008	1.5492e-008	1.704e-008	1.9153e-008	2.0958e-008	2.2458e-008	2.6206e-008	2.8834e-008	3.1907e-008	3.5107e-008	3.9522e-008	4.327e-008	4.8597e-008	5.4321e-008	5.8353e-008	6.3263e-008	6.6744e-008	7.0823e-008	7.4533e-008	7.7126e-008	8.0979e-008	8.3425e-008	8.5842e-008	8.6653e-008	8.8877e-008	9.0605e-008	9.1431e-008	9.2665e-008	9.3096e-008	9.3677e-008	9.4827e-008	9.5454e-008	9.5808e-008	9.5757e-008	9.4749e-008	9.3156e-008	9.2294e-008	9.1451e-008	9.0504e-008	8.9886e-008	8.877e-008	8.8433e-008	8.7676e-008	8.4313e-008	8.2485e-008	8.1507e-008	8.0774e-008	7.8676e-008	7.6877e-008	7.4488e-008	7.3168e-008	7.1985e-008	7.0516e-008	7.0078e-008	6.8132e-008	6.6944e-008	6.4688e-008	6.0723e-008	6.0733e-008	5.8716e-008	5.715e-008	5.5058e-008	5.3841e-008	5.2165e-008	5.0434e-008	4.8782e-008	4.7165e-008	4.4758e-008	4.3168e-008	4.1345e-008	3.7501e-008	3.6267e-008	3.3548e-008	3.1334e-008	2.895e-008	2.743e-008	2.4817e-008	2.3418e-008	2.1943e-008	1.9741e-008	1.7914e-008	1.4935e-008	1.39e-008	1.3136e-008	1.1645e-008	1.0984e-008	1.0877e-008	1.0746e-008	1.0466e-008	1.0132e-008	9.9889e-009	9.8265e-009	9.8698e-009	9.5952e-009	9.3663e-009	9.3961e-009	9.7707e-009	9.9281e-009	1.0477e-008	1.078e-008	1.1193e-008	1.1032e-008	1.0869e-008	1.1612e-008	1.3199e-008	1.4668e-008	1.6492e-008	1.9484e-008	2.2888e-008	2.6564e-008	3.113e-008	3.6103e-008	4.0363e-008	4.7144e-008	5.2836e-008	5.7521e-008	6.2382e-008	6.9051e-008	7.4617e-008	7.8672e-008	8.1924e-008	8.5323e-008	8.7906e-008	8.8895e-008	9.034e-008	9.1336e-008	9.4016e-008	9.5468e-008	9.7719e-008	9.8265e-008	9.8976e-008	9.966e-008	1.0006e-007	1.0034e-007	1.0011e-007	9.838e-008	9.6996e-008	9.5902e-008	9.4556e-008	9.316e-008	9.2625e-008	9.1147e-008	8.9821e-008	8.7362e-008	8.5935e-008	8.4141e-008	8.1964e-008	8.0909e-008	7.9657e-008	7.7665e-008	7.7515e-008	7.665e-008	7.5595e-008	7.2336e-008	7.1408e-008	7.0199e-008	6.8711e-008	6.7346e-008	6.3752e-008	6.2507e-008	5.9451e-008	5.8021e-008	5.6378e-008	5.3514e-008	5.2158e-008	5.0067e-008	4.7684e-008	4.598e-008	4.3971e-008	4.2344e-008	4.0428e-008	3.8602e-008	3.6746e-008	3.462e-008	3.2842e-008	3.1032e-008	2.9273e-008	2.7521e-008	2.5596e-008	2.3443e-008	2.1602e-008	1.9747e-008	1.8369e-008	1.6715e-008	1.5412e-008	1.4105e-008	1.304e-008	1.2505e-008	1.2455e-008	1.2671e-008	1.2388e-008	1.141e-008	1.1655e-008	1.1929e-008	1.1213e-008	1.0997e-008	1.1716e-008	1.1696e-008	1.2491e-008	1.304e-008	1.2799e-008	1.3623e-008	1.3806e-008	1.4758e-008	1.6519e-008
2.8101e-009	3.5262e-009	5.6072e-009	7.5972e-009	9.3835e-009	1.2098e-008	1.4346e-008	1.8025e-008	2.2226e-008	2.5795e-008	2.9031e-008	3.3076e-008	3.615e-008	4.0176e-008	4.4178e-008	4.8716e-008	5.2711e-008	5.5655e-008	5.9822e-008	6.3379e-008	6.7491e-008	7.1817e-008	7.4814e-008	7.7638e-008	8.0392e-008	8.2578e-008	8.3758e-008	8.5464e-008	8.6241e-008	8.7534e-008	8.9247e-008	9.0947e-008	9.1345e-008	9.1484e-008	9.1003e-008	8.9923e-008	8.9118e-008	8.8566e-008	8.8969e-008	8.8055e-008	8.6409e-008	8.3955e-008	8.1745e-008	8.0724e-008	7.9932e-008	7.8813e-008	7.6558e-008	7.5349e-008	7.3763e-008	7.1788e-008	7.0065e-008	6.8349e-008	6.6953e-008	6.5286e-008	6.4347e-008	6.1719e-008	5.9548e-008	5.8632e-008	5.7292e-008	5.4302e-008	5.141e-008	5.025e-008	4.9055e-008	4.8075e-008	4.6002e-008	4.3691e-008	4.1146e-008	4.0039e-008	3.7581e-008	3.6385e-008	3.512e-008	3.3228e-008	3.132e-008	2.9586e-008	2.8306e-008	2.6574e-008	2.5692e-008	2.4836e-008	2.2474e-008	2.1414e-008	1.9754e-008	1.8414e-008	1.6568e-008	1.61e-008	1.5381e-008	1.449e-008	1.3341e-008	1.2549e-008	1.0887e-008	1.0624e-008	9.0258e-009	7.91e-009	7.3335e-009	6.6668e-009	5.5554e-009	5.6642e-009	5.2765e-009	4.5634e-009	4.6513e-009	4.9835e-009	5.7649e-009	7.131e-009	8.1388e-009	9.1388e-009	1.0415e-008	1.2146e-008	1.3591e-008	1.6067e-008	1.868e-008	2.1016e-008	2.4171e-008	2.8202e-008	3.1784e-008	3.546e-008	4.1155e-008	4.5341e-008	4.9929e-008	5.3832e-008	5.7087e-008	6.1223e-008	6.5816e-008	7.0144e-008	7.3323e-008	7.7115e-008	7.9673e-008	8.202e-008	8.4297e-008	8.7021e-008	8.855e-008	9.0231e-008	9.044e-008	8.9967e-008	9.0155e-008	9.0356e-008	9.0757e-008	9.0056e-008	8.9702e-008	8.8728e-008	8.7427e-008	8.5871e-008	8.4805e-008	8.3476e-008	8.2351e-008	8.0604e-008	7.8628e-008	7.7039e-008	7.4942e-008	7.2961e-008	7.1524e-008	7.1196e-008	7.0537e-008	6.969e-008	6.8312e-008	6.5893e-008	6.4151e-008	6.3108e-008	6.2187e-008	5.9368e-008	5.7305e-008	5.5287e-008	5.2791e-008	5.1684e-008	5.1139e-008	4.9185e-008	4.6942e-008	4.4524e-008	4.1911e-008	4.0819e-008	3.926e-008	3.7166e-008	3.5498e-008	3.2988e-008	3.1502e-008	2.9393e-008	2.7674e-008	2.6164e-008	2.4855e-008	2.3003e-008	1.9587e-008	1.8691e-008	1.6609e-008	1.55e-008	1.3921e-008	1.2289e-008	1.0692e-008	9.7143e-009	8.7065e-009	7.1454e-009	6.2594e-009	5.5528e-009	5.0653e-009	5.0757e-009	4.9998e-009	4.7926e-009	4.4876e-009	4.4978e-009	4.176e-009	4.5608e-009	4.9485e-009	5.335e-009	4.8802e-009	4.9493e-009	5.397e-009	5.9521e-009	6.7268e-009	8.0964e-009	9.8115e-009	1.17e-008	1.3413e-008	1.7261e-008	2.0134e-008	2.284e-008	2.8611e-008	3.3021e-008	3.7242e-008	4.17e-008	4.5119e-008	4.8692e-008	5.3382e-008	5.95e-008	6.6773e-008	7.1341e-008	7.4912e-008	7.8002e-008	8.1525e-008	8.4915e-008	8.7318e-008	8.9941e-008	9.2609e-008	9.4764e-008	9.599e-008	9.5918e-008	9.6755e-008	9.7955e-008	9.8735e-008	9.8489e-008	9.786e-008	9.8016e-008	9.7389e-008	9.6184e-008	9.5698e-008	9.5083e-008	9.2579e-008	9.1089e-008	9.0114e-008	8.894e-008	8.7092e-008	8.4284e-008	8.1449e-008	7.9481e-008	7.7246e-008	7.5501e-008	7.4256e-008	7.3206e-008	7.1709e-008	6.9062e-008	6.7235e-008	6.5003e-008	6.3223e-008	6.1199e-008	6.0158e-008	5.8872e-008	5.6656e-008	5.5527e-008	5.3349e-008	5.0903e-008	4.9366e-008	4.6505e-008	4.435e-008	4.2721e-008	4.1094e-008	3.9449e-008	3.644e-008	3.4956e-008	3.2781e-008	3.1625e-008	2.9709e-008	2.742e-008	2.5903e-008	2.4936e-008	2.2907e-008	2.0571e-008	1.8108e-008	1.7154e-008	1.6591e-008	1.5749e-008	1.5011e-008	1.3714e-008	1.2924e-008	1.2048e-008	1.12e-008	1.012e-008	9.5584e-009	9.2107e-009	8.5602e-009	8.5019e-009	8.4434e-009	8.885e-009	8.1051e-009	8.0818e-009	8.1582e-009	8.7881e-009	8.8277e-009	1.0022e-008	1.045e-008	1.1041e-008	1.1671e-008	1.3554e-008	1.5041e-008	1.6752e-008	1.9207e-008	2.0752e-008	2.28e-008	2.5373e-008	2.8562e-008	3.2018e-008	3.5536e-008	3.971e-008	4.4976e-008	4.9494e-008	5.4494e-008	5.9558e-008	6.5026e-008	6.8386e-008	7.0638e-008	7.3719e-008	7.7715e-008	8.0782e-008	8.3055e-008	8.534e-008	8.7432e-008	8.9331e-008	9.0816e-008	9.2717e-008	9.2991e-008	9.2936e-008	9.3375e-008	9.43e-008	9.5148e-008	9.5262e-008	9.4692e-008	9.3981e-008	9.3007e-008	9.2347e-008	9.1318e-008	9.053e-008	8.936e-008	8.8128e-008	8.7735e-008	8.7261e-008	8.3141e-008	8.1813e-008	8.1399e-008	8.0772e-008	7.9355e-008	7.7081e-008	7.4775e-008	7.2719e-008	7.2092e-008	7.0714e-008	7.0057e-008	6.811e-008	6.7007e-008	6.6168e-008	6.3588e-008	6.1065e-008	5.9191e-008	5.717e-008	5.4829e-008	5.3161e-008	5.1367e-008	5.0226e-008	4.8484e-008	4.7251e-008	4.4967e-008	4.2932e-008	4.1059e-008	3.9329e-008	3.6347e-008	3.3642e-008	3.0871e-008	2.9176e-008	2.7524e-008	2.4947e-008	2.3484e-008	2.2263e-008	2.0943e-008	1.8169e-008	1.5249e-008	1.4251e-008	1.2528e-008	1.1478e-008	1.1124e-008	1.0908e-008	1.0581e-008	1.0463e-008	9.9847e-009	1.0074e-008	9.4411e-009	9.6317e-009	9.6204e-009	9.5435e-009	9.4448e-009	9.7816e-009	9.6776e-009	1.0103e-008	1.0694e-008	1.0921e-008	1.0952e-008	1.128e-008	1.2073e-008	1.2635e-008	1.4432e-008	1.6199e-008	1.9218e-008	2.1636e-008	2.6413e-008	3.057e-008	3.5896e-008	4.0395e-008	4.8086e-008	5.3187e-008	5.7595e-008	6.2614e-008	6.8557e-008	7.554e-008	8.0286e-008	8.3331e-008	8.5895e-008	8.7697e-008	8.8869e-008	9.0164e-008	9.164e-008	9.3534e-008	9.5315e-008	9.7109e-008	9.7767e-008	9.8994e-008	9.928e-008	9.9958e-008	9.9632e-008	9.9273e-008	9.7821e-008	9.6622e-008	9.565e-008	9.452e-008	9.3646e-008	9.2384e-008	9.0655e-008	8.9436e-008	8.6848e-008	8.5619e-008	8.4128e-008	8.2369e-008	8.1298e-008	8.0713e-008	7.9601e-008	7.8235e-008	7.6927e-008	7.5474e-008	7.2834e-008	7.169e-008	6.9617e-008	6.8881e-008	6.7047e-008	6.3447e-008	6.1949e-008	5.9172e-008	5.8041e-008	5.5562e-008	5.3914e-008	5.142e-008	4.8975e-008	4.8023e-008	4.6362e-008	4.4099e-008	4.1839e-008	4.0844e-008	3.8921e-008	3.6182e-008	3.502e-008	3.346e-008	3.0709e-008	2.8651e-008	2.7216e-008	2.5733e-008	2.4107e-008	2.1565e-008	1.977e-008	1.8627e-008	1.6695e-008	1.5299e-008	1.3667e-008	1.2573e-008	1.2046e-008	1.2219e-008	1.2507e-008	1.1688e-008	1.0772e-008	1.125e-008	1.1368e-008	1.0786e-008	1.1363e-008	1.2348e-008	1.1968e-008	1.2382e-008	1.297e-008	1.2922e-008	1.3074e-008	1.3866e-008	1.5547e-008	1.68e-008
3.0856e-009	3.7035e-009	5.9108e-009	7.8823e-009	9.5264e-009	1.1924e-008	1.4086e-008	1.7718e-008	1.9983e-008	2.4521e-008	2.7789e-008	3.2475e-008	3.5903e-008	3.9813e-008	4.3907e-008	4.9521e-008	5.1535e-008	5.6479e-008	5.9957e-008	6.3064e-008	6.7296e-008	7.0776e-008	7.4992e-008	7.7798e-008	8.0874e-008	8.2586e-008	8.4394e-008	8.5612e-008	8.6484e-008	8.7634e-008	8.9109e-008	9.0697e-008	9.1169e-008	9.1365e-008	9.0423e-008	8.9827e-008	8.9308e-008	8.8732e-008	8.8769e-008	8.7719e-008	8.6861e-008	8.4047e-008	8.1348e-008	8.0514e-008	7.9511e-008	7.8546e-008	7.8001e-008	7.5454e-008	7.3191e-008	7.1738e-008	6.9666e-008	6.8257e-008	6.6931e-008	6.5397e-008	6.4399e-008	6.2236e-008	5.9993e-008	5.8028e-008	5.532e-008	5.3411e-008	5.1203e-008	5.0311e-008	4.9107e-008	4.8521e-008	4.6354e-008	4.4436e-008	4.184e-008	3.9252e-008	3.7644e-008	3.6083e-008	3.501e-008	3.2686e-008	3.1863e-008	3.0611e-008	2.8074e-008	2.6545e-008	2.5505e-008	2.4633e-008	2.2583e-008	2.1177e-008	1.9294e-008	1.7372e-008	1.6504e-008	1.6156e-008	1.5689e-008	1.4428e-008	1.4066e-008	1.3662e-008	1.3175e-008	1.2005e-008	1.0116e-008	8.3056e-009	7.9884e-009	7.3694e-009	6.5376e-009	6.2413e-009	5.8067e-009	5.9275e-009	5.8483e-009	5.7258e-009	6.5905e-009	7.5411e-009	8.314e-009	9.8971e-009	1.0947e-008	1.2382e-008	1.4012e-008	1.6382e-008	1.8449e-008	2.1107e-008	2.3967e-008	2.7992e-008	3.1984e-008	3.6329e-008	4.1e-008	4.6927e-008	5.1474e-008	5.4336e-008	5.7468e-008	6.1572e-008	6.7488e-008	7.0516e-008	7.4484e-008	7.7598e-008	8.0027e-008	8.3474e-008	8.5317e-008	8.7393e-008	8.8289e-008	8.9263e-008	8.9591e-008	8.9998e-008	9.0645e-008	9.0917e-008	9.1151e-008	9.0217e-008	8.921e-008	8.8144e-008	8.632e-008	8.58e-008	8.4876e-008	8.3444e-008	8.2076e-008	8.0443e-008	7.8738e-008	7.6458e-008	7.4861e-008	7.3261e-008	7.1943e-008	7.1412e-008	7.0518e-008	6.9412e-008	6.8301e-008	6.6352e-008	6.3975e-008	6.314e-008	6.2867e-008	6.0616e-008	5.7054e-008	5.5196e-008	5.2736e-008	5.1135e-008	4.9731e-008	4.7124e-008	4.553e-008	4.3356e-008	4.2152e-008	4.0424e-008	3.869e-008	3.6967e-008	3.5443e-008	3.2701e-008	3.1534e-008	2.979e-008	2.8252e-008	2.6208e-008	2.413e-008	2.1911e-008	2.0166e-008	1.8817e-008	1.7183e-008	1.5093e-008	1.235e-008	1.1478e-008	1.0378e-008	9.3899e-009	8.0097e-009	6.8295e-009	6.1041e-009	5.7865e-009	5.0756e-009	5.0868e-009	4.5336e-009	4.661e-009	4.5333e-009	4.3222e-009	4.1082e-009	4.456e-009	4.6158e-009	5.3877e-009	4.8769e-009	4.8364e-009	5.3702e-009	5.9509e-009	6.4728e-009	7.5709e-009	9.3869e-009	1.1719e-008	1.4063e-008	1.6317e-008	1.9886e-008	2.1622e-008	2.8172e-008	3.1566e-008	3.7014e-008	4.1402e-008	4.6463e-008	4.9516e-008	5.4836e-008	6.1629e-008	6.5799e-008	6.9411e-008	7.4173e-008	7.6325e-008	8.2861e-008	8.589e-008	8.7346e-008	9.0905e-008	9.326e-008	9.5509e-008	9.6644e-008	9.8216e-008	9.8567e-008	9.9158e-008	9.9519e-008	9.9073e-008	9.94e-008	9.891e-008	9.7368e-008	9.6711e-008	9.6152e-008	9.5179e-008	9.214e-008	9.0489e-008	8.9517e-008	8.8345e-008	8.6223e-008	8.3482e-008	8.1092e-008	7.9233e-008	7.6743e-008	7.5085e-008	7.4047e-008	7.3106e-008	7.2223e-008	6.851e-008	6.7687e-008	6.3966e-008	6.3753e-008	6.1894e-008	6.0621e-008	5.8303e-008	5.6597e-008	5.4998e-008	5.3421e-008	5.0986e-008	4.9149e-008	4.6283e-008	4.3694e-008	4.2329e-008	4.0584e-008	3.9013e-008	3.6192e-008	3.4329e-008	3.2452e-008	3.052e-008	2.8747e-008	2.7238e-008	2.6022e-008	2.4775e-008	2.2297e-008	2.0232e-008	1.864e-008	1.7242e-008	1.6656e-008	1.5611e-008	1.4757e-008	1.3334e-008	1.2626e-008	1.1716e-008	1.0436e-008	9.6088e-009	9.5041e-009	8.8346e-009	8.4364e-009	8.408e-009	8.1928e-009	8.9246e-009	8.7118e-009	8.2798e-009	8.5051e-009	8.9264e-009	8.984e-009	9.6756e-009	1.0302e-008	1.084e-008	1.1809e-008	1.3139e-008	1.481e-008	1.6753e-008	1.9137e-008	2.0447e-008	2.2798e-008	2.5665e-008	2.9234e-008	3.2585e-008	3.6472e-008	4.1278e-008	4.5583e-008	5.1063e-008	5.6993e-008	6.0288e-008	6.594e-008	6.87e-008	7.1606e-008	7.3997e-008	7.6812e-008	8.0043e-008	8.3266e-008	8.5021e-008	8.7758e-008	8.958e-008	9.1328e-008	9.3399e-008	9.3556e-008	9.3615e-008	9.3798e-008	9.4111e-008	9.434e-008	9.4562e-008	9.3884e-008	9.3072e-008	9.3094e-008	9.2775e-008	9.1796e-008	9.0525e-008	8.8989e-008	8.8127e-008	8.7484e-008	8.6483e-008	8.2751e-008	8.202e-008	8.1279e-008	8.0659e-008	7.9652e-008	7.7451e-008	7.5214e-008	7.306e-008	7.2657e-008	7.1882e-008	6.9302e-008	6.8345e-008	6.6999e-008	6.6344e-008	6.4493e-008	6.1462e-008	5.9426e-008	5.6786e-008	5.4578e-008	5.2186e-008	5.084e-008	4.9508e-008	4.8245e-008	4.6835e-008	4.4115e-008	4.265e-008	4.0821e-008	3.8401e-008	3.6378e-008	3.4146e-008	3.0916e-008	2.8503e-008	2.6711e-008	2.5272e-008	2.285e-008	2.1854e-008	1.9733e-008	1.7512e-008	1.5816e-008	1.4325e-008	1.2835e-008	1.2009e-008	1.137e-008	1.0789e-008	1.0916e-008	1.0798e-008	1.0504e-008	1.0387e-008	9.8743e-009	9.4435e-009	9.5344e-009	9.7773e-009	9.8527e-009	1.0041e-008	9.9981e-009	1.0424e-008	1.0905e-008	1.0982e-008	1.1087e-008	1.1545e-008	1.1948e-008	1.2436e-008	1.3679e-008	1.6345e-008	1.8971e-008	2.1648e-008	2.6301e-008	3.0348e-008	3.5015e-008	4.1494e-008	4.9739e-008	5.3928e-008	5.7785e-008	6.3322e-008	6.9798e-008	7.6369e-008	7.9956e-008	8.3852e-008	8.6476e-008	8.796e-008	8.8991e-008	9.0234e-008	9.1746e-008	9.3349e-008	9.5442e-008	9.7108e-008	9.8332e-008	9.9025e-008	9.9896e-008	1.0013e-007	9.9603e-008	9.8757e-008	9.8062e-008	9.642e-008	9.528e-008	9.4381e-008	9.3684e-008	9.2146e-008	9.1074e-008	8.9712e-008	8.6797e-008	8.4786e-008	8.4452e-008	8.2777e-008	8.1686e-008	8.1045e-008	8.0803e-008	7.8481e-008	7.7166e-008	7.486e-008	7.2961e-008	7.0859e-008	6.9316e-008	6.8341e-008	6.6202e-008	6.4094e-008	6.1796e-008	5.9586e-008	5.749e-008	5.5796e-008	5.3879e-008	5.2781e-008	4.9277e-008	4.7878e-008	4.606e-008	4.4237e-008	4.2717e-008	4.0715e-008	3.883e-008	3.6177e-008	3.5112e-008	3.3787e-008	3.0793e-008	2.882e-008	2.8e-008	2.5745e-008	2.4434e-008	2.2143e-008	1.9836e-008	1.8348e-008	1.7172e-008	1.5371e-008	1.3787e-008	1.2717e-008	1.208e-008	1.2056e-008	1.2069e-008	1.1786e-008	1.0776e-008	1.1303e-008	1.1747e-008	1.1371e-008	1.1356e-008	1.2003e-008	1.1888e-008	1.1938e-008	1.2505e-008	1.2665e-008	1.2896e-008	1.3474e-008	1.5e-008	1.6695e-008
3.2516e-009	4.3302e-009	6.0147e-009	7.7951e-009	9.5497e-009	1.2621e-008	1.3986e-008	1.7072e-008	2.0263e-008	2.4562e-008	2.8347e-008	3.268e-008	3.6578e-008	3.9972e-008	4.3782e-008	4.9858e-008	5.3072e-008	5.763e-008	5.9991e-008	6.2015e-008	6.6533e-008	6.9986e-008	7.4534e-008	7.7555e-008	8.03e-008	8.1647e-008	8.4172e-008	8.5461e-008	8.652e-008	8.7596e-008	8.8801e-008	9.017e-008	9.0372e-008	9.0854e-008	9.0098e-008	8.9855e-008	8.9444e-008	8.8932e-008	8.8983e-008	8.7959e-008	8.6337e-008	8.3885e-008	8.1249e-008	8.0288e-008	7.8801e-008	7.8314e-008	7.7569e-008	7.5419e-008	7.3293e-008	7.2076e-008	7.0302e-008	6.7862e-008	6.7153e-008	6.5416e-008	6.4106e-008	6.263e-008	6.0567e-008	5.744e-008	5.5913e-008	5.362e-008	5.1071e-008	4.9735e-008	4.8946e-008	4.812e-008	4.5818e-008	4.4198e-008	4.2019e-008	3.8935e-008	3.7056e-008	3.5612e-008	3.4541e-008	3.2403e-008	3.1519e-008	3.0219e-008	2.8029e-008	2.6318e-008	2.5182e-008	2.4253e-008	2.239e-008	2.1312e-008	1.926e-008	1.7797e-008	1.6626e-008	1.6044e-008	1.5525e-008	1.4775e-008	1.3866e-008	1.3574e-008	1.3248e-008	1.2624e-008	1.1559e-008	9.6583e-009	8.4999e-009	8.3303e-009	6.6464e-009	6.9817e-009	7.3702e-009	6.6489e-009	6.6521e-009	6.8813e-009	7.2213e-009	8.1896e-009	9.4157e-009	1.0316e-008	1.1159e-008	1.2793e-008	1.4292e-008	1.6786e-008	1.851e-008	2.0973e-008	2.3968e-008	2.8137e-008	3.1731e-008	3.704e-008	4.1364e-008	4.7144e-008	5.1677e-008	5.5108e-008	5.9072e-008	6.3899e-008	6.8424e-008	7.1883e-008	7.5635e-008	7.8416e-008	8.1376e-008	8.4089e-008	8.6924e-008	8.8131e-008	8.8172e-008	8.8861e-008	8.993e-008	9.0654e-008	9.1103e-008	9.131e-008	9.1134e-008	8.9707e-008	8.8808e-008	8.7271e-008	8.6376e-008	8.5494e-008	8.4518e-008	8.3074e-008	8.2083e-008	8.0331e-008	7.8844e-008	7.6264e-008	7.4775e-008	7.2824e-008	7.2493e-008	7.1471e-008	6.9939e-008	6.9238e-008	6.8169e-008	6.6059e-008	6.4073e-008	6.2974e-008	6.2588e-008	6.081e-008	5.9158e-008	5.4769e-008	5.2613e-008	5.0519e-008	4.8546e-008	4.6425e-008	4.4611e-008	4.3696e-008	4.2595e-008	4.0516e-008	3.8061e-008	3.6712e-008	3.3638e-008	3.2446e-008	3.1622e-008	2.9417e-008	2.7948e-008	2.4977e-008	2.2884e-008	2.1461e-008	2.0145e-008	1.8509e-008	1.6742e-008	1.469e-008	1.1815e-008	1.0697e-008	9.8882e-009	8.7411e-009	7.366e-009	7.0127e-009	6.4635e-009	5.5368e-009	5.2509e-009	5.5988e-009	4.7591e-009	4.4559e-009	4.4841e-009	4.0616e-009	3.8599e-009	3.9888e-009	4.6434e-009	5.2755e-009	5.0084e-009	4.7798e-009	5.2168e-009	5.7908e-009	6.5736e-009	7.6352e-009	9.1482e-009	1.1654e-008	1.3689e-008	1.6576e-008	1.9581e-008	2.2991e-008	2.707e-008	3.1373e-008	3.5913e-008	4.1393e-008	4.7282e-008	5.1106e-008	5.5489e-008	6.0776e-008	6.5697e-008	6.9262e-008	7.358e-008	7.6021e-008	7.9893e-008	8.5849e-008	8.8363e-008	9.0746e-008	9.3121e-008	9.56e-008	9.6617e-008	9.8167e-008	9.9049e-008	9.9944e-008	1.0034e-007	1e-007	9.9214e-008	9.8726e-008	9.737e-008	9.6792e-008	9.5939e-008	9.4361e-008	9.185e-008	8.9988e-008	8.8901e-008	8.7694e-008	8.5368e-008	8.2723e-008	8.1638e-008	7.8916e-008	7.6928e-008	7.5079e-008	7.3897e-008	7.2967e-008	7.2692e-008	6.9512e-008	6.7353e-008	6.4788e-008	6.4045e-008	6.2672e-008	6.0678e-008	5.8713e-008	5.6627e-008	5.5162e-008	5.2951e-008	5.0576e-008	4.8621e-008	4.7347e-008	4.3805e-008	4.1841e-008	4.0321e-008	3.8626e-008	3.6373e-008	3.3553e-008	3.1658e-008	3.0584e-008	2.9363e-008	2.7587e-008	2.6267e-008	2.4235e-008	2.2147e-008	2.01e-008	1.8421e-008	1.7247e-008	1.6453e-008	1.5242e-008	1.4072e-008	1.2786e-008	1.1899e-008	1.0992e-008	1.0177e-008	9.4195e-009	9.4976e-009	8.8997e-009	8.2695e-009	8.2932e-009	8.2753e-009	8.2789e-009	8.5395e-009	8.383e-009	9.0306e-009	8.8191e-009	8.9082e-009	9.3894e-009	9.9246e-009	1.0356e-008	1.1128e-008	1.2872e-008	1.4944e-008	1.6822e-008	1.907e-008	2.1049e-008	2.4466e-008	2.5571e-008	2.9402e-008	3.2964e-008	3.6883e-008	4.1955e-008	4.6972e-008	5.2024e-008	5.7896e-008	6.2387e-008	6.596e-008	6.978e-008	7.2268e-008	7.4355e-008	7.7381e-008	8.0482e-008	8.219e-008	8.5909e-008	8.8218e-008	9.0348e-008	9.231e-008	9.4208e-008	9.4738e-008	9.4629e-008	9.4369e-008	9.3987e-008	9.4085e-008	9.4231e-008	9.3542e-008	9.3221e-008	9.3105e-008	9.2737e-008	9.192e-008	9.0953e-008	9.0143e-008	8.8137e-008	8.7564e-008	8.5714e-008	8.4356e-008	8.1706e-008	8.1123e-008	8.0415e-008	7.9193e-008	7.7336e-008	7.5043e-008	7.3185e-008	7.2627e-008	7.1599e-008	6.881e-008	6.819e-008	6.7068e-008	6.5851e-008	6.4689e-008	6.1791e-008	5.8604e-008	5.7706e-008	5.5123e-008	5.3426e-008	5.0746e-008	4.9368e-008	4.8502e-008	4.658e-008	4.4426e-008	4.2662e-008	4.1543e-008	3.9227e-008	3.6986e-008	3.3321e-008	3.1969e-008	2.9389e-008	2.6653e-008	2.6226e-008	2.4125e-008	2.129e-008	1.9858e-008	1.8028e-008	1.6683e-008	1.5169e-008	1.3976e-008	1.2591e-008	1.1162e-008	1.053e-008	1.0567e-008	1.0716e-008	1.0681e-008	1.0661e-008	1.0617e-008	1.0198e-008	9.6064e-009	9.9868e-009	9.9924e-009	9.9444e-009	9.8277e-009	1.0616e-008	1.0993e-008	1.0726e-008	1.1451e-008	1.1669e-008	1.1847e-008	1.2197e-008	1.3725e-008	1.5814e-008	1.9188e-008	2.2139e-008	2.6428e-008	3.0537e-008	3.3682e-008	4.0803e-008	4.7519e-008	5.4293e-008	5.7451e-008	6.5076e-008	7.0772e-008	7.572e-008	7.9255e-008	8.3706e-008	8.6799e-008	8.8094e-008	8.9719e-008	9.0776e-008	9.1999e-008	9.3483e-008	9.5979e-008	9.8132e-008	9.9581e-008	9.9793e-008	1.0003e-007	1.0015e-007	1.0006e-007	9.8952e-008	9.8296e-008	9.651e-008	9.4919e-008	9.442e-008	9.3764e-008	9.2056e-008	9.1087e-008	9.0308e-008	8.7241e-008	8.5444e-008	8.3825e-008	8.2228e-008	8.1583e-008	8.1416e-008	8.0564e-008	7.8558e-008	7.5973e-008	7.3311e-008	7.2101e-008	7.0084e-008	6.8809e-008	6.7592e-008	6.5661e-008	6.4155e-008	6.1721e-008	6.0077e-008	5.7957e-008	5.6143e-008	5.3662e-008	5.2701e-008	5.0635e-008	4.816e-008	4.64e-008	4.4796e-008	4.3007e-008	4.0559e-008	3.8526e-008	3.6354e-008	3.497e-008	3.3977e-008	3.1609e-008	2.9482e-008	2.8344e-008	2.6416e-008	2.4838e-008	2.2322e-008	2.0177e-008	1.8304e-008	1.6822e-008	1.5079e-008	1.3881e-008	1.2601e-008	1.1851e-008	1.1813e-008	1.1862e-008	1.1777e-008	1.1377e-008	1.147e-008	1.1653e-008	1.1049e-008	1.1237e-008	1.1533e-008	1.1423e-008	1.1576e-008	1.1989e-008	1.2709e-008	1.3154e-008	1.3895e-008	1.5034e-008	1.6181e-008
3.0561e-009	4.6969e-009	6.0538e-009	7.3871e-009	9.8637e-009	1.2341e-008	1.4047e-008	1.6113e-008	1.9269e-008	2.301e-008	2.7951e-008	3.2876e-008	3.6458e-008	4.0036e-008	4.4092e-008	4.9882e-008	5.3856e-008	5.7783e-008	6.0614e-008	6.3562e-008	6.6142e-008	6.9851e-008	7.2444e-008	7.6427e-008	7.926e-008	8.1601e-008	8.3191e-008	8.5128e-008	8.648e-008	8.7404e-008	8.8804e-008	8.9802e-008	8.9905e-008	9.0417e-008	9.0631e-008	8.9941e-008	8.9616e-008	8.9121e-008	8.8974e-008	8.7851e-008	8.6019e-008	8.3758e-008	8.1857e-008	8.015e-008	7.9242e-008	7.8292e-008	7.6325e-008	7.5425e-008	7.3636e-008	7.2399e-008	7.0541e-008	6.8156e-008	6.6887e-008	6.5651e-008	6.4022e-008	6.3121e-008	6.0699e-008	5.8429e-008	5.6023e-008	5.3191e-008	5.0659e-008	4.9496e-008	4.8904e-008	4.783e-008	4.4931e-008	4.4014e-008	4.145e-008	3.8564e-008	3.6685e-008	3.4927e-008	3.3676e-008	3.2169e-008	3.0781e-008	2.9989e-008	2.8934e-008	2.7368e-008	2.4975e-008	2.3291e-008	2.2338e-008	2.1239e-008	1.9707e-008	1.7738e-008	1.6785e-008	1.6326e-008	1.595e-008	1.4916e-008	1.3816e-008	1.3184e-008	1.2957e-008	1.2402e-008	1.1622e-008	1.0419e-008	9.2984e-009	9.4022e-009	9.1357e-009	9.1298e-009	8.523e-009	8.1165e-009	7.8245e-009	8.3164e-009	8.3063e-009	9.0583e-009	1.0227e-008	1.1013e-008	1.1885e-008	1.3561e-008	1.4743e-008	1.7639e-008	1.899e-008	2.1777e-008	2.3457e-008	2.6992e-008	3.145e-008	3.6813e-008	4.2596e-008	4.7958e-008	5.183e-008	5.5962e-008	5.9635e-008	6.425e-008	6.8198e-008	7.2957e-008	7.6266e-008	7.9726e-008	8.1738e-008	8.5096e-008	8.7335e-008	8.8651e-008	8.9133e-008	8.9363e-008	9.0365e-008	9.0704e-008	9.1318e-008	9.1562e-008	9.0915e-008	8.9619e-008	8.8423e-008	8.6771e-008	8.604e-008	8.4464e-008	8.4003e-008	8.3057e-008	8.2381e-008	8.1241e-008	7.8707e-008	7.6663e-008	7.4398e-008	7.272e-008	7.2422e-008	7.1287e-008	6.9931e-008	6.9206e-008	6.8195e-008	6.652e-008	6.3492e-008	6.2189e-008	6.1952e-008	6.0132e-008	5.847e-008	5.5445e-008	5.2188e-008	5.0655e-008	4.838e-008	4.6679e-008	4.4682e-008	4.3746e-008	4.239e-008	4.0448e-008	3.8559e-008	3.6203e-008	3.3943e-008	3.2349e-008	3.14e-008	2.9648e-008	2.7872e-008	2.483e-008	2.3654e-008	2.1898e-008	2.0095e-008	1.6692e-008	1.5201e-008	1.312e-008	1.1419e-008	1.0247e-008	9.2726e-009	7.8993e-009	7.0461e-009	6.7826e-009	6.3071e-009	5.8377e-009	5.1226e-009	5.222e-009	4.5033e-009	4.2218e-009	4.4694e-009	4.2524e-009	4.3232e-009	4.1243e-009	4.7805e-009	5.2907e-009	5.5924e-009	5.2516e-009	5.4071e-009	5.9014e-009	6.6009e-009	7.7138e-009	9.211e-009	1.0719e-008	1.3789e-008	1.6602e-008	1.9809e-008	2.2696e-008	2.556e-008	2.9949e-008	3.481e-008	3.8607e-008	4.6415e-008	5.1254e-008	5.6574e-008	6.0069e-008	6.5065e-008	6.9326e-008	7.2857e-008	7.6075e-008	7.9426e-008	8.5613e-008	8.8616e-008	9.0868e-008	9.2638e-008	9.4953e-008	9.5945e-008	9.8198e-008	9.9073e-008	1.0013e-007	1.0017e-007	9.9871e-008	9.8832e-008	9.7923e-008	9.7205e-008	9.6543e-008	9.5633e-008	9.3742e-008	9.1269e-008	8.9264e-008	8.7926e-008	8.5713e-008	8.3445e-008	8.3062e-008	8.228e-008	7.8683e-008	7.7456e-008	7.5625e-008	7.3781e-008	7.3149e-008	7.2331e-008	6.857e-008	6.6695e-008	6.5003e-008	6.3896e-008	6.2846e-008	5.9354e-008	5.7837e-008	5.6349e-008	5.4365e-008	5.2873e-008	5.0732e-008	4.8701e-008	4.7093e-008	4.3697e-008	4.2301e-008	3.9645e-008	3.7988e-008	3.6209e-008	3.3529e-008	3.1887e-008	3.086e-008	2.9629e-008	2.7091e-008	2.606e-008	2.3823e-008	2.2119e-008	2.0483e-008	1.8453e-008	1.7069e-008	1.5558e-008	1.4874e-008	1.3709e-008	1.2848e-008	1.2096e-008	1.0743e-008	9.7934e-009	9.1279e-009	9.0697e-009	8.7349e-009	8.2588e-009	8.3808e-009	8.3925e-009	8.2125e-009	8.2189e-009	8.4412e-009	9.1394e-009	9.0332e-009	8.9555e-009	9.2879e-009	9.6527e-009	1.0355e-008	1.1337e-008	1.2867e-008	1.4625e-008	1.7785e-008	1.9422e-008	2.1956e-008	2.4547e-008	2.6442e-008	2.9195e-008	3.282e-008	3.72e-008	4.1375e-008	4.8691e-008	5.4169e-008	5.7659e-008	6.3024e-008	6.6833e-008	7.0722e-008	7.2581e-008	7.4703e-008	7.825e-008	8.0618e-008	8.4213e-008	8.6517e-008	8.9276e-008	9.1965e-008	9.3485e-008	9.4632e-008	9.529e-008	9.5156e-008	9.4996e-008	9.5268e-008	9.5626e-008	9.5031e-008	9.4699e-008	9.3965e-008	9.3309e-008	9.2703e-008	9.1319e-008	9.0795e-008	9.025e-008	8.9083e-008	8.7602e-008	8.64e-008	8.4989e-008	8.2962e-008	8.1214e-008	8.0493e-008	7.9447e-008	7.6761e-008	7.4665e-008	7.3783e-008	7.2093e-008	7.0145e-008	6.8446e-008	6.7511e-008	6.6107e-008	6.5158e-008	6.3942e-008	5.9341e-008	5.8059e-008	5.7604e-008	5.562e-008	5.4113e-008	5.2351e-008	5.0284e-008	4.8248e-008	4.6306e-008	4.4157e-008	4.3004e-008	4.1174e-008	3.9163e-008	3.6065e-008	3.3863e-008	3.212e-008	3.072e-008	2.8872e-008	2.6458e-008	2.5018e-008	2.2188e-008	2.0379e-008	1.8052e-008	1.6897e-008	1.5461e-008	1.3925e-008	1.2922e-008	1.208e-008	1.0916e-008	1.0713e-008	1.0876e-008	1.1137e-008	1.1164e-008	1.0801e-008	1.0377e-008	9.81e-009	1.0124e-008	1.0387e-008	1.0554e-008	1.0639e-008	1.1259e-008	1.1319e-008	1.107e-008	1.1617e-008	1.2019e-008	1.2153e-008	1.2283e-008	1.3719e-008	1.5805e-008	1.901e-008	2.2342e-008	2.6184e-008	2.9955e-008	3.5491e-008	4.0585e-008	4.7727e-008	5.4344e-008	5.8944e-008	6.6677e-008	7.1239e-008	7.5931e-008	7.8232e-008	8.3102e-008	8.6888e-008	8.876e-008	9.0626e-008	9.1487e-008	9.2758e-008	9.4928e-008	9.7076e-008	9.9363e-008	1.0029e-007	1.0059e-007	1.0072e-007	1.0064e-007	1.0058e-007	9.9592e-008	9.8769e-008	9.7184e-008	9.5153e-008	9.4948e-008	9.4228e-008	9.2629e-008	9.1914e-008	9.0355e-008	8.8253e-008	8.5925e-008	8.4148e-008	8.2343e-008	8.191e-008	8.1861e-008	8.078e-008	7.7758e-008	7.4637e-008	7.2893e-008	7.1667e-008	6.9998e-008	6.8481e-008	6.7545e-008	6.5749e-008	6.4688e-008	6.2024e-008	5.9866e-008	5.7531e-008	5.6494e-008	5.3805e-008	5.2688e-008	5.0223e-008	4.8094e-008	4.6158e-008	4.4848e-008	4.3176e-008	4.0839e-008	3.9234e-008	3.6793e-008	3.4882e-008	3.3464e-008	3.2143e-008	2.9458e-008	2.8389e-008	2.5687e-008	2.4428e-008	2.2694e-008	2.0626e-008	1.7979e-008	1.7108e-008	1.5832e-008	1.4251e-008	1.3217e-008	1.2207e-008	1.1807e-008	1.18e-008	1.1921e-008	1.1943e-008	1.1887e-008	1.1641e-008	1.1361e-008	1.1202e-008	1.1517e-008	1.181e-008	1.2e-008	1.22e-008	1.2876e-008	1.3494e-008	1.3922e-008	1.4943e-008	1.565e-008
3.5465e-009	4.8445e-009	6.0837e-009	8.0215e-009	1.0214e-008	1.1939e-008	1.4203e-008	1.6247e-008	1.8531e-008	2.1841e-008	2.7106e-008	3.2169e-008	3.6472e-008	4.0429e-008	4.4647e-008	4.9357e-008	5.4459e-008	5.8075e-008	6.1489e-008	6.3338e-008	6.6029e-008	6.9125e-008	7.3235e-008	7.5658e-008	7.8972e-008	8.1498e-008	8.2883e-008	8.4828e-008	8.6066e-008	8.6963e-008	8.7808e-008	8.9364e-008	8.9809e-008	9.0593e-008	9.091e-008	9.0088e-008	8.963e-008	8.8685e-008	8.8656e-008	8.7966e-008	8.6827e-008	8.3421e-008	8.1874e-008	8.0406e-008	7.9456e-008	7.8334e-008	7.7034e-008	7.5399e-008	7.3804e-008	7.2675e-008	7.0324e-008	6.7802e-008	6.6532e-008	6.5067e-008	6.3684e-008	6.3065e-008	6.0998e-008	5.86e-008	5.4946e-008	5.2244e-008	5.0707e-008	4.9242e-008	4.8248e-008	4.6348e-008	4.4584e-008	4.2884e-008	3.9952e-008	3.7899e-008	3.6915e-008	3.5328e-008	3.3533e-008	3.2045e-008	3.0344e-008	2.9933e-008	2.9153e-008	2.7477e-008	2.5159e-008	2.3299e-008	2.2393e-008	2.1389e-008	2.029e-008	1.8912e-008	1.7681e-008	1.6496e-008	1.6333e-008	1.6082e-008	1.531e-008	1.372e-008	1.3037e-008	1.2326e-008	1.1791e-008	1.1215e-008	1.0469e-008	1.0231e-008	1.0101e-008	9.7932e-009	9.1199e-009	9.0737e-009	9.0262e-009	9.2992e-009	9.6501e-009	1.029e-008	1.0775e-008	1.2075e-008	1.2841e-008	1.4225e-008	1.5889e-008	1.7901e-008	1.9826e-008	2.2295e-008	2.5742e-008	2.9307e-008	3.2492e-008	3.6478e-008	4.2561e-008	4.8344e-008	5.2011e-008	5.5835e-008	5.9482e-008	6.4416e-008	6.9453e-008	7.3797e-008	7.6466e-008	7.9221e-008	8.2184e-008	8.4064e-008	8.7543e-008	8.8454e-008	8.9063e-008	8.9593e-008	9.0187e-008	9.0396e-008	9.1123e-008	9.1418e-008	9.0293e-008	8.9232e-008	8.8262e-008	8.7267e-008	8.6213e-008	8.4435e-008	8.3497e-008	8.2593e-008	8.1884e-008	8.0334e-008	7.8242e-008	7.6919e-008	7.4374e-008	7.2748e-008	7.1881e-008	7.0804e-008	6.9331e-008	6.9092e-008	6.7876e-008	6.4878e-008	6.3101e-008	6.1284e-008	6.0876e-008	5.9652e-008	5.705e-008	5.481e-008	5.3383e-008	5.0674e-008	4.8473e-008	4.6505e-008	4.4962e-008	4.3572e-008	4.1495e-008	3.9637e-008	3.8512e-008	3.6498e-008	3.4437e-008	3.2502e-008	3.0818e-008	2.9272e-008	2.7277e-008	2.5351e-008	2.3571e-008	2.1934e-008	1.862e-008	1.6091e-008	1.492e-008	1.3235e-008	1.0831e-008	9.9074e-009	8.6302e-009	7.3739e-009	6.4533e-009	6.0031e-009	5.8256e-009	5.3524e-009	5.0489e-009	5.2528e-009	4.332e-009	4.1961e-009	4.1912e-009	4.6103e-009	4.5677e-009	4.9197e-009	5.0381e-009	5.6847e-009	5.6513e-009	5.3204e-009	5.6822e-009	5.7213e-009	6.4949e-009	7.6994e-009	9.5976e-009	1.1462e-008	1.3824e-008	1.6451e-008	1.9162e-008	2.1606e-008	2.6198e-008	2.8991e-008	3.4214e-008	3.6997e-008	4.401e-008	5.2747e-008	5.7047e-008	6.1561e-008	6.5592e-008	6.8998e-008	7.2269e-008	7.5724e-008	7.9423e-008	8.2222e-008	8.8325e-008	9.0473e-008	9.28e-008	9.4074e-008	9.5462e-008	9.7335e-008	9.8835e-008	9.9888e-008	9.9485e-008	9.9364e-008	9.8077e-008	9.7417e-008	9.7117e-008	9.6518e-008	9.5414e-008	9.2937e-008	9.0356e-008	8.885e-008	8.6744e-008	8.4965e-008	8.4447e-008	8.3392e-008	8.2234e-008	8.0451e-008	7.661e-008	7.5535e-008	7.4442e-008	7.332e-008	7.1189e-008	6.8419e-008	6.6166e-008	6.4501e-008	6.3637e-008	6.1681e-008	6.0087e-008	5.7336e-008	5.5937e-008	5.4356e-008	5.2125e-008	5.0793e-008	4.8624e-008	4.5652e-008	4.3155e-008	4.0525e-008	3.8596e-008	3.6805e-008	3.5901e-008	3.3066e-008	3.2092e-008	3.0726e-008	2.9012e-008	2.6655e-008	2.5662e-008	2.3601e-008	2.2313e-008	2.0765e-008	1.8798e-008	1.7389e-008	1.6122e-008	1.4922e-008	1.3698e-008	1.2737e-008	1.1687e-008	1.0766e-008	9.9606e-009	9.3645e-009	8.976e-009	8.3429e-009	7.9384e-009	8.1876e-009	8.7212e-009	8.9954e-009	8.5162e-009	8.8337e-009	9.0909e-009	9.0113e-009	9.2087e-009	9.4162e-009	9.8104e-009	1.0856e-008	1.1771e-008	1.2912e-008	1.4716e-008	1.7786e-008	1.9793e-008	2.2431e-008	2.412e-008	2.6039e-008	2.8516e-008	3.2288e-008	3.6854e-008	4.1706e-008	4.9598e-008	5.453e-008	5.8653e-008	6.4193e-008	6.7077e-008	7.0391e-008	7.235e-008	7.4965e-008	7.8625e-008	8.1797e-008	8.4947e-008	8.7278e-008	8.9456e-008	9.1954e-008	9.4176e-008	9.5353e-008	9.5905e-008	9.5472e-008	9.5322e-008	9.563e-008	9.6214e-008	9.5528e-008	9.4486e-008	9.3958e-008	9.3316e-008	9.2578e-008	9.1661e-008	9.1108e-008	9.0337e-008	8.91e-008	8.7841e-008	8.689e-008	8.4937e-008	8.2759e-008	8.163e-008	8.0741e-008	7.9051e-008	7.7752e-008	7.4942e-008	7.3701e-008	7.198e-008	7.0528e-008	6.7977e-008	6.7078e-008	6.5897e-008	6.4318e-008	6.2507e-008	6.0495e-008	5.8142e-008	5.7241e-008	5.4558e-008	5.4286e-008	5.2434e-008	5.0441e-008	4.7861e-008	4.5975e-008	4.4575e-008	4.2797e-008	4.0553e-008	3.8233e-008	3.6964e-008	3.4771e-008	3.3414e-008	3.0456e-008	2.8531e-008	2.7048e-008	2.4997e-008	2.2428e-008	2.0144e-008	1.8469e-008	1.6725e-008	1.549e-008	1.3988e-008	1.3147e-008	1.211e-008	1.1276e-008	1.0869e-008	1.0595e-008	1.0817e-008	1.0996e-008	1.0772e-008	1.0279e-008	9.8749e-009	1.0426e-008	1.0465e-008	1.071e-008	1.0702e-008	1.1076e-008	1.1071e-008	1.1004e-008	1.1465e-008	1.1697e-008	1.194e-008	1.2091e-008	1.3502e-008	1.5372e-008	1.8538e-008	2.2156e-008	2.5982e-008	3.0782e-008	3.4192e-008	4.0122e-008	4.72e-008	5.4218e-008	5.9911e-008	6.5842e-008	7.0911e-008	7.4909e-008	7.7964e-008	8.1352e-008	8.4947e-008	8.6754e-008	9.0477e-008	9.1769e-008	9.3188e-008	9.5604e-008	9.7802e-008	9.9575e-008	1.006e-007	1.0119e-007	1.0117e-007	1.0133e-007	1.0144e-007	1.0102e-007	9.914e-008	9.8313e-008	9.5083e-008	9.5217e-008	9.4431e-008	9.315e-008	9.2269e-008	9.075e-008	8.8259e-008	8.5759e-008	8.3568e-008	8.1787e-008	8.1386e-008	8.1403e-008	7.98e-008	7.7008e-008	7.4493e-008	7.3489e-008	7.1625e-008	7.0101e-008	6.8469e-008	6.7605e-008	6.6088e-008	6.3748e-008	6.1241e-008	5.9904e-008	5.7611e-008	5.6246e-008	5.4171e-008	5.3381e-008	5.1573e-008	4.8803e-008	4.5492e-008	4.477e-008	4.2758e-008	4.0818e-008	3.8578e-008	3.7676e-008	3.4856e-008	3.3717e-008	3.2557e-008	3.0043e-008	2.7585e-008	2.6668e-008	2.456e-008	2.2346e-008	2.0411e-008	1.8934e-008	1.7333e-008	1.5642e-008	1.4336e-008	1.3498e-008	1.2806e-008	1.1962e-008	1.1647e-008	1.2049e-008	1.2049e-008	1.2197e-008	1.1915e-008	1.1452e-008	1.1778e-008	1.1342e-008	1.2177e-008	1.218e-008	1.2237e-008	1.2989e-008	1.3357e-008	1.3714e-008	1.4457e-008	1.5052e-008
4.2563e-009	4.9922e-009	6.4465e-009	8.0225e-009	9.7362e-009	1.2306e-008	1.4073e-008	1.6254e-008	1.8672e-008	2.1688e-008	2.6186e-008	3.2784e-008	3.6955e-008	4.0772e-008	4.4901e-008	4.9572e-008	5.4632e-008	5.9053e-008	6.1693e-008	6.4127e-008	6.7994e-008	7.0258e-008	7.3239e-008	7.6133e-008	7.9051e-008	8.163e-008	8.2877e-008	8.4714e-008	8.5829e-008	8.696e-008	8.7789e-008	8.9115e-008	9.0456e-008	9.0839e-008	9.1063e-008	8.9987e-008	8.9063e-008	8.8447e-008	8.8517e-008	8.7822e-008	8.6078e-008	8.2539e-008	8.1483e-008	8.0187e-008	7.9523e-008	7.8553e-008	7.7052e-008	7.6246e-008	7.4462e-008	7.248e-008	6.9988e-008	6.8815e-008	6.6637e-008	6.5082e-008	6.4096e-008	6.312e-008	6.0734e-008	5.894e-008	5.6021e-008	5.2929e-008	5.0855e-008	4.9113e-008	4.7429e-008	4.6213e-008	4.4606e-008	4.1957e-008	4.0397e-008	3.862e-008	3.7e-008	3.6036e-008	3.4523e-008	3.2173e-008	3.0277e-008	3.0046e-008	2.9076e-008	2.7876e-008	2.5957e-008	2.4502e-008	2.2932e-008	2.1991e-008	2.0829e-008	1.8818e-008	1.7943e-008	1.7204e-008	1.713e-008	1.6674e-008	1.5568e-008	1.394e-008	1.3544e-008	1.2959e-008	1.2362e-008	1.2004e-008	1.1427e-008	1.0952e-008	1.0622e-008	1.0328e-008	9.8274e-009	9.752e-009	9.5201e-009	9.6235e-009	9.7439e-009	1.0783e-008	1.1638e-008	1.2701e-008	1.3405e-008	1.4808e-008	1.6439e-008	1.7819e-008	1.9872e-008	2.2546e-008	2.6214e-008	2.9355e-008	3.286e-008	3.5904e-008	4.0309e-008	4.6578e-008	5.1188e-008	5.5935e-008	6.0206e-008	6.4673e-008	6.9125e-008	7.3935e-008	7.6662e-008	8.0024e-008	8.213e-008	8.426e-008	8.7087e-008	8.7572e-008	8.8394e-008	8.9201e-008	8.958e-008	8.9818e-008	9.0559e-008	9.0814e-008	8.9945e-008	8.9832e-008	8.8589e-008	8.7614e-008	8.7094e-008	8.5058e-008	8.3785e-008	8.2817e-008	8.1707e-008	8.0463e-008	7.8217e-008	7.7148e-008	7.5373e-008	7.3103e-008	7.1449e-008	7.0378e-008	6.9164e-008	6.8598e-008	6.7379e-008	6.5594e-008	6.3475e-008	6.1437e-008	6.0774e-008	5.9259e-008	5.8444e-008	5.5422e-008	5.3496e-008	5.1615e-008	4.9356e-008	4.6661e-008	4.5395e-008	4.394e-008	4.2002e-008	4.0118e-008	3.8658e-008	3.6477e-008	3.4515e-008	3.2833e-008	3.1041e-008	2.9701e-008	2.7618e-008	2.5535e-008	2.3505e-008	2.2352e-008	1.8446e-008	1.7051e-008	1.5423e-008	1.2912e-008	1.113e-008	9.7101e-009	8.71e-009	7.313e-009	6.4189e-009	5.8481e-009	5.4808e-009	5.1995e-009	5.0705e-009	5.1815e-009	4.6719e-009	4.1816e-009	3.9173e-009	4.6777e-009	4.6468e-009	5.2595e-009	5.2783e-009	5.2905e-009	5.4964e-009	5.4099e-009	5.7825e-009	6.1934e-009	6.7825e-009	7.9606e-009	9.1448e-009	1.1432e-008	1.3853e-008	1.6753e-008	1.8895e-008	2.1888e-008	2.6001e-008	2.9649e-008	3.3775e-008	3.7737e-008	4.3703e-008	5.1419e-008	5.8069e-008	6.1548e-008	6.5782e-008	6.8553e-008	7.2345e-008	7.4216e-008	7.858e-008	8.2376e-008	8.7177e-008	9.0022e-008	9.1955e-008	9.2927e-008	9.4849e-008	9.6176e-008	9.7207e-008	9.8822e-008	9.9147e-008	9.936e-008	9.8217e-008	9.7566e-008	9.7152e-008	9.7118e-008	9.5465e-008	9.3754e-008	9.1271e-008	8.9704e-008	8.7077e-008	8.5696e-008	8.5011e-008	8.3717e-008	8.2354e-008	8.0918e-008	7.6937e-008	7.5498e-008	7.454e-008	7.3022e-008	7.03e-008	6.8863e-008	6.6526e-008	6.4707e-008	6.3459e-008	6.1418e-008	5.9881e-008	5.7401e-008	5.6125e-008	5.5006e-008	5.2472e-008	5.0762e-008	4.8392e-008	4.5153e-008	4.3488e-008	4.1395e-008	3.9353e-008	3.6955e-008	3.5412e-008	3.2852e-008	3.1859e-008	3.0909e-008	2.916e-008	2.8125e-008	2.7151e-008	2.3999e-008	2.3084e-008	2.0635e-008	1.9553e-008	1.7783e-008	1.6571e-008	1.5254e-008	1.3727e-008	1.2654e-008	1.1601e-008	1.0807e-008	9.8949e-009	9.1793e-009	8.723e-009	8.3735e-009	8.2329e-009	8.3561e-009	8.8821e-009	9.2703e-009	8.6834e-009	8.6071e-009	8.7606e-009	8.8588e-009	9.1215e-009	9.472e-009	1.0271e-008	1.0948e-008	1.203e-008	1.3473e-008	1.5273e-008	1.8144e-008	2.0884e-008	2.2791e-008	2.4163e-008	2.6048e-008	2.7841e-008	3.181e-008	3.6596e-008	4.0684e-008	4.6233e-008	5.3517e-008	5.7568e-008	6.4037e-008	6.6752e-008	7.0498e-008	7.2383e-008	7.6096e-008	7.9391e-008	8.2217e-008	8.5467e-008	8.7737e-008	8.9634e-008	9.2254e-008	9.4615e-008	9.5311e-008	9.5734e-008	9.5631e-008	9.5667e-008	9.6727e-008	9.6392e-008	9.5811e-008	9.497e-008	9.4507e-008	9.3404e-008	9.2385e-008	9.1801e-008	9.1485e-008	9.0489e-008	8.9343e-008	8.8186e-008	8.7146e-008	8.5216e-008	8.3207e-008	8.1769e-008	8.057e-008	7.8904e-008	7.8003e-008	7.5877e-008	7.4164e-008	7.234e-008	7.0274e-008	6.821e-008	6.7209e-008	6.6103e-008	6.4344e-008	6.2789e-008	5.8856e-008	5.7828e-008	5.6247e-008	5.4811e-008	5.4074e-008	5.2778e-008	4.9844e-008	4.7651e-008	4.652e-008	4.443e-008	4.1998e-008	3.947e-008	3.7969e-008	3.6721e-008	3.4895e-008	3.2611e-008	3.0763e-008	2.8293e-008	2.6472e-008	2.452e-008	2.124e-008	1.9936e-008	1.8518e-008	1.6785e-008	1.5733e-008	1.4232e-008	1.2359e-008	1.1985e-008	1.1429e-008	1.0851e-008	1.1063e-008	1.0693e-008	1.0395e-008	1.0791e-008	1.0566e-008	1.0225e-008	1.0181e-008	1.0339e-008	1.0793e-008	1.0697e-008	1.0865e-008	1.0975e-008	1.1073e-008	1.1118e-008	1.1581e-008	1.1919e-008	1.2159e-008	1.3583e-008	1.596e-008	1.919e-008	2.2781e-008	2.6121e-008	2.9388e-008	3.4841e-008	4.0043e-008	4.754e-008	5.4383e-008	6.0226e-008	6.5102e-008	7.1283e-008	7.4827e-008	7.8825e-008	8.1798e-008	8.5443e-008	8.8587e-008	9.0895e-008	9.3405e-008	9.5928e-008	9.7764e-008	9.8669e-008	9.9759e-008	1.0071e-007	1.0125e-007	1.015e-007	1.0163e-007	1.0158e-007	1.0145e-007	9.9841e-008	9.8596e-008	9.7034e-008	9.6285e-008	9.5305e-008	9.2244e-008	9.1811e-008	9.0023e-008	8.8716e-008	8.4987e-008	8.2689e-008	8.0191e-008	7.993e-008	7.9438e-008	7.8867e-008	7.6227e-008	7.5052e-008	7.3045e-008	7.1299e-008	6.999e-008	6.8489e-008	6.7689e-008	6.703e-008	6.4388e-008	6.2154e-008	5.8822e-008	5.8412e-008	5.6294e-008	5.5042e-008	5.3469e-008	5.1914e-008	5.0303e-008	4.5703e-008	4.4081e-008	4.2522e-008	4.0879e-008	3.9235e-008	3.8028e-008	3.6483e-008	3.3383e-008	3.2415e-008	3.0367e-008	2.8157e-008	2.5878e-008	2.3485e-008	2.2061e-008	2.0371e-008	1.8702e-008	1.7342e-008	1.6189e-008	1.466e-008	1.3306e-008	1.3003e-008	1.2472e-008	1.2221e-008	1.1993e-008	1.2157e-008	1.2347e-008	1.2043e-008	1.1549e-008	1.2021e-008	1.1999e-008	1.2196e-008	1.2589e-008	1.2405e-008	1.2928e-008	1.3216e-008	1.3519e-008	1.4038e-008	1.5133e-008
4.3605e-009	5.0894e-009	6.6303e-009	8.2204e-009	1.0463e-008	1.1893e-008	1.3915e-008	1.5431e-008	1.8817e-008	2.1297e-008	2.5038e-008	2.9603e-008	3.5948e-008	4.0269e-008	4.3759e-008	4.8585e-008	5.4251e-008	5.9042e-008	6.1727e-008	6.506e-008	6.8579e-008	7.0726e-008	7.3439e-008	7.6402e-008	7.861e-008	8.1479e-008	8.2939e-008	8.437e-008	8.6191e-008	8.7223e-008	8.7775e-008	8.9563e-008	9.0601e-008	9.0889e-008	9.0561e-008	8.9828e-008	8.9259e-008	8.837e-008	8.8107e-008	8.7664e-008	8.7508e-008	8.178e-008	8.0297e-008	7.9295e-008	7.8851e-008	7.7766e-008	7.6867e-008	7.5974e-008	7.4045e-008	7.2638e-008	7.0088e-008	6.8929e-008	6.6603e-008	6.4969e-008	6.3979e-008	6.2199e-008	6.0506e-008	5.8544e-008	5.5022e-008	5.3424e-008	5.0926e-008	4.9348e-008	4.7716e-008	4.629e-008	4.5229e-008	4.1652e-008	4.0428e-008	3.8767e-008	3.707e-008	3.584e-008	3.4196e-008	3.1372e-008	3.0356e-008	2.9785e-008	2.8729e-008	2.7309e-008	2.5862e-008	2.5016e-008	2.3772e-008	2.2217e-008	2.0865e-008	1.9124e-008	1.7933e-008	1.7126e-008	1.6943e-008	1.6463e-008	1.5398e-008	1.3975e-008	1.3338e-008	1.2762e-008	1.2041e-008	1.1846e-008	1.154e-008	1.1637e-008	1.1458e-008	1.0517e-008	1.0348e-008	1.0628e-008	1.0518e-008	9.9481e-009	1.039e-008	1.1362e-008	1.1899e-008	1.2851e-008	1.4215e-008	1.5235e-008	1.645e-008	1.7787e-008	2.0148e-008	2.2671e-008	2.5544e-008	3.0161e-008	3.2717e-008	3.4968e-008	4.0968e-008	4.6766e-008	5.134e-008	5.4957e-008	5.9591e-008	6.2954e-008	6.9347e-008	7.3016e-008	7.5752e-008	7.908e-008	8.1436e-008	8.332e-008	8.552e-008	8.6466e-008	8.7189e-008	8.8502e-008	8.9028e-008	8.9478e-008	8.9763e-008	8.9441e-008	8.9381e-008	8.9327e-008	8.876e-008	8.7855e-008	8.6977e-008	8.5561e-008	8.3822e-008	8.2414e-008	8.1363e-008	7.9613e-008	7.8344e-008	7.7254e-008	7.487e-008	7.2553e-008	7.1069e-008	6.9985e-008	6.8438e-008	6.7658e-008	6.6442e-008	6.5869e-008	6.3742e-008	6.1663e-008	6.0178e-008	5.8692e-008	5.7182e-008	5.4311e-008	5.2986e-008	5.1519e-008	4.9868e-008	4.8041e-008	4.5353e-008	4.4199e-008	4.1492e-008	3.9834e-008	3.8712e-008	3.6887e-008	3.4388e-008	3.2654e-008	3.0396e-008	2.968e-008	2.6672e-008	2.5277e-008	2.3366e-008	2.2097e-008	1.8454e-008	1.6392e-008	1.5139e-008	1.221e-008	1.1052e-008	9.4918e-009	8.5048e-009	7.2501e-009	6.6087e-009	5.9267e-009	5.4133e-009	4.7746e-009	4.7724e-009	4.7512e-009	4.5506e-009	4.1936e-009	3.8019e-009	4.8121e-009	4.9568e-009	5.3031e-009	5.2057e-009	4.6842e-009	5.0653e-009	5.3328e-009	5.6686e-009	6.1774e-009	6.9291e-009	7.7253e-009	8.9148e-009	1.1301e-008	1.3141e-008	1.6114e-008	1.8592e-008	2.256e-008	2.6336e-008	2.9345e-008	3.2804e-008	3.7249e-008	4.2869e-008	4.8647e-008	5.6827e-008	6.1632e-008	6.5763e-008	6.9044e-008	7.3342e-008	7.5865e-008	8.0045e-008	8.2343e-008	8.5931e-008	8.8e-008	8.991e-008	9.1389e-008	9.4618e-008	9.5323e-008	9.6604e-008	9.7833e-008	9.8905e-008	9.8672e-008	9.7749e-008	9.7356e-008	9.7151e-008	9.7627e-008	9.5649e-008	9.4377e-008	9.0875e-008	8.9783e-008	8.6634e-008	8.5857e-008	8.4729e-008	8.3225e-008	8.1993e-008	7.9667e-008	7.65e-008	7.5216e-008	7.3904e-008	7.2686e-008	7.0894e-008	6.8608e-008	6.7402e-008	6.5181e-008	6.3205e-008	6.109e-008	5.9375e-008	5.8151e-008	5.6627e-008	5.5215e-008	5.2756e-008	5.0019e-008	4.7801e-008	4.5527e-008	4.2887e-008	4.089e-008	3.9467e-008	3.6631e-008	3.4972e-008	3.2968e-008	3.1344e-008	3.0525e-008	2.9145e-008	2.8291e-008	2.728e-008	2.5294e-008	2.3409e-008	2.0499e-008	1.9251e-008	1.7718e-008	1.6607e-008	1.4929e-008	1.3647e-008	1.2453e-008	1.1116e-008	1.033e-008	9.3898e-009	8.9403e-009	8.3136e-009	8.1222e-009	8.2743e-009	8.7135e-009	8.9614e-009	9.0296e-009	7.8955e-009	8.5347e-009	8.9813e-009	9.0865e-009	9.1106e-009	9.7045e-009	1.0218e-008	1.0877e-008	1.2045e-008	1.4003e-008	1.5583e-008	1.7748e-008	2.0804e-008	2.2735e-008	2.4104e-008	2.5821e-008	2.9467e-008	3.2967e-008	3.7144e-008	4.1199e-008	4.6856e-008	5.2487e-008	5.808e-008	6.3675e-008	6.6755e-008	6.9977e-008	7.3832e-008	7.6676e-008	7.9428e-008	8.3357e-008	8.5467e-008	8.756e-008	8.9535e-008	9.1396e-008	9.4088e-008	9.4917e-008	9.5168e-008	9.5486e-008	9.604e-008	9.6718e-008	9.6395e-008	9.5653e-008	9.5113e-008	9.4386e-008	9.3367e-008	9.2191e-008	9.1956e-008	9.1912e-008	9.0697e-008	8.8962e-008	8.7937e-008	8.7035e-008	8.4419e-008	8.3044e-008	8.1694e-008	8.0141e-008	7.8855e-008	7.6766e-008	7.5468e-008	7.414e-008	7.2944e-008	7.1207e-008	6.8879e-008	6.7249e-008	6.5706e-008	6.4008e-008	6.3914e-008	6.0325e-008	5.8362e-008	5.5626e-008	5.4214e-008	5.3548e-008	5.1109e-008	4.8281e-008	4.7909e-008	4.6869e-008	4.5053e-008	4.2637e-008	4.0233e-008	3.7564e-008	3.6614e-008	3.5356e-008	3.342e-008	3.0997e-008	2.7602e-008	2.6909e-008	2.5368e-008	2.2969e-008	2.0575e-008	1.8658e-008	1.7611e-008	1.6154e-008	1.4938e-008	1.3846e-008	1.1967e-008	1.1502e-008	1.0899e-008	1.1293e-008	1.0872e-008	1.0269e-008	1.0541e-008	1.0478e-008	1.0217e-008	9.7972e-009	9.9417e-009	1.0603e-008	1.0584e-008	1.0608e-008	1.0982e-008	1.095e-008	1.1187e-008	1.1535e-008	1.1738e-008	1.1768e-008	1.3474e-008	1.5929e-008	1.8717e-008	2.2411e-008	2.5817e-008	2.9459e-008	3.4296e-008	3.9917e-008	4.7936e-008	5.4353e-008	5.927e-008	6.5689e-008	7.0841e-008	7.5005e-008	7.8427e-008	8.1687e-008	8.558e-008	8.9017e-008	9.2355e-008	9.4361e-008	9.715e-008	9.8625e-008	9.9516e-008	9.9761e-008	1.0005e-007	1.0084e-007	1.0127e-007	1.0168e-007	1.0214e-007	1.0159e-007	1.0033e-007	9.9084e-008	9.8471e-008	9.7015e-008	9.6595e-008	9.5699e-008	9.2506e-008	9.0539e-008	8.8444e-008	8.5229e-008	8.2998e-008	8.1208e-008	7.9182e-008	7.8627e-008	7.7805e-008	7.6316e-008	7.5885e-008	7.4251e-008	7.1705e-008	7.0187e-008	6.9306e-008	6.8183e-008	6.7314e-008	6.4841e-008	6.3197e-008	6.0127e-008	5.877e-008	5.7257e-008	5.6006e-008	5.4068e-008	5.1397e-008	5.0431e-008	4.8836e-008	4.5e-008	4.3265e-008	4.1102e-008	3.931e-008	3.8277e-008	3.63e-008	3.4621e-008	3.28e-008	3.0613e-008	2.9014e-008	2.6847e-008	2.372e-008	2.2258e-008	2.0479e-008	1.9034e-008	1.7516e-008	1.5047e-008	1.4965e-008	1.3624e-008	1.3177e-008	1.2571e-008	1.2126e-008	1.1836e-008	1.199e-008	1.1995e-008	1.2007e-008	1.162e-008	1.1866e-008	1.2321e-008	1.247e-008	1.2697e-008	1.2569e-008	1.2872e-008	1.3011e-008	1.3515e-008	1.4315e-008	1.5112e-008
3.9835e-009	4.8629e-009	6.9981e-009	8.8124e-009	1.0544e-008	1.2052e-008	1.3975e-008	1.6508e-008	2.0083e-008	2.2611e-008	2.5848e-008	2.9283e-008	3.3886e-008	3.8427e-008	4.2976e-008	4.8475e-008	5.2951e-008	5.9164e-008	6.3046e-008	6.5481e-008	6.8812e-008	7.0745e-008	7.4467e-008	7.6331e-008	7.873e-008	8.1799e-008	8.2729e-008	8.4402e-008	8.6347e-008	8.7213e-008	8.7902e-008	8.957e-008	9.0728e-008	9.18e-008	9.1522e-008	9.0716e-008	9.0611e-008	8.9807e-008	8.8257e-008	8.7575e-008	8.7137e-008	8.4345e-008	8.1305e-008	8.0116e-008	7.8296e-008	7.8228e-008	7.6602e-008	7.5637e-008	7.3425e-008	7.1786e-008	6.9867e-008	6.8279e-008	6.6592e-008	6.5345e-008	6.4265e-008	6.2123e-008	6.0627e-008	5.8552e-008	5.5361e-008	5.3735e-008	5.0979e-008	4.9452e-008	4.8328e-008	4.6479e-008	4.4107e-008	4.1088e-008	4.0537e-008	3.8711e-008	3.6755e-008	3.5147e-008	3.3887e-008	3.0908e-008	3.0492e-008	2.9564e-008	2.8067e-008	2.6818e-008	2.5787e-008	2.5037e-008	2.378e-008	2.3069e-008	2.0506e-008	1.8941e-008	1.7781e-008	1.7244e-008	1.6313e-008	1.5617e-008	1.4789e-008	1.3826e-008	1.3345e-008	1.2248e-008	1.2129e-008	1.1823e-008	1.1637e-008	1.1517e-008	1.1729e-008	1.077e-008	1.0947e-008	1.0996e-008	1.1217e-008	1.1214e-008	1.1807e-008	1.1954e-008	1.276e-008	1.398e-008	1.468e-008	1.559e-008	1.7329e-008	1.8363e-008	2.0657e-008	2.2518e-008	2.4561e-008	2.9546e-008	3.2334e-008	3.5735e-008	4.0581e-008	4.5836e-008	5.0642e-008	5.559e-008	5.9266e-008	6.4209e-008	6.7512e-008	7.2655e-008	7.5394e-008	7.8074e-008	8.0047e-008	8.2117e-008	8.4839e-008	8.6094e-008	8.6924e-008	8.8764e-008	8.9289e-008	8.9363e-008	8.9359e-008	8.9228e-008	8.8629e-008	8.8757e-008	8.8547e-008	8.7558e-008	8.6469e-008	8.479e-008	8.3265e-008	8.197e-008	8.0773e-008	7.8999e-008	7.8001e-008	7.708e-008	7.4061e-008	7.2436e-008	7.0391e-008	6.9762e-008	6.789e-008	6.6898e-008	6.6206e-008	6.5589e-008	6.422e-008	6.2205e-008	5.9548e-008	5.7377e-008	5.5725e-008	5.4137e-008	5.32e-008	5.1794e-008	4.9681e-008	4.8382e-008	4.4776e-008	4.421e-008	4.2293e-008	3.9388e-008	3.8654e-008	3.7108e-008	3.457e-008	3.2788e-008	3.1219e-008	2.9583e-008	2.7088e-008	2.6165e-008	2.3268e-008	2.1032e-008	1.9451e-008	1.7046e-008	1.5021e-008	1.3299e-008	1.1404e-008	9.6776e-009	8.2397e-009	7.1841e-009	6.4653e-009	5.6883e-009	5.1641e-009	4.4937e-009	4.6103e-009	4.6515e-009	4.5972e-009	4.171e-009	4.2135e-009	4.4784e-009	4.6958e-009	4.9037e-009	4.8017e-009	4.6595e-009	4.7571e-009	5.0318e-009	5.331e-009	6.2439e-009	6.7599e-009	7.3122e-009	9.1225e-009	1.1154e-008	1.3384e-008	1.6702e-008	1.9059e-008	2.2245e-008	2.5985e-008	2.9591e-008	3.1876e-008	3.8162e-008	4.231e-008	4.9209e-008	5.7891e-008	6.2389e-008	6.618e-008	6.9711e-008	7.4323e-008	7.7609e-008	8.0612e-008	8.2508e-008	8.5077e-008	8.7783e-008	8.981e-008	9.1676e-008	9.3821e-008	9.5423e-008	9.619e-008	9.7458e-008	9.8816e-008	9.7672e-008	9.7015e-008	9.6899e-008	9.7289e-008	9.7657e-008	9.5692e-008	9.4623e-008	9.1685e-008	8.9945e-008	8.704e-008	8.6511e-008	8.4407e-008	8.2442e-008	8.116e-008	7.8824e-008	7.7555e-008	7.5312e-008	7.3859e-008	7.2701e-008	7.0616e-008	6.8415e-008	6.7215e-008	6.3966e-008	6.319e-008	6.0773e-008	5.9238e-008	5.8188e-008	5.6788e-008	5.5159e-008	5.2366e-008	5.041e-008	4.844e-008	4.6293e-008	4.3307e-008	4.1692e-008	3.8769e-008	3.6662e-008	3.5396e-008	3.2335e-008	3.1126e-008	3.0432e-008	2.9376e-008	2.8342e-008	2.7098e-008	2.4746e-008	2.3749e-008	2.2129e-008	1.9974e-008	1.7567e-008	1.6822e-008	1.5283e-008	1.3473e-008	1.2541e-008	1.0731e-008	1.0043e-008	9.2124e-009	8.4831e-009	8.1848e-009	8.0303e-009	8.2663e-009	8.5468e-009	8.5041e-009	8.638e-009	8.0246e-009	8.4014e-009	8.7855e-009	8.9458e-009	8.9712e-009	9.5063e-009	1.0147e-008	1.0716e-008	1.1802e-008	1.3959e-008	1.527e-008	1.7818e-008	2.0547e-008	2.2417e-008	2.3992e-008	2.6478e-008	3.0168e-008	3.3096e-008	3.7251e-008	4.291e-008	4.7033e-008	5.1851e-008	5.8358e-008	6.3442e-008	6.6674e-008	7.1424e-008	7.4463e-008	7.9615e-008	8.1788e-008	8.4118e-008	8.6238e-008	8.8042e-008	8.9831e-008	9.1651e-008	9.314e-008	9.4116e-008	9.4852e-008	9.5509e-008	9.6041e-008	9.6441e-008	9.6165e-008	9.5587e-008	9.518e-008	9.472e-008	9.3555e-008	9.207e-008	9.1852e-008	9.1925e-008	9.1342e-008	8.9894e-008	8.8253e-008	8.5963e-008	8.4059e-008	8.2987e-008	8.123e-008	7.992e-008	7.8782e-008	7.7469e-008	7.5657e-008	7.3698e-008	7.3188e-008	7.0996e-008	6.914e-008	6.6936e-008	6.5066e-008	6.3399e-008	6.3599e-008	6.069e-008	5.8409e-008	5.6407e-008	5.367e-008	5.2188e-008	5.0718e-008	4.9186e-008	4.8013e-008	4.7304e-008	4.4476e-008	4.2334e-008	4.0854e-008	3.8641e-008	3.6051e-008	3.4707e-008	3.3118e-008	3.1542e-008	2.9062e-008	2.706e-008	2.4889e-008	2.1345e-008	2.0486e-008	1.9438e-008	1.7396e-008	1.6465e-008	1.4866e-008	1.385e-008	1.2556e-008	1.1483e-008	1.0908e-008	1.0857e-008	1.0404e-008	1.0052e-008	9.7058e-009	1.0181e-008	1.0144e-008	9.8479e-009	9.8101e-009	1.0262e-008	1.027e-008	1.0267e-008	1.036e-008	1.13e-008	1.1426e-008	1.1674e-008	1.1743e-008	1.1962e-008	1.3436e-008	1.5789e-008	1.84e-008	2.2354e-008	2.6541e-008	2.9533e-008	3.4564e-008	4.0074e-008	4.6751e-008	5.4262e-008	6.0387e-008	6.5789e-008	7.0968e-008	7.5979e-008	7.9327e-008	8.2901e-008	8.6813e-008	8.9152e-008	9.257e-008	9.4993e-008	9.7462e-008	9.9272e-008	9.9709e-008	9.9862e-008	1.0031e-007	1.0078e-007	1.0124e-007	1.0225e-007	1.0218e-007	1.0143e-007	1.0002e-007	9.8596e-008	9.8341e-008	9.7227e-008	9.6737e-008	9.5315e-008	9.2993e-008	9.0261e-008	8.8142e-008	8.5373e-008	8.3491e-008	8.2072e-008	8.0392e-008	7.89e-008	7.7553e-008	7.6921e-008	7.6073e-008	7.4257e-008	7.0941e-008	7.0117e-008	6.9714e-008	6.905e-008	6.7121e-008	6.6096e-008	6.3357e-008	6.0583e-008	5.8875e-008	5.7254e-008	5.5885e-008	5.4541e-008	5.1743e-008	5.0364e-008	4.7518e-008	4.4974e-008	4.3177e-008	4.1017e-008	3.9716e-008	3.8553e-008	3.5555e-008	3.4722e-008	3.2281e-008	3.1088e-008	2.8995e-008	2.5919e-008	2.4575e-008	2.1445e-008	2.0425e-008	1.8972e-008	1.7993e-008	1.6882e-008	1.5258e-008	1.3741e-008	1.3144e-008	1.2294e-008	1.2106e-008	1.2194e-008	1.2295e-008	1.2361e-008	1.2064e-008	1.2031e-008	1.2218e-008	1.2238e-008	1.2588e-008	1.2975e-008	1.2927e-008	1.3229e-008	1.2904e-008	1.3568e-008	1.4426e-008	1.5554e-008
3.7916e-009	5.3312e-009	7.2848e-009	8.9449e-009	1.1195e-008	1.2381e-008	1.4529e-008	1.7057e-008	1.9583e-008	2.2889e-008	2.5542e-008	2.8648e-008	3.371e-008	3.8126e-008	4.1939e-008	4.7057e-008	5.2206e-008	5.7955e-008	6.2573e-008	6.6098e-008	6.9308e-008	7.1289e-008	7.4811e-008	7.6343e-008	7.9387e-008	8.1921e-008	8.3227e-008	8.4275e-008	8.5767e-008	8.6874e-008	8.8912e-008	9.0188e-008	9.1408e-008	9.2775e-008	9.3332e-008	9.2278e-008	9.1246e-008	8.9961e-008	8.8157e-008	8.7341e-008	8.6676e-008	8.449e-008	8.1115e-008	8.066e-008	7.9183e-008	7.8382e-008	7.618e-008	7.4921e-008	7.3862e-008	7.139e-008	6.9379e-008	6.7716e-008	6.6208e-008	6.5389e-008	6.356e-008	6.1815e-008	6.0537e-008	5.8443e-008	5.5391e-008	5.3553e-008	5.0815e-008	4.853e-008	4.7956e-008	4.656e-008	4.467e-008	4.0695e-008	4.0009e-008	3.8312e-008	3.653e-008	3.4689e-008	3.4072e-008	3.1797e-008	3.0396e-008	2.8916e-008	2.7593e-008	2.6355e-008	2.5207e-008	2.5267e-008	2.4089e-008	2.2727e-008	2.0907e-008	1.9333e-008	1.8678e-008	1.7742e-008	1.6549e-008	1.5806e-008	1.5001e-008	1.4028e-008	1.3409e-008	1.2322e-008	1.224e-008	1.1798e-008	1.1489e-008	1.1388e-008	1.17e-008	1.215e-008	1.2057e-008	1.2022e-008	1.1578e-008	1.1901e-008	1.2557e-008	1.2458e-008	1.3285e-008	1.4311e-008	1.4962e-008	1.6742e-008	1.7933e-008	1.9336e-008	2.1474e-008	2.3842e-008	2.5585e-008	2.9427e-008	3.1429e-008	3.5734e-008	4.155e-008	4.7715e-008	5.2103e-008	5.4873e-008	5.888e-008	6.3857e-008	6.7732e-008	7.1415e-008	7.506e-008	7.7693e-008	7.9909e-008	8.1989e-008	8.3619e-008	8.5653e-008	8.6949e-008	8.857e-008	8.9252e-008	8.8984e-008	8.9214e-008	8.9284e-008	8.8922e-008	8.8351e-008	8.8216e-008	8.7556e-008	8.5605e-008	8.4176e-008	8.3256e-008	8.1894e-008	8.0403e-008	7.8538e-008	7.7716e-008	7.6247e-008	7.3925e-008	7.1977e-008	7.054e-008	6.9382e-008	6.7403e-008	6.6003e-008	6.5799e-008	6.4911e-008	6.3386e-008	6.19e-008	5.9978e-008	5.5989e-008	5.4738e-008	5.3906e-008	5.3399e-008	5.1831e-008	4.9969e-008	4.8425e-008	4.5307e-008	4.3738e-008	4.2169e-008	3.9509e-008	3.8247e-008	3.7057e-008	3.4385e-008	3.3122e-008	3.0789e-008	2.9671e-008	2.7937e-008	2.6231e-008	2.2342e-008	2.1075e-008	1.9104e-008	1.6772e-008	1.5006e-008	1.3464e-008	1.1306e-008	9.1066e-009	8.1926e-009	7.213e-009	6.4276e-009	5.6235e-009	4.7025e-009	4.268e-009	4.4394e-009	4.6863e-009	4.6716e-009	4.4829e-009	5.144e-009	4.9014e-009	4.834e-009	4.9385e-009	4.8629e-009	4.8033e-009	4.8736e-009	5.0973e-009	5.7744e-009	6.1767e-009	6.4013e-009	7.4245e-009	8.931e-009	1.1925e-008	1.364e-008	1.635e-008	1.9209e-008	2.3246e-008	2.71e-008	3.0109e-008	3.3177e-008	3.8911e-008	4.4499e-008	5.0553e-008	5.6671e-008	6.235e-008	6.7268e-008	7.0769e-008	7.4283e-008	7.8029e-008	8.0901e-008	8.2461e-008	8.4869e-008	8.676e-008	8.9039e-008	9.1838e-008	9.4307e-008	9.5664e-008	9.6094e-008	9.6624e-008	9.7174e-008	9.6691e-008	9.6231e-008	9.6652e-008	9.7596e-008	9.7655e-008	9.6141e-008	9.5017e-008	9.2132e-008	8.8454e-008	8.6878e-008	8.6147e-008	8.4e-008	8.1643e-008	8.0918e-008	7.893e-008	7.6779e-008	7.4676e-008	7.3051e-008	7.1498e-008	6.9254e-008	6.8162e-008	6.7619e-008	6.5278e-008	6.294e-008	6.0975e-008	5.9823e-008	5.836e-008	5.6754e-008	5.3686e-008	5.1993e-008	4.9132e-008	4.7697e-008	4.507e-008	4.3397e-008	4.1671e-008	3.8481e-008	3.6124e-008	3.5415e-008	3.3811e-008	3.1696e-008	2.9926e-008	2.8771e-008	2.76e-008	2.6475e-008	2.4476e-008	2.3471e-008	2.1712e-008	1.9474e-008	1.7589e-008	1.6145e-008	1.5448e-008	1.2633e-008	1.2127e-008	1.0781e-008	9.8814e-009	8.8651e-009	8.4701e-009	8.1348e-009	7.8651e-009	8.1988e-009	8.3089e-009	8.6468e-009	8.3668e-009	7.8802e-009	8.4587e-009	8.614e-009	8.6733e-009	8.749e-009	9.6651e-009	1.0328e-008	1.0753e-008	1.189e-008	1.3711e-008	1.5294e-008	1.854e-008	1.9994e-008	2.2092e-008	2.4023e-008	2.7317e-008	3.0437e-008	3.4262e-008	3.861e-008	4.3354e-008	4.7946e-008	5.2825e-008	5.9129e-008	6.3445e-008	6.8081e-008	7.1878e-008	7.6775e-008	7.985e-008	8.3096e-008	8.4939e-008	8.6981e-008	8.8253e-008	8.985e-008	9.1591e-008	9.2988e-008	9.4018e-008	9.4907e-008	9.5763e-008	9.6309e-008	9.625e-008	9.6256e-008	9.5903e-008	9.5299e-008	9.4777e-008	9.3894e-008	9.2062e-008	9.174e-008	9.1548e-008	9.1359e-008	9.0144e-008	8.8081e-008	8.6231e-008	8.3687e-008	8.3161e-008	8.1729e-008	8.048e-008	7.9075e-008	7.8129e-008	7.6359e-008	7.3868e-008	7.2967e-008	6.9777e-008	6.816e-008	6.6381e-008	6.4177e-008	6.2401e-008	6.259e-008	5.9854e-008	5.8076e-008	5.6444e-008	5.3413e-008	5.2437e-008	5.0063e-008	4.8735e-008	4.8343e-008	4.6992e-008	4.5047e-008	4.2016e-008	4.0872e-008	3.8285e-008	3.6365e-008	3.4056e-008	3.273e-008	3.0684e-008	2.845e-008	2.6451e-008	2.5762e-008	2.3411e-008	2.1008e-008	1.9352e-008	1.7248e-008	1.5616e-008	1.4789e-008	1.3734e-008	1.2481e-008	1.1741e-008	1.1156e-008	1.1077e-008	1.0412e-008	9.9017e-009	9.67e-009	1.0046e-008	1.0244e-008	1.0019e-008	1.0281e-008	1.0297e-008	1.009e-008	1.0421e-008	1.0532e-008	1.1345e-008	1.1309e-008	1.16e-008	1.222e-008	1.268e-008	1.3568e-008	1.5791e-008	1.9832e-008	2.3288e-008	2.6929e-008	3.0228e-008	3.5185e-008	4.1214e-008	4.7438e-008	5.4719e-008	6.1415e-008	6.6872e-008	7.255e-008	7.6799e-008	7.9802e-008	8.4406e-008	8.7626e-008	9.062e-008	9.3172e-008	9.5903e-008	9.7686e-008	9.9683e-008	1.0002e-007	1.0084e-007	1.0089e-007	1.0098e-007	1.0151e-007	1.0254e-007	1.02e-007	1.0132e-007	1.0033e-007	9.9278e-008	9.8476e-008	9.6656e-008	9.6169e-008	9.5446e-008	9.3881e-008	9.0297e-008	8.742e-008	8.5168e-008	8.3413e-008	8.1626e-008	8.0639e-008	7.9796e-008	7.8528e-008	7.723e-008	7.5871e-008	7.3431e-008	7.1286e-008	7.0222e-008	6.9594e-008	6.8922e-008	6.7481e-008	6.6143e-008	6.3082e-008	6.0677e-008	5.9261e-008	5.7218e-008	5.5439e-008	5.3884e-008	5.1039e-008	4.9221e-008	4.7059e-008	4.5403e-008	4.3662e-008	4.1634e-008	4.0108e-008	3.8681e-008	3.6232e-008	3.49e-008	3.2766e-008	3.1186e-008	2.7946e-008	2.736e-008	2.4893e-008	2.2508e-008	2.1036e-008	1.859e-008	1.7876e-008	1.6802e-008	1.5026e-008	1.4009e-008	1.2798e-008	1.2399e-008	1.2169e-008	1.2208e-008	1.2438e-008	1.234e-008	1.2167e-008	1.2277e-008	1.2169e-008	1.2119e-008	1.2571e-008	1.3092e-008	1.3057e-008	1.31e-008	1.2913e-008	1.3914e-008	1.4867e-008	1.5538e-008
3.9735e-009	4.9256e-009	6.7459e-009	9.307e-009	1.0762e-008	1.2313e-008	1.4591e-008	1.7268e-008	2.0296e-008	2.3293e-008	2.5316e-008	2.8017e-008	3.3352e-008	3.7777e-008	4.2027e-008	4.6875e-008	5.1739e-008	5.679e-008	6.1665e-008	6.4767e-008	6.9414e-008	7.1127e-008	7.4802e-008	7.7055e-008	7.9325e-008	8.1241e-008	8.3643e-008	8.4364e-008	8.5846e-008	8.8024e-008	8.9632e-008	9.076e-008	9.2223e-008	9.4338e-008	9.4367e-008	9.392e-008	9.2522e-008	9.1424e-008	8.7421e-008	8.706e-008	8.5796e-008	8.3691e-008	8.1302e-008	7.9722e-008	7.8528e-008	7.7814e-008	7.4996e-008	7.4206e-008	7.3162e-008	7.0746e-008	6.8329e-008	6.6751e-008	6.5842e-008	6.4752e-008	6.2619e-008	6.1517e-008	5.9728e-008	5.82e-008	5.5442e-008	5.3408e-008	5.2028e-008	4.877e-008	4.7485e-008	4.5716e-008	4.451e-008	4.1016e-008	3.9545e-008	3.7877e-008	3.6635e-008	3.4531e-008	3.3539e-008	3.1991e-008	3e-008	2.8713e-008	2.7039e-008	2.5802e-008	2.5094e-008	2.4982e-008	2.3178e-008	2.1714e-008	2.0096e-008	1.8969e-008	1.8195e-008	1.7912e-008	1.6803e-008	1.5765e-008	1.5263e-008	1.4347e-008	1.3246e-008	1.2745e-008	1.2302e-008	1.1524e-008	1.1035e-008	1.1099e-008	1.1661e-008	1.2143e-008	1.1976e-008	1.2035e-008	1.1825e-008	1.2083e-008	1.2699e-008	1.2484e-008	1.3223e-008	1.3878e-008	1.5059e-008	1.6752e-008	1.8217e-008	1.9706e-008	2.2345e-008	2.4032e-008	2.6226e-008	2.9409e-008	3.1995e-008	3.5257e-008	4.109e-008	4.7014e-008	5.2331e-008	5.4812e-008	5.9823e-008	6.3334e-008	6.6747e-008	7.193e-008	7.448e-008	7.7013e-008	7.9764e-008	8.1504e-008	8.4016e-008	8.5218e-008	8.685e-008	8.8358e-008	8.8921e-008	8.9669e-008	8.901e-008	8.9459e-008	8.8968e-008	8.8979e-008	8.9153e-008	8.7865e-008	8.5821e-008	8.4371e-008	8.3356e-008	8.2034e-008	8.1823e-008	7.934e-008	7.8124e-008	7.5896e-008	7.3778e-008	7.2425e-008	7.086e-008	6.9546e-008	6.827e-008	6.6943e-008	6.5983e-008	6.4419e-008	6.2744e-008	6.1227e-008	6.0229e-008	5.647e-008	5.5095e-008	5.3984e-008	5.3099e-008	5.0945e-008	4.9826e-008	4.865e-008	4.4787e-008	4.3e-008	4.1619e-008	3.9381e-008	3.7883e-008	3.6823e-008	3.4657e-008	3.3214e-008	3.159e-008	3.0204e-008	2.7541e-008	2.5259e-008	2.2311e-008	2.0687e-008	1.9277e-008	1.6672e-008	1.5068e-008	1.3621e-008	1.1471e-008	9.7576e-009	8.4861e-009	7.5073e-009	6.4378e-009	5.6691e-009	4.9058e-009	4.5776e-009	4.3543e-009	4.576e-009	4.3002e-009	4.6938e-009	4.9268e-009	4.6022e-009	4.837e-009	4.7812e-009	4.7967e-009	4.6266e-009	4.8102e-009	4.9311e-009	5.2725e-009	5.9302e-009	5.9681e-009	6.8824e-009	8.2473e-009	1.1632e-008	1.3311e-008	1.5877e-008	1.9097e-008	2.1315e-008	2.519e-008	2.9419e-008	3.3276e-008	3.8128e-008	4.3283e-008	5.1192e-008	5.6654e-008	6.0094e-008	6.6669e-008	7.0838e-008	7.4617e-008	7.697e-008	8.06e-008	8.1729e-008	8.3829e-008	8.6442e-008	8.8719e-008	9.1487e-008	9.3805e-008	9.575e-008	9.5928e-008	9.5977e-008	9.6295e-008	9.6416e-008	9.612e-008	9.6768e-008	9.7704e-008	9.7204e-008	9.5955e-008	9.469e-008	9.2888e-008	8.8998e-008	8.754e-008	8.6597e-008	8.5964e-008	8.1956e-008	8.0895e-008	7.9545e-008	7.7014e-008	7.4258e-008	7.2979e-008	7.1689e-008	7.0436e-008	6.8163e-008	6.7264e-008	6.5972e-008	6.1779e-008	6.0627e-008	5.9644e-008	5.8421e-008	5.6895e-008	5.3883e-008	5.1493e-008	4.8759e-008	4.6707e-008	4.4597e-008	4.2991e-008	4.1365e-008	3.8826e-008	3.7694e-008	3.5511e-008	3.3867e-008	3.2351e-008	2.9876e-008	2.8188e-008	2.726e-008	2.6231e-008	2.3878e-008	2.317e-008	2.1871e-008	2.0082e-008	1.837e-008	1.6841e-008	1.5257e-008	1.3112e-008	1.1739e-008	1.0875e-008	9.9649e-009	9.2267e-009	9.05e-009	8.5763e-009	7.8289e-009	8.1589e-009	8.3803e-009	8.5863e-009	8.2902e-009	7.7874e-009	7.9641e-009	8.6548e-009	8.7592e-009	9.0742e-009	9.6524e-009	1.0412e-008	1.0806e-008	1.1395e-008	1.3275e-008	1.5602e-008	1.7859e-008	1.9511e-008	2.1248e-008	2.3156e-008	2.6318e-008	2.9546e-008	3.4199e-008	3.8353e-008	4.0992e-008	4.6787e-008	5.2729e-008	5.8617e-008	6.3932e-008	6.8069e-008	7.188e-008	7.6689e-008	8.0684e-008	8.3307e-008	8.523e-008	8.6832e-008	8.8261e-008	8.9877e-008	9.1245e-008	9.2298e-008	9.3517e-008	9.5182e-008	9.6361e-008	9.7284e-008	9.6569e-008	9.6428e-008	9.6132e-008	9.5394e-008	9.463e-008	9.405e-008	9.2537e-008	9.1721e-008	9.1647e-008	9.13e-008	9.0613e-008	8.7997e-008	8.6845e-008	8.3807e-008	8.2934e-008	8.1687e-008	7.9958e-008	7.8961e-008	7.7635e-008	7.57e-008	7.3666e-008	7.1931e-008	6.8868e-008	6.7529e-008	6.6211e-008	6.3817e-008	6.1609e-008	6.1068e-008	5.9808e-008	5.8209e-008	5.6238e-008	5.3486e-008	5.2152e-008	5.1336e-008	4.9309e-008	4.8253e-008	4.6246e-008	4.4342e-008	4.195e-008	4.0927e-008	3.8297e-008	3.5552e-008	3.374e-008	3.2492e-008	3.0274e-008	2.805e-008	2.6472e-008	2.5837e-008	2.4115e-008	2.2089e-008	1.9002e-008	1.7266e-008	1.6409e-008	1.5035e-008	1.3014e-008	1.2081e-008	1.1673e-008	1.1352e-008	1.0765e-008	1.0495e-008	1.0236e-008	1.0035e-008	9.8505e-009	9.8206e-009	1.0059e-008	1.0205e-008	9.9474e-009	9.9686e-009	1.0498e-008	1.0724e-008	1.0785e-008	1.0854e-008	1.1702e-008	1.2172e-008	1.263e-008	1.3822e-008	1.6523e-008	1.9083e-008	2.2738e-008	2.6101e-008	3.0502e-008	3.4966e-008	4.0467e-008	4.6042e-008	5.2067e-008	5.8487e-008	6.7026e-008	7.25e-008	7.749e-008	8.0647e-008	8.4281e-008	8.7896e-008	9.0225e-008	9.2641e-008	9.4601e-008	9.7483e-008	9.9825e-008	1.0047e-007	1.0186e-007	1.0147e-007	1.0083e-007	1.0129e-007	1.0211e-007	1.0191e-007	1.013e-007	1.0092e-007	1.0018e-007	9.9483e-008	9.8904e-008	9.7814e-008	9.4914e-008	9.4298e-008	9.0954e-008	8.8458e-008	8.659e-008	8.5218e-008	8.1633e-008	8.084e-008	7.9869e-008	7.8376e-008	7.7145e-008	7.5626e-008	7.3545e-008	7.2054e-008	7.0447e-008	6.9491e-008	6.8261e-008	6.7096e-008	6.6143e-008	6.2391e-008	6.0477e-008	5.9302e-008	5.7888e-008	5.4989e-008	5.2924e-008	5.0816e-008	4.9335e-008	4.7211e-008	4.5448e-008	4.4375e-008	4.1728e-008	4.0115e-008	3.8253e-008	3.6585e-008	3.4973e-008	3.3177e-008	3.1776e-008	2.9318e-008	2.7031e-008	2.5082e-008	2.2717e-008	2.1674e-008	1.8495e-008	1.7265e-008	1.6229e-008	1.4999e-008	1.352e-008	1.2852e-008	1.2708e-008	1.1736e-008	1.2017e-008	1.2268e-008	1.2208e-008	1.2203e-008	1.1848e-008	1.1817e-008	1.1937e-008	1.2261e-008	1.271e-008	1.2531e-008	1.3233e-008	1.3357e-008	1.3886e-008	1.4795e-008	1.5972e-008
3.6071e-009	4.9307e-009	6.6269e-009	8.0258e-009	9.6338e-009	1.1778e-008	1.4333e-008	1.7008e-008	2.0452e-008	2.2546e-008	2.4477e-008	2.7472e-008	3.3197e-008	3.8287e-008	4.254e-008	4.6366e-008	5.0863e-008	5.5875e-008	6.0671e-008	6.3803e-008	6.8736e-008	7.1077e-008	7.3739e-008	7.7042e-008	7.884e-008	8.1454e-008	8.3351e-008	8.4945e-008	8.6425e-008	8.8383e-008	8.9657e-008	9.1623e-008	9.3676e-008	9.4594e-008	9.4247e-008	9.3793e-008	9.2749e-008	9.1913e-008	8.7818e-008	8.6618e-008	8.5621e-008	8.2622e-008	8.1096e-008	7.9345e-008	7.8437e-008	7.6315e-008	7.4998e-008	7.4496e-008	7.2669e-008	6.9727e-008	6.8251e-008	6.6829e-008	6.5416e-008	6.3958e-008	6.2533e-008	6.1089e-008	5.9749e-008	5.8188e-008	5.5232e-008	5.3568e-008	5.1529e-008	4.9237e-008	4.7098e-008	4.5747e-008	4.4108e-008	4.1607e-008	3.9239e-008	3.7755e-008	3.6076e-008	3.4783e-008	3.3088e-008	3.1508e-008	2.9919e-008	2.8718e-008	2.7076e-008	2.5959e-008	2.4407e-008	2.3711e-008	2.2402e-008	2.0791e-008	1.9776e-008	1.9128e-008	1.8196e-008	1.7198e-008	1.6434e-008	1.6364e-008	1.5301e-008	1.4352e-008	1.334e-008	1.3096e-008	1.2435e-008	1.166e-008	1.0779e-008	1.0796e-008	1.1469e-008	1.155e-008	1.1722e-008	1.1472e-008	1.1557e-008	1.1831e-008	1.186e-008	1.1994e-008	1.25e-008	1.3787e-008	1.5019e-008	1.5946e-008	1.7914e-008	1.8999e-008	2.201e-008	2.3557e-008	2.664e-008	2.9684e-008	3.1534e-008	3.6352e-008	4.2411e-008	4.6427e-008	5.1312e-008	5.5086e-008	5.9025e-008	6.3805e-008	6.7883e-008	7.1312e-008	7.3932e-008	7.7088e-008	7.8705e-008	8.1521e-008	8.3999e-008	8.5436e-008	8.7348e-008	8.8371e-008	8.9339e-008	8.9836e-008	8.968e-008	8.9626e-008	8.9251e-008	8.9878e-008	9.0104e-008	8.8966e-008	8.5836e-008	8.5113e-008	8.3776e-008	8.2625e-008	8.1922e-008	8.0809e-008	7.9128e-008	7.7222e-008	7.3928e-008	7.2529e-008	7.1432e-008	6.9893e-008	6.9407e-008	6.8852e-008	6.6738e-008	6.5357e-008	6.3145e-008	6.0552e-008	5.9064e-008	5.6653e-008	5.5612e-008	5.4448e-008	5.3178e-008	5.0296e-008	4.9134e-008	4.8111e-008	4.4737e-008	4.3202e-008	4.201e-008	4.0149e-008	3.8178e-008	3.6793e-008	3.5012e-008	3.373e-008	3.1853e-008	3.031e-008	2.8227e-008	2.5254e-008	2.3014e-008	2.0087e-008	1.8768e-008	1.667e-008	1.4259e-008	1.338e-008	1.1653e-008	1.0034e-008	8.701e-009	7.4593e-009	6.8097e-009	6.2096e-009	4.9371e-009	4.8366e-009	4.6748e-009	4.3243e-009	4.127e-009	4.3592e-009	4.3549e-009	4.1418e-009	4.5283e-009	4.4138e-009	4.3638e-009	4.4221e-009	4.8621e-009	4.9258e-009	5.1487e-009	5.6113e-009	5.7781e-009	6.8123e-009	8.438e-009	9.7196e-009	1.2277e-008	1.4062e-008	1.879e-008	2.186e-008	2.4363e-008	2.8246e-008	3.1882e-008	3.7609e-008	4.3089e-008	5.1044e-008	5.603e-008	6.0546e-008	6.5991e-008	6.9576e-008	7.3729e-008	7.6832e-008	7.9469e-008	8.1187e-008	8.4102e-008	8.6731e-008	8.8655e-008	9.1723e-008	9.3674e-008	9.4495e-008	9.4963e-008	9.554e-008	9.5938e-008	9.6627e-008	9.6587e-008	9.6775e-008	9.7174e-008	9.6521e-008	9.5473e-008	9.4223e-008	9.1299e-008	8.822e-008	8.7429e-008	8.6767e-008	8.6299e-008	8.3367e-008	8.1573e-008	7.9547e-008	7.7338e-008	7.5117e-008	7.3173e-008	7.1241e-008	6.9756e-008	6.7879e-008	6.7109e-008	6.6414e-008	6.4251e-008	6.099e-008	5.9301e-008	5.7809e-008	5.6384e-008	5.3462e-008	5.0676e-008	4.7741e-008	4.619e-008	4.4262e-008	4.2782e-008	4.0421e-008	3.8671e-008	3.7629e-008	3.5682e-008	3.4578e-008	3.2649e-008	2.9584e-008	2.8362e-008	2.6963e-008	2.5903e-008	2.361e-008	2.2551e-008	2.1247e-008	1.946e-008	1.7999e-008	1.6684e-008	1.5313e-008	1.313e-008	1.1678e-008	1.0672e-008	1.0068e-008	9.1355e-009	9.0261e-009	8.2521e-009	8.0188e-009	7.9653e-009	8.0225e-009	8.2095e-009	8.1193e-009	7.6642e-009	7.9435e-009	8.6699e-009	8.7154e-009	8.6818e-009	9.208e-009	1.0171e-008	1.0779e-008	1.1166e-008	1.266e-008	1.5176e-008	1.7002e-008	1.9282e-008	2.1184e-008	2.3374e-008	2.6605e-008	2.9569e-008	3.3036e-008	3.6398e-008	4.0983e-008	4.5339e-008	5.1269e-008	5.7409e-008	6.2458e-008	6.6854e-008	7.1002e-008	7.6383e-008	8.0099e-008	8.1956e-008	8.4393e-008	8.645e-008	8.7831e-008	8.9409e-008	9.0802e-008	9.1638e-008	9.3254e-008	9.5135e-008	9.6175e-008	9.6889e-008	9.6276e-008	9.5982e-008	9.5735e-008	9.5192e-008	9.4894e-008	9.4215e-008	9.2309e-008	9.1209e-008	9.0828e-008	9.0471e-008	8.9839e-008	8.7157e-008	8.6601e-008	8.4984e-008	8.2416e-008	8.1284e-008	7.9932e-008	7.8604e-008	7.6856e-008	7.5072e-008	7.3127e-008	7.121e-008	6.9211e-008	6.7356e-008	6.6178e-008	6.3034e-008	6.1073e-008	5.9574e-008	5.8903e-008	5.7718e-008	5.6706e-008	5.3349e-008	5.1961e-008	5.082e-008	4.8761e-008	4.7537e-008	4.5251e-008	4.342e-008	4.1686e-008	4.0302e-008	3.5533e-008	3.4131e-008	3.2957e-008	3.2334e-008	3.0116e-008	2.8292e-008	2.5601e-008	2.5132e-008	2.3087e-008	2.1311e-008	1.9524e-008	1.7277e-008	1.631e-008	1.4788e-008	1.3085e-008	1.1592e-008	1.1172e-008	1.0792e-008	1.0588e-008	1.0412e-008	1.0312e-008	1.0294e-008	9.4772e-009	9.5257e-009	9.935e-009	1.0142e-008	9.7086e-009	9.7029e-009	1.0065e-008	1.0361e-008	1.031e-008	1.0754e-008	1.1496e-008	1.1716e-008	1.2053e-008	1.3106e-008	1.5446e-008	1.8116e-008	2.2592e-008	2.6789e-008	3.0882e-008	3.5127e-008	4.1157e-008	4.5903e-008	5.119e-008	5.9075e-008	6.4755e-008	7.3344e-008	7.68e-008	8.026e-008	8.4085e-008	8.6815e-008	8.9786e-008	9.1755e-008	9.4198e-008	9.7367e-008	9.9418e-008	1.0063e-007	1.0208e-007	1.0181e-007	1.0059e-007	1.0076e-007	1.0115e-007	1.0124e-007	1.0089e-007	1.0115e-007	1.0132e-007	1.0076e-007	9.9039e-008	9.7567e-008	9.6395e-008	9.4833e-008	9.2315e-008	9.0048e-008	8.6695e-008	8.5687e-008	8.3765e-008	8.0609e-008	7.8533e-008	7.7467e-008	7.6283e-008	7.4701e-008	7.3455e-008	7.1861e-008	7.092e-008	6.8881e-008	6.7064e-008	6.6492e-008	6.5244e-008	6.207e-008	5.946e-008	5.9058e-008	5.7193e-008	5.3802e-008	5.2126e-008	5.0955e-008	4.8337e-008	4.566e-008	4.5133e-008	4.3835e-008	4.2161e-008	4.0764e-008	3.7714e-008	3.5772e-008	3.4553e-008	3.3005e-008	3.0883e-008	2.9257e-008	2.6725e-008	2.4437e-008	2.2646e-008	2.1605e-008	1.9857e-008	1.7746e-008	1.6008e-008	1.5213e-008	1.3648e-008	1.267e-008	1.2777e-008	1.1679e-008	1.146e-008	1.1267e-008	1.1647e-008	1.1896e-008	1.1724e-008	1.1749e-008	1.1853e-008	1.2151e-008	1.2233e-008	1.2271e-008	1.2454e-008	1.3037e-008	1.3535e-008	1.4249e-008	1.5337e-008
3.6145e-009	4.5301e-009	5.837e-009	6.9221e-009	8.7439e-009	1.1061e-008	1.3219e-008	1.5421e-008	1.6604e-008	2.1719e-008	2.3813e-008	2.6708e-008	3.2577e-008	3.7373e-008	4.0718e-008	4.5495e-008	4.9733e-008	5.5048e-008	5.9432e-008	6.2652e-008	6.7626e-008	7.0597e-008	7.3687e-008	7.7082e-008	7.9669e-008	8.2078e-008	8.3966e-008	8.579e-008	8.6972e-008	8.8555e-008	9.0728e-008	9.2826e-008	9.3949e-008	9.4433e-008	9.38e-008	9.3144e-008	9.2044e-008	9.0212e-008	8.7114e-008	8.6512e-008	8.5282e-008	8.3239e-008	8.0924e-008	7.9764e-008	7.8506e-008	7.6247e-008	7.4898e-008	7.4018e-008	7.1953e-008	6.9465e-008	6.8493e-008	6.7344e-008	6.6139e-008	6.4088e-008	6.2071e-008	6.0844e-008	5.9647e-008	5.6299e-008	5.4581e-008	5.3356e-008	5.0784e-008	4.8911e-008	4.6302e-008	4.532e-008	4.4432e-008	4.1754e-008	3.8005e-008	3.6749e-008	3.5714e-008	3.4678e-008	3.3365e-008	3.1919e-008	3.0261e-008	2.8276e-008	2.665e-008	2.5603e-008	2.4572e-008	2.3149e-008	2.2279e-008	2.04e-008	1.9164e-008	1.8873e-008	1.8029e-008	1.7218e-008	1.6415e-008	1.6042e-008	1.4958e-008	1.451e-008	1.3363e-008	1.2732e-008	1.2306e-008	1.1376e-008	1.0821e-008	1.1083e-008	1.1656e-008	1.1636e-008	1.1843e-008	1.1278e-008	1.1298e-008	1.2203e-008	1.1795e-008	1.1893e-008	1.2646e-008	1.4008e-008	1.4849e-008	1.627e-008	1.7649e-008	1.9948e-008	2.1187e-008	2.3956e-008	2.5535e-008	2.9236e-008	3.2546e-008	3.6472e-008	4.242e-008	4.6891e-008	5.116e-008	5.4528e-008	5.9227e-008	6.4126e-008	6.8107e-008	7.1219e-008	7.4193e-008	7.6764e-008	7.8503e-008	8.1475e-008	8.4625e-008	8.6433e-008	8.7973e-008	8.9362e-008	8.9516e-008	8.9717e-008	8.9835e-008	9.0624e-008	9.0417e-008	9.0561e-008	9.076e-008	9.0037e-008	8.8501e-008	8.5613e-008	8.4608e-008	8.2676e-008	8.207e-008	8.0886e-008	7.9371e-008	7.8162e-008	7.6355e-008	7.2961e-008	7.1348e-008	7.0469e-008	7.0228e-008	6.9473e-008	6.8226e-008	6.6012e-008	6.4606e-008	6.0751e-008	5.891e-008	5.7311e-008	5.5772e-008	5.4816e-008	5.2884e-008	4.9721e-008	4.9123e-008	4.7973e-008	4.5738e-008	4.3945e-008	4.1532e-008	4.0277e-008	3.8489e-008	3.7009e-008	3.5217e-008	3.4497e-008	3.2212e-008	3.076e-008	2.8727e-008	2.5661e-008	2.3453e-008	2.0548e-008	1.8304e-008	1.715e-008	1.4985e-008	1.3263e-008	1.2347e-008	1.0528e-008	9.2493e-009	7.8029e-009	6.9972e-009	6.292e-009	5.2577e-009	4.8739e-009	4.4796e-009	4.2473e-009	4.1568e-009	4.3949e-009	4.4768e-009	3.844e-009	4.0142e-009	4.1117e-009	4.6552e-009	4.5396e-009	5.1356e-009	5.4606e-009	5.6484e-009	5.7723e-009	6.0546e-009	7.6782e-009	8.7304e-009	9.5332e-009	1.1458e-008	1.348e-008	1.7622e-008	2.0549e-008	2.3822e-008	2.7009e-008	3.1694e-008	3.66e-008	4.3757e-008	5.15e-008	5.6662e-008	6.1234e-008	6.6015e-008	7.0571e-008	7.4127e-008	7.6559e-008	7.9342e-008	8.1477e-008	8.4472e-008	8.6329e-008	8.8703e-008	9.1369e-008	9.3304e-008	9.4056e-008	9.4421e-008	9.5619e-008	9.5906e-008	9.6789e-008	9.6578e-008	9.6103e-008	9.6737e-008	9.6075e-008	9.5128e-008	9.3656e-008	9.1307e-008	8.9185e-008	8.8133e-008	8.713e-008	8.6459e-008	8.4545e-008	8.2688e-008	8.075e-008	7.8047e-008	7.5707e-008	7.3423e-008	7.2013e-008	6.9811e-008	6.838e-008	6.6892e-008	6.6578e-008	6.5202e-008	6.2971e-008	6.065e-008	5.8841e-008	5.6561e-008	5.5232e-008	5.0219e-008	4.8314e-008	4.6389e-008	4.4713e-008	4.3517e-008	4.1082e-008	3.8362e-008	3.7897e-008	3.6007e-008	3.4777e-008	3.3045e-008	3.1005e-008	2.8633e-008	2.6903e-008	2.6043e-008	2.3727e-008	2.2202e-008	2.0695e-008	1.9856e-008	1.856e-008	1.6821e-008	1.6074e-008	1.3728e-008	1.2679e-008	1.1251e-008	1.0044e-008	9.4077e-009	8.7023e-009	8.223e-009	8.1611e-009	7.8168e-009	8.1839e-009	8.267e-009	8.2237e-009	7.4372e-009	7.6949e-009	8.7351e-009	8.6826e-009	8.269e-009	8.6575e-009	9.6873e-009	1.0584e-008	1.1188e-008	1.2499e-008	1.4756e-008	1.6606e-008	1.943e-008	2.0443e-008	2.3322e-008	2.5911e-008	2.9211e-008	3.2557e-008	3.6707e-008	4.0379e-008	4.539e-008	5.1235e-008	5.7043e-008	6.1172e-008	6.5244e-008	7.045e-008	7.5883e-008	7.8526e-008	8.1698e-008	8.4097e-008	8.6416e-008	8.8191e-008	9.0228e-008	9.1902e-008	9.2989e-008	9.3609e-008	9.4755e-008	9.5592e-008	9.5727e-008	9.5911e-008	9.5723e-008	9.5532e-008	9.5052e-008	9.4971e-008	9.4125e-008	9.2882e-008	9.1416e-008	9.0759e-008	9.0137e-008	8.9577e-008	8.7211e-008	8.6546e-008	8.5524e-008	8.2407e-008	8.0945e-008	7.9472e-008	7.7801e-008	7.6484e-008	7.5075e-008	7.3854e-008	7.1259e-008	6.9232e-008	6.7531e-008	6.5798e-008	6.3322e-008	6.1803e-008	5.9834e-008	5.8872e-008	5.793e-008	5.6759e-008	5.4678e-008	5.2605e-008	5.0849e-008	4.899e-008	4.7146e-008	4.526e-008	4.3761e-008	4.1745e-008	4.0465e-008	3.8783e-008	3.5116e-008	3.2848e-008	3.2393e-008	3.0564e-008	2.8921e-008	2.5965e-008	2.3981e-008	2.2419e-008	2.1545e-008	2.0196e-008	1.8744e-008	1.6029e-008	1.5198e-008	1.313e-008	1.2283e-008	1.1326e-008	1.103e-008	1.0615e-008	1.0551e-008	1.0297e-008	1.0242e-008	9.8548e-009	9.7423e-009	1.0615e-008	1.0425e-008	1.0185e-008	1.0235e-008	9.9953e-009	1.0192e-008	1.031e-008	1.058e-008	1.1377e-008	1.1543e-008	1.194e-008	1.3188e-008	1.5243e-008	1.7788e-008	2.171e-008	2.5836e-008	2.9962e-008	3.7199e-008	4.1584e-008	4.5956e-008	4.9899e-008	5.7769e-008	6.6236e-008	7.2528e-008	7.7084e-008	8.1362e-008	8.3862e-008	8.7188e-008	9.0326e-008	9.1518e-008	9.3929e-008	9.5661e-008	9.7681e-008	1.0044e-007	1.0066e-007	1.0102e-007	1.0056e-007	1.007e-007	1.0105e-007	1.0119e-007	1.0108e-007	1.0125e-007	1.0163e-007	1.0131e-007	1.001e-007	9.7809e-008	9.679e-008	9.5402e-008	9.2685e-008	9.0532e-008	8.7733e-008	8.5853e-008	8.5132e-008	8.0336e-008	7.8773e-008	7.7304e-008	7.5813e-008	7.4595e-008	7.3451e-008	7.1842e-008	7.117e-008	7.0556e-008	6.7623e-008	6.5976e-008	6.4558e-008	6.2887e-008	6.1677e-008	5.9095e-008	5.7927e-008	5.3948e-008	5.1939e-008	5.1005e-008	4.945e-008	4.6659e-008	4.5351e-008	4.4125e-008	4.2799e-008	4.0865e-008	3.7828e-008	3.5949e-008	3.4509e-008	3.267e-008	3.1031e-008	2.9933e-008	2.6457e-008	2.4513e-008	2.2918e-008	2.1157e-008	1.9795e-008	1.791e-008	1.657e-008	1.5372e-008	1.4828e-008	1.33e-008	1.2881e-008	1.2338e-008	1.2232e-008	1.1655e-008	1.1566e-008	1.1677e-008	1.1899e-008	1.1866e-008	1.208e-008	1.2492e-008	1.2382e-008	1.254e-008	1.2641e-008	1.3281e-008	1.3578e-008	1.3822e-008	1.4792e-008
3.5047e-009	4.3171e-009	4.8117e-009	6.0815e-009	7.9286e-009	9.0681e-009	1.2598e-008	1.4623e-008	1.6898e-008	2.0533e-008	2.4305e-008	2.5645e-008	3.078e-008	3.6609e-008	4.0736e-008	4.5634e-008	4.958e-008	5.4741e-008	5.8947e-008	6.3611e-008	6.7062e-008	7.025e-008	7.403e-008	7.6972e-008	7.9685e-008	8.2759e-008	8.3788e-008	8.6557e-008	8.8122e-008	8.9075e-008	9.1221e-008	9.2841e-008	9.4187e-008	9.3988e-008	9.3053e-008	9.1952e-008	9.0524e-008	8.9415e-008	8.7472e-008	8.6038e-008	8.4956e-008	8.272e-008	8.1168e-008	7.9602e-008	7.8296e-008	7.5922e-008	7.4124e-008	7.3054e-008	7.0821e-008	6.9061e-008	6.7963e-008	6.7024e-008	6.6005e-008	6.4838e-008	6.3497e-008	6.1744e-008	5.8657e-008	5.5589e-008	5.4424e-008	5.3485e-008	5.0632e-008	4.9122e-008	4.5789e-008	4.5354e-008	4.3406e-008	4.1048e-008	3.8117e-008	3.6385e-008	3.5418e-008	3.4813e-008	3.3156e-008	3.1841e-008	2.9996e-008	2.8348e-008	2.5801e-008	2.5182e-008	2.4323e-008	2.2663e-008	2.205e-008	2.0013e-008	1.9525e-008	1.8397e-008	1.7518e-008	1.7094e-008	1.5838e-008	1.5182e-008	1.4256e-008	1.4061e-008	1.3003e-008	1.2319e-008	1.1914e-008	1.1047e-008	1.1024e-008	1.0979e-008	1.1177e-008	1.1461e-008	1.1466e-008	1.0917e-008	1.1623e-008	1.1926e-008	1.1589e-008	1.2062e-008	1.3196e-008	1.3788e-008	1.4562e-008	1.6489e-008	1.7817e-008	1.9488e-008	2.1197e-008	2.4192e-008	2.6203e-008	2.914e-008	3.2288e-008	3.6844e-008	4.0417e-008	4.5881e-008	5.0953e-008	5.4834e-008	5.9349e-008	6.4843e-008	6.8356e-008	7.266e-008	7.4626e-008	7.796e-008	8.0587e-008	8.2725e-008	8.5596e-008	8.7346e-008	8.943e-008	9.0608e-008	9.0155e-008	8.9625e-008	8.9859e-008	9.0643e-008	9.1007e-008	9.0792e-008	9.1111e-008	9.0368e-008	8.7816e-008	8.6354e-008	8.5163e-008	8.285e-008	8.1948e-008	8.1154e-008	8.0021e-008	7.8649e-008	7.7543e-008	7.5511e-008	7.3404e-008	7.2167e-008	7.1052e-008	6.9643e-008	6.8903e-008	6.6728e-008	6.4553e-008	6.241e-008	6.0089e-008	5.7933e-008	5.6081e-008	5.488e-008	5.3049e-008	5.057e-008	4.9357e-008	4.8235e-008	4.6692e-008	4.4816e-008	4.2968e-008	4.0542e-008	3.8826e-008	3.7386e-008	3.4811e-008	3.3999e-008	3.153e-008	2.9791e-008	2.8207e-008	2.6222e-008	2.2531e-008	2.0697e-008	1.911e-008	1.6835e-008	1.5998e-008	1.3851e-008	1.2179e-008	1.0843e-008	9.2279e-009	7.6201e-009	6.6011e-009	5.9134e-009	5.4107e-009	5.1206e-009	4.8138e-009	4.5619e-009	4.4719e-009	4.5906e-009	4.6651e-009	4.6259e-009	4.8871e-009	4.8294e-009	4.9449e-009	5.0894e-009	5.3054e-009	5.6705e-009	5.5773e-009	5.8018e-009	6.4148e-009	7.8103e-009	8.747e-009	9.5578e-009	1.0737e-008	1.3852e-008	1.6115e-008	2.0324e-008	2.3233e-008	2.7139e-008	3.1207e-008	3.5529e-008	4.2491e-008	5.0522e-008	5.6126e-008	6.1756e-008	6.4473e-008	6.8966e-008	7.3971e-008	7.6879e-008	7.8785e-008	8.138e-008	8.4275e-008	8.5949e-008	8.8823e-008	9.169e-008	9.2899e-008	9.381e-008	9.4792e-008	9.581e-008	9.6369e-008	9.6546e-008	9.6048e-008	9.5406e-008	9.5227e-008	9.4974e-008	9.3789e-008	9.2318e-008	9.0353e-008	8.9623e-008	8.8743e-008	8.7326e-008	8.6307e-008	8.4317e-008	8.1815e-008	8.0276e-008	7.8964e-008	7.613e-008	7.3186e-008	7.1893e-008	6.9792e-008	6.8589e-008	6.7691e-008	6.5443e-008	6.4139e-008	6.2555e-008	6.1175e-008	5.8683e-008	5.5975e-008	5.3929e-008	5.021e-008	4.7579e-008	4.6743e-008	4.5446e-008	4.4172e-008	4.0533e-008	3.94e-008	3.7738e-008	3.5583e-008	3.3995e-008	3.2585e-008	3.1161e-008	2.8522e-008	2.6486e-008	2.5754e-008	2.3665e-008	2.2356e-008	2.0617e-008	2.0035e-008	1.8915e-008	1.6558e-008	1.5934e-008	1.3779e-008	1.2796e-008	1.2001e-008	1.0795e-008	9.3312e-009	8.3908e-009	8.0077e-009	8.4794e-009	8.0484e-009	8.0949e-009	8.3615e-009	8.1943e-009	7.5833e-009	7.9199e-009	8.3798e-009	8.345e-009	8.2544e-009	8.4754e-009	9.5378e-009	1.0311e-008	1.1306e-008	1.2706e-008	1.4476e-008	1.6856e-008	1.8886e-008	2.1582e-008	2.3004e-008	2.6031e-008	2.9013e-008	3.2657e-008	3.6876e-008	4.0579e-008	4.5477e-008	4.9948e-008	5.6977e-008	6.1319e-008	6.5389e-008	6.9983e-008	7.4588e-008	7.8406e-008	8.1183e-008	8.4306e-008	8.6936e-008	9.0139e-008	9.1511e-008	9.3098e-008	9.3696e-008	9.4499e-008	9.5158e-008	9.5341e-008	9.5509e-008	9.606e-008	9.5814e-008	9.5205e-008	9.4689e-008	9.4844e-008	9.4058e-008	9.2678e-008	9.158e-008	9.0765e-008	8.9626e-008	8.8524e-008	8.7303e-008	8.6261e-008	8.5272e-008	8.279e-008	8.086e-008	7.9359e-008	7.738e-008	7.5707e-008	7.5118e-008	7.3573e-008	7.2388e-008	6.9388e-008	6.7039e-008	6.5098e-008	6.2658e-008	6.2204e-008	6.092e-008	5.9286e-008	5.79e-008	5.6684e-008	5.4464e-008	5.2137e-008	5.0852e-008	4.8842e-008	4.6656e-008	4.4807e-008	4.3487e-008	4.1582e-008	4.055e-008	3.9149e-008	3.5966e-008	3.4928e-008	3.2189e-008	2.9994e-008	2.8686e-008	2.6375e-008	2.4569e-008	2.3042e-008	2.1437e-008	2.0151e-008	1.888e-008	1.6763e-008	1.5388e-008	1.3092e-008	1.226e-008	1.1977e-008	1.1107e-008	1.0918e-008	1.0515e-008	1.0345e-008	1.0255e-008	9.9952e-009	1.0061e-008	1.0892e-008	1.107e-008	1.0638e-008	1.0384e-008	1.0138e-008	1.0212e-008	1.0517e-008	1.1124e-008	1.1938e-008	1.2035e-008	1.2341e-008	1.3543e-008	1.549e-008	1.8349e-008	2.1451e-008	2.5595e-008	2.9136e-008	3.7388e-008	4.1763e-008	4.6377e-008	4.9381e-008	5.6064e-008	6.4066e-008	7.2636e-008	7.7601e-008	8.1397e-008	8.4479e-008	8.6977e-008	8.9806e-008	9.1689e-008	9.4037e-008	9.4893e-008	9.7544e-008	9.921e-008	9.9302e-008	1.0022e-007	1.0066e-007	1.0089e-007	1.0097e-007	1.0104e-007	1.0152e-007	1.0272e-007	1.0223e-007	1.0116e-007	1.0025e-007	9.752e-008	9.6349e-008	9.5262e-008	9.2675e-008	9.0135e-008	8.7e-008	8.5733e-008	8.4816e-008	8.0666e-008	7.8522e-008	7.6985e-008	7.5578e-008	7.5026e-008	7.3915e-008	7.1139e-008	7.0979e-008	7.0261e-008	6.7932e-008	6.6108e-008	6.4026e-008	6.2529e-008	6.1677e-008	5.911e-008	5.7347e-008	5.5065e-008	5.2597e-008	5.0702e-008	4.9183e-008	4.8196e-008	4.5704e-008	4.3559e-008	4.2795e-008	3.9164e-008	3.796e-008	3.5961e-008	3.4194e-008	3.3473e-008	3.0619e-008	2.9816e-008	2.7568e-008	2.5279e-008	2.2874e-008	2.0815e-008	1.9243e-008	1.7614e-008	1.6627e-008	1.5324e-008	1.444e-008	1.3183e-008	1.2688e-008	1.2502e-008	1.2601e-008	1.209e-008	1.1411e-008	1.1736e-008	1.187e-008	1.207e-008	1.2132e-008	1.2429e-008	1.2203e-008	1.2714e-008	1.2937e-008	1.3503e-008	1.3202e-008	1.3548e-008	1.4193e-008
2.07e-009	2.909e-009	3.6607e-009	5.2442e-009	7.63e-009	9.3002e-009	1.1338e-008	1.3739e-008	1.5885e-008	1.9357e-008	2.3107e-008	2.6554e-008	3.1589e-008	3.5529e-008	4.0312e-008	4.5411e-008	4.9755e-008	5.4148e-008	5.9081e-008	6.3383e-008	6.7065e-008	7.128e-008	7.4806e-008	7.8038e-008	8.0344e-008	8.2669e-008	8.3774e-008	8.7342e-008	8.8418e-008	8.9208e-008	9.123e-008	9.2814e-008	9.3652e-008	9.2184e-008	9.1413e-008	9.1002e-008	8.974e-008	8.8174e-008	8.719e-008	8.558e-008	8.4444e-008	8.2033e-008	8.0378e-008	7.8919e-008	7.7469e-008	7.4923e-008	7.2473e-008	7.1073e-008	6.9496e-008	6.8567e-008	6.6743e-008	6.6264e-008	6.5604e-008	6.409e-008	6.2896e-008	6.1497e-008	5.7867e-008	5.575e-008	5.3817e-008	5.3027e-008	4.982e-008	4.6751e-008	4.572e-008	4.54e-008	4.4108e-008	4.1913e-008	3.8591e-008	3.6644e-008	3.5776e-008	3.4619e-008	3.2411e-008	3.0955e-008	2.9768e-008	2.7972e-008	2.612e-008	2.4935e-008	2.4411e-008	2.3204e-008	2.2343e-008	1.9925e-008	1.9486e-008	1.8331e-008	1.7193e-008	1.6731e-008	1.5087e-008	1.3762e-008	1.3452e-008	1.3181e-008	1.2337e-008	1.1881e-008	1.1008e-008	1.045e-008	1.0414e-008	9.9336e-009	1.0297e-008	1.0389e-008	1.068e-008	1.0486e-008	1.1201e-008	1.1078e-008	1.1276e-008	1.233e-008	1.2807e-008	1.3821e-008	1.4538e-008	1.6475e-008	1.8134e-008	1.958e-008	2.1588e-008	2.3858e-008	2.5728e-008	2.8704e-008	3.1415e-008	3.6286e-008	4.0924e-008	4.5571e-008	5.0783e-008	5.5346e-008	5.9608e-008	6.3566e-008	6.7746e-008	7.2316e-008	7.4928e-008	7.8123e-008	8.1879e-008	8.3152e-008	8.6279e-008	8.7803e-008	9.0244e-008	9.1005e-008	9.0334e-008	8.9834e-008	8.9822e-008	9.0617e-008	9.0763e-008	9.0751e-008	9.0894e-008	8.9994e-008	8.7944e-008	8.6372e-008	8.4457e-008	8.3326e-008	8.1337e-008	8.0245e-008	7.9432e-008	7.8148e-008	7.74e-008	7.5302e-008	7.3769e-008	7.3025e-008	7.1775e-008	6.9515e-008	6.8105e-008	6.5187e-008	6.393e-008	6.2409e-008	6.0687e-008	5.9243e-008	5.6473e-008	5.5025e-008	5.297e-008	5.1258e-008	4.8575e-008	4.8443e-008	4.7535e-008	4.5459e-008	4.3469e-008	4.0943e-008	3.8326e-008	3.7382e-008	3.5349e-008	3.3381e-008	3.1218e-008	2.9921e-008	2.8169e-008	2.5418e-008	2.2555e-008	2.1053e-008	1.9797e-008	1.65e-008	1.5499e-008	1.4515e-008	1.2542e-008	1.0284e-008	8.7128e-009	6.4851e-009	5.7769e-009	5.5595e-009	5.4679e-009	5.0116e-009	4.5025e-009	4.4361e-009	4.3615e-009	4.2588e-009	4.2323e-009	4.6946e-009	4.8648e-009	4.8653e-009	5.0005e-009	4.6312e-009	5.1582e-009	5.2181e-009	5.311e-009	5.7554e-009	6.3247e-009	7.317e-009	8.2165e-009	8.9855e-009	1.1299e-008	1.3963e-008	1.6455e-008	1.9703e-008	2.3629e-008	2.7604e-008	3.2342e-008	3.5388e-008	4.1299e-008	5.0145e-008	5.4501e-008	6.1647e-008	6.4778e-008	6.7704e-008	7.2366e-008	7.6303e-008	7.8673e-008	8.1505e-008	8.4128e-008	8.6296e-008	8.8955e-008	9.0587e-008	9.179e-008	9.36e-008	9.4346e-008	9.5821e-008	9.6259e-008	9.6341e-008	9.5337e-008	9.4732e-008	9.3977e-008	9.3453e-008	9.278e-008	9.181e-008	9.0376e-008	8.9864e-008	8.8805e-008	8.7852e-008	8.5503e-008	8.3627e-008	8.17e-008	8.0411e-008	7.9211e-008	7.7509e-008	7.3118e-008	7.1615e-008	6.9611e-008	6.8609e-008	6.7886e-008	6.6261e-008	6.4036e-008	6.2335e-008	6.088e-008	5.89e-008	5.5369e-008	5.2686e-008	4.9859e-008	4.7481e-008	4.6712e-008	4.5123e-008	4.3913e-008	4.0953e-008	3.9668e-008	3.7567e-008	3.6289e-008	3.3617e-008	3.2119e-008	3.0632e-008	2.9615e-008	2.6796e-008	2.5739e-008	2.4128e-008	2.2128e-008	2.0787e-008	1.9676e-008	1.8984e-008	1.7541e-008	1.6349e-008	1.4044e-008	1.26e-008	1.1981e-008	1.06e-008	9.8113e-009	8.4711e-009	8.1002e-009	7.9058e-009	7.5006e-009	7.5611e-009	8.029e-009	8.0255e-009	8.026e-009	7.743e-009	8.1321e-009	8.1707e-009	8.4222e-009	8.9808e-009	8.8239e-009	9.3541e-009	1.0651e-008	1.2266e-008	1.3741e-008	1.6249e-008	1.8377e-008	2.1245e-008	2.3273e-008	2.6802e-008	3.0367e-008	3.4e-008	3.798e-008	4.1165e-008	4.5377e-008	4.9561e-008	5.5934e-008	6.1526e-008	6.5387e-008	6.9464e-008	7.3162e-008	7.7709e-008	8.105e-008	8.5029e-008	8.7718e-008	9.0559e-008	9.2097e-008	9.3452e-008	9.4374e-008	9.5371e-008	9.6077e-008	9.5336e-008	9.5987e-008	9.6017e-008	9.5247e-008	9.4549e-008	9.4325e-008	9.4172e-008	9.3673e-008	9.2669e-008	9.1482e-008	9.0764e-008	8.9201e-008	8.7641e-008	8.6655e-008	8.6277e-008	8.4458e-008	8.2901e-008	8.0653e-008	7.8664e-008	7.7424e-008	7.5456e-008	7.4638e-008	7.3193e-008	7.2236e-008	6.9895e-008	6.7132e-008	6.5549e-008	6.4456e-008	6.3117e-008	6.1426e-008	5.9388e-008	5.7543e-008	5.5547e-008	5.3562e-008	5.1761e-008	5.0226e-008	4.7496e-008	4.624e-008	4.4774e-008	4.284e-008	4.1083e-008	4.0095e-008	3.8811e-008	3.7166e-008	3.5063e-008	3.2392e-008	2.884e-008	2.773e-008	2.6026e-008	2.3834e-008	2.2958e-008	2.1695e-008	2.0502e-008	1.8707e-008	1.7154e-008	1.5377e-008	1.3968e-008	1.28e-008	1.2076e-008	1.1074e-008	1.0596e-008	1.0314e-008	1.0309e-008	1.044e-008	1.0248e-008	9.9786e-009	1.0283e-008	1.0667e-008	1.0452e-008	1.046e-008	9.9954e-009	1.0016e-008	1.0801e-008	1.0943e-008	1.1732e-008	1.1809e-008	1.2325e-008	1.3317e-008	1.4986e-008	1.8337e-008	2.0817e-008	2.5465e-008	2.9347e-008	3.4835e-008	3.9532e-008	4.4309e-008	4.8339e-008	5.577e-008	6.4515e-008	7.0794e-008	7.6272e-008	7.9629e-008	8.3065e-008	8.6751e-008	8.9107e-008	9.0377e-008	9.2947e-008	9.4551e-008	9.6913e-008	9.8057e-008	9.8654e-008	9.9109e-008	1.0001e-007	1.0048e-007	1.0073e-007	1.0079e-007	1.0143e-007	1.0264e-007	1.027e-007	1.0161e-007	9.9941e-008	9.6364e-008	9.5537e-008	9.4411e-008	9.1737e-008	8.9929e-008	8.6906e-008	8.4589e-008	8.27e-008	8.0205e-008	7.8602e-008	7.7394e-008	7.521e-008	7.4516e-008	7.41e-008	7.2008e-008	7.0833e-008	7.0065e-008	6.7741e-008	6.5055e-008	6.3014e-008	6.181e-008	6.0311e-008	5.8839e-008	5.7067e-008	5.4515e-008	5.322e-008	5.077e-008	4.8696e-008	4.805e-008	4.6562e-008	4.4213e-008	4.1972e-008	3.9701e-008	3.7391e-008	3.6111e-008	3.3876e-008	3.3155e-008	3.1926e-008	2.9202e-008	2.7948e-008	2.4753e-008	2.3599e-008	2.0821e-008	1.9278e-008	1.733e-008	1.6282e-008	1.5262e-008	1.4158e-008	1.3013e-008	1.2846e-008	1.2413e-008	1.2165e-008	1.1873e-008	1.1646e-008	1.1913e-008	1.1966e-008	1.2105e-008	1.2231e-008	1.2062e-008	1.2002e-008	1.2294e-008	1.2634e-008	1.2795e-008	1.3069e-008	1.3412e-008	1.4037e-008
1.5294e-009	2.5453e-009	3.5512e-009	5.3501e-009	6.5062e-009	8.672e-009	1.1293e-008	1.333e-008	1.5535e-008	1.879e-008	2.2644e-008	2.6094e-008	3.1002e-008	3.456e-008	3.8573e-008	4.3621e-008	4.9317e-008	5.4223e-008	5.9228e-008	6.3086e-008	6.7579e-008	7.1026e-008	7.5e-008	7.821e-008	8.0629e-008	8.2325e-008	8.4311e-008	8.694e-008	8.8154e-008	8.9131e-008	9.1217e-008	9.167e-008	9.1635e-008	9.1468e-008	9.0672e-008	9.0067e-008	8.8678e-008	8.7065e-008	8.648e-008	8.4652e-008	8.375e-008	8.2421e-008	8.0346e-008	7.8424e-008	7.6588e-008	7.4615e-008	7.2121e-008	7.0618e-008	6.8986e-008	6.7768e-008	6.5775e-008	6.5251e-008	6.459e-008	6.357e-008	6.2682e-008	6.0966e-008	5.7879e-008	5.5604e-008	5.4104e-008	5.1856e-008	4.9637e-008	4.7069e-008	4.5948e-008	4.4945e-008	4.3806e-008	4.19e-008	3.9012e-008	3.6636e-008	3.5399e-008	3.4217e-008	3.2496e-008	3.0493e-008	2.9276e-008	2.7504e-008	2.5991e-008	2.5024e-008	2.4244e-008	2.2836e-008	2.167e-008	1.9365e-008	1.8882e-008	1.7707e-008	1.6602e-008	1.5584e-008	1.4076e-008	1.2852e-008	1.2437e-008	1.1911e-008	1.1693e-008	1.118e-008	1.01e-008	9.3808e-009	9.0068e-009	8.9297e-009	8.9874e-009	9.2539e-009	9.7672e-009	9.7257e-009	1.0157e-008	1.0455e-008	1.0818e-008	1.1404e-008	1.233e-008	1.3286e-008	1.4783e-008	1.6127e-008	1.7873e-008	1.9394e-008	2.1532e-008	2.3369e-008	2.6186e-008	2.8498e-008	3.2616e-008	3.6292e-008	4.0188e-008	4.5739e-008	4.919e-008	5.5496e-008	6.0038e-008	6.3742e-008	6.7886e-008	7.1647e-008	7.4579e-008	7.8415e-008	8.2091e-008	8.3602e-008	8.6046e-008	8.7908e-008	9.039e-008	9.0839e-008	8.9781e-008	8.9313e-008	8.9794e-008	9.0634e-008	9.0894e-008	9.0757e-008	9.0691e-008	8.9809e-008	8.7546e-008	8.5476e-008	8.393e-008	8.3384e-008	8.1686e-008	7.9552e-008	7.8509e-008	7.7953e-008	7.7463e-008	7.594e-008	7.4208e-008	7.3458e-008	7.1837e-008	6.9197e-008	6.7147e-008	6.4968e-008	6.4313e-008	6.1579e-008	6.0564e-008	5.9808e-008	5.7745e-008	5.4883e-008	5.2854e-008	5.168e-008	5.0007e-008	4.8238e-008	4.7598e-008	4.5611e-008	4.2768e-008	4.1183e-008	4.0344e-008	3.7723e-008	3.4804e-008	3.2459e-008	3.1163e-008	2.9719e-008	2.7882e-008	2.5449e-008	2.3014e-008	2.1301e-008	1.9341e-008	1.8208e-008	1.5213e-008	1.3993e-008	1.239e-008	1.034e-008	8.6715e-009	7.1509e-009	6.2143e-009	5.3561e-009	5.0288e-009	4.6305e-009	4.7241e-009	4.5308e-009	4.3844e-009	4.0348e-009	4.5097e-009	4.7651e-009	4.7489e-009	4.8318e-009	4.8114e-009	4.5032e-009	4.863e-009	5.0581e-009	5.4561e-009	5.6462e-009	6.0516e-009	6.9385e-009	7.5365e-009	8.9266e-009	1.0254e-008	1.3174e-008	1.574e-008	1.9773e-008	2.3512e-008	2.7686e-008	3.1472e-008	3.5236e-008	4.0102e-008	4.8608e-008	5.4722e-008	5.9882e-008	6.386e-008	6.8126e-008	7.2807e-008	7.5954e-008	7.8256e-008	8.1005e-008	8.3701e-008	8.581e-008	8.9053e-008	9.0206e-008	9.1536e-008	9.2866e-008	9.4006e-008	9.5737e-008	9.6461e-008	9.5665e-008	9.5186e-008	9.4571e-008	9.4001e-008	9.3074e-008	9.1688e-008	9.0751e-008	8.9968e-008	8.9663e-008	8.8521e-008	8.7199e-008	8.5123e-008	8.3277e-008	8.155e-008	8.0093e-008	7.8631e-008	7.7002e-008	7.3895e-008	7.1846e-008	6.9995e-008	6.8652e-008	6.8007e-008	6.676e-008	6.3727e-008	6.1676e-008	6.0611e-008	5.8159e-008	5.4789e-008	5.3513e-008	5.1427e-008	4.9203e-008	4.7654e-008	4.5632e-008	4.364e-008	4.0888e-008	3.918e-008	3.7916e-008	3.6488e-008	3.474e-008	3.239e-008	3.0271e-008	2.882e-008	2.6628e-008	2.4864e-008	2.4132e-008	2.2687e-008	2.072e-008	1.9751e-008	1.867e-008	1.7409e-008	1.6426e-008	1.4604e-008	1.2804e-008	1.1699e-008	1.083e-008	1.0324e-008	8.8384e-009	8.3096e-009	7.8353e-009	7.3771e-009	7.6151e-009	7.7703e-009	7.8603e-009	8.1179e-009	8.1553e-009	8.167e-009	8.1916e-009	8.6966e-009	9.1714e-009	8.7804e-009	8.8081e-009	9.8847e-009	1.1318e-008	1.3598e-008	1.5694e-008	1.7809e-008	2.0287e-008	2.279e-008	2.6361e-008	2.9866e-008	3.3985e-008	3.8728e-008	4.1983e-008	4.56e-008	4.9368e-008	5.4629e-008	6.1549e-008	6.5715e-008	6.9995e-008	7.3407e-008	7.6802e-008	8.056e-008	8.2492e-008	8.697e-008	9.042e-008	9.1939e-008	9.3103e-008	9.4473e-008	9.5683e-008	9.6659e-008	9.7128e-008	9.6366e-008	9.603e-008	9.502e-008	9.4255e-008	9.376e-008	9.3588e-008	9.366e-008	9.3138e-008	9.2596e-008	9.058e-008	8.8622e-008	8.7369e-008	8.6684e-008	8.574e-008	8.3994e-008	8.2721e-008	7.998e-008	7.7975e-008	7.6725e-008	7.5287e-008	7.4366e-008	7.2716e-008	7.1725e-008	6.9799e-008	6.6999e-008	6.5531e-008	6.4246e-008	6.3179e-008	6.2047e-008	5.9344e-008	5.7385e-008	5.5249e-008	5.3338e-008	5.231e-008	5.0768e-008	4.8526e-008	4.6334e-008	4.4798e-008	4.318e-008	4.1144e-008	3.9026e-008	3.7672e-008	3.705e-008	3.4865e-008	3.2948e-008	2.9125e-008	2.8032e-008	2.61e-008	2.5098e-008	2.2914e-008	2.1566e-008	2.0284e-008	1.8308e-008	1.6728e-008	1.5533e-008	1.3951e-008	1.2741e-008	1.1429e-008	1.0837e-008	1.0289e-008	1.0229e-008	1.0874e-008	1.0324e-008	9.9939e-009	1.0168e-008	9.9866e-009	9.7302e-009	9.8693e-009	1.0124e-008	1.0071e-008	1.0099e-008	1.0735e-008	1.0729e-008	1.1138e-008	1.1315e-008	1.2163e-008	1.3547e-008	1.4874e-008	1.9031e-008	2.1785e-008	2.5831e-008	2.982e-008	3.3684e-008	3.7972e-008	4.2494e-008	4.6293e-008	5.3264e-008	6.3074e-008	7.1592e-008	7.6485e-008	7.9395e-008	8.3357e-008	8.5995e-008	8.8392e-008	9.0206e-008	9.2828e-008	9.4464e-008	9.595e-008	9.7039e-008	9.827e-008	9.909e-008	1.0049e-007	1.0034e-007	1.0056e-007	1.0025e-007	1.0071e-007	1.023e-007	1.0237e-007	1.0123e-007	9.8989e-008	9.5098e-008	9.4308e-008	9.2993e-008	9.1292e-008	8.9723e-008	8.7464e-008	8.5352e-008	8.2508e-008	8.057e-008	7.793e-008	7.694e-008	7.5096e-008	7.4005e-008	7.3298e-008	7.1728e-008	7.0333e-008	6.933e-008	6.7613e-008	6.6049e-008	6.4139e-008	6.0958e-008	6.0128e-008	5.8591e-008	5.6759e-008	5.554e-008	5.1906e-008	5.0524e-008	4.9753e-008	4.7937e-008	4.6572e-008	4.4031e-008	4.0686e-008	3.9271e-008	3.7205e-008	3.5308e-008	3.3728e-008	3.264e-008	3.1913e-008	2.8819e-008	2.6671e-008	2.4312e-008	2.3512e-008	2.1133e-008	1.9466e-008	1.7359e-008	1.5978e-008	1.468e-008	1.3589e-008	1.2909e-008	1.2521e-008	1.2448e-008	1.2191e-008	1.1588e-008	1.1537e-008	1.1553e-008	1.1479e-008	1.1614e-008	1.1856e-008	1.1331e-008	1.1797e-008	1.1889e-008	1.2119e-008	1.2261e-008	1.2869e-008	1.3503e-008	1.4088e-008
1.0465e-009	2.2258e-009	2.9676e-009	4.6794e-009	6.1439e-009	7.8453e-009	9.547e-009	1.2115e-008	1.4593e-008	1.8455e-008	2.1368e-008	2.6247e-008	3.0224e-008	3.4251e-008	3.8043e-008	4.4156e-008	4.8999e-008	5.3101e-008	5.7673e-008	6.2302e-008	6.7888e-008	7.0476e-008	7.3882e-008	7.68e-008	8.0226e-008	8.1473e-008	8.366e-008	8.6051e-008	8.7782e-008	8.8743e-008	9.0242e-008	9.0811e-008	9.1932e-008	9.13e-008	9.0587e-008	8.9829e-008	8.8632e-008	8.6673e-008	8.5567e-008	8.394e-008	8.3172e-008	8.2126e-008	8.0665e-008	7.875e-008	7.6953e-008	7.5815e-008	7.3195e-008	6.9284e-008	6.8606e-008	6.7435e-008	6.4898e-008	6.4602e-008	6.3849e-008	6.287e-008	6.2159e-008	6.0519e-008	5.6887e-008	5.581e-008	5.3642e-008	5.1425e-008	4.8827e-008	4.6998e-008	4.5788e-008	4.4217e-008	4.2947e-008	4.1371e-008	3.9308e-008	3.6738e-008	3.526e-008	3.4029e-008	3.2547e-008	3.0838e-008	2.8592e-008	2.747e-008	2.5629e-008	2.4318e-008	2.3172e-008	2.1008e-008	1.9872e-008	1.8584e-008	1.8113e-008	1.6425e-008	1.5638e-008	1.5221e-008	1.3493e-008	1.2444e-008	1.1857e-008	1.1355e-008	1.1082e-008	1.1027e-008	9.2697e-009	8.5983e-009	8.0928e-009	7.8847e-009	7.7243e-009	7.9613e-009	8.5226e-009	8.8001e-009	8.9366e-009	9.2461e-009	9.7316e-009	1.0122e-008	1.1095e-008	1.2114e-008	1.39e-008	1.5473e-008	1.6633e-008	1.8634e-008	2.0911e-008	2.2814e-008	2.6538e-008	2.8098e-008	3.2268e-008	3.5782e-008	4.0893e-008	4.5508e-008	5.0012e-008	5.5424e-008	5.9209e-008	6.3288e-008	6.6958e-008	7.0396e-008	7.438e-008	7.8129e-008	8.1452e-008	8.3269e-008	8.5157e-008	8.7237e-008	8.9579e-008	9.0207e-008	8.9494e-008	8.9574e-008	8.9626e-008	8.9808e-008	9.0113e-008	9.0209e-008	8.9785e-008	8.8807e-008	8.7787e-008	8.6272e-008	8.386e-008	8.3261e-008	8.1997e-008	8.0148e-008	7.8635e-008	7.7728e-008	7.7239e-008	7.582e-008	7.4317e-008	7.3596e-008	7.296e-008	7.0074e-008	6.8223e-008	6.6049e-008	6.4308e-008	6.3322e-008	6.1206e-008	5.9074e-008	5.8333e-008	5.6172e-008	5.1249e-008	5.1311e-008	5.0735e-008	4.9521e-008	4.7921e-008	4.593e-008	4.3602e-008	4.0792e-008	4.0029e-008	3.6817e-008	3.4536e-008	3.2291e-008	3.1247e-008	3.0053e-008	2.8341e-008	2.5902e-008	2.3926e-008	2.166e-008	1.951e-008	1.6041e-008	1.39e-008	1.3039e-008	1.147e-008	1.0631e-008	9.5034e-009	7.1862e-009	6.1587e-009	5.3622e-009	4.5562e-009	4.2868e-009	4.1978e-009	3.9239e-009	3.9542e-009	3.7339e-009	4.1659e-009	4.1849e-009	4.135e-009	4.1571e-009	4.2528e-009	4.3199e-009	4.494e-009	4.5274e-009	4.9345e-009	5.1748e-009	5.4437e-009	6.164e-009	7.0869e-009	8.2431e-009	9.7718e-009	1.2017e-008	1.5162e-008	1.8519e-008	2.2455e-008	2.6553e-008	3.1147e-008	3.5194e-008	4.0632e-008	4.682e-008	5.3362e-008	5.8469e-008	6.2971e-008	6.809e-008	7.2101e-008	7.5818e-008	7.7133e-008	8.0623e-008	8.3074e-008	8.5506e-008	8.7732e-008	8.9699e-008	9.1166e-008	9.2753e-008	9.3826e-008	9.5186e-008	9.5965e-008	9.5657e-008	9.5015e-008	9.3985e-008	9.3166e-008	9.2414e-008	9.0724e-008	9.0214e-008	8.9175e-008	8.8995e-008	8.7523e-008	8.6765e-008	8.4515e-008	8.2527e-008	8.0322e-008	7.8663e-008	7.686e-008	7.5455e-008	7.4697e-008	7.2247e-008	7.0152e-008	6.8384e-008	6.6944e-008	6.5865e-008	6.3084e-008	6.071e-008	5.9399e-008	5.7035e-008	5.5028e-008	5.3653e-008	5.1076e-008	4.8853e-008	4.7771e-008	4.5368e-008	4.2452e-008	4.014e-008	3.8783e-008	3.7215e-008	3.6205e-008	3.4105e-008	3.2015e-008	2.9948e-008	2.8317e-008	2.6459e-008	2.4436e-008	2.3567e-008	2.2652e-008	2.056e-008	1.8975e-008	1.7691e-008	1.6437e-008	1.5441e-008	1.4437e-008	1.3136e-008	1.1959e-008	1.0797e-008	9.5122e-009	8.434e-009	8.3933e-009	8.0136e-009	7.3972e-009	7.314e-009	7.3225e-009	7.8612e-009	7.8095e-009	7.6598e-009	7.8816e-009	7.9903e-009	8.2069e-009	8.6634e-009	8.5666e-009	8.7719e-009	9.1099e-009	1.0727e-008	1.2131e-008	1.4677e-008	1.6525e-008	1.884e-008	2.184e-008	2.5148e-008	2.8597e-008	3.261e-008	3.8101e-008	4.2311e-008	4.4928e-008	4.9594e-008	5.4724e-008	6.1356e-008	6.5321e-008	6.8888e-008	7.3139e-008	7.6423e-008	7.9901e-008	8.237e-008	8.5426e-008	8.861e-008	9.0665e-008	9.2838e-008	9.3929e-008	9.6336e-008	9.6954e-008	9.7193e-008	9.6603e-008	9.5643e-008	9.4918e-008	9.4117e-008	9.3551e-008	9.3218e-008	9.3443e-008	9.2921e-008	9.2373e-008	9.1302e-008	8.9359e-008	8.7325e-008	8.5174e-008	8.4056e-008	8.2915e-008	8.2012e-008	7.9174e-008	7.6946e-008	7.5956e-008	7.5127e-008	7.4701e-008	7.2223e-008	7.0718e-008	6.9155e-008	6.7208e-008	6.5549e-008	6.4552e-008	6.2361e-008	6.0902e-008	5.8149e-008	5.5928e-008	5.3864e-008	5.2372e-008	5.1564e-008	5.0315e-008	4.8717e-008	4.5953e-008	4.4426e-008	4.2311e-008	4.0755e-008	3.8947e-008	3.6906e-008	3.57e-008	3.3283e-008	3.2155e-008	2.9376e-008	2.7608e-008	2.5472e-008	2.366e-008	2.2414e-008	2.0569e-008	1.9733e-008	1.8001e-008	1.5784e-008	1.5068e-008	1.4052e-008	1.2922e-008	1.079e-008	1.0391e-008	1.0088e-008	9.9401e-009	1.0348e-008	1.0165e-008	9.7663e-009	9.4317e-009	9.236e-009	9.2494e-009	9.0196e-009	9.499e-009	9.7139e-009	9.4186e-009	9.6581e-009	9.9464e-009	1.07e-008	1.1416e-008	1.1926e-008	1.3148e-008	1.5363e-008	1.861e-008	2.1277e-008	2.4561e-008	2.84e-008	3.2388e-008	3.7414e-008	4.1611e-008	4.5629e-008	5.3644e-008	6.3288e-008	7.1528e-008	7.5473e-008	8.0285e-008	8.223e-008	8.6024e-008	8.8706e-008	9.0493e-008	9.2631e-008	9.3988e-008	9.5406e-008	9.6288e-008	9.7671e-008	9.872e-008	1.0029e-007	1.0056e-007	1.0047e-007	1.0052e-007	1.0054e-007	1.012e-007	1.0185e-007	9.9391e-008	9.6798e-008	9.3226e-008	9.1963e-008	9.1011e-008	8.9949e-008	8.8563e-008	8.7133e-008	8.5557e-008	8.1943e-008	8.0629e-008	7.951e-008	7.6878e-008	7.5709e-008	7.3449e-008	7.2315e-008	7.1398e-008	7.0471e-008	6.9151e-008	6.7892e-008	6.6113e-008	6.474e-008	6.2585e-008	6.0372e-008	5.9448e-008	5.7287e-008	5.5818e-008	5.3167e-008	5.0297e-008	4.9528e-008	4.8172e-008	4.6047e-008	4.4757e-008	4.3387e-008	4.0878e-008	3.8378e-008	3.5276e-008	3.3488e-008	3.1901e-008	3.0112e-008	2.733e-008	2.547e-008	2.3766e-008	2.2732e-008	2.0719e-008	1.9276e-008	1.7353e-008	1.5932e-008	1.503e-008	1.3332e-008	1.2408e-008	1.1798e-008	1.147e-008	1.1194e-008	1.1177e-008	1.1206e-008	1.102e-008	1.0931e-008	1.0922e-008	1.1015e-008	1.1136e-008	1.1315e-008	1.1316e-008	1.1721e-008	1.1689e-008	1.2017e-008	1.3125e-008	1.3506e-008
1.2948e-009	1.8993e-009	2.6636e-009	4.1663e-009	5.423e-009	6.7724e-009	9.0469e-009	1.18e-008	1.3922e-008	1.8209e-008	2.0968e-008	2.4603e-008	2.8142e-008	3.3156e-008	3.8229e-008	4.3211e-008	4.684e-008	5.251e-008	5.8089e-008	6.2489e-008	6.7494e-008	7.1034e-008	7.3791e-008	7.7372e-008	7.961e-008	8.1639e-008	8.3513e-008	8.5282e-008	8.7368e-008	8.8381e-008	8.9026e-008	9.0766e-008	9.187e-008	9.1194e-008	9.0864e-008	9.0105e-008	8.9713e-008	8.679e-008	8.5229e-008	8.4586e-008	8.2857e-008	8.2146e-008	8.0713e-008	7.9465e-008	7.8209e-008	7.6588e-008	7.5501e-008	7.1207e-008	6.9252e-008	6.6883e-008	6.5101e-008	6.4491e-008	6.3726e-008	6.2744e-008	6.2095e-008	6.0104e-008	5.7439e-008	5.7001e-008	5.2991e-008	5.2069e-008	5.0127e-008	4.8632e-008	4.7372e-008	4.5539e-008	4.3083e-008	4.1199e-008	3.9262e-008	3.649e-008	3.5458e-008	3.3925e-008	3.2265e-008	3.1139e-008	2.9298e-008	2.8058e-008	2.5956e-008	2.4686e-008	2.3061e-008	2.1645e-008	2.0386e-008	1.8888e-008	1.7635e-008	1.5674e-008	1.4539e-008	1.3717e-008	1.2715e-008	1.2394e-008	1.1792e-008	1.1536e-008	9.4693e-009	9.0777e-009	8.935e-009	8.2799e-009	7.7125e-009	7.5317e-009	7.8094e-009	8.006e-009	8.1967e-009	8.1202e-009	8.7643e-009	9.0796e-009	9.2789e-009	9.9331e-009	1.0604e-008	1.1914e-008	1.3938e-008	1.5636e-008	1.7413e-008	1.8801e-008	2.0742e-008	2.3363e-008	2.7549e-008	2.9049e-008	3.2927e-008	3.6156e-008	3.9803e-008	4.6233e-008	5.0088e-008	5.6196e-008	5.9616e-008	6.2813e-008	6.6845e-008	7.0217e-008	7.3691e-008	7.8124e-008	8.0614e-008	8.3736e-008	8.5871e-008	8.8576e-008	8.9819e-008	9.0352e-008	9.032e-008	9.0449e-008	9.0386e-008	9.0307e-008	9.0573e-008	9.0002e-008	8.9074e-008	8.8026e-008	8.7563e-008	8.6846e-008	8.5179e-008	8.361e-008	8.1924e-008	8.0778e-008	7.9916e-008	7.87e-008	7.6858e-008	7.6106e-008	7.4958e-008	7.4121e-008	7.3027e-008	7.089e-008	6.9269e-008	6.7119e-008	6.5602e-008	6.4238e-008	6.2982e-008	5.9316e-008	5.8411e-008	5.7465e-008	5.399e-008	5.2899e-008	5.1023e-008	5.004e-008	4.7975e-008	4.604e-008	4.4351e-008	4.2195e-008	4.0416e-008	3.8847e-008	3.5013e-008	3.3865e-008	3.0748e-008	3.0142e-008	2.8695e-008	2.7285e-008	2.4439e-008	2.3081e-008	2.1421e-008	1.9545e-008	1.6763e-008	1.4706e-008	1.2856e-008	1.1875e-008	1.0702e-008	9.3317e-009	7.4027e-009	6.2713e-009	5.7052e-009	5.0954e-009	4.5062e-009	4.4733e-009	4.7739e-009	4.3557e-009	4.1481e-009	4.4124e-009	4.7167e-009	4.9773e-009	4.7606e-009	4.8733e-009	5.0012e-009	4.8748e-009	5.07e-009	5.4975e-009	5.7992e-009	6.542e-009	7.5088e-009	8.9228e-009	1.0336e-008	1.2155e-008	1.5679e-008	1.8127e-008	2.1639e-008	2.6673e-008	3.1205e-008	3.5537e-008	4.1333e-008	4.7424e-008	5.3649e-008	5.8013e-008	6.3914e-008	6.7444e-008	7.1355e-008	7.5784e-008	7.83e-008	8.1136e-008	8.3188e-008	8.6057e-008	8.8164e-008	9.0141e-008	9.1683e-008	9.3396e-008	9.4456e-008	9.5012e-008	9.5743e-008	9.5728e-008	9.5e-008	9.4361e-008	9.4549e-008	9.3913e-008	9.1724e-008	9.1217e-008	9.0374e-008	9.0216e-008	8.9448e-008	8.8002e-008	8.5859e-008	8.2219e-008	8.0517e-008	7.9371e-008	7.7405e-008	7.614e-008	7.5389e-008	7.3462e-008	7.2494e-008	7.0278e-008	6.7435e-008	6.5768e-008	6.4323e-008	6.2072e-008	6.1107e-008	5.8203e-008	5.683e-008	5.5223e-008	5.2128e-008	5.0092e-008	4.8936e-008	4.6173e-008	4.3516e-008	4.167e-008	4.0511e-008	3.7623e-008	3.6229e-008	3.4702e-008	3.219e-008	3.0055e-008	2.8193e-008	2.6656e-008	2.5187e-008	2.4062e-008	2.2716e-008	2.1446e-008	2.008e-008	1.8875e-008	1.8123e-008	1.5975e-008	1.5352e-008	1.4384e-008	1.2967e-008	1.1754e-008	1.1032e-008	9.8278e-009	9.171e-009	8.6391e-009	8.391e-009	8.0581e-009	7.9842e-009	8.4842e-009	8.8393e-009	8.5745e-009	8.638e-009	8.6438e-009	9.1351e-009	9.1179e-009	8.961e-009	9.5114e-009	9.6322e-009	1.1083e-008	1.3312e-008	1.4813e-008	1.7465e-008	1.9335e-008	2.1254e-008	2.3822e-008	2.8912e-008	3.171e-008	3.6199e-008	4.2226e-008	4.7027e-008	5.0173e-008	5.5098e-008	6.0176e-008	6.5731e-008	7.0067e-008	7.3832e-008	7.6831e-008	7.9791e-008	8.2539e-008	8.4865e-008	8.7853e-008	9.1109e-008	9.3278e-008	9.4509e-008	9.7496e-008	9.8816e-008	9.8649e-008	9.8246e-008	9.6916e-008	9.6343e-008	9.5624e-008	9.4561e-008	9.4184e-008	9.4316e-008	9.4109e-008	9.3479e-008	9.1446e-008	9.0029e-008	8.8233e-008	8.6431e-008	8.4498e-008	8.3035e-008	8.1907e-008	7.8746e-008	7.7355e-008	7.6527e-008	7.5578e-008	7.5261e-008	7.1862e-008	7.0035e-008	6.8643e-008	6.7546e-008	6.6343e-008	6.5565e-008	6.3833e-008	5.8754e-008	5.7546e-008	5.624e-008	5.4878e-008	5.345e-008	5.1904e-008	5.031e-008	4.8098e-008	4.6091e-008	4.4667e-008	4.246e-008	4.1237e-008	3.9825e-008	3.8507e-008	3.5943e-008	3.3844e-008	3.2706e-008	3.0817e-008	2.8129e-008	2.6703e-008	2.4994e-008	2.315e-008	2.1495e-008	2.0232e-008	1.9562e-008	1.6266e-008	1.5778e-008	1.4428e-008	1.356e-008	1.2226e-008	1.1415e-008	1.0924e-008	1.06e-008	1.0831e-008	1.0808e-008	1.0654e-008	1.0147e-008	9.7614e-009	9.7654e-009	9.5888e-009	9.8196e-009	9.9691e-009	9.6411e-009	1.0043e-008	1.0582e-008	1.1786e-008	1.2094e-008	1.2881e-008	1.3515e-008	1.6302e-008	1.8163e-008	2.2863e-008	2.5758e-008	2.9303e-008	3.377e-008	3.6851e-008	4.268e-008	4.709e-008	5.359e-008	6.4842e-008	7.2003e-008	7.7204e-008	8.1026e-008	8.4504e-008	8.7592e-008	8.9884e-008	9.1677e-008	9.3135e-008	9.4446e-008	9.5893e-008	9.7232e-008	9.8425e-008	9.9606e-008	1.0059e-007	1.0124e-007	1.0155e-007	1.0168e-007	1.0158e-007	1.0137e-007	1.0091e-007	9.8718e-008	9.5091e-008	9.4576e-008	9.3785e-008	9.2113e-008	9.0334e-008	8.8769e-008	8.719e-008	8.5944e-008	8.4045e-008	8.1908e-008	8.1126e-008	7.7832e-008	7.5501e-008	7.4314e-008	7.2439e-008	7.2242e-008	7.1433e-008	7.0434e-008	6.8479e-008	6.7184e-008	6.5562e-008	6.368e-008	6.1545e-008	6.0402e-008	5.833e-008	5.5717e-008	5.2881e-008	5.0509e-008	4.9634e-008	4.811e-008	4.6374e-008	4.5988e-008	4.4373e-008	4.1979e-008	3.9532e-008	3.505e-008	3.3912e-008	3.2246e-008	2.9316e-008	2.8393e-008	2.7001e-008	2.4847e-008	2.3571e-008	2.1878e-008	2.0514e-008	1.9163e-008	1.724e-008	1.5978e-008	1.4745e-008	1.3514e-008	1.2272e-008	1.1833e-008	1.1852e-008	1.207e-008	1.1965e-008	1.1988e-008	1.1577e-008	1.2008e-008	1.1611e-008	1.2013e-008	1.2204e-008	1.2262e-008	1.2537e-008	1.2765e-008	1.2683e-008	1.3412e-008	1.387e-008
1.9e-009	1.9854e-009	2.415e-009	3.1037e-009	4.4879e-009	6.5956e-009	9.4895e-009	1.1926e-008	1.5386e-008	1.8461e-008	2.0309e-008	2.4452e-008	2.9289e-008	3.4182e-008	3.9001e-008	4.3993e-008	4.9373e-008	5.4579e-008	5.9189e-008	6.3612e-008	6.8261e-008	7.2173e-008	7.5229e-008	7.7907e-008	7.9669e-008	8.1286e-008	8.3574e-008	8.5484e-008	8.7433e-008	8.8415e-008	8.8922e-008	8.9449e-008	9.0807e-008	9.1107e-008	9.1296e-008	9.0258e-008	9.0292e-008	8.7955e-008	8.5726e-008	8.4991e-008	8.3301e-008	8.2213e-008	8.146e-008	8.0289e-008	7.8621e-008	7.735e-008	7.6564e-008	7.4749e-008	7.0079e-008	6.6793e-008	6.5852e-008	6.4782e-008	6.4151e-008	6.3626e-008	6.2266e-008	5.9649e-008	5.823e-008	5.6179e-008	5.3479e-008	5.2244e-008	5.0588e-008	4.8612e-008	4.7129e-008	4.6449e-008	4.4641e-008	4.1503e-008	3.9606e-008	3.7068e-008	3.589e-008	3.4921e-008	3.2786e-008	3.1382e-008	3.0021e-008	2.8075e-008	2.645e-008	2.525e-008	2.3391e-008	2.1955e-008	2.0454e-008	1.914e-008	1.7251e-008	1.6131e-008	1.4544e-008	1.3426e-008	1.2412e-008	1.1275e-008	9.9266e-009	9.5017e-009	9.0037e-009	8.3394e-009	7.878e-009	7.905e-009	7.3904e-009	7.884e-009	7.5396e-009	7.0508e-009	7.7587e-009	7.7436e-009	7.9279e-009	8.5591e-009	8.9581e-009	9.7306e-009	1.024e-008	1.1353e-008	1.3453e-008	1.5416e-008	1.7505e-008	1.8803e-008	2.2056e-008	2.3802e-008	2.7584e-008	2.9725e-008	3.3749e-008	3.7094e-008	4.1184e-008	4.7555e-008	5.2304e-008	5.6189e-008	6.0966e-008	6.407e-008	6.7298e-008	7.1364e-008	7.5365e-008	7.8745e-008	8.2268e-008	8.5042e-008	8.7145e-008	8.8958e-008	9.0135e-008	9.0759e-008	9.1183e-008	9.1318e-008	9.1323e-008	9.1216e-008	9.1419e-008	9.1029e-008	8.9649e-008	8.8637e-008	8.7549e-008	8.7222e-008	8.5785e-008	8.4193e-008	8.3049e-008	8.1687e-008	8.0795e-008	7.9877e-008	7.829e-008	7.6892e-008	7.5414e-008	7.4565e-008	7.2959e-008	7.1279e-008	6.8662e-008	6.7348e-008	6.5708e-008	6.4613e-008	6.2795e-008	6.0251e-008	5.8396e-008	5.7413e-008	5.5516e-008	5.2809e-008	5.0945e-008	4.8824e-008	4.7453e-008	4.5916e-008	4.4333e-008	4.3128e-008	4.0716e-008	3.9282e-008	3.6943e-008	3.4729e-008	3.2409e-008	3.0571e-008	2.8843e-008	2.7738e-008	2.6258e-008	2.3653e-008	2.1854e-008	1.9791e-008	1.7585e-008	1.5824e-008	1.3721e-008	1.2268e-008	1.0857e-008	9.6571e-009	7.4373e-009	7.309e-009	6.128e-009	5.6853e-009	4.8606e-009	5.1871e-009	5.3564e-009	5.0256e-009	4.6099e-009	4.6802e-009	4.9311e-009	5.5101e-009	5.4049e-009	4.9143e-009	5.2213e-009	5.4709e-009	5.3611e-009	5.8864e-009	6.2004e-009	6.6762e-009	7.5581e-009	9.0936e-009	1.0321e-008	1.2499e-008	1.5242e-008	1.7878e-008	2.1188e-008	2.6446e-008	3.1816e-008	3.5059e-008	3.9181e-008	4.6019e-008	5.1642e-008	5.5971e-008	6.4445e-008	6.8779e-008	7.1338e-008	7.5432e-008	7.8006e-008	8.1586e-008	8.3385e-008	8.6531e-008	8.8936e-008	9.0777e-008	9.2091e-008	9.3727e-008	9.4627e-008	9.531e-008	9.5463e-008	9.5572e-008	9.5179e-008	9.5082e-008	9.5296e-008	9.5033e-008	9.234e-008	9.1781e-008	9.1088e-008	9.066e-008	9.0425e-008	8.8574e-008	8.5125e-008	8.2013e-008	8.0769e-008	7.9217e-008	7.7586e-008	7.6233e-008	7.5399e-008	7.4e-008	7.2646e-008	7.1396e-008	6.8412e-008	6.5856e-008	6.4831e-008	6.2866e-008	6.1529e-008	5.8756e-008	5.7446e-008	5.5974e-008	5.3154e-008	5.0107e-008	4.9165e-008	4.6341e-008	4.4291e-008	4.2367e-008	3.899e-008	3.7081e-008	3.5446e-008	3.398e-008	3.161e-008	3.0531e-008	2.8461e-008	2.7134e-008	2.4876e-008	2.3735e-008	2.2769e-008	2.1642e-008	2.0619e-008	1.9645e-008	1.8208e-008	1.6983e-008	1.5631e-008	1.486e-008	1.3735e-008	1.2729e-008	1.1156e-008	1.0256e-008	9.6892e-009	9.1111e-009	8.8625e-009	8.8179e-009	8.1499e-009	8.6575e-009	8.9941e-009	8.8767e-009	8.8665e-009	8.7603e-009	8.7993e-009	9.089e-009	9.0564e-009	9.6314e-009	9.7811e-009	1.1197e-008	1.314e-008	1.4979e-008	1.777e-008	1.9375e-008	2.1337e-008	2.4057e-008	2.8352e-008	3.3053e-008	3.7094e-008	4.1957e-008	4.6181e-008	5.1085e-008	5.5442e-008	6.0685e-008	6.6126e-008	7.0357e-008	7.4551e-008	7.7745e-008	8.0485e-008	8.2484e-008	8.5842e-008	8.8544e-008	9.0771e-008	9.3421e-008	9.5861e-008	9.9244e-008	9.948e-008	9.936e-008	9.9066e-008	9.7723e-008	9.6574e-008	9.6117e-008	9.5103e-008	9.4323e-008	9.4812e-008	9.4597e-008	9.3552e-008	9.191e-008	9.0572e-008	8.8486e-008	8.6417e-008	8.4402e-008	8.3368e-008	8.1889e-008	7.9467e-008	7.7919e-008	7.6022e-008	7.4583e-008	7.3494e-008	7.1651e-008	6.9886e-008	6.8811e-008	6.784e-008	6.6439e-008	6.5139e-008	6.2525e-008	5.985e-008	5.7764e-008	5.557e-008	5.443e-008	5.3657e-008	5.1335e-008	4.9562e-008	4.6611e-008	4.4904e-008	4.4225e-008	4.2212e-008	4.0629e-008	3.937e-008	3.754e-008	3.6255e-008	3.4066e-008	3.1494e-008	3.0489e-008	2.7717e-008	2.6508e-008	2.5307e-008	2.3703e-008	2.2424e-008	2.0565e-008	1.9119e-008	1.7202e-008	1.6332e-008	1.4742e-008	1.3096e-008	1.2547e-008	1.1681e-008	1.0983e-008	1.0551e-008	1.0654e-008	1.079e-008	1.0605e-008	1.0001e-008	9.6375e-009	9.6606e-009	9.6978e-009	1.0367e-008	1.0228e-008	1.0202e-008	1.0553e-008	1.0675e-008	1.1685e-008	1.21e-008	1.2805e-008	1.3909e-008	1.67e-008	1.9005e-008	2.3135e-008	2.5726e-008	2.9838e-008	3.4269e-008	3.937e-008	4.4511e-008	4.8536e-008	5.5168e-008	6.4099e-008	7.1698e-008	7.7826e-008	8.1723e-008	8.487e-008	8.8479e-008	9.0336e-008	9.201e-008	9.3459e-008	9.4644e-008	9.6301e-008	9.7996e-008	9.8964e-008	9.9901e-008	1.0051e-007	1.0148e-007	1.0186e-007	1.0209e-007	1.0231e-007	1.0068e-007	9.9674e-008	9.797e-008	9.5933e-008	9.5247e-008	9.3405e-008	9.208e-008	8.9793e-008	8.8011e-008	8.6473e-008	8.5848e-008	8.4985e-008	8.3246e-008	8.1562e-008	7.9547e-008	7.5613e-008	7.5378e-008	7.3198e-008	7.2258e-008	7.1375e-008	7.0312e-008	6.8704e-008	6.7309e-008	6.5692e-008	6.444e-008	6.2027e-008	5.9911e-008	5.7401e-008	5.5975e-008	5.3188e-008	4.9985e-008	4.961e-008	4.8696e-008	4.723e-008	4.5914e-008	4.2872e-008	4.0518e-008	3.9282e-008	3.6276e-008	3.4162e-008	3.2299e-008	3.079e-008	2.8656e-008	2.6896e-008	2.5349e-008	2.3703e-008	2.1948e-008	2.0662e-008	1.8946e-008	1.7593e-008	1.555e-008	1.4693e-008	1.3681e-008	1.2231e-008	1.1963e-008	1.1804e-008	1.1897e-008	1.1519e-008	1.1624e-008	1.1658e-008	1.1732e-008	1.1429e-008	1.1609e-008	1.195e-008	1.2156e-008	1.2389e-008	1.2162e-008	1.2424e-008	1.3009e-008	1.3536e-008
7.9741e-010	1.2823e-009	2.02e-009	2.595e-009	3.9102e-009	5.649e-009	8.1929e-009	1.1084e-008	1.3841e-008	1.7775e-008	1.9603e-008	2.2985e-008	2.7783e-008	3.3324e-008	3.8502e-008	4.3599e-008	4.8768e-008	5.3343e-008	5.7875e-008	6.3187e-008	6.7312e-008	7.0755e-008	7.387e-008	7.6521e-008	7.8755e-008	8.0483e-008	8.2496e-008	8.4738e-008	8.5841e-008	8.9184e-008	8.9264e-008	8.9352e-008	8.9629e-008	9.0517e-008	9.121e-008	9.0433e-008	8.9534e-008	8.7916e-008	8.6173e-008	8.4185e-008	8.3197e-008	8.188e-008	8.1096e-008	8.055e-008	7.897e-008	7.7036e-008	7.5724e-008	7.2871e-008	7.069e-008	6.67e-008	6.5555e-008	6.4618e-008	6.3714e-008	6.222e-008	6.0667e-008	5.9325e-008	5.7484e-008	5.5423e-008	5.3449e-008	5.1852e-008	5.0257e-008	4.8426e-008	4.6429e-008	4.5454e-008	4.306e-008	4.0914e-008	3.9658e-008	3.7993e-008	3.5999e-008	3.4323e-008	3.2572e-008	3.1237e-008	2.9247e-008	2.7432e-008	2.6023e-008	2.4691e-008	2.2845e-008	2.1313e-008	1.942e-008	1.8006e-008	1.6957e-008	1.5341e-008	1.382e-008	1.2505e-008	1.126e-008	9.8682e-009	8.8115e-009	8.576e-009	8.2921e-009	7.5219e-009	6.6893e-009	6.0714e-009	6.2945e-009	6.501e-009	5.8119e-009	5.5238e-009	6.0889e-009	6.7738e-009	6.5053e-009	6.6921e-009	7.5505e-009	8.4362e-009	9.1897e-009	1.0901e-008	1.2356e-008	1.3382e-008	1.6427e-008	1.8265e-008	2.1223e-008	2.3303e-008	2.6129e-008	2.9078e-008	3.293e-008	3.5792e-008	4.101e-008	4.6093e-008	5.1642e-008	5.5204e-008	5.9968e-008	6.3028e-008	6.6394e-008	7.0289e-008	7.4287e-008	7.8036e-008	8.1787e-008	8.4439e-008	8.6167e-008	8.8053e-008	8.991e-008	9.021e-008	9.0589e-008	9.1081e-008	9.0927e-008	9.0948e-008	9.1062e-008	9.1372e-008	8.9932e-008	8.8421e-008	8.7522e-008	8.745e-008	8.5607e-008	8.3897e-008	8.3107e-008	8.1837e-008	8.0543e-008	7.8725e-008	7.7761e-008	7.6949e-008	7.5349e-008	7.4316e-008	7.2838e-008	7.1225e-008	6.8314e-008	6.6381e-008	6.5297e-008	6.3935e-008	6.2283e-008	6.0281e-008	5.8511e-008	5.7233e-008	5.6107e-008	5.3603e-008	5.1531e-008	4.9156e-008	4.7156e-008	4.6331e-008	4.4701e-008	4.3136e-008	4.079e-008	3.9871e-008	3.7521e-008	3.4251e-008	3.2309e-008	3.1265e-008	2.9102e-008	2.6542e-008	2.5671e-008	2.4396e-008	2.1925e-008	2.0388e-008	1.8041e-008	1.6496e-008	1.5034e-008	1.2467e-008	1.1223e-008	9.9689e-009	8.828e-009	7.3358e-009	6.5495e-009	5.7778e-009	5.1623e-009	4.4928e-009	4.7455e-009	4.7138e-009	4.4642e-009	4.1799e-009	4.4014e-009	4.7972e-009	4.7831e-009	4.6395e-009	4.9607e-009	4.9564e-009	5.0491e-009	5.1446e-009	5.6446e-009	6.3734e-009	7.0399e-009	8.256e-009	9.589e-009	1.0961e-008	1.3512e-008	1.6275e-008	1.9586e-008	2.4781e-008	2.9588e-008	3.3445e-008	3.8105e-008	4.4531e-008	5.0518e-008	5.4863e-008	5.8694e-008	6.6036e-008	7.0018e-008	7.3122e-008	7.6087e-008	8.0098e-008	8.2454e-008	8.5274e-008	8.8033e-008	9.0834e-008	9.2739e-008	9.4533e-008	9.5785e-008	9.5921e-008	9.6001e-008	9.5364e-008	9.4944e-008	9.4545e-008	9.5017e-008	9.4521e-008	9.3734e-008	9.1733e-008	9.0837e-008	9.0432e-008	8.9844e-008	8.6928e-008	8.4049e-008	8.2074e-008	8.0592e-008	7.917e-008	7.7594e-008	7.539e-008	7.4191e-008	7.3612e-008	7.1845e-008	7.1073e-008	6.8351e-008	6.5523e-008	6.4087e-008	6.2006e-008	5.9883e-008	5.8846e-008	5.7212e-008	5.5332e-008	5.3654e-008	5.1206e-008	4.9065e-008	4.6553e-008	4.3801e-008	4.1149e-008	3.8476e-008	3.6302e-008	3.454e-008	3.2958e-008	3.1734e-008	3.0442e-008	2.8666e-008	2.7308e-008	2.5487e-008	2.3683e-008	2.2447e-008	2.1503e-008	2.0159e-008	1.9117e-008	1.8623e-008	1.7656e-008	1.6102e-008	1.5147e-008	1.3355e-008	1.2489e-008	1.1013e-008	9.9741e-009	9.2967e-009	8.7514e-009	8.9026e-009	8.9836e-009	8.3146e-009	8.1663e-009	8.5399e-009	8.2441e-009	8.1831e-009	8.2561e-009	8.4825e-009	8.7229e-009	8.4868e-009	8.8787e-009	9.3474e-009	1.0268e-008	1.2032e-008	1.4558e-008	1.6819e-008	1.8372e-008	2.0232e-008	2.3245e-008	2.6481e-008	3.0277e-008	3.5969e-008	4.0576e-008	4.4378e-008	4.8398e-008	5.3504e-008	5.8708e-008	6.4952e-008	6.9759e-008	7.3532e-008	7.7241e-008	8.0005e-008	8.1673e-008	8.3147e-008	8.7091e-008	8.9478e-008	9.2521e-008	9.4031e-008	9.8454e-008	9.9418e-008	9.8817e-008	9.8193e-008	9.7446e-008	9.5972e-008	9.5746e-008	9.453e-008	9.374e-008	9.383e-008	9.3905e-008	9.2715e-008	9.1424e-008	8.9737e-008	8.8184e-008	8.5316e-008	8.3909e-008	8.2927e-008	8.2001e-008	7.965e-008	7.7347e-008	7.5326e-008	7.3626e-008	7.2299e-008	7.0389e-008	6.9275e-008	6.8437e-008	6.6764e-008	6.546e-008	6.4058e-008	6.1478e-008	5.7975e-008	5.7258e-008	5.5422e-008	5.4296e-008	5.304e-008	4.9947e-008	4.8482e-008	4.6023e-008	4.4971e-008	4.3328e-008	4.1181e-008	3.9514e-008	3.8177e-008	3.6323e-008	3.4978e-008	3.3511e-008	3.1008e-008	2.9438e-008	2.7798e-008	2.6376e-008	2.4536e-008	2.3336e-008	2.2131e-008	2.0398e-008	1.9088e-008	1.6801e-008	1.5705e-008	1.3958e-008	1.2974e-008	1.2007e-008	1.09e-008	1.0421e-008	1.0043e-008	9.8926e-009	1.0462e-008	1.0106e-008	9.7386e-009	9.1438e-009	8.7098e-009	9.0333e-009	1.0101e-008	1.0112e-008	1.0307e-008	1.0256e-008	1.0606e-008	1.1657e-008	1.1895e-008	1.1985e-008	1.4181e-008	1.6902e-008	1.8932e-008	2.2268e-008	2.52e-008	2.9441e-008	3.4988e-008	4.0058e-008	4.4453e-008	4.723e-008	5.2382e-008	6.4908e-008	6.905e-008	7.6086e-008	8.0632e-008	8.3922e-008	8.7537e-008	8.8707e-008	9.1494e-008	9.2969e-008	9.4367e-008	9.5951e-008	9.7938e-008	9.9129e-008	9.96e-008	1.0006e-007	1.0079e-007	1.0134e-007	1.0189e-007	1.018e-007	1.0011e-007	9.8177e-008	9.6738e-008	9.5697e-008	9.5445e-008	9.3737e-008	9.1765e-008	8.9179e-008	8.7071e-008	8.5828e-008	8.4998e-008	8.4154e-008	8.3388e-008	8.1795e-008	8.0347e-008	7.6933e-008	7.4144e-008	7.2689e-008	7.1599e-008	7.0574e-008	6.9576e-008	6.7887e-008	6.7034e-008	6.49e-008	6.3479e-008	6.1876e-008	5.7881e-008	5.6869e-008	5.5729e-008	5.4008e-008	5.119e-008	4.8959e-008	4.8163e-008	4.7256e-008	4.5378e-008	4.1041e-008	3.919e-008	3.8386e-008	3.5695e-008	3.3445e-008	3.2339e-008	3.0796e-008	2.799e-008	2.6184e-008	2.5102e-008	2.3484e-008	2.1508e-008	1.9925e-008	1.7888e-008	1.6352e-008	1.5576e-008	1.4329e-008	1.3451e-008	1.2328e-008	1.1655e-008	1.1852e-008	1.1498e-008	1.1322e-008	1.1466e-008	1.1475e-008	1.1567e-008	1.1269e-008	1.114e-008	1.1505e-008	1.191e-008	1.2134e-008	1.2127e-008	1.2414e-008	1.2798e-008	1.3103e-008
5.9979e-010	1.2918e-009	1.8849e-009	2.657e-009	3.3421e-009	5.2588e-009	7.6205e-009	1.097e-008	1.3912e-008	1.7105e-008	1.8925e-008	2.1833e-008	2.7454e-008	3.4178e-008	3.8876e-008	4.3544e-008	4.9204e-008	5.35e-008	5.8279e-008	6.3705e-008	6.7924e-008	7.1325e-008	7.4463e-008	7.7043e-008	7.8527e-008	7.9943e-008	8.2639e-008	8.4767e-008	8.6873e-008	8.981e-008	9.078e-008	9.1055e-008	9.0405e-008	9.0598e-008	9.0908e-008	9.0689e-008	8.9588e-008	8.8336e-008	8.626e-008	8.3168e-008	8.2659e-008	8.1781e-008	8.1329e-008	8.061e-008	7.8344e-008	7.6821e-008	7.5107e-008	7.3106e-008	6.9774e-008	6.8256e-008	6.5277e-008	6.4909e-008	6.4693e-008	6.3113e-008	6.0565e-008	5.7964e-008	5.7089e-008	5.5353e-008	5.3775e-008	4.993e-008	4.8803e-008	4.6975e-008	4.5969e-008	4.4379e-008	4.2012e-008	4.0257e-008	3.934e-008	3.7726e-008	3.6115e-008	3.4591e-008	3.2754e-008	3.0505e-008	2.909e-008	2.7116e-008	2.6203e-008	2.4275e-008	2.2044e-008	2.0942e-008	1.901e-008	1.7865e-008	1.6661e-008	1.4086e-008	1.3299e-008	1.1773e-008	1.0554e-008	9.9189e-009	8.4362e-009	7.7299e-009	6.9923e-009	6.4579e-009	6.2044e-009	5.6686e-009	5.5592e-009	5.2207e-009	4.624e-009	4.9513e-009	5.1023e-009	5.7621e-009	6.0632e-009	6.2478e-009	7.0141e-009	7.6907e-009	8.6511e-009	9.9046e-009	1.1051e-008	1.3603e-008	1.5504e-008	1.7831e-008	2.0516e-008	2.3366e-008	2.5863e-008	2.9205e-008	3.3209e-008	3.6992e-008	4.0405e-008	4.5072e-008	4.9474e-008	5.6804e-008	6.0329e-008	6.3522e-008	6.7525e-008	7.0828e-008	7.6118e-008	8.0397e-008	8.2357e-008	8.5178e-008	8.6277e-008	8.7364e-008	9.0195e-008	9.0586e-008	9.1029e-008	9.1539e-008	9.2191e-008	9.2923e-008	9.272e-008	9.1864e-008	9.0723e-008	8.9644e-008	8.8773e-008	8.8253e-008	8.8343e-008	8.753e-008	8.3409e-008	8.2668e-008	8.1289e-008	8.0876e-008	7.9542e-008	7.7753e-008	7.5171e-008	7.3543e-008	7.1932e-008	7.0243e-008	6.9315e-008	6.7532e-008	6.5475e-008	6.3521e-008	6.2477e-008	6.0024e-008	5.8205e-008	5.7233e-008	5.6461e-008	5.3608e-008	5.1048e-008	4.9354e-008	4.7647e-008	4.5936e-008	4.5149e-008	4.3772e-008	4.1971e-008	4.0521e-008	3.8575e-008	3.494e-008	3.2975e-008	3.1806e-008	3.0546e-008	2.8547e-008	2.6151e-008	2.5566e-008	2.2033e-008	2.0518e-008	1.8587e-008	1.6774e-008	1.5299e-008	1.3174e-008	1.1387e-008	1.0163e-008	9.1621e-009	7.974e-009	6.4513e-009	5.7835e-009	5.2645e-009	4.7077e-009	5.2244e-009	4.8004e-009	4.5145e-009	4.2124e-009	4.0221e-009	4.8732e-009	4.8199e-009	4.8279e-009	4.9866e-009	5.1636e-009	5.3949e-009	5.992e-009	6.5322e-009	6.5452e-009	7.1373e-009	8.0198e-009	9.3117e-009	1.1023e-008	1.3624e-008	1.5819e-008	1.8371e-008	2.3354e-008	2.8502e-008	3.2453e-008	3.6776e-008	4.4494e-008	5.0733e-008	5.4818e-008	6.0187e-008	6.5471e-008	6.9355e-008	7.2712e-008	7.6418e-008	7.9849e-008	8.2465e-008	8.6454e-008	8.9349e-008	9.1383e-008	9.3008e-008	9.641e-008	9.6622e-008	9.7394e-008	9.6015e-008	9.534e-008	9.5385e-008	9.5178e-008	9.5344e-008	9.6107e-008	9.5705e-008	9.3666e-008	9.1063e-008	9.0262e-008	8.8436e-008	8.6488e-008	8.4723e-008	8.2194e-008	8.0746e-008	7.9007e-008	7.782e-008	7.4324e-008	7.3443e-008	7.278e-008	7.1983e-008	7.1055e-008	6.7906e-008	6.5642e-008	6.3527e-008	6.1839e-008	6.0327e-008	5.9135e-008	5.6885e-008	5.4807e-008	5.2907e-008	5.0954e-008	4.7834e-008	4.6061e-008	4.3826e-008	4.1503e-008	3.8608e-008	3.6218e-008	3.5118e-008	3.2819e-008	3.2008e-008	3.0757e-008	2.9001e-008	2.7505e-008	2.5804e-008	2.3777e-008	2.2962e-008	2.118e-008	2.0683e-008	1.9418e-008	1.8892e-008	1.8021e-008	1.6382e-008	1.5207e-008	1.3301e-008	1.2275e-008	1.0933e-008	1.0273e-008	9.7689e-009	9.1915e-009	9.5538e-009	9.2319e-009	8.5041e-009	7.8378e-009	8.0238e-009	8.3961e-009	8.6762e-009	8.327e-009	8.3671e-009	8.6245e-009	8.8313e-009	9.1971e-009	9.9313e-009	1.0594e-008	1.2423e-008	1.476e-008	1.7042e-008	1.8074e-008	2.1585e-008	2.3229e-008	2.7766e-008	3.1083e-008	3.644e-008	4.1531e-008	4.5525e-008	4.947e-008	5.4038e-008	5.8932e-008	6.1983e-008	6.9525e-008	7.4516e-008	7.7037e-008	7.9839e-008	8.2293e-008	8.4306e-008	8.6659e-008	8.9491e-008	9.2741e-008	9.451e-008	9.8029e-008	9.9307e-008	9.8458e-008	9.7781e-008	9.716e-008	9.6429e-008	9.5852e-008	9.506e-008	9.321e-008	9.2983e-008	9.2825e-008	9.1728e-008	9.1041e-008	8.9462e-008	8.7637e-008	8.5119e-008	8.4105e-008	8.3152e-008	8.2144e-008	7.9704e-008	7.7395e-008	7.4682e-008	7.3465e-008	7.1103e-008	7.0357e-008	6.8946e-008	6.8311e-008	6.6516e-008	6.4738e-008	6.3954e-008	6.1921e-008	5.8744e-008	5.7624e-008	5.6176e-008	5.561e-008	5.4069e-008	5.2196e-008	4.9029e-008	4.6902e-008	4.4838e-008	4.288e-008	4.1257e-008	4.0029e-008	3.7855e-008	3.6209e-008	3.5137e-008	3.2913e-008	3.0741e-008	2.928e-008	2.8029e-008	2.6131e-008	2.4288e-008	2.3288e-008	2.1727e-008	2.0103e-008	1.8582e-008	1.6605e-008	1.5515e-008	1.441e-008	1.3253e-008	1.1287e-008	1.0713e-008	1.0455e-008	1.0155e-008	9.8946e-009	1.0428e-008	1.0384e-008	1.0078e-008	9.7015e-009	9.3287e-009	9.5825e-009	9.8846e-009	1.0429e-008	1.044e-008	1.0371e-008	1.086e-008	1.1682e-008	1.2252e-008	1.2768e-008	1.4911e-008	1.7054e-008	1.9878e-008	2.2902e-008	2.6642e-008	3.1133e-008	3.6468e-008	4.0817e-008	4.4925e-008	4.8175e-008	5.3204e-008	6.5201e-008	6.941e-008	7.5238e-008	7.9504e-008	8.3643e-008	8.6925e-008	8.865e-008	9.1121e-008	9.3202e-008	9.4735e-008	9.6665e-008	9.8177e-008	9.9328e-008	9.9735e-008	9.9816e-008	1.0078e-007	1.0117e-007	1.0153e-007	1.0153e-007	9.9478e-008	9.7766e-008	9.6809e-008	9.5878e-008	9.5846e-008	9.4087e-008	9.0897e-008	8.8876e-008	8.6813e-008	8.5319e-008	8.4745e-008	8.4202e-008	8.3187e-008	8.1581e-008	7.9323e-008	7.6669e-008	7.4335e-008	7.2347e-008	7.1135e-008	7.0183e-008	6.8718e-008	6.7784e-008	6.6855e-008	6.5705e-008	6.4447e-008	6.2418e-008	5.8002e-008	5.6888e-008	5.5639e-008	5.3983e-008	5.1892e-008	4.946e-008	4.7919e-008	4.6773e-008	4.3931e-008	4.1586e-008	3.9194e-008	3.8005e-008	3.6106e-008	3.4818e-008	3.2442e-008	3.0299e-008	2.8013e-008	2.6822e-008	2.4707e-008	2.2934e-008	2.1009e-008	1.938e-008	1.7532e-008	1.6622e-008	1.5164e-008	1.4329e-008	1.3553e-008	1.1939e-008	1.1386e-008	1.1664e-008	1.1822e-008	1.176e-008	1.1503e-008	1.1531e-008	1.1692e-008	1.1285e-008	1.1129e-008	1.1479e-008	1.195e-008	1.2178e-008	1.2165e-008	1.2454e-008	1.2703e-008	1.2979e-008
9.2615e-010	1.2994e-009	1.982e-009	2.2066e-009	2.9201e-009	4.5721e-009	6.0684e-009	1.0007e-008	1.3011e-008	1.5988e-008	1.7974e-008	2.1338e-008	2.6079e-008	3.3372e-008	3.8219e-008	4.2971e-008	4.9342e-008	5.3265e-008	5.8276e-008	6.2786e-008	6.7946e-008	7.1826e-008	7.4625e-008	7.6859e-008	7.8563e-008	7.9847e-008	8.2102e-008	8.4625e-008	8.7057e-008	8.9666e-008	9.0594e-008	9.1486e-008	9.1163e-008	9.104e-008	9.0944e-008	9.0789e-008	8.9249e-008	8.8006e-008	8.7767e-008	8.5809e-008	8.3142e-008	8.2275e-008	8.1585e-008	8.0041e-008	7.8241e-008	7.5685e-008	7.442e-008	7.1737e-008	6.966e-008	6.8357e-008	6.6791e-008	6.5644e-008	6.4826e-008	6.4271e-008	6.2544e-008	6.0211e-008	5.6643e-008	5.5679e-008	5.4588e-008	5.1949e-008	4.9617e-008	4.8035e-008	4.5565e-008	4.3318e-008	4.1587e-008	4.0056e-008	3.9011e-008	3.7278e-008	3.5542e-008	3.4123e-008	3.279e-008	3.0106e-008	2.8551e-008	2.6646e-008	2.5335e-008	2.3792e-008	2.1877e-008	2.0235e-008	1.8344e-008	1.695e-008	1.6001e-008	1.3539e-008	1.2529e-008	1.0985e-008	9.4024e-009	8.8039e-009	7.7983e-009	6.7455e-009	5.9274e-009	5.3446e-009	5.1406e-009	4.9091e-009	4.4207e-009	3.8888e-009	3.6794e-009	3.5746e-009	3.9469e-009	4.2785e-009	5.2625e-009	5.492e-009	5.9041e-009	6.6015e-009	7.7106e-009	9.1958e-009	1.0424e-008	1.2584e-008	1.5294e-008	1.7641e-008	2.0395e-008	2.3361e-008	2.6e-008	2.91e-008	3.3158e-008	3.6587e-008	4.0409e-008	4.452e-008	4.8931e-008	5.3858e-008	6.0254e-008	6.3941e-008	6.7366e-008	7.1701e-008	7.6648e-008	8.0359e-008	8.3484e-008	8.5091e-008	8.6126e-008	8.7693e-008	8.9793e-008	9.0832e-008	9.151e-008	9.2043e-008	9.253e-008	9.373e-008	9.3878e-008	9.3083e-008	9.2335e-008	9.1464e-008	8.9284e-008	8.8337e-008	8.8621e-008	8.7948e-008	8.5992e-008	8.3821e-008	8.2333e-008	8.078e-008	7.9372e-008	7.8364e-008	7.5914e-008	7.4108e-008	7.1285e-008	7.0312e-008	6.9515e-008	6.8818e-008	6.7466e-008	6.4557e-008	6.2633e-008	5.9753e-008	5.8528e-008	5.7428e-008	5.5629e-008	5.3733e-008	5.1284e-008	4.9557e-008	4.748e-008	4.6163e-008	4.5613e-008	4.3706e-008	4.2068e-008	4.0589e-008	3.7781e-008	3.3948e-008	3.2823e-008	3.1946e-008	3.0994e-008	2.8676e-008	2.7092e-008	2.5701e-008	2.2729e-008	2.0925e-008	1.9394e-008	1.6649e-008	1.4145e-008	1.2339e-008	1.1239e-008	1.0354e-008	1.0026e-008	8.3657e-009	6.8686e-009	5.5168e-009	5.0588e-009	4.8133e-009	4.8154e-009	4.2531e-009	4.0018e-009	4.3508e-009	4.7581e-009	4.8181e-009	4.6877e-009	4.6393e-009	4.8739e-009	5.0743e-009	5.3325e-009	5.7879e-009	6.1775e-009	6.0319e-009	6.8007e-009	7.8101e-009	8.8076e-009	1.0787e-008	1.2532e-008	1.5773e-008	1.7629e-008	2.1153e-008	2.7217e-008	3.2265e-008	3.6637e-008	4.4155e-008	5.0887e-008	5.669e-008	6.0754e-008	6.5432e-008	6.9839e-008	7.3447e-008	7.6685e-008	7.9732e-008	8.2558e-008	8.6519e-008	8.9673e-008	9.1111e-008	9.3429e-008	9.6692e-008	9.698e-008	9.7982e-008	9.8959e-008	9.6651e-008	9.6427e-008	9.5401e-008	9.563e-008	9.6045e-008	9.5889e-008	9.4154e-008	9.2096e-008	8.9815e-008	8.8263e-008	8.6494e-008	8.4282e-008	8.1171e-008	7.915e-008	7.8286e-008	7.7532e-008	7.5624e-008	7.2888e-008	7.164e-008	7.0738e-008	6.9643e-008	6.6351e-008	6.511e-008	6.3659e-008	6.2073e-008	6.0369e-008	5.8729e-008	5.6452e-008	5.4468e-008	5.1503e-008	4.9826e-008	4.8306e-008	4.644e-008	4.397e-008	4.1189e-008	3.9245e-008	3.7104e-008	3.4835e-008	3.2816e-008	3.1569e-008	3.051e-008	2.8609e-008	2.6505e-008	2.5374e-008	2.4004e-008	2.3334e-008	2.197e-008	2.1271e-008	1.8988e-008	1.8522e-008	1.7628e-008	1.6053e-008	1.539e-008	1.3213e-008	1.2315e-008	1.0955e-008	1.0071e-008	9.5624e-009	9.0366e-009	9.2351e-009	8.773e-009	8.7061e-009	8.1514e-009	8.0112e-009	8.4525e-009	8.6509e-009	8.4102e-009	8.1258e-009	8.5617e-009	9.0271e-009	9.7145e-009	1.0281e-008	1.1099e-008	1.2387e-008	1.39e-008	1.5906e-008	1.799e-008	2.1404e-008	2.3475e-008	2.6359e-008	3.1294e-008	3.5588e-008	4.0665e-008	4.4993e-008	4.8235e-008	5.3451e-008	5.7195e-008	6.2055e-008	6.7858e-008	7.4127e-008	7.6588e-008	7.9498e-008	8.2443e-008	8.4272e-008	8.6225e-008	8.8924e-008	9.2045e-008	9.3957e-008	9.555e-008	9.7535e-008	9.7486e-008	9.7138e-008	9.6733e-008	9.6477e-008	9.5603e-008	9.4963e-008	9.2676e-008	9.2147e-008	9.0958e-008	9.0195e-008	8.9744e-008	8.84e-008	8.748e-008	8.6307e-008	8.5123e-008	8.2943e-008	8.1801e-008	7.8983e-008	7.8294e-008	7.3967e-008	7.252e-008	7.1121e-008	7.0027e-008	6.9228e-008	6.7544e-008	6.6063e-008	6.4757e-008	6.3546e-008	6.1835e-008	6.0711e-008	5.7995e-008	5.6762e-008	5.5694e-008	5.3327e-008	5.1761e-008	4.916e-008	4.6697e-008	4.5065e-008	4.2796e-008	4.163e-008	3.9758e-008	3.7972e-008	3.5959e-008	3.3746e-008	3.2488e-008	3.0231e-008	2.8785e-008	2.7603e-008	2.5914e-008	2.3809e-008	2.267e-008	2.1014e-008	1.973e-008	1.8274e-008	1.6427e-008	1.5235e-008	1.4392e-008	1.3379e-008	1.234e-008	1.1234e-008	1.0776e-008	1.0811e-008	1.0442e-008	1.052e-008	1.0302e-008	9.954e-009	9.633e-009	9.3674e-009	9.4167e-009	9.4796e-009	1.0536e-008	1.0541e-008	1.0396e-008	1.0817e-008	1.1602e-008	1.2266e-008	1.2977e-008	1.4073e-008	1.6447e-008	1.97e-008	2.227e-008	2.6101e-008	3.1067e-008	3.5777e-008	4.093e-008	4.406e-008	4.8432e-008	5.7632e-008	6.494e-008	6.878e-008	7.264e-008	7.7832e-008	8.0824e-008	8.5512e-008	8.8398e-008	9.0196e-008	9.255e-008	9.4596e-008	9.683e-008	9.8008e-008	9.8639e-008	9.9667e-008	9.9965e-008	1.0055e-007	1.0065e-007	1.0109e-007	1.014e-007	9.9526e-008	9.7477e-008	9.6854e-008	9.5888e-008	9.5107e-008	9.3799e-008	9.137e-008	8.8673e-008	8.6833e-008	8.5434e-008	8.4872e-008	8.3243e-008	8.2839e-008	8.1093e-008	7.9693e-008	7.6731e-008	7.3394e-008	7.1698e-008	7.021e-008	6.878e-008	6.7998e-008	6.719e-008	6.6142e-008	6.5133e-008	6.349e-008	6.2125e-008	5.8638e-008	5.5697e-008	5.5019e-008	5.3431e-008	5.1557e-008	5.0649e-008	4.797e-008	4.6345e-008	4.3188e-008	4.1413e-008	3.9525e-008	3.7003e-008	3.5384e-008	3.4652e-008	3.2456e-008	3.0156e-008	2.7677e-008	2.6613e-008	2.5035e-008	2.3204e-008	2.1257e-008	1.9137e-008	1.7598e-008	1.6237e-008	1.4873e-008	1.4038e-008	1.3063e-008	1.2459e-008	1.1411e-008	1.1646e-008	1.1913e-008	1.1856e-008	1.1552e-008	1.0983e-008	1.1008e-008	1.0797e-008	1.1073e-008	1.1572e-008	1.184e-008	1.1587e-008	1.1711e-008	1.1996e-008	1.201e-008	1.2581e-008
5.7947e-010	1.0579e-009	1.4976e-009	2.0256e-009	2.4933e-009	3.7772e-009	5.0393e-009	9.3555e-009	1.2061e-008	1.5117e-008	1.8869e-008	2.1224e-008	2.5022e-008	3.1529e-008	3.7484e-008	4.2081e-008	4.8459e-008	5.3325e-008	5.8406e-008	6.2797e-008	6.7635e-008	7.246e-008	7.4331e-008	7.6758e-008	7.767e-008	7.9487e-008	8.1941e-008	8.4445e-008	8.5696e-008	8.9215e-008	9.0298e-008	9.1198e-008	9.1049e-008	9.1174e-008	9.1143e-008	9.0943e-008	8.851e-008	8.7551e-008	8.7032e-008	8.4501e-008	8.2945e-008	8.1496e-008	8.0606e-008	7.8064e-008	7.6615e-008	7.4292e-008	7.2881e-008	7.0857e-008	6.9493e-008	6.7691e-008	6.6507e-008	6.5619e-008	6.4632e-008	6.3214e-008	6.1983e-008	6.0254e-008	5.7025e-008	5.4853e-008	5.378e-008	5.0906e-008	4.8948e-008	4.7623e-008	4.4861e-008	4.2449e-008	4.1221e-008	3.9375e-008	3.7423e-008	3.6343e-008	3.402e-008	3.293e-008	3.1831e-008	3.0023e-008	2.8442e-008	2.6545e-008	2.4727e-008	2.2839e-008	2.1237e-008	2.0311e-008	1.777e-008	1.5953e-008	1.4666e-008	1.322e-008	1.2361e-008	1.1042e-008	8.8876e-009	7.7675e-009	6.8776e-009	5.6063e-009	4.7663e-009	3.9352e-009	3.5193e-009	2.9078e-009	2.2255e-009	2.1428e-009	1.9907e-009	2.1418e-009	2.4923e-009	2.9416e-009	3.3994e-009	3.5337e-009	4.6778e-009	5.7051e-009	6.8176e-009	8.6069e-009	9.4095e-009	1.1328e-008	1.3693e-008	1.7362e-008	1.9812e-008	2.3027e-008	2.5843e-008	2.8975e-008	3.2949e-008	3.5794e-008	4.114e-008	4.3749e-008	4.8094e-008	5.3237e-008	6.0648e-008	6.4711e-008	6.8515e-008	7.2515e-008	7.702e-008	8.0462e-008	8.3101e-008	8.4868e-008	8.6228e-008	8.7761e-008	9.0076e-008	9.0684e-008	9.1723e-008	9.226e-008	9.3527e-008	9.3783e-008	9.3759e-008	9.3674e-008	9.2761e-008	9.1306e-008	9.0317e-008	8.9565e-008	8.8306e-008	8.7175e-008	8.6093e-008	8.426e-008	8.3144e-008	8.0726e-008	7.8562e-008	7.7342e-008	7.5312e-008	7.383e-008	7.1183e-008	6.9619e-008	6.9344e-008	6.8846e-008	6.7432e-008	6.4291e-008	6.234e-008	6.0105e-008	5.8408e-008	5.7158e-008	5.486e-008	5.3475e-008	5.1335e-008	4.9013e-008	4.7416e-008	4.6003e-008	4.5131e-008	4.3377e-008	4.1353e-008	3.9955e-008	3.7189e-008	3.4967e-008	3.3511e-008	3.1665e-008	3.0323e-008	2.8175e-008	2.5884e-008	2.5631e-008	2.435e-008	1.9545e-008	1.921e-008	1.6884e-008	1.4974e-008	1.2455e-008	1.1031e-008	1.0091e-008	9.8411e-009	8.0877e-009	6.5569e-009	5.1643e-009	4.85e-009	4.5945e-009	4.1914e-009	3.7628e-009	3.9299e-009	4.2372e-009	4.0818e-009	3.9769e-009	3.782e-009	3.8959e-009	3.8345e-009	4.3212e-009	4.9272e-009	5.1486e-009	5.2494e-009	5.6881e-009	6.0876e-009	7.1603e-009	8.4724e-009	9.8196e-009	1.2412e-008	1.515e-008	1.6489e-008	2.0975e-008	2.6352e-008	3.1606e-008	3.5176e-008	4.1016e-008	4.9748e-008	5.7901e-008	6.1816e-008	6.4885e-008	6.882e-008	7.3186e-008	7.6134e-008	7.9481e-008	8.2572e-008	8.629e-008	8.9033e-008	9.0122e-008	9.2775e-008	9.6028e-008	9.6495e-008	9.7757e-008	9.8719e-008	9.6867e-008	9.6137e-008	9.5759e-008	9.5577e-008	9.5641e-008	9.573e-008	9.4092e-008	9.092e-008	8.8936e-008	8.6919e-008	8.5629e-008	8.3318e-008	7.9747e-008	7.9652e-008	7.8345e-008	7.8105e-008	7.5029e-008	7.1936e-008	7.0607e-008	6.8372e-008	6.6748e-008	6.5632e-008	6.4646e-008	6.4038e-008	6.2169e-008	5.9936e-008	5.8068e-008	5.5575e-008	5.4035e-008	5.2235e-008	4.878e-008	4.7014e-008	4.6126e-008	4.4444e-008	4.11e-008	3.9026e-008	3.6907e-008	3.5968e-008	3.3433e-008	3.038e-008	2.9747e-008	2.841e-008	2.6991e-008	2.4509e-008	2.3277e-008	2.3146e-008	2.1682e-008	2.0362e-008	1.9262e-008	1.8068e-008	1.6411e-008	1.5721e-008	1.5195e-008	1.3036e-008	1.2063e-008	1.0329e-008	9.6997e-009	8.9793e-009	8.4232e-009	8.3913e-009	8.2824e-009	8.8205e-009	8.0096e-009	7.8564e-009	8.2468e-009	8.5992e-009	8.2487e-009	8.2753e-009	8.569e-009	8.958e-009	9.5116e-009	1.0055e-008	1.0901e-008	1.2079e-008	1.3344e-008	1.5112e-008	1.7618e-008	1.9999e-008	2.3568e-008	2.666e-008	3.1194e-008	3.5312e-008	4.0854e-008	4.5178e-008	4.9556e-008	5.3623e-008	5.6873e-008	6.2157e-008	6.8781e-008	7.2734e-008	7.7096e-008	7.9346e-008	8.2489e-008	8.4482e-008	8.7116e-008	9.0172e-008	9.1964e-008	9.312e-008	9.5036e-008	9.6258e-008	9.6711e-008	9.643e-008	9.6091e-008	9.6103e-008	9.5724e-008	9.4724e-008	9.294e-008	9.0403e-008	8.9477e-008	8.8689e-008	8.8322e-008	8.7741e-008	8.7482e-008	8.6671e-008	8.4636e-008	8.2877e-008	8.1152e-008	7.8789e-008	7.7164e-008	7.3145e-008	7.2378e-008	7.0738e-008	6.9548e-008	6.834e-008	6.6435e-008	6.5238e-008	6.4007e-008	6.2585e-008	6.1699e-008	5.9982e-008	5.8007e-008	5.6958e-008	5.5432e-008	5.3183e-008	5.1126e-008	4.8736e-008	4.6224e-008	4.3996e-008	4.2464e-008	4.0921e-008	3.877e-008	3.753e-008	3.5025e-008	3.3287e-008	3.0987e-008	2.9561e-008	2.7773e-008	2.6578e-008	2.5125e-008	2.3422e-008	2.2148e-008	2.033e-008	1.8971e-008	1.7351e-008	1.5893e-008	1.4829e-008	1.3605e-008	1.3133e-008	1.1702e-008	1.0629e-008	1.0258e-008	1.0275e-008	1.0112e-008	1.0096e-008	9.7636e-009	9.6922e-009	9.2914e-009	9.0028e-009	9.0808e-009	9.3238e-009	9.9697e-009	1.0178e-008	1.0272e-008	1.0498e-008	1.1612e-008	1.2378e-008	1.3229e-008	1.4645e-008	1.6976e-008	2.0266e-008	2.205e-008	2.6364e-008	3.0336e-008	3.6269e-008	4.0035e-008	4.4113e-008	4.8669e-008	5.5668e-008	6.3532e-008	6.7789e-008	7.1535e-008	7.6516e-008	8.0497e-008	8.4589e-008	8.7071e-008	9.0075e-008	9.2439e-008	9.4702e-008	9.6968e-008	9.734e-008	9.8253e-008	9.9383e-008	1.0041e-007	1.0074e-007	1.0112e-007	1.012e-007	1.0092e-007	9.8617e-008	9.7094e-008	9.6483e-008	9.5446e-008	9.4235e-008	9.2363e-008	9.0763e-008	8.7568e-008	8.5616e-008	8.5072e-008	8.432e-008	8.2143e-008	8.1394e-008	7.994e-008	7.8664e-008	7.4621e-008	7.2809e-008	7.0952e-008	6.9525e-008	6.8408e-008	6.7731e-008	6.6255e-008	6.5141e-008	6.4055e-008	6.2484e-008	6.1147e-008	5.8106e-008	5.5019e-008	5.3676e-008	5.2079e-008	5.0738e-008	4.9328e-008	4.7501e-008	4.5591e-008	4.262e-008	4.0743e-008	3.8977e-008	3.6698e-008	3.4665e-008	3.305e-008	3.1157e-008	2.772e-008	2.6871e-008	2.5998e-008	2.4683e-008	2.2156e-008	2.0197e-008	1.8739e-008	1.7038e-008	1.6003e-008	1.4573e-008	1.3406e-008	1.2615e-008	1.1675e-008	1.1126e-008	1.1277e-008	1.1787e-008	1.1478e-008	1.1466e-008	1.0319e-008	1.0241e-008	1.0113e-008	1.0687e-008	1.1363e-008	1.1375e-008	1.126e-008	1.1294e-008	1.15e-008	1.1706e-008	1.2186e-008
0	4.3174e-010	7.7004e-010	1.0609e-009	1.6011e-009	2.7684e-009	5.2428e-009	8.5294e-009	1.0397e-008	1.2581e-008	1.7671e-008	2.1164e-008	2.4043e-008	2.8596e-008	3.6304e-008	4.1185e-008	4.6976e-008	5.2989e-008	5.7888e-008	6.2207e-008	6.6853e-008	7.1194e-008	7.3251e-008	7.5529e-008	7.7184e-008	7.9038e-008	8.1209e-008	8.3523e-008	8.4566e-008	8.8017e-008	8.9418e-008	9.0383e-008	9.0539e-008	9.0601e-008	9.0376e-008	9.0465e-008	8.9478e-008	8.6898e-008	8.6424e-008	8.5436e-008	8.3054e-008	8.0785e-008	7.9526e-008	7.714e-008	7.6258e-008	7.493e-008	7.3194e-008	7.1581e-008	7.0269e-008	6.8114e-008	6.6456e-008	6.5068e-008	6.4265e-008	6.2779e-008	6.1321e-008	6.03e-008	5.8111e-008	5.4828e-008	5.3156e-008	5.0852e-008	4.8695e-008	4.7184e-008	4.425e-008	4.2023e-008	4.0949e-008	3.9617e-008	3.7285e-008	3.645e-008	3.5371e-008	3.2415e-008	3.1006e-008	2.9876e-008	2.7813e-008	2.5987e-008	2.4034e-008	2.2476e-008	2.1091e-008	2.0009e-008	1.8136e-008	1.5192e-008	1.3787e-008	1.2527e-008	1.1745e-008	1.0196e-008	8.0644e-009	6.7951e-009	5.5614e-009	4.7047e-009	3.3715e-009	2.7883e-009	1.9476e-009	1.8419e-009	1.4256e-009	1.4171e-009	1.3407e-009	1.5311e-009	2.1813e-009	2.185e-009	2.1867e-009	2.3258e-009	2.9837e-009	4.1265e-009	5.472e-009	7.2498e-009	8.5536e-009	1.0468e-008	1.2579e-008	1.4768e-008	1.7859e-008	2.1382e-008	2.4563e-008	2.7933e-008	3.2144e-008	3.5445e-008	4.0571e-008	4.2756e-008	4.785e-008	5.1579e-008	5.739e-008	6.3906e-008	6.7957e-008	7.1846e-008	7.5281e-008	7.9418e-008	8.1356e-008	8.5032e-008	8.5884e-008	8.7006e-008	8.8513e-008	9.0176e-008	9.1088e-008	9.2214e-008	9.3861e-008	9.359e-008	9.3231e-008	9.318e-008	9.2782e-008	9.1758e-008	9.0201e-008	8.9732e-008	8.8561e-008	8.6585e-008	8.6003e-008	8.5508e-008	8.3354e-008	8.1604e-008	7.9413e-008	7.6546e-008	7.5676e-008	7.3218e-008	7.1903e-008	7.0502e-008	6.8997e-008	6.8255e-008	6.6864e-008	6.5387e-008	6.2055e-008	6.029e-008	5.924e-008	5.7741e-008	5.6006e-008	5.4036e-008	5.1756e-008	5.0033e-008	4.7823e-008	4.6037e-008	4.5072e-008	4.3538e-008	4.1859e-008	3.9755e-008	3.8411e-008	3.6352e-008	3.4016e-008	3.1727e-008	3.0911e-008	2.8966e-008	2.7282e-008	2.5937e-008	2.4918e-008	1.9653e-008	1.8844e-008	1.7738e-008	1.5739e-008	1.3742e-008	1.1441e-008	9.9428e-009	9.3436e-009	8.0761e-009	6.704e-009	5.3901e-009	4.6157e-009	4.3421e-009	3.4856e-009	3.2089e-009	3.913e-009	3.7534e-009	3.7045e-009	3.8441e-009	3.8183e-009	4.1808e-009	3.5727e-009	3.7037e-009	4.5381e-009	4.3238e-009	4.3989e-009	5.4072e-009	5.8632e-009	6.1757e-009	7.4981e-009	9.5107e-009	1.1809e-008	1.4363e-008	1.6474e-008	1.8911e-008	2.2638e-008	2.9039e-008	3.5431e-008	4.0429e-008	4.5607e-008	5.6727e-008	6.1209e-008	6.4996e-008	6.8421e-008	7.1873e-008	7.5596e-008	7.8325e-008	8.1662e-008	8.545e-008	8.7903e-008	8.9788e-008	9.1965e-008	9.4578e-008	9.5823e-008	9.754e-008	9.8122e-008	9.6763e-008	9.6138e-008	9.5817e-008	9.5382e-008	9.5547e-008	9.522e-008	9.4129e-008	9.1987e-008	8.8485e-008	8.6756e-008	8.5881e-008	8.2665e-008	8.0531e-008	7.9928e-008	7.9348e-008	7.8451e-008	7.542e-008	7.3124e-008	7.0554e-008	6.8997e-008	6.6767e-008	6.598e-008	6.4687e-008	6.3546e-008	6.3067e-008	6.1221e-008	5.9523e-008	5.7161e-008	5.3553e-008	5.3231e-008	4.9677e-008	4.6458e-008	4.5684e-008	4.4605e-008	4.2476e-008	3.9424e-008	3.6918e-008	3.576e-008	3.4135e-008	3.2439e-008	2.9342e-008	2.788e-008	2.6958e-008	2.6087e-008	2.3878e-008	2.2373e-008	2.158e-008	2.0369e-008	1.9381e-008	1.8184e-008	1.5997e-008	1.5422e-008	1.4506e-008	1.3124e-008	1.1497e-008	9.9949e-009	9.419e-009	8.3878e-009	8.0949e-009	7.9014e-009	7.9593e-009	8.2833e-009	8.0014e-009	7.5782e-009	7.9079e-009	8.2671e-009	8.0394e-009	8.1769e-009	8.2163e-009	8.9282e-009	9.1625e-009	9.5895e-009	1.0448e-008	1.1473e-008	1.2886e-008	1.4731e-008	1.7012e-008	2.046e-008	2.2615e-008	2.5726e-008	3.005e-008	3.3669e-008	3.876e-008	4.4834e-008	4.9452e-008	5.3425e-008	5.6643e-008	6.1347e-008	6.7642e-008	7.2341e-008	7.5881e-008	7.9075e-008	8.1809e-008	8.4366e-008	8.6379e-008	8.976e-008	9.1049e-008	9.2559e-008	9.4257e-008	9.5606e-008	9.6219e-008	9.5974e-008	9.5718e-008	9.6094e-008	9.5763e-008	9.4885e-008	9.389e-008	9.0617e-008	8.8872e-008	8.7931e-008	8.7608e-008	8.7016e-008	8.7085e-008	8.6381e-008	8.4632e-008	8.1904e-008	7.9571e-008	7.856e-008	7.6902e-008	7.3328e-008	7.2324e-008	7.1272e-008	6.8561e-008	6.7584e-008	6.5869e-008	6.4869e-008	6.4322e-008	6.2958e-008	6.1857e-008	5.9927e-008	5.7905e-008	5.696e-008	5.5247e-008	5.2345e-008	5.0461e-008	4.7789e-008	4.4314e-008	4.3672e-008	4.233e-008	4.0253e-008	3.8582e-008	3.6816e-008	3.454e-008	3.3399e-008	3.1231e-008	2.8941e-008	2.7942e-008	2.6011e-008	2.4909e-008	2.2778e-008	2.1542e-008	2.0165e-008	1.8108e-008	1.7038e-008	1.5466e-008	1.4625e-008	1.3201e-008	1.2352e-008	1.0773e-008	9.7418e-009	9.4625e-009	9.7733e-009	9.731e-009	9.6087e-009	9.1844e-009	9.0752e-009	8.7597e-009	8.5299e-009	8.921e-009	9.1418e-009	9.5857e-009	9.8562e-009	1.0167e-008	1.0104e-008	1.066e-008	1.1835e-008	1.2923e-008	1.4415e-008	1.6869e-008	1.9132e-008	2.2324e-008	2.5313e-008	2.9918e-008	3.477e-008	3.909e-008	4.4611e-008	4.9906e-008	5.5569e-008	6.1965e-008	6.6525e-008	7.1464e-008	7.5655e-008	8.0913e-008	8.4337e-008	8.7782e-008	8.9711e-008	9.2499e-008	9.4811e-008	9.6242e-008	9.6414e-008	9.7983e-008	9.9928e-008	1.0087e-007	1.0166e-007	1.0122e-007	1.0098e-007	9.9926e-008	9.8387e-008	9.6604e-008	9.5992e-008	9.4921e-008	9.3155e-008	9.1127e-008	8.9302e-008	8.7277e-008	8.5262e-008	8.4398e-008	8.3523e-008	8.2054e-008	8.0362e-008	7.9565e-008	7.852e-008	7.5362e-008	7.2875e-008	7.0481e-008	6.9978e-008	6.8103e-008	6.6703e-008	6.5314e-008	6.4307e-008	6.3601e-008	6.1548e-008	6.0125e-008	5.7362e-008	5.5101e-008	5.3514e-008	5.2301e-008	5.049e-008	4.864e-008	4.6597e-008	4.433e-008	4.126e-008	3.9627e-008	3.8304e-008	3.6208e-008	3.4637e-008	3.1474e-008	3.0351e-008	2.8e-008	2.6396e-008	2.5321e-008	2.3958e-008	2.1434e-008	1.9839e-008	1.8097e-008	1.645e-008	1.5288e-008	1.4234e-008	1.292e-008	1.1813e-008	1.1176e-008	1.1091e-008	1.093e-008	1.117e-008	1.1165e-008	1.1204e-008	1.1041e-008	1.0948e-008	1.0619e-008	1.0549e-008	1.0861e-008	1.128e-008	1.0896e-008	1.1188e-008	1.17e-008	1.1451e-008	1.1495e-008
1.7735e-010	1.7424e-010	3.5825e-010	6.0702e-010	1.7152e-009	3.1377e-009	4.8184e-009	7.5905e-009	9.8461e-009	1.2766e-008	1.6471e-008	2.0919e-008	2.3877e-008	2.7319e-008	3.3682e-008	4.0281e-008	4.71e-008	5.2605e-008	5.7793e-008	6.3185e-008	6.7596e-008	7.1424e-008	7.3657e-008	7.6274e-008	7.7275e-008	8.0308e-008	8.19e-008	8.2663e-008	8.487e-008	8.6968e-008	8.7954e-008	8.955e-008	9.0338e-008	9.0077e-008	8.9699e-008	8.9668e-008	8.907e-008	8.8117e-008	8.6939e-008	8.5883e-008	8.4608e-008	7.9777e-008	7.8707e-008	7.7682e-008	7.6156e-008	7.5087e-008	7.3743e-008	7.185e-008	7.0584e-008	6.8795e-008	6.688e-008	6.461e-008	6.3836e-008	6.2588e-008	6.177e-008	5.9551e-008	5.7662e-008	5.4927e-008	5.2693e-008	5.0909e-008	4.9075e-008	4.5728e-008	4.4407e-008	4.2947e-008	4.0912e-008	3.9374e-008	3.7911e-008	3.6368e-008	3.5175e-008	3.3896e-008	3.1066e-008	2.92e-008	2.688e-008	2.6073e-008	2.4135e-008	2.2842e-008	2.132e-008	1.9759e-008	1.7861e-008	1.4521e-008	1.3205e-008	1.1744e-008	1.0915e-008	9.4982e-009	7.7933e-009	6.5433e-009	5.192e-009	3.6384e-009	2.9178e-009	2.3932e-009	1.8594e-009	1.5004e-009	1.3374e-009	1.2392e-009	1.3751e-009	1.617e-009	2.3239e-009	1.7335e-009	1.8051e-009	2.3065e-009	2.9274e-009	3.3299e-009	5.5597e-009	6.8562e-009	8.1701e-009	1.0372e-008	1.227e-008	1.5389e-008	1.7623e-008	2.1983e-008	2.5163e-008	2.7999e-008	3.1624e-008	3.5341e-008	3.9644e-008	4.3721e-008	4.81e-008	5.1992e-008	5.6808e-008	6.3582e-008	6.8319e-008	7.1833e-008	7.4578e-008	7.8255e-008	7.8616e-008	8.2147e-008	8.5738e-008	8.683e-008	8.7723e-008	8.9269e-008	9.0699e-008	9.2385e-008	9.4598e-008	9.3827e-008	9.3332e-008	9.3188e-008	9.2835e-008	9.2499e-008	9.1138e-008	8.9856e-008	8.9285e-008	8.7864e-008	8.6958e-008	8.6199e-008	8.3991e-008	8.1847e-008	8.0711e-008	7.8738e-008	7.6807e-008	7.5645e-008	7.1796e-008	7.0547e-008	6.8846e-008	6.7396e-008	6.6692e-008	6.5776e-008	6.2585e-008	6.0703e-008	5.9667e-008	5.8094e-008	5.5777e-008	5.4595e-008	5.2127e-008	5.0751e-008	4.8172e-008	4.6304e-008	4.4599e-008	4.3667e-008	4.285e-008	4.0758e-008	3.8622e-008	3.6677e-008	3.3655e-008	3.1831e-008	3.0999e-008	2.9471e-008	2.7656e-008	2.6541e-008	2.4351e-008	2.1285e-008	1.9716e-008	1.7909e-008	1.6235e-008	1.4256e-008	1.2377e-008	1.1191e-008	9.7939e-009	8.4338e-009	6.8417e-009	6.1829e-009	5.7793e-009	4.6456e-009	4.357e-009	3.9507e-009	4.3447e-009	4.4036e-009	4.4102e-009	4.8028e-009	4.5686e-009	4.8788e-009	4.6617e-009	4.4856e-009	5.0584e-009	5.0728e-009	5.0017e-009	5.6843e-009	6.0741e-009	6.3673e-009	7.6129e-009	9.8368e-009	1.2493e-008	1.4511e-008	1.7875e-008	2.0182e-008	2.3988e-008	3.0193e-008	3.5911e-008	4.1294e-008	4.9745e-008	5.4749e-008	6.1336e-008	6.601e-008	6.9626e-008	7.2356e-008	7.7061e-008	7.9695e-008	8.2564e-008	8.6302e-008	8.8101e-008	9.048e-008	9.2568e-008	9.4444e-008	9.6445e-008	9.757e-008	9.7969e-008	9.7661e-008	9.6734e-008	9.6398e-008	9.6006e-008	9.572e-008	9.4863e-008	9.4202e-008	9.2501e-008	8.9062e-008	8.7164e-008	8.6013e-008	8.4472e-008	8.2065e-008	8.1119e-008	8.0358e-008	7.9581e-008	7.8408e-008	7.6311e-008	7.3521e-008	6.9439e-008	6.8473e-008	6.7104e-008	6.5845e-008	6.4411e-008	6.3514e-008	6.1941e-008	6.0575e-008	5.8778e-008	5.6519e-008	5.2389e-008	5.0078e-008	4.754e-008	4.595e-008	4.4741e-008	4.2339e-008	4.0813e-008	3.7619e-008	3.6674e-008	3.4496e-008	3.2669e-008	3.0784e-008	2.9248e-008	2.7892e-008	2.6712e-008	2.5673e-008	2.3086e-008	2.1668e-008	2.0726e-008	1.9938e-008	1.7971e-008	1.6235e-008	1.5649e-008	1.4565e-008	1.2814e-008	1.1559e-008	1.0129e-008	9.2319e-009	8.657e-009	8.6756e-009	8.8512e-009	8.6239e-009	8.1994e-009	7.9784e-009	8.0712e-009	8.4487e-009	8.5538e-009	8.5778e-009	8.6668e-009	8.8692e-009	9.359e-009	9.7039e-009	1.0304e-008	1.0855e-008	1.214e-008	1.3723e-008	1.6303e-008	1.8665e-008	2.1722e-008	2.4057e-008	2.7467e-008	3.0021e-008	3.3991e-008	3.985e-008	4.5967e-008	4.9897e-008	5.4241e-008	5.7945e-008	6.1826e-008	6.9437e-008	7.408e-008	7.7571e-008	8.0716e-008	8.3535e-008	8.5459e-008	8.8231e-008	9.0368e-008	9.1649e-008	9.3573e-008	9.4825e-008	9.6279e-008	9.6853e-008	9.645e-008	9.6359e-008	9.6731e-008	9.6512e-008	9.5618e-008	9.4935e-008	9.3512e-008	9.0429e-008	8.9515e-008	8.8585e-008	8.8434e-008	8.7703e-008	8.7232e-008	8.5237e-008	8.2533e-008	8.033e-008	7.864e-008	7.698e-008	7.4404e-008	7.3277e-008	7.2289e-008	7.0701e-008	6.8205e-008	6.6441e-008	6.5874e-008	6.4899e-008	6.3677e-008	6.3207e-008	6.0893e-008	5.9231e-008	5.7184e-008	5.5135e-008	5.2223e-008	5.0283e-008	4.7623e-008	4.5475e-008	4.4516e-008	4.3827e-008	4.1471e-008	3.9847e-008	3.7594e-008	3.5544e-008	3.394e-008	3.226e-008	3.0299e-008	2.869e-008	2.6839e-008	2.5061e-008	2.3243e-008	2.2025e-008	2.1402e-008	1.9223e-008	1.7331e-008	1.6047e-008	1.5123e-008	1.3983e-008	1.2758e-008	1.1905e-008	1.0812e-008	1.0681e-008	1.0523e-008	1.0556e-008	1.0591e-008	1.0411e-008	1.0081e-008	9.7848e-009	1.0026e-008	1.0403e-008	1.0322e-008	1.0693e-008	1.0781e-008	1.1491e-008	1.1435e-008	1.1564e-008	1.2889e-008	1.4649e-008	1.549e-008	1.8983e-008	2.14e-008	2.386e-008	2.6022e-008	3.033e-008	3.5155e-008	4.1175e-008	4.6295e-008	5.2174e-008	5.7722e-008	6.2962e-008	6.7016e-008	7.2965e-008	7.9025e-008	8.1782e-008	8.5291e-008	8.8791e-008	9.0846e-008	9.3829e-008	9.6253e-008	9.7265e-008	9.8149e-008	9.9455e-008	1.0128e-007	1.0219e-007	1.0282e-007	1.0234e-007	1.0175e-007	1.0072e-007	9.9645e-008	9.8024e-008	9.6973e-008	9.5318e-008	9.3691e-008	9.1849e-008	9.0331e-008	8.834e-008	8.66e-008	8.5353e-008	8.4223e-008	8.352e-008	8.2062e-008	8.061e-008	8.0213e-008	7.7688e-008	7.432e-008	7.2998e-008	7.1425e-008	6.8393e-008	6.7244e-008	6.6109e-008	6.5205e-008	6.4464e-008	6.2662e-008	6.1399e-008	5.9223e-008	5.7335e-008	5.5706e-008	5.436e-008	5.1766e-008	4.987e-008	4.6569e-008	4.5149e-008	4.2927e-008	4.0114e-008	3.9255e-008	3.7346e-008	3.582e-008	3.2276e-008	3.163e-008	2.9357e-008	2.8134e-008	2.6025e-008	2.5041e-008	2.244e-008	2.0427e-008	1.9814e-008	1.7384e-008	1.5857e-008	1.4997e-008	1.3889e-008	1.3184e-008	1.2575e-008	1.2042e-008	1.1891e-008	1.15e-008	1.1816e-008	1.1834e-008	1.248e-008	1.2234e-008	1.1943e-008	1.1953e-008	1.2273e-008	1.2925e-008	1.2975e-008	1.2884e-008	1.3452e-008	1.2959e-008	1.3353e-008
1.3989e-009	1.1554e-009	1.2643e-009	1.9888e-009	2.7857e-009	4.1297e-009	6.562e-009	8.4452e-009	1.061e-008	1.3655e-008	1.8085e-008	2.098e-008	2.5361e-008	3.0094e-008	3.5423e-008	4.0448e-008	4.7684e-008	5.411e-008	5.8951e-008	6.3076e-008	6.873e-008	7.2739e-008	7.5136e-008	7.7431e-008	7.8444e-008	8.2711e-008	8.4543e-008	8.4562e-008	8.5548e-008	8.7266e-008	8.825e-008	8.9111e-008	9.045e-008	9.0458e-008	9.003e-008	9.0011e-008	8.9796e-008	8.8798e-008	8.7859e-008	8.712e-008	8.6022e-008	8.2715e-008	8.0278e-008	7.8946e-008	7.8271e-008	7.711e-008	7.4991e-008	7.3992e-008	7.2138e-008	7.0017e-008	6.8954e-008	6.707e-008	6.5036e-008	6.3814e-008	6.2646e-008	6.033e-008	5.8464e-008	5.7133e-008	5.4644e-008	5.2657e-008	5.0724e-008	4.8998e-008	4.6401e-008	4.4278e-008	4.2763e-008	4.1068e-008	3.9214e-008	3.7118e-008	3.6426e-008	3.4873e-008	3.1599e-008	3.0566e-008	2.9098e-008	2.671e-008	2.5023e-008	2.3745e-008	2.1887e-008	2.0491e-008	1.8281e-008	1.5973e-008	1.4174e-008	1.2331e-008	1.0968e-008	1.029e-008	8.9208e-009	7.0645e-009	5.6218e-009	4.0927e-009	3.5022e-009	3.2603e-009	2.9954e-009	2.7551e-009	2.4946e-009	2.0706e-009	2.1502e-009	2.9299e-009	2.9089e-009	2.7535e-009	3.0785e-009	3.3126e-009	3.5684e-009	4.1061e-009	4.9368e-009	7.0794e-009	8.6882e-009	1.0721e-008	1.271e-008	1.5838e-008	1.8725e-008	2.2911e-008	2.6112e-008	2.8418e-008	3.1937e-008	3.5728e-008	4.0029e-008	4.4376e-008	4.9266e-008	5.4182e-008	5.8421e-008	6.3444e-008	6.7332e-008	7.1734e-008	7.3938e-008	7.806e-008	8.0339e-008	8.3533e-008	8.5747e-008	8.6931e-008	8.828e-008	8.9243e-008	9.0706e-008	9.3345e-008	9.5042e-008	9.4753e-008	9.409e-008	9.3709e-008	9.37e-008	9.3874e-008	9.3441e-008	9.2625e-008	9.0937e-008	8.9308e-008	8.8432e-008	8.7416e-008	8.5928e-008	8.3853e-008	8.2321e-008	8.0669e-008	7.7972e-008	7.7371e-008	7.5071e-008	7.1963e-008	7.0122e-008	6.7889e-008	6.7195e-008	6.6757e-008	6.3338e-008	6.19e-008	6.0893e-008	5.9663e-008	5.7358e-008	5.5924e-008	5.3033e-008	5.1748e-008	4.8915e-008	4.7183e-008	4.542e-008	4.4377e-008	4.3791e-008	4.1828e-008	4.0007e-008	3.8959e-008	3.4944e-008	3.308e-008	3.1958e-008	2.991e-008	2.9048e-008	2.7833e-008	2.4863e-008	2.2999e-008	2.1667e-008	1.9315e-008	1.7479e-008	1.5337e-008	1.3244e-008	1.2145e-008	1.0651e-008	9.2524e-009	8.0069e-009	7.1107e-009	6.3608e-009	5.4488e-009	5.6074e-009	5.6263e-009	5.2393e-009	5.1849e-009	5.6148e-009	5.6514e-009	5.6097e-009	5.7508e-009	5.7227e-009	5.791e-009	5.9087e-009	5.6893e-009	5.5948e-009	6.1245e-009	6.8915e-009	7.6037e-009	8.8869e-009	1.0626e-008	1.3655e-008	1.5435e-008	1.9386e-008	2.1206e-008	2.5104e-008	2.9513e-008	3.5871e-008	4.1723e-008	4.8427e-008	5.5876e-008	6.0999e-008	6.5342e-008	7.0532e-008	7.4509e-008	7.7539e-008	8.0206e-008	8.3904e-008	8.6843e-008	8.9794e-008	9.1749e-008	9.3555e-008	9.5557e-008	9.7531e-008	9.7988e-008	9.8557e-008	9.8391e-008	9.7344e-008	9.7146e-008	9.6714e-008	9.6375e-008	9.5213e-008	9.4707e-008	9.294e-008	9.0007e-008	8.823e-008	8.6978e-008	8.546e-008	8.3587e-008	8.2771e-008	8.1075e-008	8.0232e-008	7.8906e-008	7.74e-008	7.6332e-008	7.2712e-008	7.0307e-008	6.7839e-008	6.7061e-008	6.546e-008	6.4789e-008	6.345e-008	6.1087e-008	6.0176e-008	5.8696e-008	5.514e-008	5.0705e-008	4.8348e-008	4.6728e-008	4.5032e-008	4.2718e-008	4.1552e-008	3.9013e-008	3.7337e-008	3.5491e-008	3.3743e-008	3.1499e-008	3.0521e-008	2.8786e-008	2.7752e-008	2.6035e-008	2.4855e-008	2.2383e-008	2.1769e-008	2.0091e-008	1.8682e-008	1.6913e-008	1.63e-008	1.4281e-008	1.3405e-008	1.1738e-008	1.0718e-008	9.719e-009	9.2705e-009	9.328e-009	9.3231e-009	9.1195e-009	8.1711e-009	8.0347e-009	8.631e-009	9.3344e-009	8.9986e-009	8.8718e-009	8.8725e-009	9.3163e-009	9.7681e-009	1.0492e-008	1.0656e-008	1.1409e-008	1.259e-008	1.4617e-008	1.6523e-008	1.9618e-008	2.1654e-008	2.4771e-008	2.7571e-008	3.045e-008	3.3965e-008	3.8907e-008	4.3192e-008	5.0169e-008	5.314e-008	5.8365e-008	6.3269e-008	6.9855e-008	7.4684e-008	7.9209e-008	8.1608e-008	8.53e-008	8.6131e-008	8.9186e-008	9.1027e-008	9.2235e-008	9.3186e-008	9.5036e-008	9.6145e-008	9.6719e-008	9.6697e-008	9.6805e-008	9.6864e-008	9.6728e-008	9.5436e-008	9.486e-008	9.2875e-008	9.1172e-008	9.0471e-008	8.9996e-008	8.9406e-008	8.8314e-008	8.746e-008	8.5433e-008	8.3416e-008	8.1144e-008	7.9334e-008	7.7061e-008	7.5256e-008	7.3808e-008	7.2984e-008	7.1038e-008	6.9486e-008	6.7747e-008	6.6989e-008	6.6786e-008	6.4793e-008	6.351e-008	6.202e-008	5.899e-008	5.7106e-008	5.4652e-008	5.3029e-008	4.9473e-008	4.778e-008	4.6135e-008	4.542e-008	4.4578e-008	4.0997e-008	4.0152e-008	3.8318e-008	3.5989e-008	3.4379e-008	3.2797e-008	3.0663e-008	2.9082e-008	2.767e-008	2.5419e-008	2.3223e-008	2.2109e-008	2.1595e-008	2.0147e-008	1.7726e-008	1.5929e-008	1.5182e-008	1.3837e-008	1.2948e-008	1.2318e-008	1.1224e-008	1.1126e-008	1.0801e-008	1.095e-008	1.1188e-008	1.1096e-008	1.1013e-008	1.0978e-008	1.075e-008	1.0869e-008	1.0759e-008	1.098e-008	1.1379e-008	1.1774e-008	1.2279e-008	1.289e-008	1.4155e-008	1.5258e-008	1.696e-008	1.8712e-008	2.2276e-008	2.4967e-008	2.7003e-008	3.0494e-008	3.5096e-008	4.09e-008	4.5971e-008	5.3222e-008	5.8052e-008	6.2712e-008	6.7381e-008	7.3808e-008	7.803e-008	8.2649e-008	8.5379e-008	8.8955e-008	9.0981e-008	9.3014e-008	9.6384e-008	9.7926e-008	9.8753e-008	9.9269e-008	1.0161e-007	1.0228e-007	1.0275e-007	1.0185e-007	1.014e-007	1.0078e-007	9.9837e-008	9.8522e-008	9.7571e-008	9.6314e-008	9.4725e-008	9.2732e-008	9.1066e-008	8.8e-008	8.6897e-008	8.5465e-008	8.4492e-008	8.3942e-008	8.2241e-008	8.0328e-008	7.9695e-008	7.809e-008	7.6199e-008	7.3752e-008	7.1432e-008	6.8974e-008	6.7268e-008	6.5643e-008	6.5136e-008	6.4238e-008	6.3219e-008	6.1058e-008	5.9485e-008	5.7643e-008	5.6192e-008	5.432e-008	5.2061e-008	4.8798e-008	4.7301e-008	4.5066e-008	4.2814e-008	4.0356e-008	3.9422e-008	3.7879e-008	3.5339e-008	3.2656e-008	3.128e-008	2.9817e-008	2.8398e-008	2.6242e-008	2.467e-008	2.3159e-008	2.0867e-008	1.9761e-008	1.8315e-008	1.5897e-008	1.4819e-008	1.3964e-008	1.3503e-008	1.2873e-008	1.2447e-008	1.2011e-008	1.1678e-008	1.1912e-008	1.1347e-008	1.1783e-008	1.1811e-008	1.1371e-008	1.1873e-008	1.233e-008	1.2679e-008	1.2764e-008	1.2998e-008	1.3246e-008	1.3124e-008	1.3487e-008
1.2075e-009	1.131e-009	1.8104e-009	2.2379e-009	2.7282e-009	3.9166e-009	5.2962e-009	8.13e-009	9.9738e-009	1.3013e-008	1.8045e-008	2.1149e-008	2.4389e-008	2.8757e-008	3.5407e-008	4.1408e-008	4.6741e-008	5.373e-008	5.7712e-008	6.2861e-008	6.5701e-008	7.2194e-008	7.4623e-008	7.753e-008	7.9741e-008	8.3653e-008	8.4557e-008	8.4786e-008	8.5518e-008	8.6487e-008	8.7593e-008	8.9069e-008	8.9597e-008	9.005e-008	9.0144e-008	8.9883e-008	8.9433e-008	8.8673e-008	8.8015e-008	8.6562e-008	8.5721e-008	8.3483e-008	8.039e-008	7.917e-008	7.8359e-008	7.7455e-008	7.5864e-008	7.3795e-008	7.1614e-008	6.968e-008	6.8811e-008	6.7339e-008	6.5316e-008	6.3323e-008	6.2441e-008	6.0079e-008	5.872e-008	5.6906e-008	5.5378e-008	5.3129e-008	5.1588e-008	5.0567e-008	4.7843e-008	4.4665e-008	4.2349e-008	4.128e-008	3.9098e-008	3.7703e-008	3.6086e-008	3.439e-008	3.2226e-008	3.0883e-008	2.955e-008	2.7367e-008	2.5131e-008	2.3305e-008	2.1747e-008	2.006e-008	1.7506e-008	1.6044e-008	1.3245e-008	1.2363e-008	1.0844e-008	9.9629e-009	8.278e-009	6.3499e-009	5.1458e-009	4.0047e-009	3.6017e-009	2.9309e-009	2.7134e-009	2.5967e-009	2.2404e-009	1.7243e-009	2.0912e-009	2.6201e-009	2.7385e-009	2.8683e-009	3.0722e-009	2.9555e-009	3.0411e-009	3.4498e-009	4.5957e-009	6.2346e-009	7.5805e-009	9.8175e-009	1.2611e-008	1.5565e-008	1.7206e-008	2.2116e-008	2.5533e-008	2.8892e-008	3.2129e-008	3.5469e-008	3.973e-008	4.4166e-008	4.9171e-008	5.4157e-008	5.79e-008	6.2681e-008	6.7188e-008	7.0315e-008	7.3926e-008	7.7074e-008	7.935e-008	8.2065e-008	8.5277e-008	8.634e-008	8.878e-008	8.9496e-008	9.026e-008	9.1459e-008	9.3162e-008	9.343e-008	9.3602e-008	9.3471e-008	9.3786e-008	9.3917e-008	9.3807e-008	9.2924e-008	9.0752e-008	8.9468e-008	8.8688e-008	8.7306e-008	8.5582e-008	8.4531e-008	8.1876e-008	8.1241e-008	7.894e-008	7.6988e-008	7.5074e-008	7.2501e-008	6.9742e-008	6.7876e-008	6.6604e-008	6.5507e-008	6.2864e-008	6.1646e-008	6.0898e-008	5.9233e-008	5.8085e-008	5.6258e-008	5.4714e-008	5.3252e-008	5.0347e-008	4.8167e-008	4.6162e-008	4.4517e-008	4.3824e-008	4.1577e-008	3.969e-008	3.8485e-008	3.4837e-008	3.3403e-008	3.1848e-008	3.0071e-008	2.8943e-008	2.7867e-008	2.4751e-008	2.3035e-008	2.1737e-008	1.9647e-008	1.7613e-008	1.5652e-008	1.4081e-008	1.2528e-008	1.01e-008	9.3339e-009	7.8147e-009	6.9445e-009	6.3684e-009	5.7423e-009	6.0029e-009	5.9086e-009	5.4575e-009	5.6026e-009	5.5527e-009	5.3151e-009	5.6605e-009	5.6683e-009	5.4509e-009	5.7482e-009	5.9601e-009	5.8233e-009	5.6737e-009	5.8622e-009	6.3891e-009	7.5539e-009	8.9583e-009	1.0737e-008	1.3697e-008	1.597e-008	1.9444e-008	2.1221e-008	2.523e-008	3.0194e-008	3.6491e-008	4.2292e-008	4.6973e-008	5.3822e-008	5.9278e-008	6.3994e-008	7.0889e-008	7.4451e-008	7.7916e-008	7.9939e-008	8.4378e-008	8.6578e-008	9.0299e-008	9.2439e-008	9.5125e-008	9.7386e-008	9.8841e-008	9.8783e-008	9.8717e-008	9.8176e-008	9.7138e-008	9.6846e-008	9.654e-008	9.6048e-008	9.5136e-008	9.4246e-008	9.3015e-008	9.0187e-008	8.8203e-008	8.7072e-008	8.5931e-008	8.3998e-008	8.2656e-008	8.1103e-008	7.9546e-008	7.8452e-008	7.7203e-008	7.5957e-008	7.3066e-008	7.1539e-008	6.8509e-008	6.7764e-008	6.7533e-008	6.6195e-008	6.4755e-008	6.2799e-008	6.0027e-008	5.7795e-008	5.6165e-008	5.4031e-008	4.9909e-008	4.5792e-008	4.4737e-008	4.2841e-008	4.1388e-008	3.9016e-008	3.7455e-008	3.578e-008	3.3301e-008	3.2003e-008	3.0059e-008	2.9118e-008	2.7116e-008	2.5794e-008	2.3876e-008	2.2566e-008	2.1471e-008	1.9748e-008	1.784e-008	1.6707e-008	1.6091e-008	1.3795e-008	1.3075e-008	1.1023e-008	1.0692e-008	9.7094e-009	9.163e-009	9.0514e-009	9.1232e-009	9.1219e-009	8.3782e-009	7.9449e-009	8.465e-009	9.1274e-009	8.9674e-009	8.508e-009	8.8017e-009	9.3165e-009	9.7764e-009	1.0212e-008	1.057e-008	1.1564e-008	1.2698e-008	1.4645e-008	1.6518e-008	1.9188e-008	2.0431e-008	2.4443e-008	2.6886e-008	3.006e-008	3.3005e-008	3.9516e-008	4.3909e-008	4.9633e-008	5.3501e-008	5.8288e-008	6.3101e-008	6.9302e-008	7.6085e-008	7.9876e-008	8.3557e-008	8.5974e-008	8.8527e-008	8.9656e-008	9.136e-008	9.2728e-008	9.396e-008	9.5113e-008	9.5728e-008	9.6089e-008	9.6563e-008	9.6997e-008	9.7164e-008	9.6674e-008	9.5637e-008	9.4534e-008	9.3151e-008	9.1728e-008	9.0503e-008	9.0263e-008	8.9826e-008	8.8591e-008	8.7068e-008	8.5899e-008	8.3197e-008	8.0904e-008	7.9289e-008	7.6844e-008	7.5167e-008	7.3489e-008	7.2699e-008	7.1383e-008	6.9494e-008	6.8124e-008	6.7664e-008	6.6942e-008	6.5155e-008	6.3521e-008	6.1586e-008	5.9293e-008	5.6935e-008	5.5123e-008	5.3431e-008	5.0981e-008	4.8133e-008	4.668e-008	4.5518e-008	4.446e-008	4.078e-008	3.9575e-008	3.8024e-008	3.5825e-008	3.4178e-008	3.2467e-008	3.0474e-008	2.8637e-008	2.7452e-008	2.5395e-008	2.2655e-008	2.1808e-008	2.1227e-008	2.0066e-008	1.7997e-008	1.5891e-008	1.4569e-008	1.3702e-008	1.2776e-008	1.2286e-008	1.1462e-008	1.1291e-008	1.1209e-008	1.1158e-008	1.1189e-008	1.1333e-008	1.1216e-008	1.107e-008	1.0751e-008	1.0797e-008	1.117e-008	1.1224e-008	1.1342e-008	1.1707e-008	1.275e-008	1.3912e-008	1.4969e-008	1.5835e-008	1.7758e-008	2.07e-008	2.2658e-008	2.5808e-008	2.8287e-008	3.2663e-008	3.5471e-008	4.0013e-008	4.7194e-008	5.4202e-008	5.8536e-008	6.3497e-008	6.8388e-008	7.4497e-008	7.9715e-008	8.3412e-008	8.6873e-008	8.9304e-008	9.1516e-008	9.3691e-008	9.5956e-008	9.8233e-008	9.9392e-008	9.9887e-008	1.0131e-007	1.0164e-007	1.0159e-007	1.0103e-007	1.0102e-007	1.0093e-007	9.9984e-008	9.869e-008	9.7358e-008	9.6003e-008	9.3988e-008	9.2737e-008	9.1287e-008	8.8416e-008	8.6987e-008	8.659e-008	8.4736e-008	8.39e-008	8.285e-008	8.0245e-008	7.8831e-008	7.8067e-008	7.7076e-008	7.5227e-008	7.1771e-008	7.0262e-008	6.8894e-008	6.713e-008	6.5381e-008	6.4565e-008	6.323e-008	6.1071e-008	6.0174e-008	5.7531e-008	5.6288e-008	5.4337e-008	5.1931e-008	5.0047e-008	4.808e-008	4.5397e-008	4.3005e-008	4.0274e-008	3.9107e-008	3.7369e-008	3.4456e-008	3.2538e-008	3.1646e-008	2.9679e-008	2.8185e-008	2.6962e-008	2.5208e-008	2.3322e-008	2.0553e-008	1.9893e-008	1.8073e-008	1.6049e-008	1.5123e-008	1.4497e-008	1.3633e-008	1.3243e-008	1.2631e-008	1.2303e-008	1.244e-008	1.2517e-008	1.2081e-008	1.1783e-008	1.1273e-008	1.1174e-008	1.2092e-008	1.2345e-008	1.2191e-008	1.2376e-008	1.2502e-008	1.287e-008	1.3176e-008	1.3168e-008
1.2291e-009	1.4625e-009	2.3515e-009	2.372e-009	3.0722e-009	3.8887e-009	6.1441e-009	7.5738e-009	1.0339e-008	1.3266e-008	1.7488e-008	2.0847e-008	2.4093e-008	2.8505e-008	3.402e-008	4.1665e-008	4.7061e-008	5.4467e-008	5.8447e-008	6.3309e-008	6.7479e-008	7.112e-008	7.4568e-008	7.7546e-008	8.0246e-008	8.2812e-008	8.4337e-008	8.4818e-008	8.5458e-008	8.6289e-008	8.7906e-008	8.9236e-008	8.9595e-008	9.0112e-008	8.9699e-008	8.9344e-008	8.8922e-008	8.8343e-008	8.7689e-008	8.5897e-008	8.4789e-008	8.2382e-008	8.0418e-008	7.8948e-008	7.8291e-008	7.7094e-008	7.6025e-008	7.3958e-008	7.1501e-008	7.01e-008	6.8414e-008	6.7068e-008	6.4758e-008	6.3003e-008	6.1654e-008	5.981e-008	5.8621e-008	5.6363e-008	5.5215e-008	5.3333e-008	5.1655e-008	5.078e-008	4.882e-008	4.5924e-008	4.2969e-008	4.1168e-008	3.942e-008	3.7735e-008	3.5844e-008	3.4027e-008	3.2602e-008	3.0522e-008	2.9216e-008	2.7453e-008	2.5217e-008	2.3264e-008	2.1606e-008	1.989e-008	1.8068e-008	1.5988e-008	1.3882e-008	1.1932e-008	1.0434e-008	9.402e-009	7.7469e-009	6.2212e-009	4.587e-009	3.9562e-009	3.69e-009	3.022e-009	2.637e-009	2.7731e-009	2.2957e-009	2.0981e-009	2.2242e-009	2.5091e-009	2.6909e-009	2.9393e-009	3.331e-009	2.9869e-009	3.0347e-009	3.6525e-009	4.6258e-009	6.448e-009	7.3676e-009	9.8779e-009	1.2013e-008	1.4653e-008	1.7716e-008	2.1562e-008	2.5048e-008	2.8439e-008	3.1745e-008	3.5777e-008	3.8932e-008	4.3349e-008	4.8696e-008	5.412e-008	5.8343e-008	6.363e-008	6.7111e-008	7.1075e-008	7.4395e-008	7.6196e-008	7.9597e-008	8.2092e-008	8.5199e-008	8.6183e-008	8.9382e-008	8.9654e-008	9.0349e-008	9.11e-008	9.192e-008	9.2573e-008	9.3126e-008	9.3496e-008	9.3704e-008	9.3588e-008	9.3798e-008	9.293e-008	9.1214e-008	9.0399e-008	8.8469e-008	8.7003e-008	8.5755e-008	8.503e-008	8.2622e-008	8.1081e-008	7.8503e-008	7.6695e-008	7.4432e-008	7.216e-008	6.974e-008	6.8129e-008	6.6483e-008	6.3844e-008	6.2683e-008	6.1819e-008	6.0782e-008	5.9335e-008	5.8131e-008	5.6553e-008	5.5043e-008	5.3805e-008	5.2171e-008	4.9701e-008	4.7134e-008	4.5291e-008	4.3254e-008	4.1159e-008	4.0187e-008	3.8258e-008	3.6241e-008	3.495e-008	3.3346e-008	3.0498e-008	2.9627e-008	2.6301e-008	2.4688e-008	2.3013e-008	2.1657e-008	1.9286e-008	1.7726e-008	1.5778e-008	1.4099e-008	1.2824e-008	1.0386e-008	9.0541e-009	7.9654e-009	6.8667e-009	6.5181e-009	6.1994e-009	5.8495e-009	5.9059e-009	5.451e-009	5.5037e-009	5.326e-009	5.2673e-009	5.6993e-009	5.8008e-009	5.414e-009	5.5163e-009	5.9278e-009	6.1944e-009	5.735e-009	5.8561e-009	6.1173e-009	6.9983e-009	8.7518e-009	1.1066e-008	1.4128e-008	1.6342e-008	1.949e-008	2.2272e-008	2.589e-008	3.0223e-008	3.6153e-008	4.3217e-008	4.8762e-008	5.3727e-008	5.9134e-008	6.4577e-008	7.0252e-008	7.4122e-008	7.7425e-008	8.0788e-008	8.4479e-008	8.8232e-008	9.0264e-008	9.3226e-008	9.6291e-008	9.7529e-008	9.9741e-008	9.9391e-008	9.9042e-008	9.7603e-008	9.6963e-008	9.6803e-008	9.72e-008	9.66e-008	9.513e-008	9.4248e-008	9.2512e-008	8.9632e-008	8.8135e-008	8.6967e-008	8.598e-008	8.4585e-008	8.3063e-008	8.1518e-008	7.9526e-008	7.81e-008	7.6962e-008	7.5743e-008	7.3897e-008	7.1741e-008	6.9762e-008	6.8396e-008	6.7826e-008	6.6449e-008	6.4529e-008	6.1738e-008	5.9953e-008	5.7777e-008	5.6114e-008	5.4445e-008	5.0755e-008	4.6567e-008	4.4702e-008	4.2909e-008	4.0886e-008	3.8512e-008	3.7272e-008	3.5414e-008	3.383e-008	3.1924e-008	3.103e-008	2.9445e-008	2.6567e-008	2.5744e-008	2.4358e-008	2.275e-008	2.1024e-008	1.9739e-008	1.7867e-008	1.676e-008	1.5359e-008	1.4023e-008	1.2697e-008	1.0972e-008	1.0408e-008	9.6572e-009	9.2635e-009	8.7729e-009	9.3258e-009	9.1484e-009	8.7159e-009	8.1634e-009	8.4063e-009	8.7112e-009	8.7771e-009	8.3133e-009	8.8744e-009	9.4042e-009	9.2559e-009	9.5401e-009	1.024e-008	1.1032e-008	1.2697e-008	1.4359e-008	1.626e-008	1.9132e-008	2.1037e-008	2.4141e-008	2.6288e-008	3.0136e-008	3.3809e-008	3.9531e-008	4.4385e-008	4.8752e-008	5.3357e-008	5.7928e-008	6.2696e-008	6.861e-008	7.4281e-008	7.9902e-008	8.4123e-008	8.579e-008	8.8523e-008	8.9836e-008	9.1084e-008	9.2779e-008	9.3817e-008	9.502e-008	9.5765e-008	9.6072e-008	9.6648e-008	9.6977e-008	9.7202e-008	9.6779e-008	9.5833e-008	9.4919e-008	9.3741e-008	9.2587e-008	9.1226e-008	9.0831e-008	9.0153e-008	8.9258e-008	8.7003e-008	8.6247e-008	8.3408e-008	8.1064e-008	7.8622e-008	7.7231e-008	7.5193e-008	7.3434e-008	7.2192e-008	7.1168e-008	6.9972e-008	6.9032e-008	6.8174e-008	6.6172e-008	6.5108e-008	6.2702e-008	6.1087e-008	5.8772e-008	5.727e-008	5.5567e-008	5.3787e-008	5.144e-008	4.9628e-008	4.6199e-008	4.5212e-008	4.4208e-008	4.131e-008	3.9507e-008	3.8107e-008	3.506e-008	3.4076e-008	3.256e-008	2.9918e-008	2.7944e-008	2.6598e-008	2.5229e-008	2.3059e-008	2.1777e-008	2.0714e-008	1.945e-008	1.673e-008	1.5568e-008	1.4815e-008	1.3919e-008	1.2817e-008	1.1878e-008	1.1544e-008	1.1484e-008	1.1332e-008	1.1079e-008	1.0934e-008	1.1148e-008	1.0942e-008	1.0929e-008	1.0892e-008	1.1167e-008	1.1098e-008	1.114e-008	1.1356e-008	1.1878e-008	1.3221e-008	1.4558e-008	1.5402e-008	1.7118e-008	1.8367e-008	2.0904e-008	2.4142e-008	2.7478e-008	2.9379e-008	3.377e-008	3.768e-008	4.2203e-008	4.8765e-008	5.3585e-008	5.7426e-008	6.3845e-008	6.8475e-008	7.4897e-008	8.0015e-008	8.2737e-008	8.6168e-008	8.8931e-008	9.1578e-008	9.3395e-008	9.5394e-008	9.7998e-008	9.9792e-008	1.0059e-007	1.0125e-007	1.012e-007	1.0096e-007	1.0122e-007	1.0075e-007	1.0028e-007	9.976e-008	9.8204e-008	9.7314e-008	9.5783e-008	9.4226e-008	9.2722e-008	9.0504e-008	8.7353e-008	8.6848e-008	8.6328e-008	8.4368e-008	8.4122e-008	8.2222e-008	8.0767e-008	7.8949e-008	7.7906e-008	7.6918e-008	7.5542e-008	7.2115e-008	7.0633e-008	6.928e-008	6.6981e-008	6.642e-008	6.4139e-008	6.3259e-008	6.1003e-008	5.997e-008	5.7093e-008	5.6453e-008	5.4123e-008	5.2051e-008	4.9867e-008	4.8791e-008	4.5649e-008	4.2764e-008	3.9977e-008	3.8376e-008	3.6008e-008	3.4155e-008	3.2569e-008	3.1648e-008	3.0407e-008	2.8814e-008	2.6648e-008	2.4967e-008	2.3613e-008	2.1148e-008	1.9196e-008	1.771e-008	1.649e-008	1.4983e-008	1.4427e-008	1.3657e-008	1.3002e-008	1.2783e-008	1.2578e-008	1.2467e-008	1.2461e-008	1.2117e-008	1.2187e-008	1.1847e-008	1.1693e-008	1.1853e-008	1.1912e-008	1.2009e-008	1.1891e-008	1.2068e-008	1.2751e-008	1.3309e-008	1.329e-008
6.8062e-010	1.2688e-009	1.7912e-009	1.7351e-009	2.2586e-009	3.4693e-009	5.5894e-009	7.1539e-009	1.0463e-008	1.2191e-008	1.6482e-008	1.9655e-008	2.3671e-008	2.7063e-008	3.1968e-008	4.0094e-008	4.5977e-008	5.3789e-008	5.8518e-008	6.3107e-008	6.7001e-008	7.085e-008	7.4404e-008	7.7292e-008	7.9541e-008	8.1173e-008	8.3358e-008	8.408e-008	8.4806e-008	8.5478e-008	8.7475e-008	8.851e-008	8.8995e-008	8.9562e-008	8.8764e-008	8.804e-008	8.7634e-008	8.7262e-008	8.6687e-008	8.4262e-008	8.3607e-008	8.169e-008	8.0566e-008	7.9333e-008	7.803e-008	7.6878e-008	7.5595e-008	7.3578e-008	7.157e-008	6.9348e-008	6.7317e-008	6.6377e-008	6.4702e-008	6.3561e-008	6.1747e-008	6.0115e-008	5.7504e-008	5.6205e-008	5.4667e-008	5.2722e-008	5.1114e-008	5.0156e-008	4.8442e-008	4.592e-008	4.2098e-008	4.0216e-008	3.8461e-008	3.7201e-008	3.5639e-008	3.3773e-008	3.2257e-008	3.0459e-008	2.8442e-008	2.6551e-008	2.4653e-008	2.2838e-008	2.0193e-008	1.9159e-008	1.7683e-008	1.5522e-008	1.3551e-008	1.1837e-008	9.8579e-009	8.7643e-009	6.9393e-009	5.0413e-009	3.9638e-009	3.4645e-009	3.1414e-009	2.4817e-009	2.4626e-009	2.2728e-009	1.6697e-009	1.8683e-009	2.0227e-009	2.2107e-009	2.3172e-009	2.2356e-009	2.5097e-009	2.7665e-009	2.788e-009	3.3354e-009	4.5556e-009	5.5468e-009	6.9058e-009	8.6504e-009	1.1577e-008	1.301e-008	1.7735e-008	2.0334e-008	2.3368e-008	2.6641e-008	3.1237e-008	3.5429e-008	3.8437e-008	4.2121e-008	4.6693e-008	5.218e-008	5.7398e-008	6.1746e-008	6.6488e-008	7.0164e-008	7.4058e-008	7.5133e-008	7.8956e-008	8.1402e-008	8.4942e-008	8.6084e-008	8.8632e-008	8.9003e-008	8.9475e-008	9.001e-008	9.0726e-008	9.1548e-008	9.2149e-008	9.2976e-008	9.2852e-008	9.2585e-008	9.29e-008	9.1937e-008	9.0925e-008	8.9478e-008	8.8452e-008	8.6399e-008	8.5102e-008	8.4371e-008	8.1954e-008	7.9064e-008	7.7654e-008	7.6245e-008	7.4507e-008	7.2709e-008	7.0443e-008	6.8334e-008	6.6273e-008	6.4589e-008	6.3317e-008	6.2639e-008	6.1747e-008	5.9862e-008	5.6978e-008	5.623e-008	5.4912e-008	5.3327e-008	5.1824e-008	5.0024e-008	4.6872e-008	4.5252e-008	4.4251e-008	4.1284e-008	3.9381e-008	3.8188e-008	3.5747e-008	3.469e-008	3.3477e-008	3.0967e-008	2.9507e-008	2.7094e-008	2.5164e-008	2.2858e-008	2.0826e-008	1.873e-008	1.7296e-008	1.5656e-008	1.3579e-008	1.2676e-008	1.0549e-008	8.8418e-009	7.5572e-009	6.5714e-009	6.0874e-009	5.8817e-009	5.1812e-009	4.9851e-009	4.8107e-009	5.0094e-009	4.9017e-009	4.9277e-009	5.2184e-009	5.2852e-009	5.1404e-009	5.6113e-009	5.5056e-009	5.647e-009	5.5114e-009	5.6217e-009	5.9292e-009	6.7735e-009	7.6803e-009	1.0197e-008	1.3265e-008	1.5512e-008	1.8913e-008	2.2009e-008	2.4346e-008	3.0283e-008	3.5682e-008	4.3777e-008	4.8734e-008	5.3104e-008	5.8735e-008	6.5189e-008	6.8694e-008	7.3565e-008	7.6852e-008	8.091e-008	8.5387e-008	8.848e-008	9.1308e-008	9.3377e-008	9.5957e-008	9.7565e-008	9.9156e-008	9.8835e-008	9.8541e-008	9.7579e-008	9.7034e-008	9.6832e-008	9.7048e-008	9.6779e-008	9.5153e-008	9.3889e-008	9.2916e-008	8.9244e-008	8.8049e-008	8.6687e-008	8.5208e-008	8.4397e-008	8.2468e-008	8.1207e-008	7.9221e-008	7.7891e-008	7.7079e-008	7.5851e-008	7.4149e-008	7.2588e-008	6.9594e-008	6.8474e-008	6.6966e-008	6.5619e-008	6.3488e-008	6.1285e-008	5.9364e-008	5.6756e-008	5.5589e-008	5.4207e-008	5.0306e-008	4.5786e-008	4.4414e-008	4.2076e-008	4.0552e-008	3.8534e-008	3.7122e-008	3.5398e-008	3.3938e-008	3.2196e-008	3.0881e-008	2.9078e-008	2.6311e-008	2.512e-008	2.3654e-008	2.2042e-008	2.094e-008	1.9115e-008	1.8092e-008	1.6473e-008	1.5221e-008	1.389e-008	1.1603e-008	1.0765e-008	1.0148e-008	9.3367e-009	8.6295e-009	8.5203e-009	8.755e-009	8.757e-009	8.5155e-009	7.8043e-009	7.7516e-009	7.8198e-009	8.1796e-009	8.1779e-009	9.1207e-009	8.6996e-009	8.6641e-009	8.9416e-009	9.4518e-009	1.0433e-008	1.194e-008	1.3935e-008	1.5873e-008	1.8457e-008	2.041e-008	2.2653e-008	2.5821e-008	3.0261e-008	3.3839e-008	3.9501e-008	4.3852e-008	4.7457e-008	5.2853e-008	5.6947e-008	6.2184e-008	6.8112e-008	7.4114e-008	7.9753e-008	8.2843e-008	8.3978e-008	8.79e-008	8.9482e-008	9.0488e-008	9.1924e-008	9.2954e-008	9.453e-008	9.5384e-008	9.5926e-008	9.6389e-008	9.6506e-008	9.6645e-008	9.647e-008	9.5769e-008	9.4601e-008	9.3736e-008	9.2257e-008	9.1281e-008	9.0834e-008	9.0335e-008	8.8888e-008	8.7806e-008	8.5567e-008	8.2943e-008	7.9675e-008	7.8515e-008	7.6807e-008	7.5967e-008	7.4385e-008	7.2764e-008	7.1478e-008	7.0488e-008	6.916e-008	6.816e-008	6.6068e-008	6.4557e-008	6.1965e-008	5.9614e-008	5.7856e-008	5.6815e-008	5.5412e-008	5.3294e-008	5.1224e-008	4.9744e-008	4.6361e-008	4.5048e-008	4.3586e-008	4.1699e-008	3.9291e-008	3.7101e-008	3.5471e-008	3.3795e-008	3.2037e-008	2.8573e-008	2.7644e-008	2.6017e-008	2.4599e-008	2.3031e-008	2.081e-008	1.9694e-008	1.8723e-008	1.7431e-008	1.5768e-008	1.4344e-008	1.3576e-008	1.2314e-008	1.184e-008	1.1184e-008	1.1026e-008	1.0835e-008	1.0806e-008	1.0581e-008	1.0298e-008	1.0239e-008	1.0462e-008	1.1063e-008	1.0833e-008	1.075e-008	1.0696e-008	1.096e-008	1.1527e-008	1.2315e-008	1.4017e-008	1.5304e-008	1.7161e-008	1.8409e-008	2.1356e-008	2.3727e-008	2.7284e-008	3.0321e-008	3.3729e-008	3.7362e-008	4.1032e-008	4.8149e-008	5.2913e-008	5.7677e-008	6.2681e-008	6.7464e-008	7.3219e-008	7.8642e-008	8.2167e-008	8.5098e-008	8.8169e-008	9.0401e-008	9.2755e-008	9.407e-008	9.704e-008	9.912e-008	1.0027e-007	1.0187e-007	1.0121e-007	1.0141e-007	1.0124e-007	1.0026e-007	9.9646e-008	9.9316e-008	9.8037e-008	9.7068e-008	9.5549e-008	9.3955e-008	9.2033e-008	8.9934e-008	8.7406e-008	8.6464e-008	8.5841e-008	8.4351e-008	8.381e-008	8.2976e-008	8.1306e-008	7.9312e-008	7.788e-008	7.6859e-008	7.5229e-008	7.2893e-008	7.0524e-008	6.974e-008	6.7668e-008	6.6289e-008	6.3663e-008	6.2178e-008	6.0406e-008	5.896e-008	5.6627e-008	5.5089e-008	5.3324e-008	5.1268e-008	4.9704e-008	4.7578e-008	4.4952e-008	4.3247e-008	4.0246e-008	3.8207e-008	3.5735e-008	3.3993e-008	3.2526e-008	3.1899e-008	3.0951e-008	2.8867e-008	2.6796e-008	2.4366e-008	2.3182e-008	2.0819e-008	1.9209e-008	1.7459e-008	1.6216e-008	1.4546e-008	1.4156e-008	1.3496e-008	1.3162e-008	1.2673e-008	1.2389e-008	1.214e-008	1.1987e-008	1.1841e-008	1.2001e-008	1.1875e-008	1.1755e-008	1.1491e-008	1.1512e-008	1.1414e-008	1.1922e-008	1.2328e-008	1.266e-008	1.2977e-008	1.2978e-008
4.772e-010	1.0548e-009	1.4136e-009	1.5239e-009	2.1594e-009	3.4856e-009	5.6262e-009	7.0908e-009	9.9062e-009	1.1847e-008	1.5615e-008	1.9862e-008	2.4007e-008	2.7174e-008	3.2881e-008	3.9121e-008	4.5838e-008	5.3168e-008	5.9085e-008	6.2769e-008	6.7233e-008	7.0826e-008	7.4158e-008	7.6309e-008	7.8817e-008	8.0704e-008	8.2509e-008	8.354e-008	8.4575e-008	8.5137e-008	8.6759e-008	8.7576e-008	8.7965e-008	8.834e-008	8.8337e-008	8.7958e-008	8.7608e-008	8.6779e-008	8.572e-008	8.4158e-008	8.3291e-008	8.2326e-008	8.0932e-008	7.9637e-008	7.8236e-008	7.6552e-008	7.4519e-008	7.325e-008	7.1727e-008	6.9807e-008	6.8135e-008	6.6017e-008	6.4022e-008	6.3588e-008	6.3181e-008	6.1311e-008	5.8505e-008	5.6883e-008	5.3837e-008	5.2726e-008	5.1256e-008	5.0163e-008	4.8507e-008	4.7075e-008	4.3704e-008	4.0207e-008	3.8623e-008	3.7363e-008	3.4916e-008	3.3093e-008	3.1844e-008	3.0114e-008	2.856e-008	2.6778e-008	2.4741e-008	2.3597e-008	2.0043e-008	1.8659e-008	1.7102e-008	1.5586e-008	1.3275e-008	1.1857e-008	1.0169e-008	8.2745e-009	6.9986e-009	5.3408e-009	3.9225e-009	3.1539e-009	2.7495e-009	2.3709e-009	2.5362e-009	2.2694e-009	1.7998e-009	1.6428e-009	1.8716e-009	2.0539e-009	2.243e-009	1.9262e-009	2.21e-009	2.6343e-009	2.9909e-009	3.4148e-009	4.3291e-009	5.2969e-009	6.4515e-009	8.6112e-009	1.1621e-008	1.3816e-008	1.7806e-008	1.9599e-008	2.322e-008	2.6238e-008	3.0141e-008	3.4741e-008	3.8557e-008	4.2078e-008	4.7348e-008	5.267e-008	5.7596e-008	6.2346e-008	6.527e-008	6.9385e-008	7.3757e-008	7.5306e-008	7.8357e-008	8.0964e-008	8.4281e-008	8.6231e-008	8.7986e-008	8.8147e-008	8.8381e-008	8.9323e-008	9.0017e-008	9.1102e-008	9.1968e-008	9.2839e-008	9.2748e-008	9.2379e-008	9.1907e-008	9.097e-008	9.0735e-008	8.9355e-008	8.8322e-008	8.6622e-008	8.5091e-008	8.3409e-008	8.1512e-008	7.9119e-008	7.7092e-008	7.6003e-008	7.4102e-008	7.2753e-008	7.0683e-008	6.8091e-008	6.597e-008	6.4346e-008	6.3548e-008	6.3087e-008	6.1827e-008	6.0402e-008	5.6919e-008	5.6088e-008	5.4601e-008	5.275e-008	5.1346e-008	5.005e-008	4.6955e-008	4.5281e-008	4.3595e-008	4.2648e-008	3.9428e-008	3.8123e-008	3.6216e-008	3.4062e-008	3.3037e-008	3.0121e-008	2.9394e-008	2.7471e-008	2.5691e-008	2.3555e-008	2.0076e-008	1.8824e-008	1.7146e-008	1.5333e-008	1.4046e-008	1.1476e-008	9.6957e-009	9.1774e-009	7.5899e-009	6.6667e-009	5.7163e-009	5.3741e-009	4.9102e-009	4.9556e-009	5.1752e-009	5.3758e-009	4.9383e-009	5.2319e-009	5.4315e-009	5.4449e-009	5.169e-009	5.7426e-009	5.6064e-009	5.723e-009	5.8572e-009	5.9665e-009	6.5184e-009	6.871e-009	7.844e-009	1.0441e-008	1.2626e-008	1.6734e-008	1.9167e-008	2.2037e-008	2.6672e-008	3.0514e-008	3.6067e-008	4.3124e-008	4.8926e-008	5.347e-008	5.907e-008	6.3192e-008	6.8174e-008	7.2811e-008	7.6215e-008	8.0575e-008	8.6233e-008	8.9248e-008	9.1511e-008	9.3229e-008	9.5783e-008	9.6864e-008	9.8082e-008	9.8743e-008	9.9193e-008	9.8264e-008	9.732e-008	9.6742e-008	9.6767e-008	9.6507e-008	9.4791e-008	9.3473e-008	9.2276e-008	8.9626e-008	8.809e-008	8.6232e-008	8.5229e-008	8.3857e-008	8.2544e-008	8.1361e-008	7.9563e-008	7.8659e-008	7.7038e-008	7.6206e-008	7.4606e-008	7.1095e-008	7.0192e-008	6.9142e-008	6.6504e-008	6.5608e-008	6.3291e-008	6.0649e-008	5.8618e-008	5.6229e-008	5.5245e-008	5.3899e-008	5.0242e-008	4.6271e-008	4.4751e-008	4.2179e-008	4.0293e-008	3.8797e-008	3.6582e-008	3.5546e-008	3.411e-008	3.2789e-008	3.0758e-008	2.917e-008	2.7066e-008	2.4994e-008	2.3497e-008	2.2206e-008	2.0414e-008	1.9288e-008	1.7707e-008	1.6647e-008	1.5393e-008	1.3412e-008	1.1206e-008	1.0691e-008	9.7064e-009	9.2639e-009	8.7782e-009	8.3896e-009	8.3461e-009	8.3142e-009	8.2751e-009	8.026e-009	7.94e-009	7.9031e-009	8.0258e-009	8.2611e-009	8.7912e-009	8.7359e-009	8.537e-009	8.7526e-009	9.3947e-009	1.0785e-008	1.1999e-008	1.4644e-008	1.5847e-008	1.8557e-008	2.0881e-008	2.3903e-008	2.6666e-008	3.0823e-008	3.561e-008	3.9521e-008	4.3909e-008	4.8447e-008	5.2948e-008	5.7313e-008	6.2688e-008	6.7927e-008	7.4e-008	7.8293e-008	8.2511e-008	8.5361e-008	8.7571e-008	8.8983e-008	9.0501e-008	9.1568e-008	9.2974e-008	9.37e-008	9.4915e-008	9.6172e-008	9.6609e-008	9.6831e-008	9.6455e-008	9.6245e-008	9.5917e-008	9.4908e-008	9.3723e-008	9.2675e-008	9.1577e-008	9.0716e-008	9.0679e-008	8.8773e-008	8.7931e-008	8.5159e-008	8.3327e-008	7.9836e-008	7.817e-008	7.649e-008	7.6173e-008	7.4921e-008	7.3243e-008	7.1681e-008	7.0318e-008	6.866e-008	6.765e-008	6.528e-008	6.429e-008	6.184e-008	5.8754e-008	5.768e-008	5.696e-008	5.4744e-008	5.2695e-008	5.1047e-008	4.9382e-008	4.7483e-008	4.4648e-008	4.3413e-008	4.1543e-008	3.919e-008	3.7159e-008	3.523e-008	3.3754e-008	3.2343e-008	2.9495e-008	2.7508e-008	2.5788e-008	2.4094e-008	2.2669e-008	2.0335e-008	1.916e-008	1.8548e-008	1.6598e-008	1.5393e-008	1.3971e-008	1.2903e-008	1.199e-008	1.1414e-008	1.0973e-008	1.0964e-008	1.07e-008	1.0672e-008	1.0618e-008	1.0455e-008	1.0104e-008	1.0455e-008	1.1035e-008	1.0631e-008	1.0713e-008	1.1153e-008	1.1462e-008	1.1835e-008	1.2667e-008	1.4313e-008	1.5825e-008	1.6874e-008	1.978e-008	2.2083e-008	2.4747e-008	2.8167e-008	3.1096e-008	3.3982e-008	3.7785e-008	4.3013e-008	4.8141e-008	5.1264e-008	5.7191e-008	6.2245e-008	6.6582e-008	7.3228e-008	7.7728e-008	8.1978e-008	8.4206e-008	8.7107e-008	8.9873e-008	9.222e-008	9.478e-008	9.6224e-008	9.9096e-008	1.0177e-007	1.0217e-007	1.0173e-007	1.0208e-007	1.0164e-007	1.0026e-007	9.9741e-008	9.9177e-008	9.8284e-008	9.7257e-008	9.5519e-008	9.428e-008	9.1972e-008	8.8888e-008	8.7358e-008	8.6182e-008	8.507e-008	8.3934e-008	8.3209e-008	8.2745e-008	8.1487e-008	7.9543e-008	7.7798e-008	7.607e-008	7.4677e-008	7.147e-008	7.0982e-008	6.9494e-008	6.7755e-008	6.5982e-008	6.3662e-008	6.1923e-008	6.019e-008	5.8288e-008	5.586e-008	5.4757e-008	5.2265e-008	5.0655e-008	4.9144e-008	4.7967e-008	4.5546e-008	4.3437e-008	3.9956e-008	3.8394e-008	3.6071e-008	3.4106e-008	3.2978e-008	3.2181e-008	3.0659e-008	2.8421e-008	2.6616e-008	2.4452e-008	2.2563e-008	2.0734e-008	1.8925e-008	1.7422e-008	1.6219e-008	1.456e-008	1.3901e-008	1.3369e-008	1.3278e-008	1.2784e-008	1.2062e-008	1.1947e-008	1.1849e-008	1.2019e-008	1.2253e-008	1.2215e-008	1.2135e-008	1.218e-008	1.2029e-008	1.193e-008	1.21e-008	1.2406e-008	1.2704e-008	1.2995e-008	1.2861e-008
4.2331e-010	8.5834e-010	1.3579e-009	1.4891e-009	2.0478e-009	3.1187e-009	4.8312e-009	7.3369e-009	9.81e-009	1.1908e-008	1.563e-008	1.9138e-008	2.3917e-008	2.7855e-008	3.3034e-008	3.9311e-008	4.5175e-008	5.1656e-008	5.7345e-008	6.1585e-008	6.7118e-008	7.0429e-008	7.2531e-008	7.6231e-008	7.8029e-008	7.9976e-008	8.1888e-008	8.3374e-008	8.4329e-008	8.5662e-008	8.6916e-008	8.715e-008	8.771e-008	8.848e-008	8.8603e-008	8.9046e-008	8.8142e-008	8.6387e-008	8.5668e-008	8.4352e-008	8.3494e-008	8.2648e-008	8.1671e-008	7.9523e-008	7.8865e-008	7.6678e-008	7.4677e-008	7.2374e-008	7.1265e-008	6.9422e-008	6.8041e-008	6.6467e-008	6.4775e-008	6.403e-008	6.3774e-008	6.2777e-008	5.9179e-008	5.7412e-008	5.5636e-008	5.2836e-008	5.1271e-008	5.029e-008	4.8084e-008	4.6312e-008	4.2863e-008	4.0046e-008	3.8869e-008	3.7564e-008	3.4998e-008	3.3486e-008	3.1726e-008	2.9849e-008	2.8727e-008	2.6947e-008	2.4394e-008	2.3577e-008	2.0914e-008	1.9052e-008	1.7222e-008	1.5459e-008	1.3009e-008	1.1274e-008	1.0209e-008	7.821e-009	6.5872e-009	4.9136e-009	3.9167e-009	3.0479e-009	2.1761e-009	2.3149e-009	2.5349e-009	2.3137e-009	1.7279e-009	1.5408e-009	1.8601e-009	2.0845e-009	1.9384e-009	1.7012e-009	2.1154e-009	2.9366e-009	3.271e-009	3.7402e-009	4.3296e-009	5.2304e-009	7.2312e-009	8.9801e-009	1.1762e-008	1.4166e-008	1.7095e-008	1.9924e-008	2.2811e-008	2.5286e-008	2.8831e-008	3.3967e-008	3.8192e-008	4.1696e-008	4.6831e-008	5.1764e-008	5.6367e-008	6.1067e-008	6.576e-008	6.9259e-008	7.2644e-008	7.4731e-008	7.7618e-008	8.0836e-008	8.2406e-008	8.4752e-008	8.6208e-008	8.7407e-008	8.8521e-008	8.949e-008	9.0485e-008	9.0878e-008	9.1559e-008	9.2379e-008	9.271e-008	9.252e-008	9.2406e-008	9.091e-008	9.0252e-008	8.9103e-008	8.8022e-008	8.615e-008	8.4891e-008	8.2971e-008	8.102e-008	7.8903e-008	7.7118e-008	7.5801e-008	7.4834e-008	7.3294e-008	7.0632e-008	6.8632e-008	6.6653e-008	6.5023e-008	6.3203e-008	6.2669e-008	6.1812e-008	5.9887e-008	5.8202e-008	5.5955e-008	5.4162e-008	5.2681e-008	5.112e-008	4.9225e-008	4.7008e-008	4.5407e-008	4.3551e-008	4.2509e-008	4.0246e-008	3.8579e-008	3.6091e-008	3.4436e-008	3.2656e-008	3.0245e-008	2.9631e-008	2.8334e-008	2.5267e-008	2.3706e-008	1.9816e-008	1.8621e-008	1.7649e-008	1.5896e-008	1.4183e-008	1.2e-008	1.0511e-008	9.1989e-009	8.0126e-009	6.835e-009	6.0234e-009	4.8915e-009	4.8702e-009	5.1539e-009	5.7611e-009	5.4433e-009	5.3217e-009	5.337e-009	5.5182e-009	5.4565e-009	5.6858e-009	5.8658e-009	5.8021e-009	6.0458e-009	6.0243e-009	5.9375e-009	6.4904e-009	7.5171e-009	8.9805e-009	1.078e-008	1.2507e-008	1.6488e-008	1.8906e-008	2.1631e-008	2.5792e-008	3.0053e-008	3.626e-008	4.2059e-008	4.8542e-008	5.3866e-008	5.8279e-008	6.381e-008	6.7718e-008	7.1597e-008	7.48e-008	7.9798e-008	8.4159e-008	8.8198e-008	9.1291e-008	9.2926e-008	9.5101e-008	9.6405e-008	9.6946e-008	9.8719e-008	9.922e-008	9.8646e-008	9.7736e-008	9.6786e-008	9.6398e-008	9.5778e-008	9.5032e-008	9.3882e-008	9.2431e-008	8.9313e-008	8.8268e-008	8.6081e-008	8.5257e-008	8.3782e-008	8.2634e-008	8.1377e-008	8.0295e-008	7.9327e-008	7.7072e-008	7.6296e-008	7.5262e-008	7.2706e-008	7.0945e-008	6.9552e-008	6.8217e-008	6.5936e-008	6.3487e-008	5.9942e-008	5.7705e-008	5.6509e-008	5.5054e-008	5.383e-008	4.9842e-008	4.6717e-008	4.5016e-008	4.2614e-008	4.0479e-008	3.9331e-008	3.6252e-008	3.5554e-008	3.3566e-008	3.2669e-008	3.0924e-008	2.8981e-008	2.7101e-008	2.4932e-008	2.3674e-008	2.1956e-008	2.0493e-008	1.9331e-008	1.7988e-008	1.6212e-008	1.5035e-008	1.3103e-008	1.1349e-008	1.0341e-008	9.4159e-009	9.4004e-009	8.7832e-009	8.4601e-009	8.404e-009	7.9805e-009	7.6973e-009	7.8202e-009	7.994e-009	7.7818e-009	7.6782e-009	7.953e-009	8.5033e-009	8.5477e-009	8.679e-009	8.8643e-009	9.6569e-009	1.0669e-008	1.1275e-008	1.4005e-008	1.5715e-008	1.8023e-008	2.1148e-008	2.4233e-008	2.6843e-008	3.03e-008	3.5623e-008	3.8954e-008	4.3407e-008	4.8477e-008	5.3332e-008	5.8429e-008	6.2882e-008	6.7153e-008	7.2182e-008	7.8516e-008	8.1541e-008	8.4725e-008	8.723e-008	8.8407e-008	9.0488e-008	9.193e-008	9.3181e-008	9.4933e-008	9.6637e-008	9.7032e-008	9.7232e-008	9.739e-008	9.6674e-008	9.6087e-008	9.5718e-008	9.4969e-008	9.368e-008	9.2731e-008	9.1466e-008	9.0581e-008	9.0676e-008	8.9701e-008	8.7761e-008	8.4995e-008	8.3126e-008	8.0469e-008	7.8906e-008	7.7569e-008	7.6726e-008	7.5222e-008	7.2902e-008	7.1255e-008	7.0294e-008	6.8937e-008	6.6815e-008	6.4497e-008	6.345e-008	6.0912e-008	5.8792e-008	5.7977e-008	5.7071e-008	5.4515e-008	5.2335e-008	5.1047e-008	4.9001e-008	4.7185e-008	4.4472e-008	4.3035e-008	4.095e-008	3.8601e-008	3.6313e-008	3.4988e-008	3.3875e-008	3.2013e-008	2.8762e-008	2.7552e-008	2.5822e-008	2.3915e-008	2.2314e-008	2.0041e-008	1.929e-008	1.833e-008	1.6142e-008	1.475e-008	1.3372e-008	1.2401e-008	1.1678e-008	1.116e-008	1.1061e-008	1.0938e-008	1.0632e-008	1.0554e-008	1.0478e-008	1.0559e-008	1.0274e-008	1.0345e-008	1.0441e-008	1.0327e-008	1.0761e-008	1.1516e-008	1.1627e-008	1.211e-008	1.3524e-008	1.4517e-008	1.5294e-008	1.7992e-008	2.038e-008	2.2406e-008	2.5441e-008	2.8796e-008	3.1399e-008	3.4234e-008	3.7512e-008	4.1702e-008	4.655e-008	5.0995e-008	5.682e-008	6.1782e-008	6.664e-008	7.3284e-008	7.852e-008	8.0992e-008	8.4181e-008	8.7017e-008	8.9504e-008	9.2206e-008	9.4497e-008	9.7349e-008	1.0035e-007	1.0226e-007	1.0336e-007	1.0364e-007	1.0299e-007	1.0189e-007	1.006e-007	1.002e-007	9.8563e-008	9.7651e-008	9.6907e-008	9.5187e-008	9.3782e-008	9.2406e-008	8.9617e-008	8.6515e-008	8.5342e-008	8.4113e-008	8.3317e-008	8.2805e-008	8.251e-008	8.1972e-008	7.8792e-008	7.6753e-008	7.5041e-008	7.3915e-008	7.1671e-008	7.1297e-008	6.932e-008	6.7461e-008	6.573e-008	6.4412e-008	6.247e-008	5.9974e-008	5.8053e-008	5.6346e-008	5.3793e-008	5.19e-008	4.9242e-008	4.8052e-008	4.6868e-008	4.5428e-008	4.3249e-008	3.974e-008	3.8388e-008	3.5955e-008	3.4184e-008	3.306e-008	3.2302e-008	2.9238e-008	2.7608e-008	2.6429e-008	2.4211e-008	2.2705e-008	2.0509e-008	1.8803e-008	1.7187e-008	1.6244e-008	1.4726e-008	1.354e-008	1.3034e-008	1.2906e-008	1.2725e-008	1.2514e-008	1.2178e-008	1.2169e-008	1.2355e-008	1.2381e-008	1.2267e-008	1.2168e-008	1.2467e-008	1.2173e-008	1.196e-008	1.2026e-008	1.2499e-008	1.2441e-008	1.2877e-008	1.3218e-008
1.7877e-010	5.1224e-010	9.9239e-010	1.1708e-009	1.9793e-009	2.9114e-009	4.2023e-009	6.9324e-009	9.0515e-009	1.187e-008	1.5595e-008	1.8628e-008	2.3768e-008	2.7752e-008	3.4361e-008	4.0188e-008	4.6014e-008	5.1938e-008	5.7735e-008	6.1343e-008	6.5246e-008	7.057e-008	7.2474e-008	7.4882e-008	7.7433e-008	7.9091e-008	8.1567e-008	8.3206e-008	8.4248e-008	8.6389e-008	8.7735e-008	8.7647e-008	8.9021e-008	8.9431e-008	8.9796e-008	8.9714e-008	8.8647e-008	8.7975e-008	8.6686e-008	8.4999e-008	8.3343e-008	8.2899e-008	8.214e-008	8.0029e-008	7.8641e-008	7.6101e-008	7.4464e-008	7.2786e-008	7.0608e-008	6.8893e-008	6.7651e-008	6.6463e-008	6.4939e-008	6.4172e-008	6.3557e-008	6.235e-008	5.9741e-008	5.8264e-008	5.6465e-008	5.3385e-008	5.1997e-008	4.9753e-008	4.7466e-008	4.5951e-008	4.1953e-008	4.1105e-008	3.9079e-008	3.7671e-008	3.521e-008	3.3131e-008	3.1201e-008	2.9757e-008	2.8016e-008	2.6681e-008	2.5027e-008	2.238e-008	2.0661e-008	1.8696e-008	1.6929e-008	1.5352e-008	1.3228e-008	1.149e-008	1.0094e-008	7.8542e-009	6.5464e-009	4.6041e-009	3.7357e-009	2.6828e-009	2.5666e-009	2.1516e-009	2.4267e-009	2.0472e-009	1.1621e-009	1.4129e-009	1.6599e-009	1.6577e-009	1.8063e-009	2.0839e-009	2.3739e-009	2.8183e-009	3.2868e-009	3.6669e-009	4.1285e-009	5.6567e-009	7.3495e-009	8.8211e-009	1.1436e-008	1.3916e-008	1.6757e-008	1.9597e-008	2.2951e-008	2.5811e-008	2.9342e-008	3.2215e-008	3.79e-008	4.1096e-008	4.6754e-008	5.133e-008	5.6463e-008	6.1457e-008	6.5172e-008	6.8486e-008	7.1289e-008	7.3469e-008	7.711e-008	7.9468e-008	8.1967e-008	8.3556e-008	8.4957e-008	8.6514e-008	8.8133e-008	8.9766e-008	9.1366e-008	9.1249e-008	9.1664e-008	9.2146e-008	9.2605e-008	9.2749e-008	9.247e-008	9.1589e-008	9.0013e-008	8.8637e-008	8.7528e-008	8.6245e-008	8.5517e-008	8.4035e-008	8.1399e-008	7.863e-008	7.7387e-008	7.5988e-008	7.5385e-008	7.4518e-008	7.175e-008	6.8966e-008	6.7473e-008	6.455e-008	6.3163e-008	6.2236e-008	6.0581e-008	5.9441e-008	5.8974e-008	5.6294e-008	5.5027e-008	5.3094e-008	5.1942e-008	4.8533e-008	4.6575e-008	4.5029e-008	4.3315e-008	4.216e-008	4.0164e-008	3.7888e-008	3.6088e-008	3.4128e-008	3.3205e-008	3.1705e-008	3.033e-008	2.8613e-008	2.4923e-008	2.3026e-008	2.07e-008	1.8879e-008	1.7904e-008	1.6304e-008	1.4462e-008	1.1952e-008	1.1032e-008	9.3116e-009	8.6954e-009	6.9976e-009	6.1355e-009	5.0958e-009	4.9362e-009	6.1336e-009	5.7018e-009	5.2929e-009	5.2268e-009	5.2858e-009	5.4485e-009	5.681e-009	5.9269e-009	6.1133e-009	6.0277e-009	6.145e-009	6.3833e-009	6.2916e-009	6.865e-009	7.7873e-009	9.5127e-009	1.0592e-008	1.3402e-008	1.5959e-008	1.9191e-008	2.2018e-008	2.6658e-008	3.0147e-008	3.4915e-008	4.2405e-008	4.6711e-008	5.3203e-008	5.7402e-008	6.3201e-008	6.7169e-008	6.9963e-008	7.4761e-008	7.9137e-008	8.1853e-008	8.6427e-008	9.0942e-008	9.2584e-008	9.3922e-008	9.4968e-008	9.6086e-008	9.7704e-008	9.9005e-008	9.8494e-008	9.7521e-008	9.6591e-008	9.5687e-008	9.5317e-008	9.4919e-008	9.4404e-008	9.3268e-008	9.0694e-008	8.8807e-008	8.6926e-008	8.5585e-008	8.3789e-008	8.2976e-008	8.1887e-008	8.0949e-008	8.02e-008	7.8351e-008	7.6101e-008	7.4936e-008	7.3255e-008	7.1453e-008	6.9464e-008	6.8715e-008	6.6239e-008	6.4112e-008	6.04e-008	5.8311e-008	5.6718e-008	5.4398e-008	5.3237e-008	4.906e-008	4.744e-008	4.5951e-008	4.3895e-008	4.2669e-008	4.0329e-008	3.7115e-008	3.5037e-008	3.363e-008	3.2639e-008	3.1e-008	2.9503e-008	2.7714e-008	2.5381e-008	2.3898e-008	2.1565e-008	2.0508e-008	1.8689e-008	1.6992e-008	1.5327e-008	1.4076e-008	1.28e-008	1.1205e-008	1.012e-008	9.349e-009	9.1308e-009	8.8581e-009	8.6994e-009	8.5893e-009	8.2351e-009	7.9771e-009	8.3354e-009	7.8722e-009	8.0766e-009	8.327e-009	7.9397e-009	8.3313e-009	9.0131e-009	9.1435e-009	8.9815e-009	9.6823e-009	1.0641e-008	1.126e-008	1.3387e-008	1.543e-008	1.8222e-008	2.1485e-008	2.4593e-008	2.6849e-008	3.0352e-008	3.2457e-008	3.7646e-008	4.2658e-008	4.8669e-008	5.2115e-008	5.8786e-008	6.26e-008	6.5422e-008	7.2141e-008	7.7915e-008	7.9817e-008	8.2925e-008	8.7168e-008	8.8564e-008	9.053e-008	9.3138e-008	9.4794e-008	9.5404e-008	9.6989e-008	9.8398e-008	9.8915e-008	9.7488e-008	9.68e-008	9.6296e-008	9.5571e-008	9.4985e-008	9.3642e-008	9.2136e-008	9.1342e-008	9.0552e-008	9.035e-008	8.9593e-008	8.7239e-008	8.3917e-008	8.2965e-008	8.0325e-008	7.8751e-008	7.7563e-008	7.6488e-008	7.5367e-008	7.3547e-008	7.1967e-008	7.0523e-008	6.8898e-008	6.7378e-008	6.5444e-008	6.3148e-008	6.0586e-008	5.9751e-008	5.8157e-008	5.7009e-008	5.3999e-008	5.2646e-008	5.095e-008	4.8711e-008	4.6024e-008	4.4343e-008	4.2844e-008	4.0536e-008	3.861e-008	3.6394e-008	3.5079e-008	3.2714e-008	3.0789e-008	2.8748e-008	2.7223e-008	2.5296e-008	2.3559e-008	2.1663e-008	1.9726e-008	1.8793e-008	1.7858e-008	1.5915e-008	1.5143e-008	1.3308e-008	1.2186e-008	1.1492e-008	1.138e-008	1.1497e-008	1.1283e-008	1.111e-008	1.1061e-008	1.1047e-008	1.0559e-008	1.0568e-008	1.0351e-008	1.0854e-008	1.0577e-008	1.1055e-008	1.1895e-008	1.2194e-008	1.3148e-008	1.4048e-008	1.5978e-008	1.7556e-008	1.9109e-008	2.1389e-008	2.3213e-008	2.5842e-008	3.0206e-008	3.2282e-008	3.4648e-008	3.812e-008	4.1676e-008	4.6534e-008	5.1981e-008	5.6916e-008	6.2579e-008	6.7901e-008	7.4436e-008	7.8601e-008	8.2134e-008	8.4709e-008	8.7784e-008	8.9891e-008	9.2776e-008	9.5252e-008	9.8944e-008	1.0109e-007	1.029e-007	1.0396e-007	1.041e-007	1.0393e-007	1.0297e-007	1.0192e-007	9.9658e-008	9.8795e-008	9.7735e-008	9.6655e-008	9.4829e-008	9.3736e-008	9.1594e-008	8.9738e-008	8.8081e-008	8.4854e-008	8.4065e-008	8.3313e-008	8.2689e-008	8.2355e-008	8.1988e-008	7.8465e-008	7.6697e-008	7.5416e-008	7.3867e-008	7.2987e-008	7.212e-008	6.921e-008	6.7506e-008	6.6286e-008	6.485e-008	6.2617e-008	6.047e-008	5.8219e-008	5.6144e-008	5.3888e-008	5.1639e-008	4.9222e-008	4.7947e-008	4.6811e-008	4.5272e-008	4.3579e-008	4.0463e-008	3.8259e-008	3.6956e-008	3.4843e-008	3.2351e-008	3.1393e-008	2.8703e-008	2.7605e-008	2.5883e-008	2.4068e-008	2.2374e-008	2.1002e-008	1.9245e-008	1.7282e-008	1.5783e-008	1.4384e-008	1.3426e-008	1.3046e-008	1.2567e-008	1.2365e-008	1.232e-008	1.2408e-008	1.2495e-008	1.2341e-008	1.236e-008	1.2254e-008	1.2131e-008	1.236e-008	1.2108e-008	1.1974e-008	1.2151e-008	1.2366e-008	1.2331e-008	1.2617e-008	1.3069e-008
3.9082e-010	4.9226e-010	8.9846e-010	1.0727e-009	1.8387e-009	2.9685e-009	4.0519e-009	6.5868e-009	8.3219e-009	1.1135e-008	1.5808e-008	1.8147e-008	2.2268e-008	2.7701e-008	3.4653e-008	3.9685e-008	4.5521e-008	5.111e-008	5.6297e-008	6.1576e-008	6.4822e-008	6.8365e-008	6.9894e-008	7.4789e-008	7.6383e-008	7.7204e-008	8.0803e-008	8.266e-008	8.3951e-008	8.7281e-008	8.8786e-008	8.89e-008	8.9714e-008	9.0889e-008	9.0834e-008	8.9711e-008	8.8823e-008	8.7945e-008	8.7386e-008	8.6586e-008	8.3854e-008	8.2766e-008	8.2016e-008	7.8987e-008	7.7523e-008	7.5558e-008	7.4201e-008	7.2891e-008	7e-008	6.8455e-008	6.7269e-008	6.6052e-008	6.4559e-008	6.4058e-008	6.343e-008	6.1737e-008	5.9274e-008	5.8306e-008	5.6485e-008	5.4358e-008	5.1576e-008	4.9499e-008	4.707e-008	4.5989e-008	4.4274e-008	4.161e-008	4.0072e-008	3.7392e-008	3.5805e-008	3.3719e-008	3.1992e-008	3.0342e-008	2.8547e-008	2.7033e-008	2.4706e-008	2.2232e-008	2.0456e-008	1.8706e-008	1.6785e-008	1.5195e-008	1.3258e-008	1.1078e-008	9.6484e-009	8.0722e-009	6.6294e-009	4.7736e-009	3.786e-009	3.0275e-009	2.805e-009	2.0518e-009	1.9995e-009	1.6187e-009	1.0595e-009	1.2661e-009	1.1946e-009	1.405e-009	1.9394e-009	2.1299e-009	2.18e-009	2.3242e-009	3.009e-009	3.4036e-009	3.8474e-009	4.6612e-009	6.4256e-009	7.7035e-009	1.1006e-008	1.3146e-008	1.6123e-008	1.8642e-008	2.1863e-008	2.4877e-008	2.8465e-008	3.2227e-008	3.7005e-008	4.2089e-008	4.5411e-008	5.0199e-008	5.4986e-008	6.1122e-008	6.4575e-008	6.8847e-008	7.1064e-008	7.3265e-008	7.5675e-008	7.69e-008	8.0448e-008	8.3156e-008	8.4582e-008	8.5493e-008	8.8502e-008	8.9924e-008	9.1112e-008	9.1308e-008	9.1947e-008	9.2399e-008	9.2683e-008	9.2819e-008	9.2402e-008	9.1859e-008	9.0371e-008	8.8239e-008	8.666e-008	8.5434e-008	8.486e-008	8.3483e-008	8.1372e-008	7.9368e-008	7.784e-008	7.6975e-008	7.5349e-008	7.4331e-008	7.2159e-008	6.8978e-008	6.7657e-008	6.5977e-008	6.4327e-008	6.1774e-008	6.0547e-008	5.9919e-008	5.9689e-008	5.7746e-008	5.4888e-008	5.3489e-008	5.0668e-008	4.8609e-008	4.6416e-008	4.4415e-008	4.3159e-008	4.1431e-008	3.9978e-008	3.7936e-008	3.636e-008	3.4278e-008	3.3369e-008	3.1829e-008	2.9938e-008	2.8419e-008	2.449e-008	2.266e-008	2.0597e-008	1.9001e-008	1.7821e-008	1.6515e-008	1.2731e-008	1.1491e-008	1.0568e-008	8.8174e-009	8.2229e-009	6.7541e-009	6.2109e-009	5.8242e-009	5.6272e-009	5.7612e-009	5.3266e-009	4.9602e-009	5.0046e-009	5.2146e-009	5.1646e-009	5.4075e-009	5.858e-009	5.9887e-009	6.1348e-009	6.2106e-009	6.2985e-009	6.5257e-009	6.9799e-009	7.7245e-009	8.9926e-009	1.0688e-008	1.3448e-008	1.6408e-008	1.9061e-008	2.2636e-008	2.6806e-008	3.0978e-008	3.487e-008	4.221e-008	4.7423e-008	5.2419e-008	5.7768e-008	6.2098e-008	6.5957e-008	6.9413e-008	7.4527e-008	7.7893e-008	8.0625e-008	8.3357e-008	8.8697e-008	9.1555e-008	9.2165e-008	9.4039e-008	9.5446e-008	9.6474e-008	9.7854e-008	9.7333e-008	9.6784e-008	9.6005e-008	9.5075e-008	9.4654e-008	9.4746e-008	9.4478e-008	9.3328e-008	9.1208e-008	8.8043e-008	8.7234e-008	8.5919e-008	8.3898e-008	8.2519e-008	8.1905e-008	8.1254e-008	8.0522e-008	7.8814e-008	7.6142e-008	7.4637e-008	7.4265e-008	7.2641e-008	7.0566e-008	6.8895e-008	6.7078e-008	6.5431e-008	6.1402e-008	5.9621e-008	5.8125e-008	5.5533e-008	5.2959e-008	5.0788e-008	4.8616e-008	4.6051e-008	4.4217e-008	4.2789e-008	4.1254e-008	3.9315e-008	3.6525e-008	3.3552e-008	3.22e-008	3.0789e-008	2.9159e-008	2.7462e-008	2.5563e-008	2.4145e-008	2.1731e-008	2.0471e-008	1.8661e-008	1.6458e-008	1.4503e-008	1.3633e-008	1.2074e-008	1.0689e-008	9.9358e-009	9.1738e-009	8.764e-009	9.0307e-009	8.4094e-009	8.6379e-009	8.2139e-009	8.0842e-009	8.5593e-009	7.6502e-009	8.3045e-009	8.5063e-009	8.5981e-009	8.4499e-009	8.8862e-009	9.2183e-009	8.915e-009	9.3206e-009	9.9624e-009	1.0945e-008	1.1441e-008	1.5948e-008	1.7823e-008	2.0293e-008	2.4757e-008	2.588e-008	2.9873e-008	3.3302e-008	3.7295e-008	4.0583e-008	4.7798e-008	5.1828e-008	5.7214e-008	6.1845e-008	6.4965e-008	7.0282e-008	7.6122e-008	7.9634e-008	8.1672e-008	8.633e-008	8.8125e-008	9.0926e-008	9.3214e-008	9.4705e-008	9.5255e-008	9.6671e-008	9.7414e-008	9.8538e-008	9.7198e-008	9.6409e-008	9.587e-008	9.5494e-008	9.5384e-008	9.4963e-008	9.3475e-008	9.0771e-008	9.0415e-008	8.9752e-008	8.8982e-008	8.6049e-008	8.4039e-008	8.2417e-008	8.0667e-008	7.8234e-008	7.6699e-008	7.5666e-008	7.488e-008	7.2527e-008	7.1573e-008	7.05e-008	6.9453e-008	6.7458e-008	6.54e-008	6.3142e-008	6.0767e-008	5.9549e-008	5.7873e-008	5.5881e-008	5.3632e-008	5.2377e-008	5.0238e-008	4.7776e-008	4.6164e-008	4.5056e-008	4.3196e-008	4.0782e-008	3.8844e-008	3.607e-008	3.4568e-008	3.3044e-008	3.0304e-008	2.8279e-008	2.6508e-008	2.4853e-008	2.3246e-008	2.0899e-008	1.9087e-008	1.8061e-008	1.7196e-008	1.5589e-008	1.4841e-008	1.3615e-008	1.2593e-008	1.1709e-008	1.1215e-008	1.1322e-008	1.1077e-008	1.1012e-008	1.0876e-008	1.0842e-008	1.0763e-008	1.0554e-008	1.0749e-008	1.1004e-008	1.1029e-008	1.1502e-008	1.1665e-008	1.2106e-008	1.3139e-008	1.4295e-008	1.6387e-008	1.7591e-008	1.9009e-008	2.15e-008	2.4039e-008	2.742e-008	3.0446e-008	3.2057e-008	3.4603e-008	3.7696e-008	4.2207e-008	4.6287e-008	5.1148e-008	5.5323e-008	6.2259e-008	6.8236e-008	7.4143e-008	7.9773e-008	8.2889e-008	8.5766e-008	8.8275e-008	9.067e-008	9.2833e-008	9.6431e-008	9.9798e-008	1.0146e-007	1.0326e-007	1.0372e-007	1.0391e-007	1.0392e-007	1.0313e-007	1.0246e-007	1.0075e-007	9.9396e-008	9.836e-008	9.7425e-008	9.5917e-008	9.4418e-008	9.2184e-008	8.9838e-008	8.8361e-008	8.5486e-008	8.4142e-008	8.3296e-008	8.2701e-008	8.2751e-008	8.2106e-008	7.9018e-008	7.7236e-008	7.5683e-008	7.4727e-008	7.3333e-008	7.2276e-008	7.059e-008	6.8161e-008	6.6491e-008	6.5043e-008	6.2801e-008	6.0767e-008	5.78e-008	5.5529e-008	5.4078e-008	5.275e-008	5.045e-008	4.7622e-008	4.7058e-008	4.4804e-008	4.283e-008	4.0481e-008	3.8241e-008	3.7068e-008	3.4867e-008	3.3107e-008	3.0928e-008	2.888e-008	2.695e-008	2.5503e-008	2.4213e-008	2.3054e-008	2.1191e-008	1.8744e-008	1.7212e-008	1.5924e-008	1.4208e-008	1.3368e-008	1.2834e-008	1.2512e-008	1.2493e-008	1.2367e-008	1.2006e-008	1.2302e-008	1.2386e-008	1.2403e-008	1.2246e-008	1.1948e-008	1.22e-008	1.2115e-008	1.191e-008	1.2015e-008	1.2228e-008	1.2264e-008	1.2553e-008	1.2731e-008
1.107e-009	1.2585e-009	1.2275e-009	1.2449e-009	2.058e-009	3.0573e-009	4.7424e-009	6.6315e-009	8.521e-009	1.0817e-008	1.5293e-008	1.792e-008	2.2643e-008	2.7496e-008	3.3931e-008	4.174e-008	4.4991e-008	5.0653e-008	5.6548e-008	6.1324e-008	6.4242e-008	6.7553e-008	7.0305e-008	7.4051e-008	7.6109e-008	7.7414e-008	8.0374e-008	8.3283e-008	8.5146e-008	8.761e-008	8.8951e-008	8.9768e-008	9.0602e-008	9.1102e-008	9.1269e-008	9.0372e-008	8.88e-008	8.874e-008	8.782e-008	8.6709e-008	8.4066e-008	8.2702e-008	8.0935e-008	7.9038e-008	7.7225e-008	7.5515e-008	7.3671e-008	7.2285e-008	6.9836e-008	6.8171e-008	6.6699e-008	6.5447e-008	6.4797e-008	6.3663e-008	6.28e-008	6.0645e-008	5.8862e-008	5.8195e-008	5.624e-008	5.3841e-008	5.2474e-008	4.9876e-008	4.7634e-008	4.55e-008	4.4015e-008	4.1715e-008	4.0107e-008	3.8439e-008	3.5491e-008	3.406e-008	3.169e-008	3.0526e-008	2.8653e-008	2.6561e-008	2.4372e-008	2.3179e-008	1.9855e-008	1.8664e-008	1.6706e-008	1.4743e-008	1.2929e-008	1.0771e-008	9.5708e-009	8.5617e-009	6.4271e-009	5.3536e-009	3.7379e-009	3.0533e-009	2.6471e-009	2.0989e-009	1.7086e-009	1.2271e-009	9.874e-010	1.2529e-009	1.331e-009	1.6831e-009	1.8515e-009	2.0715e-009	2.1769e-009	2.4314e-009	2.7709e-009	3.2939e-009	3.8131e-009	4.914e-009	6.4911e-009	9.2254e-009	1.1082e-008	1.3038e-008	1.6528e-008	1.9676e-008	2.1992e-008	2.5127e-008	2.8166e-008	3.2315e-008	3.5816e-008	4.2081e-008	4.679e-008	5.0544e-008	5.4772e-008	5.6043e-008	6.4106e-008	6.8659e-008	7.1215e-008	7.3606e-008	7.5634e-008	7.7843e-008	8.0278e-008	8.3785e-008	8.4792e-008	8.6071e-008	8.8834e-008	9.0042e-008	9.0743e-008	9.1261e-008	9.2145e-008	9.2824e-008	9.3137e-008	9.2941e-008	9.2671e-008	9.2382e-008	8.9903e-008	8.8337e-008	8.5992e-008	8.5475e-008	8.4896e-008	8.2662e-008	8.1267e-008	7.9692e-008	7.8421e-008	7.6921e-008	7.5492e-008	7.4264e-008	7.2359e-008	6.8898e-008	6.8147e-008	6.6021e-008	6.4425e-008	6.2431e-008	6.1872e-008	6.0933e-008	5.952e-008	5.8214e-008	5.604e-008	5.3973e-008	5.0926e-008	4.8036e-008	4.6409e-008	4.4206e-008	4.3183e-008	4.0875e-008	3.95e-008	3.8211e-008	3.6074e-008	3.4692e-008	3.333e-008	3.2104e-008	3.0051e-008	2.8219e-008	2.4393e-008	2.2375e-008	2.0857e-008	1.9091e-008	1.7645e-008	1.5958e-008	1.3084e-008	1.1798e-008	1.0694e-008	9.0781e-009	8.023e-009	6.6282e-009	6.3984e-009	6.3119e-009	5.7179e-009	5.377e-009	5.1444e-009	4.8149e-009	5.0737e-009	5.3466e-009	5.4945e-009	5.5981e-009	6.0319e-009	6.0246e-009	6.1743e-009	6.0965e-009	6.2493e-009	6.898e-009	7.2469e-009	9.06e-009	1.0413e-008	1.2193e-008	1.395e-008	1.6119e-008	2.1046e-008	2.353e-008	2.7671e-008	3.1533e-008	3.6597e-008	4.1246e-008	4.577e-008	5.1235e-008	5.7909e-008	6.3492e-008	6.7499e-008	7.0358e-008	7.4909e-008	7.7584e-008	8.1258e-008	8.4508e-008	8.8148e-008	8.9663e-008	9.114e-008	9.3064e-008	9.4602e-008	9.602e-008	9.6853e-008	9.665e-008	9.6589e-008	9.5651e-008	9.523e-008	9.461e-008	9.4654e-008	9.4305e-008	9.2811e-008	9.1487e-008	9.0221e-008	8.7152e-008	8.604e-008	8.4178e-008	8.3276e-008	8.2338e-008	8.1351e-008	8.027e-008	7.8831e-008	7.6721e-008	7.5256e-008	7.4527e-008	7.2364e-008	7.0089e-008	6.8954e-008	6.6905e-008	6.4772e-008	6.2249e-008	6.0892e-008	5.8396e-008	5.6606e-008	5.1818e-008	5.0842e-008	4.7798e-008	4.5577e-008	4.4186e-008	4.3321e-008	4.1085e-008	3.9046e-008	3.7566e-008	3.413e-008	3.2189e-008	3.0667e-008	2.883e-008	2.6759e-008	2.5402e-008	2.375e-008	2.1539e-008	2.0348e-008	1.8727e-008	1.5935e-008	1.4016e-008	1.3592e-008	1.1921e-008	1.0456e-008	9.716e-009	9.2288e-009	8.6962e-009	9.1844e-009	9.1036e-009	8.499e-009	8.23e-009	8.63e-009	9.0623e-009	8.9642e-009	8.8358e-009	8.9103e-009	8.9986e-009	8.7564e-009	8.8053e-009	8.9913e-009	8.9812e-009	9.2359e-009	9.6803e-009	1.1016e-008	1.1764e-008	1.608e-008	1.7687e-008	2.0686e-008	2.4962e-008	2.6378e-008	2.9765e-008	3.2905e-008	3.654e-008	4.0023e-008	4.4995e-008	5.0283e-008	5.7034e-008	6.0885e-008	6.4807e-008	6.9439e-008	7.1646e-008	7.8751e-008	8.1823e-008	8.493e-008	8.8324e-008	9.0809e-008	9.3928e-008	9.4465e-008	9.5438e-008	9.6283e-008	9.7551e-008	9.793e-008	9.6971e-008	9.6286e-008	9.5771e-008	9.5906e-008	9.5914e-008	9.5554e-008	9.5005e-008	9.2863e-008	9.1307e-008	8.986e-008	8.8028e-008	8.5367e-008	8.3931e-008	8.2449e-008	8.0204e-008	7.8374e-008	7.6492e-008	7.5698e-008	7.4618e-008	7.2736e-008	7.1639e-008	7.0724e-008	6.9239e-008	6.7041e-008	6.4606e-008	6.2479e-008	6.0741e-008	5.9307e-008	5.6275e-008	5.4882e-008	5.3312e-008	5.2014e-008	4.9602e-008	4.7575e-008	4.6222e-008	4.5245e-008	4.2662e-008	4.0704e-008	3.8609e-008	3.5863e-008	3.4299e-008	3.2488e-008	2.9692e-008	2.8e-008	2.652e-008	2.4216e-008	2.2822e-008	2.0933e-008	1.9513e-008	1.7967e-008	1.6496e-008	1.5444e-008	1.4631e-008	1.3937e-008	1.2627e-008	1.193e-008	1.1744e-008	1.1326e-008	1.0846e-008	1.0746e-008	1.083e-008	1.0799e-008	1.0882e-008	1.1094e-008	1.1192e-008	1.1238e-008	1.1686e-008	1.1743e-008	1.1763e-008	1.2749e-008	1.386e-008	1.4891e-008	1.6792e-008	1.8075e-008	1.953e-008	2.258e-008	2.4453e-008	2.8758e-008	3.0411e-008	3.2327e-008	3.5667e-008	3.8642e-008	4.2607e-008	4.7132e-008	5.1542e-008	5.5649e-008	6.0632e-008	6.8295e-008	7.2757e-008	7.8621e-008	8.3191e-008	8.6623e-008	8.8802e-008	9.1195e-008	9.3398e-008	9.7152e-008	9.9971e-008	1.015e-007	1.0311e-007	1.0331e-007	1.0356e-007	1.0406e-007	1.0332e-007	1.024e-007	1.0095e-007	1.0031e-007	9.8864e-008	9.79e-008	9.5778e-008	9.431e-008	9.186e-008	9.0146e-008	8.8214e-008	8.603e-008	8.4143e-008	8.3715e-008	8.291e-008	8.3145e-008	8.1808e-008	7.9338e-008	7.7092e-008	7.5366e-008	7.4392e-008	7.3432e-008	7.2149e-008	7.0298e-008	6.7796e-008	6.6009e-008	6.5059e-008	6.2872e-008	5.973e-008	5.6776e-008	5.5401e-008	5.3736e-008	5.2624e-008	5.059e-008	4.7684e-008	4.6873e-008	4.417e-008	4.2385e-008	4.0547e-008	3.8039e-008	3.689e-008	3.3593e-008	3.3155e-008	3.0703e-008	2.9012e-008	2.6831e-008	2.6229e-008	2.4472e-008	2.305e-008	2.1459e-008	1.8242e-008	1.7738e-008	1.6506e-008	1.504e-008	1.3297e-008	1.258e-008	1.2368e-008	1.2562e-008	1.225e-008	1.193e-008	1.2058e-008	1.236e-008	1.2391e-008	1.2122e-008	1.1912e-008	1.2221e-008	1.22e-008	1.2122e-008	1.2102e-008	1.2202e-008	1.2774e-008	1.2709e-008	1.2714e-008
8.9598e-010	1.0906e-009	1.4981e-009	1.7473e-009	2.123e-009	2.6832e-009	4.3161e-009	6.1131e-009	8.538e-009	1.1395e-008	1.4515e-008	1.7899e-008	2.2882e-008	2.8441e-008	3.4761e-008	4.1158e-008	4.5391e-008	5.0194e-008	5.579e-008	6.0975e-008	6.4139e-008	6.776e-008	7.0757e-008	7.4035e-008	7.5761e-008	7.7445e-008	8.0854e-008	8.3307e-008	8.5341e-008	8.6991e-008	8.9712e-008	9.0806e-008	9.1369e-008	9.1062e-008	9.118e-008	9.0528e-008	8.9972e-008	8.9298e-008	8.8099e-008	8.5984e-008	8.4308e-008	8.2891e-008	8.0904e-008	7.8358e-008	7.7524e-008	7.5894e-008	7.3256e-008	7.2013e-008	6.9929e-008	6.8268e-008	6.7124e-008	6.5461e-008	6.4716e-008	6.3826e-008	6.2479e-008	5.9637e-008	5.9239e-008	5.8122e-008	5.6492e-008	5.3857e-008	5.2486e-008	4.9856e-008	4.7429e-008	4.5401e-008	4.4112e-008	4.1747e-008	3.9937e-008	3.808e-008	3.5759e-008	3.4503e-008	3.2518e-008	3.0664e-008	2.8297e-008	2.6734e-008	2.5045e-008	2.3158e-008	1.9417e-008	1.8772e-008	1.6771e-008	1.5182e-008	1.3468e-008	1.1426e-008	9.6474e-009	8.7784e-009	6.7567e-009	5.335e-009	3.4662e-009	3.0011e-009	2.9778e-009	2.0881e-009	1.7558e-009	1.3116e-009	1.359e-009	1.389e-009	1.3567e-009	1.6241e-009	1.6785e-009	1.8534e-009	1.8781e-009	2.2787e-009	2.3766e-009	2.6742e-009	4.4693e-009	5.3595e-009	6.6434e-009	8.66e-009	1.1144e-008	1.4081e-008	1.6299e-008	1.8105e-008	2.1866e-008	2.5578e-008	2.8563e-008	3.3338e-008	3.7545e-008	4.1837e-008	4.6689e-008	5.0673e-008	5.4313e-008	5.8871e-008	6.257e-008	6.8342e-008	7.0627e-008	7.3566e-008	7.4864e-008	7.709e-008	7.8867e-008	8.3792e-008	8.4849e-008	8.5754e-008	8.8186e-008	8.9131e-008	9.0474e-008	9.0709e-008	9.2097e-008	9.2796e-008	9.3127e-008	9.2707e-008	9.2558e-008	9.249e-008	8.9826e-008	8.7976e-008	8.5951e-008	8.5298e-008	8.3555e-008	8.2236e-008	8.1044e-008	7.9481e-008	7.8685e-008	7.7345e-008	7.5531e-008	7.43e-008	7.2822e-008	6.9991e-008	6.8905e-008	6.5318e-008	6.4556e-008	6.3183e-008	6.2404e-008	6.1842e-008	6.0087e-008	5.8441e-008	5.6465e-008	5.3567e-008	4.9558e-008	4.7149e-008	4.5906e-008	4.4203e-008	4.295e-008	4.1335e-008	3.9497e-008	3.784e-008	3.585e-008	3.4289e-008	3.3115e-008	3.2146e-008	3.0388e-008	2.5903e-008	2.4081e-008	2.2445e-008	2.0684e-008	1.9281e-008	1.7747e-008	1.5372e-008	1.3653e-008	1.1305e-008	1.0367e-008	9.6091e-009	7.7487e-009	6.7134e-009	6.5463e-009	6.2057e-009	5.4835e-009	4.9693e-009	4.7643e-009	4.6302e-009	4.9205e-009	5.4685e-009	5.3987e-009	5.5266e-009	5.8499e-009	5.8492e-009	5.9937e-009	5.6824e-009	6.2227e-009	7.0906e-009	7.7813e-009	8.9918e-009	1.0379e-008	1.2037e-008	1.4712e-008	1.7703e-008	2.1378e-008	2.45e-008	2.7415e-008	3.1707e-008	3.6603e-008	4.0823e-008	4.5905e-008	4.9954e-008	5.6104e-008	6.2459e-008	6.7564e-008	7.1125e-008	7.5146e-008	7.7492e-008	8.0141e-008	8.4182e-008	8.5978e-008	8.8529e-008	9.0556e-008	9.1518e-008	9.4428e-008	9.5443e-008	9.6648e-008	9.6897e-008	9.6346e-008	9.5724e-008	9.5476e-008	9.4675e-008	9.4208e-008	9.366e-008	9.1897e-008	9.1016e-008	9.0455e-008	8.6791e-008	8.5667e-008	8.4904e-008	8.3267e-008	8.2317e-008	8.1108e-008	7.9848e-008	7.8125e-008	7.6274e-008	7.4867e-008	7.3936e-008	7.1677e-008	7.0154e-008	6.892e-008	6.7053e-008	6.5344e-008	6.333e-008	6.1172e-008	5.8677e-008	5.7076e-008	5.2334e-008	5.1113e-008	5.0319e-008	4.5454e-008	4.407e-008	4.3085e-008	4.0638e-008	3.9407e-008	3.7519e-008	3.5064e-008	3.1943e-008	3.0561e-008	2.8473e-008	2.6754e-008	2.5023e-008	2.3753e-008	2.1559e-008	2.0267e-008	1.823e-008	1.6673e-008	1.5064e-008	1.34e-008	1.1547e-008	1.053e-008	9.3881e-009	8.7212e-009	8.2034e-009	8.8708e-009	8.7072e-009	8.168e-009	8.1706e-009	8.5877e-009	8.9255e-009	9.0219e-009	8.8572e-009	9.0322e-009	8.6432e-009	8.6705e-009	8.3355e-009	8.6162e-009	8.8242e-009	9.1044e-009	9.7551e-009	1.1319e-008	1.2987e-008	1.5502e-008	1.7337e-008	2.1179e-008	2.415e-008	2.7311e-008	2.9441e-008	3.3152e-008	3.5411e-008	3.8963e-008	4.3424e-008	4.8527e-008	5.3972e-008	5.9903e-008	6.3884e-008	6.8055e-008	7.1498e-008	7.7455e-008	8.0593e-008	8.3978e-008	8.7594e-008	9.0257e-008	9.3189e-008	9.3627e-008	9.4524e-008	9.5538e-008	9.6239e-008	9.6397e-008	9.5759e-008	9.5942e-008	9.5866e-008	9.6027e-008	9.5981e-008	9.5497e-008	9.4577e-008	9.3227e-008	9.1445e-008	8.9867e-008	8.764e-008	8.584e-008	8.3515e-008	8.1939e-008	8.0284e-008	7.8701e-008	7.6246e-008	7.5903e-008	7.4256e-008	7.2698e-008	7.165e-008	7.0665e-008	6.9269e-008	6.793e-008	6.5334e-008	6.2514e-008	6.028e-008	5.8188e-008	5.6441e-008	5.4785e-008	5.2973e-008	5.1642e-008	4.9196e-008	4.7481e-008	4.6582e-008	4.5244e-008	4.3332e-008	4.0555e-008	3.8257e-008	3.5853e-008	3.4014e-008	3.2777e-008	3.0804e-008	2.7049e-008	2.6062e-008	2.4428e-008	2.2762e-008	2.1482e-008	1.9413e-008	1.8239e-008	1.6714e-008	1.5621e-008	1.4645e-008	1.3673e-008	1.2622e-008	1.1668e-008	1.1521e-008	1.0975e-008	1.0891e-008	1.0539e-008	1.0786e-008	1.0861e-008	1.074e-008	1.1005e-008	1.1173e-008	1.151e-008	1.1708e-008	1.202e-008	1.2346e-008	1.3195e-008	1.4396e-008	1.5248e-008	1.6778e-008	1.8112e-008	1.9562e-008	2.2714e-008	2.4906e-008	2.8648e-008	3.1044e-008	3.2991e-008	3.5838e-008	3.9749e-008	4.4186e-008	4.8278e-008	5.1622e-008	5.618e-008	6.1573e-008	6.7893e-008	7.2561e-008	7.5056e-008	8.2229e-008	8.6569e-008	8.8994e-008	9.0995e-008	9.2705e-008	9.7085e-008	9.9823e-008	1.0067e-007	1.0211e-007	1.028e-007	1.034e-007	1.0432e-007	1.0422e-007	1.0332e-007	1.0217e-007	1.0019e-007	9.9233e-008	9.7684e-008	9.5798e-008	9.4006e-008	9.1263e-008	9.011e-008	8.829e-008	8.6481e-008	8.4954e-008	8.4085e-008	8.3355e-008	8.2864e-008	8.0978e-008	7.925e-008	7.7295e-008	7.5123e-008	7.4555e-008	7.3053e-008	7.1914e-008	6.9944e-008	6.7036e-008	6.5676e-008	6.4393e-008	6.2384e-008	6.0317e-008	5.7574e-008	5.4733e-008	5.3023e-008	5.233e-008	5.0472e-008	4.7657e-008	4.6314e-008	4.4513e-008	4.2526e-008	4.0423e-008	3.8484e-008	3.7501e-008	3.6229e-008	3.2596e-008	3.0629e-008	2.9405e-008	2.7392e-008	2.6551e-008	2.4429e-008	2.3068e-008	2.1719e-008	1.8699e-008	1.7779e-008	1.6806e-008	1.5077e-008	1.3568e-008	1.2662e-008	1.222e-008	1.2332e-008	1.2144e-008	1.1822e-008	1.161e-008	1.1953e-008	1.2031e-008	1.1894e-008	1.1744e-008	1.1966e-008	1.2055e-008	1.2174e-008	1.2061e-008	1.225e-008	1.2643e-008	1.2661e-008	1.2886e-008
4.7607e-010	7.542e-010	8.7181e-010	1.7519e-009	2.1756e-009	2.7574e-009	4.226e-009	6.749e-009	8.4931e-009	1.0986e-008	1.3435e-008	1.7432e-008	2.3334e-008	2.7787e-008	3.3634e-008	4.0531e-008	4.5452e-008	5.0126e-008	5.4266e-008	6.0126e-008	6.3082e-008	6.7798e-008	7.1032e-008	7.3781e-008	7.6191e-008	7.8762e-008	8.0665e-008	8.2469e-008	8.6348e-008	8.7971e-008	9.0137e-008	9.1468e-008	9.1372e-008	9.108e-008	9.1093e-008	9.0654e-008	9.0641e-008	8.9344e-008	8.7648e-008	8.6192e-008	8.3755e-008	8.2384e-008	8.052e-008	7.8395e-008	7.7324e-008	7.6224e-008	7.3234e-008	7.1156e-008	6.98e-008	6.8354e-008	6.6592e-008	6.5537e-008	6.4192e-008	6.3707e-008	6.1647e-008	6.0914e-008	5.9398e-008	5.8779e-008	5.6227e-008	5.2981e-008	5.1047e-008	4.9798e-008	4.729e-008	4.5169e-008	4.3838e-008	4.1223e-008	3.9424e-008	3.8596e-008	3.6825e-008	3.4038e-008	3.2005e-008	3.063e-008	2.7492e-008	2.6241e-008	2.4119e-008	2.3719e-008	2.06e-008	1.8728e-008	1.6533e-008	1.5208e-008	1.3784e-008	1.2119e-008	9.8896e-009	9.0633e-009	7.3385e-009	4.8671e-009	3.2223e-009	2.92e-009	2.905e-009	2.3228e-009	1.7581e-009	1.3386e-009	1.7026e-009	1.3038e-009	1.3083e-009	1.9331e-009	1.7708e-009	1.2352e-009	1.3368e-009	1.6125e-009	1.8166e-009	3.0369e-009	5.0316e-009	5.2961e-009	6.7846e-009	8.4421e-009	1.1484e-008	1.352e-008	1.5954e-008	1.8242e-008	2.215e-008	2.5844e-008	2.9509e-008	3.2984e-008	3.5997e-008	4.1895e-008	4.6262e-008	5.0995e-008	5.4648e-008	5.9939e-008	6.3441e-008	6.6716e-008	6.9601e-008	7.2067e-008	7.4828e-008	7.7395e-008	7.996e-008	8.3619e-008	8.5144e-008	8.6821e-008	8.7884e-008	8.8704e-008	8.9628e-008	9.0652e-008	9.1518e-008	9.2573e-008	9.2796e-008	9.2531e-008	9.2277e-008	9.2537e-008	9.1738e-008	8.8614e-008	8.5023e-008	8.4074e-008	8.271e-008	8.1715e-008	8.0261e-008	7.93e-008	7.8778e-008	7.6524e-008	7.4954e-008	7.3931e-008	7.2842e-008	6.973e-008	6.8693e-008	6.7614e-008	6.5203e-008	6.3663e-008	6.3018e-008	6.2215e-008	6.0726e-008	5.8584e-008	5.6225e-008	4.9598e-008	4.911e-008	4.6854e-008	4.5682e-008	4.4293e-008	4.2697e-008	4.1147e-008	3.9614e-008	3.7965e-008	3.5663e-008	3.3981e-008	3.2389e-008	3.1636e-008	3.048e-008	2.7828e-008	2.4556e-008	2.2955e-008	2.104e-008	1.9311e-008	1.6861e-008	1.5317e-008	1.3601e-008	1.1071e-008	1.0313e-008	9.5303e-009	7.8464e-009	6.8305e-009	6.6156e-009	5.9396e-009	5.2436e-009	4.5917e-009	4.1756e-009	4.2156e-009	4.9371e-009	5.3531e-009	5.7347e-009	5.4137e-009	5.6768e-009	5.8651e-009	5.5299e-009	5.5284e-009	6.057e-009	6.9998e-009	7.7626e-009	8.7232e-009	1.0394e-008	1.1857e-008	1.45e-008	1.7827e-008	2.0904e-008	2.3709e-008	2.7737e-008	3.1491e-008	3.5449e-008	4.152e-008	4.5006e-008	4.9926e-008	5.4225e-008	5.9663e-008	6.6761e-008	7.0955e-008	7.5482e-008	7.6843e-008	8.0238e-008	8.3839e-008	8.5622e-008	8.9127e-008	9.0906e-008	9.1754e-008	9.3983e-008	9.5267e-008	9.7335e-008	9.7137e-008	9.6668e-008	9.5867e-008	9.5602e-008	9.4944e-008	9.416e-008	9.3208e-008	9.2027e-008	9.1112e-008	9.0317e-008	8.8553e-008	8.6851e-008	8.4866e-008	8.3074e-008	8.1842e-008	8.0383e-008	7.8875e-008	7.6863e-008	7.6059e-008	7.4636e-008	7.3512e-008	7.2307e-008	7.0675e-008	6.9079e-008	6.6514e-008	6.5943e-008	6.2769e-008	6.2246e-008	5.8917e-008	5.6523e-008	5.459e-008	5.2262e-008	5.0266e-008	4.692e-008	4.3005e-008	4.2149e-008	3.9876e-008	3.915e-008	3.7595e-008	3.5112e-008	3.1496e-008	3.0039e-008	2.8461e-008	2.7118e-008	2.5451e-008	2.3664e-008	2.1871e-008	2.0166e-008	1.7834e-008	1.7115e-008	1.4625e-008	1.3269e-008	1.1311e-008	1.0292e-008	9.2873e-009	8.4049e-009	8.0052e-009	8.2845e-009	8.5362e-009	8.2371e-009	8.2817e-009	8.3953e-009	8.4745e-009	8.8765e-009	9.1261e-009	8.6909e-009	8.4227e-009	8.4778e-009	8.2043e-009	8.6237e-009	8.9136e-009	9.0429e-009	9.4134e-009	1.1292e-008	1.3112e-008	1.462e-008	1.7234e-008	2.0044e-008	2.395e-008	2.7186e-008	2.9971e-008	3.3311e-008	3.5059e-008	3.803e-008	4.2823e-008	4.691e-008	5.1911e-008	5.7351e-008	6.254e-008	6.7053e-008	7.1306e-008	7.6808e-008	7.9282e-008	8.2885e-008	8.5593e-008	8.8771e-008	9.1771e-008	9.2793e-008	9.4096e-008	9.4869e-008	9.5678e-008	9.5682e-008	9.5447e-008	9.5834e-008	9.6134e-008	9.6035e-008	9.6093e-008	9.6033e-008	9.4244e-008	9.2985e-008	9.1672e-008	8.9894e-008	8.7404e-008	8.6387e-008	8.4621e-008	8.2632e-008	8.1706e-008	7.8777e-008	7.8037e-008	7.6945e-008	7.4329e-008	7.2756e-008	7.1622e-008	7.0763e-008	6.9654e-008	6.7799e-008	6.513e-008	6.3091e-008	5.9372e-008	5.8172e-008	5.6504e-008	5.4868e-008	5.3312e-008	5.1484e-008	4.988e-008	4.7579e-008	4.6514e-008	4.4862e-008	4.3125e-008	4.0341e-008	3.8174e-008	3.6321e-008	3.4213e-008	3.2762e-008	3.1557e-008	2.9167e-008	2.5466e-008	2.444e-008	2.3271e-008	2.1697e-008	1.952e-008	1.8219e-008	1.6684e-008	1.5547e-008	1.4191e-008	1.3604e-008	1.2576e-008	1.1398e-008	1.1158e-008	1.0981e-008	1.1241e-008	1.0561e-008	1.0562e-008	1.0835e-008	1.0872e-008	1.1126e-008	1.1206e-008	1.1401e-008	1.1566e-008	1.1996e-008	1.2564e-008	1.3679e-008	1.5338e-008	1.5864e-008	1.6984e-008	1.8722e-008	2.1207e-008	2.3702e-008	2.5931e-008	2.8875e-008	3.0642e-008	3.4474e-008	3.7896e-008	4.0859e-008	4.5063e-008	4.9036e-008	5.2539e-008	5.8193e-008	6.2053e-008	6.6089e-008	7.2763e-008	7.5061e-008	7.8994e-008	8.6606e-008	8.8625e-008	9.0887e-008	9.225e-008	9.6542e-008	9.883e-008	1e-007	1.0137e-007	1.0226e-007	1.0338e-007	1.0488e-007	1.0477e-007	1.03e-007	1.0216e-007	1.0101e-007	9.965e-008	9.8743e-008	9.6734e-008	9.5065e-008	9.2807e-008	8.9718e-008	8.8599e-008	8.7227e-008	8.4837e-008	8.4111e-008	8.3184e-008	8.2049e-008	8.0806e-008	7.9188e-008	7.6783e-008	7.4996e-008	7.4119e-008	7.2686e-008	7.0564e-008	6.9093e-008	6.6751e-008	6.5243e-008	6.4024e-008	6.2384e-008	6.0489e-008	5.8054e-008	5.4008e-008	5.2677e-008	5.143e-008	4.9629e-008	4.8043e-008	4.6593e-008	4.5136e-008	4.2074e-008	3.9451e-008	3.8628e-008	3.7355e-008	3.6158e-008	3.3415e-008	3.0416e-008	2.9389e-008	2.7844e-008	2.6571e-008	2.4788e-008	2.2989e-008	2.164e-008	1.8907e-008	1.7457e-008	1.6892e-008	1.5617e-008	1.3299e-008	1.28e-008	1.2368e-008	1.1823e-008	1.1774e-008	1.1364e-008	1.1254e-008	1.1604e-008	1.1719e-008	1.1915e-008	1.1669e-008	1.1866e-008	1.1703e-008	1.19e-008	1.2082e-008	1.2666e-008	1.2456e-008	1.2828e-008	1.3234e-008
7.0514e-010	1.3596e-009	1.6101e-009	1.5827e-009	2.5325e-009	3.4383e-009	4.7198e-009	7.3184e-009	8.8513e-009	1.1389e-008	1.391e-008	1.6782e-008	2.2558e-008	2.766e-008	3.3346e-008	3.9908e-008	4.564e-008	5.0192e-008	5.4224e-008	5.8545e-008	6.3302e-008	6.8664e-008	7.2235e-008	7.5807e-008	7.8776e-008	8.0644e-008	8.1664e-008	8.3591e-008	8.6708e-008	8.8042e-008	9.0411e-008	9.1412e-008	9.1382e-008	9.1778e-008	9.1197e-008	9.1676e-008	9.1868e-008	8.998e-008	8.7901e-008	8.5667e-008	8.4024e-008	8.3083e-008	8.0473e-008	7.9259e-008	7.7527e-008	7.66e-008	7.4489e-008	7.1302e-008	6.9995e-008	6.8852e-008	6.7578e-008	6.6132e-008	6.4456e-008	6.4168e-008	6.2389e-008	6.1593e-008	6.0001e-008	5.9211e-008	5.7748e-008	5.5484e-008	5.3412e-008	5.0311e-008	4.7789e-008	4.5746e-008	4.3901e-008	4.2239e-008	3.9947e-008	3.9025e-008	3.7806e-008	3.4626e-008	3.2578e-008	3.1022e-008	2.8333e-008	2.6389e-008	2.5439e-008	2.4008e-008	2.1255e-008	1.9322e-008	1.7682e-008	1.5853e-008	1.4068e-008	1.2927e-008	1.0608e-008	9.174e-009	7.8568e-009	5.8978e-009	3.7037e-009	2.9737e-009	3.0157e-009	2.4256e-009	1.9017e-009	1.4221e-009	1.8955e-009	1.7871e-009	1.645e-009	2.0998e-009	2.1939e-009	1.4555e-009	2.1509e-009	2.5959e-009	2.8051e-009	3.8784e-009	5.2812e-009	5.6282e-009	6.9839e-009	9.2547e-009	1.1382e-008	1.3666e-008	1.569e-008	1.8113e-008	2.2291e-008	2.5813e-008	2.9335e-008	3.3402e-008	3.7249e-008	3.9832e-008	4.4678e-008	5.1836e-008	5.5754e-008	6.0878e-008	6.2998e-008	6.556e-008	6.9636e-008	7.2341e-008	7.5215e-008	7.7574e-008	8.0849e-008	8.3746e-008	8.5446e-008	8.6838e-008	8.8156e-008	8.9228e-008	8.9734e-008	9.0644e-008	9.1936e-008	9.2581e-008	9.2324e-008	9.2418e-008	9.2466e-008	9.2753e-008	9.2041e-008	9.0116e-008	8.6178e-008	8.5058e-008	8.3327e-008	8.1588e-008	8.0491e-008	7.967e-008	7.9279e-008	7.8474e-008	7.6434e-008	7.4351e-008	7.2986e-008	7.0697e-008	6.9456e-008	6.8325e-008	6.6856e-008	6.4454e-008	6.3743e-008	6.218e-008	6.0747e-008	5.8622e-008	5.6613e-008	5.3162e-008	4.969e-008	4.8203e-008	4.618e-008	4.5117e-008	4.3666e-008	4.1262e-008	4.0079e-008	3.8203e-008	3.6248e-008	3.4693e-008	3.3689e-008	3.1921e-008	3.0357e-008	2.8823e-008	2.5969e-008	2.3447e-008	2.2408e-008	1.987e-008	1.794e-008	1.5534e-008	1.4215e-008	1.1755e-008	1.055e-008	9.9151e-009	8.6341e-009	7.4732e-009	6.7828e-009	6.3069e-009	5.4984e-009	4.7847e-009	4.5717e-009	4.4813e-009	5.0441e-009	5.2615e-009	5.668e-009	5.8142e-009	5.8687e-009	5.7078e-009	5.8947e-009	5.7348e-009	6.2667e-009	7.0064e-009	7.7664e-009	8.8802e-009	1.0305e-008	1.2575e-008	1.5103e-008	1.7495e-008	2.0685e-008	2.2435e-008	2.6456e-008	3.1007e-008	3.4968e-008	4.0056e-008	4.388e-008	4.9297e-008	5.4135e-008	6.0313e-008	6.6456e-008	7.071e-008	7.4966e-008	7.748e-008	8.099e-008	8.4525e-008	8.5556e-008	8.9346e-008	9.1701e-008	9.2611e-008	9.3726e-008	9.6973e-008	9.8151e-008	9.7747e-008	9.7123e-008	9.6653e-008	9.6354e-008	9.5979e-008	9.4568e-008	9.3623e-008	9.2429e-008	9.2165e-008	9.1375e-008	8.8408e-008	8.7213e-008	8.6145e-008	8.4085e-008	8.2851e-008	8.0526e-008	7.9084e-008	7.7204e-008	7.612e-008	7.5237e-008	7.4721e-008	7.3647e-008	7.0653e-008	6.9231e-008	6.75e-008	6.6071e-008	6.4111e-008	6.2481e-008	5.9913e-008	5.7698e-008	5.537e-008	5.3258e-008	5.0006e-008	4.8137e-008	4.4219e-008	4.1839e-008	4.049e-008	3.8986e-008	3.7842e-008	3.605e-008	3.2741e-008	2.9862e-008	2.8796e-008	2.7683e-008	2.6384e-008	2.4334e-008	2.2659e-008	2.0611e-008	1.8461e-008	1.7387e-008	1.6026e-008	1.4056e-008	1.1933e-008	1.0481e-008	9.5929e-009	8.8212e-009	8.5866e-009	8.5623e-009	8.5801e-009	8.3362e-009	8.2935e-009	8.4841e-009	8.2822e-009	8.6448e-009	9.042e-009	8.691e-009	8.2613e-009	8.2837e-009	8.6788e-009	8.6176e-009	9.0679e-009	9.8929e-009	1.03e-008	1.1681e-008	1.3156e-008	1.4788e-008	1.6977e-008	1.938e-008	2.3608e-008	2.7151e-008	2.9797e-008	3.2584e-008	3.6321e-008	3.9748e-008	4.3018e-008	4.7439e-008	5.2649e-008	5.6792e-008	5.9649e-008	6.5448e-008	7.0104e-008	7.6498e-008	7.979e-008	8.3903e-008	8.5676e-008	8.8846e-008	9.1373e-008	9.2164e-008	9.3718e-008	9.4639e-008	9.5535e-008	9.5828e-008	9.5803e-008	9.6038e-008	9.612e-008	9.6058e-008	9.6075e-008	9.61e-008	9.5608e-008	9.442e-008	9.2291e-008	9.0072e-008	8.8184e-008	8.667e-008	8.4716e-008	8.3139e-008	8.1909e-008	7.9538e-008	7.8266e-008	7.6923e-008	7.4841e-008	7.3339e-008	7.1856e-008	7.0604e-008	6.9752e-008	6.7962e-008	6.5523e-008	6.2636e-008	6.0236e-008	5.8198e-008	5.6908e-008	5.5838e-008	5.3234e-008	5.2167e-008	5.0038e-008	4.8048e-008	4.6663e-008	4.495e-008	4.322e-008	4.0951e-008	3.8097e-008	3.6606e-008	3.4981e-008	3.2946e-008	3.1561e-008	2.9655e-008	2.6479e-008	2.519e-008	2.3098e-008	2.2315e-008	2.0355e-008	1.8576e-008	1.7459e-008	1.5828e-008	1.4571e-008	1.3743e-008	1.2485e-008	1.1453e-008	1.1131e-008	1.114e-008	1.1145e-008	1.1039e-008	1.0509e-008	1.0762e-008	1.0772e-008	1.0764e-008	1.0988e-008	1.1185e-008	1.1329e-008	1.1897e-008	1.2394e-008	1.4306e-008	1.5612e-008	1.6418e-008	1.7646e-008	1.9406e-008	2.2186e-008	2.4352e-008	2.6603e-008	2.9072e-008	3.1253e-008	3.5808e-008	3.9324e-008	4.1754e-008	4.617e-008	5.1065e-008	5.4633e-008	5.8578e-008	6.2736e-008	6.6689e-008	7.1967e-008	7.5678e-008	8.033e-008	8.4987e-008	8.8302e-008	9.075e-008	9.2713e-008	9.6482e-008	9.775e-008	9.9449e-008	1.0104e-007	1.0198e-007	1.0326e-007	1.0486e-007	1.0514e-007	1.0346e-007	1.0194e-007	1.0143e-007	1.0056e-007	9.9402e-008	9.7565e-008	9.617e-008	9.3853e-008	9.067e-008	8.8387e-008	8.7121e-008	8.5438e-008	8.4192e-008	8.3095e-008	8.189e-008	8.0907e-008	7.9164e-008	7.6905e-008	7.4793e-008	7.3368e-008	7.1909e-008	6.996e-008	6.8581e-008	6.6378e-008	6.4676e-008	6.3219e-008	6.2313e-008	6.0939e-008	5.856e-008	5.5448e-008	5.2716e-008	5.0929e-008	4.9299e-008	4.8013e-008	4.6458e-008	4.4951e-008	4.2791e-008	4.0647e-008	3.945e-008	3.808e-008	3.5868e-008	3.4221e-008	3.1777e-008	3.0442e-008	2.767e-008	2.7104e-008	2.4691e-008	2.3258e-008	2.1843e-008	2.0379e-008	1.8715e-008	1.6828e-008	1.5486e-008	1.4354e-008	1.338e-008	1.2904e-008	1.2377e-008	1.1593e-008	1.1424e-008	1.1287e-008	1.1372e-008	1.1573e-008	1.1506e-008	1.1327e-008	1.1353e-008	1.1531e-008	1.2141e-008	1.3051e-008	1.3355e-008	1.3541e-008	1.3249e-008	1.3513e-008
1.286e-009	1.6681e-009	1.9554e-009	1.7656e-009	2.8881e-009	4.09e-009	4.9401e-009	7.6481e-009	9.6906e-009	1.2035e-008	1.513e-008	1.8657e-008	2.3638e-008	2.8569e-008	3.533e-008	4.187e-008	4.7206e-008	5.1872e-008	5.6359e-008	5.9126e-008	6.4251e-008	6.9564e-008	7.4426e-008	7.6739e-008	8.0376e-008	8.2096e-008	8.3099e-008	8.4435e-008	8.6873e-008	8.8268e-008	9.0046e-008	9.0768e-008	9.1259e-008	9.1943e-008	9.1923e-008	9.2176e-008	9.1999e-008	8.9639e-008	8.6328e-008	8.5433e-008	8.4298e-008	8.3611e-008	8.2021e-008	8.0106e-008	7.7553e-008	7.6503e-008	7.5086e-008	7.1959e-008	7.08e-008	6.8812e-008	6.7412e-008	6.625e-008	6.4884e-008	6.3973e-008	6.251e-008	6.181e-008	6.0081e-008	5.9247e-008	5.7679e-008	5.5506e-008	5.3974e-008	5.086e-008	4.7488e-008	4.5355e-008	4.3968e-008	4.241e-008	4.039e-008	3.9187e-008	3.7724e-008	3.4993e-008	3.3373e-008	3.1536e-008	2.891e-008	2.717e-008	2.6532e-008	2.3481e-008	2.1099e-008	1.9475e-008	1.7054e-008	1.6134e-008	1.4982e-008	1.3073e-008	1.1035e-008	9.8304e-009	8.0393e-009	6.583e-009	5.1256e-009	3.7225e-009	3.0022e-009	2.432e-009	2.4296e-009	2.1718e-009	2.3199e-009	1.9775e-009	1.9243e-009	2.2524e-009	2.2159e-009	1.9e-009	2.5063e-009	3.0596e-009	3.4327e-009	3.875e-009	5.5493e-009	5.4073e-009	7.317e-009	1.0203e-008	1.1653e-008	1.3877e-008	1.6344e-008	1.7699e-008	2.2783e-008	2.5454e-008	2.9534e-008	3.3204e-008	3.7531e-008	3.9846e-008	4.4494e-008	5.1538e-008	5.6629e-008	6.1407e-008	6.5075e-008	6.7459e-008	7.0267e-008	7.385e-008	7.5645e-008	7.7546e-008	8.0702e-008	8.389e-008	8.6421e-008	8.7781e-008	8.8938e-008	8.9936e-008	9.1106e-008	9.1695e-008	9.197e-008	9.259e-008	9.2141e-008	9.2264e-008	9.2469e-008	9.3294e-008	9.2871e-008	9.0334e-008	8.8158e-008	8.6279e-008	8.4483e-008	8.2651e-008	8.0465e-008	8.0051e-008	7.9788e-008	7.9019e-008	7.6959e-008	7.4064e-008	7.2827e-008	7.096e-008	7.0116e-008	6.935e-008	6.8389e-008	6.576e-008	6.4034e-008	6.1977e-008	6.0277e-008	5.7512e-008	5.6203e-008	5.4907e-008	5.1138e-008	4.8556e-008	4.6741e-008	4.5753e-008	4.372e-008	4.2001e-008	4.088e-008	3.7657e-008	3.6604e-008	3.5177e-008	3.3592e-008	3.1709e-008	2.9943e-008	2.857e-008	2.5884e-008	2.4269e-008	2.2364e-008	1.9664e-008	1.8209e-008	1.5757e-008	1.3851e-008	1.2835e-008	1.1058e-008	1.0379e-008	9.061e-009	7.8748e-009	6.9472e-009	6.2107e-009	5.7356e-009	5.5588e-009	5.1567e-009	4.9475e-009	5.2332e-009	5.4008e-009	5.762e-009	6.1264e-009	5.9497e-009	6.1649e-009	6.3488e-009	6.8745e-009	7.0435e-009	7.184e-009	8.1298e-009	9.2738e-009	1.1162e-008	1.3674e-008	1.5529e-008	1.7814e-008	2.0465e-008	2.3595e-008	2.5987e-008	2.96e-008	3.4182e-008	3.8296e-008	4.5606e-008	4.967e-008	5.4608e-008	6.0441e-008	6.8088e-008	7.2439e-008	7.4958e-008	7.93e-008	8.182e-008	8.505e-008	8.717e-008	9.0663e-008	9.2518e-008	9.4352e-008	9.5147e-008	9.8577e-008	9.9024e-008	9.808e-008	9.7228e-008	9.7004e-008	9.663e-008	9.618e-008	9.4728e-008	9.4041e-008	9.312e-008	9.2701e-008	9.1897e-008	9.0516e-008	8.7413e-008	8.5888e-008	8.3964e-008	8.3552e-008	8.1329e-008	7.9796e-008	7.7531e-008	7.6456e-008	7.5644e-008	7.517e-008	7.4104e-008	7.2246e-008	6.8831e-008	6.7303e-008	6.5947e-008	6.4254e-008	6.1439e-008	5.9982e-008	5.7854e-008	5.525e-008	5.204e-008	4.8878e-008	4.749e-008	4.3039e-008	4.1862e-008	4.0359e-008	3.8814e-008	3.7284e-008	3.5513e-008	3.237e-008	3.0842e-008	2.917e-008	2.7812e-008	2.6051e-008	2.4255e-008	2.2524e-008	2.0923e-008	1.9521e-008	1.7697e-008	1.571e-008	1.4288e-008	1.2524e-008	1.076e-008	9.8565e-009	8.5615e-009	8.4731e-009	8.6264e-009	8.5883e-009	8.5314e-009	8.5016e-009	8.6577e-009	8.2747e-009	8.4527e-009	8.6025e-009	8.9882e-009	8.6643e-009	8.6416e-009	8.8331e-009	8.7259e-009	9.4703e-009	1.0111e-008	1.0143e-008	1.1448e-008	1.2745e-008	1.5064e-008	1.7638e-008	2.0201e-008	2.2389e-008	2.5835e-008	2.9295e-008	3.2929e-008	3.639e-008	3.9936e-008	4.3507e-008	4.8822e-008	5.2158e-008	5.7105e-008	6.0415e-008	6.551e-008	7.1648e-008	7.6795e-008	8.0991e-008	8.4048e-008	8.6598e-008	8.8342e-008	9.1121e-008	9.235e-008	9.3797e-008	9.4598e-008	9.5661e-008	9.6532e-008	9.6231e-008	9.6078e-008	9.5867e-008	9.6151e-008	9.6344e-008	9.5783e-008	9.5271e-008	9.4247e-008	9.3226e-008	9.0615e-008	8.801e-008	8.6711e-008	8.4283e-008	8.2783e-008	8.1878e-008	7.9745e-008	7.8205e-008	7.7129e-008	7.6023e-008	7.4449e-008	7.1399e-008	7.0339e-008	6.9659e-008	6.8137e-008	6.5252e-008	6.2931e-008	6.0105e-008	5.8392e-008	5.7496e-008	5.6713e-008	5.5197e-008	5.1834e-008	5.0491e-008	4.8505e-008	4.6669e-008	4.5099e-008	4.3839e-008	4.1293e-008	3.8584e-008	3.6308e-008	3.563e-008	3.2754e-008	3.2181e-008	2.9547e-008	2.7506e-008	2.6185e-008	2.4202e-008	2.224e-008	1.9609e-008	1.8376e-008	1.7964e-008	1.646e-008	1.4614e-008	1.372e-008	1.3022e-008	1.2284e-008	1.1665e-008	1.1864e-008	1.1651e-008	1.1082e-008	1.0329e-008	1.0496e-008	1.067e-008	1.0415e-008	1.0511e-008	1.0732e-008	1.1521e-008	1.219e-008	1.3208e-008	1.4841e-008	1.545e-008	1.7078e-008	1.9054e-008	2.0937e-008	2.3148e-008	2.5056e-008	2.631e-008	2.9895e-008	3.3518e-008	3.6824e-008	4.0718e-008	4.25e-008	4.6831e-008	5.225e-008	5.5917e-008	5.9627e-008	6.4195e-008	6.8005e-008	7.1765e-008	7.6188e-008	8.0426e-008	8.4346e-008	8.816e-008	8.9914e-008	9.304e-008	9.6114e-008	9.727e-008	9.9461e-008	1.0054e-007	1.0141e-007	1.0356e-007	1.0452e-007	1.0497e-007	1.0316e-007	1.0225e-007	1.0158e-007	1.0088e-007	9.9757e-008	9.8013e-008	9.6585e-008	9.4002e-008	9.1418e-008	8.9934e-008	8.7213e-008	8.569e-008	8.5146e-008	8.3984e-008	8.2623e-008	8.1123e-008	7.9241e-008	7.695e-008	7.4489e-008	7.2627e-008	7.1054e-008	6.9805e-008	6.7727e-008	6.6045e-008	6.47e-008	6.3564e-008	6.2205e-008	6.0119e-008	5.8973e-008	5.6472e-008	5.2941e-008	5.0778e-008	4.9135e-008	4.8038e-008	4.5711e-008	4.5059e-008	4.3398e-008	4.148e-008	3.9525e-008	3.7883e-008	3.6408e-008	3.4817e-008	3.1465e-008	3.0692e-008	2.7906e-008	2.7309e-008	2.5475e-008	2.3442e-008	2.2231e-008	2.0336e-008	1.9514e-008	1.8073e-008	1.6242e-008	1.4994e-008	1.3627e-008	1.3061e-008	1.3081e-008	1.199e-008	1.1673e-008	1.1618e-008	1.1589e-008	1.1537e-008	1.1286e-008	1.1061e-008	1.1385e-008	1.1988e-008	1.2475e-008	1.3072e-008	1.3177e-008	1.3385e-008	1.3394e-008	1.322e-008
1.1791e-009	1.5491e-009	1.7454e-009	2.2736e-009	2.8214e-009	4.0064e-009	4.6691e-009	6.9905e-009	1.0054e-008	1.3146e-008	1.5377e-008	1.9077e-008	2.389e-008	2.9561e-008	3.5163e-008	4.1744e-008	4.7394e-008	5.2099e-008	5.6353e-008	5.9204e-008	6.3773e-008	6.9598e-008	7.4826e-008	7.7987e-008	8.1474e-008	8.2457e-008	8.3263e-008	8.4462e-008	8.6761e-008	8.7662e-008	8.8399e-008	8.9938e-008	9.0446e-008	9.1218e-008	9.2193e-008	9.1823e-008	9.1344e-008	8.8647e-008	8.6177e-008	8.464e-008	8.3844e-008	8.2893e-008	8.1681e-008	8.0239e-008	7.8054e-008	7.6262e-008	7.4136e-008	7.1866e-008	7.0428e-008	6.8523e-008	6.7224e-008	6.6213e-008	6.4901e-008	6.4219e-008	6.2535e-008	6.1097e-008	5.9236e-008	5.7954e-008	5.653e-008	5.5515e-008	5.2586e-008	5.0549e-008	4.7116e-008	4.5055e-008	4.3253e-008	4.1932e-008	4.0263e-008	3.9148e-008	3.813e-008	3.6637e-008	3.2772e-008	3.1355e-008	2.9309e-008	2.7651e-008	2.6122e-008	2.3801e-008	2.2483e-008	1.972e-008	1.8947e-008	1.6209e-008	1.4806e-008	1.3552e-008	1.1838e-008	9.8088e-009	7.6749e-009	6.2339e-009	5.3314e-009	3.7305e-009	2.9101e-009	2.3487e-009	2.1888e-009	1.7393e-009	1.8202e-009	1.4982e-009	1.5001e-009	1.5422e-009	2.209e-009	2.4396e-009	2.1582e-009	2.757e-009	3.2495e-009	3.891e-009	5.1588e-009	5.9473e-009	8.2633e-009	1.0563e-008	1.1993e-008	1.4326e-008	1.6582e-008	1.8481e-008	2.255e-008	2.6042e-008	2.9444e-008	3.2656e-008	3.6313e-008	3.9768e-008	4.4011e-008	4.7908e-008	5.4085e-008	6.1337e-008	6.4658e-008	6.7975e-008	7.1896e-008	7.3996e-008	7.5839e-008	7.8062e-008	8.1364e-008	8.3514e-008	8.6139e-008	8.8207e-008	8.9368e-008	9.0493e-008	9.1161e-008	9.1579e-008	9.252e-008	9.2244e-008	9.1773e-008	9.1642e-008	9.1923e-008	9.2985e-008	9.2727e-008	9.0357e-008	8.7571e-008	8.5707e-008	8.5027e-008	8.2633e-008	8.1375e-008	8.031e-008	7.9433e-008	7.831e-008	7.5573e-008	7.3776e-008	7.2263e-008	7.0944e-008	6.9978e-008	6.9143e-008	6.7857e-008	6.577e-008	6.3626e-008	6.0977e-008	5.9829e-008	5.6663e-008	5.602e-008	5.4656e-008	5.3212e-008	4.9254e-008	4.7559e-008	4.5478e-008	4.3646e-008	4.2388e-008	4.0687e-008	3.8019e-008	3.6468e-008	3.4967e-008	3.3595e-008	3.1138e-008	2.9445e-008	2.8279e-008	2.5465e-008	2.4249e-008	2.222e-008	1.9949e-008	1.8362e-008	1.6669e-008	1.4249e-008	1.2927e-008	1.1834e-008	9.8702e-009	8.9675e-009	7.8533e-009	6.8162e-009	6.4614e-009	6.108e-009	5.7302e-009	5.9703e-009	5.8773e-009	5.7998e-009	5.5481e-009	5.673e-009	6.1076e-009	6.1282e-009	5.9139e-009	6.0939e-009	6.6087e-009	7.0952e-009	7.9173e-009	8.296e-009	9.3486e-009	1.1516e-008	1.3666e-008	1.5486e-008	1.8177e-008	2.0599e-008	2.2724e-008	2.6207e-008	2.9677e-008	3.3674e-008	4.0431e-008	4.5872e-008	4.9379e-008	5.56e-008	6.3386e-008	6.9646e-008	7.2674e-008	7.6067e-008	8.0138e-008	8.2459e-008	8.5198e-008	8.8805e-008	9.1125e-008	9.2965e-008	9.4349e-008	9.6306e-008	9.8893e-008	1.0009e-007	9.8773e-008	9.8014e-008	9.6745e-008	9.6317e-008	9.5897e-008	9.4971e-008	9.4472e-008	9.2901e-008	9.2262e-008	9.1505e-008	8.9795e-008	8.8404e-008	8.6654e-008	8.5538e-008	8.459e-008	8.2872e-008	8.0639e-008	7.9098e-008	7.6746e-008	7.5603e-008	7.4745e-008	7.3684e-008	7.2192e-008	7.0329e-008	6.7214e-008	6.6686e-008	6.5338e-008	6.0692e-008	5.9675e-008	5.7313e-008	5.569e-008	5.3059e-008	4.8626e-008	4.743e-008	4.3796e-008	4.1448e-008	3.9925e-008	3.8541e-008	3.7114e-008	3.501e-008	3.2666e-008	3.0904e-008	2.8479e-008	2.7583e-008	2.571e-008	2.395e-008	2.2467e-008	2.0872e-008	1.8865e-008	1.7843e-008	1.6168e-008	1.4453e-008	1.3024e-008	1.0777e-008	9.4568e-009	8.3607e-009	8.4526e-009	8.6318e-009	8.4474e-009	8.3779e-009	8.8999e-009	8.7816e-009	8.2349e-009	8.2818e-009	8.3981e-009	8.6618e-009	8.6096e-009	8.1863e-009	8.4884e-009	8.4795e-009	9.0618e-009	9.4309e-009	9.8803e-009	1.1016e-008	1.2482e-008	1.4456e-008	1.7668e-008	2.0207e-008	2.1991e-008	2.5334e-008	2.8457e-008	3.2143e-008	3.7719e-008	4.0573e-008	4.4801e-008	4.9544e-008	5.3395e-008	5.6623e-008	6.0954e-008	6.4812e-008	7.0836e-008	7.8523e-008	8.2022e-008	8.4605e-008	8.6888e-008	8.8752e-008	9.074e-008	9.1855e-008	9.3135e-008	9.4848e-008	9.5821e-008	9.6664e-008	9.6568e-008	9.5763e-008	9.5151e-008	9.5748e-008	9.5644e-008	9.4865e-008	9.4362e-008	9.3817e-008	9.2955e-008	9.0926e-008	8.8528e-008	8.6188e-008	8.355e-008	8.2655e-008	8.1179e-008	7.9439e-008	7.7807e-008	7.7043e-008	7.5932e-008	7.4007e-008	7.2126e-008	7.1218e-008	6.9181e-008	6.6757e-008	6.4637e-008	6.2003e-008	6.0314e-008	5.885e-008	5.7694e-008	5.703e-008	5.607e-008	5.301e-008	5.0596e-008	4.8651e-008	4.6532e-008	4.5459e-008	4.3136e-008	4.1667e-008	3.8895e-008	3.6684e-008	3.5623e-008	3.3282e-008	3.2367e-008	3.0604e-008	2.8452e-008	2.6669e-008	2.4268e-008	2.2288e-008	2.0971e-008	1.9777e-008	1.851e-008	1.6596e-008	1.4968e-008	1.3741e-008	1.3224e-008	1.2011e-008	1.1628e-008	1.1705e-008	1.1371e-008	1.0734e-008	1.0266e-008	1.0554e-008	1.0605e-008	1.0592e-008	1.0578e-008	1.1121e-008	1.1715e-008	1.2581e-008	1.3279e-008	1.4563e-008	1.561e-008	1.7479e-008	1.9562e-008	2.098e-008	2.2847e-008	2.524e-008	2.6547e-008	3.0993e-008	3.3899e-008	3.7458e-008	3.9505e-008	4.252e-008	4.5939e-008	5.091e-008	5.7105e-008	5.9879e-008	6.4449e-008	6.7927e-008	7.1372e-008	7.642e-008	7.9057e-008	8.2845e-008	8.7615e-008	8.9221e-008	9.208e-008	9.4998e-008	9.5833e-008	9.8912e-008	9.9707e-008	1.0151e-007	1.0287e-007	1.0327e-007	1.0409e-007	1.0235e-007	1.021e-007	1.016e-007	1.0068e-007	9.959e-008	9.7967e-008	9.6353e-008	9.5099e-008	9.2446e-008	9.0011e-008	8.8489e-008	8.6568e-008	8.547e-008	8.3783e-008	8.2275e-008	8.1139e-008	7.8963e-008	7.6918e-008	7.3917e-008	7.1723e-008	7.037e-008	6.8941e-008	6.7955e-008	6.6024e-008	6.5105e-008	6.2689e-008	6.11e-008	6.0055e-008	5.9049e-008	5.5548e-008	5.2642e-008	5.0697e-008	4.9231e-008	4.8187e-008	4.558e-008	4.4615e-008	4.3369e-008	4.1144e-008	3.88e-008	3.7491e-008	3.5506e-008	3.4347e-008	3.1957e-008	3.0278e-008	2.8569e-008	2.6602e-008	2.5278e-008	2.3664e-008	2.2334e-008	2.0352e-008	1.896e-008	1.812e-008	1.6536e-008	1.5241e-008	1.3556e-008	1.2817e-008	1.2507e-008	1.2156e-008	1.183e-008	1.1891e-008	1.1635e-008	1.1715e-008	1.2541e-008	1.1977e-008	1.198e-008	1.1764e-008	1.2745e-008	1.3174e-008	1.2565e-008	1.2792e-008	1.2945e-008	1.3192e-008
1.5661e-009	1.8069e-009	1.6616e-009	2.1745e-009	2.8087e-009	3.7844e-009	4.1072e-009	6.2516e-009	1.0484e-008	1.2533e-008	1.5892e-008	1.9389e-008	2.4041e-008	2.9841e-008	3.5427e-008	4.3389e-008	4.7807e-008	5.237e-008	5.579e-008	5.8826e-008	6.3295e-008	6.8968e-008	7.3614e-008	7.8153e-008	8.1173e-008	8.2778e-008	8.3861e-008	8.4702e-008	8.5818e-008	8.7098e-008	8.7934e-008	8.9156e-008	9.0181e-008	9.0656e-008	9.1814e-008	9.0906e-008	8.9369e-008	8.8452e-008	8.6347e-008	8.5245e-008	8.3708e-008	8.2685e-008	8.1257e-008	7.9878e-008	7.845e-008	7.5676e-008	7.363e-008	7.2355e-008	7.0436e-008	6.9188e-008	6.7385e-008	6.6369e-008	6.5487e-008	6.4243e-008	6.276e-008	6.0815e-008	5.8529e-008	5.7748e-008	5.696e-008	5.428e-008	5.2077e-008	5.0652e-008	4.6735e-008	4.5403e-008	4.3162e-008	4.1545e-008	4.0162e-008	3.924e-008	3.8652e-008	3.6853e-008	3.3861e-008	3.1619e-008	2.8721e-008	2.7679e-008	2.6187e-008	2.3951e-008	2.2887e-008	2.0157e-008	1.8906e-008	1.7538e-008	1.579e-008	1.385e-008	1.2343e-008	1.0108e-008	8.2292e-009	7.1963e-009	5.4206e-009	4.2214e-009	2.6823e-009	2.3544e-009	1.9369e-009	1.3714e-009	1.4126e-009	1.2919e-009	1.0899e-009	1.1128e-009	2.4516e-009	2.492e-009	2.3102e-009	2.2422e-009	3.3803e-009	3.9465e-009	4.933e-009	6.2098e-009	8.2074e-009	1.0214e-008	1.1568e-008	1.3394e-008	1.623e-008	1.8472e-008	2.178e-008	2.4393e-008	2.7409e-008	3.2786e-008	3.7019e-008	4.0183e-008	4.4171e-008	4.8738e-008	5.2759e-008	6.0192e-008	6.4632e-008	6.8001e-008	7.2139e-008	7.4033e-008	7.5388e-008	7.8319e-008	8.1219e-008	8.3459e-008	8.5687e-008	8.8655e-008	9.0539e-008	9.0868e-008	9.1793e-008	9.2086e-008	9.2681e-008	9.2612e-008	9.2062e-008	9.1606e-008	9.1692e-008	9.2294e-008	9.2285e-008	8.9313e-008	8.7561e-008	8.6571e-008	8.5477e-008	8.3128e-008	8.0904e-008	8.0156e-008	7.8935e-008	7.766e-008	7.5726e-008	7.3461e-008	7.2298e-008	7.0917e-008	6.964e-008	6.8793e-008	6.7763e-008	6.6324e-008	6.3754e-008	6.186e-008	6.0107e-008	5.7518e-008	5.6252e-008	5.4933e-008	5.3265e-008	4.9652e-008	4.7405e-008	4.5713e-008	4.4033e-008	4.2833e-008	4.0795e-008	3.7214e-008	3.6042e-008	3.466e-008	3.2715e-008	3.0731e-008	2.8928e-008	2.6646e-008	2.5541e-008	2.3874e-008	2.1977e-008	1.9711e-008	1.7785e-008	1.6616e-008	1.4613e-008	1.324e-008	1.1463e-008	1.0432e-008	8.7128e-009	7.7046e-009	6.9153e-009	6.6447e-009	6.1312e-009	5.6324e-009	5.9775e-009	5.9603e-009	5.8696e-009	6.0201e-009	5.6203e-009	5.7912e-009	5.8204e-009	5.7188e-009	6.04e-009	6.3138e-009	7.1074e-009	7.8585e-009	8.1507e-009	9.9149e-009	1.1678e-008	1.3112e-008	1.5529e-008	1.8128e-008	2.0803e-008	2.3142e-008	2.5827e-008	3e-008	3.5134e-008	4.1178e-008	4.4654e-008	4.9253e-008	5.4702e-008	6.3265e-008	6.9183e-008	7.2852e-008	7.6337e-008	8.041e-008	8.2607e-008	8.5399e-008	8.9301e-008	9.116e-008	9.3535e-008	9.4626e-008	9.7059e-008	9.9314e-008	1.003e-007	1.001e-007	9.8172e-008	9.7609e-008	9.7049e-008	9.5815e-008	9.5026e-008	9.4331e-008	9.269e-008	9.1729e-008	9.0788e-008	8.9452e-008	8.8875e-008	8.6251e-008	8.544e-008	8.4809e-008	8.3787e-008	8.05e-008	7.9318e-008	7.5967e-008	7.5346e-008	7.4389e-008	7.3551e-008	7.1651e-008	6.9633e-008	6.7471e-008	6.6314e-008	6.5497e-008	6.0979e-008	5.9092e-008	5.7111e-008	5.5471e-008	5.2697e-008	4.9644e-008	4.662e-008	4.4687e-008	4.1886e-008	4.086e-008	3.884e-008	3.6884e-008	3.4886e-008	3.1585e-008	3.0909e-008	2.9143e-008	2.7304e-008	2.5696e-008	2.4051e-008	2.2563e-008	2.1344e-008	1.9499e-008	1.709e-008	1.617e-008	1.4672e-008	1.3414e-008	1.2059e-008	1.0657e-008	9.7517e-009	8.3132e-009	8.3044e-009	8.1913e-009	8.5836e-009	8.9435e-009	8.8454e-009	8.5446e-009	8.0539e-009	8.0623e-009	8.1124e-009	8.0615e-009	7.9609e-009	8.3965e-009	8.6674e-009	8.6354e-009	9.3885e-009	9.6515e-009	1.1085e-008	1.2617e-008	1.4535e-008	1.7755e-008	2.0219e-008	2.2283e-008	2.4955e-008	2.7096e-008	3.2643e-008	3.7749e-008	4.117e-008	4.5558e-008	4.9329e-008	5.3818e-008	5.7474e-008	6.093e-008	6.5447e-008	6.938e-008	7.5318e-008	8.1598e-008	8.4539e-008	8.704e-008	8.8834e-008	9.0499e-008	9.2561e-008	9.4159e-008	9.5422e-008	9.6254e-008	9.6593e-008	9.6669e-008	9.6238e-008	9.5382e-008	9.459e-008	9.4326e-008	9.3985e-008	9.3706e-008	9.3217e-008	9.2393e-008	8.9886e-008	8.817e-008	8.6342e-008	8.4305e-008	8.2828e-008	8.1542e-008	8.0179e-008	7.856e-008	7.7913e-008	7.684e-008	7.596e-008	7.3223e-008	7.2176e-008	6.9681e-008	6.6379e-008	6.4974e-008	6.3054e-008	6.0732e-008	5.8729e-008	5.7681e-008	5.7102e-008	5.5519e-008	5.3904e-008	5.0723e-008	4.8127e-008	4.6515e-008	4.5536e-008	4.3255e-008	4.2432e-008	3.8149e-008	3.7095e-008	3.5108e-008	3.3685e-008	3.2463e-008	3.0388e-008	2.9241e-008	2.7231e-008	2.4897e-008	2.2609e-008	2.1936e-008	1.9996e-008	1.8327e-008	1.696e-008	1.5148e-008	1.4073e-008	1.3054e-008	1.214e-008	1.2023e-008	1.1731e-008	1.1143e-008	1.0528e-008	1.0277e-008	1.0488e-008	1.0746e-008	1.1126e-008	1.0878e-008	1.1077e-008	1.1652e-008	1.2615e-008	1.3907e-008	1.4229e-008	1.6522e-008	1.7712e-008	1.9339e-008	2.1077e-008	2.2256e-008	2.4988e-008	2.7313e-008	3.1194e-008	3.3343e-008	3.6572e-008	4.0164e-008	4.2716e-008	4.5331e-008	4.9356e-008	5.3991e-008	5.9191e-008	6.4769e-008	6.9474e-008	7.2742e-008	7.6632e-008	7.9659e-008	8.3253e-008	8.6946e-008	8.9481e-008	9.1571e-008	9.4406e-008	9.5609e-008	9.8887e-008	9.9637e-008	1.0113e-007	1.0219e-007	1.0276e-007	1.0272e-007	1.023e-007	1.0205e-007	1.0154e-007	1.009e-007	9.9792e-008	9.8215e-008	9.6168e-008	9.5492e-008	9.32e-008	8.9982e-008	8.8431e-008	8.6929e-008	8.5589e-008	8.365e-008	8.2059e-008	8.097e-008	7.9173e-008	7.6975e-008	7.3571e-008	7.1909e-008	7.0383e-008	6.9309e-008	6.8385e-008	6.7164e-008	6.6582e-008	6.4834e-008	6.2129e-008	6.0401e-008	5.8412e-008	5.3546e-008	5.2462e-008	5.1327e-008	4.9406e-008	4.8214e-008	4.5947e-008	4.4942e-008	4.3091e-008	4.0103e-008	3.9262e-008	3.7845e-008	3.5593e-008	3.3669e-008	3.1866e-008	3.0173e-008	2.8831e-008	2.7449e-008	2.5415e-008	2.401e-008	2.2318e-008	2.1373e-008	1.9544e-008	1.8136e-008	1.6389e-008	1.5535e-008	1.4057e-008	1.2768e-008	1.2601e-008	1.2385e-008	1.2273e-008	1.2161e-008	1.1742e-008	1.1859e-008	1.2952e-008	1.2642e-008	1.2484e-008	1.3066e-008	1.2956e-008	1.318e-008	1.2644e-008	1.2876e-008	1.3096e-008	1.3318e-008
1.6581e-009	1.9132e-009	1.754e-009	2.2116e-009	2.537e-009	3.7573e-009	4.8934e-009	6.4928e-009	1.0618e-008	1.2256e-008	1.6056e-008	1.8742e-008	2.2878e-008	2.7819e-008	3.5701e-008	4.2631e-008	4.7669e-008	5.2424e-008	5.526e-008	5.9411e-008	6.2282e-008	6.8411e-008	7.2e-008	7.6443e-008	8.1717e-008	8.2942e-008	8.4204e-008	8.4879e-008	8.5931e-008	8.7086e-008	8.8738e-008	8.9647e-008	9.0417e-008	9.0502e-008	9.0535e-008	8.9314e-008	8.9022e-008	8.8245e-008	8.7054e-008	8.5708e-008	8.4103e-008	8.3089e-008	8.1305e-008	7.9538e-008	7.7746e-008	7.5343e-008	7.3458e-008	7.3188e-008	7.1202e-008	6.8733e-008	6.8035e-008	6.6377e-008	6.574e-008	6.4052e-008	6.3031e-008	6.1904e-008	5.9527e-008	5.9051e-008	5.816e-008	5.6181e-008	5.3184e-008	5.0831e-008	4.7845e-008	4.552e-008	4.3023e-008	4.1876e-008	4.0723e-008	3.9633e-008	3.814e-008	3.7108e-008	3.4297e-008	3.1624e-008	2.9687e-008	2.8016e-008	2.7009e-008	2.4191e-008	2.2566e-008	2.0826e-008	1.8997e-008	1.7289e-008	1.5696e-008	1.4175e-008	1.2451e-008	1.0823e-008	8.7744e-009	7.2432e-009	5.6594e-009	4.1992e-009	3.4306e-009	2.4397e-009	1.9797e-009	1.8831e-009	2.0023e-009	2.2461e-009	1.8562e-009	1.2804e-009	2.3813e-009	2.2052e-009	2.1918e-009	2.3254e-009	3.2892e-009	3.886e-009	4.8243e-009	5.9165e-009	8.6462e-009	1.0042e-008	1.1797e-008	1.4366e-008	1.5933e-008	1.8159e-008	2.1701e-008	2.3564e-008	2.8008e-008	3.2443e-008	3.6416e-008	4.0384e-008	4.5086e-008	4.7982e-008	5.2312e-008	5.8021e-008	6.4714e-008	6.8106e-008	7.1764e-008	7.4495e-008	7.604e-008	7.8353e-008	8.1597e-008	8.3864e-008	8.5842e-008	8.9478e-008	9.0669e-008	9.1211e-008	9.1992e-008	9.2412e-008	9.2802e-008	9.2842e-008	9.2817e-008	9.2513e-008	9.1613e-008	9.1841e-008	9.1952e-008	8.8199e-008	8.7435e-008	8.6755e-008	8.5873e-008	8.3667e-008	8.2273e-008	8.0459e-008	7.9084e-008	7.7401e-008	7.5096e-008	7.3755e-008	7.2177e-008	7.0673e-008	6.9651e-008	6.8559e-008	6.809e-008	6.5631e-008	6.3894e-008	6.1728e-008	6.0045e-008	5.911e-008	5.6615e-008	5.37e-008	5.2989e-008	4.9141e-008	4.6586e-008	4.536e-008	4.3995e-008	4.2696e-008	4.0346e-008	3.7822e-008	3.599e-008	3.4507e-008	3.1628e-008	2.9893e-008	2.8962e-008	2.7238e-008	2.5581e-008	2.3925e-008	2.1489e-008	2.0189e-008	1.7561e-008	1.6635e-008	1.4844e-008	1.3011e-008	1.1191e-008	1.0147e-008	8.5555e-009	7.9352e-009	7.4619e-009	6.9419e-009	5.9433e-009	5.6422e-009	5.8128e-009	5.8222e-009	5.9135e-009	5.798e-009	5.8268e-009	5.6263e-009	6.0322e-009	5.9428e-009	6.2633e-009	6.7658e-009	7.1077e-009	7.8342e-009	8.4194e-009	9.92e-009	1.1451e-008	1.3515e-008	1.6119e-008	1.8475e-008	2.1088e-008	2.3672e-008	2.6591e-008	2.9925e-008	3.5526e-008	4.0502e-008	4.6435e-008	4.9787e-008	5.4177e-008	5.8899e-008	6.8145e-008	7.1191e-008	7.5368e-008	8.0904e-008	8.298e-008	8.7483e-008	8.945e-008	9.0856e-008	9.318e-008	9.5174e-008	9.7193e-008	9.9262e-008	9.9993e-008	9.8826e-008	9.8083e-008	9.752e-008	9.72e-008	9.6354e-008	9.4941e-008	9.4668e-008	9.3016e-008	9.148e-008	9.0086e-008	8.927e-008	8.9073e-008	8.7738e-008	8.5879e-008	8.5217e-008	8.3891e-008	8.0975e-008	7.9463e-008	7.8471e-008	7.4717e-008	7.3957e-008	7.2674e-008	7.1227e-008	6.9586e-008	6.7509e-008	6.5808e-008	6.435e-008	5.9771e-008	5.8511e-008	5.6924e-008	5.5158e-008	5.2436e-008	4.9771e-008	4.685e-008	4.4346e-008	4.1871e-008	4.0975e-008	3.9553e-008	3.753e-008	3.5605e-008	3.1943e-008	3.0611e-008	2.9694e-008	2.699e-008	2.6038e-008	2.4165e-008	2.2545e-008	2.1037e-008	1.9856e-008	1.7989e-008	1.624e-008	1.4794e-008	1.3422e-008	1.2142e-008	1.0957e-008	1.0427e-008	9.2542e-009	8.8052e-009	8.5773e-009	8.6714e-009	8.896e-009	8.9239e-009	8.2518e-009	8.126e-009	7.8872e-009	7.6964e-009	7.6185e-009	7.8545e-009	8.486e-009	8.6719e-009	8.7033e-009	9.6737e-009	1.0403e-008	1.1563e-008	1.2863e-008	1.4907e-008	1.7547e-008	1.9555e-008	2.2424e-008	2.506e-008	2.6991e-008	3.2966e-008	3.6859e-008	4.072e-008	4.6267e-008	5.0645e-008	5.4367e-008	5.7712e-008	6.1914e-008	6.588e-008	7.1063e-008	7.7021e-008	8.1338e-008	8.4345e-008	8.6945e-008	8.8626e-008	9.0453e-008	9.3681e-008	9.5006e-008	9.5863e-008	9.6627e-008	9.6728e-008	9.7501e-008	9.6791e-008	9.6519e-008	9.4153e-008	9.4152e-008	9.3392e-008	9.3236e-008	9.2556e-008	9.1705e-008	8.9817e-008	8.8004e-008	8.6112e-008	8.493e-008	8.3356e-008	8.1054e-008	7.9731e-008	7.8827e-008	7.8101e-008	7.7201e-008	7.5564e-008	7.3106e-008	7.2663e-008	7.0755e-008	6.8726e-008	6.563e-008	6.2644e-008	6.1526e-008	6.0529e-008	5.9128e-008	5.6802e-008	5.4963e-008	5.3811e-008	5.1127e-008	4.9099e-008	4.7003e-008	4.5317e-008	4.3905e-008	4.2203e-008	3.9584e-008	3.6589e-008	3.5738e-008	3.3431e-008	3.2327e-008	3.0406e-008	2.8352e-008	2.6761e-008	2.507e-008	2.3213e-008	2.1625e-008	2.0104e-008	1.8679e-008	1.6373e-008	1.5282e-008	1.3465e-008	1.3064e-008	1.2202e-008	1.1762e-008	1.1295e-008	1.0609e-008	1.0432e-008	1.0305e-008	1.0023e-008	1.0309e-008	1.0751e-008	1.0505e-008	1.0756e-008	1.1487e-008	1.2244e-008	1.3646e-008	1.4534e-008	1.6595e-008	1.8162e-008	1.9154e-008	2.0587e-008	2.1844e-008	2.4696e-008	2.6449e-008	3.101e-008	3.2856e-008	3.5959e-008	4.0013e-008	4.2125e-008	4.4099e-008	4.9142e-008	5.185e-008	5.6607e-008	6.404e-008	6.7537e-008	7.3471e-008	7.6441e-008	8.0458e-008	8.306e-008	8.5398e-008	8.9248e-008	9.125e-008	9.4091e-008	9.5882e-008	9.8087e-008	9.9106e-008	9.9694e-008	1.0045e-007	1.008e-007	1.014e-007	1.0165e-007	1.0165e-007	1.0098e-007	1.0051e-007	9.9349e-008	9.8465e-008	9.6299e-008	9.5222e-008	9.3714e-008	9.0388e-008	8.8975e-008	8.6035e-008	8.4777e-008	8.3321e-008	8.1914e-008	8.0654e-008	7.8824e-008	7.6751e-008	7.3615e-008	7.2447e-008	7.0948e-008	6.9492e-008	6.8356e-008	6.7339e-008	6.657e-008	6.4606e-008	6.1764e-008	6.0129e-008	5.7996e-008	5.3876e-008	5.2059e-008	5.1085e-008	4.9644e-008	4.7499e-008	4.5295e-008	4.4229e-008	4.2666e-008	4.0042e-008	3.9244e-008	3.7971e-008	3.5439e-008	3.2249e-008	3.1696e-008	2.9338e-008	2.8458e-008	2.77e-008	2.4797e-008	2.4136e-008	2.2585e-008	2.0759e-008	1.9683e-008	1.8664e-008	1.6418e-008	1.5441e-008	1.4227e-008	1.2975e-008	1.2861e-008	1.2529e-008	1.2467e-008	1.2198e-008	1.1779e-008	1.2069e-008	1.2617e-008	1.2275e-008	1.2433e-008	1.2713e-008	1.2429e-008	1.2676e-008	1.2218e-008	1.2158e-008	1.2809e-008	1.3118e-008
1.1259e-009	1.6684e-009	1.3839e-009	1.7437e-009	2.4141e-009	3.9718e-009	5.2043e-009	7.4169e-009	1.0351e-008	1.2436e-008	1.5828e-008	1.8514e-008	2.3718e-008	2.9011e-008	3.5337e-008	4.0697e-008	4.5621e-008	5.2232e-008	5.5854e-008	5.8896e-008	6.3132e-008	6.7247e-008	7.2193e-008	7.5903e-008	7.8945e-008	8.2724e-008	8.3824e-008	8.4409e-008	8.5408e-008	8.7672e-008	8.9465e-008	9.0438e-008	9.0638e-008	9.0127e-008	8.957e-008	8.9112e-008	8.8682e-008	8.8068e-008	8.6518e-008	8.5297e-008	8.4565e-008	8.2348e-008	8.0943e-008	7.922e-008	7.728e-008	7.6067e-008	7.3551e-008	7.2794e-008	7.178e-008	6.9199e-008	6.7188e-008	6.6108e-008	6.5419e-008	6.3653e-008	6.29e-008	6.1791e-008	6.0032e-008	5.9192e-008	5.806e-008	5.6012e-008	5.3394e-008	5.081e-008	4.8742e-008	4.4739e-008	4.3479e-008	4.2269e-008	4.0673e-008	3.9428e-008	3.7981e-008	3.6001e-008	3.4361e-008	3.1216e-008	2.9113e-008	2.853e-008	2.709e-008	2.499e-008	2.1799e-008	2.0393e-008	1.9167e-008	1.813e-008	1.608e-008	1.4574e-008	1.1972e-008	1.1359e-008	8.7093e-009	7.7962e-009	5.1262e-009	4.6635e-009	3.607e-009	3.0946e-009	2.0377e-009	2.0415e-009	1.9066e-009	2.0718e-009	1.596e-009	1.6667e-009	2.1215e-009	1.8585e-009	2.0721e-009	2.2675e-009	2.9744e-009	3.5324e-009	4.7588e-009	6.1971e-009	8.6632e-009	1.0366e-008	1.1948e-008	1.4324e-008	1.6722e-008	1.9046e-008	2.1706e-008	2.3992e-008	2.7882e-008	3.2076e-008	3.6534e-008	4.0072e-008	4.4245e-008	4.8181e-008	5.167e-008	5.708e-008	6.1786e-008	6.7839e-008	7.1424e-008	7.415e-008	7.5818e-008	7.8661e-008	8.1734e-008	8.3981e-008	8.701e-008	8.9744e-008	9.0513e-008	9.1054e-008	9.197e-008	9.3049e-008	9.2511e-008	9.2624e-008	9.3161e-008	9.2615e-008	9.1591e-008	9.1392e-008	9.0914e-008	8.8467e-008	8.6928e-008	8.6464e-008	8.612e-008	8.3408e-008	8.2016e-008	8.0441e-008	7.9148e-008	7.7142e-008	7.5345e-008	7.374e-008	7.2398e-008	7.0629e-008	6.9702e-008	6.8549e-008	6.7995e-008	6.5137e-008	6.32e-008	6.1251e-008	5.9724e-008	5.8723e-008	5.7785e-008	5.4873e-008	5.1184e-008	4.8098e-008	4.6817e-008	4.4876e-008	4.3529e-008	4.1627e-008	3.9874e-008	3.7715e-008	3.522e-008	3.4021e-008	3.1563e-008	2.9501e-008	2.822e-008	2.6717e-008	2.4838e-008	2.3101e-008	2.0475e-008	1.9711e-008	1.8262e-008	1.6055e-008	1.4062e-008	1.2279e-008	1.0579e-008	9.6836e-009	8.7148e-009	8.1443e-009	7.8138e-009	6.8753e-009	6.3798e-009	5.778e-009	5.366e-009	5.547e-009	5.7446e-009	5.5084e-009	5.4872e-009	5.5215e-009	5.9749e-009	6.1105e-009	6.4161e-009	6.5288e-009	6.7587e-009	7.2869e-009	8.3509e-009	9.635e-009	1.1014e-008	1.329e-008	1.6032e-008	1.7803e-008	1.9851e-008	2.3051e-008	2.7186e-008	3.0187e-008	3.5412e-008	4.0638e-008	4.6304e-008	4.9702e-008	5.4663e-008	5.8611e-008	6.5151e-008	7.1753e-008	7.6031e-008	8.0902e-008	8.4014e-008	8.6995e-008	8.9545e-008	9.0936e-008	9.3354e-008	9.5139e-008	9.7085e-008	9.8745e-008	9.9028e-008	9.9234e-008	9.8681e-008	9.7909e-008	9.6901e-008	9.6052e-008	9.5527e-008	9.4156e-008	9.2756e-008	9.0944e-008	8.9781e-008	8.9824e-008	8.8984e-008	8.7604e-008	8.5685e-008	8.4828e-008	8.3647e-008	8.1902e-008	7.989e-008	7.77e-008	7.4848e-008	7.3877e-008	7.2945e-008	7.0742e-008	6.9089e-008	6.7003e-008	6.5278e-008	6.4058e-008	5.9984e-008	5.8425e-008	5.6758e-008	5.4709e-008	5.2238e-008	4.8898e-008	4.6292e-008	4.2946e-008	4.0936e-008	4.0523e-008	3.954e-008	3.8472e-008	3.4712e-008	3.2081e-008	3.1067e-008	2.9864e-008	2.7645e-008	2.648e-008	2.428e-008	2.2162e-008	2.0934e-008	1.9276e-008	1.7996e-008	1.6789e-008	1.3448e-008	1.2827e-008	1.2182e-008	1.0845e-008	1.0207e-008	9.6866e-009	8.6313e-009	8.5079e-009	8.6558e-009	8.8097e-009	8.3559e-009	8.1828e-009	7.9983e-009	8.0944e-009	7.7368e-009	7.6415e-009	7.937e-009	8.6574e-009	8.7852e-009	8.8649e-009	9.9194e-009	1.0452e-008	1.1535e-008	1.2683e-008	1.4489e-008	1.6779e-008	1.9746e-008	2.2413e-008	2.5539e-008	2.8147e-008	3.2996e-008	3.7941e-008	4.1805e-008	4.587e-008	5.0987e-008	5.447e-008	5.9071e-008	6.2813e-008	6.7177e-008	7.0974e-008	7.6634e-008	8.0906e-008	8.3611e-008	8.643e-008	8.862e-008	9.1995e-008	9.4605e-008	9.5101e-008	9.7137e-008	9.7684e-008	9.7784e-008	9.8169e-008	9.7457e-008	9.7098e-008	9.5605e-008	9.5371e-008	9.4296e-008	9.3826e-008	9.2027e-008	9.1601e-008	8.9665e-008	8.7538e-008	8.5722e-008	8.4671e-008	8.3773e-008	8.2088e-008	8.0102e-008	7.8759e-008	7.7568e-008	7.6643e-008	7.4925e-008	7.2948e-008	7.232e-008	7.0913e-008	6.9537e-008	6.7301e-008	6.4237e-008	6.1551e-008	6.0013e-008	5.9794e-008	5.8114e-008	5.5784e-008	5.2871e-008	5.1394e-008	4.9416e-008	4.7864e-008	4.4654e-008	4.4235e-008	4.2317e-008	3.9994e-008	3.5572e-008	3.4868e-008	3.39e-008	3.216e-008	3.0496e-008	2.9071e-008	2.6644e-008	2.4608e-008	2.4009e-008	2.2242e-008	2.0211e-008	1.7835e-008	1.6239e-008	1.5596e-008	1.294e-008	1.3086e-008	1.2126e-008	1.1531e-008	1.1062e-008	1.0586e-008	1.058e-008	1.0445e-008	1.0101e-008	1.0205e-008	1.0475e-008	1.0515e-008	1.1135e-008	1.1589e-008	1.2183e-008	1.3335e-008	1.4931e-008	1.6554e-008	1.7967e-008	1.8765e-008	2.0537e-008	2.2396e-008	2.4291e-008	2.6602e-008	3.0469e-008	3.3253e-008	3.6219e-008	3.9477e-008	4.1531e-008	4.5931e-008	4.8627e-008	5.3181e-008	5.7801e-008	6.3501e-008	6.7399e-008	7.3211e-008	7.6953e-008	8.1569e-008	8.3305e-008	8.5928e-008	8.9438e-008	9.1604e-008	9.4261e-008	9.644e-008	9.7641e-008	9.9318e-008	9.9691e-008	1.0031e-007	1.0059e-007	1.0116e-007	1.0164e-007	1.0147e-007	1.0127e-007	1.0035e-007	9.918e-008	9.8072e-008	9.6514e-008	9.4727e-008	9.3459e-008	9.1863e-008	9.0688e-008	8.7744e-008	8.393e-008	8.3163e-008	8.204e-008	7.962e-008	7.7346e-008	7.6133e-008	7.4285e-008	7.2751e-008	7.1499e-008	6.9822e-008	6.8465e-008	6.7213e-008	6.6412e-008	6.4189e-008	6.2e-008	6.0083e-008	5.8412e-008	5.4014e-008	5.3016e-008	5.0884e-008	4.9276e-008	4.7187e-008	4.5866e-008	4.3585e-008	4.3051e-008	4.1575e-008	3.8773e-008	3.8025e-008	3.5916e-008	3.4409e-008	3.2948e-008	3.0134e-008	2.8445e-008	2.78e-008	2.5114e-008	2.4331e-008	2.1981e-008	2.122e-008	2.0126e-008	1.8713e-008	1.6736e-008	1.4832e-008	1.4213e-008	1.3311e-008	1.2837e-008	1.2774e-008	1.2423e-008	1.2177e-008	1.2096e-008	1.2129e-008	1.2308e-008	1.2092e-008	1.2351e-008	1.2805e-008	1.2294e-008	1.2231e-008	1.2192e-008	1.2291e-008	1.2906e-008	1.337e-008
1.3419e-009	1.3208e-009	1.1555e-009	1.773e-009	2.8978e-009	4.3677e-009	5.9732e-009	7.6966e-009	1.0659e-008	1.3289e-008	1.6264e-008	1.9813e-008	2.3834e-008	2.9833e-008	3.5813e-008	4.1828e-008	4.6632e-008	5.2673e-008	5.6241e-008	5.913e-008	6.3615e-008	6.8048e-008	7.2634e-008	7.6143e-008	7.9333e-008	8.2149e-008	8.3537e-008	8.4881e-008	8.6533e-008	8.8533e-008	8.9522e-008	9.1008e-008	9.1173e-008	9.0859e-008	8.952e-008	8.9369e-008	8.8806e-008	8.7801e-008	8.6762e-008	8.5265e-008	8.4728e-008	8.273e-008	8.1467e-008	7.8923e-008	7.7697e-008	7.6446e-008	7.4653e-008	7.2241e-008	7.1721e-008	6.9681e-008	6.7029e-008	6.6418e-008	6.5438e-008	6.3849e-008	6.2688e-008	6.1914e-008	6.0916e-008	5.9077e-008	5.7982e-008	5.5727e-008	5.3186e-008	5.026e-008	4.8109e-008	4.6833e-008	4.4875e-008	4.2302e-008	4.0405e-008	3.9273e-008	3.7611e-008	3.5965e-008	3.5049e-008	3.1979e-008	3.046e-008	2.8751e-008	2.7495e-008	2.6219e-008	2.2942e-008	2.022e-008	1.9279e-008	1.8048e-008	1.6138e-008	1.4833e-008	1.3355e-008	1.0327e-008	8.7733e-009	7.7208e-009	6.0053e-009	4.9603e-009	3.8227e-009	3.1449e-009	2.8942e-009	2.3841e-009	2.1979e-009	2.1378e-009	2.0887e-009	2.088e-009	1.9836e-009	1.8699e-009	2.2781e-009	2.6267e-009	3.046e-009	3.4223e-009	4.6791e-009	6.8403e-009	8.5815e-009	1.0685e-008	1.2254e-008	1.5003e-008	1.7089e-008	1.9477e-008	2.1547e-008	2.4604e-008	2.8964e-008	3.2248e-008	3.6913e-008	4.1095e-008	4.4706e-008	4.8428e-008	5.2857e-008	5.7837e-008	6.2902e-008	6.7806e-008	7.1444e-008	7.3956e-008	7.633e-008	7.9802e-008	8.1471e-008	8.5615e-008	8.8129e-008	9.0072e-008	9.0416e-008	9.0654e-008	9.2393e-008	9.3856e-008	9.3442e-008	9.2788e-008	9.287e-008	9.2538e-008	9.1688e-008	9.1293e-008	9.0142e-008	8.7846e-008	8.637e-008	8.623e-008	8.6316e-008	8.4967e-008	8.238e-008	8.0002e-008	7.9021e-008	7.6838e-008	7.5511e-008	7.366e-008	7.2222e-008	7.0682e-008	6.9788e-008	6.8623e-008	6.7943e-008	6.6034e-008	6.2979e-008	6.1362e-008	5.9662e-008	5.8723e-008	5.7339e-008	5.5388e-008	5.1608e-008	4.8616e-008	4.6193e-008	4.4761e-008	4.2946e-008	4.1694e-008	3.8726e-008	3.7284e-008	3.4941e-008	3.3743e-008	3.1183e-008	2.9927e-008	2.7814e-008	2.5369e-008	2.4241e-008	2.2584e-008	2.0187e-008	1.9672e-008	1.8548e-008	1.5666e-008	1.4275e-008	1.1658e-008	1.0412e-008	9.8793e-009	9.2226e-009	8.2952e-009	7.5677e-009	6.6746e-009	6.4767e-009	6.1238e-009	5.6891e-009	5.6595e-009	5.726e-009	5.3627e-009	5.4199e-009	5.2622e-009	5.8485e-009	6.185e-009	6.6898e-009	6.6694e-009	6.9165e-009	7.4406e-009	8.3174e-009	9.8162e-009	1.0962e-008	1.391e-008	1.5733e-008	1.7706e-008	2.0096e-008	2.3504e-008	2.6175e-008	3.055e-008	3.6385e-008	4.1927e-008	4.6741e-008	5.0872e-008	5.4681e-008	5.9198e-008	6.3334e-008	6.8944e-008	7.5947e-008	8.1685e-008	8.4379e-008	8.7262e-008	9.0052e-008	9.0688e-008	9.3386e-008	9.5656e-008	9.7315e-008	9.8291e-008	9.8845e-008	9.8905e-008	9.8798e-008	9.8405e-008	9.7874e-008	9.642e-008	9.5844e-008	9.5549e-008	9.4603e-008	9.3208e-008	9.1358e-008	8.9932e-008	8.8953e-008	8.7614e-008	8.5643e-008	8.4998e-008	8.3652e-008	8.2353e-008	8.0515e-008	7.9039e-008	7.7291e-008	7.4267e-008	7.2981e-008	7.0968e-008	6.9003e-008	6.6992e-008	6.5215e-008	6.3573e-008	6.1059e-008	5.9374e-008	5.7068e-008	5.5206e-008	5.3158e-008	4.8476e-008	4.5858e-008	4.4423e-008	4.2809e-008	4.0691e-008	3.9642e-008	3.8644e-008	3.7293e-008	3.2023e-008	3.1577e-008	2.9755e-008	2.7649e-008	2.6546e-008	2.5843e-008	2.2761e-008	2.1404e-008	2.0508e-008	1.8739e-008	1.7446e-008	1.5669e-008	1.3856e-008	1.2632e-008	1.2106e-008	1.1098e-008	9.4368e-009	8.9245e-009	8.8108e-009	8.7027e-009	8.7352e-009	8.3735e-009	8.68e-009	8.5826e-009	8.4993e-009	7.8445e-009	8.3875e-009	8.6267e-009	8.8415e-009	8.9479e-009	9.2389e-009	1.0064e-008	1.0774e-008	1.1695e-008	1.3547e-008	1.4697e-008	1.7225e-008	2.0925e-008	2.352e-008	2.6075e-008	2.8958e-008	3.3226e-008	3.7166e-008	4.1985e-008	4.5952e-008	5.0575e-008	5.4846e-008	6.0066e-008	6.4925e-008	6.8118e-008	7.1973e-008	7.6204e-008	8.0381e-008	8.3338e-008	8.5768e-008	8.8469e-008	9.1932e-008	9.4937e-008	9.6283e-008	9.7783e-008	9.8625e-008	9.9158e-008	9.8517e-008	9.8022e-008	9.7048e-008	9.6339e-008	9.5345e-008	9.4661e-008	9.4532e-008	9.3551e-008	9.2039e-008	9.1229e-008	8.8606e-008	8.6007e-008	8.4581e-008	8.3562e-008	8.2663e-008	8.098e-008	7.8938e-008	7.7514e-008	7.7006e-008	7.4935e-008	7.346e-008	7.2218e-008	7.1017e-008	6.9538e-008	6.7755e-008	6.5838e-008	6.3562e-008	6.1432e-008	6.0287e-008	5.8506e-008	5.6873e-008	5.3431e-008	5.0359e-008	4.9417e-008	4.8472e-008	4.5746e-008	4.4278e-008	4.2525e-008	4.0741e-008	3.815e-008	3.612e-008	3.2987e-008	3.2078e-008	3.0669e-008	2.9345e-008	2.7442e-008	2.5079e-008	2.3811e-008	2.2513e-008	2.0965e-008	1.9484e-008	1.7369e-008	1.605e-008	1.5282e-008	1.3161e-008	1.2448e-008	1.1522e-008	1.1493e-008	1.1036e-008	1.081e-008	1.0553e-008	1.0254e-008	1.0125e-008	1.0714e-008	1.1092e-008	1.1668e-008	1.229e-008	1.2372e-008	1.3238e-008	1.4953e-008	1.639e-008	1.749e-008	1.8859e-008	2.065e-008	2.2823e-008	2.4982e-008	2.742e-008	3.0418e-008	3.2993e-008	3.6604e-008	3.9089e-008	4.3174e-008	4.7144e-008	4.9581e-008	5.3957e-008	5.8052e-008	6.2638e-008	6.7033e-008	7.3094e-008	7.6768e-008	8.107e-008	8.3843e-008	8.7025e-008	9.0007e-008	9.1512e-008	9.4239e-008	9.6701e-008	9.8273e-008	9.9943e-008	9.9979e-008	1.0031e-007	1.0047e-007	1.0091e-007	1.0165e-007	1.0148e-007	1.0132e-007	1.0131e-007	1.0012e-007	9.9222e-008	9.7944e-008	9.6169e-008	9.2529e-008	9.2085e-008	9.0802e-008	8.9084e-008	8.5808e-008	8.4349e-008	8.2565e-008	8.2503e-008	7.8918e-008	7.6558e-008	7.5242e-008	7.3425e-008	7.2391e-008	7.0492e-008	6.8412e-008	6.7469e-008	6.6425e-008	6.5194e-008	6.136e-008	6.0188e-008	5.8263e-008	5.5015e-008	5.3668e-008	5.1535e-008	5.0298e-008	4.8892e-008	4.7509e-008	4.4665e-008	4.3152e-008	4.1874e-008	3.9703e-008	3.8252e-008	3.6579e-008	3.443e-008	3.3023e-008	3.129e-008	2.9337e-008	2.745e-008	2.5655e-008	2.4484e-008	2.2892e-008	2.1175e-008	1.9979e-008	1.8354e-008	1.6651e-008	1.5345e-008	1.4223e-008	1.3241e-008	1.2942e-008	1.2933e-008	1.2618e-008	1.2532e-008	1.2146e-008	1.1917e-008	1.2196e-008	1.2008e-008	1.212e-008	1.2429e-008	1.2283e-008	1.2085e-008	1.2048e-008	1.2302e-008	1.2782e-008	1.3006e-008
1.3425e-009	1.5847e-009	1.9193e-009	2.6531e-009	3.2262e-009	4.5844e-009	6.6167e-009	8.8762e-009	1.1458e-008	1.4437e-008	1.7271e-008	2.0369e-008	2.6125e-008	3.1093e-008	3.6292e-008	4.1914e-008	4.7331e-008	5.2339e-008	5.528e-008	5.9598e-008	6.3061e-008	6.6706e-008	7.1076e-008	7.6043e-008	7.9335e-008	8.1405e-008	8.2739e-008	8.4576e-008	8.6549e-008	8.8518e-008	8.9957e-008	9.0974e-008	9.1372e-008	9.1501e-008	9.0554e-008	8.9365e-008	8.9018e-008	8.8356e-008	8.7397e-008	8.5783e-008	8.5563e-008	8.4442e-008	8.1163e-008	7.9863e-008	7.8103e-008	7.6425e-008	7.4395e-008	7.1954e-008	7.1232e-008	6.9089e-008	6.7552e-008	6.6043e-008	6.5252e-008	6.3792e-008	6.2675e-008	6.1543e-008	6.0461e-008	5.8523e-008	5.7394e-008	5.5776e-008	5.4873e-008	5.2484e-008	4.7932e-008	4.8781e-008	4.6237e-008	4.3425e-008	4.1401e-008	3.8877e-008	3.7968e-008	3.6099e-008	3.54e-008	3.2324e-008	3.0474e-008	2.8627e-008	2.7417e-008	2.5869e-008	2.3093e-008	2.0418e-008	2.0057e-008	1.9346e-008	1.7845e-008	1.576e-008	1.3937e-008	1.1151e-008	9.695e-009	7.1996e-009	6.7523e-009	5.5764e-009	4.3431e-009	3.7043e-009	3.219e-009	2.6938e-009	2.4492e-009	2.3318e-009	1.9092e-009	1.9164e-009	2.113e-009	2.076e-009	2.449e-009	2.7919e-009	3.137e-009	3.777e-009	4.7694e-009	6.4737e-009	8.3612e-009	1.0242e-008	1.1935e-008	1.443e-008	1.6844e-008	1.8985e-008	2.1871e-008	2.5052e-008	2.8336e-008	3.3001e-008	3.737e-008	4.0726e-008	4.4127e-008	4.8163e-008	5.3282e-008	5.8698e-008	6.3705e-008	6.7163e-008	7.0697e-008	7.3975e-008	7.6467e-008	7.9679e-008	8.2205e-008	8.5994e-008	8.7796e-008	8.9229e-008	8.9898e-008	9.0997e-008	9.2578e-008	9.3694e-008	9.3377e-008	9.2884e-008	9.254e-008	9.2454e-008	9.256e-008	9.1354e-008	9.0126e-008	8.7627e-008	8.6165e-008	8.5421e-008	8.6127e-008	8.473e-008	8.2004e-008	8.0065e-008	7.8799e-008	7.707e-008	7.5531e-008	7.3825e-008	7.1832e-008	7.0835e-008	7.0162e-008	6.8961e-008	6.7627e-008	6.5193e-008	6.2729e-008	6.0492e-008	5.9671e-008	5.8638e-008	5.7541e-008	5.4504e-008	5.0817e-008	4.919e-008	4.6818e-008	4.5161e-008	4.3055e-008	4.17e-008	3.9237e-008	3.7275e-008	3.526e-008	3.349e-008	3.134e-008	2.9625e-008	2.8994e-008	2.6253e-008	2.4214e-008	2.2464e-008	2.1006e-008	1.9266e-008	1.8088e-008	1.5246e-008	1.3953e-008	1.2467e-008	1.1006e-008	9.9561e-009	9.0455e-009	8.01e-009	7.3393e-009	6.4664e-009	6.0607e-009	6.0229e-009	5.4747e-009	5.6013e-009	5.9011e-009	5.8446e-009	5.6795e-009	5.3953e-009	5.6489e-009	6.0353e-009	6.6701e-009	6.9467e-009	7.2575e-009	7.4398e-009	8.0824e-009	9.4949e-009	1.0832e-008	1.3362e-008	1.509e-008	1.6982e-008	2.0043e-008	2.2718e-008	2.6506e-008	3.0479e-008	3.6488e-008	4.2325e-008	4.6385e-008	5.1138e-008	5.4732e-008	5.8238e-008	6.2533e-008	6.9027e-008	7.5652e-008	8.1294e-008	8.545e-008	8.7518e-008	9.095e-008	9.1468e-008	9.2735e-008	9.4396e-008	9.5995e-008	9.7288e-008	9.8496e-008	9.9058e-008	9.8839e-008	9.8706e-008	9.8597e-008	9.7816e-008	9.6204e-008	9.5953e-008	9.4683e-008	9.3246e-008	9.1826e-008	9.0626e-008	8.8859e-008	8.757e-008	8.7321e-008	8.5234e-008	8.3021e-008	8.151e-008	8.0279e-008	7.9358e-008	7.8049e-008	7.6134e-008	7.3339e-008	7.162e-008	6.9018e-008	6.6957e-008	6.5181e-008	6.3758e-008	6.1339e-008	5.9478e-008	5.7222e-008	5.5114e-008	5.3287e-008	4.8276e-008	4.545e-008	4.4752e-008	4.2858e-008	4.0184e-008	4.0072e-008	3.8643e-008	3.7719e-008	3.4649e-008	3.1766e-008	3.0907e-008	2.9269e-008	2.722e-008	2.5863e-008	2.2861e-008	2.1394e-008	2.0387e-008	1.8788e-008	1.7396e-008	1.5795e-008	1.4509e-008	1.3171e-008	1.189e-008	1.0706e-008	9.4739e-009	8.8458e-009	8.4406e-009	8.3153e-009	8.0563e-009	7.9883e-009	8.2937e-009	8.2668e-009	8.0452e-009	8.22e-009	8.6403e-009	8.7796e-009	8.6721e-009	9.1333e-009	9.4556e-009	9.9415e-009	1.0389e-008	1.1381e-008	1.3661e-008	1.4939e-008	1.7306e-008	1.9444e-008	2.2587e-008	2.5975e-008	2.9594e-008	3.253e-008	3.6311e-008	4.0118e-008	4.4774e-008	4.9313e-008	5.3254e-008	5.8937e-008	6.5566e-008	6.8466e-008	7.2739e-008	7.5675e-008	7.8785e-008	8.2353e-008	8.484e-008	8.7809e-008	9.0998e-008	9.4708e-008	9.6135e-008	9.7861e-008	9.8718e-008	9.9009e-008	9.8043e-008	9.7534e-008	9.6819e-008	9.5566e-008	9.4898e-008	9.3896e-008	9.3967e-008	9.3114e-008	9.1678e-008	9.1005e-008	8.7624e-008	8.619e-008	8.4469e-008	8.2973e-008	8.2303e-008	8.1331e-008	7.8291e-008	7.7164e-008	7.6532e-008	7.4909e-008	7.3022e-008	7.1808e-008	7.0524e-008	6.934e-008	6.7653e-008	6.578e-008	6.3771e-008	6.1974e-008	6.0047e-008	5.8835e-008	5.7542e-008	5.5793e-008	5.2081e-008	4.943e-008	4.8128e-008	4.5938e-008	4.3604e-008	4.2143e-008	4.0186e-008	3.7584e-008	3.5758e-008	3.4869e-008	3.2682e-008	3.0365e-008	2.9169e-008	2.7642e-008	2.569e-008	2.3291e-008	2.1756e-008	2.0975e-008	1.8865e-008	1.7029e-008	1.5885e-008	1.5489e-008	1.4341e-008	1.2937e-008	1.1551e-008	1.1254e-008	1.1157e-008	1.0605e-008	1.0415e-008	1.0208e-008	1.0605e-008	1.1248e-008	1.1363e-008	1.1619e-008	1.1804e-008	1.1898e-008	1.2943e-008	1.4296e-008	1.5472e-008	1.6959e-008	1.891e-008	2.0525e-008	2.2653e-008	2.4364e-008	2.7307e-008	2.9482e-008	3.2483e-008	3.4929e-008	3.8501e-008	4.3732e-008	4.7187e-008	5.0784e-008	5.4778e-008	5.7255e-008	6.23e-008	6.6278e-008	7.0968e-008	7.5341e-008	7.9774e-008	8.3836e-008	8.6976e-008	8.8883e-008	9.0793e-008	9.2678e-008	9.6094e-008	9.7766e-008	9.9463e-008	9.9766e-008	9.9989e-008	1.0021e-007	1.0049e-007	1.0087e-007	1.0151e-007	1.0157e-007	1.0139e-007	9.9952e-008	9.8529e-008	9.7827e-008	9.671e-008	9.4018e-008	9.2456e-008	9.0907e-008	8.8904e-008	8.6124e-008	8.5149e-008	8.3923e-008	8.2316e-008	7.8376e-008	7.6815e-008	7.5878e-008	7.3806e-008	7.2919e-008	7.1026e-008	6.8217e-008	6.7398e-008	6.6301e-008	6.4879e-008	6.2652e-008	6.0456e-008	5.8235e-008	5.6842e-008	5.4902e-008	5.2594e-008	5.0784e-008	4.8527e-008	4.7451e-008	4.5239e-008	4.2879e-008	4.1881e-008	3.9527e-008	3.8091e-008	3.6183e-008	3.3966e-008	3.2641e-008	3.0668e-008	2.9267e-008	2.7837e-008	2.5283e-008	2.4117e-008	2.2427e-008	2.1121e-008	1.9903e-008	1.8036e-008	1.7161e-008	1.5113e-008	1.4275e-008	1.3428e-008	1.2772e-008	1.275e-008	1.2311e-008	1.2235e-008	1.2231e-008	1.1811e-008	1.1801e-008	1.1694e-008	1.1638e-008	1.194e-008	1.1812e-008	1.1724e-008	1.173e-008	1.2564e-008	1.2742e-008	1.2756e-008
1.1747e-009	2.1991e-009	2.1582e-009	2.4194e-009	3.551e-009	4.513e-009	6.6846e-009	9.0149e-009	1.0949e-008	1.4488e-008	1.7315e-008	2.0542e-008	2.5008e-008	3.1348e-008	3.6131e-008	4.0742e-008	4.5522e-008	5.0395e-008	5.4041e-008	5.794e-008	6.2162e-008	6.6947e-008	7.0877e-008	7.5334e-008	7.8648e-008	8.0437e-008	8.2863e-008	8.465e-008	8.5632e-008	8.792e-008	8.904e-008	9.0179e-008	9.1326e-008	9.1471e-008	9.0439e-008	9.0017e-008	8.9067e-008	8.8034e-008	8.734e-008	8.5859e-008	8.5509e-008	8.4835e-008	8.0218e-008	7.9327e-008	7.7671e-008	7.5959e-008	7.3785e-008	7.1954e-008	7.0088e-008	6.8626e-008	6.7423e-008	6.6734e-008	6.5702e-008	6.3157e-008	6.216e-008	6.052e-008	5.9108e-008	5.7804e-008	5.6757e-008	5.5937e-008	5.4484e-008	5.3398e-008	5.0891e-008	4.8835e-008	4.6412e-008	4.492e-008	4.1444e-008	3.8491e-008	3.7936e-008	3.5923e-008	3.4904e-008	3.2784e-008	3.0654e-008	2.8738e-008	2.7168e-008	2.5452e-008	2.3337e-008	2.0992e-008	1.9794e-008	1.8764e-008	1.6754e-008	1.5616e-008	1.3267e-008	1.1061e-008	1.0192e-008	7.9815e-009	6.4677e-009	5.8365e-009	4.1553e-009	3.475e-009	2.949e-009	2.568e-009	2.1542e-009	1.8779e-009	1.5698e-009	1.7289e-009	1.945e-009	1.8418e-009	2.0226e-009	2.5853e-009	3.1014e-009	3.5282e-009	4.3037e-009	5.7709e-009	7.7291e-009	1.0036e-008	1.1429e-008	1.3271e-008	1.5182e-008	1.7984e-008	2.1345e-008	2.4339e-008	2.8631e-008	3.2516e-008	3.8099e-008	4.095e-008	4.3577e-008	4.7392e-008	5.2192e-008	6.0524e-008	6.4081e-008	6.7434e-008	7.0275e-008	7.3452e-008	7.6225e-008	7.9178e-008	8.0997e-008	8.5405e-008	8.7789e-008	8.8739e-008	8.9374e-008	9.0212e-008	9.1909e-008	9.2794e-008	9.2795e-008	9.2508e-008	9.2733e-008	9.2149e-008	9.1712e-008	9.064e-008	8.945e-008	8.7733e-008	8.5427e-008	8.4259e-008	8.4235e-008	8.2712e-008	8.1028e-008	7.9479e-008	7.7758e-008	7.6996e-008	7.3299e-008	7.3543e-008	7.1976e-008	7.0726e-008	6.9297e-008	6.7882e-008	6.6511e-008	6.4371e-008	6.2053e-008	6.0103e-008	5.8604e-008	5.8122e-008	5.6208e-008	5.323e-008	5.0549e-008	4.8753e-008	4.6907e-008	4.4962e-008	4.3142e-008	4.1928e-008	3.9588e-008	3.7082e-008	3.5e-008	3.3341e-008	3.1453e-008	2.9651e-008	2.7531e-008	2.6411e-008	2.459e-008	2.3484e-008	2.1299e-008	1.8212e-008	1.7544e-008	1.5142e-008	1.3607e-008	1.1354e-008	1.0482e-008	9.6524e-009	8.7383e-009	7.5924e-009	6.6684e-009	5.7252e-009	5.4598e-009	5.2457e-009	4.992e-009	5.2769e-009	5.4764e-009	5.4125e-009	5.2965e-009	4.8815e-009	5.2258e-009	5.5964e-009	6.2471e-009	6.9198e-009	7.0191e-009	7.3614e-009	7.9473e-009	8.7525e-009	1.0274e-008	1.2561e-008	1.5104e-008	1.6961e-008	1.9999e-008	2.3049e-008	2.6325e-008	3.0828e-008	3.635e-008	4.164e-008	4.5363e-008	5.1046e-008	5.5381e-008	5.9423e-008	6.2567e-008	6.831e-008	7.6436e-008	8.22e-008	8.5993e-008	8.7859e-008	9.0351e-008	9.1337e-008	9.2672e-008	9.3953e-008	9.5304e-008	9.6451e-008	9.7129e-008	9.8548e-008	9.9131e-008	9.9034e-008	9.9046e-008	9.9241e-008	9.7905e-008	9.7816e-008	9.5208e-008	9.3811e-008	9.1947e-008	8.9885e-008	8.818e-008	8.7472e-008	8.6805e-008	8.5739e-008	8.2255e-008	8.1016e-008	7.9505e-008	7.8391e-008	7.7128e-008	7.5603e-008	7.2492e-008	7.0555e-008	6.8694e-008	6.6208e-008	6.4134e-008	6.3122e-008	6.1234e-008	5.9625e-008	5.7019e-008	5.4864e-008	5.2052e-008	4.9032e-008	4.5611e-008	4.3726e-008	4.3324e-008	4.1944e-008	3.9848e-008	3.8209e-008	3.7046e-008	3.4868e-008	3.2405e-008	3.0729e-008	2.8689e-008	2.717e-008	2.5133e-008	2.377e-008	2.1924e-008	2.0315e-008	1.9228e-008	1.784e-008	1.5637e-008	1.3551e-008	1.2481e-008	1.1716e-008	1.0095e-008	9.1468e-009	8.3214e-009	7.9301e-009	7.8273e-009	7.6586e-009	7.4119e-009	7.4557e-009	7.6746e-009	7.6811e-009	8.2157e-009	8.3085e-009	8.4041e-009	8.4155e-009	8.7669e-009	8.993e-009	9.6828e-009	1.0242e-008	1.1359e-008	1.3598e-008	1.5496e-008	1.7164e-008	1.9349e-008	2.1863e-008	2.5964e-008	2.9848e-008	3.2541e-008	3.6837e-008	4.0138e-008	4.4761e-008	4.7602e-008	5.2575e-008	5.8337e-008	6.505e-008	7.0038e-008	7.3396e-008	7.6489e-008	7.9292e-008	8.1122e-008	8.5343e-008	8.7896e-008	9.1693e-008	9.4484e-008	9.6354e-008	9.7721e-008	9.8343e-008	9.853e-008	9.7649e-008	9.678e-008	9.5908e-008	9.4991e-008	9.4266e-008	9.385e-008	9.3176e-008	9.242e-008	9.057e-008	8.9907e-008	8.7267e-008	8.5087e-008	8.3512e-008	8.2971e-008	8.2194e-008	8.1444e-008	7.8719e-008	7.6812e-008	7.586e-008	7.3847e-008	7.2757e-008	7.1263e-008	7.0078e-008	6.8625e-008	6.7013e-008	6.5486e-008	6.2688e-008	6.1359e-008	5.9177e-008	5.7901e-008	5.6591e-008	5.5446e-008	5.076e-008	4.8389e-008	4.7236e-008	4.6227e-008	4.3599e-008	4.0963e-008	3.9309e-008	3.8511e-008	3.5549e-008	3.5307e-008	3.1842e-008	3.031e-008	2.8707e-008	2.7359e-008	2.567e-008	2.4515e-008	2.2428e-008	2.1414e-008	1.8171e-008	1.7223e-008	1.5372e-008	1.5098e-008	1.3546e-008	1.2691e-008	1.1628e-008	1.1118e-008	1.1389e-008	1.0907e-008	1.017e-008	9.8885e-009	1.0568e-008	1.0822e-008	1.0999e-008	1.1272e-008	1.1455e-008	1.139e-008	1.2288e-008	1.404e-008	1.4905e-008	1.6286e-008	1.8654e-008	2.034e-008	2.249e-008	2.4082e-008	2.6684e-008	2.9253e-008	3.1943e-008	3.4376e-008	3.9341e-008	4.3921e-008	4.7197e-008	5.0252e-008	5.3923e-008	5.7674e-008	6.2134e-008	6.6965e-008	7.1174e-008	7.5159e-008	7.8923e-008	8.3406e-008	8.7098e-008	8.8704e-008	9.1058e-008	9.3723e-008	9.5978e-008	9.756e-008	9.9396e-008	9.9768e-008	1e-007	9.9929e-008	9.9926e-008	1.0049e-007	1.011e-007	1.0132e-007	1.0094e-007	1.0014e-007	9.99e-008	9.8525e-008	9.6316e-008	9.4552e-008	9.2548e-008	9.0726e-008	8.7648e-008	8.5011e-008	8.4681e-008	8.2628e-008	8.1408e-008	7.7941e-008	7.6752e-008	7.5822e-008	7.3837e-008	7.2913e-008	7.0676e-008	6.8704e-008	6.6784e-008	6.5462e-008	6.4497e-008	6.1683e-008	5.9169e-008	5.7476e-008	5.6377e-008	5.485e-008	5.216e-008	4.924e-008	4.7967e-008	4.6743e-008	4.4357e-008	4.3279e-008	4.09e-008	3.8738e-008	3.702e-008	3.5705e-008	3.448e-008	3.2166e-008	3.0483e-008	2.8737e-008	2.6347e-008	2.5005e-008	2.341e-008	2.2058e-008	2.0243e-008	1.8947e-008	1.7068e-008	1.6597e-008	1.4902e-008	1.4239e-008	1.3816e-008	1.3111e-008	1.3086e-008	1.2718e-008	1.2412e-008	1.1659e-008	1.1481e-008	1.1299e-008	1.1445e-008	1.1351e-008	1.1176e-008	1.0959e-008	1.1344e-008	1.1449e-008	1.2435e-008	1.2389e-008	1.2699e-008
1.7246e-009	2.0033e-009	1.9557e-009	2.4424e-009	3.2311e-009	5.0912e-009	7.0981e-009	9.4006e-009	1.1866e-008	1.427e-008	1.7754e-008	2.1276e-008	2.6418e-008	3.1243e-008	3.5849e-008	4.0507e-008	4.5492e-008	4.9867e-008	5.2958e-008	5.7381e-008	6.1537e-008	6.6533e-008	7.1943e-008	7.4995e-008	7.8853e-008	8.16e-008	8.3434e-008	8.4375e-008	8.5693e-008	8.7542e-008	8.8696e-008	8.9784e-008	9.1774e-008	9.1823e-008	9.052e-008	9.0061e-008	8.9103e-008	8.8079e-008	8.7701e-008	8.6364e-008	8.5279e-008	8.4211e-008	8.0414e-008	7.7803e-008	7.7479e-008	7.3676e-008	7.3168e-008	7.1114e-008	6.938e-008	6.8793e-008	6.7659e-008	6.7189e-008	6.6034e-008	6.1855e-008	6.1149e-008	5.9366e-008	5.816e-008	5.786e-008	5.6348e-008	5.5565e-008	5.4233e-008	5.2145e-008	4.9973e-008	4.8474e-008	4.5383e-008	4.3047e-008	4.1524e-008	3.9275e-008	3.8202e-008	3.6304e-008	3.4524e-008	3.2873e-008	3.0838e-008	2.8562e-008	2.6321e-008	2.4908e-008	2.294e-008	2.1792e-008	1.9957e-008	1.8771e-008	1.7032e-008	1.5357e-008	1.3912e-008	1.2309e-008	1.0036e-008	8.4294e-009	7.0148e-009	5.2388e-009	3.7561e-009	3.0886e-009	2.6538e-009	2.1138e-009	1.7062e-009	1.4106e-009	1.4055e-009	1.5947e-009	1.627e-009	1.4307e-009	1.7061e-009	1.9542e-009	2.7917e-009	3.0468e-009	3.72e-009	5.3621e-009	7.6464e-009	9.3739e-009	1.1102e-008	1.2938e-008	1.4508e-008	1.7509e-008	2.1042e-008	2.4329e-008	2.9066e-008	3.3309e-008	3.8026e-008	4.1302e-008	4.4211e-008	4.7266e-008	5.2395e-008	6.0248e-008	6.487e-008	6.7115e-008	7.023e-008	7.3818e-008	7.6531e-008	7.9209e-008	8.1079e-008	8.5536e-008	8.7357e-008	8.8033e-008	8.8855e-008	8.9855e-008	9.0749e-008	9.1362e-008	9.1464e-008	9.2173e-008	9.249e-008	9.1856e-008	9.1673e-008	9.0061e-008	8.9087e-008	8.8017e-008	8.5514e-008	8.4476e-008	8.34e-008	8.1789e-008	7.9684e-008	7.8326e-008	7.7352e-008	7.6838e-008	7.5025e-008	7.3894e-008	7.1923e-008	6.9573e-008	6.881e-008	6.694e-008	6.5265e-008	6.4102e-008	6.2817e-008	6.0838e-008	5.8589e-008	5.7655e-008	5.5665e-008	5.1799e-008	4.9835e-008	4.8634e-008	4.6633e-008	4.4547e-008	4.3026e-008	4.1458e-008	3.9376e-008	3.7151e-008	3.4886e-008	3.314e-008	3.1321e-008	2.9556e-008	2.7885e-008	2.6614e-008	2.4678e-008	2.3166e-008	2.0841e-008	1.875e-008	1.7236e-008	1.4879e-008	1.2604e-008	1.1028e-008	1.0404e-008	9.3089e-009	7.9305e-009	7.154e-009	6.0773e-009	5.26e-009	4.8346e-009	5.4272e-009	5.5924e-009	5.602e-009	5.544e-009	5.3252e-009	5.0888e-009	4.9793e-009	5.2423e-009	5.8808e-009	6.2397e-009	6.3995e-009	7.0259e-009	7.2125e-009	7.4214e-009	8.4514e-009	1.0086e-008	1.2957e-008	1.5187e-008	1.711e-008	2.0315e-008	2.3145e-008	2.719e-008	3.1675e-008	3.6882e-008	4.132e-008	4.6843e-008	5.0969e-008	5.4941e-008	6.0378e-008	6.3733e-008	6.8631e-008	7.7554e-008	8.165e-008	8.5949e-008	8.8919e-008	9.0203e-008	9.1133e-008	9.2862e-008	9.4375e-008	9.4926e-008	9.6239e-008	9.7919e-008	9.8557e-008	9.922e-008	9.8892e-008	9.8878e-008	1.0007e-007	9.9015e-008	9.7325e-008	9.5835e-008	9.443e-008	9.1758e-008	8.981e-008	8.831e-008	8.7694e-008	8.6794e-008	8.5788e-008	8.3191e-008	8.0531e-008	7.8888e-008	7.748e-008	7.6281e-008	7.5188e-008	7.3177e-008	7.0827e-008	6.8855e-008	6.6013e-008	6.4164e-008	6.2913e-008	6.076e-008	5.8993e-008	5.7096e-008	5.517e-008	5.3119e-008	4.918e-008	4.7297e-008	4.5861e-008	4.3415e-008	4.2233e-008	4.0712e-008	3.8145e-008	3.6684e-008	3.4827e-008	3.3357e-008	2.9558e-008	2.8655e-008	2.7218e-008	2.5042e-008	2.3713e-008	2.2697e-008	2.1385e-008	1.9559e-008	1.8513e-008	1.7352e-008	1.5831e-008	1.2342e-008	1.2095e-008	1.0905e-008	9.3362e-009	8.8877e-009	7.9748e-009	7.8355e-009	7.9223e-009	7.6017e-009	7.4411e-009	7.4243e-009	7.9688e-009	8.3178e-009	8.6817e-009	8.5835e-009	8.3938e-009	8.8383e-009	8.8701e-009	9.4712e-009	1.0181e-008	1.1478e-008	1.3264e-008	1.5459e-008	1.703e-008	1.9271e-008	2.2483e-008	2.609e-008	2.8913e-008	3.333e-008	3.7283e-008	4.0282e-008	4.4395e-008	4.8303e-008	5.2186e-008	5.7813e-008	6.4768e-008	7.0223e-008	7.4383e-008	7.6695e-008	7.9372e-008	8.1835e-008	8.5723e-008	8.9266e-008	9.1589e-008	9.4238e-008	9.6286e-008	9.8113e-008	9.8436e-008	9.8548e-008	9.7159e-008	9.6326e-008	9.5717e-008	9.5251e-008	9.4769e-008	9.4073e-008	9.3353e-008	9.1921e-008	9.0956e-008	8.9647e-008	8.746e-008	8.5666e-008	8.4353e-008	8.3044e-008	8.1967e-008	8.1604e-008	7.926e-008	7.8018e-008	7.6902e-008	7.4851e-008	7.3313e-008	7.2425e-008	7.1154e-008	6.863e-008	6.7724e-008	6.5957e-008	6.4017e-008	6.1502e-008	5.9014e-008	5.8229e-008	5.8133e-008	5.6909e-008	5.3465e-008	4.9385e-008	4.8052e-008	4.561e-008	4.2069e-008	4.1351e-008	3.9822e-008	3.8216e-008	3.758e-008	3.5976e-008	3.4116e-008	3.2375e-008	2.9662e-008	2.7253e-008	2.5872e-008	2.4404e-008	2.3243e-008	2.1941e-008	2.0013e-008	1.8665e-008	1.6408e-008	1.523e-008	1.368e-008	1.2909e-008	1.1641e-008	1.1442e-008	1.1553e-008	1.1186e-008	1.0675e-008	1.0525e-008	1.0967e-008	1.0792e-008	1.1156e-008	1.125e-008	1.1729e-008	1.1985e-008	1.2932e-008	1.4362e-008	1.5159e-008	1.649e-008	1.8285e-008	1.9702e-008	2.2497e-008	2.4704e-008	2.6884e-008	2.9621e-008	3.2408e-008	3.5174e-008	3.8315e-008	4.2914e-008	4.6806e-008	4.9829e-008	5.4427e-008	5.7666e-008	6.1415e-008	6.7041e-008	7.0951e-008	7.6158e-008	7.8871e-008	8.2148e-008	8.7274e-008	8.9046e-008	9.1473e-008	9.3962e-008	9.5418e-008	9.7071e-008	9.9424e-008	1.0085e-007	1.0068e-007	1.0072e-007	1.0079e-007	1.0103e-007	1.0198e-007	1.019e-007	1.0163e-007	1.0071e-007	1.0043e-007	9.9476e-008	9.817e-008	9.6467e-008	9.3336e-008	9.0181e-008	8.8617e-008	8.5665e-008	8.491e-008	8.2486e-008	8.1523e-008	8.0472e-008	7.9248e-008	7.7868e-008	7.4864e-008	7.3564e-008	7.1964e-008	6.9771e-008	6.8865e-008	6.6947e-008	6.4369e-008	6.2493e-008	6.0126e-008	5.8481e-008	5.6799e-008	5.524e-008	5.2533e-008	5.0208e-008	4.8243e-008	4.6984e-008	4.4983e-008	4.2958e-008	4.189e-008	4.122e-008	3.8583e-008	3.6996e-008	3.4375e-008	3.3024e-008	3.1534e-008	2.9866e-008	2.7873e-008	2.595e-008	2.4198e-008	2.2722e-008	2.1373e-008	1.9959e-008	1.833e-008	1.7312e-008	1.6361e-008	1.5359e-008	1.4426e-008	1.3792e-008	1.3607e-008	1.3421e-008	1.3283e-008	1.283e-008	1.2715e-008	1.2201e-008	1.2056e-008	1.2594e-008	1.2356e-008	1.149e-008	1.2169e-008	1.2173e-008	1.312e-008	1.3303e-008	1.3556e-008
2.9651e-009	2.6697e-009	3.0891e-009	3.9025e-009	4.6706e-009	6.3804e-009	8.4635e-009	1.0189e-008	1.3236e-008	1.623e-008	1.9435e-008	2.3697e-008	2.8487e-008	3.251e-008	3.5795e-008	4.0355e-008	4.5713e-008	5.0219e-008	5.4738e-008	5.8302e-008	6.3225e-008	6.8248e-008	7.2558e-008	7.6646e-008	8.0992e-008	8.3485e-008	8.4848e-008	8.5781e-008	8.687e-008	8.8566e-008	9.0416e-008	9.201e-008	9.2783e-008	9.2753e-008	9.2372e-008	9.148e-008	9.1272e-008	9.0486e-008	8.8438e-008	8.7023e-008	8.5845e-008	8.4859e-008	8.2815e-008	8.0985e-008	7.913e-008	7.6623e-008	7.4477e-008	7.3543e-008	7.1677e-008	6.9664e-008	6.88e-008	6.833e-008	6.7035e-008	6.412e-008	6.1924e-008	6.0278e-008	5.9213e-008	5.8638e-008	5.7643e-008	5.6579e-008	5.4289e-008	5.2646e-008	5.1334e-008	4.9475e-008	4.804e-008	4.5082e-008	4.3294e-008	4.049e-008	3.9017e-008	3.7141e-008	3.5452e-008	3.4324e-008	3.1405e-008	2.9648e-008	2.7903e-008	2.6291e-008	2.4251e-008	2.2957e-008	2.1193e-008	1.9758e-008	1.775e-008	1.6431e-008	1.4507e-008	1.3182e-008	1.1795e-008	1.016e-008	7.938e-009	6.0256e-009	5.0007e-009	3.9322e-009	3.4462e-009	3.0155e-009	2.5041e-009	2.464e-009	2.1057e-009	2.5153e-009	2.5525e-009	2.6165e-009	2.8856e-009	2.9168e-009	3.5399e-009	4.0453e-009	4.6233e-009	5.8461e-009	7.6875e-009	1.0292e-008	1.1965e-008	1.3823e-008	1.5584e-008	1.8307e-008	2.1492e-008	2.4564e-008	2.9576e-008	3.4488e-008	3.9272e-008	4.268e-008	4.4848e-008	4.8558e-008	5.3449e-008	5.9468e-008	6.5485e-008	6.8443e-008	7.1061e-008	7.4395e-008	7.6983e-008	8.0711e-008	8.1928e-008	8.5696e-008	8.6903e-008	8.8213e-008	8.9268e-008	9.081e-008	9.1575e-008	9.1736e-008	9.1803e-008	9.2335e-008	9.3365e-008	9.3549e-008	9.2784e-008	9.0608e-008	9.0217e-008	8.9217e-008	8.8149e-008	8.6201e-008	8.4163e-008	8.429e-008	8.2372e-008	7.8921e-008	7.7822e-008	7.7613e-008	7.6785e-008	7.5106e-008	7.3452e-008	7.1738e-008	6.8538e-008	6.7167e-008	6.4989e-008	6.4391e-008	6.2805e-008	6.118e-008	5.859e-008	5.7814e-008	5.5788e-008	5.307e-008	5.1672e-008	4.9975e-008	4.8543e-008	4.5788e-008	4.3512e-008	4.2208e-008	3.973e-008	3.8143e-008	3.5291e-008	3.3497e-008	3.2249e-008	3.0826e-008	2.9538e-008	2.7438e-008	2.5836e-008	2.3926e-008	2.194e-008	2.0043e-008	1.8328e-008	1.5851e-008	1.3487e-008	1.2142e-008	1.1002e-008	1.0039e-008	8.9029e-009	7.8533e-009	6.7624e-009	5.9716e-009	5.9793e-009	6.2467e-009	6.3199e-009	6.5593e-009	6.6577e-009	6.648e-009	6.4077e-009	6.0528e-009	6.9696e-009	7.4801e-009	7.3943e-009	7.2766e-009	7.554e-009	7.5436e-009	7.7324e-009	8.8581e-009	1.0616e-008	1.3113e-008	1.5639e-008	1.7194e-008	2.0611e-008	2.4276e-008	2.8091e-008	3.2734e-008	3.8187e-008	4.2703e-008	4.7394e-008	5.1539e-008	5.711e-008	6.0509e-008	6.4469e-008	6.8854e-008	7.7017e-008	8.1754e-008	8.5844e-008	8.9102e-008	9.0627e-008	9.2138e-008	9.3488e-008	9.5262e-008	9.6048e-008	9.8093e-008	9.8793e-008	9.9923e-008	1.0014e-007	9.9665e-008	9.9841e-008	1.0059e-007	9.9917e-008	9.8229e-008	9.671e-008	9.5126e-008	9.3063e-008	9.0831e-008	8.9044e-008	8.8608e-008	8.7514e-008	8.5991e-008	8.3892e-008	8.1395e-008	7.9381e-008	7.8073e-008	7.6886e-008	7.5332e-008	7.4391e-008	7.1004e-008	6.9719e-008	6.7423e-008	6.5628e-008	6.3577e-008	6.0993e-008	6.0028e-008	5.7972e-008	5.537e-008	5.4544e-008	4.9748e-008	4.8024e-008	4.6555e-008	4.4002e-008	4.2857e-008	4.0796e-008	3.8391e-008	3.7589e-008	3.5751e-008	3.4357e-008	3.153e-008	2.9938e-008	2.9029e-008	2.7176e-008	2.509e-008	2.3878e-008	2.182e-008	2.029e-008	1.9502e-008	1.776e-008	1.6111e-008	1.4587e-008	1.3027e-008	1.2355e-008	1.0391e-008	9.5426e-009	8.7855e-009	8.4378e-009	8.3147e-009	8.1848e-009	7.9017e-009	8.0511e-009	8.7793e-009	8.7199e-009	9.0645e-009	8.9587e-009	8.8824e-009	9.2297e-009	9.5424e-009	9.7332e-009	1.0708e-008	1.2226e-008	1.3524e-008	1.5873e-008	1.7542e-008	1.9992e-008	2.2842e-008	2.5525e-008	3.0473e-008	3.4076e-008	3.767e-008	4.1615e-008	4.5141e-008	4.8994e-008	5.213e-008	5.7571e-008	6.376e-008	6.947e-008	7.4636e-008	7.7419e-008	8.024e-008	8.2689e-008	8.5587e-008	8.8925e-008	9.3231e-008	9.4669e-008	9.6431e-008	9.8481e-008	9.8735e-008	9.886e-008	9.7896e-008	9.7066e-008	9.6331e-008	9.5999e-008	9.5912e-008	9.4112e-008	9.3565e-008	9.2777e-008	9.1191e-008	8.9471e-008	8.7498e-008	8.6442e-008	8.4406e-008	8.3444e-008	8.2247e-008	8.1673e-008	8.1263e-008	7.9594e-008	7.7228e-008	7.5371e-008	7.4084e-008	7.2808e-008	7.1998e-008	6.9522e-008	6.8699e-008	6.6683e-008	6.4517e-008	6.1373e-008	6.0219e-008	5.9211e-008	5.8641e-008	5.6091e-008	5.2283e-008	5.1482e-008	4.8529e-008	4.7375e-008	4.3846e-008	4.1096e-008	4.0431e-008	3.9261e-008	3.7753e-008	3.6132e-008	3.4129e-008	3.2833e-008	3.109e-008	2.735e-008	2.6444e-008	2.4772e-008	2.3819e-008	2.2497e-008	2.0414e-008	1.8456e-008	1.6738e-008	1.5492e-008	1.4656e-008	1.316e-008	1.2476e-008	1.1813e-008	1.1751e-008	1.1527e-008	1.1285e-008	1.1303e-008	1.1136e-008	1.0902e-008	1.0777e-008	1.1363e-008	1.2079e-008	1.2374e-008	1.329e-008	1.4172e-008	1.5118e-008	1.669e-008	1.8212e-008	1.9714e-008	2.2544e-008	2.4812e-008	2.7387e-008	2.9518e-008	3.1887e-008	3.4759e-008	3.8145e-008	4.2054e-008	4.5232e-008	4.9493e-008	5.3099e-008	5.7271e-008	6.1107e-008	6.6457e-008	7.1585e-008	7.5824e-008	7.8547e-008	8.1003e-008	8.6141e-008	8.8603e-008	9.1878e-008	9.4335e-008	9.6122e-008	9.8649e-008	1.0023e-007	1.0118e-007	1.013e-007	1.0118e-007	1.0155e-007	1.0182e-007	1.0247e-007	1.0235e-007	1.0196e-007	1.0123e-007	1.006e-007	9.996e-008	9.8252e-008	9.6412e-008	9.4351e-008	8.9962e-008	8.7276e-008	8.5485e-008	8.3931e-008	8.23e-008	8.1483e-008	8.0852e-008	7.9512e-008	7.8236e-008	7.4953e-008	7.2849e-008	7.1974e-008	7.0222e-008	6.9084e-008	6.6774e-008	6.4491e-008	6.2636e-008	6.0056e-008	5.9362e-008	5.7224e-008	5.5495e-008	5.2419e-008	5.001e-008	4.8192e-008	4.7117e-008	4.5964e-008	4.3538e-008	4.2368e-008	4.1039e-008	3.9403e-008	3.7809e-008	3.618e-008	3.3773e-008	3.2071e-008	2.9826e-008	2.7031e-008	2.6409e-008	2.435e-008	2.3e-008	2.1199e-008	2.0347e-008	1.8329e-008	1.7173e-008	1.6031e-008	1.5097e-008	1.3943e-008	1.3971e-008	1.3516e-008	1.3462e-008	1.3171e-008	1.2848e-008	1.2781e-008	1.2142e-008	1.2299e-008	1.2702e-008	1.2528e-008	1.2601e-008	1.2856e-008	1.274e-008	1.2908e-008	1.3361e-008	1.3942e-008
2.7958e-009	2.5107e-009	3.2527e-009	3.8879e-009	5.0796e-009	6.2451e-009	8.475e-009	1.0873e-008	1.3686e-008	1.5967e-008	1.9635e-008	2.3936e-008	2.8345e-008	3.1794e-008	3.5274e-008	3.7632e-008	4.386e-008	4.8868e-008	5.4481e-008	5.8942e-008	6.282e-008	6.8573e-008	7.2112e-008	7.6159e-008	8.0111e-008	8.2799e-008	8.4581e-008	8.5768e-008	8.6298e-008	8.8242e-008	8.9983e-008	9.2175e-008	9.2984e-008	9.2931e-008	9.1714e-008	9.0989e-008	9.079e-008	9.0298e-008	8.8882e-008	8.6212e-008	8.5302e-008	8.4326e-008	8.2363e-008	8.0978e-008	7.932e-008	7.6705e-008	7.4856e-008	7.327e-008	7.1654e-008	7.0991e-008	6.9158e-008	6.7745e-008	6.6671e-008	6.4719e-008	6.2874e-008	6.1495e-008	5.9891e-008	5.8216e-008	5.7076e-008	5.5112e-008	5.3195e-008	5.2258e-008	5.077e-008	4.8846e-008	4.756e-008	4.5129e-008	4.3122e-008	4.0292e-008	3.8031e-008	3.6938e-008	3.5205e-008	3.4035e-008	3.1583e-008	2.9863e-008	2.8171e-008	2.6069e-008	2.4506e-008	2.2759e-008	2.0608e-008	1.9818e-008	1.6826e-008	1.5872e-008	1.4215e-008	1.2486e-008	1.0868e-008	9.5312e-009	7.7047e-009	6.1411e-009	4.7037e-009	4.1421e-009	3.5527e-009	2.776e-009	2.1623e-009	1.8058e-009	1.8836e-009	2.5086e-009	2.3004e-009	2.2519e-009	2.6617e-009	2.832e-009	3.069e-009	3.4495e-009	3.7545e-009	5.342e-009	7.7192e-009	9.5275e-009	1.1147e-008	1.3333e-008	1.5191e-008	1.7472e-008	2.155e-008	2.5031e-008	2.8929e-008	3.3566e-008	3.8596e-008	4.2242e-008	4.5515e-008	4.9072e-008	5.3057e-008	5.8674e-008	6.4121e-008	6.8036e-008	7.0873e-008	7.3015e-008	7.5805e-008	7.9932e-008	8.2028e-008	8.4019e-008	8.5568e-008	8.7637e-008	8.9045e-008	9.024e-008	9.0531e-008	9.1203e-008	9.1374e-008	9.1529e-008	9.279e-008	9.2754e-008	9.2815e-008	9.1091e-008	8.9606e-008	8.827e-008	8.7605e-008	8.6708e-008	8.5196e-008	8.3657e-008	8.2159e-008	7.9636e-008	7.8091e-008	7.6807e-008	7.5755e-008	7.4202e-008	7.2517e-008	7.1878e-008	6.869e-008	6.6058e-008	6.3805e-008	6.306e-008	6.1827e-008	6.013e-008	5.7364e-008	5.6531e-008	5.4939e-008	5.2675e-008	5.084e-008	4.9438e-008	4.7978e-008	4.5534e-008	4.359e-008	4.1107e-008	3.9093e-008	3.6342e-008	3.4025e-008	3.2651e-008	3.1583e-008	2.9981e-008	2.8481e-008	2.7242e-008	2.5183e-008	2.3061e-008	2.0921e-008	1.9079e-008	1.7351e-008	1.4613e-008	1.2671e-008	1.1642e-008	9.8942e-009	8.7298e-009	8.1788e-009	7.214e-009	6.6185e-009	6.1647e-009	5.7757e-009	5.7088e-009	5.5554e-009	5.9032e-009	6.3623e-009	6.3256e-009	6.2315e-009	6.1647e-009	6.7461e-009	6.9967e-009	6.7139e-009	6.7965e-009	6.7224e-009	6.7463e-009	7.1968e-009	8.6712e-009	1.038e-008	1.3196e-008	1.4671e-008	1.7603e-008	2.0275e-008	2.3742e-008	2.8842e-008	3.3976e-008	3.8533e-008	4.3471e-008	4.7811e-008	5.2512e-008	5.6729e-008	6.1138e-008	6.6448e-008	7.0515e-008	7.6476e-008	8.2202e-008	8.582e-008	8.8538e-008	9.0848e-008	9.3144e-008	9.505e-008	9.5872e-008	9.6878e-008	9.8301e-008	9.9094e-008	9.9883e-008	9.9776e-008	9.9201e-008	9.9333e-008	1.0001e-007	9.8588e-008	9.6791e-008	9.5763e-008	9.4427e-008	9.1645e-008	9.0303e-008	8.8776e-008	8.7499e-008	8.6837e-008	8.5191e-008	8.3199e-008	8.1565e-008	7.8823e-008	7.7553e-008	7.5948e-008	7.4859e-008	7.4088e-008	6.9695e-008	6.8154e-008	6.6337e-008	6.4691e-008	6.2893e-008	6.089e-008	5.8944e-008	5.6676e-008	5.502e-008	5.3573e-008	5.111e-008	4.7914e-008	4.6086e-008	4.4033e-008	4.1662e-008	3.9491e-008	3.8185e-008	3.6451e-008	3.5309e-008	3.323e-008	3.1166e-008	2.927e-008	2.8517e-008	2.5422e-008	2.4061e-008	2.3484e-008	2.2575e-008	1.9877e-008	1.8345e-008	1.7358e-008	1.473e-008	1.3577e-008	1.2505e-008	1.1305e-008	9.2167e-009	8.8906e-009	8.1668e-009	7.7876e-009	7.46e-009	7.4308e-009	8.1201e-009	8.2666e-009	8.4558e-009	8.1111e-009	8.2631e-009	8.5005e-009	8.5555e-009	8.8398e-009	9.4472e-009	9.7934e-009	1.0438e-008	1.1861e-008	1.3611e-008	1.5725e-008	1.7937e-008	2.0198e-008	2.347e-008	2.7291e-008	3.0693e-008	3.4161e-008	3.7978e-008	4.1698e-008	4.53e-008	4.9122e-008	5.2551e-008	5.6981e-008	6.3478e-008	6.9069e-008	7.3276e-008	7.6234e-008	8.0014e-008	8.2175e-008	8.5507e-008	8.962e-008	9.3201e-008	9.4506e-008	9.6178e-008	9.7946e-008	9.814e-008	9.8429e-008	9.7406e-008	9.6303e-008	9.5756e-008	9.5741e-008	9.6102e-008	9.537e-008	9.3773e-008	9.2402e-008	9.0789e-008	8.8731e-008	8.7431e-008	8.6593e-008	8.5691e-008	8.2767e-008	8.142e-008	8.0654e-008	8.0242e-008	7.7633e-008	7.6132e-008	7.5206e-008	7.3431e-008	7.22e-008	7.1217e-008	6.8681e-008	6.7558e-008	6.5685e-008	6.4605e-008	6.1538e-008	5.9113e-008	5.8787e-008	5.7715e-008	5.5523e-008	5.3969e-008	5.2346e-008	4.7957e-008	4.7216e-008	4.5886e-008	4.3255e-008	4.0278e-008	3.9466e-008	3.809e-008	3.5276e-008	3.3724e-008	3.2068e-008	2.9774e-008	2.7727e-008	2.6623e-008	2.4749e-008	2.3261e-008	2.1896e-008	1.9992e-008	1.8114e-008	1.6114e-008	1.5267e-008	1.4216e-008	1.2857e-008	1.2283e-008	1.1734e-008	1.1432e-008	1.1405e-008	1.113e-008	1.091e-008	1.0638e-008	1.0333e-008	1.0564e-008	1.1115e-008	1.1482e-008	1.2056e-008	1.2631e-008	1.3953e-008	1.4862e-008	1.6124e-008	1.7928e-008	1.9596e-008	2.1647e-008	2.4363e-008	2.6877e-008	2.8872e-008	3.1382e-008	3.4436e-008	3.73e-008	4.1691e-008	4.4683e-008	4.6885e-008	5.1916e-008	5.7618e-008	6.1722e-008	6.7177e-008	6.9986e-008	7.4919e-008	7.7991e-008	8.0276e-008	8.4451e-008	8.7489e-008	9.0951e-008	9.3974e-008	9.6223e-008	9.8727e-008	1.0055e-007	1.0111e-007	1.014e-007	1.0157e-007	1.013e-007	1.015e-007	1.0233e-007	1.0207e-007	1.0148e-007	1.009e-007	1.0022e-007	9.8625e-008	9.7323e-008	9.5012e-008	9.3095e-008	8.8548e-008	8.644e-008	8.4546e-008	8.3103e-008	8.2206e-008	8.1618e-008	8.0433e-008	7.9366e-008	7.7745e-008	7.3389e-008	7.1751e-008	7.1099e-008	6.9042e-008	6.8255e-008	6.666e-008	6.3621e-008	6.196e-008	6.0408e-008	5.9128e-008	5.6998e-008	5.4248e-008	5.2168e-008	5.0449e-008	4.8724e-008	4.7199e-008	4.554e-008	4.2543e-008	4.1902e-008	4.0563e-008	3.9102e-008	3.7817e-008	3.6303e-008	3.402e-008	3.249e-008	3.0856e-008	2.8753e-008	2.6617e-008	2.4114e-008	2.3692e-008	2.0585e-008	1.9732e-008	1.8519e-008	1.6771e-008	1.5429e-008	1.4208e-008	1.3526e-008	1.3401e-008	1.3334e-008	1.3143e-008	1.2306e-008	1.2016e-008	1.2332e-008	1.2187e-008	1.1814e-008	1.2082e-008	1.2469e-008	1.2257e-008	1.2853e-008	1.3097e-008	1.2568e-008	1.2961e-008	1.3633e-008
1.6899e-009	1.9827e-009	2.5363e-009	3.3717e-009	4.4022e-009	5.9379e-009	8.3239e-009	1.0759e-008	1.3304e-008	1.7321e-008	1.9066e-008	2.4366e-008	2.8475e-008	3.2093e-008	3.6062e-008	3.9589e-008	4.3649e-008	4.8582e-008	5.4382e-008	5.9967e-008	6.4478e-008	6.8361e-008	7.0539e-008	7.3967e-008	7.9888e-008	8.2186e-008	8.3933e-008	8.5004e-008	8.5646e-008	8.7242e-008	8.9131e-008	9.1305e-008	9.2168e-008	9.1962e-008	9.0775e-008	9.0219e-008	8.9747e-008	8.9534e-008	8.8299e-008	8.6402e-008	8.4624e-008	8.3767e-008	8.2154e-008	8.0518e-008	7.8759e-008	7.64e-008	7.5e-008	7.3294e-008	7.1546e-008	7.0412e-008	6.967e-008	6.7816e-008	6.7583e-008	6.4702e-008	6.3122e-008	6.1443e-008	5.9742e-008	5.7732e-008	5.6602e-008	5.4368e-008	5.3711e-008	5.193e-008	4.9882e-008	4.7786e-008	4.6184e-008	4.4487e-008	4.268e-008	3.9911e-008	3.7321e-008	3.6294e-008	3.4611e-008	3.2998e-008	3.0486e-008	2.9536e-008	2.7654e-008	2.486e-008	2.4339e-008	2.3383e-008	2.0594e-008	1.9232e-008	1.6378e-008	1.5266e-008	1.3255e-008	1.2255e-008	1.0705e-008	9.3625e-009	7.4439e-009	5.2068e-009	4.68e-009	4.0257e-009	3.374e-009	2.206e-009	1.6163e-009	1.0894e-009	9.9087e-010	1.7927e-009	2.2154e-009	2.1028e-009	2.485e-009	2.4298e-009	2.4745e-009	3.1656e-009	3.6918e-009	5.2104e-009	6.9822e-009	8.7683e-009	1.0376e-008	1.2207e-008	1.4202e-008	1.6396e-008	2.0738e-008	2.3633e-008	2.7566e-008	3.2332e-008	3.7467e-008	4.1386e-008	4.4563e-008	4.8349e-008	5.3204e-008	5.6967e-008	6.3076e-008	6.7006e-008	7.033e-008	7.3065e-008	7.5311e-008	7.8985e-008	8.0934e-008	8.2876e-008	8.4833e-008	8.6677e-008	8.7895e-008	8.9193e-008	8.9828e-008	9.0678e-008	9.1184e-008	9.1014e-008	9.1738e-008	9.2045e-008	9.2097e-008	9.076e-008	9.0027e-008	8.7839e-008	8.7251e-008	8.6249e-008	8.4446e-008	8.3042e-008	8.1266e-008	7.9756e-008	7.804e-008	7.6323e-008	7.4185e-008	7.2935e-008	7.1569e-008	7.0671e-008	6.8538e-008	6.404e-008	6.4748e-008	6.2245e-008	6.05e-008	5.8649e-008	5.6648e-008	5.4975e-008	5.3894e-008	5.1958e-008	5.0151e-008	4.8479e-008	4.6642e-008	4.5208e-008	4.2657e-008	4.0203e-008	3.8236e-008	3.5773e-008	3.4179e-008	3.295e-008	3.1593e-008	2.9933e-008	2.8404e-008	2.71e-008	2.5813e-008	2.2805e-008	2.1046e-008	1.8689e-008	1.6235e-008	1.5264e-008	1.3337e-008	1.0639e-008	9.8175e-009	8.0333e-009	7.5502e-009	6.7297e-009	6.4095e-009	5.8847e-009	5.4618e-009	4.9624e-009	5.2005e-009	5.6998e-009	5.8815e-009	5.8505e-009	5.7038e-009	5.5567e-009	6.2143e-009	6.2997e-009	5.8407e-009	5.9158e-009	6.0342e-009	6.0941e-009	6.7935e-009	8.1015e-009	9.544e-009	1.2016e-008	1.3833e-008	1.6372e-008	1.9832e-008	2.3595e-008	2.8068e-008	3.3376e-008	3.8384e-008	4.3002e-008	4.7822e-008	5.1219e-008	5.6237e-008	6.084e-008	6.5998e-008	6.9847e-008	7.4621e-008	8.1504e-008	8.5735e-008	8.7586e-008	9.1483e-008	9.2984e-008	9.5169e-008	9.5874e-008	9.6704e-008	9.8617e-008	9.9179e-008	1e-007	9.948e-008	9.8604e-008	9.8388e-008	9.8665e-008	9.7389e-008	9.6084e-008	9.4936e-008	9.3891e-008	9.1724e-008	8.9615e-008	8.887e-008	8.7221e-008	8.6303e-008	8.2888e-008	8.2333e-008	8.1325e-008	7.9616e-008	7.8055e-008	7.6144e-008	7.3988e-008	7.3815e-008	7.1937e-008	6.854e-008	6.5922e-008	6.4457e-008	6.2817e-008	6.0481e-008	5.929e-008	5.6794e-008	5.464e-008	5.3222e-008	5.0967e-008	4.8089e-008	4.5784e-008	4.4022e-008	4.2505e-008	3.9733e-008	3.8267e-008	3.6305e-008	3.5327e-008	3.3338e-008	3.015e-008	2.8749e-008	2.8029e-008	2.5932e-008	2.3824e-008	2.3464e-008	2.2423e-008	2.0229e-008	1.7901e-008	1.6484e-008	1.4019e-008	1.3475e-008	1.2144e-008	1.1061e-008	9.4512e-009	8.4746e-009	8.1358e-009	7.3566e-009	7.1989e-009	7.4407e-009	7.7811e-009	7.9274e-009	7.9116e-009	7.875e-009	7.9329e-009	8.3e-009	8.2973e-009	8.5497e-009	9.1345e-009	9.6671e-009	1.0302e-008	1.1884e-008	1.3301e-008	1.5011e-008	1.7136e-008	1.9648e-008	2.2736e-008	2.6865e-008	3.0599e-008	3.3732e-008	3.6983e-008	4.1482e-008	4.5533e-008	4.8889e-008	5.2335e-008	5.6346e-008	6.2172e-008	6.8264e-008	7.2575e-008	7.5448e-008	7.8858e-008	8.1383e-008	8.4917e-008	8.9665e-008	9.2172e-008	9.4065e-008	9.5582e-008	9.7088e-008	9.7109e-008	9.7439e-008	9.6663e-008	9.576e-008	9.5523e-008	9.5713e-008	9.5804e-008	9.5429e-008	9.3608e-008	9.1877e-008	8.9582e-008	8.8306e-008	8.749e-008	8.6614e-008	8.64e-008	8.4366e-008	8.127e-008	7.9673e-008	7.8367e-008	7.7366e-008	7.5614e-008	7.4335e-008	7.2939e-008	7.2328e-008	7.1027e-008	6.8699e-008	6.7147e-008	6.5919e-008	6.4241e-008	6.2797e-008	6.0016e-008	5.8771e-008	5.711e-008	5.5178e-008	5.4e-008	5.2324e-008	4.8495e-008	4.6597e-008	4.5478e-008	4.4168e-008	4.0422e-008	3.9528e-008	3.7889e-008	3.543e-008	3.3506e-008	3.1841e-008	3.0009e-008	2.8089e-008	2.6889e-008	2.4513e-008	2.319e-008	2.1659e-008	1.9597e-008	1.7755e-008	1.617e-008	1.5152e-008	1.3583e-008	1.2937e-008	1.209e-008	1.1494e-008	1.1024e-008	1.101e-008	1.0807e-008	1.054e-008	1.012e-008	9.816e-009	1.0286e-008	1.099e-008	1.1205e-008	1.1727e-008	1.2344e-008	1.3563e-008	1.4476e-008	1.5036e-008	1.707e-008	1.9252e-008	2.1749e-008	2.3136e-008	2.6032e-008	2.8888e-008	3.1558e-008	3.4467e-008	3.7635e-008	3.9982e-008	4.392e-008	4.7686e-008	5.0374e-008	5.5872e-008	6.1983e-008	6.7391e-008	7.0772e-008	7.4334e-008	7.761e-008	7.9296e-008	8.2985e-008	8.6677e-008	8.959e-008	9.2211e-008	9.6228e-008	9.8522e-008	9.9773e-008	1.0107e-007	1.0146e-007	1.0185e-007	1.015e-007	1.0126e-007	1.025e-007	1.0224e-007	1.0179e-007	1.0087e-007	9.9711e-008	9.9035e-008	9.5967e-008	9.4967e-008	9.2289e-008	8.9194e-008	8.7041e-008	8.4995e-008	8.2906e-008	8.2364e-008	8.1973e-008	8.0742e-008	7.9008e-008	7.7113e-008	7.3937e-008	7.2179e-008	7.038e-008	6.9559e-008	6.8032e-008	6.6629e-008	6.4717e-008	6.1667e-008	5.9531e-008	5.919e-008	5.5681e-008	5.3778e-008	5.2169e-008	4.9828e-008	4.8673e-008	4.6988e-008	4.5424e-008	4.3269e-008	4.182e-008	3.9931e-008	3.8701e-008	3.7772e-008	3.5943e-008	3.4006e-008	3.2554e-008	3.1061e-008	2.9315e-008	2.71e-008	2.5534e-008	2.4095e-008	2.1297e-008	1.9899e-008	1.8464e-008	1.6658e-008	1.5332e-008	1.4325e-008	1.3532e-008	1.3356e-008	1.3469e-008	1.2951e-008	1.2288e-008	1.2263e-008	1.2461e-008	1.2265e-008	1.1725e-008	1.2008e-008	1.2164e-008	1.2012e-008	1.2599e-008	1.2853e-008	1.2639e-008	1.3e-008	1.3406e-008
2.4763e-009	3.1361e-009	3.5871e-009	4.5289e-009	5.5848e-009	7.6067e-009	1.0093e-008	1.2382e-008	1.5054e-008	1.8419e-008	2.1264e-008	2.4865e-008	2.8816e-008	3.4049e-008	3.7503e-008	4.1178e-008	4.5833e-008	5.164e-008	5.6606e-008	6.2798e-008	6.6616e-008	6.9443e-008	7.3119e-008	7.5766e-008	8.041e-008	8.327e-008	8.5295e-008	8.6032e-008	8.6477e-008	8.8145e-008	9.0918e-008	9.2714e-008	9.3152e-008	9.2392e-008	9.1466e-008	9.1341e-008	9.104e-008	9.0134e-008	8.9227e-008	8.7915e-008	8.6283e-008	8.5229e-008	8.3936e-008	8.142e-008	7.9891e-008	7.7506e-008	7.6077e-008	7.5274e-008	7.3935e-008	7.2582e-008	7.1696e-008	7.0572e-008	6.9116e-008	6.6414e-008	6.4934e-008	6.2897e-008	6.1846e-008	5.9465e-008	5.8374e-008	5.5664e-008	5.5079e-008	5.357e-008	5.1631e-008	4.9602e-008	4.7655e-008	4.5997e-008	4.3325e-008	4.0618e-008	3.8582e-008	3.7412e-008	3.6676e-008	3.4015e-008	3.1432e-008	3.109e-008	3.0256e-008	2.7092e-008	2.5797e-008	2.4746e-008	2.2144e-008	2.0865e-008	1.8085e-008	1.6353e-008	1.389e-008	1.3597e-008	1.2369e-008	1.068e-008	8.8941e-009	6.9716e-009	6.4275e-009	5.589e-009	4.4405e-009	3.4771e-009	3.0491e-009	2.81e-009	2.8113e-009	3.3456e-009	3.7559e-009	3.7615e-009	4.0225e-009	3.5962e-009	3.5347e-009	4.4214e-009	4.9095e-009	6.0516e-009	7.5442e-009	9.2813e-009	1.1009e-008	1.3249e-008	1.5724e-008	1.8193e-008	2.1311e-008	2.4925e-008	2.805e-008	3.2394e-008	3.7809e-008	4.1838e-008	4.4862e-008	4.8054e-008	5.443e-008	5.7399e-008	6.4232e-008	6.7756e-008	7.1805e-008	7.4736e-008	7.7043e-008	7.9697e-008	8.1554e-008	8.3449e-008	8.5214e-008	8.7049e-008	8.8686e-008	8.9903e-008	9.1405e-008	9.2e-008	9.2241e-008	9.2403e-008	9.2622e-008	9.2813e-008	9.3286e-008	9.1694e-008	9.1045e-008	8.8661e-008	8.8544e-008	8.7596e-008	8.5268e-008	8.3036e-008	8.187e-008	8.0878e-008	7.9463e-008	7.8456e-008	7.54e-008	7.2854e-008	7.1998e-008	7.1366e-008	7.0211e-008	6.88e-008	6.6341e-008	6.4179e-008	6.238e-008	5.9822e-008	5.7921e-008	5.6202e-008	5.4845e-008	5.2882e-008	5.0933e-008	5.0091e-008	4.7566e-008	4.6011e-008	4.3408e-008	4.0664e-008	3.8525e-008	3.7472e-008	3.6238e-008	3.4341e-008	3.2906e-008	3.1551e-008	3.0524e-008	2.8889e-008	2.6372e-008	2.4468e-008	2.2153e-008	2.0324e-008	1.8068e-008	1.6039e-008	1.4521e-008	1.2852e-008	1.1432e-008	9.7879e-009	8.6651e-009	8.0742e-009	7.5092e-009	7.2493e-009	6.3655e-009	6.218e-009	6.3556e-009	6.6453e-009	6.929e-009	7.1124e-009	6.7405e-009	6.556e-009	7.1805e-009	7.1281e-009	7.0759e-009	7.1125e-009	7.6035e-009	7.8263e-009	8.1673e-009	8.9283e-009	1.1143e-008	1.2859e-008	1.4698e-008	1.7935e-008	2.0373e-008	2.4089e-008	2.7382e-008	3.4001e-008	3.8539e-008	4.2988e-008	4.8441e-008	5.2921e-008	5.7115e-008	6.2405e-008	6.7882e-008	7.1593e-008	7.6122e-008	8.1433e-008	8.671e-008	8.8621e-008	9.2242e-008	9.418e-008	9.6138e-008	9.8295e-008	9.8766e-008	1.0019e-007	1.0126e-007	1.0104e-007	1.0057e-007	9.9897e-008	9.8582e-008	9.8214e-008	9.7098e-008	9.6387e-008	9.5731e-008	9.3968e-008	9.2301e-008	9.0581e-008	8.9854e-008	8.8624e-008	8.7857e-008	8.58e-008	8.3166e-008	8.2072e-008	8.0822e-008	7.9569e-008	7.8289e-008	7.6515e-008	7.5107e-008	7.3778e-008	7.1047e-008	6.7887e-008	6.5768e-008	6.4415e-008	6.2257e-008	6.0623e-008	5.7756e-008	5.6003e-008	5.4011e-008	5.1668e-008	4.9169e-008	4.7131e-008	4.5079e-008	4.3559e-008	4.1554e-008	3.9492e-008	3.7088e-008	3.6563e-008	3.5108e-008	3.3668e-008	3.089e-008	2.8645e-008	2.6975e-008	2.5416e-008	2.4409e-008	2.3353e-008	2.1146e-008	1.8821e-008	1.745e-008	1.5449e-008	1.4233e-008	1.334e-008	1.239e-008	1.1053e-008	9.7801e-009	9.071e-009	8.6153e-009	8.4756e-009	8.4906e-009	8.7869e-009	8.6976e-009	8.9569e-009	8.9666e-009	8.949e-009	9.3255e-009	9.4095e-009	9.5356e-009	1.0273e-008	1.1315e-008	1.1838e-008	1.3531e-008	1.5085e-008	1.6788e-008	1.8916e-008	2.1162e-008	2.4454e-008	2.7872e-008	3.1509e-008	3.497e-008	3.8551e-008	4.2715e-008	4.7092e-008	5.0371e-008	5.3191e-008	5.764e-008	6.1456e-008	6.8203e-008	7.2827e-008	7.6415e-008	8.0219e-008	8.2657e-008	8.6086e-008	8.8402e-008	9.3471e-008	9.4988e-008	9.6298e-008	9.734e-008	9.7539e-008	9.7502e-008	9.7172e-008	9.6409e-008	9.6433e-008	9.6507e-008	9.6571e-008	9.5881e-008	9.404e-008	9.3009e-008	9.0628e-008	8.9356e-008	8.8416e-008	8.7816e-008	8.7313e-008	8.5387e-008	8.2292e-008	8.1184e-008	7.9204e-008	7.866e-008	7.7427e-008	7.5863e-008	7.447e-008	7.3229e-008	7.0273e-008	6.9315e-008	6.8053e-008	6.7149e-008	6.5494e-008	6.3557e-008	6.1574e-008	6.0544e-008	5.8281e-008	5.5944e-008	5.4772e-008	5.3903e-008	5.0705e-008	4.7429e-008	4.6831e-008	4.5232e-008	4.3028e-008	4.0861e-008	3.9186e-008	3.7236e-008	3.53e-008	3.2461e-008	3.1141e-008	2.8969e-008	2.7827e-008	2.5883e-008	2.3864e-008	2.1908e-008	2.0102e-008	1.8823e-008	1.747e-008	1.618e-008	1.5046e-008	1.3832e-008	1.3367e-008	1.2317e-008	1.2014e-008	1.1499e-008	1.1334e-008	1.0792e-008	1.0755e-008	1.0975e-008	1.1306e-008	1.2101e-008	1.2186e-008	1.2616e-008	1.3217e-008	1.3679e-008	1.4825e-008	1.597e-008	1.8268e-008	2.0352e-008	2.2645e-008	2.4676e-008	2.7439e-008	2.9849e-008	3.3179e-008	3.5746e-008	3.9529e-008	4.2006e-008	4.5613e-008	5.013e-008	5.2025e-008	5.6334e-008	6.0899e-008	6.8222e-008	7.1976e-008	7.6089e-008	7.8874e-008	8.0539e-008	8.3258e-008	8.7142e-008	9.0779e-008	9.4267e-008	9.7366e-008	9.8997e-008	1.0061e-007	1.0224e-007	1.0337e-007	1.0377e-007	1.0284e-007	1.0251e-007	1.033e-007	1.0323e-007	1.0259e-007	1.0116e-007	1.0041e-007	9.952e-008	9.6845e-008	9.5513e-008	9.3107e-008	9.1018e-008	8.8701e-008	8.6553e-008	8.4851e-008	8.3558e-008	8.3088e-008	8.2211e-008	7.8973e-008	7.6904e-008	7.5254e-008	7.3345e-008	7.1572e-008	7.0335e-008	6.8703e-008	6.7511e-008	6.5994e-008	6.4557e-008	6.2153e-008	6.0898e-008	5.825e-008	5.4765e-008	5.4145e-008	5.1284e-008	5.0042e-008	4.8498e-008	4.7011e-008	4.4137e-008	4.2587e-008	4.0943e-008	3.959e-008	3.8367e-008	3.6737e-008	3.4749e-008	3.3099e-008	3.1673e-008	2.9322e-008	2.8156e-008	2.6004e-008	2.4607e-008	2.282e-008	2.11e-008	1.9659e-008	1.7835e-008	1.6429e-008	1.5451e-008	1.466e-008	1.436e-008	1.3982e-008	1.3761e-008	1.336e-008	1.345e-008	1.3507e-008	1.3173e-008	1.2928e-008	1.3233e-008	1.3143e-008	1.2983e-008	1.3241e-008	1.3406e-008	1.3602e-008	1.3857e-008	1.4299e-008
2.4148e-009	2.8762e-009	3.5456e-009	4.3558e-009	5.4472e-009	7.6974e-009	9.9904e-009	1.2073e-008	1.5545e-008	1.8652e-008	2.0864e-008	2.5255e-008	2.8186e-008	3.3062e-008	3.815e-008	4.2037e-008	4.6739e-008	5.283e-008	5.6966e-008	6.2843e-008	6.6906e-008	6.9731e-008	7.3387e-008	7.6459e-008	7.9338e-008	8.3203e-008	8.504e-008	8.5689e-008	8.6258e-008	8.7626e-008	8.9171e-008	9.106e-008	9.1817e-008	9.1873e-008	9.0824e-008	9.0794e-008	9.102e-008	9.0492e-008	8.9096e-008	8.7769e-008	8.6153e-008	8.4959e-008	8.3904e-008	8.0978e-008	7.9746e-008	7.7757e-008	7.5841e-008	7.4878e-008	7.4477e-008	7.1931e-008	7.1855e-008	7.0485e-008	6.8237e-008	6.6512e-008	6.5027e-008	6.3106e-008	6.1528e-008	5.9129e-008	5.7607e-008	5.5383e-008	5.4489e-008	5.3677e-008	5.0667e-008	4.881e-008	4.7929e-008	4.5512e-008	4.2019e-008	4.0785e-008	3.8807e-008	3.7019e-008	3.6217e-008	3.367e-008	3.0892e-008	3.1024e-008	2.9781e-008	2.8696e-008	2.5566e-008	2.4574e-008	2.1702e-008	2.0632e-008	1.8301e-008	1.685e-008	1.5349e-008	1.3859e-008	1.2003e-008	1.0796e-008	9.0263e-009	7.6138e-009	6.2369e-009	5.5514e-009	4.1627e-009	3.3862e-009	3.4556e-009	3.2522e-009	3.5847e-009	3.4845e-009	3.5257e-009	3.6081e-009	3.8499e-009	3.3249e-009	3.2594e-009	3.971e-009	4.6365e-009	6.4086e-009	7.2352e-009	8.8428e-009	1.0552e-008	1.2526e-008	1.524e-008	1.7714e-008	2.1699e-008	2.4714e-008	2.8785e-008	3.0693e-008	3.7187e-008	4.1101e-008	4.4602e-008	4.8764e-008	5.2656e-008	5.6367e-008	6.2765e-008	6.8503e-008	7.2543e-008	7.5016e-008	7.736e-008	7.9281e-008	8.0927e-008	8.3024e-008	8.4574e-008	8.7012e-008	8.8468e-008	8.9532e-008	9.0986e-008	9.16e-008	9.2165e-008	9.2345e-008	9.2031e-008	9.182e-008	9.1998e-008	9.1251e-008	9.0434e-008	8.903e-008	8.8045e-008	8.6999e-008	8.4281e-008	8.2553e-008	8.0916e-008	8.0334e-008	7.9317e-008	7.8332e-008	7.276e-008	7.2291e-008	7.1294e-008	7.0377e-008	6.9916e-008	6.9061e-008	6.7808e-008	6.5433e-008	6.2638e-008	6.0298e-008	5.6924e-008	5.5456e-008	5.4523e-008	5.2369e-008	5.0818e-008	5.0076e-008	4.6798e-008	4.6001e-008	4.3246e-008	4.0403e-008	3.8819e-008	3.769e-008	3.6631e-008	3.5256e-008	3.3677e-008	3.1611e-008	3.0129e-008	2.8471e-008	2.6505e-008	2.4159e-008	2.1591e-008	2.0638e-008	1.8403e-008	1.6971e-008	1.5374e-008	1.3385e-008	1.0912e-008	9.9767e-009	8.4363e-009	7.693e-009	7.1855e-009	7.0148e-009	6.6121e-009	6.1917e-009	6.5058e-009	7.0732e-009	6.7977e-009	7.0207e-009	6.4922e-009	6.346e-009	6.375e-009	6.5364e-009	6.7833e-009	7.1932e-009	7.756e-009	7.9329e-009	8.0918e-009	8.9982e-009	1.1259e-008	1.2556e-008	1.4894e-008	1.7571e-008	2.0362e-008	2.4562e-008	2.8286e-008	3.3162e-008	3.7831e-008	4.3201e-008	4.7042e-008	5.3043e-008	5.7527e-008	6.3158e-008	6.764e-008	7.2753e-008	7.7248e-008	8.0804e-008	8.6636e-008	8.8795e-008	9.204e-008	9.4306e-008	9.6614e-008	9.8147e-008	9.8703e-008	9.9985e-008	1.0094e-007	1.006e-007	1.0021e-007	9.9557e-008	9.803e-008	9.7289e-008	9.7053e-008	9.6601e-008	9.578e-008	9.5308e-008	9.2045e-008	9.0814e-008	8.9479e-008	8.8304e-008	8.7716e-008	8.6482e-008	8.4573e-008	8.2162e-008	8.0686e-008	7.9483e-008	7.8423e-008	7.6598e-008	7.5771e-008	7.3038e-008	7.156e-008	6.7926e-008	6.5833e-008	6.4252e-008	6.2447e-008	6.0673e-008	5.9062e-008	5.6988e-008	5.3722e-008	5.2436e-008	4.9561e-008	4.7339e-008	4.5501e-008	4.3824e-008	4.0769e-008	3.9386e-008	3.7902e-008	3.6644e-008	3.5066e-008	3.3309e-008	3.0568e-008	2.9198e-008	2.7035e-008	2.5921e-008	2.456e-008	2.2082e-008	2.051e-008	1.8666e-008	1.7612e-008	1.5656e-008	1.458e-008	1.3652e-008	1.2822e-008	1.1775e-008	1.0442e-008	9.1108e-009	8.4957e-009	8.5072e-009	8.472e-009	8.2652e-009	8.7378e-009	8.7246e-009	8.9286e-009	9.1808e-009	9.4422e-009	9.3953e-009	9.6762e-009	1.0151e-008	1.1302e-008	1.2118e-008	1.3643e-008	1.4929e-008	1.7267e-008	1.8865e-008	2.1837e-008	2.4824e-008	2.7488e-008	3.1833e-008	3.4764e-008	3.7419e-008	4.1319e-008	4.7281e-008	5.019e-008	5.2735e-008	5.7363e-008	6.2017e-008	6.8674e-008	7.2954e-008	7.6922e-008	8.0124e-008	8.2826e-008	8.5798e-008	8.7631e-008	9.1575e-008	9.4085e-008	9.5706e-008	9.7015e-008	9.7697e-008	9.7501e-008	9.7708e-008	9.7376e-008	9.5887e-008	9.577e-008	9.5692e-008	9.5494e-008	9.4065e-008	9.3149e-008	9.1388e-008	8.9308e-008	8.857e-008	8.7802e-008	8.7063e-008	8.486e-008	8.2727e-008	8.1428e-008	8.0557e-008	7.873e-008	7.6463e-008	7.5341e-008	7.5052e-008	7.3511e-008	7.17e-008	6.9671e-008	6.8326e-008	6.7234e-008	6.5575e-008	6.3797e-008	6.1345e-008	6.0472e-008	5.9061e-008	5.7168e-008	5.5159e-008	5.2777e-008	5.0889e-008	4.8659e-008	4.7567e-008	4.5253e-008	4.2972e-008	4.0673e-008	3.9539e-008	3.7703e-008	3.5868e-008	3.4158e-008	3.1924e-008	2.988e-008	2.8096e-008	2.602e-008	2.4185e-008	2.1654e-008	1.988e-008	1.9101e-008	1.7689e-008	1.6128e-008	1.5135e-008	1.4606e-008	1.3525e-008	1.2893e-008	1.2096e-008	1.1679e-008	1.1216e-008	1.1224e-008	1.0885e-008	1.1302e-008	1.1006e-008	1.1461e-008	1.1789e-008	1.2229e-008	1.2543e-008	1.2754e-008	1.4212e-008	1.5401e-008	1.7702e-008	2.0237e-008	2.2481e-008	2.4294e-008	2.626e-008	2.9334e-008	3.2421e-008	3.6369e-008	3.959e-008	4.2038e-008	4.7447e-008	5.0386e-008	5.3134e-008	5.7178e-008	6.017e-008	6.8904e-008	7.2131e-008	7.6589e-008	7.8686e-008	8.1451e-008	8.3607e-008	8.6011e-008	9.048e-008	9.3631e-008	9.7481e-008	9.8762e-008	1.0001e-007	1.0159e-007	1.032e-007	1.0368e-007	1.0317e-007	1.0313e-007	1.0311e-007	1.0269e-007	1.0179e-007	1.0026e-007	9.9456e-008	9.7901e-008	9.6664e-008	9.4869e-008	9.2984e-008	9.1473e-008	8.8252e-008	8.7053e-008	8.5038e-008	8.3999e-008	8.2952e-008	8.2463e-008	7.9083e-008	7.7502e-008	7.5736e-008	7.3627e-008	7.1957e-008	7.0372e-008	6.8864e-008	6.7706e-008	6.6102e-008	6.4059e-008	6.2266e-008	6.0339e-008	5.8855e-008	5.5025e-008	5.3845e-008	5.1065e-008	4.9835e-008	4.834e-008	4.6721e-008	4.4552e-008	4.2668e-008	4.0338e-008	3.9533e-008	3.798e-008	3.605e-008	3.3733e-008	3.2033e-008	3.0998e-008	2.908e-008	2.7648e-008	2.5841e-008	2.4537e-008	2.259e-008	2.0916e-008	1.9669e-008	1.7576e-008	1.6407e-008	1.5473e-008	1.4434e-008	1.4122e-008	1.3393e-008	1.3652e-008	1.3877e-008	1.3561e-008	1.3563e-008	1.3171e-008	1.3279e-008	1.3639e-008	1.3415e-008	1.2936e-008	1.3141e-008	1.332e-008	1.3194e-008	1.3459e-008	1.4035e-008
1.9553e-009	2.5937e-009	3.3298e-009	4.88e-009	5.9366e-009	7.7838e-009	9.3988e-009	1.2133e-008	1.4492e-008	1.8305e-008	2.069e-008	2.5042e-008	2.7305e-008	3.1141e-008	3.7384e-008	4.2666e-008	4.864e-008	5.2943e-008	5.7204e-008	6.285e-008	6.7122e-008	7.0124e-008	7.3613e-008	7.6186e-008	7.9479e-008	8.2684e-008	8.4707e-008	8.5348e-008	8.5695e-008	8.7252e-008	8.8465e-008	8.9972e-008	9.0678e-008	9.118e-008	9.0535e-008	9.0242e-008	9.0416e-008	8.9856e-008	8.8845e-008	8.8062e-008	8.6453e-008	8.4345e-008	8.2056e-008	8.0235e-008	7.9108e-008	7.778e-008	7.6997e-008	7.6623e-008	7.6093e-008	7.2952e-008	7.2081e-008	7.0663e-008	6.8285e-008	6.5701e-008	6.4887e-008	6.3176e-008	6.0816e-008	5.9203e-008	5.8144e-008	5.5806e-008	5.4401e-008	5.3619e-008	5.2043e-008	4.9263e-008	4.8055e-008	4.64e-008	4.3311e-008	4.0949e-008	3.8408e-008	3.6668e-008	3.5588e-008	3.4485e-008	3.132e-008	3.042e-008	2.9102e-008	2.8297e-008	2.5958e-008	2.334e-008	2.1803e-008	2.0181e-008	1.8208e-008	1.6237e-008	1.5155e-008	1.3444e-008	1.1578e-008	1.0133e-008	8.7494e-009	7.1606e-009	5.7687e-009	4.9346e-009	3.6912e-009	3.3508e-009	3.1628e-009	3.3343e-009	3.7069e-009	3.4139e-009	3.2397e-009	3.4415e-009	3.6592e-009	2.9598e-009	3.1186e-009	3.8339e-009	4.8198e-009	6.0552e-009	6.389e-009	8.5562e-009	1.0084e-008	1.2086e-008	1.4766e-008	1.8036e-008	2.0404e-008	2.3671e-008	2.8071e-008	3.1701e-008	3.6035e-008	3.976e-008	4.4129e-008	4.8025e-008	5.3182e-008	5.7062e-008	6.1751e-008	6.6378e-008	7.2233e-008	7.4424e-008	7.7209e-008	7.9281e-008	8.0771e-008	8.2756e-008	8.4236e-008	8.6572e-008	8.8136e-008	8.9248e-008	9.0312e-008	9.0941e-008	9.1478e-008	9.2329e-008	9.1948e-008	9.1096e-008	9.1292e-008	9.0884e-008	8.9859e-008	8.8678e-008	8.7443e-008	8.5599e-008	8.3532e-008	8.154e-008	8.0664e-008	8.0108e-008	7.9398e-008	7.8276e-008	7.6851e-008	7.2231e-008	7.0996e-008	7.0499e-008	6.9715e-008	6.8848e-008	6.7038e-008	6.4218e-008	6.2896e-008	6.1042e-008	5.896e-008	5.6267e-008	5.4243e-008	5.2992e-008	5.1158e-008	4.9549e-008	4.6846e-008	4.55e-008	4.3101e-008	4.0669e-008	3.9227e-008	3.8149e-008	3.6612e-008	3.5164e-008	3.4238e-008	3.1587e-008	2.9929e-008	2.8408e-008	2.6841e-008	2.4929e-008	2.2034e-008	2.0622e-008	1.8148e-008	1.6627e-008	1.5082e-008	1.3009e-008	1.0208e-008	9.5192e-009	8.5027e-009	7.6255e-009	7.0142e-009	6.7906e-009	6.3312e-009	6.1684e-009	6.4253e-009	6.9177e-009	6.7603e-009	6.9508e-009	6.5922e-009	6.0959e-009	6.3405e-009	6.3889e-009	6.6381e-009	7.2868e-009	7.9668e-009	8.0217e-009	7.88e-009	8.3765e-009	1.0661e-008	1.2816e-008	1.4962e-008	1.6515e-008	2.0065e-008	2.3635e-008	2.757e-008	3.2435e-008	3.6201e-008	4.1505e-008	4.6106e-008	5.2984e-008	5.7395e-008	6.3123e-008	6.9253e-008	7.3335e-008	7.6902e-008	8.2302e-008	8.6514e-008	8.9139e-008	9.1554e-008	9.3222e-008	9.5241e-008	9.7302e-008	9.8809e-008	9.969e-008	1.0056e-007	1.0025e-007	9.9622e-008	9.8915e-008	9.7735e-008	9.7162e-008	9.7389e-008	9.7275e-008	9.6742e-008	9.4127e-008	9.223e-008	9.1121e-008	8.9717e-008	8.8315e-008	8.7179e-008	8.6056e-008	8.4315e-008	8.3101e-008	8.1139e-008	8.0151e-008	7.8848e-008	7.7493e-008	7.6436e-008	7.2876e-008	7.1325e-008	6.7495e-008	6.6158e-008	6.4393e-008	6.2165e-008	6.0861e-008	5.9211e-008	5.7205e-008	5.4675e-008	5.3019e-008	4.949e-008	4.8365e-008	4.6919e-008	4.3849e-008	4.2318e-008	3.9105e-008	3.7401e-008	3.638e-008	3.5341e-008	3.3087e-008	3.0592e-008	2.9074e-008	2.7052e-008	2.5983e-008	2.4644e-008	2.2537e-008	2.1087e-008	1.8737e-008	1.7605e-008	1.6137e-008	1.5146e-008	1.3714e-008	1.2855e-008	1.1516e-008	1.0351e-008	9.1737e-009	8.6683e-009	8.6047e-009	8.5288e-009	8.4948e-009	8.967e-009	8.9603e-009	8.9804e-009	9.2876e-009	9.1285e-009	9.0125e-009	9.7128e-009	1.0694e-008	1.1498e-008	1.2811e-008	1.383e-008	1.5487e-008	1.7661e-008	1.9705e-008	2.22e-008	2.4445e-008	2.7041e-008	3.0899e-008	3.3882e-008	3.7131e-008	3.9988e-008	4.4956e-008	4.9753e-008	5.2285e-008	5.6753e-008	6.1485e-008	6.8412e-008	7.255e-008	7.6604e-008	7.9996e-008	8.1984e-008	8.5186e-008	8.7778e-008	9.0785e-008	9.3085e-008	9.4519e-008	9.7271e-008	9.782e-008	9.7979e-008	9.8712e-008	9.7888e-008	9.5933e-008	9.5149e-008	9.4588e-008	9.4258e-008	9.3515e-008	9.2832e-008	9.1737e-008	9.0505e-008	8.8574e-008	8.788e-008	8.6687e-008	8.529e-008	8.2636e-008	8.1421e-008	8.0421e-008	8.0961e-008	8.0129e-008	7.752e-008	7.5883e-008	7.4292e-008	7.2194e-008	7.073e-008	7.0073e-008	6.8371e-008	6.6484e-008	6.3896e-008	6.2489e-008	6.0767e-008	5.9372e-008	5.7565e-008	5.5596e-008	5.2944e-008	5.1058e-008	4.8421e-008	4.7068e-008	4.5602e-008	4.3378e-008	4.1059e-008	3.9323e-008	3.7385e-008	3.5742e-008	3.3999e-008	3.1948e-008	3.0154e-008	2.8734e-008	2.6253e-008	2.4548e-008	2.2188e-008	1.9913e-008	1.9274e-008	1.7357e-008	1.6316e-008	1.4995e-008	1.4353e-008	1.337e-008	1.2586e-008	1.2041e-008	1.164e-008	1.1372e-008	1.1127e-008	1.0949e-008	1.1436e-008	1.0692e-008	1.0834e-008	1.1167e-008	1.1926e-008	1.2416e-008	1.2513e-008	1.3711e-008	1.4718e-008	1.6564e-008	1.8985e-008	2.039e-008	2.3717e-008	2.5805e-008	2.8708e-008	3.1694e-008	3.4877e-008	3.8746e-008	4.245e-008	4.6662e-008	5.0329e-008	5.391e-008	5.7211e-008	6.1469e-008	6.8558e-008	7.2895e-008	7.6645e-008	7.9449e-008	8.1598e-008	8.382e-008	8.6003e-008	8.9739e-008	9.2258e-008	9.631e-008	9.8047e-008	9.9921e-008	1.0127e-007	1.0332e-007	1.0353e-007	1.035e-007	1.0339e-007	1.0233e-007	1.0194e-007	1.0082e-007	9.9893e-008	9.877e-008	9.7722e-008	9.6823e-008	9.4459e-008	9.2378e-008	9.1391e-008	8.8804e-008	8.6114e-008	8.4926e-008	8.3748e-008	8.2882e-008	8.1897e-008	7.9059e-008	7.7504e-008	7.6361e-008	7.441e-008	7.3004e-008	7.1023e-008	6.9089e-008	6.7711e-008	6.6087e-008	6.3669e-008	6.2198e-008	5.9648e-008	5.8841e-008	5.6104e-008	5.3607e-008	5.1253e-008	4.9619e-008	4.7902e-008	4.6353e-008	4.4412e-008	4.2752e-008	4.152e-008	4.0017e-008	3.7519e-008	3.5665e-008	3.403e-008	3.1804e-008	3.0313e-008	2.8842e-008	2.761e-008	2.5725e-008	2.3712e-008	2.2212e-008	2.1015e-008	1.9221e-008	1.8005e-008	1.61e-008	1.5368e-008	1.4412e-008	1.3655e-008	1.3382e-008	1.3535e-008	1.3827e-008	1.359e-008	1.3546e-008	1.3228e-008	1.3028e-008	1.3529e-008	1.3367e-008	1.2987e-008	1.3343e-008	1.3377e-008	1.3379e-008	1.3509e-008	1.391e-008
2.0269e-009	2.6938e-009	3.4018e-009	5.0619e-009	6.6461e-009	8.3078e-009	9.9888e-009	1.2517e-008	1.5246e-008	1.828e-008	2.0793e-008	2.421e-008	2.7969e-008	3.0522e-008	3.7106e-008	4.206e-008	4.9275e-008	5.2911e-008	5.6614e-008	6.1746e-008	6.6769e-008	7.0681e-008	7.3908e-008	7.6924e-008	7.9782e-008	8.2143e-008	8.4377e-008	8.4782e-008	8.5443e-008	8.7481e-008	8.8333e-008	9.0202e-008	9.0867e-008	9.1127e-008	9.048e-008	9.0219e-008	9.0617e-008	8.9722e-008	8.8864e-008	8.8217e-008	8.5922e-008	8.3311e-008	8.1771e-008	8.0197e-008	7.9512e-008	7.8374e-008	7.7986e-008	7.7644e-008	7.6908e-008	7.5314e-008	7.3427e-008	7.2104e-008	6.8841e-008	6.52e-008	6.47e-008	6.3445e-008	6.2045e-008	5.9969e-008	5.8716e-008	5.7159e-008	5.5195e-008	5.382e-008	5.2329e-008	4.9727e-008	4.7898e-008	4.5734e-008	4.4441e-008	4.2111e-008	4.0056e-008	3.7408e-008	3.6168e-008	3.4851e-008	3.1747e-008	3.0733e-008	2.9598e-008	2.8105e-008	2.6807e-008	2.3856e-008	2.1761e-008	2.0227e-008	1.7891e-008	1.6491e-008	1.4654e-008	1.2993e-008	1.1401e-008	1.0401e-008	8.689e-009	7.341e-009	5.8259e-009	4.7651e-009	3.6715e-009	3.3604e-009	3.1552e-009	3.5123e-009	3.8678e-009	3.5531e-009	3.1349e-009	3.4537e-009	3.7003e-009	3.2928e-009	3.6682e-009	4.0999e-009	5.0261e-009	6.2974e-009	6.7303e-009	8.4011e-009	9.716e-009	1.2185e-008	1.4804e-008	1.75e-008	2.0294e-008	2.3952e-008	2.775e-008	3.1517e-008	3.5687e-008	3.9503e-008	4.3639e-008	4.8324e-008	5.4344e-008	5.8496e-008	6.3261e-008	6.7799e-008	7.1451e-008	7.5364e-008	7.7225e-008	7.9911e-008	8.1859e-008	8.4042e-008	8.4415e-008	8.6011e-008	8.8425e-008	8.9559e-008	9.0368e-008	9.1033e-008	9.2162e-008	9.2813e-008	9.2565e-008	9.2522e-008	9.1919e-008	9.102e-008	9.0064e-008	8.8176e-008	8.6236e-008	8.4538e-008	8.3771e-008	8.1343e-008	8.0868e-008	8.0283e-008	7.9537e-008	7.8977e-008	7.6181e-008	7.2946e-008	7.1878e-008	7.102e-008	6.9873e-008	6.8649e-008	6.6041e-008	6.4719e-008	6.3946e-008	6.1715e-008	5.9266e-008	5.6387e-008	5.5218e-008	5.2615e-008	5.1611e-008	4.9742e-008	4.7337e-008	4.581e-008	4.3692e-008	4.1715e-008	3.9967e-008	3.8781e-008	3.7794e-008	3.6023e-008	3.436e-008	3.285e-008	3.0073e-008	2.8841e-008	2.7692e-008	2.5121e-008	2.3256e-008	2.0982e-008	1.8811e-008	1.7057e-008	1.5372e-008	1.3937e-008	1.174e-008	1.0307e-008	8.8209e-009	7.9822e-009	7.3895e-009	7.179e-009	6.9809e-009	6.7812e-009	7.0304e-009	7.2504e-009	7.141e-009	6.9625e-009	7.1156e-009	6.3591e-009	6.4959e-009	7.0009e-009	7.3701e-009	7.8965e-009	8.4328e-009	8.2439e-009	8.1401e-009	8.8562e-009	1.0533e-008	1.2346e-008	1.562e-008	1.7684e-008	2.0587e-008	2.4319e-008	2.8264e-008	3.3257e-008	3.7649e-008	4.1253e-008	4.4825e-008	5.2185e-008	5.8232e-008	6.4768e-008	6.9805e-008	7.3765e-008	7.8972e-008	8.3617e-008	8.7291e-008	8.9467e-008	9.1258e-008	9.3155e-008	9.4814e-008	9.6807e-008	9.8473e-008	9.9861e-008	1.0056e-007	1.001e-007	9.9524e-008	9.8981e-008	9.8383e-008	9.765e-008	9.8425e-008	9.8993e-008	9.8248e-008	9.4136e-008	9.2612e-008	9.2177e-008	9.0582e-008	8.8657e-008	8.6894e-008	8.589e-008	8.5254e-008	8.3131e-008	8.1834e-008	8.1062e-008	8.0243e-008	7.871e-008	7.7653e-008	7.5186e-008	7.2886e-008	6.9181e-008	6.6615e-008	6.4571e-008	6.2435e-008	6.0925e-008	5.9457e-008	5.6804e-008	5.5139e-008	5.3265e-008	5.1378e-008	4.916e-008	4.7695e-008	4.5688e-008	4.3591e-008	4.0264e-008	3.8471e-008	3.6721e-008	3.5737e-008	3.3609e-008	3.1233e-008	2.9325e-008	2.7751e-008	2.6364e-008	2.5017e-008	2.3284e-008	2.1714e-008	1.9741e-008	1.8156e-008	1.6618e-008	1.5479e-008	1.4323e-008	1.3235e-008	1.1667e-008	1.0852e-008	9.5323e-009	8.9387e-009	9.3376e-009	9.2405e-009	9.3702e-009	9.8316e-009	9.5654e-009	9.5651e-009	9.7525e-009	9.631e-009	9.6987e-009	1.0609e-008	1.1373e-008	1.253e-008	1.3646e-008	1.4822e-008	1.6874e-008	1.8613e-008	2.1495e-008	2.3172e-008	2.5509e-008	2.8157e-008	3.1687e-008	3.4253e-008	3.7352e-008	4.0668e-008	4.3888e-008	4.9626e-008	5.3374e-008	5.6646e-008	6.2414e-008	6.8591e-008	7.4494e-008	7.7596e-008	8.0799e-008	8.3712e-008	8.5796e-008	8.8222e-008	9.0171e-008	9.2217e-008	9.3693e-008	9.7501e-008	9.8358e-008	9.8925e-008	9.9041e-008	9.8291e-008	9.6418e-008	9.5189e-008	9.4669e-008	9.435e-008	9.3972e-008	9.3754e-008	9.2197e-008	9.106e-008	8.9996e-008	8.8158e-008	8.6478e-008	8.5313e-008	8.3927e-008	8.2584e-008	8.2109e-008	8.1827e-008	8.092e-008	7.888e-008	7.6533e-008	7.4693e-008	7.2947e-008	7.1589e-008	7.1262e-008	7.0183e-008	6.7126e-008	6.5065e-008	6.2785e-008	6.0712e-008	5.9615e-008	5.8497e-008	5.6591e-008	5.2562e-008	5.0393e-008	4.9267e-008	4.7549e-008	4.5928e-008	4.455e-008	4.1176e-008	3.9356e-008	3.8227e-008	3.6338e-008	3.4028e-008	3.2097e-008	3.0676e-008	2.9086e-008	2.6657e-008	2.4986e-008	2.2912e-008	2.1844e-008	2.0099e-008	1.8181e-008	1.6789e-008	1.5438e-008	1.4468e-008	1.3365e-008	1.2691e-008	1.2182e-008	1.2135e-008	1.2031e-008	1.2032e-008	1.2008e-008	1.2487e-008	1.1825e-008	1.1377e-008	1.1883e-008	1.2543e-008	1.2527e-008	1.2671e-008	1.3695e-008	1.5011e-008	1.6613e-008	1.8865e-008	2.0593e-008	2.3848e-008	2.6104e-008	2.7998e-008	3.1597e-008	3.437e-008	3.6947e-008	4.2291e-008	4.6879e-008	5.0361e-008	5.4801e-008	5.8059e-008	6.2347e-008	6.6067e-008	7.4553e-008	7.7064e-008	8.0899e-008	8.3006e-008	8.5448e-008	8.6965e-008	8.9671e-008	9.3612e-008	9.6259e-008	9.8567e-008	1.0077e-007	1.0215e-007	1.0327e-007	1.0377e-007	1.0471e-007	1.0462e-007	1.0248e-007	1.0188e-007	1.0129e-007	1.0024e-007	9.9337e-008	9.8531e-008	9.8347e-008	9.5716e-008	9.3072e-008	9.1595e-008	8.8986e-008	8.711e-008	8.5219e-008	8.394e-008	8.2756e-008	8.2004e-008	7.981e-008	7.7829e-008	7.6976e-008	7.5898e-008	7.3657e-008	7.0557e-008	6.997e-008	6.8296e-008	6.6755e-008	6.3191e-008	6.0781e-008	6.0225e-008	5.9282e-008	5.7272e-008	5.3631e-008	5.1264e-008	4.9138e-008	4.7578e-008	4.6486e-008	4.4835e-008	4.3297e-008	4.1969e-008	4.1123e-008	3.8561e-008	3.6291e-008	3.5098e-008	3.2072e-008	3.0787e-008	2.9235e-008	2.8048e-008	2.4918e-008	2.4318e-008	2.2731e-008	2.1826e-008	2.0076e-008	1.854e-008	1.6851e-008	1.5772e-008	1.4701e-008	1.3851e-008	1.4057e-008	1.4212e-008	1.4265e-008	1.41e-008	1.3875e-008	1.3757e-008	1.3857e-008	1.4083e-008	1.3766e-008	1.3778e-008	1.4095e-008	1.3848e-008	1.3891e-008	1.4177e-008	1.4483e-008
2.2655e-009	2.7932e-009	3.638e-009	5.3028e-009	7.5895e-009	8.3795e-009	1.16e-008	1.2719e-008	1.521e-008	1.8365e-008	2.0409e-008	2.4385e-008	2.8257e-008	3.1793e-008	3.6152e-008	4.276e-008	4.8772e-008	5.283e-008	5.5673e-008	6.1106e-008	6.519e-008	7.0172e-008	7.3771e-008	7.7066e-008	7.9946e-008	8.2532e-008	8.4297e-008	8.4724e-008	8.523e-008	8.6483e-008	8.8203e-008	8.9657e-008	8.9929e-008	9.0542e-008	9.064e-008	9.0221e-008	9.0191e-008	8.9066e-008	8.8136e-008	8.7528e-008	8.4502e-008	8.2827e-008	8.1408e-008	8.0175e-008	7.9279e-008	7.8769e-008	7.8134e-008	7.7782e-008	7.6995e-008	7.4409e-008	7.3277e-008	7.2132e-008	7.0082e-008	6.7987e-008	6.4049e-008	6.3209e-008	6.1952e-008	5.9403e-008	5.8564e-008	5.7897e-008	5.5861e-008	5.3981e-008	5.1568e-008	4.8952e-008	4.7311e-008	4.5939e-008	4.3976e-008	4.1942e-008	4.0232e-008	3.7594e-008	3.5905e-008	3.3057e-008	3.2611e-008	3.0579e-008	2.945e-008	2.7861e-008	2.6372e-008	2.4132e-008	2.1419e-008	1.9891e-008	1.769e-008	1.5416e-008	1.4445e-008	1.2611e-008	1.104e-008	9.6499e-009	8.18e-009	6.9533e-009	5.5389e-009	4.485e-009	3.2203e-009	2.8875e-009	2.9172e-009	2.8025e-009	2.9199e-009	3.1105e-009	2.8848e-009	2.8667e-009	3.0207e-009	2.7494e-009	3.5339e-009	3.9072e-009	4.5641e-009	5.3878e-009	6.0725e-009	7.3994e-009	9.085e-009	1.154e-008	1.4003e-008	1.6639e-008	1.96e-008	2.35e-008	2.6893e-008	3.0792e-008	3.5837e-008	3.8002e-008	4.2485e-008	4.6702e-008	5.4004e-008	5.8755e-008	6.376e-008	6.7971e-008	7.123e-008	7.4644e-008	7.6085e-008	7.9987e-008	8.1812e-008	8.3889e-008	8.3984e-008	8.5018e-008	8.7068e-008	8.8606e-008	8.981e-008	9.122e-008	9.2333e-008	9.2904e-008	9.2706e-008	9.226e-008	9.2048e-008	9.04e-008	8.9555e-008	8.7097e-008	8.5886e-008	8.4602e-008	8.3068e-008	8.1737e-008	7.9764e-008	7.9446e-008	7.9039e-008	7.8501e-008	7.5031e-008	7.2551e-008	7.1579e-008	7.0486e-008	6.9511e-008	6.8231e-008	6.6351e-008	6.5043e-008	6.3262e-008	6.1583e-008	5.9656e-008	5.7791e-008	5.5232e-008	5.4136e-008	5.1032e-008	4.9853e-008	4.7512e-008	4.4991e-008	4.3687e-008	4.1301e-008	3.9667e-008	3.8696e-008	3.7736e-008	3.5816e-008	3.412e-008	3.2546e-008	3.0092e-008	2.8874e-008	2.7287e-008	2.504e-008	2.2756e-008	2.047e-008	1.9008e-008	1.6905e-008	1.4872e-008	1.309e-008	1.1526e-008	1.0277e-008	8.8471e-009	7.5095e-009	6.9499e-009	6.5723e-009	6.5243e-009	6.5913e-009	6.6859e-009	6.9762e-009	6.6525e-009	6.5389e-009	6.7119e-009	6.458e-009	6.4263e-009	6.7057e-009	7.2888e-009	7.3461e-009	7.8678e-009	7.6937e-009	7.7849e-009	8.5958e-009	1.0054e-008	1.2046e-008	1.4656e-008	1.705e-008	1.9713e-008	2.4254e-008	2.743e-008	3.3415e-008	3.7032e-008	4.1375e-008	4.6129e-008	5.2204e-008	5.8012e-008	6.5305e-008	7.029e-008	7.3546e-008	7.9272e-008	8.3065e-008	8.6287e-008	8.8628e-008	9.0191e-008	9.2693e-008	9.4212e-008	9.5752e-008	9.7293e-008	9.8965e-008	9.9638e-008	9.877e-008	9.8599e-008	9.8386e-008	9.793e-008	9.7899e-008	9.8455e-008	9.818e-008	9.7784e-008	9.4305e-008	9.2804e-008	9.2133e-008	9.027e-008	8.8399e-008	8.6845e-008	8.5845e-008	8.5484e-008	8.343e-008	8.1284e-008	8.0971e-008	7.9604e-008	7.7975e-008	7.6822e-008	7.4389e-008	6.989e-008	6.6444e-008	6.6018e-008	6.421e-008	6.2582e-008	5.9696e-008	5.8615e-008	5.6408e-008	5.4009e-008	5.2666e-008	5.0873e-008	4.8999e-008	4.7403e-008	4.3859e-008	4.2753e-008	3.9475e-008	3.8267e-008	3.6057e-008	3.5124e-008	3.2084e-008	3.0465e-008	2.8799e-008	2.7565e-008	2.6003e-008	2.4315e-008	2.2976e-008	2.1566e-008	1.9362e-008	1.7094e-008	1.5896e-008	1.4884e-008	1.3228e-008	1.2424e-008	1.1232e-008	1.0347e-008	9.3777e-009	8.6613e-009	8.9275e-009	9.1032e-009	9.0128e-009	9.169e-009	9.1952e-009	9.1136e-009	9.1805e-009	9.184e-009	9.365e-009	1.0307e-008	1.1029e-008	1.224e-008	1.3508e-008	1.5111e-008	1.7136e-008	1.886e-008	2.142e-008	2.3168e-008	2.5271e-008	2.7744e-008	3.058e-008	3.2961e-008	3.7126e-008	4.0427e-008	4.4338e-008	4.9077e-008	5.1668e-008	5.6054e-008	6.1868e-008	6.8953e-008	7.4558e-008	7.7516e-008	8.021e-008	8.3113e-008	8.47e-008	8.7337e-008	8.9437e-008	9.154e-008	9.3281e-008	9.4886e-008	9.7852e-008	9.8425e-008	9.8569e-008	9.7171e-008	9.5553e-008	9.4333e-008	9.3947e-008	9.3921e-008	9.4069e-008	9.3411e-008	9.2818e-008	9.0885e-008	8.9269e-008	8.7933e-008	8.6292e-008	8.4937e-008	8.3571e-008	8.2637e-008	8.1828e-008	8.136e-008	8.0297e-008	7.8304e-008	7.6937e-008	7.4346e-008	7.2648e-008	7.1323e-008	7.0652e-008	6.9646e-008	6.7272e-008	6.5329e-008	6.3491e-008	6.1494e-008	5.9027e-008	5.7482e-008	5.5912e-008	5.4438e-008	5.0431e-008	4.91e-008	4.6345e-008	4.542e-008	4.4261e-008	4.1772e-008	3.9716e-008	3.7108e-008	3.5731e-008	3.3829e-008	3.2175e-008	3.0035e-008	2.8608e-008	2.6492e-008	2.4776e-008	2.3071e-008	2.0936e-008	2.0076e-008	1.7948e-008	1.6422e-008	1.5109e-008	1.3439e-008	1.2281e-008	1.1894e-008	1.1422e-008	1.1277e-008	1.1618e-008	1.1561e-008	1.1506e-008	1.1871e-008	1.1344e-008	1.0957e-008	1.1329e-008	1.1117e-008	1.1639e-008	1.1753e-008	1.2471e-008	1.4159e-008	1.5196e-008	1.7557e-008	1.9796e-008	2.2207e-008	2.4584e-008	2.6989e-008	2.9713e-008	3.2748e-008	3.7097e-008	4.0851e-008	4.5175e-008	5.0027e-008	5.3764e-008	5.7061e-008	6.0876e-008	6.5343e-008	7.1461e-008	7.6679e-008	8.0291e-008	8.3137e-008	8.4907e-008	8.6807e-008	9.0507e-008	9.2586e-008	9.5653e-008	9.7756e-008	9.945e-008	1.0119e-007	1.0228e-007	1.0299e-007	1.039e-007	1.0407e-007	1.0221e-007	1.0112e-007	1.0093e-007	9.9803e-008	9.868e-008	9.8028e-008	9.7647e-008	9.451e-008	9.2627e-008	9.1502e-008	8.9149e-008	8.6814e-008	8.4786e-008	8.3925e-008	8.2396e-008	8.148e-008	7.9009e-008	7.6822e-008	7.6533e-008	7.5786e-008	7.4556e-008	7.2737e-008	7.0217e-008	6.8543e-008	6.7334e-008	6.3832e-008	5.9994e-008	5.9767e-008	5.9176e-008	5.6437e-008	5.29e-008	5.0788e-008	4.869e-008	4.7387e-008	4.5777e-008	4.392e-008	4.2572e-008	4.1566e-008	3.9966e-008	3.8442e-008	3.6269e-008	3.4428e-008	3.1978e-008	3.0874e-008	2.9262e-008	2.8153e-008	2.6573e-008	2.4084e-008	2.2595e-008	2.0789e-008	1.9395e-008	1.7964e-008	1.5999e-008	1.516e-008	1.4217e-008	1.3418e-008	1.3791e-008	1.368e-008	1.3682e-008	1.3267e-008	1.3396e-008	1.316e-008	1.3192e-008	1.3351e-008	1.3309e-008	1.3436e-008	1.3513e-008	1.3486e-008	1.3424e-008	1.3834e-008	1.4359e-008
1.7743e-009	2.3067e-009	3.1549e-009	4.9661e-009	6.8961e-009	8.8567e-009	1.1576e-008	1.2517e-008	1.5434e-008	1.7948e-008	2.0894e-008	2.4505e-008	2.7957e-008	3.1822e-008	3.6558e-008	4.1817e-008	4.6764e-008	5.1578e-008	5.4901e-008	5.9352e-008	6.3886e-008	6.8881e-008	7.3037e-008	7.6541e-008	7.9283e-008	8.2402e-008	8.3694e-008	8.4493e-008	8.4971e-008	8.568e-008	8.7946e-008	8.8469e-008	8.8232e-008	8.8972e-008	8.9697e-008	8.9501e-008	8.9199e-008	8.8056e-008	8.6988e-008	8.5678e-008	8.3821e-008	8.2325e-008	8.0545e-008	7.9416e-008	7.8962e-008	7.8298e-008	7.7976e-008	7.7268e-008	7.6217e-008	7.3835e-008	7.2367e-008	7.1316e-008	6.8646e-008	6.7321e-008	6.476e-008	6.2695e-008	6.1021e-008	5.9329e-008	5.8276e-008	5.7438e-008	5.6088e-008	5.3764e-008	5.0696e-008	4.7974e-008	4.6141e-008	4.5127e-008	4.2969e-008	4.0943e-008	3.9454e-008	3.7057e-008	3.6146e-008	3.4029e-008	3.2679e-008	3.0271e-008	2.91e-008	2.7085e-008	2.5473e-008	2.3247e-008	2.122e-008	1.8889e-008	1.721e-008	1.5035e-008	1.4233e-008	1.2409e-008	1.0256e-008	8.9479e-009	7.4302e-009	6.1901e-009	4.8609e-009	4.0793e-009	3.0073e-009	2.3355e-009	2.3781e-009	2.2926e-009	2.3763e-009	2.5708e-009	2.9494e-009	2.4958e-009	2.3292e-009	2.2814e-009	3.2037e-009	3.4875e-009	3.9026e-009	4.7673e-009	5.5912e-009	6.4696e-009	8.3789e-009	1.1009e-008	1.2959e-008	1.6216e-008	1.9036e-008	2.2427e-008	2.5826e-008	2.8617e-008	3.4049e-008	3.9041e-008	4.1625e-008	4.5988e-008	5.0812e-008	5.7862e-008	6.2925e-008	6.7388e-008	7.0703e-008	7.3585e-008	7.5971e-008	7.9925e-008	8.1238e-008	8.3228e-008	8.3728e-008	8.4459e-008	8.5862e-008	8.7513e-008	8.996e-008	9.147e-008	9.2216e-008	9.2511e-008	9.1963e-008	9.2035e-008	9.1754e-008	8.9715e-008	8.8718e-008	8.7092e-008	8.5237e-008	8.4093e-008	8.3277e-008	8.2309e-008	7.9663e-008	7.93e-008	7.833e-008	7.7674e-008	7.3427e-008	7.2209e-008	7.1238e-008	6.998e-008	6.9051e-008	6.79e-008	6.5945e-008	6.4932e-008	6.3141e-008	6.1337e-008	5.9551e-008	5.7511e-008	5.5838e-008	5.4126e-008	5.1811e-008	5.0044e-008	4.7538e-008	4.5585e-008	4.3867e-008	4.1097e-008	4.1016e-008	3.9579e-008	3.7729e-008	3.4625e-008	3.3629e-008	3.2395e-008	3.0602e-008	2.8772e-008	2.742e-008	2.4482e-008	2.2842e-008	2.1363e-008	1.9806e-008	1.735e-008	1.5137e-008	1.3698e-008	1.211e-008	1.0381e-008	8.8023e-009	7.5598e-009	6.8934e-009	6.5452e-009	6.5197e-009	6.3902e-009	6.5441e-009	6.7438e-009	6.455e-009	6.7363e-009	7.0332e-009	6.6368e-009	6.5719e-009	6.7501e-009	7.1288e-009	7.1688e-009	7.3947e-009	7.4689e-009	7.5036e-009	8.4198e-009	9.9964e-009	1.1839e-008	1.432e-008	1.6612e-008	1.8729e-008	2.3317e-008	2.8478e-008	3.3414e-008	3.78e-008	4.1615e-008	4.5826e-008	4.9385e-008	5.7717e-008	6.2314e-008	6.8367e-008	7.2656e-008	7.7758e-008	8.2882e-008	8.581e-008	8.8397e-008	8.9932e-008	9.2156e-008	9.3635e-008	9.5265e-008	9.6778e-008	9.9034e-008	9.9135e-008	9.8008e-008	9.7949e-008	9.8062e-008	9.7839e-008	9.7815e-008	9.8195e-008	9.7868e-008	9.7285e-008	9.4257e-008	9.3676e-008	9.2639e-008	9.0638e-008	8.8745e-008	8.6692e-008	8.6014e-008	8.5601e-008	8.5031e-008	8.2565e-008	8.0764e-008	7.9377e-008	7.7953e-008	7.6348e-008	7.4029e-008	7.0703e-008	6.7851e-008	6.6116e-008	6.4458e-008	6.3238e-008	6.1801e-008	5.8215e-008	5.5094e-008	5.4013e-008	5.2138e-008	5.0496e-008	4.862e-008	4.691e-008	4.4472e-008	4.2821e-008	4.0381e-008	3.8412e-008	3.6437e-008	3.4966e-008	3.2601e-008	3.0811e-008	2.8804e-008	2.778e-008	2.6395e-008	2.4858e-008	2.2981e-008	2.1482e-008	1.9732e-008	1.7438e-008	1.5563e-008	1.4439e-008	1.3191e-008	1.1993e-008	1.0993e-008	1.0226e-008	9.6002e-009	8.9475e-009	9.0005e-009	9.1825e-009	9.0587e-009	9.2705e-009	9.4375e-009	9.2103e-009	9.3023e-009	9.7509e-009	1.0015e-008	1.0391e-008	1.1721e-008	1.2759e-008	1.3789e-008	1.522e-008	1.7421e-008	1.9694e-008	2.1433e-008	2.307e-008	2.5377e-008	2.7585e-008	3.14e-008	3.3927e-008	3.7948e-008	3.9444e-008	4.3676e-008	4.7847e-008	5.1864e-008	5.658e-008	6.1371e-008	6.8448e-008	7.3898e-008	7.7581e-008	8.0215e-008	8.2996e-008	8.4534e-008	8.6735e-008	8.874e-008	9.143e-008	9.2929e-008	9.5063e-008	9.757e-008	9.824e-008	9.8155e-008	9.656e-008	9.5792e-008	9.4509e-008	9.4486e-008	9.4515e-008	9.4732e-008	9.4168e-008	9.3557e-008	9.1851e-008	8.9722e-008	8.802e-008	8.6644e-008	8.5217e-008	8.3991e-008	8.3384e-008	8.2147e-008	8.1215e-008	7.9674e-008	7.8202e-008	7.6733e-008	7.4457e-008	7.2866e-008	7.1332e-008	7.0268e-008	6.9792e-008	6.8087e-008	6.5556e-008	6.3551e-008	6.2239e-008	5.9801e-008	5.7381e-008	5.5981e-008	5.4237e-008	5.0405e-008	4.9791e-008	4.7955e-008	4.5813e-008	4.4744e-008	4.2586e-008	4.0588e-008	3.8183e-008	3.6313e-008	3.3997e-008	3.2432e-008	3.0472e-008	2.9297e-008	2.708e-008	2.4655e-008	2.3558e-008	2.1811e-008	1.9738e-008	1.8025e-008	1.6132e-008	1.4823e-008	1.3685e-008	1.2381e-008	1.202e-008	1.1434e-008	1.1383e-008	1.1717e-008	1.1829e-008	1.1433e-008	1.1577e-008	1.1144e-008	1.0957e-008	1.1225e-008	1.0885e-008	1.1509e-008	1.1557e-008	1.2365e-008	1.3266e-008	1.4908e-008	1.5652e-008	1.9382e-008	2.1157e-008	2.2655e-008	2.7084e-008	2.894e-008	3.2765e-008	3.5552e-008	4.0075e-008	4.2492e-008	4.9121e-008	5.3322e-008	5.6668e-008	6.1327e-008	6.5393e-008	7.145e-008	7.6091e-008	8.0246e-008	8.294e-008	8.6107e-008	8.8678e-008	9.0722e-008	9.243e-008	9.4909e-008	9.6902e-008	9.8826e-008	1.0087e-007	1.0138e-007	1.0275e-007	1.0378e-007	1.0368e-007	1.0202e-007	1.0129e-007	1.0081e-007	9.9493e-008	9.8487e-008	9.7878e-008	9.6457e-008	9.4641e-008	9.248e-008	9.0766e-008	8.8753e-008	8.6994e-008	8.5072e-008	8.3754e-008	8.298e-008	8.2315e-008	8.0594e-008	7.6813e-008	7.7868e-008	7.5815e-008	7.4811e-008	7.3022e-008	7.0316e-008	6.8955e-008	6.7369e-008	6.5719e-008	6.3185e-008	6.092e-008	5.94e-008	5.6559e-008	5.3201e-008	5.0851e-008	4.8628e-008	4.7357e-008	4.5175e-008	4.4251e-008	4.2727e-008	4.1857e-008	3.8817e-008	3.764e-008	3.6648e-008	3.4584e-008	3.1896e-008	3.087e-008	2.9321e-008	2.7958e-008	2.6585e-008	2.4775e-008	2.2788e-008	2.0996e-008	1.9325e-008	1.7871e-008	1.6378e-008	1.5082e-008	1.429e-008	1.3518e-008	1.3625e-008	1.3615e-008	1.3456e-008	1.3442e-008	1.3481e-008	1.3271e-008	1.3359e-008	1.36e-008	1.3525e-008	1.3517e-008	1.3507e-008	1.3305e-008	1.3362e-008	1.3667e-008	1.4155e-008
1.8242e-009	2.374e-009	3.2295e-009	4.8697e-009	6.9267e-009	9.0972e-009	1.1461e-008	1.2961e-008	1.6028e-008	1.8277e-008	2.0759e-008	2.5395e-008	2.9008e-008	3.267e-008	3.6393e-008	4.2437e-008	4.6858e-008	4.9986e-008	5.3619e-008	5.7864e-008	6.2801e-008	6.851e-008	7.1914e-008	7.6077e-008	7.929e-008	8.1851e-008	8.3288e-008	8.4364e-008	8.5e-008	8.5847e-008	8.7874e-008	8.8409e-008	8.8476e-008	8.8598e-008	8.9156e-008	8.9397e-008	8.8583e-008	8.7225e-008	8.5889e-008	8.5062e-008	8.3958e-008	8.3228e-008	8.0143e-008	7.9673e-008	7.9155e-008	7.8447e-008	7.7981e-008	7.6924e-008	7.5679e-008	7.293e-008	7.1724e-008	7.0305e-008	6.8923e-008	6.7446e-008	6.4572e-008	6.3418e-008	6.1439e-008	5.88e-008	5.8241e-008	5.7255e-008	5.4456e-008	5.2811e-008	5.0716e-008	4.6953e-008	4.5605e-008	4.4734e-008	4.2342e-008	4.1107e-008	3.8727e-008	3.7194e-008	3.6177e-008	3.3674e-008	3.208e-008	3.0298e-008	2.9317e-008	2.5787e-008	2.4785e-008	2.28e-008	2.103e-008	1.7972e-008	1.6742e-008	1.5409e-008	1.3548e-008	1.1632e-008	1.0366e-008	8.4162e-009	7.0158e-009	5.8234e-009	4.6264e-009	4.0717e-009	3.1777e-009	2.4589e-009	2.5961e-009	2.7355e-009	2.8536e-009	2.8848e-009	2.6773e-009	2.5413e-009	2.4242e-009	2.2406e-009	3.5517e-009	3.6904e-009	3.8624e-009	4.3165e-009	5.2617e-009	6.4265e-009	7.8847e-009	1.0241e-008	1.3016e-008	1.5963e-008	1.8649e-008	2.1594e-008	2.4889e-008	2.82e-008	3.2681e-008	3.5532e-008	4.2024e-008	4.6417e-008	5.1049e-008	5.7828e-008	6.2091e-008	6.6589e-008	7.036e-008	7.3702e-008	7.633e-008	8.0178e-008	8.163e-008	8.3197e-008	8.3526e-008	8.3849e-008	8.525e-008	8.7241e-008	8.9551e-008	9.1494e-008	9.2092e-008	9.2134e-008	9.1274e-008	9.113e-008	9.0837e-008	8.8827e-008	8.8528e-008	8.624e-008	8.5177e-008	8.4107e-008	8.3173e-008	8.2962e-008	8.033e-008	7.8938e-008	7.8095e-008	7.6137e-008	7.3339e-008	7.1797e-008	7.0769e-008	6.9123e-008	6.86e-008	6.7601e-008	6.5892e-008	6.4628e-008	6.2345e-008	6.0488e-008	5.9157e-008	5.7195e-008	5.5592e-008	5.3535e-008	5.1613e-008	4.9786e-008	4.8421e-008	4.6552e-008	4.4385e-008	4.3514e-008	4.1116e-008	4.0056e-008	3.8531e-008	3.5492e-008	3.3414e-008	3.2656e-008	3.1092e-008	2.8497e-008	2.779e-008	2.4189e-008	2.3227e-008	2.1361e-008	1.9286e-008	1.7812e-008	1.5502e-008	1.439e-008	1.2232e-008	1.0861e-008	8.6134e-009	7.9408e-009	7.2805e-009	6.8269e-009	6.6897e-009	6.2101e-009	6.4865e-009	6.8023e-009	6.6464e-009	7.3366e-009	6.9912e-009	6.7277e-009	6.7816e-009	6.9501e-009	6.9813e-009	6.9901e-009	7.3545e-009	7.4311e-009	7.4772e-009	8.4616e-009	1.0363e-008	1.2037e-008	1.4103e-008	1.6632e-008	1.9769e-008	2.3739e-008	2.8993e-008	3.5243e-008	3.8219e-008	4.2435e-008	4.6174e-008	5.0702e-008	5.7429e-008	6.2819e-008	6.8269e-008	7.1581e-008	7.6996e-008	8.2048e-008	8.5551e-008	8.7402e-008	8.9222e-008	9.0566e-008	9.2727e-008	9.4247e-008	9.5662e-008	9.7292e-008	9.8144e-008	9.78e-008	9.7564e-008	9.7786e-008	9.7782e-008	9.7841e-008	9.7417e-008	9.6254e-008	9.5516e-008	9.4797e-008	9.3957e-008	9.3045e-008	9.0384e-008	8.9288e-008	8.7527e-008	8.657e-008	8.561e-008	8.4532e-008	8.186e-008	8.0187e-008	7.8484e-008	7.6061e-008	7.4972e-008	7.3866e-008	7.0294e-008	6.8272e-008	6.671e-008	6.3841e-008	6.3366e-008	6.2141e-008	5.7817e-008	5.5337e-008	5.355e-008	5.2267e-008	4.9771e-008	4.809e-008	4.5183e-008	4.3693e-008	4.2672e-008	4.0653e-008	3.8594e-008	3.6294e-008	3.4812e-008	3.3421e-008	3.0938e-008	2.8775e-008	2.7871e-008	2.6504e-008	2.4819e-008	2.2512e-008	2.1008e-008	1.9601e-008	1.7368e-008	1.5238e-008	1.4181e-008	1.2775e-008	1.1614e-008	1.0926e-008	1.0337e-008	9.6087e-009	8.9202e-009	9.1681e-009	9.4997e-009	9.3442e-009	9.3559e-009	9.3768e-009	9.621e-009	9.6374e-009	9.9334e-009	1.0493e-008	1.1083e-008	1.2575e-008	1.2875e-008	1.4404e-008	1.5878e-008	1.7768e-008	2.0123e-008	2.1683e-008	2.3682e-008	2.6007e-008	2.8418e-008	3.2887e-008	3.5037e-008	3.8127e-008	4.0392e-008	4.4621e-008	4.7989e-008	5.1451e-008	5.7746e-008	6.213e-008	6.6093e-008	7.4089e-008	7.7888e-008	7.9354e-008	8.2703e-008	8.4477e-008	8.6527e-008	8.894e-008	9.1188e-008	9.2926e-008	9.5961e-008	9.7508e-008	9.7996e-008	9.7535e-008	9.6372e-008	9.5835e-008	9.5186e-008	9.5255e-008	9.4899e-008	9.4874e-008	9.4186e-008	9.3618e-008	9.2084e-008	8.9429e-008	8.8167e-008	8.6707e-008	8.5674e-008	8.4318e-008	8.3548e-008	8.3058e-008	8.1139e-008	7.9928e-008	7.7948e-008	7.6498e-008	7.435e-008	7.3169e-008	7.1665e-008	7.0867e-008	6.9679e-008	6.8213e-008	6.482e-008	6.3552e-008	6.2986e-008	6.1235e-008	5.8623e-008	5.6622e-008	5.3023e-008	5.1159e-008	4.9836e-008	4.8404e-008	4.5451e-008	4.4347e-008	4.214e-008	4.0404e-008	3.7739e-008	3.5918e-008	3.3056e-008	3.1553e-008	3.0397e-008	2.9321e-008	2.7103e-008	2.4849e-008	2.3445e-008	2.1629e-008	1.9067e-008	1.755e-008	1.5736e-008	1.4413e-008	1.3079e-008	1.2202e-008	1.1975e-008	1.1659e-008	1.1587e-008	1.1586e-008	1.186e-008	1.1917e-008	1.1093e-008	1.0781e-008	1.0911e-008	1.114e-008	1.121e-008	1.1802e-008	1.1701e-008	1.2127e-008	1.2856e-008	1.4544e-008	1.5746e-008	1.8664e-008	2.1121e-008	2.3765e-008	2.6777e-008	2.8464e-008	3.2193e-008	3.6067e-008	3.8589e-008	4.1754e-008	4.5476e-008	5.2516e-008	5.6807e-008	6.0917e-008	6.5735e-008	7.1113e-008	7.5125e-008	8.0233e-008	8.3086e-008	8.6195e-008	8.9297e-008	9.1343e-008	9.2708e-008	9.5633e-008	9.7211e-008	9.865e-008	1.0032e-007	1.0137e-007	1.0231e-007	1.0244e-007	1.0258e-007	1.0194e-007	1.0124e-007	1.0047e-007	9.9076e-008	9.8099e-008	9.7544e-008	9.6506e-008	9.4243e-008	9.1893e-008	9.0769e-008	8.92e-008	8.686e-008	8.529e-008	8.3935e-008	8.3363e-008	8.2895e-008	8.2089e-008	7.9504e-008	7.8268e-008	7.6232e-008	7.4564e-008	7.3424e-008	7.0048e-008	6.8967e-008	6.6668e-008	6.5323e-008	6.2382e-008	6.1135e-008	5.9821e-008	5.3765e-008	5.2543e-008	5.0486e-008	4.8638e-008	4.7193e-008	4.5934e-008	4.3909e-008	4.3253e-008	4.262e-008	3.9097e-008	3.7483e-008	3.5931e-008	3.4434e-008	3.2169e-008	3.0657e-008	2.9112e-008	2.7949e-008	2.6746e-008	2.4532e-008	2.2189e-008	2.0723e-008	1.8962e-008	1.7594e-008	1.6721e-008	1.5213e-008	1.4475e-008	1.3624e-008	1.377e-008	1.3477e-008	1.3253e-008	1.3456e-008	1.3585e-008	1.3229e-008	1.3377e-008	1.3602e-008	1.3537e-008	1.351e-008	1.3568e-008	1.339e-008	1.3301e-008	1.3772e-008	1.4157e-008
1.9664e-009	2.3785e-009	3.6589e-009	5.422e-009	7.1292e-009	9.4538e-009	1.1407e-008	1.3696e-008	1.651e-008	1.9021e-008	2.2325e-008	2.6112e-008	2.9725e-008	3.335e-008	3.677e-008	4.293e-008	4.6318e-008	5.0213e-008	5.3213e-008	5.8341e-008	6.3567e-008	6.7772e-008	7.2438e-008	7.5558e-008	7.9255e-008	8.1321e-008	8.3129e-008	8.3743e-008	8.506e-008	8.6033e-008	8.7676e-008	8.8644e-008	8.8916e-008	8.8782e-008	8.8566e-008	8.8439e-008	8.767e-008	8.6518e-008	8.5463e-008	8.4992e-008	8.3872e-008	8.3101e-008	8.2217e-008	7.9625e-008	7.9141e-008	7.8479e-008	7.7547e-008	7.63e-008	7.462e-008	7.2543e-008	7.0505e-008	6.9462e-008	6.7758e-008	6.6887e-008	6.4762e-008	6.3566e-008	6.218e-008	6.0277e-008	5.7948e-008	5.6969e-008	5.4873e-008	5.2294e-008	5.0076e-008	4.7313e-008	4.5426e-008	4.4603e-008	4.294e-008	4.0799e-008	3.8705e-008	3.6737e-008	3.6605e-008	3.3924e-008	3.2206e-008	3.0106e-008	2.9438e-008	2.6547e-008	2.4269e-008	2.2984e-008	2.0604e-008	1.9337e-008	1.7364e-008	1.5739e-008	1.2858e-008	1.1893e-008	1.0127e-008	8.4034e-009	6.6883e-009	5.8308e-009	4.9562e-009	4.14e-009	3.4325e-009	2.687e-009	2.9398e-009	2.9873e-009	3.2401e-009	3.046e-009	3.0114e-009	2.5396e-009	2.5726e-009	2.6272e-009	3.6392e-009	3.7116e-009	3.9626e-009	4.1895e-009	5.3742e-009	6.4932e-009	8.5457e-009	1.0604e-008	1.2891e-008	1.5553e-008	1.9266e-008	2.1821e-008	2.4895e-008	2.826e-008	3.2427e-008	3.623e-008	4.0435e-008	4.5536e-008	5.0475e-008	5.4346e-008	6.0999e-008	6.475e-008	7.0711e-008	7.3397e-008	7.681e-008	7.9515e-008	8.1165e-008	8.2093e-008	8.3067e-008	8.3889e-008	8.5301e-008	8.7552e-008	8.903e-008	9.082e-008	9.1256e-008	9.1188e-008	9.0986e-008	9.0448e-008	9.0038e-008	8.9086e-008	8.8393e-008	8.6906e-008	8.593e-008	8.4876e-008	8.4155e-008	8.2935e-008	8.1357e-008	7.9395e-008	7.764e-008	7.5937e-008	7.3748e-008	7.1729e-008	7.0254e-008	6.878e-008	6.8307e-008	6.774e-008	6.5902e-008	6.4376e-008	6.1992e-008	5.9974e-008	5.8945e-008	5.7387e-008	5.6196e-008	5.3797e-008	5.201e-008	5.0101e-008	4.8572e-008	4.7969e-008	4.4869e-008	4.4057e-008	4.1921e-008	4.0576e-008	3.9028e-008	3.5403e-008	3.3794e-008	3.26e-008	3.1585e-008	2.9375e-008	2.7732e-008	2.6256e-008	2.4367e-008	2.3286e-008	2.0196e-008	1.8728e-008	1.6163e-008	1.437e-008	1.2993e-008	1.1238e-008	9.818e-009	8.3747e-009	7.9532e-009	7.3751e-009	6.8957e-009	6.291e-009	6.6543e-009	6.9238e-009	7.1168e-009	7.5417e-009	7.0447e-009	6.9457e-009	6.9059e-009	7.5263e-009	7.298e-009	7.006e-009	7.2986e-009	7.796e-009	7.6983e-009	8.7678e-009	1.0655e-008	1.2416e-008	1.43e-008	1.6777e-008	2.0676e-008	2.3317e-008	2.8726e-008	3.4716e-008	3.9448e-008	4.2782e-008	4.7139e-008	5.0443e-008	5.7184e-008	6.3056e-008	6.7096e-008	7.2231e-008	7.6392e-008	7.9958e-008	8.4309e-008	8.66e-008	8.7808e-008	8.9878e-008	9.1615e-008	9.3334e-008	9.5082e-008	9.6139e-008	9.6928e-008	9.7247e-008	9.7213e-008	9.7358e-008	9.7752e-008	9.7902e-008	9.7504e-008	9.5592e-008	9.5209e-008	9.513e-008	9.4323e-008	9.3476e-008	9.1197e-008	9.0105e-008	8.8188e-008	8.6915e-008	8.5344e-008	8.4687e-008	8.1769e-008	8.0266e-008	7.8431e-008	7.7585e-008	7.5555e-008	7.2105e-008	7.1208e-008	6.904e-008	6.7338e-008	6.518e-008	6.4203e-008	6.2231e-008	5.7778e-008	5.6659e-008	5.4174e-008	5.2147e-008	4.9819e-008	4.8206e-008	4.634e-008	4.4788e-008	4.2853e-008	4.1292e-008	3.9044e-008	3.6693e-008	3.548e-008	3.3875e-008	3.1737e-008	2.9474e-008	2.804e-008	2.6025e-008	2.4627e-008	2.2548e-008	2.1539e-008	1.9738e-008	1.7825e-008	1.5532e-008	1.4501e-008	1.3242e-008	1.1781e-008	1.1178e-008	1.0533e-008	9.778e-009	9.293e-009	9.5944e-009	9.6826e-009	9.7251e-009	9.7062e-009	9.8818e-009	1.0012e-008	1.0125e-008	1.0319e-008	1.0995e-008	1.168e-008	1.2787e-008	1.3284e-008	1.5362e-008	1.652e-008	1.7819e-008	1.9735e-008	2.188e-008	2.3644e-008	2.6434e-008	3.0005e-008	3.3312e-008	3.5349e-008	3.8546e-008	4.1534e-008	4.5258e-008	4.9057e-008	5.3294e-008	5.7796e-008	6.2718e-008	6.8433e-008	7.1831e-008	7.6983e-008	7.931e-008	8.1263e-008	8.4197e-008	8.6472e-008	8.9024e-008	9.1432e-008	9.2763e-008	9.4481e-008	9.6955e-008	9.8297e-008	9.7434e-008	9.6627e-008	9.6006e-008	9.5431e-008	9.5853e-008	9.6077e-008	9.5185e-008	9.4487e-008	9.3547e-008	9.2377e-008	9.0441e-008	8.8498e-008	8.7491e-008	8.6052e-008	8.4754e-008	8.3625e-008	8.4252e-008	8.0687e-008	8.0322e-008	7.7653e-008	7.694e-008	7.4919e-008	7.3568e-008	7.2456e-008	7.1748e-008	7.0512e-008	6.9889e-008	6.7958e-008	6.4901e-008	6.3797e-008	6.0866e-008	6.0053e-008	5.6338e-008	5.4201e-008	5.24e-008	4.9854e-008	4.867e-008	4.6617e-008	4.4058e-008	4.2585e-008	4.0576e-008	3.8213e-008	3.5891e-008	3.3844e-008	3.1816e-008	3.0629e-008	2.9954e-008	2.734e-008	2.4807e-008	2.3209e-008	2.1583e-008	1.8914e-008	1.7214e-008	1.5665e-008	1.4451e-008	1.3483e-008	1.2633e-008	1.2371e-008	1.2162e-008	1.1823e-008	1.1961e-008	1.2256e-008	1.2459e-008	1.1523e-008	1.1189e-008	1.1075e-008	1.1226e-008	1.1447e-008	1.1982e-008	1.1947e-008	1.2158e-008	1.2981e-008	1.4405e-008	1.6036e-008	1.8207e-008	2.1101e-008	2.2873e-008	2.5389e-008	2.9025e-008	3.1115e-008	3.5048e-008	3.8765e-008	4.0952e-008	4.4415e-008	4.9023e-008	5.4541e-008	6.0909e-008	6.4889e-008	7.0761e-008	7.5058e-008	8.0555e-008	8.2781e-008	8.673e-008	8.9825e-008	9.1707e-008	9.403e-008	9.6289e-008	9.7786e-008	9.9303e-008	1.0025e-007	1.0123e-007	1.0136e-007	1.0213e-007	1.0224e-007	1.0195e-007	1.0117e-007	1.002e-007	9.9342e-008	9.8105e-008	9.7267e-008	9.5957e-008	9.4989e-008	9.2744e-008	9.1129e-008	8.8648e-008	8.7618e-008	8.6561e-008	8.5014e-008	8.3762e-008	8.3154e-008	8.2164e-008	7.9416e-008	7.8797e-008	7.6632e-008	7.496e-008	7.3779e-008	7.0928e-008	6.9406e-008	6.7475e-008	6.5339e-008	6.3567e-008	6.1484e-008	5.9497e-008	5.6236e-008	5.3736e-008	5.1871e-008	4.8723e-008	4.7889e-008	4.6487e-008	4.531e-008	4.3477e-008	4.2676e-008	3.954e-008	3.8395e-008	3.6551e-008	3.4444e-008	3.2425e-008	3.0833e-008	2.8894e-008	2.8084e-008	2.6643e-008	2.476e-008	2.1944e-008	2.053e-008	1.9247e-008	1.7287e-008	1.6945e-008	1.5741e-008	1.4524e-008	1.3813e-008	1.3979e-008	1.3322e-008	1.3126e-008	1.3615e-008	1.3531e-008	1.3199e-008	1.3741e-008	1.3795e-008	1.3627e-008	1.3693e-008	1.3434e-008	1.3806e-008	1.3576e-008	1.3937e-008	1.4373e-008
2.2693e-009	2.7573e-009	3.8379e-009	5.5304e-009	6.8516e-009	9.1311e-009	1.1195e-008	1.4113e-008	1.6838e-008	1.9396e-008	2.3473e-008	2.5324e-008	2.9529e-008	3.3036e-008	3.6843e-008	4.1556e-008	4.6583e-008	5.0412e-008	5.3401e-008	5.8549e-008	6.4097e-008	6.86e-008	7.2371e-008	7.5481e-008	7.8041e-008	8.0027e-008	8.3116e-008	8.3426e-008	8.4697e-008	8.6413e-008	8.7536e-008	8.8343e-008	8.8827e-008	8.8494e-008	8.8552e-008	8.8154e-008	8.7349e-008	8.7192e-008	8.5676e-008	8.5177e-008	8.4206e-008	8.3146e-008	8.2096e-008	8.0041e-008	7.8923e-008	7.8477e-008	7.7779e-008	7.5945e-008	7.3827e-008	7.194e-008	7.0158e-008	6.9233e-008	6.8128e-008	6.6716e-008	6.5651e-008	6.3587e-008	6.2098e-008	6.0559e-008	5.9082e-008	5.6943e-008	5.5598e-008	5.3267e-008	5.0161e-008	4.7282e-008	4.5675e-008	4.4466e-008	4.2713e-008	4.0982e-008	3.8768e-008	3.7672e-008	3.6728e-008	3.382e-008	3.2005e-008	3.038e-008	2.8972e-008	2.6682e-008	2.5488e-008	2.32e-008	2.1205e-008	1.9304e-008	1.742e-008	1.596e-008	1.3368e-008	1.2052e-008	1.0318e-008	9.2177e-009	6.6058e-009	5.8375e-009	5.1605e-009	3.9328e-009	3.4526e-009	2.8494e-009	2.8049e-009	3.1009e-009	3.3892e-009	3.3705e-009	3.1566e-009	3.6785e-009	2.9856e-009	2.515e-009	3.3697e-009	3.7479e-009	3.7159e-009	3.9332e-009	5.3194e-009	6.5641e-009	8.4851e-009	9.9728e-009	1.3023e-008	1.5173e-008	1.8739e-008	2.2051e-008	2.5148e-008	2.8793e-008	3.2006e-008	3.6356e-008	3.9727e-008	4.6562e-008	5.0577e-008	5.4686e-008	5.8742e-008	6.2632e-008	6.7121e-008	7.209e-008	7.5951e-008	7.8775e-008	8.0227e-008	8.1294e-008	8.2697e-008	8.403e-008	8.555e-008	8.7204e-008	8.8787e-008	8.9931e-008	9.1081e-008	9.1115e-008	9.0361e-008	8.9774e-008	8.9038e-008	8.865e-008	8.8148e-008	8.6306e-008	8.5787e-008	8.4965e-008	8.4273e-008	8.2574e-008	8.1038e-008	7.9563e-008	7.6024e-008	7.5515e-008	7.3152e-008	7.1177e-008	6.9939e-008	6.8552e-008	6.8041e-008	6.7317e-008	6.5022e-008	6.2804e-008	6.112e-008	5.9586e-008	5.8417e-008	5.6824e-008	5.532e-008	5.3661e-008	5.1598e-008	4.9973e-008	4.8796e-008	4.7195e-008	4.5004e-008	4.3999e-008	4.1948e-008	4.0406e-008	3.8314e-008	3.5227e-008	3.4104e-008	3.2717e-008	3.136e-008	2.973e-008	2.7856e-008	2.6829e-008	2.4908e-008	2.325e-008	2.111e-008	1.9166e-008	1.7146e-008	1.4565e-008	1.2851e-008	1.203e-008	1.0438e-008	8.9855e-009	8.1506e-009	7.7325e-009	6.9553e-009	6.5495e-009	6.6637e-009	6.7245e-009	7.099e-009	7.2497e-009	6.6996e-009	7.0207e-009	7.151e-009	7.4505e-009	7.3542e-009	7.0769e-009	7.6202e-009	7.8584e-009	8.2013e-009	9.0067e-009	1.0646e-008	1.1949e-008	1.4229e-008	1.6344e-008	1.9468e-008	2.4248e-008	2.9597e-008	3.2645e-008	3.8176e-008	4.2633e-008	4.7649e-008	5.2778e-008	5.7472e-008	6.3238e-008	6.8416e-008	7.2301e-008	7.7404e-008	8.009e-008	8.3484e-008	8.6546e-008	8.7872e-008	9.0259e-008	9.1658e-008	9.289e-008	9.4364e-008	9.536e-008	9.6654e-008	9.6923e-008	9.7123e-008	9.7471e-008	9.7544e-008	9.8e-008	9.7225e-008	9.6068e-008	9.4974e-008	9.4763e-008	9.3906e-008	9.2967e-008	9.0642e-008	9.0129e-008	8.8933e-008	8.6674e-008	8.538e-008	8.3769e-008	8.0343e-008	7.9146e-008	7.7948e-008	7.7778e-008	7.5274e-008	7.1168e-008	7.0457e-008	6.8853e-008	6.7436e-008	6.6015e-008	6.368e-008	6.2355e-008	5.7809e-008	5.7005e-008	5.4415e-008	5.1615e-008	4.9e-008	4.7953e-008	4.653e-008	4.4423e-008	4.2594e-008	4.1078e-008	3.9269e-008	3.7335e-008	3.5111e-008	3.3847e-008	3.2204e-008	2.9752e-008	2.7722e-008	2.5771e-008	2.4128e-008	2.254e-008	2.144e-008	1.9753e-008	1.7329e-008	1.5976e-008	1.4236e-008	1.3614e-008	1.1875e-008	1.1327e-008	1.0643e-008	9.9168e-009	9.4836e-009	9.6525e-009	9.5833e-009	9.6121e-009	9.8214e-009	9.7634e-009	1.0096e-008	1.024e-008	1.0918e-008	1.103e-008	1.169e-008	1.2832e-008	1.3749e-008	1.5754e-008	1.69e-008	1.7864e-008	2.0469e-008	2.19e-008	2.3279e-008	2.6118e-008	2.7742e-008	3.2788e-008	3.5811e-008	3.8828e-008	4.104e-008	4.5453e-008	4.9208e-008	5.3386e-008	5.7735e-008	6.2456e-008	6.7266e-008	7.2227e-008	7.7021e-008	7.8518e-008	8.0805e-008	8.3687e-008	8.6841e-008	8.8686e-008	9.0793e-008	9.2527e-008	9.3845e-008	9.5566e-008	9.7209e-008	9.6919e-008	9.6298e-008	9.5959e-008	9.5774e-008	9.6159e-008	9.6258e-008	9.5726e-008	9.4718e-008	9.387e-008	9.234e-008	9.054e-008	8.913e-008	8.7343e-008	8.6248e-008	8.4881e-008	8.4416e-008	8.4912e-008	8.31e-008	8.1493e-008	7.8236e-008	7.7378e-008	7.5228e-008	7.4936e-008	7.3836e-008	7.244e-008	7.0401e-008	6.9967e-008	6.9028e-008	6.6541e-008	6.4254e-008	6.2903e-008	6.0461e-008	5.7487e-008	5.5261e-008	5.1952e-008	5.1324e-008	4.9782e-008	4.6577e-008	4.4826e-008	4.3204e-008	4.0523e-008	3.8582e-008	3.5653e-008	3.4138e-008	3.3049e-008	3.1043e-008	2.9663e-008	2.7158e-008	2.4907e-008	2.3234e-008	2.1379e-008	1.8591e-008	1.7189e-008	1.5684e-008	1.4605e-008	1.3674e-008	1.2692e-008	1.2506e-008	1.2304e-008	1.1841e-008	1.1993e-008	1.2252e-008	1.2457e-008	1.1392e-008	1.1075e-008	1.1074e-008	1.1321e-008	1.118e-008	1.1697e-008	1.1738e-008	1.1577e-008	1.2393e-008	1.3504e-008	1.5741e-008	1.7454e-008	1.9629e-008	2.2418e-008	2.4407e-008	2.869e-008	3.1239e-008	3.5061e-008	3.8261e-008	4.183e-008	4.409e-008	4.8356e-008	5.4261e-008	6.0713e-008	6.4724e-008	6.91e-008	7.4299e-008	7.8178e-008	8.3734e-008	8.75e-008	8.9797e-008	9.1752e-008	9.4148e-008	9.6193e-008	9.9176e-008	9.9855e-008	1.0079e-007	1.0147e-007	1.0181e-007	1.022e-007	1.0212e-007	1.0179e-007	1.0142e-007	1.0049e-007	9.8802e-008	9.8141e-008	9.7201e-008	9.6531e-008	9.4976e-008	9.3695e-008	9.1725e-008	8.8202e-008	8.7363e-008	8.6673e-008	8.5664e-008	8.3707e-008	8.3031e-008	8.2034e-008	7.9417e-008	7.8176e-008	7.6451e-008	7.4328e-008	7.2912e-008	7.0127e-008	6.9178e-008	6.7529e-008	6.5392e-008	6.3456e-008	6.1071e-008	6.0298e-008	5.6749e-008	5.3653e-008	5.27e-008	5.0121e-008	4.8604e-008	4.6743e-008	4.488e-008	4.3467e-008	4.2207e-008	3.9599e-008	3.8168e-008	3.6301e-008	3.4137e-008	3.3187e-008	3.0372e-008	2.902e-008	2.7847e-008	2.5753e-008	2.3813e-008	2.1096e-008	2.0358e-008	1.9753e-008	1.774e-008	1.7016e-008	1.5651e-008	1.4613e-008	1.404e-008	1.3809e-008	1.3571e-008	1.3545e-008	1.3622e-008	1.3519e-008	1.3449e-008	1.3751e-008	1.3704e-008	1.3614e-008	1.381e-008	1.3925e-008	1.4195e-008	1.3847e-008	1.424e-008	1.4896e-008
2.4086e-009	2.8698e-009	3.88e-009	5.7698e-009	6.9394e-009	9.2136e-009	1.0939e-008	1.3787e-008	1.6165e-008	2.0298e-008	2.397e-008	2.6354e-008	2.9478e-008	3.2602e-008	3.6388e-008	4.0734e-008	4.7066e-008	5.0712e-008	5.3957e-008	5.8323e-008	6.4e-008	6.9222e-008	7.2426e-008	7.6078e-008	7.7681e-008	8.107e-008	8.3093e-008	8.338e-008	8.4929e-008	8.5727e-008	8.7562e-008	8.8068e-008	8.8561e-008	8.857e-008	8.872e-008	8.8527e-008	8.8061e-008	8.7338e-008	8.6522e-008	8.521e-008	8.4346e-008	8.3297e-008	8.2111e-008	8.0456e-008	7.9239e-008	7.8213e-008	7.7353e-008	7.6074e-008	7.4196e-008	7.2468e-008	7.0923e-008	6.9406e-008	6.8011e-008	6.7169e-008	6.6101e-008	6.4645e-008	6.2136e-008	6.0052e-008	5.9216e-008	5.6955e-008	5.5669e-008	5.3115e-008	5.021e-008	4.7182e-008	4.5588e-008	4.424e-008	4.2891e-008	4.0711e-008	3.9205e-008	3.7776e-008	3.657e-008	3.4753e-008	3.2817e-008	3.0841e-008	2.9348e-008	2.7392e-008	2.5848e-008	2.3332e-008	2.1102e-008	1.9164e-008	1.7514e-008	1.5919e-008	1.303e-008	1.2004e-008	1.0137e-008	8.9015e-009	7.2931e-009	6.0044e-009	5.2222e-009	4.0244e-009	3.4724e-009	3.1413e-009	3.1861e-009	3.4326e-009	3.4364e-009	3.3411e-009	3.7477e-009	4.3119e-009	3.4227e-009	3.3151e-009	3.4883e-009	3.5448e-009	3.7407e-009	3.9777e-009	5.063e-009	6.3884e-009	8.3459e-009	1.0164e-008	1.2854e-008	1.497e-008	1.8594e-008	2.1826e-008	2.6188e-008	2.9102e-008	3.2238e-008	3.5555e-008	4.0934e-008	4.6057e-008	5.0401e-008	5.4563e-008	5.9154e-008	6.2572e-008	6.6965e-008	7.0628e-008	7.4169e-008	7.8056e-008	7.9661e-008	8.0863e-008	8.2444e-008	8.427e-008	8.5673e-008	8.7249e-008	8.8605e-008	8.9576e-008	9.0774e-008	9.1144e-008	8.9987e-008	8.9451e-008	8.8813e-008	8.8246e-008	8.7748e-008	8.6695e-008	8.6076e-008	8.5283e-008	8.428e-008	8.2849e-008	8.1096e-008	7.9938e-008	7.6481e-008	7.5134e-008	7.3493e-008	7.0938e-008	7.0137e-008	6.8838e-008	6.7844e-008	6.6775e-008	6.4334e-008	6.2635e-008	6.0852e-008	5.9247e-008	5.8084e-008	5.6081e-008	5.4509e-008	5.3604e-008	5.1916e-008	5.071e-008	4.9273e-008	4.8249e-008	4.5076e-008	4.374e-008	4.1958e-008	4.0333e-008	3.7838e-008	3.5939e-008	3.4736e-008	3.2748e-008	3.1753e-008	3.0222e-008	2.8182e-008	2.7058e-008	2.5464e-008	2.4288e-008	2.2398e-008	2.0257e-008	1.6707e-008	1.4627e-008	1.309e-008	1.179e-008	1.0635e-008	9.0103e-009	8.0922e-009	7.8388e-009	7.2065e-009	6.6426e-009	6.5887e-009	6.5847e-009	6.8532e-009	7.2422e-009	6.8932e-009	7.1356e-009	7.2311e-009	7.4659e-009	7.355e-009	6.9481e-009	7.6258e-009	8.2204e-009	8.3962e-009	8.9305e-009	1.0127e-008	1.1382e-008	1.3647e-008	1.5727e-008	1.9454e-008	2.3152e-008	2.866e-008	3.3555e-008	3.6971e-008	4.1702e-008	4.8032e-008	5.323e-008	5.7539e-008	6.2102e-008	6.7867e-008	7.1568e-008	7.5492e-008	7.9198e-008	8.2537e-008	8.6009e-008	8.7278e-008	8.9856e-008	9.1982e-008	9.3019e-008	9.4214e-008	9.5694e-008	9.6818e-008	9.7151e-008	9.7588e-008	9.7748e-008	9.8607e-008	9.8842e-008	9.781e-008	9.6703e-008	9.5239e-008	9.4378e-008	9.3612e-008	9.2058e-008	9.093e-008	9.0333e-008	8.9333e-008	8.7644e-008	8.5151e-008	8.3273e-008	8.0863e-008	7.9038e-008	7.7876e-008	7.7586e-008	7.7122e-008	7.3541e-008	7.0629e-008	6.9067e-008	6.784e-008	6.6422e-008	6.4576e-008	6.21e-008	5.9323e-008	5.7256e-008	5.472e-008	5.1655e-008	4.944e-008	4.7834e-008	4.6813e-008	4.4439e-008	4.2849e-008	4.1493e-008	3.9704e-008	3.8184e-008	3.559e-008	3.3952e-008	3.2408e-008	3.0926e-008	2.6989e-008	2.5909e-008	2.4931e-008	2.3091e-008	2.196e-008	2.0381e-008	1.8525e-008	1.689e-008	1.503e-008	1.3875e-008	1.1987e-008	1.1385e-008	1.0985e-008	1.0399e-008	9.7111e-009	9.7028e-009	9.8694e-009	9.7882e-009	9.9048e-009	1.0034e-008	1.0245e-008	1.068e-008	1.112e-008	1.1352e-008	1.2142e-008	1.3574e-008	1.4762e-008	1.589e-008	1.7204e-008	1.8778e-008	2.0913e-008	2.1596e-008	2.3568e-008	2.6141e-008	2.8202e-008	3.2672e-008	3.5386e-008	3.8532e-008	4.2231e-008	4.4111e-008	4.8809e-008	5.2205e-008	5.7823e-008	6.2119e-008	6.693e-008	7.1016e-008	7.565e-008	7.8648e-008	8.1614e-008	8.4621e-008	8.7064e-008	8.8559e-008	9.0541e-008	9.216e-008	9.4022e-008	9.5027e-008	9.6078e-008	9.5964e-008	9.577e-008	9.5747e-008	9.6017e-008	9.6637e-008	9.6437e-008	9.5437e-008	9.509e-008	9.3505e-008	9.2436e-008	9.0456e-008	8.8925e-008	8.7469e-008	8.6449e-008	8.5163e-008	8.5112e-008	8.5202e-008	8.3842e-008	8.2591e-008	8.0825e-008	7.8441e-008	7.695e-008	7.5587e-008	7.4222e-008	7.2547e-008	7.0653e-008	6.9815e-008	6.9152e-008	6.7497e-008	6.5173e-008	6.2544e-008	6.0188e-008	5.7483e-008	5.6242e-008	5.3554e-008	5.2373e-008	5.0694e-008	4.7743e-008	4.5069e-008	4.3686e-008	4.0328e-008	3.9526e-008	3.6682e-008	3.4555e-008	3.3822e-008	3.1144e-008	2.9748e-008	2.6682e-008	2.4584e-008	2.2984e-008	2.1054e-008	1.8672e-008	1.753e-008	1.5577e-008	1.4194e-008	1.343e-008	1.2628e-008	1.2484e-008	1.2343e-008	1.1781e-008	1.2007e-008	1.2304e-008	1.1723e-008	1.1322e-008	1.1016e-008	1.106e-008	1.1263e-008	1.0923e-008	1.1323e-008	1.154e-008	1.1511e-008	1.2176e-008	1.2782e-008	1.4564e-008	1.734e-008	1.9588e-008	2.1617e-008	2.4514e-008	2.8316e-008	3.2261e-008	3.5215e-008	3.8147e-008	4.1611e-008	4.416e-008	4.8271e-008	5.4476e-008	6.024e-008	6.5149e-008	7.0021e-008	7.4565e-008	7.7613e-008	8.2878e-008	8.5329e-008	8.9823e-008	9.2106e-008	9.4888e-008	9.7025e-008	9.9801e-008	1.0075e-007	1.0172e-007	1.0167e-007	1.0186e-007	1.0214e-007	1.0198e-007	1.02e-007	1.0148e-007	1.0055e-007	9.9534e-008	9.7314e-008	9.7347e-008	9.6938e-008	9.5682e-008	9.4894e-008	9.3993e-008	9.2219e-008	8.8795e-008	8.7523e-008	8.5683e-008	8.3966e-008	8.3328e-008	8.2111e-008	7.9239e-008	7.7775e-008	7.5386e-008	7.421e-008	7.3794e-008	7.1714e-008	6.8423e-008	6.7559e-008	6.6413e-008	6.3915e-008	6.2177e-008	6.0864e-008	5.7821e-008	5.431e-008	5.275e-008	5.0283e-008	4.925e-008	4.7304e-008	4.4614e-008	4.256e-008	4.1251e-008	3.9667e-008	3.8016e-008	3.7395e-008	3.5309e-008	3.2766e-008	3.0591e-008	2.9315e-008	2.7675e-008	2.5581e-008	2.3441e-008	2.2393e-008	2.033e-008	1.9589e-008	1.7526e-008	1.6604e-008	1.5448e-008	1.457e-008	1.4292e-008	1.3979e-008	1.3694e-008	1.3815e-008	1.382e-008	1.3569e-008	1.3482e-008	1.378e-008	1.3822e-008	1.3774e-008	1.3924e-008	1.4066e-008	1.4553e-008	1.3958e-008	1.4517e-008	1.4941e-008
2.8178e-009	3.3254e-009	4.369e-009	6.1326e-009	7.0888e-009	9.1146e-009	1.0593e-008	1.4134e-008	1.5907e-008	2.0642e-008	2.3617e-008	2.5864e-008	2.9903e-008	3.2145e-008	3.667e-008	4.1862e-008	4.6776e-008	5.0986e-008	5.3898e-008	5.9933e-008	6.5473e-008	7.0008e-008	7.2621e-008	7.6006e-008	7.8436e-008	8.0429e-008	8.3125e-008	8.3586e-008	8.4806e-008	8.5947e-008	8.7557e-008	8.8521e-008	8.9255e-008	8.9598e-008	9.0082e-008	8.9143e-008	8.8475e-008	8.8005e-008	8.7222e-008	8.5895e-008	8.4996e-008	8.3919e-008	8.2295e-008	8.0169e-008	7.9143e-008	7.8248e-008	7.7285e-008	7.5215e-008	7.4295e-008	7.2532e-008	7.0807e-008	6.9357e-008	6.856e-008	6.7473e-008	6.6538e-008	6.5486e-008	6.4015e-008	6.0977e-008	5.957e-008	5.7655e-008	5.5859e-008	5.3442e-008	5.0645e-008	4.711e-008	4.5993e-008	4.4855e-008	4.3286e-008	4.1395e-008	3.971e-008	3.8032e-008	3.6819e-008	3.5287e-008	3.3035e-008	3.1828e-008	2.8941e-008	2.7305e-008	2.5782e-008	2.4139e-008	2.1623e-008	1.961e-008	1.785e-008	1.5943e-008	1.4168e-008	1.2393e-008	1.0764e-008	9.2891e-009	7.5689e-009	6.3277e-009	5.4521e-009	4.4548e-009	3.7945e-009	3.25e-009	3.414e-009	3.8133e-009	3.6108e-009	3.4473e-009	3.681e-009	4.3609e-009	3.9274e-009	3.8047e-009	3.5861e-009	3.5885e-009	3.9488e-009	4.2033e-009	5.1971e-009	6.6409e-009	7.7043e-009	1.0272e-008	1.2529e-008	1.5111e-008	1.8372e-008	2.2422e-008	2.5588e-008	2.9922e-008	3.2127e-008	3.6054e-008	4.0484e-008	4.5039e-008	5.0088e-008	5.4198e-008	5.9039e-008	6.2146e-008	6.5871e-008	7.0132e-008	7.4485e-008	7.6689e-008	7.9181e-008	8.0914e-008	8.2897e-008	8.4321e-008	8.6468e-008	8.7423e-008	8.8261e-008	8.95e-008	9.0587e-008	9.0628e-008	8.9441e-008	8.9357e-008	8.9206e-008	8.8661e-008	8.821e-008	8.6874e-008	8.6323e-008	8.49e-008	8.3949e-008	8.2823e-008	8.1744e-008	8.0686e-008	7.6454e-008	7.5094e-008	7.2482e-008	7.1437e-008	7.043e-008	6.9662e-008	6.8008e-008	6.6266e-008	6.4741e-008	6.3294e-008	6.1707e-008	5.9795e-008	5.799e-008	5.6545e-008	5.5138e-008	5.3723e-008	5.2551e-008	5.0703e-008	4.9346e-008	4.7958e-008	4.5185e-008	4.4126e-008	4.2946e-008	4.0781e-008	3.8907e-008	3.7289e-008	3.5414e-008	3.3987e-008	3.1775e-008	3.0611e-008	2.8845e-008	2.758e-008	2.5844e-008	2.4528e-008	2.2623e-008	2.074e-008	1.7188e-008	1.5939e-008	1.3483e-008	1.2486e-008	1.0712e-008	9.5677e-009	8.3595e-009	7.8338e-009	7.4785e-009	6.8666e-009	6.8182e-009	6.5988e-009	6.924e-009	7.2464e-009	7.2978e-009	7.2022e-009	7.2e-009	7.1357e-009	7.3965e-009	7.3067e-009	7.8162e-009	8.2815e-009	8.7327e-009	9.3576e-009	1.0302e-008	1.1369e-008	1.3401e-008	1.6085e-008	1.9401e-008	2.2685e-008	2.6532e-008	3.2617e-008	3.6619e-008	4.16e-008	4.8169e-008	5.3579e-008	5.7072e-008	6.0965e-008	6.7426e-008	7.1952e-008	7.5775e-008	7.896e-008	8.319e-008	8.4386e-008	8.7014e-008	8.9212e-008	9.1586e-008	9.3417e-008	9.4669e-008	9.6096e-008	9.7286e-008	9.7473e-008	9.7971e-008	9.9516e-008	9.9634e-008	9.9357e-008	9.7447e-008	9.6799e-008	9.5439e-008	9.4337e-008	9.3039e-008	9.2084e-008	9.094e-008	9.0434e-008	8.9343e-008	8.6164e-008	8.3593e-008	8.1994e-008	8.0236e-008	7.8904e-008	7.7758e-008	7.7582e-008	7.4962e-008	7.0793e-008	7.0655e-008	6.914e-008	6.8228e-008	6.6315e-008	6.446e-008	6.2063e-008	5.8776e-008	5.7268e-008	5.4365e-008	5.1529e-008	4.9838e-008	4.8317e-008	4.6211e-008	4.5179e-008	4.3139e-008	4.148e-008	3.9909e-008	3.8074e-008	3.6433e-008	3.4402e-008	3.2435e-008	3.1216e-008	2.9155e-008	2.543e-008	2.5135e-008	2.3572e-008	2.2092e-008	2.094e-008	1.8792e-008	1.7554e-008	1.5699e-008	1.468e-008	1.3358e-008	1.1559e-008	1.1163e-008	1.0626e-008	1.0006e-008	9.7938e-009	1.0166e-008	1.003e-008	1.0012e-008	1.0155e-008	1.0387e-008	1.0748e-008	1.1299e-008	1.1777e-008	1.2753e-008	1.4116e-008	1.5226e-008	1.5981e-008	1.7364e-008	1.875e-008	2.1042e-008	2.2094e-008	2.3872e-008	2.5823e-008	2.8226e-008	3.1223e-008	3.488e-008	3.8993e-008	4.2186e-008	4.5366e-008	4.8848e-008	5.2958e-008	5.7513e-008	6.2606e-008	6.7061e-008	7.1237e-008	7.5546e-008	7.891e-008	8.217e-008	8.5395e-008	8.772e-008	8.8602e-008	9.0458e-008	9.221e-008	9.4265e-008	9.5104e-008	9.4963e-008	9.4542e-008	9.4896e-008	9.5508e-008	9.6322e-008	9.7144e-008	9.651e-008	9.5892e-008	9.5497e-008	9.4232e-008	9.2785e-008	9.0909e-008	8.9897e-008	8.8176e-008	8.6918e-008	8.6011e-008	8.5732e-008	8.5477e-008	8.4564e-008	8.2801e-008	8.1059e-008	7.8533e-008	7.7e-008	7.5774e-008	7.4857e-008	7.2697e-008	7.1112e-008	6.9731e-008	6.9463e-008	6.7764e-008	6.6187e-008	6.3214e-008	6.0482e-008	5.7918e-008	5.6764e-008	5.4843e-008	5.3412e-008	5.1358e-008	4.856e-008	4.5783e-008	4.4457e-008	4.1517e-008	4.0303e-008	3.8571e-008	3.6803e-008	3.4952e-008	3.1278e-008	3.0422e-008	2.7357e-008	2.5618e-008	2.2942e-008	2.1927e-008	1.9203e-008	1.7793e-008	1.5982e-008	1.4445e-008	1.3611e-008	1.2612e-008	1.2344e-008	1.2054e-008	1.1457e-008	1.148e-008	1.1883e-008	1.1568e-008	1.1439e-008	1.1216e-008	1.1251e-008	1.1293e-008	1.1249e-008	1.1394e-008	1.1389e-008	1.1945e-008	1.2536e-008	1.3149e-008	1.3989e-008	1.6016e-008	1.7913e-008	2.1185e-008	2.4064e-008	2.8201e-008	3.1376e-008	3.4499e-008	3.8242e-008	4.1423e-008	4.4233e-008	4.8448e-008	5.4273e-008	5.9686e-008	6.4535e-008	6.916e-008	7.302e-008	7.7018e-008	8.1164e-008	8.5947e-008	8.9784e-008	9.2606e-008	9.469e-008	9.6937e-008	9.9919e-008	1.01e-007	1.0202e-007	1.0194e-007	1.0182e-007	1.0207e-007	1.0209e-007	1.0203e-007	1.0139e-007	1.0077e-007	9.9799e-008	9.8352e-008	9.7612e-008	9.7612e-008	9.6908e-008	9.5105e-008	9.4221e-008	9.2324e-008	9.0156e-008	8.9104e-008	8.7007e-008	8.4428e-008	8.3689e-008	8.1481e-008	7.8783e-008	7.7192e-008	7.4731e-008	7.4018e-008	7.396e-008	7.1932e-008	6.9443e-008	6.7664e-008	6.6028e-008	6.4648e-008	6.2593e-008	6.0186e-008	5.7726e-008	5.5507e-008	5.3502e-008	4.9941e-008	4.8509e-008	4.7255e-008	4.5649e-008	4.2637e-008	4.1082e-008	3.9752e-008	3.809e-008	3.7571e-008	3.6047e-008	3.4373e-008	3.0007e-008	2.9276e-008	2.7713e-008	2.602e-008	2.4593e-008	2.1895e-008	2.1012e-008	1.9643e-008	1.7756e-008	1.6365e-008	1.5509e-008	1.4697e-008	1.4131e-008	1.3836e-008	1.3917e-008	1.3886e-008	1.4111e-008	1.4009e-008	1.3585e-008	1.37e-008	1.3627e-008	1.365e-008	1.3835e-008	1.4319e-008	1.4458e-008	1.4185e-008	1.4507e-008	1.4939e-008
3.0704e-009	3.4709e-009	4.0994e-009	6.1539e-009	7.3554e-009	9.0519e-009	1.1558e-008	1.3836e-008	1.6597e-008	2.0685e-008	2.4188e-008	2.6451e-008	3.0782e-008	3.2182e-008	3.7283e-008	4.3066e-008	4.8051e-008	5.14e-008	5.583e-008	5.9985e-008	6.5172e-008	6.7955e-008	7.2795e-008	7.5785e-008	7.855e-008	8.0957e-008	8.2611e-008	8.3164e-008	8.4206e-008	8.5712e-008	8.7658e-008	8.9234e-008	8.9978e-008	9.0147e-008	9.0631e-008	8.9838e-008	8.9236e-008	8.8602e-008	8.697e-008	8.607e-008	8.485e-008	8.3373e-008	8.1383e-008	8.0547e-008	8.0042e-008	7.7954e-008	7.7443e-008	7.4767e-008	7.3466e-008	7.1594e-008	7.0416e-008	6.9326e-008	6.8291e-008	6.7101e-008	6.6222e-008	6.4574e-008	6.2924e-008	6.1242e-008	5.9053e-008	5.8227e-008	5.6149e-008	5.3097e-008	4.9267e-008	4.673e-008	4.6133e-008	4.4956e-008	4.355e-008	4.179e-008	3.9861e-008	3.8985e-008	3.5782e-008	3.5079e-008	3.3011e-008	3.1789e-008	2.9489e-008	2.6776e-008	2.5299e-008	2.3578e-008	2.0697e-008	1.8356e-008	1.7677e-008	1.5834e-008	1.3247e-008	1.2204e-008	1.0768e-008	9.4449e-009	7.6708e-009	5.8792e-009	4.9784e-009	3.8304e-009	3.6171e-009	3.2423e-009	3.3707e-009	3.5941e-009	3.6515e-009	3.2891e-009	3.6481e-009	3.9692e-009	3.6311e-009	3.8752e-009	3.7138e-009	3.5783e-009	3.8202e-009	4.2242e-009	5.1849e-009	6.5052e-009	7.7597e-009	1.0435e-008	1.2359e-008	1.494e-008	1.8606e-008	2.25e-008	2.5592e-008	2.8476e-008	3.289e-008	3.5255e-008	4.0403e-008	4.4704e-008	4.9699e-008	5.4284e-008	5.8328e-008	6.2556e-008	6.5531e-008	6.9121e-008	7.4002e-008	7.6704e-008	7.9435e-008	8.0882e-008	8.2896e-008	8.4715e-008	8.7517e-008	8.8324e-008	8.8232e-008	8.9479e-008	9.0549e-008	9.0242e-008	8.9469e-008	8.9475e-008	8.905e-008	8.8653e-008	8.8157e-008	8.6854e-008	8.586e-008	8.4766e-008	8.3628e-008	8.2473e-008	8.1145e-008	7.9882e-008	7.741e-008	7.508e-008	7.3426e-008	7.1391e-008	7.0577e-008	6.9967e-008	6.7356e-008	6.5642e-008	6.5027e-008	6.3088e-008	6.1525e-008	5.885e-008	5.7797e-008	5.695e-008	5.5363e-008	5.4481e-008	5.3391e-008	5.1685e-008	4.9638e-008	4.7746e-008	4.5468e-008	4.3917e-008	4.2375e-008	4.0768e-008	3.9072e-008	3.744e-008	3.6099e-008	3.514e-008	3.3073e-008	3.1363e-008	2.9527e-008	2.782e-008	2.5709e-008	2.4302e-008	2.242e-008	2.1381e-008	1.862e-008	1.4745e-008	1.3853e-008	1.2053e-008	1.1089e-008	9.7393e-009	8.8069e-009	8.1698e-009	7.8021e-009	7.2891e-009	7.0232e-009	7.0116e-009	7.067e-009	7.1967e-009	7.1447e-009	7.0471e-009	7.1647e-009	7.0513e-009	7.3284e-009	7.3712e-009	7.6531e-009	8.2794e-009	8.9193e-009	9.3594e-009	1.0308e-008	1.177e-008	1.3001e-008	1.6079e-008	1.8942e-008	2.204e-008	2.6764e-008	3.0841e-008	3.6276e-008	4.09e-008	4.7223e-008	5.3712e-008	5.7431e-008	6.1065e-008	6.4713e-008	7.1485e-008	7.5082e-008	7.9325e-008	8.217e-008	8.4709e-008	8.6921e-008	8.8851e-008	9.144e-008	9.4035e-008	9.4964e-008	9.6076e-008	9.709e-008	9.7863e-008	9.8571e-008	1.0013e-007	1.0043e-007	9.9824e-008	9.8466e-008	9.689e-008	9.54e-008	9.4365e-008	9.31e-008	9.2388e-008	9.1365e-008	9.0545e-008	9.018e-008	8.656e-008	8.343e-008	8.1712e-008	7.9436e-008	7.8455e-008	7.7649e-008	7.6859e-008	7.6469e-008	7.2479e-008	7.0893e-008	6.9022e-008	6.8369e-008	6.6282e-008	6.3476e-008	6.0416e-008	5.9225e-008	5.7141e-008	5.4612e-008	5.2196e-008	5.0543e-008	4.9403e-008	4.6924e-008	4.4812e-008	4.3331e-008	4.1602e-008	4.033e-008	3.858e-008	3.6652e-008	3.484e-008	3.3114e-008	3.1359e-008	2.9915e-008	2.7417e-008	2.5459e-008	2.3412e-008	2.2314e-008	2.1328e-008	1.9437e-008	1.7777e-008	1.646e-008	1.5093e-008	1.3184e-008	1.2369e-008	1.1508e-008	1.0844e-008	1.0235e-008	9.5517e-009	1.0182e-008	1.0136e-008	1.003e-008	1.0281e-008	1.0334e-008	1.0628e-008	1.128e-008	1.2017e-008	1.2945e-008	1.4077e-008	1.5255e-008	1.6701e-008	1.7971e-008	1.9263e-008	2.0666e-008	2.2241e-008	2.3611e-008	2.5703e-008	2.8355e-008	3.1399e-008	3.4979e-008	3.8835e-008	4.1845e-008	4.4517e-008	4.8864e-008	5.2983e-008	5.7533e-008	6.2008e-008	6.6964e-008	7.0928e-008	7.5531e-008	7.9676e-008	8.2041e-008	8.5571e-008	8.7747e-008	8.8562e-008	9.123e-008	9.2351e-008	9.4517e-008	9.4778e-008	9.3918e-008	9.3803e-008	9.4502e-008	9.5449e-008	9.669e-008	9.7292e-008	9.6509e-008	9.6212e-008	9.5638e-008	9.4698e-008	9.2957e-008	9.11e-008	8.9881e-008	8.8005e-008	8.7585e-008	8.6747e-008	8.6351e-008	8.5198e-008	8.448e-008	8.3237e-008	8.1816e-008	7.9288e-008	7.8395e-008	7.585e-008	7.4879e-008	7.2559e-008	7.1222e-008	6.9732e-008	6.9015e-008	6.7449e-008	6.561e-008	6.2519e-008	5.9841e-008	5.8052e-008	5.6899e-008	5.4794e-008	5.3917e-008	5.1736e-008	4.8273e-008	4.6073e-008	4.4702e-008	4.2014e-008	4.1064e-008	3.8994e-008	3.7571e-008	3.5531e-008	3.3614e-008	3.0348e-008	2.8155e-008	2.5667e-008	2.3309e-008	2.2349e-008	2.0372e-008	1.8528e-008	1.5731e-008	1.4537e-008	1.3757e-008	1.3206e-008	1.2391e-008	1.1831e-008	1.1531e-008	1.1637e-008	1.1713e-008	1.1369e-008	1.1542e-008	1.1665e-008	1.1515e-008	1.1612e-008	1.1758e-008	1.1538e-008	1.184e-008	1.2376e-008	1.2609e-008	1.335e-008	1.4419e-008	1.5964e-008	1.7993e-008	2.0754e-008	2.3441e-008	2.7674e-008	3.1339e-008	3.4071e-008	3.6889e-008	4.0218e-008	4.4288e-008	4.8364e-008	5.3375e-008	5.9239e-008	6.3971e-008	6.8959e-008	7.2951e-008	7.6617e-008	8.0455e-008	8.5804e-008	8.9744e-008	9.25e-008	9.4748e-008	9.7953e-008	1.002e-007	1.0102e-007	1.0231e-007	1.0223e-007	1.0164e-007	1.0202e-007	1.0222e-007	1.0227e-007	1.014e-007	1.0076e-007	9.9958e-008	9.8672e-008	9.8308e-008	9.7939e-008	9.7335e-008	9.5453e-008	9.4893e-008	9.2919e-008	9.0263e-008	8.9254e-008	8.7587e-008	8.4669e-008	8.3994e-008	8.1747e-008	7.8732e-008	7.7111e-008	7.5154e-008	7.4125e-008	7.3637e-008	7.2212e-008	6.9642e-008	6.8403e-008	6.6438e-008	6.5283e-008	6.3393e-008	6.0777e-008	5.8225e-008	5.6488e-008	5.4062e-008	5.1118e-008	4.9316e-008	4.8133e-008	4.5066e-008	4.2109e-008	4.0893e-008	3.9536e-008	3.8383e-008	3.7759e-008	3.6721e-008	3.5276e-008	3.1186e-008	2.9826e-008	2.7956e-008	2.6278e-008	2.5382e-008	2.3212e-008	2.1643e-008	1.977e-008	1.8192e-008	1.6579e-008	1.5721e-008	1.4959e-008	1.4528e-008	1.4166e-008	1.3957e-008	1.4079e-008	1.3969e-008	1.3884e-008	1.3964e-008	1.4139e-008	1.3787e-008	1.3751e-008	1.4073e-008	1.4277e-008	1.4467e-008	1.4131e-008	1.4375e-008	1.4812e-008
3.0236e-009	3.3425e-009	4.3885e-009	6.0135e-009	7.2598e-009	9.832e-009	1.1751e-008	1.4038e-008	1.6136e-008	1.9742e-008	2.3595e-008	2.6869e-008	3.0697e-008	3.403e-008	3.909e-008	4.3234e-008	4.8414e-008	5.1271e-008	5.6383e-008	5.982e-008	6.2592e-008	6.8481e-008	7.223e-008	7.4583e-008	7.7742e-008	7.9968e-008	8.1699e-008	8.2953e-008	8.3979e-008	8.5428e-008	8.7882e-008	8.9424e-008	8.9671e-008	9.1153e-008	9.0539e-008	8.9963e-008	8.9694e-008	8.8746e-008	8.6983e-008	8.5929e-008	8.4631e-008	8.4444e-008	8.3485e-008	8.1379e-008	8.0174e-008	7.8393e-008	7.6671e-008	7.4088e-008	7.2394e-008	7.0753e-008	6.9861e-008	6.9221e-008	6.8321e-008	6.7361e-008	6.5361e-008	6.4566e-008	6.2506e-008	6.1319e-008	5.944e-008	5.8489e-008	5.6365e-008	5.2567e-008	4.9618e-008	4.8168e-008	4.6575e-008	4.5415e-008	4.3808e-008	4.2254e-008	4.0845e-008	3.9989e-008	3.6238e-008	3.4651e-008	3.2565e-008	3.1567e-008	2.9257e-008	2.6708e-008	2.541e-008	2.3668e-008	2.1715e-008	1.9351e-008	1.7326e-008	1.5389e-008	1.4013e-008	1.2294e-008	1.0393e-008	9.2203e-009	7.4306e-009	5.8896e-009	4.6397e-009	3.3555e-009	3.548e-009	3.2077e-009	3.0967e-009	3.2894e-009	3.3529e-009	3.243e-009	3.2112e-009	3.3833e-009	3.5249e-009	3.7757e-009	3.5578e-009	3.4712e-009	3.8025e-009	4.4044e-009	5.362e-009	6.2731e-009	7.3722e-009	9.5872e-009	1.1656e-008	1.5166e-008	1.8613e-008	2.1971e-008	2.6459e-008	2.828e-008	3.1933e-008	3.5456e-008	3.9249e-008	4.4044e-008	4.9499e-008	5.3263e-008	5.744e-008	6.1783e-008	6.4873e-008	6.9655e-008	7.2221e-008	7.5464e-008	7.912e-008	8.099e-008	8.2935e-008	8.4969e-008	8.7821e-008	8.8215e-008	8.8451e-008	8.9117e-008	9.0611e-008	9.0677e-008	9.0211e-008	8.9532e-008	8.8775e-008	8.8816e-008	8.8086e-008	8.6942e-008	8.6137e-008	8.4904e-008	8.3245e-008	8.2116e-008	8.0927e-008	7.9229e-008	7.7663e-008	7.5672e-008	7.388e-008	7.1615e-008	7.0831e-008	7.0363e-008	6.9322e-008	6.6599e-008	6.5528e-008	6.4355e-008	6.3127e-008	5.9327e-008	5.7815e-008	5.6917e-008	5.5707e-008	5.4256e-008	5.3702e-008	5.2524e-008	5.1029e-008	4.9038e-008	4.5731e-008	4.395e-008	4.2674e-008	4.062e-008	3.9727e-008	3.7665e-008	3.5681e-008	3.4745e-008	3.3271e-008	3.0225e-008	2.83e-008	2.789e-008	2.5585e-008	2.4343e-008	2.3008e-008	2.064e-008	1.8594e-008	1.6524e-008	1.4077e-008	1.2444e-008	1.1512e-008	1.0126e-008	8.9064e-009	8.0287e-009	7.6938e-009	7.288e-009	7.047e-009	6.8416e-009	6.9851e-009	7.1406e-009	7.1473e-009	6.6184e-009	6.3097e-009	6.6397e-009	7.1422e-009	7.474e-009	7.3985e-009	7.6353e-009	8.1977e-009	8.7645e-009	9.744e-009	1.1123e-008	1.2412e-008	1.5743e-008	1.8835e-008	2.1608e-008	2.5643e-008	2.9721e-008	3.501e-008	4.0002e-008	4.4561e-008	5.198e-008	5.638e-008	6.0045e-008	6.4289e-008	6.7524e-008	7.3679e-008	7.8227e-008	8.1241e-008	8.3929e-008	8.6522e-008	8.86e-008	9.0269e-008	9.3318e-008	9.4747e-008	9.5979e-008	9.696e-008	9.8082e-008	9.8786e-008	9.9916e-008	9.987e-008	9.9411e-008	9.7937e-008	9.6662e-008	9.5576e-008	9.4198e-008	9.3473e-008	9.2879e-008	9.2249e-008	9.0723e-008	8.8855e-008	8.5061e-008	8.2854e-008	8.1412e-008	7.9637e-008	7.8377e-008	7.7114e-008	7.5534e-008	7.2678e-008	7.209e-008	7.0855e-008	6.9165e-008	6.828e-008	6.505e-008	6.3348e-008	6.0601e-008	5.8728e-008	5.6969e-008	5.3819e-008	5.2239e-008	5.0714e-008	4.9215e-008	4.802e-008	4.4927e-008	4.3238e-008	4.1933e-008	4.051e-008	3.8292e-008	3.6822e-008	3.4796e-008	3.2319e-008	3.1577e-008	2.9691e-008	2.7612e-008	2.5655e-008	2.3293e-008	2.2143e-008	2.1025e-008	1.9549e-008	1.7829e-008	1.7067e-008	1.4877e-008	1.3743e-008	1.2252e-008	1.1438e-008	1.0764e-008	1.0213e-008	9.3203e-009	9.407e-009	9.797e-009	9.5578e-009	9.6077e-009	9.6e-009	1.0367e-008	1.075e-008	1.1727e-008	1.2397e-008	1.3524e-008	1.4765e-008	1.621e-008	1.7991e-008	1.9052e-008	2.0684e-008	2.2268e-008	2.3308e-008	2.5281e-008	2.8248e-008	3.1565e-008	3.5078e-008	3.7053e-008	3.997e-008	4.4011e-008	4.7303e-008	5.2683e-008	5.7247e-008	6.1952e-008	6.5947e-008	7.0103e-008	7.3384e-008	7.6281e-008	7.9471e-008	8.5104e-008	8.6603e-008	8.9391e-008	9.1403e-008	9.1577e-008	9.2362e-008	9.3723e-008	9.321e-008	9.275e-008	9.4043e-008	9.5508e-008	9.6483e-008	9.6583e-008	9.6049e-008	9.6232e-008	9.5599e-008	9.5203e-008	9.3552e-008	9.1958e-008	9.0403e-008	8.866e-008	8.7677e-008	8.7143e-008	8.6745e-008	8.5231e-008	8.4611e-008	8.2727e-008	8.183e-008	7.9218e-008	7.841e-008	7.5679e-008	7.424e-008	7.2017e-008	7.1079e-008	6.9321e-008	6.7362e-008	6.6375e-008	6.4642e-008	6.1392e-008	5.9328e-008	5.8048e-008	5.6071e-008	5.4249e-008	5.3577e-008	5.1482e-008	4.8935e-008	4.6594e-008	4.4708e-008	4.2292e-008	4.0115e-008	3.8492e-008	3.6561e-008	3.5148e-008	3.3034e-008	3.0432e-008	2.7646e-008	2.5593e-008	2.3612e-008	2.1607e-008	1.9484e-008	1.8035e-008	1.5761e-008	1.4457e-008	1.3642e-008	1.2878e-008	1.2058e-008	1.1626e-008	1.1027e-008	1.1289e-008	1.1254e-008	1.0945e-008	1.1281e-008	1.1421e-008	1.1444e-008	1.132e-008	1.14e-008	1.1403e-008	1.1736e-008	1.2149e-008	1.2404e-008	1.2997e-008	1.3838e-008	1.5224e-008	1.7816e-008	1.975e-008	2.3258e-008	2.762e-008	3.1091e-008	3.4422e-008	3.6866e-008	3.9756e-008	4.3839e-008	4.7392e-008	5.397e-008	5.8757e-008	6.3128e-008	6.6758e-008	7.1595e-008	7.596e-008	7.9169e-008	8.4988e-008	8.9108e-008	9.1571e-008	9.312e-008	9.7107e-008	9.9615e-008	1.0093e-007	1.0187e-007	1.0151e-007	1.01e-007	1.0172e-007	1.0193e-007	1.0175e-007	1.0116e-007	1.0009e-007	9.9415e-008	9.8483e-008	9.768e-008	9.7481e-008	9.7022e-008	9.5756e-008	9.3928e-008	9.2292e-008	8.9603e-008	8.8387e-008	8.7074e-008	8.4037e-008	8.299e-008	8.0531e-008	7.8461e-008	7.6107e-008	7.49e-008	7.4213e-008	7.2934e-008	7.1517e-008	6.9266e-008	6.7698e-008	6.5624e-008	6.3834e-008	6.2477e-008	5.9788e-008	5.7517e-008	5.6369e-008	5.4119e-008	5.1793e-008	4.949e-008	4.7117e-008	4.4735e-008	4.3026e-008	4.0811e-008	3.9472e-008	3.8308e-008	3.7407e-008	3.6023e-008	3.469e-008	3.1148e-008	2.9501e-008	2.7333e-008	2.5813e-008	2.5106e-008	2.2331e-008	2.08e-008	1.9071e-008	1.7676e-008	1.641e-008	1.5616e-008	1.4702e-008	1.4294e-008	1.3758e-008	1.3363e-008	1.3435e-008	1.3468e-008	1.375e-008	1.4155e-008	1.4511e-008	1.4128e-008	1.3688e-008	1.3794e-008	1.3791e-008	1.3857e-008	1.3858e-008	1.3625e-008	1.4213e-008
2.9406e-009	3.0709e-009	4.0743e-009	5.5404e-009	6.4372e-009	9.614e-009	1.1658e-008	1.3737e-008	1.5601e-008	1.9716e-008	2.2082e-008	2.651e-008	3.0379e-008	3.3303e-008	3.8333e-008	4.3282e-008	4.8248e-008	5.0866e-008	5.5564e-008	5.8989e-008	6.3546e-008	6.5673e-008	7.0154e-008	7.3508e-008	7.6668e-008	7.9165e-008	8.0856e-008	8.1658e-008	8.3052e-008	8.5166e-008	8.757e-008	8.9304e-008	9.0243e-008	9.1402e-008	9.1596e-008	9.0523e-008	8.985e-008	8.9257e-008	8.7374e-008	8.6242e-008	8.4718e-008	8.427e-008	8.3955e-008	8.1025e-008	7.9998e-008	7.7622e-008	7.612e-008	7.3919e-008	7.2211e-008	7.0793e-008	6.9423e-008	6.9408e-008	6.7841e-008	6.6496e-008	6.4443e-008	6.3066e-008	6.1822e-008	6.1427e-008	5.9875e-008	5.8568e-008	5.5131e-008	5.1901e-008	5.0516e-008	4.7786e-008	4.7074e-008	4.5474e-008	4.3658e-008	4.1862e-008	4.1092e-008	4.0065e-008	3.753e-008	3.4858e-008	3.3454e-008	3.132e-008	2.9305e-008	2.6861e-008	2.561e-008	2.3513e-008	2.1624e-008	1.9523e-008	1.8103e-008	1.5749e-008	1.4247e-008	1.2493e-008	1.0362e-008	9.1215e-009	6.5552e-009	5.5396e-009	4.5655e-009	3.5334e-009	3.6576e-009	3.1261e-009	2.9411e-009	3.0113e-009	3.4106e-009	3.0818e-009	2.7949e-009	2.8459e-009	3.4358e-009	3.5586e-009	3.5004e-009	3.6801e-009	4.2098e-009	4.1882e-009	5.0213e-009	5.9555e-009	6.9093e-009	8.9038e-009	1.1463e-008	1.4707e-008	1.8102e-008	2.2172e-008	2.5052e-008	2.7407e-008	3.1474e-008	3.4554e-008	4.0684e-008	4.3731e-008	4.833e-008	5.2014e-008	5.6109e-008	6.0036e-008	6.4512e-008	6.7687e-008	7.1645e-008	7.5679e-008	7.8769e-008	8.0608e-008	8.2511e-008	8.3822e-008	8.7081e-008	8.7991e-008	8.7983e-008	8.93e-008	9.0391e-008	9.0472e-008	9.0094e-008	8.8932e-008	8.8788e-008	8.8634e-008	8.8314e-008	8.6444e-008	8.6055e-008	8.5652e-008	8.5128e-008	8.3369e-008	8.0591e-008	7.8745e-008	7.7741e-008	7.6418e-008	7.4436e-008	7.1724e-008	7.0546e-008	6.9987e-008	6.8831e-008	6.6516e-008	6.555e-008	6.4304e-008	6.3474e-008	6.1308e-008	5.8478e-008	5.6907e-008	5.5839e-008	5.4394e-008	5.3732e-008	5.2168e-008	5.0759e-008	4.9385e-008	4.661e-008	4.3842e-008	4.3025e-008	4.0889e-008	3.9894e-008	3.8175e-008	3.6843e-008	3.505e-008	3.4273e-008	3.2584e-008	3.0573e-008	2.8124e-008	2.5762e-008	2.4836e-008	2.2141e-008	2.0998e-008	1.791e-008	1.6032e-008	1.4783e-008	1.3132e-008	1.1183e-008	1.0133e-008	9.2497e-009	8.3151e-009	7.7529e-009	7.107e-009	7.1989e-009	6.8311e-009	6.7499e-009	6.941e-009	7.2156e-009	6.8975e-009	6.4057e-009	6.5382e-009	6.9775e-009	7.5455e-009	7.3028e-009	7.5054e-009	8.2545e-009	8.7644e-009	9.3484e-009	1.082e-008	1.2216e-008	1.6061e-008	1.8598e-008	2.1356e-008	2.5782e-008	2.9855e-008	3.4225e-008	3.9696e-008	4.5537e-008	5.1174e-008	5.6564e-008	6.0101e-008	6.4067e-008	6.7647e-008	7.1992e-008	7.6263e-008	7.9338e-008	8.3511e-008	8.646e-008	8.8298e-008	9.009e-008	9.2829e-008	9.3802e-008	9.6035e-008	9.7872e-008	9.8424e-008	9.9675e-008	9.9591e-008	9.9382e-008	9.8552e-008	9.7779e-008	9.6208e-008	9.497e-008	9.39e-008	9.3407e-008	9.309e-008	9.2247e-008	9.0449e-008	8.9731e-008	8.4332e-008	8.294e-008	8.1275e-008	7.9908e-008	7.7641e-008	7.6629e-008	7.4547e-008	7.3321e-008	7.2606e-008	7.1662e-008	6.9369e-008	6.7417e-008	6.4335e-008	6.1364e-008	5.9836e-008	5.8863e-008	5.8127e-008	5.3789e-008	5.2187e-008	5.1175e-008	4.947e-008	4.706e-008	4.4665e-008	4.3488e-008	4.1885e-008	4.0272e-008	3.8689e-008	3.6918e-008	3.459e-008	3.2809e-008	3.122e-008	3.0078e-008	2.7717e-008	2.6656e-008	2.4608e-008	2.3342e-008	2.1851e-008	2.0332e-008	1.8375e-008	1.7057e-008	1.5368e-008	1.3838e-008	1.2361e-008	1.1327e-008	1.073e-008	1.02e-008	9.5701e-009	9.1562e-009	9.4032e-009	9.4385e-009	9.4364e-009	9.5038e-009	1.0099e-008	1.0945e-008	1.2084e-008	1.2759e-008	1.3544e-008	1.5197e-008	1.628e-008	1.7896e-008	1.8598e-008	2.0742e-008	2.1794e-008	2.3777e-008	2.5704e-008	2.8729e-008	3.1862e-008	3.5322e-008	3.7675e-008	4.0286e-008	4.3366e-008	4.7219e-008	5.1323e-008	5.6937e-008	6.2077e-008	6.7027e-008	7.0119e-008	7.3387e-008	7.7194e-008	7.9645e-008	8.3361e-008	8.6977e-008	8.9493e-008	9.1307e-008	9.1485e-008	9.1468e-008	9.2422e-008	9.2856e-008	9.3038e-008	9.3859e-008	9.531e-008	9.6132e-008	9.5537e-008	9.5666e-008	9.6386e-008	9.6183e-008	9.5607e-008	9.3551e-008	9.2566e-008	9.1176e-008	8.9576e-008	8.8168e-008	8.7525e-008	8.6666e-008	8.5068e-008	8.4066e-008	8.2974e-008	8.1927e-008	7.9461e-008	7.8523e-008	7.681e-008	7.527e-008	7.2055e-008	7.1162e-008	6.9124e-008	6.7773e-008	6.575e-008	6.2468e-008	6.1575e-008	5.9557e-008	5.7924e-008	5.6065e-008	5.4346e-008	5.3275e-008	5.1467e-008	4.8223e-008	4.6424e-008	4.5271e-008	4.3294e-008	3.9819e-008	3.8436e-008	3.665e-008	3.5144e-008	3.2378e-008	3.0638e-008	2.7527e-008	2.6095e-008	2.4212e-008	2.2179e-008	2.011e-008	1.8363e-008	1.6597e-008	1.4905e-008	1.3932e-008	1.3228e-008	1.2313e-008	1.1802e-008	1.1615e-008	1.1412e-008	1.1277e-008	1.1724e-008	1.2014e-008	1.1822e-008	1.1885e-008	1.1713e-008	1.1593e-008	1.1519e-008	1.1897e-008	1.2098e-008	1.2105e-008	1.287e-008	1.3595e-008	1.5599e-008	1.7362e-008	2.0059e-008	2.299e-008	2.6012e-008	3.0009e-008	3.3963e-008	3.6304e-008	3.9828e-008	4.2291e-008	4.8369e-008	5.3387e-008	5.8665e-008	6.2471e-008	6.6459e-008	7.1174e-008	7.5158e-008	7.8829e-008	8.3494e-008	8.8307e-008	9.1224e-008	9.3149e-008	9.6857e-008	9.8959e-008	1.0012e-007	1.0065e-007	1.0057e-007	1.0094e-007	1.0148e-007	1.0183e-007	1.0173e-007	1.007e-007	1.0036e-007	9.9179e-008	9.8247e-008	9.7847e-008	9.7361e-008	9.6942e-008	9.5527e-008	9.433e-008	9.2257e-008	8.9545e-008	8.7351e-008	8.5631e-008	8.3996e-008	8.1903e-008	8.0309e-008	7.808e-008	7.5808e-008	7.5169e-008	7.4464e-008	7.3174e-008	7.1249e-008	6.8969e-008	6.7453e-008	6.5352e-008	6.3371e-008	6.2124e-008	5.8734e-008	5.788e-008	5.5981e-008	5.422e-008	5.2575e-008	4.95e-008	4.7883e-008	4.4088e-008	4.339e-008	4.1314e-008	3.9929e-008	3.824e-008	3.7265e-008	3.5929e-008	3.3664e-008	3.1121e-008	2.9689e-008	2.792e-008	2.6262e-008	2.4604e-008	2.2558e-008	2.0105e-008	1.8758e-008	1.7028e-008	1.6239e-008	1.515e-008	1.469e-008	1.431e-008	1.4213e-008	1.3843e-008	1.3698e-008	1.3529e-008	1.3594e-008	1.4207e-008	1.4724e-008	1.4141e-008	1.3737e-008	1.3782e-008	1.3642e-008	1.3856e-008	1.3934e-008	1.3623e-008	1.4085e-008
2.7287e-009	2.9096e-009	4.1274e-009	5.6093e-009	6.8719e-009	9.7053e-009	1.0951e-008	1.3391e-008	1.5205e-008	1.8534e-008	2.2207e-008	2.5944e-008	2.9883e-008	3.3509e-008	3.8591e-008	4.2999e-008	4.8387e-008	5.1302e-008	5.4933e-008	5.8427e-008	6.2492e-008	6.5288e-008	6.9977e-008	7.28e-008	7.5907e-008	7.7979e-008	7.9795e-008	8.0863e-008	8.2899e-008	8.5002e-008	8.7544e-008	8.877e-008	8.9906e-008	9.1189e-008	9.1585e-008	9.1314e-008	9.0753e-008	8.9524e-008	8.8859e-008	8.6182e-008	8.508e-008	8.4426e-008	8.3705e-008	8.1019e-008	7.9628e-008	7.7237e-008	7.599e-008	7.3918e-008	7.2439e-008	7.124e-008	7.1224e-008	7.0115e-008	6.9265e-008	6.5238e-008	6.3368e-008	6.2985e-008	6.2254e-008	6.1173e-008	6.0078e-008	5.8017e-008	5.5034e-008	5.0812e-008	5.0247e-008	4.8739e-008	4.7238e-008	4.6189e-008	4.457e-008	4.2434e-008	4.0922e-008	3.9539e-008	3.6375e-008	3.5308e-008	3.3362e-008	3.1376e-008	2.987e-008	2.727e-008	2.5988e-008	2.3672e-008	2.132e-008	1.9874e-008	1.8101e-008	1.5462e-008	1.4561e-008	1.2203e-008	1.0079e-008	8.819e-009	7.5326e-009	6.0815e-009	4.8821e-009	4.4944e-009	3.6739e-009	3.3507e-009	2.8283e-009	3.0793e-009	3.2662e-009	3.2553e-009	3.0269e-009	3.2796e-009	3.8514e-009	3.5617e-009	3.7582e-009	3.6342e-009	4.1732e-009	4.6944e-009	5.2994e-009	5.6944e-009	6.9935e-009	8.3164e-009	1.0635e-008	1.4552e-008	1.8158e-008	2.2665e-008	2.5798e-008	2.808e-008	3.1779e-008	3.6065e-008	4.1118e-008	4.4635e-008	4.8796e-008	5.2299e-008	5.6179e-008	6.0051e-008	6.3688e-008	6.7795e-008	7.1547e-008	7.5068e-008	7.8187e-008	8.0317e-008	8.2375e-008	8.4345e-008	8.6728e-008	8.7163e-008	8.78e-008	8.8757e-008	9.0432e-008	9.0373e-008	9.0062e-008	8.9216e-008	8.9213e-008	8.8849e-008	8.7725e-008	8.663e-008	8.6264e-008	8.5752e-008	8.5185e-008	8.3581e-008	8.1567e-008	7.8925e-008	7.8127e-008	7.5827e-008	7.4712e-008	7.3974e-008	7.1258e-008	7.0027e-008	6.8196e-008	6.6897e-008	6.6021e-008	6.51e-008	6.3338e-008	5.9987e-008	5.9216e-008	5.7191e-008	5.6069e-008	5.481e-008	5.3576e-008	5.2534e-008	5.1423e-008	4.9836e-008	4.581e-008	4.3725e-008	4.2854e-008	4.0953e-008	3.9708e-008	3.842e-008	3.701e-008	3.5915e-008	3.4544e-008	3.2473e-008	3.008e-008	2.8348e-008	2.6304e-008	2.5115e-008	2.3077e-008	2.1531e-008	1.9446e-008	1.7196e-008	1.5787e-008	1.4121e-008	1.2301e-008	1.066e-008	9.4179e-009	8.4907e-009	7.7173e-009	7.3457e-009	7.1563e-009	7.0421e-009	7.0212e-009	7.232e-009	7.3834e-009	6.9439e-009	6.2992e-009	6.2989e-009	7.0372e-009	7.1995e-009	7.4411e-009	7.6693e-009	8.1597e-009	8.9223e-009	9.5686e-009	1.0704e-008	1.2716e-008	1.6251e-008	1.7694e-008	2.1102e-008	2.5525e-008	2.9618e-008	3.3096e-008	3.928e-008	4.5317e-008	5.0254e-008	5.5933e-008	5.9948e-008	6.4361e-008	6.6639e-008	7.1695e-008	7.5664e-008	8.0358e-008	8.3225e-008	8.6043e-008	8.8333e-008	9.0787e-008	9.2856e-008	9.3771e-008	9.6379e-008	9.7872e-008	9.8447e-008	9.972e-008	9.9415e-008	9.8602e-008	9.8086e-008	9.7559e-008	9.6346e-008	9.4834e-008	9.3828e-008	9.3457e-008	9.2946e-008	9.2343e-008	9.0238e-008	8.7304e-008	8.5513e-008	8.329e-008	8.1496e-008	8.0143e-008	7.8668e-008	7.7033e-008	7.513e-008	7.415e-008	7.3269e-008	7.1928e-008	6.9369e-008	6.6401e-008	6.367e-008	6.1886e-008	5.9446e-008	5.8474e-008	5.8109e-008	5.6824e-008	5.295e-008	5.2147e-008	5.0032e-008	4.7442e-008	4.5173e-008	4.3268e-008	4.2073e-008	4.0683e-008	3.9023e-008	3.6805e-008	3.3745e-008	3.276e-008	3.1653e-008	3.0666e-008	2.793e-008	2.6876e-008	2.4145e-008	2.3318e-008	2.1809e-008	2.0335e-008	1.8979e-008	1.7513e-008	1.559e-008	1.3964e-008	1.2291e-008	1.1185e-008	1.0634e-008	1.0238e-008	9.6913e-009	9.2458e-009	9.2526e-009	9.4008e-009	9.1855e-009	1.0277e-008	1.0556e-008	1.1284e-008	1.2213e-008	1.3175e-008	1.4014e-008	1.5545e-008	1.665e-008	1.7607e-008	1.8526e-008	2.0594e-008	2.2288e-008	2.3816e-008	2.5608e-008	2.8864e-008	3.1622e-008	3.5097e-008	3.7202e-008	3.9704e-008	4.2603e-008	4.6474e-008	5.0615e-008	5.6548e-008	6.2213e-008	6.7052e-008	6.954e-008	7.3751e-008	7.6336e-008	7.9933e-008	8.3026e-008	8.6284e-008	8.9528e-008	9.0963e-008	9.1e-008	9.1271e-008	9.2089e-008	9.2888e-008	9.3153e-008	9.3999e-008	9.4535e-008	9.5141e-008	9.5321e-008	9.5752e-008	9.6467e-008	9.6836e-008	9.5431e-008	9.3878e-008	9.2789e-008	9.1234e-008	9.0054e-008	8.8412e-008	8.7466e-008	8.655e-008	8.5178e-008	8.4218e-008	8.2788e-008	8.1418e-008	7.9591e-008	7.8315e-008	7.6778e-008	7.5352e-008	7.3108e-008	7.0688e-008	6.9272e-008	6.7682e-008	6.5767e-008	6.4453e-008	6.1869e-008	5.9621e-008	5.7981e-008	5.5314e-008	5.4474e-008	5.3261e-008	5.091e-008	4.9053e-008	4.6984e-008	4.5423e-008	4.329e-008	4.1491e-008	3.8411e-008	3.6917e-008	3.5595e-008	3.2245e-008	3.0033e-008	2.8718e-008	2.6158e-008	2.4431e-008	2.2619e-008	2.1134e-008	1.8637e-008	1.6746e-008	1.5255e-008	1.4265e-008	1.3101e-008	1.2428e-008	1.2134e-008	1.17e-008	1.1543e-008	1.1384e-008	1.1737e-008	1.2081e-008	1.165e-008	1.1967e-008	1.1798e-008	1.1794e-008	1.1841e-008	1.2078e-008	1.2377e-008	1.2106e-008	1.2585e-008	1.3499e-008	1.5153e-008	1.6354e-008	1.9608e-008	2.2585e-008	2.5479e-008	2.9571e-008	3.2877e-008	3.6526e-008	3.8964e-008	4.2962e-008	4.8455e-008	5.2968e-008	5.8336e-008	6.1866e-008	6.622e-008	7.0159e-008	7.3911e-008	7.841e-008	8.3182e-008	8.6714e-008	9.0832e-008	9.2318e-008	9.5258e-008	9.7411e-008	9.8764e-008	9.9581e-008	1.0002e-007	1.0056e-007	1.0125e-007	1.0191e-007	1.018e-007	1.0085e-007	1.001e-007	9.8724e-008	9.7881e-008	9.715e-008	9.7077e-008	9.6322e-008	9.5188e-008	9.347e-008	9.0365e-008	8.8444e-008	8.6047e-008	8.4588e-008	8.2793e-008	8.1371e-008	8.0319e-008	7.9233e-008	7.596e-008	7.5296e-008	7.4463e-008	7.2391e-008	7.0934e-008	6.941e-008	6.6933e-008	6.5637e-008	6.3263e-008	6.1208e-008	5.9601e-008	5.8741e-008	5.684e-008	5.4104e-008	5.307e-008	5.0957e-008	4.8808e-008	4.6276e-008	4.3201e-008	4.1598e-008	4.0296e-008	3.8665e-008	3.6391e-008	3.4725e-008	3.3646e-008	3.1986e-008	2.9748e-008	2.8209e-008	2.5424e-008	2.3821e-008	2.2184e-008	2.0299e-008	1.898e-008	1.7509e-008	1.593e-008	1.5052e-008	1.4768e-008	1.4563e-008	1.4512e-008	1.4122e-008	1.4036e-008	1.3699e-008	1.3678e-008	1.4081e-008	1.4647e-008	1.4299e-008	1.414e-008	1.3879e-008	1.3648e-008	1.3776e-008	1.3917e-008	1.4055e-008	1.4376e-008
2.7774e-009	3.0825e-009	4.1208e-009	5.3344e-009	6.9624e-009	9.3422e-009	1.0744e-008	1.3628e-008	1.5888e-008	1.787e-008	2.2483e-008	2.5856e-008	3.0813e-008	3.3626e-008	3.8865e-008	4.3704e-008	4.7402e-008	5.2018e-008	5.5293e-008	5.8977e-008	6.3566e-008	6.6514e-008	7.1208e-008	7.3483e-008	7.623e-008	7.7958e-008	7.9266e-008	8.0623e-008	8.2865e-008	8.5265e-008	8.6443e-008	8.8695e-008	8.9783e-008	9.0981e-008	9.1811e-008	9.144e-008	9.1289e-008	9.0249e-008	8.8877e-008	8.6835e-008	8.5762e-008	8.4847e-008	8.2343e-008	8.008e-008	7.8626e-008	7.7011e-008	7.6131e-008	7.4985e-008	7.2482e-008	7.2278e-008	7.1154e-008	7.0247e-008	6.8895e-008	6.6454e-008	6.3578e-008	6.3203e-008	6.2464e-008	6.1296e-008	5.9815e-008	5.7187e-008	5.5657e-008	5.3383e-008	5.1374e-008	5.0118e-008	4.8549e-008	4.5822e-008	4.3723e-008	4.2145e-008	4.0513e-008	3.8742e-008	3.7202e-008	3.5026e-008	3.3497e-008	3.1261e-008	2.9347e-008	2.7337e-008	2.5203e-008	2.3832e-008	2.1709e-008	1.9945e-008	1.8083e-008	1.6026e-008	1.4682e-008	1.1483e-008	1.0605e-008	8.896e-009	7.7289e-009	6.2101e-009	5.2111e-009	4.6779e-009	4.1473e-009	3.9484e-009	3.3621e-009	3.0752e-009	3.3011e-009	3.3188e-009	3.0612e-009	3.5408e-009	3.5132e-009	3.4178e-009	3.995e-009	3.7452e-009	4.3464e-009	4.9814e-009	5.424e-009	5.7388e-009	6.4053e-009	8.9019e-009	1.1413e-008	1.5204e-008	1.841e-008	2.2482e-008	2.5888e-008	2.8093e-008	3.1419e-008	3.7104e-008	4.1213e-008	4.4792e-008	4.8517e-008	5.2851e-008	5.6172e-008	5.9468e-008	6.4629e-008	6.7657e-008	7.144e-008	7.4728e-008	7.6105e-008	7.9336e-008	8.1423e-008	8.4096e-008	8.647e-008	8.7238e-008	8.7702e-008	8.8583e-008	8.97e-008	8.9949e-008	8.9662e-008	8.9475e-008	8.975e-008	8.9097e-008	8.7798e-008	8.7039e-008	8.6478e-008	8.5921e-008	8.5335e-008	8.3689e-008	8.0085e-008	7.9133e-008	7.8689e-008	7.7416e-008	7.6001e-008	7.4476e-008	7.2849e-008	7.0091e-008	6.8554e-008	6.7324e-008	6.6572e-008	6.5779e-008	6.4368e-008	6.0311e-008	5.9258e-008	5.6941e-008	5.619e-008	5.5246e-008	5.387e-008	5.3165e-008	5.192e-008	5.052e-008	4.6192e-008	4.4639e-008	4.301e-008	4.1318e-008	4.0198e-008	3.8965e-008	3.8018e-008	3.7123e-008	3.4985e-008	3.3132e-008	2.9611e-008	2.8495e-008	2.698e-008	2.4777e-008	2.2877e-008	2.1471e-008	1.992e-008	1.8473e-008	1.6238e-008	1.4953e-008	1.3092e-008	1.1582e-008	9.6948e-009	8.8547e-009	8.1285e-009	7.421e-009	7.3225e-009	7.1271e-009	6.7936e-009	6.8092e-009	6.7735e-009	6.8084e-009	6.5261e-009	6.4455e-009	7.0809e-009	7.3787e-009	7.7124e-009	8.0348e-009	8.4675e-009	8.9921e-009	9.592e-009	1.1005e-008	1.264e-008	1.569e-008	1.7343e-008	2.1025e-008	2.4196e-008	2.9732e-008	3.4817e-008	3.9818e-008	4.5437e-008	5.1529e-008	5.4779e-008	6.0852e-008	6.5142e-008	6.7905e-008	7.2727e-008	7.5538e-008	8.0029e-008	8.3405e-008	8.5824e-008	8.8854e-008	9.071e-008	9.2117e-008	9.4148e-008	9.6212e-008	9.8224e-008	9.8696e-008	9.9528e-008	9.9515e-008	9.8768e-008	9.8383e-008	9.7721e-008	9.5478e-008	9.453e-008	9.3597e-008	9.2843e-008	9.2573e-008	9.0267e-008	8.8888e-008	8.7394e-008	8.6163e-008	8.4014e-008	8.215e-008	8.0375e-008	7.9225e-008	7.8521e-008	7.64e-008	7.4846e-008	7.3468e-008	7.2222e-008	6.8312e-008	6.6701e-008	6.4122e-008	6.2683e-008	6.025e-008	5.8833e-008	5.8229e-008	5.6476e-008	5.3824e-008	5.2441e-008	5.0991e-008	4.9109e-008	4.5741e-008	4.429e-008	4.21e-008	4.0985e-008	3.8905e-008	3.7312e-008	3.4912e-008	3.3742e-008	3.2472e-008	3.1087e-008	2.8725e-008	2.686e-008	2.5001e-008	2.3652e-008	2.2339e-008	2.0846e-008	1.906e-008	1.7481e-008	1.5628e-008	1.4002e-008	1.2459e-008	1.1374e-008	1.0743e-008	1.0337e-008	1.0194e-008	9.6086e-009	9.2411e-009	9.3276e-009	9.5576e-009	1.079e-008	1.1002e-008	1.0944e-008	1.2232e-008	1.3353e-008	1.415e-008	1.5294e-008	1.6172e-008	1.7202e-008	1.8846e-008	2.0638e-008	2.2478e-008	2.3848e-008	2.6058e-008	2.8424e-008	3.1244e-008	3.4824e-008	3.7018e-008	3.9206e-008	4.2548e-008	4.6748e-008	5.1014e-008	5.5293e-008	6.322e-008	6.7243e-008	7.0598e-008	7.3768e-008	7.6249e-008	7.9599e-008	8.2766e-008	8.5878e-008	8.94e-008	8.9932e-008	9.066e-008	9.1301e-008	9.2209e-008	9.347e-008	9.3669e-008	9.4157e-008	9.4635e-008	9.5192e-008	9.5456e-008	9.5831e-008	9.6588e-008	9.7238e-008	9.6434e-008	9.4874e-008	9.3613e-008	9.2488e-008	9.1404e-008	8.9901e-008	8.8974e-008	8.6878e-008	8.5238e-008	8.4316e-008	8.3049e-008	8.1133e-008	7.9394e-008	7.8225e-008	7.6557e-008	7.5047e-008	7.3159e-008	7.1962e-008	7.0624e-008	6.7258e-008	6.6469e-008	6.4009e-008	6.2066e-008	5.9756e-008	5.824e-008	5.668e-008	5.4846e-008	5.3404e-008	5.1112e-008	4.9426e-008	4.722e-008	4.5269e-008	4.4328e-008	4.1892e-008	3.8399e-008	3.7174e-008	3.5703e-008	3.2887e-008	3.0418e-008	2.8904e-008	2.6641e-008	2.5405e-008	2.3415e-008	2.0939e-008	1.986e-008	1.5828e-008	1.5949e-008	1.4692e-008	1.3547e-008	1.3163e-008	1.2905e-008	1.202e-008	1.1602e-008	1.16e-008	1.1731e-008	1.1961e-008	1.1881e-008	1.2045e-008	1.1935e-008	1.1865e-008	1.2102e-008	1.2468e-008	1.2277e-008	1.1817e-008	1.3123e-008	1.3973e-008	1.5199e-008	1.7538e-008	1.9642e-008	2.3135e-008	2.5874e-008	2.9089e-008	3.1561e-008	3.5337e-008	3.8595e-008	4.2274e-008	4.8091e-008	5.2144e-008	5.6389e-008	6.2798e-008	6.6742e-008	7.0241e-008	7.4828e-008	7.8106e-008	8.2132e-008	8.6632e-008	8.993e-008	9.2262e-008	9.3974e-008	9.6498e-008	9.7639e-008	9.8829e-008	9.9705e-008	1.0038e-007	1.0153e-007	1.0219e-007	1.0152e-007	1.0097e-007	1.0045e-007	9.8883e-008	9.7448e-008	9.6463e-008	9.6602e-008	9.6231e-008	9.4815e-008	9.3477e-008	8.9789e-008	8.8309e-008	8.559e-008	8.4401e-008	8.2808e-008	8.1561e-008	8.0611e-008	7.9716e-008	7.7012e-008	7.5085e-008	7.4372e-008	7.2995e-008	7.1227e-008	6.8992e-008	6.7189e-008	6.6116e-008	6.32e-008	6.1615e-008	5.9631e-008	5.8997e-008	5.5885e-008	5.431e-008	5.2744e-008	5.1093e-008	4.846e-008	4.6547e-008	4.4438e-008	4.1932e-008	4.0313e-008	3.8845e-008	3.6771e-008	3.4775e-008	3.3822e-008	3.163e-008	2.9517e-008	2.812e-008	2.5765e-008	2.3641e-008	2.2245e-008	2.0602e-008	1.8892e-008	1.6411e-008	1.5826e-008	1.5127e-008	1.4996e-008	1.4636e-008	1.4652e-008	1.4643e-008	1.4121e-008	1.3952e-008	1.3989e-008	1.421e-008	1.4884e-008	1.4314e-008	1.4296e-008	1.4206e-008	1.3849e-008	1.4047e-008	1.4611e-008	1.4525e-008	1.4673e-008
